src_text,tgt_text,pred_tgt_text,post_edited_tgt_txt,src_lang,tgt_lang,src_lang_name,tgt_lang_name,spbleu_improvement,chrf3_improvement,chrfpp_improvement
"in the beginning, god created the heavens and the earth.","uru-uru tèka, ama lamatua paj'aj'i dedha-liru dènge rai-haha.","Uru-uru sèra, Ama Lamatua pajꞌajꞌi dedha-liru dènge rai-haha.","Uru-uru sèra, Ama Lamatua pajꞌajꞌi dedha-liru dènge rai-haha.",eng,nfa,English,Dhao,0.0,0.0,0.0
the earth was formless and empty. darkness was on the surface of the deep and god's spirit was hovering over the surface of the waters.,"lod'o rai-haha j'aj'i mèka, aa'i-aa'i dhae mèci mèka. dhu abhu, èi. aa maroga aatu-aatu saguru nare ne. ka roh lamatua lela ètu dedha èi èèna.",Dhèu aaꞌi-aaꞌi ètu rai-haha ne dènge boe mèdha-panyau. Ètu rai-haha ne ètu dꞌara maroga. Aa Roh Ama Lamatua ètu dedha-liru.,Rai-haha ne dènge boe mèdha-panyau. Maroga ètu dedha d'ara marèma. Aa Roh Ama Lamatua ètu dedha èi.,eng,nfa,English,Dhao,0.8047,-2.3877,-0.0146
"god said, let there be light, and there was light.","hèia ama lamatua peka, hud'i ku dènge saraa. ropa peka nare sèmi ne'e, ka saraa j'aj'i dènge ka.","Èle èèna ka, Ama Lamatua peka, aku Nèngu na, ""Hudꞌi laa."" Hèia Lamatua peka, ""Hudꞌi laa!""","Èle èèna ka, Ama Lamatua peka, aku Nèngu na, ""Hud'i laa."" Hèia saraa abhu.",eng,nfa,English,Dhao,1.3342,1.5885,2.2769
"god saw the light, and saw that it was good. god divided the light from the darkness.","ropa nèdhi saraa ne, d'ara na karej'e, lula ngaa dhu na ad'u, mema be'a. hèia na hag'e eele saraa nèti maroga, sèna ka èci-èci ka dènge taa na.","Èle èèna ka, Ama Lamatua padhai lii dènge dhèu aaꞌi-aaꞌi sèra. Hèia Ama Lamatua padꞌelo jꞌara èci dènge dhèu aaꞌi-aaꞌi, sèna ka jꞌajꞌi dhèu aaꞌi-aaꞌi ètu dꞌara maroga, sèna ka jꞌajꞌi dhèu aaꞌi-aaꞌi ètu dꞌara maroga. Èle èèna ka, Ama Lamatua padꞌelo jꞌara èci dènge dhèu aaꞌi-aaꞌi, sèna ka jꞌajꞌi dhèu aaꞌi-aaꞌi, sèna ka jꞌajꞌi dhèu aaꞌi-aaꞌi, sèna ka jꞌajꞌi dhèu aaꞌi-aaꞌi ètu dꞌara maroga.","Ama Lamatua rèdhi saraa, dènge rèdhi na be'a. Ama Lamatua patao-palaha saraa nèti maroga.",eng,nfa,English,Dhao,9.8874,1.9943,6.254
"god called the light day, and the darkness he called night. there was evening and there was morning, the first day.","ka pangare saraa ne ‘mèu', aa maroga na ‘mèda'. ne'e ne, lod'o ka èci kèna.","Èle èèna ka, Ama Lamatua pajꞌujꞌu aaꞌi-aaꞌi ra, sèna ka ra jꞌajꞌi mèu-mèu. Hèia Ama Lamatua pajꞌajꞌi mèu-mèu, aa jꞌajꞌi mèu-mèu. Aa jꞌajꞌi mèu-mèu. Nèti èèna ka, nèngu jꞌajꞌi mèu-mèu. Nèngu jꞌajꞌi mèu-mèu. Nèngu jꞌajꞌi mèu-mèu. Nèngu jꞌajꞌi mèu-mèu. Nèngu jꞌajꞌi mèu-mèu. Nèngu jꞌajꞌi mèu-mèu.","Ama Lamatua pangare labhu ne, lod'o. Aa maroga ne, na pangare mèda. Abhu lod'o cèna, aa abhu mad'ae aae, nuka lod'o partama.",eng,nfa,English,Dhao,9.8465,24.4649,23.2341
"god said, let there be an expanse in the middle of the waters, and let it divide the waters from the waters. god made the expanse, and divided the waters which were under the expanse from the waters which were above the expanse; and it was so.","hèia ama lamatua lii hari, na peka, hud'i dènge ku era talele, sèna ka hag'e eele èi. nèti èèna ka, èi re dedha, aa abhu kahèi èi re haha. ropa peka nare sèmi èèna, hèia èi b'agi dènge mi dua.","Èle èèna ka, Ama Lamatua peka dènge dhèu aae, aku Nèngu na, ""Sèmi neꞌe! Ladhe abhu ledhe èci ètu dedha-liru, sèna ka paꞌèci èci dènge èci."" Hèia Ama Lamatua pajꞌajꞌi ledhe èci, ka paꞌèci èci dènge leledhe èci, èci dènge leledhe èci. Hèia jꞌajꞌi sèmi èèna kahèi.","Ama Lamatua peka, aku Nèngu na, ""Pe abhu ledhe èci ètu talora aae èi, sèna ka na paꞌèci èi nèti èi."" Hèia Ama Lamatua pajꞌajꞌi ledhe èci, ka na paꞌèci èi dhu ètu haha ledhe nèti èi dhu ètu dedha ledhe; hèia jꞌajꞌi sèmi èèna kahèi.",eng,nfa,English,Dhao,0.8852,-0.7149,0.2676
"god called the expanse sky. there was evening and there was morning, a second day.","ka na pangare èi re dedha na, ‘liru'. ne'e ne, lod'o ka dua kèna.","Èle èèna ka, bèli-camèdꞌa lèpa hari, aa bèli-camèdꞌa bèli-camèdꞌa, jꞌajꞌi hari ka dua.","Ama Lamatua paroa liru. Abhu lod'o cèna, aa abhu lod'o rea, j'aj'i lod'o ka dua.",eng,nfa,English,Dhao,9.4031,12.0243,10.1703
"god said, let the waters under the sky be gathered together to one place, and let the dry land appear; and it was so.","hèia ama lamatua peka hari, aku nèngu na, èi re haha hud'i pakaboko ku mi ca era, sèna ka abhu rai kamango. ropa padhai lii nare sèmi ne'e, j'aj'i dènge ka rai mango.","Èle èèna ka, Ama Lamatua peka dènge Ama Lamatua, aku Nèngu na, ""Dhèu aaꞌi-aaꞌi dhu ètu dedha-liru jꞌajꞌi ètu era èci, sèna ka jꞌajꞌi rai-haha."" Hèia jꞌajꞌi sèmi èèna.","Ama Lamatua peka, ""Pe èi dhu ètu haha liru pakaboko ètu era èci, aa pe rai mango cèu."" Hèia j'aj'i sèmi èèna.",eng,nfa,English,Dhao,3.1373,-1.9198,-2.0569
"god called the dry land earth, and the gathering together of the waters he called seas. god saw that it was good.","ka era rai mango, na pangare na ‘rai-dedha'; aa era èi dhu kaboko èèna, na pangare na ‘dhasi'. ropa nèdhi aa'i-aa'i ne, d'ara na karej'e, lula ngaa dhu na ad'u, mema be'a.","Èle èèna ka, Ama Lamatua hagꞌe nare le rai-haha ne, ho jꞌajꞌi dhèu aaꞌi-aaꞌi. Nèti èèna ka, Ama Lamatua hagꞌe nare le rai-haha ne, ho jꞌajꞌi dhèu aaꞌi-aaꞌi. Nèti èèna ka, Ama Lamatua ladhe-leru aaꞌi le rai-haha ne, ho jꞌajꞌi dhèu aaꞌi-aaꞌi. Nèti èèna ka, Ama Lamatua ladhe-leru aaꞌi le rai-haha ne, ho jꞌajꞌi dhèu aaꞌi-aaꞌi.","Ama Lamatua hag'e nare rai mango ne, rai-haha. Aa pakaboko naha ne, na hag'e nare dhasi. Ama Lamatua ladhe na be'a.",eng,nfa,English,Dhao,3.2714,2.9373,5.7674
"god said, let the earth yield grass, herbs yielding seeds, and fruit trees bearing fruit after their kind, with their seeds in it, on the earth; and it was so.","ka ama lamatua lii hari, peka na, rai hud'i pamamuri ku rupa-rupa ana aaj'u. sèna ka abhu aj'u dhu hua, dhu dènge lamusi, aa dhu dènge rèu mangèru. sèna ka aj'u-aj'u se, hua-hela madhutu rupa rèngu. ropa padhai lii nare sèmi ne'e, j'aj'i dènge ka ana aaj'u aa'i-aa'i ra.","Èle èèna ka, Ama Lamatua peka dènge dhèu aaꞌi-aaꞌi sèra, aku Nèngu na, ""Dhèu aaꞌi-aaꞌi ètu rai-haha ne, hia jꞌuꞌu-jꞌuꞌu ètu rai-haha ne. Aa ajꞌu aaꞌi-aaꞌi ètu rai-haha ne, hia hua-hela ètu rai-haha ne. Aa ajꞌu aaꞌi-aaꞌi ètu rai-haha ne, hia hua-hela ètu rai-haha ne, nuka sèmi èèna."" Hèia jꞌajꞌi sèmi èèna, hèia Ama Lamatua peka dènge dhèu aaꞌi-aaꞌi sèra, peka na, ""Dhèu aaꞌi-aaꞌi ètu rai-haha ne, hia jꞌuꞌu-jꞌuꞌu-jꞌu-jꞌu-jꞌu-jꞌu-jꞌu-jꞌu-jꞌu-jꞌu-jꞌu-jꞌu-jꞌu-jꞌu-jꞌu-jꞌu-jꞌu-jꞌu-jꞌu-jꞌu-jꞌu-jꞌu-jꞌu-jꞌu-jꞌu-jꞌu-jꞌu-jꞌu-jꞌu-jꞌu-jꞌu-jꞌu-jꞌu-jꞌu-jꞌu-jꞌu-jꞌu-jꞌu-jꞌu-jꞌu-jꞌu-jꞌu-jꞌu-jꞌu-jꞌu-jꞌu-jꞌu-jꞌu-jꞌu-jꞌu-jꞌu-jꞌ","Ama Lamatua peka na, ""Pe rai-haha ne hia j'u'u dhu hia hini, aa aj'u dhu hua-hela madhutu rupa ra, dènge hini ra ètu d'ara na, ètu rai-haha ne."" Hèia j'aj'i sèmi èèna.",eng,nfa,English,Dhao,11.8093,3.832,7.7045
"the earth yielded grass, herbs yielding seed after their kind, and trees bearing fruit, with their seeds in it, after their kind; and god saw that it was good.","ètu dedha-rai, ana aaj'u se hua-hela ka madhutu rupa rèngu. ropa nèdhi aa'i-aa'i se, d'ara na karej'e, lula ngaa dhu na ad'u, mema be'a.","Èle èèna ka, dhèu aaꞌi-aaꞌi ètu rai-haha ne, rèngu aaꞌi-aaꞌi ètu rai-haha ne. Rèngu aaꞌi-aaꞌi ètu rai-haha ne, rèngu aaꞌi-aaꞌi ra. Rèngu aaꞌi-aaꞌi ra, rèngu aaꞌi-aaꞌi ra. Rèngu aaꞌi-aaꞌi ra, rèngu aaꞌi-aaꞌi ra. Èle èèna ka, Ama Lamatua ladhe-leru aaꞌi-aaꞌi ra.","Rai-haha hua j'u'u, dènge lamusi dhu hua hini madhutu j'ara na, aa aj'u dhu hua-hela dènge hini na ètu d'ara na, madhutu j'ara na. Aa Ama Lamatua ladhe-leru na be'a.",eng,nfa,English,Dhao,11.2647,14.8043,14.6223
"there was evening and there was morning, a third day.","ne'e ne, lod'o ka tèlu kèna.","Èle èèna ka, bèli-camèdꞌa madꞌae, aa bèli-camèdꞌa hari.","lod'o cèna aa mad'ae, nuka camèd'a èèna.",eng,nfa,English,Dhao,8.0543,14.0261,10.6266
"god said, let there be lights in the expanse of the sky to divide the day from the night; and let them be for signs to mark seasons, days, and years; and let them be for lights in the expanse of the sky to give light on the earth; and it was so.","hèia ama lamatua lii hari, aku nèngu na, re bèka dedha, hud'i abhu ku mèdha dhu saraa, ho pasaraa rai-haha ne. hud'i abhu mèdha dhu pasaraa re mèu, aa abhu kahèi dhu pasaraa re mèda. rèngu aa'i-aa'i se, j'aj'i tadha, ho sèna ka bisa ige lod'o, hèru, dènge tèu. ropa padhai lii nare sèmi ne'e, mèdha dhu heo aa'i-aa'i ra j'aj'i dènge ka.","Èle èèna ka, Ama Lamatua peka hari, aku Nèngu na, ""Beꞌa risi ètu dedha-liru, sèna ka jꞌajꞌi mèdha-panyau, sèna ka paꞌèci lodꞌo dènge lodꞌo. Beꞌa risi ètu dedha-liru, sèna ka jꞌajꞌi mèdha-panyau, sèna ka jꞌajꞌi mèdha-panyau, sèna ka jꞌajꞌi mèdha-panyau, sèna ka jꞌajꞌi mèdha-panyau, sèna ka jꞌajꞌi mèdha-panyau ètu dedha-liru, sèna ka jꞌajꞌi mèdha-panyau ètu rai-haha."" Ka sèmi èèna kahèi.","Èle èèna ka, Ama Lamatua peka na, ""Be'a mèdha-panyau risi ètu dedha-liru, sèna ka pa'èci lod'o dènge mèdhi; aa sèna ka j'aj'i tadha ho patadhe hèru, lod'o, dènge tèu; aa sèna ka j'aj'i mèdha-panyau ètu dedha-liru ho pasaraa ètu rai-haha."" Ka sèmi èèna kahèi.",eng,nfa,English,Dhao,13.5361,4.5048,5.7445
"god made the two great lights: the greater light to rule the day, and the lesser light to rule the night. he also made the stars.","ka na tao ka mèdha kapai dua dhu pasaraa rai-haha. dhu kapai risi, pasaraa re mèu; aa dhu ako ana iiki, pasaraa re mèda. aa na tao hua-hètu kahèi.","Èle èèna ka, Ama Lamatua pajꞌajꞌi sordadꞌu sèra. Na pajꞌajꞌi sordadꞌu sèra, sèna ka jꞌajꞌi sordadꞌu. Aa Na pajꞌajꞌi sordadꞌu sèra, sèna ka jꞌajꞌi sordadꞌu sèra, sèna ka jꞌajꞌi sordadꞌu. Aa Na pajꞌajꞌi sordadꞌu sèra, sèna ka jꞌajꞌi sordadꞌu sèra. Aa Na pajꞌajꞌi sordadꞌu sèra, sèna ka jꞌajꞌi sordadꞌu sèra.","Ama Lamatua paj'aj'i labhu aae dua ne: madha lod'o dhu kapai risi ho paredha lod'o, aa hèru dhu haha d'ai seli ho paredha mèda. Na paj'aj'i kahèi hua-hètu sèra.",eng,nfa,English,Dhao,10.2291,15.3454,15.7191
"god set them in the expanse of the sky to give light to the earth,","na tèke mèdha dhu saraa sèra ètu dedha-liru, sèna ka loti mai asa rai-haha.","Ama Lamatua pajꞌajꞌi mèdha-panyau ètu dedha-liru, sèna ka jꞌajꞌi mèdha-panyau ètu rai-haha.","Ama Lamatua pajꞌajꞌi mèdha-panyau ètu dedha-liru, sèna ka pasaraa rai-haha.",eng,nfa,English,Dhao,10.6501,5.0745,4.7978
"and to rule over the day and over the night, and to divide the light from the darkness. god saw that it was good.","ka mèdha se, pasaraa ka re mèu, aa pasaraa re mèda. dènge j'ara ne'e, na hag'e eele saraa nèti maroga. ropa nèdhi aa'i-aa'i se, d'ara na karej'e, lula ngaa dhu na ad'u, mema be'a.","sèna ka paredha lodꞌo dènge mèda, sèna ka paꞌèci mèdha-panyau nèti dꞌara maroga. Èle èèna ka, Ama Lamatua ladhe sèmi èèna.","sèna ka paredha lodꞌo dènge mèda, sèna ka paꞌèci mèdha-panyau nèti dꞌara maroga. Èle èèna ka, Ama Lamatua ladhe na be'a.",eng,nfa,English,Dhao,2.8298,1.7087,2.3101
"there was evening and there was morning, a fourth day.","ne'e ne, lod'o ka èpa kèna.","Èle èèna ka, lodꞌo ka èpa hari.","Abhu lod'o cèna, aa abhu mad'ae aae, nuka lod'o ka èpa.",eng,nfa,English,Dhao,-0.3799,11.9271,8.252
"god said, let the waters abound with living creatures, and let birds fly above the earth in the open expanse of the sky.","hèia ama lamatua padhai lii hari, peka na, hud'i abhu ku ae-ae dhu mamuri ètu d'ara èi. dènge hud'i abhu ku rupa-rupa manu-bhui dhu lela ètu dedha rai-haha ne.","Èle èèna ka, Ama Lamatua peka dènge dhèu aaꞌi-aaꞌi, aku Nèngu na, ""Beꞌa risi ètu dꞌara èi, abhu badha aaꞌi-aaꞌi dhu mamuri. Aa abhu manu-bhui dhu pakèdꞌi ètu dedha-liru ètu dedha-liru.""","Èle èèna ka, Ama Lamatua peka, aku Nèngu na, ""Beꞌa risi ètu dꞌara èi, abhu badha aaꞌi-aaꞌi dhu mamuri. Aa abhu manu-bhui dhu pakèdꞌi ètu dedha-liru.""",eng,nfa,English,Dhao,2.9837,-2.7611,-1.5495
"god created the large sea creatures and every living creature that moves, with which the waters swarmed, after their kind, and every winged bird after its kind. god saw that it was good.","ka na tao ka i'a aa'i-aa'i dènge badha kapai dhu mamuri ètu d'ara èi. na paj'aj'i kahèi manu-bhui aa'i-aa'i. ropa nèdhi aa'i-aa'i se, d'ara na karej'e, lula ngaa dhu na ad'u, mema be'a.","Èle èèna ka, Ama Lamatua pajꞌajꞌi badha aaꞌi-aaꞌi ètu dedha-liru, dènge badha aaꞌi-aaꞌi ètu dedha-liru, dènge badha aaꞌi-aaꞌi ètu dedha-liru, dènge badha aaꞌi-aaꞌi ètu dedha-liru, dènge badha aaꞌi-aaꞌi ètu dedha-liru, dènge badha aaꞌi-aaꞌi ètu dedha-liru, dènge badha aaꞌi-aaꞌi ètu dedha-liru, dènge badha aaꞌi-aaꞌi ètu dedha-liru. Èle èèna ka, Ama Lamatua ladhe-leru.","Èle èèna ka, Ama Lamatua paj'aj'i badha aae ètu d'ara dhasi, dènge badha mamuri aa'i-aa'i dhu pènu ètu d'ara èi, madhutu j'aj'èra ra, dènge manu-bhui dhu dènge èla aa'i-aa'i madhutu j'aj'èra na. Ama Lamatua ladhe, na, be'a.",eng,nfa,English,Dhao,27.1163,22.5065,22.5871
"god blessed them, saying, be fruitful, and multiply, and fill the waters in the seas, and let birds multiply on the earth.","ka na padhai lii ho sèna ka hia berkat mi aa'i-aa'i dhu mamuri, peka na, i'a se, hud'i laa bèba-kacanga sèna ka papènu èi ètu mia-mia. aa manu-bhui, asa tabha kahèi.","Èle èèna ka, Ama Lamatua hia lii manèngi-mangajꞌi sèra. Ka Ama Lamatua peka dènge si, aku Nèngu na, ""Bèli-camèdꞌa miu jꞌajꞌi dhèu ae-ae, sèna ka jꞌajꞌi dhèu ae-ae ètu dꞌara dhasi. Aa manu-bhui jꞌajꞌi dhèu ae-ae ètu rai-haha.""","Èle èèna ka, Ama Lamatua hia lii manèngi-mangajꞌi mi badha-badha sèra. Ka Ama Lamatua peka dènge si, na, ""Bèli-camèdꞌa miu jꞌajꞌi ae-ae, aa jꞌajꞌi ae-ae ètu dꞌara dhasi. Aa manu-bhui jꞌajꞌi ae-ae ètu rai-haha.""",eng,nfa,English,Dhao,-0.5844,-1.114,-0.8715
"there was evening and there was morning, a fifth day.","ne'e ne, lod'o ka lèmi kèna.","Èle èèna ka, bèli-camèdꞌa madꞌae, aa bèli-camèdꞌa hari.","lod'o cèna, aa lod'o mad'ae, lod'o ka lèmi.",eng,nfa,English,Dhao,28.4062,40.2237,36.6023
"god said, let the earth produce living creatures after their kind, livestock, creeping things, and animals of the earth after their kind; and it was so. god made the animals of the earth after their kind, and the livestock after their kind, and everything that creeps on the ground after its kind. god saw that it was good.","ka ama lamatua peka hari, na, hud'i abhu ku rupa-rupa badha dhu mamuri ètu rai-dedha. sèmi: badha-manu dhu ani, badha hui, dènge badha dhu rod'o, èci-èci ka dènge rupa na. ropa padhai lii nare sèmi ne'e, badha aa'i-aa'i ra j'aj'i dènge ka. ropa nèdhi aa'i-aa'i se, d'ara na karej'e, lula ngaa dhu na ad'u, mema be'a.","Èle èèna ka, Ama Lamatua peka dènge dhèu aaꞌi-aaꞌi sèra, aku Nèngu na, ""Dhèu aaꞌi-aaꞌi sèra tao badha aaꞌi-aaꞌi, badha aaꞌi-aaꞌi, badha aaꞌi-aaꞌi, badha aaꞌi-aaꞌi, badha aaꞌi-aaꞌi, badha aaꞌi-aaꞌi, badha aaꞌi-aaꞌi, badha aaꞌi-aaꞌi, badha aaꞌi-aaꞌi, badha aaꞌi-aaꞌi, badha aaꞌi-aaꞌi, badha aaꞌi-aaꞌi, badha aaꞌi-aaꞌi, badha aaꞌi-aaꞌi, badha aaꞌi-aaꞌi, badha aaꞌi-aaꞌi, badha aaꞌi-aaꞌi, badha aaꞌi-aaꞌi, badha aaꞌi-aaꞌi, badha aaꞌi-aaꞌi, badha aaꞌi-aaꞌi, badha aaꞌi-aaꞌi, badha aaꞌi-aaꞌi, badha aaꞌi-aaꞌi, badha aaꞌi-aaꞌi, badha aaꞌi-aaꞌi-aaꞌi. Hèia Ama Lamatua ladhe kèdhi mèu.","Ama Lamatua peka, ""Pe rai-haha paj'aj'i badha mamuri madhutu j'ara rèngu, badha-manu, badha rod'o-kakara, dènge badha rai-haha madhutu j'ara rèngu."" Hèia j'aj'i sèmi èèna. Ama Lamatua tao badha rai-haha madhutu j'ara rèngu, dènge badha-manu madhutu j'ara rèngu, dènge aa'i-aa'i dhu rod'o ètu rai madhutu j'ara na. Ama Lamatua ladhe na be'a.",eng,nfa,English,Dhao,18.7128,16.6844,16.2067
"god said, let's make man in our image, after our likeness. let them have dominion over the fish of the sea, and over the birds of the sky, and over the livestock, and over all the earth, and over every creeping thing that creeps on the earth.","ka ama lamatua peka hari, aku nèngu na, hua iia, mai ta paj'aj'i dhèu, madhutu rupa èdhi. hud'i laa ra leru dènge ator i'a aa'i-aa'i ètu d'ara dhasi, manu-bhui aa'i-aa'i ètu dedha-liru, badha-manu dhu ani, dènge badha leo aa'i-aa'i ra dhu mamuri ètu rai-haha ne.","Èle èèna ka, Ama Lamatua peka dènge dhèu aaꞌi-aaꞌi ra, aku Nèngu na, ""Mai! Èdhi tao dhèu èci dènge èdhi, nuka sèmi èdhi. Rèngu hudꞌi paredha iꞌa-iꞌa ètu dꞌara dhasi, manu-bhui ètu dedha-liru, badha, dènge badha aaꞌi-aaꞌi, dènge badha aaꞌi-aaꞌi, dènge badha aaꞌi-aaꞌi, aa dènge badha aaꞌi-aaꞌi, aa dènge badha aaꞌi-aaꞌi, aa dènge badha aaꞌi-aaꞌi, aa dènge badha aaꞌi-aaꞌi, aa dènge badha aaꞌi-aaꞌi, aa dènge badha aaꞌi-aaꞌi, aa dènge badha aaꞌi-aaꞌi, aa dènge badha aaꞌi-aaꞌi aaꞌi-aaꞌi.""","Èle èèna ka, Ama Lamatua peka na, ""Mai! Èdhi tao dhèu èci dènge rupa èdhi, sèmi rupa èdhi. Rèngu hudꞌi paredha iꞌa-iꞌa ètu dꞌara dhasi, manu-bhui ètu dedha-liru, badha, rai-haha aaꞌi-aaꞌi, aa dènge badha dhu rod'o-kakara dhu rod'o ètu rai-haha.""",eng,nfa,English,Dhao,15.7569,5.7574,8.2571
god created man in his own image. in god's image he created him; male and female he created them.,"hèia na paj'aj'i dhèu rai-haha ne madhutu rupa na. na paj'aj'i si, dhèu mone dènge dhèu bhèni.","Èle èèna ka, Ama Lamatua pajꞌajꞌi dhèu rai-haha, nuka sèmi Ama Lamatua. Ama Lamatua pajꞌajꞌi dhèu mone dènge dhèu bhèni.","Ama Lamatua paj'aj'i dhèu rai-haha, nuka sèmi Ama Lamatua. Nuka sèmi Ama Lamatua ka, na paj'aj'i ne. Dhèu mone dènge dhèu bhèni ka, na paj'aj'i si.",eng,nfa,English,Dhao,8.1221,14.4091,12.6058
"god blessed them. god said to them, be fruitful, multiply, fill the earth, and subdue it. have dominion over the fish of the sea, over the birds of the sky, and over every living thing that moves on the earth.","ka na padhai lii ho sèna ka hia berkat mi rèngu, aku nèngu na, miu hud'i bèba-kacanga ku, sèna ka pea papènu rai-haha ne, ho mi ator ne. ja'a hia miu koasa, sèna ka mi ator i'a, manu-bhui, dènge badha-manu aa'i-aa'i ra ètu rai-haha ne.","Èle èèna ka, Ama Lamatua pua-paleha si, ka Na peka dènge si, aku Nèngu na, ""Bèli-camèdꞌa! Bèli-camèdꞌa! Bèli-camèdꞌa! Bèli-camèdꞌa! Bèli-camèdꞌa! Bèli-camèdꞌa! Bèli-camèdꞌa! Bèli-camèdꞌa! Bèli-camèdꞌa! Bèli-camèdꞌa! Bèli-camèdꞌa! Bèli-camèdꞌa! Bèli-camèdꞌa! Bèli-camèdꞌa! Bèli-camèdꞌa! Bèli-camèdꞌa! Bèli-camèdꞌa! Bèli-camèdꞌa! Bèli-camèdꞌa! Bèli-camèdꞌa! Bèli-camèdꞌa! Bèli-camèdꞌa! Bèli-camèdꞌa! Bèli-camèdꞌa! Bèli-camèdꞌa! Bèli-camèdꞌa! Bèli-camèdꞌa!","Èle èèna ka, Ama Lamatua pua-paleha si, ka Na peka dènge si, aku Nèngu na, ""Bèli-camèdꞌa, bèba-kacanga, uri rai-haha, aa ator ne. Ator kahèi ètu dedha i'a d'ara dano, ètu dedha manu-bhui liru, aa ètu dedha aa'i-aa'i dhu mamuri dhu kako ètu rai-haha.""",eng,nfa,English,Dhao,20.7893,25.8679,23.5047
"god said, behold, i have given you every herb yielding seed, which is on the surface of all the earth, and every tree, which bears fruit yielding seed. it will be your food.","mi nanene paie-iie! ja'a hia miu rupa-rupa nganga'a ètu rai-haha ne'e. sèmi: ana aaj'u dhu dènge hua, dhu dènge lamusi, aa dhu dènge rèu mangèru.","Èle èèna ka, Ama Lamatua peka dènge ra, aku Nèngu na, ""Jaꞌa hia miu aaꞌi-aaꞌi, hua-hela aaꞌi-aaꞌi ètu rai-haha. Aa aaꞌi-aaꞌi dhu hua-hela aaꞌi-aaꞌi ètu rai-haha. Aa aaꞌi-aaꞌi dhu hua-hela aaꞌi-aaꞌi ètu rai-haha ne, sèna ka jꞌajꞌi miꞌa.","Ama Lamatua peka, ""Bèli-camèd'a, Ja'a hia miu aa'i-aa'i rèu-hela dhu hua-hela, dhu ètu dedha rai-haha aa'i-aa'i, aa aa'i-aa'i aj'u dhu hua-hela. Èèna ne, sèna ka j'aj'i mi'a miu.""",eng,nfa,English,Dhao,0.679,2.2793,3.1254
"to every animal of the earth, and to every bird of the sky, and to everything that creeps on the earth, in which there is life, i have given every green herb for food; and it was so.","ja'a hia rupa-rupa ana aaj'u kahèi sèna ka j'aj'i nganga'a badha. nganga'a hia badha-manu dhu ani, badha hui, badha dhu rod'o, dènge manu-bhui. ropa padhai lii nare sèmi ne'e, nganga'a badha sèra aa'i-aa'i ra j'aj'i dènge ka.","Bèli-camèdꞌa aaꞌi-aaꞌi dhu mamuri ètu rai-haha, dènge manu-bhui aaꞌi-aaꞌi dhu pakèdꞌi ètu dedha-liru, aa dènge badha aaꞌi-aaꞌi dhu mamuri ètu rai-haha. Jaꞌa hia dhèu aaꞌi-aaꞌi cabèka aaꞌi-aaꞌi, sèna ka raꞌa. Ka raꞌa sèmi èèna kahèi.","Mi badha aaꞌi-aaꞌi dhu mamuri ètu rai-haha, dènge manu-bhui aaꞌi-aaꞌi dhu pakèdꞌi ètu dedha-liru, dènge badha aaꞌi-aaꞌi dhu rod'o ètu rai-haha, Jaꞌa hia si cabèka aaꞌi-aaꞌi dhu mèdhi, sèna ka raꞌa. Ka j'aj'i sèmi èèna.",eng,nfa,English,Dhao,6.5073,3.6222,3.745
"god saw everything that he had made, and, behold, it was very good. there was evening and there was morning, a sixth day.","ropa nèdhi aa'i-aa'i se, d'ara na karej'e, lula ngaa dhu na ad'u, mema be'a. ne'e ne, lod'o ka èna kèna.","Èle èèna ka, Ama Lamatua ladhe-leru aaꞌi-aaꞌi dhu Na pajꞌajꞌi. Èle èèna ka, bèli-camèdꞌa madꞌae. Èle èèna ka, bèli-camèdꞌa lodꞌo ka èpa.","Èle èèna ka, Ama Lamatua ladhe-leru aaꞌi-aaꞌi dhu Na pajꞌajꞌi. Èle èèna ka, bèli-camèdꞌa madꞌae. J'ara lod'o nihia, j'ara lod'o rea, nuka lod'o titu mera.",eng,nfa,English,Dhao,0.3781,4.9274,4.1145
"the heavens, the earth, and all their vast array were finished.","dènge j'ara sèmi èèna ka, ama lamatua paj'aj'i dedha-liru, rai-haha, dènge isi ra aa'i-aa'i.",Lamatua pajꞌujꞌu aaꞌi-aaꞌi ètu dedha-liru dènge aaꞌi-aaꞌi ètu dedha-liru dènge aaꞌi-aaꞌi ra.,"Dedha-liru, rai-haha, dènge aa'i-aa'i dhu ètu d'ara ra j'aj'i paj'uj'u.",eng,nfa,English,Dhao,33.0287,15.3086,16.1621
on the seventh day god finished his work which he had done; and he rested on the seventh day from all his work which he had done.,"ropa na sab'a èle, asa bèli èèna, lèke dènge lod'o ka pidhu. hèia na ae nèti sasab'a-la'a na.","Èle èèna ka, dꞌai ka pidhu lodꞌo, Ama Lamatua puri-paꞌèle aaꞌi-aaꞌi dhu Na tao. Nèti èèna ka, dꞌai ka pidhu lodꞌo, Na lèpa hari nèti sasabꞌa Na aaꞌi-aaꞌi dhu Na tao.","D'ai ka pidhu lod'o, Ama Lamatua puri-pa'èle aa'i-aa'i dhu Na tao. Hèia d'ai ka pidhu lod'o èèna kahèi, Na ae nare d'ara nèti aa'i-aa'i sasab'a Na dhu Na tao.",eng,nfa,English,Dhao,1.905,3.7016,3.9042
"god blessed the seventh day, and made it holy, because he rested in it from all his work of creation which he had done.","dènge j'ara ne'e, na tao lod'o ka pidhu ne, lod'o dhu kapai risi nèti lod'o dhu leo sèra. na tao sèmi èèna, lula na pa'èle aa'i le sasab'a na, ka ètu d'ara lod'o ka pidhu na, na ae.","Èle èèna ka, Ama Lamatua hagꞌe nare le lodꞌo kapodꞌe-kabèli èèna, ho paꞌèki dènge Ne. Nèti èèna ka, Ama Lamatua hagꞌe nare le lodꞌo kapodꞌe-kabèli èèna, ho paꞌèki dènge Ne. Nèti èèna ka, Ama Lamatua hagꞌe nare le lodꞌo kapodꞌe-kabèli èèna, toke dꞌai lodꞌo neꞌe. Nèti èèna ka, Ama Lamatua hagꞌe nare le lodꞌo kapodꞌe-kabèli èèna.","Ama Lamatua hagꞌe nare le lodꞌo kapodꞌe-kabèli èèna, ho paꞌèki dènge Ne, lula Nèngu ae nare d'ara ètu èèna nèti sasab'a-la'a na aa'i-aa'i dhu na paj'aj'i.",eng,nfa,English,Dhao,8.2479,6.0821,7.3973
"this is the history of the generations of the heavens and of the earth when they were created, in the day that the lord god made the earth and the heavens.","d'ai sange ne'e ka, lii lolo ama lamatua paj'aj'i dedha-liru dènge rai-haha ne. lod'o ama lamatua heka paj'aj'i dedha-liru dènge rai-haha èèna,","Lodꞌo Lamatua pajꞌajꞌi dedha-liru dènge dedha-liru, sèmi neꞌe ka: lodꞌo Lamatua pajꞌajꞌi dedha-liru dènge dedha-liru.","Sèmi ne'e ka j'ara mamuri nèti dedha-liru dènge rai-haha, ropa ra paj'aj'i. Ètu lod'o dhu Ama Lamatua tao rai-haha dènge dedha-liru.",eng,nfa,English,Dhao,10.3275,10.7785,10.7175
"no plant of the field was yet in the earth, and no herb of the field had yet sprung up; for the lord god had not caused it to rain on the earth. there was not a man to till the ground, but a mist went up from the earth, and watered the whole surface of the ground.","dhae abhu mèka ana aaj'u, lula na papuru mèka èj'i. taa èèna, dhoka sèb'u èi di, mai nèti d'ara rai ho pabasa rai re dedha. aa abhu mèka dhèu rai-haha dhu tao oka-tedhe.","Lodꞌo èèna, abhu mèdha-panyau ètu rai-haha ne, aa abhu mèdha-panyau ètu rai-haha ne. Nèti èèna ka, abhu mèdha-panyau ètu rai-haha ne, aa abhu mèdha-panyau ètu rai-haha ne.","Aad'o mèdha-panyau ètu oka te'a boe muri ètu rai-haha. Lula Ama Lamatua papuru èj'i boe ètu rai-haha. Aad'o dhèu ca dhèu ho tao rai. Te ngaa kabhu kèd'i nèti rai-haha, aa pacuhi dedha rai-haha aa'i-aa'i.",eng,nfa,English,Dhao,-1.0226,4.3014,3.2814
"the lord god formed man from the dust of the ground, and breathed into his nostrils the breath of life; and man became a living soul.","èle èèna ka, ama lamatua nare rai ciki, ka na paj'aj'i dhèu rai-haha. hèia na tiu a'ae na asa d'ara sahènga dhèu na, ka na mamuri dènge ka.","Èle èèna ka, Lamatua pajꞌajꞌi dhèu rai-haha ne nèti rai-haha ètu rai-haha ne. Hèia Na bhèlu asa dꞌara dꞌara na, sèna ka naꞌa-nori dhèu dhu mamuri. Hèia dhèu ne jꞌajꞌi dhèu dhu mamuri.","Èle èèna ka, Lamatua pajꞌajꞌi dhèu rai-haha ne nèti ahu rai-haha. Hèia Na bhèlu a'ae mamuri asa d'ara na. Hèia dhèu ne jꞌajꞌi dhèu dhu mamuri.",eng,nfa,English,Dhao,9.5912,2.5028,3.4285
"the lord god planted a garden eastward, in eden, and there he put the man whom he had formed.","hèia ama lamatua bhoke oka cue ètu rai eden, re bèka dhimu. hèia na hia dhèu ne pea ètu d'ara oka na.","Èle èèna ka, Lamatua pajꞌajꞌi hèbꞌa èci ètu hèbꞌa aae Eden. Ètu èèna, Na pajꞌajꞌi dhèu rai-haha dhu Na pajꞌajꞌi le.","Lamatua sab'a hèb'a èci ètu bèka dhimu, ètu hèb'a aae Eden. Ka ètu èèna, Na padhèdi dhèu mone dhu Na paj'aj'i le.",eng,nfa,English,Dhao,4.9124,7.0711,7.2634
"out of the ground the lord god made every tree to grow that is pleasant to the sight, and good for food, including the tree of life in the middle of the garden and the tree of the knowledge of good and evil.","ètu d'ara oka èèna, na pamamuri rupa-rupa aj'u dhu be'a, dhu dhèu bisa ra'a. aa na pamamuri kahèi aj'u dua kapua ètu talora aae oka èèna. ladhe dhèu ra'e hua nèti aj'u èci, na mamuri taa-taa. aa ladhe dhèu ra'e hua nèti aj'u èci hari, ne'a hag'e mia dhu be'a, aa mia dhu karehe.","Lodꞌo èèna, Lamatua tao ajꞌu aaꞌi-aaꞌi ètu dꞌara oka. Aa ajꞌu aaꞌi-aaꞌi ètu dꞌara oka. Aa ajꞌu aaꞌi-aaꞌi ètu dꞌara oka. Aa ajꞌu aaꞌi-aaꞌi ètu dꞌara oka. Aa ajꞌu aaꞌi-aaꞌi ètu dꞌara oka. Aa ajꞌu aaꞌi-aaꞌi ètu dꞌara oka. Aa ajꞌu aaꞌi-aaꞌi ètu dꞌara oka. Aa ajꞌu aaꞌi-aaꞌi ètu dꞌara oka. Aa ajꞌu aaꞌi-aaꞌi ètu dꞌara oka.","Nèti d'ara rai, Lamatua tao aj'u aa'i-aa'i ho muri, dhu be'a ho ladhe, dènge be'a ho nganga'a. Èèna na, aj'u mamuri ètu talora aae oka, dènge aj'u dhu hia re'a be'a dènge bhelu.",eng,nfa,English,Dhao,13.183,10.9751,13.0582
"a river went out of eden to water the garden; and from there it was parted, and became the source of four rivers.","ètu era èèna, abhu loko èci dhu hae nèti d'ara oka èèna. loko èèna, èpa kacanga.","Èle èèna ka, èci mai nèti hèbꞌa Eden, ho na bhori ètu dꞌara oka ne. Èci mai nèti hèbꞌa èèna, bèli-camèdꞌa bèli-camèdꞌa jꞌajꞌi aaꞌi-aaꞌi.","Èci kalua nèti hèbꞌa Eden, ho na bhori ètu dꞌara oka ne. Ètu èèna ka, na bèli-camèdꞌa, hèia jꞌajꞌi èpa èci.",eng,nfa,English,Dhao,-0.5004,-0.7432,-0.3072
"the name of the first is pishon: it flows through the whole land of havilah, where there is gold;","kacanga ka èci na, ngara na pison. nèngu ka dhu hae pale-lème rai hawila dhu abhu hualaa ae-ae.","Ngara ana kapai cahagꞌe, Pison. Nèngu neꞌe ka dhu jꞌajꞌi le ètu rai Havila, ètu era dhu abhu mèdha-panyau.","Ngara ana kapai nuka Pison. Nèngu neꞌe ka dhu jꞌajꞌi le ètu rai kateme iisi Havila, ètu era dhu abhu mèdha-panyau.",eng,nfa,English,Dhao,0.0,0.1893,-0.0865
and the gold of that land is good. bdellium and onyx stone are also there.,"ètu era èèna ka, abhu poe-pai, aj'u dhu raa na hèu mèngi, dènge hadhu kale'e.","Ètu era neꞌe, abhu mèdha-panyau nèti rai èèna. Abhu mèdha-panyau nèti rai èèna. Abhu mèdha-panyau nèti rai èèna. Abhu mèdha-panyau nèti rai èèna. Abhu mèdha-panyau nèti rai èèna. Abhu mèdha-panyau nèti rai èèna. Abhu mèdha-panyau nèti rai èèna. Abhu mèdha-panyau nèti rai èèna. Abhu mèdha-panyau nèti rai èèna. Abhu mèdha-panyau nèti rai èèna. Abhu mèdha-panyau nèti rai èèna. Abhu mèdha-panyau nèti rai èèna. Abhu mèdha-panyau nèti rai èèna.",Mèdha hualaa nèti rai èèna be'a. Bdellium dènge hadhu oniks abhu kahèi ètu nèi.,eng,nfa,English,Dhao,10.0369,14.6625,16.4216
the name of the second river is gihon. it is the same river that flows through the whole land of cush.,"kacanga ka dua, ngara na gihon. kacanga ne, hae pale-lème rai kus.","Dꞌara aae ka dua, ngara na Gihon. Dꞌara neꞌe ne, ètu dꞌara propensi Kush aaꞌi-aaꞌi.","Dꞌara aae ka dua, ngara na Gihon. Dꞌara neꞌe ne, èèna ka dꞌara dhu laku dꞌara propensi Kush aaꞌi-aaꞌi.",eng,nfa,English,Dhao,-1.6971,1.4292,-0.1053
the name of the third river is hiddekel. this is the one which flows in front of assyria. the fourth river is the euphrates.,"kacanga ka tèlu, ngara na tigris. kacanga ne'e ka, j'aj'i mi too rai asyur re ca bèka dhimu. kacanga ka èpa, ngara na efrat.","Nèti èèna ka, aaꞌi-aaꞌi ra èci, ngara na Hidekel. Nèti èèna ka, bèli-camèdꞌa bèli-camèdꞌa bèli-camèdꞌa bèli-camèdꞌa bèli-camèdꞌa bèli-camèdꞌa bèli-camèdꞌa bèli-camèdꞌa bèli-camèdꞌa bèli-camèdꞌa bèli-camèdꞌa bèli-camèdꞌa bèli-camèdꞌa bèli-camèdꞌa. Nèti èèna ka, ngara na Efrat.","Loko ka tèlu na, ngara na Hidekel. Nèngu ka dhu lèpa ètu madha Asiria. Loko ka èpa na, ngara na Efrat.",eng,nfa,English,Dhao,6.8448,5.2913,7.4268
"the lord god took the man, and put him into the garden of eden to cultivate and keep it.","ka ama lamatua hia dhèu pea ètu d'ara eden, ho na ladhe-leru oka èèna.","Èle èèna ka, Lamatua dedꞌe dhèu rai-haha ne asa dꞌara oka èèna, èci èèna ka dènge dhèu aaꞌi-aaꞌi ra. Èle èèna ka, Lamatua dedꞌe dhèu ne asa dꞌara oka èèna, èci èèna ka dènge dhèu aaꞌi-aaꞌi ra. Èle èèna ka, dhèu aaꞌi-aaꞌi ra sabꞌa aaꞌi-aaꞌi ra ètu dꞌara oka èèna, èci èèna ka dènge dhèu aaꞌi-aaꞌi ra.","Èle èèna ka, Lamatua ded'e dhèu rai-haha ne asa d'ara oka Eden, sèna ka na sab'a dènge paj'aga oka èèna.",eng,nfa,English,Dhao,7.9871,6.4224,11.2115
"the lord god commanded the man, saying, you may freely eat of every tree of the garden;","hèia na hia paredha mi dhèu ne, aku nèngu na, hua aaj'u aa'i-aa'i ètu d'ara oka ne, èu bisa mu'a.","Èle èèna ka, Lamatua paredha dhèu aaꞌi-aaꞌi, aku Nèngu na, ""Èu bisa raꞌa ajꞌu aaꞌi-aaꞌi ètu dꞌara oka ne.","Èle èèna ka, Lamatua paredha dhèu, aku Nèngu na, ""Èu bisa raꞌa suka-suka ajꞌu aaꞌi-aaꞌi ètu dꞌara oka ne.",eng,nfa,English,Dhao,0.8253,-0.6419,-0.476
"but you shall not eat of the tree of the knowledge of good and evil; for in the day that you eat of it, you will surely die.","te ngaa èci dhu èu bisa boe mu'a. nuka hua nèti aj'u dhu ne'a hag'e mia dhu be'a, aa mia dhu karehe. ladhe mu'a, èu madhe dènge.","Te ngaa ladhe sèmi èèna, ladhe sèmi èèna, na, èu baku raꞌa nèti ajꞌu aaꞌi-aaꞌi ètu dꞌara ajꞌu aaꞌi-aaꞌi ra. Te ladhe èu raꞌa nèti ajꞌu aaꞌi-aaꞌi ra, èu hudꞌi madhe tareꞌa-reꞌa.""","Te ngaa èu baku raꞌa nèti ajꞌu re'a be'a dènge bhelu; te lod'o dhu èu raꞌa nèti ajꞌu èèna, èu hudꞌi madhe tareꞌa-reꞌa.",eng,nfa,English,Dhao,5.0578,3.0975,4.7083
"the lord god said, it is not good for the man to be alone. i will make him a helper comparable to him.","ka ama lamatua tuhu haru lii na, aku nèngu na, babe'a na aad'o, ladhe dhèu ne mamuri mesa na. de ja'a neo paj'aj'i hia ne, anga ca dhèu dhu pamèci dènge ne.","Èle èèna ka, Lamatua peka, aku Nèngu na, ""Bèli-camèdꞌa dhèu rai-haha ne pea boe. Jaꞌa tao dhèu èci ho jꞌajꞌi dhèu dhu beꞌa dènge ne.""","Èle èèna ka, Lamatua peka, ""Bèli-camèdꞌa dhèu rai-haha ne pea boe. Jaꞌa tao dhèu dhu soru-bara dhu beꞌa dènge ne.""",eng,nfa,English,Dhao,-2.0594,-4.6599,-4.9258
"out of the ground the lord god formed every animal of the field, and every bird of the sky, and brought them to the man to see what he would call them. whatever the man called every living creature became its name. the man gave names to all livestock, and to the birds of the sky, and to every animal of the field; but for man there was not found a helper comparable to him.","lod'o èèna, ama lamatua nare rai ciki, ka na tao rupa-rupa badha dènge manu-bhui. hèia na pangèd'u si asa dhèu ne, sèna ka na pangare si. ka dhèu ne pangare badha se dènge manu-bhui aa'i-aa'i ra, èci-èci ka dènge ngara ra. te ngaa dhèu ne abhu mèka anga dhu pamèci dènge nèngu.","Èle èèna ka, Ama Lamatua pajꞌajꞌi rai-haha dènge manu-bhui aaꞌi-aaꞌi ètu dedha-liru dènge rai-haha. Èle èèna ka, Ama Lamatua pajꞌajꞌi rai-haha dènge manu-bhui aaꞌi-aaꞌi ètu dedha-liru. Èle èèna ka, Ama Lamatua pajꞌajꞌi dhèu aaꞌi-aaꞌi ètu madha dhèu aaꞌi-aaꞌi. Hèia dhèu aaꞌi-aaꞌi pajꞌajꞌi dhèu aaꞌi-aaꞌi, nuka sèmi badha aaꞌi-aaꞌi, manu-bhui aaꞌi-aaꞌi ètu dedha-liru. Te ngaa dhèu aaꞌi-aaꞌi bisa boe paraga dènge dhèu aaꞌi-aaꞌi.","Nèti rai-haha, Ama Lamatua paj'aj'i badha aa'i-aa'i ètu pad'a, dènge manu-bhui aa'i-aa'i ètu dedha-liru. Hèia na rèti si asa dhèu ne, sèna ka na ladhe, na, ngaa dhu na neo pangare si. Ngaa dhu dhèu ne pangare badha dhu mamuri aa'i-aa'i, èèna ka j'aj'i kolongara na. Dhèu ne pangare badha dhu dhèu piara aa'i-aa'i, dènge manu-bhui aa'i-aa'i ètu dedha-liru, dènge badha aa'i-aa'i ètu pad'a. Te ngaa hia dhèu ne, abhu boe dhèu dhu bisa soru-bara ne, dhu sama dènge ne.",eng,nfa,English,Dhao,12.1004,17.8821,17.2239
"the lord god caused the man to fall into a deep sleep. as the man slept, he took one of his ribs, and closed up the flesh in its place.","hèia ama lamatua pabhèj'i luu dhèu ne'e. ropa na bhèj'i, ama lamatua nare rui karasa na calaa, ka na pakateme hari nu'a deo na.","Èle èèna ka, dhèu aae Èmu Kapua Manèngi-Mangajꞌi maso asa dꞌara èmu na. Èle èèna ka, dhèu aae Èmu Kapua Manèngi-Mangajꞌi maso asa dꞌara èmu na. Èle èèna ka, dhèu aae Èmu Kapua Manèngi-Mangajꞌi maso asa dꞌara èmu na. Èle èèna ka, dhèu aae Èmu Kapua Manèngi-Mangajꞌi maso asa dꞌara èmu na. Èle èèna ka, dhèu aae Èmu Kapua Manèngi-Mangajꞌi maso asa dꞌara èmu na.","Ama Lamatua tao dhèu mone ne bhèj'i luu. Ropa dhèu mone ne bhèj'i, na nare ca kètu èto na, hèia na tutu ngi'u ne ètu era na.",eng,nfa,English,Dhao,16.021,12.1579,14.0985
"the lord god made a woman from the rib which he had taken from the man, and brought her to the man.","nèti rui ne, na paj'aj'i bhèni ca dhèu. hèia na pangèd'u bhèni ne mi dhèu èèna.","Èle èèna ka, Ama Lamatua pajꞌajꞌi dhèu rai-haha ne, ho jꞌajꞌi dhèu bhèni. Èle èèna ka, Ama Lamatua pajꞌajꞌi dhèu rai-haha ne, ho jꞌajꞌi dhèu bhèni. Èle èèna ka, Ama Lamatua pajꞌajꞌi dhèu rai-haha ne, ho jꞌajꞌi dhèu bhèni. Èle èèna ka, Ama Lamatua pajꞌajꞌi dhèu rai-haha ne, ho jꞌajꞌi dhèu bhèni.","Ama Lamatua paj'aj'i dhèu bhèni nèti rèu-rèu dhu na nare nèti dhèu mone ne, hèia na rèti ne asa dhèu mone ne.",eng,nfa,English,Dhao,15.5173,15.887,18.1907
"the man said, this is now bone of my bones, and flesh of my flesh. she will be called ‘woman, ' because she was taken out of man.","ropa ladhe nèdhi bhèni ne, ka dhèu na peka, aku nèngu na, waaa! ne'e ne ku! sèmi ne'e ku, heka pamèci dènge ja'a kèna! rui na, sama èci èèna ka dènge rui ja'a. aa isi na, sama kahèi dènge isi ja'a. lula nèngu ne, j'aj'i nèti dhèu mone, nèti èèna ka ja'a pangare ne, ‘dhèu bhèni'.","Hèia Adam peka, aku nèngu na, ""Neꞌe ne, leko-monya nèti kolo Jaꞌa, aa ngiꞌu nèti ngiꞌu Jaꞌa kahèi. Nèti èèna ka, jaꞌa paroa ne, 'Woman', lula Jaꞌa pajꞌajꞌi ne nèti dhèu rai-haha ne.""","Hèia Adam peka, aku nèngu na, ""Neꞌe ne, leko-monya nèti kolo Jaꞌa, aa ngiꞌu nèti ngiꞌu Jaꞌa kahèi. Nèti èèna ka, jaꞌa paroa ne, 'Woman', lula ne kalua nèti Jaꞌa.""",eng,nfa,English,Dhao,-2.1728,-2.6192,-2.2269
"therefore a man will leave his father and his mother, and will join with his wife, and they will be one flesh.","nèti èèna ka, dhèu mone hud'i tèke eele ku ina-ama na, ho la'e mamuri d'ara èci dènge dhèu èmu-kamali na, lula dua ra, j'aj'i le èci.","Nèti èèna ka, dhèu mone tèke eele ina-ama na, ho paꞌèki dènge dhèu èmu-kamali na, sèna ka dua ra jꞌajꞌi èci.","Nèti èèna ka, dhèu mone tèke eele ina-ama na, ho pa'èci dènge dhèu èmu-kamali na, sèna ka dua ra j'aj'i èci.",eng,nfa,English,Dhao,7.1558,4.6593,3.9826
"the man and his wife were both naked, and they were not ashamed.","lod'o èèna, dua ra dhu dènge boe mèdha-papake, te ngaa ra makae boe.","Èle èèna ka, dhèu èèna dènge dhèu èmu na dènge boe mèdha-panyau, te ngaa ra madhaꞌu boe.","Èle èèna ka, dhèu èèna dènge dhèu èmu na dènge boe mèdha-panyau, te ngaa ra makae boe.",eng,nfa,English,Dhao,13.4946,8.5189,8.6837
"now the serpent was more subtle than any animal of the field which the lord god had made. he said to the woman, has god really said, ‘you shall not eat of any tree of the garden'?","nèti badha aa'i-aa'i dhu ama lamatua paj'aj'i ètu rai-haha ne, mege ka dhu mèu risi kapod'e-kabèli. ca lod'o, mege karèi bhèni na, aku nèngu na, tare'a, do? ama lamatua kai miu baku mi'a hua aaj'u aa'i-aa'i ètu d'ara oka ne'e.","Ropa tadèngi lii padhai Ama Lamatua, hèia Na karèi dhèu bhèni ne, aku Nèngu na, ""Tareꞌa! Ama Lamatua peka mi dhèu bhèni ne, peka na, 'Miu baku raꞌa nèti ajꞌu aaꞌi-aaꞌi ètu dꞌara oka ne.'","Nèti èèna ka, mege ne kapod'e-kabèli risi nèti badha aa'i-aa'i ètu d'ara pad'a sod'a dhu Ama Lamatua tao le. Hèia na karèi dhèu bhèni ne, aku nèngu na, 'Tare'a Ama Lamatua peka na, ""Miu baku ra'a nèti aj'u aa'i-aa'i ètu d'ara oka ne,"" do?'",eng,nfa,English,Dhao,33.4581,25.289,23.0125
"the woman said to the serpent, we may eat fruit from the trees of the garden, but not the fruit of the tree which is in the middle of the garden. god has said, ‘you shall not eat of it. you shall not touch it, lest you die. '","ka bhèni na b'ala, aad'o! ji'i bisa nga'a! dhodhoka aj'u ca kapua ètu talora oka ne, ama lamatua kai, baku nga'a hua na. na peka na, ji'i baku nga'a, aa baku g'ag'e hua èèna kahèi, te aad'o na, ji'i madhe!","Hèia dhèu bhèni ne dhaa, aku nèngu na, ""Èdhi bisa raꞌa hua-hela nèti ajꞌu ètu dꞌara oka ne. Te ngaa èdhi baku raꞌa hua-hela nèti ajꞌu dhu ètu dꞌara oka ne. Te Ama Lamatua peka le, na, 'Miu baku raꞌa hua-hela nèti ajꞌu èèna, aa baku gꞌagꞌa hua-hela ne, sèna ka miu madhe.' ""","Hèia dhèu bhèni ne dhaa, aku nèngu na, ""Èdhi bisa raꞌa hua-hela nèti ajꞌu ètu dꞌara oka ne. Te ngaa èdhi baku raꞌa hua-hela nèti ajꞌu dhu ètu talora aae dꞌara oka ne. Te Ama Lamatua peka le, na, 'Miu baku raꞌa hua-hela nèti ajꞌu èèna, aa baku gꞌagꞌa hua-hela ne, sèna ka miu madhe.' """,eng,nfa,English,Dhao,2.2178,2.578,2.166
"the serpent said to the woman, you won't really die,","te ngaa mege na dhaa, aku nèngu na, waa! sèmi boe èèna! miu se madhe boe!","Hèia na peka dènge dhèu bhèni ne, aku nèngu na, ""Tasamia ka miu madhe boe!","Hèia na peka dènge dhèu bhèni ne, aku nèngu na, ""Tasamia ka miu madhe boe!""",eng,nfa,English,Dhao,-2.6544,-0.0693,-2.5918
"for god knows that in the day you eat it, your eyes will be opened, and you will be like god, knowing good and evil.","ama lamatua mema kai tare'a sèmi èèna, lula dhu ne'a le, ladhe mi'e hua aaj'u èèna, miu j'aj'i d'èlu-mèu sèmi nèngu. ho èèna na me'a mia dhu be'a, aa mia dhu karehe.","Te Ama Lamatua neꞌa le, na, ladhe miu raꞌa nèti ajꞌu ne, bèli-camèdꞌa miu bèli-camèdꞌa bèli-camèdꞌa bhoke jꞌara, sèna ka miu jꞌajꞌi sama sèmi Ama Lamatua, aa meꞌa le dhu beꞌa dènge dhu bhelu-katubꞌa.""","Te Ama Lamatua neꞌa le, na, ladhe miu raꞌa nèti ajꞌu ne, musi madha miu bhoke, sèna ka miu jꞌajꞌi sama sèmi Ama Lamatua, aa meꞌa le dhu beꞌa dènge dhu bhelu-katubꞌa.",eng,nfa,English,Dhao,1.4217,-0.1043,0.8281
"when the woman saw that the tree was good for food, and that it was a delight to the eyes, and that the tree was to be desired to make one wise, she took some of its fruit, and ate. then she gave some to her husband with her, and he ate it, too.","aa bhèni ne ladhe na aj'u ne be'a titu kèna, dènge hua na ele boe kee. na ngee, ladhe ja'a ku'a hua aj'u ne'e, ja'a d'èlu-mèu. hèia puu nare ka hua aj'u èèna, ka na'e. na'e nare, nèti hia dhèu èmu na, ka na'a kahèi.","Ropa dhèu bhèni ne ladhe nèdhi, na, ajꞌu èèna beꞌa, sèna ka dhèu bisa raꞌa. Na ladhe nèdhi, na, ajꞌu èèna ka dhu beꞌa. Aa ajꞌu èèna ka dhu beꞌa, sèna ka dhèu bisa jꞌajꞌi dhèu aaꞌi-aaꞌi. Ropa bhèni ne ladhe nèdhi, hèia na tao ajꞌu èèna, ka naꞌa. Èle èèna ka, na hia dhèu èmu na dènge dhèu èmu na, hèia naꞌa, ka dhèu èmu na aaꞌi-aaꞌi raꞌa kahèi.","Ropa dhèu bhèni ne ladhe nèdhi, na, ajꞌu èèna beꞌa sèna ka raꞌa, aa beꞌa mi musi madha, aa ajꞌu èèna d'èi titu kèna sèna ka tao dhèu jꞌajꞌi dhèu aaꞌi-aaꞌi, hèia na nare hua na ciki, ka naꞌa. Èle èèna ka, na hia hua na ciki mi dhèu èmu na dhu dènge nèngu, hèia dhèu èmu na raꞌa kahèi.",eng,nfa,English,Dhao,0.4877,2.0611,2.8164
"their eyes were opened, and they both knew that they were naked. they sewed fig leaves together, and made coverings for themselves.","ra'a rare ka, heka re'a na rèngu dhu pake boe mèdha dhu hutu ua rèngu. nèti èèna ka, ra lui rèu aj'u ho pa'abhe era makae rèngu.","Èle èèna ka, bèli-camèdꞌa dhèu dua se ladhe rèdhi, na, rèngu dènge boe mèdha-panyau. Hèia ra pajꞌajꞌi èi ajꞌu èci dènge èci, hèia ra tao mèdha-papake.","Dua ra ladhe rèdhi dènge ka, hèia dua ra ne'a na rèngu dènge boe mèdha-panyau. Hèia ra pajꞌajꞌi èi ajꞌu ara èci dènge èci, hèia ra tao mèdha-papake.",eng,nfa,English,Dhao,3.0672,3.2382,2.0564
"they heard the lord god's voice walking in the garden in the cool of the day, and the man and his wife hid themselves from the presence of the lord god among the trees of the garden.","d'ai lod'o nihia, dua ra tadèngi lii core haga ama lamatua ètu d'ara oka èèna. ka dua ra rai lasi lu'u asa ca bèka aj'u, sèna ka lamatua baku nèdhi si.","Ropa dꞌai dꞌara madha lodꞌo èèna, hèia dhèu aaꞌi-aaꞌi ra tadèngi lii Lamatua kako re dꞌara dꞌara dꞌara oka. Hèia dhèu aaꞌi-aaꞌi dènge dhèu èmu-kamali ra pakaboko ètu dꞌara ajꞌu ètu dꞌara oka èèna, sèna ka dhèu aaꞌi-aaꞌi roꞌo boe paraga dènge Lamatua.","Ropa dꞌai dꞌara madha lodꞌo èèna, ra tadèngi lii Lamatua Ama Lamatua dhu kako re dꞌara oka. Hèia dhèu mone dènge dhèu èmu na ra pakaboko ètu dꞌara ajꞌu ètu dꞌara oka èèna, sèna ka roꞌo boe paraga dènge Lamatua Ama Lamatua.",eng,nfa,English,Dhao,2.6707,-0.5189,0.1154
"the lord god called to the man, and said to him, where are you?","te ngaa ama lamatua paroa mi dhèu mone èèna, aku nèngu na, adam! èu ètu mia?","hèia Lamatua paroa dhèu ne, ka Na karèi ne, aku Nèngu na, ""Èu ètu mia?""","hèia Lamatua paroa dhèu ne, ka Na karèi ne, aku Nèngu na, ""Èu ètu mia?""",eng,nfa,English,Dhao,0.0,0.0,0.0
"the man said, i heard your voice in the garden, and i was afraid, because i was naked; so i hid myself.","hèia mone na dhaa, ja'a tadèngi lii lamatua ètu ne'e. te ngaa ja'a makae, lula ja'a pake boe mèdha ètu ua. nèti èèna ka, ja'a rai pahuni iisi.","Hèia dhèu ne dhaa, aku nèngu na, ""Jaꞌa tadèngi lii èu ètu dꞌara oka ne, ka jaꞌa madhaꞌu, lula jaꞌa dènge boe mèdha-papake. Nèti èèna ka, jaꞌa pakaboko.","Hèia dhèu ne dhaa, aku nèngu na, ""Jaꞌa tadèngi lii èu ètu dꞌara oka ne, ka jaꞌa madhaꞌu, lula jaꞌa dènge boe mèdha-papake. Nèti èèna ka, jaꞌa pakaboko.",eng,nfa,English,Dhao,0.0,0.0,0.0
"god said, who told you that you were naked? have you eaten from the tree that i commanded you not to eat from?","ka lamatua peka na, cee ka dhu peka, na èu dhu pake boe mèdha-papake? de tasamia? tatu èu mu'a le hua aj'u dhu ja'a kai na, sina ma?","Hèia Ama Lamatua karèi ne, aku Nèngu na, ""Cee ka dhu peka dènge èu, na, èu dènge boe mèdha-papake? Nga tao ka èu raꞌa nèti ajꞌu dhu Jaꞌa peka le dènge èu sèmi èèna, do?""","Hèia Ama Lamatua karèi ne, aku Nèngu na, ""Cee ka dhu peka dènge èu, na, èu dènge boe mèdha-papake? Èu raꞌa nèti ajꞌu dhu Jaꞌa peka le dènge èu sèmi èèna, do?""",eng,nfa,English,Dhao,0.5129,-1.2502,-0.9104
"the man said, the woman whom you gave to be with me, she gave me fruit from the tree, and i ate it.","ka na b'ala, peka na, bhèni dhu èu hia ho pa'anga dènge ja'a èèna, ka dhu hia ja'a ku'a!","Hèia dhèu aaꞌi-aaꞌi dhaa, aku nèngu na, ""Bèli-camèdꞌa, dhèu bhèni dhu Ama pangèdꞌu ho jꞌajꞌi dènge jaꞌa, nèngu ka dhu hia jaꞌa ajꞌu èèna, hèia jaꞌa raꞌa.""","Hèia dhèu mone dhaa, aku nèngu na, ""Dhèu bhèni dhu Ama pangèdꞌu ho jꞌajꞌi dènge jaꞌa, nèngu ka dhu hia jaꞌa hua nèti ajꞌu èèna, hèia jaꞌa raꞌa.""",eng,nfa,English,Dhao,1.3636,1.0126,0.9194
"the lord god said to the woman, what have you done? the woman said, the serpent deceived me, and i ate.","hèia ama lamatua peka dènge bhèni na, aku nèngu na, nga tao ka, èu ad'u madha j'ara èèna? ka bhèni ne dhaa, peka na, te mege ne ka dhu ag'o ja'a! nèti èèna ka, ja'a ku'a.","Hèia Ama Lamatua karèi bhèni ne, aku nèngu na, ""Èu tao ngaa?"" Hèia bhèni ne dhaa, aku nèngu na, ""Bèli-camèdꞌa, naga ka dhu pahaha iisi jaꞌa, ka jaꞌa raꞌa.""","Hèia Ama Lamatua karèi bhèni ne, aku nèngu na, ""Èu tao ngaa?"" Hèia bhèni ne dhaa, aku nèngu na, ""Bèli-camèdꞌa, naga ka dhu tipu jaꞌa, ka jaꞌa raꞌa.""",eng,nfa,English,Dhao,-0.0505,-0.3364,-0.0969
"the lord god said to the serpent, because you have done this, you are cursed above all livestock, and above every animal of the field. you shall go on your belly and you shall eat dust all the days of your life.","èle èèna ka, ama lamatua dhoo mege èèna, aku nèngu na, ja'a huku èu, lula tatao èu. nèti badha aa'i-aa'i, dhoka èu di dhu abhu huku sèmi ne'e. mulai nèti deo ne'e toke èu madhe, èu dhoka rod'o dènge kakara, aa mu'a ètu rai di.","Hèia Lamatua peka dènge naga ne, aku Nèngu na, ""Ladhe èu tao sèmi èèna, èu jꞌajꞌi dhèu pahaha iisi nèti badha aaꞌi-aaꞌi, aa nèti badha aaꞌi-aaꞌi dhu ètu dꞌara rai-haha. Èu pakajꞌèu ètu dꞌara ngiꞌu èu, aa èu raꞌa mèdha-panyau, toke dꞌai mamuri èu aaꞌi-aaꞌi.","Hèia Lamatua peka dènge naga ne, aku Nèngu na, ""Lula èu tao sèmi èèna, èu dhoo kapai risi nèti badha aaꞌi-aaꞌi, aa kapai risi nèti badha aaꞌi-aaꞌi dhu ètu dꞌara rai-haha. Èu pakajꞌèu ètu dꞌara ngiꞌu èu, aa èu raꞌa mèdha-panyau, toke dꞌai mamuri èu aaꞌi-aaꞌi.",eng,nfa,English,Dhao,0.4637,1.5313,1.3142
"i will put hostility between you and the woman, and between your offspring and her offspring. he will bruise your head, and you will bruise his heel.","ja'a tao sèna ka, èu loe boe pamusu dènge bhèni ne. aa ana-èpu miu dua mi sèmi èèna kahèi. ana-èpu èu, èèna na kadhi hui tèdhu dhèu. te ngaa ca dhèu nèti ana-èpu bhèni ne, èèna na dhedhe palaho kètu èu.","Èèna na, Jaꞌa tao èu jꞌajꞌi musu dènge bhèni ne. Èu jꞌajꞌi sordadꞌu èu, aa dhèu bhèni ne jꞌajꞌi sordadꞌu èu. Èu jꞌajꞌi sordadꞌu èu, te ngaa sordadꞌu èu jꞌajꞌi sordadꞌu na.","Ja'a tao musu ètu talora aae èu dènge bhèni ne, dènge ètu talora aae mege èu dènge mege nèngu. Nèngu tao rusak kètu èu, aa èu tao rusak kabodho na.",eng,nfa,English,Dhao,0.9488,-3.2941,-4.615
"to the woman he said, i will greatly multiply your pain in childbirth. you will bear children in pain. your desire will be for your husband, and he will rule over you.","èle èèna ka, ama lamatua peka dènge bhèni ne, èèna na, ja'a pasusa tabha èu, ropa èu dènge babia; lod'o mora iisi, èu asa tabha j'èra. masi ka sèmi èèna, d'ara èu d'èi taruu dhèu èmu èu, aa nèngu ka dhu ator èu.","Hèia Lamatua peka dènge dhèu bhèni ne, aku Nèngu na, ""Bèli-camèdꞌa jaꞌa bhoke jꞌajꞌèra, sèna ka èu nara iisi ana-èpu. Èèna na èu dꞌèi dꞌèi dꞌara èu dꞌèi dꞌai dhèu èmu èu, aa nèngu jꞌajꞌi dhèu paredha èu.","Hèia Lamatua peka dènge dhèu bhèni ne, aku Nèngu na, ""Ja'a bèli-camèd'a bhoke j'aj'èra èu, aa èu nara iisi ana-èpu dènge j'aj'èra. Èèna na èu d'èi d'èi d'ara èu d'ai dhèu èmu èu, aa nèngu j'aj'i dhèu paredha èu.""",eng,nfa,English,Dhao,5.9911,5.5097,4.7026
"to adam he said, because you have listened to your wife's voice, and have eaten from the tree, about which i commanded you, saying, ‘you shall not eat of it, ' the ground is cursed for your sake. you will eat from it with much labor all the days of your life.","ka ama lamatua peka dènge mone ne, èu madhutu boe lii paredha ja'a, te ngaa èu nanene dhoka lii dhèu èmu èu di, ka èu mu'a hua aj'u dhu ja'a kai èèna. nèti èèna ka, èu abhu huku kahèi. aa rai lèke huku kahèi. nèti deo ne'e, toke d'ai èu madhe, hud'i èu kabèli rai, heka èu abhu nganga'a kèna. dènge sab'a bia sèmi ne'e ka, èu heka mamuri kèna.","Èle èèna ka, Lamatua peka dènge Adam, aku Nèngu na, ""Ladhe èu nanene lii padhai dhèu èmu èu, hèia èu raꞌa ajꞌu dhu Jaꞌa peka le dènge èu, peka na, 'Èu baku raꞌa.' Nèti èèna ka, Lamatua hagꞌe nare le rai, lula èu mamuri tareꞌa-reꞌa.","Èle èèna ka, Lamatua peka dènge Adam, aku Nèngu na, ""Lula èu nanene lii padhai dhèu èmu èu, hèia èu raꞌa ajꞌu dhu Jaꞌa peka le dènge èu, peka na, 'Èu baku raꞌa.' Nèti èèna ka, Lamatua hagꞌe nare le rai, lula èu. Èu raꞌa nèti rai èèna dènge sasab'a bia ae aa'i-aa'i lod'o mamuri èu.""",eng,nfa,English,Dhao,2.357,5.6137,4.2336
it will yield thorns and thistles to you; and you will eat the herb of the field.,"masi ka èu sèle rupa-rupa hini èèna ka, te ngaa dhu muri mai dhodhoka dhudhu-sete di.",Bèli-camèdꞌa jꞌajꞌi aaꞌi-aaꞌi ètu dꞌara rai-haha. Bèli-camèdꞌa jꞌajꞌi aaꞌi-aaꞌi ètu dꞌara rai-haha. Bèli-camèdꞌa jꞌajꞌi aaꞌi-aaꞌi ètu dꞌara rai-haha. Bèli-camèdꞌa jꞌajꞌi aaꞌi-aaꞌi ètu dꞌara rai-haha.,Bèli-camèd'a na j'aj'i dhudhu dènge sete mi èu; aa èu ka ra'a bubhu-lara d'ara oka.,eng,nfa,English,Dhao,5.0334,10.7557,10.517
"you will eat bread by the sweat of your face until you return to the ground, for you were taken out of it. for you are dust, and you shall return to dust.","hud'i èu èi kabhèsu haa ku, heka rai hia èu nganga'a kèna. èu hud'i sab'a bia sèmi èèna ku, toke d'ai lod'o èu madhe. èu ne, ja'a paj'aj'i nèti rai. de ladhe èu madhe, èu j'aj'i hari rai.","Èu bèli-camèdꞌa raꞌa-rinu, toke èu lèpa hari asa rai-haha. Te Ama Lamatua pajꞌajꞌi èu, lula Ama Lamatua pajꞌajꞌi èu ètu rai-haha ne. Nèti èèna ka, èu jꞌajꞌi le kapodꞌe-kabèli, aa èu jꞌajꞌi le kapodꞌe-kabèli.""","Èu hud'i ra'a nganga'a pake èi kabhèsu nèti kètu èu toke èu lèpa hari asa rai-haha, lula èu ded'e nèti rai-haha ne. Lula èu nuka kapod'e-kabèli, aa èu hud'i lèpa hari asa kapod'e-kabèli.",eng,nfa,English,Dhao,9.626,9.9069,8.5866
the man called his wife eve because she would be the mother of all the living.,"èle èèna ka, adam pangare dhèu èmu na ‘hawa' dhu sasoa na ‘dhu mamuri', te nèngu ka j'aj'i ina nèti dhèu dhu mamuri aa'i-aa'i.","Èle èèna ka, Adam paroa dhèu èmu na Eve, lula nèngu jꞌajꞌi ina mi dhèu aaꞌi-aaꞌi dhu mamuri ètu rai-haha ne.","Èle èèna ka, Adam paroa dhèu èmu na Eve, lula nèngu j'aj'i ina mi dhèu aa'i-aa'i dhu mamuri ètu rai-haha ne.",eng,nfa,English,Dhao,15.4465,8.4417,7.8252
"the lord god made garments of animal skins for adam and for his wife, and clothed them.","hèia ama lamatua tao mèdha-papake nèti ka'uri badha, ka papake dua ra.","Èle èèna ka, Lamatua pajꞌajꞌi Adam dènge dhèu èmu na dènge mèdha-papake nèti pudhi badha, ho papake si.","Èle èèna ka, Lamatua pajꞌajꞌi Adam dènge dhèu èmu na dènge mèdha-papake nèti pudhi badha, ho papake si.",eng,nfa,English,Dhao,0.0,0.0,0.0
"the lord god said, behold, the man has become like one of us, knowing good and evil. now, lest he reach out his hand, and also take of the tree of life, and eat, and live forever-","ka ama lamatua peka, limuri ne, dhèu re'a le, mia dhu be'a dènge mia dhu karehe, sèmi èdhi kahèi. de mage dhoka, rèngu ra'a hua aj'u dhu èci hari na, dhu hia mamuri taa-taa.","Èle èèna ka, Ama Lamatua peka dènge Ne, aku Nèngu na, ""Ladhe sèmi èèna, dhèu rai-haha ne jꞌajꞌi sama sèmi èdhi, dhu meꞌa le jꞌara dhu beꞌa dènge jꞌara-jꞌara dhu bhelu-katubꞌa. De ladhe nèngu tao sèmi èèna, na, nèngu bisa heka raꞌa nèti ajꞌu dhu hia mamuri, sèna ka mamuri taruu.","Ama Lamatua peka na, ""Bèli-camèd'a, dhèu rai-haha ne j'aj'i sama sèmi èdhi, dhu me'a le j'ara dhu be'a dènge j'ara dhu bhelu-katub'a. De, sèna ka nèngu baku j'ole kacui-aai na, aa nare kahèi nèti aj'u mamuri, ka ra'a, sèna ka mamuri taruu.""",eng,nfa,English,Dhao,5.1233,2.8075,3.259
"therefore the lord god sent him out from the garden of eden, to till the ground from which he was taken.","èle èèna ka, na babèga eele si nèti d'ara oka eden èèna, ho lasi asa era leo, sèna ka ra mamuri dènge sab'e oka-tedhe. lula dhèu j'aj'i nèti rai, de mamuri kahèi nèti rai.","Èle èèna ka, Lamatua pua Adam nèti dꞌara oka Eden, ho laꞌe sabꞌa ètu dꞌara oka dhu Lamatua pajꞌajꞌi ne.","Èle èèna ka, Lamatua pua Adam nèti dꞌara oka Eden, ho laꞌe sabꞌa rai nèti dhu na nare.",eng,nfa,English,Dhao,-1.2306,-0.1237,1.1865
"so he drove out the man; and he placed cherubim at the east of the garden of eden, and a flaming sword which turned every way, to guard the way to the tree of life.","babège nare si, ka lamatua paredha ana pajuu na nèti sorga, dhu dènge èla, ho lasi j'aga oka èèna re ca bèka dhimu. rèngu dènge samala dhu heo ha'a-ha'a, dhu seru la'e-mai. lamatua pua si bèdho eele j'ara la'e sa d'ara, te nèngu d'èi boe dhèu puu rare hua aj'u dhu hia ra mamuri taa-taa èèna.","Èle èèna ka, ana pajuu èèna babège eele dhèu èèna nèti dꞌara èmu èèna. Èle èèna ka, Ama Lamatua hia ana pajuu èci, nuka sèmi ana pajuu èci, nuka sèmi ana pajuu èci. Ana pajuu èèna hia ana pajuu èci, nuka sèmi ana pajuu èci, nuka sèmi ana pajuu èci, nuka sèmi ana pajuu èci. Ana pajuu èèna hia ana pajuu èci, nuka sèmi ana pajuu èci, nuka sèmi ana pajuu èci, nuka sèmi ana pajuu èci, nuka sèmi ana pajuu èci, nuka sèmi ana pajuu èci, nuka sèmi ana pajuu èci, nuka sèmi ana pajuu èci.","Èle èèna ka, Ama Lamatua babège eele dhèu èèna nèti d'ara oka eden èèna. Èle èèna ka, na hia ana pajuu dhu dènge èla ètu bèka dhimu oka eden, dènge samala dhu èra, dhu kabib'a-lalèta, sèna ka j'aga j'ara asa aj'u mamuri.",eng,nfa,English,Dhao,14.8365,16.6599,19.0974
"the man knew eve his wife. she conceived, and gave birth to cain, and said, i have gotten a man with the lord's help.","hèia adam j'unu dènge dhèu èmu na, hawa. ka bhèni ne dènge babia. hèia nara iisi ana mone ca dhèu. ka na peka, aku nèngu na, ja'a abhu le ana mone ca dhèu, lula ama lamatua soru nare le ja'a. ka na pangare ana ne, kaen dhu sasoa na ‘abhu'.","Èle èèna ka, Adam paraga dènge Hawa, dhèu èmu na. Èle èèna ka, bhèni na nara iisi Kain. Ka na peka, aku nèngu na, ""Jaꞌa abhu dhèu èci dènge Ama Lamatua.""","Èle èèna ka, Adam paraga dènge Hawa, dhèu èmu na. Èle èèna ka, bhèni na nara iisi Kain. Ka na peka, aku nèngu na, ""Jaꞌa abhu dhèu èci dènge Ama Lamatua.""",eng,nfa,English,Dhao,0.0,0.0,0.0
"again she gave birth, to cain's brother abel. abel was a keeper of sheep, but cain was a tiller of the ground.","hèia hawa nara iisi hari ana mone èci. ka na pangare ne habel. dua ra kapai ka, habel j'aj'i dhèu madhenge badha. aa a'a na kaen, sab'a oka-tedhe.","Èle èèna ka, Kain jꞌajꞌi ana mone ca dhèu, ngara na Abel. Abel ne dhèu madhenga kahibꞌi-kalèbho, te ngaa Kain jꞌajꞌi dhèu sabꞌa ètu rai.","Èle èèna ka, na nara iisi hari ana na, ari na Kain, ngara na Abel. Abel ne dhèu madhenga kahibꞌi-kalèbho, te ngaa Kain jꞌajꞌi dhèu sabꞌa ètu rai.",eng,nfa,English,Dhao,6.3472,5.8779,6.0476
"as time passed, cain brought an offering to the lord from the fruit of the ground.","ca lod'o, kaen nèti isi rai na cahag'e, ka hia lamatua.","Èle èèna ka, Kain hia mèdha-panyau nèti dꞌara oka, sèna ka jꞌajꞌi korban hia Ama Lamatua. Èle èèna ka, Kain hia mèdha-panyau nèti dꞌara oka, sèna ka jꞌajꞌi korban hia Ama Lamatua. Èle èèna ka, Kain hia mèdha-panyau nèti dꞌara oka, sèna ka jꞌajꞌi korban hia Ama Lamatua. Èle èèna ka, Kain hia mèdha-panyau nèti dꞌara oka, sèna ka jꞌajꞌi mèdha-panyau nèti dꞌara oka.","Èle èèna ka, Kain hia mèdha-panyau nèti hua d'ara oka hia Ama Lamatua.",eng,nfa,English,Dhao,3.2549,10.739,12.7163
"abel also brought some of the firstborn of his flock and of its fat. the lord respected abel and his offering,","habel nèti ana-ana uuru kahib'i-kalèbho na. na roro kahib'i-kalèbho se, ka nèti sisi dhu be'a hia lamatua. d'ara ama lamatua karej'e ropa ladhe nèdhi korban nèti habel ne.","Èle èèna ka, Habel hia mèdha-panyau kahibꞌi-kalèbho na, dènge mèdha-panyau kahibꞌi-kalèbho na, sèna ka Ama Lamatua sue Habel, aa hia mèdha-panyau kahibꞌi-kalèbho na, sèna ka Ama Lamatua sue Habel, aa hia mèdha-panyau kahibꞌi-kalèbho na, sèna ka Ama Lamatua padꞌelo dꞌara hua iia Na mi Habel, aa hia mèdha-panyau kahibꞌi-kalèbho na.",Habel kahèi hia mèdha persembahan nèti ana uuru nèti kahib'i-kalèbho na dènge mèdha na. Ama Lamatua sue Habel dènge mèdha persembahan na.,eng,nfa,English,Dhao,7.7357,0.0659,4.7828
"but he didn't respect cain and his offering. cain was very angry, and the expression on his face fell.","te ngaa na d'èi boe korban unu kaen. hèia kaen nasa bia, ka rèhu na mare boe.","Èle èèna ka, Kain dꞌèi dꞌara, te ngaa Kain dꞌèi dꞌèi dꞌèi dꞌèi dꞌèi dꞌèi dꞌèi dꞌèi dꞌèi dꞌèi dꞌèi dꞌèi dꞌèi dꞌèi dꞌèi dꞌèi dꞌèi dꞌèi dꞌèi dꞌèi dꞌèi dꞌèi dꞌèi dꞌèi dꞌèi dꞌèi dꞌèi dꞌèi dꞌèi dꞌèi dꞌèi dꞌèi dꞌèi dꞌèi dꞌèi dꞌèi dꞌèi dꞌèi dꞌèi dꞌèi dꞌèi dꞌèi dꞌèi dꞌèi dꞌèi dꞌèi dꞌèi dꞌèi dꞌèi dꞌèi dꞌèi dꞌèi dꞌèi dꞌèi dꞌèi dꞌèi dꞌèi dꞌèi dꞌèi.","Èle èèna ka, Kain dꞌèi dꞌara, te ngaa Kain dꞌèi dꞌèi dꞌèi dꞌèi dꞌèi dꞌèi dꞌèi dꞌèi dꞌèi dꞌèi dꞌèi dꞌèi dꞌèi dꞌèi dꞌèi dꞌèi dꞌèi dꞌèi dꞌèi dꞌèi dꞌèi dꞌèi dꞌèi dꞌèi dꞌèi dꞌèi dꞌèi dꞌèi dꞌèi dꞌèi dꞌèi dꞌèi dꞌèi dꞌèi dꞌèi dꞌèi dꞌèi dꞌèi dꞌèi dꞌèi dꞌèi dꞌèi dꞌèi dꞌèi dꞌèi dꞌèi dꞌèi dꞌèi dꞌèi dꞌèi dꞌèi dꞌèi dꞌèi dꞌèi dꞌèi dꞌèi dꞌèi dꞌèi dꞌèi.",eng,nfa,English,Dhao,0.0,0.0,0.0
"the lord said to cain, why are you angry? why has the expression of your face fallen?","ka lamatua lii dènge kaen, aku nèngu na, kaen! nga tao ka èu nasa sèmi èèna, ka rèhu èu mare boe?","Hèia Lamatua peka dènge Kain, aku Nèngu na, ""Nga tao ka èu nasa? Nga tao ka dꞌara èu bhelu-katubꞌa?","Hèia Lamatua peka dènge Kain, aku Nèngu na, ""Nga tao ka èu nasa? Nga tao ka dꞌara èu bhelu-katubꞌa?",eng,nfa,English,Dhao,0.0,0.0,0.0
"if you do well, won't it be lifted up? if you don't do well, sin crouches at the door. its desire is for you, but you are to rule over it.","ladhe tatao èu be'a, na ja'a sèmi èu dènge hua iia. de mu pangee uuru ku! ladhe èu tao bhelu, na bhabhelu èèna na'e hari èu, sama sèmi meo neo pacèli maraho. de sèmi èu neo tao bhabhelu, be'a risi core eele ka!","te ngaa ladhe èu tao jꞌara beꞌa, bèli-camèdꞌa dhèu aaꞌi-aaꞌi sèra dꞌèlu-mèu. Te ngaa ladhe èu tao jꞌara beꞌa, bèli-camèdꞌa dhèu aaꞌi-aaꞌi sèra dꞌèlu-mèu. Aa ladhe èu tao jꞌara beꞌa, bèli-camèdꞌa dhèu aaꞌi-aaꞌi sèra dꞌèlu-mèu.","Ladhe èu tao j'ara be'a, na, ngi'u èu dhu pakab'ua boe? Ladhe èu tao j'ara be'a boe, na, sasala-sasigo dhu mèdhi-mèka ètu hèb'a ro'a. Dad'èi na nuka mi èu, te ngaa èu hud'i paredha ne.",eng,nfa,English,Dhao,7.1373,4.6538,5.8541
"cain said to abel, his brother, let's go into the field. while they were in the field, cain rose up against abel, his brother, and killed him.","ca tèka, kaen gale habel, na peka na, mai lati ngad'o oka, we. ropa dua ra d'ai d'ara oka, kaen kalabhe pamadhe ari na.","Èle èèna ka, Kain peka dènge aꞌari na Abel, aku nèngu na, ""Lamu laꞌe asa dꞌara oka."" Ropa tadèngi lii padhai Ama Lamatua, Kain patangi-tenge aꞌari na Abel, ka na pamadhe ne.","Èle èèna ka, Kain peka dènge aꞌari na Abel, aku nèngu na, ""Lamu laꞌe asa dꞌara oka."" Ropa rèngu pea ètu d'ara oka, Kain patangi-tenge aꞌari na Abel, ka na pamadhe ne.",eng,nfa,English,Dhao,5.9927,2.6306,3.5828
"the lord said to cain, where is abel, your brother? he said, i don't know. am i my brother's keeper?","ka lamatua karèi kaen, aku nèngu na, kaen! ari mu ka mia? hèia kaen dhaa, aku nèngu na, ja'a ke'a boe na ètu mia! èu ngee na, ja'a dhèu kèpe haga na, do?","Hèia dhèu aae karèi Kain, aku nèngu na, ""Abel, aꞌari èu, ètu mia?"" Ka Kain dhaa, aku nèngu na, ""Jaꞌa keꞌa boe.","Hèia Ama Lamatua karèi Kain, aku nèngu na, ""Abel, aꞌari èu, ètu mia?"" Ka Kain dhaa, aku nèngu na, ""Jaꞌa keꞌa boe. Hud'i ja'a j'aga a'ari ja'a, do?""",eng,nfa,English,Dhao,2.3275,8.0199,5.2621
"the lord said, what have you done? the voice of your brother's blood cries to me from the ground.","ka lamatua b'ala, nga tao ka èu bhelu sèmi èèna? baku pangee na, èu pahuni more le raa ari èu ètu d'ara rai, te ja'a dhu kèdhi aa'i-aa'i le!","Hèia dhèu aae karèi, aku nèngu na, ""Tasamia ka èu tao sèmi èèna? Lodꞌo èèna, dꞌara èu dꞌèi padhai lii dènge jaꞌa nèti rai.","Hèia dhèu aae karèi, aku nèngu na, ""Tasamia ka èu tao sèmi èèna? Lii raa a'ari mu pa'oo-parodha asa ja'a nèti rai.""",eng,nfa,English,Dhao,0.8831,3.1612,2.2243
"now you are cursed because of the ground, which has opened its mouth to receive your brother's blood from your hand.","de lii dhoo lèke le mi dedha èu. lod'o èu pamadhe ari èu, rai sakid'o nare raa na. de limuri ne, rai bisa heka nèti mamuri mi èu.","Nèti èèna ka, èu jꞌajꞌi dhèu pajuu-paleha, lula èu jꞌajꞌi dhèu pajuu-paleha aae èu. Èu jꞌajꞌi dhèu pajuu-paleha, lula èu jꞌajꞌi dhèu pajuu-paleha aae èu. Èu jꞌajꞌi dhèu pajuu-paleha, lula èu jꞌajꞌi dhèu pajuu-paleha aae èu. Èu jꞌajꞌi dhèu pajuu-paleha, lula èu jꞌajꞌi dhèu pajuu-paleha aae èu. Èu jꞌajꞌi dhèu pajuu-paleha, lula èu jꞌajꞌi dhèu pajuu-paleha, lula èu jꞌajꞌi dhèu pajuu-paleha.","Limuri ne, èu dhoo med'a, lula rai dhu bhoke hèb'a na ho sèmi nare raa a'ari mu nèti ai mu.",eng,nfa,English,Dhao,3.653,11.1697,12.4422
"from now on, when you till the ground, it won't yield its strength to you. you will be a fugitive and a wanderer in the earth.","de ladhe èu sab'a oka-tedhe, rai ne hia heka èu ngaa-ngaa. nèti deo ne'e, èu lu'u sa haa-sa dhimu, sèmi dhèu dhu dènge boe era paleo-palu'u.","Bèli-camèdꞌa, èu pakajꞌèu ètu rai-haha ne. Èèna na èu jꞌajꞌi dhèu rai-haha. Èu jꞌajꞌi dhèu rai-haha. Èu jꞌajꞌi dhèu rai-haha ètu rai-haha ne.","Bèli-camèdꞌa, ladhe èu pakajꞌèu rai-haha, na pua boe koasa na mi èu. Èu jꞌajꞌi dhèu dhu lèpa dènge dhèu dhu lolo-lolo ètu rai-haha.",eng,nfa,English,Dhao,4.7452,10.204,9.8995
"cain said to the lord, my punishment is greater than i can bear.","te ngaa kaen b'ala lamatua, aku nèngu na, haii! ama lamatua, ee! lamatua dhoo ja'a bia titu kèna, de ja'a pasae mèke boe nga.","Hèia Kain peka dènge Ama Lamatua, aku nèngu na, ""Jaꞌa abhu jꞌajꞌèra dhu kapai risi nèti dꞌara jaꞌa. Jaꞌa abhu jꞌajꞌèra dhu kapai risi nèti dꞌara jaꞌa. Jaꞌa abhu jꞌajꞌèra dhu kapai risi nèti dꞌara jaꞌa.""","Hèia Kain peka dènge Ama Lamatua, aku nèngu na, ""Jaꞌa abhu jꞌajꞌèra dhu kapai risi nèti dꞌara jaꞌa.""",eng,nfa,English,Dhao,5.1517,-0.413,1.2969
"behold, you have driven me out today from the surface of the ground. i will be hidden from your face, and i will be a fugitive and a wanderer in the earth. whoever finds me will kill me.","lula lamatua bège eele ja'a nèti era ne'e, ja'a kaj'èu nèti ama lamatua. ja'a kako lole-laa asa mia-mia. de ladhe paraga dènge dhèu, èèna na ra pamadhe ja'a.","ladhe sèmi èèna, èu paꞌele iie jaꞌa nèti rai-haha ne. Nèti èèna ka, bèli-camèdꞌa jaꞌa pakajꞌèu ètu rai-haha ne. Jaꞌa jꞌajꞌi dhèu dhu rai-haha ne. Dhèu aaꞌi-aaꞌi dhu paraga dènge jaꞌa, bèli-camèdꞌa ètu rai-haha ne, bèli-camèdꞌa dhèu rai-haha ne. Dhèu aaꞌi-aaꞌi dhu paraga dènge jaꞌa, bèli-camèdꞌa ra pamadhe jaꞌa.","Nanene! èu pa'ele iie ja'a lod'o ne'e nèti rai-haha ne. Ja'a bèli-camèd'a pahuni nèti madha èu, aa ja'a j'aj'i dhèu dhu kako la'e-mai ètu rai-haha ne. Dhèu aa'i-aa'i dhu paraga dènge ja'a, bèli-camèd'a ra pamadhe ja'a.",eng,nfa,English,Dhao,8.9049,6.1102,8.6041
"the lord said to him, therefore whoever slays cain, vengeance will be taken on him sevenfold. the lord appointed a sign for cain, so that anyone finding him would not strike him.","te ngaa lamatua dhaa na, aad'o sèmi èèna! dhèu cee dhu pamadhe èu, èèna na ja'a huku ne, babia na pidhu hari risi nèti èu. hèia lamatua tao tadha mi kaen, sèna ka dhèu re'a ho baku pamadhe ne.","Hèia Lamatua peka dènge Kain, aku nèngu na, ""Nèti èèna ka, ladhe abhu dhèu dhu pamadhe Kain, bèli-camèdꞌa Ama Lamatua pamaꞌète dꞌara na pidhu hari."" Hèia Lamatua pajꞌujꞌu ca kacui-aai, sèna ka dhèu aaꞌi-aaꞌi bisa boe paraga dènge Kain, sèna ka dhèu aaꞌi-aaꞌi bisa boe paraga dènge ne.","Hèia Lamatua peka dènge Kain, aku nèngu na, ""Nèti èèna ka, ladhe abhu dhèu dhu pamadhe Kain, bèli-camèdꞌa Ama Lamatua pamaꞌète dꞌara na pidhu hari."" Hèia Lamatua pajꞌujꞌu ca kacui-aai mi Kain, sèna ka dhèu dhu rage ne, bisa boe tèb'a ne.",eng,nfa,English,Dhao,2.7877,0.7195,2.1399
"cain left the lord's presence, and lived in the land of nod, east of eden.","hèia kaen tèke eele dènge era èèna. la'e pakaj'èu nèti lamatua, asa era èci, ètu bèka dhimu oka eden. era ne'e, ngara na nod dhu sasoa na, ‘lole-laa'. ka na pea ètu era èèna.","Èle èèna ka, Kain lèpa nèti madha Ama Lamatua, laꞌe pea ètu rai Nod, ètu sebhe rai Eden.","Èle èèna ka, Kain lèpa nèti madha Ama Lamatua, laꞌe pea ètu rai Nod, ètu sebhe rai Eden.",eng,nfa,English,Dhao,0.0,0.0,0.0
"cain knew his wife. she conceived, and gave birth to enoch. he built a city, and named the city after the name of his son, enoch.","hèia kaen leo-èmu, ka dhèu èmu na dènge babia. ka nara iisi ana mone ca dhèu, dhu pangare na henok. hèia kaen patitu rae cue, ngara na henok, madhutu ngara ana na.","Èle èèna ka, Kain paraga dènge dhèu èmu na. Ka bhèni ne jꞌajꞌi ana mone, ngara na Henok. Ka Kain patitu kota èci, dènge ngara ana na, Henok.","Èle èèna ka, Kain paraga dènge dhèu èmu na. Ka bhèni ne dènge babia, hèia nara iisi ana mone, ngara na Henok. Ka Kain patitu kota èci, hèia na pangare kota èèna dènge ngara ana na, Henok.",eng,nfa,English,Dhao,9.1853,12.8775,11.3713
irad was born to enoch. irad became the father of mehujael. mehujael became the father of methushael. methushael became the father of lamech.,"ka henok matana irad. hèia irad matana mehuyael. mehuyael matana metusael. aa ana metusael, lamek.","Erod, ama na, Henok. Erod, ama na, Mehual. Mehual, ama na, Metusela. Metusela, ama na, Lamek.",Henok matana Erod. Erod matana Mehual. Mehual matana Metusela. Metusela matana Lamek.,eng,nfa,English,Dhao,1.1968,12.1921,10.9505
"lamech took two wives: the name of the first one was adah, and the name of the second one was zillah.","dhèu èmu lamek, dhèu dua. èci ngara na ada, aa ca dhèu hari, ngara na sila.","Èle èèna ka, Lamek jꞌajꞌi dhèu èmu dua. Dhèu èmu ca dhèu, ngara na Adah, aa ca dhèu, ngara na Zela.","Èle èèna ka, Lamek nare dhèu èmu dua. Dhèu èmu ca dhèu, ngara na Adah, aa ca dhèu, ngara na Zela.",eng,nfa,English,Dhao,2.2495,0.4397,0.4324
"adah gave birth to jabal, who was the father of those who dwell in tents and have livestock.","ana ada, ngara na yabal. ana-èpu na, j'aj'i dhèu piara badha. mamuri ra ètu boe ca era, aa ra pea dhoka ètu d'ara paleo di.","Adah jꞌajꞌi ama na, Jabal. Na jꞌajꞌi ama dhèu aaꞌi-aaꞌi dhu mamuri ètu dꞌara hèbꞌa dènge kahibꞌi-kalèbho.","Adah nara iisi Jabal, na jꞌajꞌi ama dhèu aaꞌi-aaꞌi dhu mamuri ètu dꞌara hèbꞌa dènge kahibꞌi-kalèbho.",eng,nfa,English,Dhao,-0.0462,-0.6139,-1.2442
"his brother's name was jubal, who was the father of all who handle the harp and pipe.","ari yabal, ngara na yubal. ana-èpu yubal, j'aj'i dhèu gai sasadhu, dènge tiu sakino.","aꞌari na èci, ngara na Yubal. Yubal ne, ama dhèu aaꞌi-aaꞌi dhu pakèdꞌi haripa dènge kacui-aai.","aꞌari na èci, ngara na Yubal. Yubal ne, ama dhèu aaꞌi-aaꞌi dhu pakèdꞌi sasadhu dènge sakino.",eng,nfa,English,Dhao,3.1384,9.9862,9.4732
"zillah also gave birth to tubal cain, the forger of every cutting instrument of bronze and iron. tubal cain's sister was naamah.","dhèu èmu lamek èci hari, sila, nara iisi tubal kaen. ana-èpu na j'aj'i tuka bèsi, ka ra tuku mèdha ae-ae tao nèti bèsi, dènge tabaga. ana hèni tubal kaen, ngara na na'ama.","silah jꞌajꞌi ana iiki na, tubal cain, dhèu dhu pajꞌujꞌu aaꞌi mèdha-panyau aaꞌi-aaꞌi dhu rèti bèdho dènge bèdho aaꞌi-aaꞌi. Nèngu ne, ana bhèni cain, na, Naama. Nèngu ka dhu pajꞌujꞌu aaꞌi mèdha-panyau aaꞌi-aaꞌi dhu rèti bèdho aaꞌi-aaꞌi dhu rèti bèdho aaꞌi-aaꞌi dhu rèti bèdho aaꞌi-aaꞌi.","silah jꞌajꞌi ana iiki na, tubal cain, dhèu dhu pajꞌujꞌu aaꞌi mèdha-panyau dhu rèti panyau, dhu rèti bèdho dènge bèsi. Ana bhèni Tubal Cain nuka Naama.",eng,nfa,English,Dhao,1.6806,-0.61,0.043
"lamech said to his wives, adah and zillah, hear my voice. you wives of lamech, listen to my speech, for i have slain a man for wounding me, a young man for bruising me.","ca tèka, lamek padedha iisi na ètu madha dhèu èmu dua ra, peka na, mi nanene, ee! deo na, ana mone ngèru èci neo game ja'a. te ngaa ja'a dhadhedhe ne, toke madhe.","Èle èèna ka, Lamek peka dènge dhèu èmu-kamali na, Adah dènge Zillah, aku nèngu na, ""Hudꞌi laa! Miu dhèu èmu-kamali Lamatua, nanene lii padhai jaꞌa ne! Te jaꞌa pamadhe dhèu èci, lula nèngu pamadhe jaꞌa. Aa jaꞌa pamadhe ana mone èci, lula nèngu pamadhe jaꞌa.","Èle èèna ka, Lamek peka dènge dhèu èmu-kamali na, Adah dènge Zillah, aku nèngu na, ""Hudꞌi laa! Miu dhèu èmu-kamali Lamek, nanene lii padhai jaꞌa ne! Te jaꞌa pamadhe dhèu èci, lula nèngu tao pèd'a ja'a. Aa jaꞌa pamadhe ana mone èci, lula nèngu tao pèd'a ja'a.",eng,nfa,English,Dhao,2.7917,1.2266,1.6394
"if cain will be avenged seven times, truly lamech seventy-seven times.","dhèu dhu pamadhe kaen, abhu huku pidhu hari. te ngaa cee ka dhu neo b'ala ho pamadhe ja'a, abhu huku pidhu nguru pidhu hari.","bèli-camèdꞌa Ama Lamatua bhelu-katubꞌa dhèu bhelu-katubꞌa ètu dꞌara rai-haha ne, pidhu nguru nguru nguru jꞌajꞌèra, te ngaa Lamatua bhelu-katubꞌa dhèu bhelu-katubꞌa dènge dhèu bhelu-katubꞌa ètu dꞌara rai-haha ne, pidhu nguru nguru jꞌajꞌèra, te ngaa ladhe Lamatua bhelu-katubꞌa dhèu bhelu-katubꞌa ètu dꞌara rai-haha ne, bèli-camèdꞌa dhèu bhelu-katubꞌa ètu dꞌara rai-haha ne, bèli-camèdꞌa dhèu bhelu-katubꞌa ètu dꞌara rai-haha ne.","Ladhe Kaen na bhelu-katub'a pidhu hari, bèli-camèd'a Lamek pidhu nguru pidhu hari.",eng,nfa,English,Dhao,19.0103,7.8188,12.7234
"adam knew his wife again. she gave birth to a son, and named him seth, saying, for god has given me another child instead of abel, for cain killed him.","ka hawa nara iisi hari ana mone ca dhèu. hèia ra pangare ne, set dhu sasoa na, ‘hia', lula aku hawa na, ama lamatua hia ja'a ana ne, sèna ka gati madha habel, dhu kaen pamadhe ne.","Èle èèna ka, Adam paraga hari dènge dhèu èmu na. Ka bhèni ne nara iisi ana mone ca dhèu, ka ra pangare ne, Seth. Na peka, aku nèngu na, ""Lula Ama Lamatua hia jaꞌa ana mone ca dhèu di dhu paꞌèki dènge Habel, lula Kain pamadhe ne.""","Èle èèna ka, Adam j'unu pa'èci hari dènge dhèu èmu na. Ka bhèni ne nara iisi ana mone ca dhèu, ka na pangare ne, Seth. Na peka, aku nèngu na, ""Lula Ama Lamatua hia jaꞌa ana mone ca dhèu di dhu paꞌèki dènge Habel, lula Kain pamadhe ne.""",eng,nfa,English,Dhao,-2.4153,-1.1967,-1.5548
"a son was also born to seth, and he named him enosh. at that time men began to call on the lord's name.","pe d'ai nèbhu ku, set abhu ana mone ca dhèu, dhu pangare na enos. tèu èèna, dhèu mulai manèngi-mangaj'i mi ama lamatua.","Èle èèna ka, Seth nara iisi ana mone ca dhèu, ka ra pangare ne, Enos. Èle èèna ka, dhèu aaꞌi-aaꞌi paꞌoo-parodha dènge Lamatua.","Èle èèna ka, Seth nara iisi ana mone ca dhèu kahèi, ka nèngu pangare ne, Enosh. Èle èèna ka, dhèu aaꞌi-aaꞌi mulai paꞌoo-parodha dènge kolongara Lamatua.",eng,nfa,English,Dhao,-4.0675,3.3343,1.6368
"this is the book of the generations of adam. in the day that god created man, he made him in god's likeness. he created them male and female, and blessed them. on the day they were created, he named them adam.","lod'o ama lamatua paj'aj'i dhèu rai-haha, na tao si sama sèmi rupa nèngu. na paj'aj'i si, dhèu mone dènge dhèu bhèni. ka na pangare si ‘dhèu rai-haha', aa na hia si berkat. dhèu dhu uru, ngara na adam. ana-èpu adam, nuka sèmi ne'e ka:","Ètu dꞌara Sasuri Mola-Mèci, Ama Lamatua pajꞌajꞌi dhèu rai-haha, nuka sèmi Ama Lamatua. Na pajꞌajꞌi dhèu mone dènge dhèu bhèni. Ka Na pajꞌajꞌi si, nuka dhèu mone dènge dhèu bhèni. Èle èèna ka, Lamatua hagꞌe nare si, ngara na Adam.","Sasuri j'ara mamuri nèti Adam ne'e. Ètu lod'o dhu Ama Lamatua paj'aj'i dhèu rai-haha, Na tao ne sèmi rupa Ama Lamatua. Na paj'aj'i si mone dènge bhèni, aa Na pab'ua si. Ètu lod'o dhu Na paj'aj'i si, Na pangare si Adam.",eng,nfa,English,Dhao,3.5848,-0.0681,-0.0733
"adam lived one hundred thirty years, and became the father of a son in his own likeness, after his image, and named him seth.","lod'o adam d'ai ca ngasu tèlu nguru tèu, na matana ana mone ca dhèu, dhu rèhu na nare adam. ka pangare na, set.","Èle èèna ka, Adam mamuri ca tèu nguru tèu lodꞌo. Èle èèna ka, na nara iisi ana mone èci, nuka sèmi dhèu èmu-kamali na. Èle èèna ka, Adam hagꞌe nare ne, ngara na Seth.","Èle èèna ka, Adam mamuri cangasu dènge tèlu nguru tèu lod'o. Èle èèna ka, na nara iisi ana mone èci, sèmi rupa na mesa na. Èle èèna ka, Adam pangare ana ne, Seth.",eng,nfa,English,Dhao,6.8807,8.4534,6.6108
"the days of adam after he became the father of seth were eight hundred years, and he became the father of other sons and daughters.","ka adam mamuri hari d'ai aru ngasu tèu, hèia na abhu hari ana mone dènge ana bhèni.","Èle èèna ka, Adam mamuri toke dꞌai 800 tèu. Èle èèna ka, Adam jꞌajꞌi dhèu aae Seth.","Èle Adam matana Seth, na mamuri hari 800 tèu, aa na matana ana mone dènge ana bhèni dhu leo.",eng,nfa,English,Dhao,26.7933,28.696,28.9517
"all the days that adam lived were nine hundred thirty years, then he died.","umur adam ceo ngasu tèlu nguru tèu, heka madhe kèna.","Èle èèna ka, Adam mamuri nèu nguru tèlu nguru tèlu taun. Èle èèna ka, na madhe.","Adam mamuri nèu sio cangasu tèlu nguru taun, hèia na madhe.",eng,nfa,English,Dhao,8.1304,6.5051,6.4731
"seth lived one hundred five years, then became the father of enosh.","lod'o set d'ai ca ngasu lèmi tèu, na abhu ana mone ca dhèu, ngara na enos.","Lodꞌo Seth mamuri, nèngu abhu Enos.","Seth mamuri cangasu lèmi tèu, hèia na matana Enos.",eng,nfa,English,Dhao,13.0668,22.2463,19.8815
"seth lived after he became the father of enosh eight hundred seven years, and became the father of other sons and daughters.","ka set mamuri hari d'ai aru ngasu pidhu tèu, na abhu hari ana mone dènge ana bhèni.","Èle èèna ka, Seth mamuri nèti èèna ka, nèti èèna ka, na nara iisi Enos, dꞌai tèlu nguru pidhu tèu tèu. Èle èèna ka, na nara iisi ana-èpu na kahèi.","Èle èèna ka, Seth mamuri nèti na nara iisi Enos, dꞌai aru nguru pidhu tèu tèu, aa na nara iisi ana-èpu na kahèi.",eng,nfa,English,Dhao,4.7744,5.2376,5.6481
"all of the days of seth were nine hundred twelve years, then he died.","umur set ceo ngasu canguru dua tèu, heka madhe kèna.","Èle èèna ka, Seth mamuri nèu nguru canguru dua tèu, hèia na madhe.","Seth mamuri nèu siu nguru canguru dua ta'u, hèia na madhe.",eng,nfa,English,Dhao,-11.3722,-7.5129,-7.8622
"enosh lived ninety years, and became the father of kenan.","lod'o enos mamuri d'ai ceo nguru tèu, na matana ana mone ca dhèu, ngara na kenan.","Lodꞌo Enos mamuri, nèti èèna ka, na abhu Kenan.","Enos mamuri ceo nguru tèu, hèia matana Kenan.",eng,nfa,English,Dhao,11.5783,17.7016,17.0538
"enosh lived after he became the father of kenan eight hundred fifteen years, and became the father of other sons and daughters.","ka enos mamuri hari d'ai aru ngasu canguru lèmi tèu, na abhu hari ana mone dènge ana bhèni.","Èle èèna ka, Henos abhu kahèi kahèi kahèi kahèi. Na abhu kahèi ana mone dènge ana bhèni cahagꞌe.","Henos taha aru cangasu canguru lèmi tèu èle na matana Kenan, aa na matana ana mone dènge ana bhèni cahag'e.",eng,nfa,English,Dhao,18.4508,17.1793,15.3601
"all of the days of enosh were nine hundred five years, then he died.","umur enos ceo ngasu lèmi tèu, heka madhe kèna.","Nèti èèna ka, Henos mamuri toke dꞌai nèu nguru lèmi tèu, hèia na madhe.","Henos mamuri toke dꞌai nèu sio cangasu lèmi tèu, hèia na madhe.",eng,nfa,English,Dhao,8.4995,8.5289,7.0017
"kenan lived seventy years, then became the father of mahalalel.","lod'o kenan d'ai pidhu nguru tèu, na matana ana mone ca dhèu, ngara na mahalalel.","Èle èèna ka, Kenan mamuri dènge pidhu nguru tèu. Èle èèna ka, na abhu Amalel.","Kenan mamuri pidhu nguru tèu, hèia na matana Mahalalel.",eng,nfa,English,Dhao,4.5041,13.2561,12.4059
"kenan lived after he became the father of mahalalel eight hundred forty years, and became the father of other sons and daughters","ka kenan mamuri hari d'ai aru ngasu èpa nguru tèu, ka na abhu hari ana mone dènge ana bhèni.","Èle èèna ka, Kenan mamuri toke dꞌai èpa nguru èpa nguru èpa lodꞌo. Èle èèna ka, na abhu ana mone dènge ana bhèni cahagꞌe kahèi.","Kenan mamuri aru nguru èpa nguru tèu èle na matana Mahalalel, aa na matana ana mone dènge ana bhèni cahagꞌe kahèi.",eng,nfa,English,Dhao,10.7429,3.6624,3.2087
"and all of the days of kenan were nine hundred ten years, then he died.","umur kenan ceo ngasu canguru tèu, heka madhe kèna.","Èle èèna ka, Kenan mamuri nèu nguru canguru tèu, hèia na madhe.","Èle èèna ka, Kenan mamuri nèu si'o nguru canguru tèu, hèia na madhe.",eng,nfa,English,Dhao,-2.1277,1.1168,0.3701
"mahalalel lived sixty-five years, then became the father of jared.","lod'o mahalalel d'ai èna nguru lèmi tèu, na abhu ana mone ca dhèu, ngara na yared.","Nèti èèna ka, na mamuri èpa nguru nguru nguru tèu. Èle èèna ka, na abhu dhèu èci, ngara na Yared. Èle èèna ka, Ama Lamatua pajꞌujꞌu dhèu aaꞌi-aaꞌi ètu dꞌara Èmu Kapua Manèngi-Mangajꞌi ètu dꞌara Èmu Kapua Manèngi-Mangajꞌi ètu dꞌara Èmu Kapua Manèngi-Mangajꞌi ètu dꞌara Èmu Kapua Manèngi-Mangajꞌi ètu dꞌara Èmu Kapua Manèngi-Mangajꞌi ètu dꞌara Èmu Kapua Manèngi-Mangajꞌi ètu dꞌara Èmu Kapua Manèngi-Mangajꞌi ètu dꞌara Èmu Kapua Manèngi-Mangajꞌi.","Mahalalel mamuri èna nguru lèmi tèu, hèia na matana Yared.",eng,nfa,English,Dhao,24.4829,16.5933,20.0367
"mahalalel lived after he became the father of jared eight hundred thirty years, and became the father of other sons and daughters.","ka mahalalel mamuri hari d'ai aru ngasu tèlu nguru tèu, na abhu hari ana mone dènge ana bhèni.","Èle èèna ka, Naamalele mamuri èpa nguru tèlu dènge tèlu nguru tèu. Èle èèna ka, na nara iisi Yared. Na nara iisi hari ana mone dènge ana bhèni.","Naamalele nara iisi Yared. Èle èèna ka, na mamuri èpa nguru tèlu nguru dènge tèlu nguru tèu. Dènge na nara iisi hari ana mone dènge ana bhèni.",eng,nfa,English,Dhao,1.086,0.6394,0.6798
"all of the days of mahalalel were eight hundred ninety-five years, then he died.","umur mahalalel aru ngasu ceo nguru lèmi tèu, heka na madhe kèna.","Nèti èèna ka, na mamuri lèmi nguru nguru nguru tèu nguru nguru nguru nguru tèu. Èle èèna ka, na madhe.","Lod'o mamuri Mahalalel aa'i-aa'i na aru cangasu sio nguru lèmi tèu. Èle èèna ka, na madhe.",eng,nfa,English,Dhao,12.0615,24.2576,20.7815
"jared lived one hundred sixty-two years, then became the father of enoch.","lod'o yared d'ai cangasu èna nguru dua tèu, na abhu ana mone ca dhèu, ngara na henok.","Èle èèna ka, Yared mamuri ca tèu èpa nguru dua tèu. Èle èèna ka, na nara iisi Henok.","Èle èèna ka, Yared mamuri ca tèu èna nguru dua tèu. Èle èèna ka, na matana Henok.",eng,nfa,English,Dhao,8.3763,2.171,3.0475
"jared lived after he became the father of enoch eight hundred years, and became the father of other sons and daughters.","ka yared mamuri d'ai aru ngasu tèu, na abhu hari ana mone dènge ana bhèni.","Èle èèna ka, Yared mamuri heka dꞌai ètu dꞌara nguru nguru tèu, toke na nara iisi Henok. Hèia na nara iisi hari ana mone dènge ana bhèni cahagꞌe.",Yared mamuri heka dꞌai ètu dꞌara aru nguru tèu èle na nara iisi Henok. Hèia na nara iisi hari ana mone dènge ana bhèni cahagꞌe.,eng,nfa,English,Dhao,1.879,1.0246,0.7418
"all of the days of jared were nine hundred sixty-two years, then he died.","umur yared ceo ngasu èna nguru dua tèu, heka madhe kèna.","Nèti èèna ka, Yared mamuri nèu nguru tèu nguru dua tèu, hèia na madhe.","Yared mamuri nèu ceo cangasu èna nguru dua tèu, hèia na madhe.",eng,nfa,English,Dhao,20.5721,15.9089,15.5211
"enoch lived sixty-five years, then became the father of methuselah.","ropa henok mamuri d'ai èna nguru lèmi tèu, na matana ana mone ca dhèu, ngara na metusalak.","Henok mamuri èpa nguru nguru tèu. Èle èèna ka, na abhu Metuselah.","Henok mamuri èna nguru lèmi tèu. Èle èèna ka, na matana Metuselah.",eng,nfa,English,Dhao,22.4853,16.6308,17.5454
"after methuselah's birth, enoch walked with god for three hundred years, and became the father of more sons and daughters.","ele èèna, henok mamuri d'ara èci dènge ama lamatua d'ai tèlu ngasu tèu. ka na abhu hari ana mone dènge ana bhèni.","Èle èèna ka, Henok jꞌajꞌi dhèu unu Ama Lamatua, toke dꞌai tèlu nguru tèu. Hèia na nara iisi ana mone dènge ana bhèni.","Èle Metusalak nara iisi ka, Henok jꞌajꞌi dhèu unu Ama Lamatua, toke dꞌai tèlu nguru tèu. Hèia na nara iisi ana mone dènge ana bhèni hari.",eng,nfa,English,Dhao,-5.6399,-1.4566,-2.4189
"all the days of enoch were three hundred sixty-five years. enoch walked with god, and he was not found, for god took him.","na mamuri d'ara èci dènge ama lamatua. hèia lod'o na d'ai tèlu ngasu èna nguru lèmi tèu, ka na ele, lula ama lamatua paca'e ne sa dedha.","Henok mamuri toke dꞌai tèlu nguru tèlu nguru nguru nguru nguru tèu. Na mamuri paꞌèci dènge Ama Lamatua. Nèti èèna ka, dhèu rèdhi boe ne, lula Ama Lamatua hagꞌe nare ne.","Henok mamuri toke dꞌai tèlu nguru èna nguru lèmi tèu. Na mamuri paꞌèci dènge Ama Lamatua. Nèti èèna ka, dhèu rèdhi boe ne, lula Ama Lamatua hagꞌe nare ne.",eng,nfa,English,Dhao,12.5487,8.0761,8.3226
"methuselah lived one hundred eighty-seven years, then became the father of lamech.","lod'o metusalak d'ai cangasu aru nguru pidhu tèu, na matana ana mone èci, ngara na lamek.","Èle èèna ka, Metus mamuri ca lodꞌo nguru nguru nguru pidhu tèu. Èle èèna ka, na abhu Lamek.","Metus mamuri cangasu aru nguru pidhu tèu, hèia na matana Lamek.",eng,nfa,English,Dhao,14.2429,13.5428,15.5792
"methuselah lived after he became the father of lamech seven hundred eighty-two years, and became the father of other sons and daughters.","èle èèna ka, metusalak mamuri hari d'ai pidhu ngasu aru nguru dua tèu, ka na abhu hari ana mone dènge ana bhèni.","Èle èèna ka, Metus mamuri limuri èpa ngasu dua tèu. Èle èèna ka, na nara iisi Lamek, dènge ana mone dènge ana bhèni cahagꞌe.","Metus nara iisi Lamek, hèia na mamuri hari pitu ngasu aru nguru dua tèu, dènge na nara iisi ana mone dènge ana bhèni cahag'e.",eng,nfa,English,Dhao,11.0153,10.825,9.6978
"all the days of methuselah were nine hundred sixty-nine years, then he died.","umur metusalak ceo ngasu èna nguru ceo tèu, heka madhe kèna.","Èle èèna ka, Metuselah mamuri nèu nguru nguru èpa nguru tèu. Èle èèna ka, na madhe.","Metuselah mamuri nèu sio cangasu èna nguru sio tèu, hèia na madhe.",eng,nfa,English,Dhao,17.9097,14.2629,14.5469
"lamech lived one hundred eighty-two years, then became the father of a son.","lod'o lamek mamuri d'ai ca ngasu aru nguru dua tèu, na matana ana mone ca dhèu.","Èle èèna ka, Lamek pea dènge lodꞌo èci nguru nguru dua tèu. Èle èèna ka, na abhu ana mone ca dhèu.","Lamek pea lodꞌo èci nguru nguru dua tèu, èle èèna ka, na matana ana mone ca dhèu.",eng,nfa,English,Dhao,19.8904,12.7537,13.6873
"he named him noah, saying, this one will comfort us in our work and in the toil of our hands, caused by the ground which the lord has cursed.","lamek pangare ne noh dhu sasoa na ‘pakarej'e d'ara', lula na peka na, ana ne, èèna na pakarej'e d'ara èdhi nèti sasab'a dhu bia, ètu rai dhu ama lamatua dhoo le.","Na pangare ne, Noh, aku nèngu na, ""Dhèu neꞌe neꞌe ka dhu hia èdhi ètu dꞌara jꞌajꞌèra-jꞌajꞌèra èdhi, dhu Lamatua hagꞌe nare le rai-haha ne. Nèti èèna ka, èdhi aaꞌi-aaꞌi ètu dꞌara jꞌajꞌèra èdhi. Nèti èèna ka, èdhi aaꞌi-aaꞌi ètu dꞌara jꞌajꞌèra-jꞌajꞌèra èdhi, dhu Lamatua hagꞌe nare le rai-haha ne. Nèti èèna ka, èdhi aaꞌi-aaꞌi ètu dꞌara jꞌajꞌèra èdhi aaꞌi-aaꞌi ètu dꞌara jꞌajꞌèra èdhi.""","Na pangare ne, Noh, aku nèngu na, ""Dhèu ne'e ne'e ka dhu pa'èra d'ara èdhi ètu d'ara j'aj'èra èdhi dènge j'aj'èra kacui-aai èdhi, nèti rai-haha dhu Lamatua dhoo le.""",eng,nfa,English,Dhao,12.8292,7.5401,8.7805
"lamech lived after he became the father of noah five hundred ninety-five years, and became the father of other sons and daughters.","ka lamek mamuri taruu d'ai lèmi ngasu ceo nguru lèmi tèu, aa na abhu hari ana mone dènge ana bhèni.","Èle èèna ka, Lamek mamuri toke dꞌai nguru nguru nguru nguru nguru nguru nguru nguru nguru nguru nguru tèu. Èle èèna ka, Lamek jꞌajꞌi dhèu aaꞌi-aaꞌi, ngara na Noh.","Lamek mamuri lèmi cangasu dènge ceo nguru lèmi tèu èle na j'aj'i matana Noh, aa j'aj'i matana ana mone dènge ana bhèni leo-leo.",eng,nfa,English,Dhao,27.1612,30.5643,32.2547
"all the days of lamech were seven hundred seventy-seven years, then he died.","umur lamek pidhu ngasu pidhu nguru pidhu tèu, heka na madhe kèna.","Nèti èèna ka, Lamek mamuri dènge pidhu nguru dènge pidhu nguru pidhu taun. Hèia na madhe.",Lamek mamuri dènge pidhu ngasu pidhu nguru pidhu taun. Hèia na madhe.,eng,nfa,English,Dhao,22.8209,9.8683,11.0805
"noah was five hundred years old, then noah became the father of shem, ham, and japheth.","lod'o noh mamuri d'ai lèmi ngasu tèu, na matana ana mone dhèu tèlu, sem, yafet dènge ham.","Èle èèna ka, dhèu aaꞌi-aaꞌi ra jꞌajꞌi dhèu aaꞌi-aaꞌi ra. Èle èèna ka, dhèu aaꞌi-aaꞌi ra jꞌajꞌi dhèu aaꞌi-aaꞌi ra. Èle èèna ka, dhèu aaꞌi-aaꞌi ra jꞌajꞌi dhèu aaꞌi-aaꞌi ra. Nèti èèna ka, dhèu aaꞌi-aaꞌi ra jꞌajꞌi dhèu aaꞌi-aaꞌi ra.","Noh mamuri lèmi cangasu tèu. Hèia Noh matana Sem, Ham, dènge Yafet.",eng,nfa,English,Dhao,6.5438,22.5566,21.2644
"when men began to multiply on the surface of the ground, and daughters were born to them,","taa èèna, dhèu rai-haha, asa bèba-kacanga. ka ra papala-palème rai-haha. dhèu se matana kahèi ana-ana bhèni.","Èle èèna ka, dhèu rai-haha jꞌajꞌi dhèu ae-ae ètu rai-haha ne, aa ra abhu ana bhèni kahèi.","Èle èèna ka, dhèu rai-haha jꞌajꞌi dhèu ae-ae ètu rai-haha ne, aa ra abhu ana bhèni kahèi.",eng,nfa,English,Dhao,0.0,0.0,0.0
"god's sons saw that men's daughters were beautiful, and they took any that they wanted for themselves as wives.","ana-ana mone nèti lamatua ladhe rèdhi ana bhèni nèti dhèu rai-haha se, bhèni iia hua. ka lasi todhe rare ana bhèni mia dhu ra d'èi.","Èle èèna ka, ana-ana Ama Lamatua ladhe rèdhi, na, ana-èpu dhèu aaꞌi-aaꞌi se dhèu bhèni dhu beꞌa. Hèia ra jꞌajꞌi dhèu èmu-kamali aaꞌi-aaꞌi dhu ra dꞌèi.","Èle èèna ka, ana-ana Ama Lamatua ladhe rèdhi, na, ana-èpu dhèu dhu beꞌa. Hèia ra jꞌajꞌi dhèu èmu-kamali aaꞌi-aaꞌi dhu ra dꞌèi.",eng,nfa,English,Dhao,1.0579,-2.7891,-2.3266
"the lord said, my spirit will not strive with man forever, because he also is flesh; so his days will be one hundred twenty years.","ka lamatua peka na, ja'a roca le dènge tatao dhèu dhu lèke-lèke boe se. roh ja'a dhu pamamuri rèngu sa, d'èi heka hia ra mamuri manèro. hud'i rèngu madhe ku. de èèna na, mamuri rèngu se dhoka d'ai ca ngasu dua nguru tèu di.","Hèia Lamatua dhaa, aku Nèngu na, ""Jaꞌa dꞌèi boe paꞌèki dènge dhèu rai-haha, lula dhèu rai-haha ne, dhèu rai-haha kahèi. Nèti èèna ka, lodꞌo rèngu mamuri, dꞌai mia nguru dua nguru tèu.","Hèia Lamatua dhaa, aku Nèngu na, ""Jaꞌa dꞌèi boe paꞌèki taruu dènge dhèu rai-haha, lula nèngu kahèi ngi'u di. Nèti èèna ka, lodꞌo rèngu mamuri, dꞌai mia nguru dua nguru tèu.""",eng,nfa,English,Dhao,1.184,0.6255,0.3752
"the nephilim were in the earth in those days, and also after that, when god's sons came in to men's daughters and had children with them. those were the mighty men who were of old, men of renown.","taa èèna, dènge taa-tebho dhu limuri nèti èèna hari, abhu le dhèu raksasa ètu rai-haha ne. ropa ana mone nèti lamatua leo rare ana bhèni dhèu rai-haha se, ka rara iisi dhèu kapai, nuka: kapala musu, dhèu re'a madhutu lii lolo uru-uru sèra.","Lodꞌo èèna, ana-ana pajuu sèra aaꞌi-aaꞌi ètu rai-haha ne. Lodꞌo èèna, ana-ana Ama Lamatua dhèu aaꞌi-aaꞌi mai dènge ana-ana bhèni dhèu rai-haha sèra, aa ra abhu ana-èpu kahèi. Dhèu aaꞌi-aaꞌi se, dhèu dꞌèlu-mèu, aa dhèu dꞌèlu-mèu.","Lodꞌo èèna, ana-ana pajuu sèra ètu rai-haha ne. Aa èle èèna kahèi, lod'o ana-ana Ama Lamatua pa'èci dènge ana-ana bhèni dhèu rai-haha sèra, aa ra abhu ana. Rèngu se, dhèu koasa dhu nèti uru ka, dhèu d'èlu-mèu.",eng,nfa,English,Dhao,4.3519,2.7828,3.0968
"the lord saw that the wickedness of man was great in the earth, and that every imagination of the thoughts of man's heart was continually only evil.","taa èèna, lamatua ladhe nèdhi bhabhelu-katub'a dhèu rai-haha dhu seli-kolane. d'ara rèngu pangee dhoka bhabhelu di.","Èle èèna ka, Lamatua ladhe nèdhi dhèu bhelu-katubꞌa ètu rai-haha ne, aa dꞌara ra bhelu-katubꞌa.","Lamatua ladhe nèdhi bhelu-katubꞌa dhèu ae titu kèna ètu rai-haha ne, aa ngangee aa'i-aa'i nèti d'ara dhèu bèli-bèli dhoka bhelu.",eng,nfa,English,Dhao,-0.1843,9.0405,6.1733
"the lord was sorry that he had made man on the earth, and it grieved him in his heart.","ka lamatua manyasa, lula na paj'aj'i le rèngu se ho pea ètu rai-haha ne. tatao rèngu ne'e ka dhu papèd'a d'ara lamatua.","Ropa tadèngi lii padhai Ama Lamatua sèmi èèna, hèia dꞌara Lamatua susa, lula Na pajꞌajꞌi dhèu rai-haha ètu rai-haha ne.","D'ara Ama Lamatua susa, lula Na paj'aj'i dhèu rai-haha ètu rai-haha ne, hèia d'ara Na susa titu kèna.",eng,nfa,English,Dhao,7.0965,1.376,2.0866
"the lord said, i will destroy man whom i have created from the surface of the ground-man, along with animals, creeping things, and birds of the sky-for i am sorry that i have made them.","nèti èèna ka, na peka na, dènge tatao rèngu sèmi èèna na, ja'a huku pamadhe dhèu rai-haha aa'i-aa'i dhu paj'aj'i kore si le. manu-bhui dènge badha leo sèra, ja'a palaho aa'i si kahèi. te ja'a manyasa, nèti ja'a ka paj'aj'i si.","Hèia Lamatua peka, aku Nèngu na, ""Jaꞌa neo pamadhe dhèu-dhèu dhu Jaꞌa pajꞌajꞌi nèti rai-haha ne, aaꞌi-aaꞌi ra, aaꞌi-aaꞌi ra, aaꞌi-aaꞌi ra, aaꞌi-aaꞌi ra, aaꞌi-aaꞌi ra, aaꞌi-aaꞌi ra, aaꞌi-aaꞌi ra, aaꞌi-aaꞌi ra, aaꞌi-aaꞌi ra dhu Jaꞌa pajꞌajꞌi.","Hèia Lamatua peka, aku Nèngu na, ""Jaꞌa neo pamadhe dhèu-dhèu dhu Jaꞌa pajꞌajꞌi nèti rai-haha ne, dènge badha, badha dhu rod'o re rai, dènge manu-bhui ètu liru, te Jaꞌa susa d'ara lula Jaꞌa paj'aj'i si.""",eng,nfa,English,Dhao,14.1342,12.6446,11.8516
but noah found favor in the lord's eyes.,te ngaa noh di dhu pakarej'e d'ara lamatua.,"Èle èèna ka, dhèu aaꞌi-aaꞌi ra jꞌajꞌi dhèu aaꞌi-aaꞌi ra. Nèti èèna ka, dhèu aaꞌi-aaꞌi ra jꞌajꞌi dhèu aaꞌi-aaꞌi ra. Nèti èèna ka, dhèu aaꞌi-aaꞌi ra jꞌajꞌi dhèu aaꞌi-aaꞌi ra. Nèti èèna ka, dhèu aaꞌi-aaꞌi ra jꞌajꞌi dhèu aaꞌi-aaꞌi ra jꞌajꞌi dhèu aaꞌi-aaꞌi ra.",Te ngaa Noh abhu d'ara hua iia ètu musi madha Ama Lamatua.,eng,nfa,English,Dhao,7.8531,20.3305,19.86
"this is the history of the generations of noah: noah was a righteous man, blameless among the people of his time. noah walked with god. noah became the father of three sons: shem, ham, and japheth.","lii lolo noh sèmi ne'e ka: ana mone na, dhèu tèlu, nuka sem, yafet dènge ham. noh mamuri dènge mola, koe-kapengo boe. taa èèna, nèngu di dhu mamuri mola. d'ara na dhodhoka ètu ama lamatua.","Nèngu ne dhèu dꞌara mola-mèci ètu rai-haha ne. Nèngu mamuri mola-mèci dènge Ama Lamatua. Nèngu jꞌajꞌi dhèu dꞌara mola-mèci ètu rai-haha ne. Nèngu jꞌajꞌi dhèu unu Ama Lamatua. Nèngu jꞌajꞌi ana-èpu tèlu, ngara na Sem, Ham, dènge Yafet.","Ne'e ne sasuri nèti ana-lai èpu Noh: Noh ne ca dhèu d'ara mola-mèci, dènge boe sasala ètu talora dhèu ètu lod'o na. Noh mamuri dènge Ama Lamatua. Noh matana ana mone tèlu dhèu, ngara ra Sem, Ham, dènge Yafet.",eng,nfa,English,Dhao,3.877,3.7653,4.784
"the earth was corrupt before god, and the earth was filled with violence. god saw the earth, and saw that it was corrupt, for all flesh had corrupted their way on the earth.","te ngaa dhèu leo se, ama lamatua ladhe ra bhelu aa'i mèu-mèu. ètu mia-mia èèna ka, j'ara mamuri dhèu se ele iie aa'i. ama lamatua nèdhi dhodhoka bhabhelu di, ètu rai-haha ne.","Èle èèna ka, dhèu aaꞌi-aaꞌi ètu rai-haha ne jꞌajꞌi bhabhelu-katubꞌa ètu madha Ama Lamatua. Dhèu aaꞌi-aaꞌi ètu rai-haha ne jꞌajꞌi bhabhelu-katubꞌa ètu madha Ama Lamatua.","Rai-haha ne j'aj'i bhabhelu-katub'a ètu madha Ama Lamatua, aa rai-haha ne pènu dènge j'aj'èra. Ama Lamatua rèdhi rai-haha ne, aa rèdhi na, rai-haha ne bhabhelu-katub'a le, lula aa'i-aa'i dhèu ètu rai-haha ne, pakaj'èu le j'ara mamuri ra.",eng,nfa,English,Dhao,0.1525,6.9735,4.2981
"god said to noah, i will bring an end to all flesh, for the earth is filled with violence through them. behold, i will destroy them and the earth.","hèia ama lamatua peka dènge noh, aku nèngu na, ja'a kèdhi dhoka bhabhelu dhèu di, dhu pale-lème rai-haha ne. ka ja'a pama'ète kore le, sèna ka ja'a palaho aa'i rai-haha ne dènge isi na aa'i-aa'i.","Èle èèna ka, Ama Lamatua peka dènge Noh, aku Nèngu na, ""Jaꞌa neo pamadhe dhèu aaꞌi-aaꞌi, lula ra tao jꞌara-jꞌara bhelu-katubꞌa ètu rai-haha ne. Nèti èèna ka, Jaꞌa neo pamadhe dhèu aaꞌi-aaꞌi dènge rai-haha ne.","Èle èèna ka, Ama Lamatua peka dènge Noh, aku Nèngu na, ""Jaꞌa neo pamadhe dhèu aaꞌi-aaꞌi, lula rai-haha ne pènu dènge j'ara sakaa nèti rèngu. Kaca'a laa, Jaꞌa neo pamadhe si dènge rai-haha ne.""",eng,nfa,English,Dhao,2.3016,-0.6733,-1.7219
"make a ship of gopher wood. you shall make rooms in the ship, and shall seal it inside and outside with pitch.","de sèmi ne'e, noh! èu tao kapa aae cue, dhu tao nèti aj'u adhu. re d'ara roa na, èu bagi mi kama-kama. aa re d'ara dènge li'u kapa, èu lame dènge èi dama.",èu hudꞌi tao kapa èci nèti ajꞌu kapodꞌe-kabèli. Èu hudꞌi tao kama èci ètu dedha kapa èèna. Èu hudꞌi tao segel ètu dedha kapa èèna dènge dꞌara hèbꞌa.,"Èu hudꞌi tao kapa èci nèti ajꞌu kapodꞌe-kabèli. Èu hudꞌi tao kama-kama ètu d'ara kapa èèna, aa èu hudꞌi tao segel kapa èèna d'ara dènge li'u dènge d'ara hèbꞌa.",eng,nfa,English,Dhao,14.0354,12.124,11.4698
"this is how you shall make it. the length of the ship shall be three hundred cubits, its width fifty cubits, and its height thirty cubits.","mu sab'e kapa na, madhera na ca ngasu tèlu nguru tèlu meter; bhabhèla na dua nguru dua meter; dènge katitu na canguru tèlu meter.","Èci èèna ka dhu èu hudꞌi tao: dhimu na, tèlu nguru hèru hèru hèru hèru hèru hèru hèru hèru hèru hèru hèru hèru, hèru hèru hèru hèru hèru hèru hèru hèru hèru hèru hèru hèru hèru hèru hèru hèru hèru hèru hèru hèru hèru hèru hèru hèru hèru hèru hèru hèru hèru hèru hèru hèru hèru hèru hèru hèru hèru.","Èci èèna ka dhu èu hudꞌi tao: dhimu na, tèlu nguru hèru hèru hèru hèru hèru hèru hèru hèru hèru hèru hèru hèru, hèru hèru hèru hèru hèru hèru hèru hèru hèru hèru hèru hèru hèru hèru hèru hèru hèru hèru hèru hèru hèru hèru hèru hèru hèru hèru hèru hèru hèru hèru hèru hèru hèru hèru hèru hèru hèru.",eng,nfa,English,Dhao,0.0,0.0,0.0
"you shall make a roof in the ship, and you shall finish it to a cubit upward. you shall set the door of the ship in its side. you shall make it with lower, second, and third levels.","èu tao èmu ètu dedha kapa na. te ngaa paconga ca laa ai nèti kadidhi re dedha. èu bagi kapa ne mi tèlu tad'a. aa re karasa na, tao babèdho èci.","Ètu dedha èèna, èu hudꞌi tao sabajꞌa. Ètu dedha èèna, èu hudꞌi tao hèbꞌa èci cue. Ètu dedha èèna, èu hudꞌi tao hèbꞌa èci cue. Ètu dedha èèna, èu hudꞌi tao hèbꞌa èci cue. Ètu dedha èèna, èu hudꞌi tao hèbꞌa èci cue. Ètu dedha èèna, èu hudꞌi tao hèbꞌa èci cue. Ètu dedha èèna, èu hudꞌi tao hèbꞌa èci cue. Ètu dedha èèna, èu hudꞌi tao hèbꞌa èci cue.","Èu hud'i tao sabaj'a ètu d'ara kapa èèna, aa èu hud'i pasae ne d'ai hèb'a èci cue dedha. Èu hud'i patitu hèb'a kapa èèna ètu kabèla na. Èu hud'i tao ne dènge tingkat dhu ètu d'ara, tingkat dhu dua, aa tingkat dhu tèlu.",eng,nfa,English,Dhao,1.9013,10.8045,11.1935
"i, even i, will bring the flood of waters on this earth, to destroy all flesh having the breath of life from under the sky. everything that is in the earth will die.","sanèd'e paie-iie! bèli-camèd'a, ja'a papuru èi aae lala, ho pacène eele rai-haha ne, sèna ka pamadhe aa'i dhu mamuri.","Nèti èèna ka, dhèu aaꞌi-aaꞌi dhu mamuri ètu dedha-liru, bèli-camèdꞌa dhèu aaꞌi-aaꞌi dhu mamuri ètu dedha-liru, bèli-camèdꞌa dhèu aaꞌi-aaꞌi dhu mamuri ètu dedha-liru sèra, bèli-camèdꞌa dhèu aaꞌi-aaꞌi dhu mamuri ètu dedha-liru sèra, bèli-camèdꞌa dhèu aaꞌi-aaꞌi dhu mamuri ètu dedha-liru sèra, bèli-camèdꞌa dhèu aaꞌi-aaꞌi dhu mamuri ètu rai-haha ne, bèli-camèdꞌa dhèu aaꞌi-aaꞌi ra madhe.","Ja'a di ladhe hia èi aae lala ètu rai-haha ne, sèna ka palaho aa'i-aa'i badha dhu dènge a'ae dènge mamuri nèti dedha-liru. Aa aa'i-aa'i dhu ètu rai-haha ne, ladhe madhe.",eng,nfa,English,Dhao,14.0741,11.4898,15.0257
"but i will establish my covenant with you. you shall come into the ship, you, your sons, your wife, and your sons' wives with you.","te ngaa ja'a pa'èki lii pajaji dènge èu. èèna na, èu maso d'ara kapa èèna, mèti dènge dhèu èmu èu, ana-ana èu, dènge dhèu èmu ana-ana èu.","Nèti èèna ka, Jaꞌa neo paꞌèki lii pajaji Jaꞌa dènge èu. Èu, ana-èpu èu, dènge dhèu èmu èu, dènge dhèu èmu-kamali èu, bisa maso asa dedha kapa ne.","Te ngaa Jaꞌa neo paꞌèki lii pajaji Jaꞌa dènge èu. Èu, ana-èpu èu, dènge dhèu èmu èu, dènge dhèu èmu-kamali èu, neo maso asa dedha kapa ne.",eng,nfa,English,Dhao,2.595,-0.1686,0.2202
"of every living thing of all flesh, you shall bring two of every sort into the ship, to keep them alive with you. they shall be male and female. of the birds after their kind, of the livestock after their kind, of every creeping thing of the ground after its kind, two of every sort will come to you, to keep them alive.","badha aa'i-aa'i ra, èu hag'e more ca pasa-ca pasa, eo mèti asa d'ara kapa, ho ra abhu mamuri dènge èu kahèi. sèmi: badha ani, manu-bhui, dènge badha dhu rod'o, sèna ka ra abhu mamuri.","Ètu dedha kapa èèna, èu hudꞌi pajꞌujꞌu aaꞌi-aaꞌi nèti badha aaꞌi-aaꞌi dhu mamuri ètu rai-haha ne. Èu hudꞌi pajꞌujꞌu aaꞌi-aaꞌi nèti manu-bhui dhu mamuri ètu rai-haha ne, dènge badha badha aaꞌi-aaꞌi dhu mamuri ètu rai-haha ne. Èu hudꞌi pajꞌujꞌu aaꞌi-aaꞌi nèti badha aaꞌi-aaꞌi dhu mamuri ètu rai-haha ne, dènge badha aaꞌi-aaꞌi dhu mamuri ètu rai-haha ne, dènge badha aaꞌi-aaꞌi dhu mamuri ètu rai-haha ne. Èu hudꞌi pajꞌujꞌu aaꞌi-aaꞌi nèti badha aaꞌi-aaꞌi dhu mamuri ètu rai-haha ne, dènge badha aaꞌi-aaꞌi dhu mamuri ètu rai-haha ne, dènge badha aaꞌi-aaꞌi-aaꞌi dhu mamuri ètu rai-haha ne.","Nèti badha aa'i-aa'i dhu mamuri, èu hud'i paj'uj'u dua nèti rupa-rupa badha sèra asa d'ara kapa, sèna ka rèngu mamuri dènge èu. Rèngu hud'i mone dènge bhèni. Nèti manu-bhui madhutu rupa na, nèti badha piara madhutu rupa na, nèti badha dhu rod'o ètu rai madhutu rupa na, dua nèti rupa-rupa badha sèra neo mai mi èu, sèna ka rèngu mamuri.",eng,nfa,English,Dhao,19.1254,20.981,21.4063
"take with you some of all food that is eaten, and gather it to yourself; and it will be for food for you, and for them.","èu hud'i mèti dènge nganga'a-nganginu, pala miu dènge pala badha sèra hèi.","Sèmi èèna kahèi dènge dhèu aaꞌi-aaꞌi dhu raꞌa ètu dꞌara èmu èu. Èle èèna ka, èu dènge dhèu aaꞌi-aaꞌi raꞌa. Èle èèna ka, èu dènge dhèu aaꞌi-aaꞌi raꞌa ètu dꞌara èmu èu. Èle èèna ka, èu dènge dhèu aaꞌi-aaꞌi raꞌa ètu dꞌara èmu èu. Èle èèna ka, èu dènge dhèu aaꞌi-aaꞌi raꞌa ètu dꞌara èmu èu.","Ded'e dènge èu nganga'a rupa-rupa dhu bisa ra'a, aa soru-bara èèna mi èu. Aa èèna na j'aj'i nganga'a mi èu dènge rèngu.",eng,nfa,English,Dhao,4.3801,12.6619,12.2875
thus noah did. he did all that god commanded him.,ka noh sab'e madhutu sèmi lii paredha ama lamatua aa'i-aa'i sèra.,"Èle èèna ka, Noh tao madhutu aaꞌi paredha Ama Lamatua.","Èle èèna ka, Noh tao madhutu aaꞌi paredha Ama Lamatua.",eng,nfa,English,Dhao,0.0,0.0,0.0
"the lord said to noah, come with all of your household into the ship, for i have seen your righteousness before me in this generation.","èle èèna ka, lamatua peka dènge noh, ja'a ladhe le palème, te ngaa abhu dhoka èu di dhu d'ara mola. nèti èèna ka, èu dènge bhèni-ana niki èu, lami ka asa d'ara kapa.","Èle èèna ka, Lamatua peka dènge Noh, aku Nèngu na, ""Lamu maso asa dꞌara kapa, èu dènge isi èmu èu aaꞌi-aaꞌi èu. Te ètu talora dhèu aaꞌi-aaꞌi èèna, èu jꞌajꞌi dhèu mola-mèci ètu madha Jaꞌa.","Èle èèna ka, Lamatua peka dènge Noh, aku Nèngu na, ""Lamu maso asa d'ara kapa, èu dènge isi èmu èu aaꞌi-aaꞌi èu. Te Ja'a nèdhi le èu dhu mola-mèci ètu madha Ja'a ètu d'ara dhèu taa limuri ne.""",eng,nfa,English,Dhao,5.536,5.116,4.6134
"you shall take seven pairs of every clean animal with you, the male and his female. of the animals that are not clean, take two, the male and his female. also of the birds of the sky, seven and seven, male and female, to keep seed alive on the surface of all the earth.","mèti dènge badha-badha dhu bisa mi'a, aa bisa hia ja'a kahèi, de mèti pidhu-pidhu pasa asa d'ara kapa. mèti kahèi rupa-rupa manu-bhui pidhu-pidhu pasa. te ngaa badha dhu leo, mèti dhoka ca pasa-ca pasa di. sèna ka badha dènge manu-bhui se, j'aj'i hini, ho baku ma'ète.","Sèmi èèna kahèi: manu-bhui, manu-bhui, manu-bhui, manu-bhui, manu-bhui, manu-bhui, manu-bhui, manu-bhui, manu-bhui, manu-bhui, manu-bhui, manu-bhui, manu-bhui, manu-bhui, manu-bhui, manu-bhui, manu-bhui, manu-bhui, manu-bhui, manu-bhui, manu-bhui, manu-bhui, manu-bhui, manu-bhui, manu-bhui, manu-bhui, manu-bhui, manu-bhui, manu-bhui, manu-bhui, manu-bhui, manu-bhui, manu-bhui, manu-bhui, manu-bhui, manu-bhui, manu-bhui, manu-bhui, manu-bhui, manu-bhui, manu-bhui, manu-bhui, manu-bhui, manu-bhui, manu-bhui, manu-bhui, manu-bhui, manu-bhui.","Èu hud'i paroa pidhu pasang nèti badha be'a aa'i-aa'i dènge èu, mone dènge bhèni na. Nèti badha dhu karehe, paroa dua, mone dènge bhèni na. Aa nèti manu-bhui ètu dedha-liru kahèi, pidhu pasang, mone dènge bhèni, sèna ka hini mamuri ètu dedha rai-haha aa'i-aa'i.",eng,nfa,English,Dhao,5.4526,17.1344,17.1175
"in seven days, i will cause it to rain on the earth for forty days and forty nights. i will destroy every living thing that i have made from the surface of the ground.","sanèd'e paie-iie, oo! di pidhu lod'o ka, ja'a papuru èj'i aae mai dhu bhoka boe ca lod'o sa, toke d'ai èpa nguru lod'o mèu-mèda. dènge sèmi ne'e, ja'a pamadhe aa'i ngaa-ngaa dhu mamuri ètu dedha-rai, dhu ja'a paj'aj'i kore le.","Ètu dꞌara pidhu lodꞌo neꞌe, bèli-camèdꞌa Jaꞌa pajꞌujꞌu uuru ètu rai-haha. Èèna na Jaꞌa pamadhe aaꞌi aaꞌi-aaꞌi dhèu aaꞌi-aaꞌi dhu Jaꞌa tao ètu rai-haha ne.","Ètu dꞌara pidhu lodꞌo neꞌe, bèli-camèdꞌa Jaꞌa pajꞌujꞌu uuru ètu rai-haha èpa nguru lod'o mèu-mèda. Èèna na Jaꞌa pamadhe aaꞌi ngaꞌa-ngaa dhu mamuri dhu Jaꞌa tao nèti dedha rai-haha.",eng,nfa,English,Dhao,17.0238,15.8828,15.0314
noah did everything that the lord commanded him.,ka noh tao aa'i sèmi lii paredha lamatua.,"Èle èèna ka, Noh tao madhutu aaꞌi-aaꞌi dhu Lamatua paredha ne.",Noh tao madhutu aaꞌi-aaꞌi dhu Lamatua paredha ne.,eng,nfa,English,Dhao,1.2084,-0.8071,-0.7606
noah was six hundred years old when the flood of waters came on the earth.,"lod'o èi aae lala, umur noh èna ngasu tèu.","Lodꞌo èèna, dhèu aaꞌi-aaꞌi ra jꞌajꞌi dhèu aaꞌi-aaꞌi ra ètu rai-haha. Lodꞌo èèna, dhèu aaꞌi-aaꞌi ra jꞌajꞌi dhèu aaꞌi-aaꞌi ra. Nèti èèna ka, dhèu aaꞌi-aaꞌi ra jꞌajꞌi dhèu aaꞌi-aaꞌi ra ètu rai-haha ne. Nèti èèna ka, dhèu aaꞌi-aaꞌi ra jꞌajꞌi dhèu aaꞌi-aaꞌi ra ètu rai-haha ne.","Noh tèu èna cangasu, ropa èi aae lala ètu rai-haha.",eng,nfa,English,Dhao,24.0012,28.2523,31.8582
"noah went into the ship with his sons, his wife, and his sons' wives, because of the floodwaters.","noh dènge dhèu èmu na, dènge ana niki na, aa dènge dhèu èmu ana ra di, lasi asa d'ara kapa, ho ra abhu mamuri.","Èle èèna ka, Noh dènge ana-ana na, dhèu èmu na, dènge dhèu bhèni ana-ana na, maso asa dꞌara kapa.","Noh dènge ana-ana na, dhèu èmu na, dènge dhèu bhèni ana-ana na, maso asa dꞌara kapa, lula èi aae.",eng,nfa,English,Dhao,1.668,1.5865,1.6647
"clean animals, unclean animals, birds, and everything that creeps on the ground went by pairs to noah into the ship, male and female, as god commanded noah.","madhutu lii paredha lamatua, ka noh pamaso manu-bhui dènge badha leo sèra, èci-èci ka dènge pasa na, nèti dhu bisa ra'a, dènge dhu bisa boe ra'a.","Èle èèna ka, dhèu aaꞌi-aaꞌi ra maso asa dꞌara kapa. Èle èèna ka, dhèu aaꞌi-aaꞌi ra maso asa dꞌara kapa. Èle èèna ka, dhèu aaꞌi-aaꞌi ra maso asa dꞌara kapa. Èle èèna ka, dhèu aaꞌi-aaꞌi ra maso asa dꞌara kapa. Èle èèna ka, dhèu aaꞌi-aaꞌi ra maso asa dꞌara kapa. Èle èèna ka, dhèu aaꞌi-aaꞌi ra maso asa dꞌara kapa. Èle èèna ka, dhèu aaꞌi-aaꞌi ra maso asa dꞌara kapa. Èle èèna ka, dhèu aaꞌi-aaꞌi ra maso asa dꞌara kapa.","Badha dhu mola, badha dhu boe mola, manu-bhui, dènge aa'i-aa'i dhu rod'o ètu rai, maso mi noh asa d'ara kapa dua-dua, mone dènge bhèni, sèmi ama lamatua paredha mi noh.",eng,nfa,English,Dhao,8.4538,20.468,20.984
"after the seven days, the floodwaters came on the earth.","ropa èle pidhu lod'o, cag'ag'a laa èi aae lala, ka rai-haha ne, mulai cène.","Èle èèna ka, bèli-camèdꞌa dhèu aaꞌi-aaꞌi ètu rai-haha ne jꞌajꞌi dhèu aaꞌi-aaꞌi ra. Èle èèna ka, bèli-camèdꞌa dhèu aaꞌi-aaꞌi ètu rai-haha ne jꞌajꞌi dhèu aaꞌi-aaꞌi ra. Èle èèna ka, bèli-camèdꞌa dhèu aaꞌi-aaꞌi ra jꞌajꞌi dhèu aaꞌi-aaꞌi ra jꞌajꞌi dhèu aaꞌi-aaꞌi ra. Nèti èèna ka, bèli-camèdꞌa dhèu aaꞌi-aaꞌi ra jꞌajꞌi dhèu aaꞌi-aaꞌi ra jꞌajꞌi dhèu aaꞌi-aaꞌi ra.","Èle lod'o pidhu ne, èì dhu bèli-camèd'a mai ètu rai-haha.",eng,nfa,English,Dhao,9.3911,6.1953,9.8601
"in the six hundredth year of noah's life, in the second month, on the seventeenth day of the month, on that day all the fountains of the great deep burst open, and the sky's windows opened.","lèke dènge umur noh èna ngasu tèu, risi dua hèru, canguru pidhu lod'o, ka mulai èi aae lala. lod'o èèna, sèmi babèdho liru dhu bhoke eele sa, ka èi na tao sabhori mai. aa èi madha-èi madha ètu rai-haha sabhoka, ka sèmi tao sabhuu sa dedha.","Èle èèna ka, èèna jꞌajꞌi èpa nguru tèu lodꞌo èèna, èèna jꞌajꞌi lodꞌo kapai èèna. Èle èèna ka, bèli-camèdꞌa, bèli-camèdꞌa bèli-camèdꞌa ètu dedha-liru, bèli-camèdꞌa bèli-camèdꞌa ètu dedha-liru, bèli-camèdꞌa bèli-camèdꞌa bèli-camèdꞌa ètu dedha-liru, bèli-camèdꞌa bèli-camèdꞌa ètu dedha-liru, aa bèli-camèdꞌa ètu dedha-liru, bèli-camèdꞌa bèli-camèdꞌa ètu dedha-liru.","Ètu tèu èna nguru mamuri Noh, ètu hèru ka dua, ètu lod'o canguru pidhu nèti hèru èèna, ètu lod'o èèna, aa'i-aa'i mata èi nèti marèma kapai bhori eele, aa jendela liru bhoke eele.",eng,nfa,English,Dhao,13.0963,8.7385,10.8874
it rained on the earth forty days and forty nights.,ka èj'i bhori mai loe boe èpa nguru lod'o mèu-mèda.,Hèia bèli-camèdꞌa bèli-camèdꞌa bèli-camèdꞌa bèli-camèdꞌa bèli-camèdꞌa bèli-camèdꞌa bèli-camèdꞌa bèli-camèdꞌa bèli-camèdꞌa bèli-camèdꞌa bèli-camèdꞌa bèli-camèdꞌa bèli-camèdꞌa.,Hèia èj'i ètu rai-haha èpa nguru lod'o mèu-mèda.,eng,nfa,English,Dhao,61.0382,49.5779,49.4646
"in the same day noah, and shem, ham, and japheth-the sons of noah-and noah's wife and the three wives of his sons with them, entered into the ship-","te ngaa lod'o èèna, noh dènge dhèu èmu na, dènge ana mone na dhèu tèlu: sem, yafet dènge ham, dènge dhèu èmu ra, maso lasi asa d'ara kapa.","Èle èèna ka, Noh dènge ana-èpu na, Sem, Ham, dènge Yafet, maso asa dꞌara kapa. Èle èèna ka, dhèu aaꞌi-aaꞌi, dènge dhèu èmu-kamali na, maso asa dꞌara kapa.","Èle èèna ka, Noh, dènge ana-èpu na Sem, Ham, dènge Yafet, dènge dhèu èmu Noh, dènge dhèu èmu ana-èpu na dhèu tèlu, maso asa dꞌara kapa.",eng,nfa,English,Dhao,17.4432,8.2357,10.128
"they, and every animal after its kind, all the livestock after their kind, every creeping thing that creeps on the earth after its kind, and every bird after its kind, every bird of every sort.","lasi palere dènge badha aa'i-aa'i ra, sèmi: badha ani, badha hui, badha dhu rod'o, manu-bhui, dènge badha-badha leo dhu dènge èla sèra.","dènge badha aaꞌi-aaꞌi ra, dènge badha aaꞌi-aaꞌi ra, dènge badha aaꞌi-aaꞌi ra, dènge badha aaꞌi-aaꞌi ra, dènge manu-bhui aaꞌi-aaꞌi ra, dènge badha aaꞌi-aaꞌi ra, dènge badha aaꞌi-aaꞌi ra, dènge badha aaꞌi-aaꞌi ra, dènge badha aaꞌi-aaꞌi ra, dènge badha aaꞌi-aaꞌi ra, dènge badha aaꞌi-aaꞌi ra, dènge badha aaꞌi-aaꞌi ra, dènge badha aaꞌi-aaꞌi ra, dènge badha aaꞌi-aaꞌi ra, dènge badha aaꞌi-aaꞌi ra, dènge badha aaꞌi-aaꞌi ra.","dènge rèngu, dènge rupa-rupa badha, dènge rupa-rupa badha piara, dènge rupa-rupa badha dhu rod'o re rai, dènge rupa-rupa manu-bhui.",eng,nfa,English,Dhao,12.3789,-0.5308,5.4232
"pairs from all flesh with the breath of life in them went into the ship to noah. those who went in, went in male and female of all flesh, as god commanded him; then the lord shut him in.","ca pasa-ca pasa nèti aa'i-aa'i dhu mamuri, lasi asa d'ara kapa palere dènge noh, madhutu sèmi lii paredha ama lamatua. ropa aa'i-aa'i ra d'ai d'ara kapa, lamatua bèdho babèdho kapa èèna.","Dhèu aaꞌi-aaꞌi ra, dhèu bhèni dènge dhèu bhèni, maso asa dꞌara kapa, sama sèmi Ama Lamatua peka dènge Noh. Èle èèna ka, Lamatua dedꞌe aaꞌi-aaꞌi ra asa dꞌara kapa, sèna ka dhèu aaꞌi-aaꞌi ra maso asa dꞌara kapa. Èle èèna ka, Lamatua dedꞌe aaꞌi-aaꞌi ra asa dꞌara kapa, sèna ka dhèu aaꞌi-aaꞌi ra maso asa dꞌara kapa, nuka sèmi ana iiki dènge ana iiki aaꞌi-aaꞌi ra. Èle èèna ka, Lamatua dedꞌe aaꞌi-aaꞌi ra asa dꞌara kapa, sèna ka dhèu aaꞌi-aaꞌi ra maso asa dꞌara kapa.","Nèti aa'i-aa'i dhu d'ara, dhèu mone dènge dhèu bhèni, dhu dènge a'ae ètu d'ara ra, maso asa d'ara kapa dènge Noh, sama sèmi Ama Lamatua paredha dènge ne. Èle èèna ka, Lamatua ded'e ne asa d'ara kapa.",eng,nfa,English,Dhao,18.7942,10.5784,13.7656
"the flood was forty days on the earth. the waters increased, and lifted up the ship, and it was lifted up above the earth. the waters rose, and increased greatly on the earth; and the ship floated on the surface of the waters. the waters rose very high on the earth. all the high mountains that were under the whole sky were covered.",èj'i aae puru ma'ète boe d'ai èpa nguru lod'o. hèia kapa èèna taleb'o. èi ca'e loe boe toke hutu nare kolo ledhe dhu dedha aae.,"Èle èèna ka, bèli-bèli èpa nguru lodꞌo ètu rai-haha ne. Bèli-bèli èèna ka, bèli-bèli ètu dedha-liru ètu dedha-liru. Bèli-bèli èèna ka, bèli-bèli ètu dedha-liru. Bèli-bèli ètu dedha-liru èèna, bèli-bèli ètu dedha-liru ètu dedha-liru ètu dedha-liru, hèia bèli-bèli ètu dedha-liru ètu dedha-liru ètu dedha-liru.","Èi aae dhae èpa nguru lod'o ètu rai-haha ne. Èi aae dhae dedha, ka padedha kapa, hèia kapa ne dedha ètu dedha rai. Èi aae dhae dedha ae titu kèna ètu rai-haha. Hèia kapa ne palèpa ètu dedha èi. Èi aae dhae dedha aae titu kèna ètu rai-haha. Aa'i ledhe dhu dedha aae dhu ètu d'ara liru aa'i-aa'i ra tuti.",eng,nfa,English,Dhao,9.2023,13.1685,12.9224
"the waters rose fifteen cubits higher, and the mountains were covered.","èi ca'e taruu, ka marèma na seli èpa rèpa risi nèti kolo ledhe sèra.",Rèngu dꞌai canguru canguru canguru canguru canguru canguru canguru canguru canguru canguru canguru canguru canguru canguru canguru canguru canguru canguru canguru canguru canguru canguru canguru canguru canguru canguru canguru canguru canguru canguru canguru canguru canguru canguru canguru canguru canguru canguru canguru canguru canguru canguru canguru canguru canguru canguru canguru canguru canguru.,"Èi d'ai canguru lèmi meter risi, aa ledhe bhèj'i.",eng,nfa,English,Dhao,3.5384,12.1252,13.2754
"all flesh died that moved on the earth, including birds, livestock, animals, every creeping thing that creeps on the earth, and every man. all on the dry land, in whose nostrils was the breath of the spirit of life, died. every living thing was destroyed that was on the surface of the ground, including man, livestock, creeping things, and birds of the sky. they were destroyed from the earth. only noah was left, and those who were with him in the ship.","dènge j'ara èèna, ngaa-ngaa dhu mamuri ètu dedha-rai sèra, madhe aa'i mèu-mèu. nuka: dhèu, badha ani, badha hui, badha dhu rod'o, dènge manu-bhui aa'i-aa'i ra. ate dhoka noh dènge aa'i-aa'i dhu ètu dedha kapa.","Èle èèna ka, dhèu aaꞌi-aaꞌi dhu mamuri ètu rai-haha madhe. Dhèu aaꞌi-aaꞌi dhu mamuri ètu rai-haha madhe kahèi. Dhèu aaꞌi-aaꞌi dhu mamuri ètu rai-haha madhe kahèi. Dhèu aaꞌi-aaꞌi dhu mamuri ètu rai-haha madhe kahèi. Dhèu aaꞌi-aaꞌi dhu mamuri ètu rai-haha madhe kahèi. Dhèu aaꞌi-aaꞌi dhu mamuri ètu rai-haha madhe kahèi. Rèngu aaꞌi-aaꞌi dhu mamuri ètu rai-haha, badha aaꞌi-aaꞌi dhu mamuri ètu rai-haha, badha aaꞌi-aaꞌi dhu mamuri ètu rai-haha, badha aaꞌi-aaꞌi dhu mamuri ètu rai-haha, badha aaꞌi-aaꞌi dhu mamuri ètu rai-haha, badha aaꞌi-aaꞌi dhu mamuri ètu rai-haha, badha aaꞌi-aaꞌi dhu mamuri ètu rai-haha. Rèngu aaꞌi-aaꞌi-aaꞌi dhu mamuri ètu dꞌara rai-haha ne, nuka: dhèu aaꞌi-aaꞌi-aaꞌi, badha, badha aaꞌi-aaꞌi-aaꞌi, badha, badha aaꞌi-aaꞌi-aaꞌi, badha, badha aaꞌi-aaꞌi-aaꞌi-aaꞌi dhu mamuri ètu rai-haha, aaꞌi-aaꞌi-aaꞌi dhu mamuri ètu rai-haha, aaꞌi-aaꞌi-aaꞌi-aaꞌi","Ngi'u aa'i-aa'i dhu mamuri ètu rai-haha madhe, nuka: manu-bhui, badha, badha hui, rupa-rupa badha dhu rod'o re rai, dènge dhèu aa'i-aa'i. Aa aa'i-aa'i dhu ètu rai mango, dhu dènge a'ae roh mamuri ètu d'ara ngi'u hidu ra, madhe. Aa aa'i-aa'i dhu mamuri ètu dedha rai ele aa'i, nuka: dhèu, badha, badha dhu rod'o re rai, dènge manu-bhui liru. Rèngu ele nèti rai-haha. Dhodhoka noh mesa na ka dhu taha mamuri, dènge rèngu dhu sama-sama dènge nèngu ètu d'ara kapa.",eng,nfa,English,Dhao,21.2422,32.4211,30.5629
the waters flooded the earth one hundred fifty days.,"èi na, kura boe toke ca ngasu lèmi nguru lod'o.",Bèli-camèdꞌa bèli-camèdꞌa dhèu aaꞌi-aaꞌi ètu rai-haha.,Èi pènu rai-haha cangasu lèmi nguru lod'o.,eng,nfa,English,Dhao,44.8006,49.2955,44.472
"god remembered noah, all the animals, and all the livestock that were with him in the ship; and god made a wind to pass over the earth. the waters subsided.","masi ka sèmi èèna, ama lamatua bhèlu boe noh si dènge badha-manu aa'i-aa'i dhu ètu dedha kapa. hèia na hia ngèlu g'oro, ka èi na kura ka noo-noo.","Èle èèna ka, Ama Lamatua bhèlu eele aaꞌi-aaꞌi ra ètu dꞌara kapa. Hèia Ama Lamatua hia dꞌara dꞌara dꞌara dꞌara.","Ama Lamatua bhèlu eele noh, dènge aa'i-aa'i badha, dènge aa'i-aa'i badha-manu dhu pea dènge nèngu ètu d'ara kapa. Hèia Ama Lamatua hia ngèlu ho la'e ètu dedha rai-haha. Èi ne ele.",eng,nfa,English,Dhao,14.695,19.9707,16.446
"the deep's fountains and the sky's windows were also stopped, and the rain from the sky was restrained.","na katange èi madha aa'i-aa'i ètu rai-haha ne, aa na taha èj'i kahèi.","Èle èèna ka, bèi-baki ètu dedha-liru dènge bèi-baki ètu dedha-liru dènge bèi-baki ètu dedha-liru dènge bèi-baki ètu dedha-liru dènge bèi-baki ètu dedha-liru. Èle èèna ka, bèi-baki ètu dedha-liru dènge bèi-baki ètu dedha-liru dènge bèi-baki ètu dedha-liru dènge bèi-baki ètu dedha-liru dènge bèi-baki ètu dedha-liru dènge bèi-baki ètu dedha-liru.","Mata èi ètu d'ara marèma dènge jendela ètu dedha-liru papèd'a èle kahèi, dènge èj'i nèti dedha-liru papèd'a èle.",eng,nfa,English,Dhao,8.2674,8.7138,11.254
the waters continually receded from the earth. after the end of one hundred fifty days the waters receded.,"ka èi kura noo-noo ka. d'ai cangasu lèmi nguru lod'o, èi marèma heka.","Lodꞌo èèna, èpa nguru nguru èpa lodꞌo, èpa nguru èpa lodꞌo, èpa nguru èpa lodꞌo èèna, èpa nguru èpa nguru èpa nguru èpa nguru èpa nguru èpa nguru èpa nguru èpa nguru èpa nguru èpa nguru èpa nguru èpa nguru èpa nguru èpa, èpa nguru èpa nguru èpa, èpa nguru èpa nguru èpa, èpa nguru èpa nguru èpa, èpa nguru èpa nguru èpa.","Èi bèli-bèli suru nèti rai-haha. Ropa d'ai èle cangasu lèmi nguru lod'o, èi suru.",eng,nfa,English,Dhao,36.4775,34.5037,36.9293
"the ship rested in the seventh month, on the seventeenth day of the month, on ararat's mountains.","lèke dènge hèru ka pidhu, risi canguru pidhu lod'o, kapa eta ètu kolo ledhe aae èci, ngara na ararat.","Èle èèna ka, bèli-camèdꞌa bèli-camèdꞌa hèbꞌa ètu ledhe-ledhe Ararat. Èle èèna ka, bèli-camèdꞌa hèbꞌa ètu ledhe-ledhe Ararat.","Kapa na hèb'a ètu hèru ka pidhu, ètu lod'o ka canguru pidhu nèti hèru èèna, ètu ledhe-ledhe Ararat.",eng,nfa,English,Dhao,21.5628,22.865,23.211
"the waters receded continually until the tenth month. in the tenth month, on the first day of the month, the tops of the mountains were visible.","èi kura taruu toke lod'o ka èci, hèru ka canguru, ka kolo-kolo ledhe cèu noo-noo.","Èle èèna ka, bèli-camèdꞌa bèli-camèdꞌa bèli-camèdꞌa bèli-camèdꞌa bèli-camèdꞌa bèli-camèdꞌa bèli-camèdꞌa bèli-camèdꞌa bèli-camèdꞌa. Èle èèna ka, bèli-camèdꞌa bèli-camèdꞌa bèli-camèdꞌa bèli-camèdꞌa bèli-camèdꞌa bèli-camèdꞌa bèli-camèdꞌa. Èle èèna ka, bèli-camèdꞌa bèli-camèdꞌa bèli-camèdꞌa bèli-camèdꞌa bèli-camèdꞌa.","Èi puru bèli-bèli toke canguru hèru. Ètu canguru hèru, ètu lod'o partama nèti hèru èèna, kolo ledhe ladhe rèdhi.",eng,nfa,English,Dhao,5.8657,25.2185,20.6324
"at the end of forty days, noah opened the window of the ship which he had made,","risi nèti èpa nguru lod'o, hèia noh bhoke jendela èci.","Èle èèna ka, dꞌai èpa nguru lodꞌo. Èle èèna ka, Noh bhoke jꞌajꞌèra èci dhu na tao ètu dedha kapa.","Ropa d'ai èpa nguru lod'o, Noh bhoke j'aj'èra dhu na tao ètu dedha kapa.",eng,nfa,English,Dhao,14.4628,3.1762,6.3171
"and he sent out a raven. it went back and forth, until the waters were dried up from the earth.","ka na patalale lakaa ci'u. manu-bhui ne lela la'e-mai, toke èi puru. ka na lèpa heka asa kapa.","Èle èèna ka, Ama Lamatua pua ana pajuu èci nèti dꞌara oka na. Hèia pajuu-paleha kahèi, toke èi aaꞌi-aaꞌi dhu ètu rai-haha ne kèdꞌi le.","Èle èèna ka, Nèngu pua ana pajuu èci nèti dꞌara oka na. Hèia pajuu-paleha kahèi, toke èi aaꞌi-aaꞌi dhu ètu rai-haha ne kèdꞌi le.",eng,nfa,English,Dhao,0.0943,-0.8683,-0.4611
"he himself sent out a dove to see if the waters were abated from the surface of the ground,","hèia noh patabuli hari, koro j'aha ci'u, sèna ka neo ne'a èi na puru le, do dhae.","Èle èèna ka, Ama Lamatua pua ana pua-paleha ca dhèu, sèna ka laꞌe paraga dènge dhèu aaꞌi-aaꞌi ètu rai-haha ne, do aadꞌo, do aadꞌo, do aadꞌo, do aadꞌo, do aadꞌo, do aadꞌo, do aadꞌo, do aadꞌo, do aadꞌo, do aadꞌo, do aadꞌo, do aadꞌo, do aadꞌo, do aadꞌo, do aadꞌo, do aadꞌo, do aadꞌo, do aadꞌo, do aadꞌo, do aadꞌo, do aadꞌo, do aadꞌo, do aadꞌo, do aadꞌo, do aadꞌo, do aadꞌo, do aadꞌo, do aadꞌo, do aadꞌo, do aadꞌo, do aadꞌo, do aadꞌo?","Nèngu pua ana pua-paleha ca èci, ho ladhe èèna na èi ne, do aad'o le nèti dedha rai-haha.",eng,nfa,English,Dhao,1.5166,2.9926,7.5857
"but the dove found no place to rest her foot, and she returned into the ship to him, for the waters were on the surface of the whole earth. he put out his hand, and took her, and brought her to him into the ship.","te ngaa, lula èi hutu nare dedha-rai era, ka koro ne abhu boe era tèka. ka lèpa hari asa kapa. hèia noh j'ole ai na, kèpe nare, ka na pamaso hari asa d'ara kapa.","Te ngaa hèbꞌa ne abhu boe dꞌara. Nèti èèna ka, hèbꞌa ne lèpa hari asa dedha dedha dedha koha. Hèia hèbꞌa ne lèpa hari asa dedha dedha dedha dedha koha, sèna ka dhèu aaꞌi-aaꞌi reꞌa mèu-mèu. Èle èèna ka, hèbꞌa ne lèpa hari asa dedha dedha dedha dedha koha, sèna ka dhèu aaꞌi-aaꞌi reꞌa mèu-mèu. Èle èèna ka, hèbꞌa ne lèpa hari asa dedha dedha koha, sèna ka dhèu aaꞌi-aaꞌi reꞌa mèu-mèu ètu dedha koha, sèna ka dhèu aaꞌi-aaꞌi reꞌa mèu-mèu.","Te ngaa hèbꞌa ne abhu boe dꞌara ho pea ai na, hèia na lèpa hari asa d'ara koha asa nèngu, lula èi ne pea ètu dedha rai-haha aa'i-aa'i. Na pua kalua ai na, hèia na mèti ne, aa na rèti ne asa d'ara koha asa nèngu.",eng,nfa,English,Dhao,12.3478,8.8755,11.7644
he waited yet another seven days; and again he sent the dove out of the ship.,"ka noh tatae hari d'ai pidhu lod'o, hèia na patabuli hari koro j'aha deo na.","Èle èèna ka, Yusuf dꞌai hari pèri-pèri lodꞌo. Èle èèna ka, na pua ana pajuu ne kalua nèti dedha kapa.",Nèngu dꞌai hari pidhu lodꞌo; aa hari na pua ana pajuu ne kalua nèti dedha kapa.,eng,nfa,English,Dhao,4.8806,9.5903,7.842
"the dove came back to him at evening and, behold, in her mouth was a freshly plucked olive leaf. so noah knew that the waters were abated from the earth.","d'ara lod'o nihia sa, koro ne lèpa hari la'e asa noh, tutu nèti dènge rèu saitun ca rèu dhu heka tutu nare kèna. nèti èèna ka, noh heka ne'a kèna, èi na dhu puru le tare'a di.","Èle èèna ka, lodꞌo dꞌai madha lodꞌo èèna, hèia na lèpa hari laꞌe paraga dènge dhèu aae. Na ladhe nèdhi èi èi èi èi èi èi èi èi èi èi èi èi, èi èi èi èi èi èi èi èi èi èi èi èi èi èi èi èi èi. Èle èèna ka, nèngu ladhe nèdhi èi èi èi èi èi èi èi èi èi èi.","Lod'o cèna, koro j'aha lèpa hari asa nèngu. Hèia, d'ara hèb'a na, ladhe nèdhi abhu daun aj'u saitun dhu baru hag'e. Èle èèna ka, noh ne'a na èi aae lala nèti rai-haha.",eng,nfa,English,Dhao,9.7359,10.0472,11.2421
"he waited yet another seven days, and sent out the dove; and she didn't return to him any more.","ka na mate hari d'ai pidhu lod'o, hèia na patalale hari koro j'aha ca hari ni. te ngaa ca tèka ne, koro ne lèpa heka.","Èle èèna ka, na manèngi-mangajꞌi hari pidhu lodꞌo. Èle èèna ka, na pua ne lèpa. Ropa na lèpa hari, hèia na lèpa hari dènge ne, heka na lèpa hari dènge dhèu aaꞌi-aaꞌi ètu dꞌara Èmu Kapua Manèngi-Mangajꞌi ètu dꞌara Èmu Kapua Manèngi-Mangajꞌi ètu dꞌara Èmu Kapua Manèngi-Mangajꞌi ètu dꞌara Èmu Kapua Manèngi-Mangajꞌi ètu dꞌara Èmu Kapua Manèngi-Mangajꞌi ètu dꞌara Èmu Kapua Manèngi-Mangajꞌi ètu dꞌara Èmu Kapua Manèngi-Mangajꞌi ètu dꞌara Èmu Kapua Manèngi-Mangajꞌi ètu dꞌara Èmu Kapua Manèngi-Mangajꞌi.","Èle èèna ka, na manèngi-mangajꞌi hari pidhu lodꞌo, ka na pua ne koro j'aha. Aa nèngu lèpa boe hari dènge ne.",eng,nfa,English,Dhao,9.0941,4.666,9.2428
"in the six hundred first year, in the first month, the first day of the month, the waters were dried up from the earth. noah removed the covering of the ship, and looked. he saw that the surface of the ground was dry.","lod'o noh mamuri d'ai èna ngasu ca tèu, lèke lod'o ka èci hèru èci, èi mèti aa'i le. hèia noh bhoke jendela, ka na ladhe palème, nèdhi rai dhu mango le.","Èle èèna ka, nèti èèna ka, nèti èèna ka, nèti èèna ka, nèti èèna ka, nèti èèna ka, nèti èèna ka, nèti èèna ka, nèti èèna ka, dhèu aaꞌi-aaꞌi ètu dꞌara dedha kapa nèti dedha-liru. Èle èèna ka, dhèu aaꞌi-aaꞌi sèra.","Ètu tèu cangasu èna partama, d'ara hèru partama, lod'o partama nèti hèru, èi mango-meto nèti rai-haha. Noh pabata eele kab'a kètu kapa, ka na ladhe. Na ladhe nèdhi dedha rai mango.",eng,nfa,English,Dhao,10.6662,18.4302,18.3275
"in the second month, on the twenty-seventh day of the month, the earth was dry.","d'ai hèru ka dua, lod'o ka dua nguru pidhu, dedha-rai ne dhu mango meto le.","Èle èèna ka, bèli-camèdꞌa, bèli-camèdꞌa dꞌai bèli-camèdꞌa, dꞌai lodꞌo èèna, rai-haha aaꞌi-aaꞌi ètu rai-haha ne aaꞌi-aaꞌi ra.","Ètu bèli-camèd'a ka dua, ètu lod'o ka dua nguru pidhu ètu bèli-camèd'a èèna, rai-haha ne mango le.",eng,nfa,English,Dhao,23.7456,33.3925,35.13
"god spoke to noah, saying,","ka ama lamatua peka dènge noh,","Èle èèna ka, Ama Lamatua peka dènge Noh, aku Nèngu na,","Ama Lamatua peka dènge Noh, aku Nèngu na,",eng,nfa,English,Dhao,2.8307,1.2305,1.6339
"go out of the ship, you, your wife, your sons, and your sons' wives with you.",noh! aa'i-aa'i mi puru ka nèti dedha kapa èèna.,"Èle èèna ka, èu dènge dhèu èmu èu, dènge ana-ana èu dènge dhèu èmu èu, lèpa nèti dedha kapa.","Èu, dhèu èmu èu, ana-ana èu, dènge dhèu èmu nèti ana-ana èu, lèpa nèti dedha kapa.",eng,nfa,English,Dhao,-0.3372,-1.3945,-2.2542
"bring out with you every living thing that is with you of all flesh, including birds, livestock, and every creeping thing that creeps on the earth, that they may breed abundantly in the earth, and be fruitful, and multiply on the earth.","papuru aa'i badha-manu sèra! nuka: badha ani, badha hui, badha dhu rod'o, dènge manu-bhui aa'i-aa'i ra. hud'i si, sèna ka ra bèba, papènu rai-haha ne.","Dhèu aaꞌi-aaꞌi, manu-bhui, dènge badha aaꞌi-aaꞌi, aaꞌi-aaꞌi, aaꞌi-aaꞌi, aaꞌi-aaꞌi, aaꞌi-aaꞌi, aaꞌi-aaꞌi, aaꞌi-aaꞌi, aaꞌi-aaꞌi, aaꞌi-aaꞌi, aaꞌi-aaꞌi, aaꞌi-aaꞌi, aaꞌi-aaꞌi, aaꞌi-aaꞌi, aaꞌi-aaꞌi, aaꞌi-aaꞌi, aaꞌi-aaꞌi, aaꞌi-aaꞌi, aaꞌi-aaꞌi, aaꞌi-aaꞌi, aaꞌi-aaꞌi, aaꞌi-aaꞌi, aaꞌi-aaꞌi, aaꞌi-aaꞌi, aaꞌi-aaꞌi, aaꞌi-aaꞌi, aaꞌi-aaꞌi, aaꞌi-aaꞌi.","Mèti kalua dènge èu badha mamuri aa'i-aa'i dhu pea dènge èu, nuka sèmi manu-bhui, badha, dènge badha rod'o-kakara aa'i-aa'i dhu rod'o ètu rai-haha, sèna ka rèngu bèba-kacanga ae-ae ètu rai-haha, aa hua-hela, dènge pakab'ua ètu rai-haha.",eng,nfa,English,Dhao,16.7407,30.7837,27.4733
"noah went out, with his sons, his wife, and his sons' wives with him. every animal, every creeping thing, and every bird, whatever moves on the earth, after their families, went out of the ship.","èle èèna ka, noh dènge dhèu èmu na, dènge ana-ana na, aa dènge dhèu èmu ana na sèra, aa'i-aa'i ra puru nèti dedha kapa èèna. badha se, aa'i-aa'i ra, kalua ka madhutu anga ra èci-èci.","Èle èèna ka, Noh dènge ana-ana na, dènge dhèu èmu-kamali na, dènge badha aaꞌi-aaꞌi ra, dènge manu-bhui aaꞌi-aaꞌi ra, kalua nèti dedha kapa.","Noh, dènge ana-ana na, dènge dhèu èmu na, dènge dhèu èmu ana-ana na, dènge badha aa'i-aa'i, dènge badha dhu rod'o aa'i-aa'i, dènge manu-bhui aa'i-aa'i, nuka ngaa dhu mamuri ètu rai-haha, madhutu suku ra, kalua nèti dedha kapa.",eng,nfa,English,Dhao,7.3338,11.7387,7.9772
"noah built an altar to the lord, and took of every clean animal, and of every clean bird, and offered burnt offerings on the altar.","hèia noh pudhi hadhu, tao mei korban hia lamatua. nèti badha-badha dhu bisa ra'a sèra, noh nare ci'u-ci'u, ka na roro, tunu ètu dedha mei deo na, ho j'aj'i mi tadha makasi mi lamatua.","Èle èèna ka, dhèu aaꞌi-aaꞌi ètu dꞌara Èmu Kapua Manèngi-Mangajꞌi aaꞌi-aaꞌi ètu dꞌara Èmu Kapua Manèngi-Mangajꞌi aaꞌi-aaꞌi ètu dꞌara Èmu Kapua Manèngi-Mangajꞌi aaꞌi-aaꞌi ètu dꞌara Èmu Kapua Manèngi-Mangajꞌi aaꞌi-aaꞌi ètu dꞌara Èmu Kapua Manèngi-Mangajꞌi aaꞌi-aaꞌi ètu dꞌara Èmu Kapua Manèngi-Mangajꞌi aaꞌi-aaꞌi ètu dꞌara Èmu Kapua Manèngi-Mangajꞌi aaꞌi-aaꞌi ètu dꞌara Èmu Kapua Manèngi-Mangajꞌi aaꞌi-aaꞌi ètu dꞌara Èmu Kapua Manèngi-Mangajꞌi aaꞌi-aaꞌi ètu dꞌara Èmu Kapua Manèngi-Mangajꞌi.","Noh patitu mèdha persembahan mi Ama Lamatua, ka nare badha mèu aa'i-aa'i, dènge manu-bhui mèu aa'i-aa'i, hèia na hia korban tunu ètu dedha mèdha persembahan èèna.",eng,nfa,English,Dhao,8.6864,17.993,19.3816
"the lord smelled the pleasant aroma. the lord said in his heart, i will not again curse the ground any more for man's sake because the imagination of man's heart is evil from his youth. i will never again strike every living thing, as i have done.","ropa lamatua sangèd'u nare hèu gèmu korban deo na, d'ara na karej'e. ka na ngee na, nèti deo ne'e ne, ja'a huku heka rai-haha ne, lula bhabhelu-katub'a dhèu. masi ka rèngu dhoka ngee bhabhelu di, ja'a pa'ele iie heka ngaa-ngaa dhu mamuri, sèmi dhu ja'a heka tao kore èèna.","Èle èèna ka, dhèu aaꞌi-aaꞌi tadèngi hèbꞌa èèna. Hèia na peka dènge dꞌara na, aku nèngu na, ""Jaꞌa paꞌele iie le rai èèna, lula dhèu aaꞌi-aaꞌi ètu dꞌara jꞌara-jꞌara bhelu-katubꞌa. Jaꞌa paꞌele iie boe aaꞌi-aaꞌi dhu mamuri èèna, nuka sèmi jaꞌa paꞌele iie aaꞌi aaꞌi-aaꞌi dhu jaꞌa paꞌele iie èèna, nuka sèmi jaꞌa paꞌele iie aaꞌi aaꞌi-aaꞌi dhu dhèu aaꞌi-aaꞌi ètu dꞌara jꞌara-jꞌara bhelu-katubꞌa.","Ama Lamatua tadèngi hèb'a dhu pakarej'e d'ara na. Hèia Ama Lamatua peka dènge d'ara na, aku nèngu na, ""Ja'a pa'ele iie boe le rai èèna lula dhèu, lula pangee d'ara dhèu èèna bhelu-katub'a nèti ana ngèru na. Ja'a pamadhe boe le aa'i-aa'i dhu mamuri, nuka sèmi ja'a tao le.""",eng,nfa,English,Dhao,15.2119,7.7595,7.9744
"while the earth remains, seed time and harvest, and cold and heat, and summer and winter, and day and night will not cease.","lod'o rai-haha ne era, hèru dènge tèu, kako madhutu atora. sèmi: hèru sèla dènge hèru puu-g'ètu, hèru pacuhi dènge hèru sagoro, hèru hadhu dènge hèru èj'i lai, mèu dènge mèda.","Lodꞌo jꞌajꞌi ètu rai-haha ne, èèna jꞌajꞌi lodꞌo jꞌajꞌi aaꞌi-aaꞌi. Èèna jꞌajꞌi lodꞌo jꞌajꞌi aaꞌi-aaꞌi. Èèna jꞌajꞌi lodꞌo jꞌajꞌi aaꞌi-aaꞌi. Èèna jꞌajꞌi lodꞌo hèru aaꞌi-aaꞌi. Èèna jꞌajꞌi lodꞌo jꞌajꞌi aaꞌi-aaꞌi. Èèna jꞌajꞌi lodꞌo jꞌajꞌi aaꞌi-aaꞌi. Èèna jꞌajꞌi lodꞌo jꞌajꞌi aaꞌi-aaꞌi.","Lod'o rai-haha taha taruu, hèru ceb'e hini dènge hèru puu-g'ètu, pacuhi dènge pana, hèru hadhu dènge hèru èj'i, dènge lod'o dènge mèda, loe boe.",eng,nfa,English,Dhao,43.6332,39.3855,40.0306
"god blessed noah and his sons, and said to them, be fruitful, multiply, and replenish the earth.","hèia ama lamatua pala-bagi berkat mi noh dènge ana-ana na, peka na, miu matana pa'ae-ae, sèna ka papènu rai-haha ne.","Èle èèna ka, Ama Lamatua hia mèngi-nale Noh dènge ana-èpu na. Ka Na peka dènge rèngu, aku Nèngu na, ""Bèli-camèdꞌa miu jꞌajꞌi dhèu ae-ae ètu rai-haha ne. Bèli-camèdꞌa miu jꞌajꞌi dhèu ae-ae ètu rai-haha ne.","Èle èèna ka, Ama Lamatua hia mèngi-nale Noh dènge ana-èpu na. Ka Na peka dènge rèngu, aku Nèngu na, ""Bèli-camèdꞌa miu jꞌajꞌi dhèu ae-ae ètu rai-haha ne.""",eng,nfa,English,Dhao,3.0657,0.1716,0.1738
"the fear of you and the dread of you will be on every animal of the earth, and on every bird of the sky. everything that moves along the ground, and all the fish of the sea, are delivered into your hand.","ladhe èèna na, badha hui, manu-bhui dènge i'a aa'i-aa'i ra madha'u dènge miu. miu ka dhu ator si.","Dhèu aaꞌi-aaꞌi ètu rai-haha, dènge manu-bhui aaꞌi-aaꞌi ètu dedha-liru, aa aaꞌi-aaꞌi ètu dedha-liru, aa aaꞌi-aaꞌi ètu dedha-liru, aaꞌi-aaꞌi ètu dedha-liru, aaꞌi-aaꞌi ètu dedha-liru, aaꞌi-aaꞌi ètu dedha-liru, aaꞌi-aaꞌi ètu dedha-liru, aaꞌi-aaꞌi ètu dedha-liru, aaꞌi-aaꞌi ètu dꞌara miu.","Bèli-camèd'a abhu madha'u miu dènge d'ara pèd'a miu ètu dedha badha aa'i-aa'i ètu rai-haha, dènge ètu dedha manu-bhui aa'i-aa'i ètu dedha-liru. Aa'i-aa'i dhu rod'o ètu rai-haha, dènge i'a aa'i-aa'i ètu d'ara dhasi, pahie le asa d'ara miu.",eng,nfa,English,Dhao,12.7375,21.8556,19.98
"every moving thing that lives will be food for you. as i gave you the green herb, i have given everything to you.","sisi badha aa'i-aa'i, miu bisa mi'a, sèmi dhu mi'a hua-hela, dènge rèu ana aaj'u se. aa'i-aa'i se, ja'a hia miu.","Aaꞌi-aaꞌi dhu mamuri, aaꞌi-aaꞌi dhu mamuri, aaꞌi-aaꞌi dhu mamuri, aaꞌi-aaꞌi dhu mamuri, aaꞌi-aaꞌi dhu mamuri, aaꞌi-aaꞌi dhu mamuri, aaꞌi-aaꞌi dhu mamuri, aaꞌi-aaꞌi dhu mamuri, aaꞌi-aaꞌi dhu mamuri, aaꞌi-aaꞌi dhu mamuri, aaꞌi-aaꞌi dhu mamuri, aaꞌi-aaꞌi dhu mamuri.","Aa'i-aa'i dhu mamuri, j'aj'i nganga'a hia miu. Sama sèmi ja'a hia miu ana aaj'u, ja'a hia aa'i-aa'i hia miu.",eng,nfa,English,Dhao,36.7904,28.493,29.207
"but flesh with its life, that is, its blood, you shall not eat.","dhoka sisi dhu dènge raa era, miu madha mèu mi'a, lula samanga badha ètu raa na.",Te ngaa baku raꞌa ngiꞌu dènge raa na.,"Te ngaa baku raꞌa ngiꞌu dènge mamuri na, nuka sèmi raa na.",eng,nfa,English,Dhao,0.0531,1.6163,0.3721
"i will surely require accounting for your life's blood. at the hand of every animal i will require it. at the hand of man, even at the hand of every man's brother, i will require the life of man. whoever sheds man's blood, his blood will be shed by man, for god made man in his own image.","ja'a paj'aj'i dhèu madhutu raropa ja'a. nèti èèna ka, baku pamadhe dhèu. ladhe abhu dhèu, do badha, dhu pamadhe dhèu, na, pamadhe ne kahèi. ne'e, lii paredha nèti ja'a.","Jaꞌa heka pamaꞌète lii langu èu, nèti badha aaꞌi-aaꞌi, nèti dhèu rai-haha, nèti dhèu rai-haha. Ladhe abhu dhèu dhu pamadhe dhèu rai-haha, bèli-camèdꞌa dhèu rai-haha, bèli-camèdꞌa Ama Lamatua pajꞌajꞌi dhèu rai-haha, lula Nèngu ka dhu pajꞌajꞌi dhèu rai-haha.","Jaꞌa heka pamaꞌète lii langu èu. Nèti badha aaꞌi-aaꞌi, jaꞌa heka pamaꞌète lii langu èu. Nèti dhèu rai-haha, toke nèti a'ari dhèu rai-haha aaꞌi-aaꞌi, jaꞌa heka pamaꞌète lii langu dhèu rai-haha. Dhèu cee dhu pamadhe dhèu rai-haha, raa na hud'i pamadhe nèti dhèu rai-haha kahèi, lula Ama Lamatua pajꞌajꞌi dhèu rai-haha sèmi rupa Nèngu unu.",eng,nfa,English,Dhao,-4.1354,-1.3262,-2.1921
"be fruitful and multiply. increase abundantly in the earth, and multiply in it.","miu se hud'i matana pa'ae-ae ku, sèna ka papènu hari rai-haha ne.","Bèli-camèdꞌa dhèu aaꞌi-aaꞌi ètu rai-haha ne, sèna ka jꞌajꞌi dhèu ae-ae, aa jꞌajꞌi dhèu aaꞌi-aaꞌi ètu rai-haha ne.""","Bèli-camèd'a aa bèba-kacanga. J'aj'i ae-ae ètu rai-haha, aa bèba-kacanga ètu d'ara ne.",eng,nfa,English,Dhao,-5.0557,-7.0757,-6.4266
"god spoke to noah and to his sons with him, saying,","ka ama lamatua tuhu hari lii padhai lii na,","Èle èèna ka, Ama Lamatua peka dènge Noh dènge ana-èpu na, aku Nèngu na,","Ama Lamatua peka dènge Noh dènge ana-èpu na, aku Nèngu na,",eng,nfa,English,Dhao,0.4988,0.1137,-0.3832
"as for me, behold, i establish my covenant with you, and with your offspring after you,","de ne'e ne, ja'a pajaji dènge miu, toke d'ai lai ana lai èpu.","Nèti èèna ka, Jaꞌa neo paꞌèki lii pajaji Jaꞌa dènge èu, dènge ana-èpu èu aaꞌi-aaꞌi dhu bèli-camèdꞌa mai.","Bèli-camèd'a, Ja'a neo pa'èki lii pajaji Ja'a dènge èu, dènge ana-èpu èu dhu bèli-camèd'a mai.",eng,nfa,English,Dhao,0.8005,2.3044,2.0073
"and with every living creature that is with you: the birds, the livestock, and every animal of the earth with you, of all that go out of the ship, even every animal of the earth.","lii pajaji ne, lèke kahèi mi aa'i-aa'i dhu mamuri, sèmi: badha ani, badha hui, dènge manu-bhui. peka ka laa, lèke aa'i-aa'i dhu kalua palere-lere dènge miu nèti dedha kapa.","dènge aaꞌi-aaꞌi dènge badha aaꞌi-aaꞌi dhu ètu rai-haha ne, manu-bhui, dènge badha aaꞌi-aaꞌi dhu ètu rai-haha ne, aaꞌi-aaꞌi dhu ètu rai-haha ne, aaꞌi-aaꞌi dhu ètu rai-haha ne, aaꞌi-aaꞌi dhu ètu rai-haha ne, aaꞌi-aaꞌi dhu ètu rai-haha ne.","dènge badha mamuri aa'i-aa'i dhu dènge èu: nuka manu-bhui, badha piara, dènge badha aa'i-aa'i dhu ètu rai-haha dhu dènge èu, nèti aa'i-aa'i dhu la'e nèti kapa, masi ka badha aa'i-aa'i dhu ètu rai-haha.",eng,nfa,English,Dhao,17.637,12.9749,12.4564
i will establish my covenant with you: all flesh will not be cut off any more by the waters of the flood. there will never again be a flood to destroy the earth.,"lii pajaji ja'a sèmi ne'e: ja'a hia heka èi aae lala, ho pamadhe aa'i ngaa-ngaa dhu mamuri, aa dènge pa'ele iie rai-haha ne.","Nèti èèna ka, Jaꞌa neo paꞌèki paꞌèki paꞌèki paꞌèki dènge miu, peka na, bèli-camèdꞌa bèli-camèdꞌa, bèli-camèdꞌa bèli-camèdꞌa, bèli-camèdꞌa bèli-camèdꞌa bèli-camèdꞌa, bèli-camèdꞌa bèli-camèdꞌa, bèli-camèdꞌa bèli-camèdꞌa, bèli-camèdꞌa bèli-camèdꞌa, bèli-camèdꞌa bèli-camèdꞌa ètu rai-haha.",Ja'a neo pa'èki lii pajaji ja'a dènge miu. Isi ngi'u aa'i-aa'i baku pamadhe hari nèti èi aae. Baku abhu hari èi aae sa hèi ho pamadhe rai-haha.,eng,nfa,English,Dhao,19.2009,23.2704,22.8025
"god said, this is the token of the covenant which i make between me and you and every living creature that is with you, for perpetual generations: i set my rainbow in the cloud, and it will be a sign of a covenant between me and the earth.","ja'a pasa saroo ètu dedha-liru, sèna ka j'aj'i tadha pasanèd'e lii pajaji ja'a dhu ma'ète boe dènge miu, dènge aa'i-aa'i dhu mamuri, aa dènge rai-haha ne.","Èle èèna ka, Ama Lamatua peka, aku Nèngu na, ""Nèti èèna ka, Jaꞌa paꞌèki lii pajaji dènge miu, dènge badha aaꞌi-aaꞌi dhu dènge miu ètu rai-haha ne, toke dꞌai mia-mia. Jaꞌa pajꞌujꞌu dedha-liru Jaꞌa ètu dedha-liru, sèna ka jꞌajꞌi tadha, na, Jaꞌa paꞌèki dènge dhèu aaꞌi-aaꞌi ètu rai-haha ne, sèna ka jꞌajꞌi tadha, na, Jaꞌa paꞌèki dènge dhèu aaꞌi-aaꞌi dhu mamuri ètu rai-haha ne, sèna ka jꞌajꞌi tadha, na, Jaꞌa paꞌèki dènge dhèu aaꞌi-aaꞌi dhu mamuri ètu rai-haha ne.""","Ama Lamatua peka, ""Ne'e ka tadha lii pajaji dhu Ja'a pa'èki dènge Ja'a dènge miu, dènge badha aa'i-aa'i dhu mamuri dhu dènge miu, toke d'ai mia-mia. Ja'a paj'uj'u dedha-liru Ja'a ètu dedha-liru, sèna ka j'aj'i tadha lii pajaji èci dhu Ja'a pa'èki dènge rai-haha.""",eng,nfa,English,Dhao,20.4462,16.217,17.3167
"when i bring a cloud over the earth, that the rainbow will be seen in the cloud, i will remember my covenant, which is between me and you and every living creature of all flesh, and the waters will no more become a flood to destroy all flesh. the rainbow will be in the cloud. i will look at it, that i may remember the everlasting covenant between god and every living creature of all flesh that is on the earth. god said to noah, this is the token of the covenant which i have established between me and all flesh that is on the earth.","ladhe abhu ra'i-liru, ho saroo cèu, èèna na pasanèd'e ja'a nèti lii pajaji èèna. na peka na, èi aae pa'ele iie heka aa'i-aa'i dhu mamuri. dènge j'ara ne'e ne ka, lii pajaji ja'a dhu ma'ète boe, pa'èki tèke le dènge miu, aa dènge aa'i-aa'i dhu mamuri.","Èle èèna ka, Lamatua peka dènge Noh, aku Nèngu na, ""Èèna na Jaꞌa kèdhi le lii pajaji dhu Jaꞌa paꞌèki le dènge dhèu aaꞌi-aaꞌi ètu rai-haha ne, toke dꞌai mia-mia. Jaꞌa kèdhi le lii pajaji dhu Jaꞌa paꞌèki le dènge dhèu aaꞌi-aaꞌi ètu rai-haha ne, toke dꞌai mia-mia toke dꞌai mia-mia. Jaꞌa kèdhi le lii pajaji dhu Jaꞌa paꞌèki le dènge dhèu aaꞌi-aaꞌi ètu rai-haha ne, sèna ka dènge dhèu aaꞌi-aaꞌi ètu rai-haha ne, sèna ka dènge dhèu aaꞌi-aaꞌi ètu rai-haha ne. Jaꞌa kèdhi le lii pajaji dhu Jaꞌa paꞌèki le dènge dhèu aaꞌi-aaꞌi ètu rai-haha ne, toke dꞌai mia-mia. Jaꞌa kèdhi le lii pajaji dhu Jaꞌa paꞌèki le dènge dhèu aaꞌi-aaꞌi-aaꞌi dhu Jaꞌi paꞌèki le dènge dhèu aaꞌi-aaꞌi-aaꞌi-aaꞌi ètu rai-haha ne.""","Ladhe Ja'a mèti ra'i-liru mai ètu dedha rai-haha ne, sèna ka saroo ne ladhe rèdhi ètu d'ara ra'i-liru èèna, Ja'a sanèd'e lii pajaji Ja'a, dhu ètu talora aae Ja'a dènge èu, dènge dhèu aa'i-aa'i dhu mamuri, dhu dènge ngi'u aae. Aa èi aae ne, j'aj'i boe lala hari, ho pamadhe aa'i ngi'u aae. Saroo ne ladhe pea ètu d'ara ra'i-liru èèna. Ja'a ladhe mèdhi ne, sèna ka Ja'a sanèd'e lii pajaji dhu taha toke d'ai mia-mia, dhu ètu talora aae Ama Lamatua dènge dhèu aa'i-aa'i dhu mamuri, dhu dènge ngi'u aae ètu rai-haha ne. Ama Lamatua peka dènge Noh, aku Nèngu na, ""Ne'e ne, tadha nèti lii pajaji, dhu Ja'a pa'èki le ètu talora aae Ja'a dènge aa'i ngi'u aae dhu ètu rai-haha ne.""",eng,nfa,English,Dhao,13.0724,20.9593,16.994
"the sons of noah who went out from the ship were shem, ham, and japheth. ham is the father of canaan.","ana-ana noh dhu puru nèti dedha kapa, sem, yafet dènge ham ham èèna, ama kana'an.","Sem, Ham, dènge Yafet. Ham jꞌajꞌi le dhèu aae Kenan. Nèngu ne, dhèu aaꞌi-aaꞌi dhu kalua nèti dꞌara kapa.","Ana-ana Noh dhu kalua nèti d'ara kapa nuka Sem, Ham, dènge Yafet. Ham matana Kenan.",eng,nfa,English,Dhao,2.6699,6.3689,4.9231
"these three were the sons of noah, and from these the whole earth was populated.","dhèu aa'i-aa'i ra ètu rai-haha ne, j'aj'i nèti ana noh dhèu tèlu sèra.","Dhèu tèlu se, nuka ana-èpu Noh. Dhèu aaꞌi-aaꞌi ètu rai-haha ne jꞌajꞌi le dhèu aaꞌi-aaꞌi ètu rai-haha ne.","Dhèu tèlu se, nuka ana-èpu Noh. Nèti rèngu se, rai-haha ne j'aj'i pènu le dhèu.",eng,nfa,English,Dhao,5.4271,-4.1939,-2.6167
"noah began to be a farmer, and planted a vineyard.","noh èèna, dhèu sab'a oka-tedhe. nèngu ka dhu uru j'ara tao oka anggor.","Èle èèna ka, dhèu aaꞌi-aaꞌi ètu dꞌara oka èèna. Nèti èèna ka, dhèu aaꞌi-aaꞌi ètu dꞌara oka èèna. Nèti èèna ka, dhèu aaꞌi-aaꞌi ètu dꞌara oka èèna. Nèti èèna ka, dhèu aaꞌi-aaꞌi ètu dꞌara oka èèna. Nèti èèna ka, dhèu aaꞌi-aaꞌi ètu dꞌara oka èèna. Nèti èèna ka, dhèu aaꞌi-aaꞌi ètu dꞌara oka èèna.","Noh mulai j'aj'i dhèu sab'a, aa sèla oka anggor.",eng,nfa,English,Dhao,22.1113,12.1908,16.6404
he drank of the wine and got drunk. he was uncovered within his tent.,"ca tèka, na ninu èi anggor, ka na mahu titu kèna. hèia na puru eele mèdha-papake nèti ua na. ka na j'unu lega-loli dènge boe mèdha-papake ètu d'ara paleo na.","Èle èèna ka, na maso asa dꞌara hèbꞌa na, hèia na maso asa dꞌara hèbꞌa na.","Na rinu èi anggor ka na mahu, hèia na lusu pakahoni ètu d'ara hèb'a na.",eng,nfa,English,Dhao,7.9235,10.4433,10.826
"ham, the father of canaan, saw the nakedness of his father, and told his two brothers outside.","ropa ham ladhe nèdhi era makae ama na, ka rai li'u la'e, lolo dènge a'a na, sem dènge yafet.","Èle èèna ka, Ham, ama dhèu Kenan, ladhe nèdhi ama na dènge boe mèdha-panyau, hèia laꞌe peka dènge aꞌari na dua ra ètu liꞌu.","Èle èèna ka, Ham, ama dhèu Kenan, ladhe nèdhi ama na dènge boe mèdha-panyau, hèia laꞌe peka dènge aꞌari na dua ra ètu liꞌu.",eng,nfa,English,Dhao,0.0,0.0,0.0
"shem and japheth took a garment, and laid it on both their shoulders, went in backwards, and covered the nakedness of their father. their faces were backwards, and they didn't see their father's nakedness.","hèia dua ra rare sig'i-kalolo ca bèla, ka ra bhoke mema ètu kabela-kao ra. ka dua ra kako kabodho lasi asa d'ara paleo ama ra, sèna ka ra pahutu mi ngi'u na. dènge sèmi èèna, rèdhi boe era makae ama ra. èle èèna ka, ra kalua sa li'u.","Èle èèna ka, Sem dènge Yafet rèti kodho èci dènge èci, hèia rèti asa dꞌara èmu. Ropa rèdhi mèdha-papake ama ra, ka dua ra ladhe rèdhi mèdha-papake ama ra. Ropa rèdhi mèdha-papake ama ra, ka dua ra ladhe rèdhi mèdha-papake ama ra. Ropa rèdhi mèdha-papake ama ra, hèia rèdhi mèdha-papake ama ra, sèna ka rèdhi mèdha-papake ama ra, sèna ka rèdhi mèdha-papake ama ra.","Èle èèna ka, Sem dènge Yafet rèti kodho èci, hèia ra hèle kodho èèna ètu nèti ra dua ra, kako asa d'ara èmu dènge muri, hèia pahutu mèdha-papake ama ra. Rèhu ra ètu muri, ka rèngu ladhe boe mèdha-papake ama ra.",eng,nfa,English,Dhao,2.3974,-1.6306,-0.1641
"noah awoke from his wine, and knew what his youngest son had done to him.","ropa noh mase'a, na ne'a tatao nèti ana limuri na, ham.","Èle èèna ka, Noh kèdꞌi nèti dꞌara èi anggor na, ka na reꞌa, na, ana na dhu uru èèna tao le dènge ne.","Èle èèna ka, Noh kèdꞌi nèti dꞌara èi anggor na, ka na reꞌa, na, ana na dhu iiki d'ai-d'ai tao le dènge ne.",eng,nfa,English,Dhao,-0.4623,-0.3422,-0.4365
"he said, canaan is cursed. he will be a servant of servants to his brothers.","ka na peka, aku nèngu na, he! ama kana'an! ja'a dhoo èu! èu ne, èèna na j'aj'i ènu nèti a'a mu si!","Hèia Abraham dhaa, aku nèngu na, ""Ladhe Ama Lamatua hagꞌe nare ne, nèngu hudꞌi jꞌajꞌi dhèu sabꞌa hia aꞌari na.""","Na peka, 'Kana'an na dhoo. Nèngu hud'i j'aj'i dhèu sab'a dhu paling d'èu hia a'ari na.'",eng,nfa,English,Dhao,-0.728,0.2416,-1.971
"he said, blessed be the lord, the god of shem. let canaan be his servant.","koa-kio lamatua, lula sem! te ngaa kana'an j'aj'i ènu sem.","Hèia na peka, aku nèngu na, ""Sèmi neꞌe: Ama Lamatua ka dhu dedꞌe padedha-dedha, aa Ama Lamatua ka dhu dedꞌe padedha-dedha, aa Ama Lamatua ka dhu dedꞌe padedha-dedha, aa Ama Lamatua ka dhu dedꞌe padedha-dedha, aa Ama Lamatua ka dhu dedꞌe padedha-dedha, aa Ama Lamatua ka dhu dedꞌe padedha-dedha, aa Ama Lamatua ka dhu dedꞌe padedha-dedha.""","Hèia na peka, Ama Lamatua ka dhu ded'e padedha-dedha, Ama Lamatua na Shem. Ka Kana'an dhu j'aj'i ana sab'a na.",eng,nfa,English,Dhao,9.4337,15.7394,14.7169
may god enlarge japheth. let him dwell in the tents of shem. let canaan be his servant.,"hud'i laa, ama lamatua pataleo rai unu yafet. aa ana-èpu na mamuri mera-milu dènge ana-èpu sem. te ngaa hud'i kana'an j'aj'i ènu yafet.",Jaꞌa manèngi sèna ka Ama Lamatua pajꞌujꞌu Jaꞌa. Jaꞌa manèngi sèna ka Jaꞌa mamuri ètu dꞌara hèbꞌa Sem. Jaꞌa manèngi sèna ka Kanaan jꞌajꞌi dhèu sabꞌa na. Jaꞌa manèngi sèna ka Jaꞌa padꞌelo dꞌara hua iia Jaꞌa. Jaꞌa manèngi sèna ka Jaꞌa padꞌelo dꞌara hua iia Jaꞌa. Jaꞌa manèngi sèna ka Jaꞌa mamuri ètu dꞌara hèbꞌa Sem. Jaꞌa manèngi sèna ka Kanaan jꞌajꞌi dhèu sabꞌa na.,Sèna ka Ama Lamatua paj'uj'u Japhet. Sèna ka nèngu mamuri ètu d'ara hèb'a Sem. Sèna ka Kanaan j'aj'i dhèu sab'a na.,eng,nfa,English,Dhao,8.2439,3.4939,6.1781
noah lived three hundred fifty years after the flood.,"nèti èle èi aae lala, noh mamuri era d'ai tèlu ngasu lèmi nguru tèu.","Èle èèna ka, bèli-camèdꞌa bèli-camèdꞌa bèli-camèdꞌa bèli-camèdꞌa bèli-camèdꞌa bèli-camèdꞌa bèli-camèdꞌa bèli-camèdꞌa bèli-camèdꞌa bèli-camèdꞌa bèli-camèdꞌa bèli-camèdꞌa.",Noh mamuri tèlu cangasu lèmi nguru tèu èle èi aae lala.,eng,nfa,English,Dhao,43.5142,52.0403,51.7579
"all the days of noah were nine hundred fifty years, and then he died.","umur noh d'ai ceo ngasu lèmi nguru tèu, heka madhe kèna.","Nèti èèna ka, dhèu aaꞌi-aaꞌi ètu rai-haha ne, mamuri nèti nèu nguru nguru nguru nguru sèra. Hèia na madhe.",Noh mamuri sanga riho lèmi nguru tèu. Hèia na madhe.,eng,nfa,English,Dhao,21.8442,13.3124,15.3647
"now this is the history of the generations of the sons of noah and of shem, ham, and japheth. sons were born to them after the flood.","èle èi aae, ka ana-ana noh abhu ana-èpu. nuka ana-èpu nèti sem, yafet, dènge ham.","Èèna ka jꞌara-jꞌara dhèu aaꞌi-aaꞌi, nuka sèmi ana-èpu Noh: Sem, Ham, dènge Yafet. Èle èèna ka, dhèu aaꞌi-aaꞌi ra abhu ana-èpu dua ra.","Èèna ka j'ara-j'ara ana-èpu Noh, nuka Sem, Ham, dènge Yafet. Èli èi aae lala, ra abhu ana-èpu.",eng,nfa,English,Dhao,13.885,4.0721,7.2628
"the sons of japheth were: gomer, magog, madai, javan, tubal, meshech, and tiras. the sons of gomer were: ashkenaz, riphath, and togarmah. the sons of javan were: elishah, tarshish, kittim, and dodanim. of these were the islands of the nations divided in their lands, everyone after his language, after their families, in their nations.","ana-èpu yafet, nuka: gomer, magog, madai, yawan, tubal, mesek dènge tiras. èci-èci ka dènge lii, suku, aa dènge rai ra. ana-èpu gomer, ka: askenas, rifat dènge togarma. ana-èpu yawan, ka: elisa, tarsis, dhèu kitim, dènge dhèu dodanim dhu pea ètu sebhe dhasi.","ana-èpu Jafet, Elyas, Tarsis, Kitim, dènge Dodanim. Dhèu-dhèu seꞌe ka dhu paꞌèci rai-haha ètu rai-haha, ètu rai-haha, èci-èci dènge dhèu èci, èci-èci dènge dhèu ètu rai-haha. Èci-èci èèna ka dènge dhèu ètu rai-haha, èci-èci dènge dhèu ètu rai-haha, èci-èci dènge dhèu ètu rai-haha, èci-èci dènge dhèu ètu rai-haha, èci-èci dènge dhèu ètu rai-haha, èci-èci dènge dhèu ètu rai-haha.","Ana-èpu Jafet nuka: Gomer, Magog, Madai, Yawan, Tubal, Mesek, dènge Tiras. Ana-èpu Gomer nuka: Askenas, Rifat, dènge Togarma. Ana-èpu Yawan nuka: Elisa, Tarsis, Kitim, dènge Dodanim. Nèti rèngu se, pulau-pulau dhèu-dhèu suku pa'èci ètu rai-haha ra, èci-èci madhutu lii rèngu, madhutu èmu-kamali ra, ètu d'ara suku ra.",eng,nfa,English,Dhao,0.6878,13.4528,10.741
"the sons of ham were: cush, mizraim, put, and canaan.","ana-èpu ham, ka: kus, misraim, put, dènge kana'an.","ana-èpu Ham: Kus, Mizraim, Puti, dènge Kenan. Nèngu se, ana-èpu Ham, cahagꞌe-cahagꞌe, cahagꞌe-cahagꞌe, cahagꞌe-cahagꞌe, cahagꞌe-cahagꞌe, cahagꞌe-cahagꞌe, cahagꞌe-cahagꞌe, cahagꞌe-cahagꞌe, cahagꞌe-cahagꞌe, cahagꞌe-cahagꞌe, cahagꞌe-cahagꞌe, cahagꞌe-cahagꞌe, cahagꞌe-cahagꞌe, cahagꞌe-cahagꞌe, cahagꞌe-cahagꞌe, cahagꞌe-cahagꞌe, cahagꞌe-cahagꞌe, cahagꞌe-cahagꞌe, cahagꞌe-cahagꞌe, cahagꞌe, cahagꞌe-cahagꞌe.","ana-èpu Ham: Kus, Mizraim, Puti, dènge Kenan.",eng,nfa,English,Dhao,17.833,12.222,16.5067
"the sons of cush were: seba, havilah, sabtah, raamah, and sabteca. the sons of raamah were: sheba and dedan.","ana-èpu kus, ka: seba, hawila, sabta, raema dènge sabteka. ana-èpu raema, ka: syeba dènge dedan.","ana-èpu Kush, Sebha, Havila, Sabtha, Rahama, dènge Sabteca. Ana-èpu Rahama, Sheba, dènge Dedan. [Dhèu aaꞌi-aaꞌi dhu jꞌajꞌi dhèu aaꞌi-aaꞌi ra jꞌajꞌi dhèu aaꞌi-aaꞌi ra, dhèu aaꞌi-aaꞌi ra jꞌajꞌi dhèu aaꞌi-aaꞌi ra. Rèngu aaꞌi-aaꞌi ra jꞌajꞌi dhèu aaꞌi-aaꞌi ra. Rèngu aaꞌi-aaꞌi ra jꞌajꞌi dhèu aaꞌi-aaꞌi ra. Rèngu aaꞌi-aaꞌi ra jꞌajꞌi dhèu aaꞌi-aaꞌi ra, aaꞌi-aaꞌi ra jꞌajꞌi dhèu aaꞌi-aaꞌi ra, aaꞌi-aaꞌi ra jꞌajꞌi dhèu aaꞌi-aaꞌi ra jꞌajꞌi dhèu aaꞌi-aaꞌi ra.","ana-èpu Kush, Sebha, Havila, Sabtha, Rahama, dènge Sabteca. Ana-èpu Rahama, Sheba, dènge Dedan.",eng,nfa,English,Dhao,9.6584,7.9238,11.6678
cush became the father of nimrod. he began to be a mighty one in the earth.,"ana mone kus, ka, nimrod. nèngu ne, kapala musu dhu uru tèka, aa èra.","Kush abhu Nimrod. Nimrod ne, ca dhèu kapai ètu rai-haha ne.","Kush matana Nimrod. Nimrod ne, mulai j'aj'i ca dhèu kapai ètu rai-haha ne.",eng,nfa,English,Dhao,-0.8221,2.1998,1.2315
"he was a mighty hunter before the lord. therefore it is said, like nimrod, a mighty hunter before the lord.","a'èra na mai nèti lamatua, aa nèngu kahèi j'aj'i dhèu dhu èra bia magèla badha. nèti èèna ka, dhèu biasa peka na, sèna ka èu more dhèu dhu èra bia magèla badha, sèmi nimrod, dhu abhu a'èra nèti lamatua.","Ètu madha Ama Lamatua, nèngu jꞌajꞌi dhèu pajuu-paleha dènge koasa. Nèti èèna ka, dhèu aaꞌi-aaꞌi reꞌa, na, nèngu jꞌajꞌi dhèu pajuu-paleha dènge koasa. Nèti èèna ka, dhèu aaꞌi-aaꞌi reꞌa, na, nèngu jꞌajꞌi dhèu pajuu-paleha dènge koasa. Nèti èèna ka, dhèu aaꞌi-aaꞌi reꞌa, na, nèngu jꞌajꞌi dhèu pajuu-paleha dènge koasa Ama Lamatua, sama sèmi Nimrod.","Ètu madha Ama Lamatua, nèngu jꞌajꞌi dhèu pajuu-paleha dènge koasa. Nèti èèna ka, dhèu peka na, sama sèmi Nimrod, dhèu pajuu-paleha dènge koasa ètu madha Ama Lamatua.",eng,nfa,English,Dhao,7.7708,0.3812,2.921
"the beginning of his kingdom was babel, erech, accad, and calneh, in the land of shinar.","era na, mulai uru nèti rae babel, erek akad, toke kalne. rae se aa'i-aa'i ra, ètu rai sinear.","bèli-camèdꞌa dhèu aae na paredha ètu Babel, Erek, Accad, dènge Kalne, ètu rai Shinar.","Uru paredha na ètu Babel, Erek, Accad, dènge Kalne, ètu rai Shinar.",eng,nfa,English,Dhao,-1.1028,-1.5292,-0.7147
"out of that land he went into assyria, and built nineveh, rehoboth ir, calah,","nèti era sèra, na nare hari asyur. ka na patitu kota niniwe, rehobot-ir, kala,","Èle èèna ka, nèngu tèke eele rai-haha ne, laꞌe asa Asyur. Èle èèna ka, nèngu patitu kota Nineve, kota Rehobot, kota Sela,","Èle èèna ka, nèngu tèke eele rai-haha ne, laꞌe asa Asyur, aa patitu kota Nineve, kota Rehobot, kota Sela.",eng,nfa,English,Dhao,0.5402,-0.0735,0.5962
and resen between nineveh and the great city calah.,"dènge resen, ètu talora aae niniwe dènge kala. aa'i-aa'i sèra, kota-kota kapai hua.","Èle èèna ka, bèli-camèdꞌa nèti kota Nineveh dènge kota kapai nèti Kalah, kota kapai nèti kota kapai nèti kota kapai nèti kota kapai nèti kota kapai nèti kota kapai nèti kota kapai nèti kota kapai nèti kota kapai nèti kota kapai nèti kota kapai nèti kota kapai nèti kota kapai nèti kota kapai nèti kota kapai nèti kota kapai nèti kota kapai nèti kota kapai nèti kota kapai nèti kota kapai nèti kota kapai nèti kota kapai nèti kota kapai nèti kota kapai nèti kota kapai nèti kota kapai nèti kota kapai nèti kota kapai nèti kota kapai nèti kota kapai nèti kota kapai nèti kota kapai nèti kota kapai nèti kota kapai nèti kota kapai nèti kota kapai nèti kota kapai nèti kota kapai.",Aa Resen ètu talora aae kota Nineveh dènge kota kapai Kalah.,eng,nfa,English,Dhao,15.2569,20.1513,24.4957
"mizraim became the father of ludim, anamim, lehabim, naphtuhim,","ana-èpu misraim, ka: dhèu ludim, dhèu ananim, dhèu lehabim, dhèu naftuhim,","Mizraim, ama na, Ludim, Anim, Lehabim, Naftuim,","Mizraim matana Ludim, Anamim, Lehabim, Naftuim.",eng,nfa,English,Dhao,-1.1306,-2.2772,-3.2743
"pathrusim, casluhim which the philistines descended from, and caphtorim.","dhèu patrusim, dhèu kasluhim, dènge dhèu kaftorim. dhèu kasluhim nuka bèi-baki nèti dhèu pilistin.","patrusim, kasluim, kapai-kalèbho, kapai-kalèbho, kapai-kalèbho, kapai-kalèbho, kapai-kalèbho, kapai-kalèbho, kapai-kalèbho, kapai-kalèbho, kapai-kalèbho, kapai-kalèbho, kapai-kalèbho, kapai-kalèbho, kapai-kalèbho, kapai-kalèbho, kapai-kalèbho, kapai-kalèbho, kapai-kalèbho, kapai-kalèbho, kapai-kalèbho, kapai-kalèbho, kapai-kalèbho, kapai-kalèbho, kapai-kalèbho, kapai-kalèbho, kapai-kalèbho, kapai-kalèbho, kapai-kalèbho.","patrusim, kasluim dhu filistin puru mai nèti, dènge kaftorim.",eng,nfa,English,Dhao,14.1524,20.037,23.598
"canaan became the father of sidon his firstborn, heth,","ana uuru kana'an, nuka, sidon. kana'an j'aj'i bèi-baki nèti dhèu het,","Kenan jꞌajꞌi le dhèu aae Sidon. Dhèu aae Kenan jꞌajꞌi le ana iiki na, ngara na Het.","Kanaan matana Sidon, ana uuru na, dènge Het.",eng,nfa,English,Dhao,0.4266,-1.1027,2.2288
"the jebusites, the amorites, the girgashites,","dhèu yebusi, dhèu amori, dhèu girgasi,","suku Yebus, suku Amor, suku Girgash,","suku Yebus, suku Amor, suku Girgash,",eng,nfa,English,Dhao,0.0,0.0,0.0
"the hivites, the arkites, the sinites,","dhèu hiwi, dhèu arki, dhèu sini,","kahibꞌi-kalèbho, kahibꞌi-kalèbho, kahibꞌi-kalèbho, kahibꞌi-kalèbho, kahibꞌi-kalèbho, kahibꞌi-kalèbho, kahibꞌi-kalèbho, kahibꞌi-kalèbho, kahibꞌi-kalèbho, kahibꞌi-kalèbho, kahibꞌi-kalèbho, kahibꞌi-kalèbho, kahibꞌi-kalèbho, kahibꞌi-kalèbho, kahibꞌi-kalèbho, kahibꞌi-kalèbho, kahibꞌi-kalèbho, kahibꞌi-kalèbho, kahibꞌi-kalèbho, kahibꞌi-kalèbho,","Hibi, Arki, Sini",eng,nfa,English,Dhao,3.0536,8.0444,8.2568
"the arvadites, the zemarites, and the hamathites. afterward the families of the canaanites were spread abroad.","dhèu arwadi, dhèu semari, dènge dhèu hamati. ana-èpu kana'an se, pea palème d'ai era dhu kaj'èu,","dhèu Zafat, dhèu Zemar, dènge dhèu Hamat. Èle èèna ka, dhèu Kenan aaꞌi-aaꞌi ra rai-haha ètu rai-haha ne.","dhèu Arwad, dhèu Zemar, dènge dhèu Hamat. Èle èèna ka, dhèu Kenan aaꞌi-aaꞌi ra pale-lème.",eng,nfa,English,Dhao,1.9128,3.2,2.9342
"the border of the canaanites was from sidon-as you go toward gerar-to gaza-as you go toward sodom, gomorrah, admah, and zeboiim-to lasha.","toke too rai rèngu mulai nèti sidon taruu asa gerar, d'ai gasa. nèti èèna, la'e d'ai sodom, gomora, adma dènge seboim, d'ai kota lasa.","Èle èèna ka, rai-haha ne jꞌajꞌi hèbꞌa dhèu Kanaani nèti Sidon. Èle èèna ka, rai-haha ne jꞌajꞌi hèbꞌa dhèu Kanaani nèti Sidon. Èle èèna ka, rai-haha ne jꞌajꞌi hèbꞌa dhèu Gasa. Èle èèna ka, rai-haha ne jꞌajꞌi hèbꞌa kota Sodom, kota Gomora, kota Adma, dènge kota Seboyim, hèbꞌa kota Lamatua. Èle èèna ka, rai-haha ne jꞌajꞌi hèbꞌa dhèu Kanaani nèti Sidon. Èle èèna ka, rai-haha ne jꞌajꞌi hèbꞌa dhèu Gasa. Èle èèna ka, rai-haha ne jꞌajꞌi hèbꞌa kota Sodom, kota Gomora, dènge kota Seboyim.","Hèb'a dhèu Kanaani ne nèti Sidon, dhu la'e asa Gerar, d'ai Gasa, dhu la'e asa Sodom, Gomora, Adma, dènge Seboyim, d'ai Lasa.",eng,nfa,English,Dhao,15.5936,6.9893,11.1049
"these are the sons of ham, after their families, according to their languages, in their lands and their nations.","rèngu aa'i-aa'i sèra, ana-èpu ham. èci-èci dènge lii, suku, aa dènge rai ra.","Rèngu se, ana-èpu Ham. Rèngu aaꞌi-aaꞌi ra, ètu rai-haha ra, dènge suku-suku ra, dènge lii ra.","Rèngu se, ana-èpu Ham, madhutu suku ra, madhutu lii ra, ètu rai ra dènge suku-suku ra.",eng,nfa,English,Dhao,-1.9506,-10.9342,-7.6822
"children were also born to shem the elder brother of japheth, the father of all the children of eber.","sem, a'a yafet, nèngu ka j'aj'i bèi-baki dhèu eber.","Sem, aꞌari Jafet, abhu ana-èpu nèti Eber.","Ana-ana abhu kahèi mi Sem, a'ari a'a Jafet, dhu nuka ama nèti ana-ana Eber aa'i-aa'i.",eng,nfa,English,Dhao,3.0369,6.6064,4.0143
"the sons of shem were: elam, asshur, arpachshad, lud, and aram.","ana-èpu sem, ka: elam, asyur, arpaksad, lud dènge aram.","Ana-èpu Sem: Elam, Asur, Arpakshad, Lod, dènge Aram.","Ana Sem sèra: Elam, Asur, Arpakshad, Lod, dènge Aram.",eng,nfa,English,Dhao,-4.7385,-5.255,-4.037
"the sons of aram were: uz, hul, gether, and mash.","ana-èpu aram ka: dhèu us, dhèu hul, dhèu geter, dènge dhèu mas.","Ana-èpu Aram: Uz, Hul, Geter, dènge Mash.","Ana-èpu Aram: Uz, Hul, Geter, dènge Mash.",eng,nfa,English,Dhao,0.0,0.0,0.0
arpachshad became the father of shelah. shelah became the father of eber.,"ana arpaksad ka, sela. ana sela ka, eber.","Arpasad, ama na, Sela. Sela, ama na, Eber.",Arpasad matana Sela. Sela matana Eber.,eng,nfa,English,Dhao,-0.3617,-1.8242,-3.0086
"to eber were born two sons. the name of the one was peleg, for in his days the earth was divided. his brother's name was joktan.","ana eber, mone dhèu dua. ana uuru, ngara na pelek dhu sasoa na ‘palème era', lula taa èèna dhèu pea palème ètu rai-haha ne. ngara ari na, yoktan.","Eber abhu ana dhèu dua. Ngara ca dhèu, Peleg, lula ètu dꞌara lodꞌo na, dhèu aaꞌi-aaꞌi ètu rai-haha ne jꞌajꞌi dhèu aaꞌi-aaꞌi. Aꞌari na, Joktan.","Eber abhu ana mone dua. Ngara ca dhèu, Peleg, lula ètu dꞌara lodꞌo na, rai-haha ne jꞌajꞌi patao-palaha. Aꞌari na, Joktan.",eng,nfa,English,Dhao,-4.8704,-3.312,-2.6942
"joktan became the father of almodad, sheleph, hazarmaveth, jerah,","ana-èpu yoktan, ka: almodad, selef, hasar-mawet, yera,","Joktan, ama na, Almodad, Shelef, Hazarmavet, Zerah,","Joktan matana Almodad, Shelef, Hazarmavet, Jerah,",eng,nfa,English,Dhao,-0.9972,-2.5065,-2.6047
"hadoram, uzal, diklah,","hadoram, usal, dikla,","hadoram, uzal, dikla, kahibꞌi-kalèbho, kahibꞌi-kalèbho, kahibꞌi-kalèbho, kahibꞌi-kalèbho, kahibꞌi-kalèbho, kahibꞌi-kalèbho, kahibꞌi-kalèbho, kahibꞌi-kalèbho, kahibꞌi-kalèbho, kahibꞌi-kalèbho, kahibꞌi-kalèbho, kahibꞌi-kalèbho, kahibꞌi-kalèbho, kahibꞌi-kalèbho, kahibꞌi-kalèbho, kahibꞌi-kalèbho, kahibꞌi-kalèbho, kahibꞌi-kalèbho, kahibꞌi-kalèbho, kahibꞌi-kalèbho, kahibꞌi-kalèbho, kahibꞌi-kalèbho, kahibꞌi-kalèbho, kahibꞌi-kalèbho,","hadoram, uzal, dikla,",eng,nfa,English,Dhao,57.7143,53.9131,58.4932
"obal, abimael, sheba,","obal, abimael, syeba,","Obal, Abimael, Shebꞌa, Kèbꞌa, Kèbꞌa, Kèbꞌa, Kèbꞌa, Kèbꞌa, Kèbꞌa, Kèbꞌa, Kèbꞌa, Kèbꞌa, Kèbꞌa, Kèbꞌa, Kèbꞌa, Kèbꞌa, Kèbꞌa, Kèbꞌa, Kèbꞌa, Kèbꞌa, Kèbꞌa, Kèbꞌa, Kèbꞌa, Kèbꞌa, Kèbꞌa, Kèbꞌa, Kèbꞌa, Kèbꞌa, Kèbꞌa, Kèbꞌa, Kèbꞌa, Kèbꞌa, Kèbꞌa, Kèbꞌa, Kèbꞌa, Kèbꞌa, Kèbꞌa, Kèbꞌa, Kèbꞌa, Kèbꞌa, Kèbꞌa, Kèbꞌa, Kèbꞌa, Kèbꞌa, Kèbꞌa, Kèbꞌa, Kèbꞌa","Obal, Abimael, Shebꞌa",eng,nfa,English,Dhao,14.3395,22.6095,24.3957
"ophir, havilah, and jobab. all these were the sons of joktan.","ofir, hawila, dènge yobab. rèngu aa'i-aa'i se, ana-èpu yoktan.","Ofir, Havila, dènge Jobab. Aaꞌi-aaꞌi se, ana-èpu Joktan.","Ofir, Havila, dènge Jobab. Aaꞌi-aaꞌi se, ana-èpu Joktan.",eng,nfa,English,Dhao,0.0,0.0,0.0
"their dwelling extended from mesha, as you go toward sephar, the mountain of the east.","era pea rèngu, mulai nèti mesa, taruu d'ai sefar, nuka era dhu kabhuku re sebhe dhimu.","Lodꞌo-lodꞌo rèngu èci èèna ka, nèti Mesa, asa propensi Sefar, ètu ledhe-ledhe, ètu cabèka cabèka, ètu cabèka cabèka cabèka, ètu cabèka cabèka cabèka, ètu cabèka cabèka cabèka, ètu cabèka cabèka cabèka, ètu cabèka cabèka cabèka, ètu cabèka cabèka cabèka, ètu cabèka cabèka cabèka, ètu cabèka cabèka cabèka, ètu cabèka cabèka, ètu cabèka cabèka cabèka, ètu cabèka cabèka cabèka, ètu cabèka cabèka.","Era pea rèngu nèti Mesa, dhu kako asa Sefar, nuka ledhe ètu dhimu.",eng,nfa,English,Dhao,11.5764,20.2771,24.3613
"these are the sons of shem, by their families, according to their languages, lands, and nations.","rèngu aa'i-aa'i se, ana-èpu sem. èci-èci ka dènge lii, suku, aa dènge rai ra.","Rèngu se, ana-èpu Sem, èci èèna ka dènge suku ra, dènge lii ra, ètu rai-haha ra, dènge suku ra.","Rèngu se, ana-èpu Sem, madhutu suku ra, dènge lii ra, rai-haha ra, dènge suku ra.",eng,nfa,English,Dhao,-1.0241,-3.8672,-3.2831
"these are the families of the sons of noah, by their generations, according to their nations. the nations divided from these in the earth after the flood.","aa'i-aa'i se, ana-èpu noh, èci-èci ka dènge suku ra. ropa èi aae lala èle, rèngu se'e ka pea papènu lème rai-haha ne.","Nèti èèna ka, dhèu aaꞌi-aaꞌi ètu rai-haha ne jꞌajꞌi dhèu aaꞌi-aaꞌi ètu rai-haha. Èle èèna ka, dhèu aaꞌi-aaꞌi ètu rai-haha ne jꞌajꞌi dhèu aaꞌi-aaꞌi ètu rai-haha.","Ne'e ka, isi èmu ana-ana Noh, madhutu bèi-baki dènge suku ra. Nèti rèngu ka, suku-suku ètu rai-haha ne palaha èle èi aae lala.",eng,nfa,English,Dhao,19.6315,20.5728,22.3007
the whole earth was of one language and of one speech.,"uru-uru tèka na, dhèu ètu rai-haha ne, dhoka lii èci di.","Èle èèna ka, dhèu aaꞌi-aaꞌi ètu rai-haha ne pake lii èci dènge lii èci.","Èle èèna ka, dhèu aaꞌi-aaꞌi ètu rai-haha ne pake lii èci dènge lii èci.",eng,nfa,English,Dhao,0.0,0.0,0.0
"as they traveled east, they found a plain in the land of shinar, and they lived there.","lod'o rèngu cahag'e lasi asa ca bèka dhimu, ra d'ai era mera ètu sinear, ka ra pea ètu èèna.","Èle èèna ka, rèngu lèpa hari asa cabèka, ka ra paraga dènge rae ètu sebhe èci, ètu rai Shinar. Ka ra pea ètu era neꞌe.","Ropa rèngu lèpa asa dhimu, ka ra paraga dènge rae rata èci ètu rai Shinar. Ka ra pea ètu era neꞌe.",eng,nfa,English,Dhao,4.1225,-5.1392,-2.7009
"they said to one another, come, let's make bricks, and burn them thoroughly. they had brick for stone, and they used tar for mortar. they said, come, let's build ourselves a city, and a tower whose top reaches to the sky, and let's make a name for ourselves, lest we be scattered abroad on the surface of the whole earth.","rèngu aa'i-aa'i rare lii èci, aku rèngu na, a'ari, ee! mai ta patitu kota kapai aae cue. ti tao hadhu bata; ti tunu pa'adhu. èèna na, èdhi pudhi sa dedha, ho ti tape dènge èi dama. ho èèna na, ti patitu manara dedha aae èci, dhu kolo nèngu na d'ai dedha-liru, sèna ka èdhi abhu kolongara kapai. ho sèna ka èdhi j'aj'i ca kabarai aae, dhu pahag'a ia ka.","Ka ra padhai lii èci dènge èci, aku rèngu na, ""Mai ka, jiꞌi tao ajꞌu èci, sèna ka jꞌajꞌi dhèu aaꞌi-aaꞌi. De jiꞌi tao ajꞌu èci, sèna ka jꞌajꞌi dhèu aaꞌi-aaꞌi, sèna ka jꞌajꞌi dhèu aaꞌi-aaꞌi ètu rai-haha ne. Aa jiꞌi tao ajꞌu èci, sèna ka jꞌajꞌi dhèu aaꞌi-aaꞌi, sèna ka jꞌajꞌi dhèu aaꞌi-aaꞌi, sèna ka jꞌajꞌi dhèu aaꞌi-aaꞌi, sèna ka jꞌajꞌi dhèu aaꞌi-aaꞌi, aa jꞌajꞌi dhèu aaꞌi-aaꞌi, sèna ka jꞌajꞌi dhèu aaꞌi-aaꞌi, sèna ka jꞌajꞌi dhèu aaꞌi-aaꞌi, sèna ka jꞌajꞌi dhèu aaꞌi-aaꞌi dhèu aaꞌi-aaꞌi-aaꞌi, aa jꞌajꞌi dhèu aaꞌi-aaꞌi-aaꞌi ètu rai-aaꞌi, sèna ka jꞌajꞌi dhèu aaꞌi-aaꞌi-aaꞌi ètu rai-aaꞌi.""","Ka ra padhai lii èci dènge èci, aku rèngu na, ""Mai ka, ji'i tao aj'u, sèna ka tunu si pakèpu. Rèngu dènge aj'u j'aj'i hadhu, aa ra pake tar j'aj'i pèd'a. Ka ra padhai, ""Mai ka, ji'i patitu kota èci mi èdhi, dènge manara èci dhu kètu na d'ai dedha-liru, aa ji'i tao kolongara mi èdhi, sèna ka ji'i baku rai paj'ala ètu dedha rai-haha aa'i-aa'i ne.""",eng,nfa,English,Dhao,20.6258,17.6096,17.4344
"the lord came down to see the city and the tower, which the children of men built.",hèia lamatua puru mai laladhe kota dènge manara dhu ra patitu èèna.,"Èle èèna ka, dhèu aae Daud puru nèti dꞌara kota ne, sèna ka ladhe nèdhi kota dhu dhèu rai-haha aaꞌi-aaꞌi patitu ètu dꞌara kota ne. Nèti èèna ka, dhèu aaꞌi-aaꞌi reꞌa mèdha-panyau dhu dhèu rai-haha aaꞌi-aaꞌi patitu ètu dꞌara kota ne, sèna ka ladhe nèdhi dhèu aaꞌi-aaꞌi reꞌa mèdha-panyau dhu dhèu rai-haha tao ètu dꞌara kota ne, ka dhèu aaꞌi-aaꞌi reꞌa mèdha-panyau aaꞌi-aaꞌi ètu dꞌara kota ne.",Ama Lamatua puru ho ladhe nèdhi kota ne dènge èmu madhenga dhu dhèu rai-haha patitu.,eng,nfa,English,Dhao,3.7679,16.6576,19.365
"the lord said, behold, they are one people, and they all have one language, and this is what they begin to do. now nothing will be withheld from them, which they intend to do.","ka na peka na, dhèu rai-haha se, aa'i-aa'i ra ca kabarai, dènge lii èci di. ngaa dhu rèngu tao ne, heka mulai kèna. bèli-camèd'a ladhe rèngu aa'i-aa'i ra j'aj'i mi èci sèmi ne'e, èèna na, ngaa dhu rèngu neo tao, j'aj'i aa'i mèu-mèu.","Hèia Lamatua dhaa, aku Nèngu na, ""Miu aaꞌi-aaꞌi mi! Miu aaꞌi-aaꞌi mi se, dhèu aaꞌi-aaꞌi mi. Miu aaꞌi-aaꞌi mi jꞌajꞌi dhèu aaꞌi-aaꞌi. De limuri ne, aaꞌi-aaꞌi mi jꞌajꞌi dhèu aaꞌi-aaꞌi mi. Aaꞌi-aaꞌi mi jꞌajꞌi dhèu aaꞌi-aaꞌi mi, aaꞌi-aaꞌi mi jꞌajꞌi dhèu aaꞌi-aaꞌi.","Hèia Lamatua dhaa, nanene! Rèngu ne dhèu ca suku, aa rèngu aa'i-aa'i abhu lii ca lii. Aa ne'e ka dhu rèngu mulai tao. De limuri ne, aad'o ngaa-ngaa dhu bisa tahan nèti rèngu, dhu rèngu neo tao.",eng,nfa,English,Dhao,11.9785,16.8662,16.357
"come, let's go down, and there confuse their language, that they may not understand one another's speech.","de be'a risi, èdhi puru lati ho tao lii si baka-leo, ho sèna ka èci ne'a boe lii èci.","Mai ka, ho jiꞌi lèpa asa era èèna, ho jꞌajꞌi dhèu bhelu-katubꞌa èci dènge èci, sèna ka rèngu reꞌa boe lii dhèu èci. De ladhe rèngu tadèngi lii dhèu èci, rèngu reꞌa boe lii dhèu èci, na, rèngu reꞌa boe lii dhèu èci. De ladhe rèngu tadèngi lii dhèu èci, rèngu reꞌa boe lii dhèu èci, na, rèngu reꞌa boe lii dhèu èci.""","Mai ka, ho jiꞌi lèpa asa era èèna, ho jꞌajꞌi dhèu bhelu-katubꞌa èci dènge èci, sèna ka rèngu reꞌa boe lii dhèu èci dènge èci.",eng,nfa,English,Dhao,4.1895,3.0186,6.5689
so the lord scattered them abroad from there on the surface of all the earth. they stopped building the city.,"hèia lamatua puru, ka kakeho lii ra. dènge j'ara sèmi èèna, na pacèri si palème rai-haha ne. ka ra pakèd'i taruu heka kota deo na.","Nèti èèna ka, Lamatua papuru dhèu seꞌe asa rai-haha ne. Hèia dhèu se aaꞌi-aaꞌi ra tèke eele patitu kota ne.","Nèti èèna ka, Lamatua papuru dhèu seꞌe asa rai-haha ne. Hèia dhèu se aaꞌi-aaꞌi ra tèke eele patitu kota ne.",eng,nfa,English,Dhao,0.0,0.0,0.0
"therefore its name was called babel, because there the lord confused the language of all the earth. from there, the lord scattered them abroad on the surface of all the earth.","nèti èèna ka, ra pangare kota na, babel dhu sasoa na ‘pab'ingu', lula lamatua kakeho lii ra, aa pacèri eele si palème rai-haha ne.","Nèti èèna ka, ra pangare ne, Babel, lula ètu era neꞌe, Lamatua pakajꞌalu lii dhèu aaꞌi-aaꞌi ètu rai-haha ne. Nèti èèna ka, Lamatua pahaha iisi dhèu aaꞌi-aaꞌi ètu rai-haha ne.","Nèti èèna ka, ra pangare ne, Babel, lula ètu era neꞌe, Lamatua pakajꞌalu lii dhèu aaꞌi-aaꞌi ètu rai-haha ne. Nèti èèna ka, Lamatua pahaha iisi dhèu aaꞌi-aaꞌi ètu rai-haha ne.",eng,nfa,English,Dhao,0.0,0.0,0.0
this is the history of the generations of shem: shem was one hundred years old when he became the father of arpachshad two years after the flood.,"se'e se, ana-èpu sem. ropa èle èi aae lala dua tèu sa, sem mamuri cangasu tèu kèna, ka na abhu ana mone ca dhèu, ngara na arpaksad.","Èci èèna ka jꞌara-jꞌara ana-èpu Sem. Lodꞌo hèbꞌa aae Sem dènge lodꞌo èèna, na jꞌajꞌi dhèu aae Arpasad. Lodꞌo èèna, lodꞌo èèna dꞌai dua tèu, na jꞌajꞌi dhèu aae Arpasad.","Èci èèna ka jꞌara-jꞌara ana-èpu Sem. Sem dhu cangasu tèu kèna ropa na matana Arpasad, dua tèu limuri èi aae lala.",eng,nfa,English,Dhao,18.3041,12.6065,13.276
"shem lived five hundred years after he became the father of arpachshad, and became the father of more sons and daughters.","ka sem mamuri hari d'ai lèmi ngasu tèu, na abhu hari ana mone dènge ana bhèni.","Èle èèna ka, Sem mamuri toke dꞌai lèmi nguru tèu. Èle èèna ka, na nara iisi Arpakshad. Hèia na nara iisi hari ana-èpu dènge ana-èpu na.","Sem mamuri lèmi nguru tèu èle na matana Arpakshad, hèia na matana hari ana mone dènge ana bhèni.",eng,nfa,English,Dhao,26.3143,16.2652,19.62
arpachshad lived thirty-five years and became the father of shelah.,"lod'o umur arpaksad d'ai tèlu nguru lèmi tèu, na abhu ana mone ca dhèu, ngara na sela.","Èle èèna ka, Arpasad mamuri toke dꞌai tèlu nguru tèlu tèu. Èle èèna ka, na nara iisi dhèu èci, ngara na Sela.","Arpasad mamuri toke dꞌai tèlu nguru lèmi tèu, hèia na matana Sela.",eng,nfa,English,Dhao,13.7728,-0.137,0.4513
"arpachshad lived four hundred three years after he became the father of shelah, and became the father of more sons and daughters.","ka arpaksad mamuri hari d'ai èpa ngasu tèlu tèu, na abhu hari ana mone dènge ana bhèni.","Èle èèna ka, Arpasad mamuri èpa nguru tèlu lodꞌo. Èle èèna ka, na nara iisi Sela. Èle èèna ka, Arpasad nara iisi ana-èpu dènge ana-èpu na.","Arpasad mamuri èpa cangasu dènge tèlu tèu èle na matana Sela, aa na matana hari ana mone dènge ana bhèni.",eng,nfa,English,Dhao,31.3389,22.0755,24.8723
"shelah lived thirty years, and became the father of eber.","lod'o umur sela d'ai tèlu nguru tèu, na abhu ana mone ca dhèu, ngara na eber.","Èle èèna ka, na mamuri tèlu nguru tèu tèu. Èle èèna ka, na nara iisi èmu èci, ngara na Eber, èci èèna ka dènge Ama Lamatua ètu dꞌara Èmu Kapua Manèngi-Mangajꞌi ètu dꞌara Èmu Kapua Manèngi-Mangajꞌi ètu dꞌara Èmu Kapua Manèngi-Mangajꞌi ètu dꞌara Èmu Kapua Manèngi-Mangajꞌi ètu dꞌara Èmu Kapua Manèngi-Mangajꞌi ètu dꞌara Èmu Kapua Manèngi-Mangajꞌi ètu dꞌara Èmu Kapua Manèngi-Mangajꞌi ètu dꞌara Èmu Kapua Manèngi-Mangajꞌi ètu dꞌara Èmu Kapua Manèngi-Mangajꞌi.","Sela mamuri tèlu nguru tèu, ka na matana Eber.",eng,nfa,English,Dhao,15.6814,5.0113,10.5205
"shelah lived four hundred three years after he became the father of eber, and became the father of more sons and daughters.","ka sela mamuri hari d'ai èpa ngasu tèlu tèu, na abhu hari ana mone dènge ana bhèni.","Èle èèna ka, Selah mamuri èpa nguru tèlu tèu. Èle èèna ka, na nara iisi Eber. Èle èèna ka, na nara iisi ana-èpu dènge ana-èpu na.","Selah mamuri èpa cangasu dènge tèlu tèu èèna ka na matana Eber, dènge na matana hari ana-ana mone dènge ana-ana bhèni.",eng,nfa,English,Dhao,9.0194,18.1906,16.4529
"eber lived thirty-four years, and became the father of peleg.","lod'o umur eber d'ai tèlu nguru èpa tèu, na abhu ana mone ca dhèu, ngara na pelek.","Lodꞌo Eber mamuri, nèngu mamuri tèlu nguru tèu. Èle èèna ka, nèngu jꞌajꞌi dhèu aae Peleg. [Nèti èèna ka, nèngu jꞌajꞌi dhèu aaꞌi-aaꞌi dhu jꞌajꞌi dhèu aaꞌi-aaꞌi ètu dꞌara Èmu Kapua Manèngi-Mangajꞌi ètu dꞌara Èmu Kapua Manèngi-Mangajꞌi ètu dꞌara Èmu Kapua Manèngi-Mangajꞌi ètu dꞌara Èmu Kapua Manèngi-Mangajꞌi ètu dꞌara Èmu Kapua Manèngi-Mangajꞌi ètu dꞌara Èmu Kapua Manèngi-Mangajꞌi ètu dꞌara Èmu Kapua Manèngi-Mangajꞌi ètu dꞌara Èmu Kapua Manèngi-Mangajꞌi.","Lodꞌo Eber mamuri, nèngu mamuri tèlu nguru èpa tèu. Èle èèna ka, nèngu matana Peleg.",eng,nfa,English,Dhao,21.3817,12.4115,16.432
"eber lived four hundred thirty years after he became the father of peleg, and became the father of more sons and daughters.","ka eber mamuri era d'ai èpa ngasu tèlu nguru tèu, na abhu hari ana mone dènge ana bhèni.","Nèti èèna ka, Eber mamuri toke dꞌai èpa nguru tèlu tèu. Èle èèna ka, nèti èèna ka, nèti èèna ka, nèti èèna ka, nèti èèna ka, nèti èèna ka, nèti èèna ka, nèti èèna ka, nèti èèna ka, nèti èèna ka, nèti èèna ka, nèti èèna ka, nèti neꞌe ka, nèti èèna ka, nèti èèna ka, nèti èèna ka, nèti èèna ka, nèti èèna ka, nèti èèna ka, nèti èèna ka, nèti èèna ka, nèti èèna ka, nèti èèna ka, nèti èèna ka, nèti èèna ka, nèti nèti èèna ka, nèti èèna ka, nèti nèti èèna ka, nèti nèti èèna ka, nèti nèti èèna ka, nèti nèti èèna ka, nèti nèti èèna ka, nèti nèti èèna ka, nèti nèti èèna ka, nèti èèna ka, nèti nèti èèna ka, nèti nèti èci.","Eber mamuri èpa nguru tèlu tèu èle na matana Peleg, aa na matana ana mone dènge ana bhèni risi.",eng,nfa,English,Dhao,30.4964,32.6311,37.2938
"peleg lived thirty years, and became the father of reu.","lod'o umur pelek d'ai tèlu nguru tèu, na matana ana mone ca dhèu, ngara na rehu.","Hèia Peleg mamuri tèlu nguru tèu. Èle èèna ka, na abhu Rehu.","Hèia Peleg mamuri tèlu nguru tèu. Èle èèna ka, na matana Rehu.",eng,nfa,English,Dhao,2.2344,7.2943,6.9343
"peleg lived two hundred nine years after he became the father of reu, and became the father of more sons and daughters.","ka pelek mamuri era d'ai dua ngasu ceo tèu, na abhu hari ana mone dènge ana bhèni.","Èle èèna ka, Peleg mamuri dua nguru tèu tèu tèu. Èle èèna ka, na nara iisi Reu, aa nara iisi ana mone dènge ana bhèni kahèi.","Peleg mamuri dua cangasu sio tèu èle na nara iisi Reu, aa nara iisi ana mone dènge ana bhèni kahèi.",eng,nfa,English,Dhao,6.0784,3.424,3.0674
"reu lived thirty-two years, and became the father of serug.","lod'o umur rehu d'ai tèlu nguru dua tèu, na abhu ana mone èci, ngara na seruk.","Èle èèna ka, Reu mamuri tèlu nguru dua tèu. Èle èèna ka, na abhu Serug.","Reu mamuri tèlu nguru dua tèu, hèia na matana Serug.",eng,nfa,English,Dhao,-6.8897,-3.8388,-3.6639
"reu lived two hundred seven years after he became the father of serug, and became the father of more sons and daughters.","ka rehu mamuri era d'ai dua ngasu pidhu tèu, na abhu hari ana mone dènge ana bhèni.","Èle èèna ka, Rehu mamuri dua ngasu pidhu tèu. Èle èèna ka, na nara iisi Serug. Èle èèna ka, na nara iisi ana mone dènge ana bhèni.","Èle na nara iisi Serug ka, Rehu mamuri dua ngasu pidhu tèu, dènge na nara iisi ana mone dènge ana bhèni.",eng,nfa,English,Dhao,12.8608,2.9609,4.6509
"serug lived thirty years, and became the father of nahor.","lod'o umur seruk d'ai tèlu nguru tèu, na matana ana mone ca dhèu, ngara na nahor.","Èle èèna ka, Seruk mamuri dꞌai 30 tèu. Èle èèna ka, na abhu Nahor.","Èle èèna ka, Seruk mamuri d'ai 30 tèu. Èle èèna ka, matana Nahor.",eng,nfa,English,Dhao,2.8298,4.2722,3.2712
"serug lived two hundred years after he became the father of nahor, and became the father of more sons and daughters.","ka seruk mamuri era d'ai dua ngasu tèu, ka na abhu hari ana mone dènge ana bhèni.","Èle èèna ka, Seruk mamuri toke dꞌai dua nguru tèu. Èle èèna ka, na nara iisi Nahor. Na nara iisi hari ana mone dènge ana bhèni.","Seruk mamuri toke dꞌai dua nguru tèu èle na nara iisi Nahor, aa na nara iisi hari ana mone dènge ana bhèni.",eng,nfa,English,Dhao,6.5091,0.9763,1.2644
"nahor lived twenty-nine years, and became the father of terah.","lod'o umur nahor d'ai dua nguru ceo tèu, na abhu ana mone èci, ngara na tera.","Èle èèna ka, Nahor mamuri toke dꞌai dua nguru tèu. Èle èèna ka, Nahor jꞌajꞌi dhèu aae Tera.","Nahor mamuri dua nguru si'o tèu, ka na matana Tera.",eng,nfa,English,Dhao,1.1406,0.2456,2.6459
"nahor lived one hundred nineteen years after he became the father of terah, and became the father of more sons and daughters.","ka nahor mamuri era d'ai cangasu canguru ceo tèu, ka na abhu hari ana mone dènge ana bhèni.","Èle èèna ka, Nahor mamuri toke dꞌai ca tèu nguru tèu. Nèti èèna ka, Nahor jꞌajꞌi dhèu aaꞌi-aaꞌi ra, ngara na Tera. Nèngu jꞌajꞌi dhèu aaꞌi-aaꞌi nèti dhèu aaꞌi-aaꞌi ra.","Èle Nahor matana Tera ka, na mamuri ca tèu nguru tèu, aa na matana ana mone dènge ana bhèni dhu ae hari.",eng,nfa,English,Dhao,22.7817,20.8708,23.326
"terah lived seventy years, and became the father of abram, nahor, and haran.","lod'o umur tera d'ai pidhu nguru tèu risi, na abhu ana mone, dhèu tèlu: abram, nahor, dènge haran.","Èle èèna ka, na mamuri pidhu nguru tèu tèu. Èle èèna ka, na abhu Abram, Nahor, dènge Haran.","Tera mamuri pidhu nguru tèu, ka na matana Abram, Nahor, dènge Haran.",eng,nfa,English,Dhao,-10.7057,-6.164,-5.6766
"now this is the history of the generations of terah. terah became the father of abram, nahor, and haran. haran became the father of lot.","ana-èpu tera, sèmi ne'e: ana mone na, ka: abram, nahor, dènge haran. haran abhu ana mone ca dhèu, ngara na lot.","Terah abhu Abram, Nahor, dènge Haran. Haran abhu Lot.","Ne'e ka lole j'ara mamuri nèti Terah. Terah matana Abram, Nahor, dènge Haran. Haran matana Lot.",eng,nfa,English,Dhao,2.4278,3.0221,1.2881
"haran died in the land of his birth, in ur of the chaldees, while his father terah was still alive.","haran madhe ètu rae èta-èsu na, ngara na ur, rai dhèu kasdim. lod'o èèna, ama na tera mamuri era.","Èle èèna ka, Haran madhe ètu rai rae na, ètu rae Uri nèi nèi nèti dhèu Kaldea. Te ngaa ama na, Tera, pea ètu rai neꞌe.","Èle èèna ka, Haran madhe ètu rai rae na, ètu rae Uri nèti dhèu Kaldea, lod'o ama na, Tera, pea mamuri.",eng,nfa,English,Dhao,4.6596,5.9478,5.6817
"abram and nahor married wives. the name of abram's wife was sarai, and the name of nahor's wife was milcah, the daughter of haran, who was also the father of iscah.","abram madhèdi dènge sarai. nahor leo dènge ana bhèni haran, ngara na milka. haran abhu ana mone èci kahèi, ngara na yiska.","Èle èèna ka, Abram dènge Nahor jꞌajꞌi dhèu èmu-kamali, ngara na Sarai. Aa dhèu èmu Nahor jꞌajꞌi dhèu èmu-kamali, ngara na Milka, ana bhèni Haran. Nèngu jꞌajꞌi dhèu èmu Isak.","Abram dènge Nahor nare dhèu èmu. Dhèu èmu Abram ngara na Sarai, aa dhèu èmu Nahor ngara na Milka, ana bhèni Haran. Haran ne, matana Iska kahèi.",eng,nfa,English,Dhao,0.9166,-0.335,0.1765
sarai was barren. she had no child.,te ngaa sarai dènge boe ana.,Sarai dènge boe ana.,Sarai bèdho mèno. Na dènge boe ana.,eng,nfa,English,Dhao,-25.5268,-14.1415,-14.9442
"terah took abram his son, lot the son of haran, his son's son, and sarai his daughter-in-law, his son abram's wife. they went from ur of the chaldees, to go into the land of canaan. they came to haran and lived there.","ca tèka, tera nèti ana na abram, dènge sarai dhèu èmu abram, dènge èpu na lot, lasi tèke eele rae ur, neo lasi asa rai kana'an. te ngaa lasi d'ai rae haran, rèngu pea ka ètu èèna.","Èle èèna ka, dhèu Tirus dènge ana na Abram, Lot, ana na Haran, dènge Sarai, ana bhèni na, dhèu èmu na Abram. Èle èèna ka, rèngu tèke eele kota Uri, ètu rai Kaldea, ho lasi pea ètu rai Kanaan. Èle èèna ka, rèngu dꞌai Haran, ka ra pea ètu neꞌe.","dhèu Tirus dènge ana na Abram, Lot, ana na Haran, ana-èpu na Tirus, dènge Sarai, dhèu èmu ana na Tirus, dhèu èmu na Abram. Èle èèna ka, rèngu tèke eele kota Uri, ètu rai Kaldea, ho lasi pea ètu rai Kanaan. Èle èèna ka, rèngu d'ai Haran, ka ra pea ètu ne'e.",eng,nfa,English,Dhao,0.4142,2.0727,1.4783
the days of terah were two hundred five years. terah died in haran.,"tera madhe ètu èèna, dènge umur na dua ngasu lèmi tèu.","Èle èèna ka, dꞌai dua nguru èpa lodꞌo. Èle èèna ka, nèngu madhe ètu Haran.",Tera muri dua cangasu lèmi lod'o. Nèngu madhe ètu Haran.,eng,nfa,English,Dhao,6.6315,9.6181,7.597
"now the lord said to abram, leave your country, and your relatives, and your father's house, and go to the land that i will show you.","lod'o èèna, lamatua peka le dènge abram, peka na, abram! èu pakèd'i nèti era èu ne, tèke eele ina-ama èu, èmu ina-ama mu, dènge rae-lesa èu. lamu asa era èci, dhu pe ja'a peka dènge èu.","Èle èèna ka, Lamatua peka dènge Abram, aku Nèngu na, ""Èu hudꞌi tèke eele rai èu, dènge aꞌari èu, dènge èmu ama mu, ho laꞌe asa rai dhu Jaꞌa padꞌelo dènge èu.""","Èle èèna ka, Lamatua peka dènge Abram, aku Nèngu na, ""Èu hudꞌi tèke eele rai èu, dènge aꞌari èu, dènge èmu ama mu, ho laꞌe asa rai dhu Jaꞌa padꞌelo dènge èu.""",eng,nfa,English,Dhao,0.0,0.0,0.0
i will make of you a great nation. i will bless you and make your name great. you will be a blessing.,"èèna na, ja'a hia mèngi-nale mi èu. aa ana-èpu èu, èèna na, bèba-kacanga, j'aj'i suku dhu kapai, toke dhèu tadhe kolongara èu. ho bèli-camèd'a, èu j'aj'i berkat hia dhèu leo kahèi.","Jaꞌa tao èu jꞌajꞌi suku kapai. Jaꞌa pakabꞌua èu, aa padedha-dedha kolongara dhèu aaꞌi-aaꞌi.","Jaꞌa tao èu jꞌajꞌi suku kapai. Jaꞌa pakabꞌua èu, aa padedha-dedha kolongara èu. Èu j'aj'i mèngi-nale.",eng,nfa,English,Dhao,12.3118,7.4616,7.4607
"i will bless those who bless you, and i will curse him who treats you with contempt. all the families of the earth will be blessed through you.","èèna na, ja'a hia berkat mi dhèu dhu hia berkat mi èu. te ngaa ja'a huku dhèu cee dhu dhoo èu. nanene paie! pe èèna na, dhèu aa'i-aa'i ètu rai-haha ne abhu berkat lula èu.","Jaꞌa patabuli dhèu aaꞌi-aaꞌi dhu patabuli èu. Aa dhèu aaꞌi-aaꞌi dhu pahaha iisi èu, jaꞌa pahaha iisi. Aa dhèu aaꞌi-aaꞌi ètu rai-haha ne, bèli-camèdꞌa ra patabuli èu.""","Jaꞌa patabuli dhèu aaꞌi-aaꞌi dhu patabuli èu. Aa dhèu dhu nasa èu, jaꞌa nasa nèngu. Aa dedha suku aaꞌi-aaꞌi ètu rai-haha ne, bèli-camèdꞌa ra patabuli nèti èu.",eng,nfa,English,Dhao,2.3643,3.252,3.5263
"so abram went, as the lord had told him. lot went with him. abram was seventy-five years old when he departed from haran. abram took sarai his wife, lot his brother's son, all their possessions that they had gathered, and the people whom they had acquired in haran, and they went to go into the land of canaan. they entered into the land of canaan.","lod'o èèna, umur abram pidhu nguru lèmi tèu. na nèti dhèu èmu na sarai, aa dènge ana ari na, lot, dènge mèdha-panyau ra aa'i-aa'i, aa dènge dhèu sab'a na aa'i-aa'i dhu na abhu ètu kota haran. hèia abram si lasi ka, tèke eele kota haran, asa era dhu lamatua peka le dènge ne. ka ra kako taruu, d'ai rai èci, ngara na kana'an.","Èle èèna ka, Abram dènge Sarai, dhèu èmu na, dènge Lot, ana aꞌari na, dènge mèdha-panyau rèngu aaꞌi-aaꞌi dhu rèngu abhu ètu Haran. Èle èèna ka, dhèu aaꞌi-aaꞌi ra lèpa asa rai Kanaani.","Èle èèna ka, Abram kako, madhutu lii dhu Ama Lamatua peka dènge ne. Lot kako dènge ne. Abram dhu pidhu nguru lèmi tèu kèna ropa na tèke eele nèti Haran. Abram nare Sarai, dhèu èmu na, dènge Lot, ana a'ari na, dènge mèdha-panyau rèngu aa'i-aa'i dhu rèngu pakaboko, dènge dhèu-dhèu dhu rèngu abhu ètu Haran, ka rèngu lèpa ho maso asa rai Kanaani. Ka rèngu maso asa rai Kanaani.",eng,nfa,English,Dhao,15.5976,21.1351,17.3322
"abram passed through the land to the place of shechem, to the oak of moreh. at that time, canaanites were in the land.","d'ai era èèna, abram kako palème rai ne, toke d'ai padètu dènge rae èci, ngara na sikem. ka ra pea taha ètu èèna, padètu dènge aj'u aae ca kapua ètu more. lod'o èèna, dhèu kana'an dhu pea ètu èèna era.","Èle èèna ka, Abram kako laꞌe asa Sikem, ka laꞌe paraga dènge ajꞌu aae More. Lodꞌo èèna, dhèu Kanaani pea ètu rai Sikem.","Abram kako lolo rai asa Sikem, asa aj'u aae More. Lod'o èèna, dhèu Kanaani pea ètu rai Sikem.",eng,nfa,English,Dhao,-1.5304,-2.4675,-2.0901
"the lord appeared to abram and said, i will give this land to your offspring. he built an altar there to the lord, who had appeared to him.","ètu era èèna ka, lamatua pad'elo iisi na mi abram, peka na, èèna na, ja'a hia ana-èpu èu rai ne'e ne. ka abram pudhi hadhu tao mei korban hia lamatua dhu pad'elo iisi na dènge nèngu ètu era èèna.","Èle èèna ka, Lamatua padꞌelo jꞌara-jꞌara mi Abram, ka Na peka, aku Nèngu na, ""Jaꞌa bꞌala rai ne, sèna ka jꞌajꞌi mi ana-èpu èu kahèi."" Hèia Abram patitu ètu èèna, hèia na patitu korban mi Lamatua, dhu padꞌelo jꞌara-jꞌara mi Abram.","Èle èèna ka, Lamatua padꞌelo jꞌara-jꞌara mi Abram, ka Na peka, aku Nèngu na, ""Jaꞌa bꞌala rai ne, sèna ka jꞌajꞌi mi ana-èpu èu."" Hèia Abram patitu mei korban ètu èèna mi Lamatua, dhu padꞌelo jꞌara-jꞌara mi nèngu.",eng,nfa,English,Dhao,1.2324,1.9556,1.8118
"he left from there to go to the mountain on the east of bethel and pitched his tent, having bethel on the west, and ai on the east. there he built an altar to the lord and called on the lord's name.","èle èèna ka, abram si pidha hari asa ledhe re balèu. ka ra pea taha ètu talora rae betel dènge rae ai. ètu èèna, na patitu mei korban èci ho na mangaj'i mi lamatua.","Èle èèna ka, na pakèdꞌi laꞌe asa hèbꞌa èci, dhu padètu dènge rae Betel. Èle èèna ka, na patitu hèbꞌa na ètu hèbꞌa èci, dhu padètu dènge rae Betel. Èle èèna ka, na patitu hèbꞌa ètu hèbꞌa èèna, sèna ka madhutu dadꞌèi Lamatua. Èle èèna ka, na patitu hèbꞌa ètu hèbꞌa èèna, ho manèngi-mangajꞌi mi Lamatua, aa manèngi-mangajꞌi mi Lamatua.","Na pakèd'i nèti èèna la'e asa hèb'a dhu ètu bèka dhimu rae Betel, hèia na patitu hèb'a na. Rae Betel ètu bèka haa, aa rae Ai ètu bèka dhimu. Ètu èèna ka, na tao mèdha persembahan hia Lamatua, aa na paroa kolongara Lamatua.",eng,nfa,English,Dhao,-0.7901,-1.5721,-0.9944
"abram traveled, still going on toward the south.","èle èèna ka, na pidha-pidha era, d'ai rai negeb re ca bèka balèu nèti rai kana'an.","Èle èèna ka, abram laꞌe asa cabèka. Nèti èèna ka, na laꞌe asa cabèka.",abram la'e taruu asa balèu.,eng,nfa,English,Dhao,-14.9115,-17.3992,-17.3982
"there was a famine in the land. abram went down into egypt to live as a foreigner there, for the famine was severe in the land.","ca tèka, rai kana'an lèke manganga aae. nèti èèna ka, abram si lasi asa bèka balèu, ka ra d'ai rai masir. ka ra manubha taha ètu nèi.","Èle èèna ka, abhu aaꞌi-aaꞌi ètu rai-haha ne. Nèti èèna ka, abhu aaꞌi-aaꞌi dhu kapai risi ètu rai-haha ne. Nèti èèna ka, abhu aaꞌi-aaꞌi dhu kapai risi ètu rai-haha ne. Nèti èèna ka, Abram laꞌe pea ètu rai-haha ne, ho jꞌajꞌi dhèu leo ètu rai-haha ne.","Èle èèna ka, abhu aaꞌi-aaꞌi dhu kapai risi ètu rai-haha ne. Nèti èèna ka, Abram laꞌe pea ètu Masir, ho jꞌajꞌi dhèu leo ètu nèi.",eng,nfa,English,Dhao,10.4297,0.0232,2.7646
"when he had come near to enter egypt, he said to sarai his wife, see now, i know that you are a beautiful woman to look at.","ropa oe d'ai masir, abram peka dènge dhèu èmu na, sarai, aku nèngu na, sarai, èu bhèni iia, nia boe.","Ropa dꞌai dꞌara lodꞌo na maso asa Masir, ka na peka dènge Sarai, dhèu èmu na, aku nèngu na, ""Èu ne dhèu bhèni dhu kapai.","Ropa na d'ai hèru ho maso asa Masir, ka na peka dènge Sarai, dhèu èmu na, aku nèngu na, ""Ladhe ku, ja'a me'a na, èu ne dhèu bhèni dhu kapai ho rèdhi.""",eng,nfa,English,Dhao,-2.6681,1.0347,0.8984
"it will happen that when the egyptians see you, they will say, ‘this is his wife. ' they will kill me, but they will save you alive.","de ladhe dhèu masir rèdhi èu bhèni iia sèmi ne'e, mage dhoka ra pamadhe ja'a, lula ja'a dhèu èmu-kamali èu. dènge sèmi èèna, ra parame rare èu.","ladhe dhèu Masir ladhe rèdhi èu, hèia ra peka, na, 'Nèngu ne, dhèu èmu na!' Hèia ra pamadhe jaꞌa, te ngaa rèngu hia èu mamuri.","ladhe dhèu Masir ladhe rèdhi èu, hèia ra peka, na, 'Nèngu ne, dhèu èmu na!' Hèia ra pamadhe jaꞌa, te ngaa rèngu hia èu mamuri.",eng,nfa,English,Dhao,0.0,0.0,0.0
"please say that you are my sister, that it may be well with me for your sake, and that my soul may live because of you.","de be'a risi, èu peka dènge ra, na ja'a ne, ana mone èu. dènge sèmi èèna ka, rèngu pamadhe boe ja'a, aa ra be'a-be'a dènge ja'a, lula èu ne.","Jaꞌa manèngi sèna ka èu peka, na, èu ne, aꞌari jaꞌa. Dènge sèmi èèna, jaꞌa bisa mamuri dènge èu.","Jaꞌa manèngi sèna ka èu peka, na, èu ne, aꞌari jaꞌa, sèna ka ja'a èle lula èu, aa sèna ka samanga ja'a bisa mamuri lula èu.",eng,nfa,English,Dhao,-3.1424,-2.6176,-2.0574
"when abram had come into egypt, some egyptians saw that the woman was very beautiful.","ropa abram si d'ai masir, dhèu ètu èèna, ladhe laa na, sarai ne bhèni iia titu kèna.","Ropa Abram dꞌai rai Masir, dhèu Masir ladhe rèdhi bhèni ne, bhèni dhu kapai risi.","Ropa Abram dꞌai rai Masir, dhèu Masir cahag'e rèdhi nare, na, bhèni ne kapai risi.",eng,nfa,English,Dhao,0.1988,-1.0858,0.3431
"the princes of pharaoh saw her, and praised her to pharaoh; and the woman was taken into pharaoh's house.","ropa dhèu sab'a dhèu aae sèra ladhe rèdhi ne, aa ra koa bhabhèni iia na ètu madha dhèu aae. ka rèti bhèni ne, asa èmu dhèu aae.","Èle èèna ka, dhèu-dhèu kapai nèti dhèu aae dhèu aae jꞌajꞌi dhèu aae. Ropa rèdhi bhèni ne, ka ra koa-kadꞌiri ne mi dhèu aae. Èle èèna ka, dhèu aae jꞌajꞌi dhèu aae jꞌajꞌi dhèu aae jꞌajꞌi dhèu aae. Ka dhèu aae jꞌajꞌi dhèu aae jꞌajꞌi dhèu aae jꞌajꞌi dhèu aae dhèu aae jꞌajꞌi dhèu aae jꞌajꞌi dhèu aae jꞌajꞌi dhèu aae jꞌajꞌi dhèu aae jꞌajꞌi dhèu aae jꞌajꞌi dhèu aae jꞌajꞌi dhèu aae.","Dhèu-dhèu kapai nèti dhèu aae rèdhi ne, ka ra koa-kadꞌiri ne mi dhèu aae; aa bhèni ne ra mèti asa d'ara èmu dhèu aae.",eng,nfa,English,Dhao,23.1479,10.223,14.6511
"he dealt well with abram for her sake. he had sheep, cattle, male donkeys, male servants, female servants, female donkeys, and camels.","hèia dhèu aae be'a-be'a ka dènge abram, lula sarai. ka na parasee abram mèdha rupa-rupa. nuka badha sèmi: kahib'i-kalèbho, kahib'i-ka'ia, sapi, keled'ei, dènge onta. na parasee kahèi, ènu dhèu mone dènge dhèu bhèni.","Èle èèna ka, dhèu aae Abram jꞌajꞌi dhèu aae-dhèu dhu dꞌèlu-mèu, dènge kahibꞌi-kalèbho dènge kahibꞌi-kalèbho dènge kahibꞌi-kalèbho dènge kahibꞌi-kalèbho dènge kahibꞌi-kalèbho dènge kahibꞌi-kalèbho dènge kahibꞌi-kalèbho dènge kahibꞌi-kalèbho dènge kahibꞌi-kalèbho dènge kahibꞌi-kalèbho dènge kahibꞌi-kalèbho dènge kahibꞌi-kalèbho dènge kahibꞌi-kalèbho dènge kahibꞌi-kalèbho dènge kahibꞌi-kalèbho dènge kahibꞌi-kalèbho dènge kahibꞌi-kalèbho dènge kahibꞌi-kalèbho.","Èle èèna ka, dhèu aae Abram jꞌajꞌi dhèu aae-dhèu dhu dꞌèlu-mèu, dènge kahibꞌi-kalèbho dènge kahibꞌi-kalèbho dènge kahibꞌi-kalèbho dènge kahibꞌi-kalèbho dènge kahibꞌi-kalèbho dènge kahibꞌi-kalèbho dènge kahibꞌi-kalèbho dènge kahibꞌi-kalèbho dènge kahibꞌi-kalèbho dènge kahibꞌi-kalèbho dènge kahibꞌi-kalèbho dènge kahibꞌi-kalèbho dènge kahibꞌi-kalèbho dènge kahibꞌi-kalèbho dènge kahibꞌi-kalèbho dènge kahibꞌi-kalèbho dènge kahibꞌi-kalèbho dènge kahibꞌi-kalèbho.",eng,nfa,English,Dhao,0.0,0.0,0.0
"the lord afflicted pharaoh and his house with great plagues because of sarai, abram's wife.","lula na nare dhèu èmu dhèu asa d'ara èmu na, nèti èèna ka, lamatua hia huku rupa-rupa mi dhèu aae dènge isi èmu na.","Èle èèna ka, Lamatua tao jꞌajꞌèra kahibꞌi-kalèbho aaꞌi-aaꞌi mi dhèu aae dꞌara jꞌajꞌèra. Nèti èèna ka, Lamatua tao jꞌajꞌèra kahibꞌi-kalèbho aaꞌi-aaꞌi mi dhèu aae dꞌara jꞌajꞌèra. Nèti èèna ka, Lamatua tao jꞌajꞌèra kahibꞌi-kalèbho aaꞌi-aaꞌi mi dhèu aae dꞌara èmu na, lula dhèu aae Sarai, dhèu èmu Abram, tao jꞌajꞌèra kahibꞌi-kalèbho aaꞌi-aaꞌi mi dhèu aaꞌi-aaꞌi ra.","Lamatua tao j'aj'èra kahib'i-kalèbho aa'i-aa'i mi Firaun dènge dhèu èmu na, lula Sarai, dhèu èmu Abram.",eng,nfa,English,Dhao,6.8384,-7.0427,-1.5488
"pharaoh called abram and said, what is this that you have done to me? why didn't you tell me that she was your wife?","hèia dhèu aae masir paroa abram, ka na karèi ne, aku nèngu na, èu ne tao tasamia mi ja'a ne? nga tao ka èu peka boe na, bhèni ne dhèu èmu èu?","Èle èèna ka, dhèu aae Farao paroa Abram, ka na karèi ne, aku nèngu na, ""Nga tao ka èu tao sèmi neꞌe? Nga tao ka èu peka boe, na, nèngu ne, dhèu èmu èu?""","Èle èèna ka, dhèu aae Farao paroa Abram, ka na karèi ne, aku nèngu na, ""Nga tao ka èu tao sèmi neꞌe? Nga tao ka èu peka boe, na, nèngu ne, dhèu èmu èu?""",eng,nfa,English,Dhao,0.0,0.0,0.0
"why did you say, ‘she is my sister, ' so that i took her to be my wife? now therefore, see your wife, take her, and go your way.","te ngaa aku èu na, nèngu ne ana hèni èu! nèti èèna ka, ja'a oe kore ne j'aj'i dhèu èmu ja'a! dhèu èmu èu ka ne'e! more hari ka, aa pakaj'èu ka nèti madha ja'a!","Nga tao ka èu padhai lii, peka na, 'Nèngu ne, aꞌari jaꞌa?' Nèti èèna ka, jaꞌa kèpe ne ho jꞌajꞌi dhèu èmu jaꞌa. De èu hudꞌi laꞌe dènge dhèu èmu èu.","Nga tao ka èu padhai lii, peka na, 'Nèngu ne, aꞌari jaꞌa,' sèna ka jaꞌa nare ne ho jꞌajꞌi dhèu èmu jaꞌa? De nèti èèna ka, mèdhi dhèu èmu èu, kèpe ne, aa lèpa dènge ne.",eng,nfa,English,Dhao,-1.172,2.7563,2.6888
"pharaoh commanded men concerning him, and they escorted him away with his wife and all that he had.","hèia dhèu aae paredha dhèu sab'a na sèra, babège eele abram, dhèu èmu na, rèti dènge dhèu aa mèdha-panyau aa'i-aa'i ra, kalua nèti rai èèna.","Èle èèna ka, dhèu aae Farao paredha dhèu-dhèu na sèra, sèna ka rèti ne, dènge dhèu èmu na dènge aꞌari na aaꞌi-aaꞌi ra ètu dꞌara èmu èèna. Èle èèna ka, dhèu aae rèti ne, dènge dhèu aae nèngu aaꞌi-aaꞌi ra asa dꞌara Èmu Kapua Manèngi-Mangajꞌi ètu dꞌara Èmu Kapua Manèngi-Mangajꞌi ètu dꞌara Èmu Kapua Manèngi-Mangajꞌi ètu dꞌara Èmu Kapua Manèngi-Mangajꞌi ètu dꞌara Èmu Kapua Manèngi-Mangajꞌi ètu dꞌara Èmu Kapua Manèngi-Mangajꞌi ètu dꞌara Èmu Kapua Manèngi-Mangajꞌi ètu dꞌara Èmu Kapua Manèngi-Mangajꞌi.","Èle èèna ka, dhèu aae Farao paredha dhèu-dhèu na sèra lula-nèti nèngu, ka rèngu rèti ne lèpa dènge dhèu èmu na dènge aaꞌi-aaꞌi dhu nèngu nèd'u.",eng,nfa,English,Dhao,16.3735,3.4205,7.4067
"abram went up out of egypt-he, his wife, all that he had, and lot with him-into the south.","ka abram si tèke eele masir, lasi asa rai negeb. la'e dènge dhèu èmu na, aa dènge dhèu aa mèdha-panyau aa'i-aa'i ra. ana ari na lot madhutu ra kahèi.","Èle èèna ka, Abram kalua nèti Masir, dènge dhèu èmu na, dènge aaꞌi-aaꞌi na aaꞌi-aaꞌi ra.","Abram kalua nèti Masir, dènge dhèu èmu na, dènge aa'i-aa'i dhu abhu na, dènge Lot dènge nèngu, asa balèu.",eng,nfa,English,Dhao,5.446,3.7265,2.0478
"abram was very rich in livestock, in silver, and in gold.","abram èèna, kaja ae titu kèna. badha-manu na, mèdha hualaa dènge mèdha hualaa-pudhi na, ae titu kèna.",Abiram jꞌajꞌi dhèu rai-haha. Nèngu jꞌajꞌi dhèu rai-haha. Nèngu jꞌajꞌi dhèu rai-haha. Nèngu jꞌajꞌi dhèu rai-haha. Nèngu jꞌajꞌi dhèu rai-haha. Nèngu jꞌajꞌi dhèu rai-haha. Nèngu jꞌajꞌi dhèu rai-haha. Nèngu jꞌajꞌi dhèu rai-haha. Nèngu jꞌajꞌi dhèu rai-haha. Nèngu jꞌajꞌi dhèu rai-haha. Nèngu jꞌajꞌi dhèu rai-haha. Nèngu jꞌajꞌi dhèu rai-haha. Nèngu jꞌajꞌi dhèu rai-haha.,"Abraham j'aj'i dhèu kaja titu kèna dènge badha-manu, dènge doi iia, dènge doi hualaa.",eng,nfa,English,Dhao,11.4362,20.0351,22.385
"he went on his journeys from the south as far as bethel, to the place where his tent had been at the beginning, between bethel and ai,","nèti negeb, ra pidha-pidha era, ka d'ai hari talora rae betel dènge rae ai. dhu uru èèna, ra pea rèdhi le ètu era èèna.","Èle èèna ka, nèngu tèke eele rai-haha ne, nèti rai-haha ne, laꞌe asa rae Betel. Ètu era èèna, nèngu paꞌèki dènge rai-haha ne, ètu talora rai-haha ne, nèti rai-haha ne, toke rai-haha ne, nèti rai-haha ne, nèti rai-haha ne, nèti rai-haha ne, nèti rai-haha ne, nèti rai-haha ne, nèti rai-haha ne, nèti rai-haha ne, nèti rai-haha ne, nèti rai-haha ne, nèti rai-haha ne, nèti rai-haha ne, nèti rai-haha ne, nèti rai-haha ne, nèti rai-haha ne, nèti rai-haha ne.","Nèngu kako nèti balèu d'ai asa Betel, asa era dhu paleo na uru nèka pea, ètu talora aae Betel dènge Ai.",eng,nfa,English,Dhao,3.101,-0.6337,4.4888
"to the place of the altar, which he had made there at the first. there abram called on the lord's name.","aa dhu abram patitu le kahèi mei korban, ho na mangaj'i mi lamatua ètu era èèna.","ka laꞌe asa era mei korban dhu Ama Lamatua pajꞌujꞌu ètu èèna. Ètu era neꞌe, Abram pahaha iisi mi Ama Lamatua.","ka laꞌe asa era mei korban dhu Abram pajꞌujꞌu ètu èèna uru èèna. Ètu era neꞌe, Abram pahaha iisi ngara Ama Lamatua.",eng,nfa,English,Dhao,-0.1366,-0.5565,-1.3188
"lot also, who went with abram, had flocks, herds, and tents.","lot dhu madhutu abram èèna, unu badha-manu dènge dhèu sab'a ae kahèi.","Èle èèna ka, Lot dènge Abram, abhu kahèi kahibꞌi-kalèbho, kahibꞌi-kalèbho, dènge hèbꞌa.","Lot dènge Abram, abhu kahèi kahibꞌi-kalèbho dènge paleo.",eng,nfa,English,Dhao,1.3659,-3.0446,-2.0172
"the land was not able to bear them, that they might live together; for their possessions were so great that they couldn't live together. there was strife between the herdsmen of abram's livestock and the herdsmen of lot's livestock. the canaanites and the perizzites lived in the land at that time.","te ngaa era èèna taleo boe, ho abram dènge lot aa dènge kakaja ra bisa pea pa'èci. nèti èèna ka, ana madhenge badha abram dènge lot sèra j'aj'i patao-palaha, lula j'u'u ètu era èèna d'ai boe hia badha rèngu. lod'o èèna, dhèu kana'an dènge dhèu feris, dhu pea ètu èèna era.","Nèti èèna ka, dhèu aae-dhèu ètu rai neꞌe bisa boe mamuri èci dènge èci. Nèti èèna ka, dhèu aae-dhèu èci bisa boe mamuri èci dènge èci. Nèti èèna ka, dhèu aae-dhèu kahibꞌi-kalèbho, dhèu aae-dhèu kahibꞌi-kalèbho, dhèu aae-dhèu kahibꞌi-kalèbho, dhèu aae-dhèu kahibꞌi-kalèbho, dhèu aae-dhèu kahibꞌi-kalèbho, dhèu aae-dhèu kahibꞌi-kalèbho, dhèu aae-dhèu kahibꞌi-kalèbho, dhèu aae-dhèu kahibꞌi-kalèbho, dhèu aae-dhèu kahibꞌi-kalèbho, dhèu aae-dhèu kahibꞌi-kalèbho.","Rai neꞌe bisa boe ogo si, sèna ka ra mamuri sama-sama; lula kahibꞌi-kalèbho ra ae titu kèna, de ra bisa boe mamuri sama-sama. Abhu patao-palaha ètu talora aae dhèu j'aga badha-manu abram dènge dhèu j'aga badha-manu lot. Dhèu kana'an dènge dhèu peris mamuri ètu rai èèna ètu lod'o èèna.",eng,nfa,English,Dhao,16.7619,16.6385,15.0062
"abram said to lot, please, let there be no strife between you and me, and between your herdsmen and my herdsmen; for we are relatives.","ka abram peka dènge lot, aku nèngu na, èdhi se, pa'a'ari. mage dhoka èdhi, èci dènge èci be'a boe, lula dhèu sab'a èdhi se patao-palaha taruu.","Èle èèna ka, Abram peka dènge Lot, aku nèngu na, ""Sèmi neꞌe! Jaꞌa manèngi sèna ka baku paꞌèci dènge èu, aa dènge dhèu-dhèu kahibꞌi-kalèbho jaꞌa, lula èdhi aaꞌi-aaꞌi ti.","Èle èèna ka, Abram peka dènge Lot, aku nèngu na, ""Sèmi neꞌe! Jaꞌa manèngi sèna ka baku paꞌèci ètu talora aae èu dènge jaꞌa, aa ètu talora aae dhèu-dhèu kahibꞌi-kalèbho èu dènge dhèu-dhèu kahibꞌi-kalèbho jaꞌa; lula èdhi a'ari.""",eng,nfa,English,Dhao,-4.4151,-0.5402,-2.9052
"isn't the whole land before you? please separate yourself from me. if you go to the left hand, then i will go to the right. or if you go to the right hand, then i will go to the left.","de hua iia dua ti pahag'a ka laa. rai ne, taleo. de ladhe èu d'èi rai ca bèka kariu na, ja'a abhu re ca bèka g'ana. te ngaa ladhe èu d'èi re ca bèka g'ana, na ja'a re ca bèka kariu.","Jaꞌa manèngi sèna ka dhèu aaꞌi-aaꞌi ètu rai-haha ne jꞌajꞌi dhèu aaꞌi-aaꞌi ètu rai-haha ne. Ladhe èu maso asa gꞌana, jaꞌa maso asa gꞌana. Aa ladhe èu maso asa gꞌana, jaꞌa maso asa gꞌana, aa ladhe èu maso asa gꞌana, jaꞌa maso asa gꞌana.","Rai-haha aa'i-aa'i ne, ètu madha èu di, do? Pasue, hag'e eele èu nèti ja'a. Ladhe èu maso asa kacui-aai cabèka, ja'a maso asa g'ana. Do ladhe èu maso asa g'ana, ja'a maso asa kacui-aai cabèka.",eng,nfa,English,Dhao,8.0357,10.8562,9.8638
"lot lifted up his eyes, and saw all the plain of the jordan, that it was well-watered everywhere, before the lord destroyed sodom and gomorrah, like the garden of the lord, like the land of egypt, as you go to zoar.","hèia lot ladhe palème. ka na ladhe nèdhi rai taleo ètu sebhe loko yarden dhu madha èi ae, toke d'ai rae soar. era ne, rai hèu mèngi sama sèmi oka lamatua, dènge rai masir kahèi. lod'o èèna, lamatua dhae huku mèka kota sodom dènge kota gomora. de rai èèna, be'a era.","Èle èèna ka, Lamatua hagꞌe nare kota Sodom dènge kota Gomora. Lamatua pajꞌèra kota Sodom dènge kota Gomora. Lamatua pajꞌèra kota ne, nuka sèmi ètu dꞌara oka Lamatua, nuka sèmi ètu dꞌara oka Masir, nuka sèmi ètu dꞌara kota Soar.","Lot kabib'a musi madha na, hèia na ladhe rèdhi rai loko Yarden aa'i-aa'i, dhu abhu èi ae ètu mia-mia, uru èèna Lamatua paj'èra kota Sodom dènge kota Gomora, nuka sèmi oka Lamatua, nuka sèmi oka Masir, sèmi ladhe èu lami asa kota Soar.",eng,nfa,English,Dhao,2.9719,7.7816,7.5239
"so lot chose the plain of the jordan for himself. lot traveled east, and they separated themselves from one another.",hèia lot pili nare era sebhe loko yarden èèna. ka dua ra pahag'e ka. de lot la'e sa ca bèka dhimu.,"Èle èèna ka, Lot tèke eele rai-haha ne, ho jꞌajꞌi dhèu èci dènge dhèu leo ètu sebhe loko Yarden.","Èle èèna ka, Lot tèke eele rai-haha dhu ètu sebhe loko Yarden bagi nèngu mesa. Lot la'e asa bèka dhimu, ka rèngu pacèri nèti èci dènge èci.",eng,nfa,English,Dhao,4.7632,15.0382,12.7844
"in the beginning, god created the heavens and the earth.","uru-uru tèka, ama lamatua paj'aj'i dedha-liru dènge rai-haha.","Uru-uru sèra, Ama Lamatua pajꞌajꞌi dedha-liru dènge rai-haha.","Uru-uru sèra, Ama Lamatua pajꞌajꞌi dedha-liru dènge rai-haha.",eng,nfa,English,Dhao,0.0,0.0,0.0
"the lord god called to the man, and said to him, where are you?","te ngaa ama lamatua paroa mi dhèu mone èèna, aku nèngu na, adam! èu ètu mia?","hèia Lamatua paroa dhèu ne, ka Na karèi ne, aku Nèngu na, ""Èu ètu mia?""","hèia Lamatua paroa dhèu ne, ka Na karèi ne, aku Nèngu na, ""Èu ètu mia?""",eng,nfa,English,Dhao,0.0,0.0,0.0
"the man said, i heard your voice in the garden, and i was afraid, because i was naked; so i hid myself.","hèia mone na dhaa, ja'a tadèngi lii lamatua ètu ne'e. te ngaa ja'a makae, lula ja'a pake boe mèdha ètu ua. nèti èèna ka, ja'a rai pahuni iisi.","Hèia dhèu ne dhaa, aku nèngu na, ""Jaꞌa tadèngi lii èu ètu dꞌara oka ne, ka jaꞌa madhaꞌu, lula jaꞌa dènge boe mèdha-papake. Nèti èèna ka, jaꞌa pakaboko.","Hèia dhèu ne dhaa, aku nèngu na, ""Jaꞌa tadèngi lii èu ètu dꞌara oka ne, ka jaꞌa madhaꞌu, lula jaꞌa dènge boe mèdha-papake. Nèti èèna ka, jaꞌa pakaboko.",eng,nfa,English,Dhao,0.0,0.0,0.0
"the lord god made garments of animal skins for adam and for his wife, and clothed them.","hèia ama lamatua tao mèdha-papake nèti ka'uri badha, ka papake dua ra.","Èle èèna ka, Lamatua pajꞌajꞌi Adam dènge dhèu èmu na dènge mèdha-papake nèti pudhi badha, ho papake si.","Èle èèna ka, Lamatua pajꞌajꞌi Adam dènge dhèu èmu na dènge mèdha-papake nèti pudhi badha, ho papake si.",eng,nfa,English,Dhao,0.0,0.0,0.0
"the man knew eve his wife. she conceived, and gave birth to cain, and said, i have gotten a man with the lord's help.","hèia adam j'unu dènge dhèu èmu na, hawa. ka bhèni ne dènge babia. hèia nara iisi ana mone ca dhèu. ka na peka, aku nèngu na, ja'a abhu le ana mone ca dhèu, lula ama lamatua soru nare le ja'a. ka na pangare ana ne, kaen dhu sasoa na ‘abhu'.","Èle èèna ka, Adam paraga dènge Hawa, dhèu èmu na. Èle èèna ka, bhèni na nara iisi Kain. Ka na peka, aku nèngu na, ""Jaꞌa abhu dhèu èci dènge Ama Lamatua.""","Èle èèna ka, Adam paraga dènge Hawa, dhèu èmu na. Èle èèna ka, bhèni na nara iisi Kain. Ka na peka, aku nèngu na, ""Jaꞌa abhu dhèu èci dènge Ama Lamatua.""",eng,nfa,English,Dhao,0.0,0.0,0.0
"but he didn't respect cain and his offering. cain was very angry, and the expression on his face fell.","te ngaa na d'èi boe korban unu kaen. hèia kaen nasa bia, ka rèhu na mare boe.","Èle èèna ka, Kain dꞌèi dꞌara, te ngaa Kain dꞌèi dꞌèi dꞌèi dꞌèi dꞌèi dꞌèi dꞌèi dꞌèi dꞌèi dꞌèi dꞌèi dꞌèi dꞌèi dꞌèi dꞌèi dꞌèi dꞌèi dꞌèi dꞌèi dꞌèi dꞌèi dꞌèi dꞌèi dꞌèi dꞌèi dꞌèi dꞌèi dꞌèi dꞌèi dꞌèi dꞌèi dꞌèi dꞌèi dꞌèi dꞌèi dꞌèi dꞌèi dꞌèi dꞌèi dꞌèi dꞌèi dꞌèi dꞌèi dꞌèi dꞌèi dꞌèi dꞌèi dꞌèi dꞌèi dꞌèi dꞌèi dꞌèi dꞌèi dꞌèi dꞌèi dꞌèi dꞌèi dꞌèi dꞌèi.","Èle èèna ka, Ama Lamatua dꞌèi boe sèmi nare Kain dènge mèdha persembahan na. Kain dꞌèi dꞌara titu kèna, ka rèhu na dꞌèi dꞌèi.",eng,nfa,English,Dhao,9.1007,21.0232,19.8997
"the lord said to cain, why are you angry? why has the expression of your face fallen?","ka lamatua lii dènge kaen, aku nèngu na, kaen! nga tao ka èu nasa sèmi èèna, ka rèhu èu mare boe?","Hèia Lamatua peka dènge Kain, aku Nèngu na, ""Nga tao ka èu nasa? Nga tao ka dꞌara èu bhelu-katubꞌa?","Hèia Lamatua peka dènge Kain, aku Nèngu na, ""Nga tao ka èu nasa? Nga tao ka dꞌara èu bhelu-katubꞌa?",eng,nfa,English,Dhao,0.0,0.0,0.0
"cain left the lord's presence, and lived in the land of nod, east of eden.","hèia kaen tèke eele dènge era èèna. la'e pakaj'èu nèti lamatua, asa era èci, ètu bèka dhimu oka eden. era ne'e, ngara na nod dhu sasoa na, ‘lole-laa'. ka na pea ètu era èèna.","Èle èèna ka, Kain lèpa nèti madha Ama Lamatua, laꞌe pea ètu rai Nod, ètu sebhe rai Eden.","Èle èèna ka, Kain lèpa nèti madha Ama Lamatua, laꞌe pea ètu rai Nod, ètu sebhe rai Eden.",eng,nfa,English,Dhao,0.0,0.0,0.0
"when men began to multiply on the surface of the ground, and daughters were born to them,","taa èèna, dhèu rai-haha, asa bèba-kacanga. ka ra papala-palème rai-haha. dhèu se matana kahèi ana-ana bhèni.","Èle èèna ka, dhèu rai-haha jꞌajꞌi dhèu ae-ae ètu rai-haha ne, aa ra abhu ana bhèni kahèi.","Èle èèna ka, dhèu rai-haha jꞌajꞌi dhèu ae-ae ètu rai-haha ne, aa ra abhu ana bhèni kahèi.",eng,nfa,English,Dhao,0.0,0.0,0.0
"this is how you shall make it. the length of the ship shall be three hundred cubits, its width fifty cubits, and its height thirty cubits.","mu sab'e kapa na, madhera na ca ngasu tèlu nguru tèlu meter; bhabhèla na dua nguru dua meter; dènge katitu na canguru tèlu meter.","Èci èèna ka dhu èu hudꞌi tao: dhimu na, tèlu nguru hèru hèru hèru hèru hèru hèru hèru hèru hèru hèru hèru hèru, hèru hèru hèru hèru hèru hèru hèru hèru hèru hèru hèru hèru hèru hèru hèru hèru hèru hèru hèru hèru hèru hèru hèru hèru hèru hèru hèru hèru hèru hèru hèru hèru hèru hèru hèru hèru hèru.","Èci èèna ka dhu èu hud'i tao: dhimu na, tèlu nguru hèru, madhera na lèmi nguru hèru, aa katitu na tèlu nguru hèru.",eng,nfa,English,Dhao,13.46,18.6376,20.0676
thus noah did. he did all that god commanded him.,ka noh sab'e madhutu sèmi lii paredha ama lamatua aa'i-aa'i sèra.,"Èle èèna ka, Noh tao madhutu aaꞌi paredha Ama Lamatua.","Èle èèna ka, Noh tao madhutu aaꞌi paredha Ama Lamatua.",eng,nfa,English,Dhao,0.0,0.0,0.0
"ham, the father of canaan, saw the nakedness of his father, and told his two brothers outside.","ropa ham ladhe nèdhi era makae ama na, ka rai li'u la'e, lolo dènge a'a na, sem dènge yafet.","Èle èèna ka, Ham, ama dhèu Kenan, ladhe nèdhi ama na dènge boe mèdha-panyau, hèia laꞌe peka dènge aꞌari na dua ra ètu liꞌu.","Èle èèna ka, Ham, ama dhèu Kenan, ladhe nèdhi ama na dènge boe mèdha-panyau, hèia laꞌe peka dènge aꞌari na dua ra ètu liꞌu.",eng,nfa,English,Dhao,0.0,0.0,0.0
"the jebusites, the amorites, the girgashites,","dhèu yebusi, dhèu amori, dhèu girgasi,","suku Yebus, suku Amor, suku Girgash,","suku Yebus, suku Amor, suku Girgash,",eng,nfa,English,Dhao,0.0,0.0,0.0
"the sons of aram were: uz, hul, gether, and mash.","ana-èpu aram ka: dhèu us, dhèu hul, dhèu geter, dènge dhèu mas.","Ana-èpu Aram: Uz, Hul, Geter, dènge Mash.","Ana-èpu Aram: Uz, Hul, Geter, dènge Mash.",eng,nfa,English,Dhao,0.0,0.0,0.0
"ophir, havilah, and jobab. all these were the sons of joktan.","ofir, hawila, dènge yobab. rèngu aa'i-aa'i se, ana-èpu yoktan.","Ofir, Havila, dènge Jobab. Aaꞌi-aaꞌi se, ana-èpu Joktan.","Ofir, Havila, dènge Jobab. Aaꞌi-aaꞌi se, ana-èpu Joktan.",eng,nfa,English,Dhao,0.0,0.0,0.0
the whole earth was of one language and of one speech.,"uru-uru tèka na, dhèu ètu rai-haha ne, dhoka lii èci di.","Èle èèna ka, dhèu aaꞌi-aaꞌi ètu rai-haha ne pake lii èci dènge lii èci.","Èle èèna ka, dhèu aaꞌi-aaꞌi ètu rai-haha ne pake lii èci dènge lii èci.",eng,nfa,English,Dhao,0.0,0.0,0.0
so the lord scattered them abroad from there on the surface of all the earth. they stopped building the city.,"hèia lamatua puru, ka kakeho lii ra. dènge j'ara sèmi èèna, na pacèri si palème rai-haha ne. ka ra pakèd'i taruu heka kota deo na.","Nèti èèna ka, Lamatua papuru dhèu seꞌe asa rai-haha ne. Hèia dhèu se aaꞌi-aaꞌi ra tèke eele patitu kota ne.","Nèti èèna ka, Lamatua papuru dhèu seꞌe asa rai-haha ne. Hèia dhèu se aaꞌi-aaꞌi ra tèke eele patitu kota ne.",eng,nfa,English,Dhao,0.0,0.0,0.0
"therefore its name was called babel, because there the lord confused the language of all the earth. from there, the lord scattered them abroad on the surface of all the earth.","nèti èèna ka, ra pangare kota na, babel dhu sasoa na ‘pab'ingu', lula lamatua kakeho lii ra, aa pacèri eele si palème rai-haha ne.","Nèti èèna ka, ra pangare ne, Babel, lula ètu era neꞌe, Lamatua pakajꞌalu lii dhèu aaꞌi-aaꞌi ètu rai-haha ne. Nèti èèna ka, Lamatua pahaha iisi dhèu aaꞌi-aaꞌi ètu rai-haha ne.","Nèti èèna ka, ra pangare ne, Babel, lula ètu era neꞌe, Lamatua pakajꞌalu lii dhèu aaꞌi-aaꞌi ètu rai-haha ne. Nèti èèna ka, Lamatua pahaha iisi dhèu aaꞌi-aaꞌi ètu rai-haha ne.",eng,nfa,English,Dhao,0.0,0.0,0.0
"now the lord said to abram, leave your country, and your relatives, and your father's house, and go to the land that i will show you.","lod'o èèna, lamatua peka le dènge abram, peka na, abram! èu pakèd'i nèti era èu ne, tèke eele ina-ama èu, èmu ina-ama mu, dènge rae-lesa èu. lamu asa era èci, dhu pe ja'a peka dènge èu.","Èle èèna ka, Lamatua peka dènge Abram, aku Nèngu na, ""Èu hudꞌi tèke eele rai èu, dènge aꞌari èu, dènge èmu ama mu, ho laꞌe asa rai dhu Jaꞌa padꞌelo dènge èu.""","Èle èèna ka, Lamatua peka dènge Abram, aku Nèngu na, ""Èu hudꞌi tèke eele rai èu, dènge aꞌari èu, dènge èmu ama mu, ho laꞌe asa rai dhu Jaꞌa padꞌelo dènge èu.""",eng,nfa,English,Dhao,0.0,0.0,0.0
"it will happen that when the egyptians see you, they will say, ‘this is his wife. ' they will kill me, but they will save you alive.","de ladhe dhèu masir rèdhi èu bhèni iia sèmi ne'e, mage dhoka ra pamadhe ja'a, lula ja'a dhèu èmu-kamali èu. dènge sèmi èèna, ra parame rare èu.","ladhe dhèu Masir ladhe rèdhi èu, hèia ra peka, na, 'Nèngu ne, dhèu èmu na!' Hèia ra pamadhe jaꞌa, te ngaa rèngu hia èu mamuri.","ladhe dhèu Masir ladhe rèdhi èu, hèia ra peka, na, 'Nèngu ne, dhèu èmu na!' Hèia ra pamadhe jaꞌa, te ngaa rèngu hia èu mamuri.",eng,nfa,English,Dhao,0.0,0.0,0.0
"he dealt well with abram for her sake. he had sheep, cattle, male donkeys, male servants, female servants, female donkeys, and camels.","hèia dhèu aae be'a-be'a ka dènge abram, lula sarai. ka na parasee abram mèdha rupa-rupa. nuka badha sèmi: kahib'i-kalèbho, kahib'i-ka'ia, sapi, keled'ei, dènge onta. na parasee kahèi, ènu dhèu mone dènge dhèu bhèni.","Èle èèna ka, dhèu aae Abram jꞌajꞌi dhèu aae-dhèu dhu dꞌèlu-mèu, dènge kahibꞌi-kalèbho dènge kahibꞌi-kalèbho dènge kahibꞌi-kalèbho dènge kahibꞌi-kalèbho dènge kahibꞌi-kalèbho dènge kahibꞌi-kalèbho dènge kahibꞌi-kalèbho dènge kahibꞌi-kalèbho dènge kahibꞌi-kalèbho dènge kahibꞌi-kalèbho dènge kahibꞌi-kalèbho dènge kahibꞌi-kalèbho dènge kahibꞌi-kalèbho dènge kahibꞌi-kalèbho dènge kahibꞌi-kalèbho dènge kahibꞌi-kalèbho dènge kahibꞌi-kalèbho dènge kahibꞌi-kalèbho.","Nèngu tao be'a mi Abram lula nèngu. Nèngu dènge kahib'i-kalèbho, sapi, kaledai mone, dhèu sab'a mone, dhèu sab'a bhèni, kaledai bhèni, dènge onta.",eng,nfa,English,Dhao,13.9812,7.0066,11.5699
"pharaoh called abram and said, what is this that you have done to me? why didn't you tell me that she was your wife?","hèia dhèu aae masir paroa abram, ka na karèi ne, aku nèngu na, èu ne tao tasamia mi ja'a ne? nga tao ka èu peka boe na, bhèni ne dhèu èmu èu?","Èle èèna ka, dhèu aae Farao paroa Abram, ka na karèi ne, aku nèngu na, ""Nga tao ka èu tao sèmi neꞌe? Nga tao ka èu peka boe, na, nèngu ne, dhèu èmu èu?""","Èle èèna ka, dhèu aae Farao paroa Abram, ka na karèi ne, aku nèngu na, ""Nga tao ka èu tao sèmi neꞌe? Nga tao ka èu peka boe, na, nèngu ne dhèu èmu èu?""",eng,nfa,English,Dhao,2.2575,1.4466,1.5112
"abram lived in the land of canaan, and lot lived in the cities of the plain, and moved his tent as far as sodom.",te ngaa abram pea taruu ètu rai kana'an. aa lot la'e pea ètu rae-rae dhu padètu dènge kota sodom ètu sebhe loko yarden.,"Èle èèna ka, Abram pea ètu rai Kanaꞌan. Lot pea ètu dꞌara kota-kota ètu dꞌara dꞌara dꞌara rae, toke dꞌai kota Sodom.","Abram pea ètu rai Kanaꞌan. Lot pea ètu kota-kota ètu rae dhu rata, aa na paj'ala ngi'u aae na toke d'ai kota Sodom.",eng,nfa,English,Dhao,4.9682,4.6537,4.546
now the men of sodom were exceedingly wicked and sinners against the lord.,te ngaa dhèu-dhèu sodom sèra bhelu-katub'a titu kèna. rèngu ro'o boe nanene lamatua.,"Lodꞌo èèna, dhèu-dhèu nèti kota Sodom jꞌajꞌi dhèu bhelu-katubꞌa. Rèngu adꞌu-ue jꞌara bhelu-katubꞌa mi Lamatua.","Lodꞌo èèna, dhèu-dhèu nèti kota Sodom bhelu-katubꞌa titu kèna, aa dhèu dhu tao sasala mi Lamatua.",eng,nfa,English,Dhao,10.8796,4.2089,5.2831
"the lord said to abram, after lot was separated from him, now, lift up your eyes, and look from the place where you are, northward and southward and eastward and westward,","ropa lot pacèri dènge abram, ka lamatua padhai lii dènge abram, peka na, èu ladhe palème aa'i ku, rai aa'i-aa'i nèti era titu èu èèna. ladhe paie re madha, re kabodho, re ca bèka g'ana, dènge ca bèka kariu mu.","Ropa Lot tèke eele ne, hèia Lamatua peka dènge Abram, aku nèngu na, ""Èu hudꞌi ladhe-leru nèti era èu ètu neꞌe, asa cabèka, asa cabèka, asa cabèka, asa cabèka,","Ropa Lot tèke eele ne, hèia Lamatua peka dènge Abram, aku nèngu na, ""Èu hudꞌi ladhe-leru nèti era èu ètu neꞌe, asa bèka dedha, asa bèka haha, asa bèka dhimu, aa asa bèka lodo,""",eng,nfa,English,Dhao,0.6696,1.5945,1.4981
for i will give all the land which you see to you and to your offspring forever.,"rai aa'i-aa'i dhu èu ladhe mèdhi sèi, bèli-camèd'a ja'a hia mi èu, dènge ana-èpu èu, sèna ka j'aj'i pusaka ra, toke d'ai mia-mia.","Jaꞌa ka dhu hia èu dènge ana-èpu èu ètu rai ne, toke dꞌai mia-mia.",Jaꞌa ka dhu hia rai aa'i-aa'i dhu èu ladhe rèdhi mi èu dènge ana-èpu èu toke dꞌai mia-mia.,eng,nfa,English,Dhao,21.7474,18.2155,16.8729
"i will make your offspring as the dust of the earth, so that if a man can count the dust of the earth, then your offspring may also be counted.","èèna na ja'a paj'aj'i ana-èpu èu ae sama sèmi salae dhasi, toke dhèu ige rare boe.","Jaꞌa paꞌèki le ana-èpu èu, sama sèmi kabodho ètu rai-haha ne. Ladhe dhèu bisa reꞌa kabodho ètu rai-haha ne, ana-èpu èu bisa reꞌa kahèi.","Jaꞌa paꞌèki le ana-èpu èu, sama sèmi kabodho ètu rai-haha ne. Ladhe dhèu bisa reꞌa kabodho ètu rai-haha ne, ana-èpu èu bisa reꞌa kahèi.",eng,nfa,English,Dhao,0.0,0.0,0.0
"arise, walk through the land in its length and in its width; for i will give it to you.","de lamu kako palème madhutu madhera dènge bhabhèla na. te rai se aa'i-aa'i ra, ja'a hia mi èu.","Kèdꞌi ka! Èu hudꞌi paꞌèci-paꞌèci ètu rai ne, ho jꞌajꞌi mi dedha-liru. Te Jaꞌa ka dhu hia le rai ne, sèna ka jꞌajꞌi mi dedha-liru mi dedha-liru èu, sèna ka jꞌajꞌi mi dedha-liru mi dedha-liru èu, sèna ka jꞌajꞌi mi dedha-liru èu, sèna ka jꞌajꞌi mi dedha-liru èu, sèna ka jꞌajꞌi mi dedha-liru èu, sèna ka jꞌajꞌi mi dedha-liru èu, sèna ka jꞌajꞌi mi dedha-liru èu.","Kèd'i ka! Lèpa ètu rai ne, madhera na dènge bhabhèla na. Te Ja'a ka dhu hia rai ne mi èu.",eng,nfa,English,Dhao,26.7211,22.9932,26.2638
"abram moved his tent, and came and lived by the oaks of mamre, which are in hebron, and built an altar there to the lord.","hèia abram si lèpa hari asa era pea ra, dhu dètu dènge aj'u-aj'u aae ètu mamre, dhu padètu dènge hebron. èle èèna ka, na pudhi hadhu tao mei korban ho na mangaj'i lamatua ètu èèna.","Èle èèna ka, Abram puru nèti dꞌara hèbꞌa na, laꞌe pea ètu sebhe ajꞌu mamre ètu hèbꞌa Hebron. Hèia na patitu ètu èèna, ho dedꞌe ajꞌu manèngi-mangajꞌi mi Ama Lamatua.","Èle èèna ka, Abram papurru hèbꞌa na, laꞌe pea ètu sebhe ajꞌu mamre ètu hèbꞌa Hebron. Hèia na patitu mei korban ètu èèna mi Ama Lamatua.",eng,nfa,English,Dhao,0.2448,-0.3328,0.6769
"in the days of amraphel, king of shinar; arioch, king of ellasar; chedorlaomer, king of elam; and tidal, king of goiim,","tèu èèna, dhèu aae èpa dhu pa'èci. rèngu se ka: amrafel, dhèu aae rai sinear. ariok, dhèu aae rai elasar, kedarlaomer, dhèu aae rai elam. dènge tideal, dhèu aae rai goyim.","ètu lodꞌo èèna, dhèu èci, ngara na Amrafel, dhèu nèti propensi Shinar. Ariok, dhèu nèti propensi Elsasar. Kedorlaomer, dhèu nèti propensi Elam. Tidal, dhèu nèti propensi Goyim.","ètu lod'o Amrafel, dhèu aae Shinar, Ariok, dhèu aae Elsasar, Kedorlaomer, dhèu aae Elam, dènge Tidal, dhèu aae Goyim.",eng,nfa,English,Dhao,6.6807,2.5974,4.0626
"they made war with bera, king of sodom; birsha, king of gomorrah; shinab, king of admah; shemeber, king of zeboiim; and the king of bela also called zoar.","lod'o èèna, dhèu aae leo dhèu lèmi, pa'èci kahèi. nuka: bera, dhèu aae rai sodom. birsa, dhèu aae rai gomora. sinab, dhèu aae rai adema. semeber, dhèu aae rai seboim. dènge bela, dhèu aae rai soar. ka èpa dhèu aae se, lasi pamusu dènge lèmi dhèu aae sèra.","Ra paraga dènge Bera, dhèu aae kota Sodom; Bersha, dhèu aae kota Gomora; Sinab, dhèu aae kota Adma; Semeber, dhèu aae kota Seboim; dènge dhèu aae kota Soar.","Ra pab'ala dènge Bera, dhèu aae kota Sodom; Bersha, dhèu aae kota Gomora; Sinab, dhèu aae kota Adma; Semeber, dhèu aae kota Seboim; dènge dhèu aae kota Bela dhu tema paroa ne Soar.",eng,nfa,English,Dhao,1.4291,1.7853,1.0506
all these joined together in the valley of siddim also called the salt sea.,"dhèu aae, dhèu lèmi sèra pakaboko dènge sordad'u ra, ètu d'ara mamoo sidim, dhu limuri ne, ngara na dhasi madhe.","Èle èèna ka, dhèu aaꞌi-aaꞌi sèra pakaboko ètu dꞌara dꞌara bèdho Sidim, dhu ra pangare dènge dhasi, èci èèna ka dènge dhèu aaꞌi-aaꞌi dhu paꞌèki dènge dhèu aaꞌi-aaꞌi ètu dꞌara bèdho Sidim, dhu ra pangare dènge dhasi, èci èèna ka dènge dhèu aaꞌi-aaꞌi dhu paꞌèki dènge dhèu aaꞌi-aaꞌi dhu paꞌèki dènge dhèu aaꞌi-aaꞌi dhu paꞌèki dènge dhèu aaꞌi-aaꞌi dhu paꞌèki dènge dhèu aaꞌi-aaꞌi.","Èle èèna ka, dhèu aa'i-aa'i sèra pakaboko ètu d'ara bèdho Sidim, dhu ra pangare dènge dhasi masi.",eng,nfa,English,Dhao,18.6628,9.0222,13.4748
"they served chedorlaomer for twelve years, and in the thirteenth year they rebelled.","j'aj'aj'i pamusu na, sèmi ne'e ka: uru èèna, dhèu aae, dhèu lèmi se dhu ta'alo mi dhèu aae kedarlaomer, canguru dua tèu kèna. te d'ai tèu ka canguru tèlu, ka rèngu aa'i-aa'i ra lab'a ne.","Rèngu aaꞌi-aaꞌi ra jꞌajꞌi dhèu aae Kedorlaomer canguru dua tèu. Te ngaa dꞌai tèlu tèu, dhèu aaꞌi-aaꞌi roꞌo boe madhutu Ama Lamatua.","Rèngu aaꞌi-aaꞌi ra jꞌajꞌi dhèu aae Kedorlaomer canguru dua tèu. Te ngaa d'ai tèu canguru tèlu, rèngu pusi-pahae heka ne.",eng,nfa,English,Dhao,4.0362,4.132,5.3719
"in the fourteenth year chedorlaomer and the kings who were with him came and struck the rephaim in ashteroth karnaim, the zuzim in ham, the emim in shaveh kiriathaim,","ka maso tèu ka canguru èpa, kedarlaomer dènge angalai na dhèu aae dhèu tèlu sera, mai dènge sordad'u ra. hèia ra pamusu ka, ka ra segi pèri-pèri rai. nuka: dhèu refaim ètu rai asterot-karnaim; dhèu susim ètu rai ham; dhèu emim ètu rai sawe-kiryataim,","Èle èèna ka, Kedorlaomer dènge dhèu aae nèti dhèu aae rèdꞌu rèdꞌu rèdꞌu rèdꞌu rèdꞌu rèdꞌu rèdꞌu rèdꞌu rèdꞌu rèdꞌu rèdꞌu rèdꞌu rèdꞌu rèdꞌu rèdꞌu rèdꞌu rèdꞌu rèdꞌu rèdꞌu rèdꞌu rèdꞌu rèdꞌu rèdꞌu rèdꞌu rèdꞌu rèdꞌu rèdꞌu rèdꞌu rèdꞌu rèdꞌu rèdꞌu rèdꞌu rèdꞌu rèdꞌu rèdꞌu rèdꞌu rèdꞌu rèdꞌu rèdꞌu rèdꞌu rèdꞌu rèdꞌu rèdꞌu rèdꞌu rèdꞌu rèdꞌu rèdꞌu rèdꞌu rèdꞌu rèdꞌu rèdꞌu rèdꞌu rèdꞌu rèdꞌu rèdꞌu èdhi.","Ètu canguru èpa tèu kèna, Kedorlaomer dènge dhèu aae-dhèu aae dhu dènge nèngu mai dènge game dhèu Rephaim ètu Ashteroth Karnaim, dhèu Zuzim ètu Ham, dènge dhèu Emim ètu Shaveh Kiriathaim.",eng,nfa,English,Dhao,9.4933,17.8427,17.5944
"and the horites in their mount seir, to el paran, which is by the wilderness.","dènge dhèu hori dhu ètu ledhe seir, d'ai sebhe mamoo el paran.","dènge hadhu-hadhu ètu ledhe Seir, ètu sebhe El Paran, dhu ètu dꞌara padètu-dètu dènge dꞌara mamoo.","dènge dhèu Horit ètu ledhe Seir, ètu sebhe El Paran, dhu ètu sebhe mamoo.",eng,nfa,English,Dhao,18.4173,11.8756,12.9133
"they returned, and came to en mishpat also called kadesh, and struck all the country of the amalekites, and also the amorites, that lived in hazazon tamar.","èle èèna ka, ra lèpa hari asa en mispat dhu limuri ne ngara na kades. ka ra segi rai dhèu amalek, dènge dhèu amori dhu pea ètu rae haseson-tamar.","Èle èèna ka, rèngu lèpa hari, ka lasi paraga dènge dhèu Amalek, dènge dhèu Amor, dhu pea ètu hèbꞌa-hèbꞌa.","Rèngu lèpa hari, ka lasi asa En Mishpat, dhu ra paroa kahèi Kadesh, hèia ra sabhuu aa'i rai dhèu Amalek, dènge dhèu Amor kahèi, dhu pea ètu Hazazon Tamar.",eng,nfa,English,Dhao,-5.887,5.5973,3.3804
"the king of sodom, and the king of gomorrah, the king of admah, the king of zeboiim, and the king of bela also called zoar went out; and they set the battle in array against them in the valley of siddim against chedorlaomer king of elam, tidal king of goiim, amraphel king of shinar, and arioch king of ellasar; four kings against the five.","hèia, lèmi dhèu aae se ator sordad'u ra ètu d'ara mamoo sidim, ka lasi pamusu dènge dhèu aae dhèu èpa sèra.","ka dhèu aae Sodom, dènge dhèu aae Gomora, dènge dhèu aae Adma, dènge dhèu aae Zeboim, dènge dhèu aae Bela, dhu ngara na Soar, lasi paraga dènge rèngu ètu dꞌara bèdho Sidim, ho ra paraga dènge Kedorlaomer, dhèu aae Elam, dènge dhèu aae Goiim, dhèu aae Amrafel, dhèu aae Senar, dènge dhèu aae Ariok, dhèu aae Elazar.","ka dhèu aae Sodom, dènge dhèu aae Gomora, dhèu aae Adma, dhèu aae Zeboim, dènge dhèu aae Bela, dhu ngara na Soar, lasi. Hèia ra paraga ètu d'ara bèdho Sidim dènge Kedorlaomer, dhèu aae Elam, dènge Tidal, dhèu aae Goiim, dènge Amrafel, dhèu aae Senar, dènge Ariok, dhèu aae Elazar. Nuka èpa dhèu aae sèra dènge lèmi dhèu aae sèra.",eng,nfa,English,Dhao,4.0683,8.3817,7.5634
"now the valley of siddim was full of tar pits; and the kings of sodom and gomorrah fled, and some fell there. those who remained fled to the hills.","ètu d'ara mamoo èèna, dhu abhu mananga èi dama pèri-pèri. ropa ra pamusu, dhèu aae sodom dènge dhèu aae gomora dènge sordad'u ra, rai. ka cahag'e manahu asa d'ara mananga èi dama se. aa cahag'e hari rai asa ledhe lasi.","Lodꞌo èèna, dhèu aae-dhèu nèti kota Sodom dènge kota Gomora rai-haha. Abhu kahèi dhèu aae-dhèu nèti kota Sodom. Abhu kahèi dhèu aae-dhèu nèti kota Sodom dènge kota Gomora. Abhu kahèi dhèu aae-dhèu dhu pea ètu sebhe ledhe.","Lod'o èèna, dhènu Sidim pènu dènge ro'a ai-bètu. Aa dhèu aae-dhèu nèti kota Sodom dènge kota Gomora rai, aa cahag'e lèke ètu nèi. Dhèu dhu ro'o sèra rai asa ledhe.",eng,nfa,English,Dhao,2.4239,3.5197,5.1247
"they took all the goods of sodom and gomorrah, and all their food, and went their way.","ka èpa dhèu aae dhu segi se, lasi parame rèti mèdha-panyau dènge nganga'a-nginu nèti sodom dènge gomora. èèna ka, ra lèpa dènge ka.","Èle èèna ka, dhèu se tèke eele mèdha-panyau dhèu-dhèu nèti kota Sodom dènge kota Gomora, dènge mèdha-panyau rèngu aaꞌi-aaꞌi ra. Èle èèna ka, rèngu lèpa hari.","Dhèu se tèke eele mèdha-panyau Sodom dènge Gomora, dènge nganga'a rèngu aa'i-aa'i ra. Èle èèna ka, rèngu lèpa hari.",eng,nfa,English,Dhao,8.851,1.7476,1.3466
"they took lot, abram's brother's son, who lived in sodom, and his goods, and departed.","te ngaa lot, ana ari abram, dhu pea ètu sodom. ka èpa dhèu aae sèra, ère rèti lot si, dènge mèdha-panyau ra aa'i-aa'i.","Èle èèna ka, dhèu se tèke eele Lot dènge mèdha-panyau na. Lot èèna, ana aꞌari Abram, dhu pea ètu kota Sodom. Èle èèna ka, dhèu se tèke eele Lot dènge mèdha-panyau na.","Dhèu se tèke eele Lot, ana a'ari Abram dhu pea ètu kota Sodom, dènge mèdha-panyau na, hèia ra lèpa.",eng,nfa,English,Dhao,2.8537,-0.6216,0.7882
"one who had escaped came and told abram, the hebrew. at that time, he lived by the oaks of mamre, the amorite, brother of eshcol and brother of aner. they were allies of abram.","te ngaa dhèu èci rai nèti era èèna. ka la'e lolo dènge abram, dhèu ibrani èèna. lod'o èèna, dhèu amori èci, ngara na mamre. aa abram pea dètu dènge aj'u-aj'u aae unu mamre. a'ari mamre dhèu dua, ngara na eskol dènge aner. rèngu se dhu pa'anga dènge abram.","Èle èèna ka, abhu dhèu èci dhu lèpa hari, ka laꞌe peka dènge Abram, dhèu Ibrani. Nèngu pea ètu sebhe ajꞌu mamre. Mamre ne, dhèu Amor, aꞌari nèti Eshkol, dènge aꞌari nèti Aner. Dua ra paꞌèci dènge Abram.","Èle èèna ka, abhu dhèu èci dhu lèpa hari, ka laꞌe peka dènge Abram, dhèu Ibrani. Nèngu pea ètu sebhe ajꞌu mamre. Mamre ne, dhèu Amor, aꞌari nèti Eshkol, dènge aꞌari nèti Aner. Rèngu sèra paꞌèci dènge Abram.",eng,nfa,English,Dhao,0.0555,0.5171,0.3477
"when abram heard that his relative was taken captive, he led out his three hundred eighteen trained men, born in his house, and pursued as far as dan.","ropa abram tadèngi na dhèu kèpe rèti le lot, ana ari na, ka abram pakaboko nare dhèu-dhèu sab'a na dhu re'a pamusu. aa'i-aa'i ra tèlu ngasu canguru aru dhèu. ka lasi magèla èpa dhèu aae sèra, asa badae aae lasi d'ai rae dan.","Ropa Abram tadèngi, na, dhèu èci èèna ka dhu kèpe ne. Hèia na pua dhèu-dhèu nèti dꞌara èmu na, canguru tèlu nguru tèlu canguru, dhèu dhu abhu mèdha-panyau nèti dꞌara èmu na, lasi paraga dènge dhèu se, toke dꞌai dꞌai dꞌara rae.","Ropa Abram tadèngi, na, a'ari na dhu kèpe ne. Hèia na pua dhèu-dhèu na dhu tèlu nguru canguru aru, dhu abhu mèdha-panyau dhu rara iisi nèti dꞌara èmu na, lasi paraga dènge dhèu se, toke dꞌai Dan.",eng,nfa,English,Dhao,0.4887,2.1802,1.8993
"he divided himself against them by night, he and his servants, and struck them, and pursued them to hobah, which is on the left hand of damascus.","ètu era èèna, abram hag'e dhèu na sèra, mi pèri-pèri kaboko. d'ara mèda èèna kahèi, lasi age si, dènge j'ara pa'oke. ka abram si lasi bate dhèu se d'ai rae hoba, ètu bèka badae kota damsik.","Ètu dꞌara mèda èèna, dhèu aae sordadꞌu ètu dꞌara kota dꞌara kota Damsik sèra, lasi paraga dènge dhèu sabꞌa na sèra. Èle èèna ka, dhèu aae sordadꞌu ètu dꞌara kota dꞌara kota dꞌara kota dꞌara kota dꞌara kota dꞌara kota dꞌara kota dꞌara kota dꞌara kota. Ka sordadꞌu ètu dꞌara kota dꞌara kota dꞌara kota dꞌara kota dꞌara kota dꞌara kota dꞌara kota dꞌara kota dꞌara kota. Ka sordadꞌu ètu dꞌara kota dꞌara kota dꞌara kota dꞌara kota dꞌara kota dꞌara kota dꞌara kota dꞌara kota dꞌara kota dꞌara kota dꞌara kota dꞌara kota dꞌara kota dꞌara kota dꞌara kota Damsik.","Nèngu dènge dhèu sab'a na sèra, ètu d'ara mèda, lasi paraga dènge si, ka na j'ubhu si, aa na paj'èra si asa Hobah, dhu ètu kacui-aai kiba nèti Damsik.",eng,nfa,English,Dhao,9.3475,2.9983,7.4847
"he brought back all the goods, and also brought back his relative lot and his goods, and the women also, and the other people.","hèia abram abhu hari lot, dènge dhèu-dhèu nèngu, aa dènge mèdha-panyau ra aa'i-aa'i. na abhu kahèi dhèu-dhèu leo.","Èle èèna ka, na lèpa hari mèdha-panyau na aaꞌi-aaꞌi. Na lèpa hari mèdha-panyau na, dènge mèdha-panyau na aaꞌi-aaꞌi ra, dènge dhèu bhèni aaꞌi-aaꞌi ra.","Èle èèna ka, na lèpa hari mèdha-panyau na aaꞌi-aaꞌi, dènge lèpa hari kahèi Lot, dhèu pa'a'ari na, dènge mèdha-panyau na, dènge dhèu bhèni aaꞌi-aaꞌi ra kahèi, dènge dhèu leo-leo ra kahèi.",eng,nfa,English,Dhao,-1.8223,7.6939,4.2384
"the king of sodom went out to meet him after his return from the slaughter of chedorlaomer and the kings who were with him, at the valley of shaveh that is, the king's valley.","ropa abram segi nare dhèu aae èpa sèra, ka na lèpa. hèia dhèu aae sodom mai soru ne ètu d'ara mamoo sawe dhu dhèu biasa peka na, mamoo dhèu aae.","Èle èèna ka, dhèu aae Sodom lèpa hari nèti pamadhe Kedorlaomer dènge dhèu aae dhèu aae sèra. Hèia dhèu aae Sodom laꞌe paraga dènge Neꞌe ètu dꞌara sebhe èci, dhu ra pangèdꞌu ètu dꞌara sebhe dhèu aae.","Ropa Abraham lèpa hari nèti pamadhe Kedorlaomer dènge dhèu aae-dhèu aae dhu dènge nèngu, hèia dhèu aae Sodom kalua ho la'e paraga dènge nèngu ètu d'ara sebhe Sawe, nuka sebhe dhèu aae.",eng,nfa,English,Dhao,5.9047,2.1629,1.6968
melchizedek king of salem brought out bread and wine. he was priest of god most high.,"tèu èèna, melkisedek, j'aj'i dhèu aae kota salem. aa nèngu ne j'aj'i kahèi ama agama nèti ama lamatua dhu dedha risi eele. na mai soru abram, nèti roti dènge èi hua anggor.","Melkisedek, dhèu aae Salem. Nèngu jꞌajꞌi kètu Ama Lamatua dhu kapai risi. Nèngu jꞌajꞌi kètu Ama Lamatua dhu kapai risi ètu sorga. Nèngu jꞌajꞌi kètu Ama Lamatua dhu kapai risi ètu sorga. Nèngu jꞌajꞌi kètu Ama Lamatua dhu kapai risi ètu sorga. Nèngu jꞌajꞌi kètu Ama Lamatua dhu kapai risi ètu sorga. Nèngu jꞌajꞌi kètu Ama Lamatua dhu kapai risi ètu sorga. Nèngu jꞌajꞌi kètu Ama Lamatua dhu kapai risi ètu sorga.","Melkisedek, dhèu aae Salem, rèti roti dènge èi anggor kalua. Nèngu j'aj'i kètu Ama Lamatua dhu kapai risi.",eng,nfa,English,Dhao,13.9861,7.4295,12.2968
"he blessed him, and said, blessed be abram of god most high, possessor of heaven and earth. blessed be god most high, who has delivered your enemies into your hand. abram gave him a tenth of all.","ka na padhai lii ho hia berkat mi abram, aku nèngu na, ja'a sanao sèna ka ama lamatua, dhu dedha risi eele èèna, dhu paj'aj'i dedha-liru dènge rai-haha ne, hia mèngi-nale mi dedha èu. koa-kio ama lamatua dhu hia le èu segi musu. èle èèna ka, abram bagi hia melkisedek ca pala nèti canguru pala mèdha-panyau dhu na abhu hari sèra.","Hèia na manèngi-mangajꞌi, sèna ka manèngi-mangajꞌi mi Ama Lamatua. Na manèngi-mangajꞌi mi Ama Lamatua, sèna ka Ama Lamatua hia dhèu aaꞌi-aaꞌi nèti mèdha-panyau aaꞌi-aaꞌi ra ètu dedha-liru dènge rai-haha. Na manèngi-mangajꞌi mi Ama Lamatua, sèna ka Ama Lamatua hia dhèu aaꞌi-aaꞌi nèti mèdha-panyau aaꞌi-aaꞌi ra, sèna ka abhu mèdha-panyau nèti mèdha-panyau aaꞌi-aaꞌi ra, sèna ka abhu mèdha-panyau nèti mèdha-panyau aaꞌi-aaꞌi ra, sèna ka abhu mèdha-panyau nèti mèdha-panyau aaꞌi-aaꞌi ra, sèna ka abhu mèdha-panyau nèti mèdha-panyau aaꞌi-aaꞌi ra.","Hèia na manèngi-mangajꞌi ne, na peka, na, hud'i laa Abram abhu berkat nèti Ama Lamatua dhu dedha risi eele, dhèu dhu nèd'u dedha-liru dènge rai-haha. Hud'i laa Ama Lamatua dhu dedha risi eele abhu berkat, dhu pahie musu-musu èu asa d'ara limu èu. Abram hia ne ca pala nèti canguru pala, nèti mèdha aa'i-aa'i.",eng,nfa,English,Dhao,16.0664,10.9386,13.8803
"the king of sodom said to abram, give me the people, and take the goods for yourself.","hèia dhèu aae sodom èèna pahaha iisi na mi abram, peka na, ama. mèdha-panyau dhu èu abhu hari nèti musu ja'a sèra, hud'i laa ama ku abhu aa'i si. te ngaa dhu ja'a manèngi hari, dhoka dhèu-dhèu ja'a sèra.","Èle èèna ka, dhèu aae Sodom paredha Abram, aku nèngu na, ""Bèli-camèdꞌa dhèu seꞌe hia jaꞌa, aa mèdha-panyau sèra hia èu.""","Èle èèna ka, dhèu aae Sodom paredha Abram, aku nèngu na, ""Hia dhèu se'e ja'a, aa nara mèdha-panyau sèra èu di.""",eng,nfa,English,Dhao,0.635,0.8935,1.4141
"abram said to the king of sodom, i have lifted up my hand to the lord, god most high, possessor of heaven and earth,","hèia abram b'ala ne, peka na, ja'a subha ètu madha ama lamatua dhu dedha risi eele, dhu tao dedha-liru dènge rai-haha,","Hèia Abram peka dènge dhèu aae Sodom, aku nèngu na, ""Jaꞌa pahaha iisi ku mi Lamatua, Ama Lamatua dhu dedha-liru dènge rai-haha. Nèngu ka dhu pajꞌajꞌi aaꞌi-aaꞌi ètu dedha-liru dènge rai-haha.","Hèia Abram peka dènge dhèu aae Sodom, aku nèngu na, ""Jaꞌa pahaha iisi ku mi Lamatua, Ama Lamatua dhu dedha-liru dènge rai-haha.""",eng,nfa,English,Dhao,7.2153,-1.7142,-1.0846
"that i will not take a thread nor a sandal strap nor anything that is yours, lest you should say, ‘i have made abram rich. '","na, ja'a kore boe mèdha-panyau èu, masi ka ciki èèna ka. masi ka loa hèngu ca'èta sa, ja'a kore boe. dènge j'ara sèmi ne'e, èu baku peka na, ‘kakaja abram sèra mai nèti ja'a. '","Jaꞌa neo tèke boe mèdha-panyau jaꞌa, do mèdha-panyau jaꞌa, do mèdha-panyau jaꞌa aaꞌi-aaꞌi. Te ladhe èu peka, na, 'Jaꞌa ka dhu paꞌèki dènge Abram.'","Jaꞌa neo tèke boe mèdha ca hèb'a, do ana pua-paleha, do aaꞌi-aaꞌi dhu èu dènge. Te ladhe èu peka, na, 'Jaꞌa ka dhu paꞌèki dènge Abram.'",eng,nfa,English,Dhao,-5.7925,-2.4803,-2.1001
"i will accept nothing from you except that which the young men have eaten, and the portion of the men who went with me: aner, eshcol, and mamre. let them take their portion.","ja'a parluu boe ngaa-ngaa. dhoka mia dhu dhèu ja'a se pake le, sèra èle le, ale ia ka. aa hud'i laa, angalai ja'a dhèu tèlu se: aner, eskol dènge mamre, hag'e rare unu rèngu di.",Jaꞌa neo sèmi èèna kahèi. Jaꞌa neo sèmi èèna kahèi. Jaꞌa neo sèmi èèna kahèi. Jaꞌa neo sèmi èèna kahèi. Jaꞌa neo sèmi èèna kahèi. Jaꞌa neo sèmi èèna kahèi. Jaꞌa neo sèmi èèna kahèi. Jaꞌa neo sèmi èèna kahèi. Jaꞌa neo sèmi èèna kahèi. Jaꞌa neo sèmi èèna kahèi. Jaꞌa neo sèmi èèna kahèi. Jaꞌa neo sèmi èèna kahèi. Jaꞌa neo sèmi èèna kahèi. Jaꞌa neo sèmi èèna kahèi. Jaꞌa neo sèmi èèna kahèi. Jaꞌa neo sèmi èèna kahèi. Jaꞌa neo sèmi èèna kahèi. Jaꞌa neo sèmi èèna kahèi. Jaꞌa neo sèmi èèna kahèi. Jaꞌa neo sèmi èèna kahèi.,"Ja'a neo nare boe ngaa-ngaa nèti èu, dhoka ngaa dhu dhèu iiki sèra ra'a le, dènge pala dhèu dhu kako dènge ja'a: Aner, Eshcol, dènge Mamre. Pe ra nare pala ra.",eng,nfa,English,Dhao,9.3546,23.7552,24.3454
"after these things the lord's word came to abram in a vision, saying, don't be afraid, abram. i am your shield, your exceedingly great reward.","èle èèna ka, lamatua pad'elo iisi na mi abram. ka na peka, aku nèngu na, abram! èu baku madha'u. lula ja'a ka dhu j'aj'i mi tami ho bhiri èu nèti musu. aa ja'a hia a'oto mi dedha èu.","Èle èèna ka, Lamatua padhai lii dènge Abram, aku Nèngu na, ""Ama Abram! Baku madhaꞌu! Jaꞌa jꞌajꞌi kètu èu, aa Jaꞌa bꞌala èu.","Èle èèna ka, Lamatua padhai lii dènge Abram ètu d'ara tanila, aku Nèngu na, ""Ama Abram! Baku madhaꞌu! Jaꞌa jꞌajꞌi kètu èu, aa Jaꞌa bꞌala èu dhu kab'ua titu kèna.""",eng,nfa,English,Dhao,-0.0267,4.3821,2.3767
"abram said, lord god, what will you give me, since i go childless, and he who will inherit my estate is eliezer of damascus? abram said, behold, you have given no children to me: and, behold, one born in my house is my heir.","te ngaa, aku abram na, masi ka ama lamatua hia ae-ae èèna ka, j'aj'i boe mi ngaa sa èci. lula ja'a ne dènge boe ana matana, ho hia ja'a ana-èpu. de dhu neo unu ae-ae sèmi èèna, tao mi ngaa? neu-neu ka, noto mi ènu ja'a elieser, dhèu damsik èèna. nèngu ka dhu sèmi nare aa'i-aa'i.","Hèia Abram karèi Ama Lamatua, aku nèngu na, ""Ama Lamatua! Èu neo hia jaꞌa ngaa, lula jaꞌa dènge boe ana? Dhèu èci èèna ka dhu jꞌajꞌi dhèu unu jaꞌa ètu dꞌara kota Damsik."" Hèia Abram dhaa, aku nèngu na, ""Èu hia jaꞌa boe ana. Te ngaa ladhe jaꞌa abhu dhèu èci dhu jꞌajꞌi dhèu unu jaꞌa ètu dꞌara èmu jaꞌa, èèna ka dhu jꞌajꞌi dhèu unu jaꞌa.""","Hèia Abram karèi Ama Lamatua, aku nèngu na, ""Ama Lamatua! Èu neo hia jaꞌa ngaa, lula jaꞌa dènge boe ana, aa dhèu dhu jꞌajꞌi dhèu unu jaꞌa nuka Eliezer nèti Damsik?"" Hèia Abram dhaa, aku nèngu na, ""Nanene! Èu hia jaꞌa boe ana. Aa nanene! Dhèu èci dhu rara iisi ètu d'ara èmu ja'a, èèna ka dhu j'aj'i dhèu unu ja'a.""",eng,nfa,English,Dhao,5.4296,3.0332,2.3201
"behold, the lord's word came to him, saying, this man will not be your heir, but he who will come out of your own body will be your heir.","te ngaa lamatua dhaa na, j'ara na sèmi boe èèna! ana d'èlu èu ku, dhu unu pusaka sèra. ènu èu abhu boe.","Èle èèna ka, Lamatua peka dènge ana pajuu ne, aku Nèngu na, ""Madhutu aꞌajꞌa èu, jaꞌa neo jꞌajꞌi dhèu aaꞌi-aaꞌi dhu jꞌajꞌi dhèu aaꞌi-aaꞌi. Te dhèu aaꞌi-aaꞌi dhu jꞌajꞌi dhèu aaꞌi-aaꞌi èèna, jꞌajꞌi dhèu aaꞌi-aaꞌi dhu jꞌajꞌi dhèu aaꞌi-aaꞌi dhu jꞌajꞌi dhèu aaꞌi-aaꞌi dhu jꞌajꞌi dhèu aaꞌi-aaꞌi dhu jꞌajꞌi dhèu aaꞌi-aaꞌi.""","Bèli-camèd'a, lii Lamatua mai dènge nèngu, aku Nèngu na, ""Dhèu ne'e neo j'aj'i dhèu unu pusaka èu boe. Te dhèu dhu cèu mai nèti ngi'u èu di, nèngu ka dhu j'aj'i dhèu unu pusaka èu.""",eng,nfa,English,Dhao,1.5266,9.2815,9.8578
"the lord brought him outside, and said, look now toward the sky, and count the stars, if you are able to count them. he said to abram, so your offspring will be.","hèia nèti abram asa li'u, ka na peka, èu ladhe ku asa dedha-liru nèi. ladhe paie ku hua-hètu sèi. bisa iga more, do aad'o? bèli-camèd'a, ana-èpu èu sama sèmi hua-hètu sèi!","Èle èèna ka, Lamatua pua Abram lasi asa liꞌu. Hèia Na peka, aku Nèngu na, ""Sèmi neꞌe! Ladhe èu bisa reꞌa mèdha-panyau ètu dedha-liru, na, ladhe èu bisa reꞌa mèdha-panyau ètu dedha-liru, na, èu bisa reꞌa mèdha-panyau ètu dedha-liru."" Hèia Lamatua peka dènge Abram, aku Nèngu na, ""Èu bisa reꞌa mèdha-panyau ètu dedha-liru, sèna ka ana-èpu èu bisa reꞌa mèdha-panyau ètu dedha-liru.""","Èle èèna ka, Lamatua pua Abram lasi asa liꞌu. Hèia Na peka, aku Nèngu na, ""Sèmi neꞌe ètu dedha-liru! Aa reꞌa mèdha-panyau, ladhe èu bisa reꞌa si."" Hèia Lamatua peka dènge Abram, aku Nèngu na, ""Ana-èpu èu j'aj'i ae sèmi mèdha-panyau èèna.""",eng,nfa,English,Dhao,2.8887,-0.0254,1.5144
"he believed in the lord, who credited it to him for righteousness.","ka abram sèmi nare lii padhai lamatua. aa lamatua tadhe ne, dhèu mola, lula abram lèka ne.","Nèti èèna ka, Musa parcaya Lamatua. Hèia Lamatua pangee, na, Lamatua pangee, na, Lamatua pangee, na, Lamatua pangee, na, Lamatua pangee, na, Lamatua pangee, na, Lamatua pangee, na, Lamatua pangee, Lamatua pangee, na, Lamatua pangee, Lamatua pangee, na, Lamatua pangee, Lamatua pangee, na, Lamatua pangee, Lamatua pangee, na, Lamatua sèmi èèna ka dhu lèke.","Nèngu parcaya Lamatua. Hèia Lamatua cap nèngu, peka na, nèngu dhèu d'ara mola.",eng,nfa,English,Dhao,2.7447,3.3001,7.1068
"he said to abram, i am the lord who brought you out of ur of the chaldees, to give you this land to inherit it.","èle èèna ka, lamatua tuhu hari lii na, ja'a ne, ama lamatua. ja'a ka dhu lere kèti èu nèti rae ur, ètu rai dhèu kasdim sèra. aa rai ne'e ne, ja'a hia èu, sèna ka j'aj'i pusaka mu.","Èle èèna ka, Ama Lamatua peka dènge Abram, aku nèngu na, ""Jaꞌa ne, Ama Lamatua. Jaꞌa ka dhu patabuli èu nèti kota Uri, ètu rai Kaldea, ho hia èu rai ne, sèna ka jꞌajꞌi mi dedha èu.","Èle èèna ka, Ama Lamatua peka dènge Abram, aku nèngu na, ""Jaꞌa ne, Ama Lamatua. Jaꞌa ka dhu patabuli èu nèti kota Uri, ètu rai Kaldea, ho hia èu rai ne, sèna ka jꞌajꞌi mi dedha èu.",eng,nfa,English,Dhao,0.0,0.0,0.0
"he said, lord god, how will i know that i will inherit it?","te ngaa abram karèi, aku nèngu na, tasamia, lamatua? dènge j'ara sa mia ka ho ja'a ke'a na, rai ne j'aj'i pusaka ja'a?","Hèia na karèi Lamatua, aku nèngu na, ""Ama Lamatua! Jaꞌa keꞌa boe, na, jaꞌa ne, dhèu aaꞌi-aaꞌi ètu rai-haha ne. De jaꞌa keꞌa boe, na, jaꞌa ne, dhèu aaꞌi-aaꞌi ètu rai-haha ne. De jaꞌa keꞌa boe, na, jaꞌa ne, dhèu aaꞌi-aaꞌi ètu rai-haha ne, do aadꞌo?""","Hèia na karèi, ""Ama Lamatua! Tasamia ja'a ke'a, na, ja'a abhu mèngi-nale ne?""",eng,nfa,English,Dhao,10.4767,-0.0756,2.9474
"he said to him, bring me a heifer three years old, a female goat three years old, a ram three years old, a turtledove, and a young pigeon.","ka na dhaa, peka na, sèmi ne'e! mai ti tao madha j'ara èci, dhu pa'èki lii padhai lii ja'a deo na. de lamu more sapi rena ci'u, kahib'i rena ci'u, dènge kahib'i-kalèbho mone ci'u. aa'i-aa'i sèra hud'i dhu umur tèlu tèu. aa mèti kahèi koro iia ci'u, dènge koro j'aha ci'u.","Hèia dhèu ne dhaa, aku nèngu na, ""Mai hia jaꞌa sapi ca dhèu, kahibꞌi-kalèbho ca dhèu, kahibꞌi-kalèbho ca kahibꞌi-kalèbho ca dhèu, dènge kahibꞌi-kalèbho ca kahibꞌi-kalèbho ca kahibꞌi-kalèbho ca kahibꞌi-kalèbho ca kahibꞌi-kalèbho ca kahibꞌi-kalèbho ca kahibꞌi-kalèbho ca kahibꞌi-kalèbho ca kahibꞌi-kalèbho ca kahibꞌi-kalèbho ca kahibꞌi-kalèbho ca kahibꞌi-kalèbho ca kahibꞌi-kalèbho ca kahibꞌi-kalèbho ca kahibꞌi-kalèbho ca kahibꞌi-kalèbho ca kahibꞌi-kalèbho ca kahibꞌi-kalèbho.","Hèia na dhaa nèngu na, ""Mai hia jaꞌa sapi bhèni tèlu tèu ca dhèu, kahibꞌi bhèni tèlu tèu ca dhèu, kuli mone tèlu tèu ca dhèu, dènge d'ara ca dhèu, aa ana d'ara ca dhèu.""",eng,nfa,English,Dhao,1.6294,0.1401,3.0387
"he brought him all these, and divided them in the middle, and laid each half opposite the other; but he didn't divide the birds.","ka abram la'e nare badha sèra. hèia na kacèb'e bagi mi dua, sapi, kahib'i, dènge kahib'i-kalèbho sèra. ka na pale sisi se mi rai, dhu èci patangara dènge èci, j'aj'i mi dua b'aris. te ngaa na kacèb'e boe manu-bhui sèra.","Èle èèna ka, na hia manu-bhui aaꞌi-aaꞌi sèra asa dꞌara hèbꞌa. Ka na hia manu-bhui aaꞌi-aaꞌi sèra ètu madha èci dènge èci. Te ngaa na hia manu-bhui aaꞌi-aaꞌi sèra ètu madha èci, te ngaa na hia manu-bhui aaꞌi-aaꞌi sèra.","Na hia aa'i sèra mi nèngu. Ka na bagi si ètu talora aae, ka na hia cabèka-cabèka sèra patangara dènge èci. Te ngaa na bagi boe manu-bhui sèra.",eng,nfa,English,Dhao,5.9909,4.7899,5.6816
"the birds of prey came down on the carcasses, and abram drove them away.","ka manu-bhui dhu tema ra'a sisi sèra, mai ho neo ra'a sisi se'e. te ngaa abram bhabhoo eele si.","Èle èèna ka, manu-bhui aaꞌi-aaꞌi dhu raꞌa-rinu sèra, mai padètu dènge dhèu-dhèu dhu madhe sèra. Hèia Abram paꞌele iie manu-bhui aaꞌi-aaꞌi dhu raꞌa-rinu sèra, nèti èèna ka, abhu manu-bhui aaꞌi-aaꞌi dhu raꞌa-rinu sèra. Èle èèna ka, abhu manu-bhui aaꞌi-aaꞌi dhu raꞌa-rinu sèra, aa abhu manu-bhui aaꞌi-aaꞌi dhu raꞌa-rinu sèra.","Èle èèna ka, manu-bhui aaꞌi-aaꞌi dhu raꞌa-rinu sèra, mai padètu ètu dedha isi-isi dhu madhe sèra. Hèia Abram paꞌele iie sèra.",eng,nfa,English,Dhao,6.3137,3.9617,6.881
"when the sun was going down, a deep sleep fell on abram. now terror and great darkness fell on him.","ropa lod'o cèna, abram bhèj'i luu. na nii, kuri na maroga mai sarimu nare nèngu, ka na madha'u titu kèna.","Ropa dꞌai madha lodꞌo, hèia Abram maso asa dꞌara. Hèia na madhaꞌu dènge madhaꞌu.","Ropa dꞌai madha lodꞌo, hèia madha sakaa titu kèna lèke mi Abram. Hèia madhaꞌu dènge maroga titu kèna lèke mi nèngu.",eng,nfa,English,Dhao,1.3161,10.6666,9.3217
"he said to abram, know for sure that your offspring will live as foreigners in a land that is not theirs, and will serve them. they will afflict them four hundred years. i will also judge that nation, whom they will serve. afterward they will come out with great wealth; but you will go to your fathers in peace. you will be buried at a good old age.","ka ama lamatua peka dènge ne, abram! èèna na èu mamuri toke heka bhoro, aa madhe dènge be'a, ka ra padhane èu dènge be'a. te ngaa ana-èpu èu, èèna na j'aj'i dhèu tao mai ètu kabarai dhèu. ho èèna na, dhèu isi rai sèra, tao si sèmi ènu sa, ka ra ènyi aa paj'èra si, toke èpa ngasu tèu. te, ladhe èèna na, ja'a huku si. ho èèna na, ja'a kèti hari ana-èpu èu nèti era èèna, aa dènge mèdha-panyau ra ae-ae.","Èle èèna ka, Ama Lamatua peka dènge Abram, aku Nèngu na, ""Sèmi neꞌe! Èu hudꞌi meꞌa ku, na, ana-èpu èu abhu dhèu leo ètu rai leo ètu rai leo. Ètu rai leo èèna, rèngu abhu dhèu dhu sabꞌa rèngu, toke dꞌai èpa nguru tèu. Èèna na Jaꞌa pamaꞌète lii langu dhèu dhu ra sabꞌa rèngu. Èle èèna ka, rèngu lèpa hari dènge mèdha-panyau ae-ae. Èle èèna ka, èu lèpa hari dènge bèi-baki èu. Èle èèna ka, èu lèpa hari dènge dꞌara beꞌa. Èle èèna ka, bèi-baki èu madhe, hèia ra padhane èu.","Èle èèna ka, Ama Lamatua peka dènge Abram, aku Nèngu na, ""Sèmi neꞌe! Èu hudꞌi meꞌa ku, na, ana-èpu èu abhu dhèu leo ètu rai leo ètu rai leo. Ètu rai leo èèna, rèngu sab'a dhèu èèna. Rèngu paj'èra rèngu èpa nguru tèu. Èèna na Jaꞌa pamaꞌète lii langu dhèu dhu ra sabꞌa rèngu. Èle èèna ka, rèngu lèpa hari dènge mèdha-panyau ae-ae. Te ngaa èu lèpa hari asa bèi-baki èu dènge d'ara be'a. Èu abhu padhane ètu umur dhu loe dènge be'a.""",eng,nfa,English,Dhao,3.9013,0.5384,-0.3531
"in the fourth generation they will come here again, for the iniquity of the amorite is not yet full.","aa èèna na, ja'a ator ho ana-èpu èu dhu ka lèmi kèti hari si asa ne'e mai. limuri ne, dhèu amori dhu pea ètu rai ne'e. dhèu se'e dhèu bhelu, te ngaa dhae bhelu iia mèka. ladhe ana-èpu èu sèra lèpa hari asa era ne'e, ja'a neo pake si ho huku palaho dhèu amori sèra. lula d'ai taa èèna, bhabhelu ra asa hino.","Te lodꞌo èèna, bèli-camèdꞌa dhèu aaꞌi-aaꞌi sèra mai hari asa neꞌe, lula dhèu Amor sèra adꞌu-ue jꞌara-jꞌara bhelu-katubꞌa ra. Te ngaa dhèu aaꞌi-aaꞌi sèra adꞌu-ue jꞌara-jꞌara bhelu-katubꞌa ra ètu neꞌe, te ngaa dhèu aaꞌi-aaꞌi se adꞌu-ue jꞌara-jꞌara bhelu-katubꞌa ra.","Ètu d'ara ana loo-limuri ka èpa, rèngu mai hari asa ne'e, lula j'ara-j'ara bhelu-katub'a dhèu Amor sèra mèka boe pènu.",eng,nfa,English,Dhao,-0.5084,-9.3138,-7.828
"it came to pass that, when the sun went down, and it was dark, behold, a smoking furnace and a flaming torch passed between these pieces.","ropa d'ai mèda sa, cag'ag'a laa ètu era èèna, abhu èru rai èci dhu sèb'u poka-poka, dènge badhu ai èci dhu heo, kako re sasanga sisi dua baris se.","Èle èèna ka, lodꞌo dꞌai madha lodꞌo, ka dꞌara bèdho. Ropa dꞌai madha lodꞌo èèna, rèngu ladhe-leru ètu dꞌara ajꞌu dhu heo, aa rèngu ladhe-leru ètu dꞌara ajꞌu dhu heo ètu dꞌara ajꞌu-ajꞌu seꞌe, ka rèngu ladhe-leru ètu dꞌara ajꞌu dhu heo ètu dꞌara ajꞌu-ajꞌu seꞌe, hèia rèngu ladhe-leru ètu dꞌara ajꞌu dhu heo ètu dꞌara ajꞌu-ajꞌu seꞌe.","Èle èèna ka, lodꞌo dꞌai madha lodꞌo, ka dꞌara bèdho, kaca'a laa, ai karoo dhu heo dènge ob'o dhu heo ladhe-leru ètu talora aj'u-aj'u se'e.",eng,nfa,English,Dhao,3.5051,1.8782,4.4235
"in that day the lord made a covenant with abram, saying, i have given this land to your offspring, from the river of egypt to the great river, the river euphrates:","lod'o èèna, lamatua pa'èki lii pajaji dènge abram. na peka na, ja'a jaji mema èu kèna, bèli-camèd'a ja'a pangèd'u mi ana-èpu èu rai ne'e ne, mulai nèti loko masir, d'ai loko efrat,","Lodꞌo èèna, Lamatua paꞌèki lii pajaji dènge Abram, aku Nèngu na, ""Jaꞌa bꞌala le rai ne, sèna ka jꞌajꞌi mi ana-èpu èu. Nèngu abhu rai ne, nèti dꞌara dhasi Masir, toke dꞌara dhasi dhu kapai, nuka Yufrat.","Lodꞌo èèna, Lamatua paꞌèki lii pajaji dènge Abram, aku Nèngu na, ""Jaꞌa bꞌala le rai ne, sèna ka jꞌajꞌi mi ana-èpu èu, nèti dꞌara loko Masir, toke dꞌara loko aae, nuka Yufrat.""",eng,nfa,English,Dhao,2.8226,0.0883,1.0205
"the land of the kenites, the kenizzites, the kadmonites,","dènge rai dhèu keni, dhèu kenas, dhèu kadmon,","rai-haha dhèu Keni, Kenizzit, Kadmonit, kapai-kalèbho, kapai-kalèbho, kapai-kalèbho, kapai-kalèbho, kapai-kalèbho, kapai-kalèbho, kapai-kalèbho, kapai-kalèbho, kapai-kalèbho, kapai-kalèbho, kapai-kalèbho, kapai-kalèbho, kapai-kalèbho, kapai-kalèbho, kapai-kalèbho, kapai-kalèbho, kapai-kalèbho, kapai-kalèbho, kapai-kalèbho, kapai-kalèbho, kapai-kalèbho, kapai-kalèbho, kapai-kalèbho, kapai-kalèbho, kapai-kalèbho, kapai-kalèbho, kapai-kalèbho, kapai-kalèbho, kapai-kalèbho, kapai-kalèbho, kapai-kalèbho, kapai-kalèbho, kapai-kalèbho, kapai-kalèbho.","rai-haha dhèu Keni, Kenizzit, Kadmonit.",eng,nfa,English,Dhao,5.6692,10.7285,12.5654
"the hittites, the perizzites, the rephaim,","dhèu het, dhèu feris, dhèu refaim,","hadhu-kalèbho, hadhu-kalèbho, hadhu-kalèbho, hadhu-kalèbho, hadhu-kalèbho, hadhu-kalèbho, hadhu-kalèbho, hadhu-kalèbho, hadhu-kalèbho, hadhu-kalèbho, hadhu-kalèbho, hadhu-kalèbho, hadhu-kalèbho, hadhu-kalèbho, hadhu-kalèbho, hadhu-kalèbho, hadhu-kalèbho, hadhu-kalèbho, hadhu-kalèbho, hadhu-kalèbho, hadhu-kalèbho, hadhu-kalèbho, hadhu-kalèbho, hadhu-kalèbho, hadhu-kalèbho, hadhu-kalèbho, hadhu-kalèbho, hadhu-kalèbho, hadhu-kalèbho, hadhu-kalèbho, hadhu-kalèbho, hadhu-kalèbho, hadhu-kalèbho,","Hitit, Perizit, Refaim,",eng,nfa,English,Dhao,10.5616,14.6351,15.2312
"the amorites, the canaanites, the girgashites, and the jebusites.","dhèu amori, dhèu kana'an, dhèu girgasi, dènge dhèu yebus.","dhèu Amor, dhèu Kanaan, dhèu Girgas, dènge dhèu Yebus.","dhèu Amor, dhèu Kanaan, dhèu Girgas, dènge dhèu Yebus.",eng,nfa,English,Dhao,0.0,0.0,0.0
"now sarai, abram's wife, bore him no children. she had a servant, an egyptian, whose name was hagar. sarai said to abram, see now, the lord has restrained me from bearing. please go in to my servant. it may be that i will obtain children by her. abram listened to the voice of sarai. sarai, abram's wife, took hagar the egyptian, her servant, after abram had lived ten years in the land of canaan, and gave her to abram her husband to be his wife.","tèu èèna, abram lèpa hari le nèti masir, ka na pea le canguru tèu ètu kana'an. dhèu èmu na sarai abhu mèka kolo. sarai dènge ènu bhèni ca dhèu nèti masir, ngara na hagar. ca lod'o, sarai peka dènge abram, aku nèngu na, a'a. lamatua hia boe ja'a ana. de hua iia, lamu j'unu dènge ènu ja'a, hagar, sèna ka na hia ja'a ana. ka abram madhutu lii dhèu èmu na. ka sarai hia hagar j'aj'i dhèu èmu ka dua abram.","Èle èèna ka, Sarai, dhèu èmu Abram, abhu boe ana. Sarai dènge dhèu sabꞌa èci nèti Masir, ngara na Hagar. Hèia Sarai peka dènge Abram, aku nèngu na, ""Ladhe sèmi èèna, ee! Ama Lamatua tao boe jaꞌa jꞌajꞌi dhèu sabꞌa. Ladhe jaꞌa jꞌajꞌi dhèu sabꞌa, na, jaꞌa bisa jꞌajꞌi dhèu sabꞌa nèti Sarai."" Hèia Sarai, dhèu èmu Abram, tadèngi lii Sarai. Ropa Abram pea dènge Hagar, ana bhèni nèti Masir, ètu rai Kanaan, hèia na dedꞌe dhèu èmu na, ho jꞌajꞌi dhèu èmu na, ho jꞌajꞌi dhèu èmu na.","Èle èèna ka, Sarai, dhèu èmu Abram, abhu boe ana. Sarai dènge dhèu sabꞌa èci nèti Masir, ngara na Hagar. Hèia Sarai peka dènge Abram, aku nèngu na, ""Ladhe sèmi èèna, ee! Ama Lamatua tao boe ja'a nara iisi ana. Lami maso dènge dhèu sab'a ja'a. Tatu ja'a bisa nara iisi ana nèti nèngu."" Abram tadèngi lii Sarai. Hèia Sarai, dhèu èmu Abram, nare Hagar, dhèu sab'a na, dhu nèti Masir, èle Abram pea canguru sapulu tèu ètu rai Kanaan, hèia na hia nèngu mi Abram, dhèu èmu na, ho j'aj'i dhèu èmu na.",eng,nfa,English,Dhao,7.0633,6.1684,5.7997
"he went in to hagar, and she conceived. when she saw that she had conceived, her mistress was despised in her eyes.","hèia abram j'unu dènge hagar, ka na dènge babia. ropa hagar ne'a nèngu dènge babia le, ka na padedha iisi na, aa na pahae heka sarai.","Èle èèna ka, Hagar maso asa dꞌara èmu na, hèia heka heka heka heka heka heka heka heka heka heka heka heka heka heka heka heka heka heka heka heka heka heka heka heka heka heka heka heka heka heka heka heka heka heka heka heka heka heka heka heka heka heka heka heka heka heka heka heka heka heka heka heka heka.","Nèngu maso dènge Hagar, hèia Hagar dènge babia. Ropa Hagar rèdhi na dènge le babia, hèia dhèu èmu na j'aj'i dhèu dhu na pahaha ètu madha Hagar.",eng,nfa,English,Dhao,11.0597,22.9237,22.3153
"sarai said to abram, this wrong is your fault. i gave my servant into your bosom, and when she saw that she had conceived, she despised me. may the lord judge between me and you.","ka sarai peka dènge abram, aku nèngu na, ja'a ka dhu hia nèngu mi èu j'aj'i dhèu èmu ka dua. te ngaa ropa na dènge babia, na pusi pahae heka ja'a! ne'e ne, sala èu! de hud'i laa, sèna ka lamatua ka dhu pama'ète lii èdhi dua ti! heka èu me'a kèna!","Èle èèna ka, Sarai peka dènge Abram, aku nèngu na, ""Èu ne, dhèu bhelu. Jaꞌa hia dhèu bhèni jaꞌa ètu dꞌara ngiꞌu èu. Te ngaa Sarai ladhe nèdhi, na, nèngu jꞌajꞌi ana bèdho, hèia na pakajꞌèu jaꞌa. Jaꞌa manèngi sèna ka Lamatua jꞌajꞌi hakim ètu talora èu dènge jaꞌa.","Èle èèna ka, Sarai peka dènge Abram, aku nèngu na, ""Èu ne, dhèu bhelu. Jaꞌa hia dhèu bhèni jaꞌa ètu dꞌara ngiꞌu èu. Te ngaa ladhe nèngu nèdhi, na, nèngu jꞌajꞌi ana bèdho, hèia na pakajꞌèu jaꞌa. Jaꞌa manèngi sèna ka Lamatua jꞌajꞌi hakim ètu talora èu dènge jaꞌa.",eng,nfa,English,Dhao,-0.0889,-0.0847,-0.0629
"but abram said to sarai, behold, your maid is in your hand. do to her whatever is good in your eyes. sarai dealt harshly with her, and she fled from her face.","ka abram dhaa, peka na, sèmi ne'e, wee! èu ne, dhèu èmu uru. aa nèngu, dhèu èmu limuri. de èu ne dhu mèd'u paredha. de èu neo tao ne tasamia, èèna ètu èu na! ka sarai mulai tao sakaa hua dènge hagar, hèia na rai.","Èle èèna ka, Abram peka dènge Sarai, aku nèngu na, ""Sèmi neꞌe! Jaꞌa ne, ana bhèni èu dhu ètu dꞌara kacui-aai èu. De èu hudꞌi tao dènge ne ngaa-ngaa dhu lèke ètu madha èu."" Ropa Sarai padhai lii sèmi èèna, hèia Sarai rai.","Èle èèna ka, Abram peka dènge Sarai, aku nèngu na, ""Sèmi neꞌe! Ana bhèni èu dhu ètu dꞌara kacui-aai èu. De èu hudꞌi tao dènge ne ngaa-ngaa dhu lèke ètu madha èu."" Hèia Sarai paj'èra ne, ka nèngu rai nèti madha na.",eng,nfa,English,Dhao,-1.6005,-0.7953,-1.1454
"the lord's angel found her by a fountain of water in the wilderness, by the fountain on the way to shur.","na rai d'ai d'ara mamoo. hèia ana pajuu lamatua nèti sorga ca dhèu, rage ne dètu dènge madha èi, ètu j'ara la'e asa sur.","Èle èèna ka, ana pajuu Lamatua nèti sorga laꞌe paraga dènge ana bhèni ne ètu sebhe èi ètu dꞌara madha jꞌara, ètu sebhe jꞌara, ètu sebhe jꞌara, ètu sebhe sebhe jꞌara.","Èle èèna ka, ana pajuu Lamatua nèti sorga laꞌe paraga dènge ana bhèni ne ètu sebhe èi ètu d'ara mamoo, dhu ètu j'ara asa shur.",eng,nfa,English,Dhao,15.6105,9.219,9.9453
"he said, hagar, sarai's servant, where did you come from? where are you going? she said, i am fleeing from the face of my mistress sarai.","ka na lii, aku nèngu na, èu ne hagar, ènu sarai. nga tao ka èu ètu ne'e? èu mai nèti mia, aa lamu mia? hèia hagar dhaa, aku nèngu na, ja'a rai nèti d'ara èmu lamatua ja'a.","Hèia na karèi Hagar, aku nèngu na, ""Hagar! Èu ne, ana bhèni Sarai. Èu mai nèti mia? Èu laꞌe asa mia?"" Hèia na dhaa, aku nèngu na, ""Jaꞌa pakèdꞌi nèti Sarai, ama bhèni jaꞌa.""","Hèia na karèi Hagar, aku nèngu na, ""Hagar! Èu ne, dhèu sab'a Sarai. Èu mai nèti mia? Èu laꞌe asa mia?"" Hèia na dhaa, aku nèngu na, ""Jaꞌa pakèdꞌi nèti Sarai, ama bhèni jaꞌa.""",eng,nfa,English,Dhao,-0.2207,0.5882,0.4172
"the lord's angel said to her, return to your mistress, and submit yourself under her hands.","ka ana pajuu èèna pamako ne, aku nèngu na, sèmi ne'e! be'a risi, èu lèpa hari asa adhe-aai sarai, lamatua èu. masi ka na tao èu tasamia èèna ka, sèmi la.","Èle èèna ka, ana pajuu Lamatua peka dènge ne, aku nèngu na, ""Lamu dènge bhèni èu, ho jꞌajꞌi dhèu aaꞌi-aaꞌi mi dhèu aaꞌi-aaꞌi, sèna ka jꞌajꞌi dhèu aaꞌi-aaꞌi ètu dꞌara dhèu aaꞌi-aaꞌi ètu dꞌara Èmu Kapua Manèngi-Mangajꞌi ètu dꞌara Èmu Kapua Manèngi-Mangajꞌi ètu dꞌara Èmu Kapua Manèngi-Mangajꞌi ètu dꞌara Èmu Kapua Manèngi-Mangajꞌi ètu dꞌara Èmu Kapua Manèngi-Mangajꞌi ètu dꞌara Èmu Kapua Manèngi-Mangajꞌi ètu dꞌara Èmu Kapua Manèngi-Mangajꞌi.""","Ana pajuu Lamatua peka dènge ne, aku nèngu na, ""Lamu lèpa hari asa bhèni èu, aa nanene ne ètu d'ara koasa na.""",eng,nfa,English,Dhao,10.207,5.3772,7.9614
"the lord's angel said to her, i will greatly multiply your offspring, that they will not be counted for multitude.","baku madha'u. bèli-camèd'a, ja'a pabèba ana-èpu èu pa'ae-ae, toke dhèu ige rare boe.","Hèia ana pajuu Lamatua èèna peka dènge ne, aku nèngu na, ""Bèli-camèdꞌa, ana-èpu èu jꞌajꞌi dhèu ae-ae, aa jꞌajꞌi dhèu ae-ae.","Hèia ana pajuu Lamatua èèna peka dènge ne, aku nèngu na, ""Bèli-camèdꞌa, ana-èpu èu jꞌajꞌi dhèu ae-ae, toke dhèu bisa boe ige rare si.""",eng,nfa,English,Dhao,6.7638,13.7347,13.37
"the lord's angel said to her, behold, you are with child, and will bear a son. you shall call his name ishmael, because the lord has heard your affliction.","èu dhu dènge babia. nèbhu heka, èu mora iisi ana mone ca dhèu. èèna na mu pangare ne ismael dhu sasoa na ‘lamatua tadèngi', lula lamatua tadèngi le lii roma iisi èu.","Èle èèna ka, ana pajuu Lamatua èèna peka dènge ne, aku nèngu na, ""Èu jꞌajꞌi bhèni, ka èu abhu ana mone ca dhèu. Èu hudꞌi pangare ne Ismael, lula Lamatua tadèngi le jꞌajꞌèra èu.","Kaca'a la, ana pajuu Lamatua peka dènge ne, aku nèngu na, ""Èu dènge babia le, ka èu nara iisi ana mone ca dhèu. Èu hudꞌi pangare ne Ismael, lula Lamatua tadèngi le jꞌajꞌèra èu.",eng,nfa,English,Dhao,6.4146,7.4533,6.5573
"he will be like a wild donkey among men. his hand will be against every man, and every man's hand against him. he will live opposed to all of his brothers.","ropa ana ne kapai, na mamuri pakaj'èu nèti a'ari na. lula nèngu ne, sama sèmi jara hui dhu d'èi boe nanene lii paredha. sad'i dhèu cee èèna ka, na sisu. aa dhèu aa'i-aa'i lab'a ne kahèi.","Bèli-camèdꞌa dhèu ètu rai-haha ne jꞌajꞌi ana keledꞌei. Bèli-camèdꞌa dhèu aaꞌi-aaꞌi jꞌajꞌi dhèu aaꞌi-aaꞌi. Bèli-camèdꞌa dhèu aaꞌi-aaꞌi jꞌajꞌi dhèu aaꞌi-aaꞌi ra. Bèli-camèdꞌa dhèu aaꞌi-aaꞌi jꞌajꞌi dhèu aaꞌi-aaꞌi ra. Bèli-camèdꞌa dhèu aaꞌi-aaꞌi ra jꞌajꞌi dhèu aaꞌi-aaꞌi ra. Nèti èèna ka, dhèu aaꞌi-aaꞌi ra jꞌajꞌi dhèu aaꞌi-aaꞌi ra jꞌajꞌi dhèu aaꞌi-aaꞌi ra.","Nèngu j'aj'i sèmi ana keled'ei ngèru ètu d'ara dhèu. Lima na palab'a dènge dhèu aa'i-aa'i, aa lima dhèu aa'i-aa'i palab'a dènge nèngu. Nèngu mamuri palab'a dènge a'ari na aa'i-aa'i.",eng,nfa,English,Dhao,14.471,13.2246,12.7585
"she called the name of the lord who spoke to her, you are a god who sees, for she said, have i even stayed alive after seeing him?","ropa tadèngi nare, hagar ngee ka ètu d'ara na, aku nèngu na, ja'a kèdhi le lamatua, dhu ladhe-leru aa madhenge ja'a. hèia na hia ngara mi lamatua, lamatua dhu ladhe-leru ja'a.","Hèia na paroa Lamatua dhu padhai lii dènge ne, aku nèngu na, ""Èu ne, dhèu aaꞌi-aaꞌi dhu bisa ladhe mèdhi, do?""","Hèia na paroa Lamatua dhu padhai lii dènge ne, 'Èu ne, Lamatua dhu ladhe mèdhi.' Lula nèngu peka na, 'Ja'a bisa pea mamuri èle ladhe mèdhi ne, do?'",eng,nfa,English,Dhao,-5.0355,5.7064,2.3274
"therefore the well was called beer lahai roi. behold, it is between kadesh and bered.","nèti èèna ka, dhèu pangare madha èi na, beer lahai roi, dhu sasoa na madha èi nèti nèngu dhu mamuri, dhu ladhe-leru ja'a. era na, ètu talora aae nèti rae kades dènge rae beret. madha èi ne, abhu era toke d'ai sange ne'e.","Nèti èèna ka, ètu era èèna, abhu èi madha èci, ngara na Beer-lahai-Roi. Ètu era èèna, èci èèna ka dènge Kadesh dènge Bered.","Nèti èèna ka, èi madha èèna ngara na Beer-lahai-Roi. Bèli-camèd'a, nèngu ètu talora aae Kadesh dènge Bered.",eng,nfa,English,Dhao,3.0485,1.5668,1.0203
"hagar bore a son for abram. abram called the name of his son, whom hagar bore, ishmael.","èle èèna ka, hagar lèpa hari. hèia nara iisi ana mone ca dhèu. abram pangare ne ismael.","Èle èèna ka, Hagar nara iisi ana dhèu èci, ngara na Ishmael.","Hagar nara iisi ana mone ca dhèu mi Abram. Abram pangare ana na, dhu Hagar nara iisi èèna, Ishmael.",eng,nfa,English,Dhao,6.8088,14.3606,11.0562
abram was eighty-six years old when hagar bore ishmael to abram.,"lod'o hagar nare iisi ismael, umur abram aru nguru èna tèu kèna.","Èle èèna ka, Hagar nara iisi Ismael dènge Abram.","Ropa Abram umur na aru ngasu èna tèu kèna, hèia Hagar nara iisi Ismael dènge Abram.",eng,nfa,English,Dhao,19.0605,19.2384,18.6893
"when abram was ninety-nine years old, the lord appeared to abram and said to him, i am god almighty. walk before me and be blameless.","ropa umur abram d'ai ceo nguru ceo tèu, lamatua mai pad'elo iisi dènge ne. ka na peka dènge abram, aku nèngu na, ja'a ne, ama lamatua dhu koasa risi eele. èu hud'i madhutu taruu dad'èi ja'a, dènge j'ara mamuri èu hud'i mola.","Èle èèna ka, Abram dènge umur nèti èpa nguru tèu, ka Lamatua padhai lii dènge ne, aku Nèngu na, ""Jaꞌa ne, Ama Lamatua dhu koasa aaꞌi-aaꞌi. Èu hudꞌi madhutu ku dadꞌèi Jaꞌa, sèna ka baku pasala.","Èle Abram dènge umur sanga nguru sanga tèu, ka Lamatua padhadha mi Abram, aa peka dènge ne, aku Nèngu na, ""Ja'a ne, Ama Lamatua dhu koasa aa'i-aa'i. Èu hud'i madhutu ku dad'èi Ja'a, sèna ka baku pasala.""",eng,nfa,English,Dhao,10.4269,7.4624,6.4972
"i will make my covenant between me and you, and will multiply you exceedingly.",ja'a neo pa'èki lii pajaji dènge èu. aa ja'a neo pabèba kacanga ana-èpu èu.,"Jaꞌa neo paꞌèki lii pajaji dènge èu, sèna ka èu jꞌajꞌi dhèu ae-ae.","Jaꞌa neo paꞌèki lii pajaji dènge èu, aa ja'a neo pabèba-kacanga èu titu kèna.",eng,nfa,English,Dhao,19.4659,24.4294,21.6477
"abram fell on his face. god talked with him, saying,","hèia abram patitu kètu urutuu, ka na pacud'u kètu d'ai rai. ka ama lamatua tuhu hari lii padhai lii na, aku nèngu na,","Hèia Abram patitu kètu urutuu. Hèia Ama Lamatua padhai lii dènge ne, aku Nèngu na,","Hèia Abram patitu kètu urutuu. Hèia Ama Lamatua padhai lii dènge ne, aku nèngu na,",eng,nfa,English,Dhao,6.6961,3.7443,4.4259
"as for me, behold, my covenant is with you. you will be the father of a multitude of nations. your name will no more be called abram, but your name will be abraham; for i have made you the father of a multitude of nations.","lii pajaji ja'a dènge èu sèmi ne'e ka: èèna na, èu j'aj'i bèi-baki nèti suku ae-ae. nèti èèna ka, èu pake ia ka ngara èu abram dhu sasoa na ‘ama dhu dhèu tadhe', te ngaa abraham dhu sasoa na ‘bèi-baki nèti suku ae-ae'.","Nèti èèna ka, Jaꞌa paꞌèki lii pajaji dènge èu, sèna ka èu jꞌajꞌi dhèu aaꞌi-aaꞌi nèti suku aaꞌi-aaꞌi. Èu jꞌajꞌi boe Abram, te ngaa èu jꞌajꞌi dhèu aaꞌi-aaꞌi ra, nuka Abraham, lula Jaꞌa hagꞌe nare èu jꞌajꞌi dhèu aaꞌi-aaꞌi nèti suku aaꞌi-aaꞌi.","Nanene! Ja'a pa'èki lii pajaji dènge èu, sèna ka èu j'aj'i ama nèti dhèu aa'i-aa'i nèti suku aa'i-aa'i. Kolongara èu j'aj'i boe Abram, te ngaa kolongara èu j'aj'i Abraham, lula Ja'a hag'e nare èu j'aj'i ama nèti dhèu aa'i-aa'i nèti suku aa'i-aa'i.",eng,nfa,English,Dhao,2.8421,3.3158,2.1196
"i will make you exceedingly fruitful, and i will make nations of you. kings will come out of you.",ja'a neo pabèba kacanga ana-èpu èu ae-ae. ja'a paj'aj'i si suku ae-ae. aa ja'a ded'e dhèu aae ae nèti rèngu sèra.,"Jaꞌa tao èu jꞌajꞌi dhèu ae-ae, aa èu jꞌajꞌi suku-suku, aa dhèu aae-dhèu nèti èu jꞌajꞌi dhèu aae-dhèu.","Jaꞌa tao èu jꞌajꞌi dhèu ae-ae, aa èu jꞌajꞌi suku-suku, aa dhèu aae-dhèu cèu mai nèti èu.",eng,nfa,English,Dhao,0.4684,-0.807,-0.3558
"i will establish my covenant between me and you and your offspring after you throughout their generations for an everlasting covenant, to be a god to you and to your offspring after you.","ja'a sanèd'e taruu lii pajaji ja'a dènge èu, aa dènge ana-èpu èu sèra. lii pajaji ne ma'ète boe toke taa-taa, lula ja'a ne'e ka ama lamatua nèti èu dènge ana-èpu mu.","Jaꞌa neo paꞌèki lii pajaji Jaꞌa, sèna ka jꞌajꞌi Ama Lamatua mi èu dènge ana-èpu èu aaꞌi-aaꞌi ra. Nèti èèna ka, Jaꞌa paꞌèki paꞌèki aaꞌi-aaꞌi dènge èu, sèna ka jꞌajꞌi Ama Lamatua mi èu dènge ana-èpu èu aaꞌi-aaꞌi ra.","Jaꞌa neo paꞌèki lii pajaji Jaꞌa dènge èu dènge ana-èpu èu limuri èu, nèti lai ana-lai èpu ra, j'aj'i lii pajaji dhu bisa boe ma'ète, sèna ka Jaꞌa j'aj'i Ama Lamatua mi èu dènge ana-èpu èu limuri èu.",eng,nfa,English,Dhao,8.5521,8.8832,8.6268
"i will give to you, and to your offspring after you, the land where you are traveling, all the land of canaan, for an everlasting possession. i will be their god.","rai kana'an ne aa'i-aa'i, bèli-camèd'a ja'a hia mi èu dènge ana-èpu èu. ne'e ne, èu dhoka pea manubha di ètu ne'e. te ngaa èèna na, j'aj'i mi unu ana-èpu èu toke taa-taa. aa ja'a j'aj'i ama lamatua rèngu sèra kahèi.","Èu dènge ana-èpu èu dhu jꞌajꞌi dhèu sabꞌa ètu rai-haha ne, pe Jaꞌa paꞌèki dènge rèngu aaꞌi-aaꞌi ra, toke dꞌai mia-mia. Jaꞌa jꞌajꞌi dhèu aaꞌi-aaꞌi ra.","Ja'a hia mi èu, dènge ana-èpu èu limuri nèti èu, rai dhu èu kako-la'e èèna, aa'i rai kana'an, ho j'aj'i rai pusaka dhu toke d'ai mia-mia. Ja'a j'aj'i Ama Lamatua rèngu.",eng,nfa,English,Dhao,13.9946,15.5209,14.6938
"god said to abraham, as for you, you shall keep my covenant, you and your offspring after you throughout their generations. this is my covenant, which you shall keep, between me and you and your offspring after you. every male among you shall be circumcised.","te ngaa èu dènge ana-èpu èu sèra, hud'i kèpe pa'èra lii pajaji ne, dènge d'ara kateme ku. dhèu mone aa'i-aa'i ra, hud'i suna ku.","Èle èèna ka, Ama Lamatua peka dènge Abraham, aku Nèngu na, ""Èu dènge ana-èpu èu aaꞌi-aaꞌi ètu rai-haha ne, hudꞌi suna aaꞌi dhèu aaꞌi-aaꞌi dhu jꞌajꞌi dhèu unu Jaꞌa.","Èle èèna ka, Ama Lamatua peka dènge Abraham, aku nèngu na, ""Èu hud'i j'aga lii pajaji Ja'a, èu dènge ana-èpu èu nèti lai ana-lai èpu. Lii pajaji Ja'a ne'e ka, dhu èu hud'i j'aga, talora aae Ja'a dènge èu dènge ana-èpu èu. Aa aa'i dhèu mone ètu talora miu, hud'i suna.""",eng,nfa,English,Dhao,0.079,13.8775,9.8925
"you shall be circumcised in the flesh of your foreskin. it will be a token of the covenant between me and you. he who is eight days old shall be circumcised among you, every male throughout your generations, he who is born in the house, or bought with money from any foreigner who is not of your offspring. he who is born in your house, and he who is bought with your money, must be circumcised. my covenant shall be in your flesh for an everlasting covenant.","ne'e ne, mone aa'i-aa'i hud'i suna, mulai nèti umur aru lod'o. a'ari èu, dhèu-dhèu sab'a èu, dènge ènu dhu èu hèli more nèti rai leo, aa'i-aa'i ra hud'i suna si. suna na j'aj'i tadha mi ngi'u miu, dhu pa'èki èdhi taa-taa.","èèna na dhèu aaꞌi-aaꞌi ra hudꞌi suna, sèna ka jꞌajꞌi mi tadha, na, Jaꞌa paꞌèki paꞌèki lii pajaji dènge miu dènge dhèu aaꞌi-aaꞌi dhu jꞌajꞌi dhèu aaꞌi-aaꞌi ra. Dènge jꞌara neꞌe, dhèu aaꞌi-aaꞌi ra hudꞌi suna, sèna ka jꞌajꞌi mi tadha, na, Jaꞌa paꞌèki paꞌèki dènge miu dènge dhèu aaꞌi-aaꞌi ra. Dènge jꞌara neꞌe, dhèu aaꞌi-aaꞌi ra hudꞌi suna, sèna ka jꞌajꞌi mi tadha, na, dhèu aaꞌi-aaꞌi ra jꞌajꞌi mi tadha, na, dhèu aaꞌi-aaꞌi ra jꞌajꞌi mi dhèu aaꞌi-aaꞌi ra. Dènge jꞌara neꞌe, miu hudꞌi suna kahèi, sèna ka jꞌajꞌi mi tadha, na, dhèu aaꞌi-aaꞌi ra jꞌajꞌi mi dhèu aaꞌi-aaꞌi-aaꞌi ra jꞌajꞌi mi dhèu aaꞌi-aaꞌi-aaꞌi ra. De miu hudꞌi suna ku jꞌajꞌi paꞌi paꞌèki paꞌèki paꞌèki paꞌèki paꞌèki aaꞌi-aaꞌi-aaꞌi-aaꞌi ra dènge jaꞌi-aaꞌi, sèra jꞌi, sèna ka jꞌajꞌi paꞌajꞌi paꞌi paꞌajꞌi","Miu hud'i suna ètu ngi'u kètu miu. Èèna na j'aj'i mi tadha lii pajaji ètu talora aae Ja'a dènge miu. Ana mone dhu umur aru lod'o, hud'i ra suna ètu talora aae miu, ana mone aa'i-aa'i nèti lai ana-lai èpu miu, dhèu dhu rara iisi ètu d'ara èmu, do, dhu ra bèli pake doi nèti dhèu rai leo sèi dhu dènge boe nèti ana-èpu miu. Dhèu dhu rara iisi ètu d'ara èmu miu, dènge dhèu dhu ra bèli pake doi miu, hud'i ra suna. Lii pajaji Ja'a hud'i pea ètu ngi'u kètu miu, j'aj'i mi lii pajaji dhu taha taruu.",eng,nfa,English,Dhao,13.2492,22.16,21.1148
"the uncircumcised male who is not circumcised in the flesh of his foreskin, that soul shall be cut off from his people. he has broken my covenant.","mone mia dhu suna boe, rèngu sèra maso boe ètu d'ara lii pajaji ja'a ne, aa rèngu sèra j'aj'i boe dhèu ja'a kahèi.","ladhe dhèu aaꞌi-aaꞌi dhu suna boe, nèngu hudꞌi pamadhe nèti dhèu aaꞌi-aaꞌi ra, lula nèngu roꞌo boe paꞌèki dènge Jaꞌa.","ladhe dhèu mone dhu suna boe, samanga nèngu hud'i core eele nèti dhèu na, lula nèngu susu lii pajaji Ja'a.",eng,nfa,English,Dhao,4.1435,6.1785,6.3885
"god said to abraham, as for sarai your wife, you shall not call her name sarai, but her name shall be sarah.","èle èèna ka, ama lamatua peka hari, aku nèngu na, nèti deo ne'e ne, èu paroa ia ka ngara dhèu èmu mu sarai, te ngaa sara.","Èle èèna ka, Ama Lamatua peka hari dènge Abraham, aku Nèngu na, ""Sarai, dhèu èmu èu. Èu hudꞌi heka ngara na Sarai. Ngara na, Sara.","Ama Lamatua peka dènge Abraham, aku Nèngu na, ""Dhèu èmu èu Sarai, èu hud'i heka pangare ngara na Sarai. Te ngaa ngara na hud'i j'aj'i Sara.""",eng,nfa,English,Dhao,-10.0244,-7.6507,-9.0141
"i will bless her, and moreover i will give you a son by her. yes, i will bless her, and she will be a mother of nations. kings of peoples will come from her.","èèna na ja'a hia mamèngi ae-ae mi sara, sèna ka nara iisi hia èu, ana mone ca dhèu. tare'a! bèli-camèd'a, sara j'aj'i bèi nèti suku ae-ae. aa èèna na, ja'a ded'e dhèu aae ae-ae nèti ana-èpu nèngu.","Jaꞌa patabuli ne, aa Jaꞌa hia èu ana mone nèti neꞌe. Jaꞌa hia ne, sèna ka na jꞌajꞌi dhèu aaꞌi-aaꞌi nèti suku aaꞌi-aaꞌi. Dhèu aae nèti suku aaꞌi-aaꞌi jꞌajꞌi dhèu aaꞌi-aaꞌi.","Jaꞌa patabuli ne, aa Jaꞌa hia èu ana mone nèti neꞌe. Tare'a, Jaꞌa patabuli ne, aa na j'aj'i ina nèti suku aa'i-aa'i. Dhèu aae nèti suku aaꞌi-aaꞌi mai nèti ne.",eng,nfa,English,Dhao,-0.3197,-0.8642,-1.9551
"then abraham fell on his face, and laughed, and said in his heart, will a child be born to him who is one hundred years old? will sarah, who is ninety years old, give birth?","hèia abraham patitu kètu urutuu ka pacud'u kètu d'ai rai. te ngaa na mari ètu d'ara. na pangee, na, mone heka bhora dhu cangasu tèu sama sèmi ja'a ne, bisa abhu ana era? aa sara dhu heka gagoo-gagehu ne, dhu ceo nguru tèu kèna, nara iisi hari sa mia?","Èle èèna ka, Abraham patitu kètu urutuu na, ka na ngèlu-mèu. Hèia na karèi, aku nèngu na, ""Èu pangee, na, jaꞌa bisa abhu ana, te jaꞌa dènge lodꞌo èmu èèna. Aa èu pangee, na, Sara dènge umur nèti nguru tèu, na, jaꞌa bisa abhu ana. De jaꞌa pangee, na, èu pangee, na, jaꞌa bisa abhu ana, do?""","Èle èèna ka, Abraham patitu kètu urutuu na, ka na ngèlu-mèu. Hèia na karèi ètu d'ara na, aku nèngu na, ""Ja'a dhu dènge umur cangasu tèu kèna, ja'a bisa abhu ana, do? Aa Sara dhu dènge umur nèti nguru tèu, na, na bisa nara iisi, do?""",eng,nfa,English,Dhao,12.2058,7.3839,9.1317
"abraham said to god, oh that ishmael might live before you!","ka na peka dènge lamatua, aku nèngu na, hud'i ka laa, ismael ka dhu abhu pusaka ja'a èèna ka, ngaa-ngaa tao boe.","Hèia Abraham peka dènge Ama Lamatua, aku nèngu na, ""Sèmi neꞌe!","Hèia Abraham peka dènge Ama Lamatua, aku nèngu na, 'Sèna ka Isma'el mamuri ètu madha èu!'",eng,nfa,English,Dhao,3.6913,5.6829,3.9837
"god said, no, but sarah, your wife, will bear you a son. you shall call his name isaac. i will establish my covenant with him for an everlasting covenant for his offspring after him.","te ngaa aku ama lamatua na, aad'o sèmi èèna! bèli-camèd'a, dhèu èmu mu sara, nara iisi ana mone ca dhèu. pangare ne isak. lii jaji ja'a ne, lèke mi nèngu dènge ana-èpu na toke mia-mia.","Èle èèna ka, Ama Lamatua peka dènge ne, aku Nèngu na, ""Aadꞌo! Sara bhèni èu jꞌajꞌi le ana mone. Èu hudꞌi pangare nèngu Isak. Èèna na Jaꞌa paꞌèki lii pajaji dènge ne, sèna ka paꞌèki dènge ana-èpu na toke dꞌai mia-mia.""","Èle èèna ka, Ama Lamatua peka dènge ne, aku Nèngu na, ""Aadꞌo! Sara bhèni èu jꞌajꞌi le ana mone. Èu hudꞌi pangare nèngu Isak. Èèna na Jaꞌa paꞌèki lii pajaji dhu toke dꞌai mia-mia dènge ne, dènge ana-èpu na limuri ne.""",eng,nfa,English,Dhao,-2.3747,-1.3289,-0.9679
"as for ishmael, i have heard you. behold, i have blessed him, and will make him fruitful, and will multiply him exceedingly. he will become the father of twelve princes, and i will make him a great nation.","ja'a tadèngi le ngaa dhu èu manèngi kahèi, hia ismael. nèti èèna ka, ja'a hia berkat mi nèngu kahèi, aa hia ana-èpu na tabha ae. bèli-camèd'a ana-èpu ismael ne, j'aj'i mi canguru dua kapala suku. aa ana-èpu na suku èci dhu kapai.","Èci èèna ka dènge Ismael. Jaꞌa tadèngi le lii padhai èu. Jaꞌa koa-kio ne. Jaꞌa tao ne jꞌajꞌi dhèu aaꞌi-aaꞌi. Jaꞌa tao ne jꞌajꞌi dhèu aaꞌi-aaꞌi, aa jꞌajꞌi dhèu aaꞌi-aaꞌi. Nèngu jꞌajꞌi ama canguru canguru dua dhèu. Jaꞌa tao ne jꞌajꞌi dhèu aaꞌi-aaꞌi nèti suku aaꞌi-aaꞌi.","Èci èèna ka dènge Ismael, Jaꞌa tadèngi le lii padhai èu. Jaꞌa koa-kio ne. Jaꞌa tao ne jꞌajꞌi hua-hela, aa jaꞌa tao ne jꞌajꞌi bèba-kacanga titu kèna. Nèngu jꞌajꞌi ama canguru dua dhèu aae. Aa jaꞌa tao ne jꞌajꞌi suku aae.",eng,nfa,English,Dhao,2.1345,-0.8637,-0.0564
"but i will establish my covenant with isaac, whom sarah will bear to you at this set time next year.","masi ka sèmi èèna, lii pajaji ja'a ne, lèke dhoka mi ana mu isak di. tèu mai ni, hèru sèmi ne'e kahèi, sara nara iisi le.","Te ngaa limuri ne, Jaꞌa neo paꞌèki lii pajaji dènge Isak. Èle èèna ka, dꞌai tèka lodꞌo èèna, Sara nara iisi Isak mi èu.""","Te ngaa limuri ne, Jaꞌa neo paꞌèki lii pajaji dènge Isak. Èle èèna ka, dꞌai tèka lodꞌo èèna tèu limuri, Sara nara iisi Isak mi èu.",eng,nfa,English,Dhao,-1.2223,0.2368,0.2796
"when he finished talking with him, god went up from abraham.","ropa padhai lii nare, ka ama lamatua tèke eele abraham.","Èle èèna ka, Ama Lamatua kalua nèti Abraham.","Ropa nèngu padhai lii dènge nèngu nare, Ama Lamatua kèd'i nèti Abraham.",eng,nfa,English,Dhao,4.3552,16.0156,14.6675
"abraham took ishmael his son, all who were born in his house, and all who were bought with his money: every male among the men of abraham's house, and circumcised the flesh of their foreskin in the same day, as god had said to him. abraham was ninety-nine years old when he was circumcised in the flesh of his foreskin. ishmael, his son, was thirteen years old when he was circumcised in the flesh of his foreskin. in the same day both abraham and ishmael, his son, were circumcised. all the men of his house, those born in the house, and those bought with money from a foreigner, were circumcised with him.","lod'o èèna kahèi, abraham tao dènge ka, madhutu sèmi lii paredha ama lamatua. ka na suna. na suna ana na, ismael, dènge dhèu mone aa'i-aa'i dhu pea dènge ne. lod'o èèna, umur abraham ceo nguru ceo tèu le, aa ismael canguru tèlu tèu.","Èle èèna ka, dhèu aaꞌi-aaꞌi nèti dhèu aaꞌi-aaꞌi nèti dhèu aaꞌi-aaꞌi ètu dꞌara èmu na, Isak, dènge dhèu aaꞌi-aaꞌi nèti dhèu aaꞌi-aaꞌi nèti dhèu aaꞌi-aaꞌi nèti dhèu aaꞌi-aaꞌi nèti dhèu aaꞌi-aaꞌi nèti dhèu aaꞌi-aaꞌi nèti dhèu aaꞌi-aaꞌi nèti dhèu aaꞌi-aaꞌi nèti dhèu aaꞌi-aaꞌi nèti dhèu aaꞌi-aaꞌi nèti dhèu aaꞌi-aaꞌi nèti dhèu aaꞌi-aaꞌi nèti dhèu aaꞌi-aaꞌi nèti dhèu aaꞌi-aaꞌi. Èle èèna ka, Abraham suna kahèi dhèu aaꞌi-aaꞌi nèti dhèu aaꞌi-aaꞌi nèti dhèu aaꞌi-aaꞌi nèti dhèu leo. Hèia Abraham suna kahèi dhèu aaꞌi-aaꞌi-aaꞌi nèti dhèu aaꞌi-aaꞌi nèti dhèu aaꞌi-aaꞌi nèti dhèu leo sèra.","Abraham mèti Ismael, ana na, dènge dhèu mone aa'i-aa'i nèti èmu na, nuka dhèu dhu nara iisi ètu d'ara èmu na, dènge dhèu dhu ra bèli pake doi na. Ètu lod'o èèna kahèi, na suna ngi'u aae kodho suna boe rèngu, sèmi Ama Lamatua peka dènge ne. Abraham umur canguru sanga-sanga tèu ropa na suna ngi'u aae kodho suna boe na. Ismael, ana na, umur canguru tèlu tèu ropa na suna ngi'u aae kodho suna boe na. Ètu lod'o èèna kahèi, Abraham dènge Ismael, ana na, dua ra suna. Dhèu mone aa'i-aa'i nèti èmu na, nuka dhu nara iisi ètu d'ara èmu na, dènge dhu ra bèli pake doi nèti dhèu leo, ra suna dènge ne.",eng,nfa,English,Dhao,13.8055,30.4545,25.4496
"the lord appeared to him by the oaks of mamre, as he sat in the tent door in the heat of the day.","ca tèka, abraham pea padètu dènge aj'u aae canau ètu mamre. lamatua mai pad'elo iisi na mi nèngu ètu era èèna. lii lolo na sèmi ne'e ka: lod'o èèna, sagoro ae titu kèna, ka abraham madhèdi ètu hèb'a paleo na, sèna ka abhu ngèlu g'oro ciki.","Èle èèna ka, dhèu aaꞌi-aaꞌi dhu madhèdi ètu dꞌara hèbꞌa èmu hèbꞌa èèna, tadèngi lii padhai Ama Lamatua padꞌelo dènge ne, ètu sebhe ajꞌu mamre.","Ama Lamatua pad'elo dènge ne ètu sebhe aj'u mamre, ropa nèngu madhèdi ètu ro'a hèb'a èmu ètu d'ara pana lod'o.",eng,nfa,English,Dhao,0.7991,-0.6315,-0.6102
"he lifted up his eyes and looked, and saw that three men stood near him. when he saw them, he ran to meet them from the tent door, and bowed himself to the earth,","ropa abraham boti kètu na, ladhe nèdhi dhèu tèlu dhu titu kaj'èu boe nèti era èèna. hèia na rai la'e soru nare si. ropa na d'ai madha si, na patitu kètu urutuu na,","Èle èèna ka, na ladhe nèdhi dhèu tèlu dhu titu ètu madha na. Ropa na ladhe nèdhi rèngu, ka na patitu kètu urutuu nèti hèbꞌa hèbꞌa ra, hèia na patitu kètu urutuu.","Na boti kètu madha na, ka na ladhe nèdhi dhèu tèlu dhu titu ètu madha na. Ropa na ladhe nèdhi rèngu, ka na patitu kètu urutuu nèti hèb'a paleo, hèia na pacud'u d'ai rai.",eng,nfa,English,Dhao,1.933,2.9902,2.9377
"and said, my lord, if now i have found favor in your sight, please don't go away from your servant.","ka na peka, aku nèngu na, ama si. mai dhuli ku ho minu èi ciki.","hèia na manèngi, aku nèngu na, ""Ama! Ladhe jaꞌa manèngi-mangajꞌi ètu madha ama, jaꞌa manèngi sèna ka èu baku tèke eele jaꞌa.","hèia na manèngi, aku nèngu na, ""Ama! Ladhe jaꞌa manèngi-mangajꞌi ètu madha ama, jaꞌa manèngi sèna ka èu baku tèke eele jaꞌa.",eng,nfa,English,Dhao,0.0,0.0,0.0
"now let a little water be fetched, wash your feet, and rest yourselves under the tree.","ama si ae ciki mi mamaho ne'e. ho ana-ana iiki rèti èi, sèna ka rasa haga miu.","Nèti èèna ka, jaꞌa manèngi sèna ka jaꞌa hia miu èi ca tèka, ho miu bisa roꞌo-roꞌo ètu dꞌara ajꞌu neꞌe. De jaꞌa manèngi sèna ka miu roꞌo-roꞌo ètu dꞌara ajꞌu neꞌe, ho miu bisa roꞌo-roꞌo ètu dꞌara ajꞌu neꞌe. De jaꞌa manèngi sèna ka miu roꞌo-roꞌo ajꞌu-aai miu, sèna ka miu bisa roꞌo-roꞌo ètu dꞌara ajꞌu neꞌe.","Nèti èèna ka, pe èi ca tèka mai, riu haga miu, aa roꞌo-roꞌo miu ètu dꞌara ajꞌu neꞌe.",eng,nfa,English,Dhao,1.5711,-0.6376,2.8962
"i will get a piece of bread so you can refresh your heart. after that you may go your way, now that you have come to your servant. they said, very well, do as you have said.","pe ja'a laku lalau nganga'a-nginu ho ama si mi'a ciki, sèna ka ako kadhii ciki, heka lami taruu kèna. te ja'a karej'e bisa lalau ama si. ka ra dhaa, aku rèngu na, ooo. ji'i dhuli.","Èle èèna ka, èu lèpa hari asa dhèu sabꞌa èu."" Hèia dhèu seꞌe dhaa, aku rèngu na, ""Sèmi neꞌe.""","Ja'a neo nare roti ca'èta, sèna ka èu bisa pakarej'e d'ara èu. Èle èèna ka, èu bisa lèpa j'ara èu, lula èu d'ai le mi dhèu sab'a ja'a. Hèia rèngu dhaa, aku nèngu na, ""Lèke kèna, tao madhutu lii èu.""",eng,nfa,English,Dhao,0.4838,13.2784,10.7897
"abraham hurried into the tent to sarah, and said, quickly prepare three seahs of fine meal, knead it, and make cakes.","hèia abraham pamèri sa d'ara paleo, la'e peka dènge sara, aku nèngu na, mèri! more tarigu dhu be'a risi, ca saku, ho tao roti!","Èle èèna ka, Abraham dꞌai hèbꞌa laꞌe asa Sara, ka na peka dènge Sara, aku nèngu na, ""Sèmi neꞌe! Èu hudꞌi pakèdꞌi kètu tèlu kètu roti. Èu hudꞌi pakèdꞌi kètu roti ètu dꞌara hèbꞌa èèna. Èle èèna ka, èu hudꞌi pakèdꞌi kètu roti ètu dꞌara hèbꞌa èèna. Èle èèna ka, èu hudꞌi pakèdꞌi kètu hèbꞌa ètu dꞌara hèbꞌa èèna. Èle èèna ka, èu hudꞌi pakèdꞌi kètu hèbꞌa ètu dꞌara hèbꞌa èèna. Èle èèna ka, èu hudꞌi pakèdꞌi kètu hèbꞌa ètu dꞌara hèbꞌa èèna.""","Abraham pamèri-mèri d'ai hèb'a la'e asa Sara, ka na peka dènge Sara, aku nèngu na, ""Sèmi ne'e! Èu hud'i pakèd'i tèlu sak tarigu be'a, hèia ulèd'i, aa tao roti.""",eng,nfa,English,Dhao,11.6151,20.9222,21.6754
"abraham ran to the herd, and fetched a tender and good calf, and gave it to the servant. he hurried to dress it.","ka rai la'e hari asa era sapi na, hèia kèpe ana sapi kabèb'u ci'u. ka na pua dhèu sab'a na sa, pare.","Èle èèna ka, Abraham lèpa dènge kahibꞌi-kalèbho na. Èle èèna ka, nèti kahibꞌi-kalèbho kahibꞌi-kalèbho kahibꞌi-kalèbho kahibꞌi-kalèbho kahibꞌi-kalèbho kahibꞌi-kalèbho kahibꞌi-kalèbho kahibꞌi-kalèbho kahibꞌi-kalèbho kahibꞌi-kalèbho kahibꞌi-kalèbho kahibꞌi-kalèbho kahibꞌi-kalèbho kahibꞌi-kalèbho kahibꞌi-kalèbho kahibꞌi-kalèbho kahibꞌi-kalèbho kahibꞌi-kalèbho kahibꞌi-kalèbho kahibꞌi-kalèbho kahibꞌi-kalèbho kahibꞌi-kalèbho kahibꞌi-kalèbho kahibꞌi-kalèbho kahibꞌi-kalèbho kahibꞌi-kalèbho.","Abraham lèpa dènge kahibꞌi-kalèbho na, ka na nare ana sapi dhu karara dènge be'a, ka na hia mi dhèu sab'a na. Hèia na sakeos ho pare ne.",eng,nfa,English,Dhao,13.9882,26.0964,25.5789
"he took butter, milk, and the calf which he had dressed, and set it before them. he stood by them under the tree, and they ate.","hèia la'e nare susu, keju dènge sisi dhu heka nasu èèna, nèti hia tamu sèra ra'a. abraham titu taruu ètu mamaho aj'u, ho na lalau si.","Èle èèna ka, na kèpe hèbꞌa na dènge hèbꞌa na dènge hèbꞌa na. Na kèpe hèbꞌa na dènge hèbꞌa na, hèbꞌa na dènge hèbꞌa na, hèbꞌa na dènge hèbꞌa na, hèbꞌa na dènge hèbꞌa na. Èle èèna ka, na kèpe hèbꞌa na, hèbꞌa na dènge hèbꞌa na. Èle èèna ka, hèbꞌa na dènge hèbꞌa na, hèbꞌa na dènge hèbꞌa ra. Ka raꞌa-rinu raꞌa-rinu, ka raꞌa-rinu aaꞌi-aaꞌi raꞌa-rinu aaꞌi-aaꞌi raꞌa-rinu ètu ajꞌu ajꞌu ajꞌu ajꞌu ajꞌu ajꞌu ajꞌu ajꞌu ajꞌu ajꞌu ajꞌu ajꞌu ajꞌu ajꞌu ajꞌu ajꞌu.","Na kèpe minyak susu, susu, dènge ana sapi dhu na sadia. Ka na padhèdi ne ètu madha rèngu. Na titu ètu sebhe rèngu ètu baba aj'u, ka ra ra'a.",eng,nfa,English,Dhao,11.6808,13.133,15.6037
"they asked him, where is sarah, your wife? he said, there, in the tent.","hèia ra karèi ne, aku rèngu na, dhèu èmu mu sara, ka mia? na dhaa, aku nèngu na, nuka d'ara paleo èèna.","Èle èèna ka, dhèu se karèi Ne, aku rèngu na, ""Sara, dhèu èmu èu, ètu mia?"" Na dhaa, aku nèngu na, ""Dhèu èèna, ètu dꞌara hèbꞌa èèna.""","Dhèu se karèi Ne, aku rèngu na, ""Sara, dhèu èmu èu, ètu mia?"" Na dhaa, aku nèngu na, ""Dhèu èèna, ètu dꞌara hèbꞌa èèna.""",eng,nfa,English,Dhao,2.871,-1.1539,-0.4998
"he said, i will certainly return to you at about this time next year; and behold, sarah your wife will have a son. sarah heard in the tent door, which was behind him.","ka ca dhèu nèti rèngu se padhai lii, aku nèngu na, pe d'ai tèu mai nèi, ja'a lèpa hari mai. lod'o èèna, dhèu èmu èu sara nare iisi le ana mone ca dhèu. ropa rèngu padhai lii èèna, sara nanene nèti kabodho babèdho.","Èle èèna ka, Abraham dhaa, aku nèngu na, ""Jaꞌa neo lèpa hari asa èu. Èle èèna ka, dhèu èmu èu, Sara, abhu ana mone ca dhèu."" Hèia Sara tadèngi lii padhai Sara ètu dꞌara hèbꞌa èmu èèna.","Nèngu dhaa dènge Abraham, aku nèngu na, ""Ja'a neo lèpa hari asa èu pe d'ai tèu mai nèi lod'o sèmi ne'e. Èle èèna ka, dhèu èmu èu, Sara, abhu ana mone ca dhèu."" Hèia Sara tadèngi lii padhai ètu d'ara hèb'a èmu èèna, dhu ètu bèka na.",eng,nfa,English,Dhao,5.8039,10.5815,9.6181
"now abraham and sarah were old, well advanced in age. sarah had passed the age of childbearing.","lod'o èèna, abraham dènge sara dhu heka bhoro le, ngaa hari sara dhu abhu heka hèru.","Èle èèna ka, Abraham dènge Sara dꞌai le èle lodꞌo.","Èle èèna ka, Abraham dènge Sara dꞌai le èle lodꞌo, aa Sara dhu bèdho mèno le.",eng,nfa,English,Dhao,0.2929,7.9506,6.4679
"sarah laughed within herself, saying, after i have grown old will i have pleasure, my lord being old also?","ropa sara tadèngi padhue-padhai rèngu se, ka na mari kèmu. na pangee na, ja'a dhu heka roto-roto sèmi ne'e ne, aa dhèu èmu ja'a dhu roe nia heka. tasamia ji'i bisa tao sèmi ana ngèru dhu leo-èmu hiu, ho abhu ana?","Èle èèna ka, Sara peka dènge dꞌara na, peka na, ""Ladhe jaꞌa jꞌajꞌi dhèu heka-dhèu, na, jaꞌa bisa mamuri dènge dꞌara beꞌa, lula dhèu aae jaꞌa jꞌajꞌi dhèu heka-dhèu.""","Sara kèd'u dènge d'ara na, peka na, ""Ladhe ja'a j'aj'i dhèu heka-dhèu, na, ja'a bisa mamuri dènge d'ara be'a, dènge dhèu aae ja'a j'aj'i dhèu heka-dhèu kahèi?""",eng,nfa,English,Dhao,4.9376,0.9413,1.3547
"the lord said to abraham, why did sarah laugh, saying, ‘will i really bear a child when i am old? '","ka lamatua peka dènge abraham, aku nèngu na, nga tao ka sara mari? ele boe na ngee na, lii padhai ja'a ne j'aj'i boe, lula nèngu heka le.","Èle èèna ka, Lamatua karèi Abraham, aku Nèngu na, ""Nga tao ka Sara tangi, lula na pangee, na, 'Ladhe jaꞌa kèdꞌi le, èèna na jaꞌa abhu ana?'","Èle èèna ka, Lamatua karèi Abraham, aku Nèngu na, ""Nga tao ka Sara tangi, peka na, 'Ladhe jaꞌa kèdꞌi le, èèna na jaꞌa abhu ana?'""",eng,nfa,English,Dhao,0.255,-3.7564,-2.8959
"is anything too hard for the lord? at the set time i will return to you, when the season comes around, and sarah will have a son.","ja'a ne, lamatua! abhu boe ngaa èci sa dhu ja'a bisa boe tao. sanèd'e paie. tèu mai, ladhe ja'a lèpa hari mai, sara dhu nara iisi le, ana mone ca dhèu.","Ladhe dꞌai lodꞌo èèna, jaꞌa lèpa hari asa èu, hèia Sara abhu ana mone.""","Abhu ngaa dhu carui seli mi Ama Lamatua? Ladhe dꞌai lodꞌo èèna, jaꞌa lèpa hari asa èu, hèia Sara abhu ana mone.",eng,nfa,English,Dhao,1.2252,8.3238,7.5724
"then sarah denied it, saying, i didn't laugh, for she was afraid. he said, no, but you did laugh.","ropa tadèngi lii èèna, sara j'aj'i madha'u. ka na pasili, aku nèngu na, ja'a mari boe, nga! te ngaa lamatua b'ala, na, deo na, èu mari, nga.","Te ngaa Sara dhaa, aku nèngu na, ""Jaꞌa tangi boe, lula na madhaꞌu."" Te ngaa Sara dhaa, aku nèngu na, ""Aadꞌo, te ngaa èu tangi.""","Te ngaa Sara pasili, aku nèngu na, ""Jaꞌa tangi boe, lula na madhaꞌu."" Nèngu dhaa, aku nèngu na, ""Aadꞌo, te ngaa èu tangi.""",eng,nfa,English,Dhao,4.7776,4.9516,4.594
"the men rose up from there, and looked toward sodom. abraham went with them to see them on their way.","èle ka, dhèu tèlu se pakèd'i neo lasi asa kota sodom. ka abraham lere si d'ai talora j'ara. nèti era èèna, ladhe rèdhi kota sodom.","Èle èèna ka, dhèu dua sèra kèdꞌi nèti era èèna, ka ra ladhe-leru asa rae Sodom. Hèia Abraham laꞌe padètu dènge rèngu, ho ladhe rèdhi rèngu ètu dꞌara jꞌara.","Èle èèna ka, dhèu sèra kèdꞌi nèti era èèna, ka ra ladhe-leru asa rae Sodom. Hèia Abraham laꞌe padètu dènge rèngu, ho ladhe rèdhi rèngu ètu dꞌara jꞌara.",eng,nfa,English,Dhao,0.2786,0.11,0.2114
"the lord said, will i hide from abraham what i do,","ka lamatua ngee ètu d'ara na, hua iia ja'a peka dènge abraham, ja'a neo palaho kota sodom.","Hèia Lamatua bꞌala, aku Nèngu na, 'Tasamia ka Jaꞌa hia Abraham jꞌara-jꞌara dhu Jaꞌa tao ne?","Hèia Lamatua bꞌala, aku Nèngu na, 'Tasamia ka Jaꞌa hia Abraham jꞌara-jꞌara dhu Jaꞌa tao ne?",eng,nfa,English,Dhao,0.0,0.0,0.0
"since abraham will surely become a great and mighty nation, and all the nations of the earth will be blessed in him?","te ladhe èèna na, ana-èpu na asa tabha ae, aa suku dhu kapai. aa nèngu ne, èèna na, j'aj'i berkat mi suku aa'i-aa'i ètu rai-haha ne.","Lula Abraham jꞌajꞌi dhèu rai-haha dhu kapai risi, aa dhèu aaꞌi-aaꞌi ètu rai-haha ne, jꞌajꞌi dhèu rai-haha dhu kapai risi. Aa dhèu nèti suku aaꞌi-aaꞌi ètu rai-haha ne, bèli-camèdꞌa abhu mèdha-panyau, lula nèngu jꞌajꞌi ana-èpu Abraham.","Lula Abraham jꞌajꞌi dhèu rai-haha dhu kapai risi, aa suku aaꞌi-aaꞌi ètu rai-haha ne, bèli-camèdꞌa abhu mèdha-panyau lula nèngu?",eng,nfa,English,Dhao,6.5324,-2.7643,-1.0722
"for i have known him, to the end that he may command his children and his household after him, that they may keep the way of the lord, to do righteousness and justice; to the end that the lord may bring on abraham that which he has spoken of him.","ja'a hag'e kore le nèngu, ho na nori ana-èpu na dènge dhèu leo, sèna ka madhutu taruu j'ara lamatua, ho ra mamuri dènge mola. ladhe rèngu mamuri sèmi èèna, ja'a tao aa'i lii dhu ja'a pajaji dènge abraham.","Nèti èèna ka, jaꞌa keꞌa, na, Abraham bisa paredha ana-èpu na dènge isi èmu na, ho madhutu aaꞌi jꞌara-jꞌara dhu lèke, aa tao madhutu jꞌara-jꞌara dhu lèke. Dènge jꞌara sèmi èèna, Lamatua hia Abraham jꞌara-jꞌara dhu Na padhadha le.""","Nèti èèna ka, jaꞌa keꞌa, sèna ka Abraham paredha ana-èpu na dènge isi èmu na èle nèngu, sèna ka rèngu madhutu jꞌara Lamatua, ho tao jꞌara dhu mola dènge lèke; sèna ka Lamatua hia Abraham jꞌara-jꞌara dhu Na padhadha le.",eng,nfa,English,Dhao,2.316,6.174,6.492
"the lord said, because the cry of sodom and gomorrah is great, and because their sin is very grievous,","hèia lamatua peka dènge abraham, aku nèngu na, sèmi ne'e! ja'a tadèngi le, lii roma iisi dhèu ae, peka na, dhèu kota sodom dènge gomora bhabhelu ra seli-kolane.","Hèia dhèu aaꞌi-aaꞌi dhaa, aku nèngu na, ""Nèti èèna ka, dhèu ètu kota Sodom dènge kota Gomora tangi taruu, lula rèngu tao sala dhu kapai risi nèti dhèu aaꞌi-aaꞌi ètu rai-haha ne. Nèti èèna ka, bèli-camèdꞌa dhèu aaꞌi-aaꞌi reꞌa, na, dhèu aaꞌi-aaꞌi sèra tao jꞌara bhelu-katubꞌa dhu kapai risi nèti dhèu aaꞌi-aaꞌi ètu kota Sodom dènge kota Gomora. Nèti èèna ka, dhèu aaꞌi-aaꞌi sèra tao jꞌara bhelu-katubꞌa dhu kapai risi nèti dhèu aaꞌi-aaꞌi.","Ama Lamatua peka, ""Nèti èèna ka, lii tangi dhèu ètu kota Sodom dènge kota Gomora ne kapai, dènge sasala ra ne pabia titu kèna.""",eng,nfa,English,Dhao,-2.0667,-6.8173,-2.8117
"i will go down now, and see whether their deeds are as bad as the reports which have come to me. if not, i will know.","nèti èèna ka, ja'a puru madha ku mai, sèna ka kèdhi unu ku, ngaa dhu ja'a tadèngi sèra, tare'a, do aad'o. ladhe aad'o, pe ja'a ke'a unu ku.","Nèti èèna ka, jaꞌa pakèdꞌi laꞌe, sèna ka ladhe dhèu seꞌe adꞌu-ue jꞌara-jꞌara dhu ra lole dènge jaꞌa, do aadꞌo. Te ngaa ladhe sèmi èèna, jaꞌa keꞌa kahèi.","Ja'a neo lasi asa haha kèna, sèna ka ja'a ladhe nèdhi, do tatao ra ne bhelu sama sèmi lii dhu ra lole mai dènge ja'a, do aad'o. Ladhe boe sèmi èèna, ja'a ke'a.",eng,nfa,English,Dhao,14.6787,4.4268,5.0924
"the men turned from there, and went toward sodom, but abraham stood yet before the lord.","ropa lamatua padhai lii era dènge abraham, dhèu dua se lasi taruu sa kota sodom.","Èle èèna ka, dhèu dua se tèke eele kota Sodom. Te ngaa Abraham kèdꞌi titu ètu madha Ama Lamatua.","Èle èèna ka, dhèu dua se tèke eele kota Sodom. Te ngaa Abraham kèdꞌi titu ètu madha Ama Lamatua.",eng,nfa,English,Dhao,0.0,0.0,0.0
"abraham came near, and said, will you consume the righteous with the wicked?","hèia abraham la'e padètu dènge lamatua, ka na pamako na, peka na, tasamia? ama neo pamadhe aa'i dhèu-dhèu be'a pa'èci dènge dhèu-dhèu bhelu, do?","Ropa Abraham tadèngi lii padhai Na, hèia na karèi, aku nèngu na, ""Tasamia? Èu neo pamadhe dhèu dꞌara mola dènge dhèu bhelu-katubꞌa, do?""","Abraham lasa dètu, hèia na karèi, aku na, ""Èu neo pamadhe dhèu d'ara mola dènge dhèu bhelu-katub'a, do?""",eng,nfa,English,Dhao,-0.5843,-2.6758,-1.6114
what if there are fifty righteous within the city? will you consume and not spare the place for the fifty righteous who are in it?,"ladhe abhu dhèu lèmi nguru dhu be'a ètu d'ara kota èèna, ama pamadhe si hèi? do, ama palaho heka kota sèra, lula rèngu se'e, do?","Ladhe ètu dꞌara kota èèna, abhu kahèi dhèu dhu dꞌara mola èpa nguru dhèu dhu dꞌara mola, do? Èu neo pamadhe dhèu dhu dꞌara mola èpa nguru dhèu dhu dꞌara mola èpa nguru dhèu dhu dꞌara mola èpa nguru dhèu dhu dꞌara mola èpa nguru dhèu, do?","Ladhe ètu d'ara kota èèna, abhu lèmi nguru dhèu dhu d'ara mola, do? Èu neo pa'ele iie era èèna, aa baku taha boe lula lèmi nguru dhèu dhu d'ara mola dhu pea ètu nèi, do?",eng,nfa,English,Dhao,13.0407,10.2982,11.4231
"may it be far from you to do things like that, to kill the righteous with the wicked, so that the righteous should be like the wicked. may that be far from you. shouldn't the judge of all the earth do right?","ama baku tao sèmi èèna! mage dhoka, dhèu be'a sèra madhe hèi, lula ama neo pamadhe dhèu bhelu sèra. ama ka dhu pama'ète lii ètu dedha-liru dènge rai-haha. de ama ku unu mu dhu me'a j'ara èèna adil boe.","Bèli-camèdꞌa Ama Lamatua pamadhe dhèu dhu dꞌèlu-mèu dènge dhèu bhelu-katubꞌa, sama sèmi dhèu dhu dꞌèlu-katubꞌa. Bèli-camèdꞌa Ama Lamatua pamadhe dhèu dhu dꞌèlu-katubꞌa, sama sèmi dhèu bhelu-katubꞌa. Bèli-camèdꞌa Ama Lamatua tao sèmi èèna kahèi. Bèli-camèdꞌa Ama Lamatua pamaꞌète lii langu dhèu aaꞌi-aaꞌi ètu rai-haha.","Bèli-camèd'a Ama Lamatua tao sèmi èèna, pamadhe dhèu dhu d'ara mola dènge dhèu bhelu-katub'a, sèna ka dhèu dhu d'ara mola j'aj'i sama sèmi dhèu bhelu-katub'a. Bèli-camèd'a j'ara sèmi èèna. Hakim dhèu aa'i-aa'i ètu rai-haha, hud'i tao j'ara dhu lèke, do?",eng,nfa,English,Dhao,4.9216,1.8765,2.1619
"the lord said, if i find in sodom fifty righteous within the city, then i will spare the whole place for their sake.","ka lamatua dhaa, peka na, ladhe abhu dhèu be'a lèmi nguru dhèu ètu kota sodom, ja'a huku boe kota èèna, lula rèngu.","Hèia lamatua na dhaa, aku nèngu na, 'Ladhe jaꞌa paraga dènge dhèu dhu dꞌara mola ètu kota Sodom, dhu lèke nguru nguru nguru dhèu ètu sèra, pe jaꞌa saku eele aaꞌi-aaꞌi ètu dꞌara ra.'","Hèia Lamatua na dhaa, aku nèngu na, 'Ladhe ja'a paraga lèmi nguru dhèu dhu d'ara mola ètu d'ara kota Sodom, pe ja'a saku eele aa'i-aa'i era èèna lula rèngu.'",eng,nfa,English,Dhao,3.795,4.1857,3.8602
"abraham answered, see now, i have taken it on myself to speak to the lord, although i am dust and ashes.","hèia abraham padhai lii hari, aku nèngu na, ama, ja'a manèngi abho, lula ja'a neo padhai lii hari ciki. ja'a ne dhoka dhèu goa di, dhu ke'a boe ngaa-ngaa.","Hèia Abraham dhaa, aku nèngu na, ""Bèli-camèdꞌa jaꞌa jꞌajꞌi kapodꞌe-kabèli, te ngaa jaꞌa neo padhai lii dènge Ama Lamatua.","Hèia Abraham dhaa, aku nèngu na, ""Bèli-camèdꞌa jaꞌa jꞌajꞌi kapodꞌe-kabèli, te ngaa jaꞌa neo padhai lii dènge Ama Lamatua.",eng,nfa,English,Dhao,0.0,0.0,0.0
"what if there will lack five of the fifty righteous? will you destroy all the city for lack of five? he said, i will not destroy it if i find forty-five there.","sèmi d'ai boe dhèu lèmi nguru dhu be'a, te ngaa dhoka èpa nguru lèmi di, tasamia? kura dhoka dhèu lèmi di, na ama neo palaho eele kota èèna, do? ka lamatua b'ala, aku nèngu na, ladhe ja'a abhu dhèu be'a èpa nguru lèmi, ja'a palaho boe kota èèna.","Sèmi èèna kahèi, ladhe ètu dꞌara kota èèna abhu dhèu lèmi dhèu dhu dꞌèlu-mèu. Ladhe ètu dꞌara kota èèna abhu kahèi dhèu lèmi dhèu dhu dꞌèlu-mèu, na, èu neo paꞌele iie kota èèna, do?"" Ka dhèu ne dhaa, aku nèngu na, ""Ladhe jaꞌa paraga dènge dhèu lèmi dhèu lèmi dhèu ètu dꞌara kota èèna, jaꞌa paꞌele iie boe kota èèna.""","Sèmi èèna kahèi, ladhe kura lèmi nèti dhèu lèmi nguru dhu d'èlu-mèu? Èu neo pa'ele iie kota èèna aa'i lula kura lèmi dhèu, do? Ka nèngu dhaa, aku nèngu na, ""Ja'a pa'ele iie boe, ladhe ja'a paraga èpa nguru lèmi dhèu ètu nèi.""",eng,nfa,English,Dhao,11.1459,-0.3176,2.1643
"he spoke to him yet again, and said, what if there are forty found there? he said, i will not do it for the forty's sake.","ka abraham pamako hari, na, sèmi abhu dhoka èpa nguru dhèu be'a di, tasamia, ama? ka na dhaa, ladhe ja'a abhu èpa nguru dhèu be'a, ja'a huku boe si.","Èle èèna ka, Ama Lamatua karèi ne, aku nèngu na, ""Sèmi neꞌe! Ladhe abhu èpa nguru dhèu ètu dꞌara èmu èèna, na, tasamia?"" Hèia Musa dhaa, aku nèngu na, ""Jaꞌa tao boe sèmi èpa nguru dhèu èèna.""","Èle èèna ka, Ama Lamatua karèi ne, aku nèngu na, ""Sèmi neꞌe! Ladhe abhu èpa nguru dhèu ètu dꞌara èmu èèna, na, tasamia?"" Hèia Ama Lamatua dhaa, aku nèngu na, ""Jaꞌa tao boe lula dhèu èpa nguru èèna.""",eng,nfa,English,Dhao,-3.211,-2.5382,-2.6604
"he said, oh don't let the lord be angry, and i will speak. what if there are thirty found there? he said, i will not do it if i find thirty there.","abraham pamako hari, aku nèngu na, ama baku nasa. te abhu dhoka tèlu nguru dhèu be'a di, na tasamia? hèia na dhaa, ladhe ja'a abhu tèlu nguru dhèu be'a, ja'a huku boe si.","Hèia dhèu ne dhaa, aku nèngu na, ""Sèmi neꞌe! Jaꞌa neo padhai lii dènge Ama Lamatua. Ladhe jaꞌa paraga dènge dhèu 30 ètu dꞌara èmu èèna, na, tasamia?"" Hèia dhèu ne dhaa, aku nèngu na, ""Ladhe jaꞌa paraga dènge dhèu 30 ètu dꞌara èmu èèna, jaꞌa tao boe sèmi èèna.""","Nèngu dhaa, aku nèngu na, ""Mage Ama Lamatua nasa bia, hèia jaꞌa neo padhai lii. Ladhe jaꞌa paraga dènge dhèu 30 ètu dꞌara èmu èèna, na, tasamia?"" Nèngu dhaa, aku nèngu na, ""Ladhe jaꞌa paraga dènge dhèu 30 ètu dꞌara èmu èèna, jaꞌa tao boe sèmi èèna.""",eng,nfa,English,Dhao,0.788,1.9332,2.1418
"he said, see now, i have taken it on myself to speak to the lord. what if there are twenty found there? he said, i will not destroy it for the twenty's sake.","hèia abraham peka hari, ama mage nasa ladhe ja'a karèi hari ciki. sèmi abhu dhoka dhèu dua nguru di dhu be'a, na tasamia? ka na dhaa hari, aku nèngu na, sèmi abhu dhèu dua nguru di dhu be'a, ja'a palaho eele boe kota èèna.","Hèia na dhaa, aku nèngu na, ""Ladhe jaꞌa padhai lii sèmi èèna, jaꞌa neo padhai lii dènge Ama Lamatua. Ladhe jaꞌa paraga dènge dhèu èpa nguru dhèu ètu dꞌara jꞌara neꞌe, na, tasamia? Te ngaa ladhe jaꞌa paraga dènge dhèu èpa nguru dhèu ètu dꞌara jꞌara neꞌe, na, jaꞌa paꞌele iie dꞌara jꞌara ne."" Hèia Lamatua dhaa, aku nèngu na, ""Ladhe jaꞌa padhai lii sèmi èèna, jaꞌa paꞌele iie dꞌara jꞌara ne.""","Hèia na dhaa, aku nèngu na, ""Kaca'a laa, ja'a d'ara d'èi le ho padhai lii dènge Ama Lamatua. Ladhe abhu dhèu dua nguru ètu d'ara j'ara ne'e, na, tasamia?"" Hèia Lamatua dhaa, aku nèngu na, ""Ja'a pa'ele iie boe d'ara j'ara ne, lula dhèu dua nguru sèra.""",eng,nfa,English,Dhao,12.4559,6.1502,7.556
"he said, oh don't let the lord be angry, and i will speak just once more. what if ten are found there? he said, i will not destroy it for the ten's sake.","ka abraham katange lii padhai na, aa na karèi, peka na, ama! ja'a padhai lii hari ca tèka, te ngaa baku nasa dènge ja'a. tasamia, ladhe abhu dhoka canguru dhèu di dhu be'a? hèia na dhaa, ladhe ja'a abhu canguru dhèu dhu be'a ètu era èèna, ja'a palaho boe kota èèna.","Hèia dhèu ne dhaa, aku nèngu na, ""Sèmi neꞌe! Jaꞌa neo padhai lii hari. Te ngaa ladhe abhu dhèu canguru ètu dꞌara jꞌara neꞌe, na, jaꞌa neo padhai lii hari. Te ngaa ladhe abhu dhèu canguru ètu dꞌara jꞌara neꞌe, na, ladhe abhu dhèu canguru ètu dꞌara jꞌara neꞌe, na, ladhe abhu dhèu canguru ètu dꞌara jꞌara neꞌe?"" Hèia dhèu ne dhaa, aku nèngu na, ""Jaꞌa neo pamadhe ne, lula jaꞌa paꞌele iie dhèu aaꞌi-aaꞌi ètu dꞌara jꞌara neꞌe.""","Hèia na dhaa, ""Baku pe Lamatua panasa. Aa ja'a neo padhai lii dhoka ca lod'o hari. Ladhe abhu dhèu canguru ètu nèi, na, ngaa?"" Hèia na dhaa, ""Ja'a neo pamadhe boe ne, lula dhèu canguru sèra.""",eng,nfa,English,Dhao,3.016,-4.5433,-2.135
"the lord went his way as soon as he had finished communing with abraham, and abraham returned to his place.","padhai lii èle sèmi èèna, lamatua la'e dènge ka, aa abraham lèpa kahèi.","Ropa Lamatua padhai lii dènge Abraham, hèia Lamatua laꞌe. Hèia Abraham lèpa hari asa dꞌara èmu na.","Ropa Lamatua padhai lii dènge Abraham, hèia Lamatua laꞌe. Hèia Abraham lèpa hari asa dꞌara èmu na.",eng,nfa,English,Dhao,0.0,0.0,0.0
"the two angels came to sodom at evening. lot sat in the gate of sodom. lot saw them, and rose up to meet them. he bowed himself with his face to the earth,","ètu d'ara lamatua dhu padhue-padhai era dènge abraham, ana pajuu na dhèu dua, lasi le asa kota sodom. d'ai nèi, lod'o oe cèna kèna. ka lot dhu madhèdi ètu hèb'a tedhe kota. ropa nèdhi dhèu dua se, la'e soru nare si. ka na patitu kètu urutuu, aa pacud'u kètu ètu madha ra.","Èle èèna ka, lodꞌo èèna, ana pajuu dua sèra mai asa kota Sodom. Lot madhèdi ètu hèbꞌa kota. Ropa nèdhi ana pajuu sèra, hèia na kèdꞌi paraga dènge ana pajuu sèra. Hèia na patitu kètu urutuu,","Ropa lod'o cèna, ana pajuu dua sèra mai asa kota Sodom. Lot madhèdi ètu hèbꞌa kota. Ropa nèdhi ana pajuu sèra, hèia na kèdꞌi paraga dènge ana pajuu sèra. Hèia na patitu kètu urutuu.",eng,nfa,English,Dhao,-0.7656,-0.3726,-0.3545
"and he said, see now, my lords, please come into your servant's house, stay all night, wash your feet, and you can rise up early, and go on your way. they said, no, but we will stay in the street all night.","ka na padhai lii, aku nèngu na, mai lati dhuli ku èmu ja'a la. sèna ka ama si rase haga, aa j'unu ètu èmu ja'a. pe bèli mad'ae, heka ama si kako hari kèna. ra dhaa, aku rèngu na, makasi. te ngaa repo ia ka. hud'i laa ji'i j'unu ètu d'ara lapa.","Hèia na lii, aku nèngu na, 'Jaꞌa manèngi sèna ka miu maso asa dꞌara èmu dhèu aae jaꞌa ne. Jaꞌa manèngi sèna ka miu roꞌo-roꞌo ajꞌu miu, sèna ka miu lèpa hari.' Ka dhèu se dhaa, aku rèngu na, ""Aadꞌo! Jiꞌi roꞌo-roꞌo ètu dꞌara jꞌara.""","Hèia na lii, aku nèngu na, 'Ladhe ia ka, lamatua ja'a sèra, ja'a manèngi sèna ka miu maso asa d'ara èmu sab'a ja'a ne. Ro'o-ro'o d'ara mèda, j'amo aj'u miu, hèia miu bisa kèd'i mad'ae aae era, ka lèpa hari.' Ka dhèu se dhaa, aku rèngu na, 'Aad'o! Ji'i ro'o-ro'o ètu d'ara j'ara d'ara mèda.'",eng,nfa,English,Dhao,1.9627,6.9239,5.7756
"he urged them greatly, and they came in with him, and entered into his house. he made them a feast, and baked unleavened bread, and they ate.","te ngaa lot pamako si loe boe, ka lasi manubha asa èmu na. ka lot si tunu roti, lalau mei, ka ra'a-rinu pa'èci.","Èle èèna ka, Petrus manèngi-mangajꞌi dènge ana madhutu na sèra. Hèia dua ra maso asa dꞌara èmu na. Èle èèna ka, na tao roti dènge boe ragi, sèna ka raꞌa.","Èle èèna ka, Petrus manèngi-mangajꞌi si titu kèna, hèia ra maso dènge nèngu, asa d'ara èmu na. Na tao pesta mi si, hèia na tao roti dhu dènge boe ragi, sèna ka raꞌa.",eng,nfa,English,Dhao,-0.1559,1.5663,1.2083
"but before they lay down, the men of the city, the men of sodom, surrounded the house, both young and old, all the people from every quarter.","dhu dua ra lasi mèka j'unu, cag'ag'a laa, dhèu mone sodom aa'i-aa'i, ana mone ngèru toke d'ai mone heka, mai reo rare èmu lot.","Èle èèna ka, dhèu-dhèu nèti dꞌara kota, dhèu-dhèu dhu dꞌèlu-mèu dènge dhèu-dhèu bhelu-katubꞌa, maso asa dꞌara èmu èèna. Dhèu-dhèu dhu mai nèti era aaꞌi-aaꞌi ra, ca dhèu, nèti ana-èpu toke dhèu heka-dhèu dhu dꞌèlu-mèu ètu dꞌara èmu èèna.","Te ngaa bèli-camèd'a rèngu nii, dhèu-dhèu nèti kota Sodom, reo rare èmu èèna. Nèti ana-èpu toke dhèu heka, dhèu aa'i-aa'i nèti era aa'i-aa'i.",eng,nfa,English,Dhao,15.2345,9.386,10.4557
"they called to lot, and said to him, where are the men who came in to you this night? bring them out to us, that we may have sex with them.","dhèu se'e pa'oo-parodha, peka mi lot, aku rèngu na, he, lot! mone dua deo sa, ètu mia? bhabhodho si mai, sèna ka ji'i j'unu dènge ra!","Hèia ra paroa Lot, aku rèngu na, ""Dhèu aaꞌi-aaꞌi dhu ètu dꞌara èmu èu èèna, ètu mia? Mai hia si asa jiꞌi, sèna ka jiꞌi paꞌèci dènge rèngu.""","Hèia ra paroa Lot, aku rèngu na, ""Dhèu dhu maso mai ètu èmu èu mèda ne'e, ètu mia? Mai hia si asa jiꞌi, sèna ka jiꞌi paꞌèci dènge rèngu.""",eng,nfa,English,Dhao,2.5416,1.1674,1.2525
"lot went out to them through the door, and shut the door after himself.","hèia lot li'u la'e, ka na bèdho hari èmu.","Èle èèna ka, Lot puru nèti hèbꞌa èèna, laꞌe tenge hèbꞌa èèna.","Èle èèna ka, Lot puru nèti hèbꞌa èèna, laꞌe bèdho hèbꞌa èèna èle nèngu.",eng,nfa,English,Dhao,3.3819,9.5936,7.4237
"he said, please, my brothers, don't act so wickedly.","ka na lii, aku nèngu na, a'ari, ee! baku miu tao bhelu mi tamu ja'a se.","Hèia na peka dènge rèngu, aku nèngu na, ""Aꞌari aaꞌi-aaꞌi! Baku tao bhabhelu-katubꞌa sèmi èèna!","Hèia na peka dènge rèngu, aku nèngu na, ""Aꞌari aaꞌi-aaꞌi! Baku tao bhabhelu-katubꞌa sèmi èèna!",eng,nfa,English,Dhao,0.0,0.0,0.0
"see now, i have two virgin daughters. please let me bring them out to you, and you may do to them what seems good to you. only don't do anything to these men, because they have come under the shadow of my roof.","mi nanene ku ja'a laa! ana bhèni ja'a, dhèu dua. dua ra dhu pa'èci mèka dènge dhèu mone. ja'a hia miu. mere, ho mi tao tasamia èèna ka, sad'i madhutu dad'èi miu. sad'i miu baku tao karehe mi tamu ja'a dhèu dua se. lula madhutu ad'a èdhi, ja'a ka dhu hud'i j'aga si.","ladhe sèmi neꞌe, jaꞌa dènge ana bhèni jaꞌa dhèu dua. Jaꞌa neo hia si asa madha èu, sèna ka èu tao madhutu dadꞌèi èu. Te ngaa èu baku tao dhèu seꞌe sèmi èèna, lula rèngu mai ètu dꞌara èmu jaꞌa.","Ladhe sèmi ne'e, ja'a dènge ana bhèni ja'a dhu kalora iisi dhèu dua. Sad'i ja'a neo hia si asa li'u asa madha èu, sèna ka èu tao madhutu dad'èi èu. Te ngaa èu baku tao dhèu se'e sèmi èèna, lula rèngu mai ètu d'ara mamaho èmu ja'a.",eng,nfa,English,Dhao,8.6188,8.2698,7.6465
"they said, stand back! then they said, this one fellow came in to live as a foreigner, and he appoints himself a judge. now we will deal worse with you than with them! they pressed hard on the man lot, and came near to break the door.","masi ka sèmi èèna, dhèu sodom se pa'oo ma'ète boe, aku rèngu na, èu ne, baku patabha! te èu ne, dhèu tao mai ètu kabarai ji'i ne! de èu dènge boe hak ho kai ji'i. hua iia, èu pakaj'èu nèti era ne'e. te, ladhe lamu boe, ji'i tao èu bia risi nèti dhèu dua se'e! ka ra tule eele lot, hèia aa'i-aa'i ra rai lasi j'èje babèdho èmu.","Ka dua ra dhaa, aku rèngu na, ""Tareꞌa sèmi èèna! Te dhèu aaꞌi-aaꞌi ètu rai-haha ne, tao iisi na ho jꞌajꞌi dhèu pamaꞌète lii langu èu. Te ngaa nèngu tao iisi na ho jꞌajꞌi dhèu pamaꞌète lii langu èu."" Hèia dhèu aaꞌi-aaꞌi dhu tadèngi lii padhai lii dhèu aaꞌi-aaꞌi sèra, paꞌele iie lii langu èu. Hèia ra tenge eele èèna, sèna ka ra pamadhe dhèu aaꞌi-aaꞌi ètu dꞌara èmu èèna.","Ka ra dhaa, ""Tareꞌa!"" Hèia ra dhaa, ""Dhèu ne'e mai pea mi dhèu rai kara, aa nèngu tao iisi na ho j'aj'i dhèu pamaꞌète lii langu! Taa ne'e, ji'i tao èu asa ele iie risi nèti rèngu!"" Hèia ra paseti Lot titu kèna, aa ra d'ai hèru ho pab'èka hèb'a èmu.",eng,nfa,English,Dhao,0.7196,-1.8065,-1.841
"but the men reached out their hand, and brought lot into the house to them, and shut the door.","te ngaa dhèu dua se soro kacui-aai ra, ère pamaso lot, ka ra patèke èmu nèti d'ara.","Èle èèna ka, dhèu sabꞌa se tèke eele kacui-aai ra, sèna ka rèti Lot maso asa dꞌara èmu, hèia ra dꞌèi bèdho.","Te ngaa dhèu sabꞌa se tèke eele kacui-aai ra, hèia rèti Lot maso asa dꞌara èmu, hèia ra dꞌèi bèdho.",eng,nfa,English,Dhao,3.2874,5.1959,4.8876
"they struck the men who were at the door of the house with blindness, both small and great, so that they wearied themselves to find the door.","dua ra tao pabèdhu ana madha dhèu sodom aa'i-aa'i ra, ka rèdhi heka ngaa-ngaa. ra gogo tenge babèdho, te ngaa abhu boe.","Èle èèna ka, dhèu aaꞌi-aaꞌi dhu madhèdi ètu hèbꞌa èèna, ra kèpe dhèu bèdhu aaꞌi-aaꞌi, nèti ana-èpu toke dhèu kapai. Rèngu aaꞌi-aaꞌi ra bisa boe paraga dènge hèbꞌa èèna.","Èle èèna ka, ra kèpe dhèu aaꞌi-aaꞌi dhu madhèdi ètu hèbꞌa èèna dènge bèdhu, nèti ana-èpu toke dhèu kapai, sèna ka rèngu susa titu kèna ho tenge hèb'a èèna.",eng,nfa,English,Dhao,0.9051,-0.7947,-1.2388
"the men said to lot, do you have anybody else here? sons-in-law, your sons, your daughters, and whomever you have in the city, bring them out of the place: for we will destroy this place, because the outcry against them has grown so great before the lord that the lord has sent us to destroy it.","hèia tamu dhèu dua se, peka dènge lot, aku rèngu na, lamatua ne'a le, bhabhelu-katub'a dhèu sodom se. nèti èèna ka, na paleha ji'i dua mi mai, sèna ka palaho eele kota ne. de èu dhu dènge a'ari leo dhu ètu d'ara kota ne, do aad'o? ladhe dènge ana mone, do ana bhèni, do dhèu èmu ana èu, do, sad'i cee èèna ka, lamu more si, ho rai ka nèti d'ara kota ne lai-lai!","Hèia dhèu dua se karèi Lot, aku rèngu na, ""Èu dènge dhèu leo ètu neꞌe, do? Ana-èpu èu, dènge ana-èpu èu, dènge dhèu aaꞌi-aaꞌi dhu ètu dꞌara kota èèna, èu hudꞌi pakèdꞌi nèti era neꞌe. Te jiꞌi neo pamadhe era neꞌe, lula dhèu aaꞌi-aaꞌi pahaha iisi mi Lamatua. Nèti èèna ka, Lamatua pua jiꞌi mai, sèna ka jiꞌi pahaha iisi mi dhèu aaꞌi-aaꞌi sèra, sèna ka jꞌajꞌi dhèu aaꞌi-aaꞌi sèra, sèna ka jꞌajꞌi dhèu aaꞌi-aaꞌi, sèna ka jꞌajꞌi dhèu aaꞌi-aaꞌi, sèna ka jꞌajꞌi dhèu aaꞌi-aaꞌi, sèna ka jꞌajꞌi dhèu aaꞌi-aaꞌi, sèna ka jꞌajꞌi dhèu aaꞌi-aaꞌi.","Hèia dhèu dua se karèi Lot, aku rèngu na, ""Èu dènge dhèu leo ètu neꞌe, do? Dhèu èmu ana bhèni èu, ana mone èu, ana bhèni èu, dènge dhèu aaꞌi-aaꞌi dhu ètu dꞌara kota èèna, èu hudꞌi pakèdꞌi nèti era neꞌe. Te jiꞌi neo pamadhe era neꞌe, lula lii parodha nèti rèngu kab'ua titu kèna ètu madha Lamatua. Nèti èèna ka, Lamatua pua ji'i mai, sèna ka ji'i pamadhe ne.""",eng,nfa,English,Dhao,9.4752,4.8069,5.8792
"lot went out, and spoke to his sons-in-law, who were pledged to marry his daughters, and said, get up! get out of this place, for the lord will destroy the city! but he seemed to his sons-in-law to be joking.","hèia lot la'e paraga dènge ana mone dhèu dua, dhu lii d'ai ana bhèni na. ka na peka, dua mi nanene paie! rai ka nèti d'ara kota ne, te lamatua neo palaho eele ne! te ngaa ra pangee na, lot padhai lii paleko di.","Èle èèna ka, Lot laꞌe padhai lii dènge ana mone na, aku nèngu na, ""Kèdꞌi! Lamatua neo pamadhe dhèu aaꞌi-aaꞌi ètu dꞌara kota ne. De miu hudꞌi pakèdꞌi nèti era neꞌe! Te dhèu aaꞌi-aaꞌi ra pangee, na, Lamatua neo pamadhe dhèu aaꞌi-aaꞌi ètu dꞌara kota ne."" Hèia Lot laꞌe padhai lii dènge ana mone na, te ngaa ra pangee, na, Lamatua neo pamadhe dhèu aaꞌi-aaꞌi ètu dꞌara kota ne.","Èle èèna ka, Lot laꞌe padhai lii dènge ana mone na, dhu lii d'ai le dènge ana bhèni na sèra, aku nèngu na, ""Kèdꞌi! Pakèdꞌi nèti era neꞌe! Te Lamatua neo pamadhe kota ne!"" Te ngaa mi ana mone na sèra, nèngu j'aj'i sèmi peka lii monya.",eng,nfa,English,Dhao,7.1484,1.0741,2.9804
"when the morning came, then the angels hurried lot, saying, get up! take your wife and your two daughters who are here, lest you be consumed in the iniquity of the city.","bèli mad'ae aae era, ana pajuu lamatua dhèu dua se, pakaseti lot si, ho lasi karohe asa era kaj'èu. ra peka na, lami ka! ère mèti dhèu èmu mu, dènge ana bhèni èu dhèu dua sèra, ho rai ka. tèke eele kota ne'e! mage dhoka miu madhe aa'i palere-lere dènge kota ne.","Bèli madꞌae èèna, ana pajuu Ama Lamatua sèra, peka na, ""Kèdꞌi ka! Kèdꞌi ku dènge dhèu èmu èu, dènge ana bhèni èu dua, sèna ka dhèu ètu kota ne tao jꞌara-jꞌara bhelu-katubꞌa dènge èu. Ladhe sèmi èèna, èu madhe kahèi, te ngaa dhèu aaꞌi-aaꞌi ètu kota ne tao jꞌara-jꞌara bhelu-katubꞌa sèra.","Bèli madꞌae èèna, ana pajuu Ama Lamatua sèra pakaj'èra lot, peka na, ""Kèdꞌi ka! Mèti dhèu èmu èu dènge ana bhèni èu dua dhu pea ètu ne'e, sèna ka èu baku èle dènge sasala-sasigo ètu kota ne.""",eng,nfa,English,Dhao,4.6255,-2.4508,-2.349
"but he lingered; and the men grabbed his hand, his wife's hand, and his two daughters' hands, the lord being merciful to him; and they took him out, and set him outside of the city.","te ngaa lot neka-neka era, masi ka lamatua neo hia ne mamuri. nèti èèna ka, tamu dhèu dua se nuni lot, dhèu èmu na, dènge ana bhèni dhèu dua sèra, rèti asa li'u kota.","Te ngaa na dꞌai dꞌai lodꞌo èèna, hèia ra kèpe ne dènge kacui-aai na, dènge dhèu èmu na dènge dua ana bhèni na. Lula Lamatua padꞌelo dꞌara hua iia Na mi neꞌe ka, hèia ra kèpe ne, sèna ka rèti ne asa liꞌu kota.","Te ngaa na dꞌai dꞌai lodꞌo èèna, hèia ra kèpe kacui-aai na, dènge kacui-aai dhèu èmu na, dènge kacui-aai dua ana bhèni na. Lula Lamatua padꞌelo dꞌara hua iia Na mi neꞌe ka, hèia ra kèpe ne, sèna ka rèti ne asa liꞌu kota.",eng,nfa,English,Dhao,0.9575,1.4049,1.0513
"it came to pass, when they had taken them out, that he said, escape for your life! don't look behind you, and don't stay anywhere in the plain. escape to the mountains, lest you be consumed!","hèia ca dhèu nèti tamu dhèu dua sèra paredha si, peka na, rai palasa, sèna ka abhu sod'a! mage mi kabib'a kabodho! baku ae ètu d'ara mamoo! rai taruu, asa ledhe nèi, sèna ka miu baku madhe!","Ropa rèngu rèti rèngu asa liꞌu, hèia na peka, aku nèngu na, ""Miu hudꞌi laꞌe uuru ku asa liꞌu, sèna ka mamuri! Miu hudꞌi laꞌe uuru ku asa liꞌu. Miu hudꞌi laꞌe uuru ku asa ledhe-ledhe, sèna ka miu abhu mamadhe. Miu hudꞌi laꞌe uuru ku asa dꞌara ledhe-ledhe, sèna ka miu abhu mamadhe aaꞌi-aaꞌi ra. Miu hudꞌi laꞌe uuru ku asa dꞌara ledhe-ledhe, sèna ka miu abhu mamadhe aaꞌi-aaꞌi ra.","Ropa rèngu rèti rèngu asa liꞌu, hèia na peka, aku nèngu na, ""Miu hudꞌi laꞌe uuru ku asa liꞌu, sèna ka mamuri! Baku ladhe asa d'ara èu, aa baku pea ètu mia sa d'ara rai rata. Miu hudꞌi laꞌe uuru ku asa ledhe-ledhe, sèna ka miu baku mamadhe!""",eng,nfa,English,Dhao,6.6016,6.7717,8.2146
"lot said to them, oh, not so, my lord.","te ngaa lot peka, aku nèngu na, iraa ee! baku sèmi èèna!","Te ngaa Lot dhaa, aku nèngu na, ""Aadꞌo, ama!","Te ngaa Lot dhaa, aku nèngu na, ""Aadꞌo, ama!""",eng,nfa,English,Dhao,-0.7599,-0.0833,-0.9422
"see now, your servant has found favor in your sight, and you have magnified your loving kindness, which you have shown to me in saving my life. i can't escape to the mountain, lest evil overtake me, and i die.","mema ama si pamamuri le ji'i se. te ngaa ledhe nèi kaj'èu bia nèti ne'e! mage dhoka ji'i d'ai mèka nèi, j'aj'èra dhu magee nare le ji'i èèna, ètu talora j'ara.","Nèti èèna ka, jaꞌa manèngi-mangajꞌi ètu madha Ama Lamatua. Lamatua padꞌelo dꞌara hua iia Na mi jaꞌa, ho hia mamuri jaꞌa. Nèti èèna ka, jaꞌa bisa boe pakèdꞌi asa ledhe ne, te ladhe jaꞌa abhu bhabhelu-katubꞌa, na, jaꞌa madhe.","D'elo ne'e, ana sab'a èu dhu abhu d'ara hua iia ètu madha èu, aa èu padedha-dedha le d'ara hua iia èu dhu èu pad'elo mi ja'a, ho mamuri ja'a. Ja'a bisa boe pakèd'i asa ledhe ne, te ladhe bhabhelu-katubꞌa hutu ja'a, na, jaꞌa madhe.",eng,nfa,English,Dhao,1.403,-1.2947,-0.3743
"see now, this city is near to flee to, and it is a little one. oh let me escape there isn't it a little one? , and my soul will live.","ama ladhe ku laa. rae iiki cue dhu kaj'èu boe nèti era ne'e. rae nèi dhu kolongara aad'o. ladhe ama d'èi, ji'i la'a pasoru iisi asa nèi!","ladhe sèmi èèna, jaꞌa hudꞌi laꞌe uuru asa dꞌara kota ne. Te ngaa jaꞌa hudꞌi laꞌe uuru asa dꞌara kota ne, sèna ka jaꞌa mamuri taruu.","Ladhe sèmi èèna, kota ne dètu le ho rai asa nèi, aa nèngu ne ca kota iiki di. Oh, sad'i ja'a rai asa nèi, na ca kota iiki di, do? Aa samanga ja'a mamuri.",eng,nfa,English,Dhao,2.2256,4.9395,4.479
"he said to him, behold, i have granted your request concerning this thing also, that i will not overthrow the city of which you have spoken.","ka na dhaa, peka na, oo! lami ka! te èèna na, ja'a palaho boe rae nèi.","Hèia dhèu ne dhaa, aku nèngu na, ""Ladhe èu manèngi sèmi èèna, jaꞌa dꞌèi le. Jaꞌa paꞌele iie boe kota èèna.","Hèia dhèu ne dhaa, aku nèngu na, ""Ja'a dhu hia le lii manèngi èu lula j'ara ne'e kahèi, na ja'a pa'ele iie boe kota dhu èu peka le èèna.""",eng,nfa,English,Dhao,0.5832,4.6766,2.7946
"hurry, escape there, for i can't do anything until you get there. therefore the name of the city was called zoar.","de rai karohe ka, lami asa nèi! te ja'a tao mèka ngaa-ngaa, ladhe miu d'ai mèka era nèi. karèi nèti lod'o èèna, dhèu pangare rae ne soar, dhu sasoa na ‘ana iiki-iiki'.","Nèti èèna ka, dhèu Israꞌel pangee, na, ""Èu hudꞌi laꞌe uuru ku asa neꞌe, te jaꞌa bisa boe tao ngaa-ngaa toke èu dꞌai nèi."" Nèti èèna ka, dhèu paroa ne, ngara na Soar.","Èu hud'i rai uuru ku asa ne'e, te ja'a bisa boe tao ngaa-ngaa toke èu d'ai nèi. Nèti èèna ka, dhèu paroa ne, ngara na Soar.",eng,nfa,English,Dhao,4.1866,-0.2139,2.7549
the sun had risen on the earth when lot came to zoar.,"ropa lod'o rea, lot si d'ai soar.","Ropa Lot dꞌai Soar, lodꞌo dꞌai madha lodꞌo ètu rai-haha ne, hèia lodꞌo dꞌai madha lodꞌo ètu rai-haha ne, lodꞌo dꞌai madha lodꞌo dꞌai madha lodꞌo dꞌai madha lodꞌo èle lodꞌo èle lodꞌo èle lodꞌo èle lodꞌo èle lodꞌo èle lodꞌo èle lodꞌo èle lodꞌo èle lodꞌo èle lodꞌo èle lodꞌo èle lodꞌo èle lodꞌo èle lodꞌo èle lodꞌo èle lodꞌo èle lodꞌo èle lodꞌo èle lodꞌo èle lodꞌo èle lodꞌo èle lodꞌo èle lodꞌo èle lodꞌo èle lodꞌo èle lodꞌo èle lodꞌo èle lodꞌo èle lodꞌo èle lodꞌo èle lodꞌo èle lodꞌo èle lodꞌo èle lodꞌo èle lodꞌo èle lodꞌo èle lodꞌo èle lodꞌo èle lodꞌo èle lodꞌo èle lodꞌo èle.","Lod'o rea ètu rai-haha, ropa Lot d'ai Soar.",eng,nfa,English,Dhao,15.9482,30.0852,30.3254
then the lord rained on sodom and on gomorrah sulfur and fire from the lord out of the sky.,"cag'ag'a laa, lamatua sadutu ai dènge èi nasu nèti dedha-liru asa sodom dènge gomora.","Èle èèna ka, Lamatua pua ai nèti dedha-liru asa kota Sodom dènge kota Gomora.","Èle èèna ka, Lamatua pua èi nasu dènge ai asa kota Sodom dènge kota Gomora nèti Lamatua nèti dedha-liru.",eng,nfa,English,Dhao,-1.1858,2.2126,2.342
"he overthrew those cities, all the plain, all the inhabitants of the cities, and that which grew on the ground.","lamatua pakèpu-ladhu ai kota dènge rae aa'i-aa'i ètu d'ara rai èèna, dènge ngaa-ngaa dhu mamuri ètu èèna, nuka: dhèu, badha-manu, dènge ana aaj'u.","Nèti èèna ka, dhèu aaꞌi-aaꞌi dhu mamuri ètu dꞌara dꞌara rae, dènge dhèu aaꞌi-aaꞌi dhu mamuri ètu dꞌara rae, aaꞌi-aaꞌi dhu mamuri ètu dꞌara rae, ra pahaha iisi dènge dhèu aaꞌi-aaꞌi dhu mamuri ètu dꞌara rae, aaꞌi-aaꞌi ra reꞌa-reꞌa aaꞌi-aaꞌi rae aaꞌi-aaꞌi rae aaꞌi-aaꞌi rae aaꞌi-aaꞌi rae aaꞌi-aaꞌi rae aaꞌi-aaꞌi rae aaꞌi-aaꞌi rae aaꞌi-aaꞌi rae aaꞌi-aaꞌi rae aaꞌi-aaꞌi rae aaꞌi-aaꞌi rae aaꞌi-aaꞌi rae aaꞌi-aaꞌi ra.","Nèngu pahaha kota-kota èèna, dènge aa'i-aa'i rai dhu lu'u, dènge dhèu aa'i-aa'i dhu mamuri ètu d'ara kota-kota èèna, dènge ngaa aa'i-aa'i dhu muri ètu dedha rai.",eng,nfa,English,Dhao,27.9134,19.5951,21.8784
"but lot's wife looked back from behind him, and she became a pillar of salt.","lod'o rèngu rai, dhèu èmu lot kabib'a kabodho. cag'ag'a laa, na j'aj'i agarii masi.","Èle èèna ka, bhèni Lamatua ladhe-leru nèti dhèu aae na, ka na ladhe-leru nèti dhèu aae na. Hèia na ladhe-leru, nèngu jꞌajꞌi ana iiki ètu dꞌara roꞌa dhu ètu dꞌara roꞌa, dhu ètu dꞌara roꞌa èèna, te ngaa dhèu aae na ladhe-leru nèti roꞌa dhu ètu dꞌara roꞌa èèna, hèia na jꞌajꞌi ana iiki ètu dꞌara roꞌa dhu ètu dꞌara roꞌa.","te ngaa dhèu èmu Lot ladhe-leru nèti dhèu aae na, hèia na j'aj'i agarii masi.",eng,nfa,English,Dhao,30.7707,20.3135,24.5475
abraham went up early in the morning to the place where he had stood before the lord.,"asa bèli èèna, dhu mad'ae aae era, abraham la'e asa era dhu med'a na, na pamako lamatua.","Bèli èèna, bèli-bèli èèna, Abraham kèdꞌi laꞌe asa era dhu na titu ètu madha Ama Lamatua.","Bèli èèna mad'ae aae era, Abraham kèdꞌi laꞌe asa era dhu na titu ètu madha Ama Lamatua.",eng,nfa,English,Dhao,13.2861,10.4339,10.4055
"he looked toward sodom and gomorrah, and toward all the land of the plain, and saw that the smoke of the land went up as the smoke of a furnace.","hèia na ladhe sa haha asa sodom dènge gomora, aa asa d'ara mamoo èèna. na ladhe la'a na, sèb'u poka-poka sèna, dhu ca'e asa dedha-liru. aa ai na'e aa'i le ngaa-ngaa.","Èle èèna ka, Musa ladhe-leru asa kota Sodom dènge kota Gomora, dènge rae aaꞌi-aaꞌi ètu sebhe jꞌara-jꞌara. Na ladhe ladhe-leru asa dꞌara rae, ladhe ètu dꞌara roꞌa èèna, aaꞌi-aaꞌi raꞌe aaꞌi-aaꞌi raꞌe aaꞌi-aaꞌi raꞌe aaꞌi-aaꞌi raꞌe aaꞌi-aaꞌi raꞌe aaꞌi-aaꞌi raꞌe aaꞌi-aaꞌi raꞌe aaꞌi-aaꞌi raꞌe aaꞌi-aaꞌi raꞌe aaꞌi-aaꞌi raꞌe aaꞌi-aaꞌi raꞌe aaꞌi-aaꞌi raꞌe aaꞌi-aaꞌi raꞌe aaꞌi-aaꞌi raꞌe aaꞌi-aaꞌi ra.","Na ladhe-leru asa kota Sodom dènge kota Gomora, dènge rae aa'i-aa'i ètu sebhe j'ara-j'ara, hèia na rèdhi, na, sèb'u nèti rae èèna ca'e asa dedha, nuka sèmi sèb'u ai na'e j'ami.",eng,nfa,English,Dhao,22.0216,12.0354,14.6
"when god destroyed the cities of the plain, god remembered abraham, and sent lot out of the middle of the overthrow, when he overthrew the cities in which lot lived.","ama lamatua patalale lot si nèti hahuku èèna, ropa na pakèpu-ladhu ai kota-kota sèra, lula na ngee nèdhi lii pajaji na dènge abraham.","Èle èèna ka, lodꞌo Ama Lamatua hagꞌe nare kota-kota ètu dꞌara sebhe, Lamatua bhoke eele kota-kota ètu dꞌara sebhe ne. Hèia Lamatua bhoke eele kota-kota ètu dꞌara sebhe ne. Hèia Lamatua bhoke eele kota-kota ètu dꞌara sebhe ne, sèna ka Lamatua bhoke eele kota-kota ètu dꞌara sebhe ne. Èle èèna ka, Lamatua bhoke eele kota-kota ètu dꞌara sebhe ne, sèna ka Lamatua bhoke eele kota-kota ètu dꞌara sebhe ètu dꞌara sebhe ne. Èle èèna ka, Lamatua bhoke eele Lot nèti dꞌara sebhe ètu dꞌara sebhe ne.","Lod'o Ama Lamatua pakèpu kota-kota ètu d'ara sebhe, Lamatua sanèd'e abraham, hèia na pua Lot kalua nèti talora aae pakèpu èèna, lod'o na pakèpu kota-kota dhu Lot pea ètu èèna.",eng,nfa,English,Dhao,6.4442,15.371,16.2635
"lot went up out of zoar, and lived in the mountain, and his two daughters with him; for he was afraid to live in zoar. he lived in a cave with his two daughters.","lod'o èèna, lot madha'u pea taruu ètu rae soar. nèti èèna ka, nèngu dènge ana bhèni na dhèu dua sèra, lasi asa ledhe ka ra pea ètu d'ara loe cue.","Èle èèna ka, Lot dènge ana bhèni na dhèu dua mai nèti Soar, lasi pea ètu dꞌara ledhe èci, ho pea ètu dꞌara ledhe èci. Nèti èèna ka, Lot dènge ana bhèni na dua mai pea ètu dꞌara ledhe èci, ho pea ètu dꞌara ledhe èci.","Lot dènge ana bhèni na dhèu dua mai nèti Soar, lasi pea ètu dꞌara ledhe, lula na madha'u pea ètu Soar. Na pea ètu d'ara ro'a dènge ana bhèni na dhèu dua.",eng,nfa,English,Dhao,12.8963,3.5247,3.8254
"the firstborn said to the younger, our father is old, and there is not a man in the earth to come in to us in the way of all the earth.","ca lod'o, ana bhèni uru èèna, peka dènge ari na, aku nèngu na, ètu era ne'e ne, abhu boe dhèu mone ca dhèu sa, dhu bisa leo dènge èdhi se. aa ama èdhi asa heka, de ladhe èèna na, na bisa heka abhu ana.","Hèia ana iiki na peka dènge ana iiki na, aku nèngu na, ""Ama jiꞌi dhu leko-monya le. Ètu rai-haha ne, abhu boe dhèu èci sa dhu bisa jꞌajꞌi mi jiꞌi, sèna ka dhèu aaꞌi-aaꞌi bisa jꞌajꞌi mi dhèu aaꞌi-aaꞌi ètu rai-haha ne.","Hèia ana uuru na peka dènge ana limuri na, aku nèngu na, ""Ama ji'i dhu leko-monya le. Aa ètu rai-haha ne, abhu boe dhèu mone èci sa dhu bisa j'unu pa'èci dènge ji'i, madhutu j'ara dhèu aa'i-aa'i ètu rai-haha ne.""",eng,nfa,English,Dhao,3.6698,3.8645,3.2295
"come, let's make our father drink wine, and we will lie with him, that we may preserve our father's family line.","de be'a risi, ti hia ne ninu mahu, sèna ka èdhi dua ti j'unu dènge ne, ho ti abhu kolo hia ama èdhi.","De mai ka, jiꞌi tao ama jiꞌi jꞌajꞌi anggor, sèna ka jiꞌi jꞌajꞌi dhèu pajuu-paleha dènge ne, sèna ka jiꞌi bisa jꞌajꞌi dhèu aaꞌi-aaꞌi dhu jꞌajꞌi dhèu aaꞌi-aaꞌi ètu dꞌara èmu-kamali ama jiꞌi. De ladhe jiꞌi tao sèmi èèna, bèli-camèdꞌa jiꞌi bisa jꞌajꞌi dhèu aaꞌi-aaꞌi dhu jꞌajꞌi dhèu aaꞌi-aaꞌi ètu dꞌara èmu-kamali ama jiꞌi, sèna ka jiꞌi bisa jꞌajꞌi dhèu aaꞌi-aaꞌi dhu jꞌajꞌi dhèu aaꞌi-aaꞌi ètu dꞌara aaꞌi-aaꞌi.","De mai ka, ji'i tao ama ji'i j'aj'i anggor, sèna ka ji'i pajuu-paleha dènge ne, sèna ka ama ji'i abhu ana pajuu-paleha.",eng,nfa,English,Dhao,8.9345,4.5297,8.4651
"they made their father drink wine that night: and the firstborn went in, and lay with her father. he didn't know when she lay down, nor when she arose.","ka ropa d'ai mèda, dua ra hia ama ra ninu èi anggor toke mahu. hèia ana bhèni uru èèna, la'e j'unu dènge ama na. lula ama na dhu mahu ae, ka ne'a boe nèngu dhu j'unu dènge ana na.","Èle èèna ka, dhèu aae rèti anggor ètu dꞌara bèdho. Hèia ana keledꞌei ne maso asa dꞌara èmu na, ho jꞌajꞌi dhèu èmu-kamali dènge ama na. Te ngaa ama na reꞌa boe, na, ana ne lèpa hari, do aadꞌo.","Ètu d'ara bèdho èèna ka, ra pahinu ama ra anggor. Hèia ana keled'ei ne maso asa d'ara èmu na, ho j'aj'i dhèu èmu-kamali dènge ama na. Te ngaa ama na re'a boe, na, ropa ana ne j'unu, do ropa na kèd'i.",eng,nfa,English,Dhao,2.8507,5.3015,5.4176
"it came to pass on the next day, that the firstborn said to the younger, behold, i lay last night with my father. let's make him drink wine again tonight. you go in, and lie with him, that we may preserve our father's family line.","hèia asa bèli èèna, a'a na peka dènge ari na, aku nèngu na, mèda deo na, ja'a j'unu le dènge ama èdhi. de mèda ne'e, èu kèna. èdhi hia ne hari ninu mahu, ho lamu j'unu dènge ne. sèna ka èdhi dua ti abhu ana, ho hia ana-èpu mi ama èdhi.","Asa bèli èèna, ana keledꞌei ne peka dènge ana keledꞌei ne, aku nèngu na, ""Tareꞌa, jaꞌa lala ètu èèna dènge ama ku. Masi ka ètu neꞌe, jiꞌi tao ne jꞌajꞌi anggor dhu naꞌa hari. De èu hudꞌi laꞌe lala dènge ne, sèna ka jiꞌi bisa jꞌajꞌi ana-èpu ama jiꞌi.""","Asa bèli èèna, ana uuru ne peka dènge ana limuri ne, aku nèngu na, ""Tareꞌa, jaꞌa lala mèda èèna dènge ama ku. Masi ka ètu neꞌe, jiꞌi tao ne nginu anggor dhu naꞌa hari. De èu hudꞌi laꞌe lala dènge ne, sèna ka jiꞌi bisa jꞌajꞌi ana-èpu ama jiꞌi.""",eng,nfa,English,Dhao,1.336,1.7418,1.5837
"they made their father drink wine that night also. the younger went and lay with him. he didn't know when she lay down, nor when she got up.","ka d'ara mèda na, dua ra hia hari ama ra ninu mahu. ka ana bhèni limuri ne, la'e ka j'unu dènge ama na. te ngaa, lula ama ra dhu mahu titu kèna, nèti èèna ka, ne'a boe ngaa dhu nèngu tao mi dedha ana bhèni na.","Èle èèna ka, dhèu aae rèti anggor hia ama ra, sèna ka ra naꞌa èi anggor. Ka ana keledꞌei ne lèpa dènge ama na. Te ngaa ama na reꞌa boe, na, ana ne lèpa dènge ama na.","Èle èèna ka, ra rèti anggor hia ama ra, sèna ka ama ra naꞌa èi anggor. Ka ana keledꞌei ne lèpa dènge ama na. Te ngaa ama na reꞌa boe, lod'o na lèpa, do lod'o na kèd'i.",eng,nfa,English,Dhao,-0.0546,0.1843,-0.132
thus both of lot's daughters were with child by their father.,"dènge j'ara ne'e ne ka, dua ra dènge babia nèti ama d'èlu rèngu.","Èle èèna ka, bèli-camèdꞌa ana bhèni Lot, bèli-camèdꞌa bèli-camèdꞌa bèli-camèdꞌa dènge ama ra.","Èle èèna ka, bèli-camèdꞌa ana bhèni Lot dènge babia dènge ama ra.",eng,nfa,English,Dhao,10.0258,12.838,12.9454
"the firstborn bore a son, and named him moab. he is the father of the moabites to this day.",hèia ana bhèni uru èèna nara iisi ana mone ca dhèu. ka na pangare na moab dhu sasoa na ‘mai nèti ama'. ana ne'e ka dhu j'aj'i bèi-baki nèti dhèu moab.,"Hèia ana mone kapai ne nara iisi ana mone ca dhèu. Ka na pangare ne, Moab. Nèti èèna ka, dhèu Moab aaꞌi-aaꞌi ra jꞌajꞌi dhèu aaꞌi-aaꞌi, toke dꞌai sange neꞌe.","Hèia ana mone kapai ne nara iisi ana mone ca dhèu. Ka na pangare ne, Moab. Nèngu ka matana dhèu Moab toke d'ai sange ne'e.",eng,nfa,English,Dhao,1.3651,-1.6555,-0.1297
"the younger also bore a son, and called his name ben ammi. he is the father of the children of ammon to this day.","ka ana bhèni limuri ne, nara iisi ana mone èci kahèi. na pangare na ben ami dhu sasoa na ‘mai nèti dhèu ja'a'. ana ne ka dhu j'aj'i bèi-baki nèti dhèu amon.","Ana dhu kapai èèna jꞌajꞌi ana mone kahèi. Hèia na paroa ne, Ben-ami. Nèngu jꞌajꞌi le ama dhèu Amon, toke dꞌai sange neꞌe.","Ana dhu kapai èèna jꞌajꞌi ana mone kahèi. Hèia na paroa ne, Ben-ami. Nèngu jꞌajꞌi le ama ana-ana Amon, toke dꞌai sange neꞌe.",eng,nfa,English,Dhao,-0.2997,0.6234,0.0661
"abraham traveled from there toward the land of the south, and lived between kadesh and shur. he lived as a foreigner in gerar.","èle èèna, ka abraham nèti mamre, pidha asa rai negeb, dhu ètu re balèu, ka na pea ètu talora rae kades, dènge rae syur. te ngaa na pea nèbhu boe, ka pidha hari asa rae gerar.","Èle èèna ka, Abraham tèke eele nèti èèna, laꞌe asa rai-haha ne, ka na pea ètu era èèna, nèti Kadesh toke Sur. Ètu era neꞌe, Abraham pea ètu rai-haha ne, ka na pea ètu rai-haha ne, nuka sèmi dhèu leo dhu pea ètu rai-haha ne. Nèti èèna ka, Abraham pea ètu rai-haha ne, ka na pea ètu rai-haha ne, nuka sèmi dhèu leo dhu pea ètu rai-haha ne. Nèti èèna ka, na pea ètu rai-haha ne, nuka sèmi dhèu leo dhu pea ètu rai-haha ne.","Èle èèna ka, Abraham tèke eele la'e asa rai-haha ne, ka na pea ètu era nèti Kadesh toke Sur. Na pea sèmi dhèu leo ètu Gerar.",eng,nfa,English,Dhao,5.7563,-3.1521,-0.1178
"abraham said about sarah his wife, she is my sister. abimelech king of gerar sent, and took sarah.","hèia na peka dènge dhèu ètu sèra, aku nèngu na, sara ne, ana hèni ja'a. nèti èèna ka, abimelek dhèu aae gerar, pua dhèu lasi lii d'ai sara. ka nèti ne mai asa d'ara èmu dhèu aae.","Hèia Abraham pangee, na, Sara ne, dhèu èmu na. Hèia Abimelek, dhèu aae Gerar, laꞌe paꞌèki dènge Sara.","Hèia Abraham pangee, na, Sara ne, a'ari ja'a. Hèia Abimelek, dhèu aae Gerar, hia, ka pa'èki Sara.",eng,nfa,English,Dhao,1.3627,-0.4317,-0.5935
"but god came to abimelech in a dream of the night, and said to him, behold, you are a dead man, because of the woman whom you have taken; for she is a man's wife.","d'ara ca mèda sa, ama lamatua pad'elo iisi na dènge dhèu aae ètu d'ara nii. na peka, mamadhe èu ne dètu kèna! lula èu more dhèu èmu dhèu.","Te ngaa ètu dꞌara mèda èèna, Ama Lamatua mai paraga dènge Abimelek ètu dꞌara èmu na, ka Na padhai lii dènge ne, aku Nèngu na, ""Èu hudꞌi madhe ku, lula èu paꞌèci dènge dhèu èmu èu ne.""","Te ngaa ètu dꞌara mèda èèna, Ama Lamatua mai paraga dènge Abimelek ètu dꞌara nii, ka Na padhai lii dènge ne, aku Nèngu na, ""Ladhe! Èu hudꞌi madhe ku, lula èu paꞌèci dènge dhèu bhèni dhu èu nare ne, te nèngu ne, dhèu èmu dhèu mone ca dhèu.""",eng,nfa,English,Dhao,1.4987,5.3436,4.0773
"now abimelech had not come near her. he said, lord, will you kill even a righteous nation? didn't he tell me, ‘she is my sister'? she, even she herself, said, ‘he is my brother. ' i have done this in the integrity of my heart and the innocence of my hands.","hèia abimelek dhaa, peka na, lamatua! ja'a dhae pa'èci mèka dènge bhèni na. aa ja'a sasala aad'o. abraham unu na ka dhu peka, bhèni na, ana hèni nèngu! aa bhèni na dhaa sèmi èèna kahèi. nèti èèna ka, ja'a hia dhèu lasi lii d'ai ne, dènge d'ara mola. de lamatua baku pad'ui ja'a sasala!","Ropa tadèngi lii padhai Abimelek, hèia na karèi ne, aku nèngu na, ""Ama! Èu neo pamadhe dhèu dhu dꞌara mola, do?"" Hèia na karèi ne, aku nèngu na, 'Nèngu ne, aꞌari jaꞌa.' Hèia na karèi, aku nèngu na, 'Nèngu ne, aꞌari jaꞌa.' Jaꞌa tao sèmi èèna, lula dꞌara jaꞌa mola-mèci, aa dꞌara jaꞌa mola-mèci.","Abimelek j'unu pa'èci boe dènge nèngu. Hèia na karèi, aku nèngu na, ""Ama! Èu neo pamadhe suku dhu d'ara mola, do? Nèngu peka boe mi ja'a, na, 'Nèngu ne, a'ari ja'a bhèni,' do? Nèngu kahèi peka na, 'Nèngu ne, a'ari ja'a mone.' Ja'a tao sèmi èèna, lula d'ara ja'a mola-mèci, aa kacui-aai ja'a mola-mèci.""",eng,nfa,English,Dhao,7.3981,4.5786,4.7965
"god said to him in the dream, yes, i know that in the integrity of your heart you have done this, and i also withheld you from sinning against me. therefore i didn't allow you to touch her.","ka lamatua dhaa, peka na, tare'a. mema ja'a ke'a d'ara èu mola. nèti èèna ka, ja'a ka dhu taha èu, ho baku pa'èci dènge ne. dènge j'ara sèmi èèna, èu tao boe sala mi ja'a hèi.","Èle èèna ka, Ama Lamatua padhai lii dènge ne, aku Nèngu na, ""Jaꞌa keꞌa le, na, èu tao jꞌara ne dènge dꞌara mola. Nèti èèna ka, Jaꞌa dꞌèi boe èu tao sala mi Jaꞌa. Nèti èèna ka, Jaꞌa dꞌèi boe èu tao jꞌara ne.","Èle èèna ka, Ama Lamatua padhai lii dènge ne ètu d'ara nii, aku Nèngu na, ""Ja'a ke'a le, na, èu tao j'ara ne dènge d'ara mola. Nèti èèna ka, Ja'a kahèi d'èi boe èu tao sala mi Ja'a. Nèti èèna ka, Ja'a d'èi boe èu gai lèke ne.""",eng,nfa,English,Dhao,6.8613,6.8701,4.8258
"now therefore, restore the man's wife. for he is a prophet, and he will pray for you, and you will live. if you don't restore her, know for sure that you will die, you, and all who are yours.","de èu mèti hari ka bhèni ne, lèpa sa dhèu èmu na. mone na ka dhu nèti lii padhue-padhai ja'a. de lamu manèngi ne, sèna ka na sabaj'a hia èu, ho èu baku madhe. sanèd'e paie! ladhe èu hia boe bhèni na lèpa, èu dènge kabarai èu madhe aa'i mèu-mèu.","Nèti èèna ka, èu hudꞌi lèpa hari bhèni dhèu èmu èu. Nèngu ne, dhèu nèti lii padhai Ama Lamatua. Nèngu hudꞌi sabajꞌa hia èu, sèna ka èu mamuri hari. Te ngaa ladhe èu baku lèpa hari bhèni dhèu èmu èu, èu dènge dhèu aaꞌi-aaꞌi èu hudꞌi madhe.","Nèti èèna ka, èu hudꞌi lèpa hari bhèni dhèu èmu èu. Nèngu ne, dhèu nèti lii padhai Ama Lamatua. Nèngu hudꞌi sabajꞌa hia èu, sèna ka èu mamuri hari. Te ngaa ladhe èu baku lèpa hari bhèni dhèu èmu èu, sanèd'e paie-iie, na, èu dènge dhèu aaꞌi-aaꞌi èu hudꞌi madhe.",eng,nfa,English,Dhao,1.2318,4.5119,3.34
"abimelech rose early in the morning, and called all his servants, and told all these things in their ear. the men were very scared.","bèli mad'ae aae èèna, dhèu aae pakaboko nare dhèu-dhèu kapai na aa'i-aa'i, ka na lolo lii nii na. hèia aa'i-aa'i ra madha'u.","Bèli madꞌae èèna, Abimelek kèdꞌi, ka na paroa dhèu sabꞌa na aaꞌi-aaꞌi ra. Ka na peka dènge rèngu aaꞌi-aaꞌi ra, aaꞌi-aaꞌi ra madhaꞌu aaꞌi-aaꞌi ra.","Mad'ae aae era, Abimelek kèd'i, ka na paroa dhèu sab'a na aa'i-aa'i ra. Ka na paholo j'ara ne'e aa'i-aa'i ètu d'ara kama ra. Rèngu madha'u titu kèna.",eng,nfa,English,Dhao,19.161,10.3831,9.3522
"then abimelech called abraham, and said to him, what have you done to us? how have i sinned against you, that you have brought on me and on my kingdom a great sin? you have done deeds to me that ought not to be done!","ka dhèu aae paroa abraham. na karèi, aku nèngu na, ja'a tao sala ngaa mi èu, ka èu neo paj'èra ja'a dènge kabarai ja'a? èu ne ele-ho'a ka dènge tao madha j'ara sèmi ne'e ne.","Èle èèna ka, Abimelek paroa Abraham, ka na karèi ne, aku nèngu na, ""Èu tao jiꞌi ngaa? Jaꞌa tao sala ngaa ètu madha èu, sèna ka èu tao sala ae-ae mi jaꞌa dènge dhèu aaꞌi-aaꞌi dhu jꞌajꞌi dhèu aaꞌi-aaꞌi ètu rai-haha ne? Èu tao jaꞌa jꞌajꞌi dhèu bhelu-katubꞌa.","Èle èèna ka, Abimelek paroa Abraham, ka na karèi ne, aku nèngu na, ""Èu tao jiꞌi ngaa? Jaꞌa tao sala ngaa ètu madha èu, sèna ka èu tao sala ae-ae mi jaꞌa dènge rai-haha jaꞌa? Èu tao tatao mi jaꞌa dhu hud'i boe tao!""",eng,nfa,English,Dhao,3.631,-0.2397,-0.1452
"abimelech said to abraham, what did you see, that you have done this thing?","ngangee èu tasamia ka, mu tao sèmi ne'e ne?","Hèia Abimelek karèi Abraham, aku nèngu na, ""Ama! Nga tao ka èu tao jꞌara ne?""","Hèia Abimelek karèi Abraham, aku nèngu na, ""Nga rèdhi ka èu tao j'ara ne?""",eng,nfa,English,Dhao,0.2988,-0.7752,-0.4032
"abraham said, because i thought, ‘surely the fear of god is not in this place. they will kill me for my wife's sake. '","ka abraham dhaa, peka na, ama dhèu aae! ja'a pangee na, miu aa'i-aa'i mi, kabarai ne dhèu dhu tadhe boe ama lamatua. de ele boe cahag'e neo pamadhe ja'a, sèna ka parame rare dhèu èmu ja'a.","Èle èèna ka, Abraham dhaa, aku nèngu na, 'Jaꞌa pangee, na, dhèu aaꞌi-aaꞌi ètu rai-haha ne dꞌèi boe madhaꞌu mi Ama Lamatua. Ladhe sèmi èèna, rèngu neo pamadhe jaꞌa, lula jaꞌa jꞌajꞌi dhèu èmu jaꞌa ne.'","Èle èèna ka, Abraham dhaa, aku nèngu na, 'Jaꞌa pangee, na, dhèu aaꞌi-aaꞌi ètu rai-haha ne dꞌèi boe madhaꞌu mi Ama Lamatua. Ladhe sèmi èèna, rèngu neo pamadhe jaꞌa, lula jaꞌa jꞌajꞌi dhèu èmu jaꞌa ne.'",eng,nfa,English,Dhao,0.0,0.0,0.0
"besides, she is indeed my sister, the daughter of my father, but not the daughter of my mother; and she became my wife.","mema ja'a dhu peka tare'a, nèngu ne, ana hèni ja'a. lula ji'i dua mi ca ama, te ngaa ina baka-leo. nèti èèna ka, ji'i dua mi paleo.","Dènge jꞌara neꞌe, na, nèngu ne, aꞌari jaꞌa. Nèngu ne, ana nèti ama jaꞌa, te ngaa nèti ina jaꞌa. Nèti èèna ka, na jꞌajꞌi dhèu èmu jaꞌa.","Dènge jꞌara neꞌe, na, nèngu ne, mema aꞌari jaꞌa. Nèngu ne, ana nèti ama jaꞌa, te ngaa ana nèti ina jaꞌa boe. Nèti èèna ka, na jꞌajꞌi dhèu èmu jaꞌa.",eng,nfa,English,Dhao,-0.6241,1.7337,1.2449
"when god caused me to wander from my father's house, i said to her, ‘this is your kindness which you shall show to me. everywhere that we go, say of me, he is my brother. '","ka ropa ama lamatua pua ji'i ho tèke eele era paleo-palu'u ji'i, lod'o èèna ja'a peka dènge dhèu èmu ja'a, aku ja'a na, ‘ladhe èdhi lati asa era leo, ho dhèu karèi èu, dhu èdhi se dhèu èmu-kamali, ladhe èu dhu sue ja'a, na dhaa la, peka na èdhi se, dua ti pa'a'ari. '","Èle èèna ka, Ama Lamatua pajꞌujꞌu jaꞌa nèti èmu ama ku. Ka jaꞌa peka dènge ne, aku nèngu na, 'Ladhe èu padꞌelo dꞌara hua iia èu mi jaꞌa, na, èu hudꞌi padꞌelo dꞌara hua iia èu mi jaꞌa ètu mia-mia.'","Èle èèna ka, Ama Lamatua pajꞌujꞌu jaꞌa nèti èmu ama ku. Ka jaꞌa peka dènge ne, aku nèngu na, 'Èèna na d'ara hua iia dhu èu hud'i pad'elo mi ja'a. Ètu mia-mia dhu èdhi kako, peka lula-nèti ja'a, na, nèngu ne a'ari ja'a.'",eng,nfa,English,Dhao,5.9303,5.8581,6.2594
"abimelech took sheep and cattle, male servants and female servants, and gave them to abraham, and restored sarah, his wife, to him. abimelech said, behold, my land is before you. dwell where it pleases you. to sarah he said, behold, i have given your brother a thousand pieces of silver. behold, it is for you a covering of the eyes to all that are with you. in front of all you are vindicated.","èle èèna ka, dhèu aae abimelek pangèd'u hari sara la'e asa abraham. ka na peka dènge sara, èèna na, ja'a hia ana mone mu doi iia ca riho, sèna ka j'aj'i tadha ja'a tao boe sala ngaa-ngaa mi èu. ho hud'i sène, dhèu aa'i-aa'i ra re'a! hèia dhèu aae peka dènge abraham, aku nèngu na, kabarai ja'a ne, dhu bhoke tèke hia èu. èu neo pea mi era mia èèna ka, ja'a hia èu. ka abimelek hia abraham sapi, kahib'i-ka'ia, dènge kahib'i-kalèbho. na hia kahèi ènu dhèu mone dènge dhèu bhèni.","Èle èèna ka, Abimelek kèpe kahibꞌi-kalèbho dènge kahibꞌi-kalèbho dènge kahibꞌi-kalèbho dènge kahibꞌi-kalèbho dènge kahibꞌi-kalèbho dènge kahibꞌi-kalèbho dènge kahibꞌi-kalèbho dènge kahibꞌi-kalèbho dènge kahibꞌi-kalèbho dènge kahibꞌi-kalèbho dènge kahibꞌi-kalèbho dènge kahibꞌi-kalèbho dènge kahibꞌi-kalèbho dènge kahibꞌi-kalèbho dènge kahibꞌi-kalèbho dènge kahibꞌi-kalèbho dènge kahibꞌi-kalèbho dènge kahibꞌi-kalèbho dènge kahibꞌi-kalèbho dènge kahibꞌi-kalèbho dènge kahibꞌi-kalèbho dènge kahibꞌi-kalèbho dènge kahibꞌi-kalèbho dènge kahibꞌi-kalèbho, sèna kahibꞌi-kalèbho dènge kahibꞌi-kalèbho dènge kahibꞌi-kalèbho dènge kahibꞌi-kalèbho dènge kahibꞌi-kalèbho dènge kahibꞌi-kalèbho dènge kahibꞌi-kalèbho.","Èle èèna ka, Abimelek kèpe kahib'i-kalèbho dènge sapi, dhèu sab'a mone dènge dhèu sab'a bhèni, aa hia si mi abraham, aa pabalik Sara, dhèu èmu na, mi nèngu. Abimelek peka na, kaca'a laa, rai ja'a ètu madha miu. Miu pea ètu mia dhu pakarej'e d'ara miu. Na peka mi Sara, kaca'a laa, ja'a hia le a'ari mu doi iia ca riho bua. Kaca'a laa, èèna na, miu unu pa'abhe kab'a musi madha mi aa'i-aa'i dhèu dhu pa'èci dènge miu. Ètu madha dhèu aa'i-aa'i, miu dhu lèke.",eng,nfa,English,Dhao,19.6506,21.8322,23.9908
"abraham prayed to god. so god healed abimelech, his wife, and his female servants, and they bore children. for the lord had closed up tight all the wombs of the house of abimelech, because of sarah, abraham's wife.","uru èèna, lula abimelek nare dhèu èmu abraham, ka lamatua hutu eele era ana nèti bhèni aa'i-aa'i dhu pea ètu kabarai dhèu aae èèna. te ngaa ropa abimelek hia sara lèpa hari sa dhèu èmu na, ka abraham sabaj'a ho lamatua bhoke hari era ana nèti bhèni se. ka ra abhu hari ana.","Hèia Abraham manèngi-mangajꞌi mi Ama Lamatua. Hèia Ama Lamatua puri-paꞌèle dhèu aae Abimelek, dènge dhèu bhèni na, dènge dhèu bhèni na kahèi. Hèia ra abhu ana. Te Ama Lamatua bhoke eele aaꞌi ana-èpu aaꞌi-aaꞌi nèti dhèu aaꞌi-aaꞌi nèti dhèu aaꞌi-aaꞌi nèti dhèu aaꞌi-aaꞌi nèti dhèu aaꞌi-aaꞌi nèti dhèu aaꞌi-aaꞌi nèti dhèu aaꞌi-aaꞌi nèti dhèu aaꞌi-aaꞌi nèti dhèu aaꞌi-aaꞌi nèti dhèu aaꞌi-aaꞌi nèti dhèu aaꞌi-aaꞌi nèti dhèu aaꞌi-aaꞌi nèti dhèu aaꞌi-aaꞌi nèti dhèu aaꞌi-aaꞌi ra.","Hèia Abraham manèngi-mangajꞌi mi Ama Lamatua. Hèia Ama Lamatua puri-paꞌèle dhèu aae Abimelek, dènge dhèu bhèni na, dènge dhèu sab'a bhèni na sèra. Hèia ra abhu ana. Te Ama Lamatua dhu tao bhoke eele aa'i rara iisi nèti èmu Abimelek, lula Sara, dhèu bhèni Abraham.",eng,nfa,English,Dhao,4.8089,4.3152,6.0859
"the lord visited sarah as he had said, and the lord did to sarah as he had spoken. sarah conceived, and bore abraham a son in his old age, at the set time of which god had spoken to him. abraham called his son who was born to him, whom sarah bore to him, isaac. abraham circumcised his son, isaac, when he was eight days old, as god had commanded him. abraham was one hundred years old when his son, isaac, was born to him. sarah said, god has made me laugh. everyone who hears will laugh with me. she said, who would have said to abraham that sarah would nurse children? for i have borne him a son in his old age.","èle èèna ka, lamatua hia sara mèngi-nale madhutu lii pajaji na. lod'o sara dènge babia, abraham dhu heka le. ropa sara nara iisi, umur abraham d'ai cangasu tèu kèna. lod'o sara d'ai hèru, ka nara iisi ana mone ca dhèu. ka abraham pangare ne, isak dhu sasoa na ‘na mari'. sara peka hèi, aku nèngu na, ama lamatua tao ja'a mari, lula ja'a karej'e. dhèu ae ka dhu pangee na, ja'a ètu d'ara heka sèmi ne'e ne, abhu heka ana. masi ka dhèu èmu ja'a heka bhoro le, te ja'a bisa kora iisi ana hia ne. èèna na, ladhe dhèu tadèngi j'ara ne'e, rèngu aa'i-aa'i ra mari kahèi dènge ja'a ne. ropa isak d'ai aru lod'o, abraham suna ne, madhutu paredha ama lamatua.","Èle èèna ka, Lamatua laꞌe paraga dènge Sara, sèna ka na tao madhutu lii padhai na. Sara dhaa, aku nèngu na, ""Ama Lamatua ka dhu pangèdꞌu dꞌara jaꞌa. Dhèu aaꞌi-aaꞌi dhu tadèngi lii padhai Ama Lamatua peka dènge ne, nèngu jꞌajꞌi le dhèu aaꞌi-aaꞌi. Nèti èèna ka, Abraham ngara ana na Isak. Èle èèna ka, Abraham suna ana na Isak, lodꞌo na canguru tèlu lodꞌo. Èle èèna ka, Abraham suna ana na Isak, sama sèmi dhu Lamatua peka dènge ne. Èle èèna ka, Sara dhaa, aku nèngu na, ""Lamatua ka dhu pangèdꞌu dꞌara jaꞌa. Dhèu aaꞌi-aaꞌi dhu tadèngi lii padhai na, aaꞌi-aaꞌi ra pakabꞌua jaꞌa kahèi."" Hèia Sara dhaa, aku nèngu na, ""Sèmi neꞌe ne, cee ka dhu bisa peka dènge Abraham, na, jaꞌa bhèli le ana mone nèti Sara, lodꞌo na dhèu aaꞌi-aaꞌi.""","Èle èèna ka, Lamatua laꞌe paraga dènge Sara, sèna ka na tao madhutu lii padhai na. Sara dènge babia, aa nara iisi ana mone mi Abraham lod'o na heka bhora le, madhutu lod'o dhu Lamatua peka mema dènge ne. Abraham ngara ana na Isak. Abraham suna ana na Isak, lod'o na aru lod'o, sama sèmi dhu Lamatua peka dènge ne. Abraham umur cangasu tèu kèna lod'o ana na, Isak, nara iisi mi nèngu. Sara dhaa, aku nèngu na, ""Lamatua tao ja'a ngèdhi. Dhèu aa'i-aa'i dhu tadèngi ne, ra ngèdhi dènge ja'a kahèi."" Hèia Sara dhaa, aku nèngu na, ""Cee ka dhu bisa peka dènge Abraham, na, Sara neo pasusu ana-ana? Te ja'a nara iisi le ana mone mi nèngu lod'o na heka bhora le.""",eng,nfa,English,Dhao,13.3715,10.7052,10.8461
the child grew and was weaned. abraham made a great feast on the day that isaac was weaned.,"isak kapai ka noo-noo. ropa oe d'ai lod'o luri susu, abraham tao tatao aae.","Ropa ana ne jꞌajꞌi kapai, hèia Abraham tao hèbꞌa-hèbꞌa dhu kapai ètu dꞌara èmu na. Èle èèna ka, Abraham tao hèbꞌa-hèbꞌa dhu kapai ètu dꞌara èmu na.","Ropa ana ne j'aj'i kapai, aa èle èi susu na. Abraham tao hèb'a-hèb'a dhu kapai ètu d'ara èmu na, ropa Isak èle èi susu na.",eng,nfa,English,Dhao,1.1122,6.6235,5.9669
"sarah saw the son of hagar the egyptian, whom she had borne to abraham, mocking. therefore she said to abraham, cast out this servant and her son! for the son of this servant will not be heir with my son, isaac.","ca tèke, sara ladhe nèdhi ismael, ana nèti dhèu èmu limuri abraham, padadisi dènge isak. ropa nèdhi sèmi èèna, sara peka dènge dhèu èmu na, bège eele ènu masir nèi dènge ana na! te, ja'a ko'o boe ana ènu èèna unu pusaka, masi ka ciki oo'e èèna ka. dhoka ana ja'a isak di, dhu abhu sèra aa'i-aa'i.","Èle èèna ka, Sara ladhe nèdhi ana na, dhèu Masir, dhu na nara iisi dènge Abraham. Hèia na peka dènge Abraham, aku nèngu na, ""Ladhe sèmi èèna, laꞌe eele ana èu ne dènge ana èu ne. Te ana èu ne, nèngu heka abhu boe pusaka sama-sama dènge ana jaꞌa, Isak.""","Sara ladhe nèdhi ana Hagar, dhèu Masir, dhu na nara iisi dènge Abraham, ladhe leko-monya. Hèia na peka dènge Abraham, aku nèngu na, ""Laꞌe eele sab'a ne dènge ana na! Te ana sab'a ne, nèngu heka abhu boe pusaka sama-sama dènge ana jaꞌa, Isak.""",eng,nfa,English,Dhao,-1.8176,-3.2206,-3.5775
the thing was very grievous in abraham's sight on account of his son.,"ropa abraham tadèngi lii padhai sara ne, ka d'ara na ako be'a boe, lula ismael ne, ana d'èlu na kahèi.","Hèia Abraham pangee, na, bèli-camèdꞌa jꞌajꞌi dhèu aaꞌi-aaꞌi dhu jꞌajꞌi dhèu aaꞌi-aaꞌi ètu dꞌara jꞌara neꞌe. Nèti èèna ka, dhèu aaꞌi-aaꞌi dhu jꞌajꞌi dhèu aaꞌi-aaꞌi dhu jꞌajꞌi dhèu aaꞌi-aaꞌi dhu jꞌajꞌi dhèu aaꞌi-aaꞌi dhu jꞌajꞌi dhèu aaꞌi-aaꞌi dhu jꞌajꞌi dhèu aaꞌi-aaꞌi. Nèti èèna ka, dhèu aaꞌi-aaꞌi dhu jꞌajꞌi dhèu aaꞌi-aaꞌi dhu jꞌajꞌi dhèu aaꞌi-aaꞌi.",J'ara ne bèli-camèd'a susa d'ara Abraham lula ana na.,eng,nfa,English,Dhao,4.0991,2.6971,6.3421
"god said to abraham, don't let it be grievous in your sight because of the boy, and because of your servant. in all that sarah says to you, listen to her voice. for your offspring will be named through isaac.","te ngaa ama lamatua lii dènge abraham, peka na, abraham! èu baku ngee pa'ae dhèu èmu limuri èu, dènge ana na. madhutu la dad'èi sara ne, lula bèli-camèd'a, èu abhu ana-èpu dhu ja'a moa tèke èèna, nèti isak ne'e ka.","Èle èèna ka, Ama Lamatua peka dènge Abraham, aku Nèngu na, ""Sèmi neꞌe! Jaꞌa manèngi sèna ka èu nanene ngaa dhu Sara peka dènge èu. Jaꞌa manèngi sèna ka ana-èpu èu jꞌajꞌi dhèu dhu jꞌajꞌi ana-èpu èu, nuka Isak.","Èle èèna ka, Ama Lamatua peka dènge Abraham, aku Nèngu na, ""Sèmi ne'e! Mage d'ara èu susa lula-nèti ana mone ne, dènge lula-nèti ana sab'a èu. Ja'a manèngi sèna ka èu nanene ngaa dhu Sara peka dènge èu. Te ana-èpu èu dhu dènge ngara nèti Isak.""",eng,nfa,English,Dhao,0.922,4.8108,4.0198
"i will also make a nation of the son of the servant, because he is your child.","te ngaa ja'a hia kahèi mèngi-nale mi ana nèti dhèu èmu limuri mu, lula nèngu ne, ana d'èlu èu kahèi. bèli-camèd'a, ana-èpu na j'aj'i suku èci kahèi.","Bèli-camèdꞌa Jaꞌa tao ana-èpu èu ne jꞌajꞌi dhèu rai-haha, lula nèngu jꞌajꞌi ana-èpu èu kahèi.","Ja'a kahèi tao ana-èpu sab'a ne j'aj'i dhèu rai-haha, lula nèngu j'aj'i ana-èpu èu.",eng,nfa,English,Dhao,-2.6933,-3.7239,-3.1677
"abraham rose up early in the morning, and took bread and a container of water, and gave it to hagar, putting it on her shoulder; and gave her the child, and sent her away. she departed, and wandered in the wilderness of beersheba.","bèli mad'ae aae èèna, abraham tao gee j'ara hia hagar, aa na kadhoe èi d'ara babo'i cue mi kabela-kao na. hèia na patabuli ka bhèni ne dènge ana na ismael, ho lasi. ka ra kako palème d'ara mamoo dhu dètu dènge beer-syeba.","Bèli èèna, bèli-bèli èèna, Abraham kèdꞌi titu kèna. Hèia na kèpe roti dènge dꞌara èi èci, ka na hia Hagar. Na kèpe ana ne asa hèbꞌa na. Hèia na pua ana ne lèpa hari. Èle èèna ka, Hagar lèpa hari laꞌe asa dꞌara mamoo Beer-Sheba.","Bèli èèna, bèli-bèli èèna, Abraham kèdꞌi titu kèna. Hèia na kèpe roti dènge dꞌara èi èci, ka na hia Hagar, na kèpe ne asa hèbꞌa na. Hèia na hia ana ne mi nèngu, ka na pua nèngu lèpa hari. Èle èèna ka, Hagar lèpa hari, ka na lolo-lolo ètu dꞌara mamoo Beer-Sheba.",eng,nfa,English,Dhao,-0.4876,1.3118,0.716
"the water in the container was spent, and she put the child under one of the shrubs.","ropa èle èi rinu ra, hagar tèke eele ana na ètu d'ara mamaho aj'u iiki ca kapua.","Èle èèna ka, bèli-camèdꞌa èi ètu dꞌara kètu èèna èle. Hèia bhèni ne tèke ana ne asa dꞌara ajꞌu èci.",Èi ètu dꞌara kètu èèna èle. Hèia bhèni ne tèke ana ne ètu haha ajꞌu èci.,eng,nfa,English,Dhao,1.4928,-4.1091,-3.5346
"she went and sat down opposite him, a good way off, about a bow shot away. for she said, don't let me see the death of the child. she sat opposite him, and lifted up her voice, and wept.","ka na pangee ètu d'ara na, d'ara ja'a la'e boe, ladhe ja'a kèdhi mamadhe ana ja'a. ka na madhèdi ako kaj'èu nèti ana na, pe d'ai lèmi nguru meter sa. ka na tangi dènge lii roma iisi.","Hèia ana bhèni ne laꞌe madhèdi padètu dènge dhèu neꞌe. Nèti èèna ka, na paroa, aku nèngu na, ""Beꞌa risi jaꞌa ladhe mèdhi ana ne madhe."" Ka ana bhèni ne madhèdi padètu dènge dhèu neꞌe, hèia na tangi.","Hèia ana bhèni ne laꞌe madhèdi padètu dènge dhèu neꞌe, j'ara dhu baboa, sèmi j'ara dhu pana. Nèti èèna ka, na paroa, aku nèngu na, ""Beꞌa risi jaꞌa ladhe mèdhi ana ne madhe."" Ka ana bhèni ne madhèdi padètu dènge dhèu neꞌe, hèia na pa'oo, hèia na tangi.",eng,nfa,English,Dhao,-0.4396,3.6775,2.0461
"god heard the voice of the boy. the angel of god called to hagar out of the sky, and said to her, what troubles you, hagar? don't be afraid. for god has heard the voice of the boy where he is.","lula ama lamatua dhu tadèngi lii tangi ismael, ka ana pajuu na mai nèti sorga, ka paroa hagar, aku nèngu na, hagar! nga tao ka, èu j'èra ae sèmi ne'e ne? baku madha'u ia ka, te lamatua tadèngi le lii tangi ana èu.","Hèia Ama Lamatua tadèngi lii ana pajuu Na. Hèia ana pajuu Na èci nèti sorga paroa Hagar, aku nèngu na, ""Hagar! Baku madhaꞌu, te Ama Lamatua tadèngi lii ana ne.","Hèia Ama Lamatua tadèngi lii ana ne. Hèia ana pajuu Na èci nèti sorga paroa Hagar, aku nèngu na, ""Ngaa dhu tao d'ara èu susa, Hagar? Baku madhaꞌu, te Ama Lamatua tadèngi lii ana ne ètu era nèngu pea.""",eng,nfa,English,Dhao,1.6672,3.8176,2.9
"get up, lift up the boy, and hold him with your hand. for i will make him a great nation.","de kèd'i lamu more ana nèi. pa'èra d'ara na, te bèli-camèd'a ja'a paj'aj'i ana-èpu na, suku èci dhu kapai.",Èu hudꞌi kèdꞌi ku dènge kacui-aai mi ana ne. Te Jaꞌa tao nèngu jꞌajꞌi dhèu unu kapai.,"Èu hudꞌi kèdꞌi, boti ana ne, aa kèpe nèngu dènge kacui-aai èu. Te Jaꞌa tao nèngu jꞌajꞌi dhèu unu kapai.",eng,nfa,English,Dhao,0.2929,1.204,1.6134
"god opened her eyes, and she saw a well of water. she went, filled the container with water, and gave the boy a drink.","ka ama lamatua pasaraa musi madha na. cag'ag'a laa nèdhi dènge, èi ca madha ètu era èèna. hèia la'e soli èi asa d'ara babo'i, ka na panginu ana na ismael.","Èle èèna ka, Ama Lamatua bhoke musi madha ana bhèni ne. Hèia na ladhe nèdhi èi èi èi èi. Hèia na laꞌe dènge ana bhèni ne, ho naꞌa èi èi èi.","Ama Lamatua bhoke musi madha ana bhèni ne. Hèia na ladhe nèdhi mata èi. Hèia na laꞌe, na papènu kalera dènge èi, hèia na hia ana mone ne nginu.",eng,nfa,English,Dhao,0.0577,4.614,3.4421
"god was with the boy, and he grew. he lived in the wilderness, and as he grew up, he became an archer. he lived in the wilderness of paran. his mother got a wife for him out of the land of egypt.","ka ismael dènge ina na hagar pea dènge ka ètu d'ara mamoo paran. ismael asa na kapai, aa ne'a mèu kataki. ka ina na paleo ne dènge ana bhèni masir ca dhèu. se'e se j'aj'i, lula ama lamatua bera-bera dènge ismael.","Èle èèna ka, Ama Lamatua padꞌelo dꞌara hua iia mi ana ne. Hèia na maso asa dꞌara mamoo ètu dꞌara mamoo. Èle èèna ka, ana ne jꞌajꞌi dhèu sabꞌa ètu dꞌara mamoo Paran. Èle èèna ka, ina na nara iisi ana ne nèti rai Masir, ho jꞌajꞌi dhèu èmu.","Ama Lamatua bera-bera dènge ana ne, hèia na muri. Na pea ètu d'ara mamoo, hèia ropa na muri, na j'aj'i dhèu sab'a. Na pea ètu d'ara mamoo Paran. Ina na nare dhèu èmu mi ana ne nèti rai Masir.",eng,nfa,English,Dhao,16.0637,9.0918,8.6399
"at that time, abimelech and phicol the captain of his army spoke to abraham, saying, god is with you in all that you do.","lod'o èèna, dhèu aae abimelek dènge kètu kapai sordad'u na, fikol, mai pangad'o dènge abraham. hèia dhèu aae padhai lii, ka na peka, abraham! ji'i se nge'a ama lamatua bera-bera dènge èu. nèti èèna ka, sad'i èu ad'u ngaa sa èci, j'aj'i dènge be'a.","Lodꞌo èèna, Abimelek dènge Phicol, komedhaa sordadꞌu na, peka dènge Abraham, aku rèngu na, ""Ama Lamatua ètu madha èu aaꞌi-aaꞌi dhu èu tao.","Lodꞌo èèna, Abimelek dènge Phicol, komedhaa sordadꞌu na, peka dènge Abraham, aku rèngu na, ""Ama Lamatua ètu madha èu aaꞌi-aaꞌi dhu èu tao.",eng,nfa,English,Dhao,0.0,0.0,0.0
"in the beginning, god created the heavens and the earth.","uru-uru tèka, ama lamatua paj'aj'i dedha-liru dènge rai-haha.","Uru-uru sèra, Ama Lamatua pajꞌajꞌi dedha-liru dènge rai-haha.","Uru-uru sèra, Ama Lamatua pajꞌajꞌi dedha-liru dènge rai-haha.","eng","nfa","English","Dhao","0.0","0.0","0.0"
"the lord god called to the man, and said to him, where are you?","te ngaa ama lamatua paroa mi dhèu mone èèna, aku nèngu na, adam! èu ètu mia?","hèia Lamatua paroa dhèu ne, ka Na karèi ne, aku Nèngu na, ""Èu ètu mia?""","hèia Lamatua paroa dhèu ne, ka Na karèi ne, aku Nèngu na, ""Èu ètu mia?""","eng","nfa","English","Dhao","0.0","0.0","0.0"
"the man said, i heard your voice in the garden, and i was afraid, because i was naked; so i hid myself.","hèia mone na dhaa, ja'a tadèngi lii lamatua ètu ne'e. te ngaa ja'a makae, lula ja'a pake boe mèdha ètu ua. nèti èèna ka, ja'a rai pahuni iisi.","Hèia dhèu ne dhaa, aku nèngu na, ""Jaꞌa tadèngi lii èu ètu dꞌara oka ne, ka jaꞌa madhaꞌu, lula jaꞌa dènge boe mèdha-papake. Nèti èèna ka, jaꞌa pakaboko.","Hèia dhèu ne dhaa, aku nèngu na, ""Jaꞌa tadèngi lii èu ètu dꞌara oka ne, ka jaꞌa madhaꞌu, lula jaꞌa dènge boe mèdha-papake. Nèti èèna ka, jaꞌa pakaboko.","eng","nfa","English","Dhao","0.0","0.0","0.0"
"the lord god made garments of animal skins for adam and for his wife, and clothed them.","hèia ama lamatua tao mèdha-papake nèti ka'uri badha, ka papake dua ra.","Èle èèna ka, Lamatua pajꞌajꞌi Adam dènge dhèu èmu na dènge mèdha-papake nèti pudhi badha, ho papake si.","Èle èèna ka, Lamatua pajꞌajꞌi Adam dènge dhèu èmu na dènge mèdha-papake nèti pudhi badha, ho papake si.","eng","nfa","English","Dhao","0.0","0.0","0.0"
"the man knew eve his wife. she conceived, and gave birth to cain, and said, i have gotten a man with the lord's help.","hèia adam j'unu dènge dhèu èmu na, hawa. ka bhèni ne dènge babia. hèia nara iisi ana mone ca dhèu. ka na peka, aku nèngu na, ja'a abhu le ana mone ca dhèu, lula ama lamatua soru nare le ja'a. ka na pangare ana ne, kaen dhu sasoa na ‘abhu'.","Èle èèna ka, Adam paraga dènge Hawa, dhèu èmu na. Èle èèna ka, bhèni na nara iisi Kain. Ka na peka, aku nèngu na, ""Jaꞌa abhu dhèu èci dènge Ama Lamatua.""","Èle èèna ka, Adam paraga dènge Hawa, dhèu èmu na. Èle èèna ka, bhèni na nara iisi Kain. Ka na peka, aku nèngu na, ""Jaꞌa abhu dhèu èci dènge Ama Lamatua.""","eng","nfa","English","Dhao","0.0","0.0","0.0"
"the lord said to cain, why are you angry? why has the expression of your face fallen?","ka lamatua lii dènge kaen, aku nèngu na, kaen! nga tao ka èu nasa sèmi èèna, ka rèhu èu mare boe?","Hèia Lamatua peka dènge Kain, aku Nèngu na, ""Nga tao ka èu nasa? Nga tao ka dꞌara èu bhelu-katubꞌa?","Hèia Lamatua peka dènge Kain, aku Nèngu na, ""Nga tao ka èu nasa? Nga tao ka rèhu èu bhelu?","eng","nfa","English","Dhao","10.4608","5.2095","5.7581"
"cain left the lord's presence, and lived in the land of nod, east of eden.","hèia kaen tèke eele dènge era èèna. la'e pakaj'èu nèti lamatua, asa era èci, ètu bèka dhimu oka eden. era ne'e, ngara na nod dhu sasoa na, ‘lole-laa'. ka na pea ètu era èèna.","Èle èèna ka, Kain lèpa nèti madha Ama Lamatua, laꞌe pea ètu rai Nod, ètu sebhe rai Eden.","Èle èèna ka, Kain lèpa nèti madha Ama Lamatua, laꞌe pea ètu rai Nod, ètu bèka dhimu rai Eden.","eng","nfa","English","Dhao","6.3786","5.0231","5.2259"
"when men began to multiply on the surface of the ground, and daughters were born to them,","taa èèna, dhèu rai-haha, asa bèba-kacanga. ka ra papala-palème rai-haha. dhèu se matana kahèi ana-ana bhèni.","Èle èèna ka, dhèu rai-haha jꞌajꞌi dhèu ae-ae ètu rai-haha ne, aa ra abhu ana bhèni kahèi.","Èle èèna ka, dhèu rai-haha jꞌajꞌi dhèu ae-ae ètu rai-haha ne, aa ra abhu ana bhèni kahèi.","eng","nfa","English","Dhao","0.0","0.0","0.0"
"thus noah did. he did all that god commanded him.","ka noh sab'e madhutu sèmi lii paredha ama lamatua aa'i-aa'i sèra.","Èle èèna ka, Noh tao madhutu aaꞌi paredha Ama Lamatua.","Èle èèna ka, Noh tao madhutu aaꞌi paredha Ama Lamatua.","eng","nfa","English","Dhao","0.0","0.0","0.0"
"ham, the father of canaan, saw the nakedness of his father, and told his two brothers outside.","ropa ham ladhe nèdhi era makae ama na, ka rai li'u la'e, lolo dènge a'a na, sem dènge yafet.","Èle èèna ka, Ham, ama dhèu Kenan, ladhe nèdhi ama na dènge boe mèdha-panyau, hèia laꞌe peka dènge aꞌari na dua ra ètu liꞌu.","Èle èèna ka, Ham, ama dhèu Kenan, ladhe nèdhi ama na dènge boe mèdha-panyau, hèia laꞌe peka dènge aꞌari na dua ra ètu liꞌu.","eng","nfa","English","Dhao","0.0","0.0","0.0"
"the jebusites, the amorites, the girgashites,","dhèu yebusi, dhèu amori, dhèu girgasi,","suku Yebus, suku Amor, suku Girgash,","suku Yebus, suku Amor, suku Girgash,","eng","nfa","English","Dhao","0.0","0.0","0.0"
"the sons of aram were: uz, hul, gether, and mash.","ana-èpu aram ka: dhèu us, dhèu hul, dhèu geter, dènge dhèu mas.","Ana-èpu Aram: Uz, Hul, Geter, dènge Mash.","Ana-èpu Aram: Uz, Hul, Geter, dènge Mash.","eng","nfa","English","Dhao","0.0","0.0","0.0"
"ophir, havilah, and jobab. all these were the sons of joktan.","ofir, hawila, dènge yobab. rèngu aa'i-aa'i se, ana-èpu yoktan.","Ofir, Havila, dènge Jobab. Aaꞌi-aaꞌi se, ana-èpu Joktan.","Ofir, Havila, dènge Jobab. Aa'i-aa'i se, ana-èpu Joktan.","eng","nfa","English","Dhao","15.7069","10.2536","7.7674"
"the whole earth was of one language and of one speech.","uru-uru tèka na, dhèu ètu rai-haha ne, dhoka lii èci di.","Èle èèna ka, dhèu aaꞌi-aaꞌi ètu rai-haha ne pake lii èci dènge lii èci.","Dhèu aaꞌi-aaꞌi ètu rai-haha ne pake lii èci dènge lii dhu sama.","eng","nfa","English","Dhao","1.9715","-4.67","-5.31"
"so the lord scattered them abroad from there on the surface of all the earth. they stopped building the city.","hèia lamatua puru, ka kakeho lii ra. dènge j'ara sèmi èèna, na pacèri si palème rai-haha ne. ka ra pakèd'i taruu heka kota deo na.","Nèti èèna ka, Lamatua papuru dhèu seꞌe asa rai-haha ne. Hèia dhèu se aaꞌi-aaꞌi ra tèke eele patitu kota ne.","Nèti èèna ka, Lamatua papuru dhèu seꞌe asa rai-haha ne. Hèia dhèu se aaꞌi-aaꞌi ra tèke eele patitu kota ne.","eng","nfa","English","Dhao","0.0","0.0","0.0"
"therefore its name was called babel, because there the lord confused the language of all the earth. from there, the lord scattered them abroad on the surface of all the earth.","nèti èèna ka, ra pangare kota na, babel dhu sasoa na ‘pab'ingu', lula lamatua kakeho lii ra, aa pacèri eele si palème rai-haha ne.","Nèti èèna ka, ra pangare ne, Babel, lula ètu era neꞌe, Lamatua pakajꞌalu lii dhèu aaꞌi-aaꞌi ètu rai-haha ne. Nèti èèna ka, Lamatua pahaha iisi dhèu aaꞌi-aaꞌi ètu rai-haha ne.","Nèti èèna ka, ra pangare ne, Babel, lula ètu era neꞌe, Lamatua pakajꞌalu lii dhèu aaꞌi-aaꞌi ètu rai-haha ne. Nèti èèna ka, Lamatua pahaha iisi ètu rai-haha ne.","eng","nfa","English","Dhao","1.9764","0.486","0.7954"
"now the lord said to abram, leave your country, and your relatives, and your father's house, and go to the land that i will show you.","lod'o èèna, lamatua peka le dènge abram, peka na, abram! èu pakèd'i nèti era èu ne, tèke eele ina-ama èu, èmu ina-ama mu, dènge rae-lesa èu. lamu asa era èci, dhu pe ja'a peka dènge èu.","Èle èèna ka, Lamatua peka dènge Abram, aku Nèngu na, ""Èu hudꞌi tèke eele rai èu, dènge aꞌari èu, dènge èmu ama mu, ho laꞌe asa rai dhu Jaꞌa padꞌelo dènge èu.""","Èle èèna ka, Lamatua peka dènge Abram, aku Nèngu na, ""Èu hudꞌi tèke eele rai èu, dènge aꞌari èu, dènge èmu ama mu, ho laꞌe asa rai dhu Jaꞌa padꞌelo dènge èu.""","eng","nfa","English","Dhao","0.0","0.0","0.0"
"it will happen that when the egyptians see you, they will say, ‘this is his wife. ' they will kill me, but they will save you alive.","de ladhe dhèu masir rèdhi èu bhèni iia sèmi ne'e, mage dhoka ra pamadhe ja'a, lula ja'a dhèu èmu-kamali èu. dènge sèmi èèna, ra parame rare èu.","ladhe dhèu Masir ladhe rèdhi èu, hèia ra peka, na, 'Nèngu ne, dhèu èmu na!' Hèia ra pamadhe jaꞌa, te ngaa rèngu hia èu mamuri.","ladhe dhèu Masir ladhe rèdhi èu, hèia ra peka, na, 'Nèngu ne, dhèu èmu na!' Hèia ra pamadhe jaꞌa, te ngaa rèngu hia èu mamuri.","eng","nfa","English","Dhao","0.0","0.0","0.0"
"i will make your offspring as the dust of the earth, so that if a man can count the dust of the earth, then your offspring may also be counted.","èèna na ja'a paj'aj'i ana-èpu èu ae sama sèmi salae dhasi, toke dhèu ige rare boe.","Jaꞌa paꞌèki le ana-èpu èu, sama sèmi kabodho ètu rai-haha ne. Ladhe dhèu bisa reꞌa kabodho ètu rai-haha ne, ana-èpu èu bisa reꞌa kahèi.","Jaꞌa paꞌèki le ana-èpu èu, sama sèmi kabodho ètu rai-haha ne. Ladhe dhèu bisa reꞌa kabodho ètu rai-haha ne, ana-èpu èu bisa reꞌa kahèi.","eng","nfa","English","Dhao","0.0","0.0","0.0"
"he said to abram, i am the lord who brought you out of ur of the chaldees, to give you this land to inherit it.","èle èèna ka, lamatua tuhu hari lii na, ja'a ne, ama lamatua. ja'a ka dhu lere kèti èu nèti rae ur, ètu rai dhèu kasdim sèra. aa rai ne'e ne, ja'a hia èu, sèna ka j'aj'i pusaka mu.","Èle èèna ka, Ama Lamatua peka dènge Abram, aku nèngu na, ""Jaꞌa ne, Ama Lamatua. Jaꞌa ka dhu patabuli èu nèti kota Uri, ètu rai Kaldea, ho hia èu rai ne, sèna ka jꞌajꞌi mi dedha èu.","Ama Lamatua peka dènge Abram, aku nèngu na, ""Jaꞌa ne, Ama Lamatua. Jaꞌa ka dhu patabuli èu nèti kota Uri, ètu rai Kaldea, ho hia èu rai ne, sèna ka jꞌajꞌi mi dedha èu.""","eng","nfa","English","Dhao","-4.9054","-3.9573","-3.9997"
"the amorites, the canaanites, the girgashites, and the jebusites.","dhèu amori, dhèu kana'an, dhèu girgasi, dènge dhèu yebus.","dhèu Amor, dhèu Kanaan, dhèu Girgas, dènge dhèu Yebus.","dhèu Amor, dhèu Kanaan, dhèu Girgas, dènge dhèu Yebus.","eng","nfa","English","Dhao","0.0","0.0","0.0"
"and said, my lord, if now i have found favor in your sight, please don't go away from your servant.","ka na peka, aku nèngu na, ama si. mai dhuli ku ho minu èi ciki.","hèia na manèngi, aku nèngu na, ""Ama! Ladhe jaꞌa manèngi-mangajꞌi ètu madha ama, jaꞌa manèngi sèna ka èu baku tèke eele jaꞌa.","hèia na manèngi, aku nèngu na, ""Ama! Ladhe jaꞌa manèngi-mangajꞌi ètu madha ama, jaꞌa manèngi sèna ka èu baku tèke eele nèti ana sab'a ama.","eng","nfa","English","Dhao","-0.674","-0.0284","-0.5968"
"the lord said, will i hide from abraham what i do,","ka lamatua ngee ètu d'ara na, hua iia ja'a peka dènge abraham, ja'a neo palaho kota sodom.","Hèia Lamatua bꞌala, aku Nèngu na, 'Tasamia ka Jaꞌa hia Abraham jꞌara-jꞌara dhu Jaꞌa tao ne?","Hèia Lamatua b'ala, aku Nèngu na, 'Ja'a hud'i pahuni nèti Abraham j'ara-j'ara dhu Ja'a tao, do?'","eng","nfa","English","Dhao","1.0173","3.463","1.8031"
"the men turned from there, and went toward sodom, but abraham stood yet before the lord.","ropa lamatua padhai lii era dènge abraham, dhèu dua se lasi taruu sa kota sodom.","Èle èèna ka, dhèu dua se tèke eele kota Sodom. Te ngaa Abraham kèdꞌi titu ètu madha Ama Lamatua.","Èle èèna ka, dhèu dua se tèke eele kota Sodom. Te ngaa Abraham kèdꞌi titu ètu madha Ama Lamatua.","eng","nfa","English","Dhao","0.0","0.0","0.0"
"abraham answered, see now, i have taken it on myself to speak to the lord, although i am dust and ashes.","hèia abraham padhai lii hari, aku nèngu na, ama, ja'a manèngi abho, lula ja'a neo padhai lii hari ciki. ja'a ne dhoka dhèu goa di, dhu ke'a boe ngaa-ngaa.","Hèia Abraham dhaa, aku nèngu na, ""Bèli-camèdꞌa jaꞌa jꞌajꞌi kapodꞌe-kabèli, te ngaa jaꞌa neo padhai lii dènge Ama Lamatua.","Hèia Abraham dhaa, aku nèngu na, ""Bèli-camèdꞌa jaꞌa neo padhai lii dènge Ama Lamatua, masi ka jaꞌa jꞌajꞌi kapodꞌe-kabèli.","eng","nfa","English","Dhao","-0.1936","-1.6401","-1.2541"
"the lord went his way as soon as he had finished communing with abraham, and abraham returned to his place.","padhai lii èle sèmi èèna, lamatua la'e dènge ka, aa abraham lèpa kahèi.","Ropa Lamatua padhai lii dènge Abraham, hèia Lamatua laꞌe. Hèia Abraham lèpa hari asa dꞌara èmu na.","Ropa Lamatua padhai lii nare dènge Abraham, hèia Lamatua laꞌe. Hèia Abraham lèpa hari asa dꞌara èmu na.","eng","nfa","English","Dhao","-0.1918","1.3991","0.7475"
"he said, please, my brothers, don't act so wickedly.","ka na lii, aku nèngu na, a'ari, ee! baku miu tao bhelu mi tamu ja'a se.","Hèia na peka dènge rèngu, aku nèngu na, ""Aꞌari aaꞌi-aaꞌi! Baku tao bhabhelu-katubꞌa sèmi èèna!","Hèia na peka dènge rèngu, aku nèngu na, ""Aꞌari aaꞌi-aaꞌi! Baku tao bhabhelu-katubꞌa sèmi èèna!","eng","nfa","English","Dhao","0.0","0.0","0.0"
"abraham said, because i thought, ‘surely the fear of god is not in this place. they will kill me for my wife's sake. '","ka abraham dhaa, peka na, ama dhèu aae! ja'a pangee na, miu aa'i-aa'i mi, kabarai ne dhèu dhu tadhe boe ama lamatua. de ele boe cahag'e neo pamadhe ja'a, sèna ka parame rare dhèu èmu ja'a.","Èle èèna ka, Abraham dhaa, aku nèngu na, 'Jaꞌa pangee, na, dhèu aaꞌi-aaꞌi ètu rai-haha ne dꞌèi boe madhaꞌu mi Ama Lamatua. Ladhe sèmi èèna, rèngu neo pamadhe jaꞌa, lula jaꞌa jꞌajꞌi dhèu èmu jaꞌa ne.'","Èle èèna ka, Abraham dhaa, aku nèngu na, 'Jaꞌa pangee, na, dhèu ètu era ne'e dꞌèi boe madhaꞌu mi Ama Lamatua. Ladhe sèmi èèna, rèngu neo pamadhe jaꞌa, lula dhèu èmu jaꞌa.'","eng","nfa","English","Dhao","1.0557","-2.4869","-1.5849"
"at that time, abimelech and phicol the captain of his army spoke to abraham, saying, god is with you in all that you do.","lod'o èèna, dhèu aae abimelek dènge kètu kapai sordad'u na, fikol, mai pangad'o dènge abraham. hèia dhèu aae padhai lii, ka na peka, abraham! ji'i se nge'a ama lamatua bera-bera dènge èu. nèti èèna ka, sad'i èu ad'u ngaa sa èci, j'aj'i dènge be'a.","Lodꞌo èèna, Abimelek dènge Phicol, komedhaa sordadꞌu na, peka dènge Abraham, aku rèngu na, ""Ama Lamatua ètu madha èu aaꞌi-aaꞌi dhu èu tao.","Lodꞌo èèna, Abimelek dènge Phicol, komedhaa sordadꞌu na, peka dènge Abraham, aku rèngu na, ""Ama Lamatua ètu madha èu aaꞌi-aaꞌi dhu èu tao.","eng","nfa","English","Dhao","0.0","0.0","0.0"
"now, therefore, swear to me here by god that you will not deal falsely with me, nor with my son, nor with my son's son. but according to the kindness that i have done to you, you shall do to me, and to the land in which you have lived as a foreigner.","de ja'a manèngi, sèna ka èu subha ètu katanga madha ama lamatua, dhu peka na, èu bisa boe kapod'e-kabèli ja'a, dènge ana-èpu ja'a aa'i-aa'i ra. sèmi dhu ja'a tao le be'a mi èu, na, èu hud'i tao be'a kahèi mi ja'a dènge kabarai ja'a.","De jaꞌa manèngi sèna ka èu subha dènge jaꞌa ètu neꞌe, pake kolongara Ama Lamatua, aku nèngu na, 'Èu paꞌèki boe dènge jaꞌa, dènge ana-èpu jaꞌa, aa dènge ana-èpu jaꞌa. De èu hudꞌi paꞌèki ku dènge jaꞌa, sama sèmi dhu jaꞌa padꞌelo le dꞌara hua iia mi èu, dènge dhèu aaꞌi-aaꞌi ètu rai-haha ne.'","De jaꞌa manèngi sèna ka èu subha dènge jaꞌa ètu neꞌe, pake kolongara Ama Lamatua, aku nèngu na, 'Èu paꞌèki boe dènge jaꞌa, dènge ana mone jaꞌa, aa dènge ana mone jaꞌa na ana mone. De èu hudꞌi tao dènge jaꞌa, sama sèmi dhu jaꞌa padꞌelo le dꞌara hua iia mi èu, dènge rai ne dhu èu pea le sèmi dhèu kara.'","eng","nfa","English","Dhao","-3.1615","-2.1117","-1.3835"
"abraham said, i will swear.","ka aku abraham na, ooo! ja'a subha.","Èle èèna ka, Abraham dhaa, aku nèngu na, ""Sèmi neꞌe!","Abraham dhaa, ""Aku neo subha.""","eng","nfa","English","Dhao","7.7332","6.8128","0.6065"
"abraham complained to abimelech because of a water well, which abimelech's servants had violently taken away.","te ngaa èle èèna ka, abraham lapor dènge dhèu aae, aku nèngu na, dhèu-dhèu ama dhèu aae parame rare èi ja'a ca madha.","Èle èèna ka, bèli-camèdꞌa abhu èci ètu dꞌara èi. Te ngaa abhu èi èi èi èi, dhu dhèu-dhèu sabꞌa abhu ètu dꞌara èi.","Abraham lii-tangi dènge Abimelech, lula abhu èi ca èci, dhu dhèu-dhèu sab'a Abimelech babège eele dènge koasa.","eng","nfa","English","Dhao","-2.3825","-1.3726","-2.3061"
"abimelech said, i don't know who has done this thing. you didn't tell me, and i didn't hear of it until today.","tadèngi sèmi èèna, hèia na peka, waa! ja'a heka tadèngi kèna j'ara ne'e ne. tasamia ka karèi nèti ca hari ni, èu peka boe dènge ja'a? ja'a dhae ke'a mèka, ne'e ne tatao cee ka ne.","Te ngaa abimelech dhaa, aku nèngu na, ""Jaꞌa keꞌa boe dhèu dhu tao jꞌara ne. Te ngaa èu peka boe dènge jaꞌa, aa jaꞌa tadèngi heka jꞌara ne, toke dꞌai lodꞌo neꞌe.""","Te ngaa abimelech dhaa, aku nèngu na, ""Jaꞌa keꞌa boe dhèu dhu tao jꞌara ne. Te ngaa èu peka boe dènge jaꞌa, aa jaꞌa tadèngi heka jꞌara ne, toke dꞌai lodꞌo neꞌe.""","eng","nfa","English","Dhao","0.0","0.0","0.0"
"abraham took sheep and cattle, and gave them to abimelech. those two made a covenant. abraham set seven ewe lambs of the flock by themselves.","èle èèna ka, abraham dènge abimelek pa'èki lii pajaji. ka abraham hia abimelek sapi dènge kahib'i-kalèbho. èle èèna ka, abraham hag'e nare hari kahib'i-kalèbho èni pidhu ngi'u.","Èle èèna ka, Abraham hia ana kahibꞌi-kalèbho dènge ana kahibꞌi-kalèbho rèngu ètu era èèna. Na hia ana kahibꞌi-kalèbho rèngu ètu era èèna. Ka dua ra paꞌèki lii pajaji dènge Abimelek. Èle èèna ka, Abraham hia ana kahibꞌi-kalèbho pidhu nèti kahibꞌi-kalèbho rèngu.","Abraham nare kahib'i-kalèbho dènge sapi, hèia na hia mi Abimelek. Ka dua ra paꞌèki lii pajaji. Abraham tao ana kahib'i-kalèbho pidhu nèti kaboko na, ho pea mesa-mesa ku.","eng","nfa","English","Dhao","8.9298","-3.0421","-1.4464"
"abimelech said to abraham, what do these seven ewe lambs, which you have set by themselves, mean?","hèia dhèu aae karèi ne, peka na, nga tao ka èu tao sèmi èèna?","Hèia Abimelek karèi Abraham, aku nèngu na, ""Èu pangee, na, ana kahibꞌi-kalèbho pidhu seꞌe se, ngaa?""","Hèia Abimelek karèi Abraham, aku nèngu na, ""Ana kahibꞌi-kalèbho pidhu seꞌe se, dhu èu padhèdi mesa ra, sasoa na, ngaa ka ne?""","eng","nfa","English","Dhao","-0.1168","5.3077","4.1479"
"he said, you shall take these seven ewe lambs from my hand, that it may be a witness to me, that i have dug this well.","ka abraham peka, aku nèngu na, ama dhèu aae. sèmi la kalèbho èni pidhu ngi'u se, sèna ka j'aj'i tadha dhu ama peka le na, ja'a ka dhu kèi èi na.","Hèia na dhaa, aku nèngu na, ""Èu hudꞌi kèpe ku ana kahibꞌi-kalèbho pidhu seꞌe nèti kacui-aai jaꞌa, sèna ka jꞌajꞌi sakasii hia jaꞌa, na, jaꞌa ka dhu kèpe èi èi èi èi èi èi.","Hèia na dhaa, aku nèngu na, ""Èu hudꞌi kèpe ku ana kahibꞌi-kalèbho pidhu seꞌe nèti kacui-aai jaꞌa, sèna ka jꞌajꞌi sakasii hia jaꞌa, na, jaꞌa ka dhu kèi roꞌa èi ne.""","eng","nfa","English","Dhao","1.7593","0.4368","0.9068"
"therefore he called that place beersheba, because they both swore an oath there.","lula dua ra dhu pa'èki le soo-subha ètu èèna, ka era na ra pangare na beer-syeba dhu sasoa na, ‘madha èi soo-subha'.","Nèti èèna ka, Musa paroa dꞌara èèna, 'Beer-Sheba', lula dua ra jꞌajꞌi dhèu pajuu-paleha.","Nèti èèna ka, nèngu paroa dꞌara èèna, 'Beer-Sheba', lula dua ra ded'e subha ètu èèna.","eng","nfa","English","Dhao","6.5573","6.6518","6.2311"
"so they made a covenant at beersheba. abimelech rose up with phicol, the captain of his army, and they returned into the land of the philistines.","ropa pasubha èle, ka dhèu aae dènge kètu kapai sordad'u na lèpa ka, asa era rèngu, rai dhèu pilistin.","Èle èèna ka, Abimelek dènge Pikol, komedhaa sordadꞌu na, kèdꞌi laꞌe asa rai dhèu Parisi.","De rèngu pa'èki lii pajaji ètu Beersheba. Èle èèna ka, Abimelek dènge Pikol, komedhaa sordadꞌu na, kèdꞌi, hèia rèngu lèpa hari asa rai dhèu Parisi.","eng","nfa","English","Dhao","-2.5797","8.2013","5.1295"
"abraham planted a tamarisk tree in beersheba, and there he called on the name of the lord, the everlasting god.","èle èèna ka, abraham sèle aj'u tamareska ca kapua ètu beer syeba. karèi nèti lod'o èèna, aj'u ne pasanèd'e abraham, lula ètu era èèna ka, nèngu mangaj'i lamatua dhu mamuri toke d'ai mia-mia.","Èle èèna ka, Abraham pajꞌajꞌi ajꞌu ajꞌu tamarisk ètu Beer-Sheba. Ètu èèna, na paroa kolongara Ama Lamatua, dhu peka na, 'Lamatua dhu mamuri toke dꞌai mia-mia.'","Abraham pajꞌajꞌi ajꞌu tamarisk ètu Beer-Sheba. Ètu èèna, na paroa kolongara Ama Lamatua dhu mamuri toke dꞌai mia-mia.","eng","nfa","English","Dhao","-5.1076","-6.1275","-5.1318"
"abraham lived as a foreigner in the land of the philistines many days.","ka abraham pea dènge ka ètu talora dhèu pilistin sèmi dhèu tao mai.","Èle èèna ka, Abraham pea ètu rai dhèu Parisi, toke dꞌai pèri-pèri lodꞌo.","Abraham pea sèmi dhèu leo rai ètu rai dhèu Parisi, toke dꞌai pèri-pèri lodꞌo.","eng","nfa","English","Dhao","7.3228","5.7312","5.8688"
"after these things, god tested abraham, and said to him, abraham! he said, here i am.","nèbhu boe, hèia lamatua sèku neo ne'a d'ara abraham. neo ne'a abraham madhutu lamatua, do aad'o. ka lamatua paroa ne, aku nèngu na, abraham! hèia na dhaa, peka na, ooo, lamatua.","Èle èèna ka, Ama Lamatua parisa Abraham. Hèia Na paroa, aku Nèngu na, ""Abraham!"" Hèia Abraham dhaa, aku nèngu na, ""Jaꞌa ne!""","Èle èèna ka, Ama Lamatua parisa Abraham. Hèia Na paroa, aku Nèngu na, ""Abraham!"" Hèia Abraham dhaa, ""Ja'a ne!""","eng","nfa","English","Dhao","-5.9955","-3.4759","-4.344"
"he said, now take your son, your only son, isaac, whom you love, and go into the land of moriah. offer him there as a burnt offering on one of the mountains which i will tell you of.","ka ama lamatua peka dènge ne, mu nanene paie-iie! more ana pasue èu mone mesa na. mèti ne asa rai moria, ho tao ne j'aj'i korban tunu hia ja'a. pe d'ai nèi, ja'a heka paj'uj'u era dhu ètu ledhe èci.","Èle èèna ka, Ama Lamatua peka, aku Nèngu na, ""Sèmi neꞌe! Hia ana èu dhu èu sue èèna, nuka Isak. Èu hudꞌi laꞌe laꞌe asa rai èèna, ètu ledhe cue dhu Jaꞌa peka dènge èu. Ètu era neꞌe, èu hudꞌi pua ne jꞌajꞌi korban.","Èle èèna ka, Ama Lamatua peka, aku nèngu na, ""Sèmi neꞌe! Hia ana èu dhu mesa boe, nuka Isak, dhu èu sue èèna. Èu hudꞌi laꞌe asa rai Moriah. Ètu nèi, èu hudꞌi pua ne jꞌajꞌi korban tunu ètu ca ledhe dhu Jaꞌa peka dènge èu.""","eng","nfa","English","Dhao","-0.7133","2.5661","2.2507"
"abraham rose early in the morning, and saddled his donkey; and took two of his young men with him, and isaac his son. he split the wood for the burnt offering, and rose up, and went to the place of which god had told him.","d'ai bèli mad'ae aae na, abraham sèg'i aj'u sèna ka tao kadhèna. na èki, ka na hue asa dedha keled'ei. ka dua ra dènge isak, aa dènge dhèu sab'a na dhèu dua, pakèd'i asa era dhu lamatua peka dènge ne.","Èle èèna ka, bèli-bèli èèna, Abraham kèdꞌi. Na dedꞌe kètu kabodho na, dènge ana na Isak, dènge ana na dhèu dua. Hèia na patitu ajꞌu sèna ka tao korban kahèi. Èle èèna ka, Abraham kèdꞌi, ka laꞌe asa era dhu Ama Lamatua peka dènge ne, sèna ka jꞌajꞌi dhèu aaꞌi-aaꞌi ètu dꞌara Èmu Kapua Manèngi-Mangajꞌi ètu dꞌara Èmu Kapua Manèngi-Mangajꞌi ètu dꞌara Èmu Kapua Manèngi-Mangajꞌi ètu dꞌara Èmu Kapua Manèngi-Mangajꞌi ètu dꞌara Èmu Kapua Manèngi-Mangajꞌi ètu dꞌara Èmu Kapua Manèngi-Mangajꞌi ètu dꞌara Èmu Kapua Manèngi-Mangajꞌi ètu dꞌara Èmu Kapua Manèngi-Mangajꞌi ètu dꞌara Èmu Kapua Manèngi-Mangajꞌi.","Èle èèna ka, bèli-bèli èèna, Abraham kèdꞌi. Na dedꞌe kètu kabodho na, dènge ana na Isak, dènge ana na dhèu dua. Hèia na patitu ajꞌu sèna ka tao korban kahèi. Èle èèna ka, Abraham kèdꞌi, ka laꞌe asa era dhu Ama Lamatua peka dènge ne.","eng","nfa","English","Dhao","10.8202","5.7773","9.5022"
"on the third day abraham lifted up his eyes, and saw the place far off.","ra kako taruu, ka d'ai camèd'a èèna, abraham nèdhi le era èèna nèti kaj'èu.","Dꞌai tèlu lodꞌo, hèia Abraham ladhe nèdhi era èèna nèti kajꞌèu.","Dꞌai tèlu lodꞌo, hèia Abraham boti kètu na, ka ladhe nèdhi era èèna nèti kajꞌèu.","eng","nfa","English","Dhao","0.8864","3.2809","3.7027"
"abraham said to his young men, stay here with the donkey. the boy and i will go over there. we will worship, and come back to you.","hèia na peka dènge dhèu dua sèra, aku nèngu na, dua mi mate taha mi ne'e dènge keled'ei ne. ja'a dènge ana ja'a la'a asa dedha nèi, ho mangaj'i ama lamatua. ladhe èle na, ji'i lèpa hari mai.","Hèia Abraham peka dènge dhèu sabꞌa na sèra, aku nèngu na, ""Miu madhèdi ku ètu neꞌe dènge kabodho ne. Jaꞌa dènge ana mone ne, ètu neꞌe, ho jiꞌi pahaha iisi mi Ama Lamatua. Èle èèna ka, jiꞌi lèpa hari asa miu.""","Hèia Abraham peka dènge dhèu sabꞌa na sèra, aku nèngu na, ""Miu madhèdi ku ètu neꞌe dènge kabodho ne. Jaꞌa dènge ana mone ne, jiꞌi lami asa ètu nèi, ho jiꞌi pahaha iisi mi Ama Lamatua. Èle èèna ka, jiꞌi lèpa hari asa miu.""","eng","nfa","English","Dhao","1.0479","1.673","1.4526"
"abraham took the wood of the burnt offering and laid it on isaac his son. he took in his hand the fire and the knife. they both went together.","ka abraham nare kadhèna dhu neo tunu korban, ka na tao mi kabela-kao isak. aa nèngu nèd'u tud'i, dènge suu ai. ropa dua ra palere lasi,","Èle èèna ka, Abraham kèpe ajꞌu sèna ka tao korban. Hèia na dedꞌe ajꞌu sèra ètu hèbꞌa ana na, Isak. Hèia Abraham kèpe ajꞌu sèra ètu dꞌara kacui-aai na, dènge kacui-aai na. Èle èèna ka, Abraham kèpe ajꞌu sèra dènge ana na, Isak. Èle èèna ka, Abraham kèpe ajꞌu sèra ètu dꞌara kacui-aai na. Èle èèna ka, Abraham kèpe ajꞌu sèra ètu dꞌara kacui-aai na.","Èle èèna ka, Abraham kèpe ajꞌu sèna ka tao korban. Hèia na dedꞌe ajꞌu sèra ètu hèbꞌa ana na, Isak. Hèia na kèpe ai dènge piso ètu kacui-aai na. Hèia dua ra lasi sama-sama.","eng","nfa","English","Dhao","0.8204","2.9258","6.0083"
"isaac spoke to abraham his father, and said, my father? he said, here i am, my son. he said, here is the fire and the wood, but where is the lamb for a burnt offering?","hèia isak paroa ama na, aku nèngu na, ama! ka abraham dhaa, aku nèngu na, nga tao, ana? hèia isak karèi, aku nèngu na, èdhi neo lati tunu korban. de ai dènge kadhèna ka se'e le. te ngaa ana kahib'i-kalèbho dhu èdhi pake j'aj'i korban, ka mia?","Èle èèna ka, Isak karèi Abraham, ama na, aku nèngu na, ""Ama?"" Hèia Abraham dhaa, aku nèngu na, ""Ama! Jaꞌa ne ètu neꞌe."" Hèia Isak karèi Abraham, aku nèngu na, ""Tareꞌa, ana kahibꞌi-kalèbho ètu mia?""","Èle èèna ka, Isak karèi Abraham, ama na, aku nèngu na, ""Ama?"" Hèia Abraham dhaa, aku nèngu na, ""Ana ku! Jaꞌa ne ètu neꞌe."" Hèia Isak peka hari, aku nèngu na, ""Tareꞌa, ai dènge aj'u ne, te ngaa ana kahib'i-kalèbho ho j'aj'i korban tunu ètu mia?""","eng","nfa","English","Dhao","9.2","13.0647","11.3059"
"abraham said, god will provide himself the lamb for a burnt offering, my son. so they both went together.","te ngaa, aku abraham na, pe ama lamatua unu na ka dhu hia ana kalèbho, sèna ka j'aj'i mi korban. ka dua ra ca'e lasi taruu.","Hèia Abraham dhaa, aku nèngu na, ""Aadꞌo! Ama Lamatua ka dhu hia ana kahibꞌi-kalèbho ne, sèna ka jꞌajꞌi holo-nori."" Hèia Abraham dènge ana kahibꞌi-kalèbho laꞌe dènge ana kahibꞌi-kalèbho ne, sèna ka jꞌajꞌi ana kahibꞌi-kalèbho ètu dꞌara Èmu Kapua Manèngi-Mangajꞌi ètu dꞌara Èmu Kapua Manèngi-Mangajꞌi ètu dꞌara Èmu Kapua Manèngi-Mangajꞌi ètu dꞌara Èmu Kapua Manèngi-Mangajꞌi ètu dꞌara Èmu Kapua Manèngi-Mangajꞌi ètu dꞌara Èmu Kapua Manèngi-Mangajꞌi ètu dꞌara Èmu Kapua Manèngi-Mangajꞌi ètu dꞌara Èmu Kapua Manèngi-Mangajꞌi.","Hèia Abraham dhaa, aku nèngu na, ""Ama Lamatua ka dhu hia ana kahibꞌi-kalèbho ne, sèna ka jꞌajꞌi holo-nori, ana ku."" Hèia dua ra laꞌe sama-sama.","eng","nfa","English","Dhao","10.7663","11.2797","15.4955"
"they came to the place which god had told him of. abraham built the altar there, and laid the wood in order, bound isaac his son, and laid him on the altar, on the wood.","ropa dua ra d'ai era dhu lamatua peka èèna, ka abraham pudhi hadhu ho tao mei korban. hèia na paloko kadhèna ètu dedha mei korban ne. ka kèpe ana na isak, èki patarenga ne ètu dedha kadhèna.","Ropa rèngu dꞌai era dhu Ama Lamatua peka dènge ne, hèia Abraham patitu ajꞌu mei ètu èèna. Hèia na patitu ajꞌu ètu èèna. Hèia na kèpe ana na Isak, ka na patitu ne ètu ajꞌu mei ètu èèna.","Ropa rèngu dꞌai era dhu Ama Lamatua peka dènge ne, hèia Abraham patitu mèdha persembahan ètu èèna. Hèia na patitu ajꞌu pabe'a-be'a. Hèia na kèpe ana na Isak, ka na patitu ne ètu mèdha persembahan, ètu dedha ajꞌu mei.","eng","nfa","English","Dhao","1.9388","4.7018","3.2006"
"abraham stretched out his hand, and took the knife to kill his son.","ka nare tud'i, ho neo kèj'i pamadhe ana na.","Èle èèna ka, Abraham kèpe kacui-aai na, ho neo pamadhe ana na.","Abraham j'ole kacui-aai na, ka kèpe rèu, ho neo pamadhe ana na.","eng","nfa","English","Dhao","-0.4691","1.2397","0.8069"
"the lord's angel called to him out of the sky, and said, abraham, abraham! he said, here i am.","cag'ag'a laa, ana pajuu lamatua lii nèti dedha-liru, peka na, abraham! mata ku! ka abraham dhaa, aku nèngu na, nga tao, lamatua?","Èle èèna ka, ana pajuu Lamatua èci nèti sorga paroa ne, aku nèngu na, ""Abraham! Abraham!"" Hèia na dhaa, aku nèngu na, ""Jaꞌa ne!""","Èle èèna ka, ana pajuu Lamatua èci nèti sorga paroa ne, aku nèngu na, ""Abraham! Abraham!"" Hèia na dhaa, aku nèngu na, ""Jaꞌa ne!""","eng","nfa","English","Dhao","0.0","0.0","0.0"
"in the beginning, god created the heavens and the earth.","uru-uru tèka, ama lamatua paj'aj'i dedha-liru dènge rai-haha.","Uru-uru sèra, Ama Lamatua pajꞌajꞌi dedha-liru dènge rai-haha.","Uru-uru sèra, Ama Lamatua pajꞌajꞌi dedha-liru dènge rai-haha.","eng","nfa","English","Dhao","0.0","0.0","0.0"
"the lord god called to the man, and said to him, where are you?","te ngaa ama lamatua paroa mi dhèu mone èèna, aku nèngu na, adam! èu ètu mia?","hèia Lamatua paroa dhèu ne, ka Na karèi ne, aku Nèngu na, ""Èu ètu mia?""","hèia Lamatua paroa dhèu ne, ka Na karèi ne, aku Nèngu na, ""Èu ètu mia?""","eng","nfa","English","Dhao","0.0","0.0","0.0"
"the man said, i heard your voice in the garden, and i was afraid, because i was naked; so i hid myself.","hèia mone na dhaa, ja'a tadèngi lii lamatua ètu ne'e. te ngaa ja'a makae, lula ja'a pake boe mèdha ètu ua. nèti èèna ka, ja'a rai pahuni iisi.","Hèia dhèu ne dhaa, aku nèngu na, ""Jaꞌa tadèngi lii èu ètu dꞌara oka ne, ka jaꞌa madhaꞌu, lula jaꞌa dènge boe mèdha-papake. Nèti èèna ka, jaꞌa pakaboko.","Hèia dhèu ne dhaa, aku nèngu na, ""Jaꞌa tadèngi lii èu ètu dꞌara oka ne, ka jaꞌa madhaꞌu, lula jaꞌa dènge boe mèdha-papake. Nèti èèna ka, jaꞌa pakaboko.","eng","nfa","English","Dhao","0.0","0.0","0.0"
"the lord god made garments of animal skins for adam and for his wife, and clothed them.","hèia ama lamatua tao mèdha-papake nèti ka'uri badha, ka papake dua ra.","Èle èèna ka, Lamatua pajꞌajꞌi Adam dènge dhèu èmu na dènge mèdha-papake nèti pudhi badha, ho papake si.","Èle èèna ka, Lamatua pajꞌajꞌi Adam dènge dhèu èmu na dènge mèdha-papake nèti pudhi badha, ho papake si.","eng","nfa","English","Dhao","0.0","0.0","0.0"
"the man knew eve his wife. she conceived, and gave birth to cain, and said, i have gotten a man with the lord's help.","hèia adam j'unu dènge dhèu èmu na, hawa. ka bhèni ne dènge babia. hèia nara iisi ana mone ca dhèu. ka na peka, aku nèngu na, ja'a abhu le ana mone ca dhèu, lula ama lamatua soru nare le ja'a. ka na pangare ana ne, kaen dhu sasoa na ‘abhu'.","Èle èèna ka, Adam paraga dènge Hawa, dhèu èmu na. Èle èèna ka, bhèni na nara iisi Kain. Ka na peka, aku nèngu na, ""Jaꞌa abhu dhèu èci dènge Ama Lamatua.""","Èle èèna ka, Adam paraga dènge Hawa, dhèu èmu na. Èle èèna ka, bhèni na nara iisi Kain. Ka na peka, aku nèngu na, ""Jaꞌa abhu dhèu èci dènge Ama Lamatua.""","eng","nfa","English","Dhao","0.0","0.0","0.0"
"the lord said to cain, why are you angry? why has the expression of your face fallen?","ka lamatua lii dènge kaen, aku nèngu na, kaen! nga tao ka èu nasa sèmi èèna, ka rèhu èu mare boe?","Hèia Lamatua peka dènge Kain, aku Nèngu na, ""Nga tao ka èu nasa? Nga tao ka dꞌara èu bhelu-katubꞌa?","Hèia Lamatua peka dènge Kain, aku Nèngu na, ""Nga tao ka èu nasa? Nga tao ka rèhu èu bhelu?","eng","nfa","English","Dhao","10.4608","5.2095","5.7581"
"cain left the lord's presence, and lived in the land of nod, east of eden.","hèia kaen tèke eele dènge era èèna. la'e pakaj'èu nèti lamatua, asa era èci, ètu bèka dhimu oka eden. era ne'e, ngara na nod dhu sasoa na, ‘lole-laa'. ka na pea ètu era èèna.","Èle èèna ka, Kain lèpa nèti madha Ama Lamatua, laꞌe pea ètu rai Nod, ètu sebhe rai Eden.","Èle èèna ka, Kain lèpa nèti madha Ama Lamatua, laꞌe pea ètu rai Nod, ètu bèka dhimu rai Eden.","eng","nfa","English","Dhao","6.3786","5.0231","5.2259"
"when men began to multiply on the surface of the ground, and daughters were born to them,","taa èèna, dhèu rai-haha, asa bèba-kacanga. ka ra papala-palème rai-haha. dhèu se matana kahèi ana-ana bhèni.","Èle èèna ka, dhèu rai-haha jꞌajꞌi dhèu ae-ae ètu rai-haha ne, aa ra abhu ana bhèni kahèi.","Èle èèna ka, dhèu rai-haha jꞌajꞌi dhèu ae-ae ètu rai-haha ne, aa ra abhu ana bhèni kahèi.","eng","nfa","English","Dhao","0.0","0.0","0.0"
"thus noah did. he did all that god commanded him.","ka noh sab'e madhutu sèmi lii paredha ama lamatua aa'i-aa'i sèra.","Èle èèna ka, Noh tao madhutu aaꞌi paredha Ama Lamatua.","Èle èèna ka, Noh tao madhutu aaꞌi paredha Ama Lamatua.","eng","nfa","English","Dhao","0.0","0.0","0.0"
"ham, the father of canaan, saw the nakedness of his father, and told his two brothers outside.","ropa ham ladhe nèdhi era makae ama na, ka rai li'u la'e, lolo dènge a'a na, sem dènge yafet.","Èle èèna ka, Ham, ama dhèu Kenan, ladhe nèdhi ama na dènge boe mèdha-panyau, hèia laꞌe peka dènge aꞌari na dua ra ètu liꞌu.","Èle èèna ka, Ham, ama dhèu Kenan, ladhe nèdhi ama na dènge boe mèdha-panyau, hèia laꞌe peka dènge aꞌari na dua ra ètu liꞌu.","eng","nfa","English","Dhao","0.0","0.0","0.0"
"the jebusites, the amorites, the girgashites,","dhèu yebusi, dhèu amori, dhèu girgasi,","suku Yebus, suku Amor, suku Girgash,","suku Yebus, suku Amor, suku Girgash,","eng","nfa","English","Dhao","0.0","0.0","0.0"
"the sons of aram were: uz, hul, gether, and mash.","ana-èpu aram ka: dhèu us, dhèu hul, dhèu geter, dènge dhèu mas.","Ana-èpu Aram: Uz, Hul, Geter, dènge Mash.","Ana-èpu Aram: Uz, Hul, Geter, dènge Mash.","eng","nfa","English","Dhao","0.0","0.0","0.0"
"ophir, havilah, and jobab. all these were the sons of joktan.","ofir, hawila, dènge yobab. rèngu aa'i-aa'i se, ana-èpu yoktan.","Ofir, Havila, dènge Jobab. Aaꞌi-aaꞌi se, ana-èpu Joktan.","Ofir, Havila, dènge Jobab. Aa'i-aa'i se, ana-èpu Joktan.","eng","nfa","English","Dhao","15.7069","10.2536","7.7674"
"the whole earth was of one language and of one speech.","uru-uru tèka na, dhèu ètu rai-haha ne, dhoka lii èci di.","Èle èèna ka, dhèu aaꞌi-aaꞌi ètu rai-haha ne pake lii èci dènge lii èci.","Dhèu aaꞌi-aaꞌi ètu rai-haha ne pake lii èci dènge lii dhu sama.","eng","nfa","English","Dhao","1.9715","-4.67","-5.31"
"so the lord scattered them abroad from there on the surface of all the earth. they stopped building the city.","hèia lamatua puru, ka kakeho lii ra. dènge j'ara sèmi èèna, na pacèri si palème rai-haha ne. ka ra pakèd'i taruu heka kota deo na.","Nèti èèna ka, Lamatua papuru dhèu seꞌe asa rai-haha ne. Hèia dhèu se aaꞌi-aaꞌi ra tèke eele patitu kota ne.","Nèti èèna ka, Lamatua papuru dhèu seꞌe asa rai-haha ne. Hèia dhèu se aaꞌi-aaꞌi ra tèke eele patitu kota ne.","eng","nfa","English","Dhao","0.0","0.0","0.0"
"therefore its name was called babel, because there the lord confused the language of all the earth. from there, the lord scattered them abroad on the surface of all the earth.","nèti èèna ka, ra pangare kota na, babel dhu sasoa na ‘pab'ingu', lula lamatua kakeho lii ra, aa pacèri eele si palème rai-haha ne.","Nèti èèna ka, ra pangare ne, Babel, lula ètu era neꞌe, Lamatua pakajꞌalu lii dhèu aaꞌi-aaꞌi ètu rai-haha ne. Nèti èèna ka, Lamatua pahaha iisi dhèu aaꞌi-aaꞌi ètu rai-haha ne.","Nèti èèna ka, ra pangare ne, Babel, lula ètu era neꞌe, Lamatua pakajꞌalu lii dhèu aaꞌi-aaꞌi ètu rai-haha ne. Nèti èèna ka, Lamatua pahaha iisi ètu rai-haha ne.","eng","nfa","English","Dhao","1.9764","0.486","0.7954"
"now the lord said to abram, leave your country, and your relatives, and your father's house, and go to the land that i will show you.","lod'o èèna, lamatua peka le dènge abram, peka na, abram! èu pakèd'i nèti era èu ne, tèke eele ina-ama èu, èmu ina-ama mu, dènge rae-lesa èu. lamu asa era èci, dhu pe ja'a peka dènge èu.","Èle èèna ka, Lamatua peka dènge Abram, aku Nèngu na, ""Èu hudꞌi tèke eele rai èu, dènge aꞌari èu, dènge èmu ama mu, ho laꞌe asa rai dhu Jaꞌa padꞌelo dènge èu.""","Èle èèna ka, Lamatua peka dènge Abram, aku Nèngu na, ""Èu hudꞌi tèke eele rai èu, dènge aꞌari èu, dènge èmu ama mu, ho laꞌe asa rai dhu Jaꞌa padꞌelo dènge èu.""","eng","nfa","English","Dhao","0.0","0.0","0.0"
"it will happen that when the egyptians see you, they will say, ‘this is his wife. ' they will kill me, but they will save you alive.","de ladhe dhèu masir rèdhi èu bhèni iia sèmi ne'e, mage dhoka ra pamadhe ja'a, lula ja'a dhèu èmu-kamali èu. dènge sèmi èèna, ra parame rare èu.","ladhe dhèu Masir ladhe rèdhi èu, hèia ra peka, na, 'Nèngu ne, dhèu èmu na!' Hèia ra pamadhe jaꞌa, te ngaa rèngu hia èu mamuri.","ladhe dhèu Masir ladhe rèdhi èu, hèia ra peka, na, 'Nèngu ne, dhèu èmu na!' Hèia ra pamadhe jaꞌa, te ngaa rèngu hia èu mamuri.","eng","nfa","English","Dhao","0.0","0.0","0.0"
"i will make your offspring as the dust of the earth, so that if a man can count the dust of the earth, then your offspring may also be counted.","èèna na ja'a paj'aj'i ana-èpu èu ae sama sèmi salae dhasi, toke dhèu ige rare boe.","Jaꞌa paꞌèki le ana-èpu èu, sama sèmi kabodho ètu rai-haha ne. Ladhe dhèu bisa reꞌa kabodho ètu rai-haha ne, ana-èpu èu bisa reꞌa kahèi.","Jaꞌa paꞌèki le ana-èpu èu, sama sèmi kabodho ètu rai-haha ne. Ladhe dhèu bisa reꞌa kabodho ètu rai-haha ne, ana-èpu èu bisa reꞌa kahèi.","eng","nfa","English","Dhao","0.0","0.0","0.0"
"he said to abram, i am the lord who brought you out of ur of the chaldees, to give you this land to inherit it.","èle èèna ka, lamatua tuhu hari lii na, ja'a ne, ama lamatua. ja'a ka dhu lere kèti èu nèti rae ur, ètu rai dhèu kasdim sèra. aa rai ne'e ne, ja'a hia èu, sèna ka j'aj'i pusaka mu.","Èle èèna ka, Ama Lamatua peka dènge Abram, aku nèngu na, ""Jaꞌa ne, Ama Lamatua. Jaꞌa ka dhu patabuli èu nèti kota Uri, ètu rai Kaldea, ho hia èu rai ne, sèna ka jꞌajꞌi mi dedha èu.","Ama Lamatua peka dènge Abram, aku nèngu na, ""Jaꞌa ne, Ama Lamatua. Jaꞌa ka dhu patabuli èu nèti kota Uri, ètu rai Kaldea, ho hia èu rai ne, sèna ka jꞌajꞌi mi dedha èu.""","eng","nfa","English","Dhao","-4.9054","-3.9573","-3.9997"
"the amorites, the canaanites, the girgashites, and the jebusites.","dhèu amori, dhèu kana'an, dhèu girgasi, dènge dhèu yebus.","dhèu Amor, dhèu Kanaan, dhèu Girgas, dènge dhèu Yebus.","dhèu Amor, dhèu Kanaan, dhèu Girgas, dènge dhèu Yebus.","eng","nfa","English","Dhao","0.0","0.0","0.0"
"and said, my lord, if now i have found favor in your sight, please don't go away from your servant.","ka na peka, aku nèngu na, ama si. mai dhuli ku ho minu èi ciki.","hèia na manèngi, aku nèngu na, ""Ama! Ladhe jaꞌa manèngi-mangajꞌi ètu madha ama, jaꞌa manèngi sèna ka èu baku tèke eele jaꞌa.","hèia na manèngi, aku nèngu na, ""Ama! Ladhe jaꞌa manèngi-mangajꞌi ètu madha ama, jaꞌa manèngi sèna ka èu baku tèke eele nèti ana sab'a ama.","eng","nfa","English","Dhao","-0.674","-0.0284","-0.5968"
"the lord said, will i hide from abraham what i do,","ka lamatua ngee ètu d'ara na, hua iia ja'a peka dènge abraham, ja'a neo palaho kota sodom.","Hèia Lamatua bꞌala, aku Nèngu na, 'Tasamia ka Jaꞌa hia Abraham jꞌara-jꞌara dhu Jaꞌa tao ne?","Hèia Lamatua b'ala, aku Nèngu na, 'Ja'a hud'i pahuni nèti Abraham j'ara-j'ara dhu Ja'a tao, do?'","eng","nfa","English","Dhao","1.0173","3.463","1.8031"
"the men turned from there, and went toward sodom, but abraham stood yet before the lord.","ropa lamatua padhai lii era dènge abraham, dhèu dua se lasi taruu sa kota sodom.","Èle èèna ka, dhèu dua se tèke eele kota Sodom. Te ngaa Abraham kèdꞌi titu ètu madha Ama Lamatua.","Èle èèna ka, dhèu dua se tèke eele kota Sodom. Te ngaa Abraham kèdꞌi titu ètu madha Ama Lamatua.","eng","nfa","English","Dhao","0.0","0.0","0.0"
"abraham answered, see now, i have taken it on myself to speak to the lord, although i am dust and ashes.","hèia abraham padhai lii hari, aku nèngu na, ama, ja'a manèngi abho, lula ja'a neo padhai lii hari ciki. ja'a ne dhoka dhèu goa di, dhu ke'a boe ngaa-ngaa.","Hèia Abraham dhaa, aku nèngu na, ""Bèli-camèdꞌa jaꞌa jꞌajꞌi kapodꞌe-kabèli, te ngaa jaꞌa neo padhai lii dènge Ama Lamatua.","Hèia Abraham dhaa, aku nèngu na, ""Bèli-camèdꞌa jaꞌa neo padhai lii dènge Ama Lamatua, masi ka jaꞌa jꞌajꞌi kapodꞌe-kabèli.","eng","nfa","English","Dhao","-0.1936","-1.6401","-1.2541"
"the lord went his way as soon as he had finished communing with abraham, and abraham returned to his place.","padhai lii èle sèmi èèna, lamatua la'e dènge ka, aa abraham lèpa kahèi.","Ropa Lamatua padhai lii dènge Abraham, hèia Lamatua laꞌe. Hèia Abraham lèpa hari asa dꞌara èmu na.","Ropa Lamatua padhai lii nare dènge Abraham, hèia Lamatua laꞌe. Hèia Abraham lèpa hari asa dꞌara èmu na.","eng","nfa","English","Dhao","-0.1918","1.3991","0.7475"
"he said, please, my brothers, don't act so wickedly.","ka na lii, aku nèngu na, a'ari, ee! baku miu tao bhelu mi tamu ja'a se.","Hèia na peka dènge rèngu, aku nèngu na, ""Aꞌari aaꞌi-aaꞌi! Baku tao bhabhelu-katubꞌa sèmi èèna!","Hèia na peka dènge rèngu, aku nèngu na, ""Aꞌari aaꞌi-aaꞌi! Baku tao bhabhelu-katubꞌa sèmi èèna!","eng","nfa","English","Dhao","0.0","0.0","0.0"
"abraham said, because i thought, ‘surely the fear of god is not in this place. they will kill me for my wife's sake. '","ka abraham dhaa, peka na, ama dhèu aae! ja'a pangee na, miu aa'i-aa'i mi, kabarai ne dhèu dhu tadhe boe ama lamatua. de ele boe cahag'e neo pamadhe ja'a, sèna ka parame rare dhèu èmu ja'a.","Èle èèna ka, Abraham dhaa, aku nèngu na, 'Jaꞌa pangee, na, dhèu aaꞌi-aaꞌi ètu rai-haha ne dꞌèi boe madhaꞌu mi Ama Lamatua. Ladhe sèmi èèna, rèngu neo pamadhe jaꞌa, lula jaꞌa jꞌajꞌi dhèu èmu jaꞌa ne.'","Èle èèna ka, Abraham dhaa, aku nèngu na, 'Jaꞌa pangee, na, dhèu ètu era ne'e dꞌèi boe madhaꞌu mi Ama Lamatua. Ladhe sèmi èèna, rèngu neo pamadhe jaꞌa, lula dhèu èmu jaꞌa.'","eng","nfa","English","Dhao","1.0557","-2.4869","-1.5849"
"at that time, abimelech and phicol the captain of his army spoke to abraham, saying, god is with you in all that you do.","lod'o èèna, dhèu aae abimelek dènge kètu kapai sordad'u na, fikol, mai pangad'o dènge abraham. hèia dhèu aae padhai lii, ka na peka, abraham! ji'i se nge'a ama lamatua bera-bera dènge èu. nèti èèna ka, sad'i èu ad'u ngaa sa èci, j'aj'i dènge be'a.","Lodꞌo èèna, Abimelek dènge Phicol, komedhaa sordadꞌu na, peka dènge Abraham, aku rèngu na, ""Ama Lamatua ètu madha èu aaꞌi-aaꞌi dhu èu tao.","Lodꞌo èèna, Abimelek dènge Phicol, komedhaa sordadꞌu na, peka dènge Abraham, aku rèngu na, ""Ama Lamatua ètu madha èu aaꞌi-aaꞌi dhu èu tao.","eng","nfa","English","Dhao","0.0","0.0","0.0"
"now, therefore, swear to me here by god that you will not deal falsely with me, nor with my son, nor with my son's son. but according to the kindness that i have done to you, you shall do to me, and to the land in which you have lived as a foreigner.","de ja'a manèngi, sèna ka èu subha ètu katanga madha ama lamatua, dhu peka na, èu bisa boe kapod'e-kabèli ja'a, dènge ana-èpu ja'a aa'i-aa'i ra. sèmi dhu ja'a tao le be'a mi èu, na, èu hud'i tao be'a kahèi mi ja'a dènge kabarai ja'a.","De jaꞌa manèngi sèna ka èu subha dènge jaꞌa ètu neꞌe, pake kolongara Ama Lamatua, aku nèngu na, 'Èu paꞌèki boe dènge jaꞌa, dènge ana-èpu jaꞌa, aa dènge ana-èpu jaꞌa. De èu hudꞌi paꞌèki ku dènge jaꞌa, sama sèmi dhu jaꞌa padꞌelo le dꞌara hua iia mi èu, dènge dhèu aaꞌi-aaꞌi ètu rai-haha ne.'","De jaꞌa manèngi sèna ka èu subha dènge jaꞌa ètu neꞌe, pake kolongara Ama Lamatua, aku nèngu na, 'Èu paꞌèki boe dènge jaꞌa, dènge ana mone jaꞌa, aa dènge ana mone jaꞌa na ana mone. De èu hudꞌi tao dènge jaꞌa, sama sèmi dhu jaꞌa padꞌelo le dꞌara hua iia mi èu, dènge rai ne dhu èu pea le sèmi dhèu kara.'","eng","nfa","English","Dhao","-3.1615","-2.1117","-1.3835"
"abraham said, i will swear.","ka aku abraham na, ooo! ja'a subha.","Èle èèna ka, Abraham dhaa, aku nèngu na, ""Sèmi neꞌe!","Abraham dhaa, ""Aku neo subha.""","eng","nfa","English","Dhao","7.7332","6.8128","0.6065"
"abraham complained to abimelech because of a water well, which abimelech's servants had violently taken away.","te ngaa èle èèna ka, abraham lapor dènge dhèu aae, aku nèngu na, dhèu-dhèu ama dhèu aae parame rare èi ja'a ca madha.","Èle èèna ka, bèli-camèdꞌa abhu èci ètu dꞌara èi. Te ngaa abhu èi èi èi èi, dhu dhèu-dhèu sabꞌa abhu ètu dꞌara èi.","Abraham lii-tangi dènge Abimelech, lula abhu èi ca èci, dhu dhèu-dhèu sab'a Abimelech babège eele dènge koasa.","eng","nfa","English","Dhao","-2.3825","-1.3726","-2.3061"
"abimelech said, i don't know who has done this thing. you didn't tell me, and i didn't hear of it until today.","tadèngi sèmi èèna, hèia na peka, waa! ja'a heka tadèngi kèna j'ara ne'e ne. tasamia ka karèi nèti ca hari ni, èu peka boe dènge ja'a? ja'a dhae ke'a mèka, ne'e ne tatao cee ka ne.","Te ngaa abimelech dhaa, aku nèngu na, ""Jaꞌa keꞌa boe dhèu dhu tao jꞌara ne. Te ngaa èu peka boe dènge jaꞌa, aa jaꞌa tadèngi heka jꞌara ne, toke dꞌai lodꞌo neꞌe.""","Te ngaa abimelech dhaa, aku nèngu na, ""Jaꞌa keꞌa boe dhèu dhu tao jꞌara ne. Te ngaa èu peka boe dènge jaꞌa, aa jaꞌa tadèngi heka jꞌara ne, toke dꞌai lodꞌo neꞌe.""","eng","nfa","English","Dhao","0.0","0.0","0.0"
"abraham took sheep and cattle, and gave them to abimelech. those two made a covenant. abraham set seven ewe lambs of the flock by themselves.","èle èèna ka, abraham dènge abimelek pa'èki lii pajaji. ka abraham hia abimelek sapi dènge kahib'i-kalèbho. èle èèna ka, abraham hag'e nare hari kahib'i-kalèbho èni pidhu ngi'u.","Èle èèna ka, Abraham hia ana kahibꞌi-kalèbho dènge ana kahibꞌi-kalèbho rèngu ètu era èèna. Na hia ana kahibꞌi-kalèbho rèngu ètu era èèna. Ka dua ra paꞌèki lii pajaji dènge Abimelek. Èle èèna ka, Abraham hia ana kahibꞌi-kalèbho pidhu nèti kahibꞌi-kalèbho rèngu.","Abraham nare kahib'i-kalèbho dènge sapi, hèia na hia mi Abimelek. Ka dua ra paꞌèki lii pajaji. Abraham tao ana kahib'i-kalèbho pidhu nèti kaboko na, ho pea mesa-mesa ku.","eng","nfa","English","Dhao","8.9298","-3.0421","-1.4464"
"abimelech said to abraham, what do these seven ewe lambs, which you have set by themselves, mean?","hèia dhèu aae karèi ne, peka na, nga tao ka èu tao sèmi èèna?","Hèia Abimelek karèi Abraham, aku nèngu na, ""Èu pangee, na, ana kahibꞌi-kalèbho pidhu seꞌe se, ngaa?""","Hèia Abimelek karèi Abraham, aku nèngu na, ""Ana kahibꞌi-kalèbho pidhu seꞌe se, dhu èu padhèdi mesa ra, sasoa na, ngaa ka ne?""","eng","nfa","English","Dhao","-0.1168","5.3077","4.1479"
"he said, you shall take these seven ewe lambs from my hand, that it may be a witness to me, that i have dug this well.","ka abraham peka, aku nèngu na, ama dhèu aae. sèmi la kalèbho èni pidhu ngi'u se, sèna ka j'aj'i tadha dhu ama peka le na, ja'a ka dhu kèi èi na.","Hèia na dhaa, aku nèngu na, ""Èu hudꞌi kèpe ku ana kahibꞌi-kalèbho pidhu seꞌe nèti kacui-aai jaꞌa, sèna ka jꞌajꞌi sakasii hia jaꞌa, na, jaꞌa ka dhu kèpe èi èi èi èi èi èi.","Hèia na dhaa, aku nèngu na, ""Èu hudꞌi kèpe ku ana kahibꞌi-kalèbho pidhu seꞌe nèti kacui-aai jaꞌa, sèna ka jꞌajꞌi sakasii hia jaꞌa, na, jaꞌa ka dhu kèi roꞌa èi ne.""","eng","nfa","English","Dhao","1.7593","0.4368","0.9068"
"therefore he called that place beersheba, because they both swore an oath there.","lula dua ra dhu pa'èki le soo-subha ètu èèna, ka era na ra pangare na beer-syeba dhu sasoa na, ‘madha èi soo-subha'.","Nèti èèna ka, Musa paroa dꞌara èèna, 'Beer-Sheba', lula dua ra jꞌajꞌi dhèu pajuu-paleha.","Nèti èèna ka, nèngu paroa dꞌara èèna, 'Beer-Sheba', lula dua ra ded'e subha ètu èèna.","eng","nfa","English","Dhao","6.5573","6.6518","6.2311"
"so they made a covenant at beersheba. abimelech rose up with phicol, the captain of his army, and they returned into the land of the philistines.","ropa pasubha èle, ka dhèu aae dènge kètu kapai sordad'u na lèpa ka, asa era rèngu, rai dhèu pilistin.","Èle èèna ka, Abimelek dènge Pikol, komedhaa sordadꞌu na, kèdꞌi laꞌe asa rai dhèu Parisi.","De rèngu pa'èki lii pajaji ètu Beersheba. Èle èèna ka, Abimelek dènge Pikol, komedhaa sordadꞌu na, kèdꞌi, hèia rèngu lèpa hari asa rai dhèu Parisi.","eng","nfa","English","Dhao","-2.5797","8.2013","5.1295"
"abraham planted a tamarisk tree in beersheba, and there he called on the name of the lord, the everlasting god.","èle èèna ka, abraham sèle aj'u tamareska ca kapua ètu beer syeba. karèi nèti lod'o èèna, aj'u ne pasanèd'e abraham, lula ètu era èèna ka, nèngu mangaj'i lamatua dhu mamuri toke d'ai mia-mia.","Èle èèna ka, Abraham pajꞌajꞌi ajꞌu ajꞌu tamarisk ètu Beer-Sheba. Ètu èèna, na paroa kolongara Ama Lamatua, dhu peka na, 'Lamatua dhu mamuri toke dꞌai mia-mia.'","Abraham pajꞌajꞌi ajꞌu tamarisk ètu Beer-Sheba. Ètu èèna, na paroa kolongara Ama Lamatua dhu mamuri toke dꞌai mia-mia.","eng","nfa","English","Dhao","-5.1076","-6.1275","-5.1318"
"abraham lived as a foreigner in the land of the philistines many days.","ka abraham pea dènge ka ètu talora dhèu pilistin sèmi dhèu tao mai.","Èle èèna ka, Abraham pea ètu rai dhèu Parisi, toke dꞌai pèri-pèri lodꞌo.","Abraham pea sèmi dhèu leo rai ètu rai dhèu Parisi, toke dꞌai pèri-pèri lodꞌo.","eng","nfa","English","Dhao","7.3228","5.7312","5.8688"
"after these things, god tested abraham, and said to him, abraham! he said, here i am.","nèbhu boe, hèia lamatua sèku neo ne'a d'ara abraham. neo ne'a abraham madhutu lamatua, do aad'o. ka lamatua paroa ne, aku nèngu na, abraham! hèia na dhaa, peka na, ooo, lamatua.","Èle èèna ka, Ama Lamatua parisa Abraham. Hèia Na paroa, aku Nèngu na, ""Abraham!"" Hèia Abraham dhaa, aku nèngu na, ""Jaꞌa ne!""","Èle èèna ka, Ama Lamatua parisa Abraham. Hèia Na paroa, aku Nèngu na, ""Abraham!"" Hèia Abraham dhaa, ""Ja'a ne!""","eng","nfa","English","Dhao","-5.9955","-3.4759","-4.344"
"he said, now take your son, your only son, isaac, whom you love, and go into the land of moriah. offer him there as a burnt offering on one of the mountains which i will tell you of.","ka ama lamatua peka dènge ne, mu nanene paie-iie! more ana pasue èu mone mesa na. mèti ne asa rai moria, ho tao ne j'aj'i korban tunu hia ja'a. pe d'ai nèi, ja'a heka paj'uj'u era dhu ètu ledhe èci.","Èle èèna ka, Ama Lamatua peka, aku Nèngu na, ""Sèmi neꞌe! Hia ana èu dhu èu sue èèna, nuka Isak. Èu hudꞌi laꞌe laꞌe asa rai èèna, ètu ledhe cue dhu Jaꞌa peka dènge èu. Ètu era neꞌe, èu hudꞌi pua ne jꞌajꞌi korban.","Èle èèna ka, Ama Lamatua peka, aku nèngu na, ""Sèmi neꞌe! Hia ana èu dhu mesa boe, nuka Isak, dhu èu sue èèna. Èu hudꞌi laꞌe asa rai Moriah. Ètu nèi, èu hudꞌi pua ne jꞌajꞌi korban tunu ètu ca ledhe dhu Jaꞌa peka dènge èu.""","eng","nfa","English","Dhao","-0.7133","2.5661","2.2507"
"abraham rose early in the morning, and saddled his donkey; and took two of his young men with him, and isaac his son. he split the wood for the burnt offering, and rose up, and went to the place of which god had told him.","d'ai bèli mad'ae aae na, abraham sèg'i aj'u sèna ka tao kadhèna. na èki, ka na hue asa dedha keled'ei. ka dua ra dènge isak, aa dènge dhèu sab'a na dhèu dua, pakèd'i asa era dhu lamatua peka dènge ne.","Èle èèna ka, bèli-bèli èèna, Abraham kèdꞌi. Na dedꞌe kètu kabodho na, dènge ana na Isak, dènge ana na dhèu dua. Hèia na patitu ajꞌu sèna ka tao korban kahèi. Èle èèna ka, Abraham kèdꞌi, ka laꞌe asa era dhu Ama Lamatua peka dènge ne, sèna ka jꞌajꞌi dhèu aaꞌi-aaꞌi ètu dꞌara Èmu Kapua Manèngi-Mangajꞌi ètu dꞌara Èmu Kapua Manèngi-Mangajꞌi ètu dꞌara Èmu Kapua Manèngi-Mangajꞌi ètu dꞌara Èmu Kapua Manèngi-Mangajꞌi ètu dꞌara Èmu Kapua Manèngi-Mangajꞌi ètu dꞌara Èmu Kapua Manèngi-Mangajꞌi ètu dꞌara Èmu Kapua Manèngi-Mangajꞌi ètu dꞌara Èmu Kapua Manèngi-Mangajꞌi ètu dꞌara Èmu Kapua Manèngi-Mangajꞌi.","Èle èèna ka, bèli-bèli èèna, Abraham kèdꞌi. Na dedꞌe kètu kabodho na, dènge ana na Isak, dènge ana na dhèu dua. Hèia na patitu ajꞌu sèna ka tao korban kahèi. Èle èèna ka, Abraham kèdꞌi, ka laꞌe asa era dhu Ama Lamatua peka dènge ne.","eng","nfa","English","Dhao","10.8202","5.7773","9.5022"
"on the third day abraham lifted up his eyes, and saw the place far off.","ra kako taruu, ka d'ai camèd'a èèna, abraham nèdhi le era èèna nèti kaj'èu.","Dꞌai tèlu lodꞌo, hèia Abraham ladhe nèdhi era èèna nèti kajꞌèu.","Dꞌai tèlu lodꞌo, hèia Abraham boti kètu na, ka ladhe nèdhi era èèna nèti kajꞌèu.","eng","nfa","English","Dhao","0.8864","3.2809","3.7027"
"abraham said to his young men, stay here with the donkey. the boy and i will go over there. we will worship, and come back to you.","hèia na peka dènge dhèu dua sèra, aku nèngu na, dua mi mate taha mi ne'e dènge keled'ei ne. ja'a dènge ana ja'a la'a asa dedha nèi, ho mangaj'i ama lamatua. ladhe èle na, ji'i lèpa hari mai.","Hèia Abraham peka dènge dhèu sabꞌa na sèra, aku nèngu na, ""Miu madhèdi ku ètu neꞌe dènge kabodho ne. Jaꞌa dènge ana mone ne, ètu neꞌe, ho jiꞌi pahaha iisi mi Ama Lamatua. Èle èèna ka, jiꞌi lèpa hari asa miu.""","Hèia Abraham peka dènge dhèu sabꞌa na sèra, aku nèngu na, ""Miu madhèdi ku ètu neꞌe dènge kabodho ne. Jaꞌa dènge ana mone ne, jiꞌi lami asa ètu nèi, ho jiꞌi pahaha iisi mi Ama Lamatua. Èle èèna ka, jiꞌi lèpa hari asa miu.""","eng","nfa","English","Dhao","1.0479","1.673","1.4526"
"abraham took the wood of the burnt offering and laid it on isaac his son. he took in his hand the fire and the knife. they both went together.","ka abraham nare kadhèna dhu neo tunu korban, ka na tao mi kabela-kao isak. aa nèngu nèd'u tud'i, dènge suu ai. ropa dua ra palere lasi,","Èle èèna ka, Abraham kèpe ajꞌu sèna ka tao korban. Hèia na dedꞌe ajꞌu sèra ètu hèbꞌa ana na, Isak. Hèia Abraham kèpe ajꞌu sèra ètu dꞌara kacui-aai na, dènge kacui-aai na. Èle èèna ka, Abraham kèpe ajꞌu sèra dènge ana na, Isak. Èle èèna ka, Abraham kèpe ajꞌu sèra ètu dꞌara kacui-aai na. Èle èèna ka, Abraham kèpe ajꞌu sèra ètu dꞌara kacui-aai na.","Èle èèna ka, Abraham kèpe ajꞌu sèna ka tao korban. Hèia na dedꞌe ajꞌu sèra ètu hèbꞌa ana na, Isak. Hèia na kèpe ai dènge piso ètu kacui-aai na. Hèia dua ra lasi sama-sama.","eng","nfa","English","Dhao","0.8204","2.9258","6.0083"
"isaac spoke to abraham his father, and said, my father? he said, here i am, my son. he said, here is the fire and the wood, but where is the lamb for a burnt offering?","hèia isak paroa ama na, aku nèngu na, ama! ka abraham dhaa, aku nèngu na, nga tao, ana? hèia isak karèi, aku nèngu na, èdhi neo lati tunu korban. de ai dènge kadhèna ka se'e le. te ngaa ana kahib'i-kalèbho dhu èdhi pake j'aj'i korban, ka mia?","Èle èèna ka, Isak karèi Abraham, ama na, aku nèngu na, ""Ama?"" Hèia Abraham dhaa, aku nèngu na, ""Ama! Jaꞌa ne ètu neꞌe."" Hèia Isak karèi Abraham, aku nèngu na, ""Tareꞌa, ana kahibꞌi-kalèbho ètu mia?""","Èle èèna ka, Isak karèi Abraham, ama na, aku nèngu na, ""Ama?"" Hèia Abraham dhaa, aku nèngu na, ""Ana ku! Jaꞌa ne ètu neꞌe."" Hèia Isak peka hari, aku nèngu na, ""Tareꞌa, ai dènge aj'u ne, te ngaa ana kahib'i-kalèbho ho j'aj'i korban tunu ètu mia?""","eng","nfa","English","Dhao","9.2","13.0647","11.3059"
"abraham said, god will provide himself the lamb for a burnt offering, my son. so they both went together.","te ngaa, aku abraham na, pe ama lamatua unu na ka dhu hia ana kalèbho, sèna ka j'aj'i mi korban. ka dua ra ca'e lasi taruu.","Hèia Abraham dhaa, aku nèngu na, ""Aadꞌo! Ama Lamatua ka dhu hia ana kahibꞌi-kalèbho ne, sèna ka jꞌajꞌi holo-nori."" Hèia Abraham dènge ana kahibꞌi-kalèbho laꞌe dènge ana kahibꞌi-kalèbho ne, sèna ka jꞌajꞌi ana kahibꞌi-kalèbho ètu dꞌara Èmu Kapua Manèngi-Mangajꞌi ètu dꞌara Èmu Kapua Manèngi-Mangajꞌi ètu dꞌara Èmu Kapua Manèngi-Mangajꞌi ètu dꞌara Èmu Kapua Manèngi-Mangajꞌi ètu dꞌara Èmu Kapua Manèngi-Mangajꞌi ètu dꞌara Èmu Kapua Manèngi-Mangajꞌi ètu dꞌara Èmu Kapua Manèngi-Mangajꞌi ètu dꞌara Èmu Kapua Manèngi-Mangajꞌi.","Hèia Abraham dhaa, aku nèngu na, ""Ama Lamatua ka dhu hia ana kahibꞌi-kalèbho ne, sèna ka jꞌajꞌi holo-nori, ana ku."" Hèia dua ra laꞌe sama-sama.","eng","nfa","English","Dhao","10.7663","11.2797","15.4955"
"they came to the place which god had told him of. abraham built the altar there, and laid the wood in order, bound isaac his son, and laid him on the altar, on the wood.","ropa dua ra d'ai era dhu lamatua peka èèna, ka abraham pudhi hadhu ho tao mei korban. hèia na paloko kadhèna ètu dedha mei korban ne. ka kèpe ana na isak, èki patarenga ne ètu dedha kadhèna.","Ropa rèngu dꞌai era dhu Ama Lamatua peka dènge ne, hèia Abraham patitu ajꞌu mei ètu èèna. Hèia na patitu ajꞌu ètu èèna. Hèia na kèpe ana na Isak, ka na patitu ne ètu ajꞌu mei ètu èèna.","Ropa rèngu dꞌai era dhu Ama Lamatua peka dènge ne, hèia Abraham patitu mèdha persembahan ètu èèna. Hèia na patitu ajꞌu pabe'a-be'a. Hèia na kèpe ana na Isak, ka na patitu ne ètu mèdha persembahan, ètu dedha ajꞌu mei.","eng","nfa","English","Dhao","1.9388","4.7018","3.2006"
"abraham stretched out his hand, and took the knife to kill his son.","ka nare tud'i, ho neo kèj'i pamadhe ana na.","Èle èèna ka, Abraham kèpe kacui-aai na, ho neo pamadhe ana na.","Abraham j'ole kacui-aai na, ka kèpe rèu, ho neo pamadhe ana na.","eng","nfa","English","Dhao","-0.4691","1.2397","0.8069"
"the lord's angel called to him out of the sky, and said, abraham, abraham! he said, here i am.","cag'ag'a laa, ana pajuu lamatua lii nèti dedha-liru, peka na, abraham! mata ku! ka abraham dhaa, aku nèngu na, nga tao, lamatua?","Èle èèna ka, ana pajuu Lamatua èci nèti sorga paroa ne, aku nèngu na, ""Abraham! Abraham!"" Hèia na dhaa, aku nèngu na, ""Jaꞌa ne!""","Èle èèna ka, ana pajuu Lamatua èci nèti sorga paroa ne, aku nèngu na, ""Abraham! Abraham!"" Hèia na dhaa, aku nèngu na, ""Jaꞌa ne!""","eng","nfa","English","Dhao","0.0","0.0","0.0"
