verse,source_text,target_text,pred_text
GEN 1:1,in the beginning god made of nought heaven and earth.,"uru-uru tèka, ama lamatua paj'aj'i dedha-liru dènge rai-haha.","Uru-uru sèra, Ama Lamatua pajꞌajꞌi liru dènge rai-haha."
GEN 1:2,"forsooth the earth was idle and void, and darknesses were on the face of depth; and the spirit of the lord was borne on the waters or the spirit of god was borne upon the waters.","lod'o rai-haha j'aj'i mèka, aa'i-aa'i dhae mèci mèka. dhu abhu, èi. aa maroga aatu-aatu saguru nare ne. ka roh lamatua lela ètu dedha èi èèna.","Lodꞌo èèna, aaꞌi-aaꞌi ètu rai-haha ne jꞌajꞌi mèu-mèu, aa jꞌajꞌi mèu-mèu. Lodꞌo èèna, aaꞌi-aaꞌi ètu rai-haha ne jꞌajꞌi mèu-mèu. Lodꞌo èèna, aaꞌi-aaꞌi ètu rai-haha ne jꞌajꞌi mèu-mèu. Lodꞌo èèna, aaꞌi-aaꞌi ètu rai-haha ne jꞌajꞌi mèu-mèu. Lodꞌo èèna, aaꞌi-aaꞌi ètu rai-haha ne jꞌajꞌi mèu-mèu."
GEN 1:3,"and god said, light be made, and the light was made.","hèia ama lamatua peka, hud'i ku dènge saraa. ropa peka nare sèmi ne'e, ka saraa j'aj'i dènge ka.","Èle èèna ka, Ama Lamatua peka dènge dhèu aaꞌi-aaꞌi, aku Nèngu na, ""Hudꞌi laa!"""
GEN 1:4,"and god saw the light, that it was good, and he parted the light from darknesses;","ropa nèdhi saraa ne, d'ara na karej'e, lula ngaa dhu na ad'u, mema be'a. hèia na hag'e eele saraa nèti maroga, sèna ka èci-èci ka dènge taa na.","Èle èèna ka, Ama Lamatua ladhe nèdhi, na, saraa ne beꞌa. Hèia Ama Lamatua padꞌelo jꞌara èci dènge saraa."
GEN 1:5,"and he called the light, day, and the darknesses, night. and the eventide and the morrowtide was made, one day.","ka pangare saraa ne ‘mèu', aa maroga na ‘mèda'. ne'e ne, lod'o ka èci kèna.","Èle èèna ka, bèli-camèdꞌa dhèu aaꞌi-aaꞌi jꞌajꞌi dhèu aaꞌi-aaꞌi. Èle èèna ka, dhèu aaꞌi-aaꞌi jꞌajꞌi dhèu aaꞌi-aaꞌi jꞌajꞌi dhèu aaꞌi-aaꞌi. Èle èèna ka, dhèu aaꞌi-aaꞌi jꞌajꞌi dhèu aaꞌi-aaꞌi jꞌajꞌi dhèu aaꞌi-aaꞌi."
GEN 1:6-7,"and god said, the firmament be made in the midst of waters, and part waters from waters. and god made the firmament, and parted the waters that were under the firmament, from the waters that were on the firmament or that were above the firmament; and it was done so.","hèia ama lamatua lii hari, na peka, hud'i dènge ku era talele, sèna ka hag'e eele èi. nèti èèna ka, èi re dedha, aa abhu kahèi èi re haha. ropa peka nare sèmi èèna, hèia èi b'agi dènge mi dua.","Èle èèna ka, Ama Lamatua peka, aku Nèngu na, ""Beꞌa risi ètu dedha-liru, ètu dꞌara èi, sèna ka jꞌajꞌi èci dènge èci."" Hèia Ama Lamatua pajꞌajꞌi ètu dedha-liru, sèna ka jꞌajꞌi èci dènge èci. Hèia jꞌajꞌi sèmi èèna."
GEN 1:8,"and god called the firmament, heaven. and the eventide and the morrowtide was made, the second day.","ka na pangare èi re dedha na, ‘liru'. ne'e ne, lod'o ka dua kèna.","Èle èèna ka, Ama Lamatua pajꞌujꞌu aaꞌi-aaꞌi ètu dedha-liru. Ka Na pajꞌujꞌu aaꞌi-aaꞌi ètu dedha-liru. Aa Na pajꞌujꞌu aaꞌi-aaꞌi ètu dedha-liru, jꞌajꞌi hari ka dua."
GEN 1:9,"forsooth god said, the waters, that be under heaven, be gathered into one place, and a dry place appear; and it was done so.","hèia ama lamatua peka hari, aku nèngu na, èi re haha hud'i pakaboko ku mi ca era, sèna ka abhu rai kamango. ropa padhai lii nare sèmi ne'e, j'aj'i dènge ka rai mango.","Èle èèna ka, Ama Lamatua peka, aku Nèngu na, ""Dhèu aaꞌi-aaꞌi dhu ètu dedha-liru jꞌajꞌi ètu era èci, sèna ka jꞌajꞌi ètu era dhu bhelu-katubꞌa."" Hèia jꞌajꞌi sèmi èèna."
GEN 1:10,"and god called the dry place, earth; and he called the gatherings together of waters, the seas. and god saw that it was good;","ka era rai mango, na pangare na ‘rai-dedha'; aa era èi dhu kaboko èèna, na pangare na ‘dhasi'. ropa nèdhi aa'i-aa'i ne, d'ara na karej'e, lula ngaa dhu na ad'u, mema be'a.","Èle èèna ka, Ama Lamatua pangee, na, ""Dhèu aae ne, rai-haha."" Èle èèna ka, Ama Lamatua pangee, na, ""Dhèu aae ne, rai-haha."" Èle èèna ka, Ama Lamatua pangee, na, ""Dhèu aae ne, rai-haha."""
GEN 1:11,"and said, the earth bring forth green herb, and making seed, and an apple tree making fruit by his kind, whose seed be in itself, on the earth; and it was done so.","ka ama lamatua lii hari, peka na, rai hud'i pamamuri ku rupa-rupa ana aaj'u. sèna ka abhu aj'u dhu hua, dhu dènge lamusi, aa dhu dènge rèu mangèru. sèna ka aj'u-aj'u se, hua-hela madhutu rupa rèngu. ropa padhai lii nare sèmi ne'e, j'aj'i dènge ka ana aaj'u aa'i-aa'i ra.","Ètu rai-haha ne, abhu aaꞌi-aaꞌi dhu hia hua-hela. Aa aaꞌi-aaꞌi dhu hia hua-hela. Aa aaꞌi-aaꞌi dhu hia hua-hela. Aa aaꞌi-aaꞌi dhu hia hua-hela."" Hèia Ama Lamatua tao sèmi èèna kahèi."
GEN 1:12,"and the earth brought forth green herb and making seed by his kind, and a tree making fruit, and each having seed by his kind. and god saw that it was good.","ètu dedha-rai, ana aaj'u se hua-hela ka madhutu rupa rèngu. ropa nèdhi aa'i-aa'i se, d'ara na karej'e, lula ngaa dhu na ad'u, mema be'a.","Ètu rai-haha ne, abhu hèbꞌa aaꞌi-aaꞌi dhu jꞌajꞌi rupa-rupa. Aa ajꞌu aaꞌi-aaꞌi dhu jꞌajꞌi rupa-rupa. Ama Lamatua ladhe sèmi èèna."
GEN 1:13,"and the eventide and the morrowtide was made, the third day.","ne'e ne, lod'o ka tèlu kèna.","Bèli-camèdꞌa, bèli-camèdꞌa dꞌai tèlu lodꞌo."
GEN 1:14-15,"forsooth god said, lights be made in the firmament of heaven, and part they the day and night; and be they into signs, and times, and days, and years; and shine those in the firmament of heaven, and lighten they the earth; and it was done so.","hèia ama lamatua lii hari, aku nèngu na, re bèka dedha, hud'i abhu ku mèdha dhu saraa, ho pasaraa rai-haha ne. hud'i abhu mèdha dhu pasaraa re mèu, aa abhu kahèi dhu pasaraa re mèda. rèngu aa'i-aa'i se, j'aj'i tadha, ho sèna ka bisa ige lod'o, hèru, dènge tèu. ropa padhai lii nare sèmi ne'e, mèdha dhu heo aa'i-aa'i ra j'aj'i dènge ka.","Èle èèna ka, Ama Lamatua peka hari, aku Nèngu na, ""Hudꞌi laa! Ladhe abhu saraa ètu dedha-liru, sèna ka jꞌajꞌi tadha-tadha, lodꞌo, lodꞌo, dènge lodꞌo. Ladhe abhu saraa ètu dedha-liru, sèna ka jꞌajꞌi saraa ètu rai-haha."" Hèia jꞌajꞌi sèmi èèna."
GEN 1:16,"and god made two great lights, the greater light that it should be before to the day, and the lesser light that it should be before to the night; and god made stars;","ka na tao ka mèdha kapai dua dhu pasaraa rai-haha. dhu kapai risi, pasaraa re mèu; aa dhu ako ana iiki, pasaraa re mèda. aa na tao hua-hètu kahèi.","Èle èèna ka, Ama Lamatua pajꞌajꞌi saraa dhu kapai, sèna ka jꞌajꞌi saraa dhu kapai, toke dꞌai mèda. Aa Ama Lamatua pajꞌajꞌi saraa dhu kapai, toke dꞌai mèda. Aa Ama Lamatua pajꞌajꞌi saraa dhu kapai, toke dꞌai mèda. Èle èèna ka, Ama Lamatua pajꞌajꞌi saraa dhu kapai, sèna ka jꞌajꞌi saraa dhu kapai. Aa Ama Lamatua pajꞌajꞌi saraa dhu kapai, toke dꞌai mèda. Aa Ama Lamatua pajꞌajꞌi saraa dhu kapai, sèna ka jꞌajꞌi saraa dhu kapai, toke dꞌai mèda."
GEN 1:17,"and setted them in the firmament of heaven, that they should shine on the earth,","na tèke mèdha dhu saraa sèra ètu dedha-liru, sèna ka loti mai asa rai-haha.","Èle èèna ka, Ama Lamatua hagꞌe nare si jꞌajꞌi saraa ètu dedha-liru, sèna ka jꞌajꞌi saraa ètu rai-haha ne."
GEN 1:18,"and that they should be before to the day and to the night, and should part light and darkness. and god saw that it was good.","ka mèdha se, pasaraa ka re mèu, aa pasaraa re mèda. dènge j'ara ne'e, na hag'e eele saraa nèti maroga. ropa nèdhi aa'i-aa'i se, d'ara na karej'e, lula ngaa dhu na ad'u, mema be'a.","Èle èèna ka, Ama Lamatua pajꞌujꞌu aaꞌi-aaꞌi ra. Èle èèna ka, Ama Lamatua pajꞌujꞌu aaꞌi-aaꞌi ra. Èle èèna ka, Ama Lamatua pajꞌujꞌu aaꞌi-aaꞌi ra. Èle èèna ka, Ama Lamatua pajꞌujꞌu aaꞌi-aaꞌi ra. Èle èèna ka, Ama Lamatua pajꞌujꞌu aaꞌi-aaꞌi ra. Èle èèna ka, Ama Lamatua pajꞌujꞌu aaꞌi-aaꞌi ra. Èle èèna ka, Ama Lamatua pajꞌujꞌu aaꞌi-aaꞌi ra."
GEN 1:19,"and the eventide and the morrow-tide was made, the fourth day.","ne'e ne, lod'o ka èpa kèna.","bèli-camèdꞌa, bèli-camèdꞌa, bèli-camèdꞌa, tèlu lodꞌo."
GEN 1:20,"also god said, the waters bring forth a reptile, either a creeping beast, of living soul, and a volatile, either a bird flying above the earth, under the firmament of heaven.","hèia ama lamatua padhai lii hari, peka na, hud'i abhu ku ae-ae dhu mamuri ètu d'ara èi. dènge hud'i abhu ku rupa-rupa manu-bhui dhu lela ètu dedha rai-haha ne.","Èle èèna ka, Ama Lamatua peka dènge jaꞌa, aku Nèngu na, ""Bèli-camèdꞌa ètu dꞌara èi, bèli-camèdꞌa ètu dꞌara èi, bèli-camèdꞌa ètu dedha-liru, bèli-camèdꞌa ètu dedha-liru, bèli-camèdꞌa ètu dedha-liru, bèli-camèdꞌa ètu dedha-liru. Ètu dꞌara èi, bèli-camèdꞌa ètu dedha-liru, bèli-camèdꞌa ètu dedha-liru, bèli-camèdꞌa ètu dedha-liru."""
GEN 1:21,"and god made of nought great whales, and each living soul and movable, which the waters have brought forth in their kinds; and god made of nought each volatile by his kind. and god saw that it was good;","ka na tao ka i'a aa'i-aa'i dènge badha kapai dhu mamuri ètu d'ara èi. na paj'aj'i kahèi manu-bhui aa'i-aa'i. ropa nèdhi aa'i-aa'i se, d'ara na karej'e, lula ngaa dhu na ad'u, mema be'a.","Èle èèna ka, Ama Lamatua pajꞌajꞌi seꞌe: seꞌe, seꞌe, seꞌe, seꞌe, seꞌe, seꞌe, seꞌe, seꞌe, seꞌe, seꞌe, seꞌe, seꞌe, seꞌe, seꞌe, seꞌe, seꞌe, seꞌe, seꞌe, seꞌe, seꞌe, seꞌe, seꞌe, seꞌe, seꞌe, seꞌe, seꞌe, seꞌe, seꞌe, seꞌe, seꞌe, seꞌe, seꞌe, seꞌe, seꞌe, seꞌe, seꞌe, seꞌe, seꞌe, seꞌe, seꞌe."
GEN 1:22,"and blessed them, and said, wax ye, and be ye multiplied, and fill ye the waters of the sea, and the birds be multiplied on the earth.","ka na padhai lii ho sèna ka hia berkat mi aa'i-aa'i dhu mamuri, peka na, i'a se, hud'i laa bèba-kacanga sèna ka papènu èi ètu mia-mia. aa manu-bhui, asa tabha kahèi.","Èle èèna ka, Ama Lamatua hagꞌe nare lii manèngi-mangajꞌi sèra. Ka Na peka dènge si, aku Nèngu na, ""Bèli-camèdꞌa miu jꞌajꞌi dhèu ae-ae, aa jꞌajꞌi dhèu aaꞌi-aaꞌi ètu dꞌara dhasi, aa manu-bhui aaꞌi-aaꞌi ètu rai-haha ne jꞌajꞌi dhèu aaꞌi-aaꞌi."""
GEN 1:23,"and the eventide and the morrowtide was made, the fifth day.","ne'e ne, lod'o ka lèmi kèna.","bèli-camèdꞌa, bèli-camèdꞌa, bèli-camèdꞌa, bèli-camèdꞌa, bèli-camèdꞌa, bèli-camèdꞌa, bèli-camèdꞌa."
GEN 1:24-25,"and god said, the earth bring forth a living soul in his kind, work beasts, and reptiles, either creeping beasts, and unreasonable beasts of the earth, by their kinds; and it was done so. and god made unreasonable beasts of the earth by their kinds, and work beasts, and each creeping beast of the earth in his kind. and god saw that it was good;","ka ama lamatua peka hari, na, hud'i abhu ku rupa-rupa badha dhu mamuri ètu rai-dedha. sèmi: badha-manu dhu ani, badha hui, dènge badha dhu rod'o, èci-èci ka dènge rupa na. ropa padhai lii nare sèmi ne'e, badha aa'i-aa'i ra j'aj'i dènge ka. ropa nèdhi aa'i-aa'i se, d'ara na karej'e, lula ngaa dhu na ad'u, mema be'a.","Èle èèna ka, Ama Lamatua peka dènge dhèu aaꞌi-aaꞌi sèra, aku Nèngu na, ""Dhèu aaꞌi-aaꞌi sèra tao badha aaꞌi-aaꞌi dènge badha aaꞌi-aaꞌi dènge badha aaꞌi-aaꞌi."" Èle èèna ka, Ama Lamatua tao badha aaꞌi-aaꞌi dènge badha aaꞌi-aaꞌi dènge badha aaꞌi-aaꞌi dènge badha aaꞌi-aaꞌi dènge badha aaꞌi-aaꞌi dènge badha aaꞌi-aaꞌi dènge badha aaꞌi-aaꞌi dènge badha aaꞌi-aaꞌi dènge badha aaꞌi-aaꞌi dènge badha aaꞌi-aaꞌi dènge badha aaꞌi-aaꞌi. Èle èèna ka dhu beꞌa."
GEN 1:26,"and said, make we man to our image and likeness, and be he sovereign to the fishes of the sea, and to the volatiles of heaven, and to the unreasonable beasts of the earth, and to each creature, and to each creeping beast or each reptile, which is moved in the earth.","ka ama lamatua peka hari, aku nèngu na, hua iia, mai ta paj'aj'i dhèu, madhutu rupa èdhi. hud'i laa ra leru dènge ator i'a aa'i-aa'i ètu d'ara dhasi, manu-bhui aa'i-aa'i ètu dedha-liru, badha-manu dhu ani, dènge badha leo aa'i-aa'i ra dhu mamuri ètu rai-haha ne.","Hèia ra padhai lii, aku rèngu na, ""Mai ka jiꞌi tao dhèu, sèna ka jꞌajꞌi sama sèmi jiꞌi. Jiꞌi hudꞌi jꞌajꞌi dhèu aaꞌi-aaꞌi, sèna ka jꞌajꞌi dhèu aaꞌi-aaꞌi, sèna ka jꞌajꞌi dhèu aaꞌi-aaꞌi, sèna ka jꞌajꞌi dhèu aaꞌi-aaꞌi, sèna ka jꞌajꞌi dhèu aaꞌi-aaꞌi, sèna ka jꞌajꞌi dhèu aaꞌi-aaꞌi, sèna ka jꞌajꞌi dhèu aaꞌi-aaꞌi, sèna ka jꞌajꞌi dhèu aaꞌi-aaꞌi, sèna ka jꞌajꞌi dhèu aaꞌi-aaꞌi, sèna ka jꞌajꞌi dhèu aaꞌi-aaꞌi, sèna ka jꞌajꞌi dhèu aaꞌi-aaꞌi, sèna ka jꞌajꞌi dhèu aaꞌi-aaꞌi-aaꞌi, sèna ka jꞌajꞌi dhèu aaꞌi-aaꞌi-aaꞌi."""
GEN 1:27,"and god made of nought a man to his image and likeness; god made of nought a man, to the image of god; god made of nought them, male and female.","hèia na paj'aj'i dhèu rai-haha ne madhutu rupa na. na paj'aj'i si, dhèu mone dènge dhèu bhèni.","Èle èèna ka, Ama Lamatua pajꞌajꞌi dhèu rai-haha, madhutu dadꞌèi Na. Ama Lamatua pajꞌajꞌi dhèu rai-haha, madhutu dadꞌèi Na. Ama Lamatua pajꞌajꞌi dhèu mone dènge dhèu bhèni."
GEN 1:28,"and god blessed them, and said, increase ye, and be ye multiplied, and fill ye the earth, and make ye it subject; and be ye lords to the fishes of the sea, and to the volatiles of heaven, and to all living beasts that be moved on the earth.","ka na padhai lii ho sèna ka hia berkat mi rèngu, aku nèngu na, miu hud'i bèba-kacanga ku, sèna ka pea papènu rai-haha ne, ho mi ator ne. ja'a hia miu koasa, sèna ka mi ator i'a, manu-bhui, dènge badha-manu aa'i-aa'i ra ètu rai-haha ne.","Èle èèna ka, Ama Lamatua bꞌala si, ka Na peka dènge si, aku Nèngu na, ""Bèli-camèdꞌa miu jꞌajꞌi dhèu aaꞌi-aaꞌi ètu rai-haha ne. Bèli-camèdꞌa miu jꞌajꞌi dhèu aaꞌi-aaꞌi ètu rai-haha ne. Bèli-camèdꞌa miu jꞌajꞌi dhèu aaꞌi-aaꞌi ètu rai-haha ne. Bèli-camèdꞌa miu jꞌajꞌi dhèu aaꞌi-aaꞌi ètu rai-haha ne. Bèli-camèdꞌa miu jꞌajꞌi dhèu aaꞌi-aaꞌi ètu rai-haha ne. Bèli-camèdꞌa miu jꞌajꞌi dhèu aaꞌi-aaꞌi ètu rai-haha ne."""
GEN 1:29,"and god said, lo! i have given to you each herb bearing seed on the earth, and all trees that have in themselves the seed of their kind, that they be into meat to you;","mi nanene paie-iie! ja'a hia miu rupa-rupa nganga'a ètu rai-haha ne'e. sèmi: ana aaj'u dhu dènge hua, dhu dènge lamusi, aa dhu dènge rèu mangèru.","Èle èèna ka, Ama Lamatua peka dènge dhèu aaꞌi-aaꞌi sèra, aku Nèngu na, ""Sèmi neꞌe: Jaꞌa hia miu aaꞌi-aaꞌi, hua-hela aaꞌi-aaꞌi ètu rai-haha. Aa aaꞌi-aaꞌi dhu abhu hua-hela aaꞌi-aaꞌi ètu rai-haha. Aa aaꞌi-aaꞌi dhu abhu hua-hela aaꞌi-aaꞌi ètu rai-haha ne, sèna ka miu bisa raꞌa."
GEN 1:30,"and to all living beasts of the earth, and to each bird of heaven, and to all things that be moved in the earth, and in which is a living soul, that they have to eat; and it was done so.","ja'a hia rupa-rupa ana aaj'u kahèi sèna ka j'aj'i nganga'a badha. nganga'a hia badha-manu dhu ani, badha hui, badha dhu rod'o, dènge manu-bhui. ropa padhai lii nare sèmi ne'e, nganga'a badha sèra aa'i-aa'i ra j'aj'i dènge ka.","Jaꞌa hia badha aaꞌi-aaꞌi dhu mamuri ètu rai-haha, dènge manu-bhui aaꞌi-aaꞌi ètu dedha-liru, dènge badha aaꞌi-aaꞌi dhu kabꞌua ètu rai-haha, sèna ka raꞌa-rinu. Hèia raꞌa-rinu aaꞌi-aaꞌi raꞌa-rinu. Ka raꞌa-rinu aaꞌi-aaꞌi raꞌa-rinu aaꞌi-aaꞌi raꞌa-rinu. Ka raꞌa-rinu aaꞌi-aaꞌi raꞌa-rinu aaꞌi-aaꞌi raꞌa-rinu. Ka raꞌa-rinu aaꞌi-aaꞌi raꞌa-rinu aaꞌi-aaꞌi raꞌa-rinu aaꞌi-aaꞌi raꞌa-rinu aaꞌi-aaꞌi raꞌa-rinu."
GEN 1:31,"and god saw all things which he made, and they were full good. and the eventide and the morrowtide was made, the sixth day.","ropa nèdhi aa'i-aa'i se, d'ara na karej'e, lula ngaa dhu na ad'u, mema be'a. ne'e ne, lod'o ka èna kèna.","Èle èèna ka, Ama Lamatua ladhe-leru aaꞌi-aaꞌi dhu Na pajꞌajꞌi, aa ladhe-leru aaꞌi-aaꞌi. Èle èèna ka, Ama Lamatua pajꞌajꞌi mèu-mèu, aa bèli-camèdꞌa jꞌajꞌi mèu-mèu."
GEN 2:1,"therefore heavens and earth be made perfect, and all the ornament of those or them.","dènge j'ara sèmi èèna ka, ama lamatua paj'aj'i dedha-liru, rai-haha, dènge isi ra aa'i-aa'i.","Nèti èèna ka, Ama Lamatua pajꞌujꞌu aaꞌi-aaꞌi ètu dedha-liru dènge aaꞌi-aaꞌi ra."
GEN 2:2,and god ful filled in the seventh day his work which he made; and he rested in the seventh day from all his work which he had made;,"ropa na sab'a èle, asa bèli èèna, lèke dènge lod'o ka pidhu. hèia na ae nèti sasab'a-la'a na.","Èle èèna ka, dꞌai ka pidhu lodꞌo, Ama Lamatua puri-paꞌèle aaꞌi-aaꞌi dhu Na tao. Nèti èèna ka, dꞌai ka pidhu lodꞌo, Na lèpa hari nèti sasabꞌa-laꞌa Na aaꞌi-aaꞌi dhu Na tao."
GEN 2:3,"and he blessed the seventh day, and hallowed it; for in that day god ceased of all his work which he made of nought, that he should make.","dènge j'ara ne'e, na tao lod'o ka pidhu ne, lod'o dhu kapai risi nèti lod'o dhu leo sèra. na tao sèmi èèna, lula na pa'èle aa'i le sasab'a na, ka ètu d'ara lod'o ka pidhu na, na ae.","Èle èèna ka, Ama Lamatua puri-paꞌèle hari aaꞌi-aaꞌi dhu Na tao ètu rai-haha ne. Nèti èèna ka, Ama Lamatua puri-paꞌèle hari aaꞌi-aaꞌi dhu Na tao ètu rai-haha ne. Nèti èèna ka, Ama Lamatua puri-paꞌèle hari aaꞌi-aaꞌi dhu Na tao ètu rai-haha ne."
GEN 2:4,"these be the generations of heaven and of earth, in the day wherein the lord god made heaven and earth,","d'ai sange ne'e ka, lii lolo ama lamatua paj'aj'i dedha-liru dènge rai-haha ne. lod'o ama lamatua heka paj'aj'i dedha-liru dènge rai-haha èèna,","Lodꞌo Lamatua pajꞌajꞌi dedha-liru dènge rai-haha,"
GEN 2:5-6,"and each little tree of the earth before that it sprang out in the earth; and he made each herb of the field before that it burgeoned. for the lord god had not rained on the earth, and no man there was that wrought or might work the earth; but a well went out of the earth, and moisted all the higher part of the earth.","dhae abhu mèka ana aaj'u, lula na papuru mèka èj'i. taa èèna, dhoka sèb'u èi di, mai nèti d'ara rai ho pabasa rai re dedha. aa abhu mèka dhèu rai-haha dhu tao oka-tedhe.","Na ladhe-leru aaꞌi-aaꞌi dhu ètu rai-haha ne, aa aaꞌi-aaꞌi dhu ètu dꞌara rai-haha ne, aa aaꞌi-aaꞌi dhu ètu dꞌara rai-haha ne, aaꞌi-aaꞌi dhu ètu dꞌara rai-haha ne, aaꞌi-aaꞌi dhu ètu dꞌara rai-haha ne, aaꞌi-aaꞌi dhu ètu dꞌara rai-haha ne, aaꞌi-aaꞌi dhu ètu dꞌara rai-haha ne. Te ngaa abhu boe ca dhèu sa dhu bisa tao ètu dꞌara rai-haha ne, aa abhu boe ca dhèu sa dhu bisa tao ètu dꞌara rai-haha ne. Nèti èèna ka, ètu dꞌara rai-haha ne, bèli-camèdꞌa ètu dedha rai-haha."
GEN 2:7,"therefore the lord god formed man of the slime of the earth, and breathed into his face the breathing of life; and man was made into a living soul.","èle èèna ka, ama lamatua nare rai ciki, ka na paj'aj'i dhèu rai-haha. hèia na tiu a'ae na asa d'ara sahènga dhèu na, ka na mamuri dènge ka.","Èle èèna ka, Lamatua pajꞌajꞌi dhèu rai-haha ne, nèti papèdꞌa rai-haha. Hèia Na bhèlu asa dꞌara dhèu rai-haha ne, sèna ka nèngu bisa mamuri. Èle èèna ka, dhèu rai-haha ne jꞌajꞌi dhèu aaꞌi-aaꞌi."
GEN 2:8,"forsooth the lord god planted at the beginning paradise of liking or the garden of eden, wherein he set man whom he had formed.","hèia ama lamatua bhoke oka cue ètu rai eden, re bèka dhimu. hèia na hia dhèu ne pea ètu d'ara oka na.","Karèi nèti uru ka, Ama Lamatua pajꞌajꞌi dhèu rai-haha ètu dꞌara rae Eden. Hèia Na pajꞌajꞌi dhèu rai-haha ne ètu dꞌara rae ne."
GEN 2:9,"and the lord god brought forth of the earth each tree fair in sight, and sweet to eat; also he brought forth the tree of life in the midst of paradise, and the tree of knowing of good and of evil.","ètu d'ara oka èèna, na pamamuri rupa-rupa aj'u dhu be'a, dhu dhèu bisa ra'a. aa na pamamuri kahèi aj'u dua kapua ètu talora aae oka èèna. ladhe dhèu ra'e hua nèti aj'u èci, na mamuri taa-taa. aa ladhe dhèu ra'e hua nèti aj'u èci hari, ne'a hag'e mia dhu be'a, aa mia dhu karehe.","Èle èèna ka, Ama Lamatua pajꞌajꞌi aaꞌi ajꞌu aaꞌi-aaꞌi ètu rai-haha. Aa ajꞌu aaꞌi-aaꞌi ètu dꞌara dꞌara dꞌara oka. Aa ajꞌu aaꞌi-aaꞌi ètu dꞌara oka. Aa ajꞌu aaꞌi-aaꞌi ètu dꞌara oka. Aa ajꞌu aaꞌi-aaꞌi ètu dꞌara oka. Aa ajꞌu aaꞌi-aaꞌi ètu dꞌara oka. Aa ajꞌu aaꞌi-aaꞌi ètu dꞌara oka. Aa ajꞌu aaꞌi-aaꞌi ètu dꞌara oka."
GEN 2:10,"and a river went out from the place of liking or eden to moist paradise or the garden, which river is parted from thence into four heads.","ètu era èèna, abhu loko èci dhu hae nèti d'ara oka èèna. loko èèna, èpa kacanga.","Èle èèna, bèli-camèdꞌa bèli-camèdꞌa bèli-camèdꞌa bèli-camèdꞌa bèli-camèdꞌa bèli-camèdꞌa bèli-camèdꞌa bèli-camèdꞌa bèli-camèdꞌa bèli-camèdꞌa bèli-camèdꞌa bèli-camèdꞌa bèli-camèdꞌa bèli-camèdꞌa bèli-camèdꞌa bèli-camèdꞌa bèli-camèdꞌa bèli-camèdꞌa."
GEN 2:11,"the name of the one river is pishon, that it is that encompasseth all the land of havilah, where gold cometh forth,","kacanga ka èci na, ngara na pison. nèngu ka dhu hae pale-lème rai hawila dhu abhu hualaa ae-ae.","Rèngu èci, ngara na Pison. Rèngu neꞌe ka dhu jꞌajꞌi bèi-baki ètu dꞌara rai Havila. Rèngu neꞌe ka dhu jꞌajꞌi bèi-baki ètu dꞌara rai Havila."
GEN 2:12,"and the gold of that land is the best, and there is found bdellium, that is, a tree of spicery, and the stone onyx;","ètu era èèna ka, abhu poe-pai, aj'u dhu raa na hèu mèngi, dènge hadhu kale'e.","Ètu dꞌara kota ne, abhu mèdha aae dhu kabꞌua. Abhu mèdha aae dhu kabꞌua risi nèti dꞌara kota ne. Abhu mèdha aae dhu kabꞌua risi nèti dꞌara kota ne. Abhu mèdha aae dhu kabꞌua risi nèti dꞌara kota ne. Abhu mèdha aae dhu kabꞌua risi nèti dꞌara kota ne. Abhu mèdha aae dhu kabꞌua risi nèti dꞌara kota ne. Abhu mèdha aae dhu kabꞌua risi nèti dꞌara kota ne. Abhu mèdha aae dhu kabꞌua risi nèti dꞌara kota ne. Abhu mèdha aae dhu kabꞌua risi nèti dꞌara kota ne."
GEN 2:13,"and the name of the second river is gihon, that it is that encompasseth all the land of ethiopia;","kacanga ka dua, ngara na gihon. kacanga ne, hae pale-lème rai kus.","Rèngu ka dua, ngara na Gihon. Rèngu neꞌe ka dhu jꞌajꞌi propensi Etiopia aaꞌi-aaꞌi."
GEN 2:14,"forsooth the name of the third river is tigris, that goeth against assyrians; soothly the fourth river is that euphrates.","kacanga ka tèlu, ngara na tigris. kacanga ne'e ka, j'aj'i mi too rai asyur re ca bèka dhimu. kacanga ka èpa, ngara na efrat.","Nèti èèna ka, ngiꞌu ka tèlu, ngara na Tigris, dhu laꞌe paraga dènge dhèu Asuri. Aa ngiꞌu ka èpa, ngara na Efrat."
GEN 2:15,"therefore the lord god took man, and set him in paradise of liking, that he should work and keep it.","ka ama lamatua hia dhèu pea ètu d'ara eden, ho na ladhe-leru oka èèna.","Èle èèna ka, Lamatua pajꞌujꞌu dhèu rai-haha ne, sèna ka na pajꞌujꞌu rai-haha ne, sèna ka jꞌajꞌi dhèu aaꞌi-aaꞌi ètu dꞌara rai-haha ne. Nèti èèna ka, Lamatua pajꞌujꞌu dhèu aaꞌi-aaꞌi ètu dꞌara rai-haha ne, sèna ka dhèu aaꞌi-aaꞌi bisa ladhe-leru rai-haha ne."
GEN 2:16,"and god commanded to him and said, eat thou of each tree of paradise;","hèia na hia paredha mi dhèu ne, aku nèngu na, hua aaj'u aa'i-aa'i ètu d'ara oka ne, èu bisa mu'a.","Èle èèna ka, Ama Lamatua peka dènge dhèu aaꞌi-aaꞌi sèra, aku Nèngu na, ""Èu bisa raꞌa hua aaꞌi-aaꞌi nèti ajꞌu aaꞌi-aaꞌi ètu dꞌara rai-haha ne. Te ngaa èu bisa raꞌa hua aaꞌi-aaꞌi nèti ajꞌu aaꞌi-aaꞌi ètu dꞌara rai-haha ne."""
GEN 2:17,"forsooth eat thou not of the tree of knowing of good and of evil; for in whatever day thou shalt eat thereof, thou shalt die by death.","te ngaa èci dhu èu bisa boe mu'a. nuka hua nèti aj'u dhu ne'a hag'e mia dhu be'a, aa mia dhu karehe. ladhe mu'a, èu madhe dènge.","Te ngaa ladhe sèmi èèna, ladhe sèmi èèna, na, ladhe sèmi èèna, na, èu baku sèmi èèna. Te ngaa ladhe sèmi èèna, èu baku sèmi èèna, te ètu dꞌara jꞌara neꞌe, èu hudꞌi madhe tareꞌa-reꞌa."""
GEN 2:18,"and the lord god said, it is not good that a man be alone; make we to him an helper like to himself.","ka ama lamatua tuhu haru lii na, aku nèngu na, babe'a na aad'o, ladhe dhèu ne mamuri mesa na. de ja'a neo paj'aj'i hia ne, anga ca dhèu dhu pamèci dènge ne.","Èle èèna ka, Ama Lamatua peka dènge Ne, aku Nèngu na, ""Sèmi neꞌe! Jaꞌa neo tao dhèu èci ho jꞌajꞌi dhèu pajuu-paleha ne."""
GEN 2:19-20,"and therefore when all living beasts of the earth, and all the volatiles of heaven, were formed of the earth, the lord god brought those or them to adam, that he should see what he should call those or them; for all thing that adam called of living soul, that is the name thereof. and adam called by their names all living things, and all volatiles of heavens, and all unreasonable beasts of the earth. forsooth to adam was not found an helper like him.","lod'o èèna, ama lamatua nare rai ciki, ka na tao rupa-rupa badha dènge manu-bhui. hèia na pangèd'u si asa dhèu ne, sèna ka na pangare si. ka dhèu ne pangare badha se dènge manu-bhui aa'i-aa'i ra, èci-èci ka dènge ngara ra. te ngaa dhèu ne abhu mèka anga dhu pamèci dènge nèngu.","Èle èèna ka, dhèu aaꞌi-aaꞌi paroa dhèu aaꞌi-aaꞌi, nuka sèmi badha aaꞌi-aaꞌi, manu-bhui aaꞌi-aaꞌi ètu dedha-liru, dènge badha aaꞌi-aaꞌi ètu rai-haha. Hèia Adam paroa dhèu aaꞌi-aaꞌi, nuka sèmi badha aaꞌi-aaꞌi, badha aaꞌi-aaꞌi ètu dedha-liru, dènge badha aaꞌi-aaꞌi ètu dedha-liru, dènge badha aaꞌi-aaꞌi ètu rai-haha. Te ngaa dhèu aaꞌi-aaꞌi paroa dhèu aaꞌi-aaꞌi, nuka sèmi badha aaꞌi-aaꞌi ètu rai-haha."
GEN 2:21,"therefore the lord god sent sleep into adam, and when he slept, god took one of his ribs, and filled flesh for it.","hèia ama lamatua pabhèj'i luu dhèu ne'e. ropa na bhèj'i, ama lamatua nare rui karasa na calaa, ka na pakateme hari nu'a deo na.","Nèti èèna ka, Lamatua pua Adam bhèjꞌi. Ropa Adam bhèjꞌi, ka Lamatua dedꞌe èci nèti kacui-aai na, ho jꞌajꞌi ngiꞌu."
GEN 2:22,"and the lord god builded the rib which he had taken from adam into a woman, and brought her to adam.","nèti rui ne, na paj'aj'i bhèni ca dhèu. hèia na pangèd'u bhèni ne mi dhèu èèna.","Èle èèna ka, Ama Lamatua pajꞌajꞌi dhèu bhèni nèti ngiꞌu dhu Na pajꞌajꞌi nèti Adam. Èle èèna ka, Ama Lamatua pajꞌajꞌi dhèu bhèni nèti ngiꞌu bhèni ne, ho laꞌe paraga dènge Adam."
GEN 2:23,"and adam said, this is now a bone of my bones, and flesh of my flesh; this shall be called virago, for she is taken of man.","ropa ladhe nèdhi bhèni ne, ka dhèu na peka, aku nèngu na, waaa! ne'e ne ku! sèmi ne'e ku, heka pamèci dènge ja'a kèna! rui na, sama èci èèna ka dènge rui ja'a. aa isi na, sama kahèi dènge isi ja'a. lula nèngu ne, j'aj'i nèti dhèu mone, nèti èèna ka ja'a pangare ne, ‘dhèu bhèni'.","Hèia Adam peka, aku nèngu na, ""Neꞌe ne, leko-monya nèti ngiꞌu jaꞌa, aa ngiꞌu nèti ngiꞌu jaꞌa. Nèti èèna ka, dhèu pajꞌajꞌi ne nèti dhèu leo."""
GEN 2:24,"wherefore a man shall forsake his father and mother, and shall cleave to his wife, and they shall be twain or two in one flesh.","nèti èèna ka, dhèu mone hud'i tèke eele ku ina-ama na, ho la'e mamuri d'ara èci dènge dhèu èmu-kamali na, lula dua ra, j'aj'i le èci.","Nèti èèna ka, dhèu mone tèke eele ina-ama na, ho paꞌèki dènge dhèu èmu-kamali na, aa dua ra jꞌajꞌi ngiꞌu èci."""
GEN 2:25,"forsooth ever either was naked, that is, adam and his wife, and they were not ashamed.","lod'o èèna, dua ra dhu dènge boe mèdha-papake, te ngaa ra makae boe.","Èle èèna ka, Adam dènge dhèu èmu na dènge boe mèdha-panyau, te ngaa rèngu reꞌa boe dꞌara èci sa."
GEN 3:1,"but the serpent was feller or more sly than all living beasts of the earth, which the lord god had made. the which serpent said to the woman, why commanded god to you, that ye should not eat of each tree of paradise?","nèti badha aa'i-aa'i dhu ama lamatua paj'aj'i ètu rai-haha ne, mege ka dhu mèu risi kapod'e-kabèli. ca lod'o, mege karèi bhèni na, aku nèngu na, tare'a, do? ama lamatua kai miu baku mi'a hua aaj'u aa'i-aa'i ètu d'ara oka ne'e.","Hèia naga karèi dhèu bhèni ne, aku nèngu na, ""Ladhe sèmi èèna, te ngaa Ama Lamatua peka dènge èu, na, èu baku raꞌa nèti ajꞌu aaꞌi-aaꞌi ètu dꞌara oka neꞌe."""
GEN 3:2-3,"to whom the woman answered, we eat of the fruit of trees that be in paradise; soothly god commanded to us, that we should not eat of the fruit of the tree, which is in the midst of paradise, and that we should not touch it, lest peradventure we die.","ka bhèni na b'ala, aad'o! ji'i bisa nga'a! dhodhoka aj'u ca kapua ètu talora oka ne, ama lamatua kai, baku nga'a hua na. na peka na, ji'i baku nga'a, aa baku g'ag'e hua èèna kahèi, te aad'o na, ji'i madhe!","Hèia bhèni ne dhaa, aku nèngu na, ""Èdhi bisa raꞌa hua nèti ajꞌu ètu dꞌara rai-haha ne. Te Ama Lamatua peka na, 'Miu baku raꞌa hua nèti ajꞌu ètu dꞌara rai-haha ne, aa baku gꞌagꞌa hua ne, sèna ka baku madhe.' """
GEN 3:4,"forsooth the serpent said to the woman, ye shall not die by death;","te ngaa mege na dhaa, aku nèngu na, waa! sèmi boe èèna! miu se madhe boe!","Hèia naga ne peka dènge bhèni ne, aku nèngu na, ""Ladhe miu madhe, miu madhe boe."
GEN 3:5,"for why god knoweth that in what-ever day ye shall eat thereof, your eyes shall be opened, and ye shall be as gods, knowing good and evil.","ama lamatua mema kai tare'a sèmi èèna, lula dhu ne'a le, ladhe mi'e hua aaj'u èèna, miu j'aj'i d'èlu-mèu sèmi nèngu. ho èèna na me'a mia dhu be'a, aa mia dhu karehe.","Te Ama Lamatua neꞌa le, na, lodꞌo miu raꞌa, bèli-camèdꞌa bèli-camèdꞌa miu bèli-camèdꞌa bhoke jꞌara, sèna ka miu jꞌajꞌi sama sèmi Ama Lamatua. Miu meꞌa mèu-mèu dhu beꞌa dènge dhu bhelu."""
GEN 3:6,"therefore the woman saw that the tree was good, and sweet to eat, and fair to the eyes, and delightable in beholding; and she took of the fruit thereof, and ate, and gave to her husband, and he ate.","aa bhèni ne ladhe na aj'u ne be'a titu kèna, dènge hua na ele boe kee. na ngee, ladhe ja'a ku'a hua aj'u ne'e, ja'a d'èlu-mèu. hèia puu nare ka hua aj'u èèna, ka na'e. na'e nare, nèti hia dhèu èmu na, ka na'a kahèi.","Èle èèna ka, bhèni ne ladhe nèdhi, na, ajꞌu dhu ètu dꞌara ajꞌu ne, beꞌa. Na ladhe-leru, aa dꞌèlu-mèu. Hèia na bhèlu ajꞌu ne, ka naꞌa. Èle èèna ka, na hia dhèu èmu na, hèia naꞌa kahèi. Ka dhèu èmu na aaꞌi-aaꞌi raꞌa kahèi."
GEN 3:7,"and the eyes of both were opened; and when they knew that they were naked, they sewed together the leaves of a fig tree, and made breeches to themselves.","ra'a rare ka, heka re'a na rèngu dhu pake boe mèdha dhu hutu ua rèngu. nèti èèna ka, ra lui rèu aj'u ho pa'abhe era makae rèngu.","Èle èèna ka, dhèu dua se ladhe rèdhi. Ropa ra reꞌa, na, rèngu dènge boe mèdha-papake. Hèia ra pajꞌajꞌi ètu dꞌara ajꞌu, hèia ra pake kodho."
GEN 3:8,"and when they heard the voice of the lord god going in paradise at the wind after midday, adam and his wife hid them from the face of the lord god in the midst of the trees of paradise.","d'ai lod'o nihia, dua ra tadèngi lii core haga ama lamatua ètu d'ara oka èèna. ka dua ra rai lasi lu'u asa ca bèka aj'u, sèna ka lamatua baku nèdhi si.","Èle èèna ka, Adam dènge dhèu èmu-kamali na tadèngi lii Lamatua ètu dꞌara hèbꞌa ètu dꞌara dꞌara dꞌara dꞌara dꞌara dꞌara. Ropa tadèngi lii Lamatua ètu dꞌara hèbꞌa èèna, hèia Adam dènge dhèu èmu-kamali na pakabꞌua ètu dꞌara ajꞌu-ajꞌu ètu dꞌara hèbꞌa èèna, sèna ka dhèu aaꞌi-aaꞌi reꞌa mèdha-panyau Lamatua ètu dꞌara hèbꞌa ètu dꞌara hèbꞌa ètu dꞌara hèbꞌa ètu dꞌara hèbꞌa èèna."
GEN 3:9,"and the lord god called adam, and said to him, where art thou?","te ngaa ama lamatua paroa mi dhèu mone èèna, aku nèngu na, adam! èu ètu mia?","Hèia Lamatua paroa Adam, ka Na karèi ne, aku Nèngu na, ""Èu ètu mia?"""
GEN 3:10,"and adam said, i heard thy voice in paradise, and i dreaded, for i was naked, and i hid me.","hèia mone na dhaa, ja'a tadèngi lii lamatua ètu ne'e. te ngaa ja'a makae, lula ja'a pake boe mèdha ètu ua. nèti èèna ka, ja'a rai pahuni iisi.","Hèia Adam dhaa, aku nèngu na, ""Jaꞌa tadèngi lii Ama ètu dedha-liru neꞌe. Ka jaꞌa madhaꞌu, lula jaꞌa dènge boe mèdha-panyau. Nèti èèna ka, jaꞌa pakaboko."""
GEN 3:11,"to whom the lord said, who showed to thee that thou were naked, no but for thou hast eaten of the tree of which i commanded to thee that thou shouldest not eat?","ka lamatua peka na, cee ka dhu peka, na èu dhu pake boe mèdha-papake? de tasamia? tatu èu mu'a le hua aj'u dhu ja'a kai na, sina ma?","Hèia na karèi, aku nèngu na, ""Cee ka dhu peka dènge èu, na, èu dènge boe mèdha-papake? Èu dhoka raꞌa nèti ajꞌu dhu Jaꞌa peka le dènge èu, na, èu baku raꞌa?"""
GEN 3:12,"and adam said, the woman which thou gavest for fellowship to me, gave me of the tree, and i ate.","ka na b'ala, peka na, bhèni dhu èu hia ho pa'anga dènge ja'a èèna, ka dhu hia ja'a ku'a!","Hèia Adam dhaa, aku nèngu na, ""Dhèu bhèni dhu Ama pangèdꞌu sèna ka jꞌajꞌi dènge jaꞌa, nèngu ka dhu hia jaꞌa nèti ajꞌu ne, ka jaꞌa raꞌa."""
GEN 3:13,"and the lord said to the woman, why didest thou this thing? the which answered, the serpent deceived me, and i ate.","hèia ama lamatua peka dènge bhèni na, aku nèngu na, nga tao ka, èu ad'u madha j'ara èèna? ka bhèni ne dhaa, peka na, te mege ne ka dhu ag'o ja'a! nèti èèna ka, ja'a ku'a.","Hèia Ama Lamatua karèi bhèni ne, aku Nèngu na, ""Nga tao ka èu tao sèmi èèna?"" Bèli-camèdꞌa bhèni ne dhaa, aku nèngu na, ""Bèli-camèdꞌa, hèia jaꞌa dhoka raꞌa."""
GEN 3:14,"and the lord god said to the serpent, for thou didest this, thou shalt be cursed among all the living things, and unreasonable beasts of the earth; thou shalt go on thy breast, and thou shalt eat earth in all the days of thy life.","èle èèna ka, ama lamatua dhoo mege èèna, aku nèngu na, ja'a huku èu, lula tatao èu. nèti badha aa'i-aa'i, dhoka èu di dhu abhu huku sèmi ne'e. mulai nèti deo ne'e toke èu madhe, èu dhoka rod'o dènge kakara, aa mu'a ètu rai di.","Èle èèna ka, Lamatua peka dènge naga ne, aku Nèngu na, ""Ladhe èu tao sèmi èèna, èu jꞌajꞌi mi badha aaꞌi-aaꞌi nèti badha aaꞌi-aaꞌi ètu rai-haha ne, aa èu jꞌajꞌi mi badha aaꞌi-aaꞌi ètu rai-haha ne, aa èu jꞌajꞌi mi badha aaꞌi-aaꞌi ètu rai-haha ne. Èu jꞌajꞌi mi badha aaꞌi-aaꞌi ètu rai-haha ne, te ngaa èu jꞌajꞌi mi badha aaꞌi-aaꞌi ètu rai-haha ne. Èu jꞌajꞌi mi badha aaꞌi-aaꞌi ètu rai-haha ne, te ngaa èu jꞌajꞌi mi badha aaꞌi-aaꞌi ètu rai-haha ne."
GEN 3:15,"i shall set or put enmities betwixt thee and the woman, and betwixt thy seed and her seed; she shall break thine head, and thou shalt set ambushes to her heel.","ja'a tao sèna ka, èu loe boe pamusu dènge bhèni ne. aa ana-èpu miu dua mi sèmi èèna kahèi. ana-èpu èu, èèna na kadhi hui tèdhu dhèu. te ngaa ca dhèu nèti ana-èpu bhèni ne, èèna na dhedhe palaho kètu èu.","Jaꞌa tao musu ètu talora èu dènge bhèni ne. Jaꞌa tao musu ètu talora èu dènge ana-èpu na. Bèli-camèdꞌa dhèu bhèni ne bhelu-katubꞌa èu. Èèna na bhelu-katubꞌa èu dènge ana-èpu na."""
GEN 3:16,"also god said to the woman, i shall multiply thy wretchednesses and thy conceivings; in sorrow thou shalt bear thy children; and thou shalt be under power of thine husband, and he shall be lord of thee.","èle èèna ka, ama lamatua peka dènge bhèni ne, èèna na, ja'a pasusa tabha èu, ropa èu dènge babia; lod'o mora iisi, èu asa tabha j'èra. masi ka sèmi èèna, d'ara èu d'èi taruu dhèu èmu èu, aa nèngu ka dhu ator èu.","Èle èèna ka, Ama Lamatua peka dènge bhèni ne, aku Nèngu na, ""Bèli-camèdꞌa èu jꞌajꞌi dhèu bhèni. Èu jꞌajꞌi dhèu dhu jꞌajꞌi dhèu èmu-kamali èu. Èu jꞌajꞌi dhèu dhu jꞌajꞌi dhèu èmu-kamali èu. Èu jꞌajꞌi dhèu dhu jꞌajꞌi dhèu èmu-kamali èu. Èu jꞌajꞌi dhèu dhu jꞌajꞌi dhèu èmu-kamali èu."
GEN 3:17,"soothly god said to adam, for thou heardest the voice of thy wife, and hast eaten of the tree, of which i commanded to thee that thou shouldest not eat, the earth shall be cursed in thy work, that is, for thy sin; in travails thou shalt eat thereof in all the days of thy life;","ka ama lamatua peka dènge mone ne, èu madhutu boe lii paredha ja'a, te ngaa èu nanene dhoka lii dhèu èmu èu di, ka èu mu'a hua aj'u dhu ja'a kai èèna. nèti èèna ka, èu abhu huku kahèi. aa rai lèke huku kahèi. nèti deo ne'e, toke d'ai èu madhe, hud'i èu kabèli rai, heka èu abhu nganga'a kèna. dènge sab'a bia sèmi ne'e ka, èu heka mamuri kèna.","Èle èèna ka, Ama Lamatua peka dènge Adam, aku Nèngu na, ""Ladhe èu nanene lii dhèu èmu èu, hèia èu naꞌa nèti ajꞌu dhu Jaꞌa peka le dènge èu, peka na, 'Èu baku naꞌa nèti ajꞌu neꞌe, na, èu baku naꞌa nèti ajꞌu neꞌe, nèti èèna ka èu naꞌa nèti ajꞌu neꞌe. Nèti èèna ka, Ama Lamatua hagꞌe nare le rai-haha, lula èu tao sala. Èu hudꞌi raꞌa-rinu ku dènge jꞌajꞌèra, toke dꞌai mamuri èu aaꞌi-aaꞌi."
GEN 3:18,"it shall bring forth thorns and briars to thee, and thou shalt eat herbs of the earth;","masi ka èu sèle rupa-rupa hini èèna ka, te ngaa dhu muri mai dhodhoka dhudhu-sete di.","Bèli-camèdꞌa jꞌajꞌi aaꞌi-aaꞌi ètu rai-haha ne, jꞌajꞌi aaꞌi-aaꞌi ètu rai-haha ne, jꞌajꞌi aaꞌi-aaꞌi ètu rai-haha ne, jꞌajꞌi aaꞌi-aaꞌi ètu rai-haha ne, jꞌajꞌi aaꞌi-aaꞌi ètu rai-haha ne, jꞌajꞌi aaꞌi-aaꞌi ètu rai-haha ne, jꞌajꞌi aaꞌi-aaꞌi ètu rai-haha ne, jꞌajꞌi aaꞌi-aaꞌi ètu rai-haha ne."
GEN 3:19,"in the sweat of thy cheer, or face, thou shalt eat thy bread, till thou turn again into the earth of which thou art taken; for thou art dust, and thou shalt turn again into dust.","hud'i èu èi kabhèsu haa ku, heka rai hia èu nganga'a kèna. èu hud'i sab'a bia sèmi èèna ku, toke d'ai lod'o èu madhe. èu ne, ja'a paj'aj'i nèti rai. de ladhe èu madhe, èu j'aj'i hari rai.","Èu bèli-camèdꞌa raꞌa-rinu, toke èu lèpa hari asa rai-haha, lula Ama Lamatua hagꞌe nare èu nèti rai-haha ne. Te èu jꞌajꞌi le rai-haha, aa èu lèpa hari asa rai-haha ne."""
GEN 3:20,"and adam called the name of his wife eve, for she was the mother of all men living.","èle èèna ka, adam pangare dhèu èmu na ‘hawa' dhu sasoa na ‘dhu mamuri', te nèngu ka j'aj'i ina nèti dhèu dhu mamuri aa'i-aa'i.","Èle èèna ka, Adam pangare dhèu èmu na, Hawa, lula na jꞌajꞌi ina dhèu aaꞌi-aaꞌi dhu mamuri ètu rai-haha ne."
GEN 3:21,"and the lord god made coats of skins to adam and eve his wife, and clothed them;","hèia ama lamatua tao mèdha-papake nèti ka'uri badha, ka papake dua ra.","Èle èèna ka, Lamatua pajꞌajꞌi Adam dènge Hawa kodho dènge kapai, nèti kapai dhèu èmu-kamali rèngu. Hèia Na papake si dènge kapai dhèu aaꞌi-aaꞌi ètu dꞌara Èmu Kapua Manèngi-Mangajꞌi ètu dꞌara Èmu Kapua Manèngi-Mangajꞌi ètu dꞌara Èmu Kapua Manèngi-Mangajꞌi ètu dꞌara Èmu Kapua Manèngi-Mangajꞌi ètu dꞌara Èmu Kapua Manèngi-Mangajꞌi ètu dꞌara Èmu Kapua Manèngi-Mangajꞌi ètu dꞌara Èmu Kapua Manèngi-Mangajꞌi ètu dꞌara Èmu Kapua Manèngi-Mangajꞌi ètu dꞌara Èmu Kapua Manèngi-Mangajꞌi ètu dꞌara Èmu Kapua Manèngi-Mangajꞌi."
GEN 3:22,"and said, lo! adam is made as one of us, and knoweth good and evil; now therefore see ye, lest peradventure he put out his hand, and take also of the tree of life, and eat, and live without end.","ka ama lamatua peka, limuri ne, dhèu re'a le, mia dhu be'a dènge mia dhu karehe, sèmi èdhi kahèi. de mage dhoka, rèngu ra'a hua aj'u dhu èci hari na, dhu hia mamuri taa-taa.","Èle èèna ka, Lamatua pajꞌajꞌi dhèu aaꞌi-aaꞌi sèra, sama sèmi èdhi aaꞌi-aaꞌi. Nèti èèna ka, dhèu aaꞌi-aaꞌi bisa reꞌa jꞌara-jꞌara dhu beꞌa dènge jꞌara-jꞌara dhu bhelu-katubꞌa. Dènge jꞌara neꞌe, dhèu aaꞌi-aaꞌi bisa raꞌa hua ajꞌu dhu hia mamuri, aa bisa mamuri toke dꞌai mia-mia."""
GEN 3:23,"and the lord god sent him out of paradise of liking or the garden of eden, that he should work the earth, of which he was taken.","èle èèna ka, na babèga eele si nèti d'ara oka eden èèna, ho lasi asa era leo, sèna ka ra mamuri dènge sab'e oka-tedhe. lula dhèu j'aj'i nèti rai, de mamuri kahèi nèti rai.","Èle èèna ka, Lamatua pua Adam nèti dꞌara oka aae Eden, ho laꞌe sabꞌa ètu rai-haha ne. Nèti èèna ka, Lamatua pajꞌajꞌi ne nèti dꞌara oka ne."
GEN 3:24,"and god casted out adam, and setted before paradise of liking cherubim, that is, gave it unto the keeping of angels, and a sword of flame turning about to keep charge of the way of the tree of life.","babège nare si, ka lamatua paredha ana pajuu na nèti sorga, dhu dènge èla, ho lasi j'aga oka èèna re ca bèka dhimu. rèngu dènge samala dhu heo ha'a-ha'a, dhu seru la'e-mai. lamatua pua si bèdho eele j'ara la'e sa d'ara, te nèngu d'èi boe dhèu puu rare hua aj'u dhu hia ra mamuri taa-taa èèna.","Èle èèna ka, Ama Lamatua pua dhèu aae nèti dꞌara rai-haha ne. Ka Na hia ana pajuu Ama Lamatua èci, nuka sèmi ana pajuu Ama Lamatua ètu sorga, sèna ka jꞌajꞌi dhèu aae nèti dedha rai-haha ne. Ana pajuu Ama Lamatua sèmi èèna, sèna ka jꞌajꞌi dhèu aae nèti dedha rai-haha ne, sèna ka jꞌajꞌi dhèu aaꞌi-aaꞌi. Ana pajuu Ama Lamatua sèmi èèna, sèna ka jꞌajꞌi dhèu aae nèti dedha rai-haha ne, sèna ka jꞌajꞌi dhèu aaꞌi-aaꞌi. Ana pajuu Ama Lamatua sèmi èèna, sèna ka jꞌajꞌi dhèu aae nèti dedha rai-haha ne, sèna ka jꞌajꞌi dhèu aaꞌi-aaꞌi dhu mamuri tareꞌa-reꞌa."
GEN 4:1,"forsooth adam knew eve his wife, which conceived, and childed cain, and said, i have gotten a man by god.","hèia adam j'unu dènge dhèu èmu na, hawa. ka bhèni ne dènge babia. hèia nara iisi ana mone ca dhèu. ka na peka, aku nèngu na, ja'a abhu le ana mone ca dhèu, lula ama lamatua soru nare le ja'a. ka na pangare ana ne, kaen dhu sasoa na ‘abhu'.","Èle èèna ka, Adam tenge Hawa, dhèu èmu na. Èle èèna ka, Adam bhèni cain, hèia na lii, aku nèngu na, ""Ama Lamatua hia jaꞌa dhèu mone."""
GEN 4:2,"and again she childed his brother abel. forsooth abel was a keeper of sheep, and cain was an earth-tiller.","hèia hawa nara iisi hari ana mone èci. ka na pangare ne habel. dua ra kapai ka, habel j'aj'i dhèu madhenge badha. aa a'a na kaen, sab'a oka-tedhe.","Èle èèna ka, ina na, aꞌari na, Habel. Abel ne, dhèu madhenga kahibꞌi-kalèbho. Cain, dhèu sabꞌa oka."
GEN 4:3,"soothly it was done after many days, that cain offered gifts to the lord of the fruits of the earth;","ca lod'o, kaen nèti isi rai na cahag'e, ka hia lamatua.","Èle èèna ka, dhèu Yahudi aaꞌi-aaꞌi reꞌa, na, dhèu aaꞌi-aaꞌi reꞌa, na, dhèu aaꞌi-aaꞌi reꞌa, na, dhèu aaꞌi-aaꞌi reꞌa, na, dhèu aaꞌi-aaꞌi reꞌa, na, dhèu aaꞌi-aaꞌi reꞌa, na, dhèu aaꞌi-aaꞌi reꞌa, na, dhèu aaꞌi-aaꞌi reꞌa, na, dhèu aaꞌi-aaꞌi reꞌa, na, dhèu aaꞌi-aaꞌi reꞌa mèu-mèu."
GEN 4:4,"and abel offered of the first engendered of his flock, and of the fatness of those or them. and the lord beheld to abel and to the gifts of him;","habel nèti ana-ana uuru kahib'i-kalèbho na. na roro kahib'i-kalèbho se, ka nèti sisi dhu be'a hia lamatua. d'ara ama lamatua karej'e ropa ladhe nèdhi korban nèti habel ne.","Èle èèna ka, lamatua kahibꞌi-kalèbho nèti kahibꞌi-kalèbho na, Abel, sèna ka hia Ama Lamatua korban. Èle èèna ka, lamatua kahibꞌi-kalèbho nèti kahibꞌi-kalèbho nèti kahibꞌi-kalèbho na, Abel. Hèia Lamatua sèmi rare Habel dènge lamatua kahibꞌi-kalèbho nèti kahibꞌi-kalèbho nèti kahibꞌi-kalèbho na."
GEN 4:5,"soothly he beheld not to cain and to his gifts. and cain was wroth greatly, and his cheer felled down.","te ngaa na d'èi boe korban unu kaen. hèia kaen nasa bia, ka rèhu na mare boe.","Ropa Na ladhe nèdhi, na, cain dènge mèdha-panyau na aaꞌi-aaꞌi ra. Hèia cain bhelu-katubꞌa, hèia dꞌara na dꞌèlu-mèu."
GEN 4:6,"and the lord said to him, why art thou wroth, and why felled down thy face?","ka lamatua lii dènge kaen, aku nèngu na, kaen! nga tao ka èu nasa sèmi èèna, ka rèhu èu mare boe?","Hèia Lamatua karèi ne, aku Nèngu na, ""Nga tao ka èu nasa? Nga tao ka èu patitu kètu?"""
GEN 4:7,"whether not if thou shalt do well, thou shalt receive well; but if thou doest evil, thy sin shall be present anon in the gates? but the desire thereof, that is, of sin, shall be under thee, and thou shalt be lord thereof.","ladhe tatao èu be'a, na ja'a sèmi èu dènge hua iia. de mu pangee uuru ku! ladhe èu tao bhelu, na bhabhelu èèna na'e hari èu, sama sèmi meo neo pacèli maraho. de sèmi èu neo tao bhabhelu, be'a risi core eele ka!","Te ngaa ladhe miu adꞌu-ue jꞌara dhu beꞌa, bèli-camèdꞌa Lamatua bꞌala miu. Te ngaa ladhe miu adꞌu-ue jꞌara dhu bhelu-katubꞌa, bèli-camèdꞌa Lamatua pajꞌujꞌu dꞌara miu. Te ngaa ladhe miu adꞌu-ue jꞌara-jꞌara dhu bhelu-katubꞌa, bèli-camèdꞌa Lamatua dꞌèlu-katubꞌa miu. Te ngaa ladhe miu adꞌu-ue jꞌara-jꞌara dhu bhelu-katubꞌa, bèli-camèdꞌa Lamatua dꞌèlu-katubꞌa miu."""
GEN 4:8,"and cain said to abel, his brother, go we out. and when they were in the field, cain rose against his brother abel, and killed him.","ca tèka, kaen gale habel, na peka na, mai lati ngad'o oka, we. ropa dua ra d'ai d'ara oka, kaen kalabhe pamadhe ari na.","Èle èèna ka, Kain padhai lii dènge aꞌari na Abel, aku nèngu na, ""Aadꞌo! Jiꞌi hudꞌi laꞌe asa dꞌara oka."" Ropa rèngu dꞌai dꞌara oka, Kain nara eele aꞌari na Abel, ka na pamadhe ne."
GEN 4:9,"and the lord said to cain, where is abel thy brother? which answered, i know not; whether i am the keeper of my brother?","ka lamatua karèi kaen, aku nèngu na, kaen! ari mu ka mia? hèia kaen dhaa, aku nèngu na, ja'a ke'a boe na ètu mia! èu ngee na, ja'a dhèu kèpe haga na, do?","Hèia ama na karèi Kain, aku nèngu na, 'Abel èu ètu mia?' Ka Kain dhaa, aku nèngu na, 'Jaꞌa tadhe boe. Jaꞌa ne dhèu sabꞌa kahibꞌi-kalèbho jaꞌa, do?'"
GEN 4:10,"and god said to cain, what hast thou done? the voice of the blood of thy brother crieth to me from the earth.","ka lamatua b'ala, nga tao ka èu bhelu sèmi èèna? baku pangee na, èu pahuni more le raa ari èu ètu d'ara rai, te ja'a dhu kèdhi aa'i-aa'i le!","Èle èèna ka, Ama Lamatua karèi Kain, aku nèngu na, ""Nga tao ka èu tao sèmi èèna? Ètu rai-haha ne, ropa aꞌari èu èèna paꞌoo-parodha jaꞌa."""
GEN 4:11,"now therefore thou shalt be cursed on the earth, that opened his mouth, and received of thine hand the blood of thy brother.","de lii dhoo lèke le mi dedha èu. lod'o èu pamadhe ari èu, rai sakid'o nare raa na. de limuri ne, rai bisa heka nèti mamuri mi èu.","Nèti èèna ka, Ama Lamatua paꞌèki dènge èu, lula èu bhoke jꞌara ho pamadhe aꞌari èu, sèna ka pamadhe aꞌari èu. Nèti èèna ka, Ama Lamatua paꞌèki dènge èu, lula èu bhoke jꞌara ho pamadhe aꞌari èu."""
GEN 4:12,"when thou shalt work the earth, it shall not give his fruits to thee; thou shalt be unstable of dwelling, and fleeing about on the earth, in all the days of thy life.","de ladhe èu sab'a oka-tedhe, rai ne hia heka èu ngaa-ngaa. nèti deo ne'e, èu lu'u sa haa-sa dhimu, sèmi dhèu dhu dènge boe era paleo-palu'u.","Sèmi èèna kahèi dènge dhèu sabꞌa ètu rai-haha ne, te ngaa rai-haha ne jꞌajꞌi boe hua-hela. Èèna na dhèu sabꞌa ètu rai-haha ne, aa jꞌajꞌi dhèu sabꞌa ètu rai-haha ne, toke dꞌai mia-mia."
GEN 4:13,"and cain said to the lord, my wickedness is more than that i deserve forgiveness;","te ngaa kaen b'ala lamatua, aku nèngu na, haii! ama lamatua, ee! lamatua dhoo ja'a bia titu kèna, de ja'a pasae mèke boe nga.","Hèia Kain dhaa, aku nèngu na, ""Ama! Jaꞌa tao jꞌara-jꞌara bhelu-katubꞌa, ka Ama Lamatua saku eele le sasala-sasigo jaꞌa."
GEN 4:14,"lo! today thou castest me out from the face of the earth; and i shall be hid from thy face, and i shall be unstable of dwelling, and fleeing about in earth; therefore each man that shall find me shall slay me.","lula lamatua bège eele ja'a nèti era ne'e, ja'a kaj'èu nèti ama lamatua. ja'a kako lole-laa asa mia-mia. de ladhe paraga dènge dhèu, èèna na ra pamadhe ja'a.","Nèti èèna ka, dhèu aaꞌi-aaꞌi dhu paraga dènge jaꞌa, bèli-camèdꞌa dhèu aaꞌi-aaꞌi bisa boe paraga dènge jaꞌa. Dhèu aaꞌi-aaꞌi dhu paraga dènge jaꞌa, bèli-camèdꞌa dhèu aaꞌi-aaꞌi hudꞌi pamadhe jaꞌa. De jaꞌa bisa boe pea ètu rai-haha ne. De ladhe abhu jaꞌa, bèli-camèdꞌa dhèu aaꞌi-aaꞌi hudꞌi pamadhe jaꞌa."
GEN 4:15,"and the lord said to him, it shall not be done so, but each man that shall slay cain shall be punished sevenfold. and the lord set a sign in cain, that each man that should find him should not slay him.","te ngaa lamatua dhaa na, aad'o sèmi èèna! dhèu cee dhu pamadhe èu, èèna na ja'a huku ne, babia na pidhu hari risi nèti èu. hèia lamatua tao tadha mi kaen, sèna ka dhèu re'a ho baku pamadhe ne.","Te ngaa Lamatua dhaa, aku Nèngu na, ""Sèmi neꞌe! Ladhe abhu dhèu dhu pamadhe jaꞌa, bèli-camèdꞌa bèli-camèdꞌa dhèu èèna bèli-camèdꞌa bèli-camèdꞌa abhu huku pidhu."" Hèia Lamatua tao tadha èci ètu dꞌara ledhe, sèna ka dhèu bisa paraga dènge Jaꞌa, sèna ka baku pamadhe jaꞌa."
GEN 4:16,"and cain went out from the face of the lord, and dwelled fleeing about in the earth, at the east coast of eden, that is, of earthly paradise.","hèia kaen tèke eele dènge era èèna. la'e pakaj'èu nèti lamatua, asa era èci, ètu bèka dhimu oka eden. era ne'e, ngara na nod dhu sasoa na, ‘lole-laa'. ka na pea ètu era èèna.","Èle èèna ka, Kain lèpa nèti madha Lamatua, ka laꞌe pea ètu rai-haha ne, ètu sebhe rai-haha, ngara na Eden."
GEN 4:17,"forsooth cain knew his wife, which conceived, and childed enoch; and cain builded a city, and called the name thereof of the name of his son, enoch.","hèia kaen leo-èmu, ka dhèu èmu na dènge babia. ka nara iisi ana mone ca dhèu, dhu pangare na henok. hèia kaen patitu rae cue, ngara na henok, madhutu ngara ana na.","Èle èèna ka, Kain pajꞌujꞌu dènge dhèu èmu na, ka bhèni ne jꞌajꞌi ana mone, ngara na Henok. Ka Kain pajꞌajꞌi kota èci, ka na paroa kota ne, èci èèna ka dènge ana nèngu, ngara na Henok. Nèti èèna ka, Kain jꞌajꞌi dhèu aaꞌi-aaꞌi dhu jꞌajꞌi dhèu aaꞌi-aaꞌi ètu dꞌara jꞌara-jꞌara dhèu aaꞌi-aaꞌi dhu jꞌajꞌi dhèu aaꞌi-aaꞌi dhu jꞌajꞌi dhèu aaꞌi-aaꞌi dhu jꞌajꞌi dhèu aaꞌi-aaꞌi dhu jꞌajꞌi dhèu aaꞌi-aaꞌi dhu jꞌajꞌi dhèu aaꞌi-aaꞌi dhu jꞌajꞌi dhèu aaꞌi-aaꞌi dhu jꞌajꞌi dhèu aaꞌi-aaꞌi dhèu aaꞌi-aaꞌi."
GEN 4:18,forsooth enoch begat irad; and irad begat mehujael; and mehujael begat methusael; and methusael begat lamech;,"ka henok matana irad. hèia irad matana mehuyael. mehuyael matana metusael. aa ana metusael, lamek.","forsooth: Enok, ama na, Irad. Irad, ama na, Mehual. Mehual, ama na, Metusael. Metusael, ama na, Lamek."
GEN 4:19,"that took two wives, the name to the one wife was adah, and the name to the other was zillah.","dhèu èmu lamek, dhèu dua. èci ngara na ada, aa ca dhèu hari, ngara na sila.","Dhèu ne jꞌajꞌi dhèu èmu dua. Dhèu èci, ngara na Adah, aa dhèu èci, ngara na Zelaha. Nèti èèna ka, dhèu ne jꞌajꞌi dhèu aaꞌi-aaꞌi ètu rai-haha ne, jꞌajꞌi dhèu aaꞌi-aaꞌi dhu jꞌajꞌi dhèu aaꞌi-aaꞌi. Nèti èèna ka, dhèu aaꞌi-aaꞌi jꞌajꞌi dhèu aaꞌi-aaꞌi dhu jꞌajꞌi dhèu aaꞌi-aaꞌi dhu jꞌajꞌi dhèu aaꞌi-aaꞌi mi dhèu aaꞌi-aaꞌi dhu jꞌajꞌi dhèu aaꞌi-aaꞌi mi dhèu aaꞌi-aaꞌi dhu jꞌajꞌi dhèu aaꞌi-aaꞌi."
GEN 4:20,"and adah begat jabal, that was the father of dwellers in tents, and of shepherds;","ana ada, ngara na yabal. ana-èpu na, j'aj'i dhèu piara badha. mamuri ra ètu boe ca era, aa ra pea dhoka ètu d'ara paleo di.","Èle èèna ka, ana badha èci, dhu jꞌajꞌi kahibꞌi-kalèbho. Nèngu jꞌajꞌi kahibꞌi-kalèbho dhu mamuri ètu dꞌara hèbꞌa, aa kahibꞌi-kalèbho dhu jꞌajꞌi kahibꞌi-kalèbho."
GEN 4:21,and the name of his brother was jubal; he was the father of the singers in harp and organ.,"ari yabal, ngara na yubal. ana-èpu yubal, j'aj'i dhèu gai sasadhu, dènge tiu sakino.","Aꞌari na èci, ngara na Jual. Nèngu ne, ama dhèu aaꞌi-aaꞌi dhu pajꞌujꞌu hariu dènge èci."
GEN 4:22,"and zillah begat tubalcain, that was an hammer-beater, and a smith on all works of brass and of iron; forsooth the sister of tubalcain was naamah.","dhèu èmu lamek èci hari, sila, nara iisi tubal kaen. ana-èpu na j'aj'i tuka bèsi, ka ra tuku mèdha ae-ae tao nèti bèsi, dènge tabaga. ana hèni tubal kaen, ngara na na'ama.","Nèti èèna, abhu kahèi èci, ngara na Tubalcain. Nèngu ne, dhèu sabꞌa dhu sabꞌa, aa sabꞌa dhu sabꞌa nèti bèdho dènge bèdho. Nèti èèna ka, ana nèti Tubalcain, ngara na Naama."
GEN 4:23,"and lamech said to his wives, adah and zillah, ye wives of lamech, hear my voice, and hearken to my words; for i have slain a man by my wounding, and a young waxing man by my violent beating;","ca tèka, lamek padedha iisi na ètu madha dhèu èmu dua ra, peka na, mi nanene, ee! deo na, ana mone ngèru èci neo game ja'a. te ngaa ja'a dhadhedhe ne, toke madhe.","Hèia Lamek peka dènge dhèu-dhèu ètu dꞌara èmu na, aku nèngu na, ""Hudꞌi laa! Hudꞌi laa! Miu dhèu-dhèu limuri ne, nanene paie-iie lii jaꞌa. Te jaꞌa pamadhe dhèu èci dènge jꞌajꞌèra jaꞌa. Jaꞌa pamadhe dhèu èci dènge jꞌajꞌèra jaꞌa."
GEN 4:24,"vengeance shall be given seven-fold of cain, forsooth of lamech seventy times seven times.","dhèu dhu pamadhe kaen, abhu huku pidhu hari. te ngaa cee ka dhu neo b'ala ho pamadhe ja'a, abhu huku pidhu nguru pidhu hari.","Èle èèna ka, Ama Lamatua bꞌala dꞌara hua iia na, pidhu nguru nguru hari. Èle èèna ka, Ama Lamatua bꞌala dꞌara hua iia na, pidhu nguru hari. Èle èèna ka, Ama Lamatua bꞌala dꞌara hua iia na, ka na bꞌala dꞌara hua iia na, ka na bꞌala dꞌara hua iia na, ka na bꞌala dꞌara hua iia na, ka na bꞌala dꞌara hua iia na, ka na bꞌala dꞌara hua iia na."
GEN 4:25,"also yet adam knew his wife, and she childed a son, and called his name seth, and said, god hath put or set to me another seed for abel, whom cain killed.","ka hawa nara iisi hari ana mone ca dhèu. hèia ra pangare ne, set dhu sasoa na, ‘hia', lula aku hawa na, ama lamatua hia ja'a ana ne, sèna ka gati madha habel, dhu kaen pamadhe ne.","Èle èèna ka, Adam jꞌajꞌi le dènge dhèu èmu na. Ka bhèni ne jꞌajꞌi le ana mone èci, ngara na Set. Nèti èèna ka, Adam peka, aku nèngu na, ""Ama Lamatua hia jaꞌa ana-èpu ca dhèu, sèna ka jꞌajꞌi mi Habel. Te ngaa Kain pamadhe ne."""
GEN 4:26,"but also a son was born to seth, which son he called enos; this began to call inwardly the name of the lord.","pe d'ai nèbhu ku, set abhu ana mone ca dhèu, dhu pangare na enos. tèu èèna, dhèu mulai manèngi-mangaj'i mi ama lamatua.","Èle èèna ka, Seth abhu ana mone ca dhèu. Nèngu paroa ne, Enos. Nèngu paroa ne, ""Lamatua, Ama Lamatua ètu dꞌara dꞌara dꞌara èmu-kamali dhèu aaꞌi-aaꞌi ètu dꞌara dhèu aaꞌi-aaꞌi ètu dꞌara dhèu aaꞌi-aaꞌi ètu dꞌara dhèu aaꞌi-aaꞌi ètu dꞌara dhèu aaꞌi-aaꞌi ètu dꞌara dhèu aaꞌi-aaꞌi ètu dꞌara dhèu aaꞌi-aaꞌi ètu dꞌara dhèu aaꞌi-aaꞌi ètu dꞌara dhèu aaꞌi-aaꞌi-aaꞌi ètu dꞌara dhèu aaꞌi-aaꞌi-aaꞌi ètu dꞌara dhèu aaꞌi-aaꞌi-aaꞌi ètu dꞌara dhèu aaꞌi-aaꞌi-aaꞌi ètu dꞌara dhèu aaꞌi-aaꞌi-aaꞌi-aaꞌi."
GEN 5:1-2,"this is the book of the generations of adam, in the day wherein god made man of nought. god made man to the image and likeness of god; god formed them male and female, and blessed them, and called the name of them adam, in the day in which they were formed.","lod'o ama lamatua paj'aj'i dhèu rai-haha, na tao si sama sèmi rupa nèngu. na paj'aj'i si, dhèu mone dènge dhèu bhèni. ka na pangare si ‘dhèu rai-haha', aa na hia si berkat. dhèu dhu uru, ngara na adam. ana-èpu adam, nuka sèmi ne'e ka:","Èle èèna ka, Ama Lamatua pajꞌajꞌi dhèu rai-haha, madhutu dadꞌèi Lamatua. Lamatua pajꞌajꞌi dhèu dua, dhèu mone dènge dhèu bhèni. Hèia Na pajꞌajꞌi si. Èle èèna ka, Na pajꞌajꞌi si."
GEN 5:3,"forsooth adam lived an hundred years and thirty, and begat a son to his image and likeness, and called his name seth.","lod'o adam d'ai ca ngasu tèlu nguru tèu, na matana ana mone ca dhèu, dhu rèhu na nare adam. ka pangare na, set.","Èle èèna ka, Adam pea ètu rai-haha ne, toke dꞌai ca tèu tèlu nguru tèu. Èle èèna ka, na abhu ana mone, nuka sèmi dhèu èmu-kamali na. Èle èèna ka, Adam ngara na Seth."
GEN 5:4,"and the days of adam after that he begat seth were made eight hundred years, and he begat sons and daughters.","ka adam mamuri hari d'ai aru ngasu tèu, hèia na abhu hari ana mone dènge ana bhèni.","Èle èèna ka, Adam mamuri ètu rai-haha ne, toke dꞌai èpa nguru tèu. Èle èèna ka, Adam nara iisi ana-èpu èci dènge ana-èpu nèti dhèu èci, ngara na Set. [Dhèu aaꞌi-aaꞌi se, nuka sèmi dhèu aaꞌi-aaꞌi dhu jꞌajꞌi dhèu aaꞌi-aaꞌi, nuka sèmi dhèu aaꞌi-aaꞌi dhu jꞌajꞌi dhèu aaꞌi-aaꞌi, nuka sèmi dhèu aaꞌi-aaꞌi dhu jꞌajꞌi dhèu aaꞌi-aaꞌi, nuka sèmi dhèu aaꞌi-aaꞌi dhu jꞌajꞌi dhèu aaꞌi-aaꞌi, nuka sèmi dhèu aaꞌi-aaꞌi dhu jꞌajꞌi dhèu aaꞌi-aaꞌi dènge dhèu aaꞌi-aaꞌi."
GEN 5:5,"and all the time in which adam lived was made nine hundred years and thirty, and he was dead.","umur adam ceo ngasu tèlu nguru tèu, heka madhe kèna.","Èle èèna ka, Adam mamuri toke tèlu nguru tèlu nguru tèu. Hèia na madhe."
GEN 5:6,"and seth lived an hundred and five years, and begat enos.","lod'o set d'ai ca ngasu lèmi tèu, na abhu ana mone ca dhèu, ngara na enos.","Ropa Seth mamuri, nèngu abhu Enos."
GEN 5:7,"and seth lived after that he begat enos eight hundred and seven years, and begat sons and daughters.","ka set mamuri hari d'ai aru ngasu pidhu tèu, na abhu hari ana mone dènge ana bhèni.","Èle èèna ka, Seth mamuri ètu dꞌara nèi. Èle èèna ka, Enos abhu ana mone dènge ana bhèni cahagꞌe."
GEN 5:8,"and all the days of seth were made nine hundred and twelve years, and he was dead.","umur set ceo ngasu canguru dua tèu, heka madhe kèna.","Èle èèna ka, Seth mamuri nèu nguru dua tèu. Èle èèna ka, na madhe."
GEN 5:9,"forsooth enos lived ninety years, and begat cainan;","lod'o enos mamuri d'ai ceo nguru tèu, na matana ana mone ca dhèu, ngara na kenan.","Hèia Enos mamuri dènge neꞌe nguru nguru tèu, hèia na bèli-camèdꞌa bèli-camèdꞌa dènge bèli-camèdꞌa nèti dꞌara bèli-camèdꞌa nèti dꞌara bèli-camèdꞌa nèti dꞌara bèli-camèdꞌa nèti dꞌara bèli-camèdꞌa nèti dꞌara bèli-camèdꞌa nèti dꞌara bèli-camèdꞌa nèti dꞌara bèli-camèdꞌa nèti dꞌara bèli-camèdꞌa nèti dꞌara bèli-camèdꞌa nèti dꞌara bèli-camèdꞌa nèti dꞌara bèli-camèdꞌa nèti dꞌara bèli-camèdꞌa nèti dꞌara bèli-camèdꞌa."
GEN 5:10,"after whose birth enos lived eight hundred and fifteen years, and begat sons and daughters.","ka enos mamuri hari d'ai aru ngasu canguru lèmi tèu, na abhu hari ana mone dènge ana bhèni.","Nèti èèna ka, Enos mamuri heka èpa nguru tèlu nguru tèu. Nèti èèna ka, nèti Enos, abhu ana mone dènge ana bhèni cahagꞌe-cahagꞌe. [Nèti èèna ka, Enos mamuri heka ètu dꞌara Èmu Kapua Manèngi-Mangajꞌi, toke dꞌai nèi, nèti èèna ka, nèngu abhu ana bhèni aaꞌi-aaꞌi ètu dꞌara Èmu Kapua Manèngi-Mangajꞌi ètu dꞌara Èmu Kapua Manèngi-Mangajꞌi ètu dꞌara Èmu Kapua Manèngi-Mangajꞌi ètu dꞌara Èmu Kapua Manèngi-Mangajꞌi ètu dꞌara Èmu Kapua Manèngi-Mangajꞌi ètu dꞌara Èmu Kapua Manèngi-Mangajꞌi ètu dꞌara Èmu Kapua Manèngi-Mangajꞌi."
GEN 5:11,"and all the days of enos were made nine hundred and five years, and he was dead.","umur enos ceo ngasu lèmi tèu, heka madhe kèna.","Nèti èèna ka, Enos mamuri toke dꞌai 955 tèu. Hèia na madhe."
GEN 5:12,"also cainan lived seventy years, and begat mahalaleel.","lod'o kenan d'ai pidhu nguru tèu, na matana ana mone ca dhèu, ngara na mahalalel.","Èle èèna ka, Cainan mamuri dènge dhèu èpa nguru tèu. Èle èèna ka, nèngu bèdhu-bèdhu dènge dhèu aae-dhèu aae-dhèu aae-dhèu aae-dhèu aae-dhèu aae-dhèu aae-dhèu aae-dhèu aae-dhèu aae-dhèu aae-dhèu aae-dhèu aae-dhèu aae-dhèu aae-dhèu aae-dhèu aae-dhèu aae-dhèu aae-dhèu aae-dhèu aae-dhèu aae-dhèu aae-dhèu aae-dhèu aae-dhèu aae-dhèu aae-dhèu aae-dhèu aae-dhèu aae-dhèu aae-dhèu aae-dhèu aae-dhèu aae-dhèu aae-dhèu aae-dhèu aae-dhèu aae-dhèu aae-dhèu aae."
GEN 5:13,"and cainan lived after that he begat mahalaleel eight hundred and forty years, and begat sons and daughters.","ka kenan mamuri hari d'ai aru ngasu èpa nguru tèu, ka na abhu hari ana mone dènge ana bhèni.","Èle èèna ka, Kain mamuri èpa nguru nguru nguru tèu dènge èpa nguru tèu. Èle èèna ka, na abhu ana mone dènge ana bhèni."
GEN 5:14,"and all the days of cainan were made nine hundred and ten years, and he was dead.","umur kenan ceo ngasu canguru tèu, heka madhe kèna.","Èle èèna ka, Naaman mamuri dꞌai nèu nguru canguru tèu. Hèia na madhe."
GEN 5:15,"forsooth mahalaleel lived sixty years and five, and begat jared.","lod'o mahalalel d'ai èna nguru lèmi tèu, na abhu ana mone ca dhèu, ngara na yared.","Èle èèna ka, Musa mamuri dènge dhèu èci dènge èpa nguru tèu. Èle èèna ka, nèngu heka bhèlu-mèu."
GEN 5:16,"and mahalaleel lived after that he begat jared eight hundred and thirty years, and begat sons and daughters.","ka mahalalel mamuri hari d'ai aru ngasu tèlu nguru tèu, na abhu hari ana mone dènge ana bhèni.","Èle èèna ka, Amalel mamuri èpa nguru tèlu nguru tèu. Èle èèna ka, na abhu ana mone dènge ana bhèni."
GEN 5:17,"and all the days of mahalaleel were made eight hundred and ninety and five years, and he was dead.","umur mahalalel aru ngasu ceo nguru lèmi tèu, heka na madhe kèna.","Nèti èèna ka, Mahalalel mamuri nèti canguru nguru nguru tèlu nguru tèu. Hèia na madhe."
GEN 5:18,"and jared lived an hundred and two and sixty years, and begat enoch.","lod'o yared d'ai cangasu èna nguru dua tèu, na abhu ana mone ca dhèu, ngara na henok.",Rèngu mamuri toke dꞌai ca tèu nguru dua dènge èpa lodꞌo. Hèia na jꞌajꞌi ana mone.
GEN 5:19,"and jared lived after that he begat enoch eight hundred years, and begat sons and daughters.","ka yared mamuri d'ai aru ngasu tèu, na abhu hari ana mone dènge ana bhèni.","Lodꞌo èèna, Yarem pea ètu dꞌara èmu Enok, lodꞌo na èpa nguru tèu. Nèti èèna ka, na abhu ana mone dènge ana bhèni."
GEN 5:20,"and all the days of jared were made nine hundred and two and sixty years, and he was dead.","umur yared ceo ngasu èna nguru dua tèu, heka madhe kèna.","Èle èèna ka, Yared mamuri nèu nguru dua nguru tèu. Hèia na madhe."
GEN 5:21,"forsooth enoch lived five and sixty years, and begat methuselah.","ropa henok mamuri d'ai èna nguru lèmi tèu, na matana ana mone ca dhèu, ngara na metusalak.","Lodꞌo èèna, Henok mamuri toke dꞌai èpa nguru nguru tèu. Èle èèna ka, na abhu bègꞌa ètu dꞌara èmu-èmu na, ka na abhu bègꞌa ètu dꞌara èmu na, toke dꞌai bègꞌa ètu dꞌara Èmu Kapua Manèngi-Mangajꞌi ètu dꞌara Èmu Kapua Manèngi-Mangajꞌi ètu dꞌara Èmu Kapua Manèngi-Mangajꞌi ètu dꞌara Èmu Kapua Manèngi-Mangajꞌi ètu dꞌara Èmu Kapua Manèngi-Mangajꞌi ètu dꞌara Èmu Kapua Manèngi-Mangajꞌi ètu dꞌara Èmu Kapua Manèngi-Mangajꞌi ètu dꞌara Èmu Kapua Manèngi-Mangajꞌi ètu dꞌara Èmu Kapua Manèngi-Mangajꞌi."
GEN 5:22,"and enoch went with god; and enoch lived after that he begat methuselah three hundred years, and begat sons and daughters.","ele èèna, henok mamuri d'ara èci dènge ama lamatua d'ai tèlu ngasu tèu. ka na abhu hari ana mone dènge ana bhèni.","Lodꞌo èèna, Henok mamuri toke dꞌai tèlu nguru tèu, ka na abhu ana mone dènge ana bhèni."
GEN 5:23-24,"and all the days of enoch were three hundred and five and sixty years. and enoch went with god, and appeared not afterward, for god took him away.","na mamuri d'ara èci dènge ama lamatua. hèia lod'o na d'ai tèlu ngasu èna nguru lèmi tèu, ka na ele, lula ama lamatua paca'e ne sa dedha.","Nèti èèna ka, Henok mamuri toke tèlu nguru èpa nguru tèu. Hèia nèngu mamuri dènge Ama Lamatua. Nèti èèna ka, dhèu aaꞌi-aaꞌi reꞌa boe, lula Ama Lamatua kèpe ne."
GEN 5:25,"also methuselah lived an hundred and seven and eighty years, and begat lamech.","lod'o metusalak d'ai cangasu aru nguru pidhu tèu, na matana ana mone èci, ngara na lamek.","Èle èèna ka, Metus mamuri tèlu nguru pidhu nguru tèu. Hèia na bhèni Lamek."
GEN 5:26,"and methuselah lived after that he begat lamech seven hundred and two and eighty years, and begat sons and daughters.","èle èèna ka, metusalak mamuri hari d'ai pidhu ngasu aru nguru dua tèu, ka na abhu hari ana mone dènge ana bhèni.","Èle èèna ka, Lamek mamuri dènge dua nguru pidhu nguru tèu. Èle èèna ka, Lamek abhu ana mone dènge ana bhèni cahagꞌe."
GEN 5:27,"and all the days of methuselah were made nine hundred and nine and sixty years, and he was dead.","umur metusalak ceo ngasu èna nguru ceo tèu, heka madhe kèna.","Èle èèna ka, Metuselah mamuri nèu nguru tèu dènge èpa nguru tèu. Hèia na madhe."
GEN 5:28,"forsooth lamech lived an hundred and two and eighty years, and begat a son;","lod'o lamek mamuri d'ai ca ngasu aru nguru dua tèu, na matana ana mone ca dhèu.","Lodꞌo Lamek mamuri, nèngu mamuri tèu nguru dua nguru tèu. Èle èèna ka, na abhu ana mone ca dhèu."
GEN 5:29,"and he called his name noah, and said, this man shall comfort us of the works and travails of our hands, in the land which the lord cursed.","lamek pangare ne noh dhu sasoa na ‘pakarej'e d'ara', lula na peka na, ana ne, èèna na pakarej'e d'ara èdhi nèti sasab'a dhu bia, ètu rai dhu ama lamatua dhoo le.","Èle èèna ka, Ama Lamatua pangare ne, Noh. Na peka, aku nèngu na, ""Dhèu neꞌe ne, nuka sèmi dhèu dhu dꞌèi padedha-dedha jiꞌi, sèna ka jiꞌi bisa mamuri taruu ètu rai-haha ne, dhu Lamatua pahaha iisi mi jiꞌi. Nèti èèna ka, èdhi aaꞌi-aaꞌi ètu dꞌara jꞌara-jꞌara aaꞌi-aaꞌi dhu jiꞌi adꞌu-ue jꞌajꞌèra ètu rai-haha ne."""
GEN 5:30,"and lamech lived after that he begat noah five hundred and ninety and five years, and begat sons and daughters.","ka lamek mamuri taruu d'ai lèmi ngasu ceo nguru lèmi tèu, aa na abhu hari ana mone dènge ana bhèni.","Èle èèna ka, Lamek mamuri toke dꞌai lèmi nguru nguru nguru nguru limuri. Èle èèna ka, Lamek nara iisi ana mone dènge ana bhèni."
GEN 5:31,"and all the days of lamech were made seven hundred and seventy and seven years, and he was dead.","umur lamek pidhu ngasu pidhu nguru pidhu tèu, heka na madhe kèna.","Nèti èèna ka, Lamek mamuri dènge pidhu nguru dènge pidhu nguru pidhu taun. Èle èèna ka, na madhe."
GEN 5:32,"forsooth noah, when he was of five hundred years, begat shem, ham, and japheth.","lod'o noh mamuri d'ai lèmi ngasu tèu, na matana ana mone dhèu tèlu, sem, yafet dènge ham.","Èle èèna ka, dhèu aaꞌi-aaꞌi ètu rai-haha ne, rai-haha ne. Nèti èèna ka, dhèu aaꞌi-aaꞌi ètu rai-haha ne, rai-haha ne, rai-haha ne, rai-haha ne, rai-haha ne, rai-haha ne, rai-haha ne, rai-haha ne, rai-haha ne, rai-haha ne, rai-haha ne, rai-haha ne, rai-haha ne, rai-haha ne, rai-haha ne, rai-haha ne, rai-haha ne, rai-haha ne, rai-haha ne, rai-haha ne, rai-haha ne, rai-haha ne, rai-haha ne, rai-haha ne, rai-haha ne, rai-haha ne, rai-haha ne."
GEN 6:1,"and when men began to be multiplied on the earth, and had begat daughters,","taa èèna, dhèu rai-haha, asa bèba-kacanga. ka ra papala-palème rai-haha. dhèu se matana kahèi ana-ana bhèni.","Èle èèna ka, bèli-camèdꞌa dhèu aaꞌi-aaꞌi ra jꞌajꞌi dhèu ae-ae ètu rai-haha, aa ra abhu ana bhèni."
GEN 6:2,"the sons of god saw the daughters of men that they were fair, and took wives to them of all which they had chosen.","ana-ana mone nèti lamatua ladhe rèdhi ana bhèni nèti dhèu rai-haha se, bhèni iia hua. ka lasi todhe rare ana bhèni mia dhu ra d'èi.","Èle èèna ka, ana-ana Ama Lamatua ladhe rèdhi ana bhèni dhèu aaꞌi-aaꞌi, na, dhèu aaꞌi-aaꞌi se dhu kapai. Nèti èèna ka, ana-ana Ama Lamatua ladhe rèdhi dhèu aaꞌi-aaꞌi se dhu kapai."
GEN 6:3,"and god said, my spirit shall not dwell in man without end, for he is flesh; and the days of him shall be an hundred and twenty years.","ka lamatua peka na, ja'a roca le dènge tatao dhèu dhu lèke-lèke boe se. roh ja'a dhu pamamuri rèngu sa, d'èi heka hia ra mamuri manèro. hud'i rèngu madhe ku. de èèna na, mamuri rèngu se dhoka d'ai ca ngasu dua nguru tèu di.","Èle èèna ka, Ama Lamatua peka, aku Nèngu na, ""Dhèu rai-haha ne, nuka sèmi dhèu rai-haha. Nèti èèna ka, Jaꞌa paꞌèki heka dènge ne, toke dꞌai mia nguru dua nguru tèu."""
GEN 6:4,"soothly giants were on the earth in those days, forsooth after that the sons of god entered in to the daughters of men, and those daughters begat; these were mighty of the world and famous men.","taa èèna, dènge taa-tebho dhu limuri nèti èèna hari, abhu le dhèu raksasa ètu rai-haha ne. ropa ana mone nèti lamatua leo rare ana bhèni dhèu rai-haha se, ka rara iisi dhèu kapai, nuka: kapala musu, dhèu re'a madhutu lii lolo uru-uru sèra.","Lodꞌo èèna, dhèu aae-dhèu rai-haha ètu rai-haha ne, abhu kahèi dhèu aae-dhèu rai-haha. Dhèu aae-dhèu rai-haha se, dhèu aae-dhèu rai-haha. Dhèu aae-dhèu rai-haha se, dhèu aae-dhèu aae-dhèu rai-haha, aa dhèu aae-dhèu aae-dhèu rai-haha. Rèngu aaꞌi-aaꞌi ra jꞌajꞌi dhèu aae-aaꞌi ra. Rèngu aaꞌi-aaꞌi ra jꞌajꞌi dhèu aae-aaꞌi ra. Rèngu aaꞌi-aaꞌi ra jꞌajꞌi dhèu aae-aaꞌi ra. Rèngu aaꞌi-aaꞌi ra jꞌajꞌi dhèu aae-aaꞌi ra. Rèngu aaꞌi-aaꞌi ra jꞌajꞌi dhèu aae-aaꞌi ra, aaꞌi-aaꞌi ra jꞌajꞌi dhèu aaꞌi-aaꞌi ra."
GEN 6:5,"soothly god saw that much malice of men was in the earth, and that all the thought of their heart was attentive, either given, to evil in all time,","taa èèna, lamatua ladhe nèdhi bhabhelu-katub'a dhèu rai-haha dhu seli-kolane. d'ara rèngu pangee dhoka bhabhelu di.","Èle èèna ka, Ama Lamatua neꞌa, na, dhèu rai-haha tao jꞌara bhelu-katubꞌa ètu rai-haha. Rèngu dꞌèi tao jꞌara bhelu-katubꞌa ètu dꞌara ra."
GEN 6:6,"and it repented him that he had made man in earth; and god was wary before against time to coming or to come, and was touched with sorrow of heart within;","ka lamatua manyasa, lula na paj'aj'i le rèngu se ho pea ètu rai-haha ne. tatao rèngu ne'e ka dhu papèd'a d'ara lamatua.","Nèti èèna ka, Ama Lamatua padꞌelo dꞌara hua iia Na, lula Na pajꞌajꞌi dhèu rai-haha ètu rai-haha ne."
GEN 6:7,"and said, i shall do away man, whom i made of nought, from the face of the earth; from man till to living things, from creeping beast till to the birds of heaven; for it repenteth me that i made them.","nèti èèna ka, na peka na, dènge tatao rèngu sèmi èèna na, ja'a huku pamadhe dhèu rai-haha aa'i-aa'i dhu paj'aj'i kore si le. manu-bhui dènge badha leo sèra, ja'a palaho aa'i si kahèi. te ja'a manyasa, nèti ja'a ka paj'aj'i si.","Jaꞌa neo pamadhe dhèu aaꞌi-aaꞌi dhu Jaꞌa pajꞌajꞌi nèti rai-haha ne. Jaꞌa neo pamadhe aaꞌi-aaꞌi dhu Jaꞌa pajꞌajꞌi nèti rai-haha ne. Jaꞌa neo pamadhe aaꞌi-aaꞌi dhu Jaꞌa pajꞌajꞌi nèti rai-haha ne. Jaꞌa neo pamadhe aaꞌi-aaꞌi dhu Jaꞌa pajꞌajꞌi nèti rai-haha ne. Jaꞌa neo pamadhe aaꞌi-aaꞌi dhu Jaꞌa pajꞌajꞌi nèti rai-haha ne. Aa Jaꞌa neo pamadhe aaꞌi-aaꞌi dhu Jaꞌa pajꞌajꞌi nèti rai-haha ne."""
GEN 6:8,forsooth noah found grace before the lord.,te ngaa noh di dhu pakarej'e d'ara lamatua.,"Nèti èèna ka, Lamatua padꞌelo dꞌara hua iia Na mi Nèngu, te ngaa Nèngu ka dhu padꞌelo dꞌara hua iia Na mi dhèu aaꞌi-aaꞌi ra. Nèti èèna ka, Lamatua padꞌelo dꞌara hua iia Na mi dhèu aaꞌi-aaꞌi ra. Nèti èèna ka, Lamatua padꞌelo dꞌara hua iia Na mi dhèu aaꞌi-aaꞌi ra."
GEN 6:9-10,"these be the generations of noah. noah was a just man and perfect in his generations; noah went with god, and begat three sons, shem, ham, and japheth.","lii lolo noh sèmi ne'e ka: ana mone na, dhèu tèlu, nuka sem, yafet dènge ham. noh mamuri dènge mola, koe-kapengo boe. taa èèna, nèngu di dhu mamuri mola. d'ara na dhodhoka ètu ama lamatua.","Nèngu jꞌajꞌi dhèu dꞌara mola-mèci ètu rai-haha ne. Nèngu jꞌajꞌi dhèu dꞌara mola-mèci ètu rai-haha ne. Nèngu jꞌajꞌi dhèu dꞌara mola-mèci ètu rai-haha ne. Nèngu jꞌajꞌi dhèu dꞌara mola-mèci ètu rai-haha ne. Nèngu jꞌajꞌi dhèu dꞌara mola-mèci ètu rai-haha ne. Nèngu jꞌajꞌi dhèu dꞌara mola-mèci ètu rai-haha ne. Nèngu jꞌajꞌi dhèu dꞌara mola-mèci. Nèngu jꞌajꞌi dhèu dꞌara mola-mèci ètu rai-haha ne. Nèngu jꞌajꞌi dhèu dꞌara mola-mèci. Nèngu jꞌajꞌi dhèu aaꞌi-aaꞌi, nuka Sem, Ham, dènge Yafet."
GEN 6:11-12,"forsooth the earth was corrupt before god, and was filled with wickedness. and when god saw, that the earth was corrupt, for each flesh, or man, had corrupted his way on the earth,","te ngaa dhèu leo se, ama lamatua ladhe ra bhelu aa'i mèu-mèu. ètu mia-mia èèna ka, j'ara mamuri dhèu se ele iie aa'i. ama lamatua nèdhi dhodhoka bhabhelu di, ètu rai-haha ne.",Dhèu aaꞌi-aaꞌi ètu rai-haha ne jꞌajꞌi bhelu-katubꞌa ètu madha Ama Lamatua. Dhèu aaꞌi-aaꞌi ètu rai-haha ne jꞌajꞌi bhelu-katubꞌa. Dhèu aaꞌi-aaꞌi ètu rai-haha ne jꞌajꞌi bhelu-katubꞌa.
GEN 6:13,"he said to noah, the end of all flesh is come before me; the earth is filled with wickedness of the face of them, and i shall destroy them with the earth.","hèia ama lamatua peka dènge noh, aku nèngu na, ja'a kèdhi dhoka bhabhelu dhèu di, dhu pale-lème rai-haha ne. ka ja'a pama'ète kore le, sèna ka ja'a palaho aa'i rai-haha ne dènge isi na aa'i-aa'i.","Èle èèna ka, Lamatua peka dènge Noh, aku Nèngu na, ""Jaꞌa neo pamadhe aaꞌi dhèu aaꞌi-aaꞌi dhu mamuri ètu rai-haha ne. Lula ra tao jꞌara-jꞌara bhelu-katubꞌa ètu rai-haha ne. Nèti èèna ka, Jaꞌa pamadhe si aaꞌi-aaꞌi ètu rai-haha ne."
GEN 6:14,"make thou to thee a ship of wood hewn and planed; thou shalt make dwelling places in the ship, and thou shalt anoint it with pitch within and withoutforth.","de sèmi ne'e, noh! èu tao kapa aae cue, dhu tao nèti aj'u adhu. re d'ara roa na, èu bagi mi kama-kama. aa re d'ara dènge li'u kapa, èu lame dènge èi dama.",Èu hudꞌi tao uuru ku nèti ajꞌu dhu kabꞌua ètu dedha kapa. Èu hudꞌi tao uuru ku nèti ciki dènge liꞌu.
GEN 6:15,"and so thou shalt make it. the length of the ship shall be of three hundred cubits, the breadth shall be of fifty cubits, and the highness thereof shall be of thirty cubits.","mu sab'e kapa na, madhera na ca ngasu tèlu nguru tèlu meter; bhabhèla na dua nguru dua meter; dènge katitu na canguru tèlu meter.","Èle èèna ka, èu hudꞌi tao kahèi. Lodꞌo kapa ne, tèlu ngasu; hèru na, cangasu na, cangasu na, cangasu na, cangasu na, cangasu na, cangasu na, cangasu na, cangasu na, cangasu na, cangasu na, cangasu na, cangasu na, cangasu na, cangasu na, cangasu na, cangasu na, cangasu na, cangasu na, cangasu na, cangasu na, cangasu na, cangasu na, cangasu na, cangasu na, cangasu na, cangasu na, cangasu na, cangasu na, cangasu na, cangasu na, cangasu na, cangasu na, cangasu na, cangasu na, cangasu na, cangasu na, cangasu na, cangasu na."
GEN 6:16,"thou shalt make a window in the ship, and thou shalt end the highness thereof in a cubit; soothly thou shalt set the door of the ship in the side beneath; thou shalt make solars or upper rooms, and places of three chambers in the ship.","èu tao èmu ètu dedha kapa na. te ngaa paconga ca laa ai nèti kadidhi re dedha. èu bagi kapa ne mi tèlu tad'a. aa re karasa na, tao babèdho èci.",èu hudꞌi tao jꞌara-jꞌara ètu dedha kapa. Èu hudꞌi tao jꞌara-jꞌara ètu dꞌara kapa. Èu hudꞌi tao jꞌara-jꞌara ètu dꞌara kapa. Èu hudꞌi tao jꞌara-jꞌara ètu dꞌara kapa. Èu hudꞌi tao jꞌara-jꞌara ètu dꞌara kapa. Èu hudꞌi tao jꞌara-jꞌara ètu dꞌara kapa. Èu hudꞌi tao jꞌara-jꞌara ètu dꞌara kapa. Èu hudꞌi tao jꞌara-jꞌara ètu dꞌara kapa. Èu hudꞌi tao jꞌara-jꞌara ètu dꞌara kapa. Èu hudꞌi tao jꞌara-jꞌara ètu dꞌara kapa.
GEN 6:17,"lo! i shall bring waters of deluge, or great flood, on the earth, and i shall slay each flesh in which is the spirit of life under heaven, and all things that be in the earth, shall be wasted.","sanèd'e paie-iie! bèli-camèd'a, ja'a papuru èi aae lala, ho pacène eele rai-haha ne, sèna ka pamadhe aa'i dhu mamuri.","Bèli-camèdꞌa, dhèu aaꞌi-aaꞌi dhu mamuri ètu dedha-liru, bèli-camèdꞌa dhèu aaꞌi-aaꞌi dhu mamuri ètu dedha-liru, bèli-camèdꞌa dhèu aaꞌi-aaꞌi ra madhe. Bèli-camèdꞌa dhèu aaꞌi-aaꞌi dhu mamuri ètu dedha-liru, bèli-camèdꞌa dhèu aaꞌi-aaꞌi dhu mamuri ètu dedha-liru, bèli-camèdꞌa dhèu aaꞌi-aaꞌi dhu mamuri ètu rai-haha ne, bèli-camèdꞌa dhèu aaꞌi-aaꞌi ra madhe."
GEN 6:18,"and i shall set my covenant of peace with thee; and thou shalt enter into the ship, thou, and thy sons, and thy wife, and the wives of thy sons shall enter with thee.","te ngaa ja'a pa'èki lii pajaji dènge èu. èèna na, èu maso d'ara kapa èèna, mèti dènge dhèu èmu èu, ana-ana èu, dènge dhèu èmu ana-ana èu.","Èèna na Jaꞌa tao paꞌèci dènge èu, sèna ka èu mamuri paꞌèci dènge Jaꞌa. Èu, ana-èpu èu, dhèu èmu èu, dènge bhèni ana-èpu èu, hudꞌi maso asa dꞌara kapa ne."
GEN 6:19-20,"and of all living beasts of all flesh, thou shalt bring into the ship twain or two and twain, of male kind and female, that they live with thee; of birds by their kind, and of work beasts in their kind, and of each creeping beast of the earth, by their kind; twain or two and twain of all shall enter with thee, that they may live.","badha aa'i-aa'i ra, èu hag'e more ca pasa-ca pasa, eo mèti asa d'ara kapa, ho ra abhu mamuri dènge èu kahèi. sèmi: badha ani, manu-bhui, dènge badha dhu rod'o, sèna ka ra abhu mamuri.","Bèli-camèdꞌa aaꞌi-aaꞌi nèti badha aaꞌi-aaꞌi dhu mamuri ètu dꞌara kapa ne, sèna ka mamuri dènge èu. Bèli-camèdꞌa manu-bhui dhu mamuri ètu dꞌara kapa ne, sèna ka mamuri dènge èu. Bèli-camèdꞌa badha aaꞌi-aaꞌi dhu mamuri ètu dꞌara kapa ne, sèna ka mamuri dènge èu. Bèli-camèdꞌa badha aaꞌi-aaꞌi dhu mamuri ètu dꞌara kapa ne, sèna ka mamuri dènge èu."
GEN 6:21,"therefore thou shalt take with thee of all meats that may be eaten, and thou shalt bear together at thee, and those shall be as well to thee as to the beasts into meat.","èu hud'i mèti dènge nganga'a-nganginu, pala miu dènge pala badha sèra hèi.","Sèmi èèna kahèi dènge badha aaꞌi-aaꞌi dhu dhèu bisa raꞌa, èu hudꞌi paꞌèki dènge èu, sèna ka raꞌa sèmi èèna kahèi dènge badha aaꞌi-aaꞌi dhu dhèu bisa raꞌa. Èu hudꞌi paꞌèki dènge èu, sèna ka raꞌa sèmi èèna kahèi dènge badha aaꞌi-aaꞌi dhu dhèu bisa raꞌa."
GEN 6:22,therefore noah did all things which god commanded to him.,ka noh sab'e madhutu sèmi lii paredha ama lamatua aa'i-aa'i sèra.,"Èle èèna ka, Noh tao madhutu aaꞌi paredha Ama Lamatua."
GEN 7:1,"also the lord said to noah, enter thou and all thine house into the ship, for i saw thee alone were just before me in this generation.","èle èèna ka, lamatua peka dènge noh, ja'a ladhe le palème, te ngaa abhu dhoka èu di dhu d'ara mola. nèti èèna ka, èu dènge bhèni-ana niki èu, lami ka asa d'ara kapa.","Èle èèna ka, Lamatua peka dènge Noh, aku Nèngu na, ""Èu dènge isi èmu èu aaꞌi-aaꞌi mi hudꞌi maso asa dꞌara kapa. Te èu di dhu Jaꞌa ladhe kèdhi ètu rai-haha ne."
GEN 7:2-3,"of all clean living beasts, thou shalt take by seven and by seven, male and female; forsooth of unclean living beasts, thou shalt take by twain and by twain or two and two, male and female; and also of the volatiles or fowls of heaven, thou shalt take, by seven and by seven, male and female, that their seed be saved on the face of all earth.","mèti dènge badha-badha dhu bisa mi'a, aa bisa hia ja'a kahèi, de mèti pidhu-pidhu pasa asa d'ara kapa. mèti kahèi rupa-rupa manu-bhui pidhu-pidhu pasa. te ngaa badha dhu leo, mèti dhoka ca pasa-ca pasa di. sèna ka badha dènge manu-bhui se, j'aj'i hini, ho baku ma'ète.","Bèli-camèdꞌa aaꞌi-aaꞌi dhu bhelu-katubꞌa ètu rai-haha ne, miu hudꞌi paꞌèki dènge dhèu pidhu, sèna ka jꞌajꞌi dhèu aaꞌi-aaꞌi dhu bhelu-katubꞌa ètu rai-haha ne. Aa manu-bhui aaꞌi-aaꞌi ètu dedha-liru, miu hudꞌi paꞌèki dènge dhèu pidhu, sèna ka jꞌajꞌi dhèu aaꞌi-aaꞌi dhu bhelu-katubꞌa ètu rai-haha ne. Dènge jꞌara neꞌe, miu hudꞌi paꞌèki dènge dhèu aaꞌi-aaꞌi dhu bhelu-katubꞌa ètu rai-haha ne, sèna ka jꞌajꞌi dhèu aaꞌi-aaꞌi dhu bhelu-katubꞌa ètu rai-haha ne, sèna ka jꞌajꞌi dhèu aaꞌi-aaꞌi dhu bhelu-katubꞌa ètu rai-haha ne."
GEN 7:4,"for yet and after seven days, i shall rain on the earth forty days and forty nights, and i shall do away all substance which i made, from the face of the earth.","sanèd'e paie-iie, oo! di pidhu lod'o ka, ja'a papuru èj'i aae mai dhu bhoka boe ca lod'o sa, toke d'ai èpa nguru lod'o mèu-mèda. dènge sèmi ne'e, ja'a pamadhe aa'i ngaa-ngaa dhu mamuri ètu dedha-rai, dhu ja'a paj'aj'i kore le.","Bèli-camèdꞌa, lodꞌo èpa lodꞌo èèna, Jaꞌa hia uuru ètu rai-haha ne. Èèna na Jaꞌa pamadhe aaꞌi-aaꞌi dhèu aaꞌi-aaꞌi dhu Jaꞌa pajꞌajꞌi ètu rai-haha ne."
GEN 7:5,therefore noah did all things which the lord commanded to him.,ka noh tao aa'i sèmi lii paredha lamatua.,"Èle èèna ka, Noh tao madhutu aaꞌi paredha Lamatua."
GEN 7:6,"and he was of six hundred years, when the waters of the great flood flowed on the earth.","lod'o èi aae lala, umur noh èna ngasu tèu.","Èle èèna ka, dhèu aaꞌi-aaꞌi ètu rai-haha ne rai-haha. Èle èèna ka, dhèu aaꞌi-aaꞌi ètu rai-haha aaꞌi-aaꞌi ètu rai-haha ne rai-haha ne, dꞌai èèna ka, nèti èèna ka, dhèu aaꞌi-aaꞌi mamuri ètu rai-haha ne, toke dꞌai èèna ka, nèti èèna ka, dhèu aaꞌi-aaꞌi ètu rai-haha ne jꞌajꞌi dhèu aaꞌi-aaꞌi ra aaꞌi-aaꞌi ra aaꞌi-aaꞌi ra aaꞌi-aaꞌi ra aaꞌi-aaꞌi ra aaꞌi-aaꞌi ra aaꞌi-aaꞌi ra aaꞌi-aaꞌi ra aaꞌi-aaꞌi ra aaꞌi-aaꞌi ra."
GEN 7:7,"and noah entered into the ship, and his sons, and his wife, and the wives of his sons, entered with him, for the waters of the great flood.","noh dènge dhèu èmu na, dènge ana niki na, aa dènge dhèu èmu ana ra di, lasi asa d'ara kapa, ho ra abhu mamuri.","Èle èèna ka, nèngu dènge ana-ana na, dènge dhèu èmu-kamali na, maso asa dꞌara dedha kapa, sèna ka reꞌa, na, bèli-camèdꞌa èèna, bèli-camèdꞌa bèli-camèdꞌa bèli-camèdꞌa bèli-camèdꞌa."
GEN 7:8-9,"and of living beasts clean and unclean, and of the birds of heaven, and of each beast which is moved on the earth, by twain and by twain or two and two, male and female entered to noah into the ship, as the lord commanded to noah.","madhutu lii paredha lamatua, ka noh pamaso manu-bhui dènge badha leo sèra, èci-èci ka dènge pasa na, nèti dhu bisa ra'a, dènge dhu bisa boe ra'a.","Sèmi èèna kahèi dènge badha aaꞌi-aaꞌi dhu mamuri mola-mèci, dènge badha badha aaꞌi-aaꞌi dhu lèke, dènge manu-bhui ètu dedha-liru, dènge badha aaꞌi-aaꞌi dhu pakèdꞌi ètu rai-haha. Bèli-camèdꞌa badha aaꞌi-aaꞌi dènge badha aaꞌi-aaꞌi ra maso asa dꞌara kapa, sèna ka madhutu paredha Lamatua."
GEN 7:10,"and when seven days had passed, the waters of the great flood flowed on the earth.","ropa èle pidhu lod'o, cag'ag'a laa èi aae lala, ka rai-haha ne, mulai cène.","Èle èèna ka, lodꞌo pidhu lodꞌo, bèli-camèdꞌa bèli-camèdꞌa bèli-camèdꞌa bèli-camèdꞌa bèli-camèdꞌa bèli-camèdꞌa bèli-camèdꞌa bèli-camèdꞌa bèli-camèdꞌa bèli-camèdꞌa bèli-camèdꞌa bèli-camèdꞌa bèli-camèdꞌa bèli-camèdꞌa bèli-camèdꞌa ètu rai-haha ne."
GEN 7:11,"in the six hundredth year of the life of noah, in the second month, in the seventeenth day of the month, all the wells of the great sea were broken, and the windows of heaven were opened,","lèke dènge umur noh èna ngasu tèu, risi dua hèru, canguru pidhu lod'o, ka mulai èi aae lala. lod'o èèna, sèmi babèdho liru dhu bhoke eele sa, ka èi na tao sabhori mai. aa èi madha-èi madha ètu rai-haha sabhoka, ka sèmi tao sabhuu sa dedha.","Èle èèna ka, lodꞌo Noh mamuri èèna, nèti èèna ka, nèti èèna ka, nèti èèna ka, nèti èèna ka, dꞌai lodꞌo ka pidhu lodꞌo èèna, bèli-camèdꞌa bèli-camèdꞌa aaꞌi-aaꞌi ètu dꞌara dhasi ae-ae. Èle èèna ka, bèli-camèdꞌa bèli-camèdꞌa aaꞌi-aaꞌi ètu dedha-liru bhoke eele."
GEN 7:12,and rain was made on the earth forty days and forty nights.,ka èj'i bhori mai loe boe èpa nguru lod'o mèu-mèda.,"Èle èèna ka, bèli-camèdꞌa bèli-camèdꞌa bèli-camèdꞌa bèli-camèdꞌa bèli-camèdꞌa bèli-camèdꞌa bèli-camèdꞌa bèli-camèdꞌa bèli-camèdꞌa bèli-camèdꞌa bèli-camèdꞌa bèli-camèdꞌa ètu rai-haha ne."
GEN 7:13,"in the end of that day noah entered, and shem, and ham, and japheth, his sons, and his wife, and the three wives of his sons, entered with them into the ship.","te ngaa lod'o èèna, noh dènge dhèu èmu na, dènge ana mone na dhèu tèlu: sem, yafet dènge ham, dènge dhèu èmu ra, maso lasi asa d'ara kapa.","Èle èèna ka, Nuh maso asa dꞌara dedha kapa, dènge ana-ana na, Sem, Ham, Yafet, dènge dhèu èmu na, dènge dhèu-dhèu èmu-kamali na."
GEN 7:14,"they entered, and each beast by his kind, and all work beasts in their kind, and each beast which is moved on the earth in his kind, and each volatile by his kind; all birds and all volatiles or fowls,","lasi palere dènge badha aa'i-aa'i ra, sèmi: badha ani, badha hui, badha dhu rod'o, manu-bhui, dènge badha-badha leo dhu dènge èla sèra.","Ètu dꞌara Èmu Manèngi-Mangajꞌi èèna, abhu rupa-rupa badha badha, manu-bhui, dènge manu-bhui, aaꞌi-aaꞌi ra ètu dꞌara Èmu Manèngi-Mangajꞌi ètu dꞌara Èmu Kapua Manèngi-Mangajꞌi ètu dꞌara Èmu Kapua Manèngi-Mangajꞌi ètu dꞌara Èmu Kapua Manèngi-Mangajꞌi ètu dꞌara Èmu Kapua Manèngi-Mangajꞌi ètu dꞌara Èmu Kapua Manèngi-Mangajꞌi ètu dꞌara Èmu Kapua Manèngi-Mangajꞌi ètu dꞌara Èmu Kapua Manèngi-Mangajꞌi ètu dꞌara Èmu Kapua Manèngi-Mangajꞌi ètu dꞌara Èmu Kapua Manèngi-Mangajꞌi ètu dꞌara Èmu Kapua Manèngi-Mangajꞌi."
GEN 7:15-16,"entered to noah into the ship, by twain and by twain or two and two of each flesh in which the spirit of life was. and those that entered, entered male and female of each flesh, as god commanded to him. and the lord enclosed him from withoutforth.","ca pasa-ca pasa nèti aa'i-aa'i dhu mamuri, lasi asa d'ara kapa palere dènge noh, madhutu sèmi lii paredha ama lamatua. ropa aa'i-aa'i ra d'ai d'ara kapa, lamatua bèdho babèdho kapa èèna.","Dhèu aaꞌi-aaꞌi, dhèu-dhèu bhèni dènge dhèu-dhèu bhèni, maso asa dꞌara kapa, sama sèmi Ama Lamatua peka dènge ne. Èle èèna ka, Lamatua pajꞌujꞌu ne nèti liꞌu."
GEN 7:17-19,"and the great flood was made forty days and forty nights on the earth, and the waters were multiplied, and raised the ship on high from the earth. the waters flowed greatly, and filled all things in the face of the earth. forsooth the ship was borne on the waters. and the waters had mastery greatly on the earth, and all the high hills under all of heaven were covered;",èj'i aae puru ma'ète boe d'ai èpa nguru lod'o. hèia kapa èèna taleb'o. èi ca'e loe boe toke hutu nare kolo ledhe dhu dedha aae.,"Èle èèna ka, bèli-camèdꞌa ètu dedha-liru ètu dedha-liru. Bèli-camèdꞌa ètu dedha-liru èèna, bèli-camèdꞌa ètu dedha-liru ètu dedha-liru èèna, toke bèli-camèdꞌa ètu dedha-liru ètu dedha-liru ètu dedha-liru èèna, ka bèli-camèdꞌa ètu dedha-liru ètu dedha-liru èèna, ka bèli-camèdꞌa ètu dedha-liru ètu dedha-liru ètu dedha-liru èèna, toke bèli-camèdꞌa ètu dedha-liru ètu dedha-liru ètu dedha-liru ètu dedha-liru ètu dedha-liru."
GEN 7:20,"the water was higher, by fifteen cubits, over the hills which it covered.","èi ca'e taruu, ka marèma na seli èpa rèpa risi nèti kolo ledhe sèra.","Bèli-bèli èèna, hèbꞌa-hèbꞌa ètu dedha ledhe aaꞌi-aaꞌi dhu ètu dedha ledhe aaꞌi-aaꞌi ètu dedha ledhe aaꞌi-aaꞌi dhu ètu dꞌara ledhe aaꞌi-aaꞌi ètu dꞌara ledhe aaꞌi-aaꞌi ètu dꞌara ledhe aaꞌi-aaꞌi dhu ètu dꞌara ledhe aaꞌi-aaꞌi ètu dꞌara ledhe aaꞌi-aaꞌi ètu dꞌara ledhe aaꞌi-aaꞌi ètu dꞌara ledhe aaꞌi-aaꞌi ètu dꞌara ledhe aaꞌi-aaꞌi."
GEN 7:21-23,"and each flesh was wasted that moved on the earth, of birds, of living beasts, of unreasonable beasts, and of all reptiles or all creeping beasts that creep on the earth. all men, and all things in which the breathing of life was in the earth, were dead. and god did away all the substance that was on the earth, from man till to beast, as well a creeping beast, as the birds of heaven; and those or they were done away from the earth. forsooth noah dwelled alone, and they that were with him in the ship.","dènge j'ara èèna, ngaa-ngaa dhu mamuri ètu dedha-rai sèra, madhe aa'i mèu-mèu. nuka: dhèu, badha ani, badha hui, badha dhu rod'o, dènge manu-bhui aa'i-aa'i ra. ate dhoka noh dènge aa'i-aa'i dhu ètu dedha kapa.","Bèli-camèdꞌa dhèu aaꞌi-aaꞌi madhe. Bèli-camèdꞌa dhèu aaꞌi-aaꞌi, badha aaꞌi-aaꞌi, badha aaꞌi-aaꞌi, badha aaꞌi-aaꞌi, badha aaꞌi-aaꞌi, badha aaꞌi-aaꞌi, badha aaꞌi-aaꞌi, badha aaꞌi-aaꞌi, badha aaꞌi-aaꞌi, badha aaꞌi-aaꞌi, badha aaꞌi-aaꞌi, badha aaꞌi-aaꞌi, badha aaꞌi-aaꞌi, badha aaꞌi-aaꞌi, badha aaꞌi-aaꞌi, badha aaꞌi-aaꞌi, badha aaꞌi-aaꞌi, badha aaꞌi-aaꞌi, badha aaꞌi-aaꞌi, badha aaꞌi-aaꞌi, badha aaꞌi-aaꞌi, badha aaꞌi-aaꞌi, aa badha aaꞌi-aaꞌi-aaꞌi, aa badha aaꞌi-aaꞌi-aaꞌi, aa badha aaꞌi-aaꞌi-aaꞌi, aa badha aaꞌi-aaꞌi-aaꞌi dhu pea ètu dꞌara kapa."
GEN 7:24,and the waters of the great flood over-went the earth an hundred and fifty days.,"èi na, kura boe toke ca ngasu lèmi nguru lod'o.","Èle èèna ka, bèli-camèdꞌa dhèu aaꞌi-aaꞌi pea ètu rai-haha."
GEN 8:1,"forsooth the lord had mind of noah, and of all living beasts, and of all work beasts, that were with him in the ship; and he brought a wind on the earth. and the waters were decreased, or assuaged,","masi ka sèmi èèna, ama lamatua bhèlu boe noh si dènge badha-manu aa'i-aa'i dhu ètu dedha kapa. hèia na hia ngèlu g'oro, ka èi na kura ka noo-noo.","Èle èèna ka, Ama Lamatua bhèlu-mèu aaꞌi-aaꞌi dhu pea ètu dꞌara kapa. Èle èèna ka, Ama Lamatua bhèlu-mèu aaꞌi-aaꞌi dhu mai asa rai-haha ne. Nèti èèna ka, nèngu dènge badha aaꞌi-aaꞌi dhu pea ètu dꞌara dedha kapa, aa dènge badha aaꞌi-aaꞌi dhu pea ètu dꞌara kapa. Nèti èèna ka, Lamatua bhèlu-mèu aaꞌi-aaꞌi aaꞌi-aaꞌi aaꞌi-aaꞌi dhu pea ètu dꞌara kapa."
GEN 8:2,"and the wells of the sea were closed, and the windows of heaven were closed, and rains of heaven were ceased.","na katange èi madha aa'i-aa'i ètu rai-haha ne, aa na taha èj'i kahèi.","Èle èèna ka, bèdho aaꞌi-aaꞌi ètu dedha-liru bèdho, aa bèdho aaꞌi-aaꞌi ètu dedha-liru bèdho, aa bèdho aaꞌi-aaꞌi ètu dedha-liru kèdꞌi heka."
GEN 8:3,"and the waters turned again from off the earth, and went again, and began to be decreased, or assuaged, after an hundred and fifty days.","ka èi kura noo-noo ka. d'ai cangasu lèmi nguru lod'o, èi marèma heka.","Èle èèna ka, bèli-camèdꞌa èi dꞌai èpa nguru nguru èpa lodꞌo."
GEN 8:4,"and the ship rested in the seventh month, in the seven and twentieth day of the month, on the hills or mounts of armenia.","lèke dènge hèru ka pidhu, risi canguru pidhu lod'o, kapa eta ètu kolo ledhe aae èci, ngara na ararat.","Èle èèna ka, bèli-camèdꞌa, dꞌai lodꞌo ka dua nguru èpa lodꞌo èèna, heka kapa reꞌa taruu ètu ledhe-ledhe ètu dꞌara rai-haha ne, ètu dꞌara ledhe-ledhe aaꞌi-aaꞌi dhu ètu dꞌara rai-haha ne, ètu dꞌara jꞌara aaꞌi-aaꞌi ètu dꞌara jꞌara aaꞌi-aaꞌi ètu dꞌara jꞌara-jꞌara aaꞌi-aaꞌi ètu dꞌara jꞌara-jꞌara aaꞌi-aaꞌi ètu dꞌara jꞌara-jꞌara aaꞌi-aaꞌi ètu dꞌara jꞌara-jꞌara aaꞌi-aaꞌi ètu dꞌara jꞌara-jꞌara aaꞌi-aaꞌi ètu dꞌara jꞌara-jꞌara aaꞌi-aaꞌi."
GEN 8:5,"and soothly the waters went and decreased till to the tenth month, for in the tenth month, in the first day of the month, the tops of the hills appeared.","èi kura taruu toke lod'o ka èci, hèru ka canguru, ka kolo-kolo ledhe cèu noo-noo.","Bèli-camèdꞌa èèna, dꞌai lodꞌo ka pèri-pèri lodꞌo, dꞌai lodꞌo ka pèri-pèri lodꞌo, hèia dꞌai lodꞌo ka pèri-pèri hèbꞌa ètu dedha ledhe-leru aaꞌi-aaꞌi. Ropa dꞌai lodꞌo ka pèri-pèri hèbꞌa, dꞌai lodꞌo ka pèri-pèri hèbꞌa aaꞌi-aaꞌi, hèia dꞌai lodꞌo ka pèri-pèri hèbꞌa aaꞌi-aaꞌi, hèia dꞌai lodꞌo ka pèri-pèri hèbꞌa aaꞌi-aaꞌi."
GEN 8:6,"and when forty days had passed, noah opened the window of the ship which he had made,","risi nèti èpa nguru lod'o, hèia noh bhoke jendela èci.","Èle èèna ka, lodꞌo èpa nguru lodꞌo, Noh bhoke jꞌajꞌèra èci dhu na tao ètu dedha kapa."
GEN 8:7,"and sent out a crow, which went out, and turned not again till the waters were dried on the earth.","ka na patalale lakaa ci'u. manu-bhui ne lela la'e-mai, toke èi puru. ka na lèpa heka asa kapa.","Èle èèna ka, bèli-camèdꞌa ana pajuu se pua ana pajuu se, sèna ka laꞌe asa rai-haha ne. Ka pajuu se lèpa hari, toke èi aaꞌi-aaꞌi dhu ètu rai-haha ne dꞌai mèu-mèu aaꞌi-aaꞌi ètu rai-haha ne, heka èi aaꞌi-aaꞌi aaꞌi-aaꞌi aaꞌi-aaꞌi aaꞌi-aaꞌi aaꞌi-aaꞌi aaꞌi-aaꞌi aaꞌi-aaꞌi aaꞌi-aaꞌi aaꞌi-aaꞌi aaꞌi-aaꞌi aaꞌi-aaꞌi aaꞌi-aaꞌi aaꞌi-aaꞌi aaꞌi-aaꞌi aaꞌi-aaꞌi aaꞌi-aaꞌi aaꞌi-aaꞌi aaꞌi-aaꞌi aaꞌi-aaꞌi aaꞌi-aaꞌi aaꞌi-aaꞌi aaꞌi-aaꞌi aaꞌi-aaꞌi aaꞌi-aaꞌi aaꞌi-aaꞌi-aaꞌi."
GEN 8:8,"also noah sent out a culver after him, to see if the waters had ceased then on the face of the earth;","hèia noh patabuli hari, koro j'aha ci'u, sèna ka neo ne'a èi na puru le, do dhae.","Èle èèna ka, dhèu aaꞌi-aaꞌi ètu rai-haha ne, dhèu aaꞌi-aaꞌi ètu rai-haha ne."
GEN 8:9,"and when the culver found not where her foot should rest, she turned again to him into the ship, for the waters were on all the earth; and noah held forth his hand, and brought the culver taken into the ship.","te ngaa, lula èi hutu nare dedha-rai era, ka koro ne abhu boe era tèka. ka lèpa hari asa kapa. hèia noh j'ole ai na, kèpe nare, ka na pamaso hari asa d'ara kapa.","Èle èèna ka, aaꞌi-aaꞌi ètu rai-haha ne jꞌajꞌi le. Te ngaa aaꞌi-aaꞌi ètu rai-haha ne, aaꞌi-aaꞌi ra jꞌajꞌi le. Nèti èèna ka, ana bhèni aaꞌi-aaꞌi ra lèpa hari asa dꞌara dedha kapa. Èle èèna ka, ana bhèni aaꞌi-aaꞌi ra lèpa hari asa dꞌara kapa. Nèti èèna ka, nèngu jꞌajꞌi le kacui-aai na, sèna ka nèdꞌu aaꞌi-aaꞌi ra. Èle èèna ka, ana bhèni aaꞌi-aaꞌi ra lèpa hari asa dꞌara kapa. Ka ana bhèni aaꞌi-aaꞌi ra jꞌajꞌi le kacui-aai na."
GEN 8:10,"soothly when other seven days were abided afterward, again he sent out a culver from the ship;","ka noh tatae hari d'ai pidhu lod'o, hèia na patabuli hari koro j'aha deo na.","Èle èèna ka, dꞌai pidhu lodꞌo, hèia Paulus pua ana pajuu èci mai nèti dedha kapa."
GEN 8:11,"and she came to him at eventide, and bare in her mouth a branch of an olive tree with green leaves. there-fore noah understood that the waters had ceased or abated on earth;","d'ara lod'o nihia sa, koro ne lèpa hari la'e asa noh, tutu nèti dènge rèu saitun ca rèu dhu heka tutu nare kèna. nèti èèna ka, noh heka ne'a kèna, èi na dhu puru le tare'a di.","Èle èèna ka, ana bhèni ne laꞌe paraga dènge dhèu aae Èmu Kapua Manèngi-Mangajꞌi. Nèti èèna ka, nèti ajꞌu ajꞌu ajꞌu ètu dꞌara ajꞌu ajꞌu ajꞌu ajꞌu ajꞌu ajꞌu ajꞌu ajꞌu ajꞌu ajꞌu ajꞌu ajꞌu ajꞌu ajꞌu ajꞌu ajꞌu ajꞌu ajꞌu ajꞌu ajꞌu ajꞌu ajꞌu ajꞌu ajꞌu ajꞌu ajꞌu ajꞌu ajꞌu ajꞌu ajꞌu ajꞌu ajꞌu ajꞌu ajꞌu ajꞌu ajꞌu ajꞌu ajꞌu ajꞌu ajꞌu ajꞌu ajꞌu ajꞌu ajꞌu ajꞌu ajꞌu ajꞌu ajꞌu ajꞌu ajꞌu ajꞌu ajꞌu ajꞌu ajꞌu ajꞌu ajꞌu ajꞌu ajꞌu ajꞌu ajꞌu ajꞌu ajꞌu ajꞌu ajꞌu ajꞌu ajꞌu ajꞌu ajꞌu ajꞌu ajꞌu ajꞌu ajꞌu ajꞌu ajꞌu ajꞌu ajꞌu ajꞌu ajꞌu ajꞌu ajꞌu."
GEN 8:12,"and nevertheless he abode seven other days, and sent out a culver, which turned not again to him.","ka na mate hari d'ai pidhu lod'o, hèia na patalale hari koro j'aha ca hari ni. te ngaa ca tèka ne, koro ne lèpa heka.","Èle èèna ka, na pea ètu dꞌara pèri-pèri lodꞌo. Èle èèna ka, na pua ana hèbꞌa ètu dꞌara pèri-pèri lodꞌo. Te ngaa ana hèbꞌa ètu dꞌara pèri-pèri lodꞌo, ana hèbꞌa ètu dꞌara pèri-pèri lodꞌo. Ka na pua ana hèbꞌa ètu dꞌara pèri-pèri lodꞌo, te ngaa ana hèbꞌa ètu dꞌara pèri-pèri lodꞌo."
GEN 8:13,"therefore in the six hundred and one year of the life of noah, in the first month, in the first day of the month, the waters were decreased on earth; and noah opened the roof of the ship, and beheld, and saw that the face of the earth was dried.","lod'o noh mamuri d'ai èna ngasu ca tèu, lèke lod'o ka èci hèru èci, èi mèti aa'i le. hèia noh bhoke jendela, ka na ladhe palème, nèdhi rai dhu mango le.","Èle èèna ka, dꞌai èèna, dꞌai hèru lodꞌo ca lodꞌo, dꞌai lodꞌo ca lodꞌo, nèngu bhoke eele le èi èi èèna ètu rai-haha ne. Nèti èèna ka, Noh bhoke èmu dedha kapa. Hèia na ladhe nèdhi, na, rai-haha èci le."
GEN 8:14,"in the second month, in the seven and twentieth day of the month, the earth was made dry.","d'ai hèru ka dua, lod'o ka dua nguru pidhu, dedha-rai ne dhu mango meto le.","Èle èèna ka, bèli-camèdꞌa, dꞌai lodꞌo dua nguru tèu, rai-haha ne aaꞌi-aaꞌi le."
GEN 8:15,"soothly the lord spake to noah; and said,","ka ama lamatua peka dènge noh,","Èle èèna ka, Lamatua padhai lii dènge Noh, peka na,"
GEN 8:16,"go out of the ship, thou, and thy wife, and thy sons, and the wives of thy sons with thee;",noh! aa'i-aa'i mi puru ka nèti dedha kapa èèna.,"""Èu, ana-èpu èu, dènge dhèu èmu èu, hudꞌi laꞌe nèti dedha dedha kapa."
GEN 8:17,"and lead out with thee all living beasts that be with thee of each flesh, as well in volatiles, as in unreason-able beasts, and all reptiles or all creeping beasts that creep on the earth; and enter ye on the earth, increase ye, and be ye multiplied on earth.","papuru aa'i badha-manu sèra! nuka: badha ani, badha hui, badha dhu rod'o, dènge manu-bhui aa'i-aa'i ra. hud'i si, sèna ka ra bèba, papènu rai-haha ne.","Bèli-camèdꞌa aaꞌi-aaꞌi dhu mamuri ètu rai-haha, bèli-camèdꞌa manèngi-mangajꞌi, bèli-camèdꞌa manèngi-mangajꞌi, bèli-camèdꞌa manu-bhui aaꞌi-aaꞌi, bèli-camèdꞌa manu-bhui aaꞌi-aaꞌi, bèli-camèdꞌa manu-bhui aaꞌi-aaꞌi, dènge badha aaꞌi-aaꞌi dhu pakajꞌèu ètu rai-haha. Bèli-camèdꞌa miu jꞌajꞌi dhèu ae-ae, sèna ka miu jꞌajꞌi dhèu ae-ae, aa jꞌajꞌi dhèu aaꞌi-aaꞌi ètu rai-haha."
GEN 8:18-19,"therefore noah went out, and his sons, and his wife, and the wives of his sons with him; but also all living beasts, and work beasts, and birds, and reptiles that creep on the earth, by their kind, went out of the ship.","èle èèna ka, noh dènge dhèu èmu na, dènge ana-ana na, aa dènge dhèu èmu ana na sèra, aa'i-aa'i ra puru nèti dedha kapa èèna. badha se, aa'i-aa'i ra, kalua ka madhutu anga ra èci-èci.","Nèti èèna ka, Noe dènge ana-ana na, dhèu èmu na, dènge dhèu-dhèu èmu-kamali na, rai-haha aaꞌi-aaꞌi, manu-bhui aaꞌi-aaꞌi, aaꞌi-aaꞌi, aaꞌi-aaꞌi, aaꞌi-aaꞌi, aaꞌi-aaꞌi, aaꞌi-aaꞌi, aaꞌi-aaꞌi, aaꞌi-aaꞌi, aaꞌi-aaꞌi, aaꞌi-aaꞌi ra kalua nèti dedha kapa."
GEN 8:20,"forsooth noah builded an altar to the lord, and he took of all clean beasts and birds, and offered burnt sacrifices on the altar.","hèia noh pudhi hadhu, tao mei korban hia lamatua. nèti badha-badha dhu bisa ra'a sèra, noh nare ci'u-ci'u, ka na roro, tunu ètu dedha mei deo na, ho j'aj'i mi tadha makasi mi lamatua.","Lodꞌo èèna, dhèu aaꞌi-aaꞌi nèti aaꞌi-aaꞌi ra, nèti badha aaꞌi-aaꞌi dhu lèke aaꞌi-aaꞌi ra, nèti manu-bhui aaꞌi-aaꞌi dhu lèke aaꞌi-aaꞌi ra, nèti dhèu aaꞌi-aaꞌi ra, nèti dhèu aaꞌi-aaꞌi ra, nèti dhèu aaꞌi-aaꞌi ra, nèti badha aaꞌi-aaꞌi dhu lèke aaꞌi-aaꞌi ra, nèti badha aaꞌi-aaꞌi ra, nèti badha aaꞌi-aaꞌi dhu lèke aaꞌi-aaꞌi ra, nèti badha aaꞌi-aaꞌi ra. Èle èèna ka, nèti badha aaꞌi-aaꞌi ra, nèti badha aaꞌi-aaꞌi ra."
GEN 8:21,"and the lord savoured the odour of sweetness, and said to him, i shall no more curse the earth for men, for the wit and thought of man's heart be ready, either prone, into evil from young waxing age; therefore i shall no more smite each living soul, as i did;","ropa lamatua sangèd'u nare hèu gèmu korban deo na, d'ara na karej'e. ka na ngee na, nèti deo ne'e ne, ja'a huku heka rai-haha ne, lula bhabhelu-katub'a dhèu. masi ka rèngu dhoka ngee bhabhelu di, ja'a pa'ele iie heka ngaa-ngaa dhu mamuri, sèmi dhu ja'a heka tao kore èèna.","Èle èèna ka, dhèu aaꞌi-aaꞌi ra reꞌa mèu mèu mèu mèu. Hèia na peka dènge ne, aku nèngu na, ""Jaꞌa paꞌele iie le rai-haha ne, lula dhèu aaꞌi-aaꞌi reꞌa mèu-mèu nèti dꞌara ana iiki na. Jaꞌa paꞌele iie boe dhèu aaꞌi-aaꞌi dhu mamuri ètu rai-haha ne, sama sèmi jaꞌa. Te ngaa jaꞌa paꞌele iie boe dhèu aaꞌi-aaꞌi dhu mamuri ètu rai-haha ne, lula dꞌara dhèu aaꞌi-aaꞌi ètu dꞌara dhèu aaꞌi-aaꞌi ra, sèna ka tao jꞌara bhelu-katubꞌa dhu bhelu-katubꞌa-katubꞌa-katubꞌa-katubꞌa-katubꞌa-katubꞌa-katubꞌa-katubꞌa-katubꞌa-katubꞌa-katubꞌa-katubꞌa-katubꞌa-katubꞌa-katubꞌa-katubꞌa-katubꞌa-katubꞌa-katubꞌa-katubꞌa-katubꞌa-katubꞌa-katubꞌa-katubꞌa-katubꞌa-katubꞌa-katubꞌa-katubꞌa-katubꞌa-katubꞌa."
GEN 8:22,"in all the days of the earth, seed and ripe corn, cold and heat, summer and winter, night and day, shall not rest.","lod'o rai-haha ne era, hèru dènge tèu, kako madhutu atora. sèmi: hèru sèla dènge hèru puu-g'ètu, hèru pacuhi dènge hèru sagoro, hèru hadhu dènge hèru èj'i lai, mèu dènge mèda.","Lodꞌo aaꞌi-aaꞌi dhu jaꞌa tao ètu rai-haha ne, jaꞌa pakajꞌèu boe. Jaꞌa pakajꞌèu boe. Jaꞌa pakajꞌèu boe. Jaꞌa pakajꞌèu boe. Jaꞌa pakajꞌèu boe. Jaꞌa pakajꞌèu boe. Jaꞌa pakajꞌèu boe. Jaꞌa pakajꞌèu boe. Jaꞌa pakajꞌèu boe. Jaꞌa pakajꞌèu boe. Jaꞌa pakajꞌèu boe. Jaꞌa pakajꞌèu boe. Jaꞌa pakajꞌèu boe. Jaꞌa pakajꞌèu boe. Jaꞌa pakajꞌèu boe."
GEN 9:1,"and god blessed noah and his sons, and said to them, increase ye, and be ye multiplied, and fill ye the earth;","hèia ama lamatua pala-bagi berkat mi noh dènge ana-ana na, peka na, miu matana pa'ae-ae, sèna ka papènu rai-haha ne.","Èle èèna ka, Ama Lamatua pakabꞌua Noh dènge ana-èpu na, ka Na peka dènge si, aku Nèngu na, ""Miu hudꞌi jꞌajꞌi dhèu ae-ae ètu rai-haha ne."
GEN 9:2,"and your dread and trembling be on all the unreasonable beasts of the earth, and on all the birds of heaven, with all things that be moved in earth; all fishes of the sea be given to your hand.","ladhe èèna na, badha hui, manu-bhui dènge i'a aa'i-aa'i ra madha'u dènge miu. miu ka dhu ator si.","Bèli-camèdꞌa aaꞌi-aaꞌi dhu mamuri ètu dedha-liru, manu-bhui aaꞌi-aaꞌi dhu pakèdꞌi ètu dedha-liru, aa badha aaꞌi-aaꞌi dhu mamuri ètu dedha-liru, aa badha aaꞌi-aaꞌi dhu mamuri ètu dedha-liru, aa badha aaꞌi-aaꞌi dhu mamuri ètu dedha-liru, aa badha aaꞌi-aaꞌi dhu mamuri ètu dedha-liru, aa badha aaꞌi-aaꞌi dhu mamuri ètu dedha-liru, aa badha aaꞌi-aaꞌi dhu mamuri ètu dedha-liru, aa badha aaꞌi-aaꞌi dhu mamuri ètu dꞌara miu."""
GEN 9:3,"and all thing which is moved and liveth shall be to you into meat; i have given to you all things, as i gave the green worts before,","sisi badha aa'i-aa'i, miu bisa mi'a, sèmi dhu mi'a hua-hela, dènge rèu ana aaj'u se. aa'i-aa'i se, ja'a hia miu.","Aa aaꞌi-aaꞌi dhu mamuri aaꞌi-aaꞌi ètu rai-haha ne, bèli-camèdꞌa jꞌajꞌi hia miu. Jaꞌa hia miu aaꞌi-aaꞌi dhu mamuri ètu rai-haha ne, nuka sèmi dhu Jaꞌa hia mi dhèu aaꞌi-aaꞌi dhu mamuri ètu rai-haha ne, sèmi dhu Jaꞌa hia mi dhèu aaꞌi-aaꞌi dhu mamuri ètu rai-haha ne, sèmi dhu Jaꞌa hia mi dhèu aaꞌi-aaꞌi dhu mamuri ètu rai-haha ne."
GEN 9:4,"except that ye shall not eat flesh with the blood,","dhoka sisi dhu dènge raa era, miu madha mèu mi'a, lula samanga badha ètu raa na.",Te ngaa baku raꞌa ngiꞌu dènge raa.
GEN 9:5-6,"for i shall seek the blood of your lives, of the hand of all unreasonable beasts and of the hand of man, of the hand of man and of his brother, i shall seek the life of man. whoever sheddeth out man's blood, his blood shall be shed; for man is made to the image of god.","ja'a paj'aj'i dhèu madhutu raropa ja'a. nèti èèna ka, baku pamadhe dhèu. ladhe abhu dhèu, do badha, dhu pamadhe dhèu, na, pamadhe ne kahèi. ne'e, lii paredha nèti ja'a.","Te bèli-camèdꞌa Ama Lamatua pajꞌajꞌi dhèu rai-haha, nuka sèmi Ama Lamatua pajꞌajꞌi dhèu rai-haha. Ladhe dhèu pajꞌajꞌi dhèu rai-haha, bèli-camèdꞌa Ama Lamatua pajꞌajꞌi dhèu rai-haha. De ladhe dhèu pajꞌajꞌi dhèu rai-haha, bèli-camèdꞌa Ama Lamatua pajꞌajꞌi dhèu rai-haha. De ladhe dhèu pajꞌajꞌi dhèu rai-haha, bèli-camèdꞌa Ama Lamatua pajꞌajꞌi dhèu rai-haha. De ladhe dhèu pajꞌajꞌi dhèu rai-haha, bèli-camèdꞌa Ama Lamatua pajꞌajꞌi dhèu rai-haha, bèli-camèdꞌa Ama Lamatua pajꞌajꞌi dhèu rai-haha. De ladhe dhèu pajꞌajꞌi dhèu rai-haha, bèli-camèdꞌa Ama Lamatua pajꞌajꞌi dhèu rai-haha, bèli-camèdꞌa Ama Lamatua pajꞌajꞌajꞌi dhèu rai-haha."""
GEN 9:7,"forsooth increase ye, and be ye multiplied, and enter ye on the earth, and fill ye it.","miu se hud'i matana pa'ae-ae ku, sèna ka papènu hari rai-haha ne.","Bèli-camèdꞌa miu jꞌajꞌi dhèu ae-ae, aa jꞌajꞌi dhèu ae-ae ètu rai-haha ne."
GEN 9:8,"also the lord said these things to noah, and to his sons with him,","ka ama lamatua tuhu hari lii padhai lii na,","Èle èèna ka, Lamatua peka dènge Noh, dènge ana-èpu na aaꞌi-aaꞌi dènge ne, aku Nèngu na,"
GEN 9:9,"lo! i shall make my covenant with you, and with your seed after you,","de ne'e ne, ja'a pajaji dènge miu, toke d'ai lai ana lai èpu.","Nèti èèna ka, Jaꞌa neo paꞌèki lii pajaji Jaꞌa dènge miu dènge ana-èpu miu aaꞌi-aaꞌi dhu bèli-camèdꞌa jꞌajꞌi dhèu unu Jaꞌa."
GEN 9:10,"and to each living soul which is with you, as well in birds as in work beasts and small beasts of the earth, and to all things that went out of the ship, and to all unreasonable beasts of the earth.","lii pajaji ne, lèke kahèi mi aa'i-aa'i dhu mamuri, sèmi: badha ani, badha hui, dènge manu-bhui. peka ka laa, lèke aa'i-aa'i dhu kalua palere-lere dènge miu nèti dedha kapa.","Jaꞌa hia mamuri aaꞌi-aaꞌi dhu mamuri ètu rai-haha ne. Jaꞌa hia manu-bhui aaꞌi-aaꞌi, badha aaꞌi-aaꞌi, badha aaꞌi-aaꞌi, aa badha aaꞌi-aaꞌi dhu mai nèti dedha kapa ne. Jaꞌa hia mamuri aaꞌi-aaꞌi dhu mamuri ètu rai-haha ne. Jaꞌa hia mamuri aaꞌi-aaꞌi dhu mamuri ètu rai-haha ne. Jaꞌa hia mamuri aaꞌi-aaꞌi dhu mamuri ètu rai-haha ne. Jaꞌa hia mamuri aaꞌi-aaꞌi dhu mamuri ètu rai-haha ne. Jaꞌa hia mamuri aaꞌi-aaꞌi dhu mamuri ètu rai-haha ne."
GEN 9:11,"i shall make my covenant with you, and each flesh shall no more be slain of the waters of the great flood, neither the great flood destroying all the earth shall be any more.","lii pajaji ja'a sèmi ne'e: ja'a hia heka èi aae lala, ho pamadhe aa'i ngaa-ngaa dhu mamuri, aa dènge pa'ele iie rai-haha ne.","Èle èèna ka, Jaꞌa tao paꞌèci dènge miu, peka na, bèli-camèdꞌa bèli-camèdꞌa bèli-camèdꞌa bèli-camèdꞌa bèli-camèdꞌa bèli-camèdꞌa bèli-camèdꞌa bèli-camèdꞌa bèli-camèdꞌa bèli-camèdꞌa bèli-camèdꞌa bèli-camèdꞌa bèli-camèdꞌa bèli-camèdꞌa bèli-camèdꞌa bèli-camèdꞌa ètu rai-haha ne."
GEN 9:12-13,"and god said, this is the sign of bond of peace, which i give between me and you, and to each living soul which is with you, into everlasting generations. i shall set my bow in the clouds, and it shall be a sign of bond of peace between me and the earth;","ja'a pasa saroo ètu dedha-liru, sèna ka j'aj'i tadha pasanèd'e lii pajaji ja'a dhu ma'ète boe dènge miu, dènge aa'i-aa'i dhu mamuri, aa dènge rai-haha ne.","Èle èèna ka, Ama Lamatua peka dènge jiꞌi, aku Nèngu na, ""Nèti èèna ka, Jaꞌa tao paꞌèci dènge miu, dènge dhèu aaꞌi-aaꞌi dhu mamuri ètu rai-haha ne, toke dꞌai mia-mia. Pe Jaꞌa tao ajꞌu Jaꞌa ètu dꞌara raꞌi-liru, sèna ka dhèu aaꞌi-aaꞌi reꞌa, na, Jaꞌa paꞌèci dènge dhèu aaꞌi-aaꞌi ètu rai-haha ne, sèna ka dhèu aaꞌi-aaꞌi reꞌa, na, Jaꞌa paꞌèci dènge dhèu aaꞌi-aaꞌi ètu rai-haha ne."
GEN 9:14-17,"and when i shall cover the heaven with clouds, my bow shall appear in the clouds, and i shall have mind of my bond of peace which i made with you, and with each soul living that nourisheth flesh; and the waters of the great flood shall no more be to do away all flesh. and my bow shall be in the clouds, and i shall see it, and i shall have mind of the everlasting bond of peace, which is made between god and man, and each soul living of all flesh which is on the earth. and god said to noah, this shall be a sign of the bond of peace, which i made between me and each flesh on earth.","ladhe abhu ra'i-liru, ho saroo cèu, èèna na pasanèd'e ja'a nèti lii pajaji èèna. na peka na, èi aae pa'ele iie heka aa'i-aa'i dhu mamuri. dènge j'ara ne'e ne ka, lii pajaji ja'a dhu ma'ète boe, pa'èki tèke le dènge miu, aa dènge aa'i-aa'i dhu mamuri.","Èle èèna ka, Ama Lamatua peka dènge Noh, aku Nèngu na, ""Ladhe Jaꞌa kèpe mèdha-panyau Jaꞌa ètu dedha-liru dènge raꞌi-liru, Jaꞌa kèpe mèdha-panyau Jaꞌa ètu dedha-liru. Jaꞌa kèpe mèdha-panyau Jaꞌa ètu dedha-liru dènge raꞌi-liru. Jaꞌa kèpe mèdha-panyau Jaꞌa ètu dedha-liru. Jaꞌa kèpe mèdha-panyau Jaꞌa ètu dedha-liru. Jaꞌa kèpe mèdha-panyau Jaꞌa ètu dedha-liru. Jaꞌa kèpe mèdha-panyau Jaꞌa ètu dedha-liru. Jaꞌa kèpe mèdha-panyau Jaꞌa ètu madha Ama Lamatua, dènge dhèu rai-haha, dènge aaꞌi-aaꞌi dhu mamuri ètu rai-haha ne."" Hèia Ama Lamatua peka dènge Noh, aku Nèngu na, ""Ladhe sèmi neꞌe, èèna na, Jaꞌa kèpe mèdha-panyau Jaꞌa ètu talora paꞌèra Jaꞌa dènge dhèu aaꞌi-aaꞌi-aaꞌi ètu rai-haha ne."""
GEN 9:18,"therefore they that went out of the ship were noah, shem, ham, and japheth; forsooth ham, that is the father of canaan.","ana-ana noh dhu puru nèti dedha kapa, sem, yafet dènge ham ham èèna, ama kana'an.","Dhèu aaꞌi-aaꞌi dhu mai nèti kapa ne, nuka: Noh, Sem, Ham, dènge Yafet. Hamu ne, ama nèti dhèu aaꞌi-aaꞌi ètu dꞌara dedha-liru, nuka: Noh, Sem, Ham, dènge Yafet. Nèngu ka dhu jꞌajꞌi dhèu aaꞌi-aaꞌi, dhèu aaꞌi-aaꞌi, dhèu aaꞌi-aaꞌi, dhèu aaꞌi-aaꞌi, dhèu aaꞌi-aaꞌi ètu dꞌara dedha-liru, nuka: Noh, Sem, Ham, dènge Yafet. Nèngu ka dhu jꞌajꞌi dhèu aaꞌi-aaꞌi, dhèu aaꞌi-aaꞌi, dhèu aaꞌi-aaꞌi, dhèu aaꞌi-aaꞌi, dhèu aaꞌi-aaꞌi, dhèu aaꞌi-aaꞌi, dhèu aaꞌi-aaꞌi dhèu aaꞌi-aaꞌi."
GEN 9:19,"these three were the sons of noah, and all the kind of men was sown of them on all the earth.","dhèu aa'i-aa'i ra ètu rai-haha ne, j'aj'i nèti ana noh dhèu tèlu sèra.","Ètu rai-haha ne, dhèu aaꞌi-aaꞌi ra jꞌajꞌi dhèu aaꞌi-aaꞌi ètu rai-haha ne. Dhèu aaꞌi-aaꞌi ra jꞌajꞌi ana-èpu nèngu aaꞌi-aaꞌi ètu rai-haha ne. Dhèu aaꞌi-aaꞌi se, nuka ana-èpu nèngu aaꞌi-aaꞌi ètu rai-haha ne. Nèti èèna ka, bèli-camèdꞌa dhèu aaꞌi-aaꞌi ra jꞌajꞌi dhèu aaꞌi-aaꞌi ètu rai-haha ne. Nèti èèna ka, dhèu aaꞌi-aaꞌi ra jꞌajꞌi dhèu aaꞌi-aaꞌi ètu rai-haha ne."
GEN 9:20,"and noah, an earth-tiller, began to till the earth, and he planted a vinery or a vineyard,","noh èèna, dhèu sab'a oka-tedhe. nèngu ka dhu uru j'ara tao oka anggor.",Nèngu jꞌajꞌi dhèu sabꞌa ètu rai-haha ne. Nèngu jꞌajꞌi dhèu sabꞌa ètu rai-haha ne. Nèngu jꞌajꞌi dhèu sabꞌa ètu rai-haha ne. Nèngu jꞌajꞌi dhèu sabꞌa ètu rai-haha ne. Nèngu jꞌajꞌi dhèu sabꞌa ètu rai-haha ne. Nèngu jꞌajꞌi dhèu sabꞌa ètu rai-haha ne. Nèngu jꞌajꞌi dhèu sabꞌa ètu rai-haha ne. Nèngu jꞌajꞌi dhèu sabꞌa ètu rai-haha ne.
GEN 9:21,"and one day he drank wine, and was drunken; and he was naked, and lay in his tabernacle.","ca tèka, na ninu èi anggor, ka na mahu titu kèna. hèia na puru eele mèdha-papake nèti ua na. ka na j'unu lega-loli dènge boe mèdha-papake ètu d'ara paleo na.","Èle èèna ka, nèngu naꞌa-ninu anggor, hèia naꞌa-ninu. Èle èèna ka, Naꞌa-ninu dènge boe mèdha-papake, hèia naꞌa-ninu ètu dꞌara hèbꞌa na."
GEN 9:22,"and when ham, the father of canaan, had seen this thing, that is, that the shameful members of his father were made naked, he told his two brethren withoutforth.","ropa ham ladhe nèdhi era makae ama na, ka rai li'u la'e, lolo dènge a'a na, sem dènge yafet.","Ropa tadèngi lii padhai Ama Lamatua, hèia Ham ladhe nèdhi aaꞌi-aaꞌi na dhu jꞌajꞌi dhèu bhelu-katubꞌa. Hèia na laꞌe peka dènge aꞌari na dua ra ètu liꞌu, aku nèngu na, ""Dhèu bhelu-katubꞌa èèna, heka dhèu bhelu-katubꞌa èèna, dhu jꞌajꞌi dhèu bhelu-katubꞌa dhu jꞌajꞌi dhèu bhelu-katubꞌa dhu jꞌajꞌi dhèu bhelu-katubꞌa dhu jꞌajꞌi dhèu bhelu-katubꞌa dhu jꞌajꞌi dhèu bhelu-katubꞌa dhu jꞌajꞌi dhèu bhelu-katubꞌa dhu jꞌajꞌi dhèu bhelu-katubꞌa."
GEN 9:23,"and shem and japheth putted a mantle on their shoulders, and they went backward, and covered the shameful members of their father, and their faces were turned away, and they saw not the privy members of their father.","hèia dua ra rare sig'i-kalolo ca bèla, ka ra bhoke mema ètu kabela-kao ra. ka dua ra kako kabodho lasi asa d'ara paleo ama ra, sèna ka ra pahutu mi ngi'u na. dènge sèmi èèna, rèdhi boe era makae ama ra. èle èèna ka, ra kalua sa li'u.","Èle èèna ka, Sem dènge Yafet kèpe mèdha-papake èci ètu hèbꞌa ra. Ka dua ra lèpa hari asa dꞌara. Ka dua ra kèpe mèdha-papake ama ra. Ropa rèdhi mèdha-papake ama ra, hèia rèdhi mèdha-papake ama ra."
GEN 9:24,"and noah waked of the wine, and when he had learned what things his lesser, or younger, son had done to him,","ropa noh mase'a, na ne'a tatao nèti ana limuri na, ham.","Èle èèna ka, Nuh kèdꞌi nèti dꞌara ajꞌu anggor na, ka na tadèngi aaꞌi mèu-mèu aaꞌi-aaꞌi dhu ana mone na adꞌu-ue jꞌara-jꞌara mi nèngu, aa na tadèngi aaꞌi mèu-mèu aaꞌi-aaꞌi dhu adꞌu-ue jꞌara-jꞌara dhu adꞌu-ue jꞌara-jꞌara dhu adꞌu-ue jꞌara-jꞌara dhu adꞌu-ue jꞌara-jꞌara dhu adꞌu-ue jꞌara-jꞌara dhu adꞌu-ue jꞌara-jꞌara ne."
GEN 9:25,"he said, cursed be the child canaan, he shall be a servant of servants to his brethren.","ka na peka, aku nèngu na, he! ama kana'an! ja'a dhoo èu! èu ne, èèna na j'aj'i ènu nèti a'a mu si!","Hèia na dhaa, aku nèngu na, ""Bèli-camèdꞌa Ama Lamatua pajꞌujꞌu ana ne. Te nèngu jꞌajꞌi dhèu sabꞌa hia aꞌari na sèra."
GEN 9:26,"and noah said, blessed be the lord god of shem, and canaan be the servant of shem;","koa-kio lamatua, lula sem! te ngaa kana'an j'aj'i ènu sem.","Èle èèna ka, Noh bꞌala, aku nèngu na, ""Sèmi neꞌe: Ama Lamatua ka dhu dedꞌe padedha-dedha, aa Ama Lamatua ka dhu dedꞌe padedha-dedha mi dhèu aaꞌi-aaꞌi ra. Aa Ama Lamatua ka dhu dedꞌe padedha-dedha mi dhèu aaꞌi-aaꞌi ra."
GEN 9:27,"god alarge japheth, and dwell he in the tabernacles of shem, and canaan be the servant of him.","hud'i laa, ama lamatua pataleo rai unu yafet. aa ana-èpu na mamuri mera-milu dènge ana-èpu sem. te ngaa hud'i kana'an j'aj'i ènu yafet.","Ama Lamatua pajꞌujꞌu Jafet, sèna ka na pea ètu dꞌara èmu Sem, aa Kanahan jꞌajꞌi dhèu sabꞌa na."
GEN 9:28,forsooth noah lived after the great flood three hundred and fifty years;,"nèti èle èi aae lala, noh mamuri era d'ai tèlu ngasu lèmi nguru tèu.","Èle èèna ka, nèngu mamuri toke dꞌai tèlu nguru nguru nguru nguru tèu."
GEN 9:29,"and all the days of him were filled nine hundred and fifty years, and he was dead.","umur noh d'ai ceo ngasu lèmi nguru tèu, heka madhe kèna.","Èle èèna ka, Musa mamuri dꞌai nèti nguru nguru nguru nguru nguru dhèu. Hèia na madhe."
GEN 10:1,"these be the generations of the sons of noah; shem, ham, and japheth. and sons were born to them after the great flood.","èle èi aae, ka ana-ana noh abhu ana-èpu. nuka ana-èpu nèti sem, yafet, dènge ham.","Rèngu se, dhèu aaꞌi-aaꞌi nèti ana-èpu Noh, ngara na Sem, Ham, dènge Yafet. Èle èèna ka, dhèu aaꞌi-aaꞌi ra abhu ana-èpu nèti dhèu aaꞌi-aaꞌi sèra."
GEN 10:2-5,"the sons of japheth were gomer, and magog, and madai, and javan, and tubal, and meshech, and tiras. forsooth the sons of gomer were ashkenaz, and riphath, and togarmah. forsooth the sons of javan were elishah, and tarshish, kittim, and dodanim; of these sons the isles of the heathen men were parted in their countries, each by his language, and meines, in his nations.","ana-èpu yafet, nuka: gomer, magog, madai, yawan, tubal, mesek dènge tiras. èci-èci ka dènge lii, suku, aa dènge rai ra. ana-èpu gomer, ka: askenas, rifat dènge togarma. ana-èpu yawan, ka: elisa, tarsis, dhèu kitim, dènge dhèu dodanim dhu pea ètu sebhe dhasi.","ana-èpu Jafet, Gomer, Magog, Madai, Javan, Tubal, Mesek, Tiras."
GEN 10:6,"soothly the sons of ham were cush, and mizraim, and phut, and canaan.","ana-èpu ham, ka: kus, misraim, put, dènge kana'an.","Ana-èpu Ham, Kush, Mizraim, Phut, dènge Kenan, aaꞌi-aaꞌi ra jꞌajꞌi ana-èpu Sooth, aaꞌi-aaꞌi ra jꞌajꞌi ana-èpu Ham, aaꞌi-aaꞌi ra jꞌajꞌi ana-èpu Misraim, aaꞌi-aaꞌi ra jꞌajꞌi ana-èpu Ham, aaꞌi-aaꞌi ra jꞌajꞌi ana-èpu Sooth, aaꞌi-aaꞌi ra jꞌajꞌi ana-èpu Ham, aaꞌi-aaꞌi ra jꞌajꞌi ana-èpu Cush, aaꞌi-aaꞌi ra jꞌajꞌi ana-èpu Mizraim, aaꞌi-aaꞌi ra jꞌajꞌi ana-èpu Puth, aaꞌi-aaꞌi ra jꞌajꞌi ana-èpu Canaan."
GEN 10:7,"forsooth the sons of cush were seba, and havilah, and sabtah, and raamah, and sabtechah. the sons of raamah were sheba, and dedan.","ana-èpu kus, ka: seba, hawila, sabta, raema dènge sabteka. ana-èpu raema, ka: syeba dènge dedan.","Cush, ana-èpu na, Seba, Hahi, Sabhat, Raham, Sabtecha. Raham, ana-èpu na, Sheba, Heran."
GEN 10:8,"forsooth cush begat nimrod; he began to be mighty in the earth,","ana mone kus, ka, nimrod. nèngu ne, kapala musu dhu uru tèka, aa èra.",Nèngu ka dhu jꞌajꞌi dhèu aae kapai ètu rai-haha ne. Nèngu ka dhu jꞌajꞌi dhèu aae kapai ètu rai-haha ne.
GEN 10:9,"and he was a strong hunter, or oppressor, of men before the lord; of him a proverb went out, as nimrod, a strong hunter before the lord.","a'èra na mai nèti lamatua, aa nèngu kahèi j'aj'i dhèu dhu èra bia magèla badha. nèti èèna ka, dhèu biasa peka na, sèna ka èu more dhèu dhu èra bia magèla badha, sèmi nimrod, dhu abhu a'èra nèti lamatua.","Èle èèna ka, Ama Lamatua padhai lii lii, peka na, nèngu ne, ca dhèu kapai, nuka Nimrod. Nèngu ne, ca dhèu kapai dhu kapai risi ètu madha Ama Lamatua. Nèngu ne, ca dhèu kapai dhu kapai risi ètu madha Ama Lamatua. Nèngu ne, ca dhèu kapai dhu kapai risi ètu madha Ama Lamatua. Nèngu ne, ca dhèu kapai dhu kapai risi ètu madha Ama Lamatua. Nèngu ne, ca dhèu kapai dhu kapai risi ètu madha Ama Lamatua. Nèngu ne, ca dhèu kapai dhu kapai risi ètu madha Ama Lamatua."
GEN 10:10,"soothly the beginning of his realm was babylon, and erech, and accad, and calneh, in the land of shinar.","era na, mulai uru nèti rae babel, erek akad, toke kalne. rae se aa'i-aa'i ra, ètu rai sinear.",Neꞌe ne jꞌajꞌi dhèu aaꞌi-aaꞌi ra. Dhèu aaꞌi-aaꞌi ra jꞌajꞌi dhèu aaꞌi-aaꞌi ra. Rèngu aaꞌi-aaꞌi ra jꞌajꞌi dhèu aaꞌi-aaꞌi ra. Rèngu aaꞌi-aaꞌi ra jꞌajꞌi dhèu aaꞌi-aaꞌi ra. Rèngu aaꞌi-aaꞌi ra jꞌajꞌi dhèu aaꞌi-aaꞌi ra. Rèngu aaꞌi-aaꞌi ra jꞌajꞌi dhèu aaꞌi-aaꞌi ra. Rèngu aaꞌi-aaꞌi ra jꞌajꞌi dhèu aaꞌi-aaꞌi ra. Rèngu aaꞌi-aaꞌi ra jꞌajꞌi dhèu aaꞌi-aaꞌi ra.
GEN 10:11,"asshur went out of that land, and builded nineveh, and the streets of the city, and calah,","nèti era sèra, na nare hari asyur. ka na patitu kota niniwe, rehobot-ir, kala,","Èle èèna ka, dhèu Asur kalua nèti dꞌara rai ne, laꞌe patitu kètu kota Nineve, dènge jꞌara-jꞌara ètu dꞌara kota ne, dènge jꞌara-jꞌara ètu dꞌara kota ne."
GEN 10:12,and resen betwixt nineveh and calah; this is a great city.,"dènge resen, ètu talora aae niniwe dènge kala. aa'i-aa'i sèra, kota-kota kapai hua.","dènge kota èci, ngara na Resen, èci èèna ka dènge kota nèti kota Lamatua, nèti kota Lamatua dènge kota Lamatua, nèti kota Lamatua, nèti kota Lamatua, nèti kota Lamatua, nèti kota Lamatua, nèti kota Lamatua, nèti kota Lamatua, nèti kota Lamatua, nèti kota Lamatua, nèti kota Lamatua, nèti kota Lamatua, nèti kota Lamatua, nèti kota Lamatua, nèti kota Lamatua, nèti kota Lamatua, nèti kota Lamatua, nèti kota Lamatua, nèti kota Lamatua, nèti kota Lamatua."
GEN 10:13,"and soothly mizraim begat ludim, and anamim, and lehabim, and naphtuhim,","ana-èpu misraim, ka: dhèu ludim, dhèu ananim, dhèu lehabim, dhèu naftuhim,","hadhu Mizraim, hadhu Ludim, hadhu Anamim, hadhu Lehabim, hadhu Naftuim,"
GEN 10:14,"and pathrusim, and casluhim; of which the philistines and caphtorim came forth.","dhèu patrusim, dhèu kasluhim, dènge dhèu kaftorim. dhèu kasluhim nuka bèi-baki nèti dhèu pilistin.","Pathrusim, Kasluhim. Dhèu Parisi, dènge Kaptorim, mai nèti raꞌa-rinu sèra, èci èèna ka nèti raꞌa-rinu sèra, ka nèti raꞌa-rinu sèra, mai nèti raꞌa-rinu sèra, ka nèti raꞌa-rinu sèra, mai nèti raꞌa-rinu sèra, ka nèti raꞌa-rinu sèra, mai nèti raꞌa-rinu sèra, ka nèti raꞌa-rinu sèra, mai nèti raꞌa-rinu sèra."
GEN 10:15,"forsooth canaan engendered sidon, his first engendered son, heth,","ana uuru kana'an, nuka, sidon. kana'an j'aj'i bèi-baki nèti dhèu het,","forsooth kanal engendered sidon, his first-engendered son, heth, aꞌari nèngu kapai risi nèti dhèu aaꞌi-aaꞌi dhu uru èèna jꞌajꞌi dhèu aaꞌi-aaꞌi ètu dꞌara oka-tedhe ètu dꞌara dhèu aaꞌi-aaꞌi dhu jꞌajꞌi dhèu aaꞌi-aaꞌi ètu dꞌara oka-tedhe dhèu aaꞌi-aaꞌi dhu jꞌajꞌi dhèu aaꞌi-aaꞌi dhu jꞌajꞌi dhèu aaꞌi-aaꞌi mi dhèu aaꞌi-aaꞌi dhu jꞌajꞌi dhèu aaꞌi-aaꞌi dhu jꞌajꞌi dhèu aaꞌi-aaꞌi-aaꞌi mi dhèu aaꞌi-aaꞌi-aaꞌi dhu jꞌajꞌi dhèu aaꞌi-aaꞌi-aaꞌi mi dhèu aaꞌi-aaꞌi-aaꞌi mi dhèu aaꞌi-aaꞌi-aaꞌi dhu jꞌajꞌi dhèu aaꞌi-aaꞌi-aaꞌi-aaꞌi-aaꞌi."
GEN 10:16,"and jebusites, and amorites, girgashites,","dhèu yebusi, dhèu amori, dhèu girgasi,","suku Yebus, suku Amori, suku Girgash,"
GEN 10:17,"hivites, and arkites, sinites,","dhèu hiwi, dhèu arki, dhèu sini,","Hivites, and arkites, sinites, kahibꞌi-kalèbho, kahibꞌi-kalèbho, kahibꞌi-kalèbho, kahibꞌi-kalèbho, kahibꞌi-kalèbho, kahibꞌi-kalèbho, kahibꞌi-kalèbho, kahibꞌi-kalèbho, kahibꞌi-kalèbho, kahibꞌi-kalèbho, kahibꞌi-kalèbho, kahibꞌi-kalèbho, kahibꞌi-kalèbho, kahibꞌi-kalèbho, kahibꞌi-kalèbho, kahibꞌi-kalèbho, kahibꞌi-kalèbho, kahibꞌi-kalèbho, kahibꞌi-kalèbho, kahibꞌi-kalèbho, kahibꞌi-kalèbho, kahibꞌi-kalèbho, kahibꞌi-kalèbho,"
GEN 10:18,"and arvadites, zemarites, and hamathites; and the peoples of canaanites were sown abroad by these men.","dhèu arwadi, dhèu semari, dènge dhèu hamati. ana-èpu kana'an se, pea palème d'ai era dhu kaj'èu,","dhèu Zadat, Zemar, Hamat, dènge dhèu-dhèu nèti rai Kanaꞌan. Rèngu aaꞌi-aaꞌi ra tèke rai-haha ètu rai-haha ne, sèna ka jꞌajꞌi dhèu aaꞌi-aaꞌi ètu rai-haha ne, sèna ka jꞌajꞌi dhèu aaꞌi-aaꞌi ètu rai-haha ne, sèna ka jꞌajꞌi dhèu aaꞌi-aaꞌi ètu rai-haha ne, sèna ka jꞌajꞌi dhèu aaꞌi-aaꞌi ètu rai-haha ne, sèna ka jꞌajꞌi dhèu aaꞌi-aaꞌi ètu rai-haha ne, sèna ka jꞌajꞌi dhèu aaꞌi-aaꞌi ètu rai-haha ne."
GEN 10:19,"and the terms of canaan were made to men coming from sidon to gerar, till to gaza, till thou enter into sodom, and gomorrah, and admah, and zeboiim, till to lasha.","toke too rai rèngu mulai nèti sidon taruu asa gerar, d'ai gasa. nèti èèna, la'e d'ai sodom, gomora, adma dènge seboim, d'ai kota lasa.","dhèu-dhèu nèti propensi Sidon dènge propensi Gasa, nèti propensi Sodom dènge propensi Gomora, nèti propensi Adma, nèti propensi Zeboim, nèti propensi Lamatua, rèngu aaꞌi-aaꞌi ra nèti propensi Sidon dènge propensi Gasa. Rèngu aaꞌi-aaꞌi ra nèti propensi Sodom dènge propensi Gomora, nèti propensi Zeboim, nèti propensi Lamatua dènge propensi Lamatua. Rèngu aaꞌi-aaꞌi ra nèti propensi Sidon dènge propensi Gasa. Rèngu aaꞌi-aaꞌi ra nèti propensi Sodom, nèti propensi Gomora, nèti propensi Zeboim, nèti propensi Lamatua, nèti propensi Lamatua. Rèngu aaꞌi-aaꞌi ra nèti propensi Sodom, nèti propensi Gomora, nèti propensi Lamatua."
GEN 10:20,"these were the sons of ham, in their kindreds, and languages, and generations, and lands, and folks.","rèngu aa'i-aa'i sèra, ana-èpu ham. èci-èci dènge lii, suku, aa dènge rai ra.","Rèngu se, ana-èpu Ham. Rèngu mai nèti suku aaꞌi-aaꞌi ra, nèti suku aaꞌi-aaꞌi ra, nèti suku aaꞌi-aaꞌi ra, nèti lii aaꞌi-aaꞌi ra, nèti rai aaꞌi-aaꞌi ra."
GEN 10:21,"also of shem were born the fathers of all the sons of eber, and japheth was the more, or elder, brother of shemor shem was the more or elder brother of japheth.","sem, a'a yafet, nèngu ka j'aj'i bèi-baki dhèu eber.","Sem, ana-èpu Eber, aaꞌi-aaꞌi ra. Yafet, aꞌari Sem, aꞌari Yafet."
GEN 10:22,"the sons of shem were elam, and asshur, and arphaxad, and lud, and aram.","ana-èpu sem, ka: elam, asyur, arpaksad, lud dènge aram.","Ana-èpu Sem: Elam, Asur, Arpaksad, Lod, dènge Aram."
GEN 10:23,"the sons of aram were uz, and hul, and gether, and mash.","ana-èpu aram ka: dhèu us, dhèu hul, dhèu geter, dènge dhèu mas.","Ana-èpu Aram: Uz, Hul, Geter, dènge Mash."
GEN 10:24,"and soothly arphaxad begat salah, of whom eber was born.","ana arpaksad ka, sela. ana sela ka, eber.","And soothly arphaxad begat, dhu jꞌajꞌi le, nèngu ka dhu jꞌajꞌi le, nèngu ka dhu jꞌajꞌi le, nèngu ka dhu jꞌajꞌi le, nèngu ka dhu jꞌajꞌi le, nèngu ka dhu jꞌajꞌi le, nèngu ka dhu jꞌajꞌi le, nèngu ka dhu jꞌajꞌi le, nèngu ka dhu jꞌajꞌi le, nèngu ka dhu jꞌajꞌi le, nèngu ka dhu jꞌajꞌi le, nèngu ka dhu jꞌajꞌi le, nèngu ka dhu jꞌajꞌi le, nèngu ka dhu jꞌajꞌi le."
GEN 10:25,"and two sons were born to eber, the name to the one son was peleg, for the land was parted in his days; and the name of his brother was joktan.","ana eber, mone dhèu dua. ana uuru, ngara na pelek dhu sasoa na ‘palème era', lula taa èèna dhèu pea palème ètu rai-haha ne. ngara ari na, yoktan.","Eber abhu ana mone dhèu dua. Ngara ana mone èci, Pelek, lula ètu dꞌara lodꞌo na, dhèu aaꞌi-aaꞌi jꞌajꞌi dhèu dua ètu rai-haha ne. Aa aꞌari na, Joktan. Nèti èèna ka, dhèu aaꞌi-aaꞌi jꞌajꞌi dhèu aaꞌi-aaꞌi ètu rai-haha ne, jꞌajꞌi dhèu aaꞌi-aaꞌi dhu jꞌajꞌi dhèu aaꞌi-aaꞌi dhu jꞌajꞌi dhèu aaꞌi-aaꞌi ètu rai-haha ne. Nèti èèna ka, dhèu aaꞌi-aaꞌi jꞌajꞌi dhèu aaꞌi-aaꞌi dhu jꞌajꞌi dhèu aaꞌi-aaꞌi dhèu aaꞌi-aaꞌi dhu jꞌajꞌi dhèu aaꞌi-aaꞌi dhèu aaꞌi-aaꞌi dhu jꞌajꞌi dhèu aaꞌi-aaꞌi dhèu aaꞌi-aaꞌi-aaꞌi."
GEN 10:26,"and that joktan begat almodad, and sheleph, and hazarmaveth, jerah,","ana-èpu yoktan, ka: almodad, selef, hasar-mawet, yera,",ajꞌu ajꞌu ajꞌu ajꞌu ajꞌu ajꞌu ajꞌu ajꞌu ajꞌu ajꞌu ajꞌu ajꞌu ajꞌu ajꞌu ajꞌu ajꞌu ajꞌu ajꞌu ajꞌu ajꞌu ajꞌu ajꞌu ajꞌu ajꞌu ajꞌu ajꞌu ajꞌu ajꞌu ajꞌu ajꞌu ajꞌu ajꞌu ajꞌu ajꞌu ajꞌu ajꞌu ajꞌu ajꞌu ajꞌu ajꞌu ajꞌu ajꞌu ajꞌu ajꞌu ajꞌu ajꞌu ajꞌu ajꞌu ajꞌu ajꞌu ajꞌu ajꞌu ajꞌu ajꞌu ajꞌu ajꞌu ajꞌu ajꞌu ajꞌu ajꞌu ajꞌu ajꞌu ajꞌu ajꞌu ajꞌu ajꞌu ajꞌu ajꞌu ajꞌu ajꞌu ajꞌu ajꞌu ajꞌu ajꞌu ajꞌu ajꞌu ajꞌu ajꞌu ajꞌu ajꞌu ajꞌu ajꞌu ajꞌu ajꞌu ajꞌu ajꞌu ajꞌu ajꞌu ajꞌu ajꞌu ajꞌu ajꞌu ajꞌu ajꞌu ajꞌu ajꞌu ajꞌu ajꞌu ajꞌu ajꞌu.
GEN 10:27,"and hadoram, and uzal, and diklah,","hadoram, usal, dikla,","hadoram, uzal, diklah, kahibꞌi-kalèbho, kahibꞌi-kalèbho, kahibꞌi-kalèbho, kahibꞌi-kalèbho, kahibꞌi-kalèbho, kahibꞌi-kalèbho, kahibꞌi-kalèbho, kahibꞌi-kalèbho, kahibꞌi-kalèbho, kahibꞌi-kalèbho, kahibꞌi-kalèbho, kahibꞌi-kalèbho, kahibꞌi-kalèbho, kahibꞌi-kalèbho, kahibꞌi-kalèbho, kahibꞌi-kalèbho, kahibꞌi-kalèbho, kahibꞌi-kalèbho, kahibꞌi-kalèbho, kahibꞌi-kalèbho, kahibꞌi-kalèbho, kahibꞌi-kalèbho, kahibꞌi-kalèbho,"
GEN 10:28,"and obal, and abimael, sheba,","obal, abimael, syeba,","Obal, Abimael, Seba,"
GEN 10:29,"and ophir, and havilah, and jobab; all these were the sons of joktan.","ofir, hawila, dènge yobab. rèngu aa'i-aa'i se, ana-èpu yoktan.","Ofir, Havila, dènge Yobab. Ana-èpu Joktan se, nuka sèmi rèngu aaꞌi-aaꞌi dhu Ama Lamatua hagꞌe nare ètu dꞌara jꞌara-jꞌara aae nèti koasa aae nèti koasa aae nèti koasa aae nèti koasa aae nèti koasa aae nèti koasa aae nèti koasa aae nèti koasa aae nèti koasa aae nèti koasa aae nèti koasa aae nèti koasa aae nèti koasa aae nèti koasa aae nèti koasa aae nèti koasa aae nèti koasa aae nèti koasa aae nèti koasa aae nèti koasa aae nèti koasa aae nèti koasa aae nèti koasa."
GEN 10:30,"and the habitation of them was made from mesha, as men goeth till to sephar, an hill of the east.","era pea rèngu, mulai nèti mesa, taruu d'ai sefar, nuka era dhu kabhuku re sebhe dhimu.","Lodꞌo-lodꞌo rèngu èèna, nèti Mesa, toke Sefar, ètu ledhe èci, ètu cabèka dhimu."
GEN 10:31,"these be the sons of shem, by kindreds, and languages, and countries, in their folks.","rèngu aa'i-aa'i se, ana-èpu sem. èci-èci ka dènge lii, suku, aa dènge rai ra.","Rèngu aaꞌi-aaꞌi se, ana-èpu Sem, nèti suku aaꞌi-aaꞌi ra, nèti suku aaꞌi-aaꞌi ra, nèti suku aaꞌi-aaꞌi ra, nèti suku aaꞌi-aaꞌi ra."
GEN 10:32,"these be the meines of noah, by their peoples, and nations; the folks or gentiles in the earth were parted of these after the great flood.","aa'i-aa'i se, ana-èpu noh, èci-èci ka dènge suku ra. ropa èi aae lala èle, rèngu se'e ka pea papènu lème rai-haha ne.","Dhèu aaꞌi-aaꞌi se, nuka sèmi dhèu aaꞌi-aaꞌi nèti suku aaꞌi-aaꞌi dhu mamuri ètu rai-haha ne. Rèngu aaꞌi-aaꞌi se, nuka sèmi dhèu aaꞌi-aaꞌi nèti suku aaꞌi-aaꞌi dhu mamuri ètu rai-haha ne. Rèngu aaꞌi-aaꞌi se, nuka sèmi dhèu aaꞌi-aaꞌi nèti suku aaꞌi-aaꞌi dhu mamuri ètu rai-haha ne."
GEN 11:1,"forsooth the land was of one language, and of the same speech or the same words.","uru-uru tèka na, dhèu ètu rai-haha ne, dhoka lii èci di.","lodꞌo dhèu aaꞌi-aaꞌi ètu rai-haha ne, ra padhai lii aaꞌi-aaꞌi, aa ra padhai lii aaꞌi-aaꞌi kahèi."
GEN 11:2,"and when they went forth from the east, they found a field in the land of shinar, and they dwelled therein.","lod'o rèngu cahag'e lasi asa ca bèka dhimu, ra d'ai era mera ètu sinear, ka ra pea ètu èèna.","Èle èèna ka, rèngu kalua nèti cabèka dhimu. Ka ra paraga dènge rai èci, ètu rai Shinar. Ka ra pea ètu neꞌe."
GEN 11:3-4,"and one said to his neighbour, come ye, and make we tilestones, and bake we those or them with fire; and they had tile for stones, and pitch, either strong glue, for mortar; and they said, come ye, and make we to us a city and a tower, whose highness stretch till to heaven; and make we solemn our name, before that we be parted into all lands.","rèngu aa'i-aa'i rare lii èci, aku rèngu na, a'ari, ee! mai ta patitu kota kapai aae cue. ti tao hadhu bata; ti tunu pa'adhu. èèna na, èdhi pudhi sa dedha, ho ti tape dènge èi dama. ho èèna na, ti patitu manara dedha aae èci, dhu kolo nèngu na d'ai dedha-liru, sèna ka èdhi abhu kolongara kapai. ho sèna ka èdhi j'aj'i ca kabarai aae, dhu pahag'a ia ka.","Hèia dhèu èci peka dènge dhèu èci, aku rèngu na, 'Mai ka! Jiꞌi tao kota èci hia jiꞌi. Jiꞌi tao hadhu èci hia jiꞌi, toke dꞌai dedha-liru. Jiꞌi tao pahaha iisi jiꞌi, sèna ka dhèu aaꞌi-aaꞌi reꞌa, na, jiꞌi tao iisi jiꞌi ètu dꞌara ai.' Te ngaa dhèu aaꞌi-aaꞌi reꞌa, na, jiꞌi tao pahaha iisi jiꞌi, sèna ka dhèu aaꞌi-aaꞌi reꞌa, na, jiꞌi tao iisi jiꞌi jꞌajꞌi dhèu aaꞌi-aaꞌi, toke dꞌai dedha-liru. Aa jiꞌi tao iisi jiꞌi jꞌajꞌi dhèu aaꞌi-aaꞌi, sèna ka jꞌajꞌi dhèu aaꞌi-aaꞌi, sèna ka dhèu aaꞌi-aaꞌi jꞌajꞌi dhèu aaꞌi-aaꞌi-aaꞌi, sèna ka jꞌajꞌi dhèu aaꞌi-aaꞌi dhèu aaꞌi-aaꞌi-aaꞌi."""
GEN 11:5,"forsooth the lord came down to see the city, and the tower, which the sons of adam builded.",hèia lamatua puru mai laladhe kota dènge manara dhu ra patitu èèna.,"Èle èèna ka, Lamatua puru nèti dedha-liru, ho ladhe nèdhi kota dènge hadhu dhu ana-èpu Adam tao."
GEN 11:6,"and he said, lo! the people is one, and one language is to all, and they have begun to make this; neither they shall cease of their thoughts, till they ful fill those or them in work;","ka na peka na, dhèu rai-haha se, aa'i-aa'i ra ca kabarai, dènge lii èci di. ngaa dhu rèngu tao ne, heka mulai kèna. bèli-camèd'a ladhe rèngu aa'i-aa'i ra j'aj'i mi èci sèmi ne'e, èèna na, ngaa dhu rèngu neo tao, j'aj'i aa'i mèu-mèu.","Èle èèna ka, na peka, aku nèngu na, ""Miu aaꞌi-aaꞌi mi! Miu aaꞌi-aaꞌi mi jꞌajꞌi dhèu aaꞌi-aaꞌi. Miu aaꞌi-aaꞌi mi jꞌajꞌi dhèu aaꞌi-aaꞌi. Miu aaꞌi-aaꞌi mi jꞌajꞌi dhèu aaꞌi-aaꞌi. Miu aaꞌi-aaꞌi mi jꞌajꞌi dhèu aaꞌi-aaꞌi mi jꞌajꞌi dhèu aaꞌi-aaꞌi sèra. Miu aaꞌi-aaꞌi mi jꞌajꞌi dhèu aaꞌi-aaꞌi mi jꞌajꞌi dhèu aaꞌi-aaꞌi."
GEN 11:7,"therefore come ye, go we down, and shame or confound we there the tongue of them, that each man hear not the voice of his neighbour.","de be'a risi, èdhi puru lati ho tao lii si baka-leo, ho sèna ka èci ne'a boe lii èci.","De jiꞌi lèpa hari asa era èèna, sèna ka jiꞌi pakajꞌalu lii rèngu. Te rèngu aaꞌi-aaꞌi ra tadèngi boe lii dhèu èci sa."""
GEN 11:8,and so the lord separated them from that place into all lands; and they ceased to build the city.,"hèia lamatua puru, ka kakeho lii ra. dènge j'ara sèmi èèna, na pacèri si palème rai-haha ne. ka ra pakèd'i taruu heka kota deo na.","Èle èèna ka, Lamatua pahie eele dhèu seꞌe nèti era neꞌe asa rai-haha ne. Hèia dhèu aaꞌi-aaꞌi roꞌo boe patitu kota ne."
GEN 11:9,"and therefore the name thereof was called babel, for the language of all the earth was confounded there; and from thence the lord scattered them on the face of all countries.","nèti èèna ka, ra pangare kota na, babel dhu sasoa na ‘pab'ingu', lula lamatua kakeho lii ra, aa pacèri eele si palème rai-haha ne.","Nèti èèna ka, dhèu aaꞌi-aaꞌi ra paroa kota ne, 'Babel'. Nèti èèna ka, dhèu aaꞌi-aaꞌi ètu rai-haha ne reꞌa boe lii dhèu aaꞌi-aaꞌi ètu rai-haha ne. Nèti èèna ka, Lamatua paꞌele iie dhèu aaꞌi-aaꞌi ètu rai-haha ne."
GEN 11:10,"these be the generations of shem. shem was an hundred years when he begat arphaxad, two years after the great flood.","se'e se, ana-èpu sem. ropa èle èi aae lala dua tèu sa, sem mamuri cangasu tèu kèna, ka na abhu ana mone ca dhèu, ngara na arpaksad.","Rèngu aaꞌi-aaꞌi se, nuka sèmi uru èèna, lodꞌo Lamatua dedꞌe aaꞌi-aaꞌi ètu rai-haha ne. Lodꞌo Lamatua dedꞌe aaꞌi-aaꞌi ètu rai-haha ne, sèmi èèna kahèi. Lodꞌo Lamatua dedꞌe aaꞌi-aaꞌi ètu rai-haha ne, Lodꞌo Lamatua dedꞌe aaꞌi-aaꞌi ètu rai-haha ne. Lodꞌo Lamatua dedꞌe aaꞌi-aaꞌi ètu rai-haha ne, Lodꞌo Lamatua jꞌajꞌi dhèu aaꞌi-aaꞌi. Lodꞌo Lamatua jꞌajꞌi dhèu aaꞌi-aaꞌi. Lodꞌo Lamatua jꞌajꞌi dhèu aaꞌi-aaꞌi dhèu aaꞌi-aaꞌi dhèu aaꞌi-aaꞌi dhèu aaꞌi-aaꞌi dhèu aaꞌi-aaꞌi dhèu aaꞌi-aaꞌi."
GEN 11:11,"and shem lived after that he begat arphaxad five hundred years, and begat sons and daughters.","ka sem mamuri hari d'ai lèmi ngasu tèu, na abhu hari ana mone dènge ana bhèni.","Èle èèna ka, Sem mamuri toke dꞌai lèmi nguru tèu. Èle èèna ka, Sem abhu ana mone dènge ana bhèni."
GEN 11:12,"forsooth arphaxad lived five and thirty years, and begat salah;","lod'o umur arpaksad d'ai tèlu nguru lèmi tèu, na abhu ana mone ca dhèu, ngara na sela.","Èle èèna ka, Arpasad mamuri toke dꞌai tèlu nguru tèu."
GEN 11:13,"and arphaxad lived after that he begat salah three hundred and three years, and begat sons and daughters.","ka arpaksad mamuri hari d'ai èpa ngasu tèlu tèu, na abhu hari ana mone dènge ana bhèni.","Èle èèna ka, Arpasad mamuri toke tèlu nguru tèlu tèu. Èle èèna ka, Arpasad jꞌajꞌi dhèu mone dènge ana bhèni."
GEN 11:14,"and salah lived thirty years, and begat eber;","lod'o umur sela d'ai tèlu nguru tèu, na abhu ana mone ca dhèu, ngara na eber.","Èle èèna ka, nèngu mamuri toke dꞌai tèlu nguru tèu, hèia na bhèlu eele nèti dꞌara bèdho na ètu dꞌara èmu bèdho, hèia na bhèlu eele nèti dꞌara bèdho na ètu dꞌara Èmu Kapua Manèngi-Mangajꞌi ètu dꞌara Èmu Kapua Manèngi-Mangajꞌi ètu dꞌara Èmu Kapua Manèngi-Mangajꞌi ètu dꞌara Èmu Kapua Manèngi-Mangajꞌi ètu dꞌara Èmu Kapua Manèngi-Mangajꞌi ètu dꞌara Èmu Kapua Manèngi-Mangajꞌi ètu dꞌara Èmu Kapua Manèngi-Mangajꞌi ètu dꞌara Èmu Kapua Manèngi-Mangajꞌi ètu dꞌara Èmu Kapua Manèngi-Mangajꞌi."
GEN 11:15,"and salah lived after that he begat eber four hundred and three years, and begat sons and daughters.","ka sela mamuri hari d'ai èpa ngasu tèlu tèu, na abhu hari ana mone dènge ana bhèni.","Èle èèna ka, Abraham mamuri èpa nguru tèlu tèu. Èle èèna ka, Abraham nara iisi ana mone dènge ana bhèni."
GEN 11:16,"soothly eber lived four and thirty years, and begat peleg;","lod'o umur eber d'ai tèlu nguru èpa tèu, na abhu ana mone ca dhèu, ngara na pelek.","Èber mamuri dènge beꞌa toke dꞌai tèlu nguru tèu, hèia na bhèlu."
GEN 11:17,"and eber lived after that he begat peleg four hundred and thirty years, and begat sons and daughters.","ka eber mamuri era d'ai èpa ngasu tèlu nguru tèu, na abhu hari ana mone dènge ana bhèni.","Lodꞌo èèna, Eber mamuri toke èpa nguru tèlu tèu. Èle èèna ka, na abhu ana mone dènge ana bhèni."
GEN 11:18,"also peleg lived thirty years, and begat reu;","lod'o umur pelek d'ai tèlu nguru tèu, na matana ana mone ca dhèu, ngara na rehu.","Hèia Peleg mamuri toke dꞌai 30 tèu, hèia na bèdhu-bèdhu dènge bèdhu-bèdhu ètu dꞌara bèdhu-bèdhu nèti dꞌara bèdhu-bèdhu, hèia na abhu bèdhu-bèdhu ètu dꞌara bèdhu-bèdhu ètu dꞌara bèdhu-bèdhu-bèdhu nèti dꞌara bèdhu-bèdhu-bèdhu nèti dꞌara bèdhu-bèdhu-bèdhu-bèdhu-bèdhu-bèdhu-bèdhu-bèdhu-bèdhu-bèdhu-bèdhu-bèdhu-bèdhu-bèdhu-bèdhu-bèdhu-bèdhu-bèdhu-bèdhu-bèdhu-bèdhu-bèdhu-bèdhu-bèdhu-bèdhu-bèdhu-bèdhu-bèdhu-bèdhu-bèdhu-bèdhu-bèdhu-bèdhu-bèdhu-bèdhu-bèdhu-bèdhu."
GEN 11:19,"and peleg lived after that he begat reu two hundred and nine years, and begat sons and daughters.","ka pelek mamuri era d'ai dua ngasu ceo tèu, na abhu hari ana mone dènge ana bhèni.","Èle èèna ka, Peleg mamuri toke dꞌai dua nguru nguru tèu. Èle èèna ka, na abhu ana-èpu dènge ana-èpu nèti dhèu aaꞌi-aaꞌi ètu dꞌara èmu rèngu, ka ra jꞌajꞌi dhèu aaꞌi-aaꞌi dhèu aaꞌi-aaꞌi ètu dꞌara èmu rèngu ètu dꞌara Èmu Kapua Manèngi-Mangajꞌi ètu dꞌara Èmu Kapua Manèngi-Mangajꞌi ètu dꞌara Èmu Kapua Manèngi-Mangajꞌi ètu dꞌara Èmu Kapua Manèngi-Mangajꞌi ètu dꞌara Èmu Kapua Manèngi-Mangajꞌi ètu dꞌara Èmu Kapua Manèngi-Mangajꞌi ètu dꞌara Èmu Kapua Manèngi-Mangajꞌi ètu dꞌara Èmu Kapua Manèngi-Mangajꞌi ètu dꞌara Èmu Kapua Manèngi-Mangajꞌi-Mangajꞌi."
GEN 11:20,"and reu lived two and thirty years, and begat serug;","lod'o umur rehu d'ai tèlu nguru dua tèu, na abhu ana mone èci, ngara na seruk.","Èle èèna ka, Rèhu mamuri toke dꞌai 30 tèu. Èle èèna ka, na maso boe."
GEN 11:21,"and reu lived after that he begat serug two hundred and seven years, and begat sons and daughters.","ka rehu mamuri era d'ai dua ngasu pidhu tèu, na abhu hari ana mone dènge ana bhèni.","Rèhu mamuri toke dꞌai dua nguru pidhu tèu. Èle èèna ka, na abhu ana mone dènge ana bhèni."
GEN 11:22,"soothly serug lived thirty years, and begat nahor;","lod'o umur seruk d'ai tèlu nguru tèu, na matana ana mone ca dhèu, ngara na nahor.","Èle èèna ka, Nahor madhe. Na mamuri dènge beꞌa toke dꞌai 30 tèu."
GEN 11:23,"and serug lived after that he begat nahor two hundred years, and begat sons and daughters.","ka seruk mamuri era d'ai dua ngasu tèu, ka na abhu hari ana mone dènge ana bhèni.","Èle èèna ka, Serug mamuri toke dꞌai dua nguru tèu. Èle èèna ka, na nara iisi Nahor, dènge ana-èpu nèti dhèu aaꞌi-aaꞌi ètu dꞌara Èmu Kapua Manèngi-Mangajꞌi ètu dꞌara Èmu Kapua Manèngi-Mangajꞌi ètu dꞌara Èmu Kapua Manèngi-Mangajꞌi ètu dꞌara Èmu Kapua Manèngi-Mangajꞌi ètu dꞌara Èmu Kapua Manèngi-Mangajꞌi ètu dꞌara Èmu Kapua Manèngi-Mangajꞌi ètu dꞌara Èmu Kapua Manèngi-Mangajꞌi ètu dꞌara Èmu Kapua Manèngi-Mangajꞌi."
GEN 11:24,"forsooth nahor lived nine and twenty years, and begat terah;","lod'o umur nahor d'ai dua nguru ceo tèu, na abhu ana mone èci, ngara na tera.","Ropa Nahor mamuri, nèngu mamuri toke dꞌai dua nguru tèu, hèia na madhe."
GEN 11:25,"and nahor lived after that he begat terah an hundred and nineteen years, and begat sons and daughters.","ka nahor mamuri era d'ai cangasu canguru ceo tèu, ka na abhu hari ana mone dènge ana bhèni.","Èle èèna ka, Nahor mamuri toke dꞌai ca tèu nguru nguru tèu. Èle èèna ka, Nahor nara iisi ana mone dènge ana bhèni."
GEN 11:26,"and terah lived seventy years, and begat abram, nahor, and haran.","lod'o umur tera d'ai pidhu nguru tèu risi, na abhu ana mone, dhèu tèlu: abram, nahor, dènge haran.","Èle èèna ka, Abram, Nahor, dènge Haran mamuri taruu."
GEN 11:27,"soothly these be the generations of terah. terah begat abram, nahor, and haran. forsooth haran begat lot;","ana-èpu tera, sèmi ne'e: ana mone na, ka: abram, nahor, dènge haran. haran abhu ana mone ca dhèu, ngara na lot.","Rèngu aaꞌi-aaꞌi ra ètu rai-haha ne. Rèngu aaꞌi-aaꞌi ra ètu rai-haha ne, ngara na Abram, Nahor, dènge Haran. Rèngu aaꞌi-aaꞌi ra ètu rai-haha ne, ngara na Haran. Rèngu aaꞌi-aaꞌi ra ètu rai-haha ne, ngara na Haran. Rèngu aaꞌi-aaꞌi ra ètu rai-haha ne, ngara na Haran. Rèngu aaꞌi-aaꞌi ra ètu rai-haha ne, nèti rai-haha ne. Rèngu aaꞌi-aaꞌi ra ètu rai-haha ne, nèti rai-haha ne, nèti rai-haha ne. Rèngu aaꞌi-aaꞌi ra ètu rai-haha ne, nèti rai-haha ne, nèti rai-haha ne, nèti rai-haha ne, nèti rai-haha ne."
GEN 11:28,"and haran died before terah, his father, in the land of his nativity, in ur of chaldees.","haran madhe ètu rae èta-èsu na, ngara na ur, rai dhèu kasdim. lod'o èèna, ama na tera mamuri era.","Èle èèna ka, Haran madhe ètu rai ama na, ètu rae Ur, ètu rai Kaldea."
GEN 11:29,"forsooth abram and nahor wedded wives; the name of the wife of abram was sarai, and the name of the wife of nahor was milcah, the daughter of haran, father of milcah, and father of iscah.","abram madhèdi dènge sarai. nahor leo dènge ana bhèni haran, ngara na milka. haran abhu ana mone èci kahèi, ngara na yiska.","Nèti èèna ka, Abram dènge Nahor jꞌajꞌi dhèu èmu-kamali. Ngara dhèu èmu Na, Sarai. Ngara dhèu èmu Nahor, Milka. Dhèu èmu na, Haran, dènge ana-èmu na, Isak. Nèti èèna ka, Abram dènge Nahor jꞌajꞌi dhèu èmu-kamali. Nèti èèna ka, Nahor jꞌajꞌi dhèu èmu-kamali. Nèngu jꞌajꞌi dhèu èmu-kamali. Nèngu jꞌajꞌi dhèu èmu-kamali. Nèngu jꞌajꞌi dhèu èmu-kamali. Nèngu jꞌajꞌi dhèu èmu-kamali. Nèngu jꞌajꞌi dhèu èmu-kamali. Nèngu jꞌajꞌi dhèu èmu-kamali."
GEN 11:30,"soothly sarai was barren, and had no children.",te ngaa sarai dènge boe ana.,"Nèti èèna ka, Sarai jꞌajꞌi dhèu baku bhèni. Nèngu dènge boe ana."
GEN 11:31,"and so terah took abram, his son, and lot, the son of haran, his son, and sarai, his daughter-in-law, the wife of abram, his son, and led them out of ur of chaldees, that they should go into the land of canaan; and they came unto haran, and dwelled there.","ca tèka, tera nèti ana na abram, dènge sarai dhèu èmu abram, dènge èpu na lot, lasi tèke eele rae ur, neo lasi asa rai kana'an. te ngaa lasi d'ai rae haran, rèngu pea ka ètu èèna.","Èle èèna ka, dhèu aaꞌi-aaꞌi ètu rai-haha ne, rèti Abram, ana na, Lot, dènge Sarai, ana bhèni na. Dhèu aaꞌi-aaꞌi èèna, dhèu èmu Abram. Hèia dhèu aaꞌi-aaꞌi tèke eele rai-haha ne nèti Uru nèti dhèu Kaldea, lasi asa rai-haha ne, ètu rai-haha ne. Èle èèna ka, rèngu dꞌai Haran, ka ra pea ètu neꞌe."
GEN 11:32,"and the days of terah were made two hundred years and five, and he was dead in haran.","tera madhe ètu èèna, dènge umur na dua ngasu lèmi tèu.","Èle èèna ka, Musa mamuri toke dꞌai dꞌai dua nguru èpa tèu. Èle èèna ka, na madhe ètu dꞌara rae Haran."
GEN 12:1,"forsooth the lord said to abram, go thou out of thy land, and of thy kindred, and of the house of thy father, and come thou into the land which i shall show to thee;","lod'o èèna, lamatua peka le dènge abram, peka na, abram! èu pakèd'i nèti era èu ne, tèke eele ina-ama èu, èmu ina-ama mu, dènge rae-lesa èu. lamu asa era èci, dhu pe ja'a peka dènge èu.","Èle èèna ka, Lamatua peka dènge Abram, aku Nèngu na, 'Ladhe sèmi èèna, èu hudꞌi tèke eele rai èu, dènge aꞌari èu, dènge èmu ama èu, ho laꞌe asa rai dhu Jaꞌa padꞌelo dènge èu."
GEN 12:2,"and i shall make thee into a great folk, and i shall bless thee, and i shall magnify thy name, and thou shalt be blessed;","èèna na, ja'a hia mèngi-nale mi èu. aa ana-èpu èu, èèna na, bèba-kacanga, j'aj'i suku dhu kapai, toke dhèu tadhe kolongara èu. ho bèli-camèd'a, èu j'aj'i berkat hia dhèu leo kahèi.",Jaꞌa tao èu jꞌajꞌi suku kapai. Jaꞌa pakabꞌua èu. Jaꞌa dedꞌe padedha-dedha kolongara èu. Jaꞌa pakabꞌua èu kahèi.
GEN 12:3,"i shall bless them that bless thee, and i shall curse them that curse thee; and all kindreds of the earth shall be blessed in thee.","èèna na, ja'a hia berkat mi dhèu dhu hia berkat mi èu. te ngaa ja'a huku dhèu cee dhu dhoo èu. nanene paie! pe èèna na, dhèu aa'i-aa'i ètu rai-haha ne abhu berkat lula èu.","Dhèu aaꞌi-aaꞌi ètu rai-haha ne, bèli-camèdꞌa abhu berkat. Aa dhèu aaꞌi-aaꞌi ètu rai-haha ne, bèli-camèdꞌa abhu berkat. Aa dhèu aaꞌi-aaꞌi ètu rai-haha ne, bèli-camèdꞌa abhu berkat."""
GEN 12:4-5,"and so abram went out, as the lord commanded him, and lot went with him. abram was five and seventy years when he went out of haran. and he took sarai, his wife, and lot, the son of his brother, and all the substance which they had in possession, and the men which they had begotten in haran; and they went out that they should go into the land of canaan. and when they came into it,","lod'o èèna, umur abram pidhu nguru lèmi tèu. na nèti dhèu èmu na sarai, aa dènge ana ari na, lot, dènge mèdha-panyau ra aa'i-aa'i, aa dènge dhèu sab'a na aa'i-aa'i dhu na abhu ètu kota haran. hèia abram si lasi ka, tèke eele kota haran, asa era dhu lamatua peka le dènge ne. ka ra kako taruu, d'ai rai èci, ngara na kana'an.","Èle èèna ka, Abram dènge Sarai, dhèu èmu na, dènge Lot, dènge mèdha-panyau rèngu aaꞌi-aaꞌi dhu rèngu abhu ètu Haran. Ropa rèngu maso asa rai Kanaꞌan,"
GEN 12:6,"abram passed through the land till to the place of shechem, and till to the noble valley. forsooth canaanite was then in the land.","d'ai era èèna, abram kako palème rai ne, toke d'ai padètu dènge rae èci, ngara na sikem. ka ra pea taha ètu èèna, padètu dènge aj'u aae ca kapua ètu more. lod'o èèna, dhèu kana'an dhu pea ètu èèna era.","Èle èèna ka, Abram kako taruu asa rai Sikem, toke dꞌai dꞌara bèdho dhu kabꞌua. Lodꞌo èèna, dhèu Kanaani pea ètu rai-haha ne."
GEN 12:7,"soothly the lord appeared to abram, and said to him, i shall give this land to thy seed. and abram built there an altar to the lord, that appeared to him.","ètu era èèna ka, lamatua pad'elo iisi na mi abram, peka na, èèna na, ja'a hia ana-èpu èu rai ne'e ne. ka abram pudhi hadhu tao mei korban hia lamatua dhu pad'elo iisi na dènge nèngu ètu era èèna.","Èle èèna ka, Lamatua padꞌelo jꞌara-jꞌara mi Abram, ka Na peka, aku Nèngu na, ""Jaꞌa bꞌala rai ne mi ana-èpu èu kahèi."" Hèia Abram pajꞌujꞌu ètu èèna, sèna ka pajꞌujꞌu mei ho manèngi-mangajꞌi mi Lamatua dhu padꞌelo jꞌara-jꞌara mi Nèngu."
GEN 12:8,"and from thence he passed forth to the hill or the mount of bethel, that was against the east, and setted there his tabernacle, having bethel from the west, and hai from the east. and he builded also there an altar to the lord, and inwardly called his name.","èle èèna ka, abram si pidha hari asa ledhe re balèu. ka ra pea taha ètu talora rae betel dènge rae ai. ètu èèna, na patitu mei korban èci ho na mangaj'i mi lamatua.","Èle èèna ka, na lèpa hari asa ledhe èci, dhu jꞌajꞌi musi madha rae Betel. Èle èèna ka, na patitu èmu na ètu era neꞌe. Ètu era neꞌe, ètu era neꞌe, ètu era neꞌe, ètu era neꞌe, ètu era neꞌe, ètu era neꞌe, ètu era neꞌe, ètu era neꞌe, ètu era neꞌe, ètu era neꞌe, ètu era neꞌe, ètu era neꞌe, ètu era neꞌe, ètu era neꞌe, ètu era neꞌe, nèti era neꞌe. Ètu era neꞌe, nèti era neꞌe, na nèti era neꞌe, nèti era neꞌe, nèti era neꞌe, nèti era neꞌe, nèti era neꞌe. Ètu era neꞌe, nèti era neꞌe, nèti madha Lamatua."
GEN 12:9,"and abram went going, and going forth over to the south.","èle èèna ka, na pidha-pidha era, d'ai rai negeb re ca bèka balèu nèti rai kana'an.","Èle èèna ka, Abram laꞌe asa cabèka."
GEN 12:10,"soothly hunger was made in the land; and abram went down into egypt, to be a pilgrim there, for hunger had the mastery in the land.","ca tèka, rai kana'an lèke manganga aae. nèti èèna ka, abram si lasi asa bèka balèu, ka ra d'ai rai masir. ka ra manubha taha ètu nèi.","Èle èèna ka, abhu pèri-pèri heka ètu rai-haha ne. Nèti èèna ka, abhu pèri-pèri heka ètu rai-haha ne. Nèti èèna ka, abhu pèri-pèri heka ètu rai-haha ne, sèna ka jꞌajꞌi dhèu sabꞌa ètu rai-haha ne. Nèti èèna ka, Abram laꞌe neo pea ètu rai-haha ne, sèna ka jꞌajꞌi dhèu sabꞌa ètu rai-haha ne."
GEN 12:11,"and when he was nigh to enter into egypt, he said to sarai, his wife, i know that thou art a fair woman,","ropa oe d'ai masir, abram peka dènge dhèu èmu na, sarai, aku nèngu na, sarai, èu bhèni iia, nia boe.","Ropa dꞌai dꞌara dꞌara rai Masir, hèia na peka dènge Sarai, dhèu èmu na, aku nèngu na, ""Èu ne dhèu bhèni dhu beꞌa."
GEN 12:12,"and that when egyptians shall see thee, they shall say, it is his wife, and they shall slay me, and keep thee.","de ladhe dhèu masir rèdhi èu bhèni iia sèmi ne'e, mage dhoka ra pamadhe ja'a, lula ja'a dhèu èmu-kamali èu. dènge sèmi èèna, ra parame rare èu.","Ladhe dhèu Masir ladhe rèdhi èu, hèia ra peka na, 'Dhèu ne, dhèu èmu na.' Hèia ra pamadhe jaꞌa, te ngaa èu mamuri hari.'"
GEN 12:13,"therefore, i beseech thee, say that thou art my sister, that it be well to me for thee, and that my life live for the love of thee.","de be'a risi, èu peka dènge ra, na ja'a ne, ana mone èu. dènge sèmi èèna ka, rèngu pamadhe boe ja'a, aa ra be'a-be'a dènge ja'a, lula èu ne.","Nèti èèna ka, jaꞌa manèngi sèna ka èu peka na, èu ne, aꞌari jaꞌa. Dènge jꞌara neꞌe, jaꞌa bisa mamuri dènge èu."
GEN 12:14,"and so when abram had entered into egypt, egyptians saw the woman, that she was full fair;","ropa abram si d'ai masir, dhèu ètu èèna, ladhe laa na, sarai ne bhèni iia titu kèna.","Ropa Abram maso asa rai Masir, dhèu Masir ladhe rèdhi bhèni bhèni ne, na, bhèni ne bhèni dhu kapai."
GEN 12:15,"and the princes told to pharaoh, and praised her with him; and the woman was taken up into the house of pharaoh.","ropa dhèu sab'a dhèu aae sèra ladhe rèdhi ne, aa ra koa bhabhèni iia na ètu madha dhèu aae. ka rèti bhèni ne, asa èmu dhèu aae.","Èle èèna ka, dhèu heka-dhèu ètu dꞌara èmu dhèu aae kapai sèra lasi peka dènge dhèu aae kapai sèra, peka na, ana bhèni ne, dhèu aae kapai. Hèia dhèu aae kapai rèti bhèni ne asa dꞌara èmu dhèu aae kapai sèra, ho rèti bhèni ne asa dꞌara èmu dhèu aae kapai sèra."
GEN 12:16,"forsooth they used well abram for her; and sheep, and oxen, and asses, and servants, and servantesses, and she-asses, and camels were given to him.","hèia dhèu aae be'a-be'a ka dènge abram, lula sarai. ka na parasee abram mèdha rupa-rupa. nuka badha sèmi: kahib'i-kalèbho, kahib'i-ka'ia, sapi, keled'ei, dènge onta. na parasee kahèi, ènu dhèu mone dènge dhèu bhèni.","Nèti èèna ka, dhèu aaꞌi-aaꞌi ra pajꞌujꞌu mèdha-panyau dènge kahibꞌi-kalèbho, dènge kahibꞌi-kalèbho dènge kahibꞌi-kalèbho, dènge kahibꞌi-kalèbho dènge kahibꞌi-kalèbho dènge kahibꞌi-kalèbho dènge kahibꞌi-kalèbho dènge kahibꞌi-kalèbho dènge kahibꞌi-kalèbho dènge kahibꞌi-kalèbho dènge kahibꞌi-kalèbho dènge kahibꞌi-kalèbho dènge kahibꞌi-kalèbho dènge kahibꞌi-kalèbho dènge kahibꞌi-kalèbho dènge kahibꞌi-kalèbho dènge kahibꞌi-kalèbho dènge kahibꞌi-kalèbho dènge kahibꞌi-kalèbho."
GEN 12:17,"forsooth the lord beat pharaoh and his house with most vengeances for sarai, the wife of abram.","lula na nare dhèu èmu dhèu asa d'ara èmu na, nèti èèna ka, lamatua hia huku rupa-rupa mi dhèu aae dènge isi èmu na.","lodꞌo Ama Lamatua pahie eele Sarai, dhèu èmu Abram, nèti dhèu aae jꞌajꞌi dhèu aae-dhèu nèti dꞌara jꞌara-jꞌara aaꞌi-aaꞌi ètu dꞌara jꞌara-jꞌara aae nèti dꞌara jꞌara-jꞌara aae nèti dꞌara jꞌara-jꞌara aae nèti dꞌara jꞌara-jꞌara aae nèti dꞌara jꞌara-jꞌara aae nèti dꞌara jꞌara-jꞌara aae nèti dꞌara jꞌara-jꞌara aae nèti dꞌara jꞌara-jꞌara aae nèti dꞌara jꞌara-jꞌara aae nèti dꞌara jꞌara-jꞌara aae nèti dꞌara jꞌara-jꞌara aae nèti dꞌara jꞌara-jꞌara aae nèti dꞌara jꞌara-jꞌara."
GEN 12:18,"and pharaoh called abram, and said to him, what is it that thou hast done to me? why showedest thou not to me that she was thy wife?","hèia dhèu aae masir paroa abram, ka na karèi ne, aku nèngu na, èu ne tao tasamia mi ja'a ne? nga tao ka èu peka boe na, bhèni ne dhèu èmu èu?","Èle èèna ka, dhèu aae Farao paroa Abram, ka na karèi ne, aku nèngu na, ""Nga tao ka èu tao sèmi èèna mi jaꞌa? Nga tao ka èu padꞌelo boe, na, nèngu ne, dhèu èmu èu?"""
GEN 12:19,"for what cause saidest thou, that she was thy sister, that i should take her into wife to me? now therefore lo! thy wife; take thou her, and go.","te ngaa aku èu na, nèngu ne ana hèni èu! nèti èèna ka, ja'a oe kore ne j'aj'i dhèu èmu ja'a! dhèu èmu èu ka ne'e! more hari ka, aa pakaj'èu ka nèti madha ja'a!","Nga tao ka èu peka na, 'Nèngu ne, aꞌari èu?' De jaꞌa jꞌaga ne ho jꞌajꞌi dhèu èmu èu. Nèti èèna ka, nèngu jꞌajꞌi dhèu èmu èu, ho lèpa!"""
GEN 12:20,"and pharaoh commanded to men on abram, and they led forth him, and his wife, and all things that he had.","hèia dhèu aae paredha dhèu sab'a na sèra, babège eele abram, dhèu èmu na, rèti dènge dhèu aa mèdha-panyau aa'i-aa'i ra, kalua nèti rai èèna.","Èle èèna ka, dhèu aae Farao paredha dhèu-dhèu ètu èèna sèra, sèna ka lasi nèti dꞌara èmu ne, dènge dhèu èmu na, dènge aaꞌi-aaꞌi ra aaꞌi-aaꞌi ra ètu dꞌara Èmu Kapua Manèngi-Mangajꞌi ètu dꞌara Èmu Kapua Manèngi-Mangajꞌi ètu dꞌara Èmu Kapua Manèngi-Mangajꞌi ètu dꞌara Èmu Kapua Manèngi-Mangajꞌi ètu dꞌara Èmu Kapua Manèngi-Mangajꞌi ètu dꞌara Èmu Kapua Manèngi-Mangajꞌi ètu dꞌara Èmu Kapua Manèngi-Mangajꞌi ètu dꞌara Èmu Kapua Manèngi-Mangajꞌi ètu dꞌara Èmu Kapua Manèngi-Mangajꞌi ètu dꞌara Èmu Kapua Manèngi-Mangajꞌi."
GEN 13:1,"therefore abram ascended from egypt, he, and his wife, and all things that he had; and lot went with him, to the south coast.","ka abram si tèke eele masir, lasi asa rai negeb. la'e dènge dhèu èmu na, aa dènge dhèu aa mèdha-panyau aa'i-aa'i ra. ana ari na lot madhutu ra kahèi.","Hèia Abram kalua nèti Masir, dènge dhèu èmu na, dènge aaꞌi-aaꞌi na aaꞌi-aaꞌi ra. Lot tèke eele Abram, lasi asa cabèka dhasi."
GEN 13:2,"forsooth he was full rich in possessions of silver, and of gold.","abram èèna, kaja ae titu kèna. badha-manu na, mèdha hualaa dènge mèdha hualaa-pudhi na, ae titu kèna.","Nèti èèna ka, dhèu ne jꞌajꞌi dhèu rai-haha. Nèngu jꞌajꞌi dhèu rai-haha. Nèngu jꞌajꞌi dhèu rai-haha. Nèngu jꞌajꞌi dhèu rai-haha. Nèngu jꞌajꞌi dhèu rai-haha. Nèngu jꞌajꞌi dhèu rai-haha. Nèngu jꞌajꞌi dhèu rai-haha. Nèngu jꞌajꞌi dhèu rai-haha. Nèngu jꞌajꞌi dhèu rai-haha. Nèngu jꞌajꞌi dhèu rai-haha. Nèngu jꞌajꞌi dhèu rai-haha. Nèngu jꞌajꞌi dhèu rai-haha. Nèngu jꞌajꞌi dhèu rai-haha. Nèngu jꞌajꞌi dhèu rai-haha. Nèngu jꞌajꞌi dhèu rai-haha."
GEN 13:3,"and he turned again by the way in which he came from the south into bethel, till to the place, in which before he had set a tabernacle, betwixt bethel and hai,","nèti negeb, ra pidha-pidha era, ka d'ai hari talora rae betel dènge rae ai. dhu uru èèna, ra pea rèdhi le ètu era èèna.","Èle èèna ka, nèngu lèpa hari laꞌe asa rae Betel. Èle èèna ka, nèngu lèpa hari asa rae Betel dènge Ai. Nèti èèna ka, nèngu pajꞌujꞌu Èmu Kapua Manèngi-Mangajꞌi ètu era dhu uru èèna, nèti era neꞌe ka, nèti era neꞌe ka, nèti era neꞌe ka, nèti era neꞌe ka, nèti era neꞌe ka, nèti era neꞌe ka, nèti era neꞌe ka, nèti era neꞌe ka, nèti era neꞌe ka, nèti era neꞌe ka, nèti era neꞌe ka, nèti era neꞌe ka, nèti era neꞌe."
GEN 13:4,"in the place of the altar which he made before, and inwardly called there the name of the lord.","aa dhu abram patitu le kahèi mei korban, ho na mangaj'i mi lamatua ètu era èèna.","Ètu era dhu uru èèna, dhèu aae Daud tao mei korban ètu era èèna. Ètu era neꞌe, dhèu aae Daud tao mei korban ètu madha Ama Lamatua."
GEN 13:5,"but also flocks of sheep, and droves of oxen, and tabernacles were to lot, that was with abram;","lot dhu madhutu abram èèna, unu badha-manu dènge dhèu sab'a ae kahèi.","Rèngu aaꞌi-aaꞌi ra jꞌajꞌi kahibꞌi-kalèbho, kahibꞌi-kalèbho dènge kahibꞌi-kalèbho. Rèngu aaꞌi-aaꞌi ra jꞌajꞌi kahibꞌi-kalèbho dènge kahibꞌi-kalèbho dènge kahibꞌi-kalèbho dènge kahibꞌi-kalèbho dènge kahibꞌi-kalèbho dènge kahibꞌi-kalèbho dènge kahibꞌi-kalèbho dènge kahibꞌi-kalèbho dènge kahibꞌi-kalèbho dènge kahibꞌi-kalèbho dènge kahibꞌi-kalèbho dènge kahibꞌi-kalèbho."
GEN 13:6-7,"and the land might not take them, that they should dwell together, for the cattle of them was much, and they might not dwell in common. wherefore also strife was made betwixt the keepers of the flocks of abram and of lot. forsooth canaanites and perizzites dwelled in that land in that time.","te ngaa era èèna taleo boe, ho abram dènge lot aa dènge kakaja ra bisa pea pa'èci. nèti èèna ka, ana madhenge badha abram dènge lot sèra j'aj'i patao-palaha, lula j'u'u ètu era èèna d'ai boe hia badha rèngu. lod'o èèna, dhèu kana'an dènge dhèu feris, dhu pea ètu èèna era.","Nèti èèna ka, dhèu aae Abram dènge Lot jꞌajꞌi dhèu madhenga kahibꞌi-kalèbho sèra. Lodꞌo èèna, dhèu Parisi dènge dhèu Kanaani pea ètu rai èèna. Nèti èèna ka, dhèu aae Abram jꞌajꞌi dhèu madhenga kahibꞌi-kalèbho sèra. Nèti èèna ka, kahibꞌi-kalèbho rèngu aaꞌi-aaꞌi ra bisa boe pea ètu dꞌara èci. Nèti èèna ka, kahibꞌi-kalèbho rèngu aaꞌi-aaꞌi ra bisa boe pea ètu dꞌara èci, lula rèngu abhu kahibꞌi-kalèbho aaꞌi-aaꞌi ra."
GEN 13:8,"therefore abram said to lot, i beseech thee, that no strife be betwixt me and thee, and betwixt my shepherds and thy shepherds; for we be brethren.","ka abram peka dènge lot, aku nèngu na, èdhi se, pa'a'ari. mage dhoka èdhi, èci dènge èci be'a boe, lula dhèu sab'a èdhi se patao-palaha taruu.","Hèia Abram peka dènge Lot, aku nèngu na, ""Sèmi neꞌe! Jaꞌa dènge èu, dènge kahibꞌi-kalèbho jaꞌa, aa dènge kahibꞌi-kalèbho èu, baku paꞌèra, te èdhi dhèu èci dènge èci."""
GEN 13:9,"lo! all the land is before thee, i beseech, depart thou from me; if thou go to the left side, i shall hold the right side; if thou choose the right side, i shall go to the left side.","de hua iia dua ti pahag'a ka laa. rai ne, taleo. de ladhe èu d'èi rai ca bèka kariu na, ja'a abhu re ca bèka g'ana. te ngaa ladhe èu d'èi re ca bèka g'ana, na ja'a re ca bèka kariu.","Dhèu aaꞌi-aaꞌi ètu rai neꞌe ètu madha èu. Jaꞌa manèngi sèna ka èu tèke eele Jaꞌa. Ladhe èu tèke eele Jaꞌa, jaꞌa tèke eele Jaꞌa. Te ngaa ladhe èu tèke eele Jaꞌa, jaꞌa tèke eele Jaꞌa."""
GEN 13:10,"and so lot raised up his eyes, and saw about all the country of jordan, which was all-moisted, before that the lord destroyed sodom and gomorrah, as paradise of the lord, and as egypt, as men come into zoar.","hèia lot ladhe palème. ka na ladhe nèdhi rai taleo ètu sebhe loko yarden dhu madha èi ae, toke d'ai rae soar. era ne, rai hèu mèngi sama sèmi oka lamatua, dènge rai masir kahèi. lod'o èèna, lamatua dhae huku mèka kota sodom dènge kota gomora. de rai èèna, be'a era.","Èle èèna ka, Lot ladhe nèdhi aaꞌi-aaꞌi ètu rai-haha ne, nuka kota Sodom dènge kota Gomora. Lodꞌo èèna, dhèu aaꞌi-aaꞌi ètu rai-haha ne, nuka kota Soar. Lodꞌo èèna, dhèu aaꞌi-aaꞌi ètu rai-haha ne, nuka kota Sodom dènge kota Gomora. Lodꞌo ladhe nèdhi aaꞌi-aaꞌi ètu rai-haha ne, dhèu aaꞌi-aaꞌi ètu rai-haha ne, jꞌajꞌi dhèu aaꞌi-aaꞌi nèti rai-haha ne."
GEN 13:11,"and lot chose to him the country about jordan, and departed from the east; and they were parted each from his brother.",hèia lot pili nare era sebhe loko yarden èèna. ka dua ra pahag'e ka. de lot la'e sa ca bèka dhimu.,"Èle èèna ka, Lot hagꞌe nare rai ètu sebhe Yarden, ho laꞌe asa cabèka. Èle èèna ka, Lot tèke eele dhèu èci-èci nèti aꞌari na."
GEN 13:12,"abram dwelled in the land of canaan; soothly lot dwelled in the towns about jordan, and abode in sodom.",te ngaa abram pea taruu ètu rai kana'an. aa lot la'e pea ètu rae-rae dhu padètu dènge kota sodom ètu sebhe loko yarden.,"Èle èèna ka, Abram pea ètu rai Kanaꞌan. Lot pea ètu dꞌara rae-rae ètu sebhe Yarden. Aa Abram pea ètu rai Sodom."
GEN 13:13,"forsooth men of sodom were full wicked, and sinners greatly before the lord.",te ngaa dhèu-dhèu sodom sèra bhelu-katub'a titu kèna. rèngu ro'o boe nanene lamatua.,"Te dhèu aaꞌi-aaꞌi nèti kota Sodom, tao jꞌara bhelu-katubꞌa, aa tao jꞌara bhelu-katubꞌa ètu madha Ama Lamatua."
GEN 13:14,"and the lord said to abram, after that lot was parted from him, raise up thine eyes forthright, and see from the place in which thou art now, to the north and south, to the east and west;","ropa lot pacèri dènge abram, ka lamatua padhai lii dènge abram, peka na, èu ladhe palème aa'i ku, rai aa'i-aa'i nèti era titu èu èèna. ladhe paie re madha, re kabodho, re ca bèka g'ana, dènge ca bèka kariu mu.","Èle èèna ka, Lamatua peka dènge Abram, aku nèngu na, ""Èu hudꞌi ladhe-leru nèti era èu ètu neꞌe, nèti mia-mia, nèti mia-mia, nèti mia-mia, nèti mia-mia, nèti mia-mia."
GEN 13:15,"i shall give all the land which thou seest to thee, and to thy seed, till into without end.","rai aa'i-aa'i dhu èu ladhe mèdhi sèi, bèli-camèd'a ja'a hia mi èu, dènge ana-èpu èu, sèna ka j'aj'i pusaka ra, toke d'ai mia-mia.",Èu dènge ana-èpu èu abhu rai aaꞌi-aaꞌi ètu rai neꞌe.'
GEN 13:16,"and i shall make thy seed as the dust of the earth; if any man may number the dust of the earth, also he shall be able to number thy seed.","èèna na ja'a paj'aj'i ana-èpu èu ae sama sèmi salae dhasi, toke dhèu ige rare boe.","Bèli-camèdꞌa ana-èpu èu jꞌajꞌi sama sèmi kabodho ètu rai-haha ne. Ladhe abhu dhèu dhu bisa reꞌa kabodho ètu rai-haha ne, na, rèngu bisa reꞌa kahèi, na, ana-èpu èu jꞌajꞌi sama sèmi kabodho ètu rai-haha ne."
GEN 13:17,"therefore rise thou, and pass through the land in his length and breadth, for i shall give it to thee.","de lamu kako palème madhutu madhera dènge bhabhèla na. te rai se aa'i-aa'i ra, ja'a hia mi èu.","Èle èèna ka, Èmu Kapua Manèngi-Mangajꞌi èèna, bèli-camèdꞌa dhèu aaꞌi-aaꞌi ètu dꞌara rai ne jꞌajꞌi mi dedha-liru. Èèna na Jaꞌa pangèdꞌu mi dedha-liru ne, sèna ka jꞌajꞌi mi dedha-liru mi dedha-liru ne, sèna ka jꞌajꞌi mi dedha-liru."""
GEN 13:18,"therefore abram, moving his tabernacle, came and dwelled beside the valley of mamre, which is in hebron; and he builded there an altar to the lord.","hèia abram si lèpa hari asa era pea ra, dhu dètu dènge aj'u-aj'u aae ètu mamre, dhu padètu dènge hebron. èle èèna ka, na pudhi hadhu tao mei korban ho na mangaj'i lamatua ètu èèna.","Èle èèna ka, Abram puru nèti dꞌara èmu na, laꞌe pea ètu sebhe rae Mamre, dhu ètu hèbꞌa Hebron. Hèia na patitu ètu èèna, sèna ka jꞌajꞌi mei manèngi-mangajꞌi mi Lamatua."
GEN 14:1,"forsooth it was done in that time, that amraphel, king of shinar, and arioch, king of ellasar, and chedor-laomer, king of elamites, and tidal, king of folks,","tèu èèna, dhèu aae èpa dhu pa'èci. rèngu se ka: amrafel, dhèu aae rai sinear. ariok, dhèu aae rai elasar, kedarlaomer, dhèu aae rai elam. dènge tideal, dhèu aae rai goyim.","Te ètu dꞌara lodꞌo èèna, Amalel, dhèu aae Shinar, Ariok, dhèu aae Elasar, Kedor-Laomer, dhèu aae Elam, dènge Tidal, dhèu aae rai-haha."
GEN 14:2,"began battle against bera, king of sodom, and against birsha, king of gomorrah, and against shinab, king of admah, and against shemeber, king of zeboiim, and against the king of bela, that bela is zoar.","lod'o èèna, dhèu aae leo dhèu lèmi, pa'èci kahèi. nuka: bera, dhèu aae rai sodom. birsa, dhèu aae rai gomora. sinab, dhèu aae rai adema. semeber, dhèu aae rai seboim. dènge bela, dhèu aae rai soar. ka èpa dhèu aae se, lasi pamusu dènge lèmi dhèu aae sèra.","Èle èèna ka, dhèu aaꞌi-aaꞌi ra paraga dènge Bera, dhèu aaꞌi-aaꞌi ra nèti propensi Sodom, dènge Birsha, dhèu aaꞌi-aaꞌi ra nèti propensi Gomora, dènge Sinhab, dhèu aaꞌi-aaꞌi ra nèti propensi Adma, dènge Semeber, dhèu aaꞌi-aaꞌi ra nèti propensi Seboyim, dènge dhèu aaꞌi-aaꞌi ra nèti propensi Zoar."
GEN 14:3,"all these came together into the valley of wood, which is now the sea of salt.","dhèu aae, dhèu lèmi sèra pakaboko dènge sordad'u ra, ètu d'ara mamoo sidim, dhu limuri ne, ngara na dhasi madhe.","Rèngu aaꞌi-aaꞌi ra pakaboko ètu dꞌara dꞌara ledhe èci, dhu ngara na, 'Dhèu Tareꞌa'."
GEN 14:4,"for in twelve years they served chedorlaomer, and in the thirteenth year they departed from him.","j'aj'aj'i pamusu na, sèmi ne'e ka: uru èèna, dhèu aae, dhèu lèmi se dhu ta'alo mi dhèu aae kedarlaomer, canguru dua tèu kèna. te d'ai tèu ka canguru tèlu, ka rèngu aa'i-aa'i ra lab'a ne.","Èle èèna ka, rèngu sabꞌa dènge Kedorlaomer canguru dua tèu. Te ngaa dꞌai tèlu tèu, rèngu tèke eele Kedorlaomer."
GEN 14:5,"therefore chedorlaomer came in the fourteenth year, and the kings that were with him, and they smited rephaims in ashteroth karnaim, and zuzims with them, and emims in shaveh kiriathaim,","ka maso tèu ka canguru èpa, kedarlaomer dènge angalai na dhèu aae dhèu tèlu sera, mai dènge sordad'u ra. hèia ra pamusu ka, ka ra segi pèri-pèri rai. nuka: dhèu refaim ètu rai asterot-karnaim; dhèu susim ètu rai ham; dhèu emim ètu rai sawe-kiryataim,","Nèti èèna ka, dꞌai èpa nguru tèu, Kedorlaomer dènge dhèu aae nèti dhèu aae nèti dhèu aae nèti dhèu aae nèti dhèu aae nèti dhèu aae nèti dhèu aae nèti dhèu aae nèti suku Ashterot Karneim, dènge dhèu aae nèti suku Zusim, dènge dhèu aae nèti suku Emim, dhu rèti dhèu aae nèti suku Kiriathaim."
GEN 14:6,"and horites in the hills of seir, till to the field places of elparan, which is in wilderness.","dènge dhèu hori dhu ètu ledhe seir, d'ai sebhe mamoo el paran.",dꞌai sebhe sebhe sebhe sebhe sebhe sebhe sebhe sebhe sebhe sebhe sebhe sebhe sebhe sebhe sebhe sebhe sebhe sebhe sebhe sebhe sebhe sebhe sebhe sebhe sebhe sebhe sebhe sebhe sebhe sebhe sebhe sebhe sebhe sebhe sebhe sebhe sebhe sebhe sebhe sebhe sebhe sebhe sebhe sebhe sebhe sebhe sebhe sebhe sebhe sebhe sebhe.
GEN 14:7,"and they turned again, and came till to the well of mishpat; that is kadesh. and they smited all the country of men of amalek, and amorites, that dwelled in hazazontamar.","èle èèna ka, ra lèpa hari asa en mispat dhu limuri ne ngara na kades. ka ra segi rai dhèu amalek, dènge dhèu amori dhu pea ètu rae haseson-tamar.","Èle èèna ka, rèngu lèpa hari asa dꞌara èi madha Mispat, dhu ngara na Kadesh. Ètu era neꞌe, dhèu Amalek dènge dhèu Amor, dhu pea ètu hèbꞌa-hèbꞌa."
GEN 14:8-9,"and the king of sodom, and the king of gomorrah, and the king of admah, and the king of zeboiim, also and the king of bela, which is zoar, went out, and they dressed battle array against them in the valley of wood, that is, against chedorlaomer, king of elamites, and tidal, king of folks or of goiim, and amraphel, king of shinar, and arioch, king of ellasar; four kings against five.","hèia, lèmi dhèu aae se ator sordad'u ra ètu d'ara mamoo sidim, ka lasi pamusu dènge dhèu aae dhèu èpa sèra.","Hèia dhèu aae Sodom, Gomora, Adma, Zeboyim, dènge dhèu aae Soar, lasi paraga dènge rèngu ètu dꞌara padètu aae, ho lasi paraga dènge rèngu ètu dꞌara padètu aae, èci èèna ka dènge Kidorlaomer, dhèu Elam, dènge Tidal, dhèu Goyim, dènge Amrafel, dhèu Shinar, dènge Ariok, dhèu Elasar."
GEN 14:10,"forsooth the valley of wood had many pits of pitch, either strong glue; and so the king of sodom and the king of gomorrah turned their backs, and felled down there; and they that were left fled to the hills.","ètu d'ara mamoo èèna, dhu abhu mananga èi dama pèri-pèri. ropa ra pamusu, dhèu aae sodom dènge dhèu aae gomora dènge sordad'u ra, rai. ka cahag'e manahu asa d'ara mananga èi dama se. aa cahag'e hari rai asa ledhe lasi.","Lodꞌo èèna, ètu dꞌara sebhe èèna, abhu jꞌajꞌajꞌèra ae-ae dènge ajꞌu dhu kabꞌua. Dhèu aaꞌi-aaꞌi ra, dhèu aae Sodom dènge dhèu aae Gomora, bèli-camèdꞌa rai asa dꞌara sebhe èèna. Te ngaa dhèu aaꞌi-aaꞌi dhu abhu jꞌajꞌèra ètu ledhe èèna, bèli-camèdꞌa rai asa ledhe èèna."
GEN 14:11,"soothly they took away all the chattel or substance of sodom and gomorrah, and all things that pertained to meat, and went away;","ka èpa dhèu aae dhu segi se, lasi parame rèti mèdha-panyau dènge nganga'a-nginu nèti sodom dènge gomora. èèna ka, ra lèpa dènge ka.","Èle èèna ka, dhèu aaꞌi-aaꞌi ètu dꞌara kota Sodom, Gomora, dènge dhèu aaꞌi-aaꞌi dhu raꞌa-rinu ètu dꞌara jꞌara-jꞌara ètu dꞌara jꞌara-jꞌara seꞌe. Ka dhèu aaꞌi-aaꞌi se tèke eele jꞌara-jꞌara seꞌe ètu dꞌara kota Sodom, dènge dhèu aaꞌi-aaꞌi dhu raꞌa-rinu ètu dꞌara kota Sodom, dènge dhèu aaꞌi-aaꞌi dhu raꞌa-rinu ètu dꞌara jꞌara-jꞌara seꞌe. Èle èèna ka, dhèu aaꞌi-aaꞌi ètu dꞌara kota Sodom, dènge dhèu aaꞌi-aaꞌi dhu raꞌa-rinu ètu dꞌara jꞌara-jꞌara."
GEN 14:12,"also and they took away lot and his chattel or substance, the son of the brother of abram, which lot dwelled in sodom.","te ngaa lot, ana ari abram, dhu pea ètu sodom. ka èpa dhèu aae sèra, ère rèti lot si, dènge mèdha-panyau ra aa'i-aa'i.","Èle èèna ka, ra tèke eele Lot dènge mèdha-panyau na. Lot ne, ana aꞌari Abram, dhu pea ètu kota Sodom."
GEN 14:13,"and, lo! one that escaped, told to abram the hebrew, that dwelled in the valley of mamre of amorites, the brother of eshcol, and brother of aner; for these had made covenant of peace with abram.","te ngaa dhèu èci rai nèti era èèna. ka la'e lolo dènge abram, dhèu ibrani èèna. lod'o èèna, dhèu amori èci, ngara na mamre. aa abram pea dètu dènge aj'u-aj'u aae unu mamre. a'ari mamre dhèu dua, ngara na eskol dènge aner. rèngu se dhu pa'anga dènge abram.","Ètu dꞌara jꞌara neꞌe, abhu dhèu pèri-pèri ca dhèu dhu lèpa hari nèti dꞌara jꞌara neꞌe. Nèti èèna ka, abhu kahèi ca dhèu dhu lèpa hari nèti dꞌara jꞌara neꞌe. Nèti èèna ka, abhu kahèi ca dhèu dhu lèpa hari nèti dꞌara jꞌara neꞌe. Nèti èèna ka, abhu kahèi ca dhèu dhu lèpa hari nèti dꞌara jꞌara neꞌe. Nèti èèna ka, abhu dhèu dhu peka dènge Abram, dhèu Ibrani, ho pea ètu dꞌara rae Mamre, ètu dꞌara rae dhèu Amor. Abhu kahèi aꞌari nèti Eshkol, dènge aꞌari nèti Aner. Nèti èèna ka, abhu kahèi dhèu dua dhu paꞌèci dènge Abram, sèna ka mamuri paꞌèci dènge Ama Lamatua."
GEN 14:14,"and when abram had heard this thing, that is, lot, the son of his brother, was taken, he numbered his born servants made ready, three hundred and eighteen, and pursued them till to dan.","ropa abram tadèngi na dhèu kèpe rèti le lot, ana ari na, ka abram pakaboko nare dhèu-dhèu sab'a na dhu re'a pamusu. aa'i-aa'i ra tèlu ngasu canguru aru dhèu. ka lasi magèla èpa dhèu aae sèra, asa badae aae lasi d'ai rae dan.","Ropa Abram tadèngi lii padhai lii dhèu seꞌe, hèia na laꞌe paraga dènge Lot, ana ari na. Hèia na paroa dhèu sabꞌa ètu dꞌara èmu na, ca dhèu, tèlu nguru tèu nguru tèu. Hèia na laꞌe paraga dènge dhèu seꞌe, toke dꞌai cabèka."
GEN 14:15,"and when his fellows were separated, he felled on them in the night, and smote them, and pursued them till to hobah, and phenice, which is at the left side of damascus.","ètu era èèna, abram hag'e dhèu na sèra, mi pèri-pèri kaboko. d'ara mèda èèna kahèi, lasi age si, dènge j'ara pa'oke. ka abram si lasi bate dhèu se d'ai rae hoba, ètu bèka badae kota damsik.","Èle èèna ka, sordadꞌu ètu dꞌara èmu manèngi-mangajꞌi ètu dꞌara èmu manèngi-mangajꞌi ètu dꞌara èmu manèngi-mangajꞌi ètu dꞌara èmu manèngi-mangajꞌi ètu dꞌara èmu manèngi-mangajꞌi ètu dꞌara èmu manèngi-mangajꞌi ètu dꞌara èmu manèngi-mangajꞌi ètu dꞌara èmu manèngi-mangajꞌi ètu dꞌara èmu manèngi-mangajꞌi ètu dꞌara èmu manèngi-mangajꞌi ètu dꞌara èmu manèngi-mangajꞌi ètu dꞌara èmu manèngi-mangajꞌi ètu dꞌara èmu manèngi-mangajꞌi ètu dꞌara kota Damsik."
GEN 14:16,"and he brought again all the chattel or substance, and lot, the son of his brother, with his chattel or substance, also women, and the people.","hèia abram abhu hari lot, dènge dhèu-dhèu nèngu, aa dènge mèdha-panyau ra aa'i-aa'i. na abhu kahèi dhèu-dhèu leo.","Èle èèna ka, na hia dhèu aaꞌi-aaꞌi, dènge mèdha-panyau na aaꞌi-aaꞌi, dènge mèdha-panyau dhèu aaꞌi-aaꞌi, dènge mèdha-panyau dhèu aaꞌi-aaꞌi dhèu aaꞌi-aaꞌi ètu dꞌara jꞌara-jꞌara ètu dꞌara Èmu Kapua Manèngi-Mangajꞌi ètu dꞌara Èmu Kapua Manèngi-Mangajꞌi ètu dꞌara Èmu Kapua Manèngi-Mangajꞌi ètu dꞌara Èmu Kapua Manèngi-Mangajꞌi ètu dꞌara Èmu Kapua Manèngi-Mangajꞌi ètu dꞌara Èmu Kapua Manèngi-Mangajꞌi ètu dꞌara Èmu Kapua Manèngi-Mangajꞌi ètu dꞌara Èmu Kapua Manèngi-Mangajꞌi ètu dꞌara Èmu Kapua Manèngi-Mangajꞌi."
GEN 14:17,"soothly the king of sodom went out into the meeting of him, after that he turned again from the slaying of chedorlaomer, and of the kings that were with him, in the valley of shaveh, which is the valley of the king.","ropa abram segi nare dhèu aae èpa sèra, ka na lèpa. hèia dhèu aae sodom mai soru ne ètu d'ara mamoo sawe dhu dhèu biasa peka na, mamoo dhèu aae.","Èle èèna ka, dhèu aae Sodom lèpa hari nèti pamadhe dhèu aae na, Kedorlaomer, dènge dhèu aae rèngu aaꞌi-aaꞌi dhu dhèu aaꞌi-aaꞌi ra pamadhe ètu sebhe dhèu aae dhèu aae dhèu aae. Ka dhèu aae Sodom laꞌe paraga dènge Yohanis ètu sebhe sebhe dhèu aae dhèu aae dhèu aae ètu sebhe dhèu aae dhèu aae dhèu aae dhèu aae dhèu aae dhèu aae ètu sebhe dhèu aae dhèu aae dhèu aae dhèu aae dhèu aae dhèu aae dhèu aae dhèu aae dhèu aae dhèu aae dhèu aae dhèu aae dhèu aae dhèu aae dhèu aae dhèu aae dhèu aae dhèu aae dhèu aae dhèu aae dhèu aae dhèu aae dhèu aae dhèu aae dhèu aae dhèu aae dhèu aae dhèu aae dhèu aae dhèu aae dhèu aae dhèu aae dhèu aae dhèu aae dhèu aae dhèu aae dhèu aae dhèu aae dhèu aae dhèu aae dhèu aae dhèu aae dhèu aae dhèu aae dhèu aae dhèu aae dhèu aae dhèu aae dhèu aae dhèu aae dhèu aae aae dhèu aae dhèu aae dhèu aae aae dhèu aae aae aae aae aae aae aae aae aae aae aae aae aae aae aae aae aae aae aa"
GEN 14:18,"and soothly melchizedek, king of salem, brought forth bread and wine, for he was the priest of the highest god;","tèu èèna, melkisedek, j'aj'i dhèu aae kota salem. aa nèngu ne j'aj'i kahèi ama agama nèti ama lamatua dhu dedha risi eele. na mai soru abram, nèti roti dènge èi hua anggor.","Melkisedek, kètu kota Salem. Melkisedek ne, kètu kapai Ama Lamatua ètu sorga. Nèngu ne, kètu kapai Ama Lamatua. Nèngu ne, kètu kapai Ama Lamatua ètu sorga."
GEN 14:19-20,"and he blessed abram, and said, blessed be abram of the high god, that made heaven and earth of nought, and blessed be the high god, by whom defending, thine enemies be betaken into thine hands. and abram gave tithes of all things to him.","ka na padhai lii ho hia berkat mi abram, aku nèngu na, ja'a sanao sèna ka ama lamatua, dhu dedha risi eele èèna, dhu paj'aj'i dedha-liru dènge rai-haha ne, hia mèngi-nale mi dedha èu. koa-kio ama lamatua dhu hia le èu segi musu. èle èèna ka, abram bagi hia melkisedek ca pala nèti canguru pala mèdha-panyau dhu na abhu hari sèra.","Èle èèna ka, nèngu jꞌajꞌi mèdha-panyau dhèu aaꞌi-aaꞌi èu. Aa nèngu jꞌajꞌi mèdha-panyau dhèu aaꞌi-aaꞌi èu. Èle èèna ka, nèngu jꞌajꞌi mèdha-panyau dhèu aaꞌi-aaꞌi èu. Èle èèna ka, nèngu jꞌajꞌi mèdha-panyau dhèu aaꞌi-aaꞌi èu. Èle èèna ka, nèngu jꞌajꞌi mèdha-panyau dhèu aaꞌi-aaꞌi èu. Èle èèna ka, nèngu jꞌajꞌi mèdha-panyau dhèu aaꞌi-aaꞌi èu. Èle èèna ka, nèngu jꞌajꞌi mèdha-panyau dhèu aaꞌi-aaꞌi èu. Èle èèna ka, nèngu jꞌajꞌi mèdha-panyau dhèu aaꞌi-aaꞌi dhu jꞌajꞌi mèdha-panyau èu."
GEN 14:21,"forsooth the king of sodom said to abram, give thou the men to me; take thou other things to thee.","hèia dhèu aae sodom èèna pahaha iisi na mi abram, peka na, ama. mèdha-panyau dhu èu abhu hari nèti musu ja'a sèra, hud'i laa ama ku abhu aa'i si. te ngaa dhu ja'a manèngi hari, dhoka dhèu-dhèu ja'a sèra.","Hèia dhèu aae Sodom peka dènge Abram, aku nèngu na, ""Sèmi neꞌe! Bèli-camèdꞌa dhèu seꞌe hia jaꞌa, te ngaa mèdha-panyau cahagꞌe hia èu."""
GEN 14:22,"and abram answered to him, i raise up mine hand to the high lord god, lord of heaven and of earth,","hèia abram b'ala ne, peka na, ja'a subha ètu madha ama lamatua dhu dedha risi eele, dhu tao dedha-liru dènge rai-haha,","Hèia Abram dhaa, aku nèngu na, ""Jaꞌa neo pahaha iisi jaꞌa mi Ama Lamatua. Jaꞌa pahaha iisi Jaꞌa mi Ama Lamatua dhu kapai risi. Jaꞌa pahaha iisi Jaꞌa mi Ama Lamatua dhu kapai risi. Jaꞌa pahaha iisi Jaꞌa mi Ama Lamatua. Jaꞌa pahaha iisi Jaꞌa mi Ama Lamatua. Jaꞌa pahaha iisi Jaꞌa mi Ama Lamatua dhu kapai risi ètu dedha-liru dènge rai-haha."
GEN 14:23,"that from the thread of the woof till to the lanyard of the hose, i shall not take anything of all things that be thine, lest thou say, i have made abram rich;","na, ja'a kore boe mèdha-panyau èu, masi ka ciki èèna ka. masi ka loa hèngu ca'èta sa, ja'a kore boe. dènge j'ara sèmi ne'e, èu baku peka na, ‘kakaja abram sèra mai nèti ja'a. '","Jaꞌa manèngi sèna ka jaꞌa sèmi mere mèdha-panyau èu aaꞌi-aaꞌi, toke mèdha-panyau mèdha-panyau èu. Dènge jꞌara neꞌe, èu bisa peka, na, 'Jaꞌa ka dhu paꞌèki le dènge dhèu unu jaꞌa, sèna ka abhu mèdha-panyau nèti mèdha-panyau èu, aa abhu mèdha-panyau nèti mèdha-panyau èu, aa abhu mèdha-panyau nèti mèdha-panyau èu, aa abhu mèdha-panyau nèti mèdha-panyau èu, aa abhu mèdha-panyau nèti mèdha-panyau èu, sèna ka abhu mèdha-panyau èu, sèna ka abhu mèdha-panyau nèti mèdha-panyau èu."
GEN 14:24,"except these things which the young men ate, and the parts of men that came with me, aner, eshcol, and mamre; these men shall take their parts.","ja'a parluu boe ngaa-ngaa. dhoka mia dhu dhèu ja'a se pake le, sèra èle le, ale ia ka. aa hud'i laa, angalai ja'a dhèu tèlu se: aner, eskol dènge mamre, hag'e rare unu rèngu di.","Jaꞌa neo sèmi èèna kahèi. Jaꞌa neo sèmi èèna kahèi. Jaꞌa neo sèmi èèna kahèi. Jaꞌa neo sèmi èèna kahèi. Jaꞌa neo sèmi èèna kahèi. Jaꞌa neo sèmi èèna kahèi. Jaꞌa neo sèmi èèna kahèi. Jaꞌa neo sèmi èèna kahèi. Jaꞌa neo sèmi èèna kahèi. Jaꞌa neo sèmi èèna kahèi. Jaꞌa neo sèmi èèna kahèi. Jaꞌa neo sèmi èèna kahèi. Jaꞌa neo sèmi èèna kahèi. Jaꞌa neo sèmi èèna kahèi. Jaꞌa neo sèmi èèna kahèi. Jaꞌa neo sèmi èèna kahèi."""
GEN 15:1,"and so when these things were done, the word of the lord was made to abram by a vision, and said, abram, do not thou dread, i am thy defender, and thy meed is full great.","èle èèna ka, lamatua pad'elo iisi na mi abram. ka na peka, aku nèngu na, abram! èu baku madha'u. lula ja'a ka dhu j'aj'i mi tami ho bhiri èu nèti musu. aa ja'a hia a'oto mi dedha èu.","Èle èèna ka, Lamatua padhai lii dènge Abram, aku Nèngu na, ""Ama Abram! Baku madhaꞌu, te Jaꞌa ka dhu parcaya dènge èu. Èu abhu jꞌajꞌèra aaꞌi-aaꞌi."
GEN 15:2-3,"and abram said, lord god, what shalt thou give to me? i shall go without free children, and this damascus, son of eliezer, the procurator of mine house, shall be mine heir. and abram added, soothly thou hast not given seed to me, and, lo! my born servant shall be mine heir.","te ngaa, aku abram na, masi ka ama lamatua hia ae-ae èèna ka, j'aj'i boe mi ngaa sa èci. lula ja'a ne dènge boe ana matana, ho hia ja'a ana-èpu. de dhu neo unu ae-ae sèmi èèna, tao mi ngaa? neu-neu ka, noto mi ènu ja'a elieser, dhèu damsik èèna. nèngu ka dhu sèmi nare aa'i-aa'i.","Èle èèna ka, Abram karèi, aku nèngu na, 'Ama Lamatua! Èu neo hia jaꞌa ngaa? Jaꞌa lèpa hari, te jaꞌa dènge boe ana. Te ngaa jaꞌa hudꞌi jꞌajꞌi dhèu aaꞌi-aaꞌi dhu jꞌajꞌi dhèu aaꞌi-aaꞌi ètu dꞌara èmu jaꞌa. Dhèu aaꞌi-aaꞌi èèna ka dhu jꞌajꞌi dhèu aaꞌi-aaꞌi ètu dꞌara èmu jaꞌa. Dhèu aaꞌi-aaꞌi èèna ka dhu jꞌajꞌi dhèu aaꞌi-aaꞌi ètu dꞌara èmu jaꞌa. Dhèu aaꞌi-aaꞌi dhu jꞌajꞌi dhèu aaꞌi-aaꞌi èèna ka dhu jꞌajꞌi dhèu aaꞌi-aaꞌi dhu jꞌajꞌi dhèu aaꞌi-aaꞌi ètu dꞌara èmu jaꞌa.'"
GEN 15:4,"and anon the word of the lord was made to him, and said, this shall not be thine heir, but thou shalt have him heir, that shall go out of thy womb.","te ngaa lamatua dhaa na, j'ara na sèmi boe èèna! ana d'èlu èu ku, dhu unu pusaka sèra. ènu èu abhu boe.","Hèia Lamatua peka dènge ne, aku Nèngu na, ""Nèngu ne, dhèu dhu jꞌajꞌi dhèu unu Ama Lamatua. Te dhèu dhu jꞌajꞌi dhèu unu Ama Lamatua dhu jꞌajꞌi dhèu unu Ama Lamatua, nèngu ka dhu jꞌajꞌi dhèu unu Ama Lamatua dhu jꞌajꞌi dhèu unu Ama Lamatua."""
GEN 15:5,"and the lord led out abram, and said to him, behold thou heaven, and number the stars, if thou mayest. and the lord said to abram, so thy seed shall be.","hèia nèti abram asa li'u, ka na peka, èu ladhe ku asa dedha-liru nèi. ladhe paie ku hua-hètu sèi. bisa iga more, do aad'o? bèli-camèd'a, ana-èpu èu sama sèmi hua-hètu sèi!","Èle èèna ka, Lamatua lasi asa liꞌu. Hèia Na peka dènge Abram, aku Nèngu na, ""Èu hudꞌi ladhe-leru asa dedha-liru. Èu hudꞌi pangee, na, abhu kahèi ana-èpu èu."" Hèia Lamatua peka dènge Abram, aku Nèngu na, ""Èu hudꞌi pangee, na, ana-èpu èu jꞌajꞌi sèmi èèna kahèi."""
GEN 15:6,"abram believed to god, and it was reckoned to him to rightwiseness.","ka abram sèmi nare lii padhai lamatua. aa lamatua tadhe ne, dhèu mola, lula abram lèka ne.","Nèti èèna ka, Abraham parcaya Ama Lamatua, hèia Ama Lamatua pangee, na, nèngu jꞌajꞌi dhèu dhu dꞌara mola."
GEN 15:7,"and god said to him, i am the lord, that led thee out of ur of chaldees, that i should give this land to thee, and thou shouldest have it in possession.","èle èèna ka, lamatua tuhu hari lii na, ja'a ne, ama lamatua. ja'a ka dhu lere kèti èu nèti rae ur, ètu rai dhèu kasdim sèra. aa rai ne'e ne, ja'a hia èu, sèna ka j'aj'i pusaka mu.","Èle èèna ka, Ama Lamatua peka dènge ne, aku Nèngu na, 'Jaꞌa ne, Lamatua. Jaꞌa ka dhu pajꞌujꞌu èu nèti rai Uru nèti dhèu Kaldea, sèna ka hia èu rai ne, sèna ka jꞌajꞌi unu èu.'"
GEN 15:8,"and abram said, lord god, where-by shall i know that i shall wield it?","te ngaa abram karèi, aku nèngu na, tasamia, lamatua? dènge j'ara sa mia ka ho ja'a ke'a na, rai ne j'aj'i pusaka ja'a?","Hèia Abram karèi, aku nèngu na, ""Ama Lamatua! Nga tao ka jaꞌa keꞌa, na, jaꞌa ne dhèu aaꞌi-aaꞌi?"""
GEN 15:9,"and the lord answered, and said, take thou to me a cow of three years, and a goat of three years, and a ram of three years, and a turtledove, and a culver.","ka na dhaa, peka na, sèmi ne'e! mai ti tao madha j'ara èci, dhu pa'èki lii padhai lii ja'a deo na. de lamu more sapi rena ci'u, kahib'i rena ci'u, dènge kahib'i-kalèbho mone ci'u. aa'i-aa'i sèra hud'i dhu umur tèlu tèu. aa mèti kahèi koro iia ci'u, dènge koro j'aha ci'u.","Hèia lamatua na dhaa, aku nèngu na, 'Sèmi neꞌe: mai hia jaꞌa sapi ca dhèu, kahibꞌi-kalèbho ca dhèu, kahibꞌi-kalèbho ca dhèu, kahibꞌi-kalèbho ca dhèu, kahibꞌi-kalèbho ca dhèu, dènge kahibꞌi-kalèbho ca dhèu.'"
GEN 15:10,"which took all these things, and parted those or them by the midst or the middle, and setted or put ever either part each against other; but he parted not the birds.","ka abram la'e nare badha sèra. hèia na kacèb'e bagi mi dua, sapi, kahib'i, dènge kahib'i-kalèbho sèra. ka na pale sisi se mi rai, dhu èci patangara dènge èci, j'aj'i mi dua b'aris. te ngaa na kacèb'e boe manu-bhui sèra.","Èle èèna ka, Ama Lamatua bhoke manu-bhui sèra, sèna ka babège eele aaꞌi-aaꞌi ra. Èle èèna ka, Ama Lamatua bhoke eele aaꞌi-aaꞌi ra, aa babège eele aaꞌi-aaꞌi ra, aa babège eele aaꞌi-aaꞌi ra, aa babège eele aaꞌi-aaꞌi ra, aa babège eele aaꞌi-aaꞌi ra. Te ngaa Ama Lamatua bhoke boe manu-bhui sèra, sèna ka babège eele aaꞌi-aaꞌi ra."
GEN 15:11,"and fowls came down on the carrions, and abram drove them away.","ka manu-bhui dhu tema ra'a sisi sèra, mai ho neo ra'a sisi se'e. te ngaa abram bhabhoo eele si.","Èle èèna ka, manu-bhui aaꞌi-aaꞌi titu kèna ètu dꞌara ajꞌu-jꞌuꞌu sèra. Hèia Abram pajꞌajꞌi manu-bhui aaꞌi-aaꞌi ètu dꞌara ajꞌu-jꞌuꞌu sèra ètu dꞌara ajꞌu-jꞌuꞌu sèra. Èle èèna ka, abhu manu-bhui aaꞌi-aaꞌi ètu dꞌara ajꞌu-jꞌuꞌuꞌu sèra ètu dꞌara ajꞌu-jꞌuꞌuꞌu ètu dꞌara ajꞌu-jꞌuꞌuꞌuꞌu-jꞌuꞌuꞌuꞌu-jꞌuꞌuꞌu-jꞌuꞌu-jꞌuꞌu-jꞌu-jꞌu-jꞌu-jꞌu-jꞌu-jꞌu-jꞌu-jꞌu-jꞌu-jꞌu-jꞌu-jꞌu-jꞌu-jꞌu-jꞌu-jꞌu-jꞌu-jꞌu-jꞌu-jꞌu-jꞌu-jꞌu-jꞌu-jꞌu-jꞌu-jꞌu-jꞌu-jꞌu-jꞌu-jꞌu-jꞌu-jꞌu-jꞌu-jꞌu-jꞌu-jꞌu-jꞌu-jꞌu-jꞌu-jꞌu-jꞌu-jꞌu-jꞌu-jꞌu-jꞌu-jꞌu-jꞌu-jꞌu-jꞌu-jꞌu-jꞌu-jꞌu"
GEN 15:12,"and when the sun was gone down, dread felled on abram, and a great hideousness and dark assailed him.","ropa lod'o cèna, abram bhèj'i luu. na nii, kuri na maroga mai sarimu nare nèngu, ka na madha'u titu kèna.","Ropa dꞌai madha lodꞌo, hèia Abram madhaꞌu dènge madhaꞌu."
GEN 15:13-15,"and it was said to him, know thou a before-knowing, that thy seed shall be a pilgrim four hundred years in a land not his own, and they shall make them subject to servage, and they shall torment them; nevertheless i shall deem the folk to whom they shall serve; and after these things they shall go out with great chattel or substance. forsooth thou shalt go to thy fathers in peace, and shalt be buried in good eld age.","ka ama lamatua peka dènge ne, abram! èèna na èu mamuri toke heka bhoro, aa madhe dènge be'a, ka ra padhane èu dènge be'a. te ngaa ana-èpu èu, èèna na j'aj'i dhèu tao mai ètu kabarai dhèu. ho èèna na, dhèu isi rai sèra, tao si sèmi ènu sa, ka ra ènyi aa paj'èra si, toke èpa ngasu tèu. te, ladhe èèna na, ja'a huku si. ho èèna na, ja'a kèti hari ana-èpu èu nèti era èèna, aa dènge mèdha-panyau ra ae-ae.","Ama Lamatua peka dènge ne, aku Nèngu na, ""Èu meꞌa le, na, ana-èpu èu sèra hudꞌi pea ètu rai èci, ètu rai èèna. Ètu rai èèna, rèngu jꞌajꞌi dhèu sabꞌa, aa jꞌajꞌi dhèu dhu jꞌajꞌi dhèu aaꞌi-aaꞌi. Te ngaa Jaꞌa pamaꞌète lii langu dhèu leo sèra. Èle èèna ka, bèli-camèdꞌa rèngu tèke eele nèti sorga, dènge mèdha-panyau aaꞌi-aaꞌi ra. Èle èèna ka, èu lèpa dènge dhèu aaꞌi-aaꞌi èu. Èle èèna ka, bèli-camèdꞌa èu madhe le."""
GEN 15:16,"soothly in the fourth generation they shall turn again hither, for the wickedness of the amorites be not yet full-filled, till to present time.","aa èèna na, ja'a ator ho ana-èpu èu dhu ka lèmi kèti hari si asa ne'e mai. limuri ne, dhèu amori dhu pea ètu rai ne'e. dhèu se'e dhèu bhelu, te ngaa dhae bhelu iia mèka. ladhe ana-èpu èu sèra lèpa hari asa era ne'e, ja'a neo pake si ho huku palaho dhèu amori sèra. lula d'ai taa èèna, bhabhelu ra asa hino.","Te ngaa ètu rai ka èpa, dhèu aaꞌi-aaꞌi hudꞌi lèpa hari asa neꞌe, lula dhèu Amor dhu tao jꞌara bhelu-katubꞌa sèra, tao jꞌara bhelu-katubꞌa toke dꞌai lodꞌo neꞌe. Nèti èèna ka, dhèu aaꞌi-aaꞌi hudꞌi lèpa hari asa neꞌe."""
GEN 15:17,"therefore when the sun was gone down, a dark mist was made, and a furnace smoking appeared, and a lamp of fire, and passed through those partings.","ropa d'ai mèda sa, cag'ag'a laa ètu era èèna, abhu èru rai èci dhu sèb'u poka-poka, dènge badhu ai èci dhu heo, kako re sasanga sisi dua baris se.","Ropa dꞌai madha lodꞌo, bèli-camèdꞌa bèli-camèdꞌa bèli-camèdꞌa bèli-camèdꞌa bèli-camèdꞌa bèli-camèdꞌa bèli-camèdꞌa bèli-camèdꞌa bèli-camèdꞌa bèli-camèdꞌa bèli-camèdꞌa bèli-camèdꞌa bèli-camèdꞌa bèli-camèdꞌa bèli-camèdꞌa bèli-camèdꞌa."
GEN 15:18,"in that day the lord made a covenant of peace with abram, and said, i shall give to thy seed this land, from the river of egypt till to the great river euphrates;","lod'o èèna, lamatua pa'èki lii pajaji dènge abram. na peka na, ja'a jaji mema èu kèna, bèli-camèd'a ja'a pangèd'u mi ana-èpu èu rai ne'e ne, mulai nèti loko masir, d'ai loko efrat,","Lodꞌo èèna, Lamatua paꞌèki lii pajaji dènge Abram, aku Nèngu na, ""Bèli-camèdꞌa èu èèna, Jaꞌa bꞌae le rai ne, nèti dꞌara dano Masir, toke dꞌai èmu aae, ngara na Efrat, sèna ka jꞌajꞌi dhèu unu Lamatua."
GEN 15:19,"the lands of the kenites, and kenizzites, and kadmonites,","dènge rai dhèu keni, dhèu kenas, dhèu kadmon,","rai-haha dhèu Keni, Kenizzit, Kadmonit,"
GEN 15:20,"and hittites, and perizzites, and rephaims,","dhèu het, dhèu feris, dhèu refaim,","hadhu-hadhu, hadhu-hadhu, hadhu-hadhu, hadhu-hadhu, hadhu-hadhu, hadhu-hadhu, hadhu-hadhu, hadhu-hadhu, hadhu-hadhu, hadhu-hadhu, hadhu-hadhu, hadhu-hadhu, hadhu-hadhu, hadhu-hadhu, hadhu-hadhu, hadhu-hadhu, hadhu-hadhu, hadhu-hadhu, hadhu-hadhu, hadhu-hadhu, hadhu-hadhu, hadhu-hadhu, hadhu-hadhu, hadhu-hadhu, hadhu-hadhu, hadhu-hadhu, hadhu-hadhu, hadhu-hadhu, hadhu-hadhu, hadhu-hadhu, hadhu-hadhu, hadhu-hadhu, hadhu-hadhu, hadhu-hadhu, hadhu-hadhu, hadhu-hadhu, hadhu-hadhu,"
GEN 15:21,"and amorites, and canaanites, and girgashites, and jebusites.","dhèu amori, dhèu kana'an, dhèu girgasi, dènge dhèu yebus.","dhèu Amori, dhèu Kanaan, dhèu Girgashi, dènge dhèu Yebus."
GEN 16:1-3,"therefore sarai, the wife of abram, had not engendered to him free children; but she had a servantess of egypt, hagar by name, and sarai said to her husband, lo! the lord hath closed me, that i should not bear child; enter thou in to my servantess, if in hap i shall take children, namely of her. and when he assented to her praying, she took hagar the egyptian, her servantess, after ten years after that they began to inhabit the land of canaan, and she gave hagar asa wife to her husband.","tèu èèna, abram lèpa hari le nèti masir, ka na pea le canguru tèu ètu kana'an. dhèu èmu na sarai abhu mèka kolo. sarai dènge ènu bhèni ca dhèu nèti masir, ngara na hagar. ca lod'o, sarai peka dènge abram, aku nèngu na, a'a. lamatua hia boe ja'a ana. de hua iia, lamu j'unu dènge ènu ja'a, hagar, sèna ka na hia ja'a ana. ka abram madhutu lii dhèu èmu na. ka sarai hia hagar j'aj'i dhèu èmu ka dua abram.","Nèti èèna ka, Sarai, dhèu èmu Abram, padhai lii dènge ne, aku nèngu na, ""Aadꞌo! Ladhe jaꞌa abhu dhèu èmu jaꞌa, heka jaꞌa abhu dènge dhèu èmu jaꞌa, heka jaꞌa abhu dènge dhèu èmu jaꞌa. De ladhe jaꞌa abhu dènge dhèu èmu jaꞌa, jaꞌa abhu dènge dhèu èmu jaꞌa."" Hèia Sarai padhai lii sèmi èèna. Ropa dhèu aaꞌi-aaꞌi mulai mamuri ètu rai Kanaan, hèia Sarai padhai lii dènge dhèu èmu na, ngara na Hagar, dhèu èmu Masir. Èle èèna ka, heka Sarai hia heka Hagar, ho jꞌajꞌi dhèu èmu asa dhèu èmu na, ho jꞌajꞌi dhèu èmu na."
GEN 16:4,"and abram entered in to hagar; and hagar saw that she had conceived, and she despised her lady.","hèia abram j'unu dènge hagar, ka na dènge babia. ropa hagar ne'a nèngu dènge babia le, ka na padedha iisi na, aa na pahae heka sarai.","Èle èèna ka, Abram maso asa Hagar. Ropa Hagar neꞌa, na, na, dhèu bhèni ne dènge bèdho, ka na pakajꞌalu dhèu bhèni na."
GEN 16:5,"and sarai said to abram, thou doest wickedly against me; i gave my servantess into thy bosom, which seeth that she hath conceived, and despiseth me; the lord deem betwixt me and thee.","ka sarai peka dènge abram, aku nèngu na, ja'a ka dhu hia nèngu mi èu j'aj'i dhèu èmu ka dua. te ngaa ropa na dènge babia, na pusi pahae heka ja'a! ne'e ne, sala èu! de hud'i laa, sèna ka lamatua ka dhu pama'ète lii èdhi dua ti! heka èu me'a kèna!","Hèia Sarai peka dènge Abram, aku nèngu na, ""Èu tao jꞌara bhelu-katubꞌa dènge jaꞌa. Lula jaꞌa hia bhèni bhèni jaꞌa ètu dꞌara ngiꞌu èu, te ngaa nèngu ladhe nèdhi, na, jaꞌa jꞌajꞌi ana bèdho. Nèti èèna ka, Lamatua pajꞌèra jaꞌa dènge èu."""
GEN 16:6,"and abram answered and said to her, lo! thy servantess is in thine hand; use thou her as thee liketh. therefore for sarai tormented her, she fled away.","ka abram dhaa, peka na, sèmi ne'e, wee! èu ne, dhèu èmu uru. aa nèngu, dhèu èmu limuri. de èu ne dhu mèd'u paredha. de èu neo tao ne tasamia, èèna ètu èu na! ka sarai mulai tao sakaa hua dènge hagar, hèia na rai.","Hèia Abram dhaa, aku nèngu na, ""Sèmi neꞌe! Jaꞌa ne, ana bhèni èu. Padꞌelo ku dènge jaꞌa madhutu dadꞌèi èu."" Nèti èèna ka Sarai tao bhèni ne jꞌajꞌèra, hèia Sarai laꞌe laꞌe."
GEN 16:7,"and when the angel of the lord had found her beside a well of water in wilderness, which well is in the way of shur in desert,","na rai d'ai d'ara mamoo. hèia ana pajuu lamatua nèti sorga ca dhèu, rage ne dètu dènge madha èi, ètu j'ara la'e asa sur.","Èle èèna ka, ana pajuu Lamatua nèti sorga laꞌe paraga dènge Elisabet ètu sebhe dꞌara jꞌara èi ètu dꞌara mamoo ètu dꞌara jꞌara, nuka sebhe èi ètu dꞌara kota Sur."
GEN 16:8,"he said to her, from whence comest thou hagar, the servantess of sarai, and whither goest thou? which answered, i flee from the face of sarai, my lady.","ka na lii, aku nèngu na, èu ne hagar, ènu sarai. nga tao ka èu ètu ne'e? èu mai nèti mia, aa lamu mia? hèia hagar dhaa, aku nèngu na, ja'a rai nèti d'ara èmu lamatua ja'a.","Hèia na karèi ne, aku nèngu na, ""Hagar, ana bhèni Sarai. Èu mai nèti mia? Èu laꞌe asa mia?"" Hèia Sarai dhaa, aku nèngu na, ""Ama! Jaꞌa pakèdꞌi nèti Sarai."""
GEN 16:9,"and the angel of the lord said to her, turn thou again to thy lady, and be thou meeked under her hands.","ka ana pajuu èèna pamako ne, aku nèngu na, sèmi ne'e! be'a risi, èu lèpa hari asa adhe-aai sarai, lamatua èu. masi ka na tao èu tasamia èèna ka, sèmi la.","Hèia ana pajuu Lamatua ne peka dènge ne, aku nèngu na, ""Lamu lèpa dènge bhèni èu, ho jꞌajꞌi dhèu pajuu-paleha èu."""
GEN 16:10,"and again he said, i multiplying shall multiply thy seed, and it shall not be numbered for multitude.","baku madha'u. bèli-camèd'a, ja'a pabèba ana-èpu èu pa'ae-ae, toke dhèu ige rare boe.","Èle èèna ka, Ama Lamatua peka dènge ne, aku Nèngu na, ""Sèmi neꞌe: Jaꞌa padꞌelo le jꞌajꞌèra èu, sèna ka ana-èpu èu jꞌajꞌi dhèu ae-ae."""
GEN 16:11,"and afterward he said, lo! thou hast conceived, and thou shalt bear a son, and thou shalt call his name ishmael, for the lord hath heard thy torment;","èu dhu dènge babia. nèbhu heka, èu mora iisi ana mone ca dhèu. èèna na mu pangare ne ismael dhu sasoa na ‘lamatua tadèngi', lula lamatua tadèngi le lii roma iisi èu.","Èle èèna ka, Ama Lamatua peka dènge ne, 'Èu jꞌajꞌi dhèu bhèni. Èu abhu ana mone ca dhèu. Èu hudꞌi paroa ne, Ismael, lula Lamatua tadèngi le jꞌajꞌèra èu."
GEN 16:12,"this shall be a wild man; his hand shall be against all men, and the hands of all men shall be against him; and he shall set his tabernacles even against all his brethren.","ropa ana ne kapai, na mamuri pakaj'èu nèti a'ari na. lula nèngu ne, sama sèmi jara hui dhu d'èi boe nanene lii paredha. sad'i dhèu cee èèna ka, na sisu. aa dhèu aa'i-aa'i lab'a ne kahèi.","Nèngu jꞌajꞌi dhèu bhelu-katubꞌa, aa dhèu aaꞌi-aaꞌi jꞌajꞌi dhèu bhelu-katubꞌa. Nèngu jꞌajꞌi dhèu bhelu-katubꞌa, aa dhèu aaꞌi-aaꞌi jꞌajꞌi dhèu bhelu-katubꞌa. Nèngu jꞌajꞌi dhèu bhelu-katubꞌa, sèna ka jꞌajꞌi dhèu bhelu-katubꞌa. Nèngu jꞌajꞌi dhèu bhelu-katubꞌa, sèna ka jꞌajꞌi dhèu bhelu-katubꞌa. Nèngu jꞌajꞌi dhèu bhelu-katubꞌa, sèna ka jꞌajꞌi dhèu bhelu-katubꞌa, sèna ka jꞌajꞌi dhèu bhelu-katubꞌa."
GEN 16:13,"forsooth hagar called the name of the lord that spake to her, thou god that sawest me; for she said, forsooth here i saw the hinder things of him that saw me.","ropa tadèngi nare, hagar ngee ka ètu d'ara na, aku nèngu na, ja'a kèdhi le lamatua, dhu ladhe-leru aa madhenge ja'a. hèia na hia ngara mi lamatua, lamatua dhu ladhe-leru ja'a.","Nèti èèna ka, Hagar paroa dhèu dhu padhai lii dènge ne, 'Èu ne, dewa dhu ladhe mèdhi jaꞌa.' Nèti èèna ka, Hagar peka, na, ""Jaꞌa ladhe mèdhi dhèu dhu ladhe mèdhi jaꞌa."""
GEN 16:14,"therefore she called that well, the well of him that liveth and seeth me; that well is betwixt kadesh and bered.","nèti èèna ka, dhèu pangare madha èi na, beer lahai roi, dhu sasoa na madha èi nèti nèngu dhu mamuri, dhu ladhe-leru ja'a. era na, ètu talora aae nèti rae kades dènge rae beret. madha èi ne, abhu era toke d'ai sange ne'e.","Nèti èèna ka, bhèni ne paroa èi èi èi èi èi èi èi èi èi èi èi èi èi èi èi èi èi èi èi èi èi èi. Èi èi èi èi èi èi èi èi èi èi èi èi èi èi èi èi èi èi èi èi èi."
GEN 16:15,"and hagar childed a son to abram, which called his name ishmael.","èle èèna ka, hagar lèpa hari. hèia nara iisi ana mone ca dhèu. abram pangare ne ismael.","Èle èèna ka, Hagar bhèni ana mone mi Abraham. Hagar bhèni ne, ngara na Ishmael."
GEN 16:16,"abram was eighty years and six, when hagar childed ishmael to him.","lod'o hagar nare iisi ismael, umur abram aru nguru èna tèu kèna.","Èle èèna ka, Hagar bhèni Isakel."
GEN 17:1,"forsooth after that abram began to be of ninety years and nine, the lord appeared to him, and said to him, i am almighty god; go thou before me, and be thou perfect;","ropa umur abram d'ai ceo nguru ceo tèu, lamatua mai pad'elo iisi dènge ne. ka na peka dènge abram, aku nèngu na, ja'a ne, ama lamatua dhu koasa risi eele. èu hud'i madhutu taruu dad'èi ja'a, dènge j'ara mamuri èu hud'i mola.","Èle èèna ka, Abram dꞌai èpa nguru tèu lodꞌo, hèia Lamatua padhai lii dènge ne, aku Nèngu na, ""Jaꞌa ne, Ama Lamatua dhu koasa aaꞌi-aaꞌi. Èu hudꞌi laꞌe asa madha Jaꞌa, ho jꞌajꞌi dhèu mola-mèci."
GEN 17:2,and i shall set my covenant of peace betwixt me and thee; and i shall multiply thee full greatly.,ja'a neo pa'èki lii pajaji dènge èu. aa ja'a neo pabèba kacanga ana-èpu èu.,"Èèna na Jaꞌa tao paꞌèci dènge èu, sèna ka èu mamuri paꞌèci dènge Jaꞌa. Èèna na Jaꞌa tao paꞌèci dènge èu, sèna ka èu jꞌajꞌi dhèu ae-ae."
GEN 17:3,"and abram felled down low on his face. and god said to him,","hèia abram patitu kètu urutuu, ka na pacud'u kètu d'ai rai. ka ama lamatua tuhu hari lii padhai lii na, aku nèngu na,","Hèia Abraham patitu kètu urutuu. Hèia Ama Lamatua peka dènge ne, aku Nèngu na,"
GEN 17:4-5,"i am, and my covenant of peace is with thee, and thou shalt be the father of many folks; and thy name shall no more be called abram, but thou shalt be called abraham, for i have made thee the father of many folks;","lii pajaji ja'a dènge èu sèmi ne'e ka: èèna na, èu j'aj'i bèi-baki nèti suku ae-ae. nèti èèna ka, èu pake ia ka ngara èu abram dhu sasoa na ‘ama dhu dhèu tadhe', te ngaa abraham dhu sasoa na ‘bèi-baki nèti suku ae-ae'.","Nèti èèna ka, dhèu aaꞌi-aaꞌi ra paroa èu, aku rèngu na, ""Ama! Jaꞌa paꞌèki le dènge èu, sèna ka èu jꞌajꞌi dhèu aaꞌi-aaꞌi nèti suku aaꞌi-aaꞌi. Te ngaa èu jꞌajꞌi boe Abraham. Te Jaꞌa tao èu jꞌajꞌi dhèu aaꞌi-aaꞌi nèti suku aaꞌi-aaꞌi."
GEN 17:6,"and i shall make thee to wax full greatly, and i shall set thee in folks, and kings shall go out of thee;",ja'a neo pabèba kacanga ana-èpu èu ae-ae. ja'a paj'aj'i si suku ae-ae. aa ja'a ded'e dhèu aae ae nèti rèngu sèra.,"Bèli-camèdꞌa, èu jꞌajꞌi dhèu ae-ae. Èu jꞌajꞌi dhèu-dhèu nèti suku-suku leo, aa dhèu aae-dhèu aaꞌi-aaꞌi mai nèti èu."
GEN 17:7,"and i shall make my covenant between me and thee, and between thy seed after thee, in their generations, by everlasting bond of peace, that i be thy god, and of thy seed after thee;","ja'a sanèd'e taruu lii pajaji ja'a dènge èu, aa dènge ana-èpu èu sèra. lii pajaji ne ma'ète boe toke taa-taa, lula ja'a ne'e ka ama lamatua nèti èu dènge ana-èpu mu.","Jaꞌa neo paꞌèki paꞌèki aaꞌi-aaꞌi dènge èu, dènge ana-èpu èu aaꞌi-aaꞌi ra, sèna ka jꞌajꞌi Ama Lamatua mi dhèu aaꞌi-aaꞌi. Jaꞌa tao paꞌèki aaꞌi-aaꞌi, sèna ka jꞌajꞌi Ama Lamatua mi dhèu aaꞌi-aaꞌi ra."
GEN 17:8,"and i shall give to thee, and to thy seed after thee, the land of thy pilgrimage, all the land of canaan, into everlasting possession, and i shall be the god of them.","rai kana'an ne aa'i-aa'i, bèli-camèd'a ja'a hia mi èu dènge ana-èpu èu. ne'e ne, èu dhoka pea manubha di ètu ne'e. te ngaa èèna na, j'aj'i mi unu ana-èpu èu toke taa-taa. aa ja'a j'aj'i ama lamatua rèngu sèra kahèi.","Èu dènge ana-èpu èu dhu jꞌajꞌi dhèu sabꞌa ètu rai-haha ne, èèna na Jaꞌa pangèdꞌu rai Kanaꞌan aaꞌi-aaꞌi, sèna ka jꞌajꞌi mi dedha-liru. Èèna na Jaꞌa jꞌajꞌi Ama Lamatua mi dhèu aaꞌi-aaꞌi ra."""
GEN 17:9-10,"god said again to abraham, and therefore thou shalt keep my covenant, and thy seed after thee, in their generations. this is my covenant, which ye shall keep, betwixt me and you, and thy seed after thee; each male kind of you shall be circumcised,","te ngaa èu dènge ana-èpu èu sèra, hud'i kèpe pa'èra lii pajaji ne, dènge d'ara kateme ku. dhèu mone aa'i-aa'i ra, hud'i suna ku.","Èle èèna ka, Ama Lamatua peka hari dènge Abraham, aku Nèngu na, 'Miu aaꞌi-aaꞌi mi, ana-èpu miu aaꞌi-aaꞌi mi, hudꞌi suna ku dhèu aaꞌi-aaꞌi dhu jꞌajꞌi dhèu unu Jaꞌa."
GEN 17:11-13,"and ye shall circumcise the flesh of your man's rod, that it be into a sign of bond of peace betwixt me and you. a young child of eight days shall be circumcised in you, all male kind in your generations, as well a born servant of your household, as a servant bought, shall be circumcised, and whoever is of your kindred, he shall be circumcised; and my covenant shall be in your flesh into everlasting bond of peace.","ne'e ne, mone aa'i-aa'i hud'i suna, mulai nèti umur aru lod'o. a'ari èu, dhèu-dhèu sab'a èu, dènge ènu dhu èu hèli more nèti rai leo, aa'i-aa'i ra hud'i suna si. suna na j'aj'i tadha mi ngi'u miu, dhu pa'èki èdhi taa-taa.","Lodꞌo èèna, miu hudꞌi suna ana mone aaꞌi-aaꞌi mi, sèna ka jꞌajꞌi dhèu unu Ama Lamatua. Èèna hudꞌi suna kahèi ana mone aaꞌi-aaꞌi mi, sèna ka jꞌajꞌi dhèu unu Ama Lamatua. Dènge jꞌara neꞌe, miu hudꞌi suna kahèi, sèna ka jꞌajꞌi dhèu unu Lamatua. De miu hudꞌi suna kahèi, sèna ka jꞌajꞌi dhèu unu Lamatua, sèna ka jꞌajꞌi dhèu unu Lamatua. De miu hudꞌi suna kahèi, sèna ka jꞌajꞌi dhèu unu Lamatua, sèna ka jꞌajꞌi dhèu unu Lamatua. De miu hudꞌi suna kahèi, sèna ka jꞌajꞌi dhèu unu Lamatua, sèna ka jꞌajꞌi dhèu unu Lamatua, sèna ka jꞌajꞌi dhèu unu Lamatua. De miu hudꞌi suna kahèi, sèna ka jꞌajꞌi dhèu unu Lamatua, sèna ka jꞌajꞌi dhèu unu Lamatua, sèna ka jꞌajꞌi dhèu unu Lamatua."
GEN 17:14,"a man whose flesh of his rod shall not be circumcised, that man shall be done away from his people; for he made void my covenant.","mone mia dhu suna boe, rèngu sèra maso boe ètu d'ara lii pajaji ja'a ne, aa rèngu sèra j'aj'i boe dhèu ja'a kahèi.","Te ngaa ladhe dhèu dhu suna boe, nèngu hudꞌi pamadhe nèti dhèu aaꞌi-aaꞌi ra, lula nèngu roꞌo boe paꞌèki dènge Jaꞌa."""
GEN 17:15,"also god said to abraham, thou shalt not call sarai, thy wife, sarai, but sarah;","èle èèna ka, ama lamatua peka hari, aku nèngu na, nèti deo ne'e ne, èu paroa ia ka ngara dhèu èmu mu sarai, te ngaa sara.","Èle èèna ka, Ama Lamatua peka hari dènge Abraham, aku Nèngu na, ""Èu baku paroa dhèu èmu èu, Sarai, te ngaa èu paroa dhèu èmu èu, Sarai."
GEN 17:16,"and i shall bless her, and of her i shall give to thee a son, whom i shall bless, and he shall be into nations, and kings of peoples shall be born of him.","èèna na ja'a hia mamèngi ae-ae mi sara, sèna ka nara iisi hia èu, ana mone ca dhèu. tare'a! bèli-camèd'a, sara j'aj'i bèi nèti suku ae-ae. aa èèna na, ja'a ded'e dhèu aae ae-ae nèti ana-èpu nèngu.","Bèli-camèdꞌa Jaꞌa paꞌèki le dènge ana mone nèti neꞌe. Bèli-camèdꞌa Jaꞌa paꞌèki le dènge ana mone nèti neꞌe, sèna ka jꞌajꞌi dhèu ae-ae nèti suku aaꞌi-aaꞌi. Dhèu aae nèti neꞌe, jꞌajꞌi dhèu aae-dhèu nèti suku aaꞌi-aaꞌi."
GEN 17:17,"abraham felled down on his face, and laughed in his heart, and said, guessest thou, whether a child shall be born to a man of an hundred years, and sarah of ninety years shall bear a child?","hèia abraham patitu kètu urutuu ka pacud'u kètu d'ai rai. te ngaa na mari ètu d'ara. na pangee, na, mone heka bhora dhu cangasu tèu sama sèmi ja'a ne, bisa abhu ana era? aa sara dhu heka gagoo-gagehu ne, dhu ceo nguru tèu kèna, nara iisi hari sa mia?","Èle èèna ka, Abraham patitu kètu urutuu na, ka na reꞌa. Hèia na peka, aku nèngu na, ""Èu pangee, na, jaꞌa abhu ca dhèu ca dhèu, lodꞌo jaꞌa dènge nguru tèu lodꞌo, te ngaa Sara dhu dènge nguru tèu lodꞌo èèna, abhu ca dhèu?"
GEN 17:18,"and he said to the lord, i would that ishmael might live before thee.","ka na peka dènge lamatua, aku nèngu na, hud'i ka laa, ismael ka dhu abhu pusaka ja'a èèna ka, ngaa-ngaa tao boe.","Hèia na peka dènge Ama Lamatua, aku nèngu na, ""Sèmi neꞌe! Jaꞌa manèngi sèna ka Ismael pea ètu madha ama."""
GEN 17:19,"and the lord said to abraham, sarah, thy wife, shall bear a son to thee, and thou shalt call his name isaac, and i shall make my covenant with him into everlasting bond of peace, and to his seed after him;","te ngaa aku ama lamatua na, aad'o sèmi èèna! bèli-camèd'a, dhèu èmu mu sara, nara iisi ana mone ca dhèu. pangare ne isak. lii jaji ja'a ne, lèke mi nèngu dènge ana-èpu na toke mia-mia.","Èle èèna ka, Lamatua peka dènge Abraham, aku Nèngu na, ""Bèli-camèdꞌa, dhèu èmu èu, Sara, bèli-camèdꞌa jꞌajꞌi dhèu unu èu. Èu hudꞌi pangare ne Isak. Èèna na Jaꞌa tao paꞌèki dènge ne, sèna ka èu dènge ana-èpu na bisa mamuri paꞌèci dènge dꞌara beꞌa."
GEN 17:20,"also on ishmael i have heard thee, lo! i shall bless him, and i shall increase him, and i shall multiply him greatly; he shall engender twelve dukes, and i shall make him into a great folk.","ja'a tadèngi le ngaa dhu èu manèngi kahèi, hia ismael. nèti èèna ka, ja'a hia berkat mi nèngu kahèi, aa hia ana-èpu na tabha ae. bèli-camèd'a ana-èpu ismael ne, j'aj'i mi canguru dua kapala suku. aa ana-èpu na suku èci dhu kapai.","Jaꞌa tadèngi lii pajaji èu, Isak. Èèna na, Jaꞌa pakabꞌua ne. Jaꞌa paꞌèki dènge ne. Jaꞌa paꞌèki dènge ne. Jaꞌa paꞌèki dènge ne. Jaꞌa paꞌèki dènge ne, toke na jꞌajꞌi dhèu kapai canguru dua. Jaꞌa tao nèngu jꞌajꞌi dhèu aaꞌi-aaꞌi, aa dhèu aaꞌi-aaꞌi ra jꞌajꞌi dhèu aaꞌi-aaꞌi."
GEN 17:21,"forsooth i shall make my covenant with isaac, whom sarah shall child to thee in this time in the tother year.","masi ka sèmi èèna, lii pajaji ja'a ne, lèke dhoka mi ana mu isak di. tèu mai ni, hèru sèmi ne'e kahèi, sara nara iisi le.","Te ngaa Jaꞌa paꞌèki le dènge Isak. Èle èèna ka, dꞌai lodꞌo èèna, Sara bhoke le ana nèti èu, nuka Isak."""
GEN 17:22,"and when the word of the speaker with him was ended, god ascended from abraham.","ropa padhai lii nare, ka ama lamatua tèke eele abraham.","Èle èèna ka, Ama Lamatua caꞌe nèti Abraham."
GEN 17:23-27,"forsooth abraham took ishmael, his son, and all the born servants of his house, and all which he had bought, all the males of all men of his house, and circumcised the flesh of their rods, anon in that day, as the lord commanded to him. abraham was of ninety years and nine when he circumcised the flesh of his rod, and ishmael, his son, had filled thirteen years in the time of his circumcision. abraham was circumcised in the same day, and ishmael his son, and all the men of his house, as well born servants, as those bought and aliens, were circumcised together.","lod'o èèna kahèi, abraham tao dènge ka, madhutu sèmi lii paredha ama lamatua. ka na suna. na suna ana na, ismael, dènge dhèu mone aa'i-aa'i dhu pea dènge ne. lod'o èèna, umur abraham ceo nguru ceo tèu le, aa ismael canguru tèlu tèu.","Èle èèna ka, Abraham suna Isak, ana na, dènge dhèu aaꞌi-aaꞌi ètu dꞌara èmu na. Ropa Isak suna Isak, hèia Isak suna Isak dènge dhèu aaꞌi-aaꞌi ètu dꞌara èmu na, dènge dhèu aaꞌi-aaꞌi ètu dꞌara èmu na."
GEN 18:1,"forsooth in the valley of mamre the lord appeared to abraham, sitting in the door of his tabernacle, in that heat of the day.","ca tèka, abraham pea padètu dènge aj'u aae canau ètu mamre. lamatua mai pad'elo iisi na mi nèngu ètu era èèna. lii lolo na sèmi ne'e ka: lod'o èèna, sagoro ae titu kèna, ka abraham madhèdi ètu hèb'a paleo na, sèna ka abhu ngèlu g'oro ciki.","Èle èèna ka, Abraham madhèdi ètu dꞌara hèbꞌa èmu na, ètu sebhe Mamre."
GEN 18:2,"and when abraham had raised up his eyes, three men appeared to him, and stood nigh to him. and when he had seen them, he ran from the door of his tabernacle into the meeting of them, and he worshipped on the earth,","ropa abraham boti kètu na, ladhe nèdhi dhèu tèlu dhu titu kaj'èu boe nèti era èèna. hèia na rai la'e soru nare si. ropa na d'ai madha si, na patitu kètu urutuu na,","Èle èèna ka, Abraham ladhe-leru. Hèia na ladhe nèdhi dhèu tèlu dhu titu ètu sebhe na. Hèia na patitu kètu urutuu, laꞌe patitu kètu urutuu, ho pahaha iisi mi Ama Lamatua."
GEN 18:3,"and said, lord, if i have found grace in thine eyes, pass thou not thy servant,","ka na peka, aku nèngu na, ama si. mai dhuli ku ho minu èi ciki.","Hèia na manèngi, aku nèngu na, 'Ama! Ladhe Ama dꞌèi boe dꞌara jaꞌa, na, jaꞌa manèngi sèna ka Ama pua dhèu sabꞌa èu."
GEN 18:4,"but i shall bring a little water, and your feet be washed, and rest ye under the tree;","ama si ae ciki mi mamaho ne'e. ho ana-ana iiki rèti èi, sèna ka rasa haga miu.","Ladhe Jaꞌa neo hia miu èi, na, miu hudꞌi sabꞌa titu kèna ètu dꞌara ajꞌu ne, sèna ka jꞌajꞌi dhèu aaꞌi-aaꞌi ra. De ladhe Jaꞌa neo hia miu èi, na, miu hudꞌi sabꞌa titu kèna ètu dꞌara ajꞌu ne, sèna ka jꞌajꞌi dhèu aaꞌi-aaꞌi ra, sèna ka jꞌajꞌi dhèu aaꞌi-aaꞌi ra."
GEN 18:5,"and i shall set before you a morsel of bread, and your heart be comforted; afterward ye shall pass forth; for therefore be ye bowed aside to your servant. which said, do thou as thou hast spoken.","pe ja'a laku lalau nganga'a-nginu ho ama si mi'a ciki, sèna ka ako kadhii ciki, heka lami taruu kèna. te ja'a karej'e bisa lalau ama si. ka ra dhaa, aku rèngu na, ooo. ji'i dhuli.","Sèmi èèna kahèi, ladhe jaꞌa neo hia miu mèdha-panyau, na, miu bisa tèke eele. Te ngaa ladhe jaꞌa neo hia miu mèdha-panyau, na, jaꞌa neo hia miu mèdha-panyau."" Hèia dhèu ne dhaa, aku nèngu na, 'Ladhe sèmi èèna, na, jaꞌa neo tao madhutu lii padhai jaꞌa ne. De jaꞌa neo hia miu mèdha-panyau, sèna ka jꞌajꞌi dhèu aaꞌi-aaꞌi, sèna ka jꞌajꞌi dhèu aaꞌi-aaꞌi, sèna ka jꞌajꞌi dhèu aaꞌi-aaꞌi, sèna ka jꞌajꞌi dhèu aaꞌi-aaꞌi, sèna ka jꞌajꞌi dhèu aaꞌi-aaꞌi, sèna ka jꞌajꞌi dhèu aaꞌi-aaꞌi.'"
GEN 18:6,"abraham hasted into the tabernacle, to sarah, and said to her, haste thou, mix three half bushels of clean flour; and make thou loaves baken under ashes.","hèia abraham pamèri sa d'ara paleo, la'e peka dènge sara, aku nèngu na, mèri! more tarigu dhu be'a risi, ca saku, ho tao roti!","Èle èèna ka, Abraham kèdꞌi laꞌe asa dꞌara hèbꞌa Sara. Hèia na peka dènge ne, aku nèngu na, ""Sèmi neꞌe! Èu tao roti èci èèna ka, ètu dꞌara ajꞌu èèna. Ètu dꞌara ajꞌu èèna, ètu dꞌara ajꞌu èèna, ètu dꞌara ajꞌu hèbꞌa èèna, ètu dꞌara ajꞌu hèbꞌa èèna, ètu dꞌara ajꞌu hèbꞌa èèna, ètu dꞌara ajꞌu hèbꞌa èèna, ètu dꞌara ajꞌu hèbꞌa èèna, ètu dꞌara ajꞌu hèbꞌa èèna."""
GEN 18:7,"forsooth he ran to the drove of beasts, and took thereof a calf most tender and best, and gave to a servant, which hasted, and seethed the calf;","ka rai la'e hari asa era sapi na, hèia kèpe ana sapi kabèb'u ci'u. ka na pua dhèu sab'a na sa, pare.","Èle èèna ka, lamatua oka ne lèpa asa dꞌara dꞌara oka. Ka na hia ana sapi èci asa dhèu sabꞌa ètu dꞌara oka na. Ka lamatua oka ne laꞌe asa dꞌara oka na."
GEN 18:8,"and he took butter, and milk, and the calf which he had sodden, and set before them; forsooth abraham stood beside them under the tree. and when they had eaten,","hèia la'e nare susu, keju dènge sisi dhu heka nasu èèna, nèti hia tamu sèra ra'a. abraham titu taruu ètu mamaho aj'u, ho na lalau si.","Èle èèna ka, na kèpe sapi dènge susu, sèna ka raꞌa-rinu. Te ngaa Abraham madhèdi ètu dꞌara ajꞌu èèna. Ka raꞌa-rinu aaꞌi-aaꞌi ètu dꞌara ajꞌu èèna, ka raꞌa-rinu aaꞌi-aaꞌi raꞌa-rinu aaꞌi-aaꞌi raꞌa-rinu aaꞌi-aaꞌi raꞌa-rinu aaꞌi-aaꞌi raꞌa-rinu aaꞌi-aaꞌi raꞌa-rinu aaꞌi-aaꞌi raꞌa-rinu aaꞌi-aaꞌi raꞌa-rinu aaꞌi-aaꞌi raꞌa-rinu aaꞌi-aaꞌi raꞌa-rinu aaꞌi-aaꞌi raꞌa-rinu aaꞌi-aaꞌi raꞌa-rinu aaꞌi-aaꞌi raꞌa-rinu aaꞌi-aaꞌi raꞌa-rinu."
GEN 18:9,"they said to him, where is sarah thy wife? he answered, lo! she is in the tabernacle.","hèia ra karèi ne, aku rèngu na, dhèu èmu mu sara, ka mia? na dhaa, aku nèngu na, nuka d'ara paleo èèna.","Ka dhèu se karèi ne, aku rèngu na, ""Sara dhèu èmu èu ètu mia?"" Hèia Abraham dhaa, aku nèngu na, ""Nèngu ètu era neꞌe."""
GEN 18:10,"to whom the lord said, i shall turn again, and i shall come to thee in this time, if i live; and sarah, thy wife, shall have a son. when this was heard, sarah laughed behind the door of the tabernacle.","ka ca dhèu nèti rèngu se padhai lii, aku nèngu na, pe d'ai tèu mai nèi, ja'a lèpa hari mai. lod'o èèna, dhèu èmu èu sara nare iisi le ana mone ca dhèu. ropa rèngu padhai lii èèna, sara nanene nèti kabodho babèdho.","Èle èèna ka, Ama Lamatua peka dènge ne, aku Nèngu na, ""Ladhe èle lodꞌo èèna, Jaꞌa lèpa hari asa èu. Èle èèna ka, bhèni èu, Sara, abhu ana mone ca dhèu."" Ropa tadèngi lii padhai Ama Lamatua, hèia Sara tèke eele ètu dꞌara hèbꞌa ètu dꞌara Èmu Kapua Manèngi-Mangajꞌi ètu dꞌara Èmu Kapua Manèngi-Mangajꞌi ètu dꞌara Èmu Kapua Manèngi-Mangajꞌi ètu dꞌara Èmu Kapua Manèngi-Mangajꞌi ètu dꞌara Èmu Kapua Manèngi-Mangajꞌi ètu dꞌara Èmu Kapua Manèngi-Mangajꞌi ètu dꞌara Èmu Kapua Manèngi-Mangajꞌi ètu dꞌara Èmu Kapua Manèngi-Mangajꞌi ètu dꞌara Èmu Kapua Manèngi-Mangajꞌi."
GEN 18:11,"forsooth both were old, and of great age, and woman's terms ceased to be made to sarah.","lod'o èèna, abraham dènge sara dhu heka bhoro le, ngaa hari sara dhu abhu heka hèru.","te dhèu bhèni aaꞌi-aaꞌi dhu dꞌèlu-mèu, aa dꞌèlu-mèu kahèi, aa dhèu bhèni aaꞌi-aaꞌi dhu dꞌèlu-mèu kahèi dènge dhèu aaꞌi-aaꞌi dhu dꞌèlu-mèu aaꞌi-aaꞌi ètu dꞌara jꞌara-jꞌara aaꞌi-aaꞌi ètu dꞌara jꞌara-jꞌara aaꞌi-aaꞌi ètu dꞌara jꞌara-jꞌara aaꞌi-aaꞌi ètu dꞌara jꞌara-jꞌara aaꞌi-aaꞌi ètu dꞌara jꞌara-jꞌara aaꞌi-aaꞌi ètu dꞌara jꞌara-jꞌara aaꞌi-aaꞌi ètu dꞌara jꞌara-jꞌara aaꞌi-aaꞌi ètu dꞌara jꞌara-jꞌara aaꞌi-aaꞌi-aaꞌi."
GEN 18:12,"and she laughed, saying privily, after that i waxed eld or old, and my lord is eld or old, shall i give diligence or busyness to lust?","ropa sara tadèngi padhue-padhai rèngu se, ka na mari kèmu. na pangee na, ja'a dhu heka roto-roto sèmi ne'e ne, aa dhèu èmu ja'a dhu roe nia heka. tasamia ji'i bisa tao sèmi ana ngèru dhu leo-èmu hiu, ho abhu ana?","Hèia na pakabꞌua, aku nèngu na, ""Ladhe jaꞌa kèdꞌi le, aa lamatua jaꞌa kèdꞌi le, ngaa jaꞌa hudꞌi tao madhutu dadꞌèi lamatua jaꞌa, sèna ka tao madhutu dadꞌèi lamatua jaꞌa. De jaꞌa hudꞌi tao madhutu dadꞌèi lamatua jaꞌa, sèna ka tao madhutu dadꞌèi lamatua jaꞌa. De jaꞌa hudꞌi tao madhutu dadꞌèi lamatua jaꞌa, do aadꞌo?"""
GEN 18:13,"forsooth the lord said to abraham, why laughed sarah, thy wife, saying, whether i an eld or old woman shall bear a child verily?","ka lamatua peka dènge abraham, aku nèngu na, nga tao ka sara mari? ele boe na ngee na, lii padhai ja'a ne j'aj'i boe, lula nèngu heka le.","Èle èèna ka, Lamatua karèi Abraham, aku Nèngu na, ""Nga tao ka Sara pakabꞌua èu, lula na padhai lii, peka na, 'Bèli-camèdꞌa jaꞌa jꞌajꞌi dhèu bèdho, do, jaꞌa jꞌajꞌi dhèu bèdho?'"
GEN 18:14,"whether anything is hard to god? by the promise i shall turn again to thee in this same time, if i live; and sarah shall have a son.","ja'a ne, lamatua! abhu boe ngaa èci sa dhu ja'a bisa boe tao. sanèd'e paie. tèu mai, ladhe ja'a lèpa hari mai, sara dhu nara iisi le, ana mone ca dhèu.","Èle èèna ka, Ama Lamatua pangee, na, ladhe jaꞌa mamuri hari, pe jaꞌa lèpa hari asa èu. Èle èèna ka, Sara abhu ana mone."""
GEN 18:15,"sarah was afeared for dread, and denied, saying, i laughed not. forsooth the lord said, it is not so, but thou laughedest.","ropa tadèngi lii èèna, sara j'aj'i madha'u. ka na pasili, aku nèngu na, ja'a mari boe, nga! te ngaa lamatua b'ala, na, deo na, èu mari, nga.","Te ngaa Sara aaꞌi-aaꞌi ra madhaꞌu, ka na dhaa, aku nèngu na, ""Jaꞌa neꞌa boe."" Te ngaa Lamatua dhaa, aku Nèngu na, ""Tareꞌa, èu neꞌa boe."""
GEN 18:16,"therefore when the men had risen from thence, they dressed the eyes against sodom; and abraham went together, leading them forth.","èle ka, dhèu tèlu se pakèd'i neo lasi asa kota sodom. ka abraham lere si d'ai talora j'ara. nèti era èèna, ladhe rèdhi kota sodom.","Ropa dhèu dua sèra mamuri hari, hèia ra ladhe-leru kota Sodom. Te ngaa Abraham tèke eele si asa liꞌu."
GEN 18:17,"and the lord said, whether i may cover from abraham what things i shall do,","ka lamatua ngee ètu d'ara na, hua iia ja'a peka dènge abraham, ja'a neo palaho kota sodom.","Èle èèna ka, Lamatua peka dènge ne, aku nèngu na, 'Jaꞌa neo tao jꞌara aaꞌi-aaꞌi, sèna ka jꞌajꞌi ana-èpu Abraham."
GEN 18:18,"since he shall be into a great folk and most strong, and all nations of the earth shall be blessed in him?","te ladhe èèna na, ana-èpu na asa tabha ae, aa suku dhu kapai. aa nèngu ne, èèna na, j'aj'i berkat mi suku aa'i-aa'i ètu rai-haha ne.",Bèli-camèdꞌa ana ne jꞌajꞌi dhèu unu Ama Lamatua dhu kapai risi. Bèli-camèdꞌa ana ne jꞌajꞌi dhèu unu Ama Lamatua nèti suku aaꞌi-aaꞌi ètu rai-haha ne. Bèli-camèdꞌa ana ne jꞌajꞌi dhèu unu Lamatua dhu kapai risi nèti suku aaꞌi-aaꞌi ètu rai-haha ne.
GEN 18:19,"for i know that abraham shall command his children, and his house after him, that they keep the way of the lord, and that they do rightfulness or rightwiseness and doom, that the lord bring for abraham all things which he spake to abraham.","ja'a hag'e kore le nèngu, ho na nori ana-èpu na dènge dhèu leo, sèna ka madhutu taruu j'ara lamatua, ho ra mamuri dènge mola. ladhe rèngu mamuri sèmi èèna, ja'a tao aa'i lii dhu ja'a pajaji dènge abraham.","Jaꞌa keꞌa, na, Ama Lamatua paredha Abraham dènge ana-èpu na aaꞌi-aaꞌi nèti dꞌara èmu na, sèna ka ra mamuri madhutu jꞌara-jꞌara dhu beꞌa, aa tao jꞌara dhu lèke, aa tao jꞌara dhu lèke. Dènge jꞌara neꞌe, Ama Lamatua hia Abraham jꞌara aaꞌi-aaꞌi dhu Na padhadha le."""
GEN 18:20,"and so the lord said, the cry of men of sodom and of men of gomorrah is multiplied, and their sin is egregious greatly;","hèia lamatua peka dènge abraham, aku nèngu na, sèmi ne'e! ja'a tadèngi le, lii roma iisi dhèu ae, peka na, dhèu kota sodom dènge gomora bhabhelu ra seli-kolane.","Hèia Lamatua peka dènge ne, aku Nèngu na, ""Dhèu aaꞌi-aaꞌi dhu mamuri ètu kota Sodom dènge kota Gomora, tao jꞌajꞌèra èci èèna ka dènge dhèu aaꞌi-aaꞌi dhu dꞌèi paꞌele iie lii langu ra. Nèti èèna ka, dhèu aaꞌi-aaꞌi jꞌajꞌi dhèu bhelu-katubꞌa. Nèti èèna ka, dhèu aaꞌi-aaꞌi jꞌajꞌi dhèu bhelu-katubꞌa ètu dꞌara kota Sodom dènge kota Gomora. Nèti èèna ka, dhèu aaꞌi-aaꞌi jꞌajꞌi dhèu bhelu-katubꞌa aaꞌi-aaꞌi."
GEN 18:21,"i shall come down, and see whether they have ful filled in work the cry that came to me, that i know whether it is not so.","nèti èèna ka, ja'a puru madha ku mai, sèna ka kèdhi unu ku, ngaa dhu ja'a tadèngi sèra, tare'a, do aad'o. ladhe aad'o, pe ja'a ke'a unu ku.","De jaꞌa pakèdꞌi laꞌe, ho ladhe rèdhi, na, dhèu se sabꞌa le ngaa dhu jaꞌa tadèngi sèmi èèna, do aadꞌo?"""
GEN 18:22,"and they turned themselves from thence, and went to sodom. abraham soothly stood yet before the lord,","ropa lamatua padhai lii era dènge abraham, dhèu dua se lasi taruu sa kota sodom.","Èle èèna ka, Abraham kèdꞌi titu ètu madha kota Sodom."
GEN 18:23,"and nighed, and said, whether thou shalt lose a just man or the rightwise with the wicked?","hèia abraham la'e padètu dènge lamatua, ka na pamako na, peka na, tasamia? ama neo pamadhe aa'i dhèu-dhèu be'a pa'èci dènge dhèu-dhèu bhelu, do?","Ka Yesus karèi ne, aku Nèngu na, ""Èu neo pamadhe dhèu dhu dꞌara mola, do, èu neo pamadhe dhèu dhu dꞌara mola, dènge dhèu bhelu-katubꞌa?"""
GEN 18:24,"if fifty just or rightwise men be in the city, shall they perish altogether, and shalt thou not spare that place for fifty just or rightwise men, if they be therein?","ladhe abhu dhèu lèmi nguru dhu be'a ètu d'ara kota èèna, ama pamadhe si hèi? do, ama palaho heka kota sèra, lula rèngu se'e, do?","Ladhe ètu dꞌara kota èèna, abhu kahèi dhèu lèmi nguru nguru dhèu dhu dꞌara mola, aa dhèu dꞌara mola, aa dhèu dꞌara mola. Ladhe abhu kahèi dhèu lèmi nguru dhèu dhu dꞌara mola, aa dhèu dꞌara mola, aa dhèu dꞌara mola, do aadꞌo?"
GEN 18:25,"far be it from thee that thou do this thing, and slay the just or rightwise with the wicked, and that a just or rightwise man be made as a wicked man; this is not thine that deemest all the earth; thou shalt not make this doom.","ama baku tao sèmi èèna! mage dhoka, dhèu be'a sèra madhe hèi, lula ama neo pamadhe dhèu bhelu sèra. ama ka dhu pama'ète lii ètu dedha-liru dènge rai-haha. de ama ku unu mu dhu me'a j'ara èèna adil boe.","Ladhe èu pamadhe dhèu dhu dꞌara mola, do dhèu dhu dꞌara mola, do dhèu dhu dꞌara mola, do dhèu dhu dꞌara mola, do dhèu dhu dꞌara mola, sèmi dhèu dhu dꞌara mola, do dhèu dhu dꞌara mola, sèmi dhèu bhelu-katubꞌa dhu dꞌara bhelu-katubꞌa, na, èu bisa boe pamaꞌète lii langu ètu rai-haha ne. Èu bisa boe pamaꞌète lii langu èèna."""
GEN 18:26,"and the lord said to him, if i shall find in sodom fifty just or rightwise men in the midst of the city, i shall forgive to all the place for them.","ka lamatua dhaa, peka na, ladhe abhu dhèu be'a lèmi nguru dhèu ètu kota sodom, ja'a huku boe kota èèna, lula rèngu.","Hèia lamatua na dhaa, aku nèngu na, 'Ladhe jaꞌa paraga dènge dhèu lèmi nguru nguru dhèu ètu dꞌara kota èèna, jaꞌa saku eele si."
GEN 18:27,"abraham answered and said, for i began once, i shall speak to my lord, since i am dust and ashes;","hèia abraham padhai lii hari, aku nèngu na, ama, ja'a manèngi abho, lula ja'a neo padhai lii hari ciki. ja'a ne dhoka dhèu goa di, dhu ke'a boe ngaa-ngaa.","Hèia Abraham dhaa, aku nèngu na, 'Jaꞌa neo padhai lii dènge aꞌari jaꞌa, te jaꞌa jꞌajꞌi mèu-mèu."
GEN 18:28,"what if less than fifty just or rightwise men by five be, shalt thou do away all the city for five and forty? and the lord said, i shall not do away, if i shall find five and forty there.","sèmi d'ai boe dhèu lèmi nguru dhu be'a, te ngaa dhoka èpa nguru lèmi di, tasamia? kura dhoka dhèu lèmi di, na ama neo palaho eele kota èèna, do? ka lamatua b'ala, aku nèngu na, ladhe ja'a abhu dhèu be'a èpa nguru lèmi, ja'a palaho boe kota èèna.","Ladhe ètu dꞌara kota èèna, abhu ca dhèu dhu dꞌèlu-mèu dènge dhèu dhu dꞌèlu-mèu. Ladhe ètu èèna, abhu ca dhèu dhu dꞌèlu-mèu dènge dhèu dhu dꞌèlu-mèu dènge dhèu dhu dꞌèlu-mèu dènge dhèu, na, èu neo pamadhe dhèu ètu dꞌara kota èèna, do?"" Hèia na dhaa, aku nèngu na, 'Ladhe jaꞌa paraga dènge dhèu ètu èèna, jaꞌa pamadhe boe dhèu ètu dꞌèlu-mèu.'"
GEN 18:29,"and again abraham said to him, but if forty be there, what shalt thou do? the lord said, i shall not smite for forty.","ka abraham pamako hari, na, sèmi abhu dhoka èpa nguru dhèu be'a di, tasamia, ama? ka na dhaa, ladhe ja'a abhu èpa nguru dhèu be'a, ja'a huku boe si.","Hèia Abraham karèi hari, aku nèngu na, ""Ladhe ètu èèna abhu dhèu èpa nguru dhèu, èu neo tao ngaa?"" Hèia dhèu ne dhaa, aku nèngu na, ""Jaꞌa neo tao boe sèmi èpa nguru dhèu èpa."""
GEN 18:30,"abraham said, lord, i beseech, take thou not into indignation, if i speak; what if thirty be found there? the lord answered, i shall not do, if i shall find thirty there.","abraham pamako hari, aku nèngu na, ama baku nasa. te abhu dhoka tèlu nguru dhèu be'a di, na tasamia? hèia na dhaa, ladhe ja'a abhu tèlu nguru dhèu be'a, ja'a huku boe si.","Te ngaa Abraham dhaa, aku nèngu na, 'Ama! Ladhe jaꞌa paraga dènge dhèu 30 ètu dꞌara jꞌara neꞌe, na, tasamia ka jaꞌa bisa padhai lii sèmi èèna?' Te ngaa lamatua na dhaa, aku nèngu na, 'Jaꞌa tao boe sèmi èèna. Ladhe jaꞌa paraga dènge dhèu 30 ètu dꞌara jꞌara neꞌe, na, jaꞌa tao boe sèmi èèna.'"
GEN 18:31,"abraham said, for i began once, i shall speak to my lord; what if twenty be found there? the lord said, i shall not slay for twenty.","hèia abraham peka hari, ama mage nasa ladhe ja'a karèi hari ciki. sèmi abhu dhoka dhèu dua nguru di dhu be'a, na tasamia? ka na dhaa hari, aku nèngu na, sèmi abhu dhèu dua nguru di dhu be'a, ja'a palaho eele boe kota èèna.","Hèia Abraham dhaa, aku nèngu na, ""Ladhe jaꞌa peka sèmi èèna, jaꞌa neo padhai lii dènge aꞌari jaꞌa. Ladhe abhu dua nguru dhèu ètu dꞌara jꞌara neꞌe, na, tasamia?"" Ka aꞌari na dhaa, aku nèngu na, ""Jaꞌa pamadhe boe dua nguru dhèu ètu dꞌara jꞌara neꞌe."""
GEN 18:32,"abraham said, lord, i beseech, be thou not wroth, if i speak yet once more; what if ten be found there? the lord said, i shall not do away for ten.","ka abraham katange lii padhai na, aa na karèi, peka na, ama! ja'a padhai lii hari ca tèka, te ngaa baku nasa dènge ja'a. tasamia, ladhe abhu dhoka canguru dhèu di dhu be'a? hèia na dhaa, ladhe ja'a abhu canguru dhèu dhu be'a ètu era èèna, ja'a palaho boe kota èèna.","Èle èèna ka, Abraham dhaa, aku nèngu na, 'Ama! Ladhe jaꞌa padhai lii ca jꞌajꞌèra, na, jaꞌa tao sèmi èèna. Te ngaa ladhe abhu ca jꞌajꞌèra ètu dꞌara jꞌara neꞌe, na, jaꞌa tao boe sèmi èèna.' Te ngaa ama na dhaa, aku nèngu na, 'Jaꞌa tao boe sèmi èèna.'"
GEN 18:33,"the lord went forth, after that he had ceased to speak to abraham, and abraham turned again into his place.","padhai lii èle sèmi èèna, lamatua la'e dènge ka, aa abraham lèpa kahèi.","Èle èèna ka, Lamatua tèke eele lii padhai na dènge Abraham. Hèia Abraham lèpa hari asa dꞌara èmu na."
GEN 19:1,"and twain angels came to sodom in the eventide, while lot sat in the gates of the city. and when he had seen them, he rose, and went to meet them, and worshipped or honoured low to the earth,","ètu d'ara lamatua dhu padhue-padhai era dènge abraham, ana pajuu na dhèu dua, lasi le asa kota sodom. d'ai nèi, lod'o oe cèna kèna. ka lot dhu madhèdi ètu hèb'a tedhe kota. ropa nèdhi dhèu dua se, la'e soru nare si. ka na patitu kètu urutuu, aa pacud'u kètu ètu madha ra.","Lod, dhu madhèdi ètu kota Sodom, ladhe nèdhi ana pajuu Ama Lamatua dhèu dua sèra. Hèia na laꞌe paraga dènge dhèu dua sèra. Hèia na patitu kètu urutuu, ho pahaha iisi mi dhèu dua sèra."
GEN 19:2,"and said, my lords, i beseech, bow ye down into the house of your servant, and dwell ye there; wash ye your feet, and in the morrowtide ye shall go into your way. which said, nay, but we shall dwell in the street.","ka na padhai lii, aku nèngu na, mai lati dhuli ku èmu ja'a la. sèna ka ama si rase haga, aa j'unu ètu èmu ja'a. pe bèli mad'ae, heka ama si kako hari kèna. ra dhaa, aku rèngu na, makasi. te ngaa repo ia ka. hud'i laa ji'i j'unu ètu d'ara lapa.","hèia na manèngi, aku nèngu na, 'Ama-ama! Jaꞌa manèngi sèna ka miu madhèdi ètu èmu jaꞌa. De bèli-camèdꞌa bèli-camèdꞌa, miu lèpa hari.' Te ngaa dhèu sabꞌa se dhaa, aku rèngu na, 'Aadꞌo! Te jaꞌa manèngi sèna ka miu madhèdi ètu era èèna.'"
GEN 19:3,"he constrained them greatly, that they should turn in to him. and when they entered into his house, he made a feast, and baked therf bread, and they ate.","te ngaa lot pamako si loe boe, ka lasi manubha asa èmu na. ka lot si tunu roti, lalau mei, ka ra'a-rinu pa'èci.","Èle èèna ka, Paulus dènge Silas maso asa dꞌara èmu na, ka raꞌa-rinu. Èle èèna ka, raꞌa-rinu ètu dꞌara èmu na. Hèia na tao roti ètu dꞌara hèbꞌa, hèia raꞌa-rinu ètu dꞌara Èmu Kapua Manèngi-Mangajꞌi ètu dꞌara Èmu Kapua Manèngi-Mangajꞌi ètu dꞌara Èmu Kapua Manèngi-Mangajꞌi ètu dꞌara Èmu Kapua Manèngi-Mangajꞌi ètu dꞌara Èmu Kapua Manèngi-Mangajꞌi ètu dꞌara Èmu Kapua Manèngi-Mangajꞌi ètu dꞌara Èmu Kapua Manèngi-Mangajꞌi ètu dꞌara Èmu Kapua Manèngi-Mangajꞌi ètu dꞌara Èmu Kapua Manèngi-Mangajꞌi."
GEN 19:4,"forsooth before that they went to sleep, men of the city compassed his house, from a child till to an eld or old man, all the people together;","dhu dua ra lasi mèka j'unu, cag'ag'a laa, dhèu mone sodom aa'i-aa'i, ana mone ngèru toke d'ai mone heka, mai reo rare èmu lot.","Te ngaa dꞌai lodꞌo ra lèpa, dhèu-dhèu nèti dꞌara kota sèra mai tenge èmu èèna. Rèngu aaꞌi-aaꞌi ra pakaboko, nèti ana toke dhèu heka, aaꞌi-aaꞌi ra aaꞌi-aaꞌi ra ètu dꞌara èmu èèna."
GEN 19:5,"and they called lot, and said to him, where be the men that entered to thee tonight? bring them out hither, that we know them, that is, by lechery against kind.","dhèu se'e pa'oo-parodha, peka mi lot, aku rèngu na, he, lot! mone dua deo sa, ètu mia? bhabhodho si mai, sèna ka ji'i j'unu dènge ra!","Ka ra paroa Lot, hèia ra karèi ne, aku rèngu na, ""Dhèu-dhèu dhu mai ètu dꞌara èmu èu ne, ètu mia?"""
GEN 19:6,"and lot went out to them behind the back, and closed the door,","hèia lot li'u la'e, ka na bèdho hari èmu.","Èle èèna ka, Lot laꞌe asa madha dhèu seꞌe, hèia na bhoke hèbꞌa ètu dꞌara hèbꞌa."
GEN 19:7,"and said, i beseech, do not ye, my brethren, do not ye do this evil.","ka na lii, aku nèngu na, a'ari, ee! baku miu tao bhelu mi tamu ja'a se.","Hèia na peka dènge ra, aku nèngu na, ""Aꞌari aaꞌi-aaꞌi! Miu baku tao jꞌara bhelu ne."""
GEN 19:8,"i have two daughters, that knew not yet a man; i shall lead out them to you, and mis-use ye them as it pleaseth you, so that ye do none evil to these men, for they entered under the shadow of my roof.","mi nanene ku ja'a laa! ana bhèni ja'a, dhèu dua. dua ra dhu pa'èci mèka dènge dhèu mone. ja'a hia miu. mere, ho mi tao tasamia èèna ka, sad'i madhutu dad'èi miu. sad'i miu baku tao karehe mi tamu ja'a dhèu dua se. lula madhutu ad'a èdhi, ja'a ka dhu hud'i j'aga si.","Jaꞌa dènge ana bhèni jaꞌa dhèu dua dhu dꞌai mèka dènge dhèu èmu-kamali. De ladhe jaꞌa nèti rèngu asa madha miu, miu hudꞌi tao madhutu dadꞌèi miu, te rèngu mai asa dꞌara èmu jaꞌa."
GEN 19:9,"and they said, go thou from hence. and again they said, thou enteredest in hither as a comeling; whether that thou shalt deem us? therefore we shall torment thee more than these. and they did violently to lot full greatly. then it was nigh that they would break the doors;","masi ka sèmi èèna, dhèu sodom se pa'oo ma'ète boe, aku rèngu na, èu ne, baku patabha! te èu ne, dhèu tao mai ètu kabarai ji'i ne! de èu dènge boe hak ho kai ji'i. hua iia, èu pakaj'èu nèti era ne'e. te, ladhe lamu boe, ji'i tao èu bia risi nèti dhèu dua se'e! ka ra tule eele lot, hèia aa'i-aa'i ra rai lasi j'èje babèdho èmu.","Hèia dhèu se manèngi, aku rèngu na, ""Ama! Èu mai nèti era neꞌe! Èu mai sèna ka padhai lii dènge jiꞌi, do? Èèna na jiꞌi adꞌu-ue jꞌajꞌèra èu! Èèna na jiꞌi adꞌu-ue jꞌajꞌèra èu."" Hèia dhèu se tèke eele dhèu seꞌe sèra, toke dꞌai dꞌara èmu."
GEN 19:10,"and lo! the men put forth their hands, and led in lot to them, and they closed the door.","te ngaa dhèu dua se soro kacui-aai ra, ère pamaso lot, ka ra patèke èmu nèti d'ara.","Èle èèna ka, dhèu dua se tèke eele aaꞌi-aaꞌi ra, hèia ra tèke eele hèbꞌa ètu dꞌara èmu."
GEN 19:11,"and they smote with blindness they that were withoutforth, from the least till to the most; so that they might not find the door.","dua ra tao pabèdhu ana madha dhèu sodom aa'i-aa'i ra, ka rèdhi heka ngaa-ngaa. ra gogo tenge babèdho, te ngaa abhu boe.","Ropa tadèngi lii padhai dhèu seꞌe, hèia dhèu aaꞌi-aaꞌi dhu ètu liꞌu, bèli-camèdꞌa ra bèdhu. Ropa tadèngi lii padhai dhèu seꞌe, hèia dhèu aaꞌi-aaꞌi sèra bisa boe paraga dènge hèbꞌa ètu dꞌara èmu. Nèti èèna ka, dhèu aaꞌi-aaꞌi sèra bisa boe paraga dènge hèbꞌa ètu dꞌara hèbꞌa ètu dꞌara Èmu Kapua Manèngi-Mangajꞌi ètu dꞌara Èmu Kapua Manèngi-Mangajꞌi ètu dꞌara Èmu Kapua Manèngi-Mangajꞌi ètu dꞌara Èmu Kapua Manèngi-Mangajꞌi ètu dꞌara Èmu Kapua Manèngi-Mangajꞌi ètu dꞌara Èmu Kapua Manèngi-Mangajꞌi."
GEN 19:12-13,"forsooth they said to lot, hast thou here any man of thine, husband of thy daughter, or sons, or daughters; if so, lead thou out of this city all men that be thine, for we shall do away this place, for the cry of them increased before the lord, which sent us that we lose them.","hèia tamu dhèu dua se, peka dènge lot, aku rèngu na, lamatua ne'a le, bhabhelu-katub'a dhèu sodom se. nèti èèna ka, na paleha ji'i dua mi mai, sèna ka palaho eele kota ne. de èu dhu dènge a'ari leo dhu ètu d'ara kota ne, do aad'o? ladhe dènge ana mone, do ana bhèni, do dhèu èmu ana èu, do, sad'i cee èèna ka, lamu more si, ho rai ka nèti d'ara kota ne lai-lai!","Hèia ra peka dènge Lot, aku rèngu na, ""Ladhe èu dènge aꞌari èu, dhèu èmu èu, ana-èpu èu, dènge ana-èpu èu ètu neꞌe, na, èu hudꞌi tèke eele dhèu aaꞌi-aaꞌi nèti dꞌara kota ne. Te jiꞌi neo pamadhe dhèu aaꞌi-aaꞌi ètu neꞌe."" Èle èèna ka, dhèu aaꞌi-aaꞌi pahaha iisi mi Lamatua, lula Lamatua ka dhu pua jiꞌi, sèna ka jꞌajꞌi dhèu aaꞌi-aaꞌi ètu neꞌe. Nèti èèna ka, jiꞌi manèngi sèna ka jꞌajꞌi dhèu aaꞌi-aaꞌi, sèna ka jꞌajꞌi dhèu aaꞌi-aaꞌi dhu jꞌajꞌi dhèu aaꞌi-aaꞌi."
GEN 19:14,"and lot went out, and spake to the husbands to be of his daughters, that should take his daughters, and said, rise ye, and go ye out of this place; for the lord shall do away this city. and he was seen to them to speak as playing.","hèia lot la'e paraga dènge ana mone dhèu dua, dhu lii d'ai ana bhèni na. ka na peka, dua mi nanene paie! rai ka nèti d'ara kota ne, te lamatua neo palaho eele ne! te ngaa ra pangee na, lot padhai lii paleko di.","Èle èèna ka, Lot laꞌe padhai lii dènge dhèu pajuu-paleha na, aku nèngu na, ""Miu aaꞌi-aaꞌi mi! Miu aaꞌi-aaꞌi mi pakajꞌèu nèti dꞌara èmu neꞌe! Te dhèu aaꞌi-aaꞌi dhu jꞌajꞌi dhèu aaꞌi-aaꞌi ètu dꞌara jꞌara neꞌe, bèli-camèdꞌa dhèu aaꞌi-aaꞌi ètu dꞌara jꞌara neꞌe ne, bèli-camèdꞌa dhèu aaꞌi-aaꞌi dhu jꞌajꞌi dhèu aaꞌi-aaꞌi ètu dꞌara jꞌara neꞌe."" Nèti èèna ka, Lot laꞌe padhai lii dènge dhèu aaꞌi-aaꞌi dhu jꞌajꞌi dhèu aaꞌi-aaꞌi ètu dꞌara jꞌara neꞌe."
GEN 19:15,"and when the morrowtide was, the angels constrained lot, and said, rise thou, and take thy wife, and thy two daughters, which thou hast, lest also thou perish altogether in the sin of the city.","bèli mad'ae aae era, ana pajuu lamatua dhèu dua se, pakaseti lot si, ho lasi karohe asa era kaj'èu. ra peka na, lami ka! ère mèti dhèu èmu mu, dènge ana bhèni èu dhèu dua sèra, ho rai ka. tèke eele kota ne'e! mage dhoka miu madhe aa'i palere-lere dènge kota ne.","Èle èèna ka, bèli-camèdꞌa bèli-camèdꞌa, ana pajuu Ama Lamatua sèra, peka na, 'Kèdꞌi ka! Èu hudꞌi laꞌe hari ku dènge bhèni èu, dènge ana bhèni èu dhèu dua, sèna ka dhèu aaꞌi-aaꞌi ètu dꞌara kota ne bisa boe tao bhabhelu-katubꞌa. Ladhe sèmi èèna, èu hudꞌi madhe dènge dhèu aaꞌi-aaꞌi ètu kota ne.'"
GEN 19:16,"while he dissembled, they took his hand, and the hand of his wife, and of his two daughters; for the lord spared him. and they led out him, and set or puthim without the city.","te ngaa lot neka-neka era, masi ka lamatua neo hia ne mamuri. nèti èèna ka, tamu dhèu dua se nuni lot, dhèu èmu na, dènge ana bhèni dhèu dua sèra, rèti asa li'u kota.","Ropa tadèngi sèmi èèna, hèia ra kèpe rare kacui-aai na, dènge dhèu èmu na dènge ana bhèni na dua, lula Ama Lamatua padꞌelo le dꞌara hua iia Na mi neꞌe. Ka ra kèpe rare ne asa liꞌu kota."
GEN 19:17,"there they spake to him, and said, save thou thy life; do not thou behold behind thy back, neither stand thou in all the country about, but make thee safe in the hills; lest also thou perish altogether.","hèia ca dhèu nèti tamu dhèu dua sèra paredha si, peka na, rai palasa, sèna ka abhu sod'a! mage mi kabib'a kabodho! baku ae ètu d'ara mamoo! rai taruu, asa ledhe nèi, sèna ka miu baku madhe!","Èle èèna ka, dhèu se peka dènge ne, aku rèngu na, ""Sèmi neꞌe! Èu hudꞌi mamuri ku dènge mamuri èu. Èu hudꞌi lalau-laloꞌo ètu dꞌara rai èèna. Èu hudꞌi lalau-laloꞌo ètu ledhe-ledhe èèna. Èu hudꞌi mamuri ku dènge mamuri ètu dꞌara ledhe-ledhe èèna, sèna ka èu baku madhe."""
GEN 19:18,"and lot said to them, my lord, i beseech,","te ngaa lot peka, aku nèngu na, iraa ee! baku sèmi èèna!","Hèia Lot dhaa, aku nèngu na, ""Jaꞌa manèngi-mangajꞌi."
GEN 19:19,"for thy servant hath found grace before thee, and thou hast magnified thy grace and mercy, which thou hast done to me, that thou shouldest save my life; i may not be saved in the hills, lest peradventure evil overtake me, and i die;","mema ama si pamamuri le ji'i se. te ngaa ledhe nèi kaj'èu bia nèti ne'e! mage dhoka ji'i d'ai mèka nèi, j'aj'èra dhu magee nare le ji'i èèna, ètu talora j'ara.","Nèti èèna ka, Ama Lamatua padꞌelo dꞌara hua iia Na mi jaꞌa, ana pua-paleha Ama. Nèti èèna ka, Ama Lamatua padꞌelo dꞌara hua iia Na mi jaꞌa, aa padꞌelo dꞌara hua iia Na mi jaꞌa, ho patabuli jaꞌa nèti jꞌajꞌèra aaꞌi-aaꞌi ètu ledhe-ledhe, sèna ka jaꞌa madhe."
GEN 19:20,"a little city is here beside, to which i may flee, and i shall be safe therein; whether it is not such a little city? and my soul shall live therein.","ama ladhe ku laa. rae iiki cue dhu kaj'èu boe nèti era ne'e. rae nèi dhu kolongara aad'o. ladhe ama d'èi, ji'i la'a pasoru iisi asa nèi!","Jaꞌa hudꞌi laꞌe uuru asa dꞌara kota ne, sèna ka jaꞌa mamuri dènge dꞌara beꞌa ètu dꞌara kota ne. Jaꞌa hudꞌi pea ètu dꞌara kota ne, sèna ka jaꞌa mamuri dènge dꞌara beꞌa ètu dꞌara kota ne. De jaꞌa hudꞌi mamuri ètu dꞌara kota ne, sèna ka jaꞌa mamuri dènge dꞌara beꞌa ètu dꞌara kota ne. De jaꞌa hudꞌi mamuri ètu dꞌara kota ne, sèna ka jaꞌa bisa mamuri ètu dꞌara kota ne, sèna ka jꞌajꞌi dhèu aaꞌi-aaꞌi. De jaꞌa hudꞌi mamuri ètu dꞌara kota ne, sèna ka jꞌajꞌi dhèu aaꞌi-aaꞌi."
GEN 19:21,"and he said to lot, lo! also in this i have received thy prayers, that i destroy not the city, for which thou hast spoken;","ka na dhaa, peka na, oo! lami ka! te èèna na, ja'a palaho boe rae nèi.","Hèia na peka dènge Lot, aku nèngu na, ""Ama! Jaꞌa tadèngi le lii manèngi-mangajꞌi èu, sèna ka jaꞌa paꞌele iie kota èèna."
GEN 19:22,"haste thee, and be thou saved there, for i may not do anything till thou enter in thither. therefore the name of that city was called zoar.","de rai karohe ka, lami asa nèi! te ja'a tao mèka ngaa-ngaa, ladhe miu d'ai mèka era nèi. karèi nèti lod'o èèna, dhèu pangare rae ne soar, dhu sasoa na ‘ana iiki-iiki'.","Nèti èèna ka, Ama Lamatua pangare sordadꞌu ètu dꞌara kota ne, ngara na Soar. Nèti èèna ka, Ama Lamatua pangare sordadꞌu ètu dꞌara kota ne, ngara na Soar."
GEN 19:23,"the sun rose on the earth, and lot entered into zoar.","ropa lod'o rea, lot si d'ai soar.","Bèli-camèdꞌa, lodꞌo bèli-camèdꞌa lèpa asa rai-haha ne, hèia Lot maso asa dꞌara hèbꞌa."
GEN 19:24,"therefore the lord rained on sodom and gomorrah brimstone and fire, from the lord of heaven,","cag'ag'a laa, lamatua sadutu ai dènge èi nasu nèti dedha-liru asa sodom dènge gomora.","Lodꞌo dhèu aaꞌi-aaꞌi ètu rai-haha ne, nuka sèmi kota Sodom dènge kota Gomora. Lodꞌo èèna, Lamatua pajꞌujꞌu ai nèti dedha-liru, sèna ka jꞌajꞌi dhèu aaꞌi-aaꞌi."
GEN 19:25,"and destroyed these cities, and all the country about; he destroyed all the dwellers of those cities, and all green things of the earth.","lamatua pakèpu-ladhu ai kota dènge rae aa'i-aa'i ètu d'ara rai èèna, dènge ngaa-ngaa dhu mamuri ètu èèna, nuka: dhèu, badha-manu, dènge ana aaj'u.","Hèia badha aaꞌi-aaꞌi ra pamadhe aaꞌi-aaꞌi ra dènge rae-rae, aaꞌi-aaꞌi dhu ètu rai-haha sèra, aaꞌi-aaꞌi dhu hua-hela aaꞌi-aaꞌi ètu rai-haha ne, aaꞌi-aaꞌi ra pamadhe aaꞌi-aaꞌi ra."
GEN 19:26,"and lot's wife looked aback, and she was turned into an image of salt.","lod'o rèngu rai, dhèu èmu lot kabib'a kabodho. cag'ag'a laa, na j'aj'i agarii masi.","Èle èèna ka, dhèu èmu Lot ladhe-leru, hèia nèngu jꞌajꞌi sama sèmi hadhu."
GEN 19:27,"forsooth abraham rising early, went to where he stood before with the lord,","asa bèli èèna, dhu mad'ae aae era, abraham la'e asa era dhu med'a na, na pamako lamatua.","Èle èèna ka, Abraham kèdꞌi, ka laꞌe asa era dhu na titu ètu madha Ama Lamatua."
GEN 19:28,"beheld sodom and gomorrah, and all the land of that country; and he saw a dead spark going up from the earth, as the smoke of a furnace.","hèia na ladhe sa haha asa sodom dènge gomora, aa asa d'ara mamoo èèna. na ladhe la'a na, sèb'u poka-poka sèna, dhu ca'e asa dedha-liru. aa ai na'e aa'i le ngaa-ngaa.","Èle èèna ka, dhèu aaꞌi-aaꞌi nèti kota Sodom dènge kota Gomora, dènge dhèu aaꞌi-aaꞌi dhu mamuri ètu dꞌara rai-haha ne, ladhe rèdhi dhèu aaꞌi-aaꞌi dhu mamuri ètu dꞌara roꞌa."
GEN 19:29,"for when god destroyed the cities of that country, he had mind of abraham, and delivered lot from the destroying of the cities in which he dwelled.","ama lamatua patalale lot si nèti hahuku èèna, ropa na pakèpu-ladhu ai kota-kota sèra, lula na ngee nèdhi lii pajaji na dènge abraham.","Ètu dꞌara rae sèra, abhu kota èci dhu dhèu aaꞌi-aaꞌi ra neo pamadhe. Te ngaa Lamatua bhoke eele Lot nèti jꞌajꞌèra sèra, sèna ka dhèu aaꞌi-aaꞌi ra abhu kota èci dhu dhèu aaꞌi-aaꞌi ra neo pamadhe. Nèti èèna ka, Lamatua bhoke eele Lot nèti jꞌajꞌèra sèra, sèna ka dhèu aaꞌi-aaꞌi bisa mamuri ètu dꞌara rae sèra. Nèti èèna ka, Lamatua bhoke eele Lot nèti jꞌajꞌèra sèra, sèna ka dhèu aaꞌi-aaꞌi ra mamuri ètu dꞌara rae."
GEN 19:30,"and lot went up from zoar, and dwelled in the hills, and his two daughters with him, for he dreaded to dwell in zoar; and he dwelled in a den, he and his two daughters with him.","lod'o èèna, lot madha'u pea taruu ètu rae soar. nèti èèna ka, nèngu dènge ana bhèni na dhèu dua sèra, lasi asa ledhe ka ra pea ètu d'ara loe cue.","Èle èèna ka, Lot dènge ana bhèni na dhèu dua mai nèti Soar, laꞌe pea ètu dꞌara ledhe èèna, ho pea ètu dꞌara ledhe èèna. Nèti èèna ka, Lot dènge ana bhèni na dua mai pea ètu dꞌara ledhe èèna, ho pea ètu dꞌara ledhe èèna. Nèti èèna ka, Lot dènge ana bhèni na dua mai pea ètu dꞌara ledhe èèna, ho pea ètu dꞌara ledhe èèna."
GEN 19:31,"and the more daughter said to the less, our father is eld or old, and no man is left on earth that may enter in to us, by the custom of all earth;","ca lod'o, ana bhèni uru èèna, peka dènge ari na, aku nèngu na, ètu era ne'e ne, abhu boe dhèu mone ca dhèu sa, dhu bisa leo dènge èdhi se. aa ama èdhi asa heka, de ladhe èèna na, na bisa heka abhu ana.","Èle èèna ka, ana bhèni èèna peka dènge ana bhèni èèna, aku nèngu na, ""Ama jiꞌi dhu madhe le, aa abhu boe ca dhèu sa ètu rai-haha ne, sèna ka jꞌajꞌi dènge jiꞌi, sama sèmi adꞌa dhèu aaꞌi-aaꞌi ètu rai-haha ne."
GEN 19:32,"come thou, make we him drunken of wine, and sleep we with him, that we may keep the seed of our father.","de be'a risi, ti hia ne ninu mahu, sèna ka èdhi dua ti j'unu dènge ne, ho ti abhu kolo hia ama èdhi.","Mai ka, jiꞌi tao ne jꞌajꞌi anggor, sèna ka jꞌajꞌi dhèu dhu jꞌajꞌi dhèu aaꞌi-aaꞌi, sèna ka jꞌajꞌi dhèu aaꞌi-aaꞌi dhu jꞌajꞌi dhèu aaꞌi-aaꞌi dhu jꞌajꞌi dhèu aaꞌi-aaꞌi dhu jꞌajꞌi dhèu aaꞌi-aaꞌi dhu jꞌajꞌi dhèu aaꞌi-aaꞌi dhu jꞌajꞌi dhèu aaꞌi-aaꞌi dhu jꞌajꞌi dhèu aaꞌi-aaꞌi."""
GEN 19:33,"and so they gave to their father to drink wine in that night, and the more, or the elder, daughter entered, and slept with her father; and he feeled not, neither when the daughter lay down, neither when she a rose.","ka ropa d'ai mèda, dua ra hia ama ra ninu èi anggor toke mahu. hèia ana bhèni uru èèna, la'e j'unu dènge ama na. lula ama na dhu mahu ae, ka ne'a boe nèngu dhu j'unu dènge ana na.","Èle èèna ka, bèli-camèdꞌa dhèu aae rèti anggor ètu dꞌara èmu ama ra, ho raꞌa-rinu. Hèia ana bhèni dhu uru èèna, maso asa dꞌara èmu ama na. Te ngaa ama na reꞌa boe, na, ana bhèni ne ètu dꞌara èmu na, aa reꞌa boe, na, ana bhèni ne ètu dꞌara èmu na, do, ètu dꞌara èmu na, ètu dꞌara èmu dhèu aaꞌi-aaꞌi ètu dꞌara èmu dhèu aaꞌi-aaꞌi ètu dꞌara èmu dhèu aaꞌi-aaꞌi ètu dꞌara èmu dhèu aaꞌi-aaꞌi ètu dꞌara èmu dhèu aaꞌi-aaꞌi ètu dꞌara èmu dhèu aaꞌi-aaꞌi ètu dꞌara èmu dhèu aaꞌi-aaꞌi."
GEN 19:34,"and the tother day the more daughter said to the less, or the younger, lo! i slept yesterday with my father; give we to him to drink wine also in this night; and thou sleep with him, that we save the seed of our father.","hèia asa bèli èèna, a'a na peka dènge ari na, aku nèngu na, mèda deo na, ja'a j'unu le dènge ama èdhi. de mèda ne'e, èu kèna. èdhi hia ne hari ninu mahu, ho lamu j'unu dènge ne. sèna ka èdhi dua ti abhu ana, ho hia ana-èpu mi ama èdhi.","Bèli èèna, ana bhèni kapai èèna peka dènge ana bhèni kapai èèna, aku nèngu na, ""Bèli èèna, jaꞌa ètu dꞌara èmu ama ku. De jiꞌi manèngi ho naꞌa anggor na kahèi. De èu hudꞌi mamuri dènge ne, sèna ka jiꞌi bisa jꞌajꞌi ana-èpu ama jiꞌi."""
GEN 19:35,"and they gave to their father also in that night to drink wine, and the less daughter entered, and slept with him; and soothly he feeled not then when she lay down, neither when she a rose.","ka d'ara mèda na, dua ra hia hari ama ra ninu mahu. ka ana bhèni limuri ne, la'e ka j'unu dènge ama na. te ngaa, lula ama ra dhu mahu titu kèna, nèti èèna ka, ne'a boe ngaa dhu nèngu tao mi dedha ana bhèni na.","Èle èèna ka, bèli-camèdꞌa dhèu aae rèti anggor hia ama ra, sèna ka naꞌa. Hèia ana bhèni dhu uru èèna, maso asa dꞌara èmu ama ra. Ka naꞌa mèu-mèu, te ngaa naꞌa mèu-mèu boe."
GEN 19:36,therefore the two daughters of lot conceived of their father.,"dènge j'ara ne'e ne ka, dua ra dènge babia nèti ama d'èlu rèngu.","Nèti èèna ka, dhèu aaꞌi-aaꞌi ra, dhèu aaꞌi-aaꞌi ra, Lot, ra jꞌajꞌi bèli-camèdꞌa dènge dhèu aaꞌi-aaꞌi ra. Nèti èèna ka, dhèu aaꞌi-aaꞌi ra jꞌajꞌi bèli-camèdꞌa dènge dhèu aaꞌi-aaꞌi ra."
GEN 19:37,"and the more daughter childed a son, and called his name moab; he is the father of men of moab unto this present day.",hèia ana bhèni uru èèna nara iisi ana mone ca dhèu. ka na pangare na moab dhu sasoa na ‘mai nèti ama'. ana ne'e ka dhu j'aj'i bèi-baki nèti dhèu moab.,"Èle èèna ka, ana bhèni èèna bhèni ana mone ca dhèu, ka ra pangare ne, Moab. Nèti èèna ka, dhèu Moab jꞌajꞌi dhèu aaꞌi-aaꞌi mi, toke dꞌai sange neꞌe."
GEN 19:38,"and the less daughter childed a son, and called his name benammi, that is, the son of my people; he is the father of men of ammon till to this day.","ka ana bhèni limuri ne, nara iisi ana mone èci kahèi. na pangare na ben ami dhu sasoa na ‘mai nèti dhèu ja'a'. ana ne ka dhu j'aj'i bèi-baki nèti dhèu amon.","Bèli-camèdꞌa, ana bhèni kapai ne, nara iisi ana mone. Ka ra pangare ne, Benammi. Nèngu ka dhu jꞌajꞌi dhèu Amon, toke dꞌai sange neꞌe."
GEN 20:1,"abraham went forth from thence into the land of the south, and dwelled betwixt kadesh and shur, and was a pilgrim in gerar;","èle èèna, ka abraham nèti mamre, pidha asa rai negeb, dhu ètu re balèu, ka na pea ètu talora rae kades, dènge rae syur. te ngaa na pea nèbhu boe, ka pidha hari asa rae gerar.","Èle èèna ka, Abraham tèke eele era èèna, laꞌe pea ètu rai èèna, ètu era èèna, ètu talora kota Kadesh dènge kota Sur. Ètu neꞌe, Abraham pea ètu rai èèna."
GEN 20:2,"and he said of sarah, his wife, she is my sister. therefore abimelech, king of gerar, sent, and took her.","hèia na peka dènge dhèu ètu sèra, aku nèngu na, sara ne, ana hèni ja'a. nèti èèna ka, abimelek dhèu aae gerar, pua dhèu lasi lii d'ai sara. ka nèti ne mai asa d'ara èmu dhèu aae.","Èle èèna ka, Abimelek, dhèu aae Gerar, pua dhèu lasi paraga dènge ne, peka na, Sara ne, dhèu èmu na. Nèti èèna ka, Abimelek, dhèu aae Gerar, pua dhèu lasi paraga dènge ne."
GEN 20:3,"soothly god came to abimelech by a sweven in the night, and said to him, lo! thou shalt die, for the woman which thou hast taken, for she hath an husband.","d'ara ca mèda sa, ama lamatua pad'elo iisi na dènge dhèu aae ètu d'ara nii. na peka, mamadhe èu ne dètu kèna! lula èu more dhèu èmu dhèu.","Èle èèna ka, bèli-camèdꞌa dꞌara mèda, Ama Lamatua laꞌe paraga dènge Abimelek, ka na peka dènge ne, aku nèngu na, ""Èu hudꞌi madhe ku, lula dhèu èmu èu ne, dhèu èmu-kamali èu."""
GEN 20:4-5,"forsooth abimelech had touched not her; and he said, lord, whether thou shalt slay a folk unknowing and just or rightwise? whether he said not to me, she is my sister, and she said, he is my brother? in the simpleness of mine heart, and in the cleanness of mine hands, i did this.","hèia abimelek dhaa, peka na, lamatua! ja'a dhae pa'èci mèka dènge bhèni na. aa ja'a sasala aad'o. abraham unu na ka dhu peka, bhèni na, ana hèni nèngu! aa bhèni na dhaa sèmi èèna kahèi. nèti èèna ka, ja'a hia dhèu lasi lii d'ai ne, dènge d'ara mola. de lamatua baku pad'ui ja'a sasala!","Nèti èèna ka, Abimelek dꞌèi boe paꞌèki dènge bhèni ne. Hèia na karèi, aku nèngu na, ""Ama! Èu neo pamadhe dhèu dhu neꞌa boe ngaa-ngaa, do aadꞌo?"" Abimelek dhaa, na, 'Nèngu aꞌari jaꞌa.' Te ngaa bhèni ne peka, na, 'Nèngu aꞌari jaꞌa.' Nèti èèna ka, jaꞌa tao sèmi èèna, lula dꞌara jaꞌa mola-mèci."
GEN 20:6,"and the lord said to him, and i know that thou didest by simple heart, and therefore i kept thee, lest thou didest sin against me, and i suffered not that thou touchedest her;","ka lamatua dhaa, peka na, tare'a. mema ja'a ke'a d'ara èu mola. nèti èèna ka, ja'a ka dhu taha èu, ho baku pa'èci dènge ne. dènge j'ara sèmi èèna, èu tao boe sala mi ja'a hèi.","Hèia lamatua na dhaa, aku nèngu na, 'Jaꞌa keꞌa, na, èu tao madhutu dadꞌèi Ama Lamatua. Nèti èèna ka, jaꞌa kèpe eele èu, sèna ka èu baku sasala dènge jaꞌa."
GEN 20:7,"now therefore yield thou the wife to her husband, for he is a prophet; and he shall pray for thee, and thou shalt live; soothly if thou wilt not yield her, know thou that thou shalt die by death, thou, and all things that be thine.","de èu mèti hari ka bhèni ne, lèpa sa dhèu èmu na. mone na ka dhu nèti lii padhue-padhai ja'a. de lamu manèngi ne, sèna ka na sabaj'a hia èu, ho èu baku madhe. sanèd'e paie! ladhe èu hia boe bhèni na lèpa, èu dènge kabarai èu madhe aa'i mèu-mèu.","Nèti èèna ka, èu hudꞌi paꞌèki hari dènge dhèu èmu èu. Te dhèu èmu èu ne, dhèu nèti lii padhai Ama Lamatua. Ladhe na manèngi ho Ama Lamatua hia èu mamuri dhu lèke. Te ngaa ladhe èu paꞌèki hari dènge dhèu èmu èu, èu dènge dhèu aaꞌi-aaꞌi èu aaꞌi-aaꞌi ra madhe."""
GEN 20:8,"and at once abimelech rose by night, and called all his servants, and spake all these words in the ears of them; and all men dreaded greatly.","bèli mad'ae aae èèna, dhèu aae pakaboko nare dhèu-dhèu kapai na aa'i-aa'i, ka na lolo lii nii na. hèia aa'i-aa'i ra madha'u.","Bèli èèna, Abimelek kèdꞌi, ka na paroa dhèu sabꞌa na aaꞌi-aaꞌi. Ka na padhai lii dènge rèngu aaꞌi-aaꞌi ra. Rèngu aaꞌi-aaꞌi ra madhaꞌu."
GEN 20:9,"soothly abimelech called also abraham, and said to him, what hast thou done to us? what sinned we against thee, that thou hast brought in on me and on my realm such a great sin? thou hast done to us which things thou oughtest not to do.","ka dhèu aae paroa abraham. na karèi, aku nèngu na, ja'a tao sala ngaa mi èu, ka èu neo paj'èra ja'a dènge kabarai ja'a? èu ne ele-ho'a ka dènge tao madha j'ara sèmi ne'e ne.","Èle èèna ka, Abimelek paroa Abraham, ka na karèi ne, aku nèngu na, 'Ama! Nga tao ka jiꞌi tao sala? Nga tao ka èu tao jꞌara bhelu-katubꞌa èèna mi jaꞌa dènge dhèu aaꞌi-aaꞌi jiꞌi ètu rai-haha ne?'"
GEN 20:10,"and again abimelech asked, and said, what thing sawest thou, that thou wouldest do this?","ngangee èu tasamia ka, mu tao sèmi ne'e ne?","Hèia Abimelek karèi, aku nèngu na, ""Tasamia ka èu tao sèmi èèna?"""
GEN 20:11,"abraham answered, i thought within me, and said, in hap the dread of god is not in this place; and they shall slay me for my wife;","ka abraham dhaa, peka na, ama dhèu aae! ja'a pangee na, miu aa'i-aa'i mi, kabarai ne dhèu dhu tadhe boe ama lamatua. de ele boe cahag'e neo pamadhe ja'a, sèna ka parame rare dhèu èmu ja'a.","Te ngaa Abraham dhaa, aku nèngu na, 'Baku madhaꞌu dènge Ama Lamatua ètu rai-haha ne. Ladhe sèmi èèna, rèngu neo pamadhe jaꞌa, lula jaꞌa jꞌajꞌi dhèu èmu-kamali jaꞌa."
GEN 20:12,"in other manner forsooth and she is my sister verily, the daughter of my father, and not the daughter of my mother; and i wedded her into wife;","mema ja'a dhu peka tare'a, nèngu ne, ana hèni ja'a. lula ji'i dua mi ca ama, te ngaa ina baka-leo. nèti èèna ka, ji'i dua mi paleo.","Nèti èèna ka, jaꞌa neo bhèni ne, sèna ka jꞌajꞌi dhèu èmu-kamali jaꞌa. Nèti èèna ka, na jꞌajꞌi dhèu èmu-kamali jaꞌa. Nèti èèna ka, na jꞌajꞌi dhèu èmu-kamali jaꞌa. Nèti èèna ka, jaꞌa neo bhèni ne, sèna ka jꞌajꞌi dhèu èmu-kamali jaꞌa."
GEN 20:13,"soothly after that god led me out of the house of my father, i said to her, thou shalt do this mercy with me in each place to which we shall enter; thou shalt say, that i am thy brother.","ka ropa ama lamatua pua ji'i ho tèke eele era paleo-palu'u ji'i, lod'o èèna ja'a peka dènge dhèu èmu ja'a, aku ja'a na, ‘ladhe èdhi lati asa era leo, ho dhèu karèi èu, dhu èdhi se dhèu èmu-kamali, ladhe èu dhu sue ja'a, na dhaa la, peka na èdhi se, dua ti pa'a'ari. '","Èle èèna ka, bèli-camèdꞌa Ama Lamatua pajꞌujꞌu jaꞌa nèti dꞌara èmu ama ku. Hèia jaꞌa peka dènge ne, 'Ladhe èdhi dꞌai mia-mia, èu hudꞌi padꞌelo dꞌara hua iia èu mi jaꞌa, peka na, jaꞌa ne aꞌari èu.'"
GEN 20:14-16,"therefore abimelech took sheep, and oxen, and servants, and handmaids, and gave to abraham; and he yielded to him sarah, his wife, and said, the land is before you; dwell thou, wherever it pleaseth thee. forsooth abimelech said to sarah, lo! i gave a thousand pieces of silver to thy brother; this shall be to thee into a covering of eyes, to all men that be with thee; and whither ever thou goest, have thou mind that thou art taken.","èle èèna ka, dhèu aae abimelek pangèd'u hari sara la'e asa abraham. ka na peka dènge sara, èèna na, ja'a hia ana mone mu doi iia ca riho, sèna ka j'aj'i tadha ja'a tao boe sala ngaa-ngaa mi èu. ho hud'i sène, dhèu aa'i-aa'i ra re'a! hèia dhèu aae peka dènge abraham, aku nèngu na, kabarai ja'a ne, dhu bhoke tèke hia èu. èu neo pea mi era mia èèna ka, ja'a hia èu. ka abimelek hia abraham sapi, kahib'i-ka'ia, dènge kahib'i-kalèbho. na hia kahèi ènu dhèu mone dènge dhèu bhèni.","Hèia Abimelek kèpe kahibꞌi-kalèbho, sapi dènge badha, dhèu sabꞌa dènge dhèu sabꞌa. Ka na hia Abraham. Ka na peka dènge Abraham, aku nèngu na, ""Èu bisa pea ètu era neꞌe. Ladhe dꞌai mia èèna, na, èu bisa pea ètu era neꞌe."" Hèia Abimelek peka dènge Sara, aku nèngu na, ""Tareꞌa! Jaꞌa hia aꞌari èu sèra canguru sèra, sèna ka èu dènge dhèu aaꞌi-aaꞌi èu sabꞌa ètu dꞌara musi madha èu, sèna ka èu dènge dhèu aaꞌi-aaꞌi ètu rai-haha ne bisa rai-haha. De èu hudꞌi kèdhi ku, ladhe èu lèpa hari asa mia."""
GEN 20:17-18,"soothly for abraham prayed, god cured abimelech, and his wife, and handmaids, and they childed; for god had closed each womb of the house of abimelech, for sarah, the wife of abraham.","uru èèna, lula abimelek nare dhèu èmu abraham, ka lamatua hutu eele era ana nèti bhèni aa'i-aa'i dhu pea ètu kabarai dhèu aae èèna. te ngaa ropa abimelek hia sara lèpa hari sa dhèu èmu na, ka abraham sabaj'a ho lamatua bhoke hari era ana nèti bhèni se. ka ra abhu hari ana.","Èle èèna ka, Ama Lamatua puri-paꞌèle dhèu aaꞌi-aaꞌi nèti dhèu aaꞌi-aaꞌi nèti dhèu aaꞌi-aaꞌi nèti dhèu aaꞌi-aaꞌi nèti dhèu aaꞌi-aaꞌi nèti dhèu aaꞌi-aaꞌi nèti dhèu aaꞌi-aaꞌi nèti dhèu aaꞌi-aaꞌi nèti dhèu aaꞌi-aaꞌi nèti dhèu aaꞌi-aaꞌi nèti dhèu aaꞌi-aaꞌi nèti dhèu aaꞌi-aaꞌi nèti dhèu aaꞌi-aaꞌi nèti dhèu aaꞌi-aaꞌi nèti dhèu aaꞌi-aaꞌi nèti dhèu aaꞌi-aaꞌi nèti dhèu aaꞌi-aaꞌi nèti dhèu aaꞌi-aaꞌi nèti dhèu aaꞌi-aaꞌi."
GEN 21:1-7,"forsooth god visited sarah, as he promised, and ful filled those things, that he spake. and she conceived, and childed a son in her eld age, in the time wherein god before-said to her. and abraham called the name of his son, whom sarah childed to him, isaac. and abraham circumcised him in the eighth day, as god commanded to him, when he was of an hundred years; for isaac was born in this age of the father. and sarah said, the lord hath made laughing to me, and whoever shall hear shall laugh with me. and again she said, who should hear, and believe to abraham, that sarah should give sucking to a son, whom she childed to him, when he is now an eld or old man?","èle èèna ka, lamatua hia sara mèngi-nale madhutu lii pajaji na. lod'o sara dènge babia, abraham dhu heka le. ropa sara nara iisi, umur abraham d'ai cangasu tèu kèna. lod'o sara d'ai hèru, ka nara iisi ana mone ca dhèu. ka abraham pangare ne, isak dhu sasoa na ‘na mari'. sara peka hèi, aku nèngu na, ama lamatua tao ja'a mari, lula ja'a karej'e. dhèu ae ka dhu pangee na, ja'a ètu d'ara heka sèmi ne'e ne, abhu heka ana. masi ka dhèu èmu ja'a heka bhoro le, te ja'a bisa kora iisi ana hia ne. èèna na, ladhe dhèu tadèngi j'ara ne'e, rèngu aa'i-aa'i ra mari kahèi dènge ja'a ne. ropa isak d'ai aru lod'o, abraham suna ne, madhutu paredha ama lamatua.","Èle èèna ka, Sara dhaa, aku nèngu na, ""Bèli-camèdꞌa, dhèu aaꞌi-aaꞌi dhu tadèngi lii padhai jaꞌa sèmi neꞌe."" Hèia Abraham parcaya, aku nèngu na, ""Sèmi neꞌe! Dhèu aaꞌi-aaꞌi dhu tadèngi lii padhai jaꞌa sèmi èèna, dhèu aaꞌi-aaꞌi dhu tadèngi lii padhai jaꞌa sèmi neꞌe ne, hudꞌi jꞌajꞌi dhèu aaꞌi-aaꞌi dhu jꞌajꞌi dhèu aaꞌi-aaꞌi ètu rai-haha ne. Hèia Abraham ngara ana na Isak. Èle èèna ka, Abraham suna ana na Isak, madhutu lii paredha Ama Lamatua. Èle èèna ka, Abraham suna ana na Isak, lodꞌo dꞌai canguru tèu lodꞌo."" Hèia Sara peka hari, aku nèngu na, ""Dhèu aaꞌi-aaꞌi dhu tadèngi lii padhai jaꞌa sèmi èèna, hudꞌi jꞌajꞌi dhèu aaꞌi dhèu aaꞌi-aaꞌi dhu tadèngi lii padhai jaꞌa sèmi èèna."""
GEN 21:8,"therefore the child increased, and was weaned; and abraham made a great feast in the day of his weaning.","isak kapai ka noo-noo. ropa oe d'ai lod'o luri susu, abraham tao tatao aae.","Èle èèna ka, ana ne bèdhu, ka na bèdhu. Èle èèna ka, Abraham tao hèbꞌa-hèbꞌa dhu kapai, sèna ka raꞌa-rinu ana ne ètu dꞌara bèdhu, sèna ka raꞌa-rinu ana ne ètu dꞌara bèdhu, sèna ka raꞌa-rinu ana ne ètu dꞌara bèdhu, sèna ka raꞌa-rinu ana ne ètu dꞌara bèdhu, sèna ka raꞌa-rinu ana ne ètu dꞌara bèdhu, sèna ka raꞌa-rinu ana ne ètu dꞌara bèdhu. Èle èèna ka, Abraham tao hèbꞌa-rinu aaꞌi-aaꞌi ètu dꞌara bèdhu aaꞌi-aaꞌi-aaꞌi ètu dꞌara bèdhu."
GEN 21:9-10,"and when sarah saw the son of hagar the egyptian, playing, or doing idolatry, with isaac her son, she said to abraham, cast out this handmaid and her son; for the son of the handmaid shall not be heir with my son isaac.","ca tèke, sara ladhe nèdhi ismael, ana nèti dhèu èmu limuri abraham, padadisi dènge isak. ropa nèdhi sèmi èèna, sara peka dènge dhèu èmu na, bège eele ènu masir nèi dènge ana na! te, ja'a ko'o boe ana ènu èèna unu pusaka, masi ka ciki oo'e èèna ka. dhoka ana ja'a isak di, dhu abhu sèra aa'i-aa'i.","Èle èèna ka, Sara ladhe nèdhi ana na, Isak, madhutu mèdha-panyau dhèu Masir. Hèia na peka dènge Abraham, aku nèngu na, ""Bèli-camèdꞌa ku ana bhèni ne dènge ana na. Te ana bhèni ne, heka abhu boe pusaka dènge ana jaꞌa, Isak."""
GEN 21:11,abraham took this heavily for his son;,"ropa abraham tadèngi lii padhai sara ne, ka d'ara na ako be'a boe, lula ismael ne, ana d'èlu na kahèi.",Abraham taken this heavily for his son;
GEN 21:12,"and god said to him, be it not seen sharp to thee on the child, and on thine handmaid; all things which sarah saith to thee, hear thou her voice, for in isaac seed shall be called to thee;","te ngaa ama lamatua lii dènge abraham, peka na, abraham! èu baku ngee pa'ae dhèu èmu limuri èu, dènge ana na. madhutu la dad'èi sara ne, lula bèli-camèd'a, èu abhu ana-èpu dhu ja'a moa tèke èèna, nèti isak ne'e ka.","Hèia Ama Lamatua peka dènge ne, aku nèngu na, 'Sèmi neꞌe! Ladhe Sara padhai lii dènge èu, na, èu hudꞌi nanene ku lii na. Te èu hudꞌi nanene ku lii na, peka na, 'Bèli-camèdꞌa dhèu dhu jꞌajꞌi ana-èpu èu, bèli-camèdꞌa èu jꞌajꞌi ana-èpu Isak.'"
GEN 21:13,"but also i shall make the son of the handmaid into a great folk, for he is thy seed.","te ngaa ja'a hia kahèi mèngi-nale mi ana nèti dhèu èmu limuri mu, lula nèngu ne, ana d'èlu èu kahèi. bèli-camèd'a, ana-èpu na j'aj'i suku èci kahèi.","Bèli-camèdꞌa Jaꞌa tao ana bhèni ne jꞌajꞌi dhèu aaꞌi-aaꞌi, ho jꞌajꞌi dhèu aaꞌi-aaꞌi, lula nèngu jꞌajꞌi ana-èpu èu."""
GEN 21:14,"and so abraham rose early, and took bread, and a bottle of water, and put it on hagar's shoulder, and he betook to her the child, and let go her; and when she had gone, she went out of the way in the wilderness of beersheba.","bèli mad'ae aae èèna, abraham tao gee j'ara hia hagar, aa na kadhoe èi d'ara babo'i cue mi kabela-kao na. hèia na patabuli ka bhèni ne dènge ana na ismael, ho lasi. ka ra kako palème d'ara mamoo dhu dètu dènge beer-syeba.","Èle èèna ka, bèli-camèdꞌa Abraham kèdꞌi. Hèia na kèpe roti dènge èi bokor èi, ho hia ana ne asa hèbꞌa Hagar. Èle èèna ka, na pua ana ne lèpa hari. Èle èèna ka, na lèpa hari asa dꞌara jꞌara, ka laꞌe asa rae Beer-Seba."
GEN 21:15,"and when the water in the bottle was ended, she cast away the child under a tree that was there;","ropa èle èi rinu ra, hagar tèke eele ana na ètu d'ara mamaho aj'u iiki ca kapua.","Èle èèna ka, ana bhèni èèna bèli-camèdꞌa ètu dꞌara ajꞌu èci. Ka ana bhèni èèna bèli-camèdꞌa ètu dꞌara ajꞌu ètu dꞌara ajꞌu èèna. Èle èèna ka, ana bhèni èèna bèli-camèdꞌa ètu dꞌara ajꞌu èèna, hèia na bèli-camèdꞌa asa dꞌara ajꞌu ètu dꞌara ajꞌu èèna. Èle èèna ka, ana bhèni èèna bèli-camèdꞌa ètu dꞌara ajꞌu èèna."
GEN 21:16,"and she went away, and she sat even against, as far as a bow may cast; for she said, i shall not see the child dying; and she sat against, and raised up her voice, and wept.","ka na pangee ètu d'ara na, d'ara ja'a la'e boe, ladhe ja'a kèdhi mamadhe ana ja'a. ka na madhèdi ako kaj'èu nèti ana na, pe d'ai lèmi nguru meter sa. ka na tangi dènge lii roma iisi.","Hèia ina Maria laꞌe madhèdi ètu sebhe èèna. Nèti èèna ka, na padhai lii, peka na, ""Aadꞌo! Jaꞌa kèdhi ana ne madhe boe!"" Hèia na madhèdi ètu sebhe èèna, hèia na tangi."
GEN 21:17,"forsooth the lord heard the voice of the child, and the angel of the lord called hagar from heaven, and said, what doest thou, hagar? do not thou dread, for god hath heard the voice of the child, from the place wherein he is.","lula ama lamatua dhu tadèngi lii tangi ismael, ka ana pajuu na mai nèti sorga, ka paroa hagar, aku nèngu na, hagar! nga tao ka, èu j'èra ae sèmi ne'e ne? baku madha'u ia ka, te lamatua tadèngi le lii tangi ana èu.","Èle èèna ka, ana pajuu Lamatua èci nèti sorga paroa, aku nèngu na, ""Hagar! Baku madhaꞌu! Lamatua tadèngi le lii ana ne ètu era èu."""
GEN 21:18,"rise thou, and take the child, and hold his hand; for i shall make him into a great folk.","de kèd'i lamu more ana nèi. pa'èra d'ara na, te bèli-camèd'a ja'a paj'aj'i ana-èpu na, suku èci dhu kapai.","Kèdꞌi ka! Èu hudꞌi kèpe ku kacui-aai nèti ana neꞌe. Te Jaꞌa tao nèngu jꞌajꞌi dhèu aaꞌi-aaꞌi, ho jꞌajꞌi dhèu unu Jaꞌa."""
GEN 21:19,"and god opened her eyes, and she saw a well of water, and she went, and filled the bottle, and she gave drink to the child;","ka ama lamatua pasaraa musi madha na. cag'ag'a laa nèdhi dènge, èi ca madha ètu era èèna. hèia la'e soli èi asa d'ara babo'i, ka na panginu ana na ismael.","Èle èèna ka, Ama Lamatua bhoke musi madha ana bhèni ne. Hèia na ladhe nèdhi èi èi èi. Hèia laꞌe asa dꞌara èi èi, ho naꞌa ana ne."
GEN 21:20-21,"and god was with him, and he increased, and dwelled in wilderness, and he was made a young man an archer, and dwelled in the desert of paran; and his mother took to him a wife of the land of egypt.","ka ismael dènge ina na hagar pea dènge ka ètu d'ara mamoo paran. ismael asa na kapai, aa ne'a mèu kataki. ka ina na paleo ne dènge ana bhèni masir ca dhèu. se'e se j'aj'i, lula ama lamatua bera-bera dènge ismael.","Èle èèna ka, Ama Lamatua padꞌelo dꞌara hua iia Na dènge ne. Nèti èèna ka, nèngu jꞌajꞌi dhèu ae-ae ètu dꞌara mamoo. Èle èèna ka, nèngu jꞌajꞌi dhèu sabꞌa ètu dꞌara mamoo Paran. Èle èèna ka, nèngu jꞌajꞌi dhèu aae nèti rai Masir."
GEN 21:22,"in the same time, abimelech, and phicol, prince of his host, said to abraham, god is with thee in all things that thou doest;","lod'o èèna, dhèu aae abimelek dènge kètu kapai sordad'u na, fikol, mai pangad'o dènge abraham. hèia dhèu aae padhai lii, ka na peka, abraham! ji'i se nge'a ama lamatua bera-bera dènge èu. nèti èèna ka, sad'i èu ad'u ngaa sa èci, j'aj'i dènge be'a.","Èle èèna ka, Abimelek dènge Pikol, ama sordadꞌu na, peka dènge Abraham, aku rèngu na, ""Ama Lamatua ètu dꞌara aaꞌi-aaꞌi dhu èu adꞌu-ue."""
GEN 21:23,"therefore swear thou by god that thou harm not me, and mine heirs, and my kindred; but by the mercy which i did to thee, do thou to me, and to the land in which thou livedest as a comeling.","de ja'a manèngi, sèna ka èu subha ètu katanga madha ama lamatua, dhu peka na, èu bisa boe kapod'e-kabèli ja'a, dènge ana-èpu ja'a aa'i-aa'i ra. sèmi dhu ja'a tao le be'a mi èu, na, èu hud'i tao be'a kahèi mi ja'a dènge kabarai ja'a.","Nèti èèna ka, èu hudꞌi jꞌajꞌi mi dedha Ama Lamatua, sèna ka jꞌajꞌi mi tadha, na, èu hudꞌi jꞌajꞌi mi dedha Ama Lamatua, sèna ka jꞌajꞌi mi dedha Ama Lamatua. De èu hudꞌi jꞌajꞌi mi dedha Ama Lamatua, sèna ka jꞌajꞌi mi dedha Ama Lamatua, sèna ka jꞌajꞌi mi dedha Ama Lamatua. De èu hudꞌi jꞌajꞌi mi dedha Ama Lamatua, sèna ka jꞌajꞌi mi dedha Ama Lamatua, sèna ka jꞌajꞌi mi dedha Ama Lamatua. De èu hudꞌi jꞌajꞌi mi dedha Ama Lamatua, sèna ka jꞌajꞌi mi dedha Ama Lamatua, sèna ka jꞌajꞌi mi dedha Ama Lamatua."""
GEN 21:24,"and abraham said, i shall swear.","ka aku abraham na, ooo! ja'a subha.","Hèia Abraham dhaa, aku nèngu na, 'Jaꞌa dhaa sèmi èèna.'"
GEN 21:25,"and he blamed abimelech for the well of water, which his servants took away by violence.","te ngaa èle èèna ka, abraham lapor dènge dhèu aae, aku nèngu na, dhèu-dhèu ama dhèu aae parame rare èi ja'a ca madha.","Hèia na peka dènge Abimelek, na, èèna ka jꞌajꞌi dhèu èmu èèna. Te ngaa dhèu-dhèu sabꞌa na sèle eele èi èèna dènge dꞌara bhelu-katubꞌa, sèna ka jꞌajꞌi dhèu aaꞌi-aaꞌi ètu dꞌara dꞌara èmu èèna. Nèti èèna ka, Abimelek jꞌajꞌi dhèu aaꞌi-aaꞌi dhu jꞌajꞌi dhèu aaꞌi-aaꞌi dhu jꞌajꞌi dhèu aaꞌi-aaꞌi dhu jꞌajꞌi dhèu aaꞌi-aaꞌi dhu jꞌajꞌi dhèu aaꞌi-aaꞌi dhu jꞌajꞌi dhèu aaꞌi-aaꞌi."
GEN 21:26,"and abimelech answered, i wist not who did this thing, but also thou showedest not to me, and i heard not except today.","tadèngi sèmi èèna, hèia na peka, waa! ja'a heka tadèngi kèna j'ara ne'e ne. tasamia ka karèi nèti ca hari ni, èu peka boe dènge ja'a? ja'a dhae ke'a mèka, ne'e ne tatao cee ka ne.","Te ngaa Abimelek dhaa, aku nèngu na, ""Jaꞌa keꞌa boe, cee ka dhu tao jꞌajꞌèra ne. Aa èu peka boe dènge jaꞌa."""
GEN 21:27-28,"and so abraham took sheep and oxen, and gave to abimelech, and both smote together a bond of peace. and abraham set seven ewe lambs of the flock asides half.","èle èèna ka, abraham dènge abimelek pa'èki lii pajaji. ka abraham hia abimelek sapi dènge kahib'i-kalèbho. èle èèna ka, abraham hag'e nare hari kahib'i-kalèbho èni pidhu ngi'u.","Èle èèna ka, Abraham kèpe kahibꞌi-kalèbho dènge kahibꞌi-kalèbho sèra. Ka na hia mi Abimelek. Ka dua ra jꞌajꞌi dhèu paꞌèci. Hèia Abraham dedꞌe ana kahibꞌi-kalèbho pidhu nèti canguru kahibꞌi-kalèbho sèra, sèna ka jꞌajꞌi canguru kahibꞌi-kalèbho ètu dꞌara èmu kahibꞌi-kalèbho, sèna ka jꞌajꞌi canguru kahibꞌi-kalèbho ètu dꞌara èmu kahibꞌi-kalèbho, sèna ka jꞌajꞌi canguru kahibꞌi-kalèbho kahibꞌi-kalèbho kahibꞌi-kalèbho kahibꞌi-kalèbho kahibꞌi-kalèbho kahibꞌi-kalèbho kahibꞌi-kalèbho kahibꞌi-kalèbho kahibꞌi-kalèbho kahibꞌi-kalèbho kahibꞌi-kalèbho kahibꞌi-kalèbho kahibꞌi-kalèbho."
GEN 21:29,"and abimelech said to him, what will these seven ewe lambs mean to themselves, which thou madest stand asides half?","hèia dhèu aae karèi ne, peka na, nga tao ka èu tao sèmi èèna?","Hèia Abimelek karèi ne, aku nèngu na, ""Èu pangee, na, ana kahibꞌi-kalèbho pidhu se, èci dènge èci, èci dènge èci, èci dènge èci, èci dènge èci, èci dènge èci, nuka sèmi ana kahibꞌi-kalèbho kahibꞌi-kalèbho kahibꞌi-kalèbho kahibꞌi-kalèbho kahibꞌi-kalèbho kahibꞌi-kalèbho kahibꞌi-kalèbho kahibꞌi-kalèbho kahibꞌi-kalèbho kahibꞌi-kalèbho kahibꞌi-kalèbho kahibꞌi-kalèbho kahibꞌi-kalèbho kahibꞌi-kalèbho kahibꞌi-kalèbho kahibꞌi-kalèbho kahibꞌi-kalèbho?"""
GEN 21:30,"and he said, thou shalt take of mine hand seven ewe lambs, that those or they be into witnessing to me, for i digged this well.","ka abraham peka, aku nèngu na, ama dhèu aae. sèmi la kalèbho èni pidhu ngi'u se, sèna ka j'aj'i tadha dhu ama peka le na, ja'a ka dhu kèi èi na.","Hèia dhèu ne dhaa, aku nèngu na, ""Sèmi neꞌe! Èu hia jaꞌa ana kahibꞌi-kalèbho pidhu sèra, sèna ka ra jꞌajꞌi sakasii mi jaꞌa, lula jaꞌa kèpe ètu dꞌara jꞌara neꞌe. De èu hia jaꞌa ana kahibꞌi-kalèbho pidhu sèra, sèna ka ra peka dènge jaꞌa, na, jaꞌa kèpe ètu dꞌara jꞌara neꞌe."""
GEN 21:31,"therefore that place was called beersheba, that is, the well of the oath, for ever either swore there;","lula dua ra dhu pa'èki le soo-subha ètu èèna, ka era na ra pangare na beer-syeba dhu sasoa na, ‘madha èi soo-subha'.","Nèti èèna ka, Lamatua hagꞌe nare rai ne, peka na, ""Beer-sheba."" Nèti èèna ka, Lamatua hagꞌe nare rai ne, peka na, ""Beer-sheba."" Nèti èèna ka, Lamatua hagꞌe nare rai ne, toke dꞌai mia-mia."
GEN 21:32,"and they made bond of peace for the well of an oath. forsooth abimelech rose, and phicol, the prince of his chivalry, and they turned again into the land of palestines.","ropa pasubha èle, ka dhèu aae dènge kètu kapai sordad'u na lèpa ka, asa era rèngu, rai dhèu pilistin.","Èle èèna ka, dhèu dua sèra paꞌèci dènge Ama Lamatua, ho jꞌajꞌi dhèu paꞌèci dènge Ama Lamatua. Rèngu paꞌèci dènge Ama Lamatua, ho jꞌajꞌi dhèu paꞌèci dènge Ama Lamatua, ho jꞌajꞌi dhèu paꞌèci dènge Ama Lamatua. Rèngu jꞌajꞌi dhèu paꞌèci dènge Ama Lamatua, ho jꞌajꞌi dhèu paꞌèci dènge Ama Lamatua. Rèngu jꞌajꞌi dhèu paꞌèci, ho jꞌajꞌi dhèu paꞌèci dènge Ama Lamatua. Rèngu jꞌajꞌi dhèu paꞌèci dènge Ama Lamatua, ho jꞌajꞌi dhèu paꞌèci dènge Ama Lamatua."
GEN 21:33,"soothly abraham planted a wood in beersheba, and inwardly called there the name of the everlasting god;","èle èèna ka, abraham sèle aj'u tamareska ca kapua ètu beer syeba. karèi nèti lod'o èèna, aj'u ne pasanèd'e abraham, lula ètu era èèna ka, nèngu mangaj'i lamatua dhu mamuri toke d'ai mia-mia.","Èle èèna ka, Abraham pajꞌajꞌi ajꞌu èci ètu sebhe Beersheba. Hèia Abraham paroa dhèu ètu sebhe ne, ngara Ama Lamatua dhu mamuri toke dꞌai mia-mia, sèna ka jꞌajꞌi dhèu aaꞌi-aaꞌi ètu sebhe ne, nuka sèmi dhèu aaꞌi-aaꞌi dhu jꞌajꞌi dhèu aaꞌi-aaꞌi, nuka sèmi dhèu aaꞌi-aaꞌi dhu jꞌajꞌi dhèu aaꞌi-aaꞌi, nuka sèmi dhèu aaꞌi-aaꞌi dhu jꞌajꞌi dhèu aaꞌi-aaꞌi, nuka sèmi dhèu aaꞌi-aaꞌi dhu jꞌajꞌi dhèu aaꞌi-aaꞌi, nuka sèmi dhèu aaꞌi-aaꞌi dhu jꞌajꞌi dhèu aaꞌi-aaꞌi."
GEN 21:34,"and he was an earth-tiller, or a comeling, of the land of palestines in many days.",ka abraham pea dènge ka ètu talora dhèu pilistin sèmi dhèu tao mai.,"Nèti èèna ka, nèngu jꞌajꞌi dhèu kapodꞌe-kabèli ètu rai Palestina, toke dꞌai pèri-pèri lodꞌo."
GEN 22:1,"and after that these things were done, god assayed abraham, and said to him, abraham! abraham! he answered, i am present.","nèbhu boe, hèia lamatua sèku neo ne'a d'ara abraham. neo ne'a abraham madhutu lamatua, do aad'o. ka lamatua paroa ne, aku nèngu na, abraham! hèia na dhaa, peka na, ooo, lamatua.","Èle èèna ka, Ama Lamatua ladhe-leru Abraham. Ka Na paroa ne, aku Nèngu na, ""Abraham! Abraham!"" Hèia na dhaa, aku nèngu na, ""Ama! Jaꞌa mai le!"""
GEN 22:2,"god said to him, take thine one begotten son, whom thou lovest, isaac; and go into the land of vision, and offer thou him there into burnt sacrifice on one of the hills which i shall show to thee.","ka ama lamatua peka dènge ne, mu nanene paie-iie! more ana pasue èu mone mesa na. mèti ne asa rai moria, ho tao ne j'aj'i korban tunu hia ja'a. pe d'ai nèi, ja'a heka paj'uj'u era dhu ètu ledhe èci.","Èle èèna ka, Ama Lamatua peka dènge ne, aku Nèngu na, ""Sèmi neꞌe, Isak, ana èu dhu èu sue. Èu hudꞌi laꞌe asa rai èèna, ètu ledhe ledhe dhu Jaꞌa padꞌelo le dènge èu. Ètu era neꞌe, èu hudꞌi pua ne jꞌajꞌi korban."
GEN 22:3,"therefore abraham rose by night, and saddled his ass, and led with him two young men, and isaac his son; and when he had hewn trees into burnt sacrifice, he went to the place which god had commanded to him.","d'ai bèli mad'ae aae na, abraham sèg'i aj'u sèna ka tao kadhèna. na èki, ka na hue asa dedha keled'ei. ka dua ra dènge isak, aa dènge dhèu sab'a na dhèu dua, pakèd'i asa era dhu lamatua peka dènge ne.","Èle èèna ka, bèli-camèdꞌa Abraham kèdꞌi laꞌe asa era dhu Ama Lamatua peka dènge ne. Nèti èèna ka, na dedꞌe kètu na, dènge ana-ana na dhèu dua, nuka Isak. Èle èèna ka, Abraham kèpe ajꞌu ho jꞌajꞌi korban. Ka laꞌe asa era dhu Ama Lamatua peka dènge ne."
GEN 22:4,"forsooth in the third day, he raised up his eyes, and saw a place afar;","ra kako taruu, ka d'ai camèd'a èèna, abraham nèdhi le era èèna nèti kaj'èu.","Èle èèna ka, dꞌai tèlu lodꞌo, na ladhe-leru. Hèia na ladhe nèdhi èci ètu sebhe."
GEN 22:5,"and he said to his young men, abide ye here with the ass, i and the child shall go thither; and after that we have worshipped, we shall turn again to you.","hèia na peka dènge dhèu dua sèra, aku nèngu na, dua mi mate taha mi ne'e dènge keled'ei ne. ja'a dènge ana ja'a la'a asa dedha nèi, ho mangaj'i ama lamatua. ladhe èle na, ji'i lèpa hari mai.","Hèia na peka dènge dhèu sabꞌa na, aku nèngu na, ""Miu madhèdi ku ètu neꞌe, sèna ka jaꞌa dènge ana keledꞌei ne lèpa hari asa miu."""
GEN 22:6,"and he took the wood of burnt sacrifice, and laid it on isaac his son; forsooth he bare fire, and a sword in his hands. and when they twain or two went together,","ka abraham nare kadhèna dhu neo tunu korban, ka na tao mi kabela-kao isak. aa nèngu nèd'u tud'i, dènge suu ai. ropa dua ra palere lasi,","Èle èèna ka, Abraham dedꞌe ajꞌu ho jꞌajꞌi holo-nori Ama Lamatua. Hèia na dedꞌe ajꞌu ho jꞌajꞌi holo-nori Ama Lamatua. Èle èèna ka, na dedꞌe ajꞌu ho jꞌajꞌi holo-nori Ama Lamatua. Èle èèna ka, na dedꞌe ajꞌu ho jꞌajꞌi holo-nori Ama Lamatua. Hèia na dedꞌe ajꞌu ho jꞌajꞌi holo-nori ana na Isak. Èle èèna ka, na dedꞌe ajꞌu ho jꞌajꞌi holo-nori Ama Lamatua."
GEN 22:7,"isaac said to his father, my father! and he answered, what wilt thou, son? he said, lo! fire and wood, where is the beast of burnt sacrifice?","hèia isak paroa ama na, aku nèngu na, ama! ka abraham dhaa, aku nèngu na, nga tao, ana? hèia isak karèi, aku nèngu na, èdhi neo lati tunu korban. de ai dènge kadhèna ka se'e le. te ngaa ana kahib'i-kalèbho dhu èdhi pake j'aj'i korban, ka mia?","Èle èèna ka, Isak karèi ama na, aku nèngu na, 'Ama!' Hèia ama na dhaa, aku nèngu na, ""Èu neo ngaa, ana?"" Hèia Isak dhaa, aku nèngu na, ""Èu ladhe mèdhi ai dènge ajꞌu, te ngaa badha sèra ètu mia?"""
GEN 22:8,"abraham said, my son, god shall purvey to him the beast of burnt sacrifice. therefore they went together,","te ngaa, aku abraham na, pe ama lamatua unu na ka dhu hia ana kalèbho, sèna ka j'aj'i mi korban. ka dua ra ca'e lasi taruu.","Èle èèna ka, Abraham dhaa, aku nèngu na, ""Ana dꞌara jaꞌa, Ama Lamatua ka dhu hia ne, sèna ka jꞌajꞌi lii holo-nori."" Hèia dua ra paꞌèci dènge dhèu aaꞌi-aaꞌi, sèna ka ra paꞌèci dènge dhèu aaꞌi-aaꞌi ètu dꞌara Èmu Kapua Manèngi-Mangajꞌi ètu dꞌara Èmu Kapua Manèngi-Mangajꞌi ètu dꞌara Èmu Kapua Manèngi-Mangajꞌi ètu dꞌara Èmu Kapua Manèngi-Mangajꞌi ètu dꞌara Èmu Kapua Manèngi-Mangajꞌi ètu dꞌara Èmu Kapua Manèngi-Mangajꞌi ètu dꞌara Èmu Kapua Manèngi-Mangajꞌi ètu dꞌara Èmu Kapua Manèngi-Mangajꞌi ètu dꞌara Èmu Kapua Manèngi-Mangajꞌi."
GEN 22:9,"and came to the place which god had showed to him; in which place abraham builded an altar, and dressed the wood above; and when he had bound altogether isaac, his son, he laid isaac on the altar, upon the heap of wood.","ropa dua ra d'ai era dhu lamatua peka èèna, ka abraham pudhi hadhu ho tao mei korban. hèia na paloko kadhèna ètu dedha mei korban ne. ka kèpe ana na isak, èki patarenga ne ètu dedha kadhèna.","Èle èèna ka, Abraham laꞌe asa era dhu Ama Lamatua padꞌelo le dènge ne. Èle èèna ka, na patitu ajꞌu mei ètu era neꞌe. Èle èèna ka, Abraham patitu ajꞌu mei ètu era neꞌe. Èle èèna ka, na dedꞌe ana na Isak ètu dedha mei neꞌe."
GEN 22:10,"and he held forth his hand, and took the sword to sacrifice his son.","ka nare tud'i, ho neo kèj'i pamadhe ana na.","Ropa tadèngi lii padhai Ama Lamatua sèmi èèna, hèia Ama Lamatua pajꞌujꞌu kacui-aai na, ho neo pamadhe ana na."
GEN 22:11,"and lo! the angel of the lord cried from heaven, and said, abraham! abraham! which answered, i am present.","cag'ag'a laa, ana pajuu lamatua lii nèti dedha-liru, peka na, abraham! mata ku! ka abraham dhaa, aku nèngu na, nga tao, lamatua?","Èle èèna ka, ana pajuu Ama Lamatua nèti sorga paroa ne, aku nèngu na, ""Abraham! Abraham!"" Hèia na dhaa, aku nèngu na, ""Ama! Jaꞌa mai le!"""
GEN 22:12,"and the angel said to him, hold thou not forth thine hand on the child, neither do thou anything of harm to him; now i know that thou dreadest god, and sparedest not thine one begotten son for me.","ka na peka hari, na, baku pamadhe ana èèna! baku tao ngaa-ngaa mi nèngu. ja'a ke'a le, èu ne tare'a-re'a madhutu dad'èi lamatua. lula èu dènge d'ara kateme hia ana èu ca dhèu mesa èèna, sèna ka j'aj'i mi korban hia ne.","Te ngaa ana pajuu ne peka dènge ne, aku nèngu na, ""Ama! Baku jꞌajꞌi ana ne. Jaꞌa keꞌa le, na, èu tenge jꞌara ho jꞌajꞌi dhèu aaꞌi-aaꞌi mi Ama Lamatua. Nèti èèna ka, èu jꞌajꞌi boe ana iiki èu, ho jꞌajꞌi dhèu aaꞌi-aaꞌi mi Jaꞌa."""
GEN 22:13,"abraham raised up his eyes, and he saw behind him a ram cleaving by the horns among briars, which he took, and offered as burnt sacrifice for the son.","hèia abraham ladhe nèdhi kahib'i-kalèbho mone ci'u, dhu tadhu na pakai nare dadana aaj'u dhu karoki. ka na la'e kèpe nare, ho tunu j'aj'i mi korban hia ama lamatua, gati ana na.","Èle èèna ka, Abraham ladhe nèdhi ana kahibꞌi-kalèbho èci ètu dꞌara oka. Ana kahibꞌi-kalèbho èci ètu dꞌara oka. Hèia na kèpe ana kahibꞌi-kalèbho ne, sèna ka jꞌajꞌi korban."
GEN 22:14,"and he called the name of that place the lord seeth; wherefore it is said, till to this day, the lord shall see in the hill.","ka abraham pangare era èèna, na, ‘lamatua sadia tèke ngaa dhu parluu. ' nèti èèna ka, d'ai sange ne'e, dhèu peka na, ètu ledhe lamatua èèna, na sadia tèke ngaa dhu parluu.","Èle èèna ka, Na paroa era èèna, peka na, ""Lamatua ladhe nèdhi era neꞌe, toke dꞌai sange neꞌe."" Nèti èèna ka, Na paroa era ne, ""Lamatua ladhe nèdhi era neꞌe, toke dꞌai sange neꞌe."""
GEN 22:15,"forsooth the angel of the lord called to abraham the second time from heaven,","èle èèna ka, ana pajuu lamatua lii hari nèti dedha-liru, peka na,","Èle èèna ka, ana pajuu Lamatua nèti sorga paroa Abraham hari nèti dedha-liru."
GEN 22:16,"and said, the lord saith, i have sworn by myself, for thou hast done this thing, and hast not spared thine one begotten son for me,","lamatua unu na, peka, ‘ja'a subha dènge kolongara ja'a mesa ku, sèmi ne'e: èu sadia le hia ja'a ana mu ca dhèu mone mesa na ho j'aj'i mi korban. nèti èèna ka,","""Lamatua peka dènge ne, aku nèngu na, 'Ladhe èu tao jꞌara neꞌe, jaꞌa jꞌajꞌi tareꞌa-reꞌa dènge dꞌara ngiꞌu jaꞌa. De jaꞌa jꞌajꞌi tareꞌa-reꞌa dènge ngiꞌu jaꞌa, lula èu tao jꞌara neꞌe, hèia èu paꞌele iie boe ana mone èu, sèna ka jaꞌa jꞌajꞌi dhèu aaꞌi-aaꞌi, sèna ka jaꞌa jꞌajꞌi dhèu aaꞌi-aaꞌi, sèna ka dhèu aaꞌi-aaꞌi bisa boe jꞌajꞌi dhèu aaꞌi-aaꞌi, sèna ka jaꞌa jꞌajꞌi dhèu aaꞌi-aaꞌi."
GEN 22:17,"i shall bless thee, and i shall multiply thy seed as the stars of heaven, and as the gravel, either sand, which is in the brink of the sea; thy seed shall wield the gates of his enemies;","bèli-camèd'a, ja'a pala-bagi èu dènge ana-èpu èu mèngi-nale ae-ae. èèna na, ra bèba-kacanga, toke dhèu ige rare boe, sèmi hua-hètu ètu dedha-liru, aa salae ètu sebhe dhasi. ana-èpu èu sèra, èèna na, segi aa'i musu rèngu sèra.","Jaꞌa paꞌèki le dènge èu. Jaꞌa paꞌèki le ana-èpu èu, nuka sèmi ana-èpu ètu dedha-liru, nuka sèmi ana-èpu ètu sebhe dhasi."
GEN 22:18,"and all the folks of the earth shall be blessed in thy seed, for thou obeyedest to my voice.","nèti ana-èpu èu, dhèu aa'i-aa'i ètu rai-haha ne abhu mèngi-nale lula èu madhutu le lii paredha ja'a. '","Dhèu-dhèu nèti suku aaꞌi-aaꞌi ètu rai-haha ne, bèli-camèdꞌa rèngu abhu mèdha-panyau, lula èu nanene lii padhai Jaꞌa. Jaꞌa manèngi sèna ka dhèu aaꞌi-aaꞌi ètu rai-haha ne abhu mèdha-panyau, lula èu jꞌajꞌi ana-èpu èu. Jaꞌa manèngi sèna ka dhèu aaꞌi-aaꞌi ètu rai-haha ne abhu mèdha-panyau, lula èu jꞌajꞌi ana-èpu èu."""
GEN 22:19,"abraham turned again to his young men, and they went to beersheba together, and he dwelled there.","èle hèia, abraham dènge isak, lèpa hari asa era dhu dhèu sab'a na sèra. ka lasi palere asa beer-syeba. d'ai nèi, abraham si pea dènge ka.","Èle èèna ka, Abraham lèpa hari asa dhèu sabꞌa na, ho lasi pea ètu Beersheba. Ka ra pea ètu neꞌe."
GEN 22:20,"and so when these things were done, it was told to abraham that also milcah had borne sons to nahor his brother;","ca lod'o, abraham tadèngi na, dhèu èmu ari na nahor, dhu ngara na milka, nara iisi ana na.","Èle èèna ka, Ama Lamatua peka dènge Abraham, na, Melkisedek abhu ana-èpu mi aꞌari na, ngara na Nahor."
GEN 22:21,"huz the first begotten, and buz his brother, and kemuel the father of aram,","ana uru, ngara na us. ari na, bus. èle ka, nara iisi hari kemuel dhu j'aj'i ama aram.","huz, ana keledꞌei na. buz, aꞌari na. Kemuel, ama Aram."
GEN 22:22,"and chesed, and hazo, and pildash, and jidlaph, and bethuel,","ka na abhu hari kesed, haso, pildas, yidlaf, dènge betuel.","hadhu hadhu, hadhu hadhu, hadhu hadhu, hadhu hadhu, hadhu hadhu hadhu, hadhu hadhu hadhu, hadhu hadhu hadhu, hadhu hadhu hadhu, hadhu hadhu hadhu, hadhu hadhu hadhu, hadhu hadhu hadhu, hadhu hadhu hadhu, hadhu hadhu hadhu, hadhu hadhu hadhu, hadhu hadhu hadhu, hadhu hadhu hadhu, hadhu hadhu hadhu, hadhu hadhu hadhu, hadhu hadhu hadhu hadhu, hadhu hadhu hadhu hadhu, hadhu hadhu hadhu hadhu, hadhu hadhu hadhu hadhu, hadhu hadhu hadhu hadhu hadhu, hadhu hadhu hadhu hadhu hadhu, hadhu hadhu hadhu hadhu hadhu, hadhu hadhu hadhu hadhu hadhu hadhu, hadhu hadhu hadhu hadhu hadhu hadhu, hadhu hadhu hadhu hadhu hadhu hadhu hadhu hadhu, hadhu hadhu hadhu hadhu hadhu hadhu hadhu hadhu, hadhu hadhu hadhu hadhu hadhu hadhu hadhu hadhu hadhu, hadhu hadhu hadhu hadhu hadhu hadhu hadhu hadhu, hadhu hadhu hadhu hadhu hadhu hadhu hadhu hadhu hadhu, hadhu hadhu hadhu hadhu hadhu hadhu hadhu hadhu hadhu, hadhu hadhu hadhu hadhu hadhu hadhu hadhu hadhu hadhu hadhu, hadhu hadhu hadhu hadhu"
GEN 22:23,"of whom rebecca was born; milcah childed these eight to nahor, the brother of abraham.","betuel èèna, ama nèti ribka.","Nèngu ne, ana bhèni èci, ngara na Ribka. Nèngu ne, ana bhèni èci, ngara na Nahor. Nèngu ne, ari nèti Abraham."
GEN 22:24,"forsooth his concubine, or secon-dary wife, reumah by name, childed tebah, and gaham, and thahash, and maachah.","nahor abhu ana kahèi nèti bhèni piara na, ngara na reuma. ana reuma, nuka: teba, gaham, tahas, dènge maaka.","ladhe abhu dhèu dhu jꞌajꞌi dhèu leo, dhèu dhu jꞌajꞌi dhèu leo, dhèu dhu jꞌajꞌi dhèu leo, dhèu dhu jꞌajꞌi dhèu leo, dhèu dhu jꞌajꞌi dhèu leo, dhèu dhu jꞌajꞌi dhèu leo, dhèu dhu jꞌajꞌi dhèu leo, dhèu dhu jꞌajꞌi dhèu leo, dhèu dhu jꞌajꞌi dhèu leo, dhèu dhu jꞌajꞌi dhèu leo, dhèu dhu jꞌajꞌi dhèu leo, dhèu dhu jꞌajꞌi dhèu leo, dhèu dhu jꞌajꞌi dhèu leo, dhèu dhu jꞌajꞌi dhèu leo, dhèu dhu jꞌajꞌi dhèu leo, dhèu dhu jꞌajꞌi dhèu leo."
GEN 23:1-2,"forsooth sarah lived an hundred and seven and twenty years, and died in the city of arba, which is hebron, in the land of canaan; and abraham came to bewail and beweep her.","lod'o sara madhe, umur na ca ngasu dua nguru pidhu tèu le. lod'o na madhe èèna, abraham si pea ètu rae kiryat-arba nuka hebron, ètu rai kana'an. ka abraham beke aa tangi dhèu èmu na dènge d'ara pèd'a.","Èle èèna ka, Sara madhe ètu rai Kanaꞌan, ètu dꞌara rae Arba, dhu ngara na Hebron. Èle èèna ka, Abraham dꞌèi tangi Sara, aa dꞌèi dꞌèi dꞌèi dꞌèi dꞌèi dꞌèi dꞌèi dꞌai mia-mia dènge dua nguru dua nguru tèu, ka na madhe ètu dꞌara rae Sara. Nèti èèna ka, Abraham dꞌèi dꞌèi dꞌèi dꞌèi dꞌèi dꞌèi dꞌèi dꞌèi dꞌèi dꞌèi dꞌèi dꞌèi dꞌèi dꞌèi dꞌèi dꞌèi dꞌèi dꞌèi dꞌèi dꞌèi dꞌèi dꞌèi dꞌèi dꞌèi dꞌèi dꞌèi dꞌèi dꞌèi dꞌèi dꞌèi dꞌèi dꞌèi dꞌèi dꞌèi dꞌèi dꞌèi dꞌèi dꞌèi dꞌèi dꞌèi dꞌèi dꞌèi dꞌèi dꞌèi dꞌèi dꞌèi dꞌèi dꞌèi dꞌèi dꞌèi dꞌèi dꞌèi dꞌèi dꞌèi dꞌèi dꞌèi dꞌèi dꞌèi dꞌèi dꞌèi dꞌèi dꞌèi dꞌèi dꞌèi dꞌèi dꞌèi dꞌèi dꞌèi dꞌèi dꞌèi dꞌèi dꞌèi dꞌèi dꞌèi dꞌèi dꞌèi dꞌèi dꞌèi dꞌèi dꞌèi dꞌèi dꞌèi dꞌèi dꞌèlu."
GEN 23:3,"and when he had risen from the office of the dead body, he spake to the sons of heth, and said,","hèia abraham kèd'i la'e paraga dènge dhèu-dhèu het. ka na peka dènge si, aku nèngu na,","Ropa dhèu madhe ne mamuri hari, hèia Na padhai lii dènge dhèu Yahudi sèra, aku Nèngu na,"
GEN 23:4,"i am a comeling and a pilgrim with you; give ye to me right of a sepulchre with you, that i bury my dead body.","ja'a ne, dhèu tao mai ètu talora miu se. ja'a dhu dènge boe rai ca kasib'i sa, sèna ka padhane dhèu èmu ja'a. de ladhe miu sue ja'a, ja'a hèli kore rai miu d'ai ca kasib'i sa, ho tao era padhane ne.","Nèti èèna ka, jaꞌa neo padhane dhèu madhe ètu rai-haha ne. De jaꞌa neo padhane dhèu madhe ètu rai-haha ne. De ladhe jaꞌa neo padhane dhèu madhe ètu rai-haha ne, na, jaꞌa neo padhane dhèu madhe ètu rai-haha ne. De ladhe jaꞌa neo padhane dhèu madhe ètu rai-haha ne, na, jaꞌa neo padhane dhèu madhe ètu rai-haha ne. De ladhe jaꞌa neo padhane dhèu madhe ètu rai-haha ne, na, jaꞌa neo padhane dhèu madhe ètu rai-haha ne."""
GEN 23:5,"and the sons of heth answered, and said,","hèia ra dhaa, aku rèngu na,","Èle èèna ka, ana-èpu Het, dhaa, aku rèngu na,"
GEN 23:6,"lord, hear thou us; thou art the prince of god with us; bury thou thy dead body in our chosen sepulchres, and no man shall be able to forbid thee, that not thou bury thy dead body in the sepulchre of him.","sèmi ne'e, ama! nèbhu nare sange ne'e, ji'i se tadhe le ama, dhu sama sèmi ca dhèu, dhèu heka dhu ji'i pakab'ua. de sad'i ama d'èi rai mia dhu be'a, dhu pamèci dènge dad'èi ama. ji'i se dhoka ngo'o di; dhèu èci sa dhu magee boe.","Jaꞌa manèngi sèna ka Ama nanene lii padhai jiꞌi. Jaꞌa manèngi sèna ka Ama neo padhane dhèu madhe ètu dꞌara roꞌa aae jiꞌi. Dènge jꞌara neꞌe, abhu boe ca dhèu sa dhu bisa boe hia Ama, sèna ka Ama neo padhane dhèu madhe ètu dꞌara roꞌa aae jiꞌi. De jaꞌa manèngi sèna ka Ama neo padhane dhèu madhe ètu dꞌara roꞌa aae jiꞌi. De jaꞌa manèngi sèna ka Ama neo padhane dhèu madhe ètu dꞌara roꞌa aae jiꞌi. De jaꞌa manèngi sèna ka Ama neo padhane dhèu madhe ètu dꞌara roꞌa aae jiꞌi."""
GEN 23:7,"and abraham a rose, and worship-ped or honoured the people of the land, that is, the sons of heth.","hèia abraham pacud'u iisi ho hia hormat mi lamatua rai, dhèu het sèra.","Èle èèna ka, dhèu aaꞌi-aaꞌi ètu rai-haha ne, ngara na Abraham. Èle èèna ka, dhèu aaꞌi-aaꞌi ètu rai-haha ne pahaha iisi ra."
GEN 23:8,"and he said to them, if it pleaseth your soul that i bury my dead body, hear ye me, and pray ye for me to ephron, the son of zohar,","ka na padhai lii, peka na, ladhe miu sèmi lii ja'a na, ja'a manèngi ho peka dènge ana mone sohar, dhu ngara na efron.","Hèia na peka dènge rèngu, aku nèngu na, ""Ladhe miu dꞌèi sèmi èèna, na, jaꞌa neo padhane dhèu madhe jaꞌa, na, nanene ku lii manèngi-mangajꞌi jaꞌa mi Efron, ana Zohar."
GEN 23:9,"that he give to me the double cave, which he hath in the uttermost part of his field; for sufficient money give he it to me before you into possession of a sepulchre.","peka dènge ne, ladhe na d'èi, na pahia dènge ja'a loe na, makpela, dhu ètu karasa oka na. na manèngi ca ngaa èèna ka, ja'a tihe. ja'a neo tihe pama'ète kab'ua na, ètu madha miu aa'i-aa'i mi, sèna ka rai èèna j'aj'i unu ja'a. ja'a neo tao era èèna, j'aj'i mi ro'a dhèu madhe ji'i.","Na manèngi sèna ka na hia Jaꞌa oka dhu ètu sebhe oka na, sèna ka na hia jaꞌa doi dhu beꞌa hia miu, sèna ka jꞌajꞌi unu ra."""
GEN 23:10,"forsooth ephron dwelled in the midst of the sons of heth. and ephron answered to abraham, while all men heard that entered by the gate of that city, and said,","lod'o èèna, efron madhèdi ètu era èèna kahèi, dènge dhèu-dhèu het sèra. ka na tadèngi kahèi lii padhai lii abraham deo na. hèia na kèd'i titu, ka na b'ala abraham ètu madha dhèu heka aa'i-aa'i ra ètu sèra, aku nèngu na,","Ropa tadèngi dhèu aaꞌi-aaꞌi dhu mai nèti dꞌara hèbꞌa kota èèna, hèia Ephron padhai lii dènge Abraham, aku nèngu na,"
GEN 23:11,"my lord, it shall not be done so, but more hearken thou to that that i say; i give to thee the field, and the cave which is therein, while the sons of my people be present; bury thou thy dead body.","baku sèmi èèna, ama! sèmi ne'e ka laa! oka dènge loe makpela èèna, ja'a hia iia ama. sèna ka mu padhane dhèu èmu èu mi èèna. ja'a pangèd'u rai èèna mi ama, ètu madha dhèu-dhèu ja'a se. sèna ka rèngu aa'i-aa'i ra j'aj'i sakasii!","Jaꞌa manèngi sèna ka èu nanene lii padhai jaꞌa. Jaꞌa manèngi sèna ka èu padhane ngiꞌu èu, dènge dꞌara roꞌa dhu ètu dꞌara roꞌa ne. Dhèu aaꞌi-aaꞌi ètu neꞌe, aa dhèu aaꞌi-aaꞌi ètu neꞌe. De èu padhane ngiꞌu èu dhu madhe ètu dꞌara roꞌa ne, sèna ka èu padhane ngiꞌu èu dhu madhe ètu dꞌara roꞌa ne."""
GEN 23:12,"abraham worshipped before the lord, and before the people of the land,",ka abraham pacud'u kètu hari mi dhèu het se.,"Hèia Abraham pahaha iisi mi Ama Lamatua, aa pahaha iisi mi dhèu aaꞌi-aaꞌi ètu rai-haha ne."
GEN 23:13,"and he spake to ephron, while his people stood about, i beseech, that thou hear me; i shall give money for the field, receive thou it, and so i shall bury my dead body in the field.","hèia na peka dènge efron, aku nèngu na, sèmi èèna oo, be'a kahèi. te ngaa miu nanene lii ja'a, la ma. ja'a neo hèli pama'ète rai na, sèna ka j'aj'i era padhane dhèu-dhèu ja'a.","Èle èèna ka, na lii dènge Efron. Dhèu-dhèu nèti èmu na sèra titu ètu era èèna, ka na lii dènge ne, aku nèngu na, ""Sèmi neꞌe! Jaꞌa bꞌae doi èu, sèna ka èu padhane ngiꞌu jaꞌa ètu dꞌara oka ne. Èle èèna ka, jaꞌa padhane ngiꞌu jaꞌa ètu dꞌara oka ne, sèna ka ra padhane ngiꞌu jaꞌa ètu dꞌara oka ne."""
GEN 23:14-15,"and ephron answered, my lord, hear thou me; the land which thou askest for is worth four hundred shekels of silver, that is the price betwixt me and thee; but how much is this? bury thou thy dead body.","hèia, aku efron na, rai èèna, kab'ua na, dhoka èpa ngasu doi pudhi di. guna ngaa èdhi dua ti padhue kab'ua rai ciki oo'e èèna, dhu sasoa na aad'o. de lamu ka, ho mèti dhèu madhe na, sèna ka padhane ne ètu nèi.","Hèia Efron dhaa, aku nèngu na, 'Ladhe sèmi èèna, jaꞌa manèngi sèna ka èu nanene lii jaꞌa. Bèli èèna, hia jaꞌa dènge èu èci èèna ka dènge èpa ngasu dhèu. Te ngaa hia jaꞌa sèmi èèna, hia jaꞌa dènge èu. Ladhe sèmi èèna, beꞌa risi èu padhane ngiꞌu èu, sèna ka èu padhane dhèu madhe èu.'"
GEN 23:16,"and when abraham had heard this, he numbered out the money which ephron asked for, while the sons of heth heard, four hundred shekels of silver, and of proved common money.","ka abraham d'èi kahèi dènge kab'ua na sange èèna, madhutu sèmi lii efron. hèia ètu madha dhèu ae-ae sèra, na ige nare doi pudhi èpa ngasu, tihe kab'ua rai èèna mi efron.","Ropa Abraham tadèngi lii padhai lii dhèu seꞌe, hèia na peka dènge ana-èpu na èci, na, èci èèna ka dènge èci èèna ka, èci èèna ka dènge èci èèna ka, èci èèna ka dènge èci èèna ka. Èci èèna ka, èci èèna ka dènge èci èèna ka, èci èèna ka dènge èci èèna ka."
GEN 23:17-19,"and the field that was sometime of ephron, in which field was a double den, beholding to mamre, as well that field, as the den, and all the trees thereof, in all the terms thereof by compass, was confirmed to abraham into possession, while the sons of heth saw, and all men that entered by the gate of that city. and so abraham buried sarah, his wife, in the double den of the field, that beheld to mamre; this is hebron in the land of canaan.","de dènge j'ara sèmi èèna, abraham abhu dènge rai ne nèti efron, j'aj'i mi unu na. rai na nuka ètu makpela, padètu dènge mamre nuka hebron. na hèli pama'ète rai ne dènge oka na, dènge loe na, aa dènge aj'u aa'i-aa'i ra. dhèu-dhèu heka nèti suku het, aa'i-aa'i ra ka dhu j'aj'i sakasii, peka na, rai èèna dènge isi aa'i-aa'i j'aj'i le unu abraham. èle èèna ka, abraham la'e padhane sara ètu d'ara loe èèna, ètu rai kana'an.","Èle èèna ka, Abraham dènge ana-èpu Het dènge dhèu aaꞌi-aaꞌi dhu maso asa dꞌara hèbꞌa kota èèna, ra padhane Sara, dhèu èmu na, ètu dꞌara hèbꞌa hèbꞌa hèbꞌa hèbꞌa hèbꞌa hèbꞌa hèbꞌa hèbꞌa hèbꞌa hèbꞌa hèbꞌa èèna. Èle èèna ka, Abraham padhane Sara dènge dhèu èmu na, ètu dꞌara hèbꞌa hèbꞌa hèbꞌa hèbꞌa hèbꞌa hèbꞌa hèbꞌa hèbꞌa èèna, ètu dꞌara hèbꞌa hèbꞌa hèbꞌa hèbꞌa hèbꞌa hèbꞌa hèbꞌa hèbꞌa hèbꞌa hèbꞌa hèbꞌa hèbꞌa hèbꞌa hèbꞌa hèbꞌa hèbꞌa hèbꞌa hèbꞌa hèbꞌa hèbꞌa hèbꞌa hèbꞌa hèbꞌa hèbꞌa hèbꞌa hèbꞌa hèbꞌa hèbꞌa hèbꞌa hèbꞌa hèbꞌa hèbꞌa hèbꞌa hèbꞌa hèbꞌa hèbꞌa hèbꞌa hèbꞌa hèbꞌa hèbꞌa hèbꞌa hèbꞌa hèbꞌa."
GEN 23:20,"and the field, and the den that was therein, was confirmed of the sons of heth to abraham, into possession of a sepulchre.","dènge sèmi èèna, dhu uru èèna oka dènge loe na unu dhèu het, limuri ne j'aj'i le rai unu abraham. ka na tao j'aj'i mi era udhu rui ra.","Èle èèna ka, ana-èpu Abraham tèke eele rai ne, sèna ka ra tèke eele rai ne dènge dꞌara roꞌa èèna."
GEN 24:1,"forsooth abraham was eld or old, and of many days, and the lord had blessed him in all things.","tèu-tèu mamuri abraham madhera titu kèna. lamatua ladhe-leru ne dènge be'a, aa hia ne mamuri dènge mera-milu.","Lodꞌo èèna, dhèu aae Abraham dꞌai le lodꞌo. Ka Lamatua padꞌelo le, na, nèngu abhu mèdha-panyau aaꞌi-aaꞌi ètu dꞌara jꞌara-jꞌara aaꞌi-aaꞌi ètu dꞌara jꞌara-jꞌara aaꞌi-aaꞌi ètu dꞌara jꞌara-jꞌara aaꞌi-aaꞌi ètu dꞌara jꞌara-jꞌara aaꞌi-aaꞌi ètu dꞌara jꞌara-jꞌara aaꞌi-aaꞌi ètu dꞌara jꞌara-jꞌara aaꞌi-aaꞌi ètu dꞌara jꞌara-jꞌara aaꞌi-aaꞌi-aaꞌi ètu dꞌara jꞌara-jꞌara aaꞌi-aaꞌi-aaꞌi."
GEN 24:2-3,"and he said to the elder servant of his house, that was sovereign on all things that he had, put thou thine hand under mine hip, that i conjure or adjure thee by the lord god of heaven and of earth, that thou take not a wife to my son of the daughters of canaan, among which i dwell;","abraham dhu dènge dhèu èci dhu na lèka ho ladhe-leru mèdha-panyau na. ca lod'o, abraham paroa nare, ka peka dènge ne, aku nèngu na, mu pasa dhilu èu paie-iie! ja'a manèngi sèna ka èu subha madhe dènge kolongara lamatua. nèngu ka, ama lamatua dhu tao dedha-liru dènge rai-haha ne. dhu peka na, èu bisa boe more ana bhèni nèti dhèu kana'an, ho paleo dènge ana ja'a isak.","Hèia na peka dènge dhèu sabꞌa ne, aku nèngu na, ""Sèmi neꞌe! Jaꞌa neo paredha èu, lula Ama Lamatua ètu dedha-liru dènge aaꞌi-aaꞌi ètu rai-haha ne, sèna ka èu neo jꞌajꞌi dhèu mone ho jꞌajꞌi dhèu mone mi ana jaꞌa ne, nèti dhèu Kanaani dhu jaꞌa pea ètu rai-haha ne. Nèti èèna ka, jaꞌa neo jꞌajꞌi dhèu èmu ho jꞌajꞌi dhèu èmu."
GEN 24:4,"but that thou go to my land and kindred, and thereof take a wife to my son isaac.","te ngaa èu hud'i lamu ku asa rai èta-èsu ja'a, asa a'ari ja'a. ho tenge ètu rèngu sèi, ana bhèni ca dhèu, ho mu paleo dènge ana ja'a ne.","Te ngaa èu hudꞌi laꞌe asa rai jaꞌa, ho jꞌajꞌi dhèu èmu mi ana jaꞌa Isak.'"
GEN 24:5,"the servant answered, if the woman will not come with me into this land, whether i owe to lead again thy son to the place, from which thou wentest out?","hèia dhèu sab'a ne karèi abraham, aku nèngu na, be'a, ama! te ngaa, sèmi ana bhèni na d'èi boe mai asa ne'e, na tasamia? ladhe sèmi èèna, hud'i ja'a kèti ana ama ku, ho hia ne leo-èmu ètu nèi, do tasamia?","Te ngaa dhèu sabꞌa ne dhaa, aku nèngu na, 'Ladhe bhèni èèna dꞌèi boe mai dènge jaꞌa asa rai neꞌe, do?'"
GEN 24:6,"abraham said, beware, lest any time thou lead again thither my son;","hèia, aku abraham na, èu nanene paie! masi ka tasamia èèna ka, mage èu mèti ana ja'a ne, asa nèi kahèi!","Te ngaa Abraham dhaa, aku nèngu na, ""Sèmi neꞌe! Bèli-camèdꞌa èu tèke eele ana jaꞌa ètu era neꞌe."
GEN 24:7,"the lord god of heaven that took me from the house of my father, and from the land of my birth, which spake to me, and swore, and said, i shall give this land to thy seed, he shall send his angel before thee, and thou shalt take from thence a wife to my son;","mu sanèd'e, te lamatua dhu nèd'u koasa ètu dedha-liru, ka dhu lere ja'a nèti rai èta-èsu ja'a, asa dedha-rai ne'e ne. aa dhu na pa'èki le lii pajaji dènge ja'a, dhu peka na, ‘èèna na, ja'a hia rai ne aa'i-aa'i mi ana-èpu èu. ' de èu baku madha'u. sad'i lamu. te èèna na, lamatua pua ana pajuu na nèti sorga, mai bhoke j'ara hia èu, sèna ka èu paraga dènge ana bhèni, dhu èèna na j'aj'i dhèu èmu ana ja'a.","Lamatua ètu dedha-liru ka dhu pua jaꞌa nèti èmu ama jaꞌa, aa nèti rai-haha jaꞌa. Lamatua ka dhu paredha jaꞌa, peka na, 'Bèli-camèdꞌa jaꞌa hia rai-haha ne, sèna ka ana-èpu jaꞌa.' Èèna na Lamatua pua ana pajuu Na nèti sorga, sèna ka nèti èèna, èu abhu bhèni hia ana jaꞌa, sèna ka jꞌajꞌi dhèu èmu aaꞌi-aaꞌi, sèna ka jꞌajꞌi dhèu èmu aaꞌi-aaꞌi, sèna ka jꞌajꞌi dhèu èmu aaꞌi-aaꞌi, sèna ka jꞌajꞌi dhèu èmu aaꞌi-aaꞌi, ho jꞌajꞌi dhèu èmu aaꞌi-aaꞌi, sèna ka jꞌajꞌi dhèu èmu aaꞌi-aaꞌi, sèna ka jꞌajꞌi dhèu èmu aaꞌi-aaꞌi-aaꞌi, sèna ka jꞌajꞌi dhèu èmu aaꞌi-aaꞌi-aaꞌi."
GEN 24:8,"forsooth if the woman will not follow thee, thou shalt not be holden by the oath; nevertheless lead not again my son thither.","te ngaa ladhe ana bhèni na d'èi boe mai asa ne'e, lii soo-subha ne lèke boe èu. masi ka tasamia na, èu bisa boe mèti ana ja'a asa nèi.","Te ngaa ladhe dhèu bhèni ne dꞌèi boe madhutu èu, èu baku jꞌajꞌi mi dedha èu. Te ngaa baku mèti ana jaꞌa mai hari asa neꞌe."""
GEN 24:9,"therefore the servant putted his hand under the hip of abraham, his lord, and swore to him on this word.","hèia dhèu ne, ded'e subha dènge abraham, ka na peka, èèna na, nèngu tao madhutu dad'èi abraham aa'i-aa'i.","Èle èèna ka, dhèu sabꞌa ne hèli kacui-aai na ètu dꞌara kacui-aai dhèu aae Abraham. Ka na subha, peka na, ""Jaꞌa neo jꞌajꞌi dhèu aaꞌi-aaꞌi. Jaꞌa neo jꞌajꞌi dhèu aaꞌi-aaꞌi, te ngaa jaꞌa neo jꞌajꞌi dhèu aaꞌi-aaꞌi. Jaꞌa neo jꞌajꞌi dhèu aaꞌi-aaꞌi, sèna ka jꞌajꞌi dhèu aaꞌi-aaꞌi, sèna ka jꞌajꞌi dhèu aaꞌi-aaꞌi, sèna ka jꞌajꞌi dhèu aaꞌi-aaꞌi, sèna ka jꞌajꞌi dhèu aaꞌi-aaꞌi, sèna ka jꞌajꞌi dhèu aaꞌi-aaꞌi."
GEN 24:10,"and he took ten camels of the flock of his lord, and went forth, and bare with him of all the goods of his lord; and he went forth, and came to mesopotamia, to the city of nahor.","ka dhèu èèna pili nare badha onta canguru ngi'u. hèia na hua rupa-rupa mèdha dhu kab'ua asa dedha onta se. hèia la'e ka asa kota nahor, ètu rai mesopotamia.","Hèia nèti kahibꞌi-kalèbho lamatua na, nèti kahibꞌi-kalèbho na, nèti kahibꞌi-kalèbho na, nèti kahibꞌi-kalèbho na, nèti kahibꞌi-kalèbho na, nèti kahibꞌi-kalèbho na, nèti kahibꞌi-kalèbho na, nèti kahibꞌi-kalèbho lamatua na, nèti kahibꞌi-kalèbho na, nèti kahibꞌi-kalèbho na, nèti kahibꞌi-kalèbho na, nèti kahibꞌi-kalèbho lamatua na. Èle èèna ka, nèti kahibꞌi-kalèbho na, nèti kahibꞌi-kalèbho na, laꞌe asa Mesopotamia."
GEN 24:11,"and when he had made the camels to rest without the city, beside a pit or well of water, in the eventide, in that time in which women be wont to go out to draw water,","nèbhu-nèbhu ka mone ne d'ai kota èèna. hèia na ae kabhèsu dènge onta sèra ètu sebhe kota èèna, dètu dènge madha èi èci. na ae èèna d'ara lod'o nihia le, ropa ana bhèni-ana bhèni kota èèna mai rara èi ètu madha èi èèna.","Èle èèna ka, dhèu aaꞌi-aaꞌi lèpa hari asa sebhe èi, ètu liꞌu kota. Ètu dꞌara jꞌara neꞌe, dhèu aaꞌi-aaꞌi lèpa hari asa dꞌara jꞌara neꞌe. Ètu dꞌara jꞌara neꞌe, dhèu aaꞌi-aaꞌi lèpa hari asa dꞌara jꞌara neꞌe."
GEN 24:12,"he said, lord god of my lord abraham, i beseech, meet with me today, and do mercy with my lord abraham.","hèia dhèu ne sabaj'a, peka na, lamatua, èu ka dhu j'aj'i ama lamatua nèti lamatua ja'a, abraham. bhoke j'ara hia ja'a, sèna ka kakako ja'a ne dènge kab'ua. pad'elo sasue èu mi lamatua ja'a, aa baku bhèlu lii pajaji ne dènge ja'a. de hia la ja'a paraga dènge ana bhèni dhu èèna na j'aj'i dhèu èmu isak.","Hèia na manèngi, aku nèngu na, 'Ama Lamatua, ee! Ama Lamatua èèna, Ama Lamatua èèna, aa Ama Lamatua èèna, aa Ama Lamatua èèna. Jaꞌa manèngi sèna ka Ama Lamatua padꞌelo dꞌara hua iia Na mi dhèu aaꞌi-aaꞌi ra. Jaꞌa manèngi sèna ka Ama Lamatua padꞌelo dꞌara hua iia Na mi dhèu aaꞌi-aaꞌi ra. De jaꞌa manèngi sèna ka Ama Lamatua padꞌelo dꞌara hua iia Na mi dhèu aaꞌi-aaꞌi ra, sèna ka Ama Lamatua padꞌelo dꞌara hua iia Na mi dhèu aaꞌi-aaꞌi ra.'"
GEN 24:13,"lo! i stand nigh the well of water, and the daughters of the dwellers of this city shall go out to draw water;","lamatua, ja'a ka titu ètu karasa madha èi ne. aa ana bhèni-ana bhèni nèti kota ne, mai rara èi ètu ne'e.","Jaꞌa titu ètu sebhe èi. Ètu dꞌara jꞌara neꞌe, abhu ana bhèni dhèu ètu dꞌara kota sèra mai asa dꞌara èi."
GEN 24:14,"therefore the damsel to which i shall say, bow down thy water pot that i drink, and she shall answer, drink thou, but also i shall give drink to thy camels, that it is which thou hast made ready to thy servant isaac; and by this i shall understand that thou hast done mercy to my lord abraham.","de ja'a manèngi sèmi ne'e: ladhe ja'a padhai lii dènge ana bhèni èci, peka na, ‘ana, ee! papuru ku èru èi èu hia ja'a kinu. ' ho ladhe na dhaa, peka na, ‘ama, minu la! aa, pe ja'a hia dènge onta ama, rinu hèi! ' j'ara ne'e ne j'aj'i tadha dhu peka na, ana bhèni ne ka dhu ama lamatua paj'uj'u, j'aj'i mi dhèu èmu isak! dènge tadha sèmi ne'e, ja'a ke'a na lamatua pad'elo le babe'a mi abraham, lamatua ja'a èèna.","Ladhe jaꞌa peka dènge dhèu bhèni èci, aku nèngu na, 'Sèmi neꞌe! Jaꞌa hudꞌi jꞌajꞌi èi èi èi èi èi èi èi èi èu.' Hèia na dhaa, aku nèngu na, 'Sèmi neꞌe! Èu hudꞌi jꞌajꞌi èi èi èi èi èi èi èi èi èi èi èi èi, sèna ka nèngu bisa jꞌajꞌi èi èi èi èi. Jaꞌa neo jꞌajꞌi sèmi èi ka dhu èu sadia hia nèti ana hèbꞌa èu, Isak.' De jaꞌa keꞌa, na, Ama dhu padꞌelo le dꞌara hua iia Na mi dhèu aae jaꞌa, Abraham. De jaꞌa keꞌa, na, Lamatua padꞌelo le dꞌara hua iia Na mi dhèu aae jaꞌa."""
GEN 24:15-16,"and he had not yet full-filled the words within himself, and lo! rebecca, the daughter of bethuel, son of milcah, wife of nahor, brother of abraham, went out, having a water pot in her shoulder; a damsel full comely/full shapely, and fairest virgin, and unknown of man. soothly she came down to the well, and filled the water pot, and turned again.","dhu na sabaj'a nare mèka, ana bhèni ca dhèu mai. ngara na ribka. nèngu ne, èpu nèti ari abraham, nuka nahor, dènge dhèu èmu na, milka. ama ribka, ngara na betuel. ribka ne, bhèni iia nia boe, aa pa'èci nèdhi mèka dènge mone. d'ai era èèna, puru asa d'ara èi la'e, ka na isi èru èi na. nèbhu boe, ka ca'e mai sa dedha.","Lodꞌo èèna, nèngu dꞌai mèka ètu dꞌara dꞌara èmu na. Ètu dꞌara èmu èèna, abhu ana bhèni bhèni èci, ngara na Ribka. Bèli-camèdꞌa nèngu mai asa dꞌara èmu èèna. Bèli-camèdꞌa, nèngu dꞌai mèka èmu èèna. Bèli-camèdꞌa Ribka mai asa dꞌara èmu èèna. Bèli-camèdꞌa, nèngu dꞌai mèka èmu èèna. Bèli-camèdꞌa, nèngu dꞌai mèka èmu èmu èèna. Nèti èèna ka, nèngu dꞌai mèka èmu èmu èèna."
GEN 24:17,"and the servant met her, and said, give thou to me a little of the water of thy pot to drink.","ropa nare dedha, ka dhèu sab'a abraham èèna, la'e padètu dènge ne. hèia na manèngi, peka na, ana. hia ku ja'a kinu ciki.","Hèia dhèu sabꞌa ne karèi ne, aku nèngu na, ""Ama! Mai hia jaꞌa èi èi èi èi ne, sèna ka jaꞌa raꞌa!"""
GEN 24:18,"which answered, drink thou, my lord. and anon she did down the water pot on her shoulder, and gave drink to him.","ka na dhaa, minu la, ama! hèia na papuru ka èru èi na, ka na hia dhèu ne ninu.","Hèia bhèni ne dhaa, aku nèngu na, ""Ama! Èu hudꞌi sèmi nare ku èi."" Hèia bhèni ne jꞌole èi èi èi èi èi èèna, ho naꞌa Yesus."
GEN 24:19,"and when he had drunk, she said, but also i shall draw water to thy camels, till all have drunk.","ropa ninu èle, ka ana bhèni ne peka na, pe ja'a laku dhui hari èi, sèna ka hia onta ama se, rinu toke bècu.","Èle èèna ka, ana bhèni ne bingu, hèia na dhaa, aku nèngu na, ""Ama! Jaꞌa bingu hari ngiꞌu èu kahèi, toke dhèu aaꞌi-aaꞌi bèli-camèdꞌa bèli-camèdꞌa bèli-camèdꞌa bèli-camèdꞌa bèli-camèdꞌa bèli-camèdꞌa bèli-camèdꞌa bèli-camèdꞌa bèli-camèdꞌa bèli-camèdꞌa bèli-camèdꞌa bèli-camèdꞌa bèli-camèdꞌa bèli-camèdꞌa bèli-camèdꞌa."""
GEN 24:20,"and she poured out the water pot into troughs, and ran again to the pit, to draw water, and she gave water drawn to all the camels.","ka la'e bhori èi dhu risi, asa d'ara karab'a badha. hèia na ca'e-la'e mai pèri-pèri hari, dhui èi, ho hia onta se rinu toke bècu.","Èle èèna ka, ana bhèni ne bhori èi asa dꞌara roꞌa. Hèia na rai hari asa dꞌara roꞌa, ho na bhori. Hèia ana bhèni ne bhori èi asa dꞌara roꞌa aaꞌi-aaꞌi nèti dꞌara roꞌa. Ka ana bhèni ne bhori èi asa dꞌara roꞌa aaꞌi-aaꞌi nèti dꞌara roꞌa. Ka ana bhèni ne bhori asa dꞌara roꞌa aaꞌi-aaꞌi nèti dꞌara roꞌa aaꞌi-aaꞌi ètu dꞌara roꞌa aaꞌi-aaꞌi ètu dꞌara roꞌa aaꞌi-aaꞌi ètu dꞌara roꞌa aaꞌi-aaꞌi ètu dꞌara roꞌa."
GEN 24:21,"soothly he beheld her privily, and would wit whether the lord had sped his way, or nay.","te ngaa dhèu sab'a abraham, titu ka mau-mau, na taru kira ka ana bhèni ne sab'a. ka na pangee ètu d'ara na, aku nèngu na, ele boe nèngu èèna ka ne'e, dhu lamatua paj'uj'u.","Nèti èèna ka, na ladhe nèdhi mèdha-panyau na, nèngu neꞌa, na, dhèu aaꞌi-aaꞌi ètu dꞌara jꞌara èèna, do aadꞌo. Nèti èèna ka, na ladhe nèdhi mèdha-panyau na, nèngu neꞌa, na, dhèu aaꞌi-aaꞌi ètu dꞌara jꞌara neꞌe, do aadꞌo. Nèti èèna ka, dhèu aaꞌi-aaꞌi reꞌa, na, dhèu aaꞌi-aaꞌi ètu dꞌara jꞌara neꞌe, do aadꞌo."
GEN 24:22,"therefore after that the camels had drunk, the man brought forth golden earrings, weighing two shekels, and as many bands of the arm, in the weight of ten shekels.","onta se rinu toke bècu. hèia dhèu ne nare kadheli sahènga, dènge kanau ca pasa. mèdha se dhu tao nèti hualaa. ka na pasa mi sahènga dènge pasaluu mi ai kariu dènge g'ana ana bhèni ne.","Ropa dhèu aaꞌi-aaꞌi sèra rinu, ka dhèu aaꞌi-aaꞌi ètu dꞌara dꞌara èmu dhèu aaꞌi-aaꞌi ètu dꞌara èmu dhèu aaꞌi-aaꞌi ètu dꞌara èmu dhèu aaꞌi-aaꞌi ètu dꞌara èmu dhèu aaꞌi-aaꞌi ètu dꞌara èmu dhèu aaꞌi-aaꞌi ètu dꞌara èmu dhèu aaꞌi-aaꞌi ètu dꞌara èmu dhèu aaꞌi-aaꞌi ètu dꞌara èmu dhèu aaꞌi-aaꞌi ètu dꞌara èmu dhèu aaꞌi-aaꞌi ètu dꞌara èmu dhèu aaꞌi-aaꞌi ètu dꞌara èmu dhèu aaꞌi-aaꞌi ètu dꞌara èmu dhèu aaꞌi-aaꞌi."
GEN 24:23,"and he said to her, whose daughter art thou? show thou to me, is there any place in the house of thy father to dwell in?","èle èèna ka, dhèu ne karèi ne, aku nèngu na, ana, ama mu, ngara na cee? ladhe mo'o, na ja'a manubha taha ètu èmu ama mu.","Hèia na karèi ne, aku nèngu na, ""Èu ne, ana dhèu cee?"""
GEN 24:24,"which answered, i am the daughter of bethuel, son of nahor, whom milcah childed to him.","hèia na dhaa, ngara ama ku, na betuel. aa ngara baki ku, nahor. dènge ngara bèi ku, milka.","Hèia na dhaa, aku nèngu na, ""Jaꞌa ne, ana bhèni Betuel, ana Nahor. Betuel, ana na, Milka."""
GEN 24:25,"and she added, saying, also full much of provender and of hay is at us, and a large place to dwell in.","ètu èmu ji'i, era j'unu ae, de d'ai miu j'unu. aa j'u'u ae kahèi, ho hia badha miu se ra'a.","Hèia na peka dènge dhèu ne, aku nèngu na, ""Jiꞌi aaꞌi-aaꞌi, jiꞌi aaꞌi-aaꞌi jiꞌi ètu dꞌara èmu neꞌe. Jiꞌi aaꞌi-aaꞌi jiꞌi aaꞌi-aaꞌi ètu dꞌara èmu neꞌe. Jiꞌi aaꞌi-aaꞌi jiꞌi bisa pea ètu dꞌara èmu neꞌe."""
GEN 24:26,"the man bowed himself, and worshipped the lord,",hèia dhèu sab'a ne pahaha iisi ho mangaj'i mi lamatua.,"Èle èèna ka, dhèu ne patitu kètu urutuu, ka pahaha iisi mi Ama Lamatua."
GEN 24:27,"and said, blessed be the lord god of my lord abraham, which took not away his mercy and truth from my lord, and led me by the right way, into the house of the brother of my lord.","ka na peka, aku nèngu na, koa-kio kolongara lamatua! ama lamatua bhoke le j'ara hia ja'a, ka ja'a paraga le dènge a'ari lamatua ja'a abraham ètu kabarai ne'e. dènge j'ara ne'e, lamatua pad'elo sasue na mi lamatua ja'a, abraham, aa tao madhutu sama sèmi lii pajaji na dènge ja'a.","Hèia na manèngi-mangajꞌi, aku nèngu na, 'Bèli-camèdꞌa Jaꞌa manèngi-mangajꞌi manèngi-mangajꞌi mi Ama Lamatua. Jaꞌa manèngi-mangajꞌi mi Ama Lamatua. Jaꞌa manèngi-mangajꞌi mi Ama Lamatua. Jaꞌa manèngi-mangajꞌi mi Ama Lamatua. Jaꞌa manèngi-mangajꞌi mi Ama Lamatua. Jaꞌa manèngi-mangajꞌi mi Ama Lamatua. Jaꞌa manèngi-mangajꞌi mi Ama Lamatua. Jaꞌa manèngi-mangajꞌi mi Ama Lamatua. Jaꞌa manèngi-mangajꞌi mi Ama Lamatua. Jaꞌa manèngi-mangajꞌi mi Ama Lamatua. Jaꞌa manèngi-mangajꞌi mi Ama Lamatua."
GEN 24:28,"and so the damsel ran, and told in the house of her mother all things which she had heard.","èle èèna ka, ana bhèni ne rai la'e asa èmu, na lolo dènge isi èmu na ngaa dhu j'aj'i le èèna.","Hèia ana bhèni ne lèpa laꞌe peka dènge ina na, aaꞌi-aaꞌi dhu na tadèngi sèra."
GEN 24:29-30,"soothly rebecca had a brother, laban by name, which went out hastily to the man, where he was withoutforth. and when he had seen the earrings, and bands of the arm in the hands of his sister, and had heard all the words of her, telling, the man spake to me these things, he came to the man that stood beside the camels, and nigh the well of water,","ana mone ribka, ngara na laban. ropa laban ladhe nèdhi mèdha hualaa se, aa na tadèngi lii lolo ana hèni na, ka rai asa li'u la'e. la'e soru dhèu sab'a abraham dhu titu era dènge onta ra ètu madha èi.","Èle èèna ka, bèli-camèdꞌa Ribka laꞌe paraga dènge dhèu neꞌe. Ropa nèdhi dꞌara kacui-aai ètu kacui-aai na, dènge kacui-aai ètu kacui-aai na, hèia na peka dènge jaꞌa, aku nèngu na, ""Dhèu neꞌe ka dhu padhai lii dènge jaꞌa."" Hèia laꞌe paraga dènge dhèu neꞌe, dhu titu ètu sebhe èi èi, dènge kacui-aai ètu dꞌara èi."
GEN 24:31,"and said to him, enter thou, the blessed of the lord; why standest thou withoutforth? i have made ready the house, and a place to thy camels.","hèia laban peka, aku nèngu na, ama! lamatua ka dhu lere miu mai dènge karej'e-karae d'ai ne'e. de baku titu mi li'u ne! mai lati sa èmu ji'i, te ji'i lalau ngare le kama. nganga'a hia badha se, dhu tesa.","Hèia ra peka dènge ne, aku rèngu na, ""Èu ne, dhèu dhu Ama Lamatua hagꞌe nare le. Èu dꞌai liꞌu. Jaꞌa sadia le èmu hia èu."""
GEN 24:32,"and he brought him into the inn, and unsaddled the camels, and gave provender, and hay, and water to wash the feet of the camels, and of men that came with him.","hèia dhèu sab'a abraham ne, madhutu dènge ka laban, lasi èmu betuel. ka laban si papuru mèdha-panyau nèti dedha onta se. èle èèna ka, ra panga'a onta se. rèti èi, hia dhèu sab'a dènge anga na se, ho rase haga.","Èle èèna ka, dhèu ne lasi asa dꞌara dꞌara èmu manèngi-mangajꞌi. Èle èèna ka, na bhèlu eele ngiꞌu nèti dꞌara roꞌa. Hèia na hia mèngi, dènge èi èi, sèna ka roꞌa-roꞌa dhèu dua sèra."
GEN 24:33,"and bread was set forth in his sight, the which said, i shall not eat till i speak my words. he answered to the man, speak thou.","ropa lalau rare nganga'a-nginu ètu dedha mei, dhèu sab'a ne padhai lii, aku nèngu na, ji'i neo nga'a ne, te ngaa ja'a lole uuru ku, mamai ja'a ne. ka laban dhaa, peka na, ama, mu padhai lii ngaa, na peka ka laa.","Hèia Yesus padhai lii dènge ne, aku Nèngu na, ""Sèmi neꞌe. Jaꞌa pakajꞌèu boe, toke jaꞌa peka dènge dhèu aaꞌi-aaꞌi."" Hèia Yesus dhaa, aku Nèngu na, ""Ama ka dhu peka sèmi èèna."""
GEN 24:34,"and the man said, i am the servant of abraham,","hèia dhèu èèna peka, aku nèngu na, ja'a ne, dhèu sab'a nèti baki miu abraham.","Hèia dhèu ne dhaa, aku nèngu na, 'Jaꞌa ne, ana-èpu Abraham."
GEN 24:35,"and the lord hath blessed my lord greatly, and he is made great; and god gave to him sheep, and oxen, silver, and gold, servants, and handmaids, and camels, and asses.","lamatua hia abraham, lamatua ja'a èèna, mèngi-nale ae titu kèna, ka na kaja-su'i. lamatua pala-bagi ne doi hualaa pudhi dènge hualaa iia; ènu dhèu bhèni dènge dhèu mone, dènge badha-manu ae-ae, sèmi: sapi, onta, keled'ei, kahib'i-ka'ia, dènge kahib'i-kalèbho.","Lamatua hia ne kahibꞌi-kalèbho, sapi dènge kahibꞌi-kalèbho, bèli-camèdꞌa, bèli-camèdꞌa, bèli-camèdꞌa, bèli-camèdꞌa, bèli-camèdꞌa dènge bèli-camèdꞌa. Lamatua hia ne kahibꞌi-camèdꞌa aaꞌi-aaꞌi mi lamatua jaꞌa, sèna ka na jꞌajꞌi dhèu aaꞌi-aaꞌi."
GEN 24:36,"and sarah, my lord's wife, childed a son to my lord in his eld age, and abraham, my lord, hath given all things that he had to that son.","lod'o lamatua ja'a se, bhèni-mone d'ai heka ku, ka sara nara iisi ana mone ca dhèu. nèngu ka dhu bèli-camèd'a unu aa'i pusaka ama na.","Sara, dhèu èmu lamatua jaꞌa, jꞌajꞌi le ana mone mi lamatua jaꞌa. Te ngaa limuri ne, lamatua jaꞌa Abraham jꞌajꞌi le ana mone nèti mèdha-panyau na aaꞌi-aaꞌi mi lamatua jaꞌa."
GEN 24:37,"and my lord charged me greatly, and said, thou shalt not take to my son a wife of the daughters of canaan, in whose land i dwell,","ka abraham pua ja'a subha, peka na, ‘mage èu more ana bhèni kana'an kahèi, ho paleo dènge ana ja'a, isak.","Èle èèna ka, lamatua jaꞌa paredha jaꞌa sèmi neꞌe, aku nèngu na, 'Èu baku bhèni ana jaꞌa nèti dhèu Kanaani dhu jaꞌa pea ètu rai-haha ne, sèna ka jꞌajꞌi dhèu èmu."
GEN 24:38,"but thou shalt go to the house of my father, and of my kindred thou shalt take a wife to my son.","te ngaa èu hud'i more ana bhèni nèti a'ari ja'a unu ku, ho sèna ka j'aj'i dhèu èmu na. '","te ngaa èu hudꞌi laꞌe asa èmu ama ku. Èu hudꞌi laꞌe jꞌajꞌi dhèu èmu ho jꞌajꞌi dhèu èmu-kamali ho jꞌajꞌi dhèu èmu-kamali ho jꞌajꞌi dhèu èmu-kamali ho jꞌajꞌi dhèu èmu-kamali ho jꞌajꞌi dhèu èmu-kamali ho jꞌajꞌi dhèu èmu-kamali ho jꞌajꞌi dhèu èmu-kamali ho jꞌajꞌi dhèu èmu-kamali ho jꞌajꞌi dhèu èmu-kamali ho jꞌajꞌi dhèu èmu-kamali ho jꞌajꞌi dhèu èmu-kamali ho jꞌajꞌi dhèu èmu."""
GEN 24:39,"forsooth i answered to my lord, what if the woman will not come with me?","hèia ja'a karèi ne, aku ja'a na, ‘tasamia, ladhe ana bhèni ne, no'o boe madhutu ja'a mai sa ne'e? '","Hèia jaꞌa dhaa, peka na, 'Ladhe bhèni ne dꞌèi boe mai dènge jaꞌa, nga tao ka?'"
GEN 24:40,"he said, the lord, in whose sight i go, shall send his angel with thee, and shall dress thy way; and thou shalt take a wife to my son of my kindred, and of my father's house.","ka na peka, ‘lamatua dhu ja'a madhutu dad'èi na, pe na paleha ana pajuu na nèti sorga, mai bhoke j'ara hia èu, sèna ka èu abhu ana bhèni ca dhèu nèti a'ari ja'a unu ku, ho j'aj'i mi dhèu èmu ana ja'a.","Te ngaa dhèu ne dhaa, aku nèngu na, 'Ama! Jaꞌa neo pua ana pajuu Jaꞌa nèti sorga laꞌe paraga dènge èu. Jaꞌa neo hia èu jꞌara ho jꞌajꞌi dhèu mone hia ana jaꞌa, sèna ka jꞌajꞌi dhèu èmu ho jꞌajꞌi dhèu èmu, sèna ka jꞌajꞌi dhèu èmu ho jꞌajꞌi dhèu èmu ho jꞌajꞌi dhèu èmu ho jꞌajꞌi dhèu èmu ho jꞌajꞌi dhèu èmu ho jꞌajꞌi dhèu èmu ho jꞌajꞌi dhèu èmu ho jꞌajꞌi dhèu èmu ho jꞌajꞌi dhèu èmu ho jꞌajꞌi dhèu èmu ho jꞌajꞌi dhèu èmu ho jꞌajꞌi dhèu èmu ho jꞌajꞌi dhèu èmu ho jꞌajꞌi dhèu èmu ho jꞌajꞌi dhèu èmu.'"
GEN 24:41,"thou shalt be innocent from my curse, when thou comest to my kins-men, and they give not her to thee.","te ngaa ladhe a'ari ja'a se'e ro'o boe ana bhèni na mai asa ne'e, lii subha na lèke boe mi dedha èu ne. '","Èu hudꞌi laꞌe paraga dènge aꞌari jaꞌa, te ngaa jaꞌa paꞌele iie mèdha-panyau jaꞌa sèra. Te ngaa rèngu hia boe bhèni ne hia èu. De jaꞌa paꞌele iie mèdha-panyau jaꞌa sèra."""
GEN 24:42,"therefore i came today to the well of water, and said, lord god of my lord abraham, if thou hast dressed my way in which i go now,","ka deo na, ropa ja'a d'ai madha èi èèna, ja'a manèngi-mangaj'i ètu d'ara, peka na, ‘lamatua nèti lamatua ja'a abraham. bhoke ku j'ara hia ja'a, sèna ka mamai ja'a ne dènge kab'ua. ho sèna ka ja'a abhu ana bhèni dhu èèna na j'aj'i dhèu èmu isak.","Nèti èèna ka, lodꞌo neꞌe, jaꞌa laꞌe asa dꞌara èi èi èèna. Hèia jaꞌa manèngi, aku nèngu na, 'Ama Lamatua, ee! Ama Lamatua èèna ka dhu hia jaꞌa jꞌara dhu jaꞌa neo laku asa era neꞌe."
GEN 24:43,"lo! i stand beside the well of water, and the maiden that shall go out to draw water, heareth me say to her, give thou to me a little of water to drink of thy pot,","lamatua, ja'a titu ètu sebhe madha èi ne. aa ana bhèni-ana bhèni nèti d'ara kota ne mai rara èi ètu ne'e. de ja'a manèngi sèmi ne'e: ladhe ja'a peka dènge ana bhèni èci, aku ja'a na, ana, ee! papuru ku èru èi èu, ho ja'a kinu èi ciki.","Cagꞌagꞌa laa! Jaꞌa titu ètu sebhe èi. Ka ana bhèni èci mai ètu dꞌara roꞌa, ka na manèngi jaꞌa, aku nèngu na, 'Sèmi neꞌe! Mai hia jaꞌa èi èi èi èi èu.'"
GEN 24:44,"and she say to me, and thou drink, and i shall draw water to thy camels, that is the woman which the lord hath made ready to the son of my lord.","ho ladhe na dhaa na, oo. minu! aa èle na, ja'a panginu badha ama se kahèi! ladhe j'aj'i madhutu sèmi lii ja'a ne, na èèna ka dhu j'aj'i tadha, ana bhèni ne ka dhu lamatua paj'uj'u nare hia ana lamatua ja'a. '","Hèia bhèni ne karèi, aku nèngu na, ""Ira ii! Jaꞌa neo èi hia dhèu aaꞌi-aaꞌi èu sèra. Nèti èèna ka, jaꞌa neo èi hia dhèu aaꞌi-aaꞌi èu sèra. Nèti èèna ka, dhèu aaꞌi-aaꞌi dhu Ama Lamatua pajꞌujꞌu ho jꞌajꞌi ana dhèu aaꞌi-aaꞌi mi dhèu aae jaꞌa."""
GEN 24:45,"while i turned in thought these things with me, rebecca appeared, coming with a pot which she bare in her shoulder; and she went down to the well, and drew water. and i said to her, give thou a little to me to drink;","ja'a dhu dhae èle mèka manèngi-mangaj'i, te ribka dhu nare le era èèna nèti dènge èru èi na. ropa na ca'e mai nèti d'ara èi, ja'a lii dènge ne, aku ja'a na, ‘ana, ee! hia ku ja'a kinu èi ciki. '","Èle èèna ka, bèli-camèdꞌa jaꞌa pangee, na, Ribka mai dènge dhari èci ètu èmu na. Hèia na lèpa asa dꞌara èi. Hèia jaꞌa manèngi, aku jaꞌa, ""Ira ii, èu hia jaꞌa èi èi."""
GEN 24:46,"and she hasted, and did down the pot off the shoulder, and said to me, and thou drink, and i shall give drink to thy camels; i drank, and she watered the camels.","ka na papuru dènge ka èru èi na, ka na peka, ‘oo. minu! aa pe ja'a panginu onta ama se kahèi. ' hèia ja'a kinu, aa onta ja'a se oo rinu kahèi.","Èle èèna ka, ana bhèni ne dènge kapai, hèia na bhori eele roꞌa èèna nèti kacui-aai na. Ka na peka dènge jaꞌa, aku nèngu na, ""Sèmi neꞌe! Èu hudꞌi kuꞌu ku, sèna ka jaꞌa hia ngiꞌu hia dhèu aaꞌi-aaꞌi èu."" Hèia jaꞌa jꞌajꞌi, ka na hia ngiꞌu hia dhèu aaꞌi-aaꞌi dhèu aaꞌi-aaꞌi ètu dꞌara èmu jaꞌa, sèna ka na hia ngiꞌu hia dhèu aaꞌi-aaꞌi dhèu aaꞌi-aaꞌi dhèu aaꞌi-aaꞌi dhèu aaꞌi-aaꞌi dhèu aaꞌi-aaꞌi dhèu aaꞌi-aaꞌi."
GEN 24:47,"and i asked her, and said, whose daughter art thou? which answered, i am the daughter of bethuel, the son of nahor, whom milcah childed to him. and so i hanged earrings to adorn her face, and i put bands of the arm in her hands,","ka ja'a karèi ne, ‘ama mu, ngara na cee? ' ka na dhaa, peka na, ‘ama ku, ngara na betuel. aa baki ku, ngara na nahor. dènge ngara bèi ku, milka. ' hèia ja'a papake ne kadheli mi sahènga na, dènge pasaluu kanau hualaa ca pasa mi ai kariu dènge ai g'ana na.","Ka jaꞌa karèi ne, peka na, 'Èu ne, ana bhèni cee?' Hèia na dhaa, aku nèngu na, 'Jaꞌa ne, ana bhèni Betuel, ana Nahor.' Hèia jaꞌa dedꞌe kacui-aai nèti kacui-aai na, ho pakabꞌua rèngu. Hèia jaꞌa dedꞌe kacui-aai nèti kacui-aai na, sèna ka jꞌajꞌi kacui-aai nèti kacui-aai na. Ka jaꞌa dedꞌe kacui-aai nèti kacui-aai na, sèna ka jꞌajꞌi kacui-aai nèti kacui-aai na, sèna ka jꞌajꞌi kacui-aai nèti kacui-aai na."
GEN 24:48,"and low-like i worshipped the lord, and i blessed the lord god of my lord abraham, which god led me by the right way, that i should take the daughter of the brother of my lord to his son.","èle èèna ka, ja'a pacud'u kètu ho mangaj'i mi lamatua, ka ja'a peka na, ‘koa-kio kolongara lamatua! lamatua bhoke le j'ara hia ja'a, nèti èèna ka, ja'a paraga le dènge a'ari lamatua ja'a abraham ètu era ne'e ne. aa paraga le kahèi dènge ana bhèni dhu èèna na j'aj'i dhèu èmu isak! '","Jaꞌa pahaha iisi mi Lamatua. Jaꞌa manèngi-mangajꞌi mi Lamatua. Jaꞌa manèngi manèngi-mangajꞌi mi Lamatua. Lamatua hia jaꞌa jꞌara dhu beꞌa, sèna ka jaꞌa jꞌajꞌi ana bhèni nèti aꞌari lamatua jaꞌa, sèna ka jaꞌa jꞌajꞌi ana bhèni nèti aꞌari lamatua jaꞌa."
GEN 24:49,"wherefore if ye do mercy and truth with my lord, show ye to me; else if other thing pleaseth, also say ye this, that i go to the right side or to the left side.","de ne'e ne, ladhe ama si neo pad'elo sasue mi lamatua ja'a abraham, na mi peka pamèu dènge ja'a. te ngaa ladhe aad'o, peka la mola-mola dènge ja'a. ho ja'a ke'a, sèna ka tao hari ngaa.","De ladhe miu neo padꞌelo dꞌara hua iia dènge dhèu aae jaꞌa, na, ladhe miu neo padꞌelo dꞌara hua iia dènge dhèu aae jaꞌa, na, ladhe miu neo padꞌelo dꞌara hua iia jaꞌa, na, ladhe miu neo padꞌelo dꞌara hua iia jaꞌa, na, ladhe miu neo padꞌelo dꞌara hua iia jaꞌa, na, ladhe miu neo padꞌelo dꞌara hua iia jaꞌa, na, ladhe miu neo padꞌelo dꞌara hua iia jaꞌa, na, ladhe miu neo padꞌelo dꞌara hua iia jaꞌa, na, ladhe miu neo padꞌelo dꞌara hua iia jaꞌa."""
GEN 24:50,"laban and bethuel answered, the word is gone out of the lord; we may not speak any other thing with thee without his pleasance or pleasing.","ropa dhèu sab'a ne padhai lii nare, ka laban dènge betuel dhaa, aku rèngu na, ladhe lamatua dhu ad'u nare le madha j'ara ne, ji'i peka lii ngaa hari.","Hèia Laban dènge Betuel dhaa, aku rèngu na, ""Lamatua ka dhu peka sèmi neꞌe. Nèti èèna ka, jiꞌi bisa boe padhai lii dènge èu, te ngaa jiꞌi bisa boe pakarejꞌe dꞌara èu."""
GEN 24:51,"lo! rebecca is before thee; take thou her, and go forth, and be she the wife of the son of thy lord, as the lord spake.","ribka ka ne'e ne. more ho mèti, sèna ka na j'aj'i mi dhèu èmu ana abraham, madhutu sèmi dhu lamatua ator èèna.","Nèti èèna ka, nèngu ètu madha èu. Èu hudꞌi laꞌe dènge ne, sèna ka jꞌajꞌi dhèu èmu dhèu aae èu, sèna ka jꞌajꞌi dhèu èmu na, nuka sèmi dhu Lamatua peka le dènge èu."""
GEN 24:52,"and when the servant of abraham had heard this, he felled down, and worshipped the lord in earth.","ropa na tadèngi nare, dhèu sab'a ne pacud'u kètu d'ai rai, ka na manèngi makasi mi lamatua.","Ropa dhèu sabꞌa ne tadèngi lii neꞌe, hèia na patitu kètu urutuu, ka pahaha iisi mi Ama Lamatua."
GEN 24:53,"and when vessels of silver, and of gold, and clothes were brought forth, he gave those to rebecca for a gift, and he gave gifts to her brethren, and mother.","èle èèna ka, nare mèdha nèti hualaa iia dènge hualaa pudhi sèra, dènge mèdha-papake dhu saraga, ka na hia mi ribka. aa na hia kahèi mi ana mone na dènge ina na, mèdha-mèdha dhu kab'ua aae.","Èle èèna ka, dhèu aae rèti mèdha-papake èci dènge mèdha-papake. Hèia na hia mèdha-papake sèra hia Ribka. Èle èèna ka, dhèu aae rèti mèdha-papake sèra hia ari na dènge ina na."
GEN 24:54,"and when a feast was made, they ate and drank together, and dwelled there. forsooth the servant rose early, and said, deliver ye me, that i go to my lord.","èle aa'i ka, heka dhèu sab'a ne dènge anga na madhèdi ra'a-rinu aa'i-aa'i ra. ka ra j'unu ètu èèna. bèli mad'ae èèna, dhèu sab'a ne palangu lii dènge lamatua èmu se, aku nèngu na, hia ka ja'a ho lèpa la asa lamatua ja'a abraham.","Lodꞌo èèna, dhèu sabꞌa ne kèdꞌi titu kèna. Hèia na peka, aku nèngu na, 'Ama! Lula jaꞌa neo lèpa dènge lamatua jaꞌa.'"
GEN 24:55,"her brethren and mother answered, the damsel dwell namely ten days at us, and afterward she shall go forth.","te ngaa ana mone dènge ina ana bhèni na, peka na, te neo hari lèpa lai-lai, tao ngaa ne? hud'i ribka pea hari ku dènge ji'i d'ai canguru lod'o sa laa ma, heka lami kèna.","Hèia ina dènge ina na dhaa, aku rèngu na, ""Beꞌa risi ana ne pea ètu talora lodꞌo dènge jiꞌi. Hèia na lèpa hari."
GEN 24:56,"the servant said, do not ye hold me, for the lord hath dressed my way; deliver ye me, that i go to my lord.","te ngaa dhèu sab'a èèna dhaa, peka na, waa! baku kai ja'a! te lamatua sue le ja'a, ka toke ja'a rage le bhèni dhu èèna na j'aj'i dhèu èmu isak. de patabuli ka ji'i se, la'a peka ku dènge lamatua ji'i abraham.","Te ngaa dhèu sabꞌa ne dhaa, aku nèngu na, 'Ama! Jaꞌa neo le jꞌara ho laꞌe asa lamatua jaꞌa.'"
GEN 24:57,"and they said, call we the damsel, and ask we her will.","hèia ra dhaa, aku rèngu na, sèmi ne'e ka laa! mai ti karèi ribka, sèna ka te'a dad'èi na tasa mera mia?","Hèia ra dhaa, aku rèngu na, ""Jiꞌi neo paroa bhèni ne. Jiꞌi manèngi sèna ka jꞌajꞌi dhèu neꞌe."""
GEN 24:58,"and when she was called, and came, they asked her, wilt thou go with this man? and she said, i shall go.","hèia ra paroa ne, aku rèngu na, ribka! di aku èu kèna. èu neo lamu dènge ka dènge dhèu ne'e do, tasamia? ka ribka dhaa, peka na, ja'a ko'o.","Hèia ra karèi ne, aku rèngu na, ""Ama! Èu neo tèke eele ne, do?"" Hèia na dhaa, aku nèngu na, ""Jaꞌa neo tèke eele."""
GEN 24:59-60,"therefore they delivered her, and her nurse, and the servant of abraham, and his fellows, and wished prosperities to their sister, and said, thou art our sister, increase thou into a thousand thousands, and thy seed wield the gates of his enemies.","hèia ra hia ribka dènge bhèni dhu leru ne karèi nèti ana iiki ka, ho lasi palere dènge dhèu sab'a abraham sèra. ka ra hia ribka mèngi-nale, aku rèngu na, ji'i sanao-maena sèna ka ama lamatua hia èu mora iisi ana ae-ae, ho ana-èpu mu d'ai riho-kehi. aa ji'i sanao kahèi, sèna ka ana-èpu èu sèra segi aa'i musu rèngu sèra!","Èle èèna ka, ra patabuli bhèni èèna, dènge dhèu sabꞌa na, dènge dhèu sabꞌa Abraham, dènge dhèu-dhèu ètu dꞌara èmu na. Ka ra peka dènge ne, aku rèngu na, ""Èu ne, aꞌari jiꞌi. De èu hudꞌi jꞌajꞌi dhèu ae-ae, te ngaa ana-èpu èu hudꞌi jꞌajꞌi dhèu aaꞌi-aaꞌi ètu dꞌara èmu dhèu aaꞌi-aaꞌi."""
GEN 24:61,"therefore rebecca and her damsels ascended or went up on the camels, and pursued or followed the man, which turned again hastily to his lord.","èle èèna ka, ribka dènge bhèni dhu leru nèngu na lalau ka mèdha ra, ka ra ca'e onta, pakèd'i dènge ka, madhutu dhèu sab'a abraham sèra.","Èle èèna ka, Ribka dènge ana bhèni na caꞌe-caꞌe caꞌe-caꞌe asa dꞌara bèdho, ho madhutu dhèu èmu na. Hèia dhèu èmu na lèpa hari asa lamatua na."
GEN 24:62,"in that time isaac walked by the way that leadeth to the pit or well, whose name is of him that liveth and seeth; for he dwelled in the south land.","isak pea ètu rai negeb. lod'o èèna, na heka lèpa kèna nèti madha èi beer lahai roi.","Èle èèna ka, Isak laꞌe asa dꞌara jꞌara èci, dhu jꞌajꞌi ètu dꞌara roꞌa èci. Nèti èèna ka, dhèu aae Isak ngara na, ""Dhèu dhu mamuri hari, dhu jꞌajꞌi ètu dꞌara roꞌa èèna."""
GEN 24:63,"and he went out to think in the field, for the day was bowed down then; and when he had raised up his eyes, he saw camels coming from afar.","d'ara lod'o nihia ca lod'o, na kalua nèti d'ara paleo na, la'e pasiar ciki. ropa na boti kètu, na ladhe laa na onta-onta kako mai asa era nèngu na.","Ropa dꞌai mèka madꞌae, hèia na laꞌe asa dꞌara oka. Te ngaa dꞌai mèka lodꞌo èèna, na ladhe nèdhi unta dhu mai nèti hèbꞌa."
GEN 24:64,"and when isaac was seen, rebecca lighted down off the camel,","ropa ribka ladhe nèdhi isak, hèia na puru lai-lai nèti dedha onta.","Èle èèna ka, Ribka ladhe nèdhi Isak nèti dꞌara hèbꞌa na, hèia nèdꞌu nèti dꞌara hèbꞌa na, hèia nèdꞌu nèdꞌu nèdꞌu nèdꞌu nèdꞌu nèdꞌu nèdꞌu nèdꞌu nèdꞌu nèdꞌu nèdꞌu nèdꞌu nèdꞌu nèdꞌu nèdꞌu nèdꞌu nèdꞌu nèdꞌu nèdꞌu nèdꞌu nèdꞌu nèdꞌu nèdꞌu nèdꞌu nèdꞌu nèdꞌu nèdꞌu nèdꞌu nèdꞌu nèdꞌu nèdꞌu nèdꞌu nèdꞌu nèdꞌu nèdꞌu nèdꞌu nèdꞌu nèdꞌu nèdꞌu nèdꞌu nèdꞌu nèdꞌu nèdꞌu nèdꞌu nèdꞌu."
GEN 24:65,"and said to the servant, who is that man that cometh by the field into the meeting of us? and the servant said to her, it is my lord. and she took soon a mantle, and covered herself.","ka na karèi dhèu sab'a abraham, aku nèngu na, dhèu mone cee ka mai nèi? ka dhèu ne dhaa, peka na, nèngu na, ana lamatua ja'a kèna. hèia ribka nare salalu na, pa'abhe rèhu na.","Hèia na karèi dhèu sabꞌa ne, aku nèngu na, 'Cee ka dhèu dhu mai paraga dènge jaꞌa ètu dꞌara oka?' Ka dhèu sabꞌa ne dhaa, aku nèngu na, 'Nèngu ne.' Hèia bhèni ne kèpe mèdha-papake na, hèia na pake mèdha-papake na."
GEN 24:66,forsooth the servant told to his lord isaac all things which he had done;,"ka dhèu sab'a ne lolo dènge isak, aa'i-aa'i dhu j'aj'i le.","Hèia dhèu sabꞌa ne peka dènge lamatua na, Isak, aaꞌi-aaꞌi dhu na tao."
GEN 24:67,"isaac led her into the tabernacle of sarah, his mother, and took her to wife; and so much he loved her, that he assuaged the sorrow which befell to him of the death of his mother.","hèia isak todhe nèti ka ribka lasi asa d'ara paleo ina na, ka dua ra paleo ka èmu. lula isak sue seli eele ribka, ka na susa heka dènge mamadhe ina na.","Èle èèna ka, Isak dènge ne maso asa dꞌara èmu ina na, Sara. Èle èèna ka, Isak sue bhèni ne. Nèti èèna ka, bèli-camèdꞌa ina na madhe."
GEN 25:1,"forsooth abraham wedded another wife, keturah by name,","ka abraham leo hari èmu dènge bhèni èci, ngara na ketura.",lula Abraham abhu dhèu èmu leo èci.
GEN 25:2,"which childed to him zimran, and jokshan, and medan, and midian, and ishbak, and shuah.","hèia ketura matana ana hia ne. ana se, ngara ra: simran, yoksan, medan, midian, isbak, dènge sua.","Ana-èpu na, Zimran, Yoksan, Medan, Isbak, Susa. Nèngu ka dhu jꞌajꞌi le dhèu aaꞌi-aaꞌi ètu dꞌara oka-tedhe, aa ra jꞌajꞌi le dhèu aaꞌi-aaꞌi dhu jꞌajꞌi le dhèu aaꞌi-aaꞌi dhu jꞌajꞌi le dhèu aaꞌi-aaꞌi dhu jꞌajꞌi le dhèu aaꞌi-aaꞌi dhu jꞌajꞌi le dhèu aaꞌi-aaꞌi dhu jꞌajꞌi le dhèu aaꞌi-aaꞌi dhu jꞌajꞌi le dhèu aaꞌi-aaꞌi dhèu aaꞌi-aaꞌi dhu jꞌajꞌi le dhèu aaꞌi-aaꞌi dhèu aaꞌi-aaꞌi dhèu aaꞌi-aaꞌi dhèu aaꞌi-aaꞌi dhèu aaꞌi-aaꞌi dhèu aaꞌi-aaꞌi dhèu aaꞌi-aaꞌi-aaꞌi."
GEN 25:3,"also jokshan begat sheba, and dedan. forsooth the sons of dedan were asshurim, and letushim, and leummim.","ana yoksan ka: seba dènge dedan. ana-èpu dedan nuka, dhèu asyur, dhèu letus, dènge dhèu leum.","Yoksan, boe Sheba, dènge Dedan. Ana-èpu Dedan, ana-èpu Asurim, Letusim, dènge Limim."
GEN 25:4,"and soothly of midian was born ephah, and epher, and hanoch, and abidah, and eldaah; all these were the sons of keturah.","ana midian ka: efa, efer, henok, abida dènge eldaa. rèngu aa'i-aa'i se, ana-èpu ketura.","Soot, ana-èpu na: Efa, Efer, Hanok, Abida, dènge Eldah. Aaꞌi-aaꞌi se, ana-èpu na: Ketura. Soot, ana-èpu Na: Madian, ana-èpu na: Efa, Efer, Henok, Abida, Eldah, Nahor, Nahor, Nahor, Nahor, Nahor, Nahor, Nahor, Nahor, Nahor, Nahor, Nahor, Nahor, Nahor, Nahor, Nahor, Nahor, Nahor, Nahor, Nahor, Nahor, Nahor, Nahor, Nahor, Nahor, Nahor, Nahor, Nahor, Nahor, Nahor, Nahor, Nahor, Nahor, Nahor, Nahor, Nahor, Nahor, Nahor, Nahor, Nahor, Nahor, Nahor, Nahor, Nahor, Nahor, Nahor, Nahor, Nahor, Nahor, Nahor, Nahor, Nahor, Nahor, Nahor, Nahor, Nahor, Nahor, Nahor, Nahor, Nahor, Nahor, Nahor, Nahor, Nahor, Nahor, Nahor, Nahor, Nahor, Nahor, Nahor, Nahor, Nahor, Nahor, Nahor, Nahor, Nahor, Nahor dènge"
GEN 25:5-6,"and abraham gave all things which he had in possession to isaac; soothly he gave gifts to the sons of the concubines, that is, secondary wives; and abraham, while he lived yet, separated them from isaac, his son, to the east coast.","lod'o dhu abraham mamuri era, na hag'e nare le mèdha-panyau hia ana hagar dènge ana-ana ketura, èci-èci ka dènge unu na. èle èèna ka, abraham pua si lasi pea re bèka dhimu rai kana'an, sèna ka ra pakaj'èu nèti ana na isak. ka pusaka na aa'i-aa'i, na pangèd'u mi ana na isak.","Èle èèna ka, Abraham hia Isak mèdha-panyau na aaꞌi-aaꞌi ra, sèna ka jꞌajꞌi ana-èpu na. Hèia Abraham hia Isak dènge ana-èpu na ètu sebhe dhasi."
GEN 25:7-8,"forsooth the days of the life of abraham were an hundred and threescore and fifteen years; and he failed, and died in a good eld age, and of great age, and full of days, and he was gathered to his people.","lod'o umur abraham d'ai ca ngasu pidhu nguru lèmi tèu, na madhe.","Èle èèna ka, Abraham mamuri dꞌai ca tèu nguru tèlu nguru tèlu nguru tèu. Hèia na madhe, ka madhe. Hèia na lèpa dènge dhèu unu na."
GEN 25:9-10,"and isaac and ishmael, his sons, buried him in the double den, which is set in the field of ephron, son of zohar the hittite, even against mamre, which den he bought of the sons of heth; and he was buried there, and sarah his wife.","ka ana na, isak dènge ismael, padhane ne ètu d'ara loe makpela, dhu padètu dènge mamre. rai ne, dhu uru èèna, abraham hèli nare nèti efron, ana sohar, dhèu het. ka dhu uru èèna, ra padhane le sara ètu d'ara loe èèna.","Èle èèna ka, Isak dènge Ismael, ana-èpu na, ra padhane ne ètu dꞌara roꞌa èci dhu dhèu èmu-kamali nèti suku Het, ngara na Efron. Ra padhane ne ètu dꞌara roꞌa èèna, dhu dhèu nèti suku Het, ngara na Soar, nuka Mamre. Nèti èèna ka, Isak dènge Sara, dhèu èmu na, ra padhane ne ètu dꞌara roꞌa èèna."
GEN 25:11,"and after the death of abraham, god blessed isaac his son, which dwelled beside the pit by name of him that liveth and seeth.","èle madha abraham, ka ama lamatua hia mèngi-nale mi isak, ka na mamuri mera-milu. lod'o èèna, isak pea dètu dènge madha èi beer lahai roi.","Lodꞌo Abraham madhe, Ama Lamatua hagꞌe nare Isak, ana na. Hèia Isak pea ètu sebhe jꞌajꞌèra ne. Nèti èèna ka, Abraham pangee, na, Isak mamuri hari."
GEN 25:12,"these be the generations of ishmael, the son of abraham, whom hagar egyptian, handmaid of sarah, childed to abraham;","ne'e ne, lii lolo nèti mamuri ismael. nèngu ne, ana abraham dènge dhèu èmu limuri na, hagar, dhu j'aj'i ènu sara nèti masir.","Dhèu aaꞌi-aaꞌi se, ana-èpu Isakel. Isakel ne, ana-èpu Abraham. Hagar, ana bhèni Sara nèti rai Masir."
GEN 25:13-16,"and these be the names of the sons of ishmael, in their names and generations. the first begotten of ishmael was nebajoth, afterward kedar, and adbeel, and mibsam, and mishma, and dumah, and massa, and hadar, and tema, and jetur, and naphish, and kedemah. these were the sons of ishmael, and these were the names by castles, and towns of them, the twelve princes of their lineages.","ana-ana ismael, mone dhèu canguru dua. ngara ra dhu madhutu nèti dhu uru tèka d'ai ana limuri tèka, nuka: nebayot, kedar, adbeel, mibsam, misma, duma, masa, hadad, tema, yetur, nafis, dènge kedma. ana-ana sèra ka, j'aj'i bèi-baki nèti canguru dua suku, dhu èci-èci ka dènge kabarai ra. ra pangare kabarai ra èci-èci, madhutu ngara bèi-baki ra.","Rèngu se, ana-èpu Ishmael. Ana-èpu Ishmael, dhèu canguru dua, dhèu kapai nèti suku aaꞌi-aaꞌi ra. Rèngu se, ana-èpu nèti suku aaꞌi-aaꞌi ra. Rèngu se, ana-èpu nèti suku aaꞌi-aaꞌi ra. Rèngu se, ana-èpu nèti suku aaꞌi-aaꞌi ra, nuka: Nebat, Adbeel, Mibsam, Mishma, Dusa, Massa, Hadar, Tema, Jetur, Nafis, dènge Kedam."
GEN 25:17,"and the years of the life of ishmael were made an hundred and seven and thirty years, and he failed, and died, and was put to his people.","ropa umur ismael d'ai cangasu tèlu nguru pidhu tèu, ka na madhe.","Èle èèna ka, Ismael mamuri dꞌai ca tèu nguru tèlu nguru nguru tèu. Hèia na madhe, hèia na mamuri dènge dhèu-dhèu nèti dhèu aaꞌi-aaꞌi ra."
GEN 25:18,"forsooth he inhabited from havilah till to shur, that beholdeth egypt, as men entereth into the assyrians; he died before all his brethren.","te ngaa ana-èpu na sèra, èci pamusu dènge èci. ka ra pea pahag'a, mulai nèti rai hawila d'ai rai syur, dhu palane dènge rai masir, toke d'ai rai asyur.","Èle èèna ka, Musa pea ètu rai-haha ne, nèti rae Hawi toke rai-haha ne, nuka rai Masir. Ètu rai-haha ne, dhèu aae-dhèu Asuri pea ètu rai-haha ne. Èle èèna ka, nèngu madhe ètu madha aꞌari na aaꞌi-aaꞌi ra."
GEN 25:19,"also these be the generations of isaac, the son of abraham. abraham begat isaac,","ne'e ne, lii lolo nèti mamuri isak, ana abraham.","Abraham jꞌajꞌi ana-èpu na, Isak. Isak jꞌajꞌi ana-èpu na, Abraham. Isak jꞌajꞌi ana-èpu na, Abraham. Isak jꞌajꞌi ana-èpu Abraham. Isak jꞌajꞌi ana-èpu Abraham. Isak jꞌajꞌi ana-èpu Abraham. Isak jꞌajꞌi ana-èpu Abraham. Isak jꞌajꞌi ana-èpu Abraham. Isak jꞌajꞌi ana-èpu Abraham. Isak jꞌajꞌi ana-èpu Abraham. Abraham jꞌajꞌi ana-èpu Abraham. Isak jꞌajꞌi ana-èpu Abraham. Isak jꞌajꞌi ana-èpu Abraham."
GEN 25:20,"and when isaac was of forty years, he wedded a wife, rebecca, the daughter of bethuel, of syria, of mesopotamia, the sister of laban.","lod'o isak madhèdi dènge ribka, umur na èpa nguru tèu le. ama ribka, ngara na betuel. ana mone ribka, ngara na laban. rèngu se, dhèu aram, nèti padan aram.","Èle èèna ka, Isak abhu dhèu èmu èci, ngara na Ribka. Ribka ne, ana bhèni Betuel, nèti propensi Siria, nèti propensi Mesopotamia. Laban ne, ari na."
GEN 25:21,"and isaac besought the lord for his wife, for she was barren; and the lord heard him, and gave conceiving to rebecca.","ribka dhu dènge mèka ana. nèti èèna ka, isak manèngi-mangaj'i mi lamatua, sèna ka na bhoke era ana ribka. hèia lamatua tadèngi lii manèngi isak, ka ribka dènge babia.","Èle èèna ka, Isak manèngi-mangajꞌi mi Ama Lamatua, ho jꞌajꞌi dhèu èmu na, lula bhèni ne jꞌajꞌi mèka. Ka Ama Lamatua tadèngi lii padhai na, hèia Ama Lamatua hia Ribka jꞌajꞌi bhèni."
GEN 25:22,"but the little children were hurtled together in her womb; and she said, if it was so to coming or to come to me, what need was it to conceive? and she went to ask counsel of the lord,","te ngaa ana dhu ribka kad'o ne, dhèu dua. aa ana se paliku taruu ètu d'ara kabake ina ra. ka ribka ngee ka ètu d'ara na, nga tao ka ana dua se, sèmi ne'e? hèia na pakarèi dènge lamatua.","Èle èèna ka, ana-ana ètu dꞌara dꞌara dꞌara bhèni ne. Ka bhèni ne karèi, aku nèngu na, ""Ladhe jaꞌa jꞌajꞌi dhèu bhèni, nga tao ka jaꞌa jꞌajꞌi dhèu bhèni?"" Hèia bhèni ne laꞌe manèngi-mangajꞌi dènge Lamatua,"
GEN 25:23,"which answered, and said, two folks be in thy womb, and two peoples shall be separated from thy womb, and one people shall overturn a people, and the more shall serve the less.","ka lamatua dhaa, peka na, ètu d'ara kabake èu na, abhu dua suku, dhu èèna na loe boe dènge pamusu. dhu limuri èra risi nèti dhu uru. ka a'a na, lalau-lalo'o ari na.","Hèia Ama Lamatua peka dènge ne, aku Nèngu na, ""Bèli-camèdꞌa ètu dꞌara èu, abhu dhèu dua suku. Ètu dꞌara èu, bèli-camèdꞌa abhu dhèu dua suku. Dhèu cahagꞌe jꞌajꞌi mi dhèu leo. Dhèu kapai jꞌajꞌi dhèu sabꞌa mi dhèu cahagꞌe."
GEN 25:24,"then the time of child-bearing came, and lo! two children were found in her womb.","ropa lod'o d'ai, ribka nara iisi ana mone dhèu dua.","Ropa dꞌai lodꞌo na, bhèni ne bèli-camèdꞌa nara iisi ana mone dua."
GEN 25:25,"he that went out first was red, and all rough in the manner of a skin; and his name was called esau.","dhu a'a, isi na mea, dènge ngi'u na pènu dènge rèu. nèti èèna ka, ra pangare ne, esau dhu sasoa na ‘dènge rèu'.","Ana kahibꞌi-kalèbho dhu mai uru èèna, kahibꞌi-kalèbho kahèi. Hèia ra pangare ana ne, ""Esau"" sèmi ana kahibꞌi-kalèbho dhu kahibꞌi-kalèbho dhu kahibꞌi-kalèbho dhu kahibꞌi-kalèbho dhu kahibꞌi-kalèbho dhu kahibꞌi-kalèbho dhu kahibꞌi-kalèbho dhu kahibꞌi-kalèbho dhu kahibꞌi-kalèbho dhu kahibꞌi-kalèbho dhu kahibꞌi-kalèbho dhu kahibꞌi-kalèbho dhu kahibꞌi-kalèbho dhu kahibꞌi-kalèbho dhu kahibꞌi-kalèbho dhu kahibꞌi-kalèbho dhu kahibꞌi-kalèbho."
GEN 25:26,"anon the other went out, and held with his hand the heel of his brother; and therefore he called him jacob. isaac was sixty years eld, when the little children were born.","èle èèna ka, ari na heka kalua kèna. te ngaa dhu na kèpe hui tèdhu a'a na. nèti èèna ka, ra pangare ne, yakob dhu sasoa na ‘hui tèdhu'. lod'o ribka nara iisi ana na se, umur isak èna nguru tèu kèna.","Èle èèna ka, Isak laꞌe dènge kacui-aai na. Ka na kèpe kacui-aai na dènge kacui-aai na. Nèti èèna ka, na paroa ne, Yakob."
GEN 25:27,"and when they were waxen, esau was a man knowing of hunting, and a man an earth-tiller; forsooth jacob was a simple man, and dwelled in tabernacles.","lod'o ana dua se kapai, esau dhu ne'a mèu kasiro badha hui. ae ka dhu na pea ètu d'ara j'ami. te ngaa yakob dhu mau-mau, dhu d'èi dhoka pea ètu d'ara èmu di.","Èle èèna ka, Esau, dhèu sabꞌa. Esau, dhèu sabꞌa ètu rai-haha. Te ngaa Yakob, dhèu dꞌèlu-mèu. Na pea ètu dꞌara èmu manèngi-mangajꞌi."
GEN 25:28,"isaac loved esau, for he ate of the hunting of esau; and rebecca loved jacob.","isak d'èi na'a sisi badha hui. nèti èèna ka, na sue risi esau. te ngaa ribka sue risi yakob.","Isak sue Esau, lula na raꞌa mèdha-panyau nèti oka Esau. Te ngaa Ribka sue Yakob."
GEN 25:29,"soothly jacob seethed pottage; and when esau came weary from the field,","ca lod'o, yakob dhu tao bubur kab'ui, aa esau heka lèpa nèti kasiro badha hui kèna. na lèpa dènge manganga, ka roe titu kèna.","Èle èèna ka, dhèu aae Yakob mai nèti dꞌara oka. Èle èèna ka, Esau mai nèti dꞌara oka."
GEN 25:30,"he said to jacob, give thou to me of this red seething, for i am full weary; for which cause his name was called edom or red.","ka na peka dènge yakob, aku nèngu na, ari, ee! hia ku ja'a bubur kab'ui mea ciki ètu d'ara èru èèna, ho ja'a ku'a! te ja'a manganga bia. nèti èèna ka, ra pangare na, edom, dhu sasoa na ‘mea'.","Hèia na peka dènge Yakob, aku nèngu na, ""Sèmi neꞌe! Bèli-camèdꞌa jaꞌa sèmi neꞌe, te jaꞌa leko-monya."" Nèti èèna ka, ra pangare ne, ""Edom"", dhu peka na, ""Bèli-camèdꞌa""."
GEN 25:31,"and jacob said to him, sell to me the rights of the first begotten child.","ka, aku yakob na, be'a a'a. te ngaa pasilu ku dènge hak a'a èèna!","Hèia Yakob lii dènge ne, aku nèngu na, ""Sèmi neꞌe! Bèli-camèdꞌa jaꞌa dènge hak èu jꞌajꞌi ana bèdho."""
GEN 25:32,"esau answered, lo! i die, what shall the first begotten things profit to me?","hèia esau dhaa, aku nèngu na, hak a'a ne, ngaa kèna, hud'i nèngu sèna! neo more, na more la. te ja'a manganga bia. sod'e mèti bubur èèna lai-lai mai, te ja'a taha heka.","Hèia Esau dhaa, aku nèngu na, ""Beꞌa risi jaꞌa madhe, te ngaa jaꞌa abhu ngaa nèti mèdha-panyau dhu uru èèna jaꞌa abhu?"""
GEN 25:33,"jacob said, therefore swear thou to me. therefore esau swore, and sold the first engendered things.","te ngaa, aku yakob hari na, mata ku a'a! èu subha uuru ku, dhu peka na, èu pangèd'u le hak a'a èèna mi ja'a ne. ka esau ded'e subha sèmi dhu yakob peka.","Hèia Yakob dhaa, aku nèngu na, ""Nèti èèna ka, èu jꞌajꞌi mi dedha jaꞌa."" Hèia Esau jꞌajꞌi mi dedha na, ka na pabꞌala mèdha-panyau na aaꞌi-aaꞌi ètu dꞌara oka na."
GEN 25:34,"and so when he had taken bread and pottage, esau ate and drank, and went forth, and charged or cared little that he had sold the rights of the first begotten child.","hèia yakob sod'e dènge ka hia ne bubur kab'ui deo na dènge roti. ropa na'a-ninu nare, ka la'e dènge ka. dènge j'ara ne'e ka, esau pusi boe dènge hak a'a na.","Èle èèna ka, dꞌai hèbꞌa na, ka naꞌa-ninu. Èle èèna ka, na lèpa hari. Èle èèna ka, na bhèlu eele hak na, sèna ka jꞌajꞌi ana bèdho. Nèti èèna ka, na bhèlu eele hak na, sèna ka jꞌajꞌi ana bèdho. Nèti èèna ka, na lèpa hari. Nèti èèna ka, na bhèlu eele hak na, sèna ka jꞌajꞌi ana bèdho."
GEN 26:1,"forsooth for hunger rose on the land, after that barrenness that befelled in the days of abraham, isaac went forth to abimelech, king of palestines, in gerar.","ca tèka, ètu d'ara rai èèna, lèke tèu manganga, èci èèna ka dènge tèu abraham mamuri era. ka isak la'e manèngi abimelek, dhèu aae pilistin, sèna ka na pea ètu gerar.","Lodꞌo Abraham pea ètu rai-haha ne, dhèu aaꞌi-aaꞌi jꞌajꞌi boe dhèu aaꞌi-aaꞌi ètu rai-haha ne. Nèti èèna ka, Isak laꞌe paraga dènge Abimelek, dhèu aaꞌi-aaꞌi ètu rai-haha ne. Èle èèna ka, dhèu aaꞌi-aaꞌi jꞌajꞌi boe dhèu aaꞌi-aaꞌi ètu rai-haha ne. Nèti èèna ka, dhèu aaꞌi-aaꞌi jꞌajꞌi dhèu aaꞌi-aaꞌi ètu rai-haha ne dènge dhèu aaꞌi-aaꞌi ètu rai-haha ne."
GEN 26:2,"and the lord appeared to him, and said, go not down into egypt, but rest thou in the land which i shall say to thee,","na tao sèmi èèna, lula lamatua dhu pad'elo le iisi na mi nèngu, peka na, mage lamu ka asa masir hèi. pea la mi era dhu èèna na ja'a paj'uj'u hia èu.","Èle èèna ka, Lamatua padhai lii dènge ne, aku Nèngu na, ""Èu baku lèpa asa rai Masir. Èu hudꞌi pea ètu rai èèna, dhu Jaꞌa peka dènge èu."
GEN 26:3-4,"and be thou a pilgrim therein; and i shall be with thee, and i shall bless thee; for i shall give all these countries to thee, and to thy seed, and i shall ful fill the oath which i promised to abraham, thy father. and i shall multiply thy seed as the stars of heaven, and i shall give all these countries to thine heirs, and all folks of the earth shall be blessed in thy seed,","ladhe èu manubha ètu era èèna, ja'a sama-sama dènge èu, aa pala-bagi èu mèngi-nale rupa-rupa. èèna na, ja'a pabèba ana-èpu èu sama sèmi hua-hètu ètu dedha-liru. aa ja'a hia kateme rai ne mi èu dènge ana-èpu èu. nèti ana-èpu èu ka, dhèu aa'i-aa'i ètu rai-haha ne abhu mèngi-nale. dènge j'ara ne'e, ja'a tao madhutu lii pajaji dhu ja'a pa'èki le dènge ama mu abraham.","Èu hudꞌi pea ètu rai-haha ne. Jaꞌa paꞌèki dènge èu, aa Jaꞌa bꞌala èu aaꞌi-aaꞌi ètu rai-haha ne. Jaꞌa paꞌèki dènge èu dènge ana-èpu èu aaꞌi-aaꞌi ètu rai-haha ne, nuka sèmi dhu Jaꞌa jꞌajꞌi le mi ama èu, Abraham. Jaꞌa paꞌèki dènge ana-èpu èu, sèna ka jꞌajꞌi dhèu aaꞌi-aaꞌi ètu rai-haha ne, nuka sèmi aaꞌi-aaꞌi ètu dedha-liru. Jaꞌa bꞌala aaꞌi-aaꞌi ètu rai-haha ne, sèna ka suku aaꞌi-aaꞌi ètu rai-haha ne abhu koasa mi dhèu aaꞌi-aaꞌi."
GEN 26:5,"for abraham obeyed to my voice, and kept my behests, and my commandments, and my ceremonies, and my laws.","ja'a tao sèmi ne'e ne, lula ama mu madhutu dad'èi ja'a, paredha ja'a, dènge atora ja'a.","lula Abraham nanene Lii Holo-Nori Jaꞌa, aa madhutu aaꞌi paredha-paredha Jaꞌa."
GEN 26:6,and so isaac dwelled in gerar.,ka isak pea taha ètu gerar.,"Èle èèna ka, Isak pea ètu neꞌe."
GEN 26:7,"and when he was asked of the men of that place of his wife, he answered, she is my sister; for he dreaded to acknowledge that she was fellowshipped to him in matrimony, and he guessed lest peradventure they would slay him for the fairness of her.","ribka ne, bhèni iia titu kèna. ka ropa dhèu ètu gerar ladhe rèdhi ne, ra pakarèi. te ngaa isak peka na, ribka ne, ana hèni ja'a. na madha'u, ladhe na peka na dhèu èmu nèngu, dhèu se pamadhe ne, aa ribka parame rare.","Hèia Yusuf karèi dhèu èmu na, peka na, ""Nèngu ne, aꞌari jaꞌa."" Hèia na madhaꞌu, peka na, ""Nèngu ne, aꞌari jaꞌa."""
GEN 26:8,"and when full many days were passed, and he dwelled there, abimelech, king of palestines, beheld by a window, and saw him playing with rebecca, his wife.","isak dhu pea nèbhu le ètu nèi, hèia ca lod'o, dhèu aae nèdhi nèti ro'a jendela na, ladhe laa na isak dènge ribka dhu pa'ango.","Èle èèna ka, Abimelek, dhèu aae Israꞌel nèti rai-haha. Abimelek ladhe-leru ètu madha jꞌuꞌu jꞌuꞌuꞌu jꞌuꞌuꞌu jꞌuꞌu jꞌuꞌuꞌu jꞌuꞌuꞌu jꞌuꞌuꞌu jꞌuꞌuꞌu jꞌuꞌuꞌu jꞌuꞌuꞌu jꞌuꞌuꞌu jꞌuꞌuꞌu jꞌuꞌuꞌu jꞌuꞌuꞌuꞌu jꞌuꞌuꞌuꞌu jꞌuꞌuꞌuꞌu jꞌuꞌuꞌuꞌu jꞌuꞌuꞌuꞌu jꞌuꞌuꞌuꞌu jꞌuꞌuꞌuꞌu jꞌuꞌuꞌuꞌu jꞌuꞌuꞌuꞌu jꞌuꞌuꞌuꞌu jꞌuꞌuꞌuꞌu jꞌuꞌuꞌuꞌu."
GEN 26:9,"and when isaac was called, the king said, it is open, that she is thy wife; why saidest thou, that she was thy sister? isaac answered, for i dreaded, lest i should die for her.","ka na pua dhèu lasi paroa isak, hèia na peka, isak! ja'a dhu ke'a le, bhèni ne dhèu èmu èu! te ngaa tasamia ka, èu peka na, nèngu ne ana hèni èu? hèia isak dhaa, aku nèngu na, sèmi ne'e ama! ja'a ne madha'u, ladhe ja'a peka na nèngu ne dhèu èmu ja'a, mage dhoka dhèu pamadhe ja'a.","Ka na paroa Isak, ka na karèi, aku nèngu na, ""Tareꞌa! Nèngu ne, dhèu èmu èu. Nga tao ka èu peka na, nèngu ne, aꞌari èu?"" Hèia Isak dhaa, aku nèngu na, ""Jaꞌa madhaꞌu, te jaꞌa hudꞌi madhe ku dènge ne."""
GEN 26:10,"and abimelech said, why hast thou deceived us? some man of the people might do lechery with thy wife, and thou haddest brought in grievous sin on us.","ka dhèu aae dhaa, peka na, sèmi dhèu ètu se'e j'unu dènge dhèu èmu èu, tatu èu pasala ji'i! tasamia ka, èu ad'u j'ara ne'e mi dedha ji'i se?","Hèia Abimelek karèi Ne, aku nèngu na, ""Nga tao ka èu padhai lii dènge jiꞌi sèmi èèna? Mage dhèu èci nèti dhèu aaꞌi-aaꞌi ètu rai-haha ne tao jꞌara makae dènge dhèu èmu èu, sèna ka jiꞌi jꞌajꞌi dhèu bhelu-katubꞌa."""
GEN 26:11,"and the king commanded to all the people, and said, he that toucheth the wife of this man shall die by death.","èle èèna ka, dhèu aae abimelek pasanèd'e ana kabarai na, aku nèngu na, miu nanene paie-iie! cee ka dhu bani gagu dhèu ne'e, do dhèu èmu na, èèna na ja'a huku pamadhe ne.","Èle èèna ka, dhèu aae Herodes paredha dhèu aaꞌi-aaꞌi sèra, peka na, ""Dhèu aaꞌi-aaꞌi dhu paꞌèki dènge bhèni dhèu bhèni ne, bèli-camèdꞌa abhu pamadhe!"""
GEN 26:12,"forsooth isaac sowed in that land, and he found an hundredfold increase in that year; and the lord blessed him.","tèu èèna, isak sèle hini ètu dedha rai dhèu se'e. lod'o d'ai puu-g'ètu, ka na abhu isi rai cangasu hari, lula lamatua hia ne mamèngi.","Èle èèna ka, dhèu aae Isak sèle aaꞌi-aaꞌi ètu dꞌara oka èèna. Hèia na abhu heka hadhu ae ètu dꞌara oka èèna. Hèia Ama Lamatua padꞌelo dꞌara hua iia na mi Isak."
GEN 26:13,"and the man was made rich, and he went profiting and increasing, till he was made full great.","lula mèdha-panyau na asa ae, ka na kaja titu kèna.","Èle èèna ka, dhèu ne jꞌajꞌi dhèu ae-ae, ka na jꞌajꞌi dhèu ae-ae, toke na jꞌajꞌi dhèu ae-ae."""
GEN 26:14,"also he had possessions of sheep and of great beasts, and full much of menials. for this thing palestines had envy to him,","badha-manu na sèmi sapi, kahib'i-kalèbho asa tabha ae. dhèu-dhèu sab'a na, ae kahèi. nèti èèna ka, dhèu pilistin tèka d'ara dènge ne.","Nèti èèna ka, dhèu Yahudi aaꞌi-aaꞌi ra jꞌajꞌi dhèu aaꞌi-aaꞌi dhèu neꞌe. Nèti èèna ka, dhèu aaꞌi-aaꞌi ra jꞌajꞌi dhèu aaꞌi-aaꞌi nèti kahibꞌi-kalèbho na. Nèti èèna ka, dhèu aaꞌi-aaꞌi ra jꞌajꞌi dhèu aaꞌi-aaꞌi nèti kahibꞌi-kalèbho na. Nèti èèna ka, dhèu aaꞌi-aaꞌi ra jꞌajꞌi dhèu aaꞌi-aaꞌi nèti kahibꞌi-kalèbho na. Nèti èèna ka, dhèu aaꞌi-aaꞌi ra jꞌajꞌi dhèu aaꞌi-aaꞌi dènge kahibꞌi-kalèbho na."
GEN 26:15,"and they stopped in that time and filled with earth all the pits or wells which the servants of abraham his father had digged,","uru èèna, abraham, ama isak, dhu kèi èi ae-ae. te ngaa limuri ne, dhèu pilistin dhènu eele aa'i si dènge rai.","Èle èèna ka, dhèu aaꞌi-aaꞌi dhu dhèu aaꞌi-aaꞌi Abraham kèpe ètu dꞌara bèdho aaꞌi-aaꞌi ètu rai-haha ne, kèpe ètu dꞌara bèdho aaꞌi-aaꞌi ètu dꞌara rai-haha ne. Èle èèna ka, dhèu aaꞌi-aaꞌi se kèpe ètu dꞌara bèdho aaꞌi-aaꞌi ètu dꞌara bèdho aaꞌi-aaꞌi ètu dꞌara bèdho aaꞌi-aaꞌi ètu dꞌara bèdho aaꞌi-aaꞌi ètu dꞌara bèdho aaꞌi-aaꞌi ètu dꞌara bèdho aaꞌi-aaꞌi ètu dꞌara bèdho aaꞌi-aaꞌi."
GEN 26:16,"in so much that abimelech himself said to isaac, go thou away from us, for thou art made greatly mightier than we.","ka dhèu aae abimelek peka dènge isak, aku nèngu na, isak! be'a risi èu pakèd'i ka nèti kabarai ne'e. lula koasa èu, risi eele le nèti ji'i se.","Hèia Abimelek peka dènge Isak, aku nèngu na, ""Èu hudꞌi laa nèti jiꞌi, te èu jꞌajꞌi dhèu kapai risi nèti jiꞌi."""
GEN 26:17,"and he went away, that he should come to the strand of gerar, and dwelled there.","èle èèna ka, isak pakèd'i nèti era èèna, ka lasi pea hari ètu d'ara mamoo gerar.","Èle èèna ka, Yesus laꞌe asa sebhe rai Gerar. Na pea ètu èèna."
GEN 26:18,"and he digged again other wells, which the servants of abraham his father had digged, and which the philistines had stopped sometime, when abraham was dead; and he called those pits by the same names, by which his father had called before.","ètu era ne'e, ra kèi hari madha èi dhu uru èèna, dhèu pilistin dhènu eele aa'i si. ka na pangare madha èi se madhutu ngara dhu ama na pangare.","Èle èèna ka, Abraham padhèdi hari èi madha èci dhu dhèu-dhèu Ama Lamatua pajꞌujꞌu ètu rai-haha ne. Lodꞌo èèna, dhèu Parisi pajꞌujꞌu èi madha èi madha èci èèna kahèi, lodꞌo Abraham madhe. Hèia Abraham padhèdi hari èi madha èci èèna, dènge ngara dhu ama na padhèdi ètu rai-haha ne."
GEN 26:19,"they digged in the strand, and they found quick, or welling up, water.","ropa dhèu sab'a isak se kèi èi ètu d'ara mamoo gerar, hèi lèke èi madha dhu sabhoka mai.","Ropa rèngu tenge jꞌara-jꞌara, rèngu paraga dènge èi. Rèngu paraga dènge èi. Rèngu paraga dènge èi. Rèngu paraga dènge èi. Rèngu paraga dènge èi. Rèngu paraga dènge èi. Rèngu paraga dènge èi. Rèngu paraga dènge èi. Rèngu paraga dènge èi. Rèngu paraga dènge èi. Rèngu paraga dènge èi. Rèngu paraga dènge èi. Rèngu paraga dènge èi. Rèngu paraga dènge èi. Rèngu paraga dènge èi. Rèngu paraga dènge èi."
GEN 26:20,"but also strife of the shepherds of gerar was there against the shep-herds of isaac, and they said, the water is ours; wherefore of that strife that befelled, isaac called the name of that well false challenge, or esek, or quarrel.","lula madha èi ne'e ka, dhèu-dhèu madhenge badha nèti gerar, patao dènge dhèu madhenge badha isak. dhèu se peka na, ne'e ne, madha èi ji'i! nèti èèna ka, isak pangare madha èi na esek, dhu sasoa na ‘patao-palaha'.","Ètu era neꞌe, abhu kahibꞌi-kalèbho èci, ngara na Isak. Ka dua ra padhai lii, aku rèngu na, ""Dhèu ne, jiꞌi."""
GEN 26:21,"and they digged another well, and they strived also for that, and isaac called that well enmities, or sitnah, or enmity.","hèia dhèu-dhèu isak se, kèi hari èi leo ca madha. te ngaa ra patao-palaha hari, lula èi èèna. nèti èèna ka, isak pangare na sitna, dhu sasoa na ‘palab'a'.","Èle èèna ka, Isak cue èci, ka ra pajꞌujꞌu èci. Hèia Isak paroa èci, peka na, èci èèna ka, èci èèna ka, èci èèna ka, èci èèna ka, èci èèna ka, èci èèna ka, èci èèna ka, Isak paroa èci, peka na, èci èèna ka, èci èèna ka, èci èèna ka, èci èèna ka, èci èci èèna ka, hèia Isak paroa èci, èci èci èèna ka, èci èci èci èci, èci èci èci èci, èci èci èci èci, èci èci èci, èci èci èci èci, èci èci èci èci, èci èci èci èci, èci èci èci èci, èci èci èci, èci èci èci èci, èci èci èci èci, èci èci èci èci, èci èci èci èci èci èci, èci èci èci èci èci èci, èci èci èci èci èci èci èci èci, èci èci èci èci èci èci èci èci èci èci èci èci èci èci. Èci èci èci èci èci èci èci èci èci èci èci èci èci èci èci èci èci èci èci èci. Èci èci èci èci èci èci èci èci èci èci èci èci èci èci èci èci èci èci èci èci èci èci èci èci èci"
GEN 26:22,"and he went forth from thence, and digged another pit, for which they strived not, and therefore he called the name of that well breadth, either largeness; and said, now god hath alarged us, and hath made us to increase on the earth.","èle èèna ka, isak tèke eele era èèna, la'e kèi hari èi èci. d'ai ne'e ne, ra patao-palaha heka. ka isak pangare madha èi ne rehobot, dhu sasoa na ‘era taleo'. hèia na peka, aku nèngu na, limuri ne, lamatua hia le èdhi pea ètu era taleo. ho ètu era ne'e ne, èdhi asa bèba-kacanga.","Èle èèna ka, na laꞌe asa liꞌu èci, te ngaa dhèu aaꞌi-aaꞌi reꞌa boe. Nèti èèna ka, na paroa èi èi èi èi èi èi èi èi èi èi èi èi èi èi. Hèia na paroa èi èi èi èi èi èi èi èi èi èi, peka na, ""Lamatua ka dhu paꞌèki le èdhi, sèna ka èdhi jꞌajꞌi dhèu ae-ae ètu rai-haha ne."""
GEN 26:23,"isaac forsooth went up from that place into beersheba,","ka nèti era ne'e, isak si lasi hari era pea asa beer syeba.","Èle èèna ka, Isak kalua nèti dꞌara rae ne, laꞌe asa kota Beersheba."
GEN 26:24,"where the lord appeared to him in that night; and said, i am the god of abraham, thy father; do not thou dread, for i am with thee, and i shall bless thee, and i shall multiply thy seed for my servant abraham.","ka mèda na, lamatua pad'elo iisi na mi isak, hèia na peka, isak! ja'a ne, ama lamatua nèti ama mu abraham. de mage mu madha'u, te ja'a ladhe-leru èu. èèna na, ja'a pala-bagi èu mèngi-nale. aa ana-èpu èu asa bèba-kacanga. ja'a ad'u madha j'ara ne'e, lula lii pajaji ja'a dènge ama mu.","Èle èèna ka, bèli-camèdꞌa, Ama Lamatua padꞌelo dꞌara na dènge ne, peka na, ""Èu baku madhaꞌu! Jaꞌa ne, Ama Lamatua ama èu, nuka Ama Lamatua Abraham. Te Jaꞌa padꞌelo dꞌara hua iia Jaꞌa mi èu. Jaꞌa padꞌelo dꞌara hua iia èu, sèna ka ana-èpu èu jꞌajꞌi dhèu ae-ae, lula nèngu jꞌajꞌi ana-èpu jaꞌa."
GEN 26:25,"and so isaac builded there an altar to the lord; and when the name of the lord was inwardly called, he stretched forth a tabernacle; and he commanded his servants that they should dig pits.","hèia isak pudhi hadhu, tao mei korban ètu èèna. ka na manèngi makasi mi lamatua. hèia, na pea ètu era èèna, ka dhèu sab'a na kèi hari èi.","Èle èèna ka, Isak pajꞌujꞌu mei korban ètu era èèna, hia Ama Lamatua. Èle èèna ka, Isak pajꞌujꞌu hèbꞌa ètu era neꞌe. Hèia Isak paredha dhèu sabꞌa na sèra, peka na, ""Ladhe ètu era neꞌe, heka ètu era neꞌe, heka ètu era neꞌe."" Hèia Isak paredha dhèu sabꞌa na, peka na, ""Ladhe ètu era neꞌe, heka ètu era neꞌe, heka ètu era neꞌe."" Hèia Isak paredha dhèu sabꞌa ètu era neꞌe."
GEN 26:26,"and when abimelech, and ahuzzath, one of his friends, and phicol, the duke of knights, had come from gerar to that place,","lod'o èèna, dhèu aae abimelek mai nèti gerar. angalai na ahusat, dènge kètu kapai sordad'u na, fikol, mai dènge ne, ho paraga dènge isak.","Lodꞌo èèna, abimelek, ahuzzat, ca dhèu nèti angalai na, dènge Pikol, komedhaa sordadꞌu, mai nèti Gerar."
GEN 26:27,"isaac spake to them, what came ye to me, a man whom ye have hated, and putted away from you?","ka isak karèi, aku nèngu na, ama dhèu aae! uru èèna, miu se dhu babège eele ja'a nèti kabarai miu. de ne'e ne, miu se mai tao ngaa hari?","Hèia Isak karèi si, aku nèngu na, ""Nga tao ka miu mai paraga dènge jaꞌa, te ngaa jaꞌa nuka sèmi dhèu dhu miu dꞌèi boe, aa tèke eele jaꞌa?"""
GEN 26:28,"which answered, we saw that god is with thee, and therefore we said now, an oath be betwixt us, and make we a covenant of peace,","hèia ra peka na, sèmi ne'e. ji'i dhu nge'a le, lamatua dhu j'aga pa'ère èu. nèti èèna ka, ji'i pangee, hua iia èdhi dua ti pa'èki lii pajaji dhu peka sèmi ne'e: èu j'oka subha, peka na,","Hèia dhèu se dhaa, aku rèngu na, ""Ama! Jiꞌi ngeꞌa le, na, Ama Lamatua èèna ka dhu padꞌelo jꞌara hia jiꞌi, sèna ka jiꞌi jꞌajꞌi dhèu unu Ama Lamatua. De jiꞌi manèngi sèna ka jꞌajꞌi mi èci dènge èci, ho jꞌajꞌi dhèu unu Ama Lamatua."""
GEN 26:29,"that thou do not any thing of evil to us, as we touched nothing of thine, neither did that that hurted thee, but with peace we let go thee increased by the blessings of the lord.","miu se baku tao karehe dènge ji'i, aa ji'i kahèi baku tao karehe dènge miu. mema ji'i se d'ara be'a dènge miu. nèti èèna ka, ca hari ni, miu se lami dènge mera-milu nèti kabarai ji'i ne. ji'i dhu nge'a le, lamatua ka dhu pala-bagi mèngi-nale mi miu.","Jiꞌi manèngi sèna ka èu tao boe ngaa-ngaa dhu beꞌa. Jiꞌi manèngi sèna ka èu abhu boe ngaa-ngaa dhu beꞌa. Aa jiꞌi manèngi sèna ka èu abhu boe ngaa-ngaa dhu beꞌa. Te ngaa Lamatua padꞌelo dꞌara hua iia Na mi èu, sèna ka èu bisa mamuri dènge mera-milu."
GEN 26:30,"therefore isaac made them a feast; and after meat and drink,","èle èèna ka, isak tao pesta, ka ra'a-rinu aa'i-aa'i ra.","Èle èèna ka, Isak pajꞌujꞌu dhèu aaꞌi-aaꞌi sèra. Hèia naꞌa-ninu dènge raꞌa-rinu ètu dꞌara èmu èèna, hèia naꞌa-ninu dènge dhèu aaꞌi-aaꞌi ètu dꞌara Èmu Kapua Manèngi-Mangajꞌi ètu dꞌara Èmu Kapua Manèngi-Mangajꞌi ètu dꞌara Èmu Kapua Manèngi-Mangajꞌi ètu dꞌara Èmu Kapua Manèngi-Mangajꞌi ètu dꞌara Èmu Kapua Manèngi-Mangajꞌi ètu dꞌara Èmu Kapua Manèngi-Mangajꞌi ètu dꞌara Èmu Kapua Manèngi-Mangajꞌi ètu dꞌara Èmu Kapua Manèngi-Mangajꞌi ètu dꞌara Èmu Kapua Manèngi-Mangajꞌi."
GEN 26:31,"they rose early, and swore each to other; and isaac let go them peaceably into their place.","ka asa bèli mad'ae èèna, rèngu j'oka lii soo-subha. hèia isak patalala si lèpa dènge dame.","Èle èèna ka, bèli-camèdꞌa dhèu dua se kèdꞌi kèdꞌi kèdꞌi. Hèia Isak pua rèngu lasi asa dꞌara èmu ra dènge dꞌara beꞌa."
GEN 26:32,"lo! forsooth in that day the servants of isaac came, telling to him of the pit which they had digged, and said, we have found water.","lod'o èèna kahèi, dhèu sab'a isak mai peka lula-nèti èi dhu rèngu kèi, na, ama! ji'i rage le èi.","Lodꞌo èèna, dhèu sabꞌa Isak mai peka dènge Isak, aku rèngu na, ""Jiꞌi abhu èi."""
GEN 26:33,wherefore isaac called that pit abundance or shebah; and the name of the city was set beersheba till into this present day.,"hèia isak pangare madha èi ne syeba dhu sasoa na ‘subha'. ka ra pangare kota èèna beer syeba, toke sange ne'e.","Nèti èèna ka, Isak paroa rai ne, 'Beer-Sheba', toke dꞌai sange neꞌe."
GEN 26:34,"esau forsooth forty years eld or old wedded two wives, judith, the daughter of beeri hittite, and bashemath, the daughter of elon, of the same place;","ropa umur esau d'ai èpa nguru tèu, na leo dènge bhèni dhèu dua nèti suku het. bhèni èci, ana nèti beeri, ngara na yudit. èci hari, ana elon, ngara na basmat.","Esau abhu dhèu èmu dua dhèu, ngara na Judith, ana bhèni Beeri, ngara na Hitit, dènge Bashmat, ana bhèni Elon, ètu dꞌara èmu èèna."
GEN 26:35,which both offended the soul of isaac and of rebecca.,"bhèni dhèu dua se, papèd'a d'ara isak dènge ribka.","Ètu dꞌara jꞌara neꞌe, Isak dènge Ribka pakajꞌèu dꞌara dhèu aaꞌi-aaꞌi dhu jꞌajꞌi dhèu aaꞌi-aaꞌi ètu dꞌara jꞌara neꞌe. Nèti èèna ka, Isak dènge Ribka jꞌajꞌi dhèu aaꞌi-aaꞌi dhu jꞌajꞌi dhèu aaꞌi-aaꞌi dhu jꞌajꞌi dhèu aaꞌi-aaꞌi dhu jꞌajꞌi dhèu aaꞌi-aaꞌi dhu jꞌajꞌi dhèu aaꞌi-aaꞌi dhu jꞌajꞌi dhèu aaꞌi-aaꞌi dhu jꞌajꞌi dhèu aaꞌi-aaꞌi."
GEN 27:1,"forsooth isaac waxed eld or old, and his eyes dimmed, and he might not see. and he called esau, his more or older son, and said to him, my son! which answered, i am present.","ropa isak manahu asa d'ara heka, nèdhi heka ngaa-ngaa, lula musi madha na ahu le. ka na paroa ana uuru èèna, dhu na sue risi èèna, peka na, esau. mai ku sa ne'e! hèia esau dhaa, aku nèngu na, tasamia, ama?","Hèia Isak paroa ana na dhu kapai, ngara na Esau. Hèia na karèi, aku nèngu na, ""Ana jaꞌa."" Hèia Isak dhaa, aku nèngu na, ""Jaꞌa ne ètu neꞌe."""
GEN 27:2,"to whom the father said, thou seest that i have waxed eld, and i know not the day of my death.","ka isak peka hari, sèmi ne'e! ja'a ne, ètu d'ara heka le. ke'a boe, pèri lod'o ja'a ne madhe.","Te ngaa ama na dhaa, aku nèngu na, 'Ama! Jaꞌa madhe le. Te ngaa jaꞌa keꞌa boe lodꞌo jaꞌa madhe."
GEN 27:3,"take thine arms, an arrow case, and a bow, and go out; and when thou hast taken anything by hunting,","de more rèka èu, lamu kataki mèti badha hui ci'u hia ja'a.","""Sèmi neꞌe, ladhe èu paraga dènge mèdha-papake ètu dꞌara oka èu, èu paraga dènge mèdha-papake ètu dꞌara oka èu, èu paraga dènge mèdha-papake ètu dꞌara oka èu. De ladhe èu paraga dènge mèdha-papake ètu dꞌara oka, èu paraga dènge mèdha-papake ètu dꞌara oka ètu dꞌara oka èu, èu paraga dènge mèdha-papake ètu dꞌara oka èu."
GEN 27:4,"make me a stew thereof, as thou knowest that i will or desire, and bring it to me that i eat, that my soul bless thee before that i die.","mu pananasu pabe'a-be'a, madhutu dad'èi ja'a, ho mèti mai hia ja'a. ladhe ku'a-kinu kora, ja'a hia mema èu mèngi-nale. sad'i èu unu le mèngi-nale èèna, ja'a madhe èèna ka, ngaa-ngaa tao heka.","Jaꞌa manèngi sèna ka èu tao sèmi èèna, ho jaꞌa raꞌa. De èu hudꞌi tao sèmi èèna, sèna ka jaꞌa raꞌa, sèna ka jaꞌa manèngi-mangajꞌi mi Ama Lamatua, lodꞌo jaꞌa madhe."""
GEN 27:5,"and when rebecca had heard this thing, and he had gone forth into the field that he fulfill the behest of his father,","hèia esau la'e dènge ka, kataki badha hui. te ngaa ribka dhu tadèngi kahèi lii padhai isak deo na.","Ropa Ribka tadèngi lii padhai Ama Lamatua, hèia laꞌe asa dꞌara oka."
GEN 27:6,"she said to her son jacob, i heard thy father speaking with esau, thy brother, and saying to him,","ka ribka la'e peka dènge yakob, aku nèngu na, yakob! èu nanene ku! deo na, ja'a tadèngi ama mu pua esau sèmi ne'e:","Hèia na peka dènge ana na, aku nèngu na, ""Jaꞌa tadèngi ama èu padhai lii dènge aꞌari èu, Esau, peka na,"
GEN 27:7,"bring thou to me of thine hunting, and make thou meats, that i eat, and that i bless thee before the lord before that i die.","‘lamu kataki more ku badha hui ci'u, mai mu pananasu pabe'a-be'a hia ja'a. ladhe ku'a-kinu kora, ja'a hia èu mèngi-nale ètu katanga madha lamatua. '","Èu mai kahibꞌi-kalèbho èu sèra hia jaꞌa, sèna ka jaꞌa raꞌa, sèna ka jaꞌa manèngi makasi mi èu ètu madha Lamatua, lodꞌo jaꞌa madhe."""
GEN 27:8,"now therefore, my son, assent to my counsels,",de mu nanene paie-iie! mu madhutu mola-mola lii paredha ja'a ne.,"Nèti èèna ka, ana jaꞌa, nanene lii padhai jaꞌa."
GEN 27:9,"and go to the flock, and bring to me twain or twoof the best kids, that i make meats of those to thy father, which he shall eat gladly;","de lamu ka asa era badha èdhi sèi, ho kèpe more kalèbho èni dhu kabèb'u dua ngi'u. roro ho mèti sisi mai asa ja'a. pe ja'a pananasu madhutu dad'èi ama mu.","Èu hudꞌi laꞌe asa dꞌara oka, sèna ka jaꞌa hia ama mu dua do dua dhèu nèti ana iiki sèra. Hèia jaꞌa pakabꞌua mi ama mu, sèna ka naꞌa dènge dꞌara karejꞌe."
GEN 27:10,"and that when thou hast brought in those meats, and he hath eaten, he bless thee before that he die.","ladhe panasu kore, mèti hia ama mu na'a. ho èle na, na hia èu mèngi-nale, heka na madhe kèna. dènge sèmi ne'e ka, èu ka dhu abhu mèngi-nale èèna. a'a mu abhu boe.","Bèli-camèdꞌa èu mèti mèdha-panyau èèna ka naꞌa, ho na manèngi-mangajꞌi mi Ama Lamatua, toke na madhe."""
GEN 27:11,"to whom jacob answered, thou knowest that esau my brother is an hairy man, and i am smooth;","te ngaa yakob peka dènge ina na, ina! a'a ku esau, ngi'u na dhu pènu dènge rèu, te ngaa ja'a ne, isi dhu milu aadha-aadha!","Hèia Yakob dhaa, aku nèngu na, ""Èu meꞌa kahèi, na, aꞌari jaꞌa, Esau, dènge boe kètu, te ngaa jaꞌa dènge boe kètu."
GEN 27:12,"if my father shall touch or draw me to him, and feel me, i dread lest he guess that i would scorn him, and he bring in cursing on me for blessing.","mage dhoka ama ku g'ag'e isi ja'a, ladhe na ne'a na ja'a dhu leko-monya na. hèia na dhoo ja'a!","Ladhe ama ku gꞌagꞌe jaꞌa, do na gꞌagꞌe jaꞌa, jaꞌa madhaꞌu, ladhe na pangee, na, jaꞌa pahaha iisi na, hèia na pahaha iisi jaꞌa, sèna ka Ama Lamatua padꞌelo dꞌara hua iia Na mi jaꞌa."""
GEN 27:13,"to whom his mother said, my son, this cursing be in me; only hear thou my voice, and go, and bring that that i said.","ka ina na dhaa, aku nèngu na, èu baku cag'ag'a! hud'i laa ina ka dhu ator! ladhe ama mu dhoo èu, pe ina ka pasae! mu mate ia ka, la more ka kahib'i sèra.","Te ngaa ina ne dhaa, aku nèngu na, ""Aadꞌo! Jaꞌa dꞌèi sèmi neꞌe ka. Te ngaa èu hudꞌi nanene ku lii jaꞌa. Èle ka, laꞌe asa neꞌe, sèna ka tao madhutu aꞌajꞌa jaꞌa, sèna ka tao madhutu dadꞌèi jaꞌa ètu dꞌara Èmu Kapua Manèngi-Mangajꞌi ètu dꞌara Èmu Kapua Manèngi-Mangajꞌi ètu dꞌara Èmu Kapua Manèngi-Mangajꞌi ètu dꞌara Èmu Kapua Manèngi-Mangajꞌi ètu dꞌara Èmu Kapua Manèngi-Mangajꞌi ètu dꞌara Èmu Kapua Manèngi-Mangajꞌi ètu dꞌara Èmu Kapua Manèngi-Mangajꞌi ètu dꞌara Èmu Kapua Manèngi-Mangajꞌi ètu dꞌara Èmu Kapua Manèngi-Mangajꞌi."""
GEN 27:14,"he went, and brought it, and gave it to his mother. she made ready meats, as she knew that his father would have,","ka yakob la'e nare kahib'i dua ngi'u sèra, hèia na roro, ka nèti hia ina na. hèia ribka pananasu madhutu dad'èi isak.","Èle èèna ka, ana ne laꞌe asa ina na. Hèia ina na pajꞌajꞌi, nuka sèmi ama na dhu dꞌara karejꞌe."
GEN 27:15,"and she clothed jacob in the full good clothes of esau, which she had at home with herself.","ka ribka la'e nare mèdha-papake esau dhu be'a, ho na papake mi yakob.","Hèia na pake mèdha-papake Esau dhu beꞌa, dhu na pake ètu dꞌara èmu na."
GEN 27:16,"and she wrapped his hands about with little skins of goat kids, and covered the nakedness of his neck;","hèia na pahutu kahèi kacui-aai dènge ladhe goro yakob, pake ka'uri kahib'i deo sa.","Ropa tadèngi lii padhai Ama Lamatua sèmi èèna, ka bhèni ne kèpe kacui-aai Na dènge bèla kahibꞌi-kalèbho. Hèia na kèpe kahibꞌi-kalèbho Yesus ètu dꞌara kètu Na."
GEN 27:17,"and she gave to him the stew, and betook him the loaves, which she had baked.","ka na pangèd'u yakob nganga'a dhu pananasu nare deo na, dènge roti dhu tunu nare.","Èle èèna ka, ana bhèni ne jꞌajꞌi roti dhu na padhèdi ètu dꞌara roꞌa, sèna ka jꞌajꞌi roti dhu na padhèdi ètu dꞌara roꞌa. Ka ana bhèni ne jꞌajꞌi roti dhu na padhèdi ètu dꞌara roꞌa, sèna ka jꞌajꞌi roti dhu na padhèdi ètu dꞌara roꞌa, sèna ka jꞌajꞌi roti dhu na padhèdi ètu dꞌara roꞌa."
GEN 27:18,"and when these were brought in, he said, my father! and he answered, i am here; who art thou, my son?","hèia yakob ded'e nèti nganga'a se'e, hia ama na na'a. ka na lii, aku nèngu na, ama. ja'a mai hari le. hèia isak dhaa, peka na, hee! èu ne, cee?","Hèia dhèu ne lasi asa dꞌara èmu. Hèia lamatua ne karèi, aku nèngu na, 'Ama!' Hèia lamatua na dhaa, aku nèngu na, ""Ama! Èu ne, cee?"""
GEN 27:19,"and jacob said, i am esau, thy first begotten son. i have done to thee as thou commandedest to me; rise thou up, and sit, and eat of my venison, that thy soul bless me.","ka yakob dhaa, peka na, ja'a, esau ana mone uuru ama ku! ja'a sab'e le, madhutu sèmi dhu ama pua deo na. kèd'i, ho mu'a-minu ka. lula ja'a pananasu kore le sisi badha hui dhu ja'a kèti nèti d'ara j'ami. mu'a, ho èle na, ama pala-bagi ja'a mèngi-nale.","Hèia Yakob dhaa, peka na, ""Jaꞌa ne, Esau. Jaꞌa ne, ana uuru èu. Jaꞌa tao le dènge èu, nuka sèmi dhu èu peka le dènge jaꞌa. Kèdꞌi ka, manèngi-mangajꞌi ku, sèna ka èu pakabꞌua jaꞌa."""
GEN 27:20,"again isaac said to his son, my son, how mightest thou find this venison so soon? which answered, it was god's will, that this thing that i would, should come soon to me.","hèia isak peka, aku nèngu na, èu ne, bia tai nga! abhu malai titu kèna, badha hui èèna! hèia yakob dhaa, ja'a abhu le, lula lamatua dhu èu mangaj'i èèna, ka dhu tulu ja'a.","Èle èèna ka, Isak karèi ana na, aku nèngu na, ""Ana! Nga tao ka èu paraga dènge neꞌe?"" Hèia Isak dhaa, aku nèngu na, ""Ama Lamatua ka dhu hia jaꞌa jꞌara neꞌe."""
GEN 27:21,"and isaac said, my son, come thou hither, that i touch thee, and that i prove whether thou be my son esau, or nay.","ka isak paroa yakob, aku nèngu na, padètu ku asa ne'e mai, sèna ka ja'a g'ag'e sèku èu. èu ne, tare'a ana ja'a esau, do aad'o?","Hèia Isak dhaa, aku nèngu na, ""Ana, mai ka. Ladhe jaꞌa gꞌagꞌe èu, na, èu ne, ana jaꞌa, do aadꞌo?"""
GEN 27:22,"jacob nighed to his father; and when isaac had feeled him, he said, soothly the voice is the voice of jacob, but the hands be the hands of esau.","hèia yakob la'e padètu-dètu dènge ama na, ka ama na g'ag'e ne. ka isak peka, lii ne, sèmi lii yakob! te ngaa kacui-aai na, kacui-aai esau.","Èle èèna ka, Yakob kèdꞌi dènge ama na. Ropa Isak ladhe nèdhi ne, hèia na peka, aku nèngu na, ""Jaꞌa tadèngi lii Yakob, te ngaa aaꞌi-aaꞌi se, aaꞌi-aaꞌi Esau."""
GEN 27:23,"and isaac knew not jacob, for the hairy hands showed the likeness of the elder son. therefore isaac blessed jacob,","te ngaa isak dhu tadhe iia boe yakob, lula kacui-aai na rèu sèmi esau. ka ropa na neo hia mèngi-nale mi yakob,","Hèia Isak padhai lii dènge Yakob, aku nèngu na, ""Jaꞌa ne, ana uuru èu."" Nèti èèna ka, Isak padhai lii dènge Yakob, peka na, ""Jaꞌa ne, ana uuru èu."" Nèti èèna ka, Isak padhai lii dènge Yakob, peka na, ""Jaꞌa ne, ana uuru èu."""
GEN 27:24,"and said again, art thou my son esau? jacob answered, i am.","na karèi hari era, aku nèngu na, èu ne, tare'a-re'a esau, do? hèia yakob dhaa, peka na, tare'a-re'a ama. ja'a ne, esau!","Hèia Na karèi hari, aku Nèngu na, ""Èu ne, ana jaꞌa Esau, do?"" Ka Yakob dhaa, aku nèngu na, ""Jaꞌa ne."""
GEN 27:25,"and isaac said, my son, bring thou to me meats of thine hunting, that my soul bless thee. and when isaac had eaten these meats brought, jacob brought also wine to isaac, and when this was drunken,","ka isak peka na, na, j'ole ka sisina mai, sèna ka ja'a ku'a. èle ku, pe ja'a hia èu mèngi-nale. hèia yakob hia sisi dènge èi anggor hia ama na na'a-ninu.","Hèia Isak karèi Isak, aku nèngu na, ""Aadꞌo! Jaꞌa neo manèngi-mangajꞌi, sèna ka jaꞌa manèngi-mangajꞌi dènge èu."" Ropa Isak raꞌa, hèia Yakob rèti anggor èci asa Isak, hèia na rinu."
GEN 27:26,"isaac said to him, my son, come thou hither, and give to me a kiss.","na'a nare ka, isak lii, aku nèngu na, ana, ee! mai padètu asa ne'e, ho mu uu ku ja'a laa.","Hèia Isak lii dènge ne, aku nèngu na, ""Ana, mai ku asa neꞌe, ho èci dènge jaꞌa."""
GEN 27:27,"jacob nighed, and kissed him; and anon as isaac feeled the odour of his clothes, he blessed him, and said, lo! the odour of my son as the odour of a plenteous field which the lord hath blessed.","ka ropa yakob padètu dènge ne, ho uu ne, isak sangèd'u nare hèu mèdha-papake esau. hèia na padhai lii hia mèngi-nale mi yakob, aku nèngu na, hèu ana ja'a tare'a-re'a sèmi hèu j'u'u ètu d'ara pad'a, dhu abhu mamèngi nèti lamatua.","Èle èèna ka, Isak reꞌa mèu mèu mèu mèu mèu mèu mèu mèu mèu mèu mèu mèu mèu mèu mèu mèu mèu mèu mèu mèu mèu mèu mèu mèu mèu mèu mèu mèu mèu mèu mèu mèu mèu mèu mèu mèu mèu mèu mèu mèu mèu mèu mèu mèu mèu mèu mèu mèu mèu mèu mèu mèu mèu mèu mèu mèu mèu mèu mèu mèu mèu mèu mèu mèu mèu mèu mèu mèu mèu mèu mèu mèu mèu mèu mèu mèu mèu mèu mèu mèu mèu mèu mèu mèu mèu mèu mèu mèu mèu mèu mèu mèu mèu mèu mèu mèu mèu mèu mèu mèu mèu mèu mèu mèu mèu mèu mèu mèu mèu mèu mèu mèu mèu mèu mèu mèu mèu mèu mèu mèu."
GEN 27:28,"god give to thee of the dew of heaven, and of the fatness of the earth, abundance or plenty of wheat, and of wine, and of oil;","hud'i laa ama lamatua patiri èi paringi nèti dedha-liru, sèna ka oka-tedhe èu j'aj'i mi rai hèu mèngi. hud'i laa na hia èu are dhu udhu sobhu-sobhu, dènge hua anggor dhu pènu ako-pènu èru.",Bèli-camèdꞌa dhèu aaꞌi-aaꞌi ètu rai-haha ne jꞌajꞌi mèu-mèu. Bèli-camèdꞌa ètu rai-haha ne jꞌajꞌi mèu-mèu. Bèli-camèdꞌa ètu rai-haha ne jꞌajꞌi mèu-mèu. Bèli-camèdꞌa ètu rai-haha ne jꞌajꞌi mèu-mèu. Bèli-camèdꞌa ètu rai-haha ne jꞌajꞌi mèu-mèu. Bèli-camèdꞌa ètu rai-haha ne jꞌajꞌi mèu-mèu. Bèli-camèdꞌa ètu rai-haha ne jꞌajꞌi mèu-mèu. Bèli-camèdꞌa ètu rai-haha ne jꞌajꞌi mèu-mèu.
GEN 27:29,"and peoples serve thee, and lineages worship thee; be thou lord of thy brethren, and the sons of thy mother be bowed before thee; be he cursed that curseth thee, and he that blesseth thee, be he full-filled with blessings.","suku-suku j'aj'i mi ènu èu, aa dhèu-dhèu leo pahaha iisi mi dedha èu. èu j'aj'i mi lamatua nèti a'ari èu. aa rèngu patitu kètu urutuu ètu madha èu. dhèu cee dhu dhoo èu, rèngu abhu dhoo kahèi. aa dhèu cee dhu hia mèngi-nale mi èu, rèngu abhu mèngi-nale kahèi.","Bèli-camèdꞌa dhèu nèti suku aaꞌi-aaꞌi pahaha iisi mi Ama Lamatua. Bèli-camèdꞌa dhèu nèti suku aaꞌi-aaꞌi pahaha iisi mi Ama Lamatua. Bèli-camèdꞌa ana-èpu èu pahaha iisi mi Ama Lamatua. Bèli-camèdꞌa dhèu pahaha iisi mi Ama Lamatua. Bèli-camèdꞌa dhèu pahaha iisi mi Ama Lamatua. Bèli-camèdꞌa dhèu pahaha iisi mi Ama Lamatua. Bèli-camèdꞌa dhèu pahaha iisi mi Ama Lamatua."""
GEN 27:30,"scarcely isaac had filled the word, and when jacob was gone out, esau came,","ropa isak hia nare mèngi-nale mi yakob, ka heka bhodho li'u la'e tèke eele ama na, cag'ag'a laa esau lèpa nèti kataki badha hui.","Ropa Isak padhai lii sèmi èèna, hèia Yakob tèke eele nèti dꞌara èmu na, ka Esau mai."
GEN 27:31,"and brought in meats sodden of the hunting to the father, and said, my father, rise thou, and eat of the hunting of thy son, that thy soul bless me.","hèia la'e pananasu, ka sod'e nèti hia ama na. ka na parèi ama na, aku nèngu na, ama, kèd'i mu'a. ja'a lalau kore le sisi badha dhu ja'a kataki kore. mu'a more ku, pe hia ja'a berkat.","Èle èèna ka, na kèpe nare kahibꞌi-kalèbho ne asa ama na. Hèia na lii, aku nèngu na, ""Ama! Kèdꞌi ka, ho naꞌa kahibꞌi-kalèbho neꞌe. Jaꞌa manèngi sèna ka Ama hia jaꞌa mamuri."""
GEN 27:32,"and isaac said, who art thou? which answered, i am esau, thy first begotten son.","te ngaa isak malaa, ka na karèi, hee! te èu ne, cee hari ne? hèia esau dhaa, aku nèngu na, ja'a ne'e, esau! ana uuru ama ku.","Hèia Isak karèi, aku nèngu na, ""Èu ne, cee?"" Hèia Isak dhaa, aku nèngu na, ""Jaꞌa ne Esau, ana uuru èu."""
GEN 27:33,"isaac dreaded with a great aston-ishing; and he wondered more than it may be believed, and said, who therefore is he which a while ago brought to me venison taken, and i ate of all things before that thou camest; and i blessed him? and he shall be blessed.","ka isak cag'ag'a, hèia na karèi, aku nèngu na, ladhe sèmi èèna, deo na cee ka dhu hia ja'a sisi, ka ja'a ku'a èèna? ka ja'a hia ne mèngi-nale. aa mèngi-nale èèna, bisa heka ère hari.","Hèia Isak karèi, aku nèngu na, ""Sèmi neꞌe! Dhèu neꞌe ne, cee ka? Dhèu neꞌe ka dhu hia jaꞌa mèdha-panyau, ka jaꞌa raꞌa-rinu. Lodꞌo èu mai, jaꞌa manèngi-mangajꞌi mi ana ne. De jaꞌa manèngi-mangajꞌi mi ana ne, sèna ka jaꞌa manèngi-mangajꞌi mi ana ne. De jaꞌa manèngi-mangajꞌi mi ana ne, sèna ka jaꞌa manèngi-mangajꞌi mi ana ne. De jaꞌa manèngi-mangajꞌi mi ana ne, sèna ka jaꞌa manèngi-mangajꞌi mi ana ne."""
GEN 27:34,"when the words of the father were heard, esau roared with a great cry, and was astonied, and said, my father, bless thou also me.","ropa tadèngi nare, esau roe ai ca palèpa, ka na tangi d'ara pèd'a dènge roma iisi, aku nèngu na, tasamia ne, ama, ee! bagi hia ja'a berkat hèi ma.","Ropa tadèngi lii èèna, ka Esau paꞌoo, aku nèngu na, ""Ama! Jaꞌa manèngi sèna ka Ama koa-kio jaꞌa kahèi!"""
GEN 27:35,"which said, thy brother came prudently or beguilingly, and took thy blessing.","hèia isak peka, ari mu ka monya ja'a, ka parame nare berkat dhu pala èu di.","Hèia dhèu ne dhaa, aku nèngu na, ""Aadꞌo èu mai, te ngaa dꞌara èu dꞌèi boe, te ngaa dꞌara èu dꞌèi dꞌèi dꞌèi dꞌèi dꞌèi dꞌèi dꞌèi dꞌèlu-mèu, te ngaa dꞌèi dꞌèi dꞌèi dꞌèi dꞌèi dꞌèi dꞌèi dꞌèi dꞌèi dꞌèi dꞌèi dꞌèi dꞌèi dꞌèi dꞌèi dꞌèi dꞌèi dꞌèi dꞌèi dꞌèi dꞌèi dꞌèi dꞌèi dꞌèi dꞌèi dꞌèi dꞌèi dꞌèi dꞌèi dꞌèi dꞌèi dꞌèi dꞌèi dꞌèi dꞌèi dꞌèi dꞌèi dꞌèi dꞌèi dꞌèi dꞌèi dꞌèi dꞌèi dꞌèi dꞌèi dꞌèi dꞌèi dꞌèi dꞌèi dꞌèi dꞌèi dꞌèi dꞌèi dꞌèi dꞌèi dꞌèi dꞌèi dꞌèi dꞌèi dꞌèi dꞌèi dꞌèi dꞌèi dꞌèlu-dhèu."""
GEN 27:36,"and esau added, justly his name is called jacob, for lo! he hath supplanted me another time; before he took away my first begotten things, and now the second time, he hath ravished privily my blessing. and again he said to the father, whether thou hast not reserved a blessing also to me?","ka aku esau na, nèngu na leko-monya ja'a dua hari kèna. uru èèna, parame nare hak a'a. ka ne'e ne, parame nare hari berkat dhu madhutu iia-iia na unu ja'a. nèka na, ngara na ‘yakob' te ngaa ele boe ama dhu dènge berkat era, ho hia ja'a. do, aad'o heka? yakob sasoa na ‘kèpe hui tèdhu', te ngaa sasoa dhu leo ‘tuka leko-monya'.","Hèia Esau karèi Ama Lamatua, aku nèngu na, ""Sèmi neꞌe, ama! Èu paroa ne Yakob, te nèngu ka dhu jꞌajꞌi dhèu aaꞌi-aaꞌi mi jaꞌa. Lodꞌo èèna, nèngu ka dhu jꞌajꞌi ana bèdho jaꞌa. Te ngaa limuri ne, nèngu ka dhu jꞌajꞌi dhèu aaꞌi-aaꞌi mi jaꞌa."" Hèia Esau karèi ama na, aku nèngu na, ""Ama Lamatua, ee! Èu jꞌajꞌi le ana bèdho jaꞌa kahèi, sèna ka jaꞌa jꞌajꞌi dhèu aaꞌi-aaꞌi mi dhèu aaꞌi-aaꞌi mi jaꞌa kahèi."""
GEN 27:37,"isaac answered, i have made him thy lord, and i have made subject all his brethren to his servage; i have stablished him in wheat, and wine, and oil; and so, my son, what shall i do to thee after these things?","hèia isak dhaa, aku nèngu na, ja'a dhu ded'e le nèngu, j'aj'i lamatua èu. aa a'ari na aa'i-aa'i ra, j'aj'i mi ènu na. ja'a hia na le, unu are pènu soka-pènu karo, dènge hua anggor pènu ako-pènu èru. de ana, ee! mamèngi tasamia hari, dhu ja'a ne pala-bagi mi èu?","Hèia Isak dhaa, aku nèngu na, ""Jaꞌa dedꞌe ne jꞌajꞌi ama mu. Aa aꞌari na aaꞌi-aaꞌi ra jꞌajꞌi dhèu sabꞌa na. Jaꞌa dedꞌe ne jꞌajꞌi dhèu sabꞌa. Jaꞌa dedꞌe ne jꞌajꞌi dhèu sabꞌa. Jaꞌa dedꞌe ne jꞌajꞌi dhèu sabꞌa. Jaꞌa dedꞌe ne jꞌajꞌi dhèu sabꞌa, jꞌajꞌi dhèu sabꞌa aaꞌi-aaꞌi. De jaꞌa dedꞌe ne jꞌajꞌi dhèu sabꞌa. De jaꞌa neo tao ngaa mi èu, ana?"""
GEN 27:38,"to whom esau said, father, whether thou hast only one blessing? i beseech thee, that also thou bless me. and when esau wept with great yelling,","masi ka tadèngi nare le sèmi èèna, te ngaa esau loe boe dènge pamako ama na, peka na, mamèngi na dhodhoka èci di, do? tatu ama dènge hari mamèngi dhu leo hia ja'a. masi ka ciki oo'e èèna ka, sad'i ja'a ne abhu! ka esau tangi hari dènge d'ara laho mae-mae.","Hèia Esau karèi Ama Lamatua, aku nèngu na, ""Ama! Èu neo hia jaꞌa kahèi berkat èci di, do aadꞌo?"" Hèia Esau tangi."
GEN 27:39,"isaac was stirred, and said to him, thy blessing shall not be in the fatness of the earth, and in the dew of heaven from above;","ka isak b'ala ne, peka na, mamuri èu ne, èèna na kaj'èu nèti oka-tedhe dhu hèu mèngi, lula èi paringi patiri boe nèti dedha-liru mai, ho pabasa rai èu.","Hèia Isak madhaꞌu, ka na lii dènge ne, aku nèngu na, ""Bèli-camèdꞌa, bèli-camèdꞌa Ama Lamatua hia mèdha-panyau nèti dedha-liru. Aa Ama Lamatua hia mèdha-panyau nèti dedha-liru, sèna ka Ama Lamatua hia mèdha-panyau nèti dedha-liru, sèna ka Ama Lamatua hia mèdha-panyau nèti dedha-liru, sèna ka Ama Lamatua hia mèdha-panyau nèti dedha-liru, sèna ka Ama Lamatua hia mèdha-panyau nèti dedha-liru."
GEN 27:40,"thou shalt live by sword, and thou shalt serve thy brother, and time shall come when thou shalt shake away, and unbind his yoke from off thy nolls.","èu ne, mamuri dhoka nèti samala èu di. aa tasa mera mia èèna ka, èu ne j'aj'i ènu ari mu. dhodhoka ladhe bèli-camèd'a, èu bani lab'a ne, èèna na èu heka rai eele nèti d'ara adhe-aai na.","Te ngaa ladhe dꞌai lodꞌo èèna, èu tèke eele aꞌajꞌa èu nèti aꞌajꞌa èu. Èèna na èu tèke eele aꞌajꞌa èu nèti aꞌajꞌa èu nèti aꞌajꞌa èu. Èèna na èu tèke eele aꞌajꞌa èu nèti aꞌajꞌa èu nèti aꞌajꞌa èu nèti aꞌajꞌa èu nèti aꞌajꞌa èu nèti aꞌajꞌa èu nèti aꞌajꞌa èu nèti aꞌajꞌa èu nèti aꞌajꞌa èu nèti aꞌajꞌa èu nèti aꞌajꞌa èu."
GEN 27:41,"therefore esau hated evermore jacob for the blessing by which the father had blessed him; and esau said in his heart, the days of mourning of my father shall come, and i shall slay jacob, my brother.","lula j'ara sèmi ne'e ne ka, esau tèke d'ara dènge ari na yakob, lula parame nare mamèngi na. ka esau pangee na, nèbhu heka, ama ku madhe. de hud'i laa, pe d'ai ku lod'o. ladhe èle beke, ja'a pamadhe ne!","Nèti èèna ka, Esau dꞌèi heka dꞌara dènge Yakob, lula ama na hia ne mèngi-nale. Hèia Esau peka, aku nèngu na, ""Bèli-camèdꞌa, bèli-camèdꞌa jaꞌa tangi rare ama jaꞌa. Èle èèna ka, jaꞌa pamadhe aꞌari jaꞌa, Yakob."""
GEN 27:42-43,"these things were told to rebecca, and she sent, and called her son jacob, and said to him, lo! esau, thy brother, menaceth or threateneth to slay thee; now therefore, my son, hear thou my voice, and rise thou up, and flee to laban, my brother, into haran;","ropa ribka tadèngi esau dhu neo ad'u j'ara karehe, ka na peka dènge yakob, aku nèngu na, èu nanene ku lii ne! a'a mu neo b'ala d'ara pèd'a na, de na neo pamadhe èu. de be'a risi, èu ne rai lai-lai asa to'o mu laban, ètu kota haran.","Èle èèna ka, Ribka pua dhèu lasi paroa ana na Yakob, ka na peka, aku nèngu na, ""Esau, aꞌari èu. Nèngu neo pamadhe èu, aa na neo pamadhe èu. De èu hudꞌi nanene ku lii jaꞌa. Kèdꞌi ku laꞌe laꞌe asa Haran."
GEN 27:44,"and thou shalt dwell with him a few days, till the strong vengeance of thy brother rest, and his indignation cease,","lamu asa nèi, pea ako nèbhu, toke èle nanasa a'a mu.","Èu hudꞌi pea dènge ne ca tèka lodꞌo, toke aꞌari èu dꞌèlu-mèu. Èle èèna ka, dꞌara na kèdꞌi heka."
GEN 27:45,"and till he forget those things which thou hast done against him. afterward i shall send, and i shall bring thee from thence hither. why shall i be made sonless of ever either son in one day?","ladhe na bhèlu eele ku tatao èu ne, pe ja'a pua dhèu dhiu paroa èu, sèna ka èu lèpa hari mai. lula ja'a ko'o boe, sèna ka ana ja'a dua-dua mi ele parènga d'ara ca lod'o èèna ka.","ladhe dhèu ne ele iie jꞌara-jꞌara dhu èu tao dènge ne. Èle èèna ka, jaꞌa pua dhèu hia èu mai ètu neꞌe. De ladhe èèna, nga tao ka jaꞌa jꞌajꞌi dhèu bhelu-katubꞌa, do aadꞌo? De ladhe jaꞌa jꞌajꞌi dhèu bhelu-katubꞌa, nga tao ka jaꞌa jꞌajꞌi dhèu bhelu-katubꞌa, do jaꞌa jꞌajꞌi dhèu bhelu-katubꞌa, do jaꞌa jꞌajꞌi dhèu bhelu-katubꞌa, do jaꞌa jꞌajꞌi dhèu bhelu-katubꞌa, do jaꞌa jꞌajꞌi dhèu bhelu-katubꞌa, do jaꞌa jꞌajꞌi dhèu bhelu-katubꞌa?"""
GEN 27:46,"and rebecca said to isaac, it annoyeth or vexeth me of my life for the daughters of heth; if jacob take a wife of the kindred of this land, i will not live.","hèia ribka roma iisi dènge isak, peka na, ja'a ru'a le dènge dhèu èmu esau, dhèu het se! de ladhe yakob todhe nare hari kahèi ana bhèni nèti dhèu het se, hua iia ja'a madhe ka laa.","Èle èèna ka, Ribka peka dènge Isak, aku nèngu na, ""Sèmi neꞌe! Jaꞌa neo madhe, lula jaꞌa neo jꞌajꞌi dhèu nèti ana-èpu jaꞌa se. Ladhe Yakob abhu dhèu nèti angalai jaꞌa sèra, jaꞌa bisa heka mamuri."""
GEN 28:1,"and so isaac called jacob, and blessed him, and commanded to him, and said, do not thou take a wife of the kin of canaan;","hèia isak paroa nare yakob, ka hia ne mèngi-nale aa holo ne, peka na, sanèd'e paie! èu mage leo ka dènge ana bhèni kana'an hèi.","Èle èèna ka, Isak paroa Yakob, ka manèngi-mangajꞌi dènge ne, aku nèngu na, ""Èu baku jꞌajꞌi dhèu bhèni nèti dhèu Kanaani sèra."
GEN 28:2,"but go thou, and walk forth into mesopotamia of syria, to the house of bethuel, the father of thy mother, and take to thee from thence a wife of the daughters of laban, thine uncle.","de lamu ka asa padan aram, asa baki mu betuel. lamu madhèdi dènge ana bhèni to'o mu laban ca dhèu.","Èu hudꞌi laꞌe asa propensi Siria, ètu dꞌara èmu Betuel, ama ina èu. Ètu èèna, èu hudꞌi laꞌe jꞌajꞌi dhèu èmu dènge ana-èpu èu Laban."""
GEN 28:3,"soothly almighty god bless thee, and make thee to increase, and multiply thee, that thou be into companies of peoples;","hud'i laa ama lamatua dhu koasa risi eele na, hia èu mamèngi, sèna ka ana-èpu èu bèba-kacanga, ho nèti rèngu ka j'aj'i suku ae-ae dhu kapai.",Jaꞌa manèngi sèna ka Ama Lamatua padꞌelo dꞌara hua iia Na mi dedha èu. Jaꞌa manèngi sèna ka Ama Lamatua padꞌelo dꞌara hua iia Na mi dedha èu. Jaꞌa manèngi sèna ka Ama Lamatua padꞌelo dꞌara hua iia Na mi dedha èu. Jaꞌa manèngi sèna ka Ama Lamatua padꞌelo dꞌara hua iia Na mi dedha èu. Jaꞌa manèngi sèna ka Ama Lamatua padꞌelo dꞌara hua iia Na mi dedha èu-liru. Jaꞌa manèngi sèna ka Ama Lamatua padꞌelo dꞌara hua iia Na mi dedha èu-liru.
GEN 28:4,"and god give to thee the blessing of abraham, and to thy seed after thee, that thou wield the land of thy pilgrimage, which he promised to thy grand-sire.","hud'i laa, lii pajaji ama lamatua dènge abraham èèna, noto mi dedha èu ne, dènge ana-èpu èu. sèna ka èu unu rai dhu ama lamatua jaji tèke le mi abraham.","Jaꞌa manèngi sèna ka Ama Lamatua hia èu, dènge ana-èpu èu aaꞌi-aaꞌi mi, berkat dhu Na hia Abraham. Jaꞌa manèngi sèna ka èu jꞌajꞌi dhèu aaꞌi-aaꞌi ètu rai èèna, dhu Na padhèdi le ho jꞌajꞌi mi ana-èpu èu. Jaꞌa manèngi sèna ka èu jꞌajꞌi dhèu aaꞌi-aaꞌi ètu rai neꞌe."""
GEN 28:5,"and when isaac had let go jacob, he went forth, and came into mesopotamia of syria, to laban, the son of bethuel of syria, the brother of rebecca, his mother.","padhai lii nare, ka isak hia yakob la'e asa padan aram, asa èmu to'o na laban, dènge baki na betuel.","Ropa Isak tèke eele Yakob, hèia laꞌe asa rai Mesopotamia. Laban ne, ana Betuel nèti rai Siria. Betuel ne, ari nèti ina na, ngara na Ribka."
GEN 28:6,"forsooth esau saw that his father had blessed jacob, and had sent him into mesopotamia of syria, that he should wed a wife of thence, and that after the blessing he commanded to jacob, and said, thou shalt not take a wife of the daughters of canaan;","esau dhu tadèngi le kahèi, dhu peka na isak hia yakob mamèngi, aa kai ne sèna ka baku leo dènge bhèni kana'an. aa na tadèngi hèi, dhu isak hia yakob leo dènge ana bhèni to'o na laban ètu padan aram.","Ropa Esau neꞌa, na, ama na pua Yakob laꞌe asa propensi Siria, sèna ka laꞌe asa propensi Mesopotamia. Esau neꞌa kahèi, na, ama na pua Yakob laꞌe asa propensi Siria, sèna ka laꞌe asa propensi Siria. Esau neꞌa kahèi, na, ""Èu baku laꞌe asa dhèu Kanaani."""
GEN 28:7,"and that jacob obeyed to his father and mother, and went into syria;","ka yakob madhutu lii paredha ina dènge ama na, ka pakèd'i la'e asa padan aram.","Èle èèna ka, Yakob madhutu dadꞌèi ina-ama na, hèia laꞌe asa Siria."
GEN 28:8,also esau proved thereby that his father beheld not gladly the daughters of canaan.,"aa esau dhu ne'a le kahèi, ama na d'èi boe dhèu èmu na, bhèni kana'an dua sèra.","Nèti èèna ka Esau padꞌelo, na, ama na karejꞌe boe ladhe nèdhi ana bhèni dhèu Kanaan sèra."
GEN 28:9,"and esau went to ishmael, and wedded a wife, without these which he had before, mahalath, the daughter of ishmael, son of abraham, the sister of nebajoth.","hèia na la'e asa ama aae na ismael, ka leo hari èmu dènge ana bhèni ismael ca dhèu, ngara na mahalat. mahalat ne, ana mone na ka nebayot.","Hèia Esau laꞌe paraga dènge Ismael, ana bhèni nèti Abraham, aa ari nèti Nabot. Nèti èèna ka, Esau laꞌe paraga dènge Amalet, ana bhèni Ismael."
GEN 28:10,"therefore jacob went out of beersheba, and went to haran.","ka yakob tèke eele beer syeba, la'e asa haran.","Èle èèna ka, Yakob tèke eele kota Beersheba, ka laꞌe asa rae Haran."
GEN 28:11,"and when he had come to some place, and would rest therein after the going down of the sun, he took of the stones that lay there, and he put under his head, and slept in the same place.","ropa lod'o cèna, yakob d'ai era èci, ka na j'unu ètu era èèna. na neo j'unu, nare hadhu cue, tao lalaka kètu na.","Ropa lodꞌo dꞌai mèka lodꞌo, hèia Yesus maso asa era èci. Hèia Na bhoke eele hadhu sèra ètu era èèna, sèna ka pamadhe Yesus. Èle èèna ka, Na madhèdi ètu era èèna."
GEN 28:12,"and he saw in his sleep a ladder standing on the earth, and the top thereof touching heaven; and he saw god's angels ascending or going up and going down thereby,","d'ara mèda èèna, na nii. na ladhe nèdhi langa èci dhu patitu ètu rai, suu na d'ai dedha-liru. ka ana pajuu ama lamatua nèti sorga, ca'e-puru ètu dedha langa èèna.","Èle èèna ka, na kèdꞌi ladhe èci ètu rai-haha. Ladhe èèna dꞌai dedha-liru. Ana pajuu Ama Lamatua nèti sorga, caꞌe-caꞌe caꞌe-caꞌe caꞌe-caꞌe, aa caꞌe-caꞌe caꞌe-caꞌe caꞌe-caꞌe."
GEN 28:13,"and the lord nighed to the ladder, saying to him, i am the lord god of abraham, thy father, and god of isaac; i shall give to thee and to thy seed the land in which thou sleepest.","ètu d'ara nii na, yakob ladhe nèdhi lamatua dhu titu ètu karasa nèngu, hèia na lii, aku nèngu na, ja'a ne lamatua, ama lamatua nèti baki mu abraham, dènge ama mu isak. èèna na, ja'a hia rai ne mi èu dènge ana-èpu èu.","Èle èèna ka, Lamatua laꞌe padètu-dètu dènge ne, ka Na peka, aku Nèngu na, 'Jaꞌa ne Lamatua nèti uru ka mai. Jaꞌa ne, Lamatua nèti bèi-baki èu, nuka Ama Lamatua Abraham, aa Ama Lamatua nèti bèi-baki èu, nuka Isak. Jaꞌa neo hia èu dènge ana-èpu èu ètu rai neꞌe.'"
GEN 28:14,"and thy seed shall be as the dust of the earth, thou shalt be alarged to the east, and west, and to the north, and south; and all the lineages of the earth shall be blessed in thee and in thy seed.","bèli-camèd'a, ana-èpu èu ae-ae, sama sèmi ahu rai ne. rèngu se, èèna na, pea palème era-era ètu rai-haha ne. nèti ana-èpu èu ka, suku aa'i-aa'i ètu rai-haha ne, abhu mèngi-nale.","Bèli-camèdꞌa dhèu aaꞌi-aaꞌi ètu rai-haha ne, bèli-camèdꞌa dhèu aaꞌi-aaꞌi ètu rai-haha ne, jꞌajꞌi mèu-mèu. Dhèu aaꞌi-aaꞌi ètu rai-haha ne, jꞌajꞌi mèu-mèu. Dhèu aaꞌi-aaꞌi nèti suku aaꞌi-aaꞌi ètu rai-haha ne, bèli-camèdꞌa rèngu abhu mèu-mèu berkat, lula èu dènge ana-èpu èu."
GEN 28:15,"and i shall be thy keeper, whither ever thou shalt go; and i shall lead thee again into this land, and i shall not leave thee, no but i shall fulfill all the things which i have said.","mage mu bhèlu! èu ne ètu mia èèna ka, ja'a bera-bera dènge èu. ladhe èèna na, ja'a lere kèti hari èu mai asa dedha-rai ne'e. ja'a bhera boe èu. aa èèna na, ja'a tao aa'i madhutu sèmi lii pajaji ja'a dènge èu.","Èle èèna ka, Jaꞌa neo jꞌajꞌi dhèu unu Ama Lamatua. Jaꞌa neo jꞌajꞌi dhèu unu Ama Lamatua. Jaꞌa neo jꞌajꞌi dhèu unu Ama Lamatua. Jaꞌa neo jꞌajꞌi dhèu unu Lamatua. Jaꞌa neo jꞌajꞌi dhèu unu Lamatua. Jaꞌa neo jꞌajꞌi dhèu unu Lamatua. Jaꞌa neo jꞌajꞌi dhèu unu Lamatua. Jaꞌa neo jꞌajꞌi dhèu unu Lamatua. Jaꞌa neo jꞌajꞌi dhèu unu Lamatua. Jaꞌa neo jꞌajꞌi dhèu unu Lamatua. Jaꞌa neo jꞌajꞌi dhèu unu Lamatua. Jaꞌa neo jꞌajꞌi dhèu unu Lamatua. Jaꞌa neo jꞌajꞌi dhèu unu Lamatua."
GEN 28:16,"and when jacob had waked of the sleep, he said, verily the lord is in this place, and i knew not.","ropa yakob kèd'i nèti bhèj'i, na padhai lii, aku nèngu na, ja'a heka ke'a kèna, lamatua dhu ètu era ne'e kahèi.","Èle èèna ka, Yakob kèdꞌi nèti dꞌara na, ka na padhai lii, aku nèngu na, ""Tareꞌa! Ama ku ètu era neꞌe, te ngaa jaꞌa tadhe boe."""
GEN 28:17,"and he said dreading, how fearedful, or worshipful, is this place! here is none other thing, no but the house of god, and the gate of heaven.","na madha'u, ka na pangee, na, boo! era ne'e ne pamadha'u ja'a, nga. tatu èmu ama lamatua ètu era ne'e ne! aa era ne'e ne, j'aj'i hèb'a babèdho sorga.","Hèia na lii, peka na, ""Èu madhaꞌu! Èu madhaꞌu! Èu madhaꞌu! Èu madhaꞌu! Èu madhaꞌu! Èu madhaꞌu! Èu madhaꞌu! Èu madhaꞌu! Èu madhaꞌu! Èu madhaꞌu! Èu madhaꞌu! Èu madhaꞌu! Èu madhaꞌu! Èu madhaꞌu! Èu madhaꞌu! Èu madhaꞌu! Èu madhaꞌu! Èu madhaꞌu! Èu madhaꞌu! Èu madhaꞌu! Èu madhaꞌu! Èu madhaꞌu! Èu madhaꞌu! Èu madhaꞌu! Èu madhaꞌu! Èu madhaꞌu! Èu madhaꞌu!"
GEN 28:18,"therefore jacob rose early, and took the stone which he had put under his head, and raised it up into a title, or sign, and poured out oil above.","d'ara mad'ae aae era, yakob kèd'i le èèna. ka nare hadhu dhu na tao lalaka deo na. hèia na patitu j'aj'i mi tadha. ka na bhori èi mènyi asa dedha hadhu èèna, hèia na mangaj'i mi lamatua.","Èle èèna ka, Yakob kèdꞌi. Hèia na dedꞌe hadhu nèti dꞌara hèbꞌa Na. Hèia na dedꞌe hadhu ne, sèna ka jꞌajꞌi hadhu. Èle èèna ka, na sèmi nare hadhu èèna, hèia na sèmi nare hadhu èèna."
GEN 28:19,"and he called the name of that city bethel, which was called luz before.","ka na pangare era ne betel, dhu sasoa na ‘èmu lamatua'. uru èèna, era ne ngara na lus.","Nèti èèna ka, nèngu pangee, na, dhèu aaꞌi-aaꞌi ètu dꞌara jꞌara neꞌe, dhèu aaꞌi-aaꞌi ètu dꞌara jꞌara neꞌe, ngara na Luz."
GEN 28:20,"also jacob avowed a vow, and said, if god is with me, and keepeth me in the way in which i go, and giveth to me loaves to eat, and clothes to be clothed with,","èle èèna ka, yakob ded'e subha, aku nèngu na, ladhe ama lamatua dhu dènge ja'a, aa j'aga ja'a ètu d'ara kakako ja'a ne, aa panga'e dènge papake ja'a,","Èle èèna ka, Yakob jꞌajꞌi mi tadha, peka na, ""Ladhe Ama Lamatua paꞌèki dènge jaꞌa ètu talora jꞌara neꞌe, aa hia jaꞌa roti ho jaꞌa raꞌa, aa hia jaꞌa mèdha-papake,"
GEN 28:21,"and i turn again in prosperity to the house of my father, the lord shall be into god to me.","toke ja'a lèpa dènge sod'a, èèna na lamatua j'aj'i mi ama lamatua ja'a.","ladhe jaꞌa lèpa dènge dꞌara beꞌa asa èmu ama jaꞌa, na, Lamatua jꞌajꞌi Ama Lamatua jaꞌa."""
GEN 28:22,"and this stone, which i raised into a title, shall be called the house of god; and i shall offer tithes to thee of all things which thou shalt give to me.","hadhu dhu ja'a patitu ne, j'aj'i mi era sogo-tagu mi ama lamatua. aa aa'i-aa'i dhu lamatua pala-bagi mi ja'a, ja'a hia na ca pala nèti canguru pala.","Jaꞌa pangèdꞌu hadhu ne, sèna ka jꞌajꞌi èmu Ama Lamatua. Hèia Jaꞌa neo hia mi Ama sasusa nèti mèdha-panyau aaꞌi-aaꞌi dhu Ama dedꞌe nèti mèdha-panyau aaꞌi-aaꞌi dhu Ama dedꞌe nèti mèdha-panyau aaꞌi-aaꞌi dhu Ama dedꞌe nèti mèdha-panyau aaꞌi-aaꞌi dhu Ama dedꞌe nèti mèdha-panyau aaꞌi-aaꞌi dhu Ama dedꞌe nèti mèdha-panyau aaꞌi-aaꞌi dhu Ama dedꞌe nèti mèdha-panyau aaꞌi-aaꞌi dhu Ama dedꞌe nèti mèdha-panyau aaꞌi-aaꞌi dhu Ama dedꞌe nèti mèdha-panyau aaꞌi-aaꞌi-aaꞌi dhu Ama dedꞌe nèti mèdha-panyau aaꞌi-aaꞌi-aaꞌi."""
GEN 29:1,"therefore jacob passed forth, and came into the east land;",hèia yakob kako hari ka asa bèka dhimu.,"Èle èèna ka, Yakob tèke eele nèti dꞌara jꞌara neꞌe, laꞌe asa dꞌara rai ètu cabèka."
GEN 29:2,"and he saw a pit or well in the field, and three flocks of sheep resting beside it, for why sheep were watered thereof, and the mouth thereof was closed with a great stone.","ca lod'o, ladhe nèdhi èi ca madha, dètu dènge rae cue. padètu-dètu dènge madha èi èèna, abhu tèlu kaboko kahib'i-kalèbho, dhu mate rinu èi. te ngaa hadhu aae cue dhu ra pasaguru mi hèb'a èi na.","Hèia na ladhe nèdhi era èci ètu sebhe èèna. Na ladhe nèdhi dhèu kahibꞌi-kalèbho tèlu dhu madhèdi ètu sebhe èèna, sèna ka rèti kahibꞌi-kalèbho ètu sebhe èèna, sèna ka rèti asa dꞌara roꞌa, sèna ka rèti asa dꞌara roꞌa èèna."
GEN 29:3,"and the custom was that when all the sheep were gathered together, they should turn away the stone, and when the flocks were watered, they should put it again on the mouth of the pit.","dhu tema le, ladhe kahib'i tesa aa'i-aa'i ra, ana-ana madhenga kahib'i se, lasi bhoke hadhu na, heka ra dhui kèna, panginu kahib'i si. panginu rare na, ra katange hari hadhu na la'e.","Ropa ana kahibꞌi-kalèbho sèra mai asa dꞌara roꞌa èèna, hèia dhèu kahibꞌi-kalèbho dedꞌe hadhu ne asa liꞌu. Èle èèna ka, dhèu kahibꞌi-kalèbho sèra lasi asa dꞌara roꞌa èèna."
GEN 29:4,"and jacob said to the shepherds, brethren, of whence be ye? which answered, of haran.","ka yakob kako la'e asa madha dhèu madhenge kahib'i se, hèia na karèi, aku nèngu na, miu se, dhèu mia? hèia ra dhaa, ji'i se, nèti rae haran ne'e.","Hèia Yakob karèi si, aku nèngu na, ""Aadꞌo! Miu mai nèti mia?"" Ka ra dhaa, aku rèngu na, ""Miu mai nèti Haran."""
GEN 29:5,"and he asked them and said, whether ye know laban, the son of nahor? they said, we know him.","ka yakob karèi hari, aku nèngu na, miu tadhe to'o ja'a, laban, do? nèngu na, ana nahor. ka ra dhaa, ji'i tadhe ne.","Ka na karèi si, aku nèngu na, ""Miu tadhe Laban, ana Nahor?"" Ka ra dhaa, aku rèngu na, ""Jiꞌi tadhe ne."""
GEN 29:6,"jacob said, is he whole? they said, he is in good state; and lo! rachel, his daughter, cometh with his flock.","hèia yakob karèi hari, aku nèngu na, na be'a-be'a, sina ma? ka ra peka, oo, na be'a-be'a. ladhe, ana bhèni na ka nèi. ngara na, rahel. nuka eo nèti kahib'i ama na mai sa ne'e, ho hia rinu ètu ne'e. mate ne.","Èle èèna ka, Yakob karèi, aku nèngu na, ""Tasamia?"" Ka dhèu se dhaa, aku rèngu na, ""Tasamia."" Ka dhèu se dhaa, aku rèngu na, ""Tasamia. Ana na, Rahel, mai dènge kahibꞌi-kalèbho na ètu nèi."""
GEN 29:7,"and jacob said, yet much of the day is to come, and it is not time that the flocks be led again to the folds; soothly give ye drink to the sheep, and so lead ye them again to meat or feeding.","hèia yakob peka hari, loo nètu era. de be'a risi, badha mia ètu se'e le, panginu ka si. sèna ka lere mèti hari asa d'ara pad'a, ho ra'a hari j'u'u.","Hèia Yakob dhaa, aku nèngu na, ""Bèli-camèdꞌa dꞌai lodꞌo neꞌe, jaꞌa neo tèke eele kahibꞌi-kalèbho ètu dꞌara dꞌara oka. Miu hudꞌi paꞌèki ku dènge kahibꞌi-kalèbho sèra, ho raꞌa-rinu. Miu hudꞌi tèke eele kahibꞌi-kalèbho ètu dꞌara oka, ho raꞌa-rinu dènge kahibꞌi-kalèbho ètu dꞌara oka."
GEN 29:8,"which answered, we may not till all the sheep be gathered together, and till we remove the stone from the mouth of the pit, to water the flocks.","te ngaa ra peka, we, j'ara na aad'o sèmi èèna! ji'i mate toke tesa aa'i ku, heka ji'i pakeso hadhu ne, heka panginu badha se kèna.","Te ngaa dhèu se dhaa, aku rèngu na, ""Ladhe sèmi èèna, jiꞌi neo bhoke eele hadhu nèti dꞌara hèbꞌa oka sèra, sèna ka jiꞌi tao iisi mi kahibꞌi-kalèbho sèra. De jiꞌi neo bhoke eele hadhu ne, sèna ka jiꞌi tao iisi mi kahibꞌi-kalèbho aaꞌi-aaꞌi ra. De jiꞌi neo bhoke eele hadhu ne, sèna ka jiꞌi tao iisi mi kahibꞌi-kalèbho aaꞌi-aaꞌi ra."""
GEN 29:9,"yet they spake, and lo! rachel came with the sheep of her father.","yakob padhai lii era, rahel d'ai le era èèna dènge kahib'i ama na. nèngu ka dhu biasa ladhe-leru si.","Ropa dua ra padhai lii, hèia Rahel mai dènge kahibꞌi-kalèbho ama na."
GEN 29:10,"and when jacob saw her, and knew her to be the daughter of his mother's brother, and the sheep to be of laban his uncle, he removed the stone with which the pit was closed; and when the flock was watered,","ropa yakob nèdhi rahel dènge kahib'i sèra, la'e dènge ka pa'eso eele hadhu dhu saguru hèb'a èi na. ka na panginu badha to'o na sèra.","Ropa Yakob ladhe nèdhi ana bhèni ne, ka na reꞌa, na, ana bhèni ne, ana kahibꞌi-kalèbho ina na, aa ana kahibꞌi-kalèbho kahibꞌi-kalèbho na. Hèia na kèpe hadhu nèti dꞌara roꞌa èèna, sèna ka babège kahibꞌi-kalèbho sèra."
GEN 29:11,"he kissed her, and he wept with voice raised.","èle ka, la'e uu rahel, dènge tangi.","Hèia na lii dènge bhèni ne, hèia na tangi dènge lii kapai."
GEN 29:12,"and jacob showed to her that he was the brother of her father, and the son of rebecca; and she hasted, and told to her father.","ka na lolo dènge rahel, aku nèngu na, ari! ja'a ne, ana nèti ribka, ana hèni ama mu. hèia rahel rai sa èmu la'e, peka dènge ama na.","Èle èèna ka, Yakob padhai lii dènge ne, peka na, ""Jaꞌa ne, aꞌari bèi-baki èu. Jaꞌa ne, ana nèti bèi-baki èu."" Hèia na kèdꞌi laꞌe peka dènge ama na, aku nèngu na, ""Jaꞌa ne, aꞌari bèi-baki èu. Jaꞌa ne, ana bèi-baki nèti bèi-baki èu."" Hèia na kèdꞌi laꞌe peka dènge ama na, peka na, ""Jaꞌa ne, aꞌari bèi-baki nèti bèi-baki èu."""
GEN 29:13,"and when he had heard, that jacob, the son of his sister, came, he ran to meet him, and he embraced jacob, and kissed him, and led him into his house. forsooth when the causes of the journey were heard,","ropa laban tadèngi lii lolo rahel, dhu peka na yakob ana nèti ana hèni na ribka, ka la'e dènge ka, soru nare yakob. ropa na d'ai, liku nare yakob, ka na uu, hèia gale nèti dènge ka, lasi asa èmu na. ka yakob lolo aa'i-aa'i dènge to'o na.","Ropa tadèngi dhèu aaꞌi-aaꞌi sèra tadèngi, na, ana Yakob nèti ari na ètu dꞌara èmu. Hèia na rai paraga dènge Yakob. Hèia na jꞌajꞌi rare Yakob, hèia na pua ne asa dꞌara èmu na. Èle èèna ka, dhèu aaꞌi-aaꞌi tadèngi, na, ana Yakob ètu dꞌara èmu na."
GEN 29:14,"laban answered, thou art my bone and my flesh. and after that the days of a month were filled,","hèia laban lii, aku nèngu na, mema tare'a! èdhi dua ti dhu pa'a'ari. ropa yakob pea dènge rèngu d'ai ca hèru,","Hèia Laban dhaa, aku nèngu na, ""Èu ne jꞌajꞌi le ngiꞌu Jaꞌa, aa ngiꞌu Jaꞌa kahèi."""
GEN 29:15,"laban said to jacob, whether for thou art my brother, thou shalt serve me freely? say thou what meed thou shalt take.","laban padhai lii dènge ne, aku nèngu na, yakob! ja'a ko'o boe, sèna ka èu sab'a hia ja'a dènge iia-iia d'ara, lula èdhi se dhu pa'a'ari. de èu neo sèna ka rui-j'aj'èra èu ja'a b'ae ca ngaa?","Hèia Laban karèi Yakob, aku nèngu na, ""Èu ne aꞌari jaꞌa, do?"""
GEN 29:16,"forsooth laban had two daughters, the name of the elder was leah, soothly the younger was called rachel;","laban ne, dhu dènge ana bhèni dhèu dua. dhu uru, ngara na lea. aa ari na, ngara na rahel.","èle èèna ka, Laban abhu ana bhèni dhèu dua, ngara na Lea, dènge ngara na Rachel."
GEN 29:17,"but leah was bleary-eyed, and rachel was of fair face, and lovely in sight.","lea ne, musi madha na ako ahu. te ngaa rahel, rèhu na bhèni iia, aa ngi'u na saraga bia.","Te ngaa Leah, bèli-camèdꞌa, aa Rachel, bèli-camèdꞌa dènge rai-haha, aa dꞌara na kahibꞌi-kalèbho aaꞌi-aaꞌi ètu dꞌara dhèu aaꞌi-aaꞌi ètu dꞌara dhèu aaꞌi-aaꞌi ètu dꞌara dhèu aaꞌi-aaꞌi ètu dꞌara dhèu aaꞌi-aaꞌi ètu dꞌara dhèu aaꞌi-aaꞌi ètu dꞌara dhèu aaꞌi-aaꞌi ètu dꞌara dhèu aaꞌi-aaꞌi ètu dꞌara dhèu aaꞌi-aaꞌi ètu dꞌara dhèu aaꞌi-aaꞌi ètu dꞌara dhèu aaꞌi-aaꞌi ètu dꞌara dhèu aaꞌi-aaꞌi-aaꞌi ètu dꞌara dhèu aaꞌi-aaꞌi-aaꞌi."
GEN 29:18,"and jacob loved rachel, and said, i shall serve thee seven years for rachel thy younger daughter.","yakob d'èi risi rahel. ka na peka dènge laban, ladhe to'o ku mo'o, ja'a sab'a hia to'o ku pidhu tèu, sad'i to'o ku hia ja'a madhèdi dènge rahel.","Èle èèna ka, Yakob sue Rahel. Ka na peka, aku nèngu na, ""Jaꞌa neo sabꞌa ètu dꞌara èu, ho jꞌajꞌi dhèu sabꞌa pidhu tèu, ho jꞌajꞌi ana iiki èu, Rahel."""
GEN 29:19,"laban answered, it is better that i give her to thee than to another man; dwell thou with me.","hèia laban dhaa, aku nèngu na, ja'a ko'o! be'a risi, ja'a paleo èu dènge rahel, lula èdhi dua ti dhu a'ari. mage dhoka na madhèdi dènge dhèu leo. de mu pea mi ne'e, sèna ka sab'a hia ja'a.","Te ngaa Laban dhaa, aku nèngu na, ""Sèmi neꞌe! Ladhe jaꞌa hia ne èu, èèna beꞌa risi nèti jaꞌa hia dhèu leo."""
GEN 29:20,therefore jacob served seven years for rachel; and the days seemed few to him for the greatness of his love.,"ka yakob sab'a hia laban pidhu tèu, sèna ka na bisa madhèdi dènge rahel. lula na d'èi madhe-madhe rahel, nèti èèna ka, pidhu tèu èèna, na pangee nuka sèmi pèri-pèri lod'o di.","Èle èèna ka, dhèu aae Yakob sabꞌa ètu dꞌara èmu sabꞌa, ho jꞌajꞌi dhèu sabꞌa ètu dꞌara èmu na. Te ngaa dꞌara èmu na kapai risi, lula na sue dhèu aae Rahel."
GEN 29:21,"and at last he said to laban, give thou my wife to me, for the time is fulfilled that i enter in to her.","ropa risi nèti pidhu tèu, ka na pasanèd'e laban, aku nèngu na, to'o! ja'a sab'a le hia to'o ku pidhu tèu, de paleo ka ja'a dènge rahel.","Èle èèna ka, dhèu ne dhaa, aku nèngu na, 'Ama! Bèli-camèdꞌa jaꞌa èle dènge dhèu èmu jaꞌa, te dꞌai le lodꞌo jaꞌa neo pea dènge ne.'"
GEN 29:22,"and when many companies of friends were called to the feast, he made the weddings,","hèia laban tao tatao, ka na nèru aa'i rae lesa ètu rae èèna.","Ropa tadèngi lii padhai Yesus, hèia na paroa dhèu ae sèra, ho mai manèngi-mangajꞌi. Èle èèna ka, dhèu aaꞌi-aaꞌi ra mai manèngi-mangajꞌi, ho mai manèngi-mangajꞌi dènge dhèu aaꞌi-aaꞌi ra, ho mai manèngi-mangajꞌi dènge dhèu aaꞌi-aaꞌi ra, sèna ka dhèu aaꞌi-aaꞌi ra mai manèngi-mangajꞌi dènge dhèu aaꞌi-aaꞌi ra, sèna ka dhèu aaꞌi-aaꞌi ra mai manèngi-mangajꞌi dènge dhèu aaꞌi-aaꞌi ra, sèna ka dhèu aaꞌi-aaꞌi ra mai manèngi-mangajꞌi dènge dhèu aaꞌi-aaꞌi ra."
GEN 29:23-27,"and in the eventide laban brought in to him leah his daughter, and gave an handmaid, zilpah by name, to his daughter. and when jacob had entered in to her by custom, when the morrow-tide was made, he saw leah, and he said to his wife's father, what is it that thou wouldest do? whether i served not thee for rachel? why hast thou deceived me? laban answered, it is not custom in our place that we give first the younger daughter to weddings; fulfill thou the week of days of this wedding, and i shall give to thee also this rachel, for the work in which thou shalt serve me by other seven years.","ropa d'ai mèda èèna, laban hia boe rahel, te ngaa na pua lea maso asa d'ara paleo yakob. ka yakob j'unu dènge ne. asa bèli èèna, yakob heka ne'a kèna, nèngu dhu leo dènge lea di. hèia yakob la'e patao dènge laban, aku nèngu na, nga tao ka, to'o pasèru ja'a sèmi ne'e? ja'a sab'a sèmi ènu pidhu tèu kateme hia mi èu, sèna ka bisa abhu rahel! nga tao ka to'o pasilu dènge lea? ka laban dhaa, baku nasa ku! madhutu ad'a ji'i ètu rai ne'e, ari bisa boe leo uuru èmu nèti a'a. de be'a risi sèmi ne'e! èu mate hari ku pidhu lod'o, d'ai èle tatao ne, heka èu abhu rahel kèna. sad'i èu sab'a hari hia ja'a pidhu tèu. hèia laban pangèd'u dènge ènu bhèni èci, hia mi lea. ngara na silpa.","Bèli èèna, Yakob ladhe nèdhi Lea ètu dꞌara èmu na. Ka na karèi ama dhèu èmu na, aku nèngu na, ""Ama! Nga tao ka èu pahaha iisi mi jaꞌa, lula jaꞌa sabꞌa hia èu Rachel? Nga tao ka èu pahaha iisi mi jaꞌa?"" Hèia Laban dhaa, aku nèngu na, ""Ama! Jiꞌi pahaha iisi jiꞌi dènge ana bhèni jaꞌa ètu dꞌara èmu jiꞌi, sèna ka jaꞌa pahaha iisi mi ana bhèni jaꞌa dhu kapai èèna. Ladhe dꞌai lodꞌo sabajꞌa, jaꞌa bꞌae hia èu Rachel kahèi, sèna ka èu sabꞌa hari jaꞌa ètu dꞌara èmu jaꞌa."""
GEN 29:28,"jacob assented to the covenant, and when the week was passed, he wedded rachel,","lii padhai laban deo na, yakob d'èi kahèi. nèti èèna ka, èle tatao ne pidhu lod'o, ka laban pamadhèdi hari yakob dènge rahel.","Èle èèna ka, bèli-camèdꞌa Yakob tao paꞌèci dènge Rahel."
GEN 29:29,to whom her father had given bilhah an handmaid.,"ka laban hia ènu na dhèu bhèni èci, ngara na bilha, sèna ka j'aj'i mi ènu rahel.","Nèti èèna ka, Ama Lamatua hia ana bhèni èci, dhu ama na hia hia hia hia dhèu sabꞌa èci ètu dꞌara jꞌara neꞌe. Nèti èèna ka, Ama Lamatua hia dhèu sabꞌa èci èèna, sèna ka jꞌajꞌi dhèu sabꞌa ètu dꞌara jꞌara neꞌe, ho jꞌajꞌi dhèu sabꞌa ètu dꞌara jꞌara neꞌe. Nèti èèna ka, Ama Lamatua hia dhèu sabꞌa ètu dꞌara jꞌara neꞌe, ho jꞌajꞌi dhèu sabꞌa ètu dꞌara jꞌara neꞌajꞌi dhèu sabꞌa."
GEN 29:30,"and at the last jacob used the weddings desired, and set the love of the latter wife before the first; and jacob served laban seven other years.",hèia yakob pa'èci ka dènge rahel. na d'èi risi rahel nèti lea. ka yakob sab'a hari hia to'o na pidhu tèu.,"Èle èèna ka, Yakob sabꞌa dènge dhèu èmu-kamali dhu nèngu dꞌèi. Hèia na sabꞌa dènge dhèu èmu-kamali dhu nèngu dꞌèi. Hèia Yakob sabꞌa dènge dhèu èmu-kamali dhu nèngu dꞌèi dènge dhèu èmu-kamali dhu nèngu dꞌèi. Nèti èèna ka, Yakob sabꞌa dènge dhèu èmu-kamali dhu nèngu dꞌèi dènge dhèu èmu-kamali dhu nèngu dꞌèi. Èle èèna ka, Yakob sabꞌa dènge dhèu èmu-kamali dhu nèngu dꞌèi dènge dhèu èmu-kamali dhu nèngu dꞌèi."
GEN 29:31,"forsooth the lord saw that jacob despised leah, that is, loved her less than rachel, and he opened leah's womb, while her sister dwelled barren.","te ngaa lamatua ne'a le, yakob sue risi rahel nèti lea. nèti èèna ka, na hia lea nara iisi ana. te ngaa rahel abhu boe ana.","te ngaa Ama Lamatua ladhe neꞌa, na, Yakob dꞌèi heka Lea, te ngaa nèngu dꞌèi heka dꞌèlu-mèu dènge Rahel. Nèti èèna ka, Lamatua padꞌelo dꞌèlu-mèu na, te ngaa aꞌari na ètu dꞌara bèdho."
GEN 29:32,"and leah childed a son conceived, and she called his name reuben, and said, the lord hath seen my meek-ness; now mine husband shall love me.","hèia lea dènge babia, ka nara iisi ana mone ca dhèu. na pangare ne, ruben dhu sasoa na ‘mèdhi si, abhu ana', lula na peka na, lamatua ladhe nèdhi le sasusa ja'a. nèti èèna ka, limuri ne, dhèu èmu ja'a tao madha-dhilu mi ja'a.","Èle èèna ka, na abhu ana mone ca dhèu. Ka na pangare ne, Ruben, peka na, ""Lamatua ladhe nèdhi jaꞌa jꞌajꞌi dhèu dhu dꞌèlu-mèu. Nèti èèna ka, dhèu èmu jaꞌa sue jaꞌa."""
GEN 29:33,"and again she conceived, and childed a son, and said, for the lord saw that i was despised, he gave also this son to me; and she called his name simeon.","ka lea dènge hari babia, hèia nara iisi hari ana mone èci. na pangare ne, simeon dhu sasoa na, ele boe ‘dhèu tadèngi le', lula na peka na, lamatua dhu ne'a na, dhèu èmu ja'a sue boe ja'a. tu d'ai èèna ka, na hia ja'a ana dhèu èci hari.","Èle èèna ka, bhèni ne jꞌajꞌi le ana mone ca dhèu. Ka na lii, aku nèngu na, ""Ladhe ama ku neꞌa, na, jaꞌa dènge boe koasa. Nèti èèna ka, na hia jaꞌa ana mone ne kahèi."" Hèia na pangare ne Simeon."
GEN 29:34,"and she conceived the third time, and childed another son, and she said also, now mine husband shall be coupled to me, for i have childed three sons to him; and therefore she called his name levi.","èle èèna ka, lea kad'o hari ana èci, ka nara iisi ana mone ca dhèu. na pangare na lewi, lula na peka na, dènge ana ne'e ne, èle dènge lii langu ja'a. d'ara dhèu èmu ja'a, pa'èki dènge ja'a, lula ja'a matana hia ne ana mone, dhèu tèlu kèna.","Èle èèna ka, na bꞌala hari ana mone ka tèlu. Hèia na peka, aku nèngu na, ""Sèmi neꞌe ka, jaꞌa jꞌajꞌi dhèu èmu jaꞌa, te jaꞌa jꞌajꞌi le ana mone tèlu mi dhèu èmu jaꞌa."" Nèti èèna ka, na pangare ne, Lewi."
GEN 29:35,"the fourth time she conceived, and childed a son, and said, now i shall acknowledge to the lord; and therefore she called his name judah; and ceased to child.","ka lea dènge hari babia ca tèka, hèia nara iisi ana mone èci. na pangare na, yahuda dhu sasoa na ele boe ‘koa-kio', lula na peka na, dènge j'ara ne'e ne, ja'a neo koa-kio lamatua! èle ka, lea dènge heka ana.","Èle èèna ka, bhèni ne jꞌajꞌi kètu ka èpa hari, ka na bhèni ana mone èci. Hèia na peka, aku nèngu na, ""Ladhe neꞌe ne, jaꞌa neo padhai lii dènge Ama Lamatua."" Nèti èèna ka, na pangare ana ne, Yudas."
GEN 30:1,"forsooth rachel saw, that she was unfruitful, and she had envy to her sister, and said to her husband, give thou free children to me, else i shall die.","te ngaa rahel dhu abhu mèka ana. nèti èèna ka, nèngu tèke d'ara dènge a'a na. hèia na peka dènge dhèu èmu na, a'a! hia ku ja'a ana laa, ma. ladhe aad'o, be'a risi ja'a madhe ka laa.","Èle èèna ka, Rahel ladhe nèdhi, na, nèngu dènge boe ana. Ka na dꞌèi dꞌara èmu na, ka na peka dènge dhèu èmu na, aku nèngu na, ""Sèmi neꞌe! Bèli-camèdꞌa èu hia jaꞌa ana, te ladhe jaꞌa madhe."""
GEN 30:2,"to whom jacob was wroth, and answered, whether i am for god, which have deprived thee from the fruit of thy womb?","te ngaa yakob jèke ne, aku nèngu na, èu ngee na, ja'a ne, lamatua, ho bisa hia èu ana! ?","Èle èèna ka, Yakob nasa, ka na karèi Yakob, aku nèngu na, ""Tasamia? Jaꞌa ne dhèu aaꞌi-aaꞌi, do? Jaꞌa ne dhèu aaꞌi-aaꞌi, dhu paꞌele iie mèdha-panyau èu, do? Jaꞌa ne dhèu aaꞌi-aaꞌi, do? Jaꞌa ne dhèu aaꞌi-aaꞌi, do? Jaꞌa ne dhèu aaꞌi-aaꞌi, do? Jaꞌa ne dhèu aaꞌi-aaꞌi, do? Jaꞌa ne dhèu aaꞌi-aaꞌi, do? Jaꞌa ne dhèu aaꞌi-aaꞌi, do? Jaꞌa ne dhèu aaꞌi-aaꞌi, do? Jaꞌa jꞌajꞌi dhèu aaꞌi-aaꞌi, do?"
GEN 30:3,"and she said, i have an handmaid bilhah; enter thou in to her that she child on my knees, and that i have sons of her.","ka rahel b'ala na, sèmi ne'e: hua iia èu more bilha, ènu ja'a na. j'unu dènge ne, sèna ka na matana hia ja'a ana.","Hèia na peka, aku nèngu na, ""Dhèu bhèni jaꞌa ne, dhèu bhèni dhu dꞌara beꞌa. Èu hudꞌi laꞌe asa neꞌe, sèna ka jaꞌa abhu ana-èpu nèti bhèni ne."""
GEN 30:4,"and she gave to him bilhah into matrimony; and when her husband had entered in to her,",hèia na pangèd'u bilha mi dhèu èmu na. ka yakob j'unu dènge ne.,"Nèti èèna ka, dhèu èmu na maso asa dꞌara èmu na, hèia na bꞌala doi na, sèna ka jꞌajꞌi dhèu èmu na. Èle èèna ka, dhèu èmu na maso asa dꞌara èmu na, hèia na bꞌala doi na, sèna ka jꞌajꞌi dhèu èmu na."
GEN 30:5,"she conceived, and childed a son.","ka bilha dènge babia, hèia nara iisi ana mone ca dhèu.","Nèti èèna ka, dhèu aaꞌi-aaꞌi jꞌajꞌi dhèu aaꞌi-aaꞌi ra. Nèti èèna ka, dhèu aaꞌi-aaꞌi jꞌajꞌi dhèu aaꞌi-aaꞌi ra. Nèti èèna ka, dhèu aaꞌi-aaꞌi jꞌajꞌi dhèu aaꞌi-aaꞌi ra. Nèti èèna ka, dhèu aaꞌi-aaꞌi jꞌajꞌi dhèu aaꞌi-aaꞌi ra."
GEN 30:6,"and rachel said, the lord hath deemed to me, and hath heard my prayer, and gave a son to me; and therefore she called his name dan.","hèia rahel padhai lii, aku nèngu na, ama lamatua nanene le lii manèngi-mangaj'i ja'a. nèti èèna ka, na hia ja'a ana mone ca dhèu. ama lamatua pama'ète le, lii langu ja'a dènge mola-mola. ka na pangare ana ne, dan dhu sasoa na ‘pama'ète lii'.","Hèia Rahel padhai lii, aku nèngu na, ""Lamatua tadèngi le lii manèngi-mangajꞌi jaꞌa. Na tadèngi le lii manèngi-mangajꞌi jaꞌa, sèna ka hia jaꞌa ana mone ca dhèu."" Nèti èèna ka, na pangare ana ne, Dan."
GEN 30:7,"and again bilhah conceived, and childed another son,","èle èèna ka, bilha dènge hari babia, ka nara iisi ana mone èci.","Èle èèna ka, bhèni bhèni bhèni èci hari, ka na bhèni ana mone ca dhèu."
GEN 30:8,"for whom rachel said, the lord hath made me like my sister, and i have waxed strong; and she called him naphtali.","ka rahel peka, aku nèngu na, ja'a limuri ne pa'uji dènge a'a ku, ka ja'a segi. nèti èèna ka, na pangare ana na, naftali dhu sasoa na ‘pa'uji', do ‘pa'ère'.","Nèti èèna ka, Rahel ngara ana na Naftali, lula na peka, na, ""Ama Lamatua tao jaꞌa jꞌajꞌi sama sèmi aꞌari jaꞌa. Nèti èèna ka, jaꞌa jꞌajꞌi dhèu kapai."""
GEN 30:9,"leah feeled that she ceased to bear child, and she gave zilpah, her handmaid, to her husband.","ropa lea ne'a na nèngu ne dènge heka ana, ka na paleo ènu na silpa dènge yakob.","Èle èèna ka, dhèu bhèni bhèni èèna, nèti èèna ka na hia dhèu èmu na, nèti èèna ka, dhèu bhèni bhèni ne, nèti èèna ka, nèti nèngu asa dhèu èmu-kamali na, nèti èèna ka, nèti nèngu asa dhèu èmu-kamali na, nèti èèna ka, nèti nèngu asa dhèu èmu-kamali na, èci èèna ka dènge dhèu èmu-kamali na, èci èèna ka dènge dhèu èmu-kamali na, èci èèna ka dènge dhèu èmu-kamali na, èci èèna ka dènge dhèu èmu-kamali na."
GEN 30:10,"and when zilpah, after conceiving, childed a son,",ka silpa nara iisi ana mone ca dhèu.,"Èle èèna ka, Zilpa jꞌajꞌi ana mone."
GEN 30:11,"leah said, blessedly; and therefore she called his name gad.","hèia lea peka na, kalua ja'a, mèngi le. ka na pangare na, gad dhu sasoa na ‘kalua mèngi'.","Hèia Lea dhaa, aku nèngu na, ""Bèli-camèdꞌa!"" Nèti èèna ka, na paroa ana ne, Gad."
GEN 30:12,"also zilpah childed another son,",ka silpa nara iisi hari ana mone èci.,"zilpah also childed another son,"
GEN 30:13,"and leah said, this is for my bliss, for all women shall say me blessed; therefore she called him asher.","hèia lea padhai lii, peka na, waa! limuri ne, ja'a heka karej'e kèna! mi laladhe ee, te bèli-camèd'a, dhèu bhèni aa'i-aa'i ra, peka na ja'a ne oto bia. nèti èèna ka, na pangare ana ne, aser dhu sasoa na ‘karej'e'.","Hèia Lea pangee, aku nèngu na, ""Jaꞌa jꞌajꞌi dhèu bhèni dhu karejꞌe dꞌara jaꞌa."" Nèti èèna ka, na paroa ana ne, ""Heh! Jaꞌa jꞌajꞌi dhèu bhèni dhu karejꞌe dꞌara jaꞌa."""
GEN 30:14,"forsooth reuben went out into the field in the time of wheat harvest, and found mandrakes, which he brought to leah, his mother. and rachel said, give thou to me a part of the mandrakes of thy son.","ca lod'o, lèke dènge hèru puu-g'ètu are, ruben la'e asa d'ara j'ami. na rage ana aaj'u ca kapua dhu j'aj'i sèmi èi na'i ho hia dhèu bhèni abhu kolo. ka ruben nèti hia ina na lea. ropa rahel nèdhi, ka na peka dènge lea, aku nèngu na, a'a! bagi ku ja'a ciki, èi na'i dhu ruben nèti èèna.","Lodꞌo èèna, bèli-camèdꞌa, hèia Ruben laꞌe asa dꞌara oka. Ètu dꞌara oka na, na ladhe nèdhi ajꞌu-jꞌuꞌu dhu kabꞌua ètu dꞌara oka. Nèti èèna ka, nèti ajꞌu-jꞌuꞌu dhu kabꞌua ètu dꞌara oka ina na. Hèia Rahel manèngi, aku nèngu na, ""Ama! Jaꞌa manèngi sèna ka èu hia jaꞌa cahagꞌe nèti ajꞌu-jꞌuꞌu ana mu."""
GEN 30:15,"leah answered, whether it seemeth little to thee, that thou hast ravished my husband from me, no but thou take also the mandrakes of my son? rachel said, the husband sleep with thee in this night for the mandrakes of thy son.","te ngaa lea b'ala, aku nèngu na, wee! èu ne seli-kolane! parame more le dhèu èmu ja'a. te ngaa roca mèka na. mu neo hari unu aj'u èi na'i èèna nèti ana ja'a? me'a heka makae d'ara! te ngaa rahel dhaa, sèmi ne'e, a'a! ladhe ja'a abhu èi na'i na, mèda ne'e èu pa'èci dènge yakob. ka lea d'èi kahèi.","Te ngaa Lea dhaa, aku nèngu na, ""Tareꞌa, ee! Te èu manaꞌu le dhèu èmu jaꞌa. De èu hudꞌi laꞌe hari kèna kèna kèna kèna kèna kèna kèna kèna kèna kèna kèna kèna kèna kèna kèna kèna kèna kèna kèna kèna kèna kèna kèna kèna kèna kèna kèna kèna kèna kèna kèna kèna kèna kèna kèna kèna kèna kèna kèna kèna kèna kèna kèna kèna kèna kèna kèna kèna kèna kèna kèna kèna kèna kèna kèna kèna kèna kèna kèna kèna kèna kèna kèna kèna kèna kèna kèna kèna kèna kèna kèna kèna kèna kèna kèna kèna kèna kèna kèna kèna kèna kèna kèna kèna kèna kèna kèna kèna kèna kèna kèna kèna kèna kèna kèna kèna kèna kèna kèna kèna kèna kèna kèna kèna kèna kèna kèna kèna kèna kèna kèna kèna kèna kèna kèna kèna kèna kèna."""
GEN 30:16,"and when jacob came again from the field at the eventide, leah went out into his meeting, and said, thou shalt enter in to me, for i have hired thee with hire for the mandrakes of my son. he slept with her in that night;","ka pe d'ai loo nihia sa, yakob lèpa nèti d'ara oka. lea la'e soru nare ne, ka na peka, a'a! mèda ne, èu j'unu dènge ja'a! lula ja'a dhu hèli kore le èu, dènge kab'ua èi na'i ana ja'a! ka mèda na, yakob j'unu dènge lea.","Èle èèna ka, Yakob lèpa nèti dꞌara oka. Èle èèna ka, Yakob laꞌe paraga dènge ne. Ka na karèi ne, aku nèngu na, ""Sèmi neꞌe! Jaꞌa pajꞌajꞌi èu, sèna ka èu hia ana jaꞌa ajꞌu ajꞌu ajꞌu ajꞌu ajꞌu ajꞌu ajꞌu ajꞌu ajꞌu ajꞌu ajꞌu ajꞌu ajꞌu ajꞌu ajꞌu ajꞌu ajꞌu ajꞌu ajꞌu ajꞌu ajꞌu ajꞌu ajꞌu ajꞌu ajꞌu ajꞌu ajꞌu ajꞌu ajꞌu ajꞌu ajꞌu ajꞌu ajꞌu ajꞌu ajꞌu ajꞌu ajꞌu ajꞌu ajꞌu ajꞌu ajꞌu ajꞌu ajꞌu ajꞌu ajꞌu ajꞌu ajꞌu ajꞌu ajꞌu ajꞌu ajꞌu ajꞌu ajꞌu ajꞌu ajꞌu ajꞌu ajꞌu ajꞌu ajꞌu ajꞌu ajꞌu ajꞌu ajꞌu ajꞌu ajꞌu ajꞌu ajꞌu ajꞌu ajꞌu ajꞌu ajꞌu ajꞌu ajꞌu ajꞌu ajꞌu."
GEN 30:17,"and god heard her prayers, and she conceived, and childed the fifth son;","ka ama lamatua tadèngi lii manèngi-mangaj'i lea. nèti èèna ka, na dènge babia, hèia nara iisi ana mone ka lèmi.","Èle èèna ka, Ama Lamatua tadèngi lii manèngi-mangajꞌi na, hèia na bhèni ana mone ka lèmi."
GEN 30:18,"and said, god hath given meed to me, for i gave mine handmaid to mine husband; and she called his name issachar.","hèia lea pangare ana na, isaskar, dhu sasoa na, ‘b'ae j'aj'èra', lula na peka na, ama lamatua b'ae-baj'a le j'aj'èra ja'a, lula ja'a hia le silpa madhèdi dènge dhèu èmu ja'a.","Hèia na peka, aku nèngu na, ""Ama Lamatua hia jaꞌa mèu, sèna ka jaꞌa hia ana bhèni jaꞌa èci mi dhèu èmu-kamali jaꞌa."" Hèia na pangare ne Isakar."
GEN 30:19,"again leah conceived, and childed the sixth son,","èle èèna ka, lea dènge babia hari, hèia nara iisi ana mone ka èna.","Èle aaꞌi-aaꞌi ra jꞌajꞌi ana mone ka èèna, ka nèdꞌu ana mone ka èèna, ka nèdꞌu-nèdꞌu ana hèbꞌa na ka ètu dꞌara èmu kapodꞌe-kabèli, ka nèdꞌu ana hèbꞌa na ka ètu dꞌara Èmu Kapua Manèngi-Mangajꞌi ètu dꞌara èmu Kapua Manèngi-Mangajꞌi ètu dꞌara èmu Kapua Manèngi-Mangajꞌi ètu dꞌara èmu Kapua Manèngi-Mangajꞌi ètu dꞌara Èmu Kapua Manèngi-Mangajꞌi ètu dꞌara Èmu Kapua Manèngi-Mangajꞌi ètu dꞌara Èmu Kapua Manèngi-Mangajꞌi ètu dꞌara Èmu Kapua Manèngi-Mangajꞌi ètu dꞌara Èmu Kapua Manèngi-Mangajꞌi."
GEN 30:20,"and said, the lord hath made me rich with a good dower; also in this time mine husband shall be with me, for i have engendered six sons to him; and therefore she called his name zebulun.","ka na peka, aku nèngu na, ama lamatua parasee ja'a mèdha dhu be'a. ka limuri ne, dhèu èmu ja'a hud'i pakab'ua ku ja'a, lula ja'a matana hia ne ana mone dhèu èna. nèti èèna ka, na pangare ana ne, sebulon dhu sasoa na ‘pakab'ua'.","Hèia na peka, aku nèngu na, ""Ladhe neꞌe ka, dhèu èmu jaꞌa jꞌajꞌi dhèu dhu dꞌèlu-mèu. Nèti èèna ka, dhèu èmu jaꞌa mamuri hari dènge jaꞌa, lula jaꞌa jꞌajꞌi le ana mone èpa hari."" Nèti èèna ka, na pangare ne, Zebulon."
GEN 30:21,"after whom she childed a daughter, dinah by name.","ka lea nara iisi hari, te ngaa ana bhèni, ka na pangare na, dina.","Èle èèna ka, dhèu aaꞌi-aaꞌi ra abhu ana bhèni èci, ngara na Dinah. Nèti èèna ka, dhèu aaꞌi-aaꞌi ra aaꞌi-aaꞌi ra aaꞌi-aaꞌi ra aaꞌi-aaꞌi ra aaꞌi-aaꞌi ra aaꞌi-aaꞌi ra aaꞌi-aaꞌi ra aaꞌi-aaꞌi ra aaꞌi-aaꞌi ra aaꞌi-aaꞌi ra aaꞌi-aaꞌi ra aaꞌi-aaꞌi ra aaꞌi-aaꞌi ra."
GEN 30:22,"also the lord had mind on rachel, and he heard her, and opened her womb.","te ngaa ama lamatua dhu bhèlu boe rahel, ka sèmi lii manèngi-mangaj'i na. nèti èèna ka, na bhoke era ana na.","Èle èèna ka, Lamatua sanèdꞌe dꞌara Rahel, ka Na tadèngi lii padhai na, hèia Na bhoke dꞌara."
GEN 30:23,"and she conceived, and childed a son, and said, god hath taken away my shame;","hèia rahel dènge babia, ka nara iisi ana mone ca dhèu. ka na peka, ama lamatua saku eele le d'ara makae ja'a.","Èle èèna ka, bhèni ne jꞌajꞌi ana mone. Ka na peka, aku nèngu na, 'Ama Lamatua saku eele sasala-sasigo jaꞌa.'"
GEN 30:24,"and she called his name joseph, and said, the lord give to me another son.","hèia na pangare ana na yusuf dhu sasoa na ele boe ‘hud'i laa na hia tabha hari', lula aku nèngu na, ja'a manèngi, sèna ka ama lamatua hia ja'a ana mone ca dhèu hari.","Ka bhèni ne paroa dhèu ne, ngara na Yusuf, aku nèngu na, ""Ama! Jaꞌa manèngi sèna ka Ama Lamatua hia jaꞌa ana mone leo ca dhèu."""
GEN 30:25,"soothly when joseph was born, jacob said to his wife's father, deliver thou me, that i turn again to my country, and to my land.","lod'o rahel nara iisi yusuf, yakob peka dènge laban, aku nèngu na, to'o! ladhe mo'o, ja'a neo lèpa asa rai ètu-èsu ja'a.","Èle èèna ka, bèli-camèdꞌa Yakob nara iisi Yusuf. Hèia na peka dènge ama na, aku nèngu na, ""Sèmi neꞌe, ho jaꞌa lèpa hari asa rai jaꞌa."""
GEN 30:26,"give thou to me my wives, and my free children, for which i have served thee, that i go; forsooth thou knowest the service by which i have served thee.","ja'a neo laku dènge ana-dhèu èmu ja'a. to'o, èu dhu me'a le, ja'a ne sab'a tèu-tèu nèti mad'ae d'ai loo nihia. de ja'a b'ae pama'ète le rèngu se. nèti èèna ka, rèngu se, j'aj'i le unu ja'a ka teme aae.","Bèli-camèdꞌa jaꞌa dènge dhèu bhèni jaꞌa, dènge ana-ana jaꞌa, sèna ka jaꞌa lèpa dènge èu. Èu meꞌa kahèi, na, jaꞌa sabꞌa ae-ae dènge èu."""
GEN 30:27,"laban said to him, find i grace in thy sight; i have learned by experience, that god hath blessed me for thee;","hèia, aku to'o na, ana, ee! èu nanene ku lii ja'a laa! madhutu lii malare dhu ja'a abhu, lamatua hia ja'a mamèngi lula èu.","Te ngaa Laban dhaa, peka na, ""Ama! Jaꞌa keꞌa le, na, Ama dꞌèi padꞌelo dꞌara hua iia Na mi jaꞌa. Jaꞌa keꞌa le, na, Ama Lamatua padꞌelo le dꞌara hua iia Na mi jaꞌa."
GEN 30:28,ordain thou the meed which i shall give to thee.,"de èu neo manèngi ca ngaa, peka, sèna ka ja'a b'ae! sad'i èu baku tèke eele ja'a, te ngaa sab'a taruu hia ja'a.","Jaꞌa neo hia èu mèdha dhu jaꞌa neo hia èu. Jaꞌa neo hia èu mèdha dhu jaꞌa neo hia èu. De jaꞌa neo hia èu mèdha dhu jaꞌa neo hia èu. De jaꞌa neo hia èu mèdha dhu jaꞌa neo hia èu."""
GEN 30:29,"and jacob answered, thou knowest how i have served thee, and how great thy possession was in mine hands;","ka yakob peka, to'o! èu mèdhi unu mu le, sasab'a-la'a ja'a. nèti èèna ka, badha-manu to'o se, bèba-kacanga.","Hèia Yakob dhaa, aku nèngu na, ""Èu meꞌa le, ngaa dhu jaꞌa sabꞌa hia èu, dènge aaꞌi-aaꞌi mèdha-panyau èu."
GEN 30:30,"thou haddest little before that i came to thee, and now thou art made rich, and the lord hath blessed thee at mine entering; therefore it is just that i purvey sometime also for mine house.","lod'o dhu ja'a dhae mai mèka, mèdha-panyau to'o ku ae èèna mèka. te ngaa limuri ne, to'o kaja le. lamatua pala-bagi le to'o ku mamèngi, lula sasab'a-la'a ja'a ka. te d'ai le lod'o na, sèna ka ja'a sab'a hia ana-dhèu èmu ja'a.","Lodꞌo jaꞌa paraga dènge èu, èu abhu mèdha-panyau ae-ae. Te ngaa limuri ne, èu abhu mèdha-panyau aaꞌi-aaꞌi ètu dꞌara èu. Nèti èèna ka, èu abhu mèdha-panyau aaꞌi-aaꞌi ètu dꞌara èmu jaꞌa."
GEN 30:31,"and laban said, what shall i give to thee? and jacob said, i will or desire nothing, that is, of thy gift, but if thou doest that that i ask, again i shall feed and keep thy sheep.","hèia laban karèi ne, aku nèngu na, de sèmi èèna na, ja'a b'ae èu tasamia? ka yakob dhaa, peka na, to'o ku, hia ia ka ja'a ngaa-ngaa. te ngaa badha-manu to'o ku, ja'a ladhe-leru taruu, sad'i mu tao ku j'ara èci.","Hèia Laban karèi, aku nèngu na, ""Jaꞌa neo hia èu ngaa?"" Ka Yakob dhaa, aku nèngu na, ""Jaꞌa neo boe mèdha-panyau èu ne. Te ngaa ladhe èu tao sèmi èèna, na, jaꞌa neo jꞌajꞌi kahibꞌi-kalèbho èu."
GEN 30:32,"go about all thy flocks, and separate thou all diversely-coloured sheep, and of spotted fleeces, and whatever thing shall be of dun hue, and spotted, and diverse of colour, as well in sheep as in goats; that shall be my meed.","ladhe mo'o, deo ne'e kahèi, ja'a laku asa badha-manu to'o sèi, ho hag'e si. mia dhu dènge boe katèd'a aa dènge boe karata, sèra sa unu to'o ku taruu. te ngaa mia dhu dènge katèd'a aa dhu karata, hia mi ja'a. dènge kahib'i-kalèbho dhu mèdhi, ja'a kora aa'i si. se'e se, hud'i laa j'aj'i mi bab'ae rui-j'aj'èra ja'a.","De èu hudꞌi laꞌe padètu-dètu dènge kahibꞌi-kalèbho èu aaꞌi-aaꞌi ra. Èu hudꞌi paꞌèci kahibꞌi-kalèbho aaꞌi-aaꞌi ra dènge kahibꞌi-kalèbho aaꞌi-aaꞌi ra. Èu hudꞌi paꞌèci kahibꞌi-kalèbho aaꞌi-aaꞌi ra dènge kahibꞌi-kalèbho aaꞌi-aaꞌi ra. Èu hudꞌi paꞌèci kahibꞌi-kalèbho aaꞌi-aaꞌi ra dènge kahibꞌi-kalèbho aaꞌi-aaꞌi ra. Èu hudꞌi paꞌèci kahibꞌi-kalèbho aaꞌi-aaꞌi ra dènge kahibꞌi-kalèbho aaꞌi-aaꞌi ra, sèna kahibꞌi-kalèbho aaꞌi-aaꞌi ra, sèna kahibꞌi-kalèbho aaꞌi-aaꞌi ra."
GEN 30:33,"and my rightfulness or rightwise-ness shall answer to me tomorrow, when the time of covenant shall come before thee; and all that be not diverse, and spotted, and dunned, as well in sheep as in goats, be found at me thou shalt reprove me of theft.","d'ai lod'o limuri, pe to'o me'a ja'a ne sab'a dènge mola, do aad'o. sad'i lake more, mai ho mu parisa badha-manu ja'a. ladhe mu abhu kahib'i-ka'ia dhu dènge boe katèd'a, aa dhu karata boe, do, kahib'i-kalèbho dhu pudhi, èèna na, dhu me'a le èèna, ja'a mana'u badha-manu to'o.","Bèli èèna, jaꞌa peka dènge èu, na, jaꞌa ne dhèu dꞌèlu-mèu, dhèu dꞌèlu-mèu, dènge kahibꞌi-kalèbho, dènge kahibꞌi-kalèbho, dènge kahibꞌi-kalèbho, dènge kahibꞌi-kalèbho, dènge kahibꞌi-kalèbho, dènge kahibꞌi-kalèbho, dènge kahibꞌi-kalèbho."
GEN 30:34,"and laban said, i have it acceptable that that thou askest.","ka laban d'èi kahèi, aku nèngu na, oo! j'ara na sèmi èèna ka.","Hèia Laban dhaa, aku nèngu na, ""Ladhe èu manèngi sèmi èèna, èèna beꞌa."""
GEN 30:35,"and laban separated in that day the goats, and sheep, goat bucks, and rams, diverse and spotted. soothly he betook all the flock of one colour, that is, of white, and of black fleece, into the hands of his sons;","te ngaa ètu d'ara lod'o èèna kahèi, laban hag'e dènge badha dhu katèd'a, dhu karata, dènge kahib'i-kalèbho dhu mèdhi. ka na pangèd'u mi ana na si, ho ladhe-leru.","Èle èèna ka, gubernur tèke eele kahibꞌi-kalèbho, kahibꞌi-kalèbho, kahibꞌi-kalèbho, dènge kahibꞌi-kalèbho, dènge kahibꞌi-kalèbho dènge kahibꞌi-kalèbho aaꞌi-aaꞌi. Hèia na hia kahibꞌi-kalèbho aaꞌi-aaꞌi dhu kabꞌi-kabꞌi dènge kahibꞌi-kalèbho dhu kahibꞌi-kalèbho dhu kahibꞌi-kalèbho dhu kahibꞌi-kalèbho dhu kahibꞌi-kalèbho dhu kahibꞌi-kalèbho dhu kahibꞌi-kalèbho dhu kahibꞌi-kalèbho dhu kahibꞌi-kalèbho dhu kahibꞌi-kalèbho dhu kahibꞌi-kalèbho, sèna kahibꞌi-kalèbho dhu kahibꞌi-kalèbho dhu kahibꞌi-kalèbho dhu kahibꞌi-kalèbho."
GEN 30:36,"and he set the space of a way of three days betwixt his sons, and the husband of his daughters, that fed his other flocks.",hèia eo rèti ka badha se asa era èci dhu kaj'èu na tèlu lod'o kako haga nèti era yakob si. ka yakob madhenge ka badha dhu ata se.,"Èle èèna ka, na hia dhèu èmu-kamali na, dènge ana-èmu na, dhu raꞌa-rinu kahibꞌi-kalèbho na, toke dꞌai tèlu lodꞌo."
GEN 30:37,"therefore jacob took green rods of poplars, and of almonds, and of planes, and in part he did away the rind of them; and when the rinds were drawn away, either shaved, whiteness appeared in these that were made bare; soothly those that were whole dwelled green, and by this manner the colour was made diverse.","èla èèna ka, yakob poro nare dadana aaj'u nèti aj'u tèlu rupa. ka na caci pakarata ka'uri aj'u sèra, tao strep-strep.","Èle èèna ka, Yakob pajꞌujꞌu ajꞌu èci nèti ajꞌu ajꞌu ajꞌu ajꞌu ajꞌu ajꞌu ajꞌu ajꞌu ajꞌu ajꞌu ajꞌu ajꞌu ajꞌu ajꞌu ajꞌu ajꞌu ajꞌu ajꞌu ajꞌu ajꞌu ajꞌu ajꞌu ajꞌu ajꞌu ajꞌu ajꞌu ajꞌu ajꞌu ajꞌu ajꞌu ajꞌu ajꞌu ajꞌu ajꞌu ajꞌu ajꞌu ajꞌu ajꞌu ajꞌu ajꞌu ajꞌu ajꞌu ajꞌu ajꞌu ajꞌu ajꞌu ajꞌu ajꞌu ajꞌu ajꞌu ajꞌu ajꞌu ajꞌu ajꞌu ajꞌu ajꞌu ajꞌu ajꞌu ajꞌu ajꞌu ajꞌu ajꞌu ajꞌu ajꞌu ajꞌu ajꞌu ajꞌu ajꞌu ajꞌu ajꞌu ajꞌu ajꞌu ajꞌu ajꞌu ajꞌu ajꞌu ajꞌu ajꞌu ajꞌu ajꞌu ajꞌu ajꞌu ajꞌu ajꞌu ajꞌu ajꞌu ajꞌu ajꞌu ajꞌu ajꞌu ajꞌu ajꞌu ajꞌu."
GEN 30:38,"and jacob put those rods in the troughs, where the water was poured out, that when the flocks should come to drink,","hèia aj'u dhu strep-strep se, na tèke asa d'ara karab'a kahib'i. badha se dhu tema le pa'ango aa paleo ètu era èèna.","Èle èèna ka, dhèu aaꞌi-aaꞌi ètu dꞌara jꞌara èmu èèna, sèna ka dhèu aaꞌi-aaꞌi bisa maso asa dꞌara jꞌara èmu èèna, sèna ka dhèu aaꞌi-aaꞌi bisa maso asa dꞌara jꞌara èmu èèna, sèna ka dhèu aaꞌi-aaꞌi bisa maso asa dꞌara jꞌara èmu èèna, sèna ka dhèu aaꞌi-aaꞌi bisa maso asa dꞌara jꞌara èmu èèna, sèna ka dhèu aaꞌi-aaꞌi bisa maso asa dꞌara èmu èmu èèna."
GEN 30:39,"they should have the rods before their eyes, and they should conceive in the sight of the rods. and it was done that in that heat of riding, or engendering, the sheep should behold those rods, and that they should bring forth spotted beasts, and diverse, and besprinkled with diverse colour.","de ladhe badha se paleo ètu madha aj'u strep-strep se, ra matana ana dhu rèu ra katèd'a dènge karata.","Sèmi èèna kahèi dènge kahibꞌi-kalèbho sèra. Rèngu ladhe rèdhi kahibꞌi-kalèbho ètu dꞌara dꞌara dꞌara jꞌajꞌèra, kahibꞌi-kalèbho sèra jꞌajꞌi kahibꞌi-kalèbho sèra. Kahibꞌi-kalèbho sèra jꞌajꞌi kahibꞌi-kalèbho sèra, kahibꞌi-kalèbho sèra jꞌajꞌi kahibꞌi-kalèbho sèra. Kahibꞌi-kalèbho sèra jꞌajꞌi kahibꞌi-kalèbho sèra. Kahibꞌi-kalèbho sèra jꞌajꞌi kahibꞌi-kalèbho sèra. Kahibꞌi-kalèbho sèra jꞌajꞌi kahibꞌi-kalèbho sèra."
GEN 30:40,"and jacob separated the flock, and put the rods in the water troughs, before the eyes of the rams. soothly all the white and the black were laban's; soothly all the others were jacob's; for the flocks were separated betwixt themselves.","ka ladhe badha laban se neo paleo, yakob patangare si asa kahib'i dhu katèd'a dènge karata sèra. hèia ana dhu ra matana sa rèu ra katèd'a dènge karata kahèi. dènge j'ara sèmi èèna ka, badha na asa ae. ka na pacèri eele si nèti badha laban sèra.","Èle èèna ka, Yakob dedꞌe kahibꞌi-kalèbho ètu dꞌara èmu èèna. Hèia na dedꞌe kahibꞌi-kalèbho ètu dꞌara èmu èèna. Kahibꞌi-kalèbho ètu dꞌara èmu èèna, kahibꞌi-kalèbho ètu dꞌara èmu èèna, kahibꞌi-kalèbho ètu dꞌara èmu èèna, kahibꞌi-kalèbho ètu dꞌara èmu èèna, kahibꞌi-kalèbho ètu dꞌara èmu èèna, kahibꞌi-kalèbho ètu dꞌara èmu èèna, kahibꞌi-kalèbho ètu dꞌara èmu èèna, kahibꞌi-kalèbho ètu dꞌara èmu èèna, kahibꞌi-kalèbho ètu dꞌara èmu èèna."
GEN 30:41,"therefore when the sheep were ridden in the first time, jacob put the rods in the water troughs before the eyes of rams, and of ewe sheep, that they should conceive in the sight of the rods.","ropa badha dhu èra neo paleo, yakob nare kadhèli aj'u dhu strep-strep sèra, tao mi d'ara karab'a ètu madha si.","Èle èèna ka, bèli-camèdꞌa dhèu rèti kahibꞌi-kalèbho ètu dꞌara jꞌara neꞌe. Èle èèna ka, bèli-camèdꞌa dhèu rèti kahibꞌi-kalèbho, kahibꞌi-kalèbho ètu dꞌara jꞌara neꞌe. Kahibꞌi-kalèbho ètu dꞌara jꞌara neꞌe, ladhe rèdhi kahibꞌi-kalèbho ètu dꞌara jꞌara neꞌe, kahibꞌi-kalèbho ètu dꞌara jꞌara neꞌe, kahibꞌi-kalèbho ètu dꞌara kahibꞌi-kalèbho ètu dꞌara kahibꞌi-kalèbho ètu dꞌara kahibꞌi-kalèbho ètu dꞌara kahibꞌi-kalèbho ètu dꞌara kahibꞌi-kalèbho ètu dꞌara kahibꞌi-kalèbho ètu dꞌara kahibꞌi-kalèbho ètu dꞌara kahibꞌi-kalèbho."
GEN 30:42,"forsooth when the late mixing, or engendering, and the last conceivings were, jacob put not those rods; and those that were late engendered, were made laban's, and those that were of the first time engendered, were jacob's.","te ngaa ladhe kahib'i dhu roe dènge malaka-god'a neo paleo, yakob soro tèke si. ka badha dhu roe, sèra unu to'o na laban. aa mia dhu èra, sèra unu nèngu.","Èle èèna ka, bèli-camèdꞌa bèli-camèdꞌa bèli-camèdꞌa bèli-camèdꞌa bèli-camèdꞌa bèli-camèdꞌa bèli-camèdꞌa bèli-camèdꞌa bèli-camèdꞌa bèli-camèdꞌa bèli-camèdꞌa bèli-camèdꞌa bèli-camèdꞌa bèli-camèdꞌa bèli-camèdꞌa bèli-camèdꞌa bèli-camèdꞌa bèli-camèdꞌa bèli-camèdꞌa bèli-camèdꞌa bèli-camèdꞌa bèli-camèdꞌa bèli-camèdꞌa bèli-camèdꞌa bèli-camèdꞌa bèli-camèdꞌa bèli-camèdꞌa bèli-camèdꞌa bèli-camèdꞌa."
GEN 30:43,"and jacob was made full rich, and had many flocks, handmaids, and menservants, camels, and asses.","dènge j'ara ne'e ne, yakob j'aj'i dhèu kaja-su'i. ka kahib'i-ka'ia na, kahib'i-kalèbho na, onta na, keled'ei na, dènge ènu na bhèni-mone, udhu sobhu-sobhu.","Lodꞌo èèna, Yakob abhu mèdha-panyau ae-ae. Nèngu abhu kahibꞌi-kalèbho, dhèu-dhèu bhèni, dhèu sabꞌa, dènge badha, dènge badha, aaꞌi-aaꞌi ra aaꞌi-aaꞌi ra dènge kahibꞌi-kalèbho aaꞌi-aaꞌi ra. Nèti èèna ka, Yakob abhu kahibꞌi-kalèbho, kahibꞌi-kalèbho, dènge kahibꞌi-kalèbho, aaꞌi-aaꞌi ra dènge kahibꞌi-kalèbho, aaꞌi-aaꞌi ra dènge kahibꞌi-kalèbho, aaꞌi-aaꞌi ra dènge kahibꞌi-kalèbho, aaꞌi-aaꞌi ra dènge kahibꞌi-kalèbho."
GEN 31:1,"after that, jacob heard the words of the sons of laban, that said, jacob hath taken away all things that were our father's, and of his chattel jacob is made rich, and noble.","ca tèka, yakob tadèngi lii padhai ana-ana laban se, aku rèngu na, kakaja-sasu'i yakob sèra, lula na kao nare aa'i mèdha-panyau ama èdhi.","Èle èèna ka, Yakob tadèngi ana-èpu Laban padhai lii, aku rèngu na, ""Sèmi neꞌe! Yakob abhu le mèdha-panyau èdhi aaꞌi-aaꞌi ra. Te ngaa nèngu abhu le mèdha-panyau nèti dhèu aae Yakob."""
GEN 31:2,"also jacob perceived the face of laban, that it was not against him as yesterday, and the third day ago,","yakob nèdhi kahèi rèhu to'o laban mare heka, aa be'a heka dènge ne, sèmi uru èèna.","Èle èèna ka, Yakob ladhe neꞌa, na, Lamatua paꞌele iie ne. Te ngaa dꞌai tèlu lodꞌo, Lamatua paꞌele iie neꞌe kahèi."
GEN 31:3,"mostly for the lord said to jacob, turn again into the land of thy fathers, and to thy generation, and i shall be with thee.","hèia lamatua peka dènge yakob, d'ai le lod'o, ho èu lèpa asa ina dènge ama mu. ja'a palere-lere dènge èu.","Nèti èèna ka, Lamatua peka dènge Yakob, aku Nèngu na, ""Èu hudꞌi lèpa hari asa rai bèi-baki èu. Èèna na Jaꞌa padꞌelo dꞌara hua iia dènge èu."""
GEN 31:4,"jacob sent, and called rachel and leah into the field, where he kept the flocks,","ka yakob hia dhèu lasi paroa rahel dènge lea, sèna ka mai paraga dènge ne ètu era ani badha, ètu d'ara mamoo.","Èle èèna ka, Yakob pua dhèu lasi paroa Rahel asa dꞌara oka."
GEN 31:5,"and he said to them, i see the face of your father, that it is not against me as yesterday, and the third day ago; but god of my father was with me.","hèia na peka dènge ra, aku nèngu na, limuri ne, ja'a ladhe-ladhe na, ama miu na rèhu na mare heka dènge ja'a. aa babe'a na mi ja'a, sèmi heka uru èèna. te ngaa ama lamatua dhu ama ku sogo-tagu èèna, palere-lere dènge ja'a.","Hèia na bꞌala si, aku nèngu na, ""Jaꞌa keꞌa kahèi, na, ama miu dꞌèi boe dꞌara jaꞌa, sama sèmi dꞌai tèlu lodꞌo neꞌe. Te ngaa aaꞌi-aaꞌi mi Ama Lamatua dènge jaꞌa."
GEN 31:6,and ye know that with all my strengths i have served your father;,"miu dua mi se me'a le, nèbhu nare sange ne'e, ja'a j'aj'i kuli ètu ama miu!","Miu meꞌa kahèi, na, jaꞌa sabꞌa aaꞌi-aaꞌi mi ama miu dènge koasa aaꞌi-aaꞌi."
GEN 31:7,"but and your father hath deceived me, and changed my meed ten times; and nevertheless god suffered not him to annoy me.","te ngaa sèmi èèna, d'ara na la'e kahèi, ka na kapod'e-kabèli taruu ja'a. ka na ub'a rui-j'aj'èra ja'a, canguru hari kèna. masi ka sèmi èèna, ama lamatua j'aga pa'èra ja'a.","Nèti èèna ka, ama miu tao jꞌara-jꞌara bhelu-katubꞌa dènge jaꞌa, hèia na bhèlu hari lii langu jaꞌa. Te ngaa Ama Lamatua soro tèke eele ne, sèna ka jꞌajꞌi dhèu bhelu-katubꞌa."
GEN 31:8,"if he said any time, diversely-coloured sheep shall be thy meed, all the sheep brought forth diversely-coloured lambs; forsooth when he said, on the contrary, thou shalt take all the white for thy meed, all the flocks brought forth white beasts;","lod'o ama miu peka na, ‘badha dhu rèu ra katèd'a sèra j'aj'i mi unu èu, ' ho ladhe lod'o badha se matana, ana dhu katèd'a hua-hua. lod'o leo hari, na peka, ‘badha dhu karata sèra, j'aj'i mi unu èu, ' ka badha se matana ana karata aa'i-aa'i.","Èle èèna ka, Ama Lamatua peka dènge ne, aku Nèngu na, ""Bèli-camèdꞌa dhèu aaꞌi-aaꞌi ra jꞌajꞌi ana kahibꞌi-kalèbho dènge kahibꞌi-kalèbho dènge kahibꞌi-kalèbho dènge kahibꞌi-kalèbho dènge kahibꞌi-kalèbho dènge kahibꞌi-kalèbho dènge kahibꞌi-kalèbho dènge kahibꞌi-kalèbho dènge kahibꞌi-kalèbho dènge kahibꞌi-kalèbho dènge kahibꞌi-kalèbho dènge kahibꞌi-kalèbho dènge kahibꞌi-kalèbho dènge kahibꞌi-kalèbho dènge kahibꞌi-kalèbho dènge kahibꞌi-kalèbho dènge kahibꞌi-kalèbho dènge kahibꞌi-kalèbho dènge kahibꞌi-kalèbho dènge kahibꞌi-kalèbho dènge kahibꞌi-kalèbho."""
GEN 31:9,"and god took away the substance of your father, and gave it to me.","ama lamatua ad'u sèmi èèna na, sèna ka nare aa'i badha-manu ama miu èèna, ho hia mi ja'a.","Nèti èèna ka, Ama Lamatua dedꞌe mèdha-panyau ama miu, ho hia jaꞌa."
GEN 31:10,"for after that the time of con-ceiving of sheep came, i raised up mine eyes, and saw in sleep males diverse, and spotty, and of diverse colours, going up on females.","ca tèka, ropa badha se paleo, ja'a kèdhi ètu d'ara nii, dhu peka na, badha mone aa'i-aa'i dhu paleo, abhu dhu katèd'a aa dhu karata hèi.","Bèli-camèdꞌa, dꞌai lodꞌo ra pamadhe kahibꞌi-kalèbho sèra, jaꞌa ladhe-leru, ka ladhe jaꞌa ladhe kèdhi dhèu bhèni dhu bhèjꞌi dènge kahibꞌi-kalèbho dènge kahibꞌi-kalèbho dhu bhèjꞌi dènge kahibꞌi-kalèbho dhu bhèjꞌi dènge kahibꞌi-kalèbho dènge kahibꞌi-kalèbho dènge kahibꞌi-kalèbho dènge kahibꞌi-kalèbho dhu bhèjꞌi dènge kahibꞌi-kalèbho dènge kahibꞌi-kalèbho dhu bhèjꞌi dènge kahibꞌi-kalèbho dhu bhèjꞌi dènge kahibꞌi-kalèbho dènge kahibꞌi-kalèbho dènge kahibꞌi-kalèbho dènge kahibꞌi-kalèbho dènge kahibꞌi-kalèbho dènge kahibꞌi-kalèbho dènge kahibꞌi-kalèbho dènge kahibꞌi-kalèbho."
GEN 31:11,"and the angel of the lord said to me in sleep, jacob! and i answered, i am ready.","ka ana pajuu lamatua nèti sorga paroa ja'a, peka na, ‘yakob! ' hèia ja'a dhaa, ‘tasamia, lamatua? '","Hèia ana pajuu Lamatua nèti sorga mai paroa jaꞌa, aku nèngu na, ""Yakobi!"" Ka jaꞌa dhaa, peka na, ""Jaꞌa dꞌai le."""
GEN 31:12,"which said, raise up thine eyes, and see all the males that be diverse, and besprinkled, and spotty, going up on the females; for i have seen all things which laban hath done to thee;","ka na lii, ‘ladhe ku laa! badha mone dhu paleo sèra, dhodhoka dhu karata dènge katèd'a di. ja'a ka ad'u sèra sa, lula ja'a dhu kèdhi le, ngaa dhu laban tao mi dedha èu.","Na lii dènge ne, aku nèngu na, ""Beꞌa risi èu ladhe-leru! Èu ladhe mèdhi dhèu bhèni-dhèu dhu dꞌèlu-mèu, dhu dꞌèlu-mèu, dhu dꞌèlu-mèu, dhu dꞌèlu-mèu, aa dhu dꞌèlu-mèu. Jaꞌa kèdhi le jꞌara aaꞌi-aaꞌi dhu Ama Lamatua tao mi èu."
GEN 31:13,"i am god of bethel, where thou anointedest a stone, and madest a vow to me. now therefore rise thou, and go out of this land, and turn again into the land of thy birth.","ja'a ne, ama lamatua, dhu pad'elo iisi mi èu ètu betel èèna. ètu era nèi, èu patitu hadhu, ka mu bhori èi mènyi ètu dedha na, ka èu sogo-tagu ja'a. ka èu pa'èki lii pajaji dènge ja'a ètu nèi. de kèd'i ka, tèke eele ka rai ne'e ne, lamu ka asa kabarai ina-ama èu. '","Jaꞌa jꞌajꞌi dhèu aaꞌi-aaꞌi nèti kota Betel. Ètu èèna, èu pake hadhu èci, sèna ka jꞌajꞌi dhèu aaꞌi-aaꞌi. Ètu èèna, èu pake hadhu èci, sèna ka jꞌajꞌi mi dedha Jaꞌa. De èu hudꞌi kèdꞌi ku, ho lèpa nèti rai-haha ne, ho lèpa asa rai-haha èu."""
GEN 31:14,"and rachel and leah answered, whether we have anything residue, or left, in the chattels, and heritage of our father?","hèia rahel dènge lea b'ala lii na, aku rèngu na, la'a ma! ji'i dènge heka pusaka ngaa-ngaa nèti ama ji'i laban.","Hèia Rahel dènge Lea dhaa, aku rèngu na, ""Aadꞌo! Jiꞌi abhu mèdha-panyau aaꞌi-aaꞌi dhu bèli-camèdꞌa jiꞌi tèke eele nèti ama jiꞌi, do, jiꞌi abhu mèdha-panyau jiꞌi?"""
GEN 31:15,"whether he areckoned not, or held, us as aliens, and sold us, and ate our price?","nèbhu nare sange ne'e, mone heka ne tao ji'i sèmi dhèu leo kara sa. na pahie eele le ji'i se. ka na'e aa'i le kab'ua-kadheli ji'i se.","do aadꞌo, do aadꞌo, do aadꞌo, do aadꞌo, do aadꞌo, do aadꞌo, do aadꞌo, do aadꞌo, do aadꞌo, do aadꞌo, do aadꞌo, do aadꞌo, do aadꞌo, do aadꞌo, do aadꞌo, do aadꞌo, do aadꞌo, do aadꞌo, do aadꞌo, do aadꞌo, do aadꞌo, do aadꞌo, do aadꞌo, do aadꞌo, do aadꞌo, do aadꞌo, do aadꞌo, do aadꞌo, do aadꞌo, do aadꞌo, do aadꞌo, do aadꞌo, do aadꞌo, do aadꞌo, do aadꞌo, do aadꞌo!"
GEN 31:16,"but god took away the riches of our father, and gave those or them to us, and to our sons; wherefore do thou all things which god hath commanded to thee.","de mèdha-panyau dhu ama lamatua nare sèra nèti ama ji'i laban, aa'i-aa'i sèra j'aj'i le unu èdhi dènge ana-ana èdhi se. de ladhe aku lamatua tasa mera mia, te'a dhoka madhutu di!","Te ngaa Ama Lamatua hia le mèdha-panyau aae jiꞌi aaꞌi-aaꞌi, ho hia jiꞌi dènge ana-ana jiꞌi aaꞌi-aaꞌi. De èu hudꞌi tao madhutu aaꞌi-aaꞌi dhu Ama Lamatua paredha èu."""
GEN 31:17-18,"forsooth jacob rose, and put his free children and wives on camels, and went forth; and he took all his cattle, flocks, and whatever thing he had gotten in mesopotamia, and went to isaac, his father, into the land of canaan.","èle èèna ka, yakob lalau mèdha-panyau na. hèia na paca'e ana-dhèu èmu na asa dedha onta lasi, aa na eo nèti badha-manu na aa'i-aa'i, dènge mèdha-panyau dhu na abhu ètu padan aram, ho lasi asa rai kana'an.","Ropa Yakob ladhe-leru, hèia na kèpe ana-ana dènge dhèu èmu-kamali na ètu dedha bèla-bèla. Hèia na lèpa dènge kahibꞌi-kalèbho na, kahibꞌi-kalèbho na, dènge aaꞌi-aaꞌi dhu na abhu ètu propensi Mesopotamia. Èle èèna ka, na lèpa lasi asa ama na, Isak, asa rai Kanaꞌan. Nèti èèna ka, Yakob dènge kahibꞌi-kalèbho na, kahibꞌi-kalèbho na, dènge aaꞌi-aaꞌi na aaꞌi-aaꞌi na aaꞌi-aaꞌi ra."
GEN 31:19,"in that time laban went to shear sheep, and rachel stole the idols of her father.","lod'o èèna, laban dhu la'e g'ute rèu kahib'i-kalèbho na. ka rahel mana'u nare patung mèdha sogo-tagu ama na.","Lodꞌo èèna, Laban laꞌe pakabꞌua kahibꞌi-kalèbho na. Te ngaa Rahel kèpe mèdha-panyau ama na."
GEN 31:20,"and jacob would not acknowledge to the father of his wives, that he would flee;",aa yakob si lasi palangu boe lii dènge to'o na.,"Te ngaa Yakob dꞌèi boe padhai lii dènge ama dhèu èmu-kamali na, sèna ka na rai eele nèti dꞌara èmu na, sèna ka jꞌajꞌi dhèu aaꞌi-aaꞌi dhu jꞌajꞌi dhèu aaꞌi-aaꞌi ètu dꞌara èmu-kamali na, sèna ka jꞌajꞌi dhèu aaꞌi-aaꞌi dhu jꞌajꞌi dhèu aaꞌi-aaꞌi dhu jꞌajꞌi dhèu aaꞌi-aaꞌi dhu jꞌajꞌi dhèu aaꞌi-aaꞌi dhu jꞌajꞌi dhèu aaꞌi-aaꞌi dhu jꞌajꞌi dhèu aaꞌi-aaꞌi."
GEN 31:21,"and when he had gone, as well he as all things that were of his right, and when he had passed over the water, and he went against the hill of gilead,","na bau nèti aa'i mèdha-panyau na, ka ra kako pamèri-mèri, lasi re loko efrat, asa ledhe gilead.","Èle èèna ka, dhèu sabꞌa ètu sebhe gꞌana na lèpa hari asa cabèka dhasi. Èle èèna ka, dhèu sabꞌa ne lèpa hari asa cabèka dhasi. Èle èèna ka, dhèu sabꞌa ne lèpa hari asa cabèka ledhe èci, èci èèna ka dènge ledhe èci, èci èèna ka dènge ledhe èci, èci èèna ka dènge ledhe èci, èci èèna ka dènge ledhe èci, èci èèna ka dènge ledhe èci, èci èèna ka dènge ledhe èci, èci èèna ka dènge ledhe èci, èci èci èèna ka dènge ledhe èci, èci èci èèna ka dènge ledhe èci, èci èci èèna ka dènge ledhe Gilead."
GEN 31:22,"it was told to laban, in the third day, that jacob fled.","rarai yakob si èèna d'ai tèlu lod'o ku, heka laban ne'a kèna.","dꞌai tèlu lodꞌo, Lamatua peka dènge Laban, na, Yakob laꞌe laꞌe."
GEN 31:23,"and laban took his brethren with him, and pursued him seven days, and over took him in the hill of gilead.","hèia laban oru nare ka dhèu-dhèu na, lasi bate yakob si. d'ai pidhu lod'o ku, heka ra paraga dènge si ètu ledhe gilead.","Èle èèna ka, Laban laꞌe tenge aꞌari na, ho ra tenge-tenge ne, toke dꞌai pèri lodꞌo. Èle èèna ka, Laban laꞌe tenge-tenge ne, toke dꞌai pèri lodꞌo, toke dꞌai hèbꞌa ètu propensi Gilead."
GEN 31:24,"and laban saw in sleep the lord saying to him, beware that thou speak not anything sharply against jacob.","ka d'ara mèda èèna, lamatua pad'elo iisi na mi laban ètu d'ara nii. na peka na, laban! ladhe èu padhai lii dènge yakob, j'aga paie hèb'a èu na.","Èle èèna ka, Laban ladhe abhu Lamatua dhu peka dènge ne, aku nèngu na, ""Ladhe èu padhai lii sèmi èèna, èu baku padhai lii sèmi èèna dènge Yakob."""
GEN 31:25,"and then jacob had stretched forth the tabernacle in the hill; and when laban had pursued jacob with his brethren, laban set a tent in the same hill of gilead;","mèda èèna, yakob si dhu patitu paleo ètu ledhe gilead. aa laban si patitu unu ra kaj'èu boe nèti era èèna kahèi.","Èle èèna ka, Yakob tao hèbꞌa ètu ledhe èèna. Èle èèna ka, Laban tèke eele Yakob dènge ari na ètu ledhe èèna, ka tao hèbꞌa ètu ledhe èèna, ètu ledhe Gilead."
GEN 31:26,"and he said to jacob, why hast thou done so, that the while i knew not, thou wouldest drive away my daughters as captives, either taken prisoners, by sword?","èle ka, laban mai paraga dènge yakob. hèia na lii, aku nèngu na, nga tao ka, èu rai mèti ana bhèni ja'a se, dènge boe lii ugu-ge'e sa hèi? mu tao si sèmi dhèu dhu èu segi ètu d'ara papara-pakèj'i.","Hèia na peka dènge Yakob, aku nèngu na, ""Nga tao ka èu tao sèmi èèna? Jaꞌa tadhe boe, na, èu neo tèke eele ana bhèni jaꞌa sèra, sèna ka jꞌajꞌi dhèu bèdho. Aa èu neo tèke eele ana bèdho jaꞌa sèra, sèna ka jꞌajꞌi dhèu bèdho!"""
GEN 31:27,"why wouldest thou flee the while i knew not, neither wouldest show to me, that i should pursue or follow thee with joy, and songs, and tympans, and harps?","èu ne ad'a aad'o, palangu boe sa hèi dènge ja'a! ladhe èu peka dènge ja'a be'a-be'a, ele boe ja'a tao sisi-kau, ho ta'a-tinu boko-boko, ho lere miu dènge lii sod'a, heka ji'i patabuli miu kèna.","Nga tao ka èu pangee, na, èu pangee, na, èu pangee, na, èu pangee, na, èu pangee, na, èu pangee, na, èu pangee, na, èu pangee, na, èu pangee, na, èu pangee, na, èu pangee, na, èu pangee, na, èu pangee, na, èu pangee, na, èu pangee, na, èu pangee, na, èu pangee, na, èu pangee, na, èu pangee, na, èu pangee, na, èu pangee, na, èu pangee, na, èu pangee, na, èu pangee, na, èu pangee, na, èu pangee, èu pangee, na, èu pangee, èu pangee, na, èu pangee, na, èu pangee, na, èu pangee, na, èu pangee, èu pangee, na, èu pangee, na, èu pangee!"
GEN 31:28,thou sufferedest not that i should kiss my sons and daughters; thou hast wrought follily.,"sasala èu èci hari ka, èu hia boe ja'a uu ana-èpu ja'a hèi. tatao èu ne goa titu kèna!",Èu dꞌèi boe Jaꞌa jꞌajꞌi ana-ana jaꞌa. Èu tao madhutu dadꞌèi Jaꞌa.
GEN 31:29,"and now soothly mine hand may yield evil to thee, but the god of thy father said to me yesterday, beware that thou speak not any hard thing with jacob.","carui boe, ladhe ja'a ne neo paj'èra èu! te ngaa malo-malo ka mèda-mèda na, ama lamatua dhu ama mu sogo-tagu èèna, kai ja'a peka na, ladhe ja'a padhai lii dènge èu, ja'a hud'i j'aga paie-iie ku hèb'a ja'a.","Sèmi èèna kahèi, ladhe jaꞌa neo jꞌajꞌi dhèu bhelu-katubꞌa èu, na, jaꞌa neo jꞌajꞌi dhèu bhelu-katubꞌa èu. Te ngaa Ama Lamatua ka dhu peka dènge jaꞌa, na, 'Èu baku padhai lii dènge Yakob, sèna ka jꞌajꞌi dhèu bhelu-katubꞌa.' """
GEN 31:30,"suppose, if thou covetedest to go to thy kinsmen, and the house of thy father was in desire to thee, why hast thou stolen my gods?","mema, ja'a dhu ke'a le, èu pakèd'i lula èu dhu neo le lèpa. te ngaa tasamia ka, èu mana'u mèti patung mèdha sogo-tagu ja'a?","Jaꞌa pangee, na, èu dꞌèi laꞌe asa aꞌari èu. Aa èu dꞌèi laꞌe asa aꞌari èu. De nga tao ka èu manaꞌu suku jaꞌa sèra?"""
GEN 31:31,"jacob answered, that i went forth while thou knewest not, i dreaded lest thou wouldest take away thy daughters from me violently;","hèia yakob b'ala, aku nèngu na, to'o baku nasa ku dènge ja'a! ja'a pakèd'i mau-mau èèna, lula ja'a mage dhoka mo'o boe ja'a kèti ana-ana se!","Èle èèna ka, Yakob dhaa, aku nèngu na, ""Jaꞌa lèpa dènge èu, te ngaa jaꞌa madhaꞌu, na, èu bisa boe paꞌele iie ana bhèni èu nèti jaꞌa."
GEN 31:32,"soothly that thou reprovest me of theft, at whomever thou findest thy gods, be he slain before our brethren; seek thou, whatever thing of thine thou findest at me, and take it away. jacob said these things, and knew not that rachel had stolen the idols.","te ngaa yakob dhu ne'a nare boe, na dhèu èmu na rahel ka dhu mana'u nèti. ka na lii, aku nèngu na, to'o! mèdha sogo-tagu èèna, mu tenge ne! ladhe mèdhi ètu cee, huku pamadhe ne. parisa aa'i mèu-mèu. ladhe abhu kahèi pusaka to'o dhu leo, more aa'i si. hud'i laa, dhèu se'e se j'aj'i sakasii.","Ladhe èu paraga dènge jaꞌa, na, jaꞌa manaꞌu mèdha-panyau èu. Ladhe èu paraga dènge aꞌari èdhi, na, jaꞌa manaꞌu mèdha-panyau èu sèra. Ladhe èu paraga dènge jaꞌa, na, jaꞌa manaꞌu mèdha-panyau èu sèra. Ladhe èu parluu mèdha-panyau èu sèra, na, èu hudꞌi pamadhe ne ètu madha èdhi aaꞌi-aaꞌi ra."" Te ngaa Yakob dhu padhai lii sèmi èèna, te ngaa neꞌa boe, na, Rahel ka dhu manaꞌu mèdha-panyau èèna."
GEN 31:33,"and so laban entered into the tabernacles of jacob, and of leah, and of ever either menial, and he found not; and when laban had entered into the tent of rachel,","hèia laban la'e parisa ka asa d'ara paleo se èci-èci. na la'e uru asa d'ara paleo yakob. èle ka, la'e asa d'ara paleo lea. èle ka, la'e asa d'ara paleo ènu se dua ra. te ngaa abhu boe ngaa-ngaa. paleo rahel limuri tèka.","Èle èèna ka, Laban maso asa dꞌara èmu Yakob. Te ngaa Lamatua maso asa dꞌara èmu Yakob. Te ngaa Laban maso asa dꞌara èmu Rahel."
GEN 31:34,"she hasted, and hid the idols under the strewings of the camel, and she sat above.","te ngaa rahel dhu huni le mèdha sogo-tagu sèra ètu d'ara lalaka onta. ka na madhèdi ètu dedha. d'ai d'ara paleo ne, laban tenge paie-iie, te ngaa na rage boe.","Èle èèna ka, bhèni ne dènge kapai, laꞌe kèpe mèdha-panyau na ètu dꞌara bèdho na, hèia na madhèdi ètu dꞌara bèdho na."
GEN 31:35,"and she said to laban, seeking throughout all the tent, and finding nothing, my lord, be not wroth that i may not rise before thee, for it befelled now to me by the custom of women; so the busyness of the seeker was scorned.","hèia rahel peka dènge ama na, aku nèngu na, ama mage mu nasa kahèi. te ja'a bisa boe titu, lula ja'a abhu hèru. masi ka sèmi èèna, laban tenge taruu, te ngaa abhu boe mèdha sogo-tagu sèra.","Hèia na lii, aku nèngu na, ""Sèmi neꞌe! Jaꞌa neo tenge ètu dꞌara dꞌara èmu, te ngaa jaꞌa abhu boe ngaa-ngaa ètu madha èmu èèna. Jaꞌa neo tenge jꞌara neꞌe, te jaꞌa abhu heka jꞌara neꞌe, nuka sèmi dhèu bhèni. Nèti èèna ka, jaꞌa neo tenge jꞌara neꞌe, te ngaa jaꞌa abhu boe ngaa-ngaa ètu madha èmu èèna."" Hèia dhèu aaꞌi-aaꞌi reꞌa, na, dhèu aaꞌi-aaꞌi bisa boe tenge jꞌara neꞌe. Nèti èèna ka, dhèu aaꞌi-aaꞌi tenge jꞌara neꞌe, sèna ka dhèu aaꞌi-aaꞌi bisa boe tenge jꞌara neꞌe."
GEN 31:36,"and jacob swelled, and said with strife, for what cause of me, and for what sin of me, hast thou come so fiercely after me,","ka yakob nasa, hèia na pajèka dènge laban, aku nèngu na, ja'a ne tao bhelu ngaa mi to'o? ka to'o mai bate ja'a, sèmi dhu ja'a ne, dhèu bhelu-katub'a sa!","Ropa Yakob tadèngi lii padhai na, ka na padhai lii, aku nèngu na, ""Ama! Nga tao ka jaꞌa tao sala? Nga tao ka èu madhutu jaꞌa sèmi èèna?"
GEN 31:37,"and hast sought through all the appurtenance of mine house? what hast thou found of all the chattel of thine household? put thou here before my brethren and thy brethren, and deem they betwixt me and thee.","mèdha-panyau ja'a, to'o ceb'e eele si. de mu abhu ngaa? more ka mai tèke mi madha ne, sèna ka aa'i-aa'i ti tèdhi. aa hud'i laa, dhèu se'e ka dhu pama'ète mèdha èèna unu cee.","Èu ladhe-leru ètu èmu jaꞌa aaꞌi-aaꞌi, do? Nga tao ka èu ladhe-leru èmu èu aaꞌi-aaꞌi ètu èèna? Jaꞌa manèngi sèna ka èu hia aꞌari jaꞌa dènge aꞌari èu ètu neꞌe, sèna ka rèngu padhai lii dènge jaꞌa dènge èu."""
GEN 31:38,"was i not with thee therefore twenty years? thy sheep and goats were not barren, i ate not the rams of thy flock,","dua nguru tèu kèna, ja'a sab'a kuli mi to'o. lod'o ja'a madhenga badha-manu to'o, ci'u sa legu boe. aa ku'a kèdhi boe ci'u sa hèi!","Èle èèna ka, lodꞌo jaꞌa ètu neꞌe dua nguru tèu, jaꞌa pakaboko boe dènge kahibꞌi-kalèbho ètu neꞌe. Jaꞌa pakaboko boe dènge kahibꞌi-kalèbho ètu neꞌe, aa jaꞌa pakaboko boe dènge kahibꞌi-kalèbho ètu neꞌe, aa jaꞌa pakaboko boe dènge kahibꞌi-kalèbho ètu neꞌe, aa jaꞌa pakaboko boe dènge kahibꞌi-kalèbho ètu neꞌe, aa jaꞌa pakaboko boe dènge kahibꞌi-kalèbho ètu neꞌe."
GEN 31:39,"neither i showed to thee anything taken of a beast; i yielded all the harm; whatever thing perished by theft, thou askedest of me;","ladhe badha hui-hahi hui, kadhi pamadhe badha to'o ci'u, ja'a peka boe, te ngaa ja'a gati. aa ladhe dhèu mana'u, to'o pua ja'a gati, masi ka ja'a sala boe.","Jaꞌa peka dènge èu, na, jaꞌa neo boe hia èu mèdha-panyau nèti badha. Jaꞌa neo hia èu mèdha-panyau nèti badha, do? Jaꞌa neo hia èu mèdha-panyau nèti badha, do? Jaꞌa neo hia èu mèdha-panyau nèti badha, do? Jaꞌa neo hia èu mèdha-panyau nèti badha, do? Jaꞌa neo hia èu mèdha-panyau nèti badha, do? Jaꞌa neo hia èu mèdha-panyau nèti badha, do? Jaꞌa neo hia èu mèdha-panyau nèti badha."
GEN 31:40,"i was anguished in day and night with heat and frost, and sleep fled from mine eyes;","ladhe re mèu, madha lod'o ai pamango ja'a. aa ladhe mèda, ja'a maringi rig'i-rig'i. ja'a pasaruru boe ciki sa, toke mèu rai, lula madhenge badha-manu to'o.","Bèli-bèli èèna, bèli-bèli èèna, bèli-bèli èèna, bèli-bèli èèna, bèli-bèli èèna, bèli-bèli èèna, bèli-bèli èèna, bèli-bèli èèna, bèli-bèli èèna, bèli-bèli èèna, bèli-bèli èèna, bèli-bèli èèna, bèli-bèli èèna, bèli-bèli èèna, bèli-bèli èèna, bèli-bèli èèna, bèli-bèli ètu dꞌara jaꞌa."
GEN 31:41,"so i served thee by twenty years in thine house, fourteen years for thy daughters, and six years for thy flocks; and thou changedest my meed ten times.","mema tare'a, dua nguru tèu èèna! ja'a sab'a canguru èpa tèu, sèna ka abhu ana bhèni to'o, dhèu dua se. ka ja'a sab'a hari èna tèu, sèna ka ja'a unu badha-manu se'e. j'aj'i kuli nèbhu nare sange èèna, te ngaa to'o pakura rui-j'aj'èra ja'a d'ai canguru hari.","Èle èèna ka, jaꞌa sabꞌa ètu dꞌara èmu ama dua nguru tèu. Èle èèna ka, jaꞌa sabꞌa ètu dꞌara èmu ama. Èle èèna ka, jaꞌa sabꞌa ètu dꞌara èmu ama. Èle èèna ka, jaꞌa sabꞌa ètu dꞌara kahibꞌi-kalèbho èu. Aa ètu dꞌara kahibꞌi-kalèbho èu, ètu dꞌara kahibꞌi-kalèbho èu, ètu dꞌara kahibꞌi-kalèbho èu, ètu dꞌara kahibꞌi-kalèbho èu."
GEN 31:42,"but if the god of my father abraham, and the dread of isaac had not helped me, peradventure now thou haddest left me naked; the lord hath beheld my tormenting and the travail of mine hands, and reproved thee yesterday.","malo-malo ka, dènge ama lamatua, dhu baki ku abraham, dènge ama ku isak, dhu sogo-tagu ne. ladhe na leru boe ja'a ne, ele boe to'o hia ja'a lèpa dènge ai hua da'u-da'u. te ngaa ama lamatua dhu pa'abhe boe musi madha na mi j'aj'èra ja'a, aa na tao madha-dhilu mi sasab'a-la'a ja'a aa'i-aa'i. nèti èèna ka, mèda deo na, na mai kai to'o, sèna ka baku lii sakaa dènge ja'a.","De ladhe Ama Lamatua dhu jꞌajꞌi dhèu aaꞌi-aaꞌi, nuka Ama Lamatua dhu jꞌajꞌi dhèu aaꞌi-aaꞌi, nuka Ama Lamatua dhu jꞌajꞌi dhèu aaꞌi-aaꞌi, nuka Ama Lamatua dhu jꞌajꞌi dhèu aaꞌi-aaꞌi, aa Ama Lamatua dhu jꞌajꞌi dhèu aaꞌi-aaꞌi dhu jꞌajꞌi dhèu aaꞌi-aaꞌi, dhu jꞌajꞌi dhèu aaꞌi-aaꞌi mi Abraham, aa Isak jꞌajꞌi dhèu aaꞌi-aaꞌi dhu jꞌajꞌi dhèu aaꞌi-aaꞌi mi dhèu aaꞌi-aaꞌi. Te ngaa limuri ne, Lamatua ladhe nèdhi le jꞌajꞌi dhèu aaꞌi-aaꞌi dhu jꞌajꞌi dhèu aaꞌi-aaꞌi."""
GEN 31:43,"laban answered to jacob, the daughters, and the sons, and the flocks, and all things which thou seest, be mine; what may i do to my sons, and to the sons of my sons?","ropa nanene nare lii padhai yakob, ka laban dhaa, aku nèngu na, sèmi ne'e! bhèni dua se, ana ja'a. ana dhu ra matana se, aa'i-aa'i ra èpu ja'a. badha-manu aa'i-aa'i se, unu ja'a. aa'i-aa'i dhu èu ladhe mèdhi ètu se'e se, unu ja'a. te ngaa ja'a neo tao si, tasamia? ja'a bisa boe magee si.","Hèia Laban dhaa, aku nèngu na, ""Dhèu aaꞌi-aaꞌi se, aaꞌi-aaꞌi ra, dènge kahibꞌi-kalèbho jaꞌa. De jaꞌa bisa tao ngaa mi ana-èpu jaꞌa, dènge ana-èpu jaꞌa?"""
GEN 31:44,"therefore come thou, and make we bond of peace, that it be a witnessing betwixt me and thee.","de be'a risi, èdhi dua ti pa'èki lii pajaji. sèna ka lii pajaji èèna ka dhu èki èdhi dua ti.","Nèti èèna ka, èu hudꞌi jꞌajꞌi dhèu paꞌèra dꞌara èci dènge èci, sèna ka jꞌajꞌi dhèu èci dènge èci, ho jꞌajꞌi dhèu èci, ho jꞌajꞌi dhèu èci dènge èci, ho jꞌajꞌi dhèu èci, ho jꞌajꞌi dhèu èci dènge èci, ho jꞌajꞌi dhèu èci, ho jꞌajꞌi dhèu èci, ho jꞌajꞌi dhèu èci dènge èci, ho jꞌajꞌi dhèu èci, ho jꞌajꞌi dhèu èci, ho jꞌajꞌi dhèu èci dènge èci, ho jꞌajꞌi dhèu èci, ho jꞌajꞌi dhèu èci, ho jꞌajꞌi dhèu èci dènge èci, ho jꞌajꞌi dhèu èci, ho jꞌajꞌi dhèu paꞌajꞌi dhèu èci dènge èci dènge èci dènge èci dènge èci dènge èci, sèmi èci dènge èci dènge èci."""
GEN 31:45,"and so jacob took a stone, and raised it into a title, either a sign,","hèia yakob nare ka hadhu aae cue, na patitu ètu èèna, sèna ka j'aj'i mi tadha.","Èle èèna ka, Yakob nare hadhu èci, hèia na dedꞌe hadhu èèna, ho jꞌajꞌi mèdha-papake, sèna ka jꞌajꞌi mèdha-papake, aa jꞌajꞌi mèdha-papake, sèna ka jꞌajꞌi mèdha-papake, aa jꞌajꞌi mèdha-papake, sèna ka jꞌajꞌi mèdha-papake, aa jꞌajꞌi mèdha-papake, sèna ka jꞌajꞌi mèdha-papake, sèna ka jꞌajꞌi mèdha-papake, sèna ka jꞌajꞌi mèdha-papake, sèna ka jꞌajꞌi mèdha-papake, sèna ka jꞌajꞌi mèdha-papake, sèna ka jꞌajꞌi mèdha-papake."
GEN 31:46,"and said to his brethren, bring ye stones; which gathered, and made an heap, and ate on it.","hèia yakob pua dhèu sab'a na, lasi udhu hadhu. ka ra madhèdi ra'a-rinu ètu era èèna, padètu dènge hadhu sèra.","Hèia Yesus peka dènge ana madhutu Na, aku Nèngu na, ""Miu mai hia jaꞌa hadhu sèra."" Hèia ana madhutu Na sèra pake hadhu sèra, ho raꞌa."
GEN 31:47,"and laban called it the heap of witness, and jacob called it the heap of witnessing; ever either called it by the property of his language.","hèia laban pangare hadhu udhu sèra, yegar sahaduta. te ngaa yakob pangare na, galeed.","Èle èèna ka, Laban paroa ne, 'Dhèu Manèngi-Mangajꞌi'. Te ngaa Yakob paroa ne, 'Dhèu Manèngi-Mangajꞌi.' Aa Yakob paroa ne, 'Dhèu Manèngi-Mangajꞌi.'"
GEN 31:48,"and laban said, this heap shall be witness betwixt me and thee today, and therefore the name thereof was called galeed, that is, the heap of witness.","ka laban padhai lii, aku nèngu na, hadhu udhu se, j'aj'i sakasii mi èdhi dua ti. nèti èèna ka, era èèna ngara na, galeed.","Hèia Laban dhaa, aku nèngu na, ""Dhèu neꞌe neꞌe ne, jꞌajꞌi sakasii ètu talora jaꞌa dènge èu."" Nèti èèna ka, ra pangare jꞌara ne, 'Galeed'."
GEN 31:49,"and laban added, the lord behold, and deem betwixt us, when we shall go away from you;","laban pangare kahèi era èèna, mispa dhu sasoa na ‘era j'aga dhu dedha', lula na peka na, pe èèna na, lamatua ka dhu j'aga èdhi dua ti, ho masi ka dua ti pakaj'èu, baku kako eele lii pajaji ne.","Hèia Paulus dhaa, aku nèngu na, ""Ladhe jiꞌi lèpa, Ama Lamatua neꞌa le, na, jiꞌi aaꞌi-aaꞌi jiꞌi aaꞌi-aaꞌi."""
GEN 31:50,"if thou shalt torment my daughters, and if thou shalt bring in other wives on them, none is witness of our word, except god, which is present, and beholdeth.","ladhe èu tao karehe ana ja'a se, do leo-èmu dènge bhèni leo hari, tatu ja'a ke'a boe. te ngaa mu sanèd'e! ama lamatua ka dhu j'aj'i sakasii mi èdhi dua ti.","ladhe èu tao jꞌajꞌèra ana-ana bhèni jaꞌa sèra, aa ladhe èu tao jꞌajꞌèra ana-ana bhèni jaꞌa sèra, sèna ka dhèu aaꞌi-aaꞌi bisa tadèngi lii padhai jiꞌi. Te Ama Lamatua èèna ka dhu tadèngi lii padhai jiꞌi."""
GEN 31:51-52,"and again laban said to jacob, lo! this heap, and the stone, or the pillar, which i have raised betwixt me and thee, shall be witnesses; soothly this heap, and the stone be into witnessing, forsooth if i shall pass it, and go to thee, either thou shalt pass it, and think to do evil to me.","èu ladhe ku hadhu dhu patitu ne, dènge hadhu dhu udhu se. sanèd'e, hadhu se'e ka dhu j'aj'i mi too dènge lane. èu bisa boe kako seli hadhu se, ho tao bhelu mi ja'a. aa ja'a kahèi bisa boe kako seli hadhu se, ho tao bhelu mi èu.","Èle èèna ka, Laban peka hari dènge Yakob, aku nèngu na, ""Ladhe jaꞌa pajꞌujꞌu hadhu ne, na, jaꞌa dedꞌe hadhu ne, sèna ka jꞌajꞌi kacui-aai mi èu dènge jaꞌa. Ladhe jaꞌa jꞌajꞌi hadhu ne, na, jaꞌa jꞌajꞌi hadhu ne, na, èu jꞌajꞌi hadhu ne, ho jꞌajꞌi dhèu jꞌajꞌi dhèu jꞌajꞌi dhèu jꞌajꞌi dhèu jꞌajꞌi dhèu jꞌajꞌi dhèu jꞌajꞌi dhèu jꞌajꞌi dhèu jꞌajꞌi dhèu jꞌajꞌi dhèu jꞌajꞌi dhèu jꞌajꞌi dhèu jꞌajꞌi dhèu jꞌajꞌi dhèu jꞌajꞌi dhèu jꞌajꞌi dhèu jꞌajꞌi dhèu jꞌajꞌi dhèu jꞌajꞌi dhèu jꞌajꞌi dhèu jꞌajꞌi dhèu jꞌajꞌi dhèu jꞌajꞌi dhèu jꞌi dhèu jꞌajꞌi dhèu jꞌajꞌi dhèu jꞌajꞌi dhèu jꞌajꞌi dhèu jꞌajꞌi dhèu jꞌajꞌi dhèu jꞌajꞌi dhèu jꞌajꞌi dhèu jꞌajꞌi dhèu jꞌajꞌi dhèu jꞌajꞌi jꞌajꞌi dhèu jꞌajꞌi dhèu jꞌajꞌi dhèu jꞌajꞌi jꞌajꞌi dhèu jꞌajꞌi jꞌajꞌajꞌi dhèu j"
GEN 31:53,"god of abraham, and god of nahor, the god of the father of them, deem betwixt us. therefore jacob swore by the dread of his father isaac;","dua ti pa'èki lii pajaji ne, dènge kolongara ama lamatua nèti bèi-baki èdhi. nuka ama lamatua nèti baki mu abraham dènge baki ja'a nahor. nèngu èèna ka, dhu j'aj'i hakim, sèna ka pama'ète lii èdhi dua ti. ropa nanene nare, hèia yakob j'oka soo-subha dènge kolongara ama lamatua, dhu ama na isak sogo-tagu.","Ama Lamatua èèna, nuka Ama Lamatua. Ama Lamatua èèna, nuka Ama Lamatua. Ama Lamatua èèna, nuka Ama Lamatua. Ama Lamatua èèna, nuka Ama Lamatua. Ama Lamatua èèna, nuka Ama Lamatua nèti Abraham. Ama Lamatua èèna, nuka Ama Lamatua nèti Abraham. Ama Lamatua èèna, nuka Ama Lamatua nèti Abraham. Ama Lamatua èèna, nuka Ama Lamatua nèti Abraham. Lamatua neꞌe ka dhu jꞌajꞌi mi èdhi dua ra."""
GEN 31:54,"and when slain sacrifices were offered in the hill, jacob called his brethren to eat bread, and when they had eaten, they dwelled there.","èle èèna ka, yakob roro badha, ho j'aj'i mi korban hia mi lamatua ètu ledhe èèna. hèia na paroa dhèu aa'i-aa'i mai ra'a-rinu pa'èci, ka ra beke d'ai lod'o rea.","Èle èèna ka, Yakob maso asa ledhe èci. Ka na paroa aꞌari na, ho raꞌa-rinu. Èle èèna ka, ra pea ètu èèna."
GEN 32:1,"forsooth jacob went forth in the way in which he began, and the angels of the lord met him.","èle èèna ka, yakob si kako taruu. hèia ana pajuu lamatua nèti sorga sèra mai paraga dènge ne.","Èle èèna ka, Yakob kako laꞌe. Hèia ana pajuu Lamatua nèti sorga mai paraga dènge ne."
GEN 32:2,"and when he had seen them, he said, these be the castles of god; and he called the name of that place mahanaim.","ropa ladhe nèdhi si, na lii, aku nèngu na, era ne'e ne, sèmi era ae sordad'u lamatua! nèti èèna ka, era èèna na pangare na, mahanaim dhu sasoa na ‘dua era ae iisi'.","Ropa na ladhe nèdhi, hèia na peka, aku nèngu na, ""Dhèu aaꞌi-aaꞌi se, dhèu aaꞌi-aaꞌi."" Nèti èèna ka, na paroa èèna, ""Dhèu aaꞌi-aaꞌi se, dhèu aaꞌi-aaꞌi se, dhèu aaꞌi-aaꞌi se, dhèu aaꞌi-aaꞌi se, dhèu aaꞌi-aaꞌi se, dhèu aaꞌi-aaꞌi se, dhèu aaꞌi-aaꞌi se, dhèu aaꞌi-aaꞌi ra."" Ka ra pangare ne, ""Dhèu aaꞌi-aaꞌi!"""
GEN 32:3,"soothly jacob sent before him also messengers to esau, his brother, into the land of seir, in the country of edom;","ka yakob pua dhèu na pèri-pèri lasi uuru asa rai edom nuka seir, sèna ka lasi peka dènge a'a na esau, ho ne'a mamai na.","Èle èèna ka, Yakob pua dhèu lasi paraga dènge aꞌari na, Esau, asa rai Seir, ètu rai Edom."
GEN 32:4,"and he commanded to them, and said, thus speak ye to my lord esau, thy brother jacob saith these things, i have been a pilgrim at laban, and i was till into this present day;","hèia yakob peka dènge si, aku nèngu na, lami peka dènge a'a ku esau, sèmi ne'e: ‘lamatua esau! ènu mu yakob, hia ji'i ngèti lii karej'e-karae mi a'a na. peka na, karèi nèti ja'a pakèd'i, toke sange ne'e ne, ja'a pea ètu d'ara èmu to'o laban.","Hèia na paredha si, aku nèngu na, ""Miu hudꞌi peka dènge angalai jaꞌa, Esau, sèmi neꞌe ka: Yakob, aꞌari èu, peka na, 'Jaꞌa pea ètu rai-haha ne, toke dꞌai sange neꞌe."
GEN 32:5,"i have oxen, and asses, and sheep, and menservants, and handmaids, and i send now a message to my lord, that i find grace in thy sight.","limuri ne, ènu lamatua na dènge le unu sapi, keled'ei, rupa-rupa kahib'i, dènge ènu bhèni-mone. ja'a hia uru dhèu se'e dhiu, ho peka dènge a'a ku, mamai ja'a ne. ja'a sanao sèna ka a'a ku sèmi ja'a dènge d'ara kateme. ' èle ka dhèu se lasi.","Jaꞌa dènge sapi, kahibꞌi-kalèbho, dènge kahibꞌi-kalèbho, dènge ana bhèni jaꞌa. De jaꞌa pua dhèu lasi paraga dènge aꞌari jaꞌa, sèna ka Ama padꞌelo dꞌara hua iia Na mi jaꞌa."
GEN 32:6,"and the messengers turned again to jacob, and said, we came to esau, thy brother, and lo! he hasteth him into thy coming, with four hundred men.","ropa dhèu se lèpa hari mai, ra lolo dènge yakob, aku rèngu na, ji'i paraga le dènge a'a mu esau. nuka na mai re limuri nèi, dènge dhèu na èpa ngasu dhèu mone, neo mai paraga dènge èu.","Èle èèna ka, ana pajuu se lèpa hari asa Yakob, ka ra peka, aku rèngu na, ""Ama! Èdhi mai paraga dènge aꞌari èu, Esau. Nèngu neo lèpa hari asa èu, dènge dhèu èpa nguru dhèu."""
GEN 32:7,"jacob dreaded greatly, and he was afeared, and he parted the people that was with him, and he parted the flocks, and sheep, and oxen, and camels, into two companies;","ropa na tadèngi nare, sangasa yakob rèbha-rèbha, aa na madha'u ae. ka na hag'e eele dhèu na dènge badha-manu j'aj'i mi dua kaboko.","Èle èèna ka, dhèu aaꞌi-aaꞌi dhu madhutu ne madhaꞌu aaꞌi-aaꞌi. Hèia na pamaꞌète rare kahibꞌi-kalèbho, dènge kahibꞌi-kalèbho, dènge kahibꞌi-kalèbho, dènge kahibꞌi-kalèbho, jꞌajꞌi dhèu dua."
GEN 32:8,"and he said, if esau shall come to one company, and shall smite it, the other company which is left unsmitten, shall be saved.","na pangee, ladhe esau mai, ho na age kaboko dhu uru, na kaboko dhu limuri bisa rai, tenge sod'a.","Na peka hari, aku Nèngu na, ""Ladhe ana pajuu èci laꞌe paraga dènge ana pajuu èci, te ngaa ana pajuu èci èèna, bèli-camèdꞌa Lamatua hia ne mamuri, te ngaa dhèu aaꞌi-aaꞌi dhu pajuu ètu dꞌara pajuu èèna, bèli-camèdꞌa Lamatua hia ne mamuri, te ngaa dhèu aaꞌi-aaꞌi dhu pajuu ètu dꞌara pajuu èèna, bèli-camèdꞌa Lamatua hia ne mamuri, te ngaa dhèu aaꞌi-aaꞌi dhu pajuu ètu dꞌara pajuu èèna, bèli-camèdꞌa Lamatua hia ne mamuri."
GEN 32:9,"and jacob said, o! god of my father abraham, and god of my father isaac, o! lord, that saidest to me, turn thou again into thy land, and to the place of thy birth, and i shall do well to thee,","hèia yakob manèngi-mangaj'i, aku nèngu na, ama lamatua! èu j'aj'i lamatua nèti baki ja'a abraham, aa nèti ama ku isak. nanene ku lii manèngi ja'a la! uru èèna, lamatua ka dhu hia ja'a lèpa asa a'ari ja'a, ètu kabarai ne'e. lamatua ka dhu moa tèke, peka na pe lamatua uri pamola j'ara.","Èle èèna ka, Yakob manèngi, aku nèngu na, ""Ama Lamatua, ee! Ama Lamatua èèna ka dhu peka dènge jaꞌa, aku nèngu na, 'Ladhe sèmi èèna, èu hudꞌi laꞌe asa rai èu, ho jaꞌa padꞌelo dꞌara hua iia dènge èu.'"
GEN 32:10,"i am less than all thy merciful doings, and than thy truth which thou hast ful filled to thy servant; with my staff i passed over this jordan, and now i go again with two companies;","ja'a ne madhutu mola-mola na, bisa boe abhu sasue dènge mamako lamatua. uru èèna, lod'o ja'a pège loko yarden, ja'a kèti dhoka tatea di. te ngaa limuri ne, ja'a lèpa kèti dènge dhèu dua nau, aa dènge badha-manu ae.","Jaꞌa kèpe boe dꞌara jaꞌa, ho laꞌe asa cabèka loko Yarden. Te ngaa limuri ne, jaꞌa lèpa hari dènge ajꞌu jaꞌa. Jaꞌa lèpa hari dènge dhèu dua ètu dꞌara èmu neꞌe. Jaꞌa kèpe boe dꞌara jaꞌa, te ngaa jaꞌa kèpe boe dꞌara jaꞌa, lula èu padꞌelo dꞌara hua iia mi jaꞌa. Jaꞌa kèpe boe dꞌara jaꞌa, lula èu padꞌelo dꞌara hua iia mi jaꞌa."
GEN 32:11,"deliver thou me from the hand of my brother esau, for i dread him greatly, lest he come and smite or slay the mothers with the sons or with the children.","ja'a mangingi, mage dhoka a'a ja'a esau, mai pare pamadhe ji'i aa'i-aa'i mi. de ja'a manèngi sèna ka ama lamatua hia mamuri mi ja'a, dènge ana-dhèu èmu-kamali aa'i-aa'i mi.","Jaꞌa madhaꞌu, te ladhe na mai, na pamadhe ina-ama dènge ana-ana, aa na pamadhe ana-ana. De èu patabuli jaꞌa nèti aꞌari jaꞌa, ngara na Esau."""
GEN 32:12,"thou spakest that thou shouldest do well to me, and wouldest alarge my seed as the gravel of the sea, that may not be numbered for muchliness.","lamatua dhu jaji tèke, èèna na pala-bagi mi dedha ja'a mamèngi ae-ae, aa hia ana-èpu ja'a bèba-kacanga, sama sèmi salae ètu nebhe dhasi, dhu dhèu ige rare boe.","Èu padhai lii, peka na, ""Èu neo tao jꞌara beꞌa dènge jaꞌa. Èu neo jꞌajꞌi ana-èpu jaꞌa, sama sèmi ana-èpu ètu sebhe dhasi, dhu abhu boe cahagꞌe."""
GEN 32:13,"and when jacob had slept there in that night, he separated of those things which he had as gifts to esau, his brother,","èle ka, yakob si j'unu ètu era èèna. asa bèli èèna, na hag'e badha pèri-pèri ngi'u ho rèti hia a'a na.","Èle èèna ka, bèli-camèdꞌa Yakob tèke eele mèdha-panyau na, sèna ka jꞌajꞌi hia aꞌari na, Esau, sèna ka jꞌajꞌi dhèu dhu jꞌajꞌi dhèu aaꞌi-aaꞌi ètu dꞌara èmu na, sèna ka jꞌajꞌi dhèu aaꞌi-aaꞌi dhu jꞌajꞌi dhèu aaꞌi-aaꞌi ètu dꞌara Èmu Kapua Manèngi-Mangajꞌi ètu dꞌara Èmu Kapua Manèngi-Mangajꞌi ètu dꞌara Èmu Kapua Manèngi-Mangajꞌi ètu dꞌara Èmu Kapua Manèngi-Mangajꞌi ètu dꞌara Èmu Kapua Manèngi-Mangajꞌi ètu dꞌara Èmu Kapua Manèngi-Mangajꞌi ètu dꞌara Èmu Kapua Manèngi-Mangajꞌi."
GEN 32:14,"two hundred she goats, and twenty bucks of goats, two hundred sheep, and twenty rams,","na pili nare kahib'i rena dua ngasu ngi'u, kahib'i mone dua nguru ngi'u, kahib'i-kalèbho rena dua ngasu ngi'u, kahib'i-kalèbho mone dua nguru ngi'u,","dua ngasu kahibꞌi-kalèbho, dua ngasu kahibꞌi-kalèbho, dua ngasu kahibꞌi-kalèbho, dua ngasu kahibꞌi-kalèbho, dua ngasu kahibꞌi-kalèbho,"
GEN 32:15,"camels full with their foals thirty, forty kine, and twenty bulls, twenty she-asses, and the ten foals of them.","onta rena tèlu nguru ngi'u dènge ana susu, sapi rena èpa nguru ngi'u, canguru ngi'u sapi mone, keled'ei rena dua nguru ngi'u, dènge canguru ngi'u keled'ei mone.","Rèngu aaꞌi-aaꞌi ra, rèngu aaꞌi-aaꞌi ra. Rèngu aaꞌi-aaꞌi ra, rèngu aaꞌi-aaꞌi ra. Rèngu aaꞌi-aaꞌi ra, rèngu aaꞌi-aaꞌi ra. Rèngu aaꞌi-aaꞌi ra, rèngu aaꞌi-aaꞌi ra. Rèngu aaꞌi-aaꞌi ra, rèngu aaꞌi-aaꞌi ra. Rèngu aaꞌi-aaꞌi ra, rèngu aaꞌi-aaꞌi ra. Rèngu aaꞌi-aaꞌi ra, rèngu aaꞌi-aaꞌi ra. Rèngu aaꞌi-aaꞌi ra, rèngu aaꞌi-aaꞌi ra. Rèngu aaꞌi-aaꞌi ra, rèngu aaꞌi-aaꞌi ra, rèngu aaꞌi-aaꞌi ra."
GEN 32:16,"and he sent by the hands of his servants all the flocks by themselves; and he said to his servants, go ye before me, and a space be betwixt flock and flock.","ka na hag'e ka badha se, èci-èci ka dènge anga na. hèia na papala ka, èci-èci dènge ana madhenge na. ka na peka dènge dhèu se'e, aku nèngu na, miu kako uuru. pe ja'a dhiu. te ngaa mi palaladha ho kaboko èci pakaj'èu nèti kaboko dhu leo sèra.","Èle èèna ka, lamatua ne pua dhèu sabꞌa aaꞌi-aaꞌi sèra lasi asa liꞌu. Hèia na peka dènge dhèu sabꞌa se, aku nèngu na, 'Miu laꞌe asa madha jaꞌa, sèna ka jaꞌa paraga dènge kahibꞌi-kalèbho èci dènge kahibꞌi-kalèbho èci."
GEN 32:17,"and he commanded to the former or first, and said, if thou shalt meet my brother esau, and he shall ask thee, whose man thou art, or whither thou goest, or whose be these things which thou followest,","ka na peka dènge kaboko dhu uuru tèka, aku nèngu na, ladhe a'a ku esau paraga dènge èu, aa na karèi, peka na, ‘èu lamu mia? èu ne, ènu nèti cee? badha-manu se, unu cee? '","Èle èèna ka, Na paredha dhèu kapai, aku Nèngu na, ""Ladhe èu paraga dènge aꞌari jaꞌa Esau, hèia na karèi èu, aku nèngu na, 'Èu ne, cee? Èu laꞌe asa mia?' Aa na karèi èu, aku nèngu na, 'Èu ne, cee?'"
GEN 32:18,"thou shalt answer, of thy servant jacob; he hath sent gifts to his lord esau, and he cometh after us.","na mi dhaa, peka na, ‘badha-manu se, unu ènu mu, yakob. na pa'adhu hia a'a na, esau. te ngaa nèngu nuka nèti limuri nèi. '","Jaꞌa manèngi sèna ka èu dhaa sèmi èèna. Jaꞌa manèngi sèmi èèna kahèi. Jaꞌa manèngi sèmi èèna kahèi. Jaꞌa manèngi sèmi èèna kahèi. Jaꞌa manèngi sèmi èèna kahèi. Jaꞌa manèngi sèmi èèna kahèi. Jaꞌa manèngi sèmi èèna kahèi. Jaꞌa manèngi sèmi èèna kahèi. Jaꞌa manèngi sèmi èèna kahèi. Jaꞌa manèngi sèmi èèna kahèi. Jaꞌa manèngi sèna ka dhèu aaꞌi-aaꞌi ètu talora aae jaꞌa, Esau."""
GEN 32:19-20,"in like manner, he gave command-ments to the second, and to the third, and to all that pursued or followed the flocks; and said, speak ye by the same words to esau, when ye find him, and ye shall add, also jacob himself thy servant pursueth or followeth our way. for jacob said, i shall please esau with gifts that go before, and afterward i shall see him; in hap he shall be merciful to me.","lii sèmi èèna, na peka kahèi dènge dhèu madhenga badha cahag'e sèra hèi, aku nèngu na, ladhe mi paraga dènge a'a ku esau, mi hia ne badha-manu se. aa mi peka dènge ne, ja'a re limuri. lula madhutu a'abhu yakob, na hia badha se aa'i-aa'i mi esau, èèna na esau sèmi nèngu dènge be'a.","Èle èèna ka, na paredha dhèu ka dua, dènge ka tèlu, dènge dhèu aaꞌi-aaꞌi dhu madhèdi dènge kahibꞌi-kalèbho sèra, aku nèngu na, ""Ladhe miu paraga dènge Esau, na, Yakob, ana pua-paleha miu, na, nèngu mai madhutu jiꞌi kahèi."""
GEN 32:21,and so the gifts went before him; soothly he dwelled in that night in the tents.,"nèti èèna ka, na hia uuru rèti badha se. te ngaa mèda èèna, nèngu pea ètu èèna era.","Èle èèna ka, dhèu aaꞌi-aaꞌi ra tèke eele mèdha-panyau rèngu ètu dꞌara dꞌara oka ra. Nèti èèna ka, dhèu aaꞌi-aaꞌi ra tèke eele mèdha-panyau rèngu ètu dꞌara oka ra. Èle èèna ka, Musa pea ètu dꞌara dꞌara hèbꞌa."
GEN 32:22,"and when jacob had risen hastily, he took his two wives, and so many handmaids, with his eleven sons, and he passed over the ford of jabbok.","mèda na, yakob kèd'i, ka na pua dhèu èmu na dhèu dua, dènge dhèu èmu piara dhèu dua, dènge ana na dhèu canguru èci sèra, lasi uuru pège asa cabèka loko yabok.","Èle èèna ka, Yakob kèdꞌi kèdꞌi, hèia na kèpe nare bhèni na, ana-èpu na dhèu canguru dua, dènge ana-èpu na kahèi. Èle èèna ka, Yakob dènge ana-èpu na lèpa asa tabha Jabok."
GEN 32:23,"and when all things that pertained to him were led over,","ropa ra d'ai ca bèka loko, ka na hia aa'i mèdha-panyau na asa nèi.","Èle èèna ka, dhèu ne tèke eele aaꞌi mèdha-panyau na aaꞌi-aaꞌi ra."
GEN 32:24,"jacob dwelled there alone, and, lo! a man came, and wrestled with him till to the morrowtide.","te ngaa yakob pea ka mesa-mesa ètu èèna. hèia dhèu mone èci mai, ka dua ra palèka d'ai oe mèu.","Èle èèna ka, Yakob pea ètu dꞌara èmu èèna. Te ngaa abhu ca dhèu ca dhèu mai, ka na paꞌèra dènge ne toke bèli-camèdꞌa madꞌae aaꞌi-aaꞌi ètu dꞌara bèli-camèdꞌa, hèia Yakob pea ètu dꞌara Èmu Kapua Manèngi-Mangajꞌi ètu dꞌara Èmu Kapua Manèngi-Mangajꞌi ètu dꞌara Èmu Kapua Manèngi-Mangajꞌi ètu dꞌara Èmu Kapua Manèngi-Mangajꞌi ètu dꞌara Èmu Kapua Manèngi-Mangajꞌi ètu dꞌara Èmu Kapua Manèngi-Mangajꞌi ètu dꞌara Èmu Kapua Manèngi-Mangajꞌi."
GEN 32:25,"and when the man saw that he might not overcome jacob, he touched the sinew of jacob's hip, and it dried anon.","ropa mone ne ne'a na nèngu segi boe yakob, ka na kalabhe mi kolo keja yakob, ka gage na tabod'a eele nèti era na.","Te ngaa ladhe nèdhi, na, jaꞌa bisa boe paꞌele iie Yakob, hèia na gꞌagꞌe kacui-aai Yakob, hèia kacui-aai na kèdꞌi."
GEN 32:26,"and he said to jacob, let go thou me, for the morrowtide goeth up now. jacob answered, i shall not let go thee, no but thou bless me.","hèia mone ne lii, aku nèngu na, patabuli ja'a, te ciki hari, lod'o rea kèna. te ngaa, aku yakob na, èu hia ja'a mèngi-nale, heka ja'a patabuli èu kèna!","Hèia na peka dènge Yakob, aku nèngu na, ""Tareꞌa, bèli-camèdꞌa bèli-camèdꞌa. De èu tèke eele ku jaꞌa."" Te ngaa Yakob dhaa, aku nèngu na, ""Jaꞌa tèke eele boe èu, te ngaa èu tèke eele ku jaꞌa."""
GEN 32:27,"therefore he said, what name is to thee? he answered, jacob.","ka mone ne karèi ne, ngara èu ne, cee? na dhaa, peka na, yakob.","Ka dhèu ne karèi, aku nèngu na, ""Ngara èu ne, Yakob?"" Ka dhèu ne dhaa, aku nèngu na, ""Nèngu ne, Yakob!"""
GEN 32:28,"and the man said, thy name shall no more be called jacob, but israel; for if thou were strong against god, how much more shalt thou have power against men.","hèia mone ne lii hari, aku nèngu na, èu ngara heka yakob. te ngaa mulai nèti deo ne'e ne, dhèu paroa èu, isra'el, lula èu lab'a le dhèu rai-haha dènge ama lamatua, ka èu segi. ngara isra'el sasoa na ‘dhu palèka dènge ama lamatua'.","Hèia dhèu ne dhaa, aku nèngu na, ""Sèmi neꞌe, te ngaa èu jꞌajꞌi boe Yakob, te ngaa èu jꞌajꞌi le dhèu Israꞌel. De ladhe èu paꞌele iie kolongara Ama Lamatua, nga tao ka èu paꞌele iie kolongara dhèu rai-haha?"""
GEN 32:29,"jacob asked him, say thou to me by what name thou art called? he answered, why askest thou my name, which is wonderful? and he blessed jacob in the same place.","ka yakob karèi ne, èu peka ku ngara èu la. te ngaa mone ne peka na, èu neo me'a ngara ja'a, tao ngaa? hèia na hia mèngi-nale mi yakob ètu era èèna.","Èle èèna ka, Yakob karèi ne, aku nèngu na, ""Ama! Ngara èu cee?"" Hèia na dhaa, aku nèngu na, ""Nga tao ka èu karèi jaꞌa ne, dhèu aae?"" Hèia na manèngi-mangajꞌi mi Yakob."
GEN 32:30,"and jacob called the name of that place penuel, and said, i saw the lord face to face, and my life is made safe.","ka yakob padhai lii, aku nèngu na, ja'a kèdhi le ama lamatua madha dènge madha, te ngaa ja'a mamuri era. nèti èèna ka, yakob pangare era èèna, peniel, dhu sasoa na, ‘rèhu lamatua'.","Èle èèna ka, Yakob pangee, na, ""Jaꞌa ladhe kèdhi Ama Lamatua ètu madha jaꞌa, aa mamuri jaꞌa ètu madha jaꞌa."""
GEN 32:31,"and anon the sun rose to him, after that he had passed over from penuel; forsooth he halted in the foot.","ropa yakob tèke eele era èèna, lod'o dhu rea le. te ngaa na kako ged'a, lula gage na tabod'a.","Lodꞌo èèna, hèia lodꞌo dꞌai cabèka sebhe sebhe sebhe sebhe. Hèia laꞌe asa sebhe sebhe sebhe sebhe sebhe sebhe sebhe sebhe sebhe sebhe sebhe sebhe sebhe sebhe sebhe sebhe sebhe sebhe sebhe sebhe sebhe sebhe sebhe sebhe sebhe sebhe sebhe sebhe sebhe sebhe sebhe sebhe sebhe sebhe sebhe sebhe sebhe sebhe sebhe sebhe sebhe sebhe sebhe sebhe sebhe sebhe sebhe sebhe sebhe sebhe sebhe sebhe sebhe sebhe sebhe sebhe sebhe sebhe sebhe sebhe sebhe sebhe sebhe sebhe sebhe sebhe sebhe sebhe sebhe sebhe sebhe."
GEN 32:32,"for which cause the sons of israel eat not unto this present day the sinew, like that that dried in the hip of jacob; for the man touched the sinew of jacob's hip, and it dried up.","nèti èèna ka, toke d'ai sange ne'e, dhèu isra'el ra'a boe sisi isi lasona, lula lamatua kalabhe patabod'a eele gage bèi-baki ra yakob.","Nèti èèna ka, toke dꞌai sange neꞌe, dhèu Israꞌel raꞌa boe ajꞌu èci, sama sèmi ajꞌu èci dhu raꞌa-rinu ètu ajꞌu èci, dhu raꞌa-rinu ètu ajꞌu èci, dhu raꞌa-rinu ètu ajꞌu èci, dhu raꞌa-rinu ètu ajꞌu èci. Nèti èèna ka, hèia naꞌa-rinu ètu ajꞌu èci, hèia raꞌa-rinu ètu ajꞌu èci, hèia raꞌa-rinu ètu ajꞌu èci, hèia raꞌa-rinu ètu ajꞌu èci."
GEN 33:1,"forsooth jacob raised up his eyes, and saw esau coming, and four hundred men with him; and he parted the sons of leah, and of rachel, and of both the servantesses.","ètu d'ara lod'o èèna kahèi, yakob ladhe nèdhi esau, dènge dhèu na èpa ngasu sèra, mai asa rèngu. ka na papala ana na mi ina ra èci-èci.","Èle èèna ka, Yakob ladhe-leru, ka ladhe nèdhi Esau dènge dhèu èpa nguru dhèu dhu mai dènge ne. Èle èèna ka, Yakob palème ana-èpu Lea, Rahel, dènge ana-èpu dhèu bhèni dua se."
GEN 33:2,"and he put ever either handmaid, and the free children of them, in the beginning; soothly he put leah, and her sons, in the second place; forsooth he put rachel and joseph the last.","na hia dhèu èmu piara sèra dènge ana ra kako uuru. èle ka, lea dènge ana-ana na, heka rahel dènge ana na yusuf limuri tèka.","Èle èèna ka, Yusuf dènge ana-ana nèti ana bhèni èèna. Èle èèna ka, nèngu dènge ana-ana nèti ana bhèni èèna. Èle èèna ka, nèngu dènge ana-ana nèti ana bhèni èèna. Èle èèna ka, nèngu dènge ana-ana nèti ana bhèni èèna. Èle èèna ka, nèngu dènge Rahel dènge Yusuf."
GEN 33:3,"and jacob went before, and worshipped or honoured lowly to the earth seven times, till his brother nighed.","te ngaa yakob kako uuru nèti rèngu aa'i-aa'i ra. ropa na padètu dènge a'a na, na patitu kètu urutuu, ka na pacud'u d'ai rai pidhu hari.","Èle èèna ka, Yakob laꞌe patitu hari pahaha iisi na, toke ari na madhe."
GEN 33:4,"and so esau ran against his brother, and embraced him, and esau held his neck, and kissed him, and wept.","te ngaa lod'o esau ladhe nèdhi ari na, rai dènge ka, la'e liku nare yakob. dua ra paliku dènge pa'uu. hèia dua ra tangi d'ara pèd'a.","Èle èèna ka, Esau rai paraga dènge aꞌari na, hèia na kèpe ne, hèia na jꞌajꞌi ngiꞌu na, hèia na tangi aaꞌi-aaꞌi."
GEN 33:5,"and when esau's eyes were raised up, he saw the women, and the little children of them, and said, what will these mean to themselves? and whether they pertain to thee? jacob answered, they be the little children, which god hath given to me, thy servant.","ropa esau nèdhi bhèni dènge ana-ana si, ka na karèi, aku nèngu na, se'e se, cee ka se'e? ka yakob peka, rèngu se'e se, dhu ama lamatua pala-bagi hia ja'a, ènu a'a ku ne.","Èle èèna ka, Esau ladhe nèdhi dhèu bhèni sèra dènge ana-ana rèngu. Hèia na karèi, aku nèngu na, ""Tareꞌa sèmi èèna, ngaa?"" Ka Yakob dhaa, aku nèngu na, ""Dhèu aaꞌi-aaꞌi dhu Ama Lamatua hia mi jaꞌa, ana-ana èu sèra."""
GEN 33:6,"and the handmaids and their sons nighed, and were bowed.","hèia dhèu èmu piara na, dènge ana niki ra lasi pahaha iisi ètu madha esau.","Èle èèna ka, ra pamadhe ana-ana dhèu bhèni aaꞌi-aaꞌi sèra."
GEN 33:7,"also leah nighed with her free children; and when they had worshipped in like manner, joseph and rachel last worshipped.","èle ka, lea dènge ana-ana na, lasi pahaha iisi mi esau kahèi. dhu lasi limuri, yusuf dènge ina na rahel lasi pahaha iisi mi esau kahèi.","Èle èèna ka, Yusuf dènge Rahel pahaha iisi mi Ama Lamatua. Rèngu dua ra pahaha iisi mi Ama Lamatua kahèi. Rèngu dua ra pahaha iisi mi Ama Lamatua kahèi. Rèngu dua ra pahaha iisi mi Ama Lamatua kahèi. Rèngu dua ra pahaha iisi mi Ama Lamatua kahèi. Rèngu dua ra pahaha iisi mi Ama Lamatua kahèi. Rèngu dua ra pahaha iisi mi Ama Lamatua kahèi. Rèngu dua ra pahaha iisi mi Ama Lamatua kahèi. Rèngu dua ra pahaha iisi mi Ama Lamatua kahèi."
GEN 33:8,"and esau said, what be these companies, which i met? and jacob answered, that i should find grace before my lord.","èle èèna ka, esau karèi, aku nèngu na, èu pa'adhu badha pèri nau sèi, èu neo tao ngaa? hèia yakob dhaa, aku nèngu na, sèmi ne'e, a'a! ja'a hia mi a'a ku, sèna ka a'a ku sèmi ja'a dènge d'ara taleo.","Hèia Esau karèi, aku nèngu na, ""Dhèu aaꞌi-aaꞌi se, ngaa?"" Hèia Yakob dhaa, aku nèngu na, ""Sèmi neꞌe, sèna ka jaꞌa bisa padꞌelo dꞌara hua iia mi lamatua jaꞌa."""
GEN 33:9,"and he said, my brother, i have full many things, thy things be to thee.","te ngaa esau peka, ja'a dènge mèdha-panyau ae kahèi. de hia ia ka ja'a ngaa-ngaa.","Hèia dhèu ne bꞌala, aku nèngu na, 'Ama! Jaꞌa abhu mèdha-panyau ae-ae, lula jaꞌa abhu mèdha-panyau èu.'"
GEN 33:10,"and jacob said, i beseech thee, do not thou so, but if i have found grace in thine eyes, take thou a little gift of mine hands; for i saw so thy face as if i had seen the cheer of god; be thou merciful to me,","te ngaa yakob b'ala, peka na, baku, a'a. a'a ku hud'i sèmi la mèdha se, sèna ka j'aj'i mi tadha, peka na, a'a ku sèmi ja'a dènge d'ara taleo. te ropa a'a ku b'ui mari, ka ja'a sèmi dhu kèdhi b'ui mari nèti ama lamatua.","Te ngaa Yakob bꞌala, aku nèngu na, ""Sèmi neꞌe! Te ngaa ladhe èu sue jaꞌa, na, èu bisa hia jaꞌa mèdha-panyau èci nèti ngiꞌu jaꞌa ne. Te jaꞌa ladhe kèdhi mèdha-panyau èu, èci èèna ka dènge dꞌara Ama Lamatua. De jaꞌa manèngi sèna ka èu padꞌelo dꞌara hua iia èu mi jaꞌa. De jaꞌa manèngi sèna ka èu padꞌelo dꞌara hua iia èu mi jaꞌa."
GEN 33:11,"and receive the blessing which i have brought to thee, and which blessing god giving all things gave to me. scarcely desiring it, while the brother compelled, he received,","de ja'a manèngi, a'a ku sèmi la mèdha-panyau dhu kab'ua aad'o se. lula ama lamatua be'a titu kèna dènge ja'a ne. nèti èèna ka, na hia ja'a unu ngaa-ngaa se aa'i-aa'i. lula yakob pamako taruu, no'o do no'o boe èèna ka, esau sèmi nare kahèi.","Jaꞌa neo sèmi èèna kahèi. Te ngaa jaꞌa neo sèmi èèna kahèi, te ngaa aꞌari jaꞌa neo sèmi èèna kahèi. Nèti èèna ka, jaꞌa neo sèmi èèna kahèi. Te ngaa aꞌari jaꞌa neo sèmi èèna kahèi. Nèti èèna ka, jaꞌa neo sèmi èèna kahèi."
GEN 33:12,"and said, go we together, and i shall be a fellow of thy way.","hèia esau peka dènge yakob, aku nèngu na, ladhe sèmi èèna, miu pa'èra ho lati palere. ja'a lere miu.","Hèia Lamatua peka dènge ne, aku nèngu na, ""Jaꞌa neo jꞌajꞌi dhèu èci dènge èu, ho jꞌajꞌi dhèu èci dènge èu ètu dꞌara jꞌara neꞌe. De jaꞌa neo jꞌajꞌi dhèu èci dènge èu ètu dꞌara jꞌara neꞌe, hèia jaꞌa jꞌajꞌi dhèu èci dènge èu ètu dꞌara jꞌara neꞌe, hèia jaꞌa jꞌajꞌi dhèu èci dènge èu ètu dꞌara jꞌara neꞌe."""
GEN 33:13,"and jacob said, my lord, thou knowest that i have little children tender, and sheep, and kine with calves with me, and if i shall make them for to travail more in going, all the flocks shall die in one day;","te ngaa aku yakob na, hud'i laa, a'a! a'a ku ladhe mèdhi unu mu. ana mu se, ana iiki ae era. rèngu se dhae èra èèna mèka. aa badha ae ka dhu heka matana. ladhe ta pakaseti si kako pamèri, ètu d'ara ca lod'o, èèna na madhe aa'i si.","Hèia Yakob bꞌala, aku nèngu na, ""Ama! Èu meꞌa kahèi, na, jaꞌa dènge ana-ana kahibꞌi-kalèbho, kahibꞌi-kalèbho dènge kahibꞌi-kalèbho jaꞌa. Ladhe jaꞌa pajꞌajꞌi dhèu ae sèra, kahibꞌi-kalèbho aaꞌi-aaꞌi ra madhe ètu dꞌara ca lodꞌo,"
GEN 33:14,"my lord go before his servant, and i shall pursue or follow little and little his steps, as i see that my little children be able, till i come to my lord, into seir.","de be'a risi, a'a ku si kako uuru. pe ji'i kako mau-mau dhiu. ladhe èèna na, ja'a dhiu ngad'o a'a ku ètu seir.","ladhe lamatua jaꞌa madhutu dhèu sabꞌa jaꞌa, jaꞌa hudꞌi madhutu ku jꞌara-jꞌara dhèu sabꞌa jaꞌa, toke jaꞌa lèpa hari asa lamatua jaꞌa. De jaꞌa hudꞌi madhutu ku jꞌara-jꞌara dhèu sabꞌa jaꞌa, sèna ka jꞌajꞌi dhèu sabꞌa jaꞌa. De jaꞌa hudꞌi madhutu ku jꞌara-jꞌara dhèu sabꞌa jaꞌa, toke jaꞌa lèpa hari asa lamatua jaꞌa."""
GEN 33:15,"esau answered, i pray thee, that of the people which is with me, dwell they namely fellows of thy way. jacob said, it is no need; i have need to this one thing only, that i find grace in thy sight, my lord.","hèia esau lii hari, na peka, ladhe sèmi èèna, ja'a tèke eele dhèu ja'a se cahag'e, sèna ka pad'elo j'ara hia miu. te ngaa, aku yakob na, hud'i laa, a'a, ee! sad'i ja'a ke'a le, a'a ku sèmi ja'a dènge be'a.","Te ngaa Esau dhaa, aku nèngu na, ""Sèmi neꞌe. Jaꞌa manèngi sèna ka dhèu-dhèu dhu jaꞌa paraga dènge èu sèra pea ètu èèna."" Hèia Yakob dhaa, aku nèngu na, ""Ama! Jaꞌa manèngi sèna ka Ama padꞌelo dꞌara hua iia Na mi jaꞌa. Jaꞌa manèngi sèna ka Ama padꞌelo dꞌara hua iia Na mi jaꞌa."
GEN 33:16,"and so esau turned again in that day in the way by which he came, into seir.","tadèngi nare, esau pakèd'i ka, tèke eele si, lèpa asa seir.","Èle èèna ka, Esau lèpa hari asa sebhe."
GEN 33:17,"and jacob came into succoth, where when he had builded an house, and had set tents, he called the name of that place succoth, that is, taber-nacles.","te ngaa nèti era èèna, yakob la'e asa sukot. d'ai nèi, na tao èmu dènge oka hia badha aa'i-aa'i ra. nèti èèna ka, era èèna ra pangare na sukot dhu sasoa na ‘èmu pea taha'.","Èle èèna ka, dhèu aae Yakob laꞌe patitu èmu ètu hèbꞌa èci, ngara na, ""Rèngu ètu hèbꞌa èci,"" dhu ngara na, ""Rèngu ètu hèbꞌa èci,"" dhu ngara na, ""Rèngu ètu hèbꞌa èci, ngara na, ""Rèngu ètu hèbꞌa èci,"" dhu ngara na, ""Rèngu ètu hèbꞌa èci, ètu hèbꞌa èci, ngara na, ""Rèngu ètu hèbꞌa èci"" ètu hèbꞌa èci, ngara na, ""Rèngu ètu hèbꞌa èci."""
GEN 33:18,"and jacob passed into shalem, a city of shechem, which is in the land of canaan, after that he turned again from mesopotamia of syria, and he dwelled beside the city.","te ngaa nèbhu boe ka, yakob si kako nèti padan aram, lasi d'ai rae sikem ètu rai kana'an dènge sod'a-mole. hèia ra patitu paleo, sèna ka ra pea padètu dènge rae èèna.","Èle èèna ka, Yakob lèpa nèti propensi Mesopotamia ètu Siria, ka laꞌe pea ètu sebhe kota Sikem, ètu rai Kanaꞌan. Ètu sebhe kota ne, Yakob pea ètu sebhe kota."
GEN 33:19,"and he bought for an hundred lambs a part of the field, in which he set tabernacles, of the sons of hamor, the father of shechem.","rai dhu yakob patitu paleo ne, hèli nare nèti hemor, ana sikem. kab'ua rai ne, ca ngasu doi iia.","Èle èèna ka, na nèti ana-èpu Hemor, ama Sikem. Hèia na nèdꞌu hèbꞌa ètu dꞌara oka èèna, sèna ka nèdꞌu èci dꞌai mia ana kahibꞌi-kalèbho. Nèti èèna ka, na nèdꞌu hèbꞌa ètu dꞌara oka ne, sèna ka nèdꞌu hèbꞌa ètu dꞌara oka ne, sèna ka nèdꞌu hèbꞌa ètu dꞌara hèbꞌa èèna. Nèti èèna ka, na nèdꞌu hèbꞌa ètu dꞌara oka ne, sèna ka na nèdꞌu hèbꞌa ètu dꞌara hèbꞌa èèna. Nèti èèna ka, na nèdꞌu hèbꞌa ètu dꞌara hèbꞌa èèna."
GEN 33:20,"and when he had raised an altar there, he inwardly called on it the full strong god of israel.","ètu era ne, na pudhi hadhu, tao mei korban. ka na pangare era ne'e, el-elohe-isra'el, dhu sasoa na ‘ama lamatua nèti isra'el'.","Ètu èèna, nèti èèna ka, nèti èèna ka, nèti èèna ka, nèti èèna ka, nèti èèna ka, nèti èèna ka, nèti èèna ka, nèti èèna ka, nèti èèna ka, nèti èèna ka, nèti èèna ka, nèti èèna ka, nèti èèna ka, nèti èèna ka, nèti èèna ka, nèti èèna ka, nèti èèna ka, nèti èèna ka, nèti èèna ka, nèti èèna ka, nèti èèna ka, nèti èèna ka, nèti èèna ka, nèti èèna ka, nèti èci ka, nèti èci ka, nèti èci ka, nèti èci ka, nèti èci ka, nèti èci ka, nèti èci ka, nèti èci ka, nèti èci ka, ngara nèti suku Israꞌel."
GEN 34:1,"forsooth dinah, the daughter of leah, went out to see the women of that country.","ca lod'o, dina, ana bhèni yakob dènge lea, la'e pangad'o dènge bhèni anga-aangalai na ètu rae èèna.","Hèia ana bhèni èci, ngara na Dinah, laꞌe paraga dènge dhèu bhèni ètu dꞌara rai ne."
GEN 34:2,"and when shechem, the son of hamor the hivite, the prince of that land, had seen her, he loved her, and he ravished her, and slept with her, and oppressed the virgin by violence.","dhèu aae kabarai ne, ngara na hemor, nèti suku hewi. ngara ana mone na, sikem. ca tèka, sikem ladhe nèdhi dina, ka rai nèti ne, hèia na tao pakarehe ne.","Lodꞌo èèna, ana hèbꞌa Hamor, dhèu nèti suku Hiwi, ladhe nèdhi ne, na sue ne. Hèia na tao jꞌara makae dènge ne, ho jꞌajꞌi dhèu bhèni bhèni ne. Ka na jꞌajꞌi dhèu bhèni ne, dènge jꞌajꞌi dhèu dꞌèlu-mèu ho jꞌajꞌi dhèu dꞌèlu-mèu ho jꞌajꞌi dhèu dꞌèlu-mèu ho jꞌajꞌi dhèu dꞌèlu-mèu ho jꞌajꞌi dhèu dꞌèlu-mèu ho jꞌajꞌi dhèu dꞌèlu-mèu ho jꞌajꞌi dhèu dꞌèlu-mèu ho jꞌajꞌi dhèu dꞌèlu-mèu ho jꞌajꞌi dhèu dꞌèlu-mèu ho jꞌajꞌi dhèu dꞌèlu-mèu ho jꞌajꞌi dhèu dꞌèlu-mèu."
GEN 34:3,"and his soul was bound fast with her, and he pleased her sorry with flatterings.","sikem d'èi madhe-madhe dina ne. ka na solo mako, sèna ka dina no'o dènge ne.","Èle èèna ka, dꞌara na karejꞌe-karae dènge bhèni ne, hèia na pahaha iisi dènge bhèni ne dènge dꞌara bhèni ne, sèna ka dꞌara na karejꞌe-karae dènge dꞌara bhèni ne, aa dꞌara na karejꞌe-karae dènge dꞌara bhèni ne dènge dꞌara manèngi-mangajꞌi dènge dꞌara manèngi-mangajꞌi dènge dꞌara manèngi-mangajꞌi dènge dꞌara manèngi-mangajꞌi dènge dꞌara manèngi-mangajꞌi dènge dꞌara manèngi-mangajꞌi dènge dꞌara manèngi-mangajꞌi dènge dꞌara manèngi-mangajꞌi dènge dꞌara manèngi-mangajꞌi."
GEN 34:4,"and he went to hamor, his father, and said, take to me this damsel for a wife.","hèia sikem peka dènge ama na, aku nèngu na, ama! lamu karèi dina hia ja'a, sèna ka ja'a madhèdi dènge ne.","Èle èèna ka, na laꞌe paraga dènge ama na, Hamor, ka na peka, aku nèngu na, ""Hudꞌi ku ana bhèni ne ho jꞌajꞌi dhèu èmu jaꞌa."""
GEN 34:5,"and when jacob had heard this thing, while his sons were absent, and occupied in the feeding or the pasturing of the sheep, he was still, till they came again.","tatao sikem ne, yakob dhu tadèngi le, te ngaa na mau-mau, aa tao boe ngaa-ngaa. te lod'o èèna, ana mone na sèra, ètu d'ara pad'a madhenge badha rèngu. ka na mate si mai ku.","Ropa Yakob tadèngi lii padhai Ama Lamatua, hèia na laꞌe asa era leo sèra. Nèti èèna ka, na pea kahibꞌi-kalèbho ètu dꞌara èmu na. Ka na manèngi-mangajꞌi, toke ana-ana na lèpa hari asa era leo sèra. Nèti èèna ka, kahibꞌi-kalèbho ètu dꞌara Èmu Kapua Manèngi-Mangajꞌi ètu dꞌara Èmu Kapua Manèngi-Mangajꞌi ètu dꞌara Èmu Kapua Manèngi-Mangajꞌi ètu dꞌara Èmu Kapua Manèngi-Mangajꞌi ètu dꞌara Èmu Kapua Manèngi-Mangajꞌi ètu dꞌara Èmu Kapua Manèngi-Mangajꞌi ètu dꞌara Èmu Kapua Manèngi-Mangajꞌi ètu dꞌara Èmu Kapua Manèngi-Mangajꞌi."
GEN 34:6,"soothly when hamor, the father of shechem, was gone out to speak to jacob,","lod'o èèna, hemor, ama sikem, mai padhai lii dènge yakob, ho neo karèi dina hia sikem.","Lodꞌo èèna, Hamor, ama Sikem, laꞌe padhai lii dènge Yakob."
GEN 34:7,"lo! his sons came from the field. and when this thing that befelled was heard, they were wroth greatly; for he had wrought a foul thing in israel, and he had done a thing unleaveful in the defouling of the daughter of jacob.","ètu talora dua ra padhue-padhai era, ana-ana yakob lèpa nèti d'ara pad'a. ropa ra tadèngi sikem dhu tao pakarehe le ana hèni ra, ka d'ara ra pèd'a, ka ra nasa bia. ka ra peka, madha j'ara dhu sèmi ne'e ne, lèke boe ètu isra'el. de ji'i se sèmi boe dhèu tao bhelu-katub'a sèmi èèna.","Èle èèna ka, ana-ana lamatua na mai nèti dꞌara oka. Ropa ra tadèngi lii neꞌe, hèia ra nasa, lula nèngu tao jꞌara bhelu-katubꞌa ètu Israꞌel. Nèti èèna ka, nèngu tao jꞌara bhelu-katubꞌa ètu dꞌara èmu dhèu Israꞌel. Nèti èèna ka, nèngu tao jꞌara bhelu-katubꞌa ètu dꞌara èmu dhèu aae Yakob."
GEN 34:8,"and so hamor spake to them, the soul of my son shechem hath cleaved to your daughter; give ye her a wife to him,","ka hemor pamako yakob, aku nèngu na, ana ja'a sikem d'èi tare'a-re'a ana èu dina. de ja'a manèngi d'ara èu, sèna ka mo'o la, paleo ana bhèni èu dènge ne.","Hèia Hamor peka dènge dhèu se, aku nèngu na, 'Sékem, ana jaꞌa, madhe le. Jaꞌa neo jꞌajꞌi dhèu mone ho jꞌajꞌi dhèu èmu na.'"
GEN 34:9,"and join we weddings together; give ye your daughters to us, and take ye our daughters,","ladhe mo'o ana-ana èdhi se paleo iisi-aanga ra. ana-ana mone nèti miu, madhèdi dènge ana-ana bhèni nèti ji'i. sèmi èèna kahèi, ana-ana mone ji'i madhèdi dènge ana-ana bhèni miu.","Ladhe jiꞌi mai, jiꞌi jꞌajꞌi dhèu pajuu-paleha. Jꞌajꞌi dhèu dhu jꞌajꞌi dhèu dhu jꞌajꞌi dhèu dhu jꞌajꞌi dhèu dhu jꞌajꞌi dhèu dhu jꞌajꞌi dhèu dhu jꞌajꞌi dhèu dhu jꞌajꞌi dhèu dhu jꞌajꞌi dhèu dhu jꞌajꞌi dhèu dhu jꞌajꞌi dhèu dhu jꞌajꞌi dhèu dhu jꞌajꞌi dhèu dhu jꞌajꞌi dhèu dhu jꞌajꞌi dhèu dhu jꞌajꞌi dhèu dhu jꞌajꞌi dhèu dhu jꞌajꞌi dhèu dhu jꞌajꞌi dhèu dhu jꞌajꞌi dhèu dhu jꞌajꞌi dhèu dhu jꞌajꞌi dhèu dhu jꞌajꞌi dhèu dhu jꞌajꞌi dhèu."
GEN 34:10,"and dwell ye with us; the land is in your power; till ye, and make ye merchandise, and wield ye it.","sèna ka èdhi pea pa'oru pa'èci ètu d'ara rai ne'e. sad'i miu d'èi era mia èèna ka, mi pea la dènge boe ngaa-ngaa. mi d'aga, sèna ka abhu kakaja ètu ne'e.","Miu hudꞌi pea dènge jiꞌi, lula rai ne jꞌajꞌi mi dedha miu. Miu hudꞌi pakako mèdha-panyau jiꞌi, sèna ka jꞌajꞌi mi dedha-liru jiꞌi, sèna ka jꞌajꞌi mi dedha-liru jiꞌi. De miu hudꞌi jꞌajꞌi mi dedha jiꞌi, sèna ka jꞌajꞌi mi dedha-liru jiꞌi, sèna ka jꞌajꞌi mi dedha-liru jiꞌi."""
GEN 34:11-12,"but also shechem said to the father and brethren of her, find i grace before you, and whatever things ye ordain i shall give; increase ye the dower, and ask ye for gifts, and i shall give willfully that that ye ask; only give ye this damsel a wife to me.","hèia sikem peka dènge ama dina dènge a'a na sèra, peka na, miu se, sad'i manèngi ngaa, ja'a dhoka madhutu di. masi ka miu manèngi doi pamèu madha, dènge kab'ua pèri-pèri èèna ka, ja'a hia. sad'i mo'o ja'a leo dènge ana hèni miu.","Hèia Sikem peka dènge ama na dènge aꞌari na, aku nèngu na, 'Sèmi neꞌe! Jaꞌa manèngi sèna ka miu padꞌelo dꞌara beꞌa jaꞌa mi Ama Lamatua. Jaꞌa neo sèna ka miu hia jaꞌa dhèu bhèni ne, ho jꞌajꞌi dhèu èmu.'"
GEN 34:13,"the sons of jacob answered in guile to shechem and to hamor, his father, and they were made fierce for the defouling of the maidenhood of their sister,","te ngaa ana-ana yakob se re'a le, sikem dhu tao pakarehe ana hèni ra dina. hèia ra karihu-kahadhu, ka ra bèle, peka mi sikem dènge ama na hemor,","Èle èèna ka, ana-èpu Yakob dhaa, aku rèngu na, ""Ama! Ama! Ama! Ama! Ama! Ama ku! Ama ku! Ama ku! Ama ku! Ama ku! Ama ku! Ama ku! Ama ku! Ama ku! Ama ku! Ama ku! Ama ku! Ama ku! Ama ku! Ama ku! Ama ku! Ama ku! Ama ku! Ama ku! Ama ku! Ama ku! Ama ku! Ama ku! Ama ku! Ama ku! Ama ku! Ama ku! Ama ku! Ama ku! Ama ku! Ama ku! Ama ku! Ama ku! Ama ku! Ama ku! Ama ku! Ama ku! Ama ku! Ama ku! Ama ku! Ama ku! Ama ku! Ama ku! Ama ku! Ama ku! Ama ku! Ama ku! Ama ku! Ama ku! Ama ku! Ama ku! Ama ku! Ama ku! Ama ku! Ama ku! Ama ku! Ama ku! Ama ku! Ama ku! Ama ku! Ama ku! Ama ku! Ama ku! Ama ku! Ama ku! Ama ku! Ama ku! Ama ku! Ama ku! Ama ku! Ama ku! Ama ku!"
GEN 34:14,"we may not do this that ye ask, neither we may give our sister to a man uncircumcised, which thing is unleaveful and abominable with us.","aku rèngu na, ji'i bisa boe hia ana hèni ji'i leo dènge dhèu dhu suna boe. te èèna na, era makae ji'i èèna!","Jiꞌi bisa boe hia aꞌari jiꞌi dènge dhèu dhu suna boe, lula jiꞌi tao jꞌara-jꞌara bhelu-katubꞌa ètu dꞌara jiꞌi. Nèti èèna ka, jiꞌi bisa boe hia aꞌari jiꞌi dènge dhèu dhu suna boe, lula jiꞌi tao jꞌara-jꞌara bhelu-katubꞌa ètu dꞌara jiꞌi, aa jiꞌi tao jꞌara-jꞌara bhelu-katubꞌa ètu dꞌara jiꞌi."
GEN 34:15,"but in this we shall be able to be bound in peace, if ye will be like us, and each of male kind be circumcised in you;","te ngaa j'ara na sèmi ne'e: miu se, hud'i sama ku sèmi ji'i, mone aa'i-aa'i ra, ana iiki, dhèu kapai, hud'i suna ku.","Miu aaꞌi-aaꞌi mi hudꞌi suna ku dhèu aaꞌi-aaꞌi mi, sèna ka jꞌajꞌi dhèu unu Ama Lamatua. Masi ka sèmi èèna, te ngaa èdhi hudꞌi jꞌajꞌi dhèu unu Lamatua, sèna ka jꞌajꞌi dhèu unu Lamatua. Ladhe èdhi jꞌajꞌi dhèu unu Lamatua, èdhi hudꞌi jꞌajꞌi dhèu unu Lamatua, te ngaa èdhi hudꞌi jꞌajꞌi dhèu unu Lamatua, sèna ka jꞌajꞌi dhèu unu Lamatua. Te ngaa limuri ne, èdhi hudꞌi jꞌajꞌi dhèu unu Lamatua, sèna ka jꞌajꞌi dhèu unu Lamatua. Te ngaa limuri ne, èdhi hudꞌi jꞌajꞌi dhèu unu Lamatua, sèna ka jꞌajꞌi dhèu unu Lamatua."
GEN 34:16,"then we shall give and take together our daughters and yours; and we shall dwell with you, and we shall be one people.","ladhe miu madhutu j'ara ne'e, èdhi heka paleo kèna. aa ji'i pea ètu rai ne'e hèi, sèna ka èdhi j'aj'i mi èci.","sèna ka jiꞌi jꞌajꞌi dhèu aaꞌi-aaꞌi, ho jꞌajꞌi dhèu aaꞌi-aaꞌi, ho jꞌajꞌi dhèu aaꞌi-aaꞌi, ho jꞌajꞌi dhèu aaꞌi-aaꞌi, ho jꞌajꞌi dhèu aaꞌi-aaꞌi, sèna ka jiꞌi jꞌajꞌi dhèu èci."
GEN 34:17,"forsooth if ye will not be cir-cumcised, we shall take our daughter, and we shall go away.","te ngaa ladhe miu madhutu boe dad'èi ji'i, aa mo'o boe suna, ji'i ngare hari ana hèni ji'i, ho kèd'i eele rai ne'e.","Te ngaa ladhe miu suna boe, na, jiꞌi tèke eele ana bhèni jiꞌi ètu neꞌe."""
GEN 34:18,"the proffering of them pleased hamor, and shechem, his son,",hèia hemor dènge ana na sikem ro'o kahèi.,"Lodꞌo dhèu sèra tao sèmi èèna, dꞌara dhèu sèra karejꞌe, nuka Hamor, dènge ana na Sikem."
GEN 34:19,"and the young waxing man delayed not, that not he fulfilled anon that that was asked; for he loved the damsel greatly, and he was the most noble in all the house of his father.","te ngaa sikem no'o heka mate, lula d'ara na d'èi ae dina. dhèu isi rai ètu èèna pakab'ua sikem ne titu kèna.","Ropa tadèngi sèmi èèna, hèia ana bhèni ne dꞌèi dꞌara. Nèngu ne, dhèu kapai ètu dꞌara èmu ama na aaꞌi-aaꞌi ra. Nèngu ne, dhèu kapai risi nèti dhèu aaꞌi-aaꞌi ètu dꞌara èmu dhèu aaꞌi-aaꞌi ra."
GEN 34:20,"and they entered into the gate of the city, and spake to the people,","ka hemor dènge sikem lasi asa era pama'ète lii, ètu hèb'a tedhe rae èèna, hèia ra padhue lii ne dènge kabarai sèra. ra peka, aku rèngu na,","Èle èèna ka, ra lole dènge dhèu sèra, aku rèngu na,"
GEN 34:21,"these men be peaceable, and will dwell with us; make they merchandise in the land, and till they it, which is large and broad, and hath need to tillers; we shall take their daughters to wives, and we shall give our daughters to them.","a'ari aa'i-aa'i! dhèu isra'el se, d'èi mamuri mera-milu dènge èdhi. de hud'i laa ta pea pa'èci dènge rèngu ètu dedha-rai ne'e. rai ne taleo, de èdhi bisa pea pa'èci aa'i-aa'i ti. èdhi se bisa leo dènge ana bhèni rèngu. aa rèngu bisa madhèdi dènge ana bhèni èdhi kahèi.","Ladhe sèmi èèna, dhèu aaꞌi-aaꞌi sèra hudꞌi mamuri paꞌèci dènge èdhi. Ètu dꞌara oka ne, abhu dhèu dhu hudꞌi sabꞌa oka-tedhe, sèna ka jꞌajꞌi dhèu oka-tedhe. Ladhe sèmi èèna, jiꞌi neo jꞌajꞌi dhèu mone, sèna ka jꞌajꞌi dhèu mone, aa jiꞌi neo jꞌajꞌi dhèu mone, sèna ka jꞌajꞌi dhèu mone, sèna ka jꞌajꞌi dhèu mone, aa jiꞌi neo jꞌajꞌi dhèu mone, sèna ka jꞌajꞌi dhèu mone, sèna ka jꞌajꞌi dhèu mone, sèna ka jꞌajꞌi dhèu mone, sèna ka jꞌajꞌi dhèu mone, sèna ka jꞌajꞌi dhèu leo."""
GEN 34:22,"one thing is, for which so great good is delayed; if we circumcise our males, and follow the custom of the folk,","lii manèngi rèngu dhoka èci di, nèti èdhi se. ra manèngi, èdhi mone se aa'i-aa'i hud'i suna ku, madhutu ad'a rèngu.","Masi ka sèmi èèna, te ngaa dhèu aaꞌi-aaꞌi reꞌa, na, dhèu aaꞌi-aaꞌi dhu jꞌajꞌi dhèu aaꞌi-aaꞌi ètu rai-haha ne, hudꞌi jꞌajꞌi dhèu aaꞌi-aaꞌi dhu jꞌajꞌi dhèu aaꞌi-aaꞌi ètu rai-haha ne, aa jꞌajꞌi dhèu aaꞌi-aaꞌi dhu jꞌajꞌi dhèu aaꞌi-aaꞌi ètu rai-haha ne, aa jꞌajꞌi dhèu aaꞌi-aaꞌi dhu jꞌajꞌi dhèu aaꞌi-aaꞌi ètu rai-haha ne, aa jꞌajꞌi dhèu aaꞌi-aaꞌi dhu jꞌajꞌi dhèu aaꞌi-aaꞌi."
GEN 34:23,"both their substance, and sheep, and all things which they wield, shall be ours; only assent we in this, that we dwell together, and make one people.","ladhe èdhi se pab'ali le dènge rèngu, èèna na badha-manu dènge mèdha-panyau ra j'aj'i unu èdhi. de be'a risi èdhi to'o la madhutu dad'èi ra. mai sèna ka aa'i-aa'i ti suna! mo'o, sina ma?","Èdhi aaꞌi-aaꞌi ra, èdhi aaꞌi-aaꞌi ra, aa aaꞌi-aaꞌi ra, èdhi aaꞌi-aaꞌi ra. Èdhi aaꞌi-aaꞌi ra, èdhi aaꞌi-aaꞌi ra, aa èdhi aaꞌi-aaꞌi ra, èdhi aaꞌi-aaꞌi ra, aa èdhi aaꞌi-aaꞌi ra, èdhi aaꞌi-aaꞌi ra, aa èdhi aaꞌi-aaꞌi ra, èdhi aaꞌi-aaꞌi ra, aa èdhi aaꞌi-aaꞌi ra, aa èdhi aaꞌi-aaꞌi ra, èdhi aaꞌi-aaꞌi ra."
GEN 34:24,"and all men assented, and all the males were circumcised.","ka dhèu aa'i-aa'i ètu sèra sa, sèmi lii padhai lii hemor dènge ana na sikem. hèia dhèu mone aa'i-aa'i ètu rai èèna suna palere-lere.","Ka dhèu aaꞌi-aaꞌi sèra dꞌèi sèmi èèna. Ka dhèu aaꞌi-aaꞌi ra, nuka sèmi dhèu aaꞌi-aaꞌi dhu suna iisi ra, sèna ka dhèu aaꞌi-aaꞌi ra jꞌajꞌi dhèu aaꞌi-aaꞌi dhu jꞌajꞌi dhèu unu Lamatua ètu dꞌara èmu Kapua Manèngi-Mangajꞌi ètu dꞌara èmu Kapua Manèngi-Mangajꞌi ètu dꞌara èmu Kapua Manèngi-Mangajꞌi ètu dꞌara èmu Kapua Manèngi-Mangajꞌi ètu dꞌara Èmu Kapua Manèngi-Mangajꞌi ètu dꞌara èmu Kapua Manèngi-Mangajꞌi ètu dꞌara èmu Kapua Manèngi-Mangajꞌi ètu dꞌara Èmu Kapua Manèngi-Mangajꞌi."
GEN 34:25,"and lo! in the third day, when the sorrow of the wounds was most grievous, two sons of jacob, simeon and levi, the brethren of dinah, took swords, and entered into the city boldly; and when all the males were slain,","d'ara lod'o ka tèlu, ropa rèngu dhu suna se, nu'a ra dhu pèd'a era, ka ana mone dina, simeon dènge lewi, rare samala ra, kako mau-mau, lasi asa d'ara kota. ka dua ra pare pamadhe aa'i-aa'i dhèu mone sèra.","Èle èèna ka, lodꞌo èèna, ana-èpu Yakob dua, ngara na Simeon dènge Lewi. Ana-èpu Ana Na, ngara na Dina. Ka dua ra lasi asa dꞌara kota, ho pamadhe dhèu aaꞌi-aaꞌi dhu dhèu aaꞌi-aaꞌi ra."
GEN 34:26,"they killed hamor and shechem together, and took dinah, their sister, from the house of shechem. and when they were gone out,","hemor dènge sikem, ra pare pamadhe kahèi. hèia ra rèti dènge ka dina nèti d'ara èmu sikem, lèpa èmu rèngu.","Èle èèna ka, dua ra pamadhe Hamor dènge Sikem. Èle èèna ka, dua ra tèke eele aꞌari ra, ngara na Dina, nèti èmu Sikem."
GEN 34:27,"the other sons of jacob felled in on the slain men, and rifled the city, for the vengeance of the defouling of the virgin.","aa ana yakob dhu cahag'e sèra, maso asa d'ara kota èèna, ra parama rèti aa'i mèu-mèu isi kabarai èèna. ra nasa, lula dhèu tao pakarehe ana hèni ra ètu èèna.","Èle èèna ka, ana-èpu Yakob dhu leo ètu dꞌara kota, lasi paraga dènge dhèu dhu ra pamadhe ne. Ka ra pamaꞌète dꞌara kota, peka na, ""Bèli-camèdꞌa dhèu bhèni ne tao jꞌara bhelu-katubꞌa."""
GEN 34:28,"and they wasted the sheep of those men, and droves of oxen, and asses, and all things that were in the houses and fields,","ra parama rèti mèdha-panyau dhèu nèti d'ara èmu ra, dènge eo rèti badha-manu aa'i-aa'i ètu d'ara pad'a.","Èle èèna ka, dhèu aaꞌi-aaꞌi ètu dꞌara oka dènge kahibꞌi-kalèbho, dènge kahibꞌi-kalèbho dhèu aaꞌi-aaꞌi ètu dꞌara oka dènge kahibꞌi-kalèbho dhèu aaꞌi-aaꞌi."
GEN 34:29,"and led away as prisoners the little children, and the wives of those men. and when these things were done hardily,","rèti aa'i bhèni dènge ana-ana, aa parame rare aa'i mèdha dhu kab'ua nèti kabarai ne.","Èle èèna ka, dhèu aaꞌi-aaꞌi dhu rèti lii padhai Ama Lamatua lasi asa dꞌara bèdho. Rèngu lasi asa dꞌara bèdho, sèna ka rèti ana-ana dènge bhèni dhèu aaꞌi-aaꞌi ra asa dꞌara bèdho. Rèngu tao sèmi èèna dènge dꞌara bhelu-katubꞌa, sèna ka jꞌajꞌi dhèu aaꞌi-aaꞌi ra ètu dꞌara bèdho, sèna ka jꞌajꞌi dhèu aaꞌi-aaꞌi ra ètu dꞌara bèdho, sèna ka jꞌajꞌi dhèu aaꞌi-aaꞌi ra ètu dꞌara bèdho, sèna ka jꞌajꞌi dhèu aaꞌi-aaꞌi ra ètu dꞌara bèdho, sèna ka jꞌajꞌi dhèu aaꞌi-aaꞌi ra ètu dꞌara bèdho."
GEN 34:30,"jacob said to simeon and levi, ye have troubled me, and have made me hateful to canaanites and perizzites, the dwellers of this land; we be few, and they shall be gathered together against me, and shall slay me, and i shall be done away, and mine house.","ropa yakob ne'a j'ara dhu j'aj'i èèna, na peka dènge simeon dènge lewi, miu dua mi se, goa ngaa ka ne'e? miu paj'èra ja'a! èèna na, dhèu kana'an dènge dhèu peris dènge dhèu aa'i-aa'i ra ètu dedha rai ne'e, tèka d'ara dènge èdhi se. rèngu se, dhèu ae-ae. te ngaa èdhi se, dhèu ciki di. ladhe rèngu se mai age èdhi, na, ra palaho aa'i èdhi.","Èle èèna ka, Yakob peka dènge Simeon dènge Lewi, aku nèngu na, ""Miu pangee, na, jaꞌa jꞌajꞌi kahibꞌi-kalèbho. Miu jꞌajꞌi kahibꞌi-kalèbho mi dhèu Kanaani dènge dhèu Perizi, dhu pea ètu rai-haha ne. Te ngaa limuri ne, jaꞌa dènge dhèu aaꞌi-aaꞌi ra pakaboko ho pamadhe jaꞌa, sèna ka ra pamadhe jaꞌa dènge dhèu èmu jaꞌa aaꞌi-aaꞌi ra."
GEN 34:31,"simeon and levi answered, whether they ought to mis-use our sister as a whore?","te ngaa ana se dhaa dènge lii nasa, peka na, ama! ama pangee na hud'i laa ji'i soro tèke si, sèna ka ra tao ana hèni ji'i ne, bhèni kajeo!","Hèia Simeon dènge Lewi dhaa, aku rèngu na, ""Aadꞌo! Èdhi hudꞌi pamakae aꞌari èdhi, sèna ka jꞌajꞌi dhèu bhèni?"""
GEN 35:1,"in the meantime the lord spake to jacob, rise thou, and go up to bethel, and dwell there; and make thou an altar to the lord, that appeared to thee when thou fleddest esau, thy brother.","èle èèna ka, ama lamatua padhai lii dènge yakob, peka na, ja'a ne, ama lamatua dhu pad'elo iisi mi èu, lod'o èu rai nèti madha a'a mu esau. kèd'i, lamu dènge ka asa betel. ladhe d'ai nèi, mu patitu mei korban hia ja'a. aa pea dènge ka ètu èèna.","Jaꞌa peka dènge Yakob, aku nèngu na, ""Tasamia? Èu hudꞌi laꞌe asa Betel, ho pea ètu èèna. Ètu èèna, èu pajꞌujꞌu mei ho manèngi-mangajꞌi mi Ama Lamatua, dhu padꞌelo le dènge èu, lodꞌo èu pakèdꞌi nèti dꞌara èmu Esau."""
GEN 35:2-3,"soothly jacob said, when all his house was called together, cast ye away alien gods, that be in the midst of you, and be ye cleansed, and change ye your clothes; rise ye, and go we up into bethel, that we make there an altar to the lord, which heard me in the day of my tribulation, and was fellow of my way.","ka yakob peka dènge isi èmu na aa'i-aa'i, aku nèngu na, aa'i-aa'i ti lati dènge ka asa betel. uru èèna, lod'o ja'a ètu d'ara j'aj'èra, ama lamatua ka dhu ladhe-leru ja'a ètu èèna. ja'a neo tao mei korban ètu nèi. de mi core eele mèdha sogo-tagu miu. aa mi pamèu iisi mi, ho mi gati mèdha-papake leo, te èdhi neo pahaha iisi mi ama lamatua.","Hèia Yakob peka dènge dhèu èmu na, aku nèngu na, ""Ladhe sèmi èèna, miu aaꞌi-aaꞌi mi paroa dhèu aaꞌi-aaꞌi ètu dꞌara miu sèra. De miu hudꞌi paꞌèci ku dènge dhèu aaꞌi-aaꞌi dhu jꞌajꞌi le ètu talora aae miu. De miu hudꞌi paꞌèci ku dènge dhèu aaꞌi-aaꞌi ètu talora aae miu. De miu hudꞌi pakèdꞌi ku dènge mèdha-papake miu. De jiꞌi lèpa hari laꞌe asa Betel, sèna ka jiꞌi pakèdꞌi madha jꞌajꞌèra mi Ama Lamatua ètu èèna. Te Nèngu ka dhu nanene lii padhai jaꞌa, lodꞌo jaꞌa ètu dꞌara jꞌajꞌèra aaꞌi-aaꞌi ra. Aa Nèngu ka dhu paꞌèki dènge jaꞌa ètu talora aaꞌi-aaꞌi ra."""
GEN 35:4,"therefore they gave to jacob all the alien gods which they had, and the earrings, that were in their ears; and jacob delved them under a terebinth tree, which is behind the city of shechem.","ka ra oru mèdha sogo-tagu, dènge ate-ate ra aa'i-aa'i ra. hèia yakob dhènu mèdha se aa'i-aa'i ra ètu kapua aj'u aae ca kapua dhu padètu dènge rae sikem.","Nèti èèna ka, ra hia dhèu seꞌe aaꞌi-aaꞌi dhèu rai-haha sèra, sèna ka ra jꞌajꞌi dhèu aaꞌi-aaꞌi. Rèngu aaꞌi-aaꞌi dhu rèti ètu dꞌara dꞌara dꞌara rèngu, ra hia Yakob. Èle èèna ka, dhèu aaꞌi-aaꞌi jꞌajꞌi dhèu aaꞌi-aaꞌi dhu rèti ètu dꞌara dꞌara dꞌara ra. Èle èèna ka, dhèu aaꞌi-aaꞌi jꞌajꞌi dhèu aaꞌi-aaꞌi ra. Hèia Yakob padhèdi rèngu ètu dedha ajꞌu ajꞌu ajꞌu ajꞌu ajꞌu ajꞌu ajꞌu ajꞌu ajꞌu ajꞌu ajꞌu ajꞌu ajꞌu ajꞌu ajꞌu ajꞌu ajꞌu ajꞌu ajꞌu ajꞌu ajꞌu ajꞌu ajꞌu ajꞌu ajꞌu ajꞌu ajꞌu ajꞌu ajꞌu ajꞌu ajꞌu ajꞌu ajꞌu ajꞌu ajꞌu ajꞌu ajꞌu ajꞌu ajꞌu ajꞌu ajꞌu ajꞌu ajꞌu ajꞌu ajꞌu ajꞌu ajꞌu ajꞌu."
GEN 35:5,"and when they went forth, dread assailed all men by compass of the city, and they were not hardy to pursue them going away.","ropa yakob dènge dhèu na aa'i-aa'i pakèd'i nèti sikem, ama lamatua hia d'ara madha'u mi dhèu-dhèu dhu pea ètu d'ara rae-rae dhu padètu dènge rae sikem, ka ra bani boe tao karehe mi yakob si.","Ropa tadèngi lii padhai Paulus dènge ana madhutu na sèra, ka ra madhaꞌu. Ropa tadèngi lii padhai Paulus dènge ana madhutu na sèra, dhèu aaꞌi-aaꞌi dhu tadèngi lii padhai Paulus dènge ana madhutu na aaꞌi-aaꞌi ètu dꞌara roꞌa èèna, aaꞌi-aaꞌi ra madhaꞌu aaꞌi-aaꞌi ra. Nèti èèna ka, dhèu aaꞌi-aaꞌi dhu tadèngi lii padhai Paulus dènge ana madhutu na ètu dꞌara roꞌa èèna, aaꞌi-aaꞌi ra madhaꞌu aaꞌi-aaꞌi ra."
GEN 35:6,"therefore jacob came to luz, which is in the land of canaan, by the sire-name bethel, he and all his people with him.","ka yakob si d'ai dènge sod'a ètu betel dhu uru èèna, ngara na lus, ètu rai kana'an.","Èle èèna ka, Yakob dènge dhèu aaꞌi-aaꞌi ra lasi asa Luz, ètu rai Kanaꞌan, dhu ngara na Betel."
GEN 35:7,"and he builded there an altar to the lord, and called the name of that place the house of god, for god appeared there to him, when he fled his brother.","ètu ne'e, yakob pudhi hadhu, tao mei korban. ka na pangare era ne, el betel, sasoa na ‘betel unu ama lamatua', lula uru èèna ama lamatua pad'elo iisi mi yakob ètu era èèna, lod'o nèngu rai nèti madha a'a na.","Èle èèna ka, Daud patitu ètu dꞌara èmu èèna, sèna ka jꞌajꞌi madha jꞌajꞌèra ho manèngi-mangajꞌi mi Ama Lamatua. Nèti èèna ka, nèngu paroa èèna, 'Bèli-camèdꞌa Ama Lamatua', lula Ama Lamatua padꞌelo le dènge ne ètu èèna, lodꞌo na pakèdꞌi nèti aꞌari na."
GEN 35:8,"deborah, the nurse of rebecca, died in the same time, and she was buried at the roots of bethel, under an oak, and the name of the place was called the oak of weeping.","padètu dènge rae betel, abhu aj'u aae ca kapua, ngara na alon bakut. sasoa na ‘aj'u tangi dhèu madhe'. pake ngara ne, lod'o debora, ina dhu lalau-lalo'o ribka, madhe, ka padhane ètu karasa aj'u èèna.","Èle èèna ka, ana bhèni èci, ngara na Debora, madhe. Ka ra padhane ne ètu dꞌara ajꞌu ajꞌu ajꞌu ajꞌu ajꞌu ajꞌu ajꞌu ajꞌu ajꞌu ajꞌu ajꞌu ajꞌu ajꞌu ajꞌu ajꞌu ajꞌu ajꞌu ajꞌu ajꞌu ajꞌu ajꞌu ajꞌu ajꞌu ajꞌu ajꞌu ajꞌu ajꞌu ajꞌu ajꞌu ajꞌu ajꞌu ajꞌu ajꞌu ajꞌu ajꞌu ajꞌu ajꞌu ajꞌu ajꞌu ajꞌu ajꞌu ajꞌu ajꞌu ajꞌu ajꞌu ajꞌu ajꞌu ajꞌu ajꞌu ajꞌu ajꞌu ajꞌu ajꞌu ajꞌu ajꞌu ajꞌu ajꞌu ajꞌu."
GEN 35:9,"forsooth god appeared again to jacob, after that he turned again from mesopotamia of syria, and came into bethel, and blessed him,","lod'o yakob lèpa nèti padan aram, ama lamatua pad'elo hari iisi na, ka hia na berkat.","Ropa Yakob lèpa nèti Mesopotamia, nèti propensi Siria, hèia Ama Lamatua padꞌelo jꞌara mamuri na mi Yakob. Èle èèna ka, Yakob laꞌe asa Betel, ka na manèngi-mangajꞌi mi Yakob."
GEN 35:10,"and said, thou shalt no more be called jacob, but israel shall be thy name. and god called him israel,","hèia lamatua peka dènge ne, nèti deo ne'e ne, èu ngara heka yakob, te ngaa isra'el.","Èle èèna ka, Ama Lamatua peka dènge ne, aku nèngu na, ""Sèmi neꞌe, heka èu jꞌajꞌi heka Yakob, te ngaa èu jꞌajꞌi heka dhèu Israꞌel."""
GEN 35:11,"and said to him, i am god almighty; increase thou, and be thou multiplied, folks and peoples of nations shall be of thee, kings shall go out of thy loins;","ja'a ne, ama lamatua dhu koasa risi eele. de èu matana pa'ae-ae, aa ana-èpu èu sèmi èèna kahèi. bèli-camèd'a, suku-suku mai nèti ana-èpu èu. aa nèti ana-èpu èu sèra, cèu dhèu aae-dhèu aae.","Hèia Ama Lamatua peka dènge ne, aku nèngu na, ""Jaꞌa ne, Ama Lamatua dhu koasa aaꞌi-aaꞌi. De èu hudꞌi jꞌajꞌi dhèu ae-ae nèti suku aaꞌi-aaꞌi nèti suku aaꞌi-aaꞌi, aa dhèu aaꞌi-aaꞌi nèti suku aaꞌi-aaꞌi ètu rai-haha ne, bèli-camèdꞌa èu jꞌajꞌi dhèu aae-aaꞌi."
GEN 35:12,"and i shall give to thee, and to thy seed after thee, the land which i gave to abraham and isaac.","rai dhu pangèd'u mi baki mu abraham, dènge ama mu isak, ja'a hia mi èu dènge ana-èpu èu.","Èu dènge ana-èpu èu abhu rai neꞌe, dhu Jaꞌa hia le mi Abraham dènge Isak.'"
GEN 35:13-14,"and god departed from him. forsooth jacob raised a title, or a memorial, of stones, in the place wherein god spake to him, and he sacrificed thereon flowing sacrifices, and shedded out oil,","lod'o ama lamatua peka nare, yakob patitu dènge hadhu ètu era èèna, sèna ka j'aj'i mi tadha ho na baku bhèlu eele lii lamatua. ka na bhori èi anggor dènge èi mènyi mi dedha hadhu na, hèia na mangaj'i mi lamatua.","Èle èèna ka, bèli-camèdꞌa Ama Lamatua tèke eele Yakob nèti dꞌara èmu èèna. Hèia Yakob pajꞌujꞌu hadhu èci ètu era dhu Ama Lamatua padhai lii dènge ne. Èle èèna ka, na dedꞌe hadhu hia Ama Lamatua ètu era neꞌe, hèia na dedꞌe èi hèbꞌa èi hèbꞌa èi hèbꞌa èi hèbꞌa èi. Èle èèna ka, Yakob pajꞌujꞌu hèbꞌa èi hèbꞌa èi hèbꞌa èi hèbꞌa èi hèbꞌa èi hèbꞌa èi hèbꞌa èi hèbꞌa èi hèbꞌa èi hèbꞌa èi hèbꞌa èi hèbꞌa èi hèbꞌa èi hèbꞌa èi hèbꞌa èi hèbꞌa èi hèbꞌa èi hèbꞌa èi hèbꞌa."
GEN 35:15,and he called the name of that place bethel.,"era èèna, na pangare ‘betel'.","Èle èèna ka, dhèu aaꞌi-aaꞌi ra pangee, na, ""Tareꞌa-reꞌa, Ama Lamatua!"" Ka ra pangare lii èèna, ""Bèthel"" hèia ra pangee, na, ""Tareꞌa-reꞌa, Ama Lamatua, Ama Lamatua, Ama Lamatua, Ama Lamatua, Ama Lamatua, Ama Lamatua, Ama Lamatua, Ama Lamatua, Ama Lamatua, Ama Lamatua, Ama Lamatua, Ama Lamatua, Ama Lamatua, Ama Lamatua, Ama Lamatua, Ama Lamatua, Ama Lamatua, Ama Lamatua, aaꞌi-aaꞌi, Ama Lamatua."
GEN 35:16,"soothly jacob went out from thence, and he came in the beginning of summer to the land that leadeth to ephratah; in which land when rachel travailed in child bearing,","èle èèna ka, yakob si pakèd'i nèti betel. ropa rèngu kaj'èu èèna mèka nèti rae efrata nuka betlehem èèna, rahel dhu d'ai le lod'o nara iisi na. te ngaa nara iisi carui, hèia na roe titu kèna.","Èle èèna ka, Yakob tèke eele nèti èèna, ka laꞌe asa rae Efrat. Ètu era neꞌe, ètu dꞌara èmu neꞌe, ètu dꞌara hèbꞌa èèna, ètu dꞌara èmu rae Efrat. Ètu era neꞌe, ètu dꞌara èmu neꞌe, ètu dꞌara hèbꞌa èèna, ètu dꞌara hèbꞌa rae Rahel jꞌajꞌi mèdha-panyau dhèu èci, nuka sèmi rae rae rae rae rae rae rae rae rae rae rae rae rae rae rae rae rae rae rae rae rae rae rae rae rae rae rae rae rae rae rae rae rae rae rae rae rae rae rae rae rae rae rae rae rae rae rae rae rae rae rae rae rae rae rae rae rae rae rae rae rae rae rae rae rae rae rae rae rae rae rae rae rae rae rae rae rae rae rae rae rae rae rae rae rae rae rae rae rae rare rae rae rae rae rae rae rae rae rae rae rae rae rae rae rae rae rae rae rae rae rae rae rae rae rae rae rae rae rae rae rae rae rae rae rae rae rae rae rae rae rae rae rae rae rae"
GEN 35:17,"she began to be in peril for the hardness of childbearing; and the mid-wife said to her, do not thou dread, for thou shalt have also this son.","ka ropa na pèngu stenga madhe, dhèu ai tadha peka dènge ne, pa'èra d'ara èu, te mora iisi hari ana mone ca dhèu! de baku paroe iisi.","Èle èèna ka, bhèni ne jꞌajꞌi dènge dꞌara. Ka bhèni ne peka dènge bhèni ne, aku nèngu na, ""Baku madhaꞌu, te èu jꞌajꞌi dènge ana neꞌe kahèi."""
GEN 35:18,"forsooth while the soul passed from her for sorrow, and death nighed then, she called the name of her son benoni, that is, the son of my sorrow; forsooth his father called him benjamin, that is, the son of the right side.","lod'o rahel oe ma'ète a'ae, na pangare ana ne, ben-oni, dhu sasoa na ‘ana nèti j'aj'èra ja'a'. ka heka na madhe kèna. te ngaa yakob hia ana ne ngara benyamin, dhu sasoa na ‘ana ai g'ana'.","Lodꞌo bhèni ne madhe, dꞌara na karejꞌe. Ka bhèni ne pangare ana ne, Benoni. Aa ama na pangare ana ne, Benjamin."
GEN 35:19,"therefore rachel died, and was buried in the way that leadeth to ephratah, that is bethlehem.","ka ra padhane rahel ètu sebhe j'ara dhu la'e asa efrata, dhu limuri ne, ngara na betlehem.","Èle èèna ka, Rahel madhe, ka ra padhane ne ètu dꞌara jꞌara ètu rae Efrat, dhu ngara na Betlehem."
GEN 35:20,and jacob builded a memorial upon the sepulchre of her; this is the memorial of the burial of rachel unto this present day.,"hèia yakob pudhi lutu bhatu ètu ro'a dhèu èmu na èèna. d'ai sange ne'e, ro'a rahel ne era.","Èle èèna ka, dhèu aae Yakob pajꞌujꞌu aae Rahel ètu era èèna, sèna ka ra padhane ne. Nèti èèna ka, dhèu aae Yakob pajꞌujꞌu aae Rahel ètu era èèna, toke dꞌai sange neꞌe."
GEN 35:21,"jacob went from thence, and setted a tabernacle over the tower of the flock.","èle èèna ka, yakob pea boe mi ca era sa. ca tèka, na patitu paleo ètu sebhe manara eder.","Èle èèna ka, Yakob tèke eele era neꞌe, hèia na patitu hèbꞌa ètu era neꞌe. Ètu era neꞌe, Yakob patitu hèbꞌa ètu era neꞌe."
GEN 35:22,"and while he dwelled in that country, reuben went, and slept with bilhah, the secondary wife of his father, which thing was not hid from him. forsooth the sons of jacob were twelve;","lod'o rèngu ètu era èèna, ruben j'unu dènge bilha, dhèu èmu piara ama na. èèna ka, yakob ne'a j'ara ne'e kahèi. ana mone yakob, canguru dua dhèu.","Èle èèna ka, ana-èpu Yakob dhèu canguru dua. Ropa Ruben pea ètu dꞌara rae, hèia na maso asa bhèni ama na, bhèni bhèni balu na, bhèni bhèni bhèni bhèni balu na, bhèni bhèni bhèni bhèni balu na, bhèni bhèni bhèni bhèni balu na, bhèni bhèni bhèni bhèni bhèni balu na, bhèni bhèni bhèni bhèni bhèni balu na, bhèni bhèni bhèni bhèni bhèni balu na, bhèni bhèni bhèni bhèni bhèni balu na, bhèni bhèni bhèni bhèni bhèni balu na, bhèni bhèni bhèni bhèni bhèni bhèni balu na, bhèni bhèni bhèni bhèni bhèni bhèni balu na, bhèni bhèni bhèni bhèni bhèni bhèni bhèni bhèni bhèni bhèni bhèni bhèni bhèni bhèni bhèni bhèni bhèni bhèni bhèni bhèni bhèni bhèni bhèni bhèni bhèni bhèni bhèni bhèni bhèni bhèni bhèni bhèni bhèni bhèni bhèni bhèni bhèni bhèni bhèni bhèni bhèni bhèni bhèni bhèni bhèni bhèni bhèni bhèni bhèni bhèni bhèni bhèni bhèni bhèni bhèni bhèni bhèni bhèni bhèni bhèni bhèni bhèni bhèni bhèni bhèni bhèni bhèni bhèni bhèni bhèni bhèni bhèni bhèni bhèni bhèni bhèni bhèni bhèni bhèni bhèni bhèni bhèni bhèni bhèni bhèni bhèni bhèni bhèni bhèni bhèni bhèni bhèni bhèni bhèni bhèni bhèni bhèni bhèni bhèni bhèni bhèni bhèni bhèni bhèni bhèni bhèni bhèni bhèni bhèni bhèni bhèni bhèni"
GEN 35:23,"the sons of leah were, the first begotten reuben, and simeon, and levi, and judah, and issachar, and zebulun;","ana-ana nèti lea, nuka: ruben ana uuru yakob, simeon, lewi, yahuda, isaskar, dènge sebulon.","Ana-èpu Lea, nuka: Ruben, Simeon, Lewi, Yuta, Isar, Zebulon. Lamatua hia ana-èpu na èci, nuka: Simeon, Lewi, Isar, Isakari, Sebulon, Nahor, Nahor, Nahor, Nahor, Nahor, Nahor, Nahor, Nahor, Nahor, Nahor, Nahor, Nahor, Nahor, Nahor, Nahor, Nahor, Nahor, Nahor, Nahor, Nahor, Nahor, Nahor, Nahor, Nahor, Nahor, Nahor, Nahor, Nahor, Nahor, Nahor, Nahor, Nahor, Nahor, Nahor, Nahor, Nahor, Nahor, Nahor, Nahor, Nahor, Nahor, Nahor, Nahor, Nahor, Nahor, Nahor, Nahor, Nahor, Nahor, Nahor, Nahor, Nahor, Nahor, Nahor, Nahor, Nahor, Nahor, Nahor, Nahor, Nahor, Nahor, Nahor, Nahor, Nahor,"
GEN 35:24,"the sons of rachel were joseph, and benjamin;","ana-ana rahel, nuka: yusuf dènge benyamin.","ana-èpu Rahel: Yusuf, Benyamin,"
GEN 35:25,"the sons of bilhah, the handmaid of rachel, were dan, and naphtali;","ana-ana nèti bilha, ènu rahel: dan dènge naftali.","ana-èpu na, Bilha. Ana bhèni na, Rahel. Ana bhèni na, Dan. Ana bhèni na, Naftali."
GEN 35:26,"and the sons of zilpah, the handmaid of leah, were gad, and asher. these were the sons of jacob, that were born to him in mesopotamia of syria.","aa ana-ana nèti silpa, ènu lea, nuka: gad dènge aser. rara iisi ana se ètu padan aram.","Zilpa, ana bhèni na, Gad, dènge Aser. Ana-èpu Yakob sèra, abhu ètu propensi Aram, ètu propensi Mesopotamia."
GEN 35:27,"also jacob came to isaac, his father, into mamre, the city of arbah, this is hebron, in which mamre abraham and isaac was a pilgrim.","èle èèna ka, yakob la'e ngad'o ama na isak asa mamre, dhu dètu dènge kiryat-arba dhu limuri ne, ngara na hebron. uru èèna, baki na abraham pea ètu èèna.","Èle èèna ka, Yakob laꞌe paraga dènge Isak ètu rae Mamre, dhu ngara na Hebron. Mamre ètu rae Abraham dènge Isak."
GEN 35:28-29,"and the days of isaac were filled an hundred and fourscore of years; and he was wasted in age, and died, and he was put to his people, and was eld or old, and full of days; and esau and jacob his sons buried him.","umur isak d'ai ca ngasu aru nguru tèu, heka madhe kèna. ka ana na esau dènge yakob padhane ne.","Èle èèna ka, Isak madhe dènge dhèu ae-ae. Èle èèna ka, Esau dènge Yakob padhane Isak."
GEN 36:1,forsooth these be the generations of esau; he is edom.,"ne'e ne, ana-èpu esau. ngara esau dhu leo, edom.","sèmi èèna kahèi dènge ana-èpu Esau, dhu ngara na Edom. [Dhèu seꞌe se, ana-èpu Esau. Nèngu ne, Ama Lamatua. Nèngu ne, Ama Lamatua, Ama Lamatua, Ama Lamatua, Ama Lamatua, Ama Lamatua, Ama Lamatua, Ama Lamatua, Ama Lamatua, Ama Lamatua, Ama Lamatua, Ama Lamatua, Ama Lamatua, Ama Lamatua, Ama Lamatua, Ama Lamatua, Ama Lamatua, Ama Lamatua, Ama Lamatua, Ama Lamatua, Ama Lamatua, Ama Lamatua, Ama Lamatua, aaꞌi-aaꞌi, Ama Lamatua, Ama Lamatua, Ama Lamatua, Ama Lamatua, Ama Lamatua, Ama Lamatua, aaꞌi-aaꞌi, Ama Lamatua, Ama Lamatua, Ama Lamatua, Ama Lamatua, Ama Lamatua, Ama Lamatua, Ama Lamatua, Ama Lamatua, Ama Lamatua, Ama Lamatua, aaꞌi-Lamatua, Ama Lamatua, Ama Lamatua, Ama Lamatua, Ama Lamatua, Ama Lamatua, Ama Lamatua, Ama Lamatua, Ama Lamatua, Ama Lamatua, nèti Ama Lamatua, Ama Lamatua, Ama Lamatua, Ama Lamatua, Ama Lamatua, nèti uru"
GEN 36:2,"esau took wives of the daughters of canaan; adah, the daughter of elon the hittite, and oholibamah, the daughter of anah, the son of zibeon the hivite;","esau leo dènge ana bhèni kana'an dhèu dua. èci dhèu het, ana bhèni nèti elon, ngara na ada. dhèu èmu na èci hari, dhèu hewi, ngara na oholibama. ama na, ngara na anah, aa baki na sibeon.","Esau abhu dhèu dhu jꞌajꞌi dhèu èmu-kamali nèti rai Kanaꞌan, ngara na Adah, ana bhèni Elon, dhèu Het. Aa Esau abhu dhèu dhu jꞌajꞌi ana bhèni, ngara na Oholibama, ana bhèni Ana, ana nèti Zibeon, dhèu Hiwi."
GEN 36:3,"also bashemath, the daughter of ishmael, the sister of nebajoth.","esau leo kahèi dènge ana ismael, ngara na basmat. ana mone basmat, ngara na nebayot.","èci èèna kahèi, Bashemath, ana bhèni Ismael, aꞌa nèti Nabaiot. [Nèngu ne, ana bhèni Nabaiot. Nèngu ne, Ama Lamatua. Nèngu ne, Ama Lamatua. Nèngu ne, Ama Lamatua. Nèngu ne, Ama Lamatua. Nèngu ne, Ama Lamatua. Nèngu ne, Ama Lamatua. Nèngu ne, Ama Lamatua. Nèngu ne, Ama Lamatua. Nèngu ne, Ama Lamatua. Nèngu ne, Ama Lamatua. Nèngu ne, Ama Lamatua. Nèngu ne, Ama Lamatua. Nèngu ne, Ama Lamatua. Nèngu ne, Ama Lamatua. Nèngu ne, Nèngu ne, Ama Lamatua. Nèngu ne, Nèngu ne, Nèngu ne, Nèngu ne, Nèngu ne. Nèngu ne, Nèngu ne, Nèngu ne, Nèngu ne. Nèngu ne, Nèngu ne, Nèngu ne, Nèngu ne. Nèngu ne, Nèngu ne, Nèngu ne. Nèngu ne, Nèngu ne. Nèngu ne, Nèngu ne, Nèngu ne, Nèngu ne. Nèngu ne. Nèngu ne, Nèngu ne, Nèngu ne. Nèngu ne, Nèngu nèti"
GEN 36:4,and adah childed eliphaz; bashemath childed reuel;,"ada, dhèu èmu uuru esau, nara iisi elifas. basmat matana rahuel.","hadhu, hadhu, hadhu, hadhu, hadhu, hadhu, hadhu, hadhu, hadhu, hadhu, hadhu, hadhu, hadhu, hadhu, hadhu, hadhu, hadhu, hadhu, hadhu, hadhu, hadhu, hadhu, hadhu, hadhu, hadhu, hadhu, hadhu, hadhu, hadhu, hadhu, hadhu, hadhu, hadhu, hadhu, hadhu, hadhu, hadhu, hadhu, hadhu, hadhu, hadhu, hadhu,"
GEN 36:5,"oholibamah childed jeush, and jaalam, and korah. these were the sons of esau, that were born to him in the land of canaan.","aa oholibama matana yeus, yalam dènge kora. ana esau aa'i-aa'i ra sèra rara iisi si ètu rai kana'an.","Oholibama, ama na, Yeus, Yalam, dènge Korah. Ana-èpu Esau sèra, abhu Esau ètu rai Kanaꞌan."
GEN 36:6,"soothly esau took his wives, and his sons, and daughters, and each soul of his house, and his cattle, and sheep, and all things which he had in the land of canaan, and went into another country, and departed from his brother jacob;","ca tèka, esau pidha asa rai leo cue dhu kaj'èu nèti yakob. la'e nèti aa'i bhèni-ana niki, dhèu-dhèu sab'a, badha-manu, dènge mèdha-panyau na.","Èle èèna ka, Esau tèke eele aꞌari na Yakob, ka laꞌe asa rai leo èci. Nèngu dènge dhèu aaꞌi-aaꞌi, ana-èpu na dènge dhèu èmu na, kahibꞌi-kalèbho na aaꞌi-aaꞌi ra, aa aaꞌi-aaꞌi ra aaꞌi-aaꞌi na aaꞌi-aaꞌi ra ètu rai Kanaꞌan."
GEN 36:7,"for they were full rich, and they might not dwell together, and the land of their pilgrimage sustained not them, for the multitude of flocks.","esau pacèri dènge yakob, lula badha-manu ra dènge mèdha-panyau ra ae d'ai seli. nèti èèna ka, era pea rèngu katata ètu rai èèna.","Rèngu aaꞌi-aaꞌi ra ètu dꞌara rai èèna, te ngaa ètu rai èèna, rèngu aaꞌi-aaꞌi ra dènge mèdha-panyau aaꞌi-aaꞌi ra. Nèti èèna ka, rèngu aaꞌi-aaꞌi ra dènge kahibꞌi-kalèbho aaꞌi-aaꞌi ra. Nèti èèna ka, rèngu aaꞌi-aaꞌi ra dènge mèdha-panyau aaꞌi-aaꞌi ra ètu dꞌara rai èèna, lula rèngu aaꞌi-aaꞌi ra dènge kahibꞌi-kalèbho aaꞌi-aaꞌi ra."
GEN 36:8,and esau dwelled in the hill of seir; he is edom.,hèia esau nuka edom la'e pea ètu ledhe ètu seir.,Esau pea ètu sebhe sebhe sebhe sebhe sebhe sebhe sebhe sebhe sebhe sebhe sebhe sebhe sebhe sebhe sebhe sebhe sebhe sebhe sebhe sebhe sebhe sebhe sebhe sebhe sebhe sebhe sebhe sebhe sebhe sebhe sebhe sebhe sebhe sebhe sebhe sebhe sebhe sebhe sebhe sebhe sebhe sebhe sebhe sebhe sebhe sebhe sebhe sebhe sebhe sebhe sebhe sebhe sebhe sebhe sebhe sebhe sebhe sebhe sebhe sebhe sebhe sebhe sebhe sebhe sebhe sebhe sebhe sebhe sebhe sebhe sebhe sebhe sebhe sebhe sebhe sebhe sebhe sebhe sebhe sebhe sebhe sebhe sebhe sebhe.
GEN 36:9,"forsooth these were the genera-tions of esau, father of edom, in the hill of seir,","se'e se, ana-èpu esau dhu ra peka na ‘dhèu edom'. rèngu pea ètu era ledhe seir.","Ana-èpu Esau, ama dhèu Edom, ètu sebhe sebhe Seir."
GEN 36:10-13,"and these were the names of his sons; eliphaz, the son of adah, wife of esau, also reuel, the son of bashemath, wife of esau. and the sons of eliphaz were teman, omar, zepho, and gatam, and kenaz. forsooth timna was the secondary wife of eliphaz, esau's son, which timna childed to him amalek. these were the sons of adah, esau's wife. forsooth the sons of reuel were nahath, and zerah, and shammah, and mizzah. these were the sons of bashemath, esau's wife.","ada, dhèu èmu esau, nara iisi ana mone ca dhèu, ngara na elifas. elifas ne, ana mone na, dhèu lèmi, nuka: teman, omar, sefo, gatam dènge kenas. dhèu èmu piara elifas, ngara na timna. nara iisi ana mone ca dhèu, ngara na amalek. dhèu èmu esau, basmat, nara iisi ana mone ca dhèu, ngara na rehuel. rehuel abhu ana mone dhèu èpa, nuka: nahat, sera, syama, dènge misa.","Ana-èpu Esau, ngara na Nahat, Zerah, Shamma, dènge Miza. Ana-èpu Esau, ngara na Timna, dhèu èmu kapai nèti Elifas, ana ama Esau, Amalek. Aaꞌi-aaꞌi se, ana-èpu Esau, ngara na Nahat, Zerah, Shamma, dènge Miza, aaꞌi-aaꞌi rèngu ka dhu jꞌajꞌi dhèu aaꞌi-aaꞌi ètu dꞌara Èmu Kapua Manèngi-Mangajꞌi ètu dꞌara Èmu Kapua Manèngi-Mangajꞌi ètu dꞌara Èmu Kapua Manèngi-Mangajꞌi ètu dꞌara Èmu Kapua Manèngi-Mangajꞌi ètu dꞌara Èmu Kapua Manèngi-Mangajꞌi ètu dꞌara Èmu Kapua Manèngi-Mangajꞌi ètu dꞌara Èmu Kapua Manèngi-Mangajꞌi ètu dꞌara Èmu Kapua Manèngi-Mangajꞌi ètu dꞌara Èmu Kapua Manèngi-Mangajꞌi ètu dꞌara Èmu Kapua Manèngi-Mangajꞌi ètu dꞌara Èmu Kapua Manèngi-Mangajꞌi ètu dꞌara Èmu Kapua Manèngi-Mangajꞌi."
GEN 36:14,"and these were the sons of oholibamah, the daughter of anah, son of zibeon, esau's wife, which she childed to him; jeush, and jaalam, and korah.","dhèu èmu esau, oholibama, ana nèti anah, aa èpu nèti sibeon, nara iisi ana mone dhèu tèlu, nuka: yeus, yalam, dènge kora.","Aꞌari aaꞌi-aaꞌi èèna: Oholibama, ana Ana, ana Nahan, ana Zebon, dhèu èmu Esau. Aaꞌi-aaꞌi èèna, nuka: Yeus, Yalam, dènge Korah. Nèngu ka dhu jꞌajꞌi dhèu aaꞌi-aaꞌi ètu dꞌara Èmu Kapua Manèngi-Mangajꞌi ètu dꞌara Èmu Kapua Manèngi-Mangajꞌi ètu dꞌara Èmu Kapua Manèngi-Mangajꞌi ètu dꞌara Èmu Kapua Manèngi-Mangajꞌi ètu dꞌara Èmu Kapua Manèngi-Mangajꞌi ètu dꞌara Èmu Kapua Manèngi-Mangajꞌi ètu dꞌara Èmu Kapua Manèngi-Mangajꞌi ètu dꞌara Èmu Kapua Manèngi-Mangajꞌi ètu dꞌara Èmu Kapua Manèngi-Mangajꞌi."
GEN 36:15-16,"these were dukes of the sons of esau; the sons of eliphaz, the first engendered of esau; duke teman, duke omar, duke zepho, duke kenaz, duke korah, duke gatam, and duke amalek. these were the sons of eliphaz, in the land of edom, and these were the sons of adah.","ana-èpu esau se pahag'a lème, ka j'aj'i mi suku ae-ae. èci-èci ka dènge kapala suku ra. ana-ana elifas, dhu ana uuru nèti esau, j'aj'i kapala suku nèti suku teman, suku omar, suku sefo, suku kenas, suku kora, suku gatam dènge suku amalek. rèngu aa'i-aa'i se'e, ana-èpu nèti esau dènge dhèu èmu na ada.","Dhèu aaꞌi-aaꞌi se, ana-èpu Esau, ngara na Eliphaz, ana bèdho Esau, ngara na Elam, ngara na Omar, ngara na Sepho, ngara na Kenas, ngara na Kora, ngara na Katam, ngara na Amalek. Dhèu aaꞌi-aaꞌi se, dhèu aaꞌi-aaꞌi ra nèti rai Eliphaz, ètu rai Edom. Dhèu aaꞌi-aaꞌi se, dhèu aaꞌi-aaꞌi ra nèti aaꞌi-aaꞌi ra nèti aaꞌi-aaꞌi ra. Rèngu se, dhèu aaꞌi-aaꞌi ra nèti aaꞌi-aaꞌi ra nèti aaꞌi-aaꞌi ra. Rèngu se, dhèu aaꞌi-aaꞌi ra nèti aaꞌi-aaꞌi ra, dhèu aaꞌi-aaꞌi ra nèti aaꞌi-aaꞌi ra nèti aaꞌi-aaꞌi ra. Rèngu se, dhèu aaꞌi-aaꞌi ra nèti aaꞌi-aaꞌi ra nèti aaꞌi-aaꞌi ra."
GEN 36:17,"also these were the sons of reuel, esau's son; duke nahath, duke zerah, duke shammah, duke mizzah; forsooth these dukes were of reuel, in the land of edom. these were the sons of bashemath, esau's wife.","ana-ana rehuel, dhu ana nèti esau, j'aj'i kapala suku nèti suku nahat, suku sera, suku syama, dènge suku misa. aa'i-aa'i se, ana-èpu esau dènge dhèu èmu na, basmat.","Ana-èpu Esau, bhèni Nahat, bhèni Zerah, bhèni Shammah, bhèni Mizah. Dhèu aaꞌi-aaꞌi se, ana-èpu Rehuel, ètu rai Edom. Rèhuel, ana-èpu Esau. Rèhuel, bhèni Nahat, bhèni Zerah, bhèni Shammah, bhèni Mizah. Rèhuel, ana-èpu Esau. Rèhuel, bhèni Nahat, bhèni Nahat, bhèni Nahat, bhèni Nahat, bhèni Nahat, bhèni Nahat, bhèni Nahat, bhèni Nahat, bhèni Nahat, bhèni Nahat, bhèni Nahat, bhèni Nahat, bhèni Nahat, bhèni Nahatua, bhèni Nahatua, bhèni Nahatua, bhèni Nahatua, bhèni Nahatua, bhèni Nahatua, bhèni Nahatua Nahatua, bhèni Nahatua Nahatua, bhèni Nahatua Nahatua, bhèni Nahatua Nahatua, bhèni Nahatua Nahatua, bhèni Nahatua Nahatua, bhèni Nahatua Nahatua."
GEN 36:18,"forsooth these were the sons of oholibamah, esau's wife; duke jeush, duke jaalam, duke korah; these were the dukes of oholibamah, the daughter of anah, esau's wife.","ana-ana nèti esau dènge dhèu èmu na, oholibama, j'aj'i kapala suku nèti suku yeus, suku yalam, dènge suku kora.","Aaꞌi-aaꞌi se, ana-èpu Oholibama, dhèu èmu Esau. Aaꞌi-aaꞌi se, ngara na Yeus, ngara na Yalam, ngara na Kora. Aaꞌi-aaꞌi se, ana-èpu Oholibama, ana ana Ana, dhèu èmu Esau."
GEN 36:19,"these were the sons of esau, and these were dukes of them; he is edom.",suku se'e aa'i-aa'i ra nèti ana-èpu esau.,"Rèngu se, ana-èpu Esau. Rèngu se, ana-èpu Edom. Rèngu se, ana-èpu Esau. Rèngu aaꞌi-aaꞌi ra, ana-èpu Esau. Rèngu aaꞌi-aaꞌi ra, ana-èpu Esau. Rèngu aaꞌi-aaꞌi ra, ana-èpu Esau. Rèngu aaꞌi-aaꞌi ra, ana-èpu Esau. Rèngu aaꞌi-aaꞌi ra, ana-èpu Esau. Rèngu aaꞌi-aaꞌi ra, ana-èpu Esau. Rèngu aaꞌi-aaꞌi ra, ana-èpu Esau."
GEN 36:20-21,"these were the sons of seir the horite, inhabiters of the land; lotan, and shobal, and zibeon, and anah, and dishon, and ezer, and dishan; these dukes were of horites, the sons of seir, in the land of edom.","ètu era èèna, abhu dhèu hori èci, ngara na seir. ana-ana na pahag'a palème rai, ka j'aj'i suku ae-ae. èci-èci ka dènge kapala suku na. èle èèna ka, ana-ana na se j'aj'i kapala suku nèti suku lotan, suku sobal, suku sibeon, suku anah, suku dison, suku eser, dènge suku disan.","Rèngu se, ana-èpu Seir, dhèu Hor, dhu pea ètu rai-haha ne, nuka: Lotan, Sobal, Zibeon, Ana, Dishon, Ezer, dènge Disan. Rèngu se, ana-èpu Seir, dhèu Hor, dhu pea ètu rai-haha ne, ètu rai Edom."
GEN 36:22,"forsooth the sons of lotan were hori, and hemam; soothly the sister of lotan was timna.","ana lotan nuka: hori dènge heman. ana hèni lotan, nuka timna.","Ana-èpu Lot, dua ra: Hori dènge Hemam. Aꞌari Lot, dua ra: Timna."
GEN 36:23,"and these were the sons of shobal; alvan, and manahath, and ebal, shepho, and onam.","ana-ana sobal, nuka: alwan, manahat, ebal, sefo, dènge onam.","Ana-èpu Sobal, èèna: Alvan, Manahat, Ebal, Shepho, dènge Onam."
GEN 36:24,"and these were the sons of zibeon; ajah, and anah; this is ahan that found hot waters in the wilderness, when he kept the asses of zibeon, his father;","ana-ana nèti sibeon, nuka: aya, dènge anah. anah ne'e ka dhu rage madha èi pana ètu d'ara mamoo, lod'o na madhenga keled'ei ama na.","Rèngu se, ana-èpu Zebeon. Neꞌe ne, Neꞌe ne, Ana. Neꞌe ne, Ana. Rèngu neꞌe ne, neꞌe ne, Neꞌe ne, neꞌe ne, neꞌe ne, neꞌe ne, nèti èèna ka, nèti dꞌara cabèka ètu dꞌara mamoo ètu dꞌara mamoo. Lodꞌo neꞌe ne, nèngu neꞌe ne, kahibꞌi-kalèbho kahibꞌi-kalèbho kahibꞌi-kalèbho kahibꞌi-kalèbho kahibꞌi-kalèbho kahibꞌi-kalèbho kahibꞌi-kalèbho kahibꞌi-kalèbho kahibꞌi-kalèbho kahibꞌi-kalèbho kahibꞌi-kalèbho kahibꞌi-kalèbho kahibꞌi-kalèbho kahibꞌi-kalèbho kahibꞌi-kalèbho kahibꞌi-kalèbho kahibꞌi-kalèbho kahibꞌi-kalèbho."
GEN 36:25-26,"and he had a son, dishon, and a daughter, oholibamah. and these were the sons of dishon; hemdan, and eshban, and ithran, and cheran.","ana bhèni nèti anah, nuka oholibama. aa ana mone na, nuka, dison. ana-ana dison, nuka: hemdan, esban, yitran, dènge keran.","Hesbon, Hesban, Ithran, Keran, aaꞌi-aaꞌi ra, nuka: Heson, Hesban, Ithran, Keran. Èle èèna ka, nèti dꞌara dꞌara dꞌara dꞌara dꞌara dꞌara dꞌara dꞌara dꞌara dꞌara dꞌara dꞌara dꞌara dꞌara dꞌara dꞌara dꞌara dꞌara dꞌara dꞌara dꞌara dꞌara dꞌara dꞌara dꞌara dꞌara dꞌara dꞌara dꞌara dꞌara dꞌara dꞌara dꞌara dꞌara dꞌara dꞌara dꞌara dꞌara dꞌara dꞌara dꞌara dꞌara dꞌara dꞌara dꞌara dꞌara dꞌara dꞌara dꞌara dꞌara dꞌara dꞌara dꞌara dꞌara dꞌara dꞌara dꞌara dꞌara dꞌara dꞌara dꞌara dꞌara dꞌara dꞌara dꞌara dꞌara dꞌara dꞌara dꞌara dꞌara dꞌara madha dꞌara dꞌara dꞌara dꞌara dꞌara dꞌara dꞌara dꞌara dꞌara dꞌara dꞌara dꞌara dꞌara dꞌara dꞌara dꞌara dꞌara dꞌara dꞌara dꞌara dꞌara dꞌara dꞌara dꞌara dꞌara dꞌara dꞌara dꞌara dꞌara dꞌara dꞌara dꞌara dꞌara dꞌara dꞌara dꞌara dꞌara dꞌara dꞌara dꞌara dꞌara dꞌara dꞌara dꞌara dꞌara dꞌara dꞌ"
GEN 36:27,"also these were the sons of ezer; bilhan, and zaavan, and akan.","ana-ana eser, nuka: bilhan, saawan, dènge akan.","Ana-èpu èci, nuka: Ezer, Bilhan, Zafan, Dan. Èci èèna ka dhu jꞌajꞌi ana-èpu nèti èèna ka: Ezer, Bilhan, Zafan, Dan, Nahan, Nahanim, Nahanim, Nahanim, Nahanim, Nahanim, Nahanim, Nahanim, Nahanim, Nahanim, Nahanim, Nahanim, Nahanim, Nahanim, Nahanim, Nahanim, Nahanim, Nahanim, Nahanim, Nahanim, Nahanim, Nahanim, Nahanim, Nahanim, Nahanim, Nahanim, Nahanim, Nahanim, Nahanim, Nahanim, Nahanim, Nahanim, Nahanim, Nahanim, Nahanim, Nahanim, Nahanim, Nahanim, Nahanim, Nahanim, Nahanim, Nahanim, Nahanim, Nahanim, Nahanim, Nahanim, Nahanim, Nahanim, Nahanim,"
GEN 36:28,"and dishon had sons; uz, and aran.","ana-ana disan, nuka: us, dènge aran.",dꞌai dꞌai dꞌai dꞌai dꞌai dꞌai dꞌai dꞌai dꞌai dꞌai dꞌai dꞌai dꞌai dꞌai dꞌai dꞌai dꞌai dꞌai dꞌai dꞌai dꞌai dꞌai dꞌai dꞌai dꞌai dꞌai dꞌai dꞌai dꞌai dꞌai dꞌai neꞌe.
GEN 36:29-30,"these were the dukes of horites; duke lotan, duke shobal, duke zibeon, duke anah, duke dishon, duke ezer, duke dishan; these were the dukes of horites, that were lords in the land of seir.","de kapala-kapala suku nèti dhèu hori sèra, nuka: lotan, sobal, sibeon, anah, dison, eser, dènge disan. rèngu aa'i-aa'i se pea ètu rai seir.","dhèu-dhèu heka-dhèu nèti suku Horit, ngara na Lotan, sopoal, zibon, ana, dꞌara, dꞌara, dꞌara, dꞌara, dꞌara, dꞌara, dꞌara, dꞌara, dꞌara, dꞌara. Dhèu-dhèu heka-dhèu heka-dhèu nèti suku Horit, dhèu-dhèu kapai ètu rai Seir."
GEN 36:31,"forsooth the kings that reigned in the land of edom, before that the sons of israel had a king, were these;","lod'o dhu kabarai isra'el dènge mèka dhèu aae, te ngaa ètu rai edom dènge le dhèu aae. ngara dhèu aae se, dhutu-dhutu, nuka:","Uru èèna, dhèu aaꞌi-aaꞌi dhu paredha ètu rai Edom, jꞌajꞌi dhèu aae dhèu aaꞌi-aaꞌi nèti dhèu Israꞌel."
GEN 36:32,"bela, the son of beor, and the name of his city was dinhabah.","ra ded'e bela, ana nèti beor, j'aj'i dhèu aae ètu kota dinhaba.","Bèla, ana Beor. Nèti èèna ka, dhèu aaꞌi-aaꞌi ra pangare dhèu ètu dꞌara rae ne, ngara na Beor. Nèti èèna ka, dhèu aaꞌi-aaꞌi ra pajꞌujꞌu dhèu aaꞌi-aaꞌi ètu dꞌara rae ne, ngara na Beor. Nèti èèna ka, dhèu aaꞌi-aaꞌi ra pangare dhèu aaꞌi-aaꞌi ètu dꞌara rae ne, ngara na Beor."
GEN 36:33,"forsooth bela died, and jobab, the son of zerah of bozrah, reigned for him.","ropa bela madhe, ra ded'e yobab ho gati ne, j'aj'i dhèu aae. ama na, ngara na sera, nèti rae bosra.","Èle èèna ka, bèla madhe, ka Yobab, ana Serah, nèti Bosra, jꞌajꞌi dhèu aae."
GEN 36:34,"and when jobab was dead, husham of the land of temani reigned for him.","ropa yobab madhe, ra ded'e husam ho gati na, j'aj'i dhèu aae. husam ne, nèti rai dhèu teman.","Èle èèna ka, Yobab madhe, hèia Husam, nèti rai Kesani, jꞌajꞌi dhèu aae."
GEN 36:35,"and when he was dead, hadad, the son of bedad, that smote midian in the land of moab, and the name of his city was avith, reigned for him.","ropa husam madhe, ra ded'e hadad ho gati na, j'aj'i dhèu aae. ama na, ngara na bedad, nèti rae awit. nèngu ka dhu segi dhèu midian, lod'o ra pamusu ètu moab.","Ropa Na madhe, hèia Hadad, ana Bedad, jꞌajꞌi dhèu aae. Hadad ka dhu jꞌajꞌi dhèu aae kota Na, ngara na Avit. Hadad ka dhu jꞌajꞌi dhèu aae Midian ètu rai Moab."
GEN 36:36,"and when hadad was dead, samlah of masrekah reigned for him.","ropa hadad madhe, ra ded'e samla ho gati na, j'aj'i dhèu aae. nèngu ne, nèti rae masreka.","Èle èèna ka, Hadad madhe, ka Samerakh jꞌajꞌi dhèu aaꞌi-aaꞌi."
GEN 36:37,"and when he was dead, saul of the flood of rehoboth reigned for him.","ropa samla madhe, ra ded'e saul ho gati na, j'aj'i dhèu aae. saul èèna, nèti rae rehobot, dhu ètu sebhe loko.","Èle èèna ka, Saul, dhèu rehobot, jꞌajꞌi dhèu aae Saul."
GEN 36:38,"and when he was dead, baal-hanan, the son of achbor, was successor into the realm.","ropa saul madhe, ra ded'e baal-hanan ho gati na, j'aj'i dhèu aae. ama na, ngara na akbor.","Èle èèna ka, bèli-camèdꞌa dhèu èci, ngara na Baal-Hanan, ana Achbor, laꞌe jꞌajꞌi dhèu aae."
GEN 36:39,"and when he was dead, hadar reigned for him, and the name of the city of hadar was pau, and the name of his wife was mehetabel, the daughter of matred, the daughter of mezahab.","ropa baal-hanan madhe, ra ded'e hadar ho gati na, j'aj'i dhèu aae. hadar ne, nèti rae pau. aa dhèu èmu na, ngara mehetabel. ama mehetabel, ngara na matret. aa baki na, mesahab.","Èle èèna ka, Hadar madhe, ka dhèu aaꞌi-aaꞌi ra jꞌajꞌi dhèu aaꞌi-aaꞌi. Nèti èèna ka, dhèu aaꞌi-aaꞌi ra jꞌajꞌi dhèu aaꞌi-aaꞌi, ngara na Pahu. Dhèu aaꞌi-aaꞌi ra jꞌajꞌi dhèu aaꞌi-aaꞌi, ngara na Metabel. Hadar ne, ana nèti Metabel, ana nèti Metabel. Metabel ne, ana nèti Metabel. Hadar jꞌajꞌi dhèu aaꞌi-aaꞌi dhu jꞌajꞌi dhèu aaꞌi-aaꞌi dhu jꞌajꞌi dhèu aaꞌi-aaꞌi dhu jꞌajꞌi dhèu aaꞌi-aaꞌi."
GEN 36:40-43,"therefore these were the names of the dukes of esau, in their kindreds, and places, and names; duke timnah, duke alvah, duke jetheth, duke oholibamah, duke elah, duke pinon, duke kenaz, duke teman, duke mibzar, duke magdiel, duke iram; these were the dukes of edom, dwelling in the land of his lordship; he was esau, the father of idumeans.","de kapala-kapala suku dhu j'aj'i nèti ana-èpu esau, nuka: timna, alwa, yetet, oholibama, ela, pinon, kenas, teman, mibsar, magdiel, dènge iram. rèngu se èci-èci pangare rai ra madhutu ngara rèngu unu ra. de aa'i-aa'i se'e, lii lolo nèti ana-èpu esau, dhèu edom èèna.","Nèti èèna ka, dhèu aae Esau, ngara na Timna, dꞌara na Alva, dꞌara na Jethet, dꞌara na Oholibama, dꞌara na Ela, dꞌara na Pinon, dꞌara na Kenaz, dꞌara na Teman, dꞌara na Mibzar, dꞌara na Magdiel, dꞌara na Iram. Aaꞌi-aaꞌi se, dhèu aae Edom, dhu pea ètu rai ama na."
GEN 37:1,"forsooth jacob dwelled in the land of canaan, in which his father was a pilgrim;","ne'e ne, lii lole nèti yakob si. ca tèka ka, yakob la'e pea hari asa rai kana'an. èèna, era pea ama na isak nèti uru ka.","Èle èèna ka, Yakob pea ètu rai Kanaꞌan, ètu rai ama na."
GEN 37:2,"and these were the generations of him. joseph when he was of sixteen years, yet a child, kept a flock with his brethren, and he was with the sons of bilhah and zilpah, the wives of his father; and he accused his brethren at the father of the worst sin.","tèu èèna, ana yakob èci, nèti dhèu èmu na rahel, ngara na yusuf. yusuf ne'e, ropa umur na d'ai canguru pidhu tèu, nèngu dènge a'a na si, tema le j'aga kahib'i-kalèbho rèngu. a'a na sèra, ana nèti ina leo hari, ngara na bilha dènge silpa. te ngaa yusuf ne'e tuka tenge lii mi dedha a'a na si, ho la'e pana'e ama na.","Nèti èèna ka, Yusuf dènge aꞌari na, bhèni Bilha dènge Zilpa, dhu jꞌajꞌi dhèu bhèni ama na. Lodꞌo èèna, Yusuf dènge ana-èpu na ètu dꞌara oka. Lodꞌo èèna, nèngu dènge ana-èpu na ètu dꞌara kahibꞌi-kalèbho. Èle èèna ka, Yusuf padhai lii dènge aꞌari na, peka na, bèli-camèdꞌa aaꞌi-aaꞌi ra adꞌu-ue bhabhelu-katubꞌa ètu dꞌara kahibꞌi-kalèbho. Nèti èèna ka, Yusuf padhai lii dènge aꞌari na, peka na, bèli-camèdꞌa dhèu bhèni aaꞌi-aaꞌi ra adꞌu-ue bhabhelu-katubꞌa ètu dꞌara kahibꞌi-kalèbho aaꞌi-aaꞌi ra."
GEN 37:3,"forsooth israel loved joseph above all his sons, for he had begotten him in his eld age; and he made to joseph a coat of many colours.","lod'o dhu rara iisi yusuf na, ama na dhu heka le. nèti èèna ka, na sue yusuf ne risi eele nèti ana-ana na leo sèra. ca lod'o ka, yakob j'au kodho madhera èci dhu saraga bia hia yusuf.","Èle èèna ka, dhèu Israꞌel sue Yusuf karèi nèti ana-èpu na aaꞌi-aaꞌi ra. Nèti èèna ka, Yusuf jꞌajꞌi mèdha-papake dhu kapai."
GEN 37:4,"forsooth his brethren saw that he was loved of the father more than all they, and they hated him, and might not speak anything peaceably to him.","ropa a'a na si ladhe-ladhe la'a na ama na sue risi yusuf, hèia ra mulai tèka d'ara dènge ne, ro'o boe padhai lii dènge ne.","Èle èèna ka, aꞌari na sèra ladhe rèdhi, na, Ama Lamatua sue Ne risi nèti aꞌari ra aaꞌi-aaꞌi ra. Nèti èèna ka, rèngu bisa boe padhai lii dènge Ne dènge dꞌara beꞌa."
GEN 37:5-7,"and it befelled that he told to his brethren a sweven that he saw, which cause was the seed of more hatred. and joseph said to his brethren, hear ye the sweven which i saw, i guessed that we bound together sheaves, or handfuls, in the field, and that as mine handful rose up, and stood upright, and that your handfuls stood about, and worshipped or honoured mine handful.","mèda ca lod'o ka yusuf nii. kèd'i nèti bhèj'i ka, na lolo dènge a'a na si lii nii deo na, aku nèngu na, we! mi nanene ku la! ja'a nii, na èdhi aa'i-aa'i ti, èki are ètu d'ara oka. kabèdhi laa, are dhu ja'a èki titu dhoo-dhoo. te ngaa are miu, oke mere are ja'a deo na, ka pacud'u mi unu ja'a. ra nanene rare sèmi èèna, hèia a'a na se'e tabha nasa hari dènge ne.","Èle èèna ka, Yusuf peka dènge aꞌari na, na, nèngu ladhe nèdhi mèdha-panyau èci ètu dꞌara oka. Hèia na padhai lii dènge aꞌari na, aku nèngu na, ""Ladhe jaꞌa kèdhi mèdha-panyau èci èèna ka, jaꞌa kèpe mèdha-panyau èci ètu dꞌara oka. Te ngaa limuri ne, limuri ne jaꞌa kèdꞌi kèdꞌi titu kèna. Te ngaa limuri ne, miu titu kèna, ho pahaha iisi mi dhèu aaꞌi-aaꞌi ètu dꞌara oka jaꞌa. Jaꞌa pangee, na, jaꞌa kèpe mèdha-panyau èci ètu dꞌara oka jaꞌa ètu dꞌara oka jaꞌa."""
GEN 37:8,"his brethren answered, whether thou shalt be our king, either we shall be made subject to thy lordship? therefore this cause of dreams and words ministered the nourishing of envy, and of hatred.","hèia ra jèke ne, aku rèngu na, we! èu ngee na, èu neo j'aj'i dhèu kapai kèna, ho neo paredha ji'i, do? taga na lolo lii nii ne'e, hèia asa ra nasa dènge ne.","Hèia aꞌari na dhaa, aku rèngu na, ""Èu neo jꞌajꞌi dhèu aaꞌi-aaꞌi, do? Èu hudꞌi jꞌajꞌi dhèu aae jiꞌi, do? Aa jiꞌi hudꞌi jꞌajꞌi dhèu aae jiꞌi, do?"""
GEN 37:9,"also joseph saw another sweven, which he told to his brethren, and said, i saw a dream that as the sun, and the moon, and the eleven stars worshipped me.","nèbhu boe, yusuf nii hari ca tèka. na lolo hari dènge a'a na si, aku nèngu na, we! ja'a nii hari, sèmi ne'e ka. ja'a kèdhi madha lod'o, hèru, dènge hua-hètu canguru èci. aa'i-aa'i sèra, pahaha iisi mi ja'a.","Èle èèna ka, Yusuf ladhe nèdhi hari mèdha-panyau èci. Hèia na peka dènge aꞌari na, aku nèngu na, ""Jaꞌa ladhe kèdhi mèdha-panyau èci. Ètu dꞌara mèdha-panyau ne, rèngu ladhe rèdhi mèdha-panyau èci dènge hèru, ka ra pahaha iisi mi jaꞌa."""
GEN 37:10,"and when he had told this dream to his father, and his brethren, his father blamed him, and said, what will this dream mean to itself that thou hast seen? whether i, and thy mother, and thy brethren, shall worship thee on earth?","hèia yusuf lolo hari lii nii deo na dènge ama na, aa dènge a'a na sèra. ka ama na jèke ne, aku nèngu na, lii nii ngaa, kèna! èu ngee na, ja'a dènge ina mu, dènge a'ari èu sèra, mai uu kabaj'èla èu, do? èu nia ae le èèna, nga!","Hèia na lolo dènge ama na. Hèia ama na karèi ne, aku nèngu na, ""Ama! Nga tao ka èu pangee, na, jaꞌa, ina èu, dènge aꞌari èu mai patitu kètu urutuu mi Ama?"""
GEN 37:11,"therefore his brethren had envy to him. forsooth the father beheld privily the thing,","nèti èèna ka, a'a na sèra tèka d'ara bia dènge ne. te ngaa ama na pangee taruu lii nii èèna ètu d'ara na.","Nèti èèna ka, aꞌari na paꞌèra dꞌara dènge ne, lula ama na neꞌa le jꞌara dhu jꞌajꞌi ètu dedha-liru."
GEN 37:12,"and when his brethren dwelled in shechem, about the keeping of the flocks of their father,","ca tèka ka, a'a yusuf sèra rèti kahib'i-kalèbho ama na, asa era j'u'u dètu dènge rae sikem.","Èle èèna ka, aꞌari na pea ètu kota Sikem, ho ladhe-leru kahibꞌi-kalèbho ama ra."
GEN 37:13,"israel said to joseph, thy brethren keep sheep in shechem; come thou, i shall send thee to them. and when joseph answered, i am ready,","nèbhu boe ka, ama na peka dènge yusuf, aku nèngu na, a'a mu si j'aga kahib'i-kalèbho dètu dènge sikem. de èu pa'èra, ho lamu ladhe ku si la. ka yusuf dhaa, aku nèngu na, ja'a laku, ama.","Èle èèna ka, Israꞌel peka dènge Yusuf, aku nèngu na, ""Aadꞌo èu se dènge kahibꞌi-kalèbho ètu kota Sikem. De mai ka, jaꞌa pua èu laꞌe paraga dènge rèngu."" Hèia Yusuf dhaa, aku nèngu na, ""Jaꞌa dꞌai le."""
GEN 37:14,"israel said, go thou, and see whether all things be welsome with thy brethren, and the sheep; and then tell thou to me what is done. and so he was sent from the valley of hebron, and came into shechem;","hèia ama na peka hari, aku nèngu na, èu lamu ladhe a'a mu si, dènge kahib'i-kalèbho èdhi. ladhe ra samia na, mai peka dènge ja'a. ka yusuf pakèd'i ka nèti d'ara pad'a hebron, la'e taruu d'ai sikem.","Hèia dhèu Israꞌel lii dènge ne, aku rèngu na, ""Ladhe sèmi èèna, na, èu hudꞌi laꞌe tenge ku aꞌari èu dènge kahibꞌi-kalèbho sèra, ho peka dènge jaꞌa."" Hèia dhèu Israꞌel pua Petrus nèti dꞌara ledhe Hebron, ka laꞌe asa Sikem."
GEN 37:15,"and a man found him erring in the field, and the man asked him, what he sought.","d'ai nèi, na tenge a'a na si, palème d'ara pad'a èèna. na paraga dènge dhèu mone èci, ka dhèu èèna karèi ne, aku nèngu na, èu tenge ngaa?","Hèia dhèu èci paraga dènge ne ètu dꞌara oka. Ka dhèu ne karèi ne, peka na, ""Èu neo ngaa?"""
GEN 37:16,"and he answered, i seek my brethren; show thou to me where they keep their flocks.","yusuf dhaa, aku nèngu na, ja'a tenge a'a ja'a. rèngu eo kahib'i-kalèbho dètu ètu era ne'e. de ama, èu paraga dènge si, do aad'o?","Hèia Yesus dhaa, aku Nèngu na, ""Jaꞌa neo paraga dènge aꞌari Jaꞌa. Ladhe rèngu seꞌe, na, rèngu seꞌe ka dhu paꞌèki dènge kahibꞌi-kalèbho ra ètu era neꞌe."""
GEN 37:17,"and the man said to him, they went away from this place; forsooth i heard them saying, go we into dothan. and joseph went after his brethren, and found them in dothan.","hèia, dhèu deo na peka, aku nèngu na, ra aad'o heka ètu ne'e. te ja'a tadèngi, ra peka na lasi padètu dènge rae dotan. hèia yusuf la'e taruu, ka paraga dènge si ètu rae dotan.","Ka Yusuf laꞌe paraga dènge aꞌari na, ka rèdhi si ètu dꞌara dꞌara dꞌara dꞌara dꞌara dꞌara dꞌara dꞌara dꞌara dꞌara dꞌara dꞌara dꞌara dꞌara dꞌara dꞌara dꞌara dꞌara dꞌara dꞌara dꞌara dꞌara dꞌara dꞌara dꞌara dꞌara dꞌara dꞌara dꞌara dꞌara dꞌara dꞌara dꞌara dꞌara dꞌara dꞌara dꞌara. Èle èèna ka, Yusuf paraga dènge aꞌara dꞌara dꞌara dꞌara dꞌara dꞌara dꞌara dꞌara dꞌara dꞌara dꞌara dꞌara dꞌara dꞌara dꞌara dꞌara dꞌara dꞌara dꞌara dꞌara dꞌara dꞌara dꞌara dꞌara dꞌara dꞌara dꞌara dꞌara dꞌara dꞌara dꞌara dꞌara dꞌara dꞌara dꞌara dꞌara dꞌara dꞌara dꞌara dꞌara dꞌara dꞌara dꞌara dꞌara dꞌara dꞌara dꞌara dꞌara dꞌara dꞌara dꞌara dꞌara dꞌara dꞌara dꞌara dꞌara dꞌara dꞌara dꞌara dꞌara dꞌara dꞌara dꞌara dꞌara dꞌara dꞌara dꞌara dꞌara dꞌara dꞌara dꞌara dꞌara dꞌara dꞌara dꞌara dꞌara dꞌara dꞌara dꞌara dꞌara dꞌara dꞌara dꞌara dꞌara dꞌara"
GEN 37:18,"and when they had seen him afar, before he nighed to them, they thought to slay him,","ropa ladhe rèdhi yusuf nèti kaj'èu, ra padhue rare lii èci neo pamadhe ne.","Lodꞌo èèna, dhèu se ladhe rèdhi ana madhutu rèngu nèti hèbꞌa. Te ngaa rèngu dꞌai mèka, ka ra tenge jꞌara ho pamadhe ne."
GEN 37:19,"and they spake together, lo! the dreamer cometh,","èci peka dènge èci, aku rèngu na, miu ladhe ku la! mone eele tuka nii na, nuka mai nèi!","Ropa ra tadèngi lii padhai lii èci, hèia dhèu dhu dꞌèlu-mèu jꞌajꞌi dhèu neꞌe laꞌe asa dꞌara èmu na. Nèti èèna ka, dhèu dhu dꞌèlu-mèu jꞌajꞌi dhèu dhu dꞌèlu-mèu jꞌajꞌi dhèu dhu dꞌèlu-mèu jꞌajꞌi dhèu dhu dꞌèlu-mèu jꞌajꞌi dhèu dhu dꞌèlu-mèu jꞌajꞌi dhèu-dhèu dhu dꞌèlu-mèu jꞌajꞌi dhèu-dhèu dhu dꞌèlu-mèu jꞌajꞌi dhèu-dhèu dhu dꞌèlu-mèu jꞌajꞌi dhèu-dhèu."
GEN 37:20,"come ye, slay we him, and put we him into an eld or old cistern, and we shall say, a wild beast full wicked hath devoured him; and then it shall appear what his dreams profit to him.","de mai ho ti pamadhe ne. ho èèna na, ti core eele ne asa d'ara madha èi madhe èèna. ladhe d'ai èmu na, ti peka dènge ama peka na, badha hui ra'e ne. ho èèna na, ti ladhe sèku, lii nii na sèra sa mia!","De jiꞌi pamadhe ne, sèna ka laꞌe asa dꞌara dꞌara ai dhu heo ai. Èèna na jiꞌi pangee, na, badha bhelu aae ka dhu hagꞌe nare ne."""
GEN 37:21,"soothly reuben heard this, and enforced or endeavoured to deliver him from their hands, and said, slay we not the life of him,","ropa nanene èèna, hèia a'a na ruben tenge j'ara ho patabuli eele yusuf. hèia na kai ari na si, aku nèngu na, we! èdhi baku pamadhe ne!","Ropa Ruben tadèngi lii neꞌe, ka na tenge jꞌara ho patabuli Paulus nèti dꞌara rèngu. Te ngaa na peka, aku nèngu na, ""Beꞌa risi jiꞌi pamadhe ne."""
GEN 37:22,"neither shed we out his blood, but cast ye him into an eld or old cistern, which is in the wilderness, and keep ye your hands guiltless. forsooth he said this, willing to deliver him from their hands, and to yield him to his father.","be'a risi èdhi kèpe ne, ti tao asa d'ara madha èi madhe nèi. ètu èèna, era dhu dhèu aad'o, de èci sa rèdhi boe ne. sad'i baku pasuti raa na. na peka sèmi èèna, lula na tenge j'ara ho patalale yusuf, ho hia na lèpa hari èmu.","Miu hudꞌi tèke eele ne asa dꞌara ai dhu heo ètu dꞌara mamoo. Te ngaa miu hudꞌi tèke eele ne asa dꞌara ai dhu heo ai."" Te ngaa Yudas neo hia ne asa ama na, sèna ka na patabuli ne nèti dhèu aae-dhèu Yahudi sèra."
GEN 37:23,"therefore anon as joseph came to his brethren, they despoiled him of his coat, that went down to the heel, and was of many colours,","ropa yusuf d'ai madha a'a na si, ra kèpe ne, ka ra rèbhi eele kodho dhu saraga aae ètu ua na.","Èle èèna ka, Yusuf lasi paraga dènge aꞌari na. Ka ra kèpe eele kodho na dhu mèdha-papake."
GEN 37:24,"and they put him into an eld or old cistern, that had no water.","ka ra nuni pa'oro ne, hèia ra tule ne asa d'ara madha èi madhe èèna.","Èle èèna ka, dhèu se lasi asa dꞌara dꞌara roꞌa èci, dhu abhu boe èi."
GEN 37:25,"and they sat to eat bread; and they saw that ishmaelite way-goers came from gilead, and that their camels bare sweet smelling spiceries, and resin, and stacte, into egypt.","èle èèna ka, ra lèpa, lasi ra'a-rinu. ètu talora ra'a-rinu, kabèdhi la ra ladhe rèdhi dhèu canau mai re èèna. dhèu sèra kako rèti dènge badha onta ra, hue dènge mèdha d'aga, sèmi raa aj'u hèu mèngi, bubhu-bubhu dènge èi na'i rupa-rupa. dhèu sèra sa, dhèu ismael, dhu mai nèti rae gilead neo lasi kaj'èu d'ai masir.","Èle èèna ka, dhèu se madhèdi sèna ka raꞌa-rinu. Èle èèna ka, dhèu se ladhe rèdhi dhèu Israꞌel mai nèti propensi Gilead. Dhèu se ladhe rèdhi dhèu mai nèti nèi. Dhèu se ladhe rèdhi dhèu mai nèti nèi. Dhèu se ladhe rèdhi dhèu mai nèti nèi. Rèngu ladhe rèdhi dhèu mai nèti nèi, dhèu mai nèti nèi. Rèngu ladhe rèdhi dhèu mai nèti nèi, dhèu mai nèti nèi. Rèngu ladhe rèdhi dhèu mai nèti nèi, dhèu mai nèti nèi. Rèngu ladhe rèdhi dhèu mai nèti nèi, nèti nèi mai nèti nèi asa Masir."
GEN 37:26,"therefore judah said to his brethren, what shall it profit to us, if we shall slay our brother, and shall hide his blood?","èle èèna hèia, yahuda peka dènge a'ari na sèra, aku nèngu na, ee! be'a risi sèmi ne'e. èdhi baku pamadhe ne. a'oto na ngaa? tasa mera mia èèna ka, èdhi bisa boe pahuni raa na.","Èle èèna ka, Yudas peka dènge aꞌari na, aku nèngu na, ""Ladhe èdhi pamadhe aꞌari èdhi, te ngaa èdhi abhu ngaa?"""
GEN 37:27,"it is better that he be sold to ishmaelites, and our hands be not defouled, for he is our brother and our flesh. his brethren assented to these words;","be'a risi èdhi pahie ne dènge dhèu ismael sèi. èdhi tao ne samia èèna ka oo, nèngu ne'e ari d'èlu èdhi. nèti èèna ka, baku èdhi pamadhe ne! aa'i-aa'i ra d'èi kahèi dènge lii yahuda èèna.","Madhutu aꞌari na sèmi èèna, hèia ra bꞌala ne, peka na, ""Sèmi neꞌe! Ladhe èdhi paꞌèki dènge ne dènge dhèu Israꞌel, na, èdhi hudꞌi paꞌèki dènge ne, sèna ka dhèu Israꞌel bisa paꞌèki dènge èdhi. Ladhe èdhi tao sèmi èèna, èdhi hudꞌi paꞌèki dènge ne, te ngaa èdhi hudꞌi paꞌèki dènge ne."""
GEN 37:28,"and when the merchants of midian passed thereforth, they drew joseph out of the cistern, and sold him to ishmaelites, for twenty pieces of silver; which led him into egypt.","ropa dhèu d'aga sèra d'ai era èèna, hèia a'a yusuf sèra lasi ère rare ne, nèti d'ara madha èi madhe deo na. ka ra pahie ne mi dhèu ismael sèra dènge kab'ua dua nguru bua doi pudhi. ka dhèu ismael sèra rèti yusuf asa rai masir.","Lodꞌo èèna, abhu dhèu sabꞌa èci nèti rai Midian. Ropa rèdhi Yusuf ètu dꞌara roꞌa èèna, hèia ra paꞌele iie ne mi dhèu Israꞌel, dènge doi canguru dua nguru doi. Èle èèna ka, dhèu Yahudi sèra laꞌe paꞌele iie ne asa rai Masir. Nèti èèna ka, ra paꞌele iie Yusuf nèti dꞌara roꞌa ètu dꞌara roꞌa èèna."
GEN 37:29,"and reuben turned again to the cistern, and found not the child; and he rent his clothes,","lod'o ra pahie yusuf ne, ruben ne'a boe. ropa na la'e patigi sa d'ara madha èi madhe na, capa na kabèdhi, ladhe la'a na yusuf aad'o heka ètu d'ara. nèti èèna ka, na ciu pamae kodho ètu ngi'u na, lula d'ara na pèd'a ae titu kèna.","Èle èèna ka, Ruben laꞌe asa dꞌara roꞌa èèna, te ngaa nèdhi boe ana ne ètu dꞌara roꞌa ne. Hèia na patitu kodho na,"
GEN 37:30,"and he went to his brethren, and said, the child appeareth not, and whither shall i go?","hèia na la'e sa ari na si, ka na peka, aku nèngu na, ira ii! ari èdhi aad'o heka ètu era èèna! ja'a tao samia hari?","Èle èèna ka, na lèpa hari asa aꞌari na, ka na karèi, aku nèngu na, ""Ana ne mai boe. De jaꞌa hudꞌi laꞌe asa mia?"""
GEN 37:31,"forsooth they took his coat, and dipped it in the blood of a kid, which they had slain;","hèia ra roro kahib'i ci'u, ka rare kodho yusuf dhu saraga aae èèna, cèb'u sa d'ara raa kahib'i deo na.","Èle èèna ka, dhèu seꞌe pajꞌujꞌu mèdha-papake Yesus, ka ra pajꞌujꞌu mèdha-panyau na ètu dꞌara raa Yesus. Te ngaa rèngu pamadhe le badha kahibꞌi-kalèbho."
GEN 37:32,"and they sent men that bare it to their father, and said, we have found this coat; see thou, whether it is the coat of thy son, or nay.","hèia ra lèpa ka rèti dènge kodho deo na, pad'elo dènge ama na, ka ra peka, aku rèngu na, ama! ji'i pili ngare kodho ne'e. ama ku ladhe sèku la. tao-tao ne'e kodho ari ji'i yusuf.","Èle èèna ka, ra pua dhèu lasi peka dènge ama ra, aku rèngu na, ""Ama! Jiꞌi paraga dènge mèdha-papake ama, do aadꞌo?"""
GEN 37:33,"and when their father had known it, he said, it is the coat of my son; a wild beast full wicked hath eaten him; a beast hath devoured joseph.","ropa nèdhi kodho deo na, yakob tadhe dènge. hèia na peka, aku nèngu na, ira ii! ne'e kodho ana ja'a. èle boe badha hui ra'e ana ja'a. ira iiii! ana ja'a madhe le!","Te ngaa ama na tadèngi, hèia na peka, aku nèngu na, ""Nèngu ne, kodho ana jaꞌa. Bèli-camèdꞌa badha bhelu aaꞌi-aaꞌi raꞌa ne. Bèli-camèdꞌa badha bhelu aaꞌi-aaꞌi raꞌa ne."""
GEN 37:34,"and he rent his clothes, and he was clothed with an hair-shirt, and bewailed his son in much time.","nèti èèna ka, yakob ciu pamae kodho ètu ngi'u na, ka na pake karo, taga nèti d'ara na susa titu kèna. na tangi lii ooi-ooi sène nare lod'o nèbhu aae.","Èle èèna ka, hèia na papake mèdha-papake na, hèia na pake mèdha-papake ètu dꞌara oka na. Èle èèna ka, na tangi dꞌai mia-mia."
GEN 37:35,"soothly when his free children were gathered together, that they should appease the sorrow of their father, he would not take comfort; but said, i shall go down into hell, and shall bewail my son. and while jacob continued in weeping,","ana na, ana mone dènge ana bhèni sèra aa'i-aa'i ra, mai padhai lii pakarej'e d'ara ama ra, te ngaa tao rare boe ne. aku nèngu na, aad'o! sasusa ja'a ne bisa d'ai madhe kèti. te ja'a bisa boe bhèlu ana èci ne'e. mema d'ara yakob j'èra taruu, lula na ngee nèdhi ana na yusuf dhu madhe èèna.","Ropa tadèngi rare, hèia ana-ana dhèu aae Yakob sèra mai, ho ra paꞌoo-parodha ama ra. Te ngaa na paꞌoo-parodha boe. Na peka, aku nèngu na, ""Beꞌa risi jaꞌa laꞌe asa dꞌara rai-haha ne, ho tangi ana jaꞌa ne."" Hèia Yakob tangi."
GEN 37:36,"midianites sold joseph in egypt to potiphar, a chaste and honest servant or the gelding of pharaoh, master of the chivalry.","lod'o-lod'o dhu yakob ètu d'ara susa era, dhèu d'aga sèra d'ai le masir. d'ai nèi, ka lasi pahie eele yusuf dènge dhèu kapai èci ètu nèi, ngara na potifar. dhèu ne'e komedhaa j'aga nèti dhèu aae masir.","Lodꞌo èèna, dhèu Midian pabꞌala Yusuf ètu Masir dènge Potifar, dhèu sabꞌa dhu dꞌèlu-mèu, aa dhèu dꞌèlu-mèu nèti dhèu aae madha jꞌara ae-ae nèti dhèu aae madha jꞌara ae-ae nèti dhèu aae madha jꞌara ae-ae nèti dhèu aae madha jꞌara ae-ae nèti dhèu aae madha jꞌara ae-ae nèti dhèu aae madha jꞌara ae-ae nèti dhèu aae madha jꞌara ae-ae nèti dhèu aae madha jꞌara ae-ae nèti dhèu aae madha jꞌara ae-ae nèti dhèu aae."
GEN 38:1,"in the same time, judah went down from his brethren, and turned to a man of adullam, hirah by name;","èle èèna ka, yahuda tèke eele a'ari na, ka la'e pea dènge angalai na èci, ngara na hira, ètu rae adulam.","Lodꞌo èèna, Yudas tèke eele aꞌari na, ka na tao jꞌara makae dènge dhèu èci."
GEN 38:2,"and he saw there a daughter of a man of canaan, shuah by name. and when he had taken her to wife, he entered in to her,","ètu èèna, dhèu mone èci, dhèu kana'an, ngara na sua. yahuda d'èi ana bhèni na èci, ka nare j'aj'i dhèu èmu na. dhèu èmu yahuda ne'e nara iisi ana mone pagod'o-pagod'o dhèu pèri-pèri.","Ètu dꞌara rae ne, Yesus ladhe nèdhi ana bhèni ca dhèu nèti rai Kana, ngara na Susa. Èle èèna ka, Yesus laꞌe paraga dènge ne, ho jꞌajꞌi dhèu èmu na."
GEN 38:3,"and she conceived, and childed a son, and he called his name er.","ana uuru èèna, ngara na er.","Bèli-camèdꞌa, ana bhèni ne jꞌajꞌi dhèu aae. Hèia Yusuf paroa ana ne, ""Eer"" hèia na jꞌajꞌi dhèu aaꞌi-aaꞌi ètu dꞌara bèdho ètu dꞌara Èmu Kapua Manèngi-Mangajꞌi ètu dꞌara Èmu Kapua Manèngi-Mangajꞌi ètu dꞌara Èmu Kapua Manèngi-Mangajꞌi ètu dꞌara Èmu Kapua Manèngi-Mangajꞌi ètu dꞌara Èmu Kapua Manèngi-Mangajꞌi ètu dꞌara Èmu Kapua Manèngi-Mangajꞌi ètu dꞌara Èmu Kapua Manèngi-Mangajꞌi ètu dꞌara Èmu Kapua Manèngi-Mangajꞌi ètu dꞌara Èmu Kapua Manèngi-Mangajꞌi."
GEN 38:4,"and again when another child was conceived, she named the child that was born onan.","ana ka dua, ngara na onan.","Bèli-camèdꞌa dhèu bhèni bhèni ca dhèu, ka ra pangare ne, Ana."
GEN 38:5,"and she childed the third son, whom she called shelah, and when he was born, she ceased to bear child more.","aa ana ka tèlu, ngara na sela. lod'o ina na nara iisi sela na, yahuda si pidha le asa rae kesib.","Bèli-camèdꞌa, bhèni ne nara iisi ana mone ka tèlu, ka ra pangare ne, Sela. Ropa bhèni ne nara iisi ana mone èèna, heka bhèni ne jꞌajꞌi dhèu aaꞌi-aaꞌi."
GEN 38:6,"soothly judah gave a wife, that was called tamar, to his first begotten son er.","ropa ana mone uuru, dhu ngara na er èèna kapai, ka ama na la'e tenge dhèu hia ne. ngara ana bhèni na tamar. ka dua ra j'aj'i paleo èmu.","Èle èèna ka, bèli-camèdꞌa Yudas bꞌala dhèu èmu, ngara na Tamar, dènge ana iiki na, Er."
GEN 38:7,"and er, the first begotten son of judah, was wayward in the sight of the lord, and therefore he was slain of the lord.","lula er ne, bhelu-katub'a, ka ama lamatua huku pamadhe ne. nèti èèna ka, nèngu dènge boe kolo.","Nèti èèna ka, Lamatua pamadhe Er, ana bèdho Yudas. Lamatua dꞌèi boe nèngu tao madhutu dadꞌèi Lamatua. Nèti èèna ka, Lamatua pamadhe Er, ana bèdho na."
GEN 38:8,"therefore judah said to onan, his son, enter thou in to the wife of thy brother, and be thou fellowshipped to her, that thou raise seed to thy brother.","hèia yahuda paroe nare ana mone ka dua na, ka na peka, aku nèngu na, onan! a'a mu er madhe, dènge boe ana. madhutu ad'a èdhi na, èu hud'i leo hari ku dènge dhèu èmu a'a mu ne. sèna ka èu bisa hia kolo hia a'a mu.","Èle èèna ka, Yudas peka dènge ana na, aku nèngu na, 'Ana! Èu hudꞌi laꞌe asa dhèu èmu aꞌari èu. Èle èèna ka, èu hudꞌi paꞌèki dènge ne, sèna ka jꞌajꞌi dhèu unu aꞌari èu."
GEN 38:9,"and he knew that sons should not be born to him; and he entered in to the wife of his brother, and shedded his seed into the earth, lest the free children should be born by the name of the dead brother;","mema onan ne'a le ad'a sèmi ne'e. te ngaa na no'o boe hia kolo mi a'a na er. nèti èèna ka, ladhe rèngu j'unu pa'èci, na pasuti eele hua hini nèngu asa li'u, sèna ka tamar baku dènge babia.","Nèti èèna ka, Musa neꞌa, na, dhèu bhèni ne dènge boe ana. Nèti èèna ka, na maso asa dhèu bhèni aꞌari na, sèna ka abhu boe ana-èpu na ètu rai-haha ne. Nèti èèna ka, abhu boe ana-èpu nèti aꞌari na dhu madhe le."
GEN 38:10,"and therefore the lord smote him, for he did abominable thing.","taga tatao onan sèmi ne'e ka, lamatua nasa bia dènge ne. nèti èèna ka, lamatua huku pamadhe ne kahèi.","Nèti èèna ka, Lamatua pahie ne, lula nèngu tao jꞌara bhelu-katubꞌa èèna."
GEN 38:11,"wherefore judah said to tamar, his son's wife, be thou a widow in the house of thy father, till shelah my son waxed; for he dreaded lest also he should die as his brethren. and she went, and dwelled in the house of her father.","ropa yahuda nèdhi ana mone na dua sèra dhu leo dènge tamar madhe sèmi èèna, hèia yahuda madha'u. ka na pangee mage dhoka ana mone ka tèlu èèna, leo hari dènge tamar na madhe kahèi. nèti èèna ka, la'e peka dènge tamar, aku nèngu na, be'a risi èu lèpa hari asa d'ara adhe-aai ina dènge ama mu. ladhe ana ja'a sela kapai, na èu lèpa hari mai ho leo dènge ne. hèia tamar lèpa dènge ka.","Èle èèna ka, Yudas peka dènge Tamar, aku nèngu na, ""Jaꞌa manèngi sèna ka èu jꞌajꞌi bhèni balu ètu dꞌara èmu ama mu, toke ana mu madhe."" Te ngaa na madhaꞌu, peka na, ""Ladhe èu jꞌajꞌi bhèni balu ètu dꞌara èmu ama mu, èu jꞌajꞌi bhèni balu ètu dꞌara èmu ama mu, toke ana mu madhe."" Hèia na lèpa dènge Tamar, ho pea ètu dꞌara èmu ama na."
GEN 38:12,"forsooth when many years were passed, the daughter of shuah, judah's wife, died; and when comfort was taken after mourning, judah went up to the shearers of his sheep; he and hirah of adullam, that wasthe keeper of the flock, went up into timnath.","nèbhu-nèbhu hèia, dhèu èmu yahuda madhe. na j'èra toke d'ai pa'èle lod'o sasusa na. ka na la'e gale nare angalai na hira, ka lasi asa rae timna. ètu èèna, dhèu rame-rame g'ute rèu kahib'i-kalèbho ho pahia.","Lodꞌo-lodꞌo èle èèna, dhèu èmu Susa madhe. Èle èèna ka, Yudas laꞌe paraga dènge dhèu rèti kahibꞌi-kalèbho sèra. Èle èèna ka, Yudas laꞌe paraga dènge dhèu rèti kahibꞌi-kalèbho sèra. Èle èèna ka, nèngu laꞌe paraga dènge Hira, dhèu madhenga kahibꞌi-kalèbho sèra."
GEN 38:13,"and it was told to tamar, that her husband's father went up into timnath, to shear sheep.","dhèu lolo dènge tamar, peka na, to'o mu la'e leru dhèu g'ute rèu kahib'i-kalèbho ètu rae timna.","Èle èèna ka, Ama Lamatua peka dènge Tamar, na, ama dhèu mone ne laꞌe asa dꞌara èmu Timnath, ho neo pamadhe kahibꞌi-kalèbho."
GEN 38:14,"and she did away the clothes of widowhood, and she took a rochet cloth or veil with many wrinkles, and when the clothing was changed, she sat in the way-lot that leadeth to timnath; for shelah had waxed, and she had not taken him into husband.","lod'o èèna, ana limuri yahuda, ngara na sela, kapai le. te ngaa tamar ne'a le, na, to'o na no'o boe paleo sela dènge ne. nèti èèna ka, tamar tenge j'ara neo katèju hak nèngu. na bhoke eele mèdha-papake bhèni balu ètu ngi'u na, ka na silu mèdha-papake dhu be'a. na pake salalu pahutu kètu dènge rèhu na. ka la'e madhèdi ètu hèb'a tedhe sebhe j'ara rae enaim, dhu biasa dhèu kako re èèna lasi rae timna.","Èle èèna ka, bhèni ne pake mèdha-papake dhèu mone ètu dꞌara jꞌara. Ka na pake mèdha-papake dhèu mone ètu dꞌara jꞌara, sèna ka madhèdi ètu dꞌara jꞌara. Te ngaa bhèni ne dènge boe dhèu èmu na. Nèti èèna ka, na pake mèdha-papake dhèu mone ètu dꞌara jꞌara, sèna ka madhèdi ètu dꞌara jꞌara."
GEN 38:15,"and when judah had seen her, he supposed her to be a whore; for she had covered her face, lest she was known.","ropa yahuda kako re èèna, na ladhe nèdhi dhèu bhèni èci madhèdi ètu èèna. na neo laa na dhèu bhèni kajeo, te tamar dhu lalau iisi dènge mèdha-papake saraga, aa pahutu rèhu na kahèi.","Ropa Yudas ladhe nèdhi bhèni ne, hèia na pangee, na, bhèni ne, bhèni bhèni jꞌajꞌèra. Te ngaa dhèu reꞌa boe, na, bhèni ne bhèni jꞌajꞌèra."
GEN 38:16,"and judah entered to her, and said, suffer me that i lie with thee; for he knew not that she was the wife of his son. and when she answered, what shalt thou give to me, that thou lie with me?","yahuda ne'a nare boe na dhèu bhèni na, dhèu èmu ana na dhu madhe sèra. hèia na kako la'e padètu dènge bhèni deo na ka, na peka dènge ne, aku nèngu na, ee! sèmi ja'a dènge èu na, èu manèngi ca ngaa? hèia tamar dhaa, aku nèngu na, èèna nèti d'ara d'èi ama.","Ka Yudas maso asa dꞌara èmu na, ka na karèi ne, aku nèngu na, ""Beꞌa risi jaꞌa sabꞌa dènge èu."" Hèia bhèni ne dhaa, aku nèngu na, ""Èu neo hia jaꞌa ngaa, sèna ka jaꞌa sabꞌa dènge èu?"""
GEN 38:17,"he said, i shall send to thee a kid of the flocks. and again when she said, i shall suffer that that thou wilt, if thou shalt give to me a wed, till thou send that that thou promisest.","aku yahuda na, sa mia! sèmi ja'a hia èu kahib'i ci'u? hèia tamar dhaa hari, aku nèngu na, bisa ama. sad'i ama hia ku ja'a mèdha èci ho ja'a kèd'u. pe pèri lod'o ho ama pa'adhu kahib'i èèna mai oo, ngaa-ngaa tao boe.","Hèia dhèu aae ne dhaa, aku nèngu na, 'Beꞌa risi jaꞌa pua ana kahibꞌi-kalèbho èci mai hia èu.' Hèia bhèni ne dhaa, aku nèngu na, 'Sèmi neꞌe! Ladhe èu neo hia jaꞌa, na, jaꞌa neo hia jaꞌa kahibꞌi-kalèbho ne, toke èu hia jaꞌa kahibꞌi-kalèbho ne.'"
GEN 38:18-19,"judah said, what wilt thou that be given to thee for a wed? she answered, thy ring, and thy band of the arm, and the staff which thou holdest in thine hand. therefore the woman conceived at one lying-by, and she rose, and went away; and when the cloth or veil was put away which she had taken, she was clothed in the clothes of widowhood.","hèia yahuda karèi hari, aku nèngu na, de ja'a tèka mèdha ngaa mi èu? tamar dhaa, aku nèngu na, ama tèke eele cap, dènge dhari dhu ama inu, dènge tatea dhu ama kèpe èèna hèi. nanene nare ka, yahuda hia mèdha sèra la'e. hèia dua ra lasi bhèj'i ka. èle èèna ka, tamar lèpa la'e èmu. d'ai èmu ka, na bhoke mèdha-papake saraga dènge salalu, ka gati dènge mèdha-papake bhèni balu. nèti èèna ka, tamar dènge babia.","Èle èèna ka, Yudas karèi, aku nèngu na, ""Tasamia? Jaꞌa neo hia èu mèdha-panyau?"" Hèia bhèni ne dhaa, aku nèngu na, ""Sèmi neꞌe: lii èu, dènge dꞌara kacui-aai èu, dènge sordadꞌu èu ètu kacui-aai èu."" Hèia bhèni ne jꞌajꞌi dhèu èmu èci, ka na kèdꞌi. Hèia na kèdꞌi, ka laꞌe. Hèia na tèke eele kodho dhu dhèu bhèni balu pake."
GEN 38:20,"forsooth judah sent a kid by his shepherd of adullam, that he should receive the wed which he had given to the woman; and when he had not found her,","nèbhu boe hèia, yahuda manèngi tolong angalai na hira, aku nèngu na, èu mèti kahib'i ne'e hia dhèu bhèni kajeo dhu ètu enaim èèna, ho mèti hari mèdha ja'a dhu ètu nèngu sèra. lod'o hira la'e d'ai nèi, na karèi palème, te ngaa paraga boe dènge bhèni èèna.","Ropa tadèngi lii padhai dhèu bhèni ne, hèia Yudas pua ana kahibꞌi-kalèbho èci laꞌe asa bhèni bhèni ne. Te ngaa ladhe nèdhi boe ana kahibꞌi-kalèbho ne, hèia Yudas pua ana kahibꞌi-kalèbho èci laꞌe asa bhèni bhèni ne."
GEN 38:21,"he asked men of that place, where is the woman that sat in the way-lot? and when all men answered, a whore was not in this place;","ka na karèi dhèu-dhèu ètu sèra, aku nèngu na, eee! miu mèdhi dhèu bhèni kajeo dhu biasa madhèdi ètu hèb'a tedhe èèna, do? na ètu mia, ee? dhèu sèra dhaa, aku rèngu na, ama, ètu ne'e bhèni kajeo aad'o!","Hèia Yesus karèi dhèu sèra, aku Nèngu na, ""Dhèu bhèni ne ètu mia?"" Ka ra dhaa, aku rèngu na, ""Dhèu ne ètu neꞌe, abhu boe ca dhèu bhèni dhu tao jꞌara makae."
GEN 38:22,"he turned again to judah, and said to him, i found not her, but also the men of that place said to me, that a whore sat never there.","hèia hira lèpa hari peka dènge yahuda, aku nèngu na, ja'a paraga boe dènge bhèni èèna. ja'a tenge palème, te ngaa dhèu ètu sèra peka aku rèngu na, ètu rae èèna bhèni kajeo aad'o.","Hèia gubernur laꞌe padhai lii dènge Yudas, aku nèngu na, ""Jaꞌa paraga boe dènge bhèni èèna. Te ngaa dhèu-dhèu ètu dꞌara èèna peka dènge jaꞌa, aku rèngu na, 'Abhu heka bhèni èci sa ètu dꞌara èmu ne.'"
GEN 38:23,"judah said, have she those things to herself, that we be not despised, certainly she may not reprove us of a leasing; i sent the kid which i promised, and thou foundest not her.","yahuda dhaa, aku nèngu na, hud'i ka la, nèngu abhu mèdha sèra! sad'i dhèu baku pamakae èdhi! ja'a neo b'ae, te ngaa èdhi paraga boe dènge bhèni èèna na.","Hèia Yudas peka, aku nèngu na, ""Sèmi neꞌe! Bèli-camèdꞌa, jaꞌa pua ana kahibꞌi-kalèbho ètu neꞌe. Te ngaa jaꞌa pua ana kahibꞌi-kalèbho ètu neꞌe. Te ngaa èu bisa boe paraga dènge ana kahibꞌi-kalèbho ne. De jaꞌa pua ana kahibꞌi-kalèbho ne, te ngaa èu bisa boe paraga dènge ana kahibꞌi-kalèbho ne."""
GEN 38:24,"lo! soothly after three months they told to judah, and said, tamar, thy son's wife, hath done fornication, and her womb seemeth to wax great. judah said, bring her forth, that she be burnt.","ropa d'ai tèlu hèru hèia, dhèu lasi lolo dènge yahuda, peka na, dhèu èmu ana èu na tao ngi'u na sèmi dhèu bhèni kajeo. ka na dènge babia le. nanene nare èèna hèia, yahuda nasa bia. hèia na pua dhèu, aku nèngu na, lami nuni pa'oro ne mai, ho labhu asa d'ara ai la'e!","Èle èèna ka, dꞌai tèlu hèru, ka dhèu aaꞌi-aaꞌi ra peka dènge Yudas, aku rèngu na, ""Tamar, dhèu èmu ana èu, tao jꞌara makae dènge èu. Nèti èèna ka, bhèni ne tao jꞌara makae dènge èu. Nèti èèna ka, bhèni ne jꞌajꞌi kapai."" Hèia Yudas peka dènge dhèu aaꞌi-aaꞌi, aku nèngu na, ""Pake ne asa liꞌu, sèna ka pamadhe ne."""
GEN 38:25,"and when she was led to her pain, she sent to her husband's father, and said, i have conceived of the man, whose these things be; know thou whose is the ring, and the band of the arm, and the staff?","ka dhèu lasi ka nuni rèti tamar mai. te ngaa na pad'elo cap dènge tatea èèna. ka na pua dhèu lasi peka dènge to'o na, aku nèngu na, parisa ku mèdha se'e. dhèu dhu unu cap dènge tatea ne'e ka dhu ad'u-ue tatao ne'e, ka ja'a dènge babia ne.","Ropa dꞌai dꞌara na, ka na pua dhèu lasi peka dènge ama dhèu èmu na, aku nèngu na, ""Ama! Jaꞌa keꞌa mèu-mèu Jaꞌa. Jaꞌa keꞌa mèu-mèu Jaꞌa ne. Jaꞌa keꞌa mèu-mèu Jaꞌa ne. Jaꞌa keꞌa mèu-mèu Jaꞌa ne. Jaꞌa keꞌa mèu-mèu Jaꞌa ne. Jaꞌa keꞌa mèu-mèu Jaꞌa ne. Jaꞌa keꞌa mèu-mèu Jaꞌa ne. Jaꞌa keꞌa mèu-mèu Jaꞌa ne. Jaꞌa keꞌa mèu-mèu Jaꞌa ne. Jaꞌa keꞌa mèu-mèu Jaꞌa ne."""
GEN 38:26,"and when the gifts were known, judah said, she is more just or rightwise than i, for i gave not her to shelah, my son; nevertheless judah knew her no more fleshly.","ropa nèdhi mèdha se'e, yahuda tadhe dènge, na mèdha sèra unu nèngu. hèia na padhai lii dènge ka, aku nèngu na, mema dhèu bhèni ne'e sala boe. ja'a ka dhu sala. madhutu iia na, ja'a ka dhu paleo bhèni ne'e dènge ana ja'a sela. te ngaa ja'a ka ko'o boe. karèi nèti èèna ka, yahuda pa'èci heka dènge tamar.","Ropa Yudas tadèngi mèdha-panyau sèra, hèia na peka, aku nèngu na, ""Nèngu ne, dhèu dhu dꞌara mola nèti jaꞌa. Te jaꞌa pangèdꞌu boe ne, sèna ka jꞌajꞌi dhèu unu jaꞌa."" Te ngaa Yudas tadèngi boe mèdha-panyau sèra."
GEN 38:27,"soothly when the childbearing nighed, two children appeared in the womb,",d'ai hèru ka tamar nara iisi ana dhèu dua.,"soothly when the childbearing nighed, two children appeared in the womb,"
GEN 38:28,"and in that birth of the children, one put forth the hand, in which hand the midwife bound a red thread, and said, this shall go out before.","lod'o tamar nara iisi na, kabèdhi laa ana èci pacèu uuru kacui-aai èci sa li'u mai. ka dhèu ai tadha dhu panara iisi na nare loa hèngu mea, ka èki mi kanau riti na. bhèni na peka, aku nèngu na, ana uuru ka ne'e.","Èle èèna ka, dhèu bhèni ne nara iisi ana bhèni se. Ka ana bhèni èci dènge kacui-aai dhu kabꞌua ètu dꞌara kacui-aai na, peka na, ""Sèmi neꞌe! Jaꞌa manèngi sèna ka ana bhèni ne lèpa hari nèti dꞌara èmu jaꞌa. Jaꞌa manèngi sèna ka ana bhèni ne lèpa hari nèti dꞌara èmu jaꞌa. Jaꞌa manèngi sèna ka ana bhèni ne lèpa hari nèti dꞌara èmu jaꞌa. Ka ana bhèni ne dènge kacui-aai dhu kabꞌua ètu dꞌara kacui-aai na, ka na lii, aku nèngu na, ""Jaꞌa manèngi sèna ka ana bhèni ne lèpa hari nèti dꞌara èmu jaꞌa!"""
GEN 38:29,"soothly while he withdrew the hand, the tother went out, and the woman said, why, was the skin in which the child lay in the womb parted for thee? and for this cause she called his name perez.","te ngaa ana èèna ère hari kacui-aai na sa d'ara. hèia, ana èci na kalua uuru hari. nèdhi sèmi èèna hèia, bhèni ai tadha èèna peka, aku nèngu na, waa! èu èra titu kèna! nèti èèna ka, èu paseti ho kalua uuru sa li'u. bhèni na pangare ne, peres, dhu sasoa na, ‘paseti sa li'u'.","Èle èèna ka, Musa jꞌajꞌi kacui-aai na dènge kacui-aai na. Hèia bhèni ne karèi, aku nèngu na, ""Bèli-camèdꞌa èu jꞌajꞌi kapai ètu dꞌara ngiꞌu èu, do?"" Nèti èèna ka, na paroa ana ne, Perez, peka na, ""Bèli-camèdꞌa èu jꞌajꞌi kapai ètu dꞌara ngiꞌu èu, kapai ètu dꞌara ngiꞌu èu, kapai ètu dꞌara ngiꞌu èu, jꞌajꞌi kapai ètu dꞌara ngiꞌu èu."""
GEN 38:30,"afterward his brother went out, in whose hand was the red thread, whom she called zarah, that is, redness.","èle èèna ka, dhu èki dènge loa hèngu mea deo na kalua. ra pangare ne sera sasoa na ‘mea gèu-gèu'.","Èle èèna ka, aꞌari na ètu dꞌara kacui-aai na, dhu dènge ajꞌu pudhi ètu kacui-aai na. Nèti èèna ka, ana bhèni ne ngara na Zarah, dhu peka na, 'jꞌajꞌu pudhi ètu dꞌara kacui-aai na.' Nèti èèna ka, ana bhèni ne dènge ajꞌu pudhi ètu dꞌara kacui-aai na, dhu dènge ajꞌu pudhi ètu dꞌara kacui-aai na."
GEN 39:1-2,"therefore joseph was led into egypt, and potiphar, a gelding of pharaoh, prince of the host, a man of egypt, bought him of the hand of ishmaelites, of which he was brought thither. and the lord was with him, and he was a man doing with prosperity in all things. and joseph dwelled in the house of his lord,","dhèu ismael sèra rèti yusuf d'ai masir, hèia ra pahie eele ne dènge dhèu kapai èci ètu nèi, ngara na potifar. dhèu ne'e komedhaa sordad'u dhu j'aga ètu dhèu aae masir. yusuf j'aj'i ènu ètu èmu potifar. ètu èèna, lamatua dènge yusuf, ka sasab'a ngaa dhu na tao, nèti babe'a hua-hua.","Èle èèna ka, dhèu rèti Yusuf asa Masir. Potifar, ca dhèu nèti dhèu aae dhèu aae-dhèu aae Masir, dhu jꞌajꞌi komedhaa sordadꞌu nèti dhèu Israꞌel. Nèti èèna ka, dhèu rèti Yusuf asa Masir. Ama Lamatua padꞌelo dꞌara hua iia na mi Yusuf. Nèti èèna ka, nèngu jꞌajꞌi dhèu aae-aaꞌi. Nèti èèna ka, Yusuf pea ètu dꞌara èmu dhèu aae na."
GEN 39:3,"which knew full well that the lord was with joseph, and that all things which he did, were dressed of the lord in his hand.","dhèu kapai ne'e ladhe-ladhe na, sasab'a yusuf nèti babe'a hua, ka na ngee ètu d'ara na, lamatua tare'a-re'a dènge yusuf.","Yusuf reꞌa kahèi, na, Ama Lamatua padꞌelo dꞌara hua iia Na dènge Yusuf, aa Na tao jꞌara-jꞌara aaꞌi-aaꞌi dhu na tao aaꞌi-aaꞌi."
GEN 39:4,"and joseph found grace before his lord, and he served him, of whom joseph was made sovereign of all things, and he governed the house betaken to him, and all things that were betaken to him.","nèti èèna ka, komedhaa ne'e d'èi yusuf, ka na lèka ne. hèia na ded'e ne j'aj'i madho ètu èmu na. aa, na hia ne paredha d'ara èmu nèngu, sèmi èèna kahèi, mèdha-panyau na aa'i-aa'i.","Nèti èèna ka, lamatua na dꞌèi padꞌelo dꞌara hua iia dꞌara lamatua na. Ka lamatua na dedꞌe ne jꞌajꞌi komedhaa èmu na dènge mèdha-panyau na aaꞌi-aaꞌi ra."
GEN 39:5,"and the lord blessed the egyptian's house for joseph, and multiplied all his chattel or substance, as well in houses, as in fields;","lula yusuf pea ètu èèna, ka lamatua hia mamuri hua iia mi lamatua èmu, dhèu masir èèna. isi èmu na, mèdha-panyau na, oka-tedhe na, aa sasab'a-la'a na, j'aj'i dènge be'a.","Èle èèna ka, Lamatua hia mèdha-panyau aaꞌi-aaꞌi ètu dꞌara èmu dhèu Masir èèna. Lamatua hia mèdha-panyau aaꞌi-aaꞌi ètu dꞌara èmu dhèu Masir èèna, aa mèdha-panyau aaꞌi-aaꞌi ètu dꞌara oka na, aa mèdha-panyau aaꞌi-aaꞌi ètu dꞌara oka na."
GEN 39:6,"neither he knew any other thing, but the bread which he ate. forsooth joseph was fair in face, and shapely in sight.","lula potifar ladhe-ladhe la'a na yusuf sab'a dènge be'a, ka na pangee heka ngaa-ngaa, dhoka na'a-ninu di. yusuf ne, mone iia.","Èle èèna ka, naꞌa boe ngaa-ngaa dhu naꞌa. Te ngaa ladhe naꞌa, naꞌa boe ngaa-ngaa dhu naꞌa. Te ngaa ladhe naꞌa, naꞌa mèu-mèu, aa dꞌara na kahibꞌi-kalèbho."
GEN 39:7,"and so after many days the lady of his lord cast her eyes into joseph, and said, sleep thou with me;","na pea ètu èèna nèbhu mèka. te ngaa dhèu èmu potifar na, d'èi yusuf. ka na mai pamako ne ho dua ra j'unu pa'èci.","Èle èèna ka, lamatua lamatua lamatua lamatua lamatua lamatua lamatua lamatua lamatua lamatua lamatua lamatua lamatua lamatua lamatua lamatua lamatua lamatua lamatua lamatua lamatua lamatua lamatua lamatua lamatua lamatua lamatua lamatua lamatua lamatua lamatua lamatua lamatua lamatua lamatua lamatua lamatua lamatua lamatua lamatua lamatua lamatua lamatua lamatua lamatua lamatua lamatua lamatua lamatua lamatua lamatua lamatua lamatua lamatua lamatua lamatua lamatua lamatua lamatua lamatua lamatua lamatua lamatua lamatua lamatua lamatua lamatua lamatua lamatua lamatua lamatua lamatua lamatua lamatua lamatua."
GEN 39:8,"which assented not to the unleave-ful work, and said to her, lo! while all things be betaken to me, my lord wot not what he hath in his house,","te ngaa yusuf no'o boe. ka na peka sèmi ne'e ka, baku ina ee! ja'a ne, ènu potifar, dhu na pangèd'u le koasa ho ja'a tao ai-hèb'a mi sasab'a nèngu aa'i-aa'i.","Hèia dhèu sabꞌa ne dhaa, aku nèngu na, 'Ladhe sèmi neꞌe, jaꞌa bꞌae mèdha-panyau jaꞌa aaꞌi-aaꞌi, te ngaa jaꞌa bꞌae mèdha-panyau jaꞌa aaꞌi-aaꞌi."
GEN 39:9,"neither anything is, which is not in my power, either which he hath not betaken to me, except thee, which art his wife; how therefore may i do this evil, and do sin against my lord?","ètu d'ara èmu ne'e, abhu boe dhèu èci sa dhu koasa risi nèti ja'a. aa'i-aa'i dhu ètu d'ara èmu ne'e, na saraka mi kacui-aai ja'a. dhodhoka ina ku di, aad'o. tasamia ka, ja'a bisa tao j'ara karehe ne'e. èèna lèke boe dènge dad'èi ama lamatua!","Èu dhu jꞌajꞌi dhèu èmu na. De jaꞌa bisa boe tao jꞌara bhelu-katubꞌa ne, sèna ka jaꞌa tao sala mi lamatua jaꞌa. De jaꞌa bisa boe tao jꞌara bhelu-katubꞌa ne, sèna ka jaꞌa tao sala mi lamatua jaꞌa."""
GEN 39:10,"they spake such words by all days or by long time, and the woman was dis-easeful to the young man, and he forsook the adultery.","masi ka sèmi èèna, dhèu èmu potifar ne pakaseti taruu bèli-bèli. te ngaa yusuf ne tao boe madha-dhilu dènge ne.","Ropa ra padhai lii sèmi èèna, hèia bhèni èèna dꞌèi dꞌara dhèu bhèni ne. Hèia bhèni ne tèke eele jꞌara makae dènge dhèu bhèni ne."
GEN 39:11,"forsooth it befelled in a day, that joseph entered into the house, and did some work without witnesses.","ca tèka, yusuf kako la'e asa d'ara èmu, ho sab'a sasab'a nèngu. lod'o èèna, dhèu leo aad'o èci sa ètu èmu.","Bèli-camèdꞌa, Yusuf maso asa dꞌara èmu, te ngaa dhèu aaꞌi-aaꞌi tadèngi mèka."
GEN 39:12,"and she took the hem of his cloth, and she said, sleep thou with me; and he left the mantle in her hand, and he fled, and went out.","ka dhèu èmu potifar na raga mai ka, na kèpe kodho yusuf, ka na ère ne, hèia na peka, aku nèngu na, mai! ata dhodhoka èdhi dua ti. de mai ho ti j'unu. te ngaa yusuf d'èi boe. ka na parui, hèia kodho na bhoke eele nèti ua na, ka na rai asa li'u. aa kodho deo na ètu kacui-aai bhèni èèna era.","Èle èèna ka, ana bhèni ne kèpe kodho Yesus, ka na lii dènge ne, aku nèngu na, ""Lamu dènge jaꞌa."" Hèia Yesus tèke eele kodho ne ètu kacui-aai ana bhèni ne, ka na rai asa liꞌu."
GEN 39:13,"and when the woman had seen the cloth in her hands, and that she was despised,","ropa dhèu èmu potifar ladhe laa, na, yusuf rai li'u le la'e, aa kodho na tèke eele,","Ropa dhèu bhèni ne ladhe nèdhi mèdha-papake èèna ètu dꞌara kacui-aai na, hèia na madhaꞌu."
GEN 39:14-15,"she called to her the men of her house, and said to them, lo! my lord hath brought in an hebrew man, that he should scorn us; he entered to me to do lechery with me, and when i cried, and he heard my voice, he left the mantle which i held, and he fled out.","hèia na paroa dhèu sab'a sèra, ka na peka, aku nèngu na, we! miu mai ladhe ku laa! deo na, ana mone dhèu ibrani na, maso sa d'ara kama ja'a. na neo pamakae ja'a. malo ka ja'a pa'oo, ka na rai, tèke eele kodho na ètu ja'a ne. dhèu èmu ja'a ne, nèti dhèu bhelu asa d'ara èmu, ho hia èdhi ta'e makae!","Ka na paroa dhèu sabꞌa ètu dꞌara èmu na, ka na peka dènge rèngu, aku nèngu na, ""Sèmi neꞌe! Jaꞌa hia dhèu Ibrani èci mai asa dꞌara èmu jaꞌa, sèna ka na tao jꞌara makae dènge jaꞌa. Te ngaa na maso asa dꞌara èmu jaꞌa. Ropa jaꞌa paꞌoo-parodha, na tadèngi lii jaꞌa, hèia na tèke eele kodho na ètu dꞌara èmu jaꞌa, ka na rai."
GEN 39:16,"therefore into proving of the truth, she showed the mantle, that she held, to her husband turning again home.","bhèni na kèpe pa'ère kodho èèna, toke d'ai dhèu èmu na lèpa.","Nèti èèna ka, bhèni ne dꞌèi padhai lii dènge dhèu èmu na, sèna ka na paꞌèki dènge dhèu èmu na ètu dꞌara èmu na."
GEN 39:17,"and she said, the hebrew servant, whom thou broughtest in, entered to me to scorn me;","ropa dhèu èmu na nare d'ara èmu, na lolo peka na, a'a! dhèu ibrani dhu mèti mai sa èmu ne'e, deo na maso asa d'ara kama ja'a, neo pakarehe ja'a!","Hèia bhèni ne dhaa, aku nèngu na, ""Nèngu ne, ana bhèni nèti suku Ibrani dhu èu pua mai asa dꞌara èmu neꞌe. Nèngu dꞌèi padhai lii dènge jaꞌa."
GEN 39:18,"and when he saw me cry, he left the mantle that i held, and he fled out.","malo ka ja'a pa'oo, paroa ana sab'a se'e. hèia na rai tèke eele kodho na, ka ne'e.","Ropa na ladhe nèdhi jaꞌa tangi, ka na rai asa liꞌu, hèia na tèke eele kodho jaꞌa."
GEN 39:19,"and when these things were heard, the lord believed over much to the words of the wife, and he was full wroth;","tadèngi nare lii lolo dhèu èmu na, potifar nasa bia.","Ropa tadèngi lii padhai bhèni ne, hèia lamatua na nasa."
GEN 39:20,"and he betook joseph into prison, where the bound men of the king were kept, and he was enclosed there.",hèia na paredha ka dhèu lasi kèpe yusuf. ka ra pamaso asa d'ara bèdho dhèu aae.,"Èle èèna ka, gubernur lasi asa dꞌara bèdho, ètu dꞌara èmu bèdho aae dhèu aae dhèu aae Herodes. Ka dhèu aae rèti Yusuf ètu dꞌara bèdho."
GEN 39:21,"forsooth the lord was with joseph, and had mercy on him, and gave grace to him, in the sight of the prince of the prison,","te ngaa lamatua bhèlu boe yusuf. nèti èèna ka, lamatua ladhe-leru ne taruu, ka kapala ètu d'ara bèdho èèna, sue yusuf ae titu kèna.","Hèia komedhaa bèdho ètu dꞌara bèdho ne ladhe nèdhi, na, Lamatua padꞌelo dꞌara hua iia Na mi dhèu èmu bèdho ne. Nèti èèna ka, Lamatua padꞌelo dꞌara hua iia Na mi dhèu èmu bèdho ne. Nèti èèna ka, Lamatua padꞌelo dꞌara hua iia Na mi dhèu èmu bèdho ne."
GEN 39:22,"which betook in the hand of joseph all the prisoners that were holden in keeping, and whatever thing was done, it was done under joseph,","na lèka yusuf, ka hia ne j'aj'i madho ho laladhe ana bèdho sèra aa'i-aa'i ra. aa, hia na lalau sasab'a ètu èèna kahèi.","Èle èèna ka, Yusuf paredha dhèu ètu dꞌara bèdho aaꞌi-aaꞌi dhu ètu dꞌara bèdho sèra. Èle èèna ka, Yusuf paredha dhèu ètu dꞌara bèdho aaꞌi-aaꞌi dhu ètu dꞌara bèdho sèra."
GEN 39:23,"neither the prince knew anything, for all things were betaken to joseph; for the lord was with him, and dressed all his works.","lula lèka ne, ka kapala èmu bèdho na, tao heka ai-hèb'a mi ngaa-ngaa ètu d'ara bèdho èèna. lamatua ladhe-leru taruu yusuf, nèti èèna ka, sasab'a ngaa ètu d'ara bèdho na kako dènge be'a.","Te ngaa kètu kapai èèna tadhe boe ngaa-ngaa, lula Ama Lamatua paꞌèki dènge Yusuf aaꞌi-aaꞌi ra aaꞌi-aaꞌi ra aaꞌi-aaꞌi ra. Nèti èèna ka, Lamatua paꞌèki dènge Yusuf aaꞌi-aaꞌi ra aaꞌi-aaꞌi ra aaꞌi-aaꞌi ra aaꞌi-aaꞌi ra."
GEN 40:1-3,"when these things were done, it befelled that two geldings, the butler and the baker of the king of egypt, sinned to their lord. and pharaoh was wroth against them, for the one was master butler, and the tother was master baker. and he sent them into the prison of the prince of knights, in which also joseph was bound.","ètu d'ara bèdho èèna, abhu kahèi dhèu dua, dhu uru na j'aj'i kapala urusan ètu d'ara èmu dhèu aae masir. èci lalau dhua èi dhèu aae. aa èci hari lalau roti dhèu aae. dua ra tao pasala dhèu aae. nèti èèna ka, dhèu aae nasa, ka na pamaso si asa d'ara bèdho. dua ra pea ètu era èci dènge yusuf.","Lodꞌo èèna, dhèu aae dua nèti dhèu aae rèti lii langu dhèu aae rèti lii langu dhèu aae rèti lii langu dhèu aae rèti lii langu dhèu aae rèti lii langu dhèu aae rèti lii langu dhèu aae rèti lii langu dhèu aae rèti lii langu dhèu aae rèti lii langu dhèu aae rèti lii langu dhèu aae rèti lii langu dhèu aae rèti lii langu dhèu aae rèti lii langu dhèu aae rèti lii langu dhèu aae. Hèia na pua Yusuf lasi asa dꞌara bèdho ètu dꞌara bèdho."
GEN 40:4,"and the keeper of the prison betook them to joseph, which also served, or kept, them. somewhat of time passed, and they were holden in keeping,","kapala èmu bèdho na, paredha yusuf lalau dhèu dua se'e. ra ètu d'ara bèdho na, ele boe ca tèu do dua tèu le.","Èle èèna ka, komedhaa bèdho ne pua Yusuf lasi asa dꞌara bèdho. Ka dua ra pea ètu dꞌara bèdho."
GEN 40:5,"and both saw a dream in one night, by covenable expounding to them.","mèda ca lod'o ka, dua ra nii. ca dhèu ka dènge nii na. aa, lii nii dua sèra, èci-èci ka dènge sasoa na.","Èle èèna ka, dhèu aaꞌi-aaꞌi ladhe rèdhi mèdha èèna ètu dꞌara èmu èci. Nèti èèna ka, dhèu aaꞌi-aaꞌi se bisa lole dènge rèngu."
GEN 40:6,"and when joseph had entered to them early, and had seen them sorry,","bèli mad'ae èèna, yusuf ladhe na dua ra rèhu susa.","Èle èèna ka, Yusuf maso asa dꞌara èmu rèngu. Hèia na ladhe nèdhi, na, rèngu aaꞌi-aaꞌi ètu dꞌara èmu rèngu. Hèia Yusuf ladhe nèdhi, na, rèngu aaꞌi-aaꞌi ra dꞌèlu-mèu, te ngaa rèngu aaꞌi-aaꞌi ra dꞌèlu-mèu, lula rèngu dꞌèlu-mèu aaꞌi-aaꞌi ra ètu dꞌara Èmu Kapua Manèngi-Mangajꞌi ètu dꞌara Èmu Kapua Manèngi-Mangajꞌi. Èle èèna ka, Yusuf ladhe nèdhi rèngu aaꞌi-aaꞌi ra dꞌèlu-mèu ètu dꞌara Èmu Kapua Manèngi-Mangajꞌi ètu dꞌara Èmu Kapua Manèngi-Mangajꞌi ètu dꞌara Èmu Kapua Manèngi-Mangajꞌi ètu dꞌara Èmu Kapua Manèngi-Mangajꞌi."
GEN 40:7,"he asked them, and said, why is your cheer heavier today than it is wont to be?","ka na karèi si, aku nèngu na, nga tao ka mad'ae ne'e, miu dua mi roe-roe?","Hèia Yesus karèi si, aku Nèngu na, ""Nga tao ka dꞌai sange neꞌe, dꞌara miu karejꞌe-karae?"
GEN 40:8,"which answered, we each saw a dream, and there is no man that expoundeth it to us. and joseph said to them, whether the expounding is not of god? tell ye to me what ye have seen.","hèia ra dhaa, peka na, mèda deo na, ji'i nii. te ngaa ji'i nge'a boe sasoa na samia! hèia yusuf peka dènge dua ra, aku nèngu na, dhèu aa'i-aa'i ètu rai-haha ne'e, èci sa re'a boe sasoa nii, dhodhoka ama lamatua di. de miu lolo ku laa. pe èèna ho ja'a karèi sasoa nèti lamatua.","Hèia ra dhaa, aku rèngu na, ""Miu aaꞌi-aaꞌi mi tadhe mèdha-panyau, te ngaa abhu boe ca dhèu sa dhu bisa lole lii padhai na."" Hèia Yusuf dhaa, aku nèngu na, ""Sèmi neꞌe! Ama Lamatua ka dhu bisa lole lii padhai na."""
GEN 40:9,"the master butler told first his dream; i saw before me that a vine,","hèia dhèu dhu lalau dhua èi hia dhèu aae èèna, lolo uuru peka na, ètu d'ara nii, ja'a ladhe kèdhi aj'u anggor ca kapua.","Èle èèna ka, dhèu sabꞌa ètu dꞌara èmu na, peka na, ""Jaꞌa ladhe kèdhi ajꞌu anggor èci ètu madha jaꞌa. Jaꞌa ladhe kèdhi ajꞌu anggor èci èèna."
GEN 40:10,"in which were three scions, waxed little and little into burgeonings, and that after the flowers, the grapes waxed ripe,","aj'u anggor ne dadana nèngu tèlu di. aj'u na muri mai ka dènge rèu, hela, dènge hua giru-gari dhu madhasa.","Ètu dꞌara dꞌara dꞌara rae ne, abhu tèlu hèbꞌa. Rèngu aaꞌi-aaꞌi ra jꞌajꞌi mèdha-panyau. Rèngu aaꞌi-aaꞌi ra jꞌajꞌi mèdha-panyau. Rèngu aaꞌi-aaꞌi ra jꞌajꞌi mèdha-panyau. Rèngu aaꞌi-aaꞌi ra jꞌajꞌi mèdha-panyau. Rèngu aaꞌi-aaꞌi ra jꞌajꞌi mèdha-panyau. Rèngu aaꞌi-aaꞌi ra jꞌajꞌi mèdha-panyau. Rèngu aaꞌi-aaꞌi ra jꞌajꞌi mèdha-panyau. Rèngu aaꞌi-aaꞌi ra jꞌajꞌi mèdha-panyau."
GEN 40:11,"and the cup of pharaoh was in mine hand; therefore i took the grapes, and pressed them out into the cup that i held, and i gave drink to pharaoh.","aa ja'a kèd'u galaa dhu dhèu aae biasa pake ninu. ja'a puu hua anggor, ka pacèli èi sa d'ara galaa deo na. hèia kèti asa dhèu aae, hia na ninu.","Èle èèna ka, jaꞌa kèpe èi anggor ètu dꞌara kacui-aai dhèu aae. Hèia jaꞌa kèpe èi anggor ètu dꞌara kacui-aai dhèu aae. Hèia jaꞌa jꞌajꞌi anggor ètu dꞌara kacui-aai dhèu aae. Hèia jaꞌa jꞌajꞌi anggor ètu dꞌara kacui-aai dhèu aae, sèna ka jꞌajꞌi anggor ètu dꞌara kacui-aai dhèu aae, hèia jaꞌa jꞌajꞌi anggor ètu dꞌara kacui-aai dhèu aae."""
GEN 40:12,"joseph answered, this is the expounding of the dream; three scions be yet three days,","tadèngi nare hèia, yusuf peka dènge ne sèmi ne'e ka, ama, ee. sasoa nii na sèmi ne'e ka: dadana tèlu, sasoa na di tèlu lod'o ka.","Hèia Yusuf dhaa, aku nèngu na, ""Nèti èèna ka, sordadꞌu bisa peka, na, dꞌai tèlu lodꞌo, sordadꞌu bisa peka, na, sordadꞌu bisa peka, na, sordadꞌu bisa peka, na, sordadꞌu bisa peka, na, sordadꞌu bisa peka na, sordadꞌu bisa peka na, sordadꞌu bisa peka na, sordadꞌu bisa peka na, sordadꞌu bisa peka na, sordadꞌu bisa peka na, sordadꞌu èèna, dꞌai tèlu lodꞌo."
GEN 40:13,"after which pharaoh shall have mind of thy service, and he shall restore thee into the first degree, and thou shalt give to him the cup, by thine office, as thou were wont to do before.","ètu d'ara tèlu lod'o ne, dhèu aae kalua eele ama nèti d'ara bèdho ne'e. ho na hia hari, ama lalau dhua èi hia dhèu aae sèmi uru na.","Èle èèna ka, bèli-camèdꞌa dhèu aae jꞌajꞌi dhèu aae. Èle èèna ka, bèli-camèdꞌa dhèu aae jꞌajꞌi dhèu aae jꞌajꞌi dhèu aae jꞌajꞌi dhèu aae. Èle èèna ka, bèli-camèdꞌa dhèu aae jꞌajꞌi dhèu aae jꞌajꞌi dhèu aae jꞌajꞌi dhèu aae jꞌajꞌi dhèu aae jꞌajꞌi dhèu aae jꞌajꞌi dhèu aae jꞌajꞌi dhèu aae jꞌajꞌi dhèu aae jꞌajꞌi dhèu aae jꞌajꞌi dhèu aae jꞌajꞌi dhèu aae jꞌajꞌi dhèu aae jꞌajꞌi dhèu aae jꞌajꞌi dhèu aae jꞌajꞌi dhèu aae jꞌajꞌi dhèu aae jꞌajꞌi."
GEN 40:14,"only have thou mind of me, when it is well to thee, and thou shalt do mercy with me, that thou make suggestion to pharaoh, that he lead me out of this prison;","ladhe ama abhu babe'a sèmi èèna, baku bhèlu ja'a, ee? ladhe ama sue ja'a, peka dènge dhèu aae kalua eele ja'a nèti era ne'e.","Ladhe èu dꞌèi sèmi èèna, na, èu dꞌèi padꞌelo dꞌara hua iia èu mi jaꞌa, sèna ka jꞌajꞌi dhèu aae nèti dꞌara bèdho ne. De ladhe èu dꞌèi sèmi èèna, na, èu dꞌèi padꞌelo dꞌara hua iia èu mi jaꞌa ètu dꞌara bèdho ne. De ladhe èu dꞌèi sèmi èèna, na, èu dꞌèi padꞌelo dꞌara beꞌa jaꞌa ètu dꞌara bèdho ne. De ladhe èu dꞌèi padꞌelo dꞌara beꞌa jaꞌa ètu dꞌara bèdho ne, na, èu dꞌèi padꞌelo dꞌara beꞌa jaꞌa ètu dꞌara bèdho ne."
GEN 40:15,"for thiefly, that is, by thievery, i am taken away from the land of hebrews, and here i am sent innocent into prison.","te ja'a ne, madhutu madha j'ara na dhu mola, rèngu se rare ja'a dènge laka-seti, nèti rae dhèu ibrani. d'ai era ne'e, ja'a tao boe sasala ngaa èci sa. te ngaa rèngu pamaso ja'a asa d'ara bèdho ne'e. rèngu tao ja'a sèmi dhèu bhelu-katub'a sa.","Lula jaꞌa mai nèti rai Ibrani, ka ra pua jaꞌa asa dꞌara bèdho, te ngaa jaꞌa peka na, jaꞌa nuka sèmi dhèu manaꞌu."
GEN 40:16,"the master baker saw that joseph had declared prudently the dream, and he said, and i saw a dream, that i had three baskets of meal on mine head,","ropa tadèngi nare sasoa nii ne'e be'a mi dedha angalai na, hèia dhèu èci dhu lalau roti na, lolo hari nii nèngu, peka na, ari yusuf. nii ja'a sèmi ne'e ka: ja'a tèd'u soe pagod'o-god'o tèlu.","Èle èèna ka, komedhaa pamaꞌète roti ètu dꞌara èmu na, ladhe nèdhi, na, Yusuf peka dènge ne, na, ""Jaꞌa tadèngi mèdha ètu dꞌara èmu jaꞌa. Ètu dꞌara kètu jaꞌa, ètu dꞌara kètu jaꞌa, abhu roti tèlu segi."
GEN 40:17,"and i guessed that i bare in one basket, that was highest, all meats or baked foods that be made for pharaoh by the craft of bakers, and that birds ate thereof.","ètu d'ara soe re dedha tèka na, pènu dènge koki dhèu aae, dhu rupa ae titu kèna. te ngaa manu-bhui lela mai ka ra'e aa'i koki d'ara soe dhu ètu kètu ja'a na.","Hèia jaꞌa pangee, na, ètu dꞌara sebhe èci, jaꞌa pakabꞌua ngiꞌu aaꞌi-aaꞌi dhu dhèu aaꞌi-aaꞌi ra tao hia dhèu aae jꞌajꞌi dhèu aae kapai. Aa manu-bhui aaꞌi-aaꞌi raꞌa ngiꞌu aaꞌi-aaꞌi raꞌa ètu dꞌara sebhe èèna. Nèti èèna ka, jaꞌa pangee, na, jaꞌa pakabꞌua ngiꞌu aaꞌi-aaꞌi raꞌa-rinu aaꞌi-aaꞌi raꞌa-rinu aaꞌi-aaꞌi raꞌa-rinu aaꞌi-aaꞌi raꞌa-rinu aaꞌi-aaꞌi raꞌa-rinu aaꞌi-aaꞌi raꞌa-rinu aaꞌi-aaꞌi raꞌa-rinu."
GEN 40:18,"joseph answered, this is the expounding of the dream; three baskets be yet three days,","ropa yusuf tadèngi nare, ka na dhaa, peka na, sasoa lii nii ama, sèmi ne'e ka: soe tèlu sèra, sama kahèi dènge tèlu lod'o.","Hèia Yusuf dhaa, aku nèngu na, ""Nèti èèna ka, lii padhai jaꞌa ne, peka na, 'Treꞌa dꞌai tèlu lodꞌo, bèli-camèdꞌa ètu dꞌara jꞌajꞌèra èèna, bèli-camèdꞌa jꞌajꞌi dhèu aaꞌi-aaꞌi, sèna ka jꞌajꞌi dhèu aaꞌi-aaꞌi, aa jꞌajꞌi dhèu aaꞌi-aaꞌi, aa jꞌajꞌi dhèu aaꞌi-aaꞌi, sèna ka jꞌajꞌi dhèu aaꞌi-aaꞌi, sèna ka jꞌajꞌi dhèu aaꞌi-aaꞌi, sèna ka jꞌajꞌi dhèu aaꞌi-aaꞌi dhu jꞌajꞌi dhèu aaꞌi-aaꞌi."
GEN 40:19,"after which pharaoh shall take away thine head, and he shall hang thee in a cross, and birds shall draw thy flesh.","d'ara tèlu lod'o ne, mu ladhe, te dhèu aae pua dhèu mai poro rare kètu èu. ho èèna na, ra kadhoe ngi'u aae èu ètu agarii. hèia manu-bhui tutu ra'e aa'i sisi èu.","Èle èèna ka, bèli-camèdꞌa dhèu aae jꞌajꞌi dhèu aae. Bèli-camèdꞌa dhèu aae jꞌajꞌi dhèu aae jꞌajꞌi dhèu aae jꞌajꞌi dhèu aae jꞌajꞌi dhèu aae jꞌajꞌi dhèu aae jꞌajꞌi dhèu aae jꞌajꞌi dhèu aae jꞌajꞌi dhèu aae jꞌajꞌi dhèu aae jꞌajꞌi dhèu aae jꞌajꞌi dhèu aae jꞌajꞌi dhèu aae jꞌajꞌi dhèu aae jꞌajꞌi dhèu aae jꞌajꞌi dhèu aae jꞌajꞌi dhèu aae jꞌajꞌi dhèu aae jꞌajꞌi dhèu aae jꞌajꞌi dhèu aae jꞌajꞌi dhèu aae jꞌajꞌi dhèu aae jꞌajꞌi."""
GEN 40:20,"from thence the third day was the day of the birth of pharaoh, which made a great feast to his servants, and he had mind among the meats or during the meal, of the master butler, and of the prince of bakers;","ropa d'ai tèlu lod'o, dhu lèke dènge lod'o hari jadi dhèu aae, na tao tatao dhu kapai hia dhèu kapai na aa'i-aa'i sèra. na paredha ho dhèu lasi kalua eele dhèu dua sèra nèti d'ara bèdho.","Èle èèna ka, dꞌai tèlu lodꞌo, jꞌajꞌi lodꞌo pèri-pèri dhèu aae jꞌajꞌi dhèu aae-dhèu aae. Lodꞌo èèna, dhèu aae jꞌajꞌi dhèu aae-dhèu aae jꞌajꞌi dhèu aae-dhèu aae jꞌajꞌi dhèu aae-dhèu aae. Èle èèna ka, dhèu aae jꞌajꞌi dhèu aae jꞌajꞌi dhèu aae jꞌajꞌi dhèu aae jꞌajꞌi dhèu aae jꞌajꞌi dhèu aae jꞌajꞌi dhèu aae jꞌajꞌi dhèu aae jꞌajꞌi dhèu aae jꞌajꞌi dhèu aae jꞌajꞌi dhèu aae jꞌajꞌi dhèu aae jꞌajꞌi dhèu aae jꞌajꞌi dhèu aae jꞌajꞌi dhèu aae jꞌajꞌi dhèu aae jꞌajꞌi dhèu aae jꞌajꞌi roti."
GEN 40:21,"and he restored the one into his place, that he should dress the cup, either drink, to the king,","ka na hia hari mone dhu lalau dhua èi na, sab'e sasab'a nèngu uru na.","Èle èèna ka, na pua dhèu sabꞌa ètu dꞌara èmu na, sèna ka na jꞌajꞌi dhèu sabꞌa ètu dꞌara èmu na, sèna ka na jꞌajꞌi dhèu sabꞌa ètu dꞌara èmu na, sèna ka na jꞌajꞌi dhèu sabꞌa ètu dꞌara èmu na, sèna ka na jꞌajꞌi dhèu sabꞌa ètu dꞌara èmu na, sèna ka na jꞌajꞌi dhèu sabꞌa ètu dꞌara èmu na, sèna ka na jꞌajꞌi dhèu sabꞌa ètu dꞌara èmu na."
GEN 40:22,"and he hanged the tother in a gibbet, that the truth of joseph declaring the dreams should be proved.","te ngaa dhèu dhu lalau roti dhèu aae èèna, ra poro eele kètu na, ka ra kadhoe ngi'u na, sama sèmi ngaa dhu yusuf peka dènge rèngu dua ra.","Èle èèna ka, Yusuf padhai lii sèmi èèna, sèna ka dhèu aaꞌi-aaꞌi bisa reꞌa, na, mèdha-panyau èèna lèke tareꞌa-reꞌa. Nèti èèna ka, dhèu aaꞌi-aaꞌi reꞌa mèdha-panyau èèna, sèna ka dhèu aaꞌi-aaꞌi reꞌa mèdha-panyau èèna, sèna ka dhèu aaꞌi-aaꞌi reꞌa mèdha-panyau èèna, sèna ka dhèu aaꞌi-aaꞌi reꞌa mèdha-panyau èèna, sèna ka dhèu aaꞌi-aaꞌi reꞌa mèdha-panyau èèna."
GEN 40:23,"and nevertheless when prosperities befelled to the master butler, he forgat joseph that declared his dream.","te ngaa mone dhu lalau dhua èi dhèu aae ne, sanèd'e heka yusuf. na bhèlu eele lii moa yusuf.","Te ngaa ladhe jꞌajꞌi dhèu dhu dꞌèlu-mèu jꞌajꞌi dhèu kapodꞌe-kabèli èèna, na ele iie Yusuf."
GEN 41:1,"after two years pharaoh saw a dream; he guessed that he stood on a river,","pe d'ai dua tèu risi sa, hèia dhèu aae masir nii. na nii na, nèngu dhu titu ètu sebhe loko nil.","Èle èèna ka, dꞌai dua tèu, dhèu aae jꞌajꞌi dhèu aae jꞌajꞌi dhèu aae jꞌajꞌi dhèu aae jꞌajꞌi dhèu aae jꞌajꞌi dhèu aae jꞌajꞌi dhèu aae jꞌajꞌi dhèu aae jꞌajꞌi dhèu aae jꞌajꞌi dhèu aae jꞌajꞌi dhèu aae jꞌajꞌi dhèu aae jꞌajꞌi dhèu aae jꞌajꞌi dhèu aae jꞌajꞌi dhèu aae jꞌajꞌi dhèu aae jꞌajꞌi dhèu aae jꞌajꞌi dhèu aae jꞌajꞌi dhèu aae jꞌajꞌi dhèu aae jꞌajꞌi dhèu aae jꞌajꞌi dhèu aae jꞌajꞌi dhèu aae jꞌajꞌi dhèu aae jꞌajꞌi dhèu aae jꞌajꞌi."
GEN 41:2,"from which seven fair kine and full fat went up, and they were fed in the places of marshes;","kabèdhi laa, nèngu nèdhi sapi pidhu ngi'u dhu kabèb'u bia. ka'uri ra kale'e. ra kalua nèti d'ara loko, ka ra'a j'u'u ètu sebhe loko èèna.","Ètu dꞌara dꞌara hèbꞌa èèna, bèli-bèli kapai dhu kabꞌua dènge kapai mai, ho raꞌa-rinu ètu dꞌara roꞌa èèna."
GEN 41:3,"and another seven, foul and lean, came out of the river, and were fed in that brink of the water, in green places;","nèbhu boe, sapi pidhu ngi'u dhu leo hari, kalua nèti d'ara loko deo na. ngi'u sapi sèra malaka-god'a. ra titu padètu dènge sapi kabèb'u sèra.","Èle èèna ka, ana bhèni pidhu dhu bhelu-katubꞌa puru mai nèti dꞌara bèdho èèna, ho raꞌa-rinu ètu dꞌara èmu èèna."
GEN 41:4,"and those foul and lean kine devoured those kine of which the fairness and comeliness of their bodies were wonderful. pharaoh waked,","hèia sapi malaka pidhu ngi'u sèra, dhèle aa'i pidhu sapi dhu kabèb'u sèra. hèia dhèu aae kabèdhi, ka na marèi dènge.",Rèngu aaꞌi-aaꞌi ra jꞌajꞌi kahibꞌi-kalèbho. Rèngu aaꞌi-aaꞌi ra jꞌajꞌi kahibꞌi-kalèbho. Rèngu aaꞌi-aaꞌi ra jꞌajꞌi kahibꞌi-kalèbho. Rèngu aaꞌi-aaꞌi ra jꞌajꞌi kahibꞌi-kalèbho. Rèngu aaꞌi-aaꞌi ra jꞌajꞌi kahibꞌi-kalèbho. Rèngu aaꞌi-aaꞌi ra jꞌajꞌi kahibꞌi-kalèbho. Rèngu aaꞌi-aaꞌi ra jꞌajꞌi kahibꞌi-kalèbho.
GEN 41:5,"and slept again, and he saw another dream; seven ears of corn, full and fair, came forth in one stalk,","nèbhu boe ka, dhèu aae bhèj'i luu hari. ka na nii hari ca tèka. lii nii na sèmi ne'e ka: nèngu ladhe nèdhi are pidhu huri dhu isi pènu, bhodho nèti laa are dhu sub'u.","Èle èèna ka, na kèdꞌi kèna. Hèia na kèdꞌi kèna. Na kèdꞌi kèna. Na kèdꞌi kèna, ka na kèdꞌi kèna. Na kèdꞌi kèna, hèia na kèdꞌi kèna. Ètu dꞌara hèbꞌa èci, hèbꞌi kèna, hèbꞌi kèna padhane padhane padhane padhane padhane padhane padhane padhane padhane padhane padhane padhane padhane padhane padhane padhane padhane padhane padhane padhane padhane padhane padhane padhane padhane padhane padhane padhane padhane padhane padhane padhane padhane padhane padhane padhane padhane padhane padhane padhane padhane padhane padhane padhane padhane padhane padhane padhane padhane padhane padhane padhane padhane padhane padhane padhane padhane padhane padhane padhane padhane padhane padhane padhane padhane padhane padhane padhane padhane padhane padhane padhane padhane padhane padhane padhane padhane padhane padhane padhane padhane padhane padhane padhane padhane padhane padhane padhane padhane padhane padhane padhane padhane padhane padhane padhane padhane padhane padhane padhane padhane padhane"
GEN 41:6,"and others, as many ears of corn, thin and smitten with corruption of burning wind, came forth,","èle èèna ka, nèdhi hari are pidhu huri dhu isi aad'o, aa dhu kamale dhae-dhae sène, lèke lai ngèlu dhu pana.","Cahagꞌe aaꞌi-aaꞌi mai, nuka sèmi ajꞌu aae dhu dꞌèlu-mèu. Rèngu aaꞌi-aaꞌi dhu dꞌèlu-mèu aaꞌi-aaꞌi dhu dꞌèlu-mèu aaꞌi-aaꞌi ra."
GEN 41:7,"devouring all the fairness of the first. pharaoh waked after this rest,","ka pidhu huri are dhu isi aad'o sèra, dhèle aa'i pidhu huri are dhu isi pènu deo sa. hèia dhèu aae kabèdhi ka nèti bhèj'i. heka nèngu ne'a kèna, nèngu dhu nii hari di.","Nèti èèna ka, dhèu aaꞌi-aaꞌi dhu jꞌajꞌi dhèu aaꞌi-aaꞌi dhu jꞌajꞌi dhèu aaꞌi-aaꞌi dhu jꞌajꞌi dhèu aaꞌi-aaꞌi ètu rai-haha ne, reꞌa boe ngaa dhu jꞌajꞌi dhèu aaꞌi-aaꞌi dhu jꞌajꞌi dhèu aaꞌi-aaꞌi dhu jꞌajꞌi dhèu aaꞌi-aaꞌi dhu jꞌajꞌi dhèu aaꞌi-aaꞌi dhu jꞌajꞌi dhèu aaꞌi-aaꞌi dhu jꞌajꞌi dhèu aaꞌi-aaꞌi dhu jꞌajꞌi dhèu aaꞌi-aaꞌi dhu jꞌajꞌi dhèu aaꞌi-aaꞌi."
GEN 41:8,"and when the morrowtide was made, he was afeared by inward dread, and he sent to all the expounders of egypt, and to all the wise men; and when they were called, he told the dream, and none was that expounded it.","mad'ae aae èèna, d'ara isi na be'a boe. hèia, na paredha dhèu lasi paroa aa'i dhèu ai tadha dènge dhèu d'èlu-mèu, ètu rai masir mai paraga dènge ne. ka na lolo lii nii na sèra dènge si. te ngaa dhèu èci sa bisa boe peka sasoa lii nii deo sa mi dhèu aae.","Ropa dꞌai bèli madꞌae, ka na madhaꞌu. Ka na pua dhèu lasi paraga dènge dhèu aaꞌi-aaꞌi nèti aaꞌi-aaꞌi ra. Hèia na paroa dhèu aaꞌi-aaꞌi sèra, ka na peka dènge rèngu. Te ngaa abhu boe ca dhèu sa dhu bisa lole lii padhai na."
GEN 41:9,"then at the last, the master butler bethought to him, and said to pharaoh, i acknowledge my sin;","ka mone dhu lalau dhua èi dhèu aae èèna, heka sanèd'e nèdhi yusuf kèna. hèia la'e peka dènge dhèu aae, aku nèngu na, ama! ja'a mangaku sala.","Èle èèna ka, komedhaa dhèu sabꞌa ne sanèdꞌe, ka na peka dènge dhèu aae, aku nèngu na, ""Jaꞌa dꞌèi, na, jaꞌa ne dhèu bhelu-katubꞌa."
GEN 41:10,"the king was wroth to his servants, and commanded me and the master baker to be cast down into the prison of the prince of knights,","uru èèna, dhu ama ku nasa dènge ja'a, dènge angalai ku èci na, ka pamaso ji'i asa d'ara bèdho,","Ropa tadèngi nare sèmi èèna, hèia dhèu aae nasa, ka na pua dhèu lasi asa dꞌara bèdho."
GEN 41:11,"where we both saw a dream in one night, before-showing of things to come.","mèda ca lod'o ka, ji'i dua mi nii. èci-èci ka dènge nii na. aa sasoa nii se'e, sama boe kahèi.","Lodꞌo èèna, jiꞌi aaꞌi-aaꞌi ladhe mèdhi mèdha-panyau ètu dꞌara èmu èci, dhu padꞌelo jꞌara-jꞌara dhu bèli-camèdꞌa jꞌajꞌi."
GEN 41:12,"an hebrew child, servant of the same duke of knights, was there, to whom we told the dreams, and heard whatever thing the befalling of the thing proved afterward;","ètu d'ara bèdho na, abhu ana mone ibrani èci. kapala èmu bèdho nedhe ana mone ne, j'aj'i kapala urusan ho lalau ji'i. ji'i lolo lii nii ji'i dènge ne, ka na peka sasoa lii nii sèra dènge ji'i.","Ètu èèna, jiꞌi peka dènge ne, ngaa dhu jꞌajꞌi. Jiꞌi peka dènge ne, ngaa dhu jꞌajꞌi le."
GEN 41:13,"for i am restored to mine office, and he was hanged in a cross.","nèti èèna ka, ama dhèu aae ded'e hari ja'a. aa angalai ja'a na, abhu huku madhe. se'e se j'aj'i sama sèmi ngaa dhu ana mone ibrani na peka.","Nèti èèna ka, dhèu pamadhe Ne ètu ajꞌu palolo-palèbha."
GEN 41:14,"anon at the behest of the king, they polled joseph, led him out of the prison, and when his clothing was changed, they brought him to the king.","nanene nare lii ne'e hèia, dhèu aae pua dhèu lasi lai-lai rare yusuf nèti d'ara bèdho mai. ka yusuf pamèu iisi na, aa na gati mèdha-papake na, ka na la'e paraga dènge dhèu aae.","Èle èèna ka, dhèu aae Herodes pua dhèu lasi asa dꞌara bèdho. Èle èèna ka, dhèu aae rèti Yusuf nèti dꞌara bèdho. Èle èèna ka, dhèu aae rèti mèdha-papake èci ho lasi asa madha dhèu aae Herodes."
GEN 41:15,"to whom the king said, i saw dreams, and none there is that expoundeth those things that i saw; i have heard that thou expoundest such things most prudently.","ropa na d'ai madha hèia, dhèu aae peka, ja'a nii, te ngaa dhèu èci sa re'a boe sasoa lii nii sèra. te ngaa dhèu peka na èu me'a.","Hèia dhèu aae lii dènge ne, aku nèngu na, ""Jaꞌa mèdhi mèdha-panyau jaꞌa, te ngaa abhu boe ca dhèu sa dhu bisa peka-padhai dènge jaꞌa. Jaꞌa tadèngi, na, èu peka-padhai sèmi èèna."""
GEN 41:16,"joseph answered, without me, god shall answer prosperities to pharaoh.","hèia yusuf dhaa, aku nèngu na, ama dhèu aae. ja'a èèna ka oo, ke'a boe ngaa-ngaa kahèi. dhoka ama lamatua di dhu ne'a, ho na peka sasoa lii nii sa, dènge lèke. na neo peka lii dhu be'a mi ama dhèu aae.","Hèia Yusuf dhaa, aku nèngu na, ""Sèmi neꞌe! Te Ama Lamatua ka dhu bꞌala jꞌara-jꞌara aaꞌi-aaꞌi mi dhèu aaꞌi-aaꞌi ètu rai-haha ne."""
GEN 41:17,"therefore pharaoh told that that he saw; i guessed that i stood on the brink of the flood,","hèia dhèu aae lolo ka, lii nii sèra dènge ne, aku nèngu na, ètu d'ara nii èèna, ja'a titu ètu sebhe loko nil.","Èle èèna ka, dꞌara jaꞌa kèdꞌi titu ètu sebhe dhasi."
GEN 41:18,"and seven kine, full fair, with flesh able to eating, went up from the water, which kine gathered green sedges in the pasture of the marshes;","ja'a ladhe la'a na sapi pidhu ngi'u dhu kabèb'u bia, dènge ka'uri dhu kale'e. ra kalua nèti d'ara loko mai, ka ra'a j'u'u ètu sebhe loko èèna.","Èle èèna ka, ana sapi dhèu pidhu mai nèti dꞌara èi. Rèngu seꞌe ka dhu bhelu-katubꞌa ètu dꞌara roꞌa."
GEN 41:19,"and lo! seven other kine, so foul and lean, followed these, that i saw never such in the land of egypt;","hèia sapi pidhu ngi'u dhu leo mai hari. rèngu se'e dhu malaka-god'a. ètu rai masir ne'e, ja'a kèdhi mèka sapi dhu malaka-god'a sèmi èèna!","Ètu dꞌara rai Masir, jaꞌa abhu kahèi kahèi kahèi kahèi kahèi kahèi kahèi kahèi kahèi kahèi kahèi kahèi kahèi kahèi kahèi kahèi kahèi kahèi kahèi kahèi kahèi kahèi kahèi kahèi kahèi kahèi kahèi kahèi kahèi kahèi kahèi kahèi kahèi."
GEN 41:20,"and when the former kine were devoured and wasted of the lean kine,","dhu pamalaa ja'a, pidhu sapi dhu malaka-god'a sèra, kabèdhi laa dhèle aa'i pidhu sapi dhu kabèb'u se.",Rèngu aaꞌi-aaꞌi dhu uru èèna jꞌajꞌi mèdha-panyau. Rèngu aaꞌi-aaꞌi dhu uru èèna jꞌajꞌi mèdha-panyau. Rèngu aaꞌi-aaꞌi dhu uru èèna jꞌajꞌi mèdha-panyau. Rèngu aaꞌi-aaꞌi dhu jꞌajꞌi mèdha-panyau. Rèngu aaꞌi-aaꞌi dhu jꞌajꞌi mèdha-panyau. Rèngu aaꞌi-aaꞌi dhu jꞌajꞌi mèdha-panyau. Rèngu aaꞌi-aaꞌi dhu jꞌajꞌi mèdha-panyau. Rèngu aaꞌi-aaꞌi dhu jꞌajꞌi mèdha-panyau.
GEN 41:21,"the lean kine gave no step, or token, of fullness, but were slow, or feeble, by like leanness and paleness. i waked,","sapi dhu malaka sèra dhèle aa'i, te ngaa ngi'u ra malaka taruu sèmi èèna ka. hèia ja'a kabèdhi dènge ka.","The lean kine gave no step, or token, of fullness, but were slow, or weak, by like leanness and paleness."
GEN 41:22,"and again i was oppressed by sleep, and i saw a dream; seven ears of corn, full and most fair, came forth on one stalk,","èle èèna ka, ja'a bhèj'i luu hari, ka nii hari ca tèka. ja'a kèdhi pidhu huri are dhu isi pènu, kalua nèti laa are ca kapua dhu sub'u.","Èle èèna ka, jaꞌa kèdꞌi kèdꞌi kèna. Ka jaꞌa kèdꞌi kèdꞌi kèdꞌi kèna. Hèia jaꞌa kèdꞌi kèdꞌi kèna. Ètu dꞌara ajꞌu èci, ètu dꞌara ajꞌu seꞌe, ètu dꞌara ajꞌu seꞌe, ètu dꞌara ajꞌu seꞌe, ètu dꞌara ajꞌu seꞌe, hèia ètu dꞌara ajꞌu seꞌe, hèia ètu dꞌara ajꞌu seꞌe, ètu dꞌara ajꞌu seꞌe, hèia jaꞌa kèdꞌi kèdꞌi kèdꞌi kèdꞌi kèdꞌi ètu dꞌara ajꞌu seꞌe."
GEN 41:23,"and another seven, thin and smitten with a burning wind, came forth of the stubble,","èle èèna ka, ja'a kèdhi hari, pidhu huri are dhu isi aad'o, aa dhu kamale dhae-dhae, lèke lai ngèlu pana.","Ropa tadèngi lii padhai Lamatua, hèia jaꞌa kèdhi kètu kapai èci mai nèti dꞌara hèbꞌa èèna."
GEN 41:24,"which devoured the fairness of the former; i told this dream to the expounders, and no man there is that expoundeth it.","ka pidhu huri are dhu bèdhu sèra dhèle aa'i pidhu huri are dhu isi pènu sèra. èle èèna ka, ja'a kèd'i nèti bhèj'i. ka ja'a lolo lii nii se'e mi dhèu d'èlu-mèu se'e, te ngaa èci sa bisa boe peka sasoa lii nii sèra.","Èle èèna ka, jaꞌa peka mèdha-panyau jaꞌa mi dhèu-dhèu dhu reꞌa mèdha-panyau jaꞌa. Te ngaa abhu boe ca dhèu sa dhu reꞌa mèdha-panyau jaꞌa."
GEN 41:25,"joseph answered, the dream of the king is one; god hath showed to pharaoh what things he shall do.","hèia yusuf padhai lii, peka na, ama dhèu aae! lii nii dua sèra, sasoa na dhoka èci di. ama lamatua peka le, mi ama dhèu aae, ngaa dhu na neo tao.","Hèia Yusuf dhaa, aku nèngu na, ""Sèmi èèna kahèi. Ama Lamatua padꞌelo jꞌara-jꞌara dhu dhèu aaꞌi-aaꞌi neo tao."""
GEN 41:26,"seven fair kine, and seven full ears of corn, be seven years of plenty, and the same things comprehend the strength of the dream;","sasoa na sèmi ne'e ka: pidhu sapi dhu kabèb'u, dènge pidhu huri are dhu isi pènu sèra, sasoa na, tèu dhu bècu-manèsa pidhu tèu. sasoa ra dhoka èci di.","Sèmi èèna kahèi dènge sapi pidhu dhu bhelu-katubꞌa aaꞌi-aaꞌi, dènge hadhu dhu bhelu-katubꞌa aaꞌi-aaꞌi, dhu bhelu-katubꞌa aaꞌi-aaꞌi, dhu bhelu-katubꞌa aaꞌi-aaꞌi, dhu bhelu-katubꞌa aaꞌi-aaꞌi, dhu bhelu-katubꞌa aaꞌi-aaꞌi, dhu bhelu-katubꞌa aaꞌi-aaꞌi, dhu bhelu-katubꞌa aaꞌi-aaꞌi, dhu bhelu-katubꞌa aaꞌi-aaꞌi, dhu bhelu-katubꞌa aaꞌi-aaꞌi."
GEN 41:27,"and the seven kine, thin and lean, that went up after the fair kine, and the seven thin ears of corn, and smitten with a burning wind, be seven years of hunger to coming or to come,","sèmi èèna kahèi, pidhu sapi dhu malaka-god'a, dènge pidhu huri are dhu isi aad'o, sasoa na, tèu manganga pidhu tèu.","Èle èèna ka, sapi pidhu dhu kabꞌua aaꞌi-aaꞌi dhu kabꞌua aaꞌi-aaꞌi dhu kabꞌua aaꞌi-aaꞌi dhu kabꞌua aaꞌi-aaꞌi dhu kabꞌua aaꞌi-aaꞌi dhu kabꞌua aaꞌi-aaꞌi dhu kabꞌua aaꞌi-aaꞌi dhu kabꞌua aaꞌi-aaꞌi dhu kabꞌua aaꞌi-aaꞌi dhu kabꞌua aaꞌi-aaꞌi dhu kabꞌua aaꞌi-aaꞌi dhu kabꞌua aaꞌi-aaꞌi dhu kabꞌua aaꞌi-aaꞌi dhu kabꞌua aaꞌi-aaꞌi dhu kabꞌua aaꞌi-aaꞌi."
GEN 41:28,which shall be fulfilled by this order.,"de lamatua dhu peka mema le, ngaa dhu nèngu neo tao. èèna sama kahèi, dènge ngaa dhu ja'a peka deo na.",which shall be fulfilled by this order.
GEN 41:29,"lo! seven years of great plenty in all the land of egypt shall come,","ladhe bèli-camèd'a, ètu rai masir ne'e, d'ara pidhu tèu, èdhi abhu bècu-manèsa palème rae.","Bèli-camèdꞌa, dhèu aaꞌi-aaꞌi ètu rai Masir aaꞌi-aaꞌi ètu rai Masir aaꞌi-aaꞌi dènge dhèu aaꞌi-aaꞌi ra. Èle èèna ka, bèli-camèdꞌa dhèu aaꞌi-aaꞌi ètu rai Masir aaꞌi-aaꞌi raꞌi-aaꞌi raꞌi-aaꞌi raꞌi-aaꞌi raꞌi-aaꞌi raꞌi-aaꞌi raꞌi-aaꞌi raꞌi-aaꞌi raꞌi-aaꞌi raꞌi-aaꞌi raꞌi-aaꞌi."
GEN 41:30-31,"and seven other years of so great barrenness shall pursue or follow those, that all the abundance before shall be given to forgetting; for hunger shall waste all the land, and the greatness of neediness shall waste the greatness of plenty.","èle èèna na, heka èdhi abhu manganga d'ara pidhu tèu. d'ara pidhu tèu na, manganga madèu aae. toke èdhi abhu boe nganga'a calamusi sa, ètu dedha rai masir ne'e. dhèu aa'i-aa'i manganga ae titu kèna, ka ra bhèlu eele uru na dhu rèngu abhu le babècu pidhu tèu.","Èle èèna ka, bèli-camèdꞌa dhèu aaꞌi-aaꞌi reꞌa mèu-mèu. Èle èèna ka, dhèu aaꞌi-aaꞌi reꞌa mèu-mèu dhèu aaꞌi-aaꞌi reꞌa mèu-mèu dhèu aaꞌi-aaꞌi reꞌa mèu-mèu dhèu aaꞌi-aaꞌi ètu rai-haha ne. Èle èèna ka, bèli-camèdꞌa dhèu aaꞌi-aaꞌi reꞌa mèu-mèu dhèu aaꞌi-aaꞌi ètu rai-haha ne. Èle èèna ka, bèli-camèdꞌa dhèu aaꞌi-aaꞌi reꞌa mèu-mèu dhèu aaꞌi-aaꞌi ètu rai-haha ne."
GEN 41:32,"forsooth this that thou sawest the second time in a dream pertaining to the same thing, is a showing of firm-ness, that is, a confirming of the first, for the word of god shall be done, and it shall be ful filled full swiftly.","de ladhe ama dhèu aae abhu nii dua hari, sasoa na, ama lamatua ka dhu ator tèke. nèbhu heka, ngaa dhu na ator ne, j'aj'i kèna.","De jaꞌa peka dènge èu, na, èu tadèngi mèka lii èci èèna kahèi. Jaꞌa peka dènge èu, na, Lii Holo-Nori Ama Lamatua èèna, lèke tareꞌa-reꞌa, sèna ka jꞌajꞌi dhèu aaꞌi-aaꞌi. Jaꞌa peka dènge èu, na, Lii Holo-Nori Ama Lamatua èèna, lèke tareꞌa-reꞌa. De jaꞌa peka dènge èu, na, Lii Holo-Nori Ama Lamatua èèna, lèke tareꞌa-reꞌa, sèna ka jꞌajꞌi dhèu aaꞌi-aaꞌi. De jaꞌa peka dènge èu, na, Lii Holo-Nori Ama Lamatua èèna, lèke tareꞌa-reꞌa, sèna ka jꞌajꞌi dhèu aaꞌi-aaꞌi."""
GEN 41:33,"now therefore purvey the king a wise man and a ready, and make the king him sovereign to the land of egypt,","nèti èèna ka, ja'a manèngi sèmi ne'e: be'a risi ama dhèu aae tenge dhèu d'èlu-mèu èci, dhu bisa tao ai-hèb'a la'a dènge be'a. aa ded'e ne, ho ladhe-leru kabarai ne'e dènge be'a.","De jaꞌa manèngi sèna ka dhèu aaꞌi-aaꞌi dhu dꞌèlu-mèu jꞌajꞌi dhèu dhu dꞌèlu-mèu, aa dꞌèlu-mèu jꞌajꞌi dhèu dhu dꞌèlu-mèu, sèna ka dhèu aaꞌi-aaꞌi jꞌajꞌi gubernur ètu rai Masir, sèna ka jꞌajꞌi dhèu aaꞌi-aaꞌi mi dhèu aaꞌi-aaꞌi dhu dꞌèlu-mèu jꞌajꞌi dhèu aaꞌi-aaꞌi, sèna ka jꞌajꞌi dhèu aaꞌi-aaꞌi mi dhèu aaꞌi-aaꞌi mi dhèu aaꞌi-aaꞌi mi dhèu aaꞌi-aaꞌi mi dhèu aaꞌi-aaꞌi mi dhèu aaꞌi-aaꞌi mi dhèu aaꞌi-aaꞌi mi dhèu aaꞌi-aaꞌi mi dhèu aaꞌi-aaꞌi mi dhèu aaꞌi-aaꞌi-aaꞌi."
GEN 41:34,"which man ordain governors by all countries, and gather he into barns the fifth part of fruits by the seven years of plenty, that shall come now;","d'ara pidhu tèu dhu bècu èèna, be'a risi ama dhèu aae ded'e hari dhèu, ho ra oru-pakaboko nganga'a dhu risi eele. nganga'a dhu risi sèra, bagi mi lèmi ho tèke ca pala.","Èle èèna ka, dhèu aaꞌi-aaꞌi ra jꞌajꞌi gubernur nèti suku aaꞌi-aaꞌi ètu rai-haha ne. Èle èèna ka, dhèu aaꞌi-aaꞌi ètu dꞌara roꞌa-roꞌa ètu dꞌara roꞌa-roꞌa. Èle èèna ka, dhèu aaꞌi-aaꞌi ètu dꞌara roꞌa-roꞌa ètu dꞌara roꞌa-roꞌa. Èle èèna ka, dhèu aaꞌi-aaꞌi ètu dꞌara roꞌa aaꞌi-aaꞌi ètu dꞌara roꞌa-roꞌa aaꞌi-aaꞌi. Èle èèna ka, dhèu aaꞌi-aaꞌi ètu dꞌara roꞌa-roꞌa aaꞌi-aaꞌi ètu dꞌara roꞌa-roꞌa."
GEN 41:35,"and all the wheat be kept under the power of pharaoh, and be it kept in the cities,","ana kabarai ne'e, hud'i madhutu dènge be'a paredha ama dhèu aae, ho pakaboko are-are dhu risi eele, nèti rae-rae ètu rai masir ne'e. aa ra soli sa d'ara soka ho j'aga paie.","Èle èèna ka, dhèu aae jꞌajꞌi dhèu aaꞌi-aaꞌi ètu dꞌara kota-kota. Èle èèna ka, dhèu aae jꞌajꞌi dhèu aae jꞌajꞌi dhèu aae jꞌajꞌi dhèu aae jꞌajꞌi dhèu aae jꞌajꞌi dhèu aae jꞌajꞌi dhèu aae jꞌajꞌi dhèu aae jꞌajꞌi dhèu aae jꞌajꞌi dhèu aae jꞌajꞌi dhèu aae jꞌajꞌi dhèu aae jꞌajꞌi dhèu aae jꞌajꞌi dhèu aae jꞌajꞌi dhèu aae jꞌajꞌi dhèu aae jꞌajꞌi dhèu aae jꞌajꞌi dhèu aae jꞌajꞌi dhèu aae jꞌajꞌi dhèu aae jꞌajꞌi dhèu aae jꞌajꞌi dhèu aae jꞌajꞌi."
GEN 41:36,"and be it made ready to the hunger to coming or to come of the seven years that shall oppress egypt, and the land be not wasted by poverty.","sèna ka pidhu tèu dhu manganga nèi mai te, èdhi dhu sadia le nganga'a. dènge j'ara sèmi ne'e, èci sa madhe boe manganga.","Bèli-camèdꞌa dhèu aaꞌi-aaꞌi ètu rai-haha ne jꞌajꞌi mèdha-panyau, sèna ka dhèu aaꞌi-aaꞌi ètu rai-haha ne jꞌajꞌi mèdha-panyau, sèna ka dhèu aaꞌi-aaꞌi jꞌajꞌi dhèu aaꞌi-aaꞌi ètu rai-haha ne jꞌajꞌi mèdha-panyau, sèna ka dhèu aaꞌi-aaꞌi jꞌajꞌi dhèu aaꞌi-aaꞌi ètu rai-haha ne jꞌajꞌi mèdha-panyau, sèna ka dhèu aaꞌi-aaꞌi jꞌajꞌi dhèu aaꞌi-aaꞌi ètu rai-haha ne jꞌajꞌi mèdha-panyau dènge jꞌajꞌi dhèu aaꞌi-aaꞌi-aaꞌi."
GEN 41:37,"the counsel of joseph pleased pharaoh, and all his servants,","ropa tadèngi lii padhai lii yusuf ne, dhèu aae dènge dhèu kapai sèra, sèmi ngaa dhu na peka dènge dhèu aae èèna.","Ropa Yusuf tadèngi lii padhai na, dꞌara na karejꞌe aaꞌi-aaꞌi mi dhèu aae madha jꞌara-jꞌara aae, aa dꞌara nèngu aaꞌi-aaꞌi ra karejꞌe."
GEN 41:38,"and he spake to them, whether we be able to find such a man which is full of god's spirit?","ka dhèu aae padhai lii, peka na, roh ama lamatua hia le koasa mi yusuf ne'e. nèti èèna ka, èdhi abhu heka dhèu dhu risi nèti nèngu.","Hèia Paulus karèi si, aku nèngu na, ""Èdhi bisa paraga dènge dhèu dhu Roh Lamatua dedꞌe nèti èdhi."""
GEN 41:39,"therefore pharaoh said to joseph, for god hath showed to thee all things which thou hast spoken, whether i may find a wiser man than thou, and like to thee?","èle èèna ka, dhèu aae padhai lii dènge yusuf, peka na, ama lamatua peka dènge èu, ngaa-ngaa se'e aa'i-aa'i. nèti sèmi ne'e ka, heka ji'i nge'a kèna èu ne'e tare'a-re'a dhèu mèu. aa mamèu èu ne, risi eele dhèu ètu mia-mia.","Hèia dhèu aae Farao peka dènge Yusuf, aku nèngu na, ""Ladhe Ama Lamatua padꞌelo le dènge èu aaꞌi-aaꞌi dhu èu pangee sèmi èèna, tasamia ka jaꞌa bisa paraga dènge dhèu èci dhu dꞌèlu-mèu, nuka sèmi èu?"""
GEN 41:40,"therefore thou shalt be over mine house, and all the people shall obey to the behest of thy mouth; i shall pass thee only by one throne of the realm.","nèti èèna ka, deo ne'e kahèi ja'a ded'e èu j'aj'i ai g'ana ja'a. sèna ka èu j'aj'i dhèu kapai ètu d'ara èmu ja'a. aa ana kabarai ja'a nanene lii paredha èu. dhoka ja'a di dhu risi nèti èu.","Nèti èèna ka, èu hudꞌi jꞌajꞌi komedhaa ètu dꞌara Èmu Kapua Manèngi-Mangajꞌi Jaꞌa. Aa dhèu aaꞌi-aaꞌi ètu rai-haha ne, neo nanene lii paredha èu. Èèna na Jaꞌa pangèdꞌu èu, sèna ka èu jꞌajꞌi dhèu unu Jaꞌa."""
GEN 41:41-42,"and again pharaoh said to joseph, lo! i have ordained thee on all the land of egypt. and pharaoh took off the ring from his hand, and gave it in the hand of joseph, and he clothed joseph with a stole of bis, or of white silk, and he put a golden wreath about his neck;","èle èèna ka, dhèu aae puru eele kadheli dhu dènge cap nèti ai na, ka na pasaluu mi ai yusuf. ka na padhai lii, aku nèngu na, dènge ne'e ne, ja'a ded'e èu, j'aj'i ai g'ana ja'a ètu rai masir. hèia na papake kodho madhera dhu milu èci mi yusuf, aa na pa'inu rate hualaa cakoko mi ladha-goro na.","Hèia dhèu aae paroa Yusuf, aku nèngu na, 'Jaꞌa ka dhu hagꞌe nare èu jꞌajꞌi kètu aae rai Masir.' Hèia dhèu aae paroa lii ne, hèia na dedꞌe asa kacui-aai Yusuf. Hèia na pake kètu aae nèti bhabhelu pudhi, sèna ka jꞌajꞌi dhèu aae. Hèia na papake rare kètu aae nèti hualaa ètu kètu kètu na."
GEN 41:43,"and pharaoh made joseph to go upon his second chariot, while a beadle cried, that all men should kneel before him, and should know that he was sovereign of all the land of egypt.","èle èèna ka, dhèu aae hia hari yusuf kareta ka dua nèngu. ka na hia dhèu lasi uuru, ho pa'oo peka na, we! patalele j'ara oo! pahaha iisi mliu! dhèu kapai neo re ne'e! dènge j'ara ne'e, dhèu aae ded'e le yusuf, j'aj'i ai g'ana na ètu rai masir.","Èle èèna ka, dhèu aaꞌi-aaꞌi sèra pahaha iisi mi Yusuf. Ka dhèu aaꞌi-aaꞌi sèra pahaha iisi mi neꞌe, sèna ka dhèu aaꞌi-aaꞌi reꞌa, na, Yusuf ne dhèu paredha ètu rai Masir aaꞌi-aaꞌi. Ka dhèu aaꞌi-aaꞌi sèra pahaha iisi mi Yusuf, sèna ka dhèu aaꞌi-aaꞌi reꞌa, na, dhèu aaꞌi-aaꞌi reꞌa, na, nèngu ka dhu jꞌajꞌi dhèu aaꞌi-aaꞌi ètu rai Masir."
GEN 41:44,"and the king said to joseph, i am pharaoh, without thy behest no man shall stir hand either foot in all the land of egypt.","hèia dhèu aae padhai lii dènge yusuf, peka na, sèmi ne'e. èu dhu me'a le ja'a ne dhèu aae. te ngaa ja'a peka le dènge ana kabarai masir aa'i-aa'i, peka na, ladhe èu hia boe ijin, rèngu bisa boe tao ngaa èci sa.","Hèia raja peka dènge Yusuf, aku nèngu na, ""Jaꞌa jꞌajꞌi dhèu aae-dhèu nèti dhèu aaꞌi-aaꞌi ètu rai Masir aaꞌi-aaꞌi. Jaꞌa jꞌajꞌi dhèu aaꞌi-aaꞌi. Jaꞌa jꞌajꞌi dhèu aaꞌi-aaꞌi dhu jꞌajꞌi dhèu aaꞌi-aaꞌi ètu rai Masir. Jaꞌa jꞌajꞌi dhèu aaꞌi-aaꞌi dhu jꞌajꞌi dhèu aaꞌi-aaꞌi. Jaꞌa jꞌajꞌi dhèu aaꞌi-aaꞌi dhu jꞌajꞌi dhèu aaꞌi-aaꞌi. Jaꞌa jꞌajꞌi dhèu aaꞌi-aaꞌi dhu jꞌajꞌi dhèu aaꞌi-aaꞌi."""
GEN 41:45,"and pharaoh turned the name of joseph, and called him by the egyptian language, the saviour of the world, or zaphnathpaaneah; and he gave to joseph a wife, asenath, the daughter of potipherah, a priest of heliopolis, that is, the city of the sun. and so joseph went out to the land of egypt.","èle ka, dhèu aae pangare yusuf madhutu ngara masir, na safnat panea. aa, na hia yusuf madhèdi dènge ana bhèni èci, ngara na asnat. ama dhèu èmu na, ngara na potifera. nèngu ne'e ka dhu j'aj'i ama agama ètu d'ara kota on. dènge j'ara ne'e, yusuf j'aj'i dhèu kapai ètu rai masir.","Lodꞌo èèna, Yusuf jꞌajꞌi dhèu èmu èci, ngara na Asnet. Nèngu ne, ana nèti Potiphera. Yusuf ne, kètu kapai risi nèti kota Heliopolis. Ka Yusuf laꞌe asa rai Masir, sèna ka jꞌajꞌi dhèu aaꞌi-aaꞌi dhèu aaꞌi-aaꞌi ètu rai-haha ne, jꞌajꞌi dhèu aaꞌi-aaꞌi ètu rai-haha ne. Nèti èèna ka, Yusuf jꞌajꞌi dhèu èmu nèti rai-haha ne, ho jꞌajꞌi dhèu èmu kapodꞌe-kabèli dhèu aaꞌi-aaꞌi ètu rai-haha ne. Nèti èèna ka, dhèu aaꞌi-aaꞌi dhèu aaꞌi-aaꞌi ra jꞌajꞌi dhèu èmu-kamali ètu rai-haha ne, ho jꞌajꞌi dhèu aaꞌi-aaꞌi dhèu aaꞌi-aaꞌi-aaꞌi ètu rai-haha ne. Nèti èèna ka, dhèu aaꞌi-aaꞌi dhèu aaꞌi-aaꞌi-aaꞌi ètu rai-haha ne jꞌajꞌi dhèu aaꞌi-aaꞌi-aaꞌi."
GEN 41:46,"forsooth joseph was of thirty years, when he stood in the sight of king pharaoh, and compassed all the countries or regions of egypt.","lod'o na j'aj'i dhèu kapai ètu rai masir, umur nèngu tèlu nguru tèu le. hèia na kako palème rai masir.","Èle èèna ka, Yusuf mamuri dꞌai 30 tèu. Hèia na kèdꞌi ètu madha dhèu aae lodꞌo èèna. Na kèdꞌi ètu rai Masir aaꞌi-aaꞌi ètu dꞌara rai aaꞌi-aaꞌi ètu rai aaꞌi-aaꞌi ètu rai aaꞌi-aaꞌi ètu rai aaꞌi-aaꞌi ètu rai aaꞌi-aaꞌi ètu rai aaꞌi-aaꞌi ètu rai aaꞌi-aaꞌi ètu rai aaꞌi-aaꞌi ètu rai aaꞌi-aaꞌi ètu rai aaꞌi-aaꞌi ètu rai aaꞌi-aaꞌi ètu rai aaꞌi-aaꞌi ètu rai aaꞌi-aaꞌi ètu rai aaꞌi-aaꞌi ètu rai aaꞌi-aaꞌi ètu rai aaꞌi-aaꞌi ètu rai aaꞌi-aaꞌi ètu rai aaꞌi-aaꞌi ètu rai aaꞌi-aaꞌi-aaꞌi ètu rai aaꞌi-aaꞌi-aaꞌi."
GEN 41:47,"and the plenty of the seven years came, and the ripe corns were bound into handfuls or sheaves,","ètu d'ara pidhu tèu dhu bècu-manèsa ne'e, oka-tedhe pènu dènge nganga'a.","Èle èèna ka, bèli-camèdꞌa dhèu aaꞌi-aaꞌi ètu dꞌara jꞌajꞌèra. Rèngu aaꞌi-aaꞌi ètu dꞌara jꞌajꞌèra. Rèngu aaꞌi-aaꞌi ètu dꞌara jꞌajꞌèra. Rèngu aaꞌi-aaꞌi ètu dꞌara jꞌajꞌèra. Rèngu aaꞌi-aaꞌi ètu dꞌara jꞌajꞌèra. Rèngu aaꞌi-aaꞌi ètu dꞌara jꞌajꞌèra. Rèngu aaꞌi-aaꞌi ètu dꞌara jꞌajꞌèra. Rèngu aaꞌi-aaꞌi ètu dꞌara jꞌajꞌèra. Rèngu aaꞌi-aaꞌi ètu dꞌara jꞌajꞌèra."
GEN 41:48,"and they were gathered into the barns of egypt, also all the abundance of ripe corns was kept in all cities,","hèia yusuf kaboko nganga'a dhu risi, ka na tèka paia si. ètu era mia dhu na pakaboko nganga'a, ètu èèna kahèi na soli asa d'ara soka.","Èle èèna ka, dhèu aaꞌi-aaꞌi ètu dꞌara dꞌara dꞌara dꞌara oka ètu rai Masir. Èle èèna ka, dhèu aaꞌi-aaꞌi ètu dꞌara dꞌara oka ètu dꞌara kota aaꞌi-aaꞌi."
GEN 41:49,"and so great abundance was of wheat, that it was made even to the gravel, or the sand, of the sea, and the plenty passed measure.","are dhu pakaboko nare, ae titu kèna. èci èèna ka, dènge salae ètu nebhe dhasi, ka dhèu uku rare heka.",Rèngu aaꞌi-aaꞌi ètu dꞌara dhasi. Rèngu aaꞌi-aaꞌi ètu dꞌara dhasi. Rèngu aaꞌi-aaꞌi ètu dꞌara dhasi. Rèngu aaꞌi-aaꞌi ètu dꞌara dꞌara dhasi. Rèngu aaꞌi-aaꞌi ètu dꞌara dhasi. Rèngu aaꞌi-aaꞌi ètu dꞌara dhasi. Rèngu aaꞌi-aaꞌi ètu dꞌara dhasi. Rèngu aaꞌi-aaꞌi ètu dꞌara dhasi. Rèngu aaꞌi-aaꞌi ètu dꞌara dhasi. Rèngu aaꞌi-aaꞌi ètu dꞌara dhasi. Rèngu aaꞌi-aaꞌi ètu dꞌara dhasi.
GEN 41:50,"soothly two sons were born to joseph before that the hunger came, which asenath, the daughter of potipherah, a priest of heliopolis, childed to him.","d'ai mèka tèu manganga, dhèu èmu yusuf, asnat nara iisi le ana mone dhèu dua.","Ropa dꞌai lodꞌo èle rai-haha ne, Yusuf abhu ana mone dhèu dua. Nèngu abhu ana mone èci, ngara na Asnat. Nèngu ne, ana dhèu èci, ngara na Potifar, dhu jꞌajꞌi kètu agama ètu propensi Elipolis."
GEN 41:51,"and joseph called the name of the first begotten son, manasseh, and said, god hath made me to forget all my travails, and the house of my father;","ka yusuf padhai lii, peka na, ama lamatua tao j'ara ne'e, sèna ka pabhèlu ja'a nèti j'aj'èra dhu lod'o ja'a kalua nèti d'ara èmu ama ku. nèti èèna ka, ana uuru, na pangare ne manase dhu sasoa na ele boe ‘bhèlu'.","Èle èèna ka, Yusuf pangee, na, ""Ama Lamatua hia le jaꞌa jꞌajꞌi dhèu aaꞌi-aaꞌi, sèna ka jaꞌa bhèlu eele aaꞌi mèu-mèu jaꞌa aaꞌi-aaꞌi ètu dꞌara èmu ama jaꞌa."""
GEN 41:52,"and he called the name of the second son ephraim, and said, god hath made me to increase in the land of my poverty.","lod'o na abhu ana ka dua, na padhai lii hari, peka na, ja'a abhu j'aj'èra ae d'ai seli ètu era ne'e. te ngaa sasue dènge ladhe-leru ama lamatua ka, ja'a abhu ana ètu ne'e. ka na pangare ana ne'e efraim.","Ana ne ka dua, ngara na Efraim, lula na peka na, 'Ama Lamatua ka dhu hia jaꞌa jꞌajꞌi dhèu ae-ae ètu rai neꞌe, sèna ka jaꞌa jꞌajꞌi dhèu ae-ae.'"
GEN 41:53,"therefore when seven years of plenty that were in egypt were passed,","nèbhu boe ka, èle pidhu tèu dhu bècu-manèsa na.","Èle èèna ka, dhèu aaꞌi-aaꞌi ètu rai Masir aaꞌi-aaꞌi ètu dꞌara rai Masir, aaꞌi-aaꞌi ètu dꞌara rai Masir. Èle èèna ka, dhèu aaꞌi-aaꞌi ètu dꞌara rai Masir aaꞌi-aaꞌi raꞌi-aaꞌi raꞌi-aaꞌi raꞌi-aaꞌi raꞌi-aaꞌi raꞌi-aaꞌi raꞌi-aaꞌi raꞌi-aaꞌi raꞌi-aaꞌi raꞌi-aaꞌi ra."
GEN 41:54,"the seven years of poverty began to come, which joseph before-said, and hunger had the mastery in all the world; also hunger was in all the land of egypt;","aa pidhu tèu manganga madèu d'ai kèna, sama sèmi dhu uru èèna yusuf peka le. ètu era leo, dhèu manganga le. te ngaa rae-rae ètu masir nganga'a ae era.","Èle èèna ka, bèli-camèdꞌa dhèu aaꞌi-aaꞌi ètu rai-haha ne dènge jꞌajꞌèra. Lodꞌo èèna, dhèu aaꞌi-aaꞌi ètu rai-haha aaꞌi-aaꞌi ètu rai-haha ne, bèli-camèdꞌa dhèu aaꞌi-aaꞌi ètu rai-haha ne dènge jꞌajꞌèra."
GEN 41:55,"and when that land hungered, the people cried to pharaoh, and asked for meats; to whom he answered, go ye to joseph, and do ye whatever thing he saith to you.","te ngaa nèbhu-nèbhu, kabarai masir manganga kahèi. ka lasi asa dhèu aae ho ra manèngi nganga'a. aa dhèu aae pua si lasi asa yusuf, sèna ka ra madhutu paredha yusuf.","Èle èèna ka, dhèu aaꞌi-aaꞌi ètu dꞌara rai-haha ne, bèli-camèdꞌa ra paꞌoo-parodha dènge dhèu aaꞌi-aaꞌi ètu dꞌara rai-haha ne. Hèia dhèu aaꞌi-aaꞌi paꞌoo-parodha dènge dhèu aaꞌi-aaꞌi ètu dꞌara rai-haha ne, sèna ka dhèu aaꞌi-aaꞌi manèngi-mangajꞌi. Hèia dhèu aaꞌi-aaꞌi manèngi-mangajꞌi ho manèngi-mangajꞌi. Hèia dhèu aaꞌi-aaꞌi ra peka dènge dhèu aae Yusuf, aku rèngu na, ""Lamu laꞌe asa Yusuf."""
GEN 41:56,"forsooth hunger increased each day in all the land, and joseph opened all the barns, and sold corn to the egyptians, for also hunger oppressed them;","te ngaa rai manganga ètu mia-mia asa tabha, toke d'ai rae-rae ètu rai masir. nèti èèna ka, yusuf bhoke aa'i soka nganga'a sèna ka pahie dènge dhèu masir.","Lodꞌo-lodꞌo èèna, dhèu aaꞌi-aaꞌi ètu rai Masir aaꞌi-aaꞌi ra jꞌajꞌi dhèu aaꞌi-aaꞌi ra. Nèti èèna ka, Yusuf bhoke eele aaꞌi mèdha-panyau aaꞌi-aaꞌi ètu rai Masir. Ka dhèu aaꞌi-aaꞌi ètu rai Masir, reꞌa, na, dhèu aaꞌi-aaꞌi ètu rai Masir aaꞌi-aaꞌi ra jꞌajꞌi dhèu aaꞌi-aaꞌi ra. Nèti èèna ka, dhèu aaꞌi-aaꞌi ra jꞌajꞌi dhèu aaꞌi-aaꞌi ra jꞌajꞌi dhèu aaꞌi-aaꞌi ra."
GEN 41:57,"and all the provinces came into egypt to buy corns, and to abate the evil of neediness.","lula manganga ae titu kèna, ka dhèu nèti mia-mia mai hèli nganga'a ètu yusuf ètu rai masir.","Aa dhèu aaꞌi-aaꞌi nèti propensi aaꞌi-aaꞌi mai asa rai Masir, ho raꞌa mèdha-panyau, sèna ka dhèu aaꞌi-aaꞌi reꞌa mèdha-panyau."
GEN 42:1,"forsooth jacob heard that foods were sold in egypt, and he said to his sons, why be ye negligent?","tèu èèna, yakob tadèngi dhèu palolo na abhu are ètu masir. ka na peka dènge ana na si, aku nèngu na, ana ee! miu nga tao madhèdi mau-mau ka laa?","Ropa Yakob tadèngi, na, ètu Masir abhu mèdha-panyau. Hèia na karèi ana-ana na, aku nèngu na, ""Nga tao ka miu pakajꞌèu sèmi èèna?"
GEN 42:2,"i have heard that wheat is sold in egypt; go ye down, and buy ye necessaries to us, that we may live, and be not wasted by neediness.","ja'a tadèngi na ètu masir pahia nganga'a. hua iia lami hèli, sèna ka èdhi baku madhe manganga.","Jaꞌa tadèngi le, na, ètu rai Masir, abhu mèdha-panyau. De miu hudꞌi laꞌe asa mia-mia, ho mèdha-panyau hia jiꞌi, sèna ka jiꞌi bisa mamuri, sèna ka jꞌajꞌi dhèu aaꞌi-aaꞌi. Ladhe jꞌajꞌi dhèu aaꞌi-aaꞌi, bèli-camèdꞌa jꞌajꞌi dhèu aaꞌi-aaꞌi. De ladhe jꞌajꞌi dhèu aaꞌi-aaꞌi ètu rai Masir, jaꞌa tadèngi le, na, abhu mèdha-panyau hia jiꞌi, sèna ka jꞌajꞌi dhèu aaꞌi-aaꞌi, sèna ka jꞌajꞌi dhèu aaꞌi-aaꞌi, sèna ka jꞌajꞌi dhèu aaꞌi-aaꞌi dènge jꞌajꞌi dhèu aaꞌi-aaꞌi-aaꞌi."""
GEN 42:3,"therefore ten brethren of joseph went down to buy wheat in egypt,","ka a'a yusuf canguru dhèu se'e pa'èra ka, lasi hèli nganga'a asa masir.","Ropa tadèngi lii padhai Yusuf, hèia ana-èpu na dhèu canguru lèpa laꞌe nèti Masir, ho paraga dènge dhèu aaꞌi-aaꞌi ra."
GEN 42:4,"and benjamin was withholden of jacob at home, that said to his brethren, lest peradventure in the way he suffer any evil.","te ngaa yakob hia boe ari yusuf dhu ngara na benyamin, la'e dènge a'a na si. te, na pangee, mage dhoka, ana ne'e abhu hari j'aj'èra ètu talora j'ara.","Èle èèna ka, Benyamin dènge Yakob pea ètu dꞌara èmu na. Ka Yakob peka dènge ari na sèmi neꞌe, aku nèngu na, ""Madhutu aꞌajꞌa jaꞌa, bèli-camèdꞌa dhèu aaꞌi-aaꞌi jꞌajꞌi dhèu aaꞌi-aaꞌi dhu jꞌajꞌi dhèu aaꞌi-aaꞌi ra ètu dꞌara jꞌara neꞌe. Èle èèna ka, bèli-camèdꞌa dhèu aaꞌi-aaꞌi jꞌajꞌi dhèu aaꞌi-aaꞌi ra jꞌajꞌi dhèu aaꞌi-aaꞌi ra jꞌajꞌi dhèu aaꞌi-aaꞌi ra jꞌajꞌi dhèu aaꞌi-aaꞌi ra jꞌajꞌi dhèu aaꞌi-aaꞌi ra."""
GEN 42:5,"soothly they entered into the land of egypt, with other men that went thither to buy corn; forsooth hunger was in the land of canaan.","lula dhèu ae nèti mia-mia tadèngi le abhu nganga'a ètu masir, ka ra lasi hèli asa nèi. manganga ne d'ai le rai kana'an kahèi. ka ana-ana yakob se, lasi hèli kahèi asa masir.","Èle èèna ka, dhèu aaꞌi-aaꞌi lèpa asa rai Masir, sèna ka ra tenge mèdha-panyau. Te ngaa dhèu aaꞌi-aaꞌi laꞌe rare mèdha-panyau ètu rai Kanaꞌan."
GEN 42:6,"and joseph was the prince of egypt, and at his will wheats were sold to the peoples. and when his brethren had worshipped or honoured him,","tèu èèna, yusuf j'aj'i ai g'ana dhèu aae masir. ladhe dhèu nèti mia-mia mai hèli are, yusuf ka dhu pahia. nèti èèna ka, lod'o a'a na si d'ai nèi, rèngu patitu kètu urutuu, ho tab'e yusuf toke rèhu rèngu oe d'ai rai.","Lodꞌo èèna, Yusuf jꞌajꞌi dhèu aae-dhèu kapai ètu rai Masir. Nèti èèna ka, dhèu aaꞌi-aaꞌi ètu rai Masir sèra raꞌa mèdha-panyau, sèna ka raꞌa mèdha-panyau raꞌa-rinu. Èle èèna ka, aꞌari na mai manèngi-mangajꞌi ètu rai Masir, sèna ka raꞌa mèdha-panyau raꞌa-rinu, sèna ka raꞌa mèdha-panyau raꞌa-rinu."
GEN 42:7-8,"and he had known them, he spake harder to them, as to aliens, and asked them, from whence came ye? which answered, from the land of canaan, that we buy necessaries to our lifelode. and nevertheless he knew his brethren, and he was not known of them,","ropa yusuf ladhe nèdhi a'a na si, na tadhe le èèna. te ngaa yusuf tao iisi sèmi dhèu masir. nèti èèna ka, rèngu tadhe boe ne hèi. hèia na jèka si, aku nèngu na, ee! miu se nèti mia? hèia ra dhaa, aku rèngu na, ji'i se nèti kana'an. ji'i mai hèli nganga'a sa ama wakil.","Hèia na karèi si, aku nèngu na, ""Miu mai nèti mia?"" Hèia ra dhaa, aku rèngu na, ""Jiꞌi mai nèti rai Kanaꞌan, ho laꞌe paraga dènge jiꞌi."""
GEN 42:9,"and he bethought on the dreams which he saw sometime. and he said to them, ye be spyers or spies, ye came to see the feebler things of the land.","hèia yusuf sanèd'e lii nii na uru na. ka na pamadha'u si, aku nèngu na, ja'a lèka boe! miu se'e dhèu mata-mata. miu mai tenge rahasia rai masir, ho èèna na mai musu rai ji'i!","Ropa tadèngi lii padhai na, hèia na sanèdꞌe, hèia na peka dènge ana madhutu na, aku nèngu na, ""Miu mai paraga dènge dhèu rai-haha ne, sèna ka paraga dènge rai-haha ne. Miu se, dhèu rai-haha, do? Miu mai paraga dènge rai-haha ne, sèna ka meꞌa mèu-mèu jꞌara-jꞌara dhu lèke boe ètu rai-haha ne."
GEN 42:10,"which said, lord, it is not so, but thy servants came to buy meats;","te ngaa ra dhaa peka na, aad'o, ama! ji'i se'e dhoka ana pua-paleha nèti ama di. tare'a-re'a ji'i mai sa ne'e ne, neo hèli nganga'a di. leo nèti èèna, aad'o.","Te ngaa ra dhaa, aku rèngu na, 'Aadꞌo, ama! Te ngaa dhèu-dhèu sabꞌa èu mai sèna ka bisa raꞌa.'"
GEN 42:11,"all we be the sons of one man, we came hither peaceably, and thy servants imagine not any evil.","ji'i aa'i-aa'i se'e, ana nèti ca ama di. ji'i mai mata-mata boe rai ama ku si ne'e. ji'i se'e dhèu be'a.","Èdhi aaꞌi-aaꞌi ètu rai-haha ne, ana-èpu dhèu èci di, te ngaa jiꞌi mai ètu neꞌe dènge dꞌara beꞌa. Aa jiꞌi dhèu aaꞌi-aaꞌi ètu neꞌe bisa boe tao jꞌara-jꞌara dhu bhelu-katubꞌa."""
GEN 42:12,"to which he answered, it is in other manner, ye came to see the feeble things of the land.","te ngaa yusuf jèka si dènge lii mèdhu hari, peka na, he! omo koso! baku kapod'e-kabèli ja'a. miu se'e tare'a-re'a dhèu bhelu. miu mai tenge rahasia rai ne'e!","Te ngaa dhèu sabꞌa ne dhaa, aku nèngu na, 'Ladhe sèmi èèna, miu mai ho ladhe-leru aaꞌi mèdha-panyau ètu rai-haha ne.'"
GEN 42:13,"and they said, we thy servants be twelve brethren, the sons of one man in the land of canaan; the youngest is with our father, another is not alive.","ka ra peka, aad'o ama! ji'i se'e ana pua-paleha ama ku di. ji'i mai nèti rai kana'an. ji'i aa'i-aa'i mi nèti ca ama, canguru dua dhèu. ari ji'i dhu limuri tèka, pea dènge ama ji'i. aa ari ji'i èci aad'o heka!","Hèia ra dhaa, aku rèngu na, ""Ama! Jiꞌi dhèu sabꞌa canguru dua dhèu. Jiꞌi aaꞌi-aaꞌi ti dhu mamuri ètu rai Kanaꞌan. Dhèu aaꞌi-aaꞌi dhu ana iiki ètu dꞌara ama jiꞌi. Dhèu aaꞌi-aaꞌi dhu madhe le."
GEN 42:14,"this it is, he said, that i spake to you, ye be spyers or spies,","hèia yusuf dhaa, aku nèngu na, aad'o! lèke sèmi lii ja'a deo na! miu se'e dhèu mata-mata.","Hèia Yesus dhaa, aku Nèngu na, ""Jaꞌa peka le dènge miu, na, miu se dhèu dꞌèlu-mèu."
GEN 42:15,"right now i shall take experience or very knowing of you; by the health of pharaoh ye shall not go from hence, till your least brother come hither;","na! karèi sèmi èèna, na miu hia ku tadha èci, sèna ka ja'a ke'a lii padhai lii miu deo sa, tare'a, do aad'o. ja'a subha ee! ladhe ari miu dhu limuri na, d'ai boe ne'e, miu èci sa bisa boe kalua nèti rai ne'e!","Bèli-camèdꞌa jaꞌa keꞌa mèu, na, miu aaꞌi-aaꞌi mi. Jaꞌa neo jꞌajꞌi dhèu aaꞌi-aaꞌi mi, sèna ka jꞌajꞌi dhèu aaꞌi-aaꞌi mi. Jaꞌa neo jꞌajꞌi dhèu aaꞌi-aaꞌi mi, sèna ka jꞌajꞌi dhèu aaꞌi-aaꞌi mi. Jaꞌa neo jꞌajꞌi dhèu aaꞌi-aaꞌi mi, sèna ka jꞌajꞌi dhèu aaꞌi-aaꞌi mi. Jaꞌa neo jꞌajꞌi dhèu aaꞌi-aaꞌi mi dhèu aaꞌi-aaꞌi mi, sèna ka dhèu aaꞌi-aaꞌi bisa boe nèti neꞌe."
GEN 42:16,"send ye one of you, that he bring him, forsooth ye shall be in bonds till those things that ye said be proved, whether those or they be false or true; else, by the health of pharaoh, ye be spies.","de hua iia miu pua dhèu èci la'e, ho nèti ari miu dhu limuri èèna asa ne'e mai. aa miu dhu leo se, ja'a taha. ja'a neo ke'a miu se'e peka tare'a, do aad'o. ladhe aad'o, miu se'e tare'a-re'a mata-mata.","Nèti èèna ka, jaꞌa manèngi sèna ka dhèu nèti miu ca dhèu lasi asa dꞌara èmu. Ladhe èèna, na, dhèu ètu dꞌara èmu bèdho sèra hudꞌi tèke eele ku lii padhai miu sèra. Ladhe èèna, na, lii padhai miu se lèke boe, do aadꞌo. Aa ladhe èèna, na, jaꞌa manèngi sèna ka dhèu aae jꞌajꞌi sordadꞌu ètu dꞌara èmu kapodꞌe-kabèli jaꞌa, sèna ka jꞌajꞌi sordadꞌu ètu dꞌara èmu kapodꞌe-kabèli jaꞌa. De jaꞌa manèngi sèna ka jꞌajꞌi sordadꞌu ètu dꞌara èmu kapodꞌe-kabèli jaꞌa, sèna ka jꞌajꞌi sordadꞌu ètu dꞌara èmu kapodꞌe-kabèli jaꞌa."""
GEN 42:17,therefore he betook them into keeping three days;,ka yusuf pua taha si d'ara bèdho tèlu lod'o.,Hèia Paulus pua si lasi asa dꞌara bèdho tèlu lodꞌo.
GEN 42:18,"soothly in the third day, when they were led out of prison, joseph said, do ye that that i said, and ye shall live, for i dread god;","d'ai lod'o ka tèlu, yusuf la'e padhai lii dènge ra ètu d'ara bèdho, peka na, ja'a ne'e, ca dhèu dhu madha'u dènge lamatua. aa ja'a madhutu dad'èi na taruu. sèna ka miu mamuri, ja'a neo patabuli miu. te ngaa hud'i dènge ku lii pajaji.","Èle èèna ka, Yusuf pua dua ra nèti dꞌara bèdho. Hèia na peka, aku nèngu na, ""Jaꞌa madhaꞌu dènge Ama Lamatua. Ladhe miu tao sèmi èèna, na, miu bisa mamuri."
GEN 42:19,"if ye be peaceable, one brother of you be bound in prison; forsooth the rest go ye, and bear the wheat, which ye have bought, into your houses,","ladhe miu se'e tare'a padhai lii dhu mola, miu pad'elo ku ngaa èci j'aj'i mi tadha. j'ara na sèmi ne'e: ja'a taha ca dhèu ètu d'ara bèdho ne'e. dhèu leo lèpa ho mèti nganga'a hia a'ari miu, te ra tatae miu lami mèti nganga'a.","Sèmi èèna kahèi dènge dhèu aaꞌi-aaꞌi dhu dꞌèlu-mèu jꞌajꞌi dhèu unu Ama Lamatua. Ladhe abhu dhèu èci ètu dꞌara bèdho, na abhu dhèu èci ètu dꞌara bèdho. Aa ladhe abhu dhèu aaꞌi-aaꞌi dhu dꞌèlu-mèu jꞌajꞌi dhèu aaꞌi-aaꞌi ètu dꞌara bèdho, na abhu dhèu aaꞌi-aaꞌi ètu dꞌara bèdho. Aa ladhe abhu dhèu aaꞌi-aaꞌi dhu dꞌèlu-mèu jꞌajꞌi dhèu aaꞌi-aaꞌi dhu dꞌèlu-mèu jꞌajꞌi dhèu aaꞌi-aaꞌi ètu dꞌara bèdho."
GEN 42:20,"and bring ye your youngest brother to me, that i may prove your words, and ye die not. they did as he said,","d'ai nèi, miu mèti ari miu dhu limuri èèna mai asa ne'e, ho j'aj'i bukti, tare'a miu se'e dhèu be'a. sèna ka ja'a baku huku pamadhe miu. ropa ra tadèngi rare ne'e, ra d'èi kahèi sèmi èèna.","De miu hudꞌi pua aꞌari miu dhu uru èèna mai asa jaꞌa, sèna ka jaꞌa padhai lii dènge miu. Ladhe sèmi èèna, miu madhe boe."" Ka dua ra tao sèmi èèna."
GEN 42:21,"and they spake together, worthily we suffer these things, for we sinned against our brother, and we saw the anguish of his soul, while he prayed us, and we heard him not; therefore this tribulation cometh on us.","ka ra padhue-padhai ka èci dènge èci, peka na, waa! ne'e ne, èdhi heka abhu b'ala kèna, lula sala dhu èdhi ad'u-ue mi dedha ari èdhi uru na. èdhi ladhe tèdhi nèngu j'èra titu kèna, d'ai na manèngi sasue èdhi, te ngaa èdhi pusi boe ne. nèti èèna ka, èdhi abhu j'aj'èra sèmi ne'e ne.","Rèngu peka dènge èci, aku rèngu na, 'Èdhi hudꞌi jꞌajꞌi ku, lula èdhi tao sala dènge aꞌari èdhi. Te ngaa èdhi ladhe ladhe nèdhi aꞌari èdhi ètu dꞌara jꞌajꞌèra, te ngaa èdhi tadèngi boe lii padhai na. Nèti èèna ka, èdhi abhu jꞌajꞌèra sèmi neꞌe."
GEN 42:22,"of which one, reuben, said, whether i said not to you, do not ye sin against the child, and ye heard not me? lo! his blood is sought.","hèia ruben pasanèd'e si, peka na, we! ari-ari ja'a, ee! uru na ja'a kai le miu, ho baku paj'èra ana èèna, si? te ngaa miu-miu se'e ka dhu mo'o boe nanene lii ja'a. nèti èèna ka, lod'o ne'e èdhi dui tare raa ari èdhi yusuf èèna.","Hèia ca dhèu nèti ca dhèu, ngara na Ruben, dhaa, aku nèngu na, ""Tasamia? Jaꞌa peka na, 'Miu baku tao sala mi ana ne.' Te ngaa miu tadèngi boe lii jaꞌa. Te Ama Lamatua neo tèke eele ana ne, sèna ka ra pamadhe ne."""
GEN 42:23,"soothly they knew not that joseph understood them, for he spake to them by an interpreter or an expounder.","rèngu padhai lii ae-ae sèmi èèna, re'a boe na yusuf ne'a lii rèngu kahèi. lod'o yusuf padhai lii dènge rèngu, na pake lii masir, ho èèna na dhèu leo lole hari pake lii ibrani.","Ropa tadèngi lii padhai Yusuf, rèngu reꞌa boe, na, Yusuf reꞌa boe lii rèngu, te ngaa abhu kahèi dhèu dhu neo peka dènge rèngu."
GEN 42:24,"and he turned away himself a little, and wept; and he turned again, and spake to them. and he took simeon, and bound him, while they were present;","tadèngi ra padhai lii sèmi èèna hèia, yusuf kèd'i eele si, la'e tangi asa era leo. tangi nare, la'e hari pa'èci dènge si. ka na pua dhèu èki simeon ètu madha a'ari na sèra.","Èle èèna ka, Yesus kèdꞌi asa liꞌu, hèia na tangi. Ka laꞌe padhai lii dènge ana madhutu Na sèra, ngara na Simeon. Hèia na kèpe Simeon, hèia ra kèpe ne."
GEN 42:25,"and he commanded the servants, that they should fill their sacks with wheat, and that they should put all their money in their bags, and over this give to them meats in the way; which did so.","èle èèna ka, yusuf paredha dhèu sab'a sèra, ho soli are asa d'ara karo a'a na si. aa tao hari doi kab'ua are sèra, asa d'ara karo ra èci-èci. ra tèke ètu hèb'a karo sèra. na pua dhèu sab'a se'e, ho hia si dènge gee. ka dhèu sab'a se'e lalau ka, madhutu ngaa dhu yusuf paredha.","Hèia na pua dhèu sabꞌa sèra lasi asa dꞌara jꞌara, sèna ka ra hia dhèu aaꞌi-aaꞌi sèna ka raꞌa-rinu. Ka ra tao sèmi èèna kahèi."
GEN 42:26,"and they bare the wheats on their asses, and went forth,","èle ka, a'a na si hua karo nganga'a sèra asa dedha badha keled'ei. ka ra pakèd'i dènge ka.","Ropa tadèngi lii padhai Yesus sèmi èèna, hèia ra tèke eele aaꞌi-aaꞌi ètu dꞌara èmu ra, hèia ra lèpa asa dꞌara madha rèngu, sèna ka laꞌe asa dꞌara èmu manèngi-mangajꞌi ètu dꞌara èmu manèngi-mangajꞌi ètu dꞌara èmu manèngi-mangajꞌi ètu dꞌara èmu manèngi-mangajꞌi ètu dꞌara èmu manèngi-mangajꞌi ètu dꞌara èmu manèngi-mangajꞌi ètu dꞌara èmu manèngi-mangajꞌi ètu dꞌara èmu manèngi-mangajꞌi ètu dꞌara èmu manèngi-mangajꞌi."
GEN 42:27,"and when the sack of one of them was opened that he should give meat to the work beast in the inn, he beheld the money in the mouth of the bag,","ropa d'ai talora j'ara, ra ae. dhèu èci bhoke karo na, ho neo ani keled'ei na. na ladhe la'a na, doi na ètu dedha are, ètu d'ara karo èèna.","Ètu dꞌara dꞌara èmu manèngi-mangajꞌi, abhu dhèu ca dhèu dhu bhoke doi ètu dꞌara dꞌara dꞌara dꞌara. Ka na ladhe nèdhi doi ètu dꞌara dꞌara dꞌara dꞌara."
GEN 42:28,"and he said to his brethren, my money is yielded to me, lo! it is had in the bag; and they were astonied, and troubled, and said together, what thing is this that god hath done to us?","capa na cag'ag'a! hèia na paroa a'a na si, peka na, irii! miu mai ladhe ku laa! madhe èdhi kèna. ra tao hari doi ja'a asa d'ara karo ne. ladhe rèdhi èèna ka, ra ele ngangee, aa madha'u bia. ka ra papeka ka, aku rèngu na, ama lamatua tao èdhi samia ka ne?","Hèia laꞌe peka dènge aꞌari na, aku nèngu na, ""Tareꞌa! Jaꞌa bhoke eele doi jaꞌa ne ètu dꞌara dꞌara dꞌara èmu jaꞌa."" Rèngu aaꞌi-aaꞌi ra madhaꞌu, ka ra padhai lii, aku rèngu na, ""Tareꞌa, Ama Lamatua tao ngaa neꞌe ne?"""
GEN 42:29,"and they came to jacob, their father, in the land of canaan, and told to him all things that befelled to them, and said,","hèia ra kako taruu ka, lasi d'ai kana'an. d'ai nèi ka, ra lolo dènge ama ra, ngaa dhu rèngu paraga ètu rai masir.","Èle èèna ka, rèngu lèpa hari asa rai Kanaꞌan. Ka ra lole dènge ama ra, Yakob, aaꞌi-aaꞌi dhu jꞌajꞌi le."
GEN 42:30,"the lord of the land spake hard to us, and guessed that we were spyers or spies of the province;","ra lolo, peka na, ama, ee! ai g'ana dhèu aae masir èèna, bhelu titu kèna. na jèka taruu ji'i. na peka na ji'i la'a j'aj'i mata-mata ho neo pa'ele iie rai masir.","Hèia lamatua oka ne padhai lii dènge jiꞌi, peka na, jiꞌi se dhèu rai-haha."
GEN 42:31,"to whom we answered, we be peaceable, neither we purpose any treasons;","ka ji'i dhaa, peka na, ‘aad'o! ji'i se'e padhai lii mola-mola. ji'i mata-mata boe.","Ladhe sèmi èèna, jiꞌi peka dènge dhèu aaꞌi-aaꞌi, na, jiꞌi hudꞌi mamuri padame dènge dhèu aaꞌi-aaꞌi."
GEN 42:32,"we be twelve brethren, engendered of one father, one is not alive, the youngest dwelleth with the father in the land of canaan.","ji'i se'e, dhèu be'a-be'a. ji'i aa'i-aa'i mi, j'aj'i nèti ca ama, dhèu canguru dua. te ngaa èci madhe le. aa ari dhu limuri èèna, dènge ama ji'i ètu kana'an. '","Èdhi dhèu canguru dua aꞌari. Dhèu aaꞌi-aaꞌi ètu rai Kanaꞌan. Dhèu aaꞌi-aaꞌi dhu mamuri ètu neꞌe, madhe le, te ngaa jaꞌa pea ètu dꞌara èmu neꞌe. Nèti èèna ka, jiꞌi jꞌajꞌi dhèu aaꞌi-aaꞌi dhu jꞌajꞌi dhèu aaꞌi-aaꞌi ètu rai Kanaꞌan. Te ngaa jaꞌa jꞌajꞌi dhèu aaꞌi-aaꞌi dhu jꞌajꞌi dhèu aaꞌi-aaꞌi ra. Te ngaa jaꞌa jꞌajꞌi dhèu aaꞌi-aaꞌi ra, sèna ka jꞌajꞌi dhèu aaꞌi-aaꞌi ra, sèna ka jꞌajꞌi dhèu aaꞌi-aaꞌi ra."
GEN 42:33,"and he said to us, thus i shall prove that ye be peaceable; leave ye one brother of you with me, and take ye meats needful to your houses, and go ye,","na peka hari, aku nèngu na, ‘ja'a neo kèdhi, na, miu se'e dhèu be'a, do aad'o! miu èci, pea mi ne'e. aa leo lèpa mèti nganga'a hia a'ari miu, sèna ka ra baku madhe manganga.","Hèia dhèu ne dhaa, aku nèngu na, 'Jaꞌa tao sèmi neꞌe, sèna ka miu paꞌèci dènge jaꞌa. De miu hudꞌi tèke eele aꞌari miu èci dènge jaꞌa, ho laꞌe."
GEN 42:34,"and bring ye to me your youngest brother, that i know that ye be not spyers or spies, and that ye may receive this brother which is holden in bonds, and that from thenceforth ye have license to buy what things ye will.","hud'i miu mèti ku ari miu èèna mai sa ne'e, heka ja'a ke'a kèna, tare'a-re'a miu se'e dhèu be'a, mata-mata boe. èèna na, heka ja'a patabuli dhèu miu dhu ja'a taha ne. aa dènge sèmi èèna, ja'a heka ko'o kèna, miu kako palème dedha rai ne'e. '","Èle èèna ka, jiꞌi pua aꞌari miu dhu kapai mai asa jaꞌa. Jaꞌa keꞌa kahèi, na, miu se dhèu leo boe, do dhèu rai-haha. De jaꞌa neo hia aꞌari miu dhu kapai, sèna ka jꞌajꞌi mi dhèu leo kahèi. De jaꞌa neo hia aꞌari miu dhu kapai hari, sèna ka jꞌajꞌi mi dhèu leo kahèi. De jaꞌa neo hia aꞌari miu dhu kapai hari, sèna ka jꞌajꞌi mi dhèu leo kahèi. De jaꞌa neo hia aꞌari miu dhu kapai hari, sèna ka jꞌajꞌi mi dhèu leo kahèi. De jaꞌa neo hia aꞌari miu dhu kapai hari, sèna ka jꞌajꞌi mi dhèu leo kahèi."""
GEN 42:35,"while these things were said, when they all poured out the wheats, they found the money bound in the mouths of their sacks. and when they altogether were afeared,","lolo èle hèia, heka ra bhoke karo-karo rèngu dhu pènu dènge are sèra. te ngaa ra cag'ag'a ladhe la'a na doi rèngu sèra aa'i-aa'i ra, ètu hèb'a karo. rèdhi sèmi èèna, yakob dènge ana-ana na madha'u titu kèna.","Ropa tadèngi lii padhai Yesus sèmi èèna, hèia dhèu se madhaꞌu aaꞌi-aaꞌi ra."
GEN 42:36,"their father jacob said, ye have made me to be without children; joseph is not alive, simeon is holden in bonds, ye shall take away from me benjamin; all these evils have fallen in on me.","hèia yakob padhai lii dènge si, peka na, miu se, pa'ele le ana-ana ja'a. yusuf aad'o heka. sèmi èèna kahèi, simeon. ne'e miu neo mèti hari benyamin kèna? miu se'e, tare'a-re'a neo paj'èra ja'a!","Hèia ama ra, Yakob, padhai lii dènge ra, aku nèngu na, ""Jaꞌa jꞌajꞌi dhèu bhelu-katubꞌa. Yusuf mamuri heka, te Simeon pea ètu dꞌara bèdho. De miu hudꞌi jꞌajꞌi dhèu bhelu-katubꞌa nèti jaꞌa. Jaꞌa jꞌajꞌi dhèu bhelu-katubꞌa. Jaꞌa jꞌajꞌi dhèu bhelu-katubꞌa aaꞌi-aaꞌi, te ngaa jaꞌa jꞌajꞌi dhèu bhelu-katubꞌa aaꞌi-aaꞌi, aa jaꞌa jꞌajꞌi dhèu bhelu-katubꞌa aaꞌi-aaꞌi."""
GEN 42:37,"to whom reuben answered, slay thou my two sons, if i shall not bring him again to thee; take thou him in mine hand, and i shall restore him to thee.","hèia ruben peka dènge ama na, aku nèngu na, ama, ee! pangèd'u laa benyamin asa ja'a mai. ja'a tago kore. ja'a jaji kèna mi ama ku, èèna ja'a kèti hari na mai. te ngaa ladhe aad'o, na ja'a hia ana ja'a, mone dhèu dua sèra ho ama pamadhe aa'i si.","Hèia Ruben dhaa, aku nèngu na, ""Èu hudꞌi pamadhe ana-èpu jaꞌa dhèu dua se, ladhe jaꞌa tèke eele ne mai asa èu. Èu hudꞌi kèpe ne asa jaꞌa, sèna ka jaꞌa lèpa hari ne asa èu."""
GEN 42:38,"and jacob said, my son shall not go down with you; his brother is dead, he alone is left; if any adversity shall befall to him in the land to which ye shall go, ye shall lead forth mine hoar hairs with sorrow to hell.","te ngaa yakob dhaa hari, peka na, bisa boe! miu bisa boe mèti benyamin. te a'a na yusuf, madhe le. ne'e, di nèngu ka mesa na. ladhe na abhu calaka ètu j'ara, miu tabha babia mi ja'a, toke madhe kèti.","Te ngaa Yakob bꞌala, aku nèngu na, ""Sèmi neꞌe! Jaꞌa neo tèke eele ana jaꞌa ètu rai èèna. Te aꞌari jaꞌa dhu madhe le. De ladhe abhu jꞌajꞌèra ètu rai èèna, na, ladhe abhu jꞌajꞌèra jaꞌa ètu dꞌara jꞌara mamadhe jaꞌa, na, ladhe jaꞌa abhu jꞌajꞌèra ètu dꞌara ai mia-mia, na, jaꞌa abhu jꞌajꞌèra ètu dꞌara ai mia-mia. De ladhe jaꞌa abhu jꞌajꞌèra ètu dꞌara ai mia-mia, na, jaꞌa abhu jꞌajꞌèra ètu dꞌara ai mia-mia."""
GEN 43:1,"in the meantime hunger oppressed greatly all the land,","tèu èèna, ètu rai kana'an asa tabha manganga.","Lodꞌo èèna, dhèu aaꞌi-aaꞌi ètu dꞌara rai-haha ne, bèli-camèdꞌa dhèu aaꞌi-aaꞌi jꞌajꞌi dhèu aaꞌi-aaꞌi ètu dꞌara rai-haha ne, bèli-camèdꞌa dhèu aaꞌi-aaꞌi jꞌajꞌi dhèu aaꞌi-aaꞌi ètu dꞌara rai-haha ne, aaꞌi-aaꞌi ra jꞌajꞌi dhèu aaꞌi-aaꞌi ètu dꞌara rai-haha ne, aaꞌi-aaꞌi ra jꞌajꞌi dhèu aaꞌi-aaꞌi ètu dꞌara rai-haha ne, aaꞌi-aaꞌi ra jꞌajꞌi dhèu aaꞌi-aaꞌi ra."
GEN 43:2,"and when the meats were wasted or consumed, which they had brought from egypt, jacob said to his sons, turn ye again, and buy ye a little of meats to us.","isi èmu yakob ra'a aa'i le nganga'a dhu ca hari na, ana na si lasi hèli ètu masir. ka na padhai lii dènge ana na si, be'a risi lami hari hèli nganga'a asa rai masir.","Èle èèna ka, bèli-camèdꞌa mèdha-panyau aaꞌi-aaꞌi dhu bèli-camèdꞌa rèti nèti Masir aaꞌi-aaꞌi. Ka Yakob peka dènge ana-ana na, aku nèngu na, ""Miu lèpa hari, ho tenge mèdha-panyau aaꞌi-aaꞌi mi èdhi."""
GEN 43:3,"judah answered, that man announced to us, under witnessing of an oath, and said, ye shall not see my face, if ye shall not bring with you your least brother;","te ngaa yahuda b'ala, peka na, ama, ca hari na ai g'ana dhèu aae masir dhu pasanèd'e le ji'i, aku nèngu na, ji'i bisa boe pad'elo rèhu mi nèngu, ladhe ji'i ngèti boe ari ji'i dhu limuri, benyamin èèna.","Hèia Yudas dhaa, aku nèngu na, ""Ladhe miu tèke eele aꞌari miu, miu bisa boe ladhe mèdhi ngiꞌu Jaꞌa."""
GEN 43:4,"therefore if thou wilt send him with us, we shall go down together, and we shall buy necessaries to thee;","nèti èèna ka, ama ku hud'i laa hia ji'i ngèti benyamin. heka ji'i bisa la'a hèli nganga'a hia ama ku kèna.","Nèti èèna ka, ladhe èu manèngi, na, jiꞌi lèpa dènge ne, ho laꞌe tenge jꞌara-jꞌara dhu èu parluu ètu dꞌara Èmu Kapua Manèngi-Mangajꞌi ètu dꞌara Èmu Kapua Manèngi-Mangajꞌi ètu dꞌara Èmu Kapua Manèngi-Mangajꞌi ètu dꞌara Èmu Kapua Manèngi-Mangajꞌi ètu dꞌara Èmu Kapua Manèngi-Mangajꞌi ètu dꞌara Èmu Kapua Manèngi-Mangajꞌi ètu dꞌara Èmu Kapua Manèngi-Mangajꞌi ètu dꞌara Èmu Kapua Manèngi-Mangajꞌi ètu dꞌara Èmu Kapua Manèngi-Mangajꞌi ètu dꞌara Èmu Kapua Manèngi-Mangajꞌi ètu dꞌara Èmu Kapua Manèngi-Mangajꞌi."
GEN 43:5,"else if thou wilt not, we shall not go down; for as we said oft, the man announced to us, and said, ye shall not see my face without your least brother.","te ngaa ladhe ama patabuli boe nèngu, ji'i oo la'a boe kahèi. lula dhèu masir na peka le sèmi èèna.","Te ngaa ladhe èu dꞌèi boe, na, jiꞌi lèpa boe. Te dhèu neꞌe ka dhu peka le dènge jiꞌi, na, 'Miu aaꞌi-aaꞌi mi bisa boe ladhe rèdhi ngiꞌu jaꞌa.'"
GEN 43:6,"forsooth israel said to them, ye did this into my wretchedness, that ye showed to him, that ye had also another brother.","hèia yakob jèke si, peka na, nga tao ka miu lolo dènge dhèu èèna, peka na, miu dènge ari èci era? miu tenge j'ara ho paj'èra tabha ja'a!","Nèti èèna ka, dhèu Israꞌel padhai lii dènge rèngu, aku nèngu na, ""Ladhe miu padhai lii sèmi èèna, na, jaꞌa jꞌajꞌi dhèu bhelu-katubꞌa. Miu padhai lii sèmi èèna kahèi, lula miu padhai lii sèmi èèna kahèi."""
GEN 43:7,"and they answered, the man asked us by order our generation, if our father lived, if we had another brother; and we answered pursuingly to him, by that that he asked; whether we might know that he would say, bring ye your brother with you?","ka ra dhaa, peka na, baku nasa ama, ee! te lula dhèu ne, karèi taruu-taruu neo ne'a a'ari èdhi. na karèi peka na, ‘tasamia? ama mi era, do? miu dènge hari ari dhèu mone dhu leo, do? ' sèmi èèna na, ji'i dhaa tasamia hari? pakaseti ka ji'i dhaa ka laa, dènge mola-mola. te pe, cee ne'a na pua ji'i ngèti hari ari ji'i sa nèi?","Hèia ra dhaa, aku rèngu na, ""Dhèu neꞌe ka dhu karèi jiꞌi, peka na, 'Ama jiꞌi mamuri toke dꞌai mia-mia.' Ka jiꞌi dhaa, aku jiꞌi na, 'Ladhe na karèi jiꞌi, na, mai ka dènge aꞌari miu.' """
GEN 43:8-9,"and judah said to his father, send the child with me, that we go, and may live, lest we die, and thou, and our little children; i shall take the child, require thou him again of mine hand; if i shall not bring him again, and betake him to thee, i shall be guilty of sin against thee in all time;","ka yahuda padhai lii hari, aku nèngu na, ama hud'i patabuli ku benyamin la'e dènge ji'i. ja'a jaji mema, ladhe j'aj'i ngaa-ngaa mi ngi'u ari ji'i ne'e, ja'a ka dhu gati ne. ladhe ja'a kèti heka nèngu mai asa d'ara kacui-aai ama ku dènge mamuri, hud'i laa sasala na ama ku pasae mi dedha ja'a toke madhe. nèti èèna ka, ama ku hia la, ho ji'i sama-sama la'a dènge ne, te ji'i neo pakèd'i kèna. de karohe mai lati ka, sèna ka cahag'e baku madhe manganga.","Èle èèna ka, Yudas peka dènge ama na, aku nèngu na, 'Sèmi neꞌe! Hia ana ne mai dènge jaꞌa, sèna ka jiꞌi dènge ana-ana jiꞌi bisa mamuri taruu. De ladhe jaꞌa hia ne nèti jaꞌa, na, jaꞌa tao sala ètu dꞌara èu."
GEN 43:10,"if this delay, or tarrying, had not been, we had come thence now another time.","ladhe sèmi èdhi mate boe panèbhu sèmi ne'e, na, èdhi lati-mai dua hari le.","ladhe dꞌai lodꞌo èèna, do, dꞌai lodꞌo èèna, jiꞌi dhu mai nèti era neꞌe, heka ca tèka lodꞌo dhu uru èèna, do, jiꞌi dꞌai lodꞌo èèna, do, jiꞌi dꞌai lodꞌo èci, do, jiꞌi dꞌai lodꞌo èci, do, jiꞌi dꞌai lodꞌo èci, do, jiꞌi dꞌai lodꞌo èci, do, jiꞌi dꞌai lodꞌo èci, do, jiꞌi dꞌai lodꞌo èci, do, jiꞌi dꞌai lodꞌo èci, do, jiꞌi dꞌai lodꞌo èci, do, do, jiꞌi dꞌai lodꞌo èci."
GEN 43:11,"therefore israel, their father, said to them, if it is need so to be, do ye that that ye will; take ye of the best fruits of the land in your vessels, and bear ye gifts to the man, a little of gum, and of honey, and of storax, that is, a precious gum, and of myrrh, that is, a bitter gum, and of terebinth, that is, best resins, and of almonds;","hèia ama ra padhai lii, peka na, ladhe sèmi èèna, na, miu nanene! lami mere isi rai èdhi dhu be'a risi, sèmi: dhua nasu oni, bubhu-bubhu, raa aj'u hèu mèngi, èi na'i salap, kanari dènge kab'ui dhu leo sèra. ho sèna ka mèti hia ai g'ana dhèu aae masir èèna. aa peka dènge ne, ne'e ne tadha mata.","Hèia dhèu aae Israꞌel peka dènge rèngu, aku nèngu na, ""Ladhe sèmi neꞌe ka, na, miu hudꞌi tao sèmi neꞌe ka. Miu hudꞌi kèpe ku hua-hela dhu beꞌa ètu dꞌara rai èèna, ho lasi hia dhèu aaꞌi-aaꞌi sèra. Miu hudꞌi kèpe ku hua-hela dhu beꞌa. Miu hudꞌi kèpe ku hua-hela dhu beꞌa, dènge hua-hela dhu beꞌa, dènge hua-hela dhu beꞌa, dènge hua-hela dhu beꞌa, dènge hua-hela dhu beꞌa, dènge hua-hela dhu beꞌa."
GEN 43:12,"and bear ye with you double money, and bear ye again that money which ye found in the bags, lest peradventure it be done by error, or unwittingly, or by negligence;","aa miu mèti doi risi eele nèti ca hari ni, sèna ka miu bisa hia hari doi kab'ua are uru sèra la'a, dhu miu mèdhi ètu d'ara karo miu sèra. tao-tao dhèu sèra re'a boe, ka tèka sala.","Èu hudꞌi kèpe ku doi dhu abhu ètu dꞌara dꞌara dꞌara dꞌara dꞌara èmu èu, sèna ka abhu doi dhu abhu ètu dꞌara dꞌara dꞌara èmu èu. Dènge jꞌara neꞌe, miu hudꞌi kèpe ku doi dhu abhu ètu dꞌara dꞌara dꞌara èmu èu. Ladhe abhu doi dhu abhu ètu dꞌara dꞌara dꞌara èmu èu, miu hudꞌi kèpe ku doi dhu abhu ètu dꞌara dꞌara èmu èu."
GEN 43:13,"but also take ye your brother, and go ye to the man;",miu mèti ari mu. de èèna na lèpa hari lai-lai!,"Èle èèna ka, Ama Lamatua peka dènge ne, aku Nèngu na, ""Sèmi neꞌe! Miu pake aꞌari miu kahèi, ho laꞌe paraga dènge dhèu neꞌe."
GEN 43:14,"forsooth my god almighty make him peaceable or pleasable, or queme-ful, to you, and send he again your brother, whom he holdeth in bonds, and also this benjamin; forsooth i shall be now as made bare without sons.","ja'a sanao-maena, sèna ka, ama lamatua dhu dènge koasa kapai risi eele èèna, sab'a mi d'ara ai g'ana dhèu aae masir èèna, sèna ka na sue miu. aa na hia hari benyamin dènge simeon lèpa palere dènge miu. te, ladhe ana ja'a se ele, hud'i laa ja'a pasae j'aj'èra ne'e taruu.","Jaꞌa manèngi sèna ka Ama Lamatua padꞌelo dꞌara hua iia Na mi dedha miu. Jaꞌa manèngi sèna ka Ama Lamatua padꞌelo dꞌara hua iia Na mi dedha miu. Jaꞌa manèngi sèna ka Ama Lamatua padꞌelo dꞌara hua iia Na mi dedha miu. Jaꞌa manèngi sèna ka Ama Lamatua padꞌelo dꞌara hua iia Na mi dedha miu. Jaꞌa manèngi sèna ka Ama Lamatua padꞌelo dꞌara hua iia Na mi dedha miu. Aa Jaꞌa manèngi sèna ka Ama Lamatua padꞌelo dꞌara hua iia Na mi dedha miu. Jaꞌa manèngi sèna ka abhu boe ana."""
GEN 43:15,"therefore the men took gifts, and double money, and benjamin; and they went down into egypt, and stood before joseph.","hèia lasi pakaboko tadha mata sèra dènge doi, ka lasi asa masir. rèti kahèi dènge benyamin. d'ai nèi ka lasi paraga dènge yusuf.","Ropa tadèngi lii padhai Ama Lamatua sèmi èèna, hèia Yusuf dènge ana na Benyamin lasi asa Masir. Èle èèna ka, dhèu dua sèra lasi asa Yusuf, sèna ka rèdhi lii padhai Ama Lamatua ètu madha dhèu aae rèngu. Ropa tadèngi sèmi èèna, ka dhèu aae dua sèra lasi asa Masir. Ropa tadèngi lii padhai Ama Lamatua sèra, hèia rèngu lasi asa Yusuf ètu dꞌara Èmu Kapua Manèngi-Mangajꞌi ètu dꞌara Èmu Kapua Manèngi-Mangajꞌi ètu dꞌara Èmu Kapua Manèngi-Mangajꞌi ètu dꞌara Èmu Kapua Manèngi-Mangajꞌi ètu dꞌara Èmu Kapua Manèngi-Mangajꞌi ètu dꞌara Èmu Kapua Manèngi-Mangajꞌi ètu dꞌara Èmu Kapua Manèngi-Mangajꞌi."
GEN 43:16,"and when he had seen them and benjamin together, he commanded the dispenser of his house, and said, lead these men into the house, and slay some beasts, and make a feast; for they shall eat with me today.","ropa yusuf nèdhi benyamin dènge a'a na si, na pua kapala urusan na, aku nèngu na, lere mèti dhèu se'e sa èmu ja'a! ho èèna na, pare sapi ci'u, mi pananasu nganga'a dhu be'a. sèna ka lod'o nètu none, ra'a dènge ja'a.","Ropa na ladhe nèdhi dhèu aaꞌi-aaꞌi se raꞌa-rinu, hèia na paredha dhèu aaꞌi-aaꞌi ètu dꞌara èmu na, aku nèngu na, ""Pake dhèu aaꞌi-aaꞌi se asa dꞌara èmu, ho raꞌa-rinu dènge jaꞌa!"""
GEN 43:17,"he did as it was commanded or as it was bidden to him, and he led the men into the house;","hèia kapala urusan èèna, tao sama sèmi lii paredha yusuf èèna. na lere nèti dhèu sèra asa èmu yusuf.",Hèia na tao sèmi èèna. Ka na pua dhèu dua se lasi asa dꞌara èmu.
GEN 43:18,"and there they were afeared, and they said together, we be brought in for the money which we bare again before in our sacks, that he put challenge against us, and make subject by violence to servage both us and our asses.","ropa ra kako lasi èmu èèna, a'a na sèra madha'u bia. ètu talora j'ara, ra papeka, aku rèngu na, we! nga tao ka na pua rèti èdhi sa ne'e? mage dhoka na neo pasusa èdhi. lula doi dhu ra tao hari asa d'ara karo èdhi ca hari na. ra sangaja rèti èdhi sa ne'e, sèna ka ra kèpa èdhi j'aj'i ènu nèngu. ho èèna na, ra parama rara keled'ei èdhi sèra.","Rèngu aaꞌi-aaꞌi ra madhaꞌu, ka ra padhai lii, aku rèngu na, ""Tareꞌa, jiꞌi neo sèmi rare doi èèna. Jiꞌi neo jꞌajꞌi dhèu aaꞌi-aaꞌi, sèna ka jꞌajꞌi dhèu aaꞌi-aaꞌi, ho jꞌajꞌi dhèu sabꞌa jiꞌi dènge kabarai jiꞌi ètu dꞌara jꞌara-jꞌara neꞌe, sèna ka jꞌajꞌi dhèu aaꞌi-aaꞌi, sèna ka jꞌajꞌi dhèu aaꞌi-aaꞌi, sèna ka jꞌajꞌi dhèu aaꞌi-aaꞌi, sèna ka jꞌajꞌi dhèu aaꞌi-aaꞌi, sèna ka jꞌajꞌi dhèu aaꞌi-aaꞌi, sèna ka jꞌajꞌi dhèu aaꞌi-aaꞌi dhèu aaꞌi-aaꞌi."""
GEN 43:19,"wherefore they nighed in the gates, and spake to the dispenser,","nèti èèna ka, ropa ra dètu èmu yusuf na, ra padhai lii dènge kapala urusan èèna, peka na,","Ropa ra tadèngi lii padhai lii, hèia ra padhai lii dènge dhèu dhu pamaꞌète lii padhai lii, aku rèngu na,"
GEN 43:20,"lord, we pray, that thou hear us; we came down now before that we should buy meats;","ama! baku nasa dènge ji'i, te ca hari na dhu ji'i mai hèli nganga'a ètu ne'e.","Jiꞌi manèngi sèna ka Ama nanene lii padhai jiꞌi. Jiꞌi lèpa hari asa dꞌara èmu ne, ho laꞌe manèngi-mangajꞌi."
GEN 43:21-22,"when those were bought, and we headed home, when we came to the inn, we opened our bags, and we found the money in the mouths of our sacks, which money we have brought again now in the same weight; but also we have brought other silver, that we can buy those things that be needful to us; it is not in our knowing who put the money in our purses.","ropa ji'i lèpa d'ai talora j'ara, ji'i ae ngara iisi, ho bhèj'i ciki. hèia ji'i bhoke karo ho neo panga'a badha. ladhe la'a na, doi bab'ae ji'i èci-èci ka ètu d'ara karo sèra. ji'i nge'a boe cee ka dhu tao la'a! nèti èèna ka, ji'i ngèti hari doi sèra ka se'e. ji'i manèngi sèna ka ama ku baku nasa. aa ji'i ngèti doi ka risi kahèi, neo hèli hari nganga'a.","Èle èèna ka, jiꞌi lèpa hari asa dꞌara èmu. Ka jiꞌi ladhe bhoke doi jiꞌi ètu dꞌara dꞌara dꞌara dꞌara èmu jiꞌi, jiꞌi ladhe abhu doi jiꞌi ètu dꞌara dꞌara dꞌara dꞌara èmu jiꞌi. Jiꞌi tadhe boe dhèu dhu dedꞌe doi ne ètu dꞌara dꞌara dꞌara èmu jiꞌi."""
GEN 43:23,"and he answered, peace be to you, do not ye dread; your god, and the god of your father, gave to you treasures in your bags; for i have the money proved, which ye gave to me. and he led out simeon to them;","hèia kapala urusan èèna dhaa, aku nèngu na, mau-mau, baku madha'u! ele boe lamatua miu èèna ka dhu hia miu berkat ètu d'ara karo sèra. ca hari na, ja'a sèmi le doi miu aa'i-aa'i. miu pakèlu boe! d'ai èmu ka, na patalale simeon pa'èci dènge rèngu.","Hèia dhèu sabꞌa ne dhaa, aku nèngu na, ""Miu baku madhaꞌu. Miu baku madhaꞌu, te Ama Lamatua dènge Ama Lamatua miu ka dhu hia miu doi èèna ètu dꞌara dꞌara dꞌara dꞌara dꞌara èmu miu."" Hèia na pua Simeon lasi asa madha rèngu."
GEN 43:24,"and when they were brought into the house, he brought water, and they washed their feet, and he gave their asses meats.",ka aa'i-aa'i ra lasi asa d'ara èmu yusuf. hèia kapala urusan èèna hia èi ho ra rase haga ra. aa na ani keled'ei si hèi.,"Èle èèna ka, laꞌe asa dꞌara èmu. Èle èèna ka, na hia dhèu èi, sèna ka rinu ajꞌu rèngu. Èle èèna ka, na hia ana keledꞌei ra, sèna ka raꞌa."
GEN 43:25,"soothly they made ready their gifts till joseph entered at midday, for they had heard that they should eat bread there.","ka na peka dènge si, aku nèngu na, ladhe èèna na, lod'o nètu miu mi'a dènge ai g'ana dhèu aae. d'ara ra tatae yusuf lèpa, rèngu lalau paie tadha mata ra sèra.","Rèngu tadèngi le, peka na, ""Èdhi aaꞌi-aaꞌi raꞌa-rinu ètu dꞌara èmu manèngi-mangajꞌi ètu dꞌara èmu manèngi-mangajꞌi."" Nèti èèna ka, Yusuf maso asa dꞌara madha lodꞌo èèna."
GEN 43:26,"therefore joseph entered into his house, and they offered gifts to him, and held them in their hands, and worshipped low to the earth.","ropa yusuf d'ai èmu, aa'i-aa'i ra patitu kètu urutuu ètu madha na. ka ra j'ole tadha mata sa hia ne.","Èle èèna ka, Yusuf maso asa dꞌara èmu na. Èle èèna ka, dhèu aaꞌi-aaꞌi rèti mèdha-panyau ra asa dꞌara èmu na. Ka ra patitu kètu urutuu, ka ra pahaha iisi mi Ama Lamatua."
GEN 43:27,"and he greeted them again meekly; and he asked them, and said, whether your father, the eld or old man, is safe, of whom ye said to me? liveth he yet?","hèia yusuf karèi si, peka na, tasamia? miu be'a-be'a, do? tasamia dènge ama miu dhu heka èèna? na be'a-be'a, do?","Hèia Yesus karèi si, aku Nèngu na, ""Miu peka na, ama miu dhu madhe, do dhu heka mamuri?"""
GEN 43:28,"which answered, he is whole, thy servant our father liveth yet; and they were bowed, and worshipped him.","ra dhaa, aku rèngu na, ènu ama dhu heka na, dhu ama matana ji'i, be'a-be'a. hèia ra patitu kètu urutuu pahaha iisi hari mi yusuf.","Hèia dhèu sabꞌa se dhaa, aku rèngu na, ""Ama! Jaꞌa ne, ama! Jaꞌa mamuri le."" Hèia ra patitu kètu urutuu, ka ra pahaha iisi mi ne."
GEN 43:29,"forsooth joseph raised up his eyes, and saw benjamin, his brother of the same womb, and he said, is this your youngest brother, of whom ye said to me? and again joseph said, my son, god have mercy on thee.","hèia yusuf ladhe palème, ka nèdhi ari na benyamin. rèngu dua ra se, ina-ama èci. hèia, aku nèngu na, ooo! ne'e ne ka ari miu dhu limuri, dhu ca hari na miu lolo èèna, do? ka na lii dènge benyamin, aku nèngu na, ana, ee! ja'a sanao, sèna ka ama lamatua hia èu mamuri dènge mera-milu.","Èle èèna ka, Yusuf ladhe-leru, ka ladhe nèdhi aꞌari na, Benyamin. Hèia na karèi, aku nèngu na, ""Nèngu ne, aꞌari miu dhu miu padhai lii dènge jaꞌa ne, do?"" Hèia na karèi, aku nèngu na, ""Ana, Ama Lamatua padꞌelo dꞌara hua iia Na mi èu."""
GEN 43:30,"and joseph hasted into another part of the house, for his entrails were moved on his brother, and tears burst out, and he entered into a closet, and wept.","ropa ladhe nèdhi benyamin ne, d'ara yusuf karej'e bia, lula na sue ari na ae titu kèna. na taha nare heka d'ara na. ka na kako eele si la'e sa d'ara kama na. ka na tangi ngob'i-ngob'i ètu èèna.","Èle èèna ka, Yusuf maso asa dꞌara èmu, ka na tangi. Ka na maso asa dꞌara èmu, hèia na tangi."
GEN 43:31,"and again when his face was washed, he went out, and refrained himself from weeping, and said, set ye forth loaves.","tangi nare hèia, la'e riu katanga madha na. èle èèna ka, na pa'èra d'ara na, ka la'e hari paraga dènge si. hèia na pua dhèu sab'a sèra lasi lalau nganga'a.","Èle èèna ka, Yesus laꞌe asa liꞌu, hèia na tangi boe. Hèia Na peka dènge ana madhutu Na, aku Nèngu na, ""Miu hia jaꞌa roti."""
GEN 43:32,"which were set forth to joseph by himself, and to his brethren by themselves, and to the egyptians that ate together by themselves; for it is unleaveful to egyptians to eat with hebrews, and they guess such a feast unholy.","ra lalau nganga'a hia yusuf mei leo. aa a'ari na sèra ra'a mei leo. dhèu sab'a dhèu masir sèra, ra'a ètu mei rèngu mesa ra. lula dhèu masir sèra madenge ladhe madhèdi ra'a pa'èci dènge dhèu ibrani.","Èle èèna ka, dhèu aaꞌi-aaꞌi ètu Masir dhu raꞌa-rinu dènge dhèu Israꞌel. Rèngu pangee, na, Yusuf dènge aꞌi-aaꞌi na raꞌa-rinu dènge dhèu Israꞌel. Nèti èèna ka, dhèu aaꞌi-aaꞌi ètu Masir bisa boe raꞌa-rinu dènge dhèu Yahudi. Nèti èèna ka, raꞌa-rinu dènge dhèu Israꞌel sèra, aa raꞌa-rinu dènge dhèu Israꞌel. Nèti èèna ka, dhèu aaꞌi-aaꞌi raꞌa-rinu raꞌa-rinu dènge dhèu Yahudi sèra."
GEN 43:33,"therefore they sat before him, the first begotten by right of the first begotten, and so on down to the youngest by his age; and they wondered greatly,","kapala urusan èèna ator sèna ka a'ari yusuf sèra, madhèdi patangara dènge yusuf. na ator hia si madhèdi mulai nèti a'a uru, padhutu-dhutu toke ari ra dhu limuri. ropa ra ladhe rèdhi j'ara madhèdi sèmi èèna, ra malaa.",Hèia dhèu aaꞌi-aaꞌi ra madhèdi ètu madha Yesus. Rèngu aaꞌi-aaꞌi ra madhaꞌu aaꞌi-aaꞌi ra.
GEN 43:34,"when the parts were taken which they had received of him, and the more part came to benjamin, so that it passed the others in five parts; and they drank, and were ful filled with him.","yusuf pua dhèu sab'a sèra, bagi nganga'a nèti mei nèngu, hia a'ari na sèra. aa'i-aa'i ra abhu nganga'a dhu ae sama. dhoka benyamin di abhu ae risi a'a na si lèmi hari. ka ra'a-rinu d'ai bècu.","Ropa raꞌa sèmi èèna, hèia raꞌa-rinu, hèia raꞌa canguru lèmi. Ropa raꞌa-rinu sèmi èèna, raꞌa-rinu sèna ka raꞌa-rinu. Ropa raꞌa-rinu sèmi èèna, raꞌa-rinu sèna ka raꞌa-rinu. Ropa raꞌa-rinu sèmi èèna, raꞌa-rinu aaꞌi-aaꞌi raꞌa-rinu. Ropa raꞌa-rinu sèmi èèna, raꞌa-rinu aaꞌi-aaꞌi raꞌa-rinu aaꞌi-aaꞌi raꞌa-rinu aaꞌi-aaꞌi raꞌa-rinu aaꞌi-aaꞌi raꞌa-rinu aaꞌi-aaꞌi raꞌa-rinu aaꞌi-aaꞌi raꞌa-rinu aaꞌi-aaꞌi raꞌa-rinu."
GEN 44:1,"forsooth joseph commanded the dispenser of his house, and said, fill thou their sacks with wheat, as much as they may take, and put thou the money of each in the height or the top of the sack;","ra'a-rinu rara hèia, yusuf paholo dènge kapala urusan na, aku nèngu na, ssst! èu lamu isi are asa d'ara karo dhèu sèi, papènu d'ai hèb'a. èle èèna na, èu tao hari doi ra, asa d'ara karo ra èci-èci.","Èle èèna ka, Yusuf paredha dhèu sabꞌa ètu dꞌara èmu na, aku nèngu na, ""Pake doi èci-èci ètu dꞌara dꞌara dꞌara dꞌara dꞌara èci-èci."
GEN 44:2,"forsooth put thou in the sack's mouth of the youngest my silver cup, and the price of the wheat which he gave; and it was done so.","aa more moo hualaa pudhi ja'a èèna, ho tao asa d'ara hèb'a karo ari ra dhu limuri èèna. ka na la'e tao madhutu lii paredha yusuf.","Èle èèna ka, èu hia doi jaꞌa ètu dꞌara dꞌara dꞌara dꞌara dꞌara. Èle èèna ka, èu hia doi jaꞌa ètu dꞌara dꞌara dꞌara dꞌara dꞌara dꞌara. Èle èèna ka, èu hia doi jaꞌa ètu dꞌara dꞌara dꞌara dꞌara dꞌara."""
GEN 44:3,"and when the morrowtide arose, they were delivered with their asses.","asa bèli d'ara cika lii sa, yusuf hia si lèpa. rèti nganga'a dènge keled'ei rèngu.","Èle èèna ka, bèli-camèdꞌa dꞌai bèli-camèdꞌa, dhèu aaꞌi-aaꞌi ra patabuli si dènge kahibꞌi-kalèbho ra."
GEN 44:4,"and now they had gone out of the city, and had gone forth a little; then joseph said, when the dispenser of his house was called, rise thou, pursue the men, and say thou when they be taken, why have ye yielded evil for good?","ra lasi dhae kaj'èu mèka nèti d'ara kota, ka yusuf paredha kapala urusan, peka na, èu karohe lamu magèla si. ladhe paraga dènge si, èu peka sèmi ne'e: ‘nga tao ka miu pake d'ara aapa sèmi èèna mi ai g'ana dhèu aae? miu b'ala babe'a na dènge tatao karehe sèmi ne'e!","Ropa rèngu kalua nèti dꞌara kota, hèia Yusuf paroa dhèu sabꞌa èmu na, aku nèngu na, ""Bèli-camèdꞌa, kèdꞌi laꞌe kèdꞌi dhèu seꞌe. Èle èèna ka, èu peka dènge dhèu seꞌe, peka na, 'Ladhe dhèu seꞌe kèdꞌi kèdꞌi, nga tao ka miu tao bhabhelu-katubꞌa dènge bhabhelu-katubꞌa, sèna ka jꞌajꞌi dhèu dhu jꞌajꞌi dhèu dhu jꞌajꞌi dhèu dhu jꞌajꞌi dhèu dhu jꞌajꞌi dhèu dhu jꞌajꞌi dhèu dhu jꞌajꞌi dhèu dhu jꞌajꞌi dhèu dhu jꞌajꞌi dhèu dhu jꞌajꞌi dhèu dhu jꞌajꞌi dhèu dhu jꞌajꞌi dhèu dhu jꞌajꞌi dhèu dhu jꞌajꞌi dhèu dhu jꞌajꞌi dhèu dhu jꞌajꞌi dhèu aaꞌi-aaꞌi ra.'"
GEN 44:5,"the cup, which ye have stolen, is that in which my lord drinketh, and in which he is wont to divine; ye have done a full wicked thing.","nga tao ka, miu mana'u mèti moo hualaa pudhi na? miu me'a boe, do? mèdha èèna na, na pake boe ho dhoka ninu di! te ngaa biasa na pake ho ne'a tasamia dènge mamuri dhèu. èèna, mèdha sogo-tagu! tatao miu ne, mema seli-kolane! '","Èèna ka jꞌajꞌi canguru dhu lamatua jaꞌa èle dènge canguru dhu naꞌa-ninu ètu èèna. Aa èèna ka jꞌajꞌi dhèu bhelu-katubꞌa dhu naꞌa-ninu ètu èèna. Miu tao jꞌara bhelu-katubꞌa."""
GEN 44:6,"he did as joseph commanded, and when they were overtaken, he spake by order these things;","èle èèna ka, kapala urusan èèna la'e magèle si toke abhu. ropa na raga si, hèia na peka sèmi ngaa dhu yusuf moa èèna.","Èle èèna ka, Yusuf tao sèmi èèna. Ropa rèdhi dhèu seꞌe, ka na padhai lii dènge rèngu."
GEN 44:7,"the which answered, why speaketh our lord so, that thy servants have done so great a trespass?","ka ra bari ne, aku rèngu na, ama peka ngaa èèna? ji'i subha. ji'i se'e bisa boe tao karehe sèmi èèna!","Te ngaa dhèu sabꞌa se dhaa, aku rèngu na, 'Nga tao ka lamatua jiꞌi neo tao jꞌara bhelu-katubꞌa sèmi èèna?"
GEN 44:8,"we brought again to thee from the land of canaan the money that we found in the height or the top of our sacks, and how is it pursuing or following that we have stolen from thy lord's house gold or silver?","ama, èu me'a era, si ma? doi-doi ca hari sa, dhu ètu d'ara karo ji'i sèra, ji'i hia hari le sa ama, to? tasamia ka ji'i bisa mana'u hualaa iia do hualaa pudhi ètu d'ara èmu dhèu kapai èèna! bisa boe!","Lodꞌo èdhi mai nèti rai Kanaꞌan, jiꞌi lèpa hari doi dhu jiꞌi abhu ètu dꞌara bèla jiꞌi. Te ngaa, nga tao ka jiꞌi manaꞌu nèti dꞌara èmu dhèu aaꞌi-aaꞌi? Jiꞌi manaꞌu mèu mèdha-panyau nèti dꞌara èmu dhèu aaꞌi-aaꞌi, nuka sèmi jiꞌi manaꞌu mèdha-panyau nèti dꞌara èmu dhèu aaꞌi-aaꞌi. Te ngaa, nga tao ka jiꞌi manaꞌu mèdha-panyau nèti dꞌara èmu dhèu aaꞌi-aaꞌi ètu dꞌara èmu dhèu aaꞌi-aaꞌi ètu dꞌara èmu dhèu aaꞌi-aaꞌi ètu dꞌara èmu dhèu aaꞌi-aaꞌi?"
GEN 44:9,"at whomever of thy servants this that thou seekest is found, die he, and we shall be servants of my lord.","ama parisa la! ladhe abhu mèdha èèna ètu d'ara karo cee, na huku pamadhe ne! aa hud'i laa, ji'i dhu leo se'e, j'aj'i ènu èu.","Ladhe abhu dhèu èci nèti dhèu sabꞌa èu èèna, na, na, na, na, na, na, na, na, madhe, ka jiꞌi jꞌajꞌi dhèu sabꞌa lamatua jaꞌa."""
GEN 44:10,"which said to them, be it done by your sentence; at whom it is found, be he my servant; forsooth ye shall be guiltless.","hèia kapala urusan na dhaa, peka na, aad'o! sèmi ne'e. ladhe abhu moo èèna ètu cee, na dhoka nèngu di j'aj'i ènu ja'a. miu dhu leo lèpa.","Hèia dhèu aae kapai ne dhaa, aku nèngu na, ""Sèmi neꞌe! Ladhe miu meꞌa, na, jaꞌa tao madhutu dadꞌèi jaꞌa. Ladhe miu sèmi èèna, na, jaꞌa saku eele miu nèti sasala-sasigo jaꞌa."""
GEN 44:11,"and so they did down hastily their sacks on the earth, and all they opened them,",ra papuru ka karo sèra. ka ra bhoke dènge.,"Ropa ra tadèngi lii padhai dhèu seꞌe, hèia ra tèke eele kètu ra asa rai."
GEN 44:12,"the which he sought through; and he began at the most till to the least, and he found the cup in benjamin's sack.","hèia kapala urusan èèna parisa karo sèra èci-èci, mulai nèti karo unu a'a na, toke d'ai ari limuri tèka. ka nèdhi moo èèna, ètu d'ara karo benyamin.","Èle èèna ka, na tenge jꞌajꞌèra èèna. Hèia na tenge jꞌajꞌèra èèna, nèti kapai kapai kapai kapai kapai kapai kapai, toke kapai kapai kapai kapai kapai kapai kapai. Hèia na paraga dènge jꞌajꞌèra èèna, ètu dꞌara bèla Benyamin."
GEN 44:13,"and when they had rent their clothes, and had charged again their asses, they turned again into the city.","rèdhi sèmi èèna hèia, d'ara a'a na sèra j'èra ma'ète mae-mae sène. hèia ra paca'e hari ka karo deo sa asa dedha keled'ei, ka ra lèpa hari asa d'ara kota.","Ropa rèngu tadèngi lii padhai Yesus sèmi èèna, hèia rèngu pahie eele mèdha-papake ra, ho lasi asa dꞌara rae. Èle èèna ka, ra lèpa asa dꞌara kota."
GEN 44:14,and judah entered with his brethren to joseph; for joseph had not gone yet from the place; and all they fell together on the earth before him.,"ropa ra d'ai èmu yusuf, na ètu èmu era. hèia ra patitu kètu urutuu ètu madha na.","Èle èèna ka, Yudas dènge ari na lasi paraga dènge Yusuf. Te ngaa Yusuf dꞌai mèka nèti dꞌara èmu èèna. Ka rèngu aaꞌi-aaꞌi ra patitu kètu urutuu ètu madha Yusuf."
GEN 44:15,"to whom he said, why would ye do so? whether ye wot not, that none is like me in the knowing of divining?","yusuf jèka si, aku nèngu na, he! nga tao ka miu tao ne'e mi ja'a! miu me'a boe, ja'a ne dhèu kapai ètu ne'e. ja'a pake na'i dhu bisa ke'a tatao dhèu, dhu dhèu leo re'a boe!","Hèia dhèu aae karèi si, aku nèngu na, 'Nga tao ka miu tao sèmi èèna? Miu pangee, na, abhu boe ca dhèu sa dhu reꞌa mèdha-panyau, sama sèmi jaꞌa."
GEN 44:16,"to whom judah said, what shall we answer to my lord, or what shall we speak, either what may we justly against-say? god hath found the wickedness of thy servants; lo! all we be the servants of my lord, both we and he at whom the cup is found.","hèia yahuda dhaa, aku nèngu na, irii! te ama lamatua pasabhoka kèna sasala èdhi. pe ji'i peka lii mia hari, ama? ji'i sili iisi sa mia hari? ladhe ama neo taha ari ji'i ne'e, na be'a risi, taha ji'i aa'i-aa'i mi. more ji'i aa'i-aa'i, j'aj'i mi ènu ama ka laa.","Hèia Yudas dhaa, aku nèngu na, ""Èdhi hudꞌi peka ngaa dènge aꞌari èdhi? Èdhi hudꞌi padhai lii ngaa? Èdhi hudꞌi padhai lii ngaa dhu lèke? Ama Lamatua neꞌa le jꞌara bhelu-katubꞌa èdhi dhèu aaꞌi-aaꞌi. De ladhe èdhi dhèu aaꞌi-aaꞌi, èdhi dhèu aaꞌi-aaꞌi, jꞌajꞌi dhèu aaꞌi-aaꞌi, dhèu aaꞌi-aaꞌi."""
GEN 44:17,"joseph answered, far be it from me, that i do so; he be my servant that stole the cup; forsooth go ye free to your father.","te ngaa yusuf dhaa, aku nèngu na, aad'o! abhu moo èèna ètu cee, na nèngu di dhu j'aj'i ènu ja'a. miu dhu leo, lèpa hari dènge mera-milu sa ama miu!","Èle èèna ka, Yusuf peka dènge ama na, aku nèngu na, ""Sèmi neꞌe! Jaꞌa bisa boe tao sèmi èèna, te dhèu sabꞌa jaꞌa ne ka dhu manaꞌu jꞌajꞌèra ètu dꞌara jꞌara neꞌe. De miu hudꞌi lèpa hari asa ama miu."
GEN 44:18,"soothly judah nighed near, and said trustily, my lord, i pray thee, thy servant speak a word in thine ears, and be thou not wroth to thy servant; for after pharaoh thou art my lord.","hèia yahuda la'e padètu asa madha yusuf, ka na padhai lii, aku nèngu na, ama wakil! ja'a ke'a koasa ama sama sèmi koasa dhèu aae! uru nèti èèna, ja'a manèngi ama baku nasa dènge ja'a. ja'a neo padhai lii ciki dènge ama.","Èle èèna ka, Yudas dꞌai madha jꞌara, ka na lii dènge ne, aku nèngu na, ""Sèmi neꞌe! Jaꞌa ne, dhèu aae jaꞌa. Jaꞌa manèngi sèna ka èu baku bhèlu dènge jaꞌa. Te èu ne, dhèu aae jaꞌa, sama sèmi dhèu aae dꞌai madha dhèu aae jaꞌa. De jaꞌa manèngi sèna ka èu baku bhèlu dènge jaꞌa."""
GEN 44:19,"thou askedest first thy servants, have ye a father, or a brother?","med'a na, ama karèi le ji'i, peka na, ‘ama miu, dènge ari miu dhu èci na, era do? '","Èle èèna ka, èu karèi dhèu aaꞌi-aaꞌi ètu dꞌara èmu èu, peka na, 'Ama miu, do, aꞌari miu?'"
GEN 44:20,"and we answered to my lord, an eld or old father is to us, and a little child that was born in his eld age, whose brother of the same womb is dead, and his mother hath him alone; forsooth his father loveth him tenderly.","ka ji'i dhaa peka na, ‘ama ji'i heka d'ai seli le. aa ari ji'i dhu limuri èci. lod'o nara iisi ari ji'i ne'e, ama ji'i na heka le. ari ji'i dhu limuri ne'e dènge a'a d'èlu na èci, te ngaa na aad'o heka. ina ra madhe le. ka di nèngu ka mesa na. nèti èèna ka, ama ji'i ne sue ne titu kèna! '","Èle èèna ka, jiꞌi dhaa, aku jiꞌi na, 'Ama jiꞌi dènge aꞌari jiꞌi dhu kapai dènge aꞌari jiꞌi. Aꞌari jiꞌi dènge aꞌari jiꞌi dhu kapai dènge aꞌari jiꞌi. Ama na sue ne kahèi.'"
GEN 44:21,"and thou saidest to thy servants, bring ye him to me, and i shall set mine eyes on him.","ka ama pua ho ji'i ngèti ari ji'i na mai, sèna ka ama nèdhi ne.","Nèti èèna ka, èu paredha dhèu sabꞌa èu sèra, aku nèngu na, 'Lami ne mai asa jaꞌa, sèna ka jaꞌa ladhe-leru ne.'"
GEN 44:22,"we made suggestion to thee, my lord, the child may not forsake his father; for if he shall leave his father, his father shall die.","ka ji'i dhaa na, ‘ana èèna, bisa boe tèke eele ama na mesa na. ladhe na tèke eele, na ama ji'i na tatu madhe dènge kèna. '","Te ngaa jiꞌi peka dènge ama ku, na, ladhe ana ne tèke eele ama na, bèli-camèdꞌa ama na madhe. Te ladhe ana ne tèke eele ama na, bèli-camèdꞌa ama na madhe."
GEN 44:23,"and thou saidest to thy servants, if your youngest brother shall not come down with you, ye shall no more see my face.","hèia ama dhaa na, ‘ladhe miu mèti boe ari miu na, baku mi pad'elo hari rèhu mi sa ne'e. '","Èle èèna ka, Ama peka dènge jiꞌi dhèu sabꞌa sèra, na, 'Ladhe aꞌari miu dhu kapai boe mai dènge jiꞌi, miu bisa boe ladhe rèdhi jaꞌa.'"
GEN 44:24,"therefore when we had gone up to thy servant, our father, we told to him all things which my lord spake to us;","èle èèna ka, ji'i lèpa. d'ai nèi ka, ji'i lolo lii dhu mu moa sèra dènge ama ji'i.","Èle èèna ka, jiꞌi lèpa hari asa ama jiꞌi. Jiꞌi peka dènge ama jiꞌi aaꞌi-aaꞌi dhu ama jaꞌa peka dènge jiꞌi."
GEN 44:25,"and our father said, turn ye again, and buy ye to you a little of wheat;","nèbhu-nèbhu, nganga'a ji'i èla. hèia ama ji'i pua hari ji'i mai hèli nganga'a sa masir ne'e.","Hèia na peka, aku nèngu na, 'Ladhe sèmi èèna, miu hudꞌi laꞌe asa dꞌara oka."
GEN 44:26,"to whom we said, we may not go; only if our least brother shall go down with us, we shall go forth together; else, if he is absent, we dare not see the lord's face.","te ngaa ji'i dhaa na, ‘ama, ee! ji'i la'a heka sa nèi. te ai g'ana dhèu aae na dhu moa le, aku nèngu na, ladhe ji'i ngèti boe ari ji'i dhu limuri na, bisa heka ji'i pad'elo rèhu sa nèi. de ladhe ari ji'i la'e hèi, na heka ji'i la'a kèna. '","Te ngaa jiꞌi dhaa, aku jiꞌi na, 'Ira ii! Ladhe aꞌari jiꞌi dhu kapai ne lèpa dènge jiꞌi, jiꞌi lèpa dènge ne.' Te ngaa ladhe aꞌari jiꞌi mai, jiꞌi bisa boe paraga dènge Lamatua."
GEN 44:27,"to which things our father answered, ye know that my wife childed two sons to me;","ama ji'i peka hari, aku nèngu na, ‘miu me'a kahèi, si ma? dhèu èmu ja'a rahel èèna, ana na dhoka dua di.","Hèia ama jiꞌi dhaa, aku nèngu na, 'Miu meꞌa kahèi, na, jaꞌa dènge dhèu èmu jaꞌa jꞌajꞌi ana mone dua."
GEN 44:28,"one went out, and ye said, a beast hath devoured him, and hither-to he appeareth not;","ana uuru èèna, aad'o heka. ele boe badha hui na'e aa'i le. nèti èèna ka, ja'a kèdhi heka rèhu na toke d'ai sange ne'e.","Miu pangee, na, 'Dhèu bhelu-katubꞌa laꞌe pamadhe ne, te ngaa nèngu heka mai hari.'"
GEN 44:29,"if ye take also this son, and anything befall to him in the way, ye shall lead forth mine hoar hairs with mourning to hells or to hell.","ladhe miu mèti hari ana limuri ne, ho sèmi na abhu j'aj'èra, èèna miu paj'èra ja'a dhèu heka ne'e. ladhe sèmi èèna na, ja'a madhe dènge kèna. '","Ladhe miu tèke eele ana ne, ladhe abhu jꞌara dhu jꞌajꞌi ètu dꞌara jꞌara, bèli-camèdꞌa dhèu aaꞌi-aaꞌi ètu dꞌara jꞌara mamadhe jaꞌa, bèli-camèdꞌa dhèu aaꞌi-aaꞌi ètu dꞌara jꞌara mamadhe jaꞌa, bèli-camèdꞌa dhèu aaꞌi-aaꞌi ètu dꞌara jꞌara mamadhe jaꞌa abhu jꞌara mamadhe jaꞌa ètu dꞌara ai naraka. Te ngaa ladhe jaꞌa abhu jꞌara mamadhe jaꞌa, bèli-camèdꞌa dhèu aaꞌi-aaꞌi ètu dꞌara ai naraka."""
GEN 44:30-31,"therefore if i enter again to thy servant, our father, and the child fail to be with us, since his life hangeth of the life of the child, and he see that the child is not with us, he shall die, and thy servants shall lead forth his hoar hairs with sorrow to hells or to hell.","nèti èèna ka, ama, ladhe ja'a lèpa kèti boe dènge ari ji'i ne, ama ji'i madhe dènge kèna. te samanga na dhu pa'èki dènge ana ne'e di. dènge ètu d'ara haheka na ne'e, ladhe ji'i tao ne tabha j'èra, tatu na madhe dènge kèna.","Nèti èèna ka, ladhe jaꞌa lèpa hari asa dhèu aae jiꞌi, te ana ne madhe boe. Ladhe jaꞌa lèpa hari asa dhèu aae jiꞌi, na, ana ne madhe boe. De ladhe jaꞌa lèpa hari asa dhèu aae jiꞌi, na, dhèu aae jiꞌi hudꞌi pamadhe ne. Aa ladhe jiꞌi dhèu aae jiꞌi laꞌe asa rai-haha ne, na, dhèu aae jiꞌi laꞌe asa dꞌara ai naraka, sèna ka jꞌajꞌi dhèu bhelu-katubꞌa na. Te ngaa ladhe jaꞌa lèpa hari asa dꞌara rai-haha ne, bèli-camèdꞌa dhèu aae jiꞌi laꞌe asa dꞌara ai naraka."""
GEN 44:32,"be i properly thy servant, which received this child on my faith, and i promised, and said, if i shall not bring again him to thee, i shall be guilty of sin against my father in all time;","ngaa hari, ja'a moa le mi ama ku, peka na, ‘ja'a ka dhu tago ana ne'e. ladhe ja'a kèti heka ana ne'e mai sa madha ama, ja'a ka tago sasala na, toke d'ai ja'a madhe. '","Nèti èèna ka, jaꞌa pangee, na, jaꞌa jꞌajꞌi dhèu sabꞌa Ama. Te ngaa jaꞌa parcaya Ama Lamatua kahèi. Ka jaꞌa peka, na, 'Ladhe jaꞌa tèke eele ne, jaꞌa tao sala mi ama ku.'"
GEN 44:33,"and so i shall dwell thy servant for the child into the service of my lord, and the child go up with his brethren;","nèti èèna ka, ja'a manèngi sèmi ne'e, ama wakil: hud'i laa ja'a ka pea mi ne'e gati nèngu, sèna ka ja'a j'aj'i ènu ama wakil. hia ne lèpa dènge a'a na si.","Nèti èèna ka, jaꞌa neo jꞌajꞌi dhèu sabꞌa èu, sèna ka ana ne jꞌajꞌi dhèu unu jaꞌa. Te ngaa ana ne lèpa hari dènge aꞌari na."
GEN 44:34,"for i may not go again to my father, if the child be absent, lest i stand a witness of the wretchedness that shall oppress my father.","ladhe ana ne'e la'e boe, ja'a bisa boe lèpa kahèi. d'ara ja'a la'e boe ladhe j'aj'èra ama ji'i toke madhe.","Te jaꞌa bisa boe lèpa hari asa ama ku, te ladhe ana ne lèpa hari, jaꞌa jꞌajꞌi dhèu bhelu-katubꞌa, aa jꞌajꞌi dhèu bhelu-katubꞌa. De jaꞌa jꞌajꞌi dhèu bhelu-katubꞌa, aa jꞌajꞌi dhèu bhelu-katubꞌa aaꞌi-aaꞌi, aa jꞌajꞌi dhèu bhelu-katubꞌa aaꞌi-aaꞌi, aa jꞌajꞌi dhèu bhelu-katubꞌa aaꞌi-aaꞌi, aa jꞌajꞌi dhèu bhelu-katubꞌa aaꞌi-aaꞌi."
GEN 45:1,"joseph might no longer abstain himself, while many men stood there before him; wherefore he commanded that all men should go out, and that none alien were present in the knowing of joseph and his brethren.","ropa tadèngi nare lii yahuda na, d'ara yusuf roe bhilu, toke taha nare boe ètu madha dhèu sab'a na sèra. nèti èèna ka, na hia ra lasi asa li'u, sèna ka mesa na di, dènge a'ari na ètu d'ara èmu. dènge j'ara ne'e, nèngu bisa patadhe iisi na, mi a'ari na sèra.","Hèia Yusuf paredha dhèu aaꞌi-aaꞌi sèra, peka na, Yusuf dènge aꞌari na aaꞌi-aaꞌi ra reꞌa mèu-mèu. Nèti èèna ka, Yusuf paredha dhèu aaꞌi-aaꞌi sèra, peka na, Yusuf dènge aꞌari na aaꞌi-aaꞌi ra reꞌa mèu-mèu. Hèia na pua dhèu aaꞌi-aaꞌi mai asa liꞌu."
GEN 45:2,"and joseph raised up his voice with weeping, which the egyptians heard, and all the household of pharaoh.","hèia dhèu sab'a se'e kalua asa li'u, ka yusuf tangi dènge d'ara pèd'a. lii tangi na mèdhu, ka dhèu-dhèu masir ètu li'u sèra tadèngi kahèi. mesa boe dhèu ètu li'u sèra, te dhèu ètu èmu dhèu aae tadèngi kahèi.","Ropa tadèngi lii padhai Yusuf, dhèu Masir aaꞌi-aaꞌi ra tadèngi lii padhai Yusuf. Rèngu aaꞌi-aaꞌi ètu dꞌara èmu aaꞌi-aaꞌi ra tadèngi lii padhai Yusuf. Ropa tadèngi lii padhai Yusuf, dhèu Masir aaꞌi-aaꞌi ra tadèngi lii padhai Yusuf."
GEN 45:3,"and he said to his brethren, i am joseph; liveth my father yet? his brethren might not answer, and were aghast with full much dread.","ka yusuf peka mola-mola dènge a'ari na si, aku nèngu na, a'ari, ee! ja'a ne'e ka yusuf èèna! ama ku mamuri era, do? ropa tadèngi rare, a'a na sèra madha'u titu kèna. ra bisa heka bhoke hèb'a padhai lii ngaa èci sa.","Hèia na dhaa, aku nèngu na, ""Jaꞌa ne Yusuf. Te ngaa ama jaꞌa mamuri toke dꞌai sange neꞌe."" Rèngu aaꞌi-aaꞌi ra madhaꞌu."
GEN 45:4,"to whom joseph said meekly, cometh nigh to me. and when they had nighed nigh, he said, i am joseph your brother, whom ye sold into egypt;","hèia yusuf paroa si, peka na, mai ku padètu-dètu dènge ja'a. ka ara lasi padètu sa madha yusuf. ka na peka hari, ja'a ne, yusuf, dhu uru èèna, miu pahia eele asa masir ne'e.","Èle èèna ka, Yusuf padhai lii dènge ne, aku nèngu na, ""Miu hudꞌi paꞌèci dènge jaꞌa."" Ropa dua ra paꞌèci, ka na peka, aku nèngu na, ""Jaꞌa ne, aꞌari miu, Yusuf. Miu paꞌèci jaꞌa asa Masir."
GEN 45:5,"do not ye dread, neither seem it to be hard to you, that ye sold me into these countries; for god hath sent me before you into egypt for your health.","miu se tare'a pahie eele ja'a. te ngaa mage miu madha'u, aa baku peka cee ka dhu sala. lula ama lamatua ka dhu hia uuru ja'a mai sa ne'e. ho dènge j'ara ne'e, na pake ja'a ho hia mamuri mi dhèu ae. sèna ka baku madhe manganga.","Miu baku madhaꞌu, aa baku jꞌajꞌi dhèu aaꞌi-aaꞌi. Te Ama Lamatua ka dhu pua jaꞌa mai, ho jꞌajꞌi dhèu aaꞌi-aaꞌi ètu rai Masir, sèna ka jꞌajꞌi dhèu aaꞌi-aaꞌi."""
GEN 45:6,"for it is two years that hunger began to be in the land, yet five more years shall pursue, in which men shall not be able to ear, neither reap;","rai manganga ne heka dua tèu kèna. lèmi tèu era. bèli-camèd'a dhèu tao heka oka-tedhe, sèla heka, aa abhu heka nganga'a hèru èj'i lai.","Bèli-camèdꞌa dꞌai dua lodꞌo jꞌajꞌèra ètu rai-haha ne. Te bèli-camèdꞌa dꞌai limuri lodꞌo èèna, dhèu aaꞌi-aaꞌi abhu boe ngaa-ngaa, aa abhu boe ngaa-ngaa."
GEN 45:7,"and god before-sent me, that ye be kept alive on earth, and may have meats to live.","dènge j'ara dhu èdhi te'a boe ne, ama lamatua hia ja'a mai asa ne'e uru nèti miu. sèna ka, miu dènge ana-èpu miu abhu mamuri.","Ama Lamatua pua Jaꞌa mai, sèna ka miu mamuri taruu ètu rai-haha ne, sèna ka miu bisa mamuri dènge ngiꞌu aaꞌi-aaꞌi ra."
GEN 45:8,"i was sent hither not by your counsel, but by god's will, which hath made me as the father of pharaoh, and lord of all his house, and prince in all the land of egypt.","de dhu lèke, nèti boe tatao miu ka ja'a d'ai era ne'e, te ngaa tatao ama lamatua di. nèngu ka dhu hia ja'a j'aj'i ai g'ana dhèu aae masir. ka ja'a j'aj'i mi kapala urusan ètu d'ara èmu dhèu aae. abhu boe dhèu leo èci sa dhu kapai risi nèti ja'a.","Miu pua boe jaꞌa mai asa neꞌe, te ngaa Ama Lamatua ka dhu dedꞌe jaꞌa. Ama Lamatua pajꞌujꞌu jaꞌa, sèna ka jaꞌa jꞌajꞌi ama nèti dhèu aae lodꞌo èèna. Jaꞌa jꞌajꞌi dhèu kapai ètu dꞌara èmu na. Jaꞌa jꞌajꞌi dhèu kapai ètu rai Masir aaꞌi-aaꞌi."
GEN 45:9,"haste ye, and goeth up to my father, and ye shall say to him, thy son joseph sendeth these things to thee; god hath made me lord of all the land of egypt; come down here to me, and tarry not,","de miu lami ka lai-lai ne, ho peka lii padhai lii ja'a ne dènge ama ku, sèmi ne'e: ‘yusuf, ana ama ku, mamuri era! nèngu j'aj'i le dhèu kapai ètu rai masir. na manèngi ama ku la'e lai-lai asa nèi.",Jaꞌa manèngi sèna ka Ama Lamatua pua jaꞌa jꞌajꞌi dhèu aaꞌi-aaꞌi ètu rai Masir. Jaꞌa manèngi sèna ka Ama Lamatua pua jaꞌa jꞌajꞌi dhèu aaꞌi-aaꞌi ètu rai Masir.
GEN 45:10,"and dwell in the land of goshen; and thou shalt be beside me, thou, and thy sons, and the sons of thy sons, thy sheep, and thy great beasts, and all things which thou wieldest,","ho èèna na, ama pea ètu rai gosen padètu dènge nèngu. era na be'a aa taleo. sèna ka ama bisa piara kahib'i-kalèbho, kahib'i-ka'ia dènge sapi aa'i-aa'i ra. aa na manèngi kahèi ho ama la'e dènge ana-èpu, dènge isi èmu, dènge mèdha-panyau, ho pea taruu mi nèi.","Èle èèna ka, èu dènge ana-èpu èu, ana-èpu èu, kahibꞌi-kalèbho èu, kahibꞌi-kalèbho èu, dènge aaꞌi-aaꞌi èu aaꞌi-aaꞌi ètu rai Gosen."
GEN 45:11,"and there i shall feed thee; for yet five years of hunger be left, lest both thou perish, and thine house, and all things which thou wieldest.","ladhe ama pea ètu gosen, nèngu ladhe-leru ama ètu nèi. te rai manganga lèmi tèu era. sèna ka na tenge j'ara ho ama dènge ana-èpu, aa dènge badha-manu bisa mamuri dènge be'a. '","Lodꞌo èèna, èu dènge dhèu èmu èu dènge mèdha-panyau èu aaꞌi-aaꞌi ra, bèli-camèdꞌa bèli-camèdꞌa bèli-camèdꞌa bèli-camèdꞌa bèli-camèdꞌa bèli-camèdꞌa bèli-camèdꞌa bèli-camèdꞌa bèli-camèdꞌa bèli-camèdꞌa bèli-camèdꞌa bèli-camèdꞌa bèli-camèdꞌa bèli-camèdꞌa bèli-camèdꞌa bèli-camèdꞌa."""
GEN 45:12,"lo! your eyes, and the eyes of my brother benjamin see, that my mouth speaketh to you;","yusuf peka nare hèia, na padhai lii hari, peka na, miu unu mi mèdhi le, si? aa èu kahèi, benyamin. ja'a ne'e, tare'a-re'a yusuf.","Nèti èèna ka, miu aaꞌi-aaꞌi mi meꞌa le, na, jaꞌa ka dhu padhai lii dènge miu."
GEN 45:13,"tell ye to my father all my glory, and all things which ye saw in egypt; haste ye, and bring ye him to me.","de miu peka dènge ama èdhi, na, ja'a ne'e dènge koasa kapai titu kèna, ètu kabarai masir ne'e. aa lolo dènge ama, ngaa aa'i-aa'i dhu miu mèdhi le ètu ne'e. ho èèna na, karohe mèti ama sa ne'e mai!","Miu hudꞌi peka dènge ama ku, ngaa aaꞌi-aaꞌi dhu miu mèdhi le ètu nèi ètu rai Masir. Miu hudꞌi laꞌe paraga dènge ama ku dènge ne."""
GEN 45:14,"and when he had embraced, and felled into the neck of benjamin, his brother, he wept, the while also benjamin wept in like manner on the neck of joseph.","èle èèna ka, liku nare ari na benyamin, hèia dua ra tangi.","Èle èèna ka, Yusuf pakabꞌua Benyamin, aꞌari na, hèia na tangi. Hèia Benyamin tangi kahèi, hèia na tangi kahèi, èci èèna kahèi dènge Yusuf, hèia na tangi kahèi ètu dꞌara kètu na, sèna ka jꞌajꞌi dhèu aaꞌi-aaꞌi dhu jꞌajꞌi dhèu aaꞌi-aaꞌi dhu jꞌajꞌi dhèu aaꞌi-aaꞌi dhu jꞌajꞌi dhèu aaꞌi-aaꞌi dhu jꞌajꞌi dhèu aaꞌi-aaꞌi dhu jꞌajꞌi dhèu aaꞌi-aaꞌi dhu jꞌajꞌi dhèu aaꞌi-aaꞌi dhu jꞌajꞌi dhèu aaꞌi-aaꞌi dhu jꞌajꞌi dhèu aaꞌi-aaꞌi dènge jꞌajꞌi dhèu aaꞌi-aaꞌi-aaꞌi dhu jꞌajꞌi jꞌajꞌi dhèu aaꞌi-aaꞌi-aaꞌi."
GEN 45:15,"and joseph kissed all his brethren, and wept on them all; after which things they were hardy to speak to him.","sèmi èèna kahèi, na liku nare a'a na si èci-èci, ka na uu si. ka heka ra bani padhai lii dènge ne kèna.","Èle èèna ka, Yusuf lii dènge aꞌari na aaꞌi-aaꞌi ra. Hèia na tangi aa tangi aaꞌi-aaꞌi ra. Èle èèna ka, rèngu aaꞌi-aaꞌi ra padhai lii dènge ne."
GEN 45:16,"and it was heard, and published by famous word in the king's hall, the brethren of joseph be come. and pharaoh joyed, and all his household;","ropa dhèu aae dènge dhèu-dhèu kapai na sèra, tadèngi rare a'ari yusuf mai asa masir, ra karej'e kahèi.","Èle èèna ka, dhèu aaꞌi-aaꞌi Yusuf mai asa dꞌara èmu dhèu aae. Ka dꞌara dhèu aaꞌi-aaꞌi Yusuf karejꞌe-karae, aa dènge isi èmu na aaꞌi-aaꞌi ra karejꞌe-karae."
GEN 45:17,"and pharaoh said to joseph, that he should command his brethren, and say to them, charge ye your beasts, and go ye into the land of canaan,","ka dhèu aae peka dènge yusuf, aku nèngu na, ari! peka dènge a'ari èu sèra, ho hua ka nganga'a asa dedha keled'ei rèngu, sèna ka rèti sa kana'an.","Hèia dhèu aae paredha Yusuf, aku nèngu na, 'Èu hudꞌi paredha ku aꞌari èu sèra, aku nèngu na, 'Miu hudꞌi pajꞌujꞌu kahibꞌi-kalèbho aaꞌi-aaꞌi mi, sèna ka laꞌe asa rai Kanaꞌan. De èu hudꞌi paredha ku aꞌari èu sèra, sèna ka jꞌajꞌi dhèu aaꞌi-aaꞌi mi, sèna ka jꞌajꞌi dhèu aaꞌi-aaꞌi mi, sèna ka jꞌajꞌi dhèu aaꞌi-aaꞌi mi, sèna ka jꞌajꞌi dhèu aaꞌi-aaꞌi mi."
GEN 45:18,"and take ye from thence your father, and your kindred, and come ye back to me; and i shall give you all the goods of egypt, that ye eat the marrow of the land.","aa peka dènge si, rèti ama mu dènge ana-èpu aa'i-aa'i, mai pea sa ne'e. d'ai ne'e, pe ja'a hia rèngu rai, era dhu hèu mèngi risi, sèna ka rèngu bisa mamuri nèti isi rai èèna.","Èle èèna ka, miu hudꞌi pakèdꞌi ku ama dènge aꞌari miu, sèna ka lèpa hari asa jaꞌa. Èèna na Jaꞌa hia miu mèdha-panyau aaꞌi-aaꞌi ètu rai Masir, sèna ka miu bisa raꞌa mèdha-panyau aaꞌi-aaꞌi ètu rai ne."
GEN 45:19,"command thou also, that they take wains of the land of egypt to the carriage of their little children, and wives, and say thou, take ye your father, and haste ye in coming soon,","aa hia rèti mema dènge kareta pèri-pèri nèti ne'e, ho sèna ka hua ana iiki-ana iiki dènge ama mu.","Èle èèna ka, èu paredha dhèu Israꞌel sèra, sèna ka rèti anggor nèti rai Masir, sèna ka rèti ana-ana dènge dhèu èmu ra. Èu paredha dhèu Israꞌel sèra, sèna ka rèti isi anggor nèti rai Masir, sèna ka rèti ama ra."
GEN 45:20,"neither leave ye anything of the appurtenance of your house, for all the riches of egypt shall be yours.","baku ra pangee mèdha-panyau dhu rèngu bisa boe nedhe rèti, te, ngaa-ngaa dhu be'a ètu rai masir ne, èèna na j'aj'i unu rèngu.","Baku tèke eele mèdha-panyau èu aaꞌi-aaꞌi ètu dꞌara èmu èu, lula mèdha-panyau aaꞌi-aaꞌi ètu rai Masir èèna, mèdha-panyau èu."""
GEN 45:21,"the sons of israel did as it was commanded to them; to which joseph gave wains, by the behest of pharaoh, and meats in the way;","tadèngi sèmi èèna, ka yusuf hia si kareta pèri-pèri bua, dènge parèko ra'a j'ara, sama sèmi lii paredha dhèu aae. aa a'ari na pa'èra ka, ho lèpa madhutu lii paredha dhèu aae.","Èle èèna ka, dhèu Israꞌel sèra tao madhutu lii padhai Ama Lamatua. Èle èèna ka, Yusuf paꞌèci dènge dhèu Israꞌel ètu dꞌara jꞌara, sèna ka raꞌa-rinu, aa raꞌa-rinu. Èle èèna ka, Yusuf paꞌèci dènge dhèu Israꞌel ètu dꞌara jꞌara, sèna ka raꞌa-rinu."
GEN 45:22,"and he commanded two stoles to be brought forth to each; forsooth he gave to benjamin three hundred pieces of silver, with five of the best stoles;","ka yusuf hia si mèdha-papake dhu hiu, ca dhèu ca pasa. te ngaa benyamin, na hia doi iia tèlu ngasu, dènge mèdha-papake dhu hiu, lèmi pasa.","Èle èèna ka, na pua dhèu aaꞌi-aaꞌi rèti mèdha-papake dua. Hèia na hia dhèu aaꞌi-aaꞌi mèdha-papake nèti mèdha-papake limuri, sèna ka rèti mèdha-papake nèti mèdha-papake aaꞌi-aaꞌi, sèna ka dhèu aaꞌi-aaꞌi rèti mèdha-papake nèti mèdha-papake èèna. Èle èèna ka, na hia dhèu aaꞌi-aaꞌi rèti mèdha-papake nèti mèdha-papake èèna, toke dꞌai tèlu ngasu."
GEN 45:23,"and he sent to his father so much of silver, and of clothes, and he added to them ten male asses, that should bear of the riches of egypt, and so many female asses, bearing wheat and loaves in the way.","yusuf pa'adhu mèdha-panyau dhu be'a risi nèti masir hia ama na. rèngu hua mi dedha keled'ei canguru ngi'u. sèmi èèna kahèi, na hia are, roti, dènge nganga'a ae-ae, dhu j'aj'i parèko j'ara, lod'o dhu rèngu mulai pakèd'i nèti kana'an asa masir. nganga'a se, ra hua ètu dedha keled'ei dhu leo hari canguru ngi'u.","Èle èèna ka, na pua dhèu lasi asa ama na pake mèdha-papake dènge mèdha-papake dènge mèdha-papake. Hèia ama na hia dhèu aaꞌi-aaꞌi èci, sèna ka rèti mèdha-papake dhèu aaꞌi-aaꞌi nèti rai Masir, sèna ka rèti mèdha-papake dhèu aaꞌi-aaꞌi nèti jꞌara-jꞌara dhu dhèu aaꞌi-aaꞌi dhèu aaꞌi-aaꞌi ètu dꞌara jꞌara-jꞌara. Èle èèna ka, na hia dhèu aaꞌi-aaꞌi dhèu aaꞌi-aaꞌi dhèu aaꞌi-aaꞌi dhèu aaꞌi-aaꞌi dhèu aaꞌi-aaꞌi dhèu aaꞌi-aaꞌi dhèu aaꞌi-aaꞌi dhèu aaꞌi-aaꞌi dhèu aaꞌi-aaꞌi dhèu aaꞌi-aaꞌi dhèu aaꞌi-aaꞌi ètu dꞌara jꞌara-jꞌara."
GEN 45:24,"therefore he let go his brethren, and said to them going forth, be ye not wroth in the way.","èle èèna ka, na hia si lèpa, aa na moa si, aku nèngu na, miu baku patao-palaha ètu talora j'ara, ee!","Hèia Yesus peka dènge aꞌari na sèra, aku Nèngu na, ""Miu baku pamakae ètu jꞌara neꞌe."""
GEN 45:25,"which went up from egypt, and came into the land of canaan, to their father jacob;",hèia ra pakèd'i ka lasi sa ama ra ètu kana'an.,"Èle èèna ka, rèngu kalua nèti Masir, ka lasi pea dènge ama ra, Yakob, ètu rai Kanaꞌan."
GEN 45:26,"and they told to him, and said, joseph, thy son, liveth, and he is lord in all the land of egypt. and when this was heard, jacob waked as of a grievous sleep; nevertheless he believed not to them.","d'ai nèi ka, ra lolo dènge ama ra, peka na, ama! ana mu yusuf na, dhu mamuri era di. na j'aj'i le dhèu kapai, ka na paredha ètu rai masir! yakob tadèngi hiu-hiu na, loo-loo sène, te na lèka boe.","Hèia ra peka dènge Yusuf, aku rèngu na, ""Ana mu mamuri hari le. Nèngu ka dhu jꞌajꞌi dhèu aae-dhèu ètu rai Masir aaꞌi-aaꞌi."" Ropa Yakob tadèngi sèmi èèna, ka na parcaya si."
GEN 45:27,"they told on the contrary to him all the order of the thing; and when jacob had seen the wains, and all things which joseph had sent, his spirit lived again,","te ngaa ropa na tadèngi nare lii lolo rèngu sèra, aa na ladhe nèdhi kareta dhu yusuf pa'adhu mai ho hua ne asa masir, heka na lèka kèna.","Ka ra lole dènge ne, ngaa dhu jꞌajꞌi. Ropa Yakob ladhe nèdhi anggor aaꞌi-aaꞌi dhu Yusuf pua mai, ka dꞌara na lèpa hari."
GEN 45:28,"and he said, it sufficeth to me, if joseph my son liveth yet; i shall go and see him before that i die.","hèia na padhai lii, aku nèngu na, hea! de ana ja'a dhu mamuri era di! ja'a heka karej'e kèna. ja'a hud'i laku kèdhi ku ne, heka ja'a madhe dènge karej'e kèna.","Hèia na peka, aku nèngu na, ""Sèmi neꞌe! Ladhe ana jaꞌa ne mamuri heka, na, jaꞌa neo laꞌe paraga dènge ne, lodꞌo jaꞌa madhe."""
GEN 46:1,"and israel went forth with all things that he had, and he came to the well of oath or beersheba; and when sacrifices were slain there to the god of his father isaac,","èle èèna ka, yakob si pa'èra ka mèdha ra, ka ra pakèd'i nèti kana'an. ropa ra d'ai rae barseba, ka na roro badha tao korban hia lamatua, dhu uru na ama na isak mangaj'i.","Èle èèna ka, dhèu Israꞌel kalua dènge aaꞌi-aaꞌi ra, lasi asa dꞌara èi madha èi madha èi madha èi madha èi. Ètu dꞌara èi madha èi madha èi madha èi madha èi madha èi madha èi madha èi madha èi madha èi. Èi madha èi madha èi madha èi madha èi madha èi madha èi madha èi madha èi madha èi madha èi madha èi madha èi madha èi madha èi madha èi madha èi. Èi madha èi madha èi madha èi madha èi madha èi madha èi madha èi madha èi madha èi madha èi madha èi madha èi madha èi madha èi madha èi madha èi madha èi madha èi."
GEN 46:2,"he heard god by a vision in that night calling to him, and saying to him, jacob! jacob! to whom he answered, lo! i am present.","mèda ca lod'o ka na nii. ètu d'ara nii ne'e, na tadèngi na ama lamatua paroa ne, peka na, yakob! yakob! èu kèd'i ho nanene ku la! hèia na dhaa, peka na, nga tao, ama?","Èle èèna ka, dꞌara mèda pèri-pèri, na ladhe nèdhi mèdha-panyau nèti Ama Lamatua, ka Na paroa ne, aku Nèngu na, 'Yakobi!' Ka na dhaa, aku nèngu na, ""Jaꞌa ne ètu neꞌe."""
GEN 46:3,"god said to him, i am the full strong god of thy father; do not thou dread, go down into egypt, for i shall make thee there into a great folk;","ka lamatua peka na, ja'a ne, ama lamatua dhu ama mu mangaj'i nèti uru ka. mage èu madha'u kahèi lamu masir. te èèna na, ja'a tao ana-èpu èu j'aj'i suku kapai ètu rai nèi.","Èle èèna ka, Ama Lamatua peka dènge ne, aku Nèngu na, ""Èu baku madhaꞌu. Èu hudꞌi laꞌe asa Masir, te ètu èèna, èu jꞌajꞌi dhèu aaꞌi-aaꞌi."
GEN 46:4,"i shall go down thither with thee, and i shall bring thee turning again from thence, and joseph shall set his hand on thine eyes.","ja'a laku hèi masir sama-sama dènge èu. ho ladhe èèna na, ja'a kahèi dhu kèti hari ana-èpu èu lèpa asa rai kana'an ne'e. ropa èu madhe, na, ana mu yusuf madhèdi ètu baboa èu.","Èle èèna ka, bèli-camèdꞌa jaꞌa lèpa dènge èu. Èle èèna ka, bèli-camèdꞌa èu lèpa hari mai. Èle èèna ka, Yusuf dedꞌe kacui-aai na ètu madha èu."
GEN 46:5,"jacob rose from the well of oath, and his sons took him, with their little children, and wives, in the wains which pharaoh had sent to bear the eld or old man,","èle èèna ka, yakob dènge ana-ana na sèra, lasi taruu tèke eele rae barseba. ra paca'e ne dènge bhèni-ana iiki na asa kareta sèra dhu dhèu aae masir pa'adhu hia si.","Èle èèna ka, dhèu aae Yakob puru nèti èi madha èi madha èi madha èi madha èi madha èi madha èi madha èi madha èi madha èi madha èi madha èi madha èi madha èi madha èi madha èi madha èi madha èi madha èi madha èi madha èi madha èi madha èi madha èi madha èi madha èi madha èi madha èi madha èi."
GEN 46:6-7,"and all things which he wielded in the land of canaan; and he came into egypt with all his seed, his sons, and their sons, and daughters, and all the generations together.","rèti aa'i mèu-mèu mèdha-panyau dènge badha-manu dhu j'aj'i kakaja rèngu ètu rai kana'an. hèia yakob dènge ana-èpu na, bhèni-mone aa'i-aa'i ra pakèd'i ka lasi rai masir.","Aa aaꞌi-aaꞌi ra aaꞌi-aaꞌi ra, aaꞌi-aaꞌi ra, aaꞌi-aaꞌi ra, aaꞌi-aaꞌi ra, aaꞌi-aaꞌi ra, aaꞌi-aaꞌi ra, aaꞌi-aaꞌi ra, aaꞌi-aaꞌi ra, aaꞌi-aaꞌi ra, aaꞌi-aaꞌi ra, aaꞌi-aaꞌi ra, aaꞌi-aaꞌi ra, aaꞌi-aaꞌi ra, aaꞌi-aaꞌi ra mai asa Masir."
GEN 46:8,"forsooth these be the names of the sons of israel, that entered into egypt; jacob with his free children. the first begotten is reuben;","ana-èpu yakob dhu madhutu lasi asa masir, nuka se'e: ruben, ana uuru na.","Nèti ana-èpu Israꞌel dhu mai asa Masir, nuka: Yakob dènge ana-èpu na, Ruben."
GEN 46:9,"the sons of reuben; hanoch, and phallu, and hezron, and carmi.","ana-ana na ka: henok, palu, hesron dènge karmi.","Ana-èpu Ruben, Hanok, Palu, Hesron, Karmi."
GEN 46:10,"the sons of simeon; jemuel, and jamin, and ohad, and jachin, and zohar, and shaul, the son of a woman of canaan.","simeon, dènge ana-ana na: yemuel, yamin, ohat, yakin, dènge sohar. dènge saul kahèi, ana na nèti dhèu èmu na bhèni kana'an.","Simeon, ana-èpu na, Yemuel, Yamin, Ohad, Yakin, Zohar, Saul. Saul ne, ana bhèni nèti rai Kanahan."
GEN 46:11,"the sons of levi; gershon, kohath, and merari.","lewi, dènge ana-ana na: gerson, kehat, dènge merari.","Ana-èpu Lewi: Gershon, Kohat, dènge Nahor. [Sèmi neꞌe: Nahor, Nahor, Nahor, Nahor, Nahor, Nahor, Nahor, Nahor, Nahor, Nahor, Nahor, Nahor, Nahor, Nahor, Nahor, Nahor, Nahor, Nahor, Nahor, Nahor, Nahor, Nahor, Nahor, Nahor, Nahor, Nahor, Nahor, Nahor, Nahor, Nahor, Nahor, Nahor, Nahor, Nahor, Nahor, Nahor, Nahor, Nahor, Nahor, Nahor, Nahor, Nahor, Nahor, Nahor, Nahor, Nahor, Nahor, Nahor, Nahor, Nahor, Nahor, Nahor, Nahor, Nahor, Nahor, Nahor, Nahor, Nahor, Nahor, Nahor, Nahor, Nahor, Nahor, Nahor, Nahor, Nahor, Nahor, Nahor, Nahor, Nahor, Nahor, Nahor, Nahor, Nahor, Nahor, Nahor, Nahor, Nahor, Nahor, Nahor, Nahor, Nahor, Nahor, Nahor, Nahor, Nahor"
GEN 46:12,"the sons of judah; er, and onan, and shelah, and perez, and zarah. forsooth er and onan died in the land of canaan; and the sons of perez were born, hezron, and hamul.","yahuda, dènge ana-ana na: sela, peres, dènge sera. ana yahuda dhu leo, er dènge onan, madhe le ètu kana'an. na nèti dènge ana-ana peres, hesron dènge hamul.","Ana-èpu Yahuda, Er, Onan, Sela, Perez, dènge Zara. Lodꞌo èèna, Er dènge Onan madhe ètu rai Kanaan. Hèia ana-èpu Perez, Hesron, dènge Hamul."
GEN 46:13,"the sons of issachar; tola, and phuvah, and job, and shimron.","isaskar, dènge ana-ana na: tola, pua, ayub, dènge simron.","Isakar, Tola, Pua, Job, Simron."
GEN 46:14,"the sons of zebulun; sered, and elon, and jahleel.","sebulon, dènge ana-ana na: seret, elon, dènge jahleel.","Sebulon, Sered, Elon, Jalel."
GEN 46:15,"these be the sons of leah, which she childed to jacob in mesopotamia of syria, with dinah, her daughter; all the souls of his sons and daughters by leah, three and thirty.","rèngu se'e, ana-ana nèti yakob dènge dhèu èmu na lea, lod'o rèngu pea ètu mesopotamia. ana bhèni rèngu èci, ngara na dina. ana-èpu nèti yakob dènge lea, aa'i-aa'i ra tèlu nguru tèlu dhèu.","Dhèu aaꞌi-aaꞌi se, ana-èpu Lea. Dhèu aaꞌi-aaꞌi ra, ana-èpu na, Dina, abhu tèlu nguru tèlu dhèu. Rèngu jꞌajꞌi ana-èpu Yakob ètu propensi Mesopotamia, ètu Siria."
GEN 46:16,"the sons of gad; ziphion, and haggi, shuni, and ezbon, eri, and arodi, and areli.","aa yakob abhu ana-ana dènge dhèu èmu dhu leo hari. nuka: gad, dènge ana-ana na: sifion, hagi, suni, esbon, eri, arodi dènge areli.","Ana-èpu Gad, sipion, haggi, shuni, ezbon, eri, arodi, areli."
GEN 46:17,"the sons of asher; jimnah, and ishuah, and isui, and beriah; and serah, the sister of them. the sons of beriah; heber, and malchiel.","aser, dènge ana-ana na: yimna, yiswa, yiswi, beria, dènge ana hèni ra èci, ngara na sera. beria, dènge ana le kahèi: heber dènge malkiel.","Aser, ana-èpu na, Yimna, Ishu, Isui, Beria. Aser, ari na, Serah. Beria, ana-èpu na, Eber, dènge Malkiel. [Sèmi neꞌe ka jꞌajꞌi ana-èpu na, Aser, Isak, Ishu, Isui, Beria, Nahas, Nahas, Nahas, Nahas, Nahas, Nahas, Nahas, Nahas, Nahas, Nahas, Nahas, Nahas, Nahas, Nahas, Nahas, Nahas, Nahas, Nahas, Nahas, Nahas, Nahas, Nahas, Nahas, Nahas, Nahas, Nahas, Nahas, Nahas, Nahas, Nahas, Nahas, Nahas, Nahas, Nahas, Nahas, Nahas, Nahas, Nahas, Nahas, Nahas, Nahas, Nahas, Nahas, Nahas, Nahas, Nahas, Nahas, Nahas, Nahas, Nahas, Nahas, Nahas, Nahas, Nahas, Nahas, Nahas, Nahas, Nahas, Nahas, Nahas, Nahas, Nahas, Nahas, Nahas, Nahas, Nahas, Nahas, Nahas, Nahas, Nahas, Nahas, Nahas, Nahas, Nahas, Nahas, Nahas, Nahas, Nahas, Nahas,"
GEN 46:18,"these were the sons of zilpah, whom laban gave to leah, his daughter, and through whom jacob begat these sixteen persons.","rèngu aa'i-aa'i ra, canguru èna dhèu. ana-èpu nèti yakob dènge dhèu èmu na silpa. silpa ne'e ka dhu laban hia j'aj'i ènu nèti lea, dhèu èmu uru yakob na.","Aaꞌi-aaꞌi se, ana-èpu Zilpa. Laban jꞌajꞌi ana bhèni na, Lea. Yakob jꞌajꞌi ana-èpu na, aaꞌi-aaꞌi dhu jꞌajꞌi dhèu canguru èèna."
GEN 46:19,"the sons of rachel, jacob's wife, were joseph and benjamin.","aa ana-ana nèti yakob dènge dhèu èmu na bhèni leo hari, ngara na rahel, nuka: yusuf dènge benyamin.","Ana-èpu Rahel, dhèu èmu Yakob, ngara na Yusuf, dènge Benyamin."
GEN 46:20,"and two sons were born to joseph in the land of egypt, manasseh and ephraim, which asenath, the daughter of potipherah, priest of heliopolis, childed to him.","lod'o èèna, yusuf leo le dènge asnat ètu masir. ama asnat èèna, ama agama ètu kota on. ngara na, potifera. ana-ana yusuf dènge asnat: efraim dènge manase.","Lodꞌo ètu rai Masir, Yusuf abhu ana mone dua, ngara na Manase dènge Efraim. Nèngu abhu ana mone èci, ngara na Asnet. Asnet ne, ana nèti Potiphera, kètu kapai risi nèti kota Elipolis, dhu jꞌajꞌi kètu kapai risi ètu dꞌara èmu Kapua Manèngi-Mangajꞌi. Nèti èèna ka, Yusuf abhu ana mone dua, ngara na Manèngi-Mangajꞌi dènge Efraim. Nèti èèna ka, Yusuf jꞌajꞌi kètu kapai risi ètu dꞌara Èmu Kapua Manèngi-Mangajꞌi ètu dꞌara Èmu Kapua Manèngi-Mangajꞌi ètu dꞌara Èmu Kapua Manèngi-Mangajꞌi ètu dꞌara Èmu Kapua Manèngi-Mangajꞌi ètu dꞌara Èmu Kapua Manèngi-Mangajꞌi ètu dꞌara Èmu Kapua Manèngi-Mangajꞌi."
GEN 46:21,"the sons of benjamin were belah, and becher, and ashbel, gera, and naaman, and ehi, and rosh, and muppim, and huppim, and ard.","benyamin madhutu hèi lasi masir dènge ana-ana na: bela, beker, asibel, gera, naaman, ehi, ros, mupim, hupim dènge aret.","Ana-èpu Benyamin: Beka, Beher, Asbel, Gera, Naaman, Ehi, Rosh, Muppim, Huppim, dènge Ard."
GEN 46:22,"these were the sons of rachel, the which jacob begat through her; all the persons were fourteen.","ana-èpu yakob dènge dhèu èmu na rahel, canguru èpa dhèu.","Ana-èpu Rahel, nuka Yakob. Dhèu aaꞌi-aaꞌi se, dhèu canguru èpa."
GEN 46:23,the son of dan; hushim.,"dhèu èmu yakob èci hari, ngara na bilha. ana-ana ra, dan, dènge naftali. ana dan, ngara na husim.",the son of Dan; hushim.
GEN 46:24,"the sons of naphtali; jahzeel, and guni, and jezer, and shillem.","ana nèti naftali: yasel, guni, yeser dènge silem.","Ana-èpu Naftali, Yazeel, Guni, Yezer, dènge Shillem. [Nèti ana-èpu Naftali, Yazeel, Guni, Yizer, Yizer, Nahor, Nahor, Nahor, Nahor, Nahor, Nahor, Nahor, Nahor, Nahor, Nahor, Nahor, Nahor, Nahor, Nahor, Nahor, Nahor, Nahor, Nahor, Nahor, Nahor, Nahor, Nahor, Nahor, Nahor, Nahor, Nahor, Nahor, Nahor, Nahor, Nahor, Nahor, Nahor, Nahor, Nahor, Nahor, Nahor, Nahor, Nahor, Nahor, Nahor, Nahor, Nahor, Nahor, Nahor, Nahor, Nahor, Nahor, Nahor, Nahor, Nahor, Nahor, Nahor, Nahor, Nahor, Nahor, Nahor, Nahor, Nahor, Nahor, Nahor, Nahor, Nahor, Nahor, Nahor, Nahor, Nahor, Nahor, Nahor, Nahor, Nahor, Nahor, Nahor, Nahor, Nahor, Nahor, Nahor, Nahor, Nahor, Nahor, Nahor, Nahor, Nahor, Nahor, Nahor, Nahor, Nahor, Nahor, Nahor, Nahor, Nahor, Nahor,"
GEN 46:25,"these were the sons of bilhah, whom laban gave to rachel his daughter. and jacob begat these through bilhah; all the souls were seven.","yakob dènge dhèu èmu na bilha, ana-èpu rèngu dhèu pidhu. bilha ne, ènu nèti rahel, dhu na abhu nèti ama na laban.","Dhèu pidhu se, jꞌajꞌi ana-èpu Bilha. Laban hia ana bhèni na, Rahel. Aa Yakob hia ana-èpu Bilha sèra."
GEN 46:26,"and all the men that entered with jacob into egypt, and went out of his thigh, without his sons' wives, were sixty and six.","de ana-èpu yakob dhu lasi masir, aa'i-aa'i ra dhèu èna nguru èna dhèu. se'e se, ige mèka dènge dhèu èmu nèti ana-ana nèngu sèra.","Dhèu aaꞌi-aaꞌi dhu maso asa Masir dènge Yakob ètu rai Masir, ètu dꞌara oka na, aa rèngu aaꞌi-aaꞌi ra dènge dhèu èmu-kamali ana-ana Yakob, ètu èèna, rèngu aaꞌi-aaꞌi ra èpa nguru nguru èpa."
GEN 46:27,"forsooth the sons of joseph, that were born to him in the land of egypt, were two men. all the souls of the house of jacob, that entered into egypt, were seventy.","ladhe tabha dènge ana-ana yusuf dhu ina na nara iisi ètu masir dhèu dua, na yakob dènge ana-èpu aa'i-aa'i ra si, pidhu nguru dhèu.","Lodꞌo Yusuf pea ètu rai Masir, abhu ana mone dhèu dua. Te ngaa dhèu ètu èmu Yakob, dhu mai asa Masir, abhu dhèu pidhu nguru dhèu."
GEN 46:28,"forsooth jacob sent judah before him to joseph, that he should tell to him, and he meet with them in goshen. and when jacob had come thither,","ropa ra dètu dènge masir, yakob pua yahuda la'e uuru, paroa yusuf ho mai paraga dènge ne ètu gosen. ropa ra d'ai gosen,","Èle èèna ka, Yakob pua Yudas lasi paraga dènge Yusuf. Ka laꞌe asa Gosen."
GEN 46:29,"joseph went up in his chariot to meet his father at the same place. and he saw jacob, and felled on his neck, and wept betwixt embraces.","yusuf ca'e nare kareta na, mai paraga dènge ama na. ropa ra paraga, liku nare ama na, ka na tangi nèbhu bia.","Ropa Yusuf ladhe nèdhi Yakob, ka na patitu kètu na, hèia na tangi."
GEN 46:30,"and the father said to joseph, now i shall die joyful, for i have seen thy face, and i leave thee living.","hèia yakob padhai lii dènge yusuf, aku nèngu na, ana, ee! ja'a unu ku kèdhi le èu. aa ja'a ke'a le èu mamuri era. de ladhe ja'a madhe èèna ka oo, ngaa-ngaa tao heka.","Èle èèna ka, ama na peka dènge Yusuf, aku nèngu na, 'Ladhe sèmi èèna, jaꞌa karejꞌe-karae, lula jaꞌa kèdhi le musi madha èu, sèna ka èu mamuri hari.'"
GEN 46:31,"and joseph spake to his brethren, and to all his father's household, i shall go up, and tell to pharaoh, and i shall say to him, my brethren, and the household of my father, that were in the land of canaan, be come to me,","ka yusuf peka dènge a'ari na aa'i-aa'i, peka na, ja'a laku peka ku dènge dhèu aae, sèna ka ne'a na a'ari ja'a mai le nèti kana'an.","Èle èèna ka, Yusuf padhai lii dènge aꞌari na, dènge isi èmu ama na aaꞌi-aaꞌi ra. Èle èèna ka, jaꞌa lèpa hari laꞌe peka dènge dhèu aae kapai sèra, aku nèngu na, 'Aꞌari jaꞌa, dènge isi èmu ama jaꞌa dhu pea ètu rai Kanaꞌan, sèna ka mai paraga dènge jaꞌa."
GEN 46:32,"and they be men keepers of sheep, and have busyness of flocks to be fed; they brought with them their sheep, and great beasts, and all things which they might have.","aa, pe ja'a peka kahèi dènge ne, miu biasa ani kahib'i-kalèbho dènge sapi. nèti èèna ka, miu mèti dènge badha-manu dènge mèdha-panyau miu nèti kana'an.",Rèngu jꞌajꞌi dhèu madhenga kahibꞌi-kalèbho sèra. Rèngu jꞌajꞌi dhèu madhenga kahibꞌi-kalèbho dènge aaꞌi-aaꞌi ra.
GEN 46:33,"and when pharaoh shall call you, and shall say, what is your work?","de ladhe dhèu aae paroa miu, ho na karèi miu biasa sab'a ngaa,","Èle èèna ka, dhèu aae Farao paroa miu, ho karèi, peka na, 'Miu sabꞌa ngaa?'"
GEN 46:34,"ye shall answer, we be thy servants, men shepherds, from our childhood till into this present time, both we and our fathers. soothly ye shall say these things, that ye may dwell in the land of goshen, for egyptians loathe all keepers of sheep.","na, miu dhaa ne peka na, miu se aa'i-aa'i mi nèti ana iiki ka mai piara badha, sama sèmi bèi-baki ji'i. sèna ka na pua miu pea ètu rai gosen. yusuf peka sèmi èèna, lula dhèu masir madenge pea pa'èci dènge ana madhutu badha.","Hèia miu dhaa, peka na, 'Jiꞌi dhèu aaꞌi-aaꞌi, dhèu madhenga kahibꞌi-kalèbho. Jiꞌi dènge bèi-baki jiꞌi jꞌajꞌi dhèu madhenga kahibꞌi-kalèbho, toke dꞌai sange neꞌe. De jiꞌi manèngi sèna ka miu pea ètu rai Gosen. Te dhèu Masir dꞌèi boe dènge dhèu madhenga kahibꞌi-kalèbho."
GEN 47:1-2,"therefore joseph entered, and told to pharaoh, and said, my father and brethren, the sheep and the great beasts of them, and all things that they wield, have come from the land of canaan; and lo! they stand in the land of goshen. and joseph ordained five, the least, or meekest, men of his brethren, to come before the king,","èle èèna ka, yusuf dènge a'ari na dhèu lèmi, lasi paraga dènge dhèu aae. d'ai madha dhèu aae, ka yusuf patadha si dènge dhèu aae, ka na peka na, ama dhèu aae! ama ku dènge a'ari ku mai le nèti kana'an. rèngu mai dènge kahib'i-kalèbho, sapi, dènge mèdha-panyau aa'i-aa'i ra. nuka ra ètu rai gosen nèi.","Èle èèna ka, Yusuf laꞌe peka dènge dhèu aae Farao, aku nèngu na, ""Ama! Rèngu mai nèti rai Kanaꞌan, dènge kahibꞌi-kalèbho ra, dènge kahibꞌi-kalèbho ra, aa aaꞌi-aaꞌi ra aaꞌi-aaꞌi ra. Rèngu aaꞌi-aaꞌi ra ètu rai Gosen."""
GEN 47:3,"whom he asked, what work have ye? they answered, we thy servants be keepers of sheep, both we and our fathers;","dhèu aae karèi si, aku nèngu na, sasab'a miu ngaa? ra dhaa, peka na, ji'i se, ana madhutu badha, sama sèmi bèi-baki ji'i sèra.","Hèia na karèi si, aku nèngu na, ""Nga tao ka miu sabꞌa?"" Ka ra dhaa, aku rèngu na, ""Ama! Jiꞌi dhèu sabꞌa kahèi, sama sèmi ama-ama jiꞌi. Jiꞌi se dhèu madhenga kahibꞌi-kalèbho."
GEN 47:4,"we came into thy land to be pilgrims, that is, to dwell for a time, for no grass is to the flocks of thy servants; for hunger waxeth grievous in the land of canaan, and we ask that thou command us thy servants to be in the land of goshen.","limuri ne'e, ètu rai ji'i kana'an, hèru hadhu madhera, ka nganga'a dènge j'u'u tèdhi heka. nèti èèna ka, ji'i mai taha asa kabarai ne'e. ngèti dènge badha-manu ji'i. de ji'i manèngi ama dhèu aae, ho hia ji'i pea ètu rai gosen, sèna ka ji'i piara badha ji'i ètu nèi.","Jiꞌi mai asa rai èu, sèna ka jꞌajꞌi dhèu rai-haha. Te ngaa jiꞌi aaꞌi-aaꞌi jiꞌi, dhèu sabꞌa aaꞌi-aaꞌi jiꞌi, dènge kahibꞌi-kalèbho aaꞌi-aaꞌi ètu rai Kanaꞌan. De jiꞌi manèngi sèna ka Ama pua jiꞌi, sèna ka jiꞌi pea ètu rai Gosen."
GEN 47:5,"and so the king said to joseph, thy father and thy brethren have come to thee;",hèia dhèu aae padhai lii dènge yusuf sèmi ne'e: ama mu dènge a'ari mu ètu ne'e le.,"Hèia dhèu aae karèi Yusuf, aku nèngu na, ""Ama èu dènge aꞌari èu mai paraga dènge èu."
GEN 47:6,"the land of egypt is in thy sight; make thou them to dwell in the best place, and give thou to them the land of goshen; that if thou knowest that witting men be in them, ordain them masters of my beasts.","de hud'i laa rèngu tao kabarai ne'e, sama sèmi kabarai rèngu. madhutu kake'a ja'a, gosen èèna era dhu be'a risi nèti era leo ètu rai masir ne'e. de be'a risi rèngu pea ètu èèna ka la. aa ladhe rèngu cee dhu ladhe-leru badha dènge hua iia, na ja'a hia badha ja'a ho na piara si ètu èèna.","Nèti èèna ka, dhèu aaꞌi-aaꞌi ètu rai Masir bisa mamuri ètu era dhu beꞌa. Èu hudꞌi hia dhèu aaꞌi-aaꞌi ètu rai Gosen, sèna ka ra jꞌajꞌi mi dhèu aaꞌi-aaꞌi ètu rai Masir. Ladhe èu meꞌa, na, dhèu aaꞌi-aaꞌi ètu rai Masir bisa jꞌajꞌi mi dhèu aaꞌi-aaꞌi, sèna ka ra jꞌajꞌi mi dhèu aaꞌi-aaꞌi dhèu aaꞌi-aaꞌi dhèu aaꞌi-aaꞌi dhèu aaꞌi-aaꞌi dhèu aaꞌi-aaꞌi dhèu aaꞌi-aaꞌi dhèu aaꞌi-aaꞌi dhèu aaꞌi-aaꞌi dhèu aaꞌi-aaꞌi dhèu aaꞌi-aaꞌi dhèu aaꞌi-aaꞌi dhèu aaꞌi-aaꞌi dhèu aaꞌi-aaꞌi-aaꞌi."""
GEN 47:7,"after these things joseph brought in his father to the king, and set him before the king, and he blessed the king;","èle èèna hèia, yusuf patadhe ama na dènge dhèu aae. ka yakob manèngi mi ama lamatua, sèna ka hia mèngi-nale mi dhèu aae.","Èle èèna ka, Yusuf laꞌe paraga dènge ama na ètu madha dhèu aae na. Hèia na dedꞌe ne asa madha dhèu aae na. Èle èèna ka, Yusuf manèngi-mangajꞌi mi Ama Lamatua."
GEN 47:8,"and he was asked of the king, how many be the days of the years of thy life?","dhèu aae karèi yakob, aku nèngu na, ama umur pèri tèu kèna?","Èle èèna ka, dhèu aae Daud karèi ne, aku nèngu na, ""Tareꞌa, èu madhe toke dꞌai mia?"""
GEN 47:9,"and he answered, the days of the pilgrimage of my life be few and evil, of an hundred and thirty years, and those or they have not come to the days of my fathers, in which they were pilgrims.","yakob dhaa, umur ja'a cangasu tèlu nguru tèu kèna, te ngaa ja'a pea boe mi ca era sa. bèi-baki ja'a sèmi èèna kahèi. ladhe pakasame dènge rèngu, na umur ja'a kura nèti rèngu. te ngaa mamuri ja'a pènu dènge j'aj'èra.","Hèia na dhaa, aku nèngu na, 'Jaꞌa pea ètu rai-haha ne, toke dꞌai èpa nguru tèlu nguru tèu. Jaꞌa pea ètu rai-haha ne, toke dꞌai bèi-baki jaꞌa dhu pea ètu rai-haha ne."
GEN 47:10,"and when jacob had blessed the king again, he went out.","hèia yakob manèngi parmisi neo lèpa. te ngaa kalua mèka nèti d'ara èmu, na manèngi hari ca tèka mi lamatua ho sèna ka hia berkat mi dhèu aae.","Ropa Yakob padꞌelo lii manèngi-mangajꞌi na mi dhèu aae, hèia laꞌe."
GEN 47:11,"forsooth joseph gave to his father and his brethren a possession in egypt, in rameses, the best soil of the earth, as pharaoh commanded;","èle èèna ka, yusuf pad'elo era pea hia a'ari na si ètu gosen, madhutu lii pua dhèu aae deo na. era èèna be'a titu kèna. ra pangare era èèna ‘rameses'. ka ama na dènge a'ari na sèra pea taruu ètu èèna.","Èle èèna ka, Yusuf hia rai aae dènge aꞌari na ètu rai Masir, sèna ka jꞌajꞌi pusaka dhu beꞌa ètu rai-haha ne, sama sèmi lii paredha ama na dènge aꞌari na ètu rai-haha ne, sèna ka jꞌajꞌi pusaka dhu beꞌa ètu rai-haha ne."
GEN 47:12,"and he fed them, and all the household of his father, and gave meats to them all.","hèia yusuf sadia nganga'a hia ama na, a'ari na, dènge ana dhèu èmu ra, aa'i-aa'i ra, nèti dhèu kapai toke d'ai ana susu.","Èle èèna ka, na pua ana-ana na, dènge isi èmu na aaꞌi-aaꞌi ra, raꞌa-rinu. Èle èèna ka, na hia dhèu aaꞌi-aaꞌi raꞌa-rinu."
GEN 47:13,"for bread failed in all the world, and hunger oppressed the land, mostly of egypt and of canaan;","taa èèna, rai manganga titu kèna, tèdhi boe nganga'a ca lamusi sa ètu mia-mia. nèti masir toke kana'an, dhèu-dhèu manganga roe ca palèpa, taga nèti ra'a-rinu heka. dhèu bisa heka sab'a ngaa-ngaa, lula manganga titu kèna.",Dhèu aaꞌi-aaꞌi ètu rai-haha ne aaꞌi-aaꞌi raꞌa-rinu aaꞌi-aaꞌi raꞌa-rinu aaꞌi-aaꞌi raꞌa-rinu aaꞌi-aaꞌi raꞌa-rinu aaꞌi-aaꞌi raꞌa-rinu aaꞌi-aaꞌi raꞌa-rinu aaꞌi-aaꞌi raꞌa-rinu aaꞌi-aaꞌi raꞌa-rinu aaꞌi-aaꞌi raꞌa-rinu aaꞌi-aaꞌi raꞌa-rinu aaꞌi-aaꞌi raꞌa-rinu.
GEN 47:14,"of which lands joseph gathered all the money for the selling of wheat, and brought it into the king's treasury.","dhèu-dhèu nèti d'ara rae-rae ètu masir, sèmi èèna kahèi dhèu-dhèu nèti d'ara rae-rae ètu kana'an, mai hèli nganga'a ètu yusuf. doi-doi dhu na sèmi sèra, na pakaboko aa'i ka, la'e tèke asa èmu dhèu aae.","Èle èèna ka, Yusuf kèpe doi aaꞌi-aaꞌi sèra, ho laꞌe asa dꞌara dꞌara èmu dhèu aae."
GEN 47:15,"and when price failed to the buyers, all egypt came to joseph, and said, give thou loaves to us; why shall we die before thee, while money faileth?","tèu èèna, èla aa'i doi dhèu masir dènge dhèu kana'an ka ra bisa heka hèli nganga'a. hèia ra mai roma iisi mi yusuf, aku rèngu na, ama wakil! hia ku ji'i nganga'a ciki la, sèna ka ji'i baku madhe manganga. te doi ji'i, èla aa'i mèu-mèu le.","Èle èèna ka, bèli-camèdꞌa dhèu Masir aaꞌi-aaꞌi mai paraga dènge Yusuf, ka ra peka, aku rèngu na, ""Sèmi neꞌe! Bèli-camèdꞌa dhèu Masir aaꞌi-aaꞌi madhe ètu madha èu, te ngaa bèli-camèdꞌa dhèu Masir aaꞌi-aaꞌi madhe!"""
GEN 47:16,"to whom he answered, bring ye your beasts, and i shall give you meats for those or them, if ye have not price.","hèia yusuf dhaa, peka na, ladhe tare'a doi miu aad'o heka, na sèmi ne'e ka la! mèti badha miu, ho pasilu dènge nganga'a.","Hèia dhèu aaꞌi-aaꞌi ra dhaa, aku nèngu na, 'Sèmi neꞌe! Ladhe miu abhu boe mèdha-panyau, na, jaꞌa hia miu mèdha-panyau sèna ka raꞌa. De ladhe miu abhu boe mèdha-panyau, na, jaꞌa hia miu mèdha-panyau sèna ka raꞌa.'"
GEN 47:17,"and when they had brought those, he gave them meats for horses, and sheep, and oxen, and asses; and he sustained them in that year for the exchange of beasts.","ka dhèu se'e mai pasilu badha ra dènge nganga'a. badha-badha sèmi jara, kahib'i-ka'ia, kahib'i-kalèbho, sapi, dènge keled'ei. lula tèu èèna, yusuf dhu moa tèke le.","Èle èèna ka, gubernur pamaꞌète doi-dhari sèra, sèna ka hia jꞌara-jꞌara ho jꞌajꞌi jara, kahibꞌi-kalèbho, dènge kahibꞌi-kalèbho. Èle èèna ka, gubernur pamaꞌète doi-dhari sèra, sèna ka hia dhèu aaꞌi-aaꞌi jꞌara-jꞌara ho jꞌajꞌi dhèu aaꞌi-aaꞌi dènge kahibꞌi-kalèbho, sèna ka jꞌajꞌi dhèu aaꞌi-aaꞌi dènge kahibꞌi-kalèbho, sèna ka dhèu aaꞌi-aaꞌi jꞌajꞌi dhèu aaꞌi-aaꞌi dènge kahibꞌi-kalèbho, sèna ka dhèu aaꞌi-aaꞌi jꞌajꞌi dhèu aaꞌi-aaꞌi dènge kahibꞌi-kalèbho."
GEN 47:18,"and they came in the second year, and said to him, we cover not from our lord, that the while money faileth, also our beasts failed altogether, neither it is hid from thee, that without bodies and land, we have nothing;","tèu mai na, rèngu mai hari sa madha yusuf, ka ra peka, ama wakil, ee! ji'i peka tare'a-re'a kèna. doi ji'i dènge badha ji'i ama pasilu aa'i-aa'i le. limuri ne'e, ji'i dènge heka ngaa-ngaa. dhu ètu ji'i dhodhoka ngi'u dènge rai ji'i di.","Èle èèna ka, dhèu sabꞌa se lèpa hari asa neꞌe. Ka ra peka dènge ne, aku rèngu na, 'Jiꞌi aaꞌi-aaꞌi mi! Jiꞌi aaꞌi-aaꞌi mi! Jiꞌi aaꞌi-aaꞌi mi! Jiꞌi aaꞌi-aaꞌi mi! Jiꞌi aaꞌi-aaꞌi mi! Jiꞌi aaꞌi-aaꞌi mi! Jiꞌi aaꞌi-aaꞌi mi! Jiꞌi aaꞌi-aaꞌi mi! Jiꞌi aaꞌi-aaꞌi mi! Jiꞌi aaꞌi-aaꞌi mi! Jiꞌi aaꞌi-aaꞌi mi! Jiꞌi aaꞌi-aaꞌi mi! Jiꞌi aaꞌi-aaꞌi mi! Jiꞌi aaꞌi-aaꞌi mi! Jiꞌi aaꞌi-aaꞌi mi!"
GEN 47:19,"why therefore shall we die, while thou seest this? both we and our land shall be thine; buy thou us into the king's servage, and give thou us seeds to sow, lest while the tiller perisheth, the land be turned into wilderness.","baku tèke eele ji'i madhe manganga. te ladhe ji'i madhe na, cee ka dhu sab'a oka-tedhe se'e? de hua iia, ama wakil more ji'i, ho j'aj'i ènu mu. aa more aa'i rai ji'i kahèi. pe, èèna na, ama hia hini ho ji'i sèla hia ama. gaji dènge kab'ua rai ji'i, ama pasilu dènge nganga'a. sad'i ji'i baku madhe manganga.","Nèti èèna ka, ama! Nga tao ka jiꞌi madhe? Jiꞌi aaꞌi-aaꞌi ètu rai-haha ne, jꞌajꞌi mi dhèu aaꞌi-aaꞌi. De èu hia jiꞌi sèmi èèna, sèna ka jiꞌi jꞌajꞌi dhèu aaꞌi-aaꞌi, ho jꞌajꞌi dhèu aaꞌi-aaꞌi mi dhèu aaꞌi-aaꞌi. De èu hia jiꞌi sèmi èèna, sèna ka jiꞌi jꞌajꞌi dhèu aaꞌi-aaꞌi, sèna ka jiꞌi jꞌajꞌi dhèu aaꞌi-aaꞌi mi dhèu aaꞌi-aaꞌi. De èu hia jiꞌi sèna ka jiꞌi jꞌajꞌi dhèu aaꞌi-aaꞌi mi dhèu aaꞌi-aaꞌi mi dhèu aaꞌi-aaꞌi mi dhèu aaꞌi-aaꞌi-aaꞌi mi dhèu aaꞌi-aaꞌi-aaꞌi."""
GEN 47:20,"therefore joseph bought all the land of egypt, while all men sold him their possessions, for the greatness of hunger; and he made it and all the peoples thereof subject to pharaoh,","lula rai manganga ae, ka dhèu masir pahie aa'i rai rèngu. nèti èèna ka, yusuf hèli nara aa'i rai ètu masir j'aj'i mi pusaka dhèu aae.","Nèti èèna ka, bèli-camèdꞌa dhèu aaꞌi-aaꞌi ètu rai Masir aaꞌi-aaꞌi ra, bèli-camèdꞌa dhèu aaꞌi-aaꞌi ra tèke eele rai Masir. Nèti èèna ka, Yusuf dedꞌe dhèu aaꞌi-aaꞌi ra jꞌajꞌi dhèu aaꞌi-aaꞌi ètu rai Masir. Nèti èèna ka, dhèu aaꞌi-aaꞌi ètu rai Masir aaꞌi-aaꞌi ra jꞌajꞌi dhèu aaꞌi-aaꞌi ra jꞌajꞌi dhèu aaꞌi-aaꞌi mi dhèu aaꞌi-aaꞌi mi dhèu aaꞌi-aaꞌi mi dhèu aaꞌi-aaꞌi mi dhèu aaꞌi-aaꞌi mi dhèu aaꞌi-aaꞌi mi dhèu aaꞌi-aaꞌi mi dhèu aaꞌi-aaꞌi mi dhèu aaꞌi-aaꞌi mi dhèu aaꞌi-aaꞌi mi dhèu aaꞌi-aaꞌi-aaꞌi."
GEN 47:21,"from the last terms of egypt till to the last ends thereof,","dènge j'ara sèmi èèna ka, dhèu masir aa'i-aa'i ra j'aj'i ènu nèti dhèu aae.","nèti dꞌara rai Masir, toke dꞌara rai Masir, sèna ka jꞌajꞌi dhèu aaꞌi-aaꞌi dhu jꞌajꞌi dhèu aaꞌi-aaꞌi ètu rai Masir, sèna ka jꞌajꞌi dhèu aaꞌi-aaꞌi dhu jꞌajꞌi dhèu aaꞌi-aaꞌi ètu rai Masir, sèna ka jꞌajꞌi dhèu aaꞌi-aaꞌi dhu jꞌajꞌi dhèu aaꞌi-aaꞌi ètu rai Masir, sèna ka jꞌajꞌi dhèu aaꞌi-aaꞌi dhu jꞌajꞌi dhèu aaꞌi-aaꞌi ètu rai Masir, sèna ka jꞌajꞌi dhèu aaꞌi-aaꞌi ètu rai Masir."
GEN 47:22,"except the land of priests, that was given of the king to them, to which priests also meats were given of the common barns, and therefore they were not compelled to sell their possessions.","dhoka rai unu ama agama sèra di, yusuf hèli nare boe, te dhèu aae hia taruu dhèu se nganga'a na. nèti èèna ka, dhèu se pahie boe rai rèngu.","Te ngaa dhèu aaꞌi-aaꞌi dhu dhèu aaꞌi-aaꞌi jꞌajꞌi dhèu aaꞌi-aaꞌi dhu dhèu aaꞌi-aaꞌi jꞌajꞌi dhèu aaꞌi-aaꞌi jꞌajꞌi dhèu aaꞌi-aaꞌi. Dhèu aaꞌi-aaꞌi jꞌajꞌi dhèu aaꞌi-aaꞌi jꞌajꞌi dhèu aaꞌi-aaꞌi. Nèti èèna ka, dhèu aaꞌi-aaꞌi jꞌajꞌi dhèu aaꞌi-aaꞌi dhu dhèu aaꞌi-aaꞌi jꞌajꞌi dhèu aaꞌi-aaꞌi jꞌajꞌi dhèu aaꞌi-aaꞌi dhu dhèu aaꞌi-aaꞌi jꞌajꞌi dhèu aaꞌi-aaꞌi jꞌajꞌi dhèu aaꞌi-aaꞌi jꞌajꞌi dhèu aaꞌi-aaꞌi jꞌajꞌi dhèu aaꞌi-aaꞌi-aaꞌi jꞌajꞌi dhèu aaꞌi-aaꞌi-aaꞌi."
GEN 47:23,"therefore joseph said to the peoples, lo! as ye see, pharaoh wieldeth both you and your land; now take ye seeds, and sow ye fields,","lod'o èèna, yusuf peka dènge ana kabarai sèra, aku nèngu na, naa! miu j'aj'i le ènu nèti dhèu aae. ja'a hèli kore aa'i le, rai miu hia dhèu aae. de mere hini se'e ho lami sèla ka mi dedha rai sèra.","Èle èèna ka, Yusuf peka dènge dhèu aaꞌi-aaꞌi sèra, aku nèngu na, ""Miu meꞌa kahèi, na, dhèu aaꞌi-aaꞌi ètu rai-haha ne jꞌajꞌi dhèu aae miu dènge rai-haha miu. Nèti èèna ka, miu pangee, na, dhèu aaꞌi-aaꞌi ètu rai-haha ne jꞌajꞌi dhèu aaꞌi-aaꞌi."
GEN 47:24,"that ye may have fruits; ye shall give the fifth part to the king; i suffer to you the four residue parts into seed, and into meats, to you, and to your free children.","ladhe miu puu-g'ètu na, bagi mi lèmi. ho ca pala hia dhèu aae. aa èpa pala sèra, miu tao hini dènge mi pake mi'a-minu dènge a'ari miu.",Sèmi èèna kahèi dènge dhèu aaꞌi-aaꞌi ra. Sèmi èèna kahèi dènge dhèu aaꞌi-aaꞌi ra. Sèmi èèna kahèi dènge dhèu aaꞌi-aaꞌi ra. Sèmi èèna kahèi dènge dhèu aaꞌi-aaꞌi ra. Sèmi èèna kahèi dènge dhèu aaꞌi-aaꞌi ra.
GEN 47:25,"which answered, our health is in thine hands; only our god behold us, and we shall joyfully serve the king.","hèia ra dhaa, aku rèngu na, ama pamamuri ji'i le, de ji'i manèngi tarima kasi. ji'i neo j'aj'i ènu nèti dhèu aae.","Hèia dhèu se dhaa, aku rèngu na, ""Èu ka dhu bisa patabuli jiꞌi nèti koasa sasala-sasigo jiꞌi. Te Ama Lamatua ka dhu padꞌelo dꞌara hua iia Na mi jiꞌi, sèna ka jiꞌi sabꞌa dènge dꞌara karejꞌe-karae, sèna ka jiꞌi jꞌajꞌi dhèu aaꞌi-aaꞌi mi dhèu aaꞌi-aaꞌi mi dhèu aaꞌi-aaꞌi mi dhèu aaꞌi-aaꞌi mi dhèu aaꞌi-aaꞌi mi dhèu aaꞌi-aaꞌi mi dhèu aaꞌi-aaꞌi mi dhèu aaꞌi-aaꞌi mi dhèu aaꞌi-aaꞌi mi dhèu aaꞌi-aaꞌi mi dhèu aaꞌi-aaꞌi mi dhèu aaꞌi-aaꞌi mi dhèu aaꞌi-aaꞌi mi dhèu aaꞌi-aaꞌi-aaꞌi mi dhèu aaꞌi-aaꞌi-aaꞌi."
GEN 47:26,"from that time till to this present day, in all the land of egypt, the fifth part is paid to the kings, and it is made as into a law, without the land of priests, that was free from this condition.","nèti èèna ka, yusuf tao madha j'ara ne'e, j'aj'i ad'a kabarai ètu masir. ladhe ra puru rare are na, ra bagi mi lèmi pala. ho ca pala rèngu hia mi dhèu aae. aa èpa pala rèngu abhu. te ngaa rai ama agama sèra, dhèu aae hèli boe. ad'a èèna, ra pake taruu.","Karèi nèti lodꞌo èèna, toke dꞌai sange neꞌe, aaꞌi-aaꞌi ètu rai Masir, dhèu aae dhèu aae dhèu aae-dhèu paredha, sèna ka jꞌajꞌi dhèu aae dhèu aae dhèu aae dhèu aae-dhèu kapai risi, sèna ka jꞌajꞌi dhèu aae-dhèu kapai risi, sèna ka jꞌajꞌi dhèu aae-dhèu kapai risi, sèna ka jꞌajꞌi dhèu aae-dhèu kapai risi, sèna ka jꞌajꞌi dhèu aae-dhèu kapai risi, sèna ka jꞌajꞌi dhèu aae-dhèu kapai risi, sèna ka jꞌajꞌi dhèu aae-dhèu kapai risi, sèna ka jꞌajꞌi dhèu aae-dhèu kapai risi."
GEN 47:27,"therefore israel dwelled in egypt, that is, in the land of goshen, and wielded it; and he was increased, and multiplied full much.","karèi nèti lod'o èèna, dhèu isra'el pea taruu ka ètu masir, ètu rai gosen. ra j'aj'i dhèu kaja, aa ana-èpu rèngu asa tabha ae.","Nèti èèna ka, dhèu Israꞌel pea ètu rai Masir, ètu rai Gosen. Ka ra jꞌajꞌi dhèu ae-ae. Hèia ra jꞌajꞌi dhèu ae-ae, aa ra jꞌajꞌi dhèu ae-ae."
GEN 47:28,and he lived therein sixteen or seventeen years; and all the days of his life were made an hundred and seven and forty years.,"ètu masir, yakob mamuri hari canguru pidhu tèu era. j'aj'i umur yakob aa'i-aa'i ra, cangasu èpa nguru pidhu tèu.","Èle èèna ka, Musa mamuri dꞌai 16-17 tèu. Nèti èèna ka, nèngu mamuri dꞌai 147 tèu."
GEN 47:29,"and when he saw the day of his death to nigh, he called his son joseph to his bed, and said to him, if i have found grace in thy sight, put thine hand under mine hip, and swear that thou shalt do mercy and truth to me, that thou bury not me in egypt;","lod'o dètu na madhe èèna, na paroa yusuf, ka na padhai lii dènge ne, aku nèngu na, ana yusuf! ja'a rasa na, mamuri ja'a madhera heka. nèbhu heka, lamatua paroa ja'a lèpa kèna. èèna ka ja'a manèngi sèna ka ladhe èu sue ja'a, èu subha sèna ka baku padhane ja'a ètu rai masir ne'e.","Ropa dꞌai lodꞌo na madhe, hèia na paroa ana na Yusuf asa dꞌara bèdho na, ka na peka, aku nèngu na, ""Ladhe èu dꞌèi dꞌara jaꞌa karejꞌe, na, èu hia ku kacui-aai èu ètu katanga madha jaꞌa, sèna ka èu dedꞌe kacui-aai èu ètu rai Masir, sèna ka èu tao sèmi èèna mi jaꞌa."
GEN 47:30,"but i shall sleep with my fathers, and take thou away me from this land, and bury me in the sepulchre of my greaters. to whom joseph answered, i shall do that that thou commandest.","èu hud'i mèti ngi'u aae ja'a, ho padhane asa era ro'a bèi-baki èdhi. ho èu padhane ja'a ètu èèna. ne'e ne, dad'èi d'ara ama. ka yusuf dhaa ne, aku nèngu na, be'a ama! ladhe dad'èi ama ku kèna, na ja'a madhutu.","Te ngaa ladhe jaꞌa madhe ètu era neꞌe, èu hudꞌi pamadhe jaꞌa ètu era neꞌe."" Hèia Yusuf dhaa, aku nèngu na, ""Jaꞌa neo tao madhutu paredha èu."""
GEN 47:31,"and israel said, therefore swear thou to me; and when joseph swore, israel turned to the head of the bed, and worshipped god.","ka yakob padhai lii hari, peka na, de ladhe sèmi èèna, èu hud'i subha uuru ku, ho ke'a na èu madhutu dad'èi ama. hèia yusuf subha madhutu dad'èi yakob. ka yakob patitu kètu urutuu ètu dedha era j'unu na, ka na manèngi makasi mi ama lamatua.","Hèia Israꞌel peka dènge Yusuf, aku nèngu na, ""Ladhe sèmi èèna, èu hudꞌi jꞌajꞌi ku dènge jaꞌa."" Hèia Yusuf jꞌajꞌi ku, ka Israꞌel kèdꞌi titu kèna, ka pahaha iisi mi Ama Lamatua."
GEN 48:1,"and so when these things were done, it was told to joseph, that his father was sick. and he took his two sons, manasseh and ephraim, and he disposed him to go.","nèbhu boe ka, dhèu lasi peka dènge yusuf na, ama na pèd'a aae. hèia la'e nèti dènge ana na, efraim dènge manase, sèna ka lasi ladhe baki ra yakob.","Èle èèna ka, Yusuf tadèngi, na, ama na pèdꞌa. Hèia na pua ana-ana na, Manase dènge Efraim, lasi asa madha èmu manèngi-mangajꞌi."
GEN 48:2,"and it was said to the eld or old man, lo! thy son joseph cometh to thee; which was comforted, and sat up in the bed.","ropa yakob tadèngi yusuf si mai le, ka na pakaseti madhèdi.","ka ra peka dènge lamatua èèna, aku rèngu na, 'Ira ii! Ana èu, Yusuf, mai laꞌe paraga dènge èu.'"
GEN 48:3,"and when joseph entered to him, he said, almighty god appeared to me in luz, which is in the land of canaan, and blessed me,","hèia na padhai lii dènge yusuf, aku nèngu na, ana yusuf, ee! ama lamatua dhu dènge koasa kapai risi na, uru èèna, na pad'elo le iisi na dènge ja'a ètu rae lus, ètu rai kana'an. ètu nèi, na moa tèke mi ja'a.","Èle èèna ka, Yusuf laꞌe paraga dènge Ama Lamatua, ka na peka, aku nèngu na, ""Ama Lamatua dhu koasa kapai ne padꞌelo jꞌara mi jaꞌa ètu Luz, ètu rai Kanaꞌan. Hèia Ama Lamatua koa-kio jaꞌa."
GEN 48:4,"and said, i shall increase thee, and multiply thee, and i shall make thee into companies of peoples, and i shall give to thee this land, and to thy seed after thee, into everlasting possession.","na padhai lii, peka na, ‘bèli-camèd'a ja'a hia ana-èpu èu j'aj'i ae, ho rèngu j'aj'i suku dhu kapai. rai ne'e ne, ja'a hia j'aj'i unu rèngu, ho j'aj'i pusaka ra toke d'ai rai-haha èle. '","Na peka dènge Ne, aku Nèngu na, 'Èèna na Jaꞌa paꞌèki le èu, sèna ka èu jꞌajꞌi dhèu ae-ae. Èèna na Jaꞌa hia èu dènge ana-èpu èu ètu rai-haha ne, sèna ka rai-haha ne jꞌajꞌi unu ra toke dꞌai mia-mia.'"
GEN 48:5,"therefore thy two sons, that be born to thee in the land of egypt, before that i came hither to thee, shall be mine; ephraim and manasseh, as reuben and simeon, shall be areckoned to me;","aa ana èu efraim dènge manase èèna, hak rèngu sèmi ne'e ka: lod'o dhu ja'a d'ai masir na, mere iisi le rèngu dua ra. masi ka sèmi èèna, ja'a tao rèngu sèmi ana d'èlu ja'a, sama sèmi ruben dènge simeon.","Nèti èèna ka, ana-ana èu dhèu dua dhu èu abhu ètu rai Masir, lodꞌo jaꞌa dꞌai mia-mia ètu rai Masir, rèngu jꞌajꞌi dhèu Jaꞌa. Èèna na Efraim dènge Manase, Ruben dènge Simeon, jꞌajꞌi dhèu Jaꞌa kahèi."
GEN 48:6,forsooth the others which thou shalt beget after them shall be thine; and they shall be called by the name of their brethren in their possessions.,"aa ladhe bèli-camèd'a èu abhu hari ana, na èèna di unu èu kèna. ja'a tao boe rèngu sèmi ana d'èlu ja'a. pe pusaka ra, rèngu abhu nèti a'a ra, efraim dènge manase.","Sèmi èèna kahèi dènge ana-èpu èu dhu jꞌajꞌi dhèu aaꞌi-aaꞌi, dhu jꞌajꞌi dhèu aaꞌi-aaꞌi ra. Dhèu aaꞌi-aaꞌi ra dhu jꞌajꞌi dhèu aaꞌi-aaꞌi ra, èèna na ra jꞌajꞌi dhèu aaꞌi-aaꞌi ra, nuka sèmi dhèu aaꞌi-aaꞌi ra dhu jꞌajꞌi dhèu aaꞌi-aaꞌi ra."
GEN 48:7,"forsooth when i came from mesopotamia, rachel was dead to me in the land of canaan, in that way; and it was the beginning of summer; and before that i entered into ephratah, and i buried her beside the way of ephratah, which by another name is called bethlehem.","ja'a tao sèmi èèna, sèna ka èdhi sanèd'e ina mu rahel. lod'o ji'i mai nèti mesopotamia asa kana'an, d'ai talora j'ara, ina mu madhe ropa nara iisi aa'i. èèna na, ji'i dètu rae efrata ètu rai kana'an. lod'o èèna, ja'a susa d'ai seli. ka ja'a padhane ne ètu sebhe j'ara la'e asa rae efrata. limuri ne, rae èèna ra gati ngara na betlehem.","Lodꞌo èèna, jaꞌa lèpa nèti Mesopotamia. Lodꞌo èèna, bèli-camèdꞌa bèli-camèdꞌa bèli-camèdꞌa. Lodꞌo èèna, jaꞌa laku asa Efrat. Ka jaꞌa padhane ne ètu sebhe jꞌara, dhu ngara na Efrat."
GEN 48:8,"forsooth jacob saw the sons of joseph, and said to him, who be these?","ropa yakob padhai lii nare sèmi èèna hèia, na boti kètu na, ladhe nèdhi ana-ana yusuf ètu èèna. hèia na karèi yusuf, aku nèngu na, se'e se, ana cee?","Ropa Yakob ladhe nèdhi ana-èpu Yusuf, hèia na karèi, aku nèngu na, ""Dhèu se, cee?"""
GEN 48:9,"he answered, they be my sons, which god gave me in this place. jacob said, bring them to me, that i bless them.","ka yusuf dhaa, se'e, ana dhu ama lamatua hia ja'a ètu masir. yakob peka hari, ladhe sèmi èèna, na hia ra mai padètu dènge ja'a, ho ja'a manèngi ama lamatua hia si mèngi-nale.","Hèia Yakob dhaa, peka na, ""Rèngu se, ana-èpu jaꞌa, dhu Ama Lamatua hia jaꞌa jꞌajꞌi mi era neꞌe."" Hèia Yakob dhaa, aku nèngu na, ""Bèli-camèdꞌa rèti ana-èpu jaꞌa ne asa neꞌe, sèna ka jaꞌa manèngi-mangajꞌi mi ana-èpu jaꞌa."""
GEN 48:10,"for the eyes of israel dimmed for great eld age, and he might not see clearly; and he kissed and embraced those children joined to him,","yakob heka le, aa musi madha na ahu le. na ladhe nèdhi be'a heka. hèia yusuf nèti ana na sèra padètu asa madha yakob, ka na liku nare si, aa na uu si dua ra.","Èle èèna ka, Musa bisa boe ladhe-leru, te ngaa bèli-camèdꞌa na, bèli-camèdꞌa rèdhi boe. Hèia laꞌe asa ana-ana sèra."
GEN 48:11,"and he said to his son, i am not defrauded of thy sight; furthermore god hath showed to me thy seed.","ka na peka dènge yusuf, aku nèngu na, nèbhu nare sange ne'e, ja'a pangee na, ja'a bisa heka kèdhi rèhu èu. te ngaa ama lamatua, tao risi eele nèti ngaa dhu ja'a ngee, toke ja'a bisa kèdhi ana-ana èu kahèi.","Èle èèna ka, lamatua na peka dènge ana na, aku nèngu na, 'Ama! Jaꞌa dꞌèi boe ètu madha èu, te ngaa Ama Lamatua padꞌelo le jꞌara mi jaꞌa, sèna ka jaꞌa bisa tadhe ana-èpu èu.'"
GEN 48:12,"and when joseph had taken them from his father's lap, he worshipped or honoured low to the earth.","hèia yusuf hari eele ana na dhèu dua sèra nèti madha yakob, ka na patitu kètu urutuu na, aa na pacud'u rèhu na d'ai rai, ètu madha ama na.","Èle èèna ka, Yusuf tèke eele ana-èpu nèti ngiꞌu ama na. Hèia na patitu kètu urutuu, ka pahaha iisi mi Ama Lamatua."
GEN 48:13,"and he set ephraim on his right side, that is, on the left side of israel; forsooth he set manasseh on his left side, that is, on the right side of his father; and he joined both to him.","èle èèna ka, yusuf kèd'i. na nare ana na dhèu dua sèra, ka na hia ra titu padètu-dètu dènge ama na. na patitu ana uuru na manase, re bèka g'ana yakob. aa ana ka dua, efraim, re bèka kariu yakob.","Èle èèna ka, Ama Lamatua pajꞌujꞌu dua ra, nuka: Efraim, ètu gꞌana Ama Lamatua, aa Manase, ètu gꞌana Ama Lamatua. Èle èèna ka, Ama Lamatua pajꞌujꞌu dua ra, nuka: Efraim, ètu gꞌana Ama Lamatua, aa Manase, ètu gꞌana Ama Lamatua."
GEN 48:14,"which held forth the right hand, and laid it on ephraim's head, the younger brother; soothly he laid his left hand on manasseh's head, that was the more through birth. jacob changed his hands,","te ngaa ropa yakob soro ai na neo manèngi mèngi-nale hia ana dua sèra, na soro ai g'ana na mi kètu efraim, aa ai kariu mi kètu manase.","Èle èèna ka, Yakob dedꞌe kacui-aai na ètu hèbꞌa ana na, Efraim. Èle èèna ka, Yakob dedꞌe kacui-aai na ètu hèbꞌa ana na, Manase. Èle èèna ka, Yakob dedꞌe kacui-aai na ètu hèbꞌa ana na, hèia na dedꞌe kacui-aai na ètu hèbꞌa ana na, Manase."
GEN 48:15,"and blessed his son joseph, and said, god, in whose sight my fathers abraham and isaac went; god that feedeth me from my young waxing age till into this present day;","ka na manèngi ama lamatua hia berkat mi yusuf, peka na, baki mu isak, dènge ama na abraham, dua ra madhutu taruu dad'èi ama lamatua. ama lamatua ladhe-leru ja'a kahèi, nèti ana ngèru toke d'ai deo ne'e ne.","Hèia na manèngi-mangajꞌi mi Yusuf, aku nèngu na, 'Ama Lamatua èèna, Ama Lamatua dhu uru èèna ama-ama jaꞌa Abraham dènge Isak madhèdi. Ama Lamatua èèna ka dhu paꞌèki dènge jaꞌa, nèti jaꞌa ana iiki toke dꞌai sange neꞌe ne."
GEN 48:16,"the angel that delivered me from all evils, bless these children, and my name be called on them, and the names of my fathers, abraham and isaac; and wax they in multitude on earth.","na pakaj'èu ja'a nèti rupa-rupa sasusa. de ja'a manèngi sèna ka na hia mèngi-nale mi ana èu se'e, dènge ana-èpu ra. aa ladhe ra manèngi-mangaj'i mi ama lamatua, ra bhèlu boe ale kolongara baki abraham, kolongara isak, aa kolongara ja'a, sèna ka ana-èpu rèngu asa bèba-kacanga, ho j'aj'i kapai ètu rai-haha ne'e.","Jaꞌa manèngi sèna ka Ama Lamatua patabuli Jaꞌa nèti jꞌajꞌèra aaꞌi-aaꞌi. Jaꞌa manèngi sèna ka Ama Lamatua patabuli ana seꞌe nèti jꞌajꞌèra aaꞌi-aaꞌi ra. Jaꞌa manèngi sèna ka Ama Lamatua paꞌèki dènge ana seꞌe, sama sèmi Ama Lamatua paꞌèki dènge bèi-baki jaꞌa, nuka Abraham dènge Isak. Ka ra jꞌajꞌi dhèu ae-ae ètu rai-haha ne."""
GEN 48:17,"forsooth joseph saw that his father had set or put his right hand on the head of ephraim, and he took that heavily, and he enforced or endeavoured him to raise his father's hand, and take it from the head of ephraim, and to bear it over upon the head of manasseh.","te ngaa ropa yusuf ladhe nèdhi ama na tao ai g'ana na mi kètu efraim, hèia kèpe nare ai ama na, ho tao sa kètu a'a na manase.","Ropa Yusuf ladhe nèdhi, na, ama na dedꞌe le kacui-aai na ètu kètu Efraim, hèia na paꞌele iie kacui-aai na ètu kètu Manase. Hèia na paꞌele iie kacui-aai ama na, sèna ka na dedꞌe kacui-aai na ètu kètu Efraim, hèia na paꞌele iie kacui-aai na ètu kètu Manase."
GEN 48:18,"and joseph said to his father, father, it accordeth not so; for this is the first begotten; set or put thy right hand on his head.","ka na peka dènge ama na, ama, ee! baku tao sèmi èèna. nèngu ne, ari efraim. nèngu ana limuri. de ai g'ana ama hud'i tao sa kètu a'a na manase. lula èèna hak ana uuru.","Te ngaa na padhai lii dènge ama na, aku nèngu na, ""Ama! Baku tao sèmi èèna! Te jaꞌa ne, ana uuru èu. Jaꞌa manèngi sèna ka Ama pajꞌujꞌu kacui-aai èu ètu hèbꞌa na."""
GEN 48:19,"which forsook to do so, and said, i know, my son, i know; and soothly this child shall be into peoples, and he shall be multiplied; but his younger brother shall be more than he, and his seed shall increase into a multitude of folks.","te ngaa ama na yakob d'èi boe. ka na peka na, ana, ee! ja'a ke'a. ladhe èèna na, manase j'aj'i èra, aa ana-èpu na tabha ae, ho j'aj'i suku kapai. te ngaa ari na efraim èèna, bèli-camèd'a kapai risi hari nèti nèngu. sèmi èèna kahèi ana-èpu na ae risi eele hari, ho ladhe èèna na, rèngu j'aj'i suku-suku dhu kapai aae.","Hèia na dhaa, aku nèngu na, ""Jaꞌa keꞌa! Jaꞌa keꞌa! Jaꞌa keꞌa kahèi, ladhe ana ne jꞌajꞌi dhèu aaꞌi-aaꞌi. Dhèu aaꞌi-aaꞌi ra jꞌajꞌi dhèu aaꞌi-aaꞌi, aa dhèu aaꞌi-aaꞌi ra jꞌajꞌi dhèu aaꞌi-aaꞌi. Dhèu aaꞌi-aaꞌi ra jꞌajꞌi dhèu aaꞌi-aaꞌi, aa dhèu aaꞌi-aaꞌi ra jꞌajꞌi dhèu aaꞌi-aaꞌi, aa dhèu aaꞌi-aaꞌi ra jꞌajꞌi dhèu aaꞌi-aaꞌi."""
GEN 48:20,"and he blessed them in that time, and said, israel shall be blessed in thee, and it shall be said, god do to thee as to ephraim and as to manasseh. and he set ephraim before manasseh;","ka na peka dènge ana se dua ra, ladhe dhèu isra'el manèngi ama lamatua ho hia mamèngi-nale mi dhèu, rèngu ale ngara miu dua mi hèi. ladhe èèna na, ra peka sèmi ne'e: ‘ji'i sanao sèna ka ama lamatua hia mamèngi-nale mi èu, sama sèmi na hia mi efraim dènge manase. ' dènge j'ara ne'e, yakob ale uuru ngara efraim nèti ngara a'a na manase.","Ètu dꞌara lodꞌo èèna, Ama Lamatua manèngi-mangajꞌi, sèna ka dhèu aaꞌi-aaꞌi jꞌajꞌi dhèu Israꞌel. Hèia Ama Lamatua manèngi-mangajꞌi, sèna ka dhèu aaꞌi-aaꞌi jꞌajꞌi dhèu aaꞌi-aaꞌi jꞌajꞌi dhèu aaꞌi-aaꞌi jꞌajꞌi dhèu aaꞌi-aaꞌi. Èle èèna ka, dhèu aaꞌi-aaꞌi jꞌajꞌi dhèu aaꞌi-aaꞌi jꞌajꞌi dhèu aaꞌi-aaꞌi jꞌajꞌi dhèu aaꞌi-aaꞌi jꞌajꞌi dhèu aaꞌi-aaꞌi. Èle èèna ka, dhèu aaꞌi-aaꞌi jꞌajꞌi dhèu aaꞌi-aaꞌi jꞌajꞌi dhèu aaꞌi-aaꞌi-aaꞌi jꞌajꞌi dhèu aaꞌi-aaꞌi-aaꞌi jꞌajꞌi dhèu aaꞌi-aaꞌi-aaꞌi."
GEN 48:21,"and jacob said to joseph, his son, lo! i die, and god shall be with you, and shall lead you again to the land of your fathers;","èle èèna, hèia yakob padhai lii dènge yusuf, peka na, ana, ee! ja'a nèbhu heka madhe. te ngaa ama lamatua dènge miu, ho èèna na nèti hari miu asa era pea-palu'u bèi-baki miu.","Èle èèna ka, Yakob peka dènge Yusuf, aku nèngu na, 'Jaꞌa madhe le. Te ngaa Ama Lamatua èèna ka dhu padꞌelo dꞌara hua iia Na mi dedha miu, sèna ka miu lèpa asa rai bèi-baki miu."
GEN 48:22,"i give to thee one part over thy brethren, which i took from the hand of amorite, in my sword and bow.","te ngaa ne'e ne, ja'a hia èu risi eele nèti a'ari èu. aa ja'a hia tabha èu, ledhe ètu rai kana'an èèna, dhu uru na ja'a kore nèti dhèu amori, lod'o ja'a segi rèngu ètu d'ara pamusu.","Jaꞌa hia èu bagian èci nèti aꞌari èu, dhu jaꞌa pake samala dènge bèla jaꞌa, sèna ka paꞌele iie ne nèti aaꞌi-aaꞌi dhèu Amor ètu dꞌara hèbꞌa dhèu seꞌe, sèna ka èu abhu bagian èci nèti aꞌari èu, dhu jaꞌa paꞌele iie nèti aaꞌi-aaꞌi dhèu Amor ètu dꞌara hèbꞌa dhèu seꞌe ne.ꞌe ne jꞌajꞌi hak èu, sèna ka èu abhu bagian èci nèti aꞌari èu, sèna ka èu abhu bagian èci nèti aꞌari èu, sèna ka èu abhu bagian èci nèti aꞌajꞌa dhèu seꞌe, sèna ka èu abhu bagian èci nèti aꞌajꞌa dhèu Ama Lamatua.ꞌa, èèna nuka sèmi èèna ka dhu jaꞌa patabuli nèti dhèu aaꞌi-aaꞌi dhèu Ama Lamatua, nèti dhèu Ama Lamatua, nèti dhèu Ama Lamatua."""
GEN 49:1,"forsooth jacob called his sons, and said to them, be ye gathered together, that i tell what things shall come to you in the last days;","hèia yakob pua ana na aa'i-aa'i ra pakaboko. ropa ra kaboko aa'i, na peka dènge si, aku nèngu na, ana ja'a aa'i-aa'i! mai padètu dènge ja'a. te ja'a neo peka dènge miu j'ara mamuri mi èci-èci lod'o limuri.","Èle èèna ka, dhèu aae Yakob paroa ana-ana na, ka laꞌe peka dènge ra, aku nèngu na, ""Mai ka, ho jaꞌa peka dènge miu jꞌara-jꞌara dhu bèli-camèdꞌa jꞌajꞌi ètu rai-haha ne."
GEN 49:2,"be ye gathered together, and hear, ye sons of jacob, hear ye israel your father.","ka na peka mema dènge ana-ana na si, aku nèngu na, sèmi ne'e, ana-ana yakob! mai titu lingu mere ja'a. mi nanene, ama miu isra'el ne, neo padhai lii.",Ana-èpu Yakob! Miu aaꞌi-aaꞌi mi dhèu aaꞌi-aaꞌi mi Israꞌel! Miu aaꞌi-aaꞌi mi pakaboko ho nanene lii padhai Jaꞌa.
GEN 49:3,"reuben, my first begotten son, thou art my strength, and the beginning of my sorrow; thou oughtest to be the former in gifts, the more in lordship;","ruben! èu ne, ana ja'a dhu uru tèka! èu ne'e tatea ja'a, dènge ai g'ana ja'a. dhèu pakab'ua risi èu.","Ruben! Èu ne, ana bèdho jaꞌa. Èu ne jꞌajꞌi dhèu aaꞌi-aaꞌi. Èu ne jꞌajꞌi ana bèdho jaꞌa. Èu ne jꞌajꞌi dhèu aaꞌi-aaꞌi dhu uru èèna jaꞌa abhu jꞌajꞌèra. De èu hudꞌi jꞌajꞌi dhèu aaꞌi-aaꞌi ètu talora aae jaꞌa, lula èu jꞌajꞌi dhèu aaꞌi-aaꞌi ètu talora aae jaꞌa. Te ngaa limuri ne, èu hudꞌi jꞌajꞌi dhèu aaꞌi-aaꞌi mi dedha jaꞌa, lula èu ne jꞌajꞌi dhèu aaꞌi-aaꞌi mi dedha jaꞌa."
GEN 49:4,"thou art shed or poured out as water; wax thou not, for thou ascend-edest or went up on the bed of thy father, and defouledest his bed.","te ngaa d'ara èu èra boe, sama sèmi rii dhasi dhu la'e-mai la'e-mai. cag'ag'a laa, èu lamu j'unu dènge dhèu èmu ja'a, ka pakaj'alu era j'unu ama èu. tatao èu èèna ka, pamanahu eele kolongara ca dhèu a'a.","Bèli-camèdꞌa Ama Lamatua paꞌèki dènge èu, èu paꞌèki dènge Ama Lamatua. Èu paꞌèki dènge Ama Lamatua. Èu paꞌèki dènge Ama Lamatua. Èu paꞌèki dènge Ama Lamatua. Èu paꞌèki dènge Ama Lamatua. Èu paꞌèki dènge Ama Lamatua. Èu paꞌèki dènge Ama Lamatua. Èu paꞌèki dènge Ama Lamatua. Èu paꞌèki dènge Ama Lamatua. Èu paꞌèki dènge Ama Lamatua. Èu paꞌèki dènge Ama Lamatua. Èu paꞌèki dènge Ama Lamatua. Èu paꞌèki dènge Ama Lamatua. Èu paꞌèki dènge Ama Lamatua. Èu paꞌèki dènge Ama Lamatua. Èu paꞌèki dènge Ama Lamatua."
GEN 49:5,"simeon and levi, brethren, fighting vessels of wickedness;","simeon dènge lewi! miu dua mi ca rupa. miu dua mi, malai titu kèna ded'e samala, ho paj'èra dhèu.","Simeon dènge Lewi, èci èèna ka dènge èci. Rèngu aaꞌi-aaꞌi ra, dhu jꞌajꞌi dhèu bhelu-katubꞌa."
GEN 49:6,"my soul come not into the counsel of them, and my glory be not in the congregation of them; for in their strong vengeance, they killed a man, and in their own will, they under-mined the wall;","ladhe miu pare pama'ète kalua haga sapi, ho ra kapod'e reo-reo ètu era, na lèke dad'èi miu kèna. aa bhabhelu miu hari, ladhe miu kadhi ngutu, na mi pamadhe dhèu. nèti èèna ka, ja'a pahae boe lii padhai lii miu. aa ja'a d'èi boe tao madha-dhilu mi lii langu miu.",Jaꞌa dꞌèi boe padhai lii dènge rèngu. Jaꞌa dꞌèi boe padedha iisi Jaꞌa ètu dꞌara dhèu ae sèra. Rèngu dꞌèi boe pamadhe dhèu. Rèngu dꞌèi boe pamadhe dhèu èci. Rèngu dꞌèi boe pamadhe dhèu èci. Rèngu dꞌèi boe pamadhe dhèu èci.
GEN 49:7,"cursed be the strong vengeance of them, for it is obstinate, and the indignation of them, for it is hard; i shall part them in jacob, and i shall scatter them in israel.","nèti èèna ka, ja'a dhoo bhelu-katub'a miu ne, te seli-kolane nga! dènge nanasa miu dhu dènge boe sasue ciki sa hèi. ladhe èèna na, miu pasae unu mi, bhelu-katub'a miu sèra. ho èèna na, lamatua ceb'e ana-èpu miu, asa g'ana asa kariu. ka ra paceb'a asa mia-mia, ètu dedha rai isra'el.","Bèli-camèdꞌa dhèu Israꞌel jꞌajꞌi dhèu kapodꞌe-kabèli, lula rèngu dꞌèlu-mèu. Bèli-camèdꞌa dhèu Israꞌel jꞌajꞌi dhèu kapodꞌe-kabèli. Bèli-camèdꞌa dhèu Israꞌel jꞌajꞌi dhèu kapodꞌe-kabèli. Bèli-camèdꞌa dhèu Israꞌel jꞌajꞌi dhèu kapodꞌe-kabèli. Bèli-camèdꞌa rèngu jꞌajꞌi dhèu kapodꞌe-kabèli. Bèli-camèdꞌa dhèu Israꞌel jꞌajꞌi dhèu kapodꞌe-kabèli."
GEN 49:8,"judah, thy brethren shall praise thee, thine hands shall be in the nolls of thine enemies; the sons of thy father shall worship thee.","yahuda! ngara èu ne, sasoa na, ‘koa-kio'. a'ari èu èèna na ra koa èu, aa ra pacud'u kètu ho pakab'ua èu. èu ne, j'èli musu èu, toke ra bisa heka doa kètu.","Dhèu aaꞌi-aaꞌi ra pakabꞌua èu. Dhèu aaꞌi-aaꞌi ra pakabꞌua èu. Dhèu aaꞌi-aaꞌi ra pahaha iisi mi èu. Dhèu aaꞌi-aaꞌi ra pahaha iisi mi èu."""
GEN 49:9,"judah, the whelp of a lion; my son, thou hast gone up to the prey; thou restedest, and hast lain as a lion, and as a lioness, who shall raise him?","èu ne, sama sèmi singa ngèru dhu èra, ho tenge nganga'a unu mu. aa èu ne, sama sèmi singa mone, dhu tèku iisi neo bhèj'i; èci sa bani boe pagagai dènge èu. èu kahèi sèmi singa rena, dhu madhenge ana; èci sa bani boe gagu. èci èèna ka dènge èu. dhèu èci sa bani boe padadisi, aa bani boe tao macam-macam mi dedha èu.","Yudas, ana singa. Èu laꞌe paraga dènge dhèu dhu neo pamadhe èu. Èu ètu dꞌara èmu èèna, sama sèmi singa. Èu ètu dꞌara èmu èèna, èci èèna ka dènge singa. Dhèu èci èèna ka dhu paꞌèki dènge èu, nuka sèmi singa bhèni dhu paꞌèki dènge dhèu aaꞌi-aaꞌi ètu dꞌara èmu èu. De ladhe èu pea ètu dꞌara èmu èèna, dhèu èci èèna ka dhu paꞌèki dènge èu aaꞌi-aaꞌi ètu dꞌara èmu èu. De ladhe èu pea ètu dꞌara èu, cee ka dhu paꞌèki dènge èu aaꞌi-aaꞌi. De ladhe èu paꞌèki dènge dhèu aaꞌi-aaꞌi ra, cee ka dhu paꞌèki dènge èu aaꞌi-aaꞌi ra ètu dꞌara èu aaꞌi-aaꞌi-aaꞌi ètu dꞌara èu aaꞌi-aaꞌi-aaꞌi-aaꞌi."
GEN 49:10,"the sceptre shall not be taken away from judah, and a duke of his hip, till he come that shall be sent, and he shall be the abiding of heathen men;","èèna na èu mèd'u paredha. ana-èpu èu oo rèd'u paredha padhutu-dhutu, toke abhu èci dhu hak nèngu risi eele nèti cahag'e, ho nèd'u paredha na. ka dhèu aa'i-aa'i ètu rai-haha ne'e, pahaha iisi ho nanene lii paredha nèngu hèi.","Te ngaa dhèu aaꞌi-aaꞌi nèti suku aaꞌi-aaꞌi dhu tadhe boe Ama Lamatua mai, bèli-camèdꞌa dhèu aaꞌi-aaꞌi nèti suku aaꞌi-aaꞌi dhu tadhe boe Ama Lamatua mai, bèli-camèdꞌa dhèu aaꞌi-aaꞌi nèti suku aaꞌi-aaꞌi dhu tadhe boe Ama Lamatua mai, bèli-camèdꞌa dhèu aaꞌi-aaꞌi dhu tadhe boe Ama Lamatua mai, bèli-camèdꞌa dhèu aaꞌi-aaꞌi ètu rai-haha ne, bèli-camèdꞌa dhèu aaꞌi-aaꞌi dhu tadhe boe Lamatua."
GEN 49:11,"and he shall tie his colt at the vinery or vineyard, and his she-ass at the vine; o! my son, he shall wash his stole in wine, and his mantle in the blood of the grape;","èèna na, èu ne mamuri dènge karej'e-karae. èu neo ngaa, na abhu. èu neo tao ngaa, na j'aj'i! aa ladhe èèna na, badha-manu, dènge isi rai nèti oka-tedhe èu, asa ae d'ai ceb'e lebhe eele hèi.","Èle èèna ka, dhèu neꞌe hia badha na ètu dꞌara oka anggor. Èle èèna ka, ana neꞌe hia badha na ètu dꞌara oka anggor. Èle èèna ka, ana neꞌe hia badha na ètu dꞌara èi anggor. Èle èèna ka, ana neꞌe hia badha na ètu dꞌara èi anggor. Èle èèna ka, ana neꞌe hia badha na ètu dꞌara èi anggor. Èle èèna ka, ana ne hia badha na ètu dꞌara èi anggor."
GEN 49:12,"his eyes be fairer than wine, and his teeth be whiter than milk.","nganga'a-nginu èu, dhu be'a hua, aa dhu èle boe.","Bèli-camèdꞌa, bèli-camèdꞌa, bèli-camèdꞌa, bèli-camèdꞌa, bèli-camèdꞌa, bèli-camèdꞌa, bèli-camèdꞌa, bèli-camèdꞌa, bèli-camèdꞌa, bèli-camèdꞌa. Bèli-camèdꞌa, bèli-camèdꞌa, bèli-camèdꞌa, bèli-camèdꞌa, bèli-camèdꞌa, bèli-camèdꞌa."
GEN 49:13,"zebulun shall dwell in the brink of the sea, and in the standing of ships; and he shall stretch till to sidon.","sebolon! rai pusaka dhu èu unu, kapai seli, nèti nebhe dhasi toke d'ai too dènge kota sidon. kapa-kapa mai nèti mia-mia ho panahu dènge be'a ètu d'ara hèb'a-namo dhasi èu.","Bèli-camèdꞌa Zebulun pea ètu sebhe dhasi, aa ètu dꞌara kapa. Bèli-camèdꞌa na pea asa Sidon."
GEN 49:14-15,"issachar, a strong ass, lying betwixt the terms, saw rest, that it was good, and saw the land, that it was best, and he underset his shoulder to bear, and he was made serving to tributes.","isaskar! èu ne, sama sèmi keled'ei dhu èra, te ngaa èu kètu hadhu papake na aad'o. ladhe èu j'unu ètu talora j'ara, dhèu èci sa bisa boe pakèd'i èu ho kako taruu. te ngaa ladhe èu mèdhi rae ètu ca bèka nèi be'a, èci sa dhae pua mèka èèna ka, mu pasae mèti le mèdha-panyau èu ho lamu. tatu èu sama sèmi èèna ka!","Lodꞌo èèna, dhèu èci, ngara na Issachar. Lodꞌo èèna, dhèu èci ètu talora rai. Ropa na ladhe nèdhi, na, rai ne beꞌa. Hèia nèdhi, na, rai ne beꞌa. Hèia na pajꞌujꞌu èmu na, hèia na jꞌajꞌi dhèu sabꞌa. Hèia na jꞌajꞌi dhèu sabꞌa."
GEN 49:16,"dan shall deem his people, as also another lineage in israel.","dan! ngara èu ne, sasoa na, ‘dhèu pama'ète lii'. aa èu ne, dènge ana-èpu èu, ladhe bèli-camèd'a pama'ète lii nèti dhèu èu isra'el sèra, dènge boe bia ca bèka.","Nèngu ka dhu pamaꞌète lii langu dhèu Israꞌel aaꞌi-aaꞌi dhu Ama Lamatua hagꞌe nare le."""
GEN 49:17,"dan be made a serpent in the way, and a cerastes, that is, an horned adder, in the path, and bite he the feet of an horse, that the rider of him fall backward;","aa èu ne, sama èci èèna ka dènge mege kaisao dhu j'unu ètu sebhe j'ara. dhèu ca'e jara ho èèna na, èu kadhi haga jara èèna nèti kabodho, toke dhèu manahu sa rai.","Èle èèna ka, Ama Lamatua peka dènge rèngu, na, ""Bèli-camèdꞌa, jaꞌa pangèdꞌu naga èci dènge kacui-aai. Bèli-camèdꞌa, sordadꞌu jꞌajꞌi sordadꞌu èèna, bèli-camèdꞌa jꞌajꞌi sordadꞌu èèna. Ladhe sordadꞌu sordadꞌu jꞌajꞌi sordadꞌu, sordadꞌu sordadꞌu èèna, bèli-camèdꞌa jꞌajꞌi sordadꞌu èèna, ka sordadꞌu jꞌajꞌi sordadꞌu èèna."""
GEN 49:18,"lord, i shall abide thine health.",o lamatua! ja'a ke'a na èu hia mamuri mi ji'i aa'i-aa'i mi.,"Lamatua, jaꞌa manèngi sèna ka èu mamuri dènge beꞌa."
GEN 49:19,"gad shall be girded, and he shall fight before him, and he shall be girded behind.","gad! ngara èu, lii na oe èci èèna ka dènge, ‘age'. ladhe èèna na, dhèu parapo mai age èu, te ngaa èu kabèli hari age si, ka mu segi si.","Bèli-camèdꞌa dhèu bhelu-katubꞌa ètu madha dhèu bhelu-katubꞌa èèna. Bèli-camèdꞌa dhèu bhelu-katubꞌa ètu madha dhèu bhelu-katubꞌa èèna, aa dhèu bhelu-katubꞌa ètu madha dhèu bhelu-katubꞌa èèna."
GEN 49:20,"asher, his bread shall be fat, and he shall give delights to kings.","aser! ladhe èèna isi rai nèti oka-tedhe èu be'a risi, d'ai èu tao koki dhu be'a bia, ka dhèu aae-dhèu kapai mai hèli ètu èu.",Bèli-camèdꞌa dhèu aae jꞌajꞌi dhèu aae-dhèu. Bèli-camèdꞌa dhèu aae jꞌajꞌi dhèu aae-dhèu.
GEN 49:21,"naphtali shall be an hart sent out, and giving speeches of fairness.","naftali! èu ne sama sèmi rusa hui, dhu dhèu èci sa ator rare boe èu. ana-ana matana èu, bhèni iia dènge mone iia.","Naftali jꞌajꞌi dhèu bhelu-katubꞌa, aa jꞌajꞌi dhèu dhu padhai lii dènge mola-mèci."
GEN 49:22,"joseph, a son increasing, a son increasing, and fair in beholding; the daughters run about on the wall,","yusuf! èu ne, sama sèmi aj'u loro dhu dètu dènge madha èi. dadana na loro asa tembok dhu dedha aae.","Yusuf, ana mone dhu jꞌajꞌi le, ana mone dhu jꞌajꞌi le, aa ana mone dhu jꞌajꞌi le, aa ana mone dhu jꞌajꞌi le, aa ana mone dhu jꞌajꞌi le, aa ana mone dhu jꞌajꞌi le. Ana mone dhu jꞌajꞌi le, aa ana mone dhu jꞌajꞌi le. Ana mone dhu jꞌajꞌi le, aa ana mone dhu jꞌajꞌi le, aa ana mone dhu jꞌajꞌi le. Ana mone dhu jꞌajꞌi le, aa ana mone dhu jꞌajꞌi le."
GEN 49:23,"but his brethren wrathed at him, and chided him, and they had darts, and had envy to him.","abhu kahèi dhèu tèka d'ara dènge èu, sama èci èèna ka, dènge musu dhu neo kataki èu.","Ropa rèngu tadèngi lii padhai Yesus, hèia aꞌari Na sèra nasa, ka ra padhai lii dènge ne, peka na, ""Ira ii! Jaꞌa tadèngi sèmi èèna! Jaꞌa tadèngi, na, dhèu aaꞌi-aaꞌi ètu rai-haha ne jꞌajꞌi dhèu aaꞌi-aaꞌi."" Rèngu tadèngi lii padhai Yesus sèmi èèna, hèia adꞌu-ue jꞌajꞌi dhèu aaꞌi-aaꞌi ra. Rèngu tadèngi sèmi èèna kahèi. Rèngu tadèngi sèmi èèna kahèi, hèia dhèu aaꞌi-aaꞌi jꞌajꞌi dhèu aaꞌi-aaꞌi ètu dꞌara aaꞌi-aaꞌi ra."
GEN 49:24,"his bow sat in the strong, that is, the lord, and the bonds of his arms and his hands were unbound by the hand of the mighty god of jacob; of him a shepherd went out, the stone of israel.","te ngaa ama lamatua dhu ja'a mangaj'i na, bera-bera dènge èu. ho na pa'èra ai èu, ka èu kataki si hari, masi ka nèti kaj'èu èèna ka. èu segi si, lula ama lamatua dhu tolong èu. mema koasa na risi aa'i ngaa-ngaa! nèti èèna ka, nèngu j'aj'i era sarai ja'a, lula nèngu na ka dhu madhenge ja'a.","Lodꞌo na madhèdi ètu dꞌara cagꞌagꞌa Lamatua. Lodꞌo na madhèdi ètu dꞌara cagꞌagꞌa Lamatua, lodꞌo na madhèdi ètu dꞌara cagꞌagꞌa Lamatua. Lodꞌo na madhèdi ètu dꞌara cagꞌagꞌa Lamatua, lodꞌo na madhèdi ètu dꞌara cagꞌagꞌa Lamatua. Lodꞌo na madhèdi ètu dꞌara cagꞌagꞌa Lamatua, lodꞌo na madhèdi ètu dꞌara cagꞌagꞌa Lamatua. Lodꞌo na madhèdi ètu dꞌara cagꞌagꞌa Lamatua, lodꞌo na madhèdi ètu dꞌara cagꞌagꞌa Lamatua. Lodꞌo na madhèdi ètu dꞌara cagꞌagꞌagꞌa Lamatua ètu dꞌara cagꞌagꞌagꞌa Lamatua."
GEN 49:25,"god of thy father shall be thine helper, and almighty god shall bless thee, with blessings of heaven from above, and with blessings of the sea lying beneath, with blessings of teats, and of the womb;","aa nèngu madhenge èu kahèi. dènge na pala-bagi hia èu mèngi-nale nèti dedha-liru, nèti rai-haha, dènge berkat ho matana ana ae-ae dhu ngi'u èra.",Jaꞌa manèngi sèna ka Ama Lamatua padꞌelo dꞌara hua iia Na mi èu. Jaꞌa manèngi sèna ka Ama Lamatua padꞌelo dꞌara hua iia Na mi èu. Jaꞌa manèngi sèna ka Ama Lamatua padꞌelo dꞌara hua iia Na mi èu. Jaꞌa manèngi sèna ka Ama Lamatua padꞌelo dꞌara hua iia Na mi èu. Jaꞌa manèngi sèna ka Ama Lamatua padꞌelo dꞌara hua iia Na mi èu. Jaꞌa manèngi sèna ka Ama Lamatua padꞌelo dꞌara hua iia Na mi èu. Jaꞌa manèngi sèna ka Ama Lamatua padꞌelo dꞌara hua iia Na mi èu.
GEN 49:26,"the blessings of thy father be comforted, that is, be better than the blessings of his fathers, till the desire of everlasting hills came; blessings be made on the head of joseph, and in the noll of nazarite, that is, holy, among his brethren.","ledhe-ledhe ra ele boe. aa mamèngi-nale dhu ja'a peka mi èu ne, dedha risi nèti ledhe aa'i-aa'i ra. sèna ka hud'i laa berkat se aa'i-aa'i sabhori asa èu, lula èu ne risi nèti a'ari èu se aa'i-aa'i si.",Jaꞌa manèngi sèna ka Ama Lamatua padꞌelo dꞌara hua iia Na mi Yusuf. Jaꞌa manèngi sèna ka Ama Lamatua padꞌelo dꞌara hua iia Na mi ana-èpu na. Jaꞌa manèngi sèna ka Ama Lamatua padꞌelo dꞌara hua iia Na mi Yusuf. Jaꞌa manèngi sèna ka Ama Lamatua padꞌelo dꞌara hua iia Na mi ana-èpu na. Jaꞌa manèngi sèna ka Ama Lamatua padꞌelo dꞌara hua iia Na mi Yusuf. Jaꞌa manèngi sèna ka Ama Lamatua padꞌelo dꞌara hua iia Na mi ana-èpu na. Jaꞌa manèngi sèna ka Ama Lamatua padꞌelo dꞌara hua iia Na mi Yusuf. Jaꞌa manèngi sèna ka Ama Lamatua padꞌelo dꞌara hua iia Na mi ana-èpu na.
GEN 49:27,"benjamin, a ravishing wolf, shall eat the prey early, and in the eventide he shall part spoils.","benyamin! babani èu sama sèmi busa hui dhu manganga. mad'ae aae era, na kèd'i le èèna, ho bata-magèla badha hui, ho j'aj'i mi nganga'a na. aa, ladhe d'ai ka mèda, la'e papala dhu sisa hia mi ana-ana nèngu. babe'a ana-èpu èu sèmi èèna kahèi.","Bèli-camèdꞌa, bèli-camèdꞌa bèli-camèdꞌa bèli-camèdꞌa, bèli-camèdꞌa bèli-camèdꞌa bèli-camèdꞌa, bèli-camèdꞌa bèli-camèdꞌa bèli-camèdꞌa, bèli-camèdꞌa bèli-camèdꞌa bèli-camèdꞌa, bèli-camèdꞌa bèli-camèdꞌa bèli-camèdꞌa, bèli-camèdꞌa bèli-camèdꞌa bèli-camèdꞌa bèli-camèdꞌa."
GEN 49:28,"all these were in the twelve kindreds of israel; their father spake these things to them, and he blessed them all by proper blessings,","sange ne'e ka, yakob peka dènge ana-ana na, tasa mera mia mamuri rèngu pala lod'o limuri, èci-èci ka dènge ana-èpu rèngu. rèngu aa'i-aa'i se'e ka, j'aj'i mi bèi-baki nèti canguru dua suku dhèu isra'el.","Rèngu aaꞌi-aaꞌi se, mai nèti canguru dua suku Israꞌel. Èle èèna ka, Ama Lamatua padhai lii dènge si, sèna ka manèngi-mangajꞌi mi dhèu aaꞌi-aaꞌi sèra. Hèia Ama Lamatua manèngi-mangajꞌi mi dhèu aaꞌi-aaꞌi se, sèna ka manèngi-mangajꞌi mi dhèu aaꞌi-aaꞌi se."
GEN 49:29-30,"and he commanded to them, and said, i am soon to be gathered to my people; bury ye me with my fathers in the double den, that is in the land of ephron the hittite, that is, in the den in the field at machpelah, against mamre, in the land of canaan, which den abraham bought with the field of ephron the hittite, into possession of a sepulchre.","èle èèna ka, yakob manèngi sèna ka ana-ana na pajaji mema, peka na, nèbhu heka, ja'a madhe. ladhe bèli-camèd'a ja'a madhe, na miu hud'i padhane ku ja'a asa d'ara ro'a baki ku abraham. ro'a ne, ètu d'ara loe padètu dènge rae makpela, dènge mamre ètu rai kana'an. uru na baki abraham ka dhu hèli loe dènge oka na, ho j'aj'i mi era ro'a nèngu. na hèli pama'ète nèti dhèu suku het, ngara na efron.","Hèia na paredha si, aku nèngu na, ""Jaꞌa lèpa hari asa dhèu-dhèu jaꞌa. Miu hudꞌi padhane jaꞌa ètu dꞌara roꞌa èci, dhu Abraham hia le nèti roꞌa èci, nèti rae Efron nèti rae Het, ètu rai Mamre, ètu rai Kanaꞌan. Ètu neꞌe, abhu roꞌa èci èèna ka dènge bèi-baki jaꞌa. Nèti èèna ka, miu padhane jaꞌa ètu dꞌara roꞌa èci, èci èèna ka dènge bèi-baki jaꞌa. Nèti èèna ka, miu padhane jaꞌa ètu dꞌara roꞌa èci, èci èèna ka dènge rae Efron nèti rae Het."""
GEN 49:31,"there they buried him, and sarah his wife; also isaac was buried there, with rebecca his wife; there also leah lieth buried.","ètu era èèna, ra padhane baki èdhi abraham dènge bèi èdhi sara; ama ja'a isak dènge ina ku ribka ètu èèna kahèi. de èèna na, miu hud'i padhane ja'a mi era èèna, ètu sebhe ro'a dhèu èmu ja'a lea.","Ètu era neꞌe, ra padhane Isak dènge dhèu èmu na Sara. Ètu era neꞌe, ra padhane Ribka, dhèu èmu na. Aa ètu era neꞌe, ra padhane dhèu èmu na Sara kahèi."
GEN 49:32,this verse is omitted in the original text.,"de mage mi bhèlu, padhane ja'a ètu d'ara loe dhu baki abraham ku hèli nare èèna.",this verse is omitted in the original text. [Mèci-Mèci
GEN 49:33,"and when the behests were ended, by which he taught his sons, he gathered together his feet on the bed, and died, and he was put to his people.","yakob padhai lii nare sèmi èèna, na bhèj'i dènge ka ètu dedha koi na, hèia na madhe dènge ka.","Èle èèna ka, dhèu aaꞌi-aaꞌi reꞌa, na, dhèu aaꞌi-aaꞌi ètu dꞌara èmu-kamali ra. Hèia na madhe. Hèia dhèu aaꞌi-aaꞌi reꞌa, na, dhèu aaꞌi-aaꞌi ètu dꞌara èmu-kamali dhèu aaꞌi-aaꞌi ètu dꞌara èmu-kamali ra, sèna ka dhèu aaꞌi-aaꞌi reꞌa, na, dhèu aaꞌi-aaꞌi reꞌa, na, dhèu aaꞌi-aaꞌi ètu dꞌara èmu-kamali dhèu aaꞌi-aaꞌi ètu dꞌara èmu-kamali ra, hèia dhèu aaꞌi-aaꞌi ètu dꞌara èmu-kamali ra madhe."
GEN 50:1,"which thing joseph saw, and he fell on his father's face, and wept, and kissed him;","hèia yusuf liku nare ama na, ka na tangi. na uu ama na pèri-pèri hari.","Ropa Yusuf ladhe nèdhi sèmi èèna, hèia na patitu kètu urutuu ètu madha ama na. Hèia na tangi, ka na lii dènge ama na."
GEN 50:2,"and he commanded his servants, leeches, that they should anoint his father with sweet smelling spiceries.","ka na paredha dhèu dhu tuka urus dhèu madhe mai lalau ngi'u aae ama na dènge bubhu-bubhu, sèna ka baku ele iie.","Èle èèna ka, dhèu aae paredha dhèu sabꞌa na sèra, peka na, ""Lami manèngi mi ama na, sèna ka rèti mèngi-nale èi mèngi-nale èi mèngi-nale èi mèngi-nale èi mèngi-nale èi mèngi-nale èi mèngi-nale èi mèngi-nale èi mèngi-nale èi mèngi-nale èi mèngi-nale èi mèngi-nale èi mèngi-nale èi mèngi-nale èi mèngi-nale èi mèngi-nale èi mèngi-nale èi mèngi-nale èi mèngi-nale èi mèngi-nale èi mèngi-nale èi mèngi-nale èi mèngi-nale èi mèngi-nale."""
GEN 50:3,"while they fulfilled his behests, forty days passed, for this was the custom of dead bodies that were anointed; and egypt bewept him seventy days.","sasab'a tuka lalau ngi'u aae ama na, d'ai èpa nguru lod'o, madhutu j'ara sasab'a rèngu. dhèu masir aa'i-aa'i madhutu tangi kahèi mamadhe yakob ne'e. ra beke pidhu nguru lod'o, tao sèmi dhèu kapai rèngu madhe.","Nèti èèna ka, dhèu madhe ètu dꞌara jꞌara mamuri dhèu madhe, dhèu aaꞌi-aaꞌi dꞌai èpa nguru tèu lodꞌo. Nèti èèna ka, dhèu aaꞌi-aaꞌi nèti Masir dꞌai èpa nguru tèu lodꞌo. Ka dhèu aaꞌi-aaꞌi tèke eele dhèu madhe ètu dꞌara jꞌara mamuri dhèu madhe, sèna ka dhèu aaꞌi-aaꞌi reꞌa mèu-mèu dhèu madhe ètu dꞌara jꞌara mamuri dhèu madhe ètu dꞌara jꞌara mamuri dhèu aaꞌi-aaꞌi ètu dꞌara jꞌara mamuri dhèu aaꞌi-aaꞌi ètu dꞌara jꞌara mamuri dhèu aaꞌi-aaꞌi."
GEN 50:4,"and when the time of wailing was fulfilled, joseph spake to the meine of pharaoh, if i have found grace in your sight, speak ye in the ears of pharaoh;","èle beke pidhu nguru lod'o, hèia yusuf peka dènge dhèu sab'a na sèra, mi nanene! mèti ku lii ja'a ne asa dhèu aae, peka sèmi ne'e:","Èle èèna ka, Yusuf padhai lii dènge dhèu aae rèngu, aku nèngu na, 'Ladhe miu pangee, na, jaꞌa ne dhèu unu Ama Lamatua, na, jaꞌa ne dhèu unu Ama Lamatua."
GEN 50:5,"for my father charged me with an oath, and said, lo! i die; thou shalt bury me in my sepulchre which i digged to me in the land of canaan; therefore i shall go up that i bury my father, and i shall turn again.","‘lod'o ama ku oe madhe, na moa sèna ka ja'a laku padhane ne asa rai kana'an. de ja'a manèngi ho ama dhèu aae hia ja'a ijin laku padhane ama ku. ladhe èle na, ja'a lèpa hari mai. '","Nèti èèna ka, ama ku paredha jaꞌa, peka na, 'Ladhe jaꞌa madhe, èu hudꞌi padhane jaꞌa ètu dꞌara roꞌa jaꞌa dhu jaꞌa pakarèi ètu rai Kanaꞌan. De jaꞌa neo kèdꞌi laꞌe padhane ama ku. Èle èèna ka, jaꞌa lèpa hari mai.'"
GEN 50:6,"and pharaoh said to him, go up, and bury thy father, as thou art charged.","ropa tadèngi, hèia dhèu aae dhaa, peka na, ladhe èu dhu moa le mi ama mu sèmi èèna na, lamu ho padhane ne ètu nèi.","Hèia dhèu aae paredha ne, aku nèngu na, ""Lamu laꞌe padhane ama mu, sèna ka madhutu paredha Ama Lamatua."""
GEN 50:7,"and when joseph went up, all the elder men of the household of pharaoh went with him, and all the greater men in birth of the land of egypt;","ka yusuf pakèd'i ka, la'e padhane ama na. dhèu ae madhutu lasi dènge ne kahèi. sèmi kapala urusan nèti dhèu aae, dènge dhèu kapai aa'i-aa'i nèti masir.","Èle èèna ka, Yusuf laꞌe. Dhèu aae-dhèu kapai nèti dꞌara èmu dhèu aae dhèu aae dꞌèlu-mèu, aa aaꞌi-aaꞌi nèti dhèu aae Masir aaꞌi-aaꞌi, mai dènge ne."
GEN 50:8,"and all the household of joseph with their brethren, without little children, and flocks, and great beasts, which they left in the land of goshen, went with him.","a'ari yusuf dènge dhèu-dhèu sab'a ra aa'i-aa'i, lasi padhane yakob. dhu ata ètu gosen dhoka dhèu èmu ra, ana iiki, dènge badha-manu ra di.","Hèia Yusuf laꞌe dènge aꞌari na aaꞌi-aaꞌi ra aaꞌi-aaꞌi ra. Rèngu tèke eele kahibꞌi-kalèbho, dènge kahibꞌi-kalèbho, dènge kahibꞌi-kalèbho, aa aaꞌi-aaꞌi ra ètu rai Gosen."
GEN 50:9,"and he had chariots, and horse-men, and fellowship with him, and the company was made not little.","sordad'u ae madhutu kahèi. cahag'e ca'e kareta, aa cahag'e hari ca'e jara. taga dhèu dhu madhutu na, ae d'ai seli, nèti èèna ka, rombongan dhu rèti dhèu madhe ne, madhera titu kèna.",Rèngu aaꞌi-aaꞌi ra jꞌajꞌi sordadꞌu dènge sordadꞌu. Rèngu aaꞌi-aaꞌi ra jꞌajꞌi sordadꞌu aaꞌi-aaꞌi ra. Rèngu aaꞌi-aaꞌi ra jꞌajꞌi sordadꞌu aaꞌi-aaꞌi ra. Rèngu aaꞌi-aaꞌi ra jꞌajꞌi sordadꞌu aaꞌi-aaꞌi ra. Rèngu aaꞌi-aaꞌi ra jꞌajꞌi sordadꞌu aaꞌi-aaꞌi ra jꞌajꞌi sordadꞌu aaꞌi-aaꞌi ra. Rèngu aaꞌi-aaꞌi ra jꞌajꞌi sordadꞌu aaꞌi-aaꞌi ra jꞌajꞌi sordadꞌu aaꞌi-aaꞌi ra.
GEN 50:10,"and they came to the cornfloor of atad, which is set over jordan, where they made the service of the dead body, with great wailing and strong, and filled seven days.","rèngu lasi, ka ra pège loko yarden ètu era èci, ngara na atad. era ne'e, dhèu biasa mai j'èli are. d'ai era ne'e, yusuf si tangi mamadhe ama na. aa ra beke hari pidhu mèda.","Èle èèna ka, rèngu dꞌai cabèka loko Yarden. Ètu era neꞌe, rèngu paraga dènge dhèu madhe sèra. Ètu era neꞌe, rèngu paraga dènge dhèu bhelu-katubꞌa sèra. Hèia ra tangi dhèu bhelu-katubꞌa ètu era neꞌe, toke dꞌai pidhu lodꞌo."
GEN 50:11,"and when the dwellers of the land of canaan had seen this, they said, this is a time of great wailing to the egyptians; therefore they called the name of that place the wailing of egypt.","ropa dhèu kana'an ètu sèra, ladhe na ra j'èra ae titu kèna, hèia ra papeka, aku rèngu na, we! miu laladhe ku laa! babeke mamadhe dhèu masir se, ra susa bia nga! j'ara tatangi rèngu sèmi nèi ni ka. nèti èèna ka, ra pangare era èèna, ngara na abel-misraim. sasoa na, ‘sasusa dhèu masir'.","Ropa dhèu Kanaan ladhe rèdhi jꞌajꞌèra ne, hèia ra peka, aku rèngu na, ""Dhèu Masir aaꞌi-aaꞌi dꞌèlu-mèu jꞌajꞌèra ne."" Nèti èèna ka, ra pangare ne, 'Jꞌajꞌèra ne, dꞌèlu-mèu dꞌèlu-mèu.'"
GEN 50:12,"therefore the sons of jacob did, as he had commanded to them;","hèia ana-ana yakob se, tao madhutu sèmi lii moa rèngu uru na.","Èle èèna ka, ana-èpu Yakob tao madhutu lii padhai Na."
GEN 50:13,"and they bare him into the land of canaan, and they buried him in the double den, which den with the field abraham had bought of ephron the hittite, against the face of mamre, into possession of a sepulchre.","ka nedhe rèti ngi'u aae yakob na, lasi padhane asa d'ara loe dhu padètu dènge rae makpela dènge mamre. abraham hèli nare era ne'e nèti dhèu suku het, ngara na efron, ho j'aj'i mi era udhu rui rèngu.","Èle èèna ka, dhèu pèri-pèri rèti ngiꞌu na asa rai Kanaꞌan. Èle èèna ka, ra padhane ne ètu dꞌara roꞌa èci dènge roꞌa èci, dhu Abraham hia nèti dhèu nèti rae Efron, ca dhèu nèti rae Het. Ra padhane ne ètu sebhe Mamre."
GEN 50:14,"and joseph turned again into egypt with his brethren and all the fellowship, when his father was buried.","yusuf padhane nare ama na, hèia nèngu dènge a'ari na lèpa hari asa masir. sama-sama dènge dhèu leo dhu madhutu sèra.","Èle èèna ka, Yusuf dènge aꞌari na dènge aꞌari na aaꞌi-aaꞌi ra lèpa asa rai Masir. Èle èèna ka, ra padhane ama na."
GEN 50:15,"and when their father was dead, the brethren of joseph dreaded, and spake together, lest peradventure he be mindful of the wrong which he suffered, and yield to us all the evil, that we did.","ropa rèngu d'ai masir, a'a yusuf se mulai madha'u. lula ama rèngu aad'o heka, ka ra papeka, aku rèngu na, we! ta pangee ku la! sèmi yusuf tèka d'ara dènge èdhi era, ho na b'ala tatao karehe èdhi mi nèngu uru èèna, na èdhi tasamia?","Èle èèna ka, ropa ama ra madhe, aꞌari Yusuf madhaꞌu dènge rèngu. Ka ra padhai lii, peka na, ""Èdhi tao jꞌara-jꞌara bhelu-katubꞌa, te ngaa èdhi tao jꞌara-jꞌara bhelu-katubꞌa sèmi èèna. De ladhe èdhi tao jꞌara-jꞌara bhelu-katubꞌa, na, èdhi tao jꞌara-jꞌara bhelu-katubꞌa èèna, na, èdhi tao jꞌara-jꞌara bhelu-katubꞌa èèna ka, na, èdhi tao jꞌara-jꞌara bhelu-katubꞌa èèna ka, na, èdhi tao jꞌara-jꞌara bhelu-katubꞌa èèna ka, èdhi tao jꞌara-jꞌara bhelu-katubꞌa."""
GEN 50:16,"and they sent to him, and said, thy father commanded to us, before that he died,","hèia rare lii èci, ka ra hia lii la'e asa yusuf, peka na, ama wakil. ji'i sanèd'e era, lod'o ama èdhi mamuri era, na pua ji'i","Hèia ra pua dhèu lasi peka dènge ne, aku rèngu na, 'Madhutu ama mu madhe, na, jiꞌi abhu jꞌara aaꞌi-aaꞌi dhu uru èèna jiꞌi manèngi sèna ka jꞌajꞌi dhèu aaꞌi-aaꞌi."
GEN 50:17,"that we should say to thee these things by his words; i beseech thee, that thou forget the wickedness of thy brethren, and the sin, and the malice that they haunted against thee; also we pray thee, that thou forgive this wickedness which we did to thy father, the servant of god. when these things were heard, joseph wept.","ho padhai lii dènge ama wakil, peka na, ‘yusuf hud'i bhabhèlu eele ka sasala a'a na si. lula uru na ra paj'èra ne. ' ji'i nge'a kahèi ama èdhi ne, karèi nèti uru ka mai, na mangaj'i dhoka mi ama lamatua di. ji'i kahèi j'aj'i ana pajuu lamatua. nèti èèna ka, ji'i mai manèngi abho, lula uru na ji'i paj'èra le, ama wakil. ropa tadèngi lii ne'e, hèia yusuf tangi.","Jaꞌa manèngi sèna ka jiꞌi peka dènge èu jꞌara-jꞌara seꞌe, sèna ka èu bhèlu eele sasala aꞌari èu sèra, aa dꞌara ra tao sala mi èu. Jaꞌa manèngi kahèi sèna ka èu saku eele sasala jiꞌi dhu jiꞌi tao mi ama èu, dhèu aaꞌi-aaꞌi nèti Ama Lamatua."" Ropa Yusuf tadèngi sèmi èèna, hèia na tangi."
GEN 50:18,"and his brethren came to him, and worshipped low to the earth, and said, we be thy servants.","èle èèna ka, a'a na si mai unu ra, ka patitu kètu urutuu ètu madha na. hèia ra padhai lii, peka na, hud'i laa ama tao ji'i j'aj'i ènu ama.","Èle èèna ka, aꞌari na mai patitu kètu urutuu rèngu. Ka ra patitu kètu urutuu, peka na, ""Ama! Jiꞌi se dhèu sabꞌa èu!"""
GEN 50:19,"to which he answered, do not ye dread; whether we may against-stand god's will?","te ngaa yusuf padhai lii dènge ra, miu se a'a ja'a! miu baku madha'u ia ka! dhoka ama lamatua di, dhu dènge hak hia huku mi dhèu. te ja'a ne, aad'o.","Te ngaa dhèu aae Yahudi sèra dhaa, aku nèngu na, ""Miu baku madhaꞌu! Te ladhe èdhi tao madhutu dadꞌèi Ama Lamatua, na, èdhi bisa boe tao sèmi èèna, do?"""
GEN 50:20,"ye thought evil of me, and god turned it into good, that he should enhance me, as ye see in this present time, and that he should make safe many peoples;","mema tare'a, uru na miu mere lii èci, ho neo paj'èra ja'a. te ngaa ama lamatua ka dhu ub'a eele tatao miu dhu karehe èèna, j'aj'i mi babe'a. nèti èèna ka, na ded'e ja'a j'aj'i dhèu kapai ètu ne'e, sèna ka dhèu ae abhu mamuri dènge karej'e.","Miu pangee, na, jaꞌa jꞌajꞌi dhèu bhelu-katubꞌa, te ngaa Ama Lamatua tao jaꞌa jꞌajꞌi dhèu bhelu-katubꞌa. Nèti èèna ka, Ama Lamatua tao jaꞌa jꞌajꞌi dhèu bhelu-katubꞌa, aa jꞌajꞌi dhèu rai-haha."
GEN 50:21,"do not ye dread, i shall feed you and your little children. and he comforted them, and spake sweetly and lightly to them;","nèti èèna ka, ja'a peka dènge miu kèna! baku madha'u ia ka. ja'a pamoa dènge miu se, èèna na, ladhe-leru miu, dènge ana-èpu miu aa'i-aa'i ra. dènge lii padhai lii sèmi ne'e ne, yusuf pa'èra hari d'ara a'a na si.","Miu baku madhaꞌu. Jaꞌa ka dhu paꞌèki dènge miu dènge ana-ana miu aaꞌi-aaꞌi."" Hèia na padhai lii dènge si, peka na, ""Sèmi neꞌe! Jaꞌa ka dhu paꞌèki dènge miu dènge ana-ana miu aaꞌi-aaꞌi."""
GEN 50:22,"and joseph dwelled in egypt, with all the house of his father. and he lived an hundred and ten years,","èle èèna ka, yusuf pea taruu ètu rai masir, dènge a'ari na si, aa'i-aa'i ra. nèngu mamuri d'ai cangasu canguru tèu.","Èle èèna ka, Yusuf pea ètu rai Masir, dènge isi èmu na aaꞌi-aaꞌi ra."
GEN 50:23,"and he saw the sons of ephraim till to the third generation; also the sons of machir, the son of manasseh, were borne in the knees of joseph.","nèngu d'ai hari nèdhi ana-èpu efraim kahèi. aa na leru èpu manase, nuka ana-ana nèti makir.","Èle èèna ka, Yusuf ladhe nèdhi ana-èpu Efraim, toke dꞌai tèlu rai-haha. Ana-èpu Makir, dhèu nèti Manase, jꞌajꞌi ana-èpu Yusuf."
GEN 50:24,"when these things were done, joseph spake to his brethren, after my death god shall visit you, and he shall make you to go up from this land to the land which he swore to abraham, isaac, and jacob.","yusuf peka mi a'a na si, aku nèngu na, a'a ku si ee! ja'a rasa na mamadhe ja'a dètu le! te ngaa ja'a parcaya, ama lamatua tatu ladhe-leru miu. bèli-camèd'a nèngu ka dhu lere miu kalua nèti rai ne'e. nèngu kahèi dhu nèti hari miu lèpa asa rai dhu na padhadha le pake lii subha, ho hia mi baki èdhi abraham, isak dènge ama èdhi yakob.","Èle èèna ka, Yusuf peka dènge aꞌari na, aku nèngu na, 'Ladhe Jaꞌa madhe, bèli-camèdꞌa Ama Lamatua pajꞌujꞌu miu. Èle èèna ka, Lamatua hia miu jꞌajꞌi nèti rai neꞌe, lasi asa rai dhu Na pajaji hia Abraham, Isak, dènge Yakob."
GEN 50:25,"and when joseph had charged them with an oath, and had said, god shall visit you, bear ye out with you my bones from this place;","ka yusuf manèngi mi a'ari na si, sèna ka ra subha, peka na, miu hud'i jaji ku mi dedha ja'a. ladhe lod'o d'ai ama lamatua nèti hari miu asa rai kana'an, miu hud'i mèti ngi'u aae ja'a asa nèi.","Èle èèna ka, Yusuf subha si, aku nèngu na, ""Ladhe Ama Lamatua padꞌelo dꞌara hua iia Na mi miu, na, miu hudꞌi tèke eele ku ngiꞌu jaꞌa nèti era neꞌe."
GEN 50:26,"he died, when an hundred and ten years of his life were filled; and he was anointed with sweet smelling spiceries, and he was kept in a bier in egypt.","èle èèna ka, yusuf madhe ètu masir, dènge umur nèngu cangasu canguru tèu. hèia ra tao bubhu mi ngi'u aae na. ka ra tao asa d'ara kopa.","Èle èèna ka, Musa madhe. Nèti èèna ka, rèngu madhe, toke dꞌai mia canguru tèu. Hèia ra pajꞌujꞌu ne dènge hèbꞌa mèngi-mèngi. Hèia ra kèpe ne ètu dꞌara bèdho ètu rai Masir."
