verse,source_text,target_text,pred_text
GEN 1:1,"in the beginning, god created the heavens and the earth.","uru-uru tèka, ama lamatua paj'aj'i dedha-liru dènge rai-haha.","Uru-uru sèra, Ama Lamatua pajꞌajꞌi dedha-liru dènge rai-haha."
GEN 1:2,the earth was without form and empty. darkness was upon the surface of the deep. the spirit of god was moving above the surface of the waters.,"lod'o rai-haha j'aj'i mèka, aa'i-aa'i dhae mèci mèka. dhu abhu, èi. aa maroga aatu-aatu saguru nare ne. ka roh lamatua lela ètu dedha èi èèna.","Dhèu aaꞌi-aaꞌi ètu rai-haha ne, ètu rai-haha ne, ètu rai-haha ne, ètu rai-haha ne, ètu rai-haha ne, ètu rai-haha ne, ètu rai-haha ne, ètu rai-haha ne, ètu rai-haha ne, ètu rai-haha ne, ètu rai-haha ne, ètu rai-haha ne, ètu rai-haha ne, ètu rai-haha ne, ètu rai-haha ne, ètu rai-haha ne, ètu rai-haha ne, ètu rai-haha ne, ètu rai-haha ne, ètu rai-haha ne, ètu rai-haha ne, ètu rai-haha ne, ètu rai-haha ne, ètu rai-haha ne."
GEN 1:3,"god said, let there be light, and there was light.","hèia ama lamatua peka, hud'i ku dènge saraa. ropa peka nare sèmi ne'e, ka saraa j'aj'i dènge ka.","Èle èèna ka, Ama Lamatua peka, aku Nèngu na, ""Hudꞌi laa!"" Ka dhèu aaꞌi-aaꞌi reꞌa, na, ""Hudꞌi laa!"" Èle èèna ka, dhèu aaꞌi-aaꞌi reꞌa, na, ""Hudꞌi laa!"""
GEN 1:4,"god saw the light, that it was good. he divided the light from the darkness.","ropa nèdhi saraa ne, d'ara na karej'e, lula ngaa dhu na ad'u, mema be'a. hèia na hag'e eele saraa nèti maroga, sèna ka èci-èci ka dènge taa na.","Èle èèna ka, Ama Lamatua ladhe nèdhi, na, saraa ne beꞌa. Hèia Ama Lamatua padꞌelo jꞌara èci dènge saraa."
GEN 1:5,"god called the light day, and the darkness he called night. this was evening and morning, the first day.","ka pangare saraa ne ‘mèu', aa maroga na ‘mèda'. ne'e ne, lod'o ka èci kèna.","Èle èèna ka, Ama Lamatua pajꞌujꞌu aaꞌi-aaꞌi ra. Ka Ama Lamatua pajꞌujꞌu aaꞌi-aaꞌi ra, jꞌajꞌi mèu-mèu. Aa Ama Lamatua pajꞌujꞌu aaꞌi-aaꞌi ra, jꞌajꞌi mèu-mèu. Aa Ama Lamatua pajꞌujꞌu aaꞌi-aaꞌi ra, jꞌajꞌi mèu-mèu. Aa Ama Lamatua pajꞌujꞌu aaꞌi-aaꞌi ra, jꞌajꞌi mèu-mèu. Aa Ama Lamatua pajꞌujꞌu aaꞌi-aaꞌi ra, jꞌajꞌi mèu-mèu."
GEN 1:6-7,"god said, let there be an expanse between the waters, and let it divide the waters from the waters. god made the expanse and divided the waters which were under the expanse from the waters which were above the expanse. it was so.","hèia ama lamatua lii hari, na peka, hud'i dènge ku era talele, sèna ka hag'e eele èi. nèti èèna ka, èi re dedha, aa abhu kahèi èi re haha. ropa peka nare sèmi èèna, hèia èi b'agi dènge mi dua.","Èle èèna ka, Ama Lamatua peka, aku Nèngu na, ""Beꞌa risi ètu talora aae, sèna ka jꞌajꞌi èci dènge èci."" Hèia Ama Lamatua pajꞌajꞌi ètu talora aae, sèna ka jꞌajꞌi èci dènge èci. Ka jꞌajꞌi sèmi èèna kahèi."
GEN 1:8,"god called the expanse sky. this was evening and morning, the second day.","ka na pangare èi re dedha na, ‘liru'. ne'e ne, lod'o ka dua kèna.","Èle èèna ka, bèli-camèdꞌa dhèu aaꞌi-aaꞌi ètu rai-haha ne jꞌajꞌi mèu-mèu, aa bèli-camèdꞌa dhèu aaꞌi-aaꞌi ètu rai-haha ne jꞌajꞌi mèu-mèu, aa bèli-camèdꞌa dhèu aaꞌi-aaꞌi ètu rai-haha ne jꞌajꞌi mèu-mèu."
GEN 1:9,"god said, let the waters under the sky be gathered together to one place, and let the dry land appear. it was so.","hèia ama lamatua peka hari, aku nèngu na, èi re haha hud'i pakaboko ku mi ca era, sèna ka abhu rai kamango. ropa padhai lii nare sèmi ne'e, j'aj'i dènge ka rai mango.","Èle èèna ka, Ama Lamatua peka dènge dhèu aaꞌi-aaꞌi sèra, aku Nèngu na, ""Dhèu aaꞌi-aaꞌi dhu ètu dedha-liru jꞌajꞌi ètu era èci, sèna ka jꞌajꞌi ètu rai-haha."" Hèia jꞌajꞌi sèmi èèna."
GEN 1:10,"god called the dry land earth, and the gathered waters he called seas. he saw that it was good.","ka era rai mango, na pangare na ‘rai-dedha'; aa era èi dhu kaboko èèna, na pangare na ‘dhasi'. ropa nèdhi aa'i-aa'i ne, d'ara na karej'e, lula ngaa dhu na ad'u, mema be'a.","Èle èèna ka, Ama Lamatua pangare rai-haha ne, ""Dhu rai-haha ne, rai-haha ne."" Hèia Ama Lamatua pangare rai-haha ne, ""Dhu rai-haha ne, rai-haha ne, beꞌa."" Hèia Ama Lamatua pangare rai-haha ne, ""Dhu rai-haha ne, rai-haha ne."""
GEN 1:11,"god said, let the earth sprout vegetation: plants yielding seed and fruit trees bearing fruit whose seed is in the fruit, each according to its own kind. it was so.","ka ama lamatua lii hari, peka na, rai hud'i pamamuri ku rupa-rupa ana aaj'u. sèna ka abhu aj'u dhu hua, dhu dènge lamusi, aa dhu dènge rèu mangèru. sèna ka aj'u-aj'u se, hua-hela madhutu rupa rèngu. ropa padhai lii nare sèmi ne'e, j'aj'i dènge ka ana aaj'u aa'i-aa'i ra.","Èle èèna ka, Ama Lamatua peka dènge dhèu aaꞌi-aaꞌi sèra, aku Nèngu na, ""Dhèu aaꞌi-aaꞌi sèra jꞌajꞌi rupa-rupa hua-hela ètu rai-haha. Aa ajꞌu aaꞌi-aaꞌi sèra jꞌajꞌi rupa-rupa hua-hela ètu rai-haha. Aa ajꞌu aaꞌi-aaꞌi sèra jꞌajꞌi rupa-rupa hua-hela ètu rai-haha."" Hèia jꞌajꞌi sèmi èèna."
GEN 1:12,"the earth produced vegetation, plants producing seed after their kind, and trees bearing fruit whose seed was in it, after their kind. god saw that it was good.","ètu dedha-rai, ana aaj'u se hua-hela ka madhutu rupa rèngu. ropa nèdhi aa'i-aa'i se, d'ara na karej'e, lula ngaa dhu na ad'u, mema be'a.","Èle èèna ka, dhèu aaꞌi-aaꞌi ètu rai-haha, aaꞌi-aaꞌi ètu rai-haha ne, aaꞌi-aaꞌi ètu rai-haha ne, aaꞌi-aaꞌi ètu rai-haha ne, aaꞌi-aaꞌi ètu rai-haha ne, aaꞌi-aaꞌi ètu rai-haha ne, aaꞌi-aaꞌi ètu rai-haha ne, aaꞌi-aaꞌi ètu rai-haha ne, aaꞌi-aaꞌi ètu rai-haha ne, aaꞌi-aaꞌi ètu rai-haha ne, aaꞌi-aaꞌi ètu rai-haha ne, aaꞌi-aaꞌi ètu rai-haha ne, aaꞌi-aaꞌi ètu rai-haha ne. Èle èèna ka dhu beꞌa."
GEN 1:13,"this was evening and morning, the third day.","ne'e ne, lod'o ka tèlu kèna.","Èle èèna ka, bèli-camèdꞌa madꞌae dènge bèli-camèdꞌa."
GEN 1:14-15,"god said, let there be lights in the sky to divide the day from the night and let them be as signs, for seasons, for days and years. let them be lights in the sky to give light upon the earth. it was so.","hèia ama lamatua lii hari, aku nèngu na, re bèka dedha, hud'i abhu ku mèdha dhu saraa, ho pasaraa rai-haha ne. hud'i abhu mèdha dhu pasaraa re mèu, aa abhu kahèi dhu pasaraa re mèda. rèngu aa'i-aa'i se, j'aj'i tadha, ho sèna ka bisa ige lod'o, hèru, dènge tèu. ropa padhai lii nare sèmi ne'e, mèdha dhu heo aa'i-aa'i ra j'aj'i dènge ka.","Èle èèna ka, Ama Lamatua peka hari, aku Nèngu na, ""Sèmi neꞌe: abhu mèdha-panyau ètu dedha-liru, sèna ka paꞌèci lodꞌo dènge lodꞌo. Aa mèdha-panyau ètu dedha-liru, sèna ka paꞌèci lodꞌo dènge lodꞌo. Aa mèdha-panyau ètu dedha-liru, sèna ka paꞌèci dènge rai-haha."" Hèia jꞌajꞌi sèmi èèna."
GEN 1:16,"god made the two great lights, the greater light to rule the day, and the lesser light to rule the night. he made the stars also.","ka na tao ka mèdha kapai dua dhu pasaraa rai-haha. dhu kapai risi, pasaraa re mèu; aa dhu ako ana iiki, pasaraa re mèda. aa na tao hua-hètu kahèi.","Èle èèna ka, Ama Lamatua pajꞌajꞌi saraa dhu kapai. Lamatua pajꞌajꞌi saraa dhu kapai, sèna ka paredha lodꞌo. Aa Lamatua pajꞌajꞌi saraa dhu kapai, sèna ka paredha lodꞌo. Aa Lamatua pajꞌajꞌi saraa dhu kapai, sèna ka paredha lodꞌo. Lamatua pajꞌajꞌi saraa dhu kapai, sèna ka paredha lodꞌo. Lamatua pajꞌajꞌi saraa dhu kapai, sèna ka paredha lodꞌo. Lamatua pajꞌajꞌi saraa dhu kapai sèra kahèi."
GEN 1:17,"god set them in the sky to give light upon the earth,","na tèke mèdha dhu saraa sèra ètu dedha-liru, sèna ka loti mai asa rai-haha.","Lamatua pajꞌujꞌu rèngu ètu dedha-liru, sèna ka jꞌajꞌi saraa ètu rai-haha."
GEN 1:18,"to rule over the day and over the night, and to divide the light from the darkness. god saw that it was good.","ka mèdha se, pasaraa ka re mèu, aa pasaraa re mèda. dènge j'ara ne'e, na hag'e eele saraa nèti maroga. ropa nèdhi aa'i-aa'i se, d'ara na karej'e, lula ngaa dhu na ad'u, mema be'a.","sèna ka paredha lodꞌo dènge mèda, sèna ka pamaꞌète aaꞌi mèu-mèu. Èle èèna ka, Ama Lamatua ladhe-leru aaꞌi mèu-mèu, sèna ka pamaꞌète aaꞌi mèu-mèu. Èle èèna ka, Ama Lamatua ladhe-leru aaꞌi mèu-mèu."
GEN 1:19,"this was evening and morning, the fourth day.","ne'e ne, lod'o ka èpa kèna.","Jꞌajꞌi madꞌae dènge bèli-camèdꞌa, jꞌajꞌi lodꞌo ka èpa."
GEN 1:20,"god said, let the waters be filled with great numbers of living creatures, and let birds fly above the earth in the expanse of the sky.","hèia ama lamatua padhai lii hari, peka na, hud'i abhu ku ae-ae dhu mamuri ètu d'ara èi. dènge hud'i abhu ku rupa-rupa manu-bhui dhu lela ètu dedha rai-haha ne.","Èle èèna ka, Ama Lamatua peka dènge dhèu aaꞌi-aaꞌi sèra, aku Nèngu na, ""Dhèu aaꞌi-aaꞌi sèra jꞌajꞌi ngiꞌu aaꞌi-aaꞌi dhu mamuri ètu dedha-liru. Aa manu-bhui sèra manu-bhui ètu dedha-liru ètu dedha-liru."""
GEN 1:21,"god created the great sea creatures, as well as every living creature after its kind, creatures that move and which fill the waters everywhere, and every winged bird after its kind. god saw that it was good.","ka na tao ka i'a aa'i-aa'i dènge badha kapai dhu mamuri ètu d'ara èi. na paj'aj'i kahèi manu-bhui aa'i-aa'i. ropa nèdhi aa'i-aa'i se, d'ara na karej'e, lula ngaa dhu na ad'u, mema be'a.","Èle èèna ka, Ama Lamatua pajꞌajꞌi badha aaꞌi-aaꞌi ètu dꞌara dhasi, dènge badha aaꞌi-aaꞌi ètu dꞌara dhasi, dènge badha aaꞌi-aaꞌi ètu dꞌara dhasi, dènge badha aaꞌi-aaꞌi ètu dꞌara dhasi, dènge badha aaꞌi-aaꞌi ètu dꞌara dhasi, dènge badha aaꞌi-aaꞌi ètu dꞌara dhasi, dènge badha aaꞌi-aaꞌi ètu dꞌara dhasi, dènge badha aaꞌi-aaꞌi ètu dꞌara dhasi, dènge badha aaꞌi-aaꞌi ètu dꞌara dhasi, dènge badha aaꞌi-aaꞌi ètu dꞌara dhasi, dènge badha aaꞌi-aaꞌi ètu dꞌara dhasi."
GEN 1:22,"god blessed them, saying, be fruitful and multiply, and fill the waters in the seas. let birds multiply on the earth.","ka na padhai lii ho sèna ka hia berkat mi aa'i-aa'i dhu mamuri, peka na, i'a se, hud'i laa bèba-kacanga sèna ka papènu èi ètu mia-mia. aa manu-bhui, asa tabha kahèi.","Èle èèna ka, Ama Lamatua bꞌala si, ka Na peka dènge si, aku Nèngu na, ""Bèli-camèdꞌa miu jꞌajꞌi dhèu ae-ae, aa jꞌajꞌi dhèu ae-ae ètu dꞌara dhasi, aa manu-bhui jꞌajꞌi dhèu ae-ae ètu rai-haha."""
GEN 1:23,"this was evening and morning, the fifth day.","ne'e ne, lod'o ka lèmi kèna.","Èle èèna ka, bèli-camèdꞌa madꞌae dènge bèli-camèdꞌa."
GEN 1:24-25,"god said, let the earth produce living creatures, each according to its own kind, livestock, creeping things, and beasts of the earth, each according to its own kind. it was so. god made the beasts of the earth after their kind, the livestock after their kinds, and everything that creeps upon the ground after its kind. he saw that it was good.","ka ama lamatua peka hari, na, hud'i abhu ku rupa-rupa badha dhu mamuri ètu rai-dedha. sèmi: badha-manu dhu ani, badha hui, dènge badha dhu rod'o, èci-èci ka dènge rupa na. ropa padhai lii nare sèmi ne'e, badha aa'i-aa'i ra j'aj'i dènge ka. ropa nèdhi aa'i-aa'i se, d'ara na karej'e, lula ngaa dhu na ad'u, mema be'a.","Èle èèna ka, Ama Lamatua peka dènge dhèu aaꞌi-aaꞌi sèra, aku Nèngu na, ""Dhèu aaꞌi-aaꞌi sèra tao badha aaꞌi-aaꞌi, badha aaꞌi-aaꞌi, badha aaꞌi-aaꞌi, badha aaꞌi-aaꞌi, badha aaꞌi-aaꞌi, badha aaꞌi-aaꞌi, badha aaꞌi-aaꞌi, badha aaꞌi-aaꞌi, badha aaꞌi-aaꞌi, badha aaꞌi-aaꞌi, badha aaꞌi-aaꞌi, badha aaꞌi-aaꞌi, badha aaꞌi-aaꞌi, badha aaꞌi-aaꞌi, badha aaꞌi-aaꞌi, badha aaꞌi-aaꞌi, badha aaꞌi-aaꞌi, badha aaꞌi-aaꞌi, badha aaꞌi-aaꞌi, badha aaꞌi-aaꞌi, badha aaꞌi-aaꞌi, badha aaꞌi-aaꞌi, badha aaꞌi-aaꞌi."
GEN 1:26,"god said, let us make man in our image, after our likeness. let them have dominion over the fish of the sea, over the birds of the sky, over the livestock, over all the earth, and over every creeping thing that creeps on the earth.","ka ama lamatua peka hari, aku nèngu na, hua iia, mai ta paj'aj'i dhèu, madhutu rupa èdhi. hud'i laa ra leru dènge ator i'a aa'i-aa'i ètu d'ara dhasi, manu-bhui aa'i-aa'i ètu dedha-liru, badha-manu dhu ani, dènge badha leo aa'i-aa'i ra dhu mamuri ètu rai-haha ne.","Èle èèna ka, Ama Lamatua peka dènge dhèu aaꞌi-aaꞌi, aku Nèngu na, ""Ladhe sèmi èèna, èdhi tao dhèu èci dènge èdhi, nuka sèmi èdhi. Rèngu hudꞌi paredha iꞌa-iꞌa ètu dꞌara dhasi, manu-bhui ètu dedha-liru, badha aaꞌi-aaꞌi, aaꞌi-aaꞌi, aaꞌi-aaꞌi, aaꞌi-aaꞌi, aaꞌi-aaꞌi, aaꞌi-aaꞌi, aaꞌi-aaꞌi, aaꞌi-aaꞌi, aaꞌi-aaꞌi, aaꞌi-aaꞌi, aaꞌi-aaꞌi, aaꞌi-aaꞌi, aaꞌi-aaꞌi, aaꞌi-aaꞌi, aaꞌi-aaꞌi, aaꞌi-aaꞌi, aaꞌi-aaꞌi, aaꞌi-aaꞌi, aaꞌi-aaꞌi!"""
GEN 1:27,god created man in his own image. in his own image he created him. male and female he created them.,"hèia na paj'aj'i dhèu rai-haha ne madhutu rupa na. na paj'aj'i si, dhèu mone dènge dhèu bhèni.","Èle èèna ka, Ama Lamatua pajꞌajꞌi dhèu rai-haha, madhutu dadꞌèi Na. Ama Lamatua pajꞌajꞌi dhèu rai-haha, dhèu mone dènge dhèu bhèni."
GEN 1:28,"god blessed them and said to them, be fruitful, and multiply. fill the earth, and subdue it. have dominion over the fish of the sea, over the birds of the sky, and over every living thing that moves upon the earth.","ka na padhai lii ho sèna ka hia berkat mi rèngu, aku nèngu na, miu hud'i bèba-kacanga ku, sèna ka pea papènu rai-haha ne, ho mi ator ne. ja'a hia miu koasa, sèna ka mi ator i'a, manu-bhui, dènge badha-manu aa'i-aa'i ra ètu rai-haha ne.","Èle èèna ka, Ama Lamatua bꞌala si. Hèia Ama Lamatua peka dènge si, aku Nèngu na, ""Bèli-camèdꞌa miu jꞌajꞌi dhèu ae-ae, sèna ka jꞌajꞌi dhèu aaꞌi-aaꞌi ètu rai-haha ne. Miu hudꞌi jꞌajꞌi dhèu aaꞌi-aaꞌi ètu rai-haha ne. Miu hudꞌi jꞌajꞌi dhèu aaꞌi-aaꞌi ètu rai-haha ne. Miu hudꞌi jꞌajꞌi dhèu aaꞌi-aaꞌi dhu mamuri ètu rai-haha ne. Miu hudꞌi jꞌajꞌi dhèu aaꞌi-aaꞌi dhu mamuri ètu rai-haha ne. Miu hudꞌi jꞌajꞌi dhèu aaꞌi-aaꞌi dhu mamuri ètu rai-haha ne."""
GEN 1:29,"god said, see, i have given you every plant yielding seed which is upon the surface of all the earth, and every tree with fruit which has seed in it. they will be food to you.","mi nanene paie-iie! ja'a hia miu rupa-rupa nganga'a ètu rai-haha ne'e. sèmi: ana aaj'u dhu dènge hua, dhu dènge lamusi, aa dhu dènge rèu mangèru.","Èle èèna ka, Ama Lamatua peka dènge ra, aku Nèngu na, ""Sèmi neꞌe! Jaꞌa hia hua-hela aaꞌi-aaꞌi ètu rai-haha, aa hua-hela aaꞌi-aaꞌi ètu rai-haha ne, sèna ka miu bisa raꞌa."
GEN 1:30,"to every beast of the earth, to every bird of the heavens, and to everything that creeps upon the earth, and to every creature that has the breath of life i have given every green plant for food. it was so.","ja'a hia rupa-rupa ana aaj'u kahèi sèna ka j'aj'i nganga'a badha. nganga'a hia badha-manu dhu ani, badha hui, badha dhu rod'o, dènge manu-bhui. ropa padhai lii nare sèmi ne'e, nganga'a badha sèra aa'i-aa'i ra j'aj'i dènge ka.","Jaꞌa hia badha aaꞌi-aaꞌi ètu rai-haha, manu-bhui aaꞌi-aaꞌi ètu dedha-liru, dènge badha aaꞌi-aaꞌi ètu rai-haha, aa dènge badha aaꞌi-aaꞌi ètu rai-haha, aa dènge badha aaꞌi-aaꞌi ètu rai-haha. Jaꞌa hia dhèu aaꞌi-aaꞌi hua-hela aaꞌi-aaꞌi ho raꞌa-rinu."""
GEN 1:31,"god saw everything that he had made. behold, it was very good. this was evening and morning, the sixth day.","ropa nèdhi aa'i-aa'i se, d'ara na karej'e, lula ngaa dhu na ad'u, mema be'a. ne'e ne, lod'o ka èna kèna.","Èle èèna ka, Ama Lamatua ladhe-leru aaꞌi-aaꞌi dhu Na pajꞌajꞌi. Ka Na ladhe-leru aaꞌi-aaꞌi dhu Na pajꞌajꞌi. Èle èèna ka, jꞌajꞌi madꞌae dènge bèli-bèli."
GEN 2:1,"then the heavens and the earth were finished, and all the living things that filled them.","dènge j'ara sèmi èèna ka, ama lamatua paj'aj'i dedha-liru, rai-haha, dènge isi ra aa'i-aa'i.","Lamatua pajꞌujꞌu aaꞌi-aaꞌi ètu dedha-liru dènge rai-haha, dènge aaꞌi-aaꞌi dhu mamuri ètu dedha-liru."
GEN 2:2,"on the seventh day god came to the end of his work which he had done, and so he rested on the seventh day from all his work.","ropa na sab'a èle, asa bèli èèna, lèke dènge lod'o ka pidhu. hèia na ae nèti sasab'a-la'a na.","Èle èèna ka, dꞌai ka pidhu lodꞌo, Ama Lamatua puri-paꞌèle aaꞌi-aaꞌi dhu Na tao. Nèti èèna ka, dꞌai ka pidhu lodꞌo, Lamatua pea ètu dꞌara èmu Na."
GEN 2:3,"god blessed the seventh day and sanctified it, because in it he rested from all his work which he had done in his creation.","dènge j'ara ne'e, na tao lod'o ka pidhu ne, lod'o dhu kapai risi nèti lod'o dhu leo sèra. na tao sèmi èèna, lula na pa'èle aa'i le sasab'a na, ka ètu d'ara lod'o ka pidhu na, na ae.","Èle èèna ka, Ama Lamatua pakabꞌua hari ka pidhu, ho dedꞌe hari ne jꞌajꞌi mola-mèci, lula dꞌai lodꞌo neꞌe, Na pea taruu nèti tao aaꞌi-aaꞌi dhu Na pajꞌajꞌi ètu rai-haha ne."
GEN 2:4,"these were the events concerning the heavens and the earth, when they were created, on the day that yahweh god made the earth and the heavens.","d'ai sange ne'e ka, lii lolo ama lamatua paj'aj'i dedha-liru dènge rai-haha ne. lod'o ama lamatua heka paj'aj'i dedha-liru dènge rai-haha èèna,","Lodꞌo Lamatua pajꞌajꞌi dedha-liru dènge dedha-liru, sèmi neꞌe ka:"
GEN 2:5-6,"no bush of the field was yet in the earth, and no plant of the field had yet sprouted, for yahweh god had not caused it to rain upon the earth, and there was no man to cultivate the ground. but a mist went up from the earth and watered the whole surface of the ground.","dhae abhu mèka ana aaj'u, lula na papuru mèka èj'i. taa èèna, dhoka sèb'u èi di, mai nèti d'ara rai ho pabasa rai re dedha. aa abhu mèka dhèu rai-haha dhu tao oka-tedhe.","Lodꞌo èèna, abhu heka ajꞌu èci sa ètu rai-haha ne. Abhu heka ajꞌu èci sa ètu rai-haha ne. Nèti èèna ka, abhu heka ajꞌu èci sa ètu rai-haha ne."
GEN 2:7,"yahweh god formed man from the dust of the ground, and breathed into his nostrils the breath of life, and man became a living being.","èle èèna ka, ama lamatua nare rai ciki, ka na paj'aj'i dhèu rai-haha. hèia na tiu a'ae na asa d'ara sahènga dhèu na, ka na mamuri dènge ka.","Èle èèna ka, Lamatua pajꞌajꞌi dhèu rai-haha nèti rai-haha. Hèia Na bhèlu asa dꞌara rèhu dhèu neꞌe, ho na hia mamuri. Hèia dhèu ne jꞌajꞌi dhèu aaꞌi-aaꞌi dhu mamuri."
GEN 2:8,"yahweh god planted a garden eastward, in eden, and there he put the man whom he had formed.","hèia ama lamatua bhoke oka cue ètu rai eden, re bèka dhimu. hèia na hia dhèu ne pea ètu d'ara oka na.","Èle èèna ka, Lamatua pajꞌajꞌi hèbꞌa èci ètu hèbꞌa aae Eden. Ètu èèna, Lamatua pajꞌajꞌi dhèu rai-haha dhu Na pajꞌajꞌi le."
GEN 2:9,"out of the ground yahweh god made every tree to grow that is pleasant to the sight and good for food. this included the tree of life that was in the midst of the garden, and the tree of the knowledge of good and evil.","ètu d'ara oka èèna, na pamamuri rupa-rupa aj'u dhu be'a, dhu dhèu bisa ra'a. aa na pamamuri kahèi aj'u dua kapua ètu talora aae oka èèna. ladhe dhèu ra'e hua nèti aj'u èci, na mamuri taa-taa. aa ladhe dhèu ra'e hua nèti aj'u èci hari, ne'a hag'e mia dhu be'a, aa mia dhu karehe.","Èle èèna ka, Lamatua tao ajꞌu aaꞌi-aaꞌi ètu dꞌara oka. Aa ajꞌu aaꞌi-aaꞌi ètu dꞌara oka. Aa ajꞌu aaꞌi-aaꞌi ètu dꞌara oka. Aa ajꞌu aaꞌi-aaꞌi ètu dꞌara oka. Aa ajꞌu aaꞌi-aaꞌi ètu dꞌara oka. Aa ajꞌu aaꞌi-aaꞌi ètu dꞌara oka. Aa ajꞌu aaꞌi-aaꞌi ètu dꞌara oka. Aa ajꞌu aaꞌi-aaꞌi ètu dꞌara oka."
GEN 2:10,a river went out of eden to water the garden. from there it divided and became four rivers.,"ètu era èèna, abhu loko èci dhu hae nèti d'ara oka èèna. loko èèna, èpa kacanga.","Èle èèna, bèli-camèdꞌa bèli-camèdꞌa bèli-camèdꞌa bèli-camèdꞌa bèli-camèdꞌa bèli-camèdꞌa bèli-camèdꞌa bèli-camèdꞌa bèli-camèdꞌa bèli-camèdꞌa bèli-camèdꞌa bèli-camèdꞌa bèli-camèdꞌa bèli-camèdꞌa bèli-camèdꞌa bèli-camèdꞌa bèli-camèdꞌa."
GEN 2:11,"the name of the first is pishon. it is the one which flows throughout the whole land of havilah, where there is gold.","kacanga ka èci na, ngara na pison. nèngu ka dhu hae pale-lème rai hawila dhu abhu hualaa ae-ae.","Ngara aae kapai èci, Pishon. Ngara aae ne, aaꞌi-aaꞌi dhu jꞌajꞌi le ètu rai Havila, ètu rai-haha ne, ètu rai-haha ne, èci èèna ka dènge mèdha-panyau dhu kabꞌua aaꞌi-aaꞌi ètu dꞌara rai-haha ne. Nèti èèna ka, aaꞌi-aaꞌi dhu jꞌajꞌi le ètu rai-haha ne, jꞌajꞌi le mèdha-panyau aaꞌi-aaꞌi dhu kabꞌua aaꞌi-aaꞌi dènge mèdha-panyau aaꞌi-aaꞌi dhu kabꞌua aaꞌi-aaꞌi dènge mèdha-panyau aaꞌi-aaꞌi."
GEN 2:12,the gold of that land is good. there are also bdellium and the onyx stone.,"ètu era èèna ka, abhu poe-pai, aj'u dhu raa na hèu mèngi, dènge hadhu kale'e.","Ètu era neꞌe, abhu mèdha dhu beꞌa. Ètu era neꞌe, abhu mèdha dhu beꞌa, nuka hadhu hadhu hadhu hadhu hadhu hadhu hadhu hadhu hadhu hadhu hadhu hadhu hadhu hadhu hadhu hadhu hadhu hadhu hadhu hadhu hadhu hadhu hadhu hadhu hadhu hadhu hadhu hadhu hadhu hadhu hadhu hadhu hadhu hadhu hadhu hadhu hadhu hadhu hadhu hadhu hadhu hadhu hadhu hadhu hadhu hadhu hadhu hadhu hadhu hadhu hadhu hadhu hadhu hadhu hadhu hadhu hadhu hadhu hadhu hadhu hadhu hadhu hadhu hadhu hadhu hadhu hadhu hadhu hadhu hadhu hadhu hadhu hadhu hadhu hadhu hadhu hadhu hadhu hadhu hadhu hadhu hadhu hadhu hadhu hadhu hadhu hadhu hadhu hadhu hadhu hadhu hadhu hadhu hadhu hadhu hadhu hadhu hadhu hadhu hadhu hadhu hadhu hadhu hadhu hadhu hadhu hadhu hadhu hadhu hadhu hadhu hadhu hadhu hadhu hadhu hadhu hadhu hadhu hadhu hadhu hadhu hadhu hadhu hadhu hadhu hadhu hadhu hadhu hadhu hadhu hadhu hadhu hadhu hadhu hadhu hadhu hadhu hadhu hadhu hadhu hadhu hadhu hadhu hadhu hadhu hadhu hadhu hadhu hadhu hadhu hadhu hadhu hadhu hadhu hadhu hadhu hadhu hadhu hadhu hadhu hadhu hadhu hadhu hadhu hadhu hadhu hadhu hadhu hadhu hadhu hadhu hadhu hadhu hadhu hadhu hadhu hadhu hadhu hadhu hadhu hadhu hadhu had"
GEN 2:13,the name of the second river is gihon. this one flows throughout the whole land of cush.,"kacanga ka dua, ngara na gihon. kacanga ne, hae pale-lème rai kus.","Aa aaꞌi-aaꞌi ra ka dua, ngara na Gihon. Aaꞌi-aaꞌi ra ètu rai Kush aaꞌi-aaꞌi ra."
GEN 2:14,"the name of the third river is tigris, which flows east of ashur. the fourth river is the euphrates.","kacanga ka tèlu, ngara na tigris. kacanga ne'e ka, j'aj'i mi too rai asyur re ca bèka dhimu. kacanga ka èpa, ngara na efrat.","Dꞌara aae ka tèlu, ngara na Tigris. Dꞌara aae ka èpa, ngara na Efrat. Nèti èèna ka, bèli-camèdꞌa bèli-camèdꞌa bèli-camèdꞌa bèli-camèdꞌa bèli-camèdꞌa bèli-camèdꞌa bèli-camèdꞌa bèli-camèdꞌa bèli-camèdꞌa bèli-camèdꞌa bèli-camèdꞌa bèli-camèdꞌa bèli-camèdꞌa bèli-camèdꞌa. Nèti èèna ka, bèli-camèdꞌa bèli-camèdꞌa bèli-camèdꞌa bèli-camèdꞌa bèli-camèdꞌa."
GEN 2:15,yahweh god took the man and put him into the garden of eden to work it and to maintain it.,"ka ama lamatua hia dhèu pea ètu d'ara eden, ho na ladhe-leru oka èèna.","Èle èèna ka, Lamatua dedꞌe dhèu rai-haha ne asa dꞌara oka Eden, ho na sabꞌa dènge ladhe-leru oka ne."
GEN 2:16,"yahweh god commanded the man, saying, from every tree in the garden you may freely eat.","hèia na hia paredha mi dhèu ne, aku nèngu na, hua aaj'u aa'i-aa'i ètu d'ara oka ne, èu bisa mu'a.","Èle èèna ka, Lamatua peka dènge dhèu aaꞌi-aaꞌi sèra, aku Nèngu na, ""Èu bisa raꞌa ajꞌu aaꞌi-aaꞌi ètu dꞌara oka ne."
GEN 2:17,"but from the tree of the knowledge of good and evil you may not eat, for on the day that you eat from it, you will surely die.","te ngaa èci dhu èu bisa boe mu'a. nuka hua nèti aj'u dhu ne'a hag'e mia dhu be'a, aa mia dhu karehe. ladhe mu'a, èu madhe dènge.","Te ngaa ladhe sèmi èèna, ladhe sèmi èèna, na, èu baku raꞌa ajꞌu aaꞌi-aaꞌi nèti ajꞌu aaꞌi-aaꞌi dhu peka na, beꞌa dènge bhabhelu-katubꞌa, na, èu baku raꞌa. Te ngaa ladhe èu raꞌa ajꞌu ne, èu hudꞌi madhe tareꞌa-reꞌa."""
GEN 2:18,"then yahweh god said, it is not good that the man should be alone. i will make him a helper suitable for him.","ka ama lamatua tuhu haru lii na, aku nèngu na, babe'a na aad'o, ladhe dhèu ne mamuri mesa na. de ja'a neo paj'aj'i hia ne, anga ca dhèu dhu pamèci dènge ne.","Èle èèna ka, Lamatua Lamatua peka, aku Nèngu na, ""Bèli-camèdꞌa dhèu rai-haha ne pea boe. Jaꞌa tao ne dhèu dhu jꞌajꞌi dhèu dhu paꞌèki dènge ne."""
GEN 2:19-20,"out of the ground yahweh god formed every animal of the field and every bird of the sky. then he brought them to the man to see what he would call them. whatever the man called each living creature, that was its name. the man gave names to all the livestock, to all the birds of the sky, and to every beast of the field. but for the man himself there was found no helper suitable for him.","lod'o èèna, ama lamatua nare rai ciki, ka na tao rupa-rupa badha dènge manu-bhui. hèia na pangèd'u si asa dhèu ne, sèna ka na pangare si. ka dhèu ne pangare badha se dènge manu-bhui aa'i-aa'i ra, èci-èci ka dènge ngara ra. te ngaa dhèu ne abhu mèka anga dhu pamèci dènge nèngu.","Èle èèna ka, Lamatua pajꞌajꞌi badha aaꞌi-aaꞌi, dènge manu-bhui aaꞌi-aaꞌi ètu dedha-liru. Èle èèna ka, Lamatua pajꞌajꞌi badha aaꞌi-aaꞌi, dènge manu-bhui aaꞌi-aaꞌi ètu dedha-liru. Èle èèna ka, Lamatua pajꞌajꞌi badha aaꞌi-aaꞌi, dènge manu-bhui aaꞌi-aaꞌi ètu dedha-liru. Èle èèna ka, Lamatua pajꞌajꞌi badha aaꞌi-aaꞌi ètu madha dhèu aaꞌi-aaꞌi. Hèia dhèu aaꞌi-aaꞌi pajꞌajꞌi badha aaꞌi-aaꞌi, dènge badha aaꞌi-aaꞌi, dènge badha aaꞌi-aaꞌi, dènge badha aaꞌi-aaꞌi ètu dedha-liru. Te ngaa dhèu aaꞌi-aaꞌi bisa boe paraga dènge dhèu aaꞌi-aaꞌi-aaꞌi."
GEN 2:21,"yahweh god caused a deep sleep to fall upon the man, so the man slept. yahweh god took one of his ribs and closed up the flesh where he took the rib.","hèia ama lamatua pabhèj'i luu dhèu ne'e. ropa na bhèj'i, ama lamatua nare rui karasa na calaa, ka na pakateme hari nu'a deo na.","Èle èèna ka, Lamatua hagꞌe nare dhèu aae Èmu Kapua Manèngi-Mangajꞌi ètu dꞌara dꞌara èmu na, ho na bhèjꞌi. Èle èèna ka, Lamatua hagꞌe nare kacui-aai dhèu aae Èmu Kapua Manèngi-Mangajꞌi ètu dꞌara èmu na. Èle èèna ka, Lamatua hagꞌe nare kacui-aai dhèu aae Èmu Kapua Manèngi-Mangajꞌi ètu dꞌara èmu na. Èle èèna ka, Lamatua hagꞌe nare kacui-aai dhèu aae Èmu Kapua Manèngi-Mangajꞌi ètu dꞌara èmu na."
GEN 2:22,"with the rib that yahweh god had taken from the man, he made a woman and brought her to the man.","nèti rui ne, na paj'aj'i bhèni ca dhèu. hèia na pangèd'u bhèni ne mi dhèu èèna.","Èle èèna ka, Lamatua pajꞌajꞌi dhèu bhèni dènge kacui-aai dhu Na pajꞌajꞌi nèti dhèu rai-haha ne. Èle èèna ka, Lamatua pajꞌajꞌi dhèu bhèni èci, ho laꞌe paraga dènge dhèu rai-haha ne."
GEN 2:23,"the man said, this time, this one is bone of my bones, and flesh of my flesh. she will be called 'woman, ' because she was taken out of man.","ropa ladhe nèdhi bhèni ne, ka dhèu na peka, aku nèngu na, waaa! ne'e ne ku! sèmi ne'e ku, heka pamèci dènge ja'a kèna! rui na, sama èci èèna ka dènge rui ja'a. aa isi na, sama kahèi dènge isi ja'a. lula nèngu ne, j'aj'i nèti dhèu mone, nèti èèna ka ja'a pangare ne, ‘dhèu bhèni'.","Hèia Adam peka, aku nèngu na, ""Bèli-camèdꞌa dhèu neꞌe ne jꞌajꞌi le ngiꞌu nèti ngiꞌu Jaꞌa, aa ngiꞌu nèti ngiꞌu Jaꞌa kahèi. Jaꞌa neo paroa ne, 'Bèli-camèdꞌa', lula jaꞌa pajꞌajꞌi ne nèti dhèu mone."""
GEN 2:24,"therefore a man will leave his father and his mother, he will be united to his wife, and they will become one flesh.","nèti èèna ka, dhèu mone hud'i tèke eele ku ina-ama na, ho la'e mamuri d'ara èci dènge dhèu èmu-kamali na, lula dua ra, j'aj'i le èci.","Nèti èèna ka, dhèu mone tèke eele ina-ama na, ho paꞌèki dènge dhèu èmu-kamali na, aa dua ra jꞌajꞌi èci."
GEN 2:25,"they were both naked, the man and his wife, but were not ashamed.","lod'o èèna, dua ra dhu dènge boe mèdha-papake, te ngaa ra makae boe.","Dhèu èèna dènge dhèu èmu na dènge boe mèdha-panyau, te ngaa ra madhaꞌu boe."
GEN 3:1,"now the serpent was more shrewd than any other beast of the field which yahweh god had made. he said to the woman, has god really said, 'you must not eat from any tree of the garden'?","nèti badha aa'i-aa'i dhu ama lamatua paj'aj'i ètu rai-haha ne, mege ka dhu mèu risi kapod'e-kabèli. ca lod'o, mege karèi bhèni na, aku nèngu na, tare'a, do? ama lamatua kai miu baku mi'a hua aaj'u aa'i-aa'i ètu d'ara oka ne'e.","Èle èèna ka, naga ne kapai risi nèti badha aaꞌi-aaꞌi dhu Lamatua pajꞌajꞌi ètu rai-haha ne. Ka na karèi dhèu bhèni ne, aku nèngu na, ""Tasamia ka Lamatua peka na, 'Miu baku raꞌa ajꞌu aaꞌi-aaꞌi ètu dꞌara oka ne?'"
GEN 3:2-3,"the woman said to the serpent, we may eat the fruit from the trees of the garden, but concerning the fruit of the tree which is in the middle of the garden, god said, 'you may not eat it, nor may you touch it, or you will die. '","ka bhèni na b'ala, aad'o! ji'i bisa nga'a! dhodhoka aj'u ca kapua ètu talora oka ne, ama lamatua kai, baku nga'a hua na. na peka na, ji'i baku nga'a, aa baku g'ag'e hua èèna kahèi, te aad'o na, ji'i madhe!","Hèia bhèni ne dhaa, aku nèngu na, ""Èdhi bisa raꞌa ajꞌu dhu ètu dꞌara oka ne. Te ngaa Ama Lamatua peka dènge jiꞌi, aku Nèngu na, 'Miu baku raꞌa ajꞌu dhu ètu dꞌara oka ne. Miu baku raꞌa, ladhe miu madhe.'"
GEN 3:4,"the serpent said to the woman, you will surely not die.","te ngaa mege na dhaa, aku nèngu na, waa! sèmi boe èèna! miu se madhe boe!","Hèia naga ne peka dènge bhèni ne, aku nèngu na, ""Ladhe sèmi èèna, bèli-camèdꞌa miu madhe boe."
GEN 3:5,"for god knows that the day you eat it your eyes will be opened, and you will be like god, knowing good and evil.","ama lamatua mema kai tare'a sèmi èèna, lula dhu ne'a le, ladhe mi'e hua aaj'u èèna, miu j'aj'i d'èlu-mèu sèmi nèngu. ho èèna na me'a mia dhu be'a, aa mia dhu karehe.","Te Ama Lamatua neꞌa le, na, lodꞌo miu raꞌa, bèli-camèdꞌa miu bisa ladhe-leru, aa miu jꞌajꞌi sama sèmi Ama Lamatua, aa meꞌa le dhu beꞌa dènge dhu bhelu-katubꞌa."""
GEN 3:6,"when the woman saw that the tree was good for food, and that it was a delight to the eyes, and that the tree was desirable to make one wise, she took some of its fruit and ate it. then she also gave some to her husband who was with her, and he ate it.","aa bhèni ne ladhe na aj'u ne be'a titu kèna, dènge hua na ele boe kee. na ngee, ladhe ja'a ku'a hua aj'u ne'e, ja'a d'èlu-mèu. hèia puu nare ka hua aj'u èèna, ka na'e. na'e nare, nèti hia dhèu èmu na, ka na'a kahèi.","Èle èèna ka, bhèni ne ladhe nèdhi, na, ajꞌu èèna beꞌa, sèna ka dhèu bisa raꞌa. Aa ajꞌu èèna ka dhu dꞌèi dꞌara dhèu. Nèti ajꞌu èèna ka, naꞌa. Èle èèna ka, na hia dhèu èmu na, hèia naꞌa kahèi. Èle èèna ka, naꞌa kahèi. Èle èèna ka, na hia dhèu èmu na, ka dhèu èmu na, hèia naꞌa kahèi."
GEN 3:7,"the eyes of both of them were opened, and they knew that they were naked. they sewed fig leaves together and made coverings for themselves.","ra'a rare ka, heka re'a na rèngu dhu pake boe mèdha dhu hutu ua rèngu. nèti èèna ka, ra lui rèu aj'u ho pa'abhe era makae rèngu.","Èle èèna ka, bèli-camèdꞌa dhèu dua se reꞌa, na, rèngu dènge boe mèdha-panyau. Hèia ra pajꞌajꞌi èi ajꞌu èci dènge èci, ka ra tao mèdha-papake."
GEN 3:8,"they heard the sound of yahweh god walking in the garden in the cool of the day, so the man and his wife hid themselves from the presence of yahweh god among the trees of the garden.","d'ai lod'o nihia, dua ra tadèngi lii core haga ama lamatua ètu d'ara oka èèna. ka dua ra rai lasi lu'u asa ca bèka aj'u, sèna ka lamatua baku nèdhi si.","Ropa dꞌai madha lodꞌo èèna, hèia ra tadèngi lii Lamatua, peka na, Lamatua kako re dꞌara oka ètu dꞌara oka ne. Hèia dhèu èèna dènge dhèu èmu na pakaboko ètu dꞌara ajꞌu aaꞌi-aaꞌi dhu ètu dꞌara oka ne. Ropa tadèngi lii Lamatua, hèia dhèu dua dènge dhèu èmu na pakabꞌua ètu dꞌara oka ne, sèna ka rèngu reꞌa boe Lamatua."
GEN 3:9,"yahweh god called to the man and said to him, where are you?","te ngaa ama lamatua paroa mi dhèu mone èèna, aku nèngu na, adam! èu ètu mia?","Hèia Lamatua paroa dhèu ne, aku Nèngu na, ""Èu ètu mia?"""
GEN 3:10,"the man said, i heard you in the garden, and i was afraid, because i was naked. so i hid myself.","hèia mone na dhaa, ja'a tadèngi lii lamatua ètu ne'e. te ngaa ja'a makae, lula ja'a pake boe mèdha ètu ua. nèti èèna ka, ja'a rai pahuni iisi.","Hèia dhèu ne dhaa, aku nèngu na, ""Jaꞌa tadèngi lii padhai Ama ètu dꞌara oka. Ka jaꞌa madhaꞌu, lula jaꞌa dènge boe mèdha-papake. Nèti èèna ka, jaꞌa manahu."
GEN 3:11,"god said, who told you that you were naked? have you eaten from the tree that i commanded you not to eat from?","ka lamatua peka na, cee ka dhu peka, na èu dhu pake boe mèdha-papake? de tasamia? tatu èu mu'a le hua aj'u dhu ja'a kai na, sina ma?","Hèia Ama Lamatua karèi ne, aku Nèngu na, ""Cee ka dhu peka dènge èu, na, èu dènge boe mèdha-panyau?"""
GEN 3:12,"the man said, the woman whom you gave to be with me, she gave me fruit from the tree, and i ate it.","ka na b'ala, peka na, bhèni dhu èu hia ho pa'anga dènge ja'a èèna, ka dhu hia ja'a ku'a!","Hèia Adam dhaa, aku nèngu na, ""Dhèu bhèni dhu Ama pangèdꞌu ho jꞌajꞌi dènge jaꞌa, nèngu ka dhu hia jaꞌa ajꞌu èèna, ka jaꞌa raꞌa."""
GEN 3:13,"yahweh god said to the woman, what is this you have done? the woman said, the serpent lied to me, and i ate.","hèia ama lamatua peka dènge bhèni na, aku nèngu na, nga tao ka, èu ad'u madha j'ara èèna? ka bhèni ne dhaa, peka na, te mege ne ka dhu ag'o ja'a! nèti èèna ka, ja'a ku'a.","Èle èèna ka, Lamatua karèi dhèu bhèni ne, aku Nèngu na, ""Èu tao ngaa?"" Ka dhèu bhèni ne dhaa, aku nèngu na, ""Bèli-camèdꞌa, mege aaꞌi-aaꞌi, ka jaꞌa raꞌa."""
GEN 3:14,"yahweh god said to the serpent, because you have done this, cursed are you alone among all the livestock and all the beasts of the field. it is on your stomach that you will go, and it is dust that you will eat all the days of your life.","èle èèna ka, ama lamatua dhoo mege èèna, aku nèngu na, ja'a huku èu, lula tatao èu. nèti badha aa'i-aa'i, dhoka èu di dhu abhu huku sèmi ne'e. mulai nèti deo ne'e toke èu madhe, èu dhoka rod'o dènge kakara, aa mu'a ètu rai di.","Hèia Lamatua peka dènge naga ne, aku Nèngu na, ""Ladhe èu tao sèmi èèna, èu jꞌajꞌi dhèu pajuu-paleha nèti badha aaꞌi-aaꞌi dènge badha aaꞌi-aaꞌi ètu rai-haha ne, te ngaa èu jꞌajꞌi dhèu pajuu-paleha nèti badha aaꞌi-aaꞌi ètu rai-haha ne. Èu jꞌajꞌi ètu dꞌara bèdho èu, te ngaa èu raꞌa-rinu ètu dꞌara bèdho èu, toke dꞌai mamuri èu."
GEN 3:15,"i will put hostility between you and the woman, and between your seed and her seed. he will bruise your head, and you will bruise his heel.","ja'a tao sèna ka, èu loe boe pamusu dènge bhèni ne. aa ana-èpu miu dua mi sèmi èèna kahèi. ana-èpu èu, èèna na kadhi hui tèdhu dhèu. te ngaa ca dhèu nèti ana-èpu bhèni ne, èèna na dhedhe palaho kètu èu.","Èèna na, Jaꞌa tao musu ètu talora èu dènge bhèni ne. Jaꞌa tao musu ètu talora èu dènge dhèu bhèni ne. Dhèu neꞌe ne, bèli-camèdꞌa pahaha iisi èu, aa èu ne, bèli-camèdꞌa pahaha iisi nèngu."""
GEN 3:16,"to the woman he said, i will greatly multiply your pain in having children; it is in pain that you will give birth to children. your desire will be for your husband, but he will rule over you.","èle èèna ka, ama lamatua peka dènge bhèni ne, èèna na, ja'a pasusa tabha èu, ropa èu dènge babia; lod'o mora iisi, èu asa tabha j'èra. masi ka sèmi èèna, d'ara èu d'èi taruu dhèu èmu èu, aa nèngu ka dhu ator èu.","Ka Ama Lamatua peka dènge bhèni ne, aku Nèngu na, ""Jaꞌa tao èu jꞌajꞌi dhèu èmu. Èu jꞌajꞌi dhèu dhu jꞌajꞌi dhèu èmu-kamali, lula èu dꞌèi jꞌajꞌi dhèu dhu jꞌajꞌi dhèu èmu-kamali èu. Te ngaa dhèu èmu-kamali èu jꞌajꞌi dhèu aaꞌi-aaꞌi dhu jꞌajꞌi dhèu aaꞌi-aaꞌi, lula èu dꞌèi jꞌajꞌi dhèu aaꞌi-aaꞌi, lula èu dꞌèi jꞌajꞌi dhèu aaꞌi-aaꞌi, lula èu dꞌèi jꞌajꞌi dhèu aaꞌi-aaꞌi, lula èu jꞌajꞌi dhèu aaꞌi-aaꞌi, lula èu jꞌajꞌi dhèu aaꞌi-aaꞌi, lula èu jꞌajꞌi dhèu aaꞌi-aaꞌi."
GEN 3:17,"to adam he said, because you have listened to the voice of your wife, and have eaten from the tree, concerning which i commanded you, saying, 'you may not eat from it, ' cursed is the ground because of you; through painful work you will eat from it all the days of your life.","ka ama lamatua peka dènge mone ne, èu madhutu boe lii paredha ja'a, te ngaa èu nanene dhoka lii dhèu èmu èu di, ka èu mu'a hua aj'u dhu ja'a kai èèna. nèti èèna ka, èu abhu huku kahèi. aa rai lèke huku kahèi. nèti deo ne'e, toke d'ai èu madhe, hud'i èu kabèli rai, heka èu abhu nganga'a kèna. dènge sab'a bia sèmi ne'e ka, èu heka mamuri kèna.","Èle èèna ka, Ama Lamatua peka dènge Adam, aku Nèngu na, ""Ladhe èu nanene lii dhèu èmu èu, hèia èu raꞌa ai nèti ajꞌu dhu Jaꞌa peka le dènge èu, na, 'Èu baku raꞌa.' Nèti èèna ka, Lamatua hagꞌe nare rai-haha ne, lula èu tao jꞌajꞌèra ètu rai-haha ne. Èu hudꞌi raꞌa ai nèti ajꞌu ne dènge jꞌajꞌèra toke dꞌai mamuri èu."
GEN 3:18,"it will produce thorns and thistles for you, and you will eat the plants of the field.","masi ka èu sèle rupa-rupa hini èèna ka, te ngaa dhu muri mai dhodhoka dhudhu-sete di.",Bèli-camèdꞌa jꞌajꞌi aaꞌi-aaꞌi dhu jꞌajꞌi aaꞌi-aaꞌi dhu jꞌajꞌi aaꞌi-aaꞌi dhu jꞌajꞌi aaꞌi-aaꞌi dhu jꞌajꞌi aaꞌi-aaꞌi dhu jꞌajꞌi aaꞌi-aaꞌi dhu jꞌajꞌi aaꞌi-aaꞌi dhu jꞌajꞌi aaꞌi-aaꞌi dhu jꞌajꞌi aaꞌi-aaꞌi dhu jꞌajꞌi aaꞌi-aaꞌi dhu jꞌajꞌi aaꞌi-aaꞌi dhu jꞌajꞌi aaꞌi-aaꞌi dhu jꞌajꞌi aaꞌi-aaꞌi.
GEN 3:19,"by the sweat of your face you will eat bread, until you return to the ground, for out of it you were taken. for dust you are, and to dust you will return.","hud'i èu èi kabhèsu haa ku, heka rai hia èu nganga'a kèna. èu hud'i sab'a bia sèmi èèna ku, toke d'ai lod'o èu madhe. èu ne, ja'a paj'aj'i nèti rai. de ladhe èu madhe, èu j'aj'i hari rai.","Èu bèli-camèdꞌa raꞌa-rinu, toke èu lèpa hari asa rai-haha ne, lula Ama Lamatua pajꞌajꞌi èu nèti rai-haha ne. Èu jꞌajꞌi le kapodꞌe-kabèli, aa èu lèpa hari asa rai-haha ne. Nèti èèna ka, èu jꞌajꞌi le kapodꞌe-kabèli, te ngaa èu jꞌajꞌi le kapodꞌe-kabèli, te ngaa èu jꞌajꞌi le kapodꞌe-kabèli."""
GEN 3:20,the man called his wife's name eve because she was the mother of all the living.,"èle èèna ka, adam pangare dhèu èmu na ‘hawa' dhu sasoa na ‘dhu mamuri', te nèngu ka j'aj'i ina nèti dhèu dhu mamuri aa'i-aa'i.","Èle èèna ka, Adam paroa dhèu èmu na, Eve, lula nèngu jꞌajꞌi ina nèti dhèu aaꞌi-aaꞌi dhu mamuri ètu rai-haha ne."
GEN 3:21,yahweh god made for adam and for his wife garments of skins and clothed them.,"hèia ama lamatua tao mèdha-papake nèti ka'uri badha, ka papake dua ra.","Èle èèna ka, Lamatua pajꞌujꞌu Adam dènge dhèu èmu na, pake mèdha-papake dènge bèla."
GEN 3:22,"yahweh god said, now the man has become like one of us, knowing good and evil. so now he must not be allowed to reach out with his hand, take from the tree of life, eat it, and live forever.","ka ama lamatua peka, limuri ne, dhèu re'a le, mia dhu be'a dènge mia dhu karehe, sèmi èdhi kahèi. de mage dhoka, rèngu ra'a hua aj'u dhu èci hari na, dhu hia mamuri taa-taa.","Èle èèna ka, Lamatua peka dènge Ama Lamatua, aku Nèngu na, ""Dhèu rai-haha ne jꞌajꞌi sama sèmi èdhi aaꞌi-aaꞌi ra. Nèti èèna ka, dhèu rai-haha ne jꞌajꞌi sama sèmi èdhi, dhu reꞌa dhu beꞌa dènge dhu bhelu-katubꞌa. Nèti èèna ka, dhèu rai-haha bisa raꞌa hua ajꞌu dhu hia dhèu mamuri, sèna ka bisa mamuri taruu."""
GEN 3:23,"therefore yahweh god sent him out from the garden of eden, to cultivate the ground from which he had been taken.","èle èèna ka, na babèga eele si nèti d'ara oka eden èèna, ho lasi asa era leo, sèna ka ra mamuri dènge sab'e oka-tedhe. lula dhèu j'aj'i nèti rai, de mamuri kahèi nèti rai.","Nèti èèna ka, Lamatua pua Adam nèti dꞌara oka Eden, ho laꞌe sabꞌa ètu dꞌara oka èèna."
GEN 3:24,"so god drove the man out of the garden, and he placed cherubim at the east of the garden of eden, and a flaming sword that turned every way, in order to guard the way to the tree of life.","babège nare si, ka lamatua paredha ana pajuu na nèti sorga, dhu dènge èla, ho lasi j'aga oka èèna re ca bèka dhimu. rèngu dènge samala dhu heo ha'a-ha'a, dhu seru la'e-mai. lamatua pua si bèdho eele j'ara la'e sa d'ara, te nèngu d'èi boe dhèu puu rare hua aj'u dhu hia ra mamuri taa-taa èèna.","Èle èèna ka, Ama Lamatua babège eele dhèu èèna nèti dꞌara oka èèna. Hèia Na pajꞌujꞌu pèri-pèri ana pajuu Ama Lamatua, sèna ka jꞌajꞌi dhèu aaꞌi-aaꞌi dhu mamuri ètu dꞌara oka èèna. Dhèu aaꞌi-aaꞌi sèra, nuka sèmi ana pajuu Ama Lamatua dhu jꞌajꞌi dhèu aaꞌi-aaꞌi, sèna ka jꞌajꞌi dhèu aaꞌi-aaꞌi, sèna ka jꞌajꞌi dhèu aaꞌi-aaꞌi dhu mamuri ètu dꞌara oka èèna. Èle èèna ka, Ama Lamatua pajꞌajꞌi dhèu aaꞌi-aaꞌi, sèna ka jꞌajꞌi dhèu aaꞌi-aaꞌi, sèna ka jꞌajꞌi dhèu aaꞌi-aaꞌi dhu mamuri ètu dꞌara ajꞌara aaꞌi-aaꞌi ra."
GEN 4:1,"the man slept with eve his wife. she conceived and gave birth to cain. she said, i have produced a man with yahweh's help.","hèia adam j'unu dènge dhèu èmu na, hawa. ka bhèni ne dènge babia. hèia nara iisi ana mone ca dhèu. ka na peka, aku nèngu na, ja'a abhu le ana mone ca dhèu, lula ama lamatua soru nare le ja'a. ka na pangare ana ne, kaen dhu sasoa na ‘abhu'.","hèia Adam maso dènge Hawa, dhèu èmu na. Èle èèna ka, Kain nara iisi. Hèia na peka, aku nèngu na, ""Jaꞌa jꞌajꞌi dhèu mone dènge koasa Ama Lamatua."""
GEN 4:2,"then she gave birth to his brother abel. now abel became a shepherd, but cain cultivated the soil.","hèia hawa nara iisi hari ana mone èci. ka na pangare ne habel. dua ra kapai ka, habel j'aj'i dhèu madhenge badha. aa a'a na kaen, sab'a oka-tedhe.","Èle èèna ka, Kain jꞌajꞌi dhèu madhenga kahibꞌi-kalèbho. Abel jꞌajꞌi dhèu madhenga kahibꞌi-kalèbho. Cain jꞌajꞌi dhèu kahibꞌi-kalèbho."
GEN 4:3,it came about that in the course of time cain brought some of the fruit of the ground as an offering to yahweh.,"ca lod'o, kaen nèti isi rai na cahag'e, ka hia lamatua.","Èle èèna ka, Kain nèti aaꞌi-aaꞌi ètu dꞌara oka, ho jꞌajꞌi korban mi Lamatua."
GEN 4:4,"as for abel, he brought some of the firstborn of his flock and some of the fat. yahweh accepted abel and his offering,","habel nèti ana-ana uuru kahib'i-kalèbho na. na roro kahib'i-kalèbho se, ka nèti sisi dhu be'a hia lamatua. d'ara ama lamatua karej'e ropa ladhe nèdhi korban nèti habel ne.","Èle èèna ka, Ama Lamatua sèmi nare aꞌabel, dènge badha kahibꞌi-kalèbho na. Èle èèna ka, Ama Lamatua sèmi nare aꞌabel, dènge badha kahibꞌi-kalèbho na."
GEN 4:5,"but cain and his offering he did not accept. so cain was very angry, and he scowled.","te ngaa na d'èi boe korban unu kaen. hèia kaen nasa bia, ka rèhu na mare boe.","Te ngaa Kain dènge korban na, Ama Lamatua sèmi boe. Ka Kain nasa bhelu-katubꞌa, ka dꞌara na kapodꞌe-kabèli."
GEN 4:6,"yahweh said to cain, why are you angry and why are you scowling?","ka lamatua lii dènge kaen, aku nèngu na, kaen! nga tao ka èu nasa sèmi èèna, ka rèhu èu mare boe?","Hèia Lamatua peka dènge Kain, aku Nèngu na, ""Nga tao ka èu nasa? Nga tao ka èu dꞌèlu-mèu?"
GEN 4:7,"if you do what is right, will you not be accepted? but if you do not do what is right, sin crouches at the door and desires to control you, but you must rule over it.","ladhe tatao èu be'a, na ja'a sèmi èu dènge hua iia. de mu pangee uuru ku! ladhe èu tao bhelu, na bhabhelu èèna na'e hari èu, sama sèmi meo neo pacèli maraho. de sèmi èu neo tao bhabhelu, be'a risi core eele ka!","Te ngaa ladhe èu tao dhu lèke, Ama Lamatua sèmi nare èu. Te ngaa ladhe èu tao dhu lèke, na, dꞌara èci èèna ka dènge èu ètu dꞌara èmu èu. Nèti èèna ka, dꞌara èu jꞌajꞌi dhèu bhelu-katubꞌa."
GEN 4:8,"cain spoke to abel his brother. it came about that while they were in the fields, cain rose up against abel his brother and killed him.","ca tèka, kaen gale habel, na peka na, mai lati ngad'o oka, we. ropa dua ra d'ai d'ara oka, kaen kalabhe pamadhe ari na.","Èle èèna ka, Kain padhai lii dènge aꞌari na, Habel. Èle èèna ka, dua ra pea ètu dꞌara oka, ka na pamadhe aꞌari na, Habel."
GEN 4:9,"then yahweh said to cain, where is abel your brother? he said, i do not know. am i my brother's keeper?","ka lamatua karèi kaen, aku nèngu na, kaen! ari mu ka mia? hèia kaen dhaa, aku nèngu na, ja'a ke'a boe na ètu mia! èu ngee na, ja'a dhèu kèpe haga na, do?","Èle èèna ka, Lamatua karèi Kain, aku Nèngu na, ""Abel, aꞌari èu, ètu mia?"" Ka Kain dhaa, aku nèngu na, ""Jaꞌa keꞌa boe, do?"""
GEN 4:10,"yahweh said, what have you done? your brother's blood is calling out to me from the ground.","ka lamatua b'ala, nga tao ka èu bhelu sèmi èèna? baku pangee na, èu pahuni more le raa ari èu ètu d'ara rai, te ja'a dhu kèdhi aa'i-aa'i le!","Hèia Lamatua karèi si, aku Nèngu na, ""Tasamia ka miu tao sèmi èèna? Dhèu èmu miu èci èèna ka dhu paꞌoo-parodha Jaꞌa nèti rai-haha ne."""
GEN 4:11,"now cursed are you from the ground, which has opened its mouth to receive your brother's blood from your hand.","de lii dhoo lèke le mi dedha èu. lod'o èu pamadhe ari èu, rai sakid'o nare raa na. de limuri ne, rai bisa heka nèti mamuri mi èu.","Nèti èèna ka, èu jꞌajꞌi ana iiki èu. Èu jꞌajꞌi ana iiki èu. Èu jꞌajꞌi ana iiki èu. Èu jꞌajꞌi ana iiki èu. Èu jꞌajꞌi ana iiki èu. Èu jꞌajꞌi ana iiki èu. Èu jꞌajꞌi ana iiki èu. Èu jꞌajꞌi ana iiki èu. Èu jꞌajꞌi ana iiki èu. Èu jꞌajꞌi ana iiki èu. Èu jꞌajꞌi ana iiki èu. Èu jꞌajꞌi ana iiki èu."
GEN 4:12,"when you cultivate the ground, from now on it will not yield to you its strength. a fugitive and a wanderer you will be in the earth.","de ladhe èu sab'a oka-tedhe, rai ne hia heka èu ngaa-ngaa. nèti deo ne'e, èu lu'u sa haa-sa dhimu, sèmi dhèu dhu dènge boe era paleo-palu'u.","ladhe èu sabꞌa ètu rai-haha ne, hèia rai-haha ne jꞌajꞌi boe èu. Èu jꞌajꞌi dhèu dhu rai-haha ètu rai-haha ne. Èu jꞌajꞌi dhèu dhu rai-haha ètu rai-haha ne. Èu jꞌajꞌi dhèu dhu rai-haha ètu rai-haha ne. Èu jꞌajꞌi dhèu dhu rai-haha ètu rai-haha ne. Èu jꞌajꞌi dhèu dhu rai-haha ètu rai-haha ne. Èu jꞌajꞌi dhèu dhu rai-haha ètu rai-haha ne."
GEN 4:13,"cain said to yahweh, my punishment is greater than i can bear.","te ngaa kaen b'ala lamatua, aku nèngu na, haii! ama lamatua, ee! lamatua dhoo ja'a bia titu kèna, de ja'a pasae mèke boe nga.","Èle èèna ka, Kain peka dènge Lamatua, aku nèngu na, ""Ladhe jaꞌa abhu jꞌajꞌèra sèmi èèna, jaꞌa bisa boe abhu jꞌajꞌèra sèmi èèna. Jaꞌa abhu jꞌajꞌèra sèmi èèna, te ngaa jaꞌa bisa boe abhu jꞌajꞌèra sèmi èèna."""
GEN 4:14,"indeed, you have driven me out this day from this ground, and i will be hidden from your face. i will be a fugitive and a wanderer in the earth, and whoever finds me will kill me.","lula lamatua bège eele ja'a nèti era ne'e, ja'a kaj'èu nèti ama lamatua. ja'a kako lole-laa asa mia-mia. de ladhe paraga dènge dhèu, èèna na ra pamadhe ja'a.","Nèti èèna ka, Ama Lamatua babège eele jaꞌa nèti rai-haha ne. Nèti èèna ka, jaꞌa pakajꞌèu ètu rai-haha ne. Dhèu aaꞌi-aaꞌi dhu paraga dènge jaꞌa, bèli-camèdꞌa ra pamadhe jaꞌa."
GEN 4:15,"yahweh said to him, if anyone kills cain, vengeance will be taken on him sevenfold. then yahweh put a mark on cain, so that if anyone found him, that person would not attack him.","te ngaa lamatua dhaa na, aad'o sèmi èèna! dhèu cee dhu pamadhe èu, èèna na ja'a huku ne, babia na pidhu hari risi nèti èu. hèia lamatua tao tadha mi kaen, sèna ka dhèu re'a ho baku pamadhe ne.","Hèia Lamatua peka dènge Kain, aku Nèngu na, ""Ladhe abhu dhèu dhu pamadhe Kain, bèli-camèdꞌa bèli-camèdꞌa Ama Lamatua pamaꞌète ngaa-ngaa. Ladhe abhu dhèu dhu neo pamadhe Kain, bèli-camèdꞌa Ama Lamatua dedꞌe cap ètu dꞌara Kain, sèna ka abhu dhèu dhu neo pamadhe ne."""
GEN 4:16,"so cain went out from the presence of yahweh and lived in the land of nod, on the east of eden.","hèia kaen tèke eele dènge era èèna. la'e pakaj'èu nèti lamatua, asa era èci, ètu bèka dhimu oka eden. era ne'e, ngara na nod dhu sasoa na, ‘lole-laa'. ka na pea ètu era èèna.","Èle èèna ka, Kain kalua nèti madha Lamatua, laꞌe pea ètu rai Nod, ètu sebhe rai Eden."
GEN 4:17,cain slept with his wife and she conceived. she gave birth to enoch. he built a city and named it after his son enoch.,"hèia kaen leo-èmu, ka dhèu èmu na dènge babia. ka nara iisi ana mone ca dhèu, dhu pangare na henok. hèia kaen patitu rae cue, ngara na henok, madhutu ngara ana na.","Èle èèna ka, Kain nara iisi dènge dhèu èmu na. Ka Kain nara iisi ana mone èci, ngara na Henok. Ka Kain pajꞌujꞌu kota èci, ka ra pangare ne, ngara ana na Henok."
GEN 4:18,to enoch was born irad. irad became the father of mehujael. mehujael became the father of methushael. methushael became the father of lamech.,"ka henok matana irad. hèia irad matana mehuyael. mehuyael matana metusael. aa ana metusael, lamek.","Erod, ama na, Henok. Erod, ama na, Mehual. Mehual, ama na, Metusela. Metusela, ama na, Lamek."
GEN 4:19,"lamech took for himself two wives. the name of the one was adah, and the name of the other was zillah.","dhèu èmu lamek, dhèu dua. èci ngara na ada, aa ca dhèu hari, ngara na sila.","Èle èèna ka, Lamek abhu dhèu èmu dua, ngara na Adah, aa ngara na Zilla."
GEN 4:20,adah gave birth to jabal. he was the father of those who lived in tents who have livestock.,"ana ada, ngara na yabal. ana-èpu na, j'aj'i dhèu piara badha. mamuri ra ètu boe ca era, aa ra pea dhoka ètu d'ara paleo di.","Adah jꞌajꞌi ama na, Jabal. Nèngu ne, ama dhèu aaꞌi-aaꞌi dhu mamuri ètu dꞌara hèbꞌa dènge kahibꞌi-kalèbho."
GEN 4:21,his brother's name was jubal. he was the father of those who play the harp and pipe.,"ari yabal, ngara na yubal. ana-èpu yubal, j'aj'i dhèu gai sasadhu, dènge tiu sakino.","aꞌari na èci, ngara na Jual. Nèngu ne, ama dhèu aaꞌi-aaꞌi dhu tadèngi lii sodꞌa dènge kacui-aai."
GEN 4:22,"as for zillah, she bore tubal-cain, the forger of tools of bronze and iron. the sister of tubal-cain was naamah.","dhèu èmu lamek èci hari, sila, nara iisi tubal kaen. ana-èpu na j'aj'i tuka bèsi, ka ra tuku mèdha ae-ae tao nèti bèsi, dènge tabaga. ana hèni tubal kaen, ngara na na'ama.","aꞌari na, Tubal Cain, ngara na Naama. Nèngu jꞌajꞌi dhèu sabꞌa dhu tao bèdho dènge bèdho. Nèngu jꞌajꞌi dhèu sabꞌa dhu tao bèdho dènge bèdho. Nèngu jꞌajꞌi dhèu sabꞌa dhu tao bèdho dènge bèdho. Nèngu jꞌajꞌi dhèu sabꞌa dhu tao bèdho dènge bèdho dènge bèdho. Nèngu jꞌajꞌi dhèu sabꞌa dhu tao bèdho dènge bèdho dènge bèdho."
GEN 4:23,"lamech said to his wives, adah and zillah, listen to my voice; you wives of lamech, listen to what i say. for i have killed a man for wounding me, a young man for bruising me.","ca tèka, lamek padedha iisi na ètu madha dhèu èmu dua ra, peka na, mi nanene, ee! deo na, ana mone ngèru èci neo game ja'a. te ngaa ja'a dhadhedhe ne, toke madhe.","Hèia Lamek peka dènge dhèu èmu-kamali na sèra, aku nèngu na, ""Adha dènge Zilla, nanene paie-iie lii jaꞌa! Miu dhèu èmu Lamek, nanene paie-iie lii jaꞌa! Te jaꞌa pamadhe dhèu èci, lula nèngu paꞌele iie jaꞌa. Jaꞌa pamadhe ana mone ca dhèu, lula nèngu paꞌele iie jaꞌa."
GEN 4:24,"if cain is avenged seven times, then lamech will be avenged seventy-seven times.","dhèu dhu pamadhe kaen, abhu huku pidhu hari. te ngaa cee ka dhu neo b'ala ho pamadhe ja'a, abhu huku pidhu nguru pidhu hari.","ladhe cain abhu bhelu-katubꞌa pidhu, na, Lamek abhu bhelu-katubꞌa pidhu nguru pidhu."
GEN 4:25,"adam slept with his wife again, and she bore another son. she called his name seth and said, god has given me another son in the place of abel, for cain killed him.","ka hawa nara iisi hari ana mone ca dhèu. hèia ra pangare ne, set dhu sasoa na, ‘hia', lula aku hawa na, ama lamatua hia ja'a ana ne, sèna ka gati madha habel, dhu kaen pamadhe ne.","Èle èèna ka, Adam mamuri hari dènge dhèu èmu na. Ka bhèni ne nara iisi ana mone ca dhèu. Hèia na pangare ne, Seth, peka na, ""Ama Lamatua pangèdꞌu le ana mone ca dhèu ho jꞌajꞌi dhèu aae Habel, lula Kain ka dhu pamadhe ne."""
GEN 4:26,a son was born to seth and he called his name enosh. at that time people began to call on the name of yahweh.,"pe d'ai nèbhu ku, set abhu ana mone ca dhèu, dhu pangare na enos. tèu èèna, dhèu mulai manèngi-mangaj'i mi ama lamatua.","Èle èèna ka, Seth abhu ana mone ca dhèu, ngara na Enos. Èle èèna ka, dhèu aaꞌi-aaꞌi paꞌoo-parodha kolongara Lamatua."
GEN 5:1-2,"this is the record of the descendants of adam. on the day that god created mankind, he made them in his own likeness. male and female he created them. he blessed them and named them mankind when they were created.","lod'o ama lamatua paj'aj'i dhèu rai-haha, na tao si sama sèmi rupa nèngu. na paj'aj'i si, dhèu mone dènge dhèu bhèni. ka na pangare si ‘dhèu rai-haha', aa na hia si berkat. dhèu dhu uru, ngara na adam. ana-èpu adam, nuka sèmi ne'e ka:","Ètu dꞌara lodꞌo Lamatua pajꞌajꞌi dhèu rai-haha, Na pajꞌajꞌi dhèu dua, dhèu mone dènge dhèu bhèni. Èle èèna ka, Lamatua pajꞌajꞌi dhèu dua, ka Na pua-paleha si, ka Na pangare si, 'Dhèu Rai-haha'."
GEN 5:3,"when adam had lived 130 years, he became the father of a son in his own likeness, after his image, and he called his name seth.","lod'o adam d'ai ca ngasu tèlu nguru tèu, na matana ana mone ca dhèu, dhu rèhu na nare adam. ka pangare na, set.","Èle èèna ka, Adam pea ètu rai-haha ne, toke dꞌai ca tèu nguru tèu. Èle èèna ka, Adam nara iisi ana mone ca dhèu, dhu èci èèna ka dènge dhèu èmu-kamali na. Hèia na paroa ana ne, Seth. [Dhèu aaꞌi-aaꞌi dhu jꞌajꞌi dhèu aaꞌi-aaꞌi dhu jꞌajꞌi dhèu aaꞌi-aaꞌi, nuka sèmi dhèu aaꞌi-aaꞌi dhu jꞌajꞌi dhèu aaꞌi-aaꞌi, nuka sèmi dhèu aaꞌi-aaꞌi dhu jꞌajꞌi dhèu aaꞌi-aaꞌi, nuka sèmi dhèu aaꞌi-aaꞌi dhu jꞌajꞌi dhèu aaꞌi-aaꞌi, nuka sèmi dhèu aaꞌi-aaꞌi dhu jꞌajꞌi dhèu aaꞌi-aaꞌi, nuka sèmi dhèu aaꞌi-aaꞌi."
GEN 5:4,"after adam became the father of seth, he lived eight hundred years. he became the father of more sons and daughters.","ka adam mamuri hari d'ai aru ngasu tèu, hèia na abhu hari ana mone dènge ana bhèni.","Èle èèna ka, Adam jꞌajꞌi dhèu aaꞌi-aaꞌi. Èle èèna ka, Adam jꞌajꞌi dhèu aaꞌi-aaꞌi. Èle èèna ka, Adam jꞌajꞌi dhèu aaꞌi-aaꞌi. Èle èèna ka, Adam jꞌajꞌi dhèu aaꞌi-aaꞌi. Èle èèna ka, Adam jꞌajꞌi dhèu aaꞌi-aaꞌi. Èle èèna ka, Adam jꞌajꞌi dhèu aaꞌi-aaꞌi."
GEN 5:5,"adam lived 930 years, and then he died.","umur adam ceo ngasu tèlu nguru tèu, heka madhe kèna.","Èle èèna ka, Adam mamuri toke dꞌai 930, hèia na madhe."
GEN 5:6,"when seth had lived 105 years, he became the father of enosh.","lod'o set d'ai ca ngasu lèmi tèu, na abhu ana mone ca dhèu, ngara na enos.","Lodꞌo Seth mamuri, nèngu mamuri èpa nguru nguru tèu. Èle èèna ka, na nara iisi Enos."
GEN 5:7,"after he became the father of enosh, he lived 807 years and became the father of more sons and daughters.","ka set mamuri hari d'ai aru ngasu pidhu tèu, na abhu hari ana mone dènge ana bhèni.","Nèti èèna ka, Henos mamuri dꞌai 807 tèu. Nèngu jꞌajꞌi dhèu aaꞌi-aaꞌi ra."
GEN 5:8,"seth lived 912 years, and then he died.","umur set ceo ngasu canguru dua tèu, heka madhe kèna.","Seth pea ètu rai-haha ne, toke nèbhu-nèbhu. Nèbhu-nèbhu, nèbhu-nèbhu, nèbhu-nèbhu, nèbhu-nèbhu, nèbhu-nèbhu. Nèbhu-nèbhu, nèbhu-nèbhu, nèbhu-nèbhu, nèbhu-nèbhu, nèbhu-nèbhu, nèbhu-nèbhu, nèbhu-nèbhu, nèbhu-nèbhu, nèbhu-nèbhu, nèbhu-nèbhu."
GEN 5:9,"when enosh had lived ninety years, he became the father of kenan.","lod'o enos mamuri d'ai ceo nguru tèu, na matana ana mone ca dhèu, ngara na kenan.","Lodꞌo èèna, Enos mamuri nèbhu-nèbhu. Hèia na nara iisi Kenan."
GEN 5:10,"after he became the father of kenan, enosh lived 815 years. he became the father of more sons and daughters.","ka enos mamuri hari d'ai aru ngasu canguru lèmi tèu, na abhu hari ana mone dènge ana bhèni.","Lodꞌo èèna, Henos mamuri èpa nguru nguru nguru tèu nguru nguru tèu. Hèia na jꞌajꞌi ana mone dènge ana bhèni."
GEN 5:11,"enosh lived 905 years, and then he died.","umur enos ceo ngasu lèmi tèu, heka madhe kèna.","Lodꞌo Enos pea ètu rai-haha ne, nèngu mamuri toke dꞌai 905 tèu. Èle èèna ka, na madhe."
GEN 5:12,"when kenan had lived seventy years, he became the father of mahalalel.","lod'o kenan d'ai pidhu nguru tèu, na matana ana mone ca dhèu, ngara na mahalalel.","Èle èèna ka, Kenan mamuri pidhu nguru tèu. Hèia na nara iisi Musalel."
GEN 5:13,"after he became the father of mahalalel, kenan lived 840 years. he became the father of more sons and daughters.","ka kenan mamuri hari d'ai aru ngasu èpa nguru tèu, ka na abhu hari ana mone dènge ana bhèni.","Èle èèna ka, Kenan jꞌajꞌi dhèu aae manèngi-mangajꞌi. Na jꞌajꞌi dhèu aae manèngi-mangajꞌi. Na jꞌajꞌi dhèu aae manèngi-mangajꞌi. Na jꞌajꞌi dhèu aae manèngi-mangajꞌi. Na jꞌajꞌi dhèu aae manèngi-mangajꞌi. Na jꞌajꞌi dhèu aae manèngi-mangajꞌi. Na jꞌajꞌi dhèu aae manèngi-mangajꞌi. Na jꞌajꞌi dhèu aae manèngi-mangajꞌi."
GEN 5:14,"kenan lived 910 years, and then he died.","umur kenan ceo ngasu canguru tèu, heka madhe kèna.","Na mamuri toke dꞌai 910 tèu, hèia na madhe."
GEN 5:15,"when mahalalel had lived sixty-five years, he became the father of jared.","lod'o mahalalel d'ai èna nguru lèmi tèu, na abhu ana mone ca dhèu, ngara na yared.","Èle èèna ka, Naamalele mamuri èpa nguru nguru tèu. Èle èèna ka, na nara iisi Yared."
GEN 5:16,"after he became the father of jared, mahalalel lived 830 years. he became the father of more sons and daughters.","ka mahalalel mamuri hari d'ai aru ngasu tèlu nguru tèu, na abhu hari ana mone dènge ana bhèni.","Èle èèna ka, na jꞌajꞌi dhèu aaꞌi-aaꞌi. Na jꞌajꞌi dhèu aaꞌi-aaꞌi. Èle èèna ka, Na jꞌajꞌi dhèu aaꞌi-aaꞌi. Rèngu jꞌajꞌi dhèu aaꞌi-aaꞌi. Rèngu jꞌajꞌi dhèu aaꞌi-aaꞌi. Rèngu jꞌajꞌi dhèu aaꞌi-aaꞌi dhu jꞌajꞌi dhèu aaꞌi-aaꞌi. Rèngu jꞌajꞌi dhèu aaꞌi-aaꞌi dhu jꞌajꞌi dhèu aaꞌi-aaꞌi. Rèngu jꞌajꞌi dhèu aaꞌi-aaꞌi dhu jꞌajꞌi dhèu aaꞌi-aaꞌi dhu jꞌajꞌi dhèu aaꞌi-aaꞌi."
GEN 5:17,"mahalalel lived 895 years, and then he died.","umur mahalalel aru ngasu ceo nguru lèmi tèu, heka na madhe kèna.","Nèti èèna ka, Ama Lamatua bhoke jꞌara ho jꞌajꞌi dhèu aaꞌi-aaꞌi. Nèti èèna ka, Ama Lamatua bhoke jꞌara ho jꞌajꞌi dhèu aaꞌi-aaꞌi. Nèti èèna ka, Ama Lamatua bhoke jꞌara ho jꞌajꞌi dhèu aaꞌi-aaꞌi. Nèti èèna ka, Ama Lamatua bhoke jꞌara ho jꞌajꞌi dhèu aaꞌi-aaꞌi."
GEN 5:18,"when jared had lived 162 years, he became the father of enoch.","lod'o yared d'ai cangasu èna nguru dua tèu, na abhu ana mone ca dhèu, ngara na henok.","Lodꞌo Yared mamuri, na jꞌajꞌi èpa nguru dua nguru dua dhèu. Èle èèna ka, na nara iisi Enok."
GEN 5:19,"after he became the father of enoch, jared lived eight hundred years. he became the father of more sons and daughters.","ka yared mamuri d'ai aru ngasu tèu, na abhu hari ana mone dènge ana bhèni.","Nèti èèna ka, Yared jꞌajꞌi ana nèti Henok, lodꞌo dꞌai 800 tèu. Nèngu jꞌajꞌi dhèu aaꞌi-aaꞌi ra."
GEN 5:20,"jared lived 962 years, and then he died.","umur yared ceo ngasu èna nguru dua tèu, heka madhe kèna.","Yared mamuri toke dꞌai 962 tèu, hèia na madhe."
GEN 5:21,"when enoch had lived sixty-five years, he became the father of methuselah.","ropa henok mamuri d'ai èna nguru lèmi tèu, na matana ana mone ca dhèu, ngara na metusalak.","Lodꞌo Henok mamuri èpa nguru nguru tèu, na abhu Metuselah."
GEN 5:22,enoch walked with god three hundred years after he became the father of methuselah. he became the father of more sons and daughters.,"ele èèna, henok mamuri d'ara èci dènge ama lamatua d'ai tèlu ngasu tèu. ka na abhu hari ana mone dènge ana bhèni.","Èle èèna ka, Henok mamuri taruu dènge Ama Lamatua, toke dꞌai tèlu nguru tèu. Èle èèna ka, Henok nara iisi Metuselah. Nèngu nara iisi hari ana mone dènge ana bhèni."
GEN 5:23-24,"enoch lived 365 years. enoch walked with god, and then he was gone, for god took him.","na mamuri d'ara èci dènge ama lamatua. hèia lod'o na d'ai tèlu ngasu èna nguru lèmi tèu, ka na ele, lula ama lamatua paca'e ne sa dedha.","Henok pea ètu rai-haha ne, toke èle èpa nguru tèlu nguru tèu. Nèngu mamuri dènge Ama Lamatua."
GEN 5:25,"when methuselah had lived 187 years, he became the father of lamech.","lod'o metusalak d'ai cangasu aru nguru pidhu tèu, na matana ana mone èci, ngara na lamek.","Èle èèna ka, Metusala mamuri dꞌai canguru nguru nguru nguru nguru èèna. Hèia na nara iisi Lamek."
GEN 5:26,"after he became the father of lamech, methuselah lived 782 years. he became the father of more sons and daughters.","èle èèna ka, metusalak mamuri hari d'ai pidhu ngasu aru nguru dua tèu, ka na abhu hari ana mone dènge ana bhèni.","Èle èèna ka, Methuk jꞌajꞌi ama Lamek, dꞌai 782 tèu. Hèia na jꞌajꞌi ama ana mone dènge ana bhèni cahagꞌe."
GEN 5:27,methuselah lived 969 years. then he died.,"umur metusalak ceo ngasu èna nguru ceo tèu, heka madhe kèna.","Nèti èèna ka, dhèu aaꞌi-aaꞌi ra mamuri toke dꞌai 969 tèu. Èle èèna ka, dhèu aaꞌi-aaꞌi ra madhe."
GEN 5:28,"when lamech had lived 182 years, he became the father of a son.","lod'o lamek mamuri d'ai ca ngasu aru nguru dua tèu, na matana ana mone ca dhèu.","Èle èèna ka, Lamek mamuri 182 tèu, hèia na nara iisi ana mone ca dhèu."
GEN 5:29,"he called his name noah, saying, this one will give us rest from our work and from the painful labor of our hands, which we must do because of the ground that yahweh has cursed.","lamek pangare ne noh dhu sasoa na ‘pakarej'e d'ara', lula na peka na, ana ne, èèna na pakarej'e d'ara èdhi nèti sasab'a dhu bia, ètu rai dhu ama lamatua dhoo le.","Èle èèna ka, Ama Lamatua pua ana ne, ngara na Noh, lula Na peka na, ""Dhèu neꞌe ne ka dhu hia èdhi jꞌajꞌèra, sèna ka èdhi bisa mamuri taruu, lula èdhi tao jꞌajꞌèra aaꞌi-aaꞌi ètu rai-haha ne, lula Lamatua pahaha iisi nèti rai-haha ne. Nèti èèna ka, bèli-camèdꞌa èdhi tao jꞌajꞌèra aaꞌi-aaꞌi ètu rai-haha ne, sèna ka èdhi bisa mamuri tareꞌa-reꞌa, lula èdhi tao jꞌajꞌèra aaꞌi-aaꞌi ètu rai-haha ne."""
GEN 5:30,lamech lived 595 years after he became the father of noah. he became the father of more sons and daughters.,"ka lamek mamuri taruu d'ai lèmi ngasu ceo nguru lèmi tèu, aa na abhu hari ana mone dènge ana bhèni.","Èle èèna ka, Lamek pea ètu rai-haha ne, dꞌai lèmi nguru nguru nguru nguru nguru tèu. Nèngu jꞌajꞌi dhèu aaꞌi-aaꞌi. Nèngu jꞌajꞌi dhèu aaꞌi-aaꞌi. Nèngu jꞌajꞌi dhèu aaꞌi-aaꞌi. Nèngu jꞌajꞌi dhèu aaꞌi-aaꞌi dhu jꞌajꞌi dhèu aaꞌi-aaꞌi. Nèngu jꞌajꞌi dhèu aaꞌi-aaꞌi dhu jꞌajꞌi dhèu aaꞌi-aaꞌi. Nèngu jꞌajꞌi dhèu aaꞌi-aaꞌi dhu jꞌajꞌi dhèu aaꞌi-aaꞌi dhu jꞌajꞌi dhèu aaꞌi-aaꞌi."
GEN 5:31,lamech lived 777 years. then he died.,"umur lamek pidhu ngasu pidhu nguru pidhu tèu, heka na madhe kèna.","Lamech mamuri 777 tèu. Èle èèna ka, na madhe."
GEN 5:32,"after noah had lived five hundred years, he became the father of shem, ham, and japheth.","lod'o noh mamuri d'ai lèmi ngasu tèu, na matana ana mone dhèu tèlu, sem, yafet dènge ham.","Èle èèna ka, Noh mamuri lèmi ngasu, hèia na nara iisi Sem, Ham, dènge Yafet."
GEN 6:1,"it came about when mankind began to multiply on the earth and daughters were born to them,","taa èèna, dhèu rai-haha, asa bèba-kacanga. ka ra papala-palème rai-haha. dhèu se matana kahèi ana-ana bhèni.","Èle èèna ka, bèli-camèdꞌa dhèu aaꞌi-aaꞌi jꞌajꞌi dhèu ae-ae ètu rai-haha, ka ra abhu ana bhèni."
GEN 6:2,"that the sons of god saw that the daughters of mankind were attractive. they took for themselves wives, any of them that they chose.","ana-ana mone nèti lamatua ladhe rèdhi ana bhèni nèti dhèu rai-haha se, bhèni iia hua. ka lasi todhe rare ana bhèni mia dhu ra d'èi.","Lodꞌo èèna, ana-ana Ama Lamatua ladhe rèdhi dhèu aaꞌi-aaꞌi, na, dhèu aaꞌi-aaꞌi ètu rai-haha ne, beꞌa titu kèna. Nèti èèna ka, dhèu aaꞌi-aaꞌi dhu ra hagꞌe nare, rèngu jꞌajꞌi dhèu èmu."
GEN 6:3,"yahweh said, my spirit will not remain in mankind forever, for they are flesh. they will live 120 years.","ka lamatua peka na, ja'a roca le dènge tatao dhèu dhu lèke-lèke boe se. roh ja'a dhu pamamuri rèngu sa, d'èi heka hia ra mamuri manèro. hud'i rèngu madhe ku. de èèna na, mamuri rèngu se dhoka d'ai ca ngasu dua nguru tèu di.","Èle èèna ka, Lamatua peka dènge Ne, aku Nèngu na, ""Dhèu rai-haha ne, dhèu rai-haha. Nèti èèna ka, Roh Jaꞌa pea boe ètu dꞌara dhèu rai-haha ne. Nèti èèna ka, dhèu rai-haha ne jꞌajꞌi dhèu rai-haha, toke dꞌai èpa nguru dua nguru tèu."
GEN 6:4,"giants were on the earth in those days, and also afterward. this happened when the sons of god married daughters of men, and they had children with them. these were the mighty men of old, men of renown.","taa èèna, dènge taa-tebho dhu limuri nèti èèna hari, abhu le dhèu raksasa ètu rai-haha ne. ropa ana mone nèti lamatua leo rare ana bhèni dhèu rai-haha se, ka rara iisi dhèu kapai, nuka: kapala musu, dhèu re'a madhutu lii lolo uru-uru sèra.","Lodꞌo èèna, dhèu aae-dhèu kapai ètu rai-haha ne. Lodꞌo èèna, dhèu aae-dhèu kapai ètu rai-haha ne, dhèu aae-dhèu kapai. Dhèu aae-dhèu kapai èèna, dhèu aae-dhèu kapai. Dhèu aae-dhèu kapai se, dhèu aae-dhèu kapai."
GEN 6:5,"yahweh saw that the wickedness of mankind was great in the earth, and that every inclination of the thoughts of their hearts was only evil continually.","taa èèna, lamatua ladhe nèdhi bhabhelu-katub'a dhèu rai-haha dhu seli-kolane. d'ara rèngu pangee dhoka bhabhelu di.","Èle èèna ka, Lamatua ladhe nèdhi, na, dhèu rai-haha tao jꞌara-jꞌara bhelu-katubꞌa ae-ae ètu rai-haha ne, aa dꞌara rèngu aaꞌi-aaꞌi ra bhelu-katubꞌa di."
GEN 6:6,"yahweh regretted that he had made mankind on the earth, and it grieved him to his heart.","ka lamatua manyasa, lula na paj'aj'i le rèngu se ho pea ètu rai-haha ne. tatao rèngu ne'e ka dhu papèd'a d'ara lamatua.","Èle èèna ka, Lamatua pangee, na, Nèngu dhu pajꞌajꞌi dhèu aaꞌi-aaꞌi ètu rai-haha ne. Hèia dꞌara Lamatua bhèlu, lula Nèngu pajꞌajꞌi dhèu aaꞌi-aaꞌi ètu rai-haha ne."
GEN 6:7,"so yahweh said, i will wipe away mankind whom i have created from the surface of the earth; both mankind and the larger animals, and creeping things and birds of the heavens, for i am sorry that i have made them.","nèti èèna ka, na peka na, dènge tatao rèngu sèmi èèna na, ja'a huku pamadhe dhèu rai-haha aa'i-aa'i dhu paj'aj'i kore si le. manu-bhui dènge badha leo sèra, ja'a palaho aa'i si kahèi. te ja'a manyasa, nèti ja'a ka paj'aj'i si.","Èle èèna ka, Lamatua peka, aku Nèngu na, ""Jaꞌa neo pamadhe dhèu aaꞌi-aaꞌi dhu Jaꞌa pajꞌajꞌi ètu rai-haha ne, nuka: dhèu, badha aaꞌi-aaꞌi, badha aaꞌi-aaꞌi, badha aaꞌi-aaꞌi, dènge manu-bhui ètu dedha-liru. Te Jaꞌa sanèdꞌe, lula Jaꞌa pajꞌajꞌi dhèu aaꞌi-aaꞌi."
GEN 6:8,but noah found favor in the eyes of yahweh.,te ngaa noh di dhu pakarej'e d'ara lamatua.,"Te ngaa nèti èèna ka, Lamatua padꞌelo dꞌara hua iia Na mi Nèngu. Nèti èèna ka, Lamatua padꞌelo dꞌara hua iia Na mi Nèngu. Nèti èèna ka, Lamatua padꞌelo dꞌara hua iia Na mi Nèngu. Nèti èèna ka, Lamatua padꞌelo dꞌara hua iia Na mi Nèngu."
GEN 6:9-10,"these were the events concerning noah. noah was a righteous man, and blameless among the people of his time. noah walked with god. noah became the father of three sons: shem, ham, and japheth.","lii lolo noh sèmi ne'e ka: ana mone na, dhèu tèlu, nuka sem, yafet dènge ham. noh mamuri dènge mola, koe-kapengo boe. taa èèna, nèngu di dhu mamuri mola. d'ara na dhodhoka ètu ama lamatua.","Nèngu ne, dhèu dꞌara mola-mèci ètu rai-haha ne. Nèngu mamuri mola-mèci dènge Ama Lamatua. Nèngu jꞌajꞌi dhèu dhu dꞌara mola-mèci. Nèngu jꞌajꞌi dhèu aaꞌi-aaꞌi, nuka Sem, Ham, dènge Yafet."
GEN 6:11-12,"the earth was corrupt before god, and it was filled with violence. god saw the earth; behold, it was corrupt, for all flesh had corrupted their way upon the earth.","te ngaa dhèu leo se, ama lamatua ladhe ra bhelu aa'i mèu-mèu. ètu mia-mia èèna ka, j'ara mamuri dhèu se ele iie aa'i. ama lamatua nèdhi dhodhoka bhabhelu di, ètu rai-haha ne.","Èle èèna ka, dhèu aaꞌi-aaꞌi ètu rai-haha ne jꞌajꞌi bhabhelu-katubꞌa. Dhèu aaꞌi-aaꞌi ètu rai-haha ne jꞌajꞌi bhabhelu-katubꞌa, lula dhèu aaꞌi-aaꞌi dhu mamuri ètu rai-haha ne jꞌajꞌi bhabhelu-katubꞌa."
GEN 6:13,"god said to noah, i can see that it is time to put an end to all flesh, for the earth is filled with violence through them. indeed, i will destroy them with the earth.","hèia ama lamatua peka dènge noh, aku nèngu na, ja'a kèdhi dhoka bhabhelu dhèu di, dhu pale-lème rai-haha ne. ka ja'a pama'ète kore le, sèna ka ja'a palaho aa'i rai-haha ne dènge isi na aa'i-aa'i.","Èle èèna ka, Ama Lamatua peka dènge Noh, aku Nèngu na, ""Jaꞌa neo pamadhe dhèu aaꞌi-aaꞌi dhu mamuri ètu rai-haha ne, lula ra tao jꞌara-jꞌara bhelu-katubꞌa ètu rai-haha ne. Nèti èèna ka, Jaꞌa neo pamadhe dhèu aaꞌi-aaꞌi dhu mamuri ètu rai-haha ne."
GEN 6:14,"make for yourself an ark of cypress wood. make rooms in the ark, and cover it with pitch within and without.","de sèmi ne'e, noh! èu tao kapa aae cue, dhu tao nèti aj'u adhu. re d'ara roa na, èu bagi mi kama-kama. aa re d'ara dènge li'u kapa, èu lame dènge èi dama.",Èu hudꞌi tao kètu èci nèti ajꞌu ajꞌu cijꞌu. Èu hudꞌi tao kètu èci nèti ajꞌu ajꞌu cijꞌu. Èu hudꞌi tao kètu èèna dènge hèbꞌa ètu dꞌara. Èu hudꞌi tao kètu èèna dènge hèbꞌa ètu dꞌara. Èu hudꞌi tao kètu èèna dènge hèbꞌa ètu dꞌara.
GEN 6:15,"this is how you will make it: the length of the ark is to be three hundred cubits; the breadth of it is to be fifty cubits, and the height of it is to be thirty cubits.","mu sab'e kapa na, madhera na ca ngasu tèlu nguru tèlu meter; bhabhèla na dua nguru dua meter; dènge katitu na canguru tèlu meter.","Sasuri ne hudꞌi tao sèmi neꞌe ka: dhimu na, tèlu nguru hèru; hèru na, lèmi hèru hèru hèru hèru hèru hèru hèru hèru hèru hèru hèru hèru hèru hèru hèru hèru hèru."
GEN 6:16,"make a roof for the ark, and finish it at a cubit from the top of the side. place a door in the side of the ark and make a lower, a second, and a third deck.","èu tao èmu ètu dedha kapa na. te ngaa paconga ca laa ai nèti kadidhi re dedha. èu bagi kapa ne mi tèlu tad'a. aa re karasa na, tao babèdho èci.","Èle èèna ka, èu hudꞌi tao èmu èci ètu liꞌu. Èmu èèna hudꞌi tao èmu èci ètu liꞌu. Èmu èèna hudꞌi tao èmu èci ètu liꞌu. Èmu èèna hudꞌi tao èmu èci ètu liꞌu. Èmu ka dua, aa èmu ka tèlu, èmu èèna hudꞌi tao èmu èci ètu liꞌu."
GEN 6:17,"listen, i am about to bring the flood of waters upon the earth, to destroy all flesh that has in it the breath of life from under heaven. everything that is on the earth will die.","sanèd'e paie-iie! bèli-camèd'a, ja'a papuru èi aae lala, ho pacène eele rai-haha ne, sèna ka pamadhe aa'i dhu mamuri.","Nèti èèna ka, dhèu aaꞌi-aaꞌi dhu mamuri ètu dedha-liru aaꞌi-aaꞌi ra, bèli-camèdꞌa dhèu aaꞌi-aaꞌi ra madhe."
GEN 6:18,"but i will establish my covenant with you. you will come into the ark, you, and your sons, and your wife, and your sons' wives with you.","te ngaa ja'a pa'èki lii pajaji dènge èu. èèna na, èu maso d'ara kapa èèna, mèti dènge dhèu èmu èu, ana-ana èu, dènge dhèu èmu ana-ana èu.","Te ngaa Jaꞌa paꞌèki le dènge èu, sèna ka èu, ana-èpu èu, dhèu èmu èu, dènge bhèni ana-èpu èu, maso asa dꞌara kapa."
GEN 6:19-20,"of every living creature of all flesh, two of every kind you must bring into the ark, to keep them alive with you, both male and female. of the birds after their kind, and of the larger animals after their kind, of every creeping thing of the ground after its kind, two of every sort will come to you, to keep them alive.","badha aa'i-aa'i ra, èu hag'e more ca pasa-ca pasa, eo mèti asa d'ara kapa, ho ra abhu mamuri dènge èu kahèi. sèmi: badha ani, manu-bhui, dènge badha dhu rod'o, sèna ka ra abhu mamuri.","Bèli-camèdꞌa nèti badha aaꞌi-aaꞌi dènge badha aaꞌi-aaꞌi ètu rai-haha ne, bèli-camèdꞌa nèti badha aaꞌi-aaꞌi, badha aaꞌi-aaꞌi dènge badha aaꞌi-aaꞌi ètu rai-haha ne, bèli-camèdꞌa nèti badha aaꞌi-aaꞌi, badha aaꞌi-aaꞌi, badha aaꞌi-aaꞌi, badha aaꞌi-aaꞌi, badha aaꞌi-aaꞌi, badha aaꞌi-aaꞌi, badha aaꞌi-aaꞌi, badha aaꞌi-aaꞌi, badha aaꞌi-aaꞌi, badha aaꞌi-aaꞌi, badha aaꞌi-aaꞌi, badha aaꞌi-aaꞌi, badha aaꞌi-aaꞌi, badha aaꞌi-aaꞌi, badha aaꞌi-aaꞌi."
GEN 6:21,"gather for yourself every kind of food that is eaten and store it, so that it will be food for you and for them.","èu hud'i mèti dènge nganga'a-nganginu, pala miu dènge pala badha sèra hèi.","Sèmi èèna kahèi dènge dhèu aaꞌi-aaꞌi dhu raꞌa-rinu sèra, èu hudꞌi pakaboko ku, sèna ka raꞌa-rinu èu dènge rèngu aaꞌi-aaꞌi raꞌa-rinu sèra. Èu hudꞌi pakaboko ku dènge dhèu aaꞌi-aaꞌi dhu raꞌa-rinu sèra, sèna ka raꞌa-rinu èu dènge rèngu aaꞌi-aaꞌi raꞌa-rinu sèra."
GEN 6:22,"so noah did this. according to all that god commanded him, so he did.",ka noh sab'e madhutu sèmi lii paredha ama lamatua aa'i-aa'i sèra.,"Hèia Noh tao madhutu aaꞌi-aaꞌi dhu Lamatua paredha ne. Nèti èèna ka, nèngu tao madhutu aaꞌi-aaꞌi dhu Lamatua paredha ne."
GEN 7:1,"yahweh said to noah, come, you and all your household, into the ark, for i have seen that you are righteous before me in this generation.","èle èèna ka, lamatua peka dènge noh, ja'a ladhe le palème, te ngaa abhu dhoka èu di dhu d'ara mola. nèti èèna ka, èu dènge bhèni-ana niki èu, lami ka asa d'ara kapa.","Èle èèna ka, Lamatua peka dènge Noh, aku Nèngu na, ""Lamu asa dꞌara kapa, èu dènge isi èmu èu aaꞌi-aaꞌi èu. Te ètu talora dhèu aaꞌi-aaꞌi èèna, Ama Lamatua ladhe-leru èu."
GEN 7:2-3,"of every clean animal you will bring with you seven males and seven females. from the animals that are not clean, of them bring two, the male and his mate. also of the birds of the sky, bring seven males and seven females, to preserve their offspring upon the surface of all the earth.","mèti dènge badha-badha dhu bisa mi'a, aa bisa hia ja'a kahèi, de mèti pidhu-pidhu pasa asa d'ara kapa. mèti kahèi rupa-rupa manu-bhui pidhu-pidhu pasa. te ngaa badha dhu leo, mèti dhoka ca pasa-ca pasa di. sèna ka badha dènge manu-bhui se, j'aj'i hini, ho baku ma'ète.","Bèli-camèdꞌa nèti badha aae dhu lèke, èu hudꞌi sèmi nare kahèi badha badha aae dhu lèke. Èu hudꞌi sèmi nare kahèi badha aae dhu lèke. Èu hudꞌi sèmi nare kahèi badha aae dhu lèke, dua kahèi. Èu hudꞌi sèmi nare kahèi badha aae dhu lèke. Èu hudꞌi sèmi nare kahèi badha aae dhu lèke. Èu hudꞌi sèmi nare kahèi badha aae dhu lèke. Èu hudꞌi sèmi nare kahèi badha aae dhu lèke. Èu hudꞌi sèmi nare kahèi badha aae dhu lèke. Èu hudꞌi sèmi nare kahèi badha aae dhu lèke. Èu hudꞌi sèmi nare kahèi badha aae dhu lèke ètu rai-haha ne, sèna ka dhèu aaꞌi-aaꞌi bisa mamuri dènge dhèu aaꞌi-aaꞌi dhu mamuri aaꞌi-aaꞌi ètu rai-haha ne."
GEN 7:4,for in seven days i will cause it to rain upon the earth for forty days and forty nights. i will destroy from off the surface of the ground every living thing that i have made.,"sanèd'e paie-iie, oo! di pidhu lod'o ka, ja'a papuru èj'i aae mai dhu bhoka boe ca lod'o sa, toke d'ai èpa nguru lod'o mèu-mèda. dènge sèmi ne'e, ja'a pamadhe aa'i ngaa-ngaa dhu mamuri ètu dedha-rai, dhu ja'a paj'aj'i kore le.","Ètu dꞌara pidhu lodꞌo neꞌe, bèli-camèdꞌa Jaꞌa hia uuru ètu rai-haha. Èèna na Jaꞌa pamadhe aaꞌi mèu-mèu aaꞌi-aaꞌi dhu Jaꞌa pajꞌajꞌi ètu rai-haha ne."
GEN 7:5,noah did all that yahweh commanded him.,ka noh tao aa'i sèmi lii paredha lamatua.,"Èle èèna ka, Noh tao madhutu lii paredha Lamatua."
GEN 7:6,noah was six hundred years old when the flood came upon the earth.,"lod'o èi aae lala, umur noh èna ngasu tèu.","Lodꞌo èèna, dhèu aaꞌi-aaꞌi ètu rai-haha ne, dhèu aaꞌi-aaꞌi ra jꞌajꞌi dhèu aaꞌi-aaꞌi ra. Nèti èèna ka, lodꞌo èèna, dhèu aaꞌi-aaꞌi ra jꞌajꞌi dhèu aaꞌi-aaꞌi ra. Nèti èèna ka, dhèu aaꞌi-aaꞌi ra jꞌajꞌi dhèu aaꞌi-aaꞌi ra."
GEN 7:7,"noah, his sons, his wife, and his sons' wives went into the ark together because of the waters of the flood.","noh dènge dhèu èmu na, dènge ana niki na, aa dènge dhèu èmu ana ra di, lasi asa d'ara kapa, ho ra abhu mamuri.","Èle èèna ka, Noh dènge ana-ana na, dhèu èmu na, dènge bhèni ana-ana na, maso asa dꞌara kapa."
GEN 7:8-9,"clean animals and unclean animals, birds, and everything that creeps upon the ground, two by two, male and female, came to noah and went into the ark, just as god had commanded noah.","madhutu lii paredha lamatua, ka noh pamaso manu-bhui dènge badha leo sèra, èci-èci ka dènge pasa na, nèti dhu bisa ra'a, dènge dhu bisa boe ra'a.","Hèia badha aaꞌi-aaꞌi dhu lèke, dènge badha aaꞌi-aaꞌi dhu lèke, dènge badha aaꞌi-aaꞌi dhu lèke, dènge manu-bhui, dènge badha aaꞌi-aaꞌi dhu pakèdꞌi ètu rai-haha, dua-dua, badha aaꞌi-aaꞌi dènge badha aaꞌi-aaꞌi dhu bhelu-katubꞌa, lasi asa dꞌara kapa, sama sèmi Ama Lamatua peka dènge Noh."
GEN 7:10,"it came about that after the seven days, the waters of the flood came upon the earth.","ropa èle pidhu lod'o, cag'ag'a laa èi aae lala, ka rai-haha ne, mulai cène.","Èle èèna ka, dꞌai pidhu lodꞌo, dhèu aaꞌi-aaꞌi aaꞌi-aaꞌi ètu rai-haha."
GEN 7:11,"in the six hundredth year of noah's life, in the second month, on the seventeenth day of the month, on the same day, all the fountains of the great deep burst open, and the windows of heaven were opened.","lèke dènge umur noh èna ngasu tèu, risi dua hèru, canguru pidhu lod'o, ka mulai èi aae lala. lod'o èèna, sèmi babèdho liru dhu bhoke eele sa, ka èi na tao sabhori mai. aa èi madha-èi madha ètu rai-haha sabhoka, ka sèmi tao sabhuu sa dedha.","Èle èèna ka, dꞌai èmu ka dua, lodꞌo na èpa nguru lodꞌo, bèli-camèdꞌa bèli-camèdꞌa bèli-camèdꞌa bèli-camèdꞌa bèli-camèdꞌa bèli-camèdꞌa bèli-camèdꞌa bèli-camèdꞌa bèli-camèdꞌa bèli-camèdꞌa bèli-camèdꞌa bèli-camèdꞌa bèli-camèdꞌa bèli-camèdꞌa bèli-camèdꞌa bèli-camèdꞌa bèli-camèdꞌa bèli-camèdꞌa bèli-camèdꞌa bèli-camèdꞌa bèli-camèdꞌa bèli-camèdꞌa bèli-camèdꞌa bèli-camèdꞌa ètu dedha-liru."
GEN 7:12,the rain began and fell on the earth for forty days and forty nights.,ka èj'i bhori mai loe boe èpa nguru lod'o mèu-mèda.,"Èle èèna ka, bèli-camèdꞌa bèli-camèdꞌa bèli-camèdꞌa bèli-camèdꞌa bèli-camèdꞌa bèli-camèdꞌa bèli-camèdꞌa bèli-camèdꞌa bèli-camèdꞌa bèli-camèdꞌa bèli-camèdꞌa bèli-camèdꞌa ètu rai-haha ne."
GEN 7:13,"on that very same day noah and his sons, shem, ham, and japheth, and noah's wife, and the three wives of his sons with them, entered into the ark.","te ngaa lod'o èèna, noh dènge dhèu èmu na, dènge ana mone na dhèu tèlu: sem, yafet dènge ham, dènge dhèu èmu ra, maso lasi asa d'ara kapa.","Lodꞌo èèna kahèi, Noh maso asa dedha kapa, dènge ana-èpu na, Sem, Ham, Yafet, dènge dhèu èmu na."
GEN 7:14,"they entered along with each wild animal according to its kind, and each sort of livestock according to its kind, and each creeping thing that creeps upon the earth according to its kind, and every sort of bird according to its kind, each kind of creature with wings.","lasi palere dènge badha aa'i-aa'i ra, sèmi: badha ani, badha hui, badha dhu rod'o, manu-bhui, dènge badha-badha leo dhu dènge èla sèra.","Èle èèna ka, rèngu maso asa dꞌara èmu manèngi-mangajꞌi. Rèngu maso asa dꞌara èmu manèngi-mangajꞌi. Rèngu maso asa dꞌara èmu manèngi-mangajꞌi. Rèngu maso asa dꞌara èmu manèngi-mangajꞌi. Rèngu maso asa dꞌara èmu manèngi-mangajꞌi. Rèngu maso asa dꞌara èmu manèngi-mangajꞌi. Rèngu maso asa dꞌara èmu manèngi-mangajꞌi. Rèngu maso asa dꞌara èmu manèngi-mangajꞌi. Rèngu maso asa dꞌara èmu manèngi-mangajꞌi. Rèngu maso asa dꞌara èmu manèngi-mangajꞌi. Rèngu maso asa dꞌara èmu manèngi-mangajꞌi."
GEN 7:15-16,two of all flesh in which was the breath of life came to noah and entered into the ark. the animals that went in were male and female of all flesh; they entered in just as god had commanded him. then yahweh shut the door after them.,"ca pasa-ca pasa nèti aa'i-aa'i dhu mamuri, lasi asa d'ara kapa palere dènge noh, madhutu sèmi lii paredha ama lamatua. ropa aa'i-aa'i ra d'ai d'ara kapa, lamatua bèdho babèdho kapa èèna.",Dhèu aaꞌi-aaꞌi nèti badha aaꞌi-aaꞌi nèti badha aaꞌi-aaꞌi nèti badha aaꞌi-aaꞌi nèti badha aaꞌi-aaꞌi nèti badha aaꞌi-aaꞌi nèti badha aaꞌi-aaꞌi nèti badha aaꞌi-aaꞌi nèti badha aaꞌi-aaꞌi nèti badha aaꞌi-aaꞌi nèti badha aaꞌi-aaꞌi nèti badha aaꞌi-aaꞌi nèti badha aaꞌi-aaꞌi nèti badha aaꞌi-aaꞌi nèti badha aaꞌi-aaꞌi nèti badha aaꞌi-aaꞌi nèti badha aaꞌi-aaꞌi nèti badha aaꞌi-aaꞌi nèti badha aaꞌi-aaꞌi nèti badha aaꞌi-aaꞌi nèti badha aaꞌi-aaꞌi nèti badha aaꞌi-aaꞌi-aaꞌi nèti badha aaꞌi-aaꞌi-aaꞌi nèti badha aaꞌi-aaꞌi-aaꞌi nèti badha aaꞌi-aaꞌi-aaꞌi-aaꞌi.
GEN 7:17-19,"then the flood came upon the earth for forty days, and the water increased and lifted the ark and raised it above the earth. the waters completely covered over the earth, and the ark floated upon the surface of the water. the waters rose greatly on the earth so that all the high mountains that were under the entire sky were covered.",èj'i aae puru ma'ète boe d'ai èpa nguru lod'o. hèia kapa èèna taleb'o. èi ca'e loe boe toke hutu nare kolo ledhe dhu dedha aae.,"Èle èèna ka, bèli-camèdꞌa dꞌai èpa nguru lodꞌo ètu rai-haha ne. Bèli-camèdꞌa dꞌai èpa lodꞌo. Bèli-camèdꞌa dꞌai èpa lodꞌo èèna, bèli-camèdꞌa bèli-camèdꞌa dꞌai dedha-liru. Bèli-camèdꞌa dꞌai èpa lodꞌo èèna, bèli-camèdꞌa dedha-liru aaꞌi-aaꞌi dhu dedha-liru ètu dedha-liru aaꞌi-aaꞌi ètu dedha-liru."
GEN 7:20,the waters rose fifteen cubits above the tops of the mountains.,"èi ca'e taruu, ka marèma na seli èpa rèpa risi nèti kolo ledhe sèra.","Bèli-bèli èèna, bèli-camèdꞌa dhèu aaꞌi-aaꞌi ètu dedha ledhe sèra, pèri-pèri hèbꞌa ètu dedha ledhe sèra, pèri-pèri hèbꞌa ètu dedha ledhe sèra, pèri-pèri hèbꞌa ètu dedha ledhe sèra, pèri-pèri hèbꞌa ètu dedha ledhe sèra, pèri-pèri hèbꞌa ètu dedha ledhe sèra, pèri-pèri hèbꞌa ètu dedha ledhe sèra, pèri-pèri hèbꞌa ètu dedha ledhe sèra."
GEN 7:21-23,"all living beings that moved upon the earth died-birds, livestock, wild animals, all the living creatures that lived in great numbers upon the earth, and all mankind. all living creatures who lived on the land, who breathed the breath of life through their noses, died. so every living thing that was on the surface of the earth was wiped out, from mankind to the larger animals, to creeping things, and to birds of the sky. they were all destroyed from the earth. only noah and those with him in the ark were left.","dènge j'ara èèna, ngaa-ngaa dhu mamuri ètu dedha-rai sèra, madhe aa'i mèu-mèu. nuka: dhèu, badha ani, badha hui, badha dhu rod'o, dènge manu-bhui aa'i-aa'i ra. ate dhoka noh dènge aa'i-aa'i dhu ètu dedha kapa.","Hèia badha aaꞌi-aaꞌi, badha aaꞌi-aaꞌi, badha aaꞌi-aaꞌi, badha badha aaꞌi-aaꞌi, badha aaꞌi-aaꞌi, badha aaꞌi-aaꞌi, badha aaꞌi-aaꞌi, badha aaꞌi-aaꞌi, badha aaꞌi-aaꞌi, badha aaꞌi-aaꞌi, badha aaꞌi-aaꞌi, badha aaꞌi-aaꞌi, badha aaꞌi-aaꞌi, badha aaꞌi-aaꞌi, badha aaꞌi-aaꞌi, badha aaꞌi-aaꞌi, badha aaꞌi-aaꞌi, badha aaꞌi-aaꞌi, badha aaꞌi-aaꞌi, badha aaꞌi-aaꞌi, badha aaꞌi-aaꞌi, badha aaꞌi-aaꞌi, badha aaꞌi-aaꞌi, badha aaꞌi-aaꞌi, badha aaꞌi-aaꞌi, badha aaꞌi-aaꞌi, badha aaꞌi-aaꞌi, badha aaꞌi-aaꞌi, badha aaꞌi-aaꞌi, badha aaꞌi-aaꞌi, badha aaꞌi-aaꞌi-aaꞌi, badha aaꞌi-aaꞌi, badha aaꞌi-aaꞌi, badha aaꞌi-aaꞌi-aaꞌi, badha aaꞌi-aaꞌi, aaꞌi-aaꞌi, aaꞌi-aaꞌi, aaꞌi-aaꞌi-aaꞌi, aaꞌi-aaꞌi-"
GEN 7:24,the waters stayed upon the earth for a hundred and fifty days.,"èi na, kura boe toke ca ngasu lèmi nguru lod'o.","Bèli-camèdꞌa dhèu aaꞌi-aaꞌi pea ètu rai-haha, toke dꞌai èpa nguru nguru nguru lodꞌo."
GEN 8:1,"god considered noah, all the wild animals, and all the livestock that were with him in the ark. god made a wind blow over the earth, and the waters started going down.","masi ka sèmi èèna, ama lamatua bhèlu boe noh si dènge badha-manu aa'i-aa'i dhu ètu dedha kapa. hèia na hia ngèlu g'oro, ka èi na kura ka noo-noo.","Èle èèna ka, Ama Lamatua peka dènge Noh, dènge badha aaꞌi-aaꞌi dènge badha aaꞌi-aaꞌi dhu ètu dꞌara kapa. Hèia Ama Lamatua hagꞌe nare dꞌara èi, sèna ka dꞌara èi ele-hoꞌa ètu rai-haha ne."
GEN 8:2,"the fountains of the deep and the windows of heaven were closed, and it stopped raining.","na katange èi madha aa'i-aa'i ètu rai-haha ne, aa na taha èj'i kahèi.","Èle èèna ka, bèli-camèdꞌa bèli-camèdꞌa bèli-camèdꞌa bèli-camèdꞌa bèli-camèdꞌa bèli-camèdꞌa bèli-camèdꞌa bèli-camèdꞌa bèli-camèdꞌa bèli-camèdꞌa bèli-camèdꞌa bèli-camèdꞌa bèli-camèdꞌa bèli-camèdꞌa bèli-camèdꞌa bèli-camèdꞌa bèli-camèdꞌa bèli-camèdꞌa."
GEN 8:3,"the flood waters went down slowly from the earth, and after the end of a hundred and fifty days the waters had gone down.","ka èi kura noo-noo ka. d'ai cangasu lèmi nguru lod'o, èi marèma heka.","Èle èèna ka, bèli-camèdꞌa bèli-camèdꞌa bèli-camèdꞌa bèli-camèdꞌa bèli-camèdꞌa bèli-camèdꞌa bèli-camèdꞌa bèli-camèdꞌa bèli-camèdꞌa bèli-camèdꞌa bèli-camèdꞌa bèli-camèdꞌa. Èle èèna ka, hèia bèli-camèdꞌa bèli-camèdꞌa bèli-camèdꞌa bèli-camèdꞌa bèli-camèdꞌa bèli-camèdꞌa."
GEN 8:4,"the ark came to rest in the seventh month, on the seventeenth day of the month, upon the mountains of ararat.","lèke dènge hèru ka pidhu, risi canguru pidhu lod'o, kapa eta ètu kolo ledhe aae èci, ngara na ararat.","Èle èèna ka, bèli-camèdꞌa, dꞌai lodꞌo pèri-pèri lodꞌo pèri-pèri hèru èèna, dꞌai ledhe sèra, ètu ledhe-ledhe Ararat."
GEN 8:5,"the waters continued to go down until the tenth month. on the first day of the month, the tops of the mountains appeared.","èi kura taruu toke lod'o ka èci, hèru ka canguru, ka kolo-kolo ledhe cèu noo-noo.","Èle èèna ka, bèli-camèdꞌa bèli-camèdꞌa bèli-camèdꞌa bèli-camèdꞌa bèli-camèdꞌa bèli-camèdꞌa bèli-camèdꞌa bèli-camèdꞌa. Èle èèna ka, bèli-camèdꞌa bèli-camèdꞌa bèli-camèdꞌa bèli-camèdꞌa bèli-camèdꞌa bèli-camèdꞌa bèli-camèdꞌa."
GEN 8:6,it came about after forty days that noah opened the window of the ark which he had made.,"risi nèti èpa nguru lod'o, hèia noh bhoke jendela èci.","Èle èèna ka, lodꞌo èpa nguru lodꞌo, Noh bhoke jꞌajꞌèra kapa dhu na tao."
GEN 8:7,he sent out a raven and it flew back and forth until the waters were dried up from the earth.,"ka na patalale lakaa ci'u. manu-bhui ne lela la'e-mai, toke èi puru. ka na lèpa heka asa kapa.","Èle èèna ka, Ama Lamatua pua ana pajuu èci mai. Hèia pajuu-paleha, toke èi aaꞌi-aaꞌi dhu ètu rai-haha ètu dꞌara roꞌa aae aaꞌi-aaꞌi ètu rai-haha ne kèdꞌi-kèdꞌi aaꞌi-aaꞌi aaꞌi-aaꞌi aaꞌi-aaꞌi aaꞌi-aaꞌi aaꞌi-aaꞌi aaꞌi-aaꞌi aaꞌi-aaꞌi aaꞌi-aaꞌi aaꞌi-aaꞌi aaꞌi-aaꞌi aaꞌi-aaꞌi aaꞌi-aaꞌi aaꞌi-aaꞌi aaꞌi-aaꞌi aaꞌi-aaꞌi aaꞌi-aaꞌi aaꞌi-aaꞌi aaꞌi-aaꞌi aaꞌi-aaꞌi aaꞌi-aaꞌi aaꞌi-aaꞌi aaꞌi-aaꞌi aaꞌi-aaꞌi aaꞌi-aaꞌi aaꞌi-aaꞌi aaꞌi-aaꞌi aaꞌi-aaꞌi aaꞌi-aaꞌi."
GEN 8:8,"then he sent out a dove to see if the waters had gone down from the surface of the earth,","hèia noh patabuli hari, koro j'aha ci'u, sèna ka neo ne'a èi na puru le, do dhae.","Èle èèna ka, Ama Lamatua pua hua-hela mai, sèna ka neꞌa, ladhe èi èle le nèti rai-haha, do aadꞌo, do aadꞌo, do aadꞌo, do aadꞌo, do aadꞌo, do aadꞌo, do aadꞌo, do aadꞌo, do aadꞌo, do aadꞌo, do aadꞌo, do aadꞌo, do aadꞌo, do aadꞌo, do aadꞌo, do aadꞌo, do aadꞌo, do aadꞌo, do aadꞌo, do aadꞌo, do aadꞌo, do aadꞌo, do aadꞌo, do aadꞌo, do aadꞌo, do aadꞌo, do aadꞌo, do aadꞌo, do aadꞌo, do aadꞌo, do aadꞌo, do aadꞌo, do aadꞌo?"
GEN 8:9,"but the dove found no place to rest her foot, and she returned to him in the ark, for the waters were still covering the whole earth. he reached out with his hand, and took and brought her into the ark with him.","te ngaa, lula èi hutu nare dedha-rai era, ka koro ne abhu boe era tèka. ka lèpa hari asa kapa. hèia noh j'ole ai na, kèpe nare, ka na pamaso hari asa d'ara kapa.","Te ngaa hèbꞌa ne abhu boe dꞌara. Nèti èèna ka, hèbꞌa ne lèpa hari asa dꞌara kapa. Hèia hèbꞌa ne lèpa hari asa dꞌara kapa. Hèia hèbꞌa ne dènge kacui-aai na, hèbꞌa ne asa dꞌara kapa."
GEN 8:10,he waited another seven days and again he sent out the dove from the ark.,"ka noh tatae hari d'ai pidhu lod'o, hèia na patabuli hari koro j'aha deo na.","Èle èèna ka, bèli-camèdꞌa, bèli-camèdꞌa dhèu aaꞌi-aaꞌi ètu dꞌara dedha èpa lodꞌo. Èle èèna ka, bèli-camèdꞌa dhèu aaꞌi-aaꞌi ètu dedha èpa lodꞌo. Èle èèna ka, bèli-camèdꞌa dhèu aaꞌi-aaꞌi èle nèti dedha èpa dedha èpa èpa lodꞌo. Èle èèna ka, bèli-camèdꞌa dhèu aaꞌi-aaꞌi ètu dꞌara èpa dedha èpa."
GEN 8:11,the dove returned to him in the evening. look! in her mouth was a freshly plucked olive leaf. so noah knew that the waters had gone down from the earth.,"d'ara lod'o nihia sa, koro ne lèpa hari la'e asa noh, tutu nèti dènge rèu saitun ca rèu dhu heka tutu nare kèna. nèti èèna ka, noh heka ne'a kèna, èi na dhu puru le tare'a di.","Èle èèna ka, hèia hèbꞌa ne lèpa hari asa dꞌara madha dhèu aae, ka na ladhe nèdhi hèbꞌa saitun èci ètu dꞌara hèbꞌa na. Èle èèna ka, nèngu reꞌa, na, èi ele le nèti rai-haha ne."
GEN 8:12,"he waited another seven days, and sent out the dove again. she did not return again to him.","ka na mate hari d'ai pidhu lod'o, hèia na patalale hari koro j'aha ca hari ni. te ngaa ca tèka ne, koro ne lèpa heka.","Èle èèna ka, na pea hari èpa lodꞌo hari. Hèia na pua hualaa ne lèpa hari. Te ngaa hualaa ne lèpa hari boe asa dhèu èmu na."
GEN 8:13,"it came about in the six hundred and first year, in the first month, on the first day of the month, that the waters were dried up from off the earth. noah removed the covering of the ark, looked out, and saw that, behold, the surface of the ground was dry.","lod'o noh mamuri d'ai èna ngasu ca tèu, lèke lod'o ka èci hèru èci, èi mèti aa'i le. hèia noh bhoke jendela, ka na ladhe palème, nèdhi rai dhu mango le.","Èle èèna ka, dꞌai lodꞌo èèna, dꞌai lodꞌo èci, dꞌai lodꞌo kapodꞌe-kabèli, dꞌai lodꞌo èèna, dꞌai madha lodꞌo èèna, èi leko-monya ètu rai-haha. Nèti èèna ka, dhèu aaꞌi-aaꞌi ètu rai-haha ne kèdꞌi le. Nèti èèna ka, Noh tèke eele mèdha-papake nèti dedha kapa. Hèia na ladhe nèdhi, na, rai-haha ne, leko-monya."
GEN 8:14,"in the second month, on the twenty-seventh day of the month, the earth was dry.","d'ai hèru ka dua, lod'o ka dua nguru pidhu, dedha-rai ne dhu mango meto le.","Èle èèna ka, bèli-camèdꞌa, bèli-camèdꞌa dꞌai lodꞌo èpa nguru tèu ètu rai-haha ne."
GEN 8:15,"god said to noah,","ka ama lamatua peka dènge noh,","Èle èèna ka, Ama Lamatua peka dènge Noh, aku Nèngu na,"
GEN 8:16,"go out of the ark, you, your wife, your sons, and your sons' wives with you.",noh! aa'i-aa'i mi puru ka nèti dedha kapa èèna.,"Èle èèna ka, èu, dhèu èmu èu, ana-èpu èu, dènge dhèu èmu èu, lèpa nèti dedha kapa."
GEN 8:17,"take out with you every living creature of all flesh that is with you-the birds, the animals, and every creeping thing that creeps upon the earth-so that they may grow unto very large numbers of living creatures throughout the earth, be fruitful, and multiply upon the earth.","papuru aa'i badha-manu sèra! nuka: badha ani, badha hui, badha dhu rod'o, dènge manu-bhui aa'i-aa'i ra. hud'i si, sèna ka ra bèba, papènu rai-haha ne.",Èu hudꞌi pamadhe aaꞌi-aaꞌi dhu mamuri ètu rai-haha ne. Èu hudꞌi pamadhe aaꞌi-aaꞌi dhu mamuri ètu rai-haha ne. Èu hudꞌi pamadhe aaꞌi-aaꞌi dhu mamuri ètu rai-haha ne. Èu hudꞌi pamadhe aaꞌi-aaꞌi dhu mamuri ètu rai-haha ne. Èu hudꞌi pamadhe aaꞌi-aaꞌi dhu mamuri ètu rai-haha ne. Èu hudꞌi pamadhe aaꞌi-aaꞌi dhu mamuri ètu rai-haha ne. Èu hudꞌi pamadhe aaꞌi-aaꞌi dhu mamuri ètu rai-haha ne.
GEN 8:18-19,"so noah went out with his sons, his wife, and his sons' wives with him. every living creature, every creeping thing, and every bird, everything that moves on the earth, according to their families, left the ark.","èle èèna ka, noh dènge dhèu èmu na, dènge ana-ana na, aa dènge dhèu èmu ana na sèra, aa'i-aa'i ra puru nèti dedha kapa èèna. badha se, aa'i-aa'i ra, kalua ka madhutu anga ra èci-èci.","Èle èèna ka, Nuh dènge ana-ana na, dhèu èmu-kamali na, dènge dhèu-dhèu èmu-kamali na, rai-haha aaꞌi-aaꞌi, manu-bhui aaꞌi-aaꞌi, aaꞌi-aaꞌi dhu raꞌa-rinu ètu rai-haha. Rèngu kalua nèti dedha kapa."
GEN 8:20,"noah built an altar to yahweh. he took some of the clean animals and some of the clean birds, and offered burnt offerings on the altar.","hèia noh pudhi hadhu, tao mei korban hia lamatua. nèti badha-badha dhu bisa ra'a sèra, noh nare ci'u-ci'u, ka na roro, tunu ètu dedha mei deo na, ho j'aj'i mi tadha makasi mi lamatua.","Èle èèna ka, dhèu aaꞌi-aaꞌi nèti badha aaꞌi-aaꞌi dhu lèke, nèti badha aaꞌi-aaꞌi dhu lèke, nèti manu-bhui dhu lèke, nèti badha aaꞌi-aaꞌi dhu lèke, nèti badha aaꞌi-aaꞌi dhu lèke, nèti badha aaꞌi-aaꞌi dhu lèke, nèti badha aaꞌi-aaꞌi dhu lèke, nèti badha aaꞌi-aaꞌi dhu nèti badha aaꞌi-aaꞌi, nèti badha aaꞌi-aaꞌi dhu lèke, nèti badha aaꞌi-aaꞌi dhu nèti badha aaꞌi-aaꞌi dhu nèti badha aaꞌi-aaꞌi ètu dedha mei ne."
GEN 8:21,"yahweh smelled the pleasing aroma and said in his heart, i will not again curse the ground because of mankind, even though the intentions of their hearts is evil from childhood. nor will i again destroy everything living, as i have done.","ropa lamatua sangèd'u nare hèu gèmu korban deo na, d'ara na karej'e. ka na ngee na, nèti deo ne'e ne, ja'a huku heka rai-haha ne, lula bhabhelu-katub'a dhèu. masi ka rèngu dhoka ngee bhabhelu di, ja'a pa'ele iie heka ngaa-ngaa dhu mamuri, sèmi dhu ja'a heka tao kore èèna.","Èle èèna ka, bèli-camèdꞌa dhèu aaꞌi-aaꞌi reꞌa mèu mèu mèu. Hèia Lamatua peka dènge dꞌara na, aku Nèngu na, ""Jaꞌa paꞌele iie le rai-haha ne, lula dhèu aaꞌi-aaꞌi reꞌa mèu-mèu. Jaꞌa paꞌele iie boe aaꞌi-aaꞌi dhu mamuri ètu rai-haha ne, nuka sèmi dhèu aaꞌi-aaꞌi. Jaꞌa paꞌele iie boe aaꞌi-aaꞌi dhu mamuri ètu rai-haha ne, nuka sèmi dhèu aaꞌi-aaꞌi dhu mamuri ètu rai-haha ne. Jaꞌa paꞌele iie le aaꞌi-aaꞌi dhu mamuri ètu rai-haha ne, nuka sèmi dhèu aaꞌi-aaꞌi dhu mamuri ètu rai-haha ne."
GEN 8:22,"while the earth remains, seed time and harvest, cold and heat, summer and winter, and day and night will not cease.","lod'o rai-haha ne era, hèru dènge tèu, kako madhutu atora. sèmi: hèru sèla dènge hèru puu-g'ètu, hèru pacuhi dènge hèru sagoro, hèru hadhu dènge hèru èj'i lai, mèu dènge mèda.","Lodꞌo aaꞌi-aaꞌi ètu rai-haha ne, èèna jꞌajꞌi lodꞌo aaꞌi-aaꞌi ra. Èèna jꞌajꞌi lodꞌo aaꞌi-aaꞌi ra. Èèna jꞌajꞌi lodꞌo aaꞌi-aaꞌi ra. Èèna jꞌajꞌi lodꞌo aaꞌi-aaꞌi ra. Èèna jꞌajꞌi lodꞌo aaꞌi-aaꞌi ra. Èèna jꞌajꞌi lodꞌo aaꞌi-aaꞌi ra. Èèna jꞌajꞌi lodꞌo aaꞌi-aaꞌi ra. Èèna jꞌajꞌi lodꞌo aaꞌi-aaꞌi ra. Èèna jꞌajꞌi lodꞌo aaꞌi-aaꞌi ra."
GEN 9:1,"then god blessed noah and his sons, and said to them, be fruitful, multiply, and fill the earth.","hèia ama lamatua pala-bagi berkat mi noh dènge ana-ana na, peka na, miu matana pa'ae-ae, sèna ka papènu rai-haha ne.","Èle èèna ka, Ama Lamatua bꞌala Noh dènge ana-èpu na, ka Na peka dènge ra, aku Nèngu na, ""Bèli-camèdꞌa miu jꞌajꞌi dhèu ae-ae ètu rai-haha ne. Bèli-camèdꞌa miu jꞌajꞌi dhèu ae-ae ètu rai-haha ne."
GEN 9:2,"the fear of you and the dread of you will be upon every living animal on the earth, upon every bird of the sky, upon everything that goes low on the ground, and upon all the fish of the sea. they are given into your hand.","ladhe èèna na, badha hui, manu-bhui dènge i'a aa'i-aa'i ra madha'u dènge miu. miu ka dhu ator si.","Bèli-bèli badha aaꞌi-aaꞌi ètu rai-haha, manu-bhui aaꞌi-aaꞌi ètu dedha-liru, dènge iꞌa aaꞌi-aaꞌi ètu dedha-liru, aaꞌi-aaꞌi ètu dedha-liru, aaꞌi-aaꞌi ètu dedha-liru, bèli-camèdꞌa dhèu aaꞌi-aaꞌi ra madhaꞌu dènge miu. Bèli-camèdꞌa dhèu aaꞌi-aaꞌi ètu dedha-liru, bèli-camèdꞌa dhèu aaꞌi-aaꞌi ètu dedha-liru, bèli-camèdꞌa dhèu aaꞌi-aaꞌi ètu dedha-liru, bèli-camèdꞌa dhèu aaꞌi-aaꞌi ètu dꞌara miu."
GEN 9:3,"every moving thing that lives will be food for you. just as i gave you the green plants, i now give you everything.","sisi badha aa'i-aa'i, miu bisa mi'a, sèmi dhu mi'a hua-hela, dènge rèu ana aaj'u se. aa'i-aa'i se, ja'a hia miu.","aa aaꞌi-aaꞌi dhu mamuri, aaꞌi-aaꞌi dhu mamuri, aaꞌi-aaꞌi dhu mamuri, aaꞌi-aaꞌi dhu mamuri, aaꞌi-aaꞌi dhu mamuri, aaꞌi-aaꞌi dhu mamuri, aaꞌi-aaꞌi dhu mamuri, aaꞌi-aaꞌi dhu mamuri, aaꞌi-aaꞌi dhu mamuri, aaꞌi-aaꞌi dhu mamuri, aaꞌi-aaꞌi dhu mamuri, aaꞌi-aaꞌi dhu mamuri, aaꞌi-aaꞌi dhu jaꞌa hia miu."
GEN 9:4,but you must not eat meat with its life-that is its blood-in it.,"dhoka sisi dhu dènge raa era, miu madha mèu mi'a, lula samanga badha ètu raa na.","Te ngaa miu baku raꞌa ngiꞌu dhu mamuri na ètu dꞌara na, dhu ètu dꞌara na, dhu ètu dꞌara na, dhu ètu dꞌara na, dhu ètu dꞌara na, dhu ètu dꞌara na, dhu ètu dꞌara na, dhu ètu dꞌara na, dhu ètu dꞌara na, dhu ètu dꞌara na, dhu ètu dꞌara na, dhu ètu dꞌara na."
GEN 9:5-6,"but for your blood, the life that is in your blood, i will require payment. from the hand of every animal i will require it. from the hand of any man, that is, from the hand of one who has murdered his brother, i will require an accounting for the life of that man. whoever sheds man's blood, by man will his blood be shed, for it was in the image of god that he made man.","ja'a paj'aj'i dhèu madhutu raropa ja'a. nèti èèna ka, baku pamadhe dhèu. ladhe abhu dhèu, do badha, dhu pamadhe dhèu, na, pamadhe ne kahèi. ne'e, lii paredha nèti ja'a.","Te ngaa ladhe abhu dhèu dhu pamadhe aꞌari na, bèli-camèdꞌa abhu dhèu dhu pamadhe aꞌari na. Ladhe abhu dhèu dhu pamadhe aꞌari na, bèli-camèdꞌa abhu dhèu dhu pamadhe aꞌari na, bèli-camèdꞌa abhu dhèu dhu pamadhe aꞌari na. Ladhe abhu dhèu dhu pamadhe aꞌari na, bèli-camèdꞌa dhèu aaꞌi-aaꞌi hudꞌi pamadhe aꞌari na, lula dhèu aaꞌi-aaꞌi ka dhu pajꞌajꞌi dhèu aaꞌi-aaꞌi, nuka sèmi dhèu aaꞌi-aaꞌi."
GEN 9:7,"as for you, be fruitful and multiply, spread throughout the earth and multiply on it.","miu se hud'i matana pa'ae-ae ku, sèna ka papènu hari rai-haha ne.","De miu hudꞌi jꞌajꞌi dhèu ae-ae, sèna ka jꞌajꞌi dhèu ae-ae ètu rai-haha ne. De miu hudꞌi jꞌajꞌi dhèu ae-ae, sèna ka jꞌajꞌi dhèu ae-ae ètu rai-haha ne."
GEN 9:8,"then god spoke to noah and to his sons with him, saying,","ka ama lamatua tuhu hari lii padhai lii na,","Èle èèna ka, Ama Lamatua peka dènge Noh dènge ana-èpu na, aku Nèngu na,"
GEN 9:9,"as for me, listen! i am going to confirm my covenant with you and with your descendants after you,","de ne'e ne, ja'a pajaji dènge miu, toke d'ai lai ana lai èpu.","Nèti èèna ka, Jaꞌa paꞌèki lii pajaji Jaꞌa dènge èu, dènge ana-èpu èu aaꞌi-aaꞌi dhu bèli-camèdꞌa mai."
GEN 9:10,"and with every living creature that is with you, with the birds, the livestock, and every creature of the earth with you, from all that came out of the ark, to every living creature on the earth.","lii pajaji ne, lèke kahèi mi aa'i-aa'i dhu mamuri, sèmi: badha ani, badha hui, dènge manu-bhui. peka ka laa, lèke aa'i-aa'i dhu kalua palere-lere dènge miu nèti dedha kapa.","dènge badha aaꞌi-aaꞌi dhu mai nèti dedha kapa, dènge badha aaꞌi-aaꞌi dhu mai nèti dedha kapa, dènge manu-bhui, dènge badha aaꞌi-aaꞌi dhu mai nèti dedha kapa, dènge badha aaꞌi-aaꞌi dhu mamuri ètu rai-haha."
GEN 9:11,"i hereby confirm my covenant with you, that never again will all flesh be destroyed by the waters of a flood. never again will there be a flood to destroy the earth.","lii pajaji ja'a sèmi ne'e: ja'a hia heka èi aae lala, ho pamadhe aa'i ngaa-ngaa dhu mamuri, aa dènge pa'ele iie rai-haha ne.","Nèti èèna ka, Jaꞌa paꞌèki lii pajaji dènge miu, peka na, 'Bèli-camèdꞌa, bèli-camèdꞌa bèli-camèdꞌa, bèli-camèdꞌa bèli-camèdꞌa, bèli-camèdꞌa bèli-camèdꞌa bèli-camèdꞌa, bèli-camèdꞌa bèli-camèdꞌa bèli-camèdꞌa, bèli-camèdꞌa bèli-camèdꞌa bèli-camèdꞌa ètu rai-haha ne.'"
GEN 9:12-13,"god said, this is the sign of the covenant which i am making between me and you and every living creature that is with you, for all future generations: i have set my rainbow in the cloud, and it will be the sign of the covenant between me and the earth.","ja'a pasa saroo ètu dedha-liru, sèna ka j'aj'i tadha pasanèd'e lii pajaji ja'a dhu ma'ète boe dènge miu, dènge aa'i-aa'i dhu mamuri, aa dènge rai-haha ne.","Èle èèna ka, Ama Lamatua peka dènge jiꞌi, aku Nèngu na, ""Nèti èèna ka, Jaꞌa paꞌèki lii pajaji dènge dhèu aaꞌi-aaꞌi ètu rai-haha ne, sèna ka jꞌajꞌi dhèu aaꞌi-aaꞌi dhu paꞌèki dènge miu, toke dꞌai sange neꞌe. Jaꞌa pajꞌujꞌu aae Jaꞌa ètu dedha raꞌi-liru, sèna ka jꞌajꞌi tadha, na, Jaꞌa paꞌèki lii pajaji ètu dedha rai-haha ne dènge dhèu aaꞌi-aaꞌi ètu rai-haha ne, sèna ka jꞌajꞌi tadha, na, Jaꞌa paꞌèki dènge dhèu aaꞌi-aaꞌi ètu rai-haha ne, sèna ka jꞌajꞌi paꞌèki lii pajaji ètu talora Jaꞌa dènge dhèu aaꞌi-aaꞌi-aaꞌi ètu rai-haha ne."""
GEN 9:14-17,"it will come about when i bring a cloud over the earth and the rainbow is seen in the cloud, then i will call to mind my covenant, which is between me and you and every living creature of all flesh. the waters will never again become a flood to destroy all flesh. the rainbow will be in the clouds and i will see it, in order to remember the everlasting covenant between god and every living creature of all flesh that is on the earth. then god said to noah, this is the sign of the covenant that i have confirmed between me and all flesh that is on the earth.","ladhe abhu ra'i-liru, ho saroo cèu, èèna na pasanèd'e ja'a nèti lii pajaji èèna. na peka na, èi aae pa'ele iie heka aa'i-aa'i dhu mamuri. dènge j'ara ne'e ne ka, lii pajaji ja'a dhu ma'ète boe, pa'èki tèke le dènge miu, aa dènge aa'i-aa'i dhu mamuri.","Èle èèna ka, Ama Lamatua peka dènge Noh, aku Nèngu na, ""Ladhe Jaꞌa pajꞌujꞌu lii pajaji dhu Jaꞌa paꞌèki le dènge dhèu aaꞌi-aaꞌi dhu mamuri ètu rai-haha ne, toke dꞌai mia-mia, toke dꞌai mia-mia jꞌajꞌi dhèu aaꞌi-aaꞌi dhu mamuri ètu rai-haha ne. Jaꞌa sanèdꞌe lii pajaji dhu Jaꞌa paꞌèki le dènge dhèu aaꞌi-aaꞌi dhu mamuri ètu rai-haha ne, sèna ka jꞌajꞌi dhèu aaꞌi-aaꞌi dhu mamuri ètu rai-haha ne. Jaꞌa sanèdꞌe lii pajaji dhu Jaꞌa paꞌèki le dènge dhèu aaꞌi-aaꞌi dhu mamuri ètu rai-haha ne, toke dꞌai mia-mia."" Èle èèna ka, Lamatua peka dènge Noh, aku Nèngu na, ""Ladhe sèmi neꞌe ka: Jaꞌa paꞌèki le lii pajaji dhu Jaꞌa paꞌèki le dènge dhèu aaꞌi-aaꞌi-aaꞌi dhu mamuri ètu rai-haha ne, ho pamadhe dhèu aaꞌi-aaꞌi-aaꞌi dhu mamuri ètu rai-haha ne, toke dꞌai mia-mia."""
GEN 9:18,"the sons of noah that came out of the ark were shem, ham, and japheth. ham was the father of canaan.","ana-ana noh dhu puru nèti dedha kapa, sem, yafet dènge ham ham èèna, ama kana'an.","Ana-èpu Noh, Sem, Ham, dènge Yafet, kalua nèti dedha-liru. Ham jꞌajꞌi le dhèu aae Kenan. Nèngu neꞌe ka, dhèu aaꞌi-aaꞌi dhu mai nèti dedha-liru ètu dedha-liru. Nèti èèna ka, ana-èpu Noh abhu kahèi dhèu aaꞌi-aaꞌi dhu mai nèti dedha-liru ètu dedha-liru èèna. Nèti èèna ka, Ama Lamatua pajꞌujꞌu aaꞌi-aaꞌi dhèu aaꞌi-aaꞌi ètu rai Kapua Manèngi-Mangajꞌi ètu rai Kapua Manèngi-Mangajꞌi ètu rai Kapua Manèngi-Mangajꞌi ètu rai Kapua Manèngi-Mangajꞌi ètu rai Kapua Manèngi-Mangajꞌi ètu rai Kapua Manèngi-Mangajꞌi ètu rai Kapua Manèngi-Mangajꞌi ètu rai Kapua Manèngi-Mangajꞌi."
GEN 9:19,"these three were the sons of noah, and from these the whole earth was populated.","dhèu aa'i-aa'i ra ètu rai-haha ne, j'aj'i nèti ana noh dhèu tèlu sèra.","Ètu rai-haha ne, dhèu aaꞌi-aaꞌi ètu rai-haha ne jꞌajꞌi dhèu aaꞌi-aaꞌi ètu rai-haha ne. Dhèu aaꞌi-aaꞌi se, nuka ana-èpu Noh."
GEN 9:20,"noah began to be a farmer, and he planted a vineyard.","noh èèna, dhèu sab'a oka-tedhe. nèngu ka dhu uru j'ara tao oka anggor.",Nèngu jꞌajꞌi dhèu sabꞌa ètu dꞌara oka. Nèngu jꞌajꞌi dhèu sabꞌa ètu dꞌara oka na. Nèngu jꞌajꞌi dhèu sabꞌa ètu dꞌara oka na. Nèngu jꞌajꞌi dhèu sabꞌa ètu dꞌara oka na. Nèngu jꞌajꞌi dhèu sabꞌa ètu dꞌara oka na. Nèngu jꞌajꞌi dhèu sabꞌa ètu dꞌara oka na. Nèngu jꞌajꞌi dhèu sabꞌa ètu dꞌara oka na.
GEN 9:21,he drank some of the wine and became drunk. he was lying uncovered in his tent.,"ca tèka, na ninu èi anggor, ka na mahu titu kèna. hèia na puru eele mèdha-papake nèti ua na. ka na j'unu lega-loli dènge boe mèdha-papake ètu d'ara paleo na.","Èle èèna ka, naꞌa èi anggor, hèia na rinu. Hèia na tèke eele mèdha-papake ètu dꞌara hèbꞌa na."
GEN 9:22,"then ham, the father of canaan, saw the nakedness of his father and told his two brothers outside.","ropa ham ladhe nèdhi era makae ama na, ka rai li'u la'e, lolo dènge a'a na, sem dènge yafet.","Èle èèna ka, Ham, ama Kanaan, ladhe nèdhi ama na dènge boe mèdha-panyau, ka laꞌe peka dènge ari na dua ra ètu liꞌu."
GEN 9:23,"so shem and japheth took a robe and laid it upon both their shoulders, and walked backwards and covered the nakedness of their father. their faces were turned the other way, so they did not see their father's nakedness.","hèia dua ra rare sig'i-kalolo ca bèla, ka ra bhoke mema ètu kabela-kao ra. ka dua ra kako kabodho lasi asa d'ara paleo ama ra, sèna ka ra pahutu mi ngi'u na. dènge sèmi èèna, rèdhi boe era makae ama ra. èle èèna ka, ra kalua sa li'u.","Èle èèna ka, Sem dènge Yafet rèti kodho hèbꞌa èci, hèbꞌa ètu kacui-aai ra. Èle èèna ka, dua ra kèdꞌi asa gꞌana. Ka dua ra kèpe boe mèdha-papake ama ra, sèna ka rèdhi boe mèdha-papake ama ra. Èle èèna ka, dua ra kèpe boe mèdha-papake ama ra, sèna ka rèdhi boe mèdha-papake ama ra. Ka dua ra kèpe boe mèdha-papake ama ra, sèna ka dua ra kèpe boe mèdha-papake ama ra, sèna ka dua ra kèpe boe mèdha-papake ama ra, sèna ka dua ra kèpe boe mèdha-papake ama ra, sèna ka rèdhi boe mèdha-papake ama ra."
GEN 9:24,"when noah awoke from his wine, he learned what his youngest son had done to him.","ropa noh mase'a, na ne'a tatao nèti ana limuri na, ham.","Èle èèna ka, Noh kèdꞌi nèti dꞌara èi anggor na, ka na reꞌa, na, ana na dhu uru èèna tao le dènge ne."
GEN 9:25,"so he said, cursed be canaan. may he be a servant to his brothers' servants.","ka na peka, aku nèngu na, he! ama kana'an! ja'a dhoo èu! èu ne, èèna na j'aj'i ènu nèti a'a mu si!","Hèia na dhaa, aku nèngu na, ""Sèmi neꞌe! Bèli-camèdꞌa nèngu jꞌajꞌi dhèu sabꞌa nèti aꞌari na sèra."
GEN 9:26,"he also said, may yahweh, the god of shem, be blessed, and may canaan be his servant.","koa-kio lamatua, lula sem! te ngaa kana'an j'aj'i ènu sem.","Na manèngi kahèi, aku nèngu na, ""Sèmi neꞌe: Jaꞌa manèngi sèna ka Ama Lamatua padedha-dedha Jaꞌa, aa Jaꞌa manèngi sèna ka Kenan jꞌajꞌi dhèu unu Jaꞌa. Jaꞌa manèngi sèna ka Ama Lamatua padedha-dedha Jaꞌa, aa Jaꞌa manèngi sèna ka Jaꞌa jꞌajꞌi dhèu aaꞌi-aaꞌi nèti Sem. Jaꞌa manèngi sèna ka Ama Lamatua padedha-dedha Jaꞌa, aa Jaꞌa manèngi sèna ka Jaꞌa jꞌajꞌi dhèu aaꞌi-aaꞌi nèti Sem. Jaꞌa manèngi sèna ka Jaꞌa jꞌajꞌi dhèu aaꞌi-aaꞌi."
GEN 9:27,"may god extend the territory of japheth, and let him make his home in the tents of shem. may canaan be his servant.","hud'i laa, ama lamatua pataleo rai unu yafet. aa ana-èpu na mamuri mera-milu dènge ana-èpu sem. te ngaa hud'i kana'an j'aj'i ènu yafet.",Jaꞌa manèngi sèna ka Ama Lamatua paꞌèki dꞌara rai Jafet. Jaꞌa manèngi sèna ka Jaꞌa mamuri ètu dꞌara èmu Sem. Jaꞌa manèngi sèna ka Kanaan jꞌajꞌi dhèu sabꞌa na. Jaꞌa manèngi sèna ka Jaꞌa manèngi-mangajꞌi mi Jaꞌa. Jaꞌa manèngi sèna ka Jaꞌa manèngi-mangajꞌi mi Jaꞌa. Jaꞌa manèngi sèna ka Jaꞌa manèngi-mangajꞌi mi Jaꞌa. Jaꞌa manèngi sèna ka Jaꞌa manèngi-mangajꞌi mi Jaꞌa. Jaꞌa manèngi sèna ka Jaꞌa mamuri ètu dꞌara èmu Sem. Jaꞌa manèngi-mangajꞌi mi Kanaan.
GEN 9:28,"after the flood, noah lived three hundred fifty years.","nèti èle èi aae lala, noh mamuri era d'ai tèlu ngasu lèmi nguru tèu.","Èle èèna ka, bèli-camèdꞌa dhèu aaꞌi-aaꞌi ètu rai-haha ne jꞌajꞌi dhèu aaꞌi-aaꞌi."
GEN 9:29,"all the days of noah were nine hundred fifty years, and then he died.","umur noh d'ai ceo ngasu lèmi nguru tèu, heka madhe kèna.","Nèti èèna ka, dhèu aaꞌi-aaꞌi ètu rai-haha ne, mamuri nèi nguru nguru nguru nguru nguru nguru sèra. Hèia na madhe."
GEN 10:1,"these were the descendants of the sons of noah, that is, shem, ham, and japheth. sons were born to them after the flood.","èle èi aae, ka ana-ana noh abhu ana-èpu. nuka ana-èpu nèti sem, yafet, dènge ham.","Ana-èpu Noh, nuka Sem, Ham, dènge Yafet. Èle èèna ka, dhèu aaꞌi-aaꞌi ra abhu ana-èpu dua ra."
GEN 10:2-5,"the sons of japheth were gomer, magog, madai, javan, tubal, meshech, and tiras. the sons of gomer were ashkenaz, riphath, and togarmah. the sons of javan were elishah, tarshish, kittim, and dodanim. from these the coastland peoples separated and went into their lands, every one with its own language, according to their clans, by their nations.","ana-èpu yafet, nuka: gomer, magog, madai, yawan, tubal, mesek dènge tiras. èci-èci ka dènge lii, suku, aa dènge rai ra. ana-èpu gomer, ka: askenas, rifat dènge togarma. ana-èpu yawan, ka: elisa, tarsis, dhèu kitim, dènge dhèu dodanim dhu pea ètu sebhe dhasi.","ana-èpu Jafet, Gomer, Magog, Madai, Javan, Tubal, Mesek, Tiras. Ana-èpu Gomer, Askenaz, Rifat, Togarma. Ana-èpu Javan, Elyasa, Tarsis, Kitim, dènge Dodanim."
GEN 10:6,"the sons of ham were cush, mizraim, put, and canaan.","ana-èpu ham, ka: kus, misraim, put, dènge kana'an.","ana-èpu Ham: Kus, Mizraim, Puti, dènge Kenan."
GEN 10:7,"the sons of cush were seba, havilah, sabtah, raamah, and sabteka. the sons of raamah were sheba and dedan.","ana-èpu kus, ka: seba, hawila, sabta, raema dènge sabteka. ana-èpu raema, ka: syeba dènge dedan.","ana-èpu Kush, Seba, Havila, Sabtha, Rahama, dènge Sabteka. Ana-èpu Rahama, Sheba, dènge Dedan."
GEN 10:8,"cush became the father of nimrod, who was the first conqueror on the earth.","ana mone kus, ka, nimrod. nèngu ne, kapala musu dhu uru tèka, aa èra.","Cush jꞌajꞌi ama Nimrod. Nimrod ne, dhèu aae-dhèu dhu uru-uru jꞌajꞌi dhèu aaꞌi-aaꞌi ètu rai-haha ne. Nèngu ka dhu jꞌajꞌi dhèu aaꞌi-aaꞌi dhu jꞌajꞌi dhèu aaꞌi-aaꞌi ètu rai-haha ne. Nèngu ka dhu jꞌajꞌi dhèu aaꞌi-aaꞌi dhu jꞌajꞌi dhèu aaꞌi-aaꞌi ètu rai-haha ne. Nèngu ka dhu jꞌajꞌi dhèu aaꞌi-aaꞌi dhu jꞌajꞌi dhèu aaꞌi-aaꞌi ètu rai-haha ne."
GEN 10:9,"he was a mighty hunter before yahweh. that is why it is said, like nimrod, a mighty hunter before yahweh.","a'èra na mai nèti lamatua, aa nèngu kahèi j'aj'i dhèu dhu èra bia magèla badha. nèti èèna ka, dhèu biasa peka na, sèna ka èu more dhèu dhu èra bia magèla badha, sèmi nimrod, dhu abhu a'èra nèti lamatua.","Neꞌe ne jꞌajꞌi dhèu pajuu-paleha dhu kapai ètu madha Lamatua. Nèti èèna ka, ra peka na, ""Nimrod, jꞌajꞌi dhèu pajuu-paleha dhu kapai ètu madha Lamatua."""
GEN 10:10,"the first centers of his kingdom were babel, erech, akkad, and kalneh, in the land of shinar.","era na, mulai uru nèti rae babel, erek akad, toke kalne. rae se aa'i-aa'i ra, ètu rai sinear.","Kota Babel, Erek, Akkad, dènge Kalne, ètu rai Shinar, jꞌajꞌi èèna ka dhu jꞌajꞌi dhèu aaꞌi-aaꞌi ra jꞌajꞌi dhèu aaꞌi-aaꞌi mi dhèu aaꞌi-aaꞌi ètu dꞌara èmu dhèu aaꞌi-aaꞌi, aa dhèu aaꞌi-aaꞌi dhu jꞌajꞌi dhèu aaꞌi-aaꞌi ra jꞌajꞌi dhèu aaꞌi-aaꞌi ra jꞌajꞌi dhèu aaꞌi-aaꞌi ra jꞌajꞌi dhèu aaꞌi-aaꞌi ra jꞌajꞌi dhèu aaꞌi-aaꞌi ra jꞌajꞌi dhèu aaꞌi-aaꞌi ra jꞌajꞌi dhèu aaꞌi-aaꞌi ra jꞌajꞌi dhèu aaꞌi-aaꞌi ra jꞌajꞌi dhèu aaꞌi-aaꞌi ra jꞌajꞌi dhèu aaꞌi-aaꞌi ra."
GEN 10:11,"out of that land he went to assyria and built nineveh, rehoboth ir, calah,","nèti era sèra, na nare hari asyur. ka na patitu kota niniwe, rehobot-ir, kala,","nèti dꞌara rai èèna laꞌe asa Asyur. Ètu nèi, nèti nèi, nèti nèi, nèti nèi, nèti nèi, nèti nèi, nèti nèi, nèti nèi, nèti nèi, nèti nèi, nèti nèti nèi, nèti nèi, nèti nèi, nèti nèi."
GEN 10:12,"and resen, which was between nineveh and calah. it was a large city.","dènge resen, ètu talora aae niniwe dènge kala. aa'i-aa'i sèra, kota-kota kapai hua.","kota ne jꞌajꞌi kota kapai, èci èèna ka dènge kota Nineveh dènge kota Kalah. Kota ne kapai, kapai, kapai, kapai, kapai, kapai, kapai, kapai, kapai, kapai, kapai, kapai, kapai, kapai, kapai, kapai, kapai, kapai, kapai, kapai, kapai, kapai, kapai, kapai, kapai, kapai, kapai, kapai, kapai, kapai, kapai, kapai, kapai, kapai, kapai, kapai, kapai, kapai, kapai, kapai, kapai, kapai, kapai, kapai, kapai, kapai, kapai, kapai, kapai, kapai, kapai, kapai, kapai, kapai, kapai, kapai, kapai, kapai, kapai, kapai, kapai."
GEN 10:13,"mizraim became the father of the ludites, the anamites, the lehabites, the naphtuhites,","ana-èpu misraim, ka: dhèu ludim, dhèu ananim, dhèu lehabim, dhèu naftuhim,","Mizraim jꞌajꞌi ama nèti suku Lud, Anamit, Lehabit, Naftuhitis, kahibꞌi-kalèbho, kahibꞌi-kalèbho, kahibꞌi-kalèbho, kahibꞌi-kalèbho, kahibꞌi-kalèbho, kahibꞌi-kalèbho, kahibꞌi-kalèbho, kahibꞌi-kalèbho, kahibꞌi-kalèbho, kahibꞌi-kalèbho, kahibꞌi-kalèbho, kahibꞌi-kalèbho, kahibꞌi-kalèbho, kahibꞌi-kalèbho, kahibꞌi-kalèbho, kahibꞌi-kalèbho, kahibꞌi-kalèbho, kahibꞌi-kalèbho, kahibꞌi-kalèbho, kahibꞌi-kalèbho, kahibꞌi-kalèbho, kahibꞌi-kalèbho, kahibꞌi-kalèbho, kahibꞌi-kalèbho, kahibꞌi-kalèbho, kahibꞌi-kalèbho,"
GEN 10:14,"the pathrusites, the kasluhites from whom the philistines came, and the caphtorites.","dhèu patrusim, dhèu kasluhim, dènge dhèu kaftorim. dhèu kasluhim nuka bèi-baki nèti dhèu pilistin.","dhèu Pathrus, dhèu Kasluhit, dènge dhèu Kaptorit."
GEN 10:15,"canaan became the father of sidon, his firstborn, and of heth,","ana uuru kana'an, nuka, sidon. kana'an j'aj'i bèi-baki nèti dhèu het,",Kenan jꞌajꞌi dhèu aae Sidon. Dhèu aae Het jꞌajꞌi ana-èpu na.
GEN 10:16,"also of the jebusites, the amorites, the girgashites,","dhèu yebusi, dhèu amori, dhèu girgasi,","ana-èpu Yebus, ana-èpu Amor, ana-èpu Girgas,"
GEN 10:17,"the hivites, the arkites, the sinites,","dhèu hiwi, dhèu arki, dhèu sini,","kahibꞌi-kalèbho, kahibꞌi-kalèbho, kahibꞌi-kalèbho, kahibꞌi-kalèbho, kahibꞌi-kalèbho, kahibꞌi-kalèbho, kahibꞌi-kalèbho, kahibꞌi-kalèbho, kahibꞌi-kalèbho, kahibꞌi-kalèbho, kahibꞌi-kalèbho, kahibꞌi-kalèbho, kahibꞌi-kalèbho, kahibꞌi-kalèbho, kahibꞌi-kalèbho, kahibꞌi-kalèbho, kahibꞌi-kalèbho, kahibꞌi-kalèbho, kahibꞌi-kalèbho, kahibꞌi-kalèbho,"
GEN 10:18,"the arvadites, the zemarites, and the hamathites. afterward the clans of the canaanites spread out.","dhèu arwadi, dhèu semari, dènge dhèu hamati. ana-èpu kana'an se, pea palème d'ai era dhu kaj'èu,","dhèu Zadat, dhèu Zemar, dènge dhèu Hamat. Èle èèna ka, bèli-camèdꞌa dhèu Kenan jꞌajꞌi dhèu ae-ae ètu rai-haha ne."
GEN 10:19,"the border of the canaanites was from sidon, in the direction of gerar, as far as gaza, and as one goes toward sodom, gomorrah, admah, and zeboyim, as far as lasha.","toke too rai rèngu mulai nèti sidon taruu asa gerar, d'ai gasa. nèti èèna, la'e d'ai sodom, gomora, adma dènge seboim, d'ai kota lasa.","Rèngu paꞌèki le dènge rai Kanaꞌan, nèti Sidon, asa propensi Gerar, toke dꞌai kota Gasa. Rèngu paꞌèki le dènge rai Sodom, Gomora, Adma, dènge Zeboim, toke dꞌai kota Lasha."
GEN 10:20,"these were the sons of ham, by their clans, by their languages, in their lands, and in their nations.","rèngu aa'i-aa'i sèra, ana-èpu ham. èci-èci dènge lii, suku, aa dènge rai ra.","Rèngu se, ana-èpu Ham. Rèngu aaꞌi-aaꞌi ra ètu rai-haha, ètu rai-haha dènge rai-haha. Rèngu aaꞌi-aaꞌi ra pake lii aaꞌi-aaꞌi ra."
GEN 10:21,"sons also were born to shem, the older brother of japheth. shem was also the ancestor of all the people of eber.","sem, a'a yafet, nèngu ka j'aj'i bèi-baki dhèu eber.","ana-èpu na, Sem. Sem ne, ari Jafet. Sem ne, ama dhèu Eber aaꞌi-aaꞌi ra."
GEN 10:22,"the sons of shem were elam, ashur, arphaxad, lud, and aram.","ana-èpu sem, ka: elam, asyur, arpaksad, lud dènge aram.","ana-èpu Sem: Elam, Asur, Arpaksad, Lod, dènge Aram."
GEN 10:23,"the sons of aram were uz, hul, gether, and meshech.","ana-èpu aram ka: dhèu us, dhèu hul, dhèu geter, dènge dhèu mas.","ana-èpu Aram: Uz, Hul, Geter, dènge Mesek. [Dhèu aaꞌi-aaꞌi se, ana-èpu Aram: Uz, Hul, Geter, Meshek, Nahor, Nahor, Nahor, Nahor, Nahor, Nahor, Nahor, Nahor, Nahor, Nahor, Nahor, Nahor, Nahor, Nahor, Nahor, Nahor, Nahor, Nahor, Nahor, Nahor, Nahor, Nahor, Nahor, Nahor, Nahor, Nahor, Nahor, Nahor, Nahor, Nahor, Nahor, Nahor, Nahor, Nahor, Nahor, Nahor, Nahor, Nahor, Nahor, Nahor, Nahor, Nahor, Nahor, Nahor, Nahor, Nahor, Nahor, Nahor, Nahor, Nahor, Nahor, Nahor, Nahor, Nahor, Nahor, Nahor, Nahor, Nahor, Nahor, Nahor, Nahor, Nahor, Nahor, Nahor, Nahor, Nahor, Nahor, Nahor, Nahor, Nahor, Nahor, Nahor, Nahor, Nahor, Nahor, Nahor, Nahor, Nahor, Nahor, Nahor, Nahor, Nahor, Nahor, Nahor, Nahor, Nahor, Nahor,"
GEN 10:24,"arphaxad became the father of shelah, and shelah became the father of eber.","ana arpaksad ka, sela. ana sela ka, eber.","Arpasad, ama na, Sela. Sela, ama na, Eber."
GEN 10:25,"eber had two sons. the name of the one was peleg, for in his days the earth was divided. his brother's name was joktan.","ana eber, mone dhèu dua. ana uuru, ngara na pelek dhu sasoa na ‘palème era', lula taa èèna dhèu pea palème ètu rai-haha ne. ngara ari na, yoktan.","Eber abhu ana dhèu dua. Ngara ca dhèu ne, Peleg, lula ètu dꞌara mamuri na, dhèu aaꞌi-aaꞌi ètu rai-haha ne jꞌajꞌi dhèu aaꞌi-aaꞌi. Aa ngara ari na, Joktan."
GEN 10:26,"joktan became the father of almodad, sheleph, hazarmaveth, jerah,","ana-èpu yoktan, ka: almodad, selef, hasar-mawet, yera,","Joktan, ama na, Almodad, Shelef, Hazarmavet, Zerah, kahibꞌi-kalèbho, kahibꞌi-kalèbho, kahibꞌi-kalèbho, kahibꞌi-kalèbho, kahibꞌi-kalèbho, kahibꞌi-kalèbho, kahibꞌi-kalèbho, kahibꞌi-kalèbho, kahibꞌi-kalèbho, kahibꞌi-kalèbho, kahibꞌi-kalèbho, kahibꞌi-kalèbho, kahibꞌi-kalèbho, kahibꞌi-kalèbho, kahibꞌi-kalèbho, kahibꞌi-kalèbho, kahibꞌi-kalèbho, kahibꞌi-kalèbho, kahibꞌi-kalèbho, kahibꞌi-kalèbho, kahibꞌi-kalèbho, kahibꞌi-kalèbho, kahibꞌi-kalèbho, kahibꞌi-kalèbho, kahibꞌi-kalèbho,"
GEN 10:27,"hadoram, uzal, diklah,","hadoram, usal, dikla,","hadoram, uzal, dikla, kahibꞌi-kalèbho, kahibꞌi-kalèbho, kahibꞌi-kalèbho, kahibꞌi-kalèbho, kahibꞌi-kalèbho, kahibꞌi-kalèbho, kahibꞌi-kalèbho, kahibꞌi-kalèbho, kahibꞌi-kalèbho, kahibꞌi-kalèbho, kahibꞌi-kalèbho, kahibꞌi-kalèbho, kahibꞌi-kalèbho, kahibꞌi-kalèbho, kahibꞌi-kalèbho, kahibꞌi-kalèbho, kahibꞌi-kalèbho, kahibꞌi-kalèbho, kahibꞌi-kalèbho, kahibꞌi-kalèbho, kahibꞌi-kalèbho, kahibꞌi-kalèbho, kahibꞌi-kalèbho, kahibꞌi-kalèbho,"
GEN 10:28,"obal, abimael, sheba,","obal, abimael, syeba,","Obal, Abimael, Shebꞌa, Abimel, Abimel, Abimel, Abimel, Abimel, Abimel, Abimel, Abimel, Abimel, Abimel, Abimel, Abimel, Abimel, Abimel, Abimel, Abimel, Abimel, Abimel, Abimel, Abimel, Abimel, Abimel, Abimel, Abimel, Abimel, Abimel, Abimel, Abimel, Abimel, Abimel, Abimel, Abimel, Abimel, Abimel, Abimel, Abimel, Abimel, Abimel, Abimel, Abimel, Abimel, Abimel, Abimel, Abimel, Abimel, Abimel,"
GEN 10:29,"ophir, havilah, and jobab. all these were the sons of joktan.","ofir, hawila, dènge yobab. rèngu aa'i-aa'i se, ana-èpu yoktan.","Ofir, Havila, dènge Jobab. Rèngu seꞌe se, ana-èpu Joktan."
GEN 10:30,"their territory was from mesha, all the way to sephar, the mountain of the east.","era pea rèngu, mulai nèti mesa, taruu d'ai sefar, nuka era dhu kabhuku re sebhe dhimu.","Rèngu abhu rai nèti Mesa, toke Sefar, dhu jꞌajꞌi dhèu sabꞌa ètu sebhe dhimu, sèna ka jꞌajꞌi dhèu aaꞌi-aaꞌi dhu jꞌajꞌi dhèu aaꞌi-aaꞌi ètu cabèka-kalèbho ètu cabèka-kalèbho, sèna ka jꞌajꞌi dhèu aaꞌi-aaꞌi dhu jꞌajꞌi dhèu aaꞌi-aaꞌi dhu jꞌajꞌi dhèu aaꞌi-aaꞌi dhu jꞌajꞌi dhèu aaꞌi-aaꞌi dhu jꞌajꞌi dhèu aaꞌi-aaꞌi ètu cabèka-kalèbho ètu cabèka-kalèbho ètu cabèka-kalèbho ètu cabèka-kalèbho ètu cabèka-kalèbho ètu cabèka-kalèbho."
GEN 10:31,"these were the sons of shem, according to their clans and their languages, in their lands, according to their nations.","rèngu aa'i-aa'i se, ana-èpu sem. èci-èci ka dènge lii, suku, aa dènge rai ra.","Rèngu se, ana-èpu Sem. Rèngu aaꞌi-aaꞌi ra, ètu rai-haha ra, ètu rai-haha ra, ètu rai-haha ra, dènge suku aaꞌi-aaꞌi ra. Rèngu aaꞌi-aaꞌi ra, pake lii aaꞌi-aaꞌi ra."
GEN 10:32,"these were the clans of the sons of noah, according to their genealogies, by their nations. from these the nations separated and went over the earth after the flood.","aa'i-aa'i se, ana-èpu noh, èci-èci ka dènge suku ra. ropa èi aae lala èle, rèngu se'e ka pea papènu lème rai-haha ne.","Rèngu se, ana-èpu Noh, nèti suku aaꞌi-aaꞌi ra, nèti suku aaꞌi-aaꞌi ra. Èle èèna ka, dhèu aaꞌi-aaꞌi mai nèti suku aaꞌi-aaꞌi ra, sèna ka rai-haha aaꞌi-aaꞌi ra jꞌajꞌi dhèu aaꞌi-aaꞌi ètu rai-haha."
GEN 11:1,now the whole earth used one language and had the same words.,"uru-uru tèka na, dhèu ètu rai-haha ne, dhoka lii èci di.","Èle èèna ka, dhèu aaꞌi-aaꞌi ètu rai-haha ne pake lii èci."
GEN 11:2,"as they journeyed in the east, they found a plain in the land of shinar and they settled there.","lod'o rèngu cahag'e lasi asa ca bèka dhimu, ra d'ai era mera ètu sinear, ka ra pea ètu èèna.","Èle èèna ka, rèngu lèpa hari asa cabèka, ka ra paraga dènge sebhe èci, ètu rai Shinar. Ka ra pea ètu èèna."
GEN 11:3-4,"they said to one another, come, let us make bricks and bake them thoroughly. they had brick instead of stone and tar as mortar. they said, come, let us build ourselves a city and a tower whose top will reach to the sky, and let us make a name for ourselves. if we do not, we will be scattered across the surface of the whole earth.","rèngu aa'i-aa'i rare lii èci, aku rèngu na, a'ari, ee! mai ta patitu kota kapai aae cue. ti tao hadhu bata; ti tunu pa'adhu. èèna na, èdhi pudhi sa dedha, ho ti tape dènge èi dama. ho èèna na, ti patitu manara dedha aae èci, dhu kolo nèngu na d'ai dedha-liru, sèna ka èdhi abhu kolongara kapai. ho sèna ka èdhi j'aj'i ca kabarai aae, dhu pahag'a ia ka.","Ka ra padhai lii èci dènge èci, aku rèngu na, ""Ladhe sèmi èèna, na, jiꞌi tao kota, aa pajꞌajꞌi èci ètu dedha-liru, sèna ka dhèu aaꞌi-aaꞌi reꞌa kolongara jiꞌi. Te ladhe jiꞌi tao sèmi èèna, na, jiꞌi pakajꞌèu ètu rai-haha ne, aa jꞌajꞌi dhèu aaꞌi-aaꞌi dhu reꞌa boe jꞌara-jꞌara dhu beꞌa. Te ladhe jiꞌi tao sèmi èèna, bèli-camèdꞌa jiꞌi pajꞌajꞌi dhèu aaꞌi-aaꞌi, aa jꞌajꞌi dhèu aaꞌi-aaꞌi, sèna ka jiꞌi jꞌajꞌi dhèu aaꞌi-aaꞌi, aa jꞌajꞌi dhèu aaꞌi-aaꞌi, sèna ka jiꞌi jꞌajꞌi dhèu aaꞌi-aaꞌi, sèna ka jꞌajꞌi dhèu aaꞌi-aaꞌi dhèu aaꞌi-aaꞌi ètu rai-haha ne."""
GEN 11:5,so yahweh came down to see the city and the tower which the descendants of adam had built.,hèia lamatua puru mai laladhe kota dènge manara dhu ra patitu èèna.,"Èle èèna ka, Lamatua puru, ho ladhe nèdhi kota ne, dènge hadhu dhu uru èèna ana-èpu Adam patitu ètu era neꞌe. Nèti èèna ka, Lamatua puru, sèna ka ladhe nèdhi hadhu ne, dènge hadhu dhu ana-èpu Adam patitu ètu era neꞌe. Nèti èèna ka, Lamatua pajꞌujꞌu aaꞌi-aaꞌi mi dhèu aaꞌi-aaꞌi ètu dꞌara Èmu Kapua Manèngi-Mangajꞌi, dhu dhèu aaꞌi-aaꞌi ètu dꞌara Èmu Kapua Manèngi-Mangajꞌi ètu dꞌara Èmu Kapua Manèngi-Mangajꞌi, dhu dhèu aaꞌi-aaꞌi ètu dꞌara Èmu Kapua Manèngi-Mangajꞌi ètu dꞌara Èmu Kapua Manèngi-Mangajꞌi ètu dꞌara Èmu Kapua Manèngi-Mangajꞌi."
GEN 11:6,"yahweh said, look, they are one people with the same language, and they are beginning to do this! soon nothing that they intend to do will be impossible for them.","ka na peka na, dhèu rai-haha se, aa'i-aa'i ra ca kabarai, dènge lii èci di. ngaa dhu rèngu tao ne, heka mulai kèna. bèli-camèd'a ladhe rèngu aa'i-aa'i ra j'aj'i mi èci sèmi ne'e, èèna na, ngaa dhu rèngu neo tao, j'aj'i aa'i mèu-mèu.","Èle èèna ka, Lamatua peka dènge jiꞌi, aku Nèngu na, ""Sèmi neꞌe! Rèngu aaꞌi-aaꞌi ra jꞌajꞌi dhèu aaꞌi-aaꞌi. Rèngu aaꞌi-aaꞌi ra jꞌajꞌi dhèu aaꞌi-aaꞌi sèra, te ngaa jꞌajꞌi dhèu aaꞌi-aaꞌi sèra. Bèli-camèdꞌa, jꞌajꞌi dhèu aaꞌi-aaꞌi, aa jꞌajꞌi dhèu aaꞌi-aaꞌi, aa jꞌajꞌi dhèu aaꞌi-aaꞌi, aa jꞌajꞌi dhèu aaꞌi-aaꞌi, aa jꞌajꞌi dhèu aaꞌi-aaꞌi, aa jꞌajꞌi dhèu aaꞌi-aaꞌi ra jꞌajꞌi dhèu aaꞌi-aaꞌi."
GEN 11:7,"come, let us go down and confuse their language there, so that they may not understand each other.","de be'a risi, èdhi puru lati ho tao lii si baka-leo, ho sèna ka èci ne'a boe lii èci.","Mai ka, jiꞌi lèpa laꞌe asa era èèna, ho pakajꞌèu lii rèngu ètu èèna, sèna ka rèngu reꞌa boe lii èci dènge èci. De ladhe rèngu tadèngi lii èci, rèngu reꞌa boe lii èci, na, rèngu reꞌa boe lii èci, te ngaa rèngu reꞌa boe lii èci, te ngaa rèngu reꞌa boe lii èci, te ngaa rèngu reꞌa boe lii èci, te ngaa rèngu reꞌa boe lii èci, te ngaa rèngu reꞌa boe lii èci, te ngaa rèngu reꞌa boe lii èci, te ngaa rèngu reꞌa boe lii èci, te ngaa rèngu neꞌa boe lii èci, te ngaa rèngu neꞌa boe lii èci, te ngaa rèngu neꞌa boe lii padhai lii èci, te ngaa dhu rèngu padhai lii èci dènge èci. Te ngaa èci èci, nèti lii èci èci, nuka sèmi èèna ka dhu rèngu"
GEN 11:8,so yahweh scattered them from there across the surface of all the earth and they stopped building the city.,"hèia lamatua puru, ka kakeho lii ra. dènge j'ara sèmi èèna, na pacèri si palème rai-haha ne. ka ra pakèd'i taruu heka kota deo na.","Èle èèna ka, Lamatua paꞌele iie si nèti era neꞌe asa rai-haha ne. Ka dhèu aaꞌi-aaꞌi roꞌo boe pajꞌujꞌu kota ne."
GEN 11:9,"therefore, its name was called babel, because there yahweh confused the language of the whole earth and from there yahweh scattered them abroad over the surface of all the earth.","nèti èèna ka, ra pangare kota na, babel dhu sasoa na ‘pab'ingu', lula lamatua kakeho lii ra, aa pacèri eele si palème rai-haha ne.","Nèti èèna ka, ra pangare ne, Babel, lula ètu dꞌara rae ne, Lamatua pakajꞌèu lii dhèu aaꞌi-aaꞌi ètu rai-haha ne. Nèti èèna ka, Lamatua paꞌele iie dhèu aaꞌi-aaꞌi ètu rai-haha ne."
GEN 11:10,"these were the descendants of shem. shem was a hundred years old, and he became the father of arphaxad two years after the flood.","se'e se, ana-èpu sem. ropa èle èi aae lala dua tèu sa, sem mamuri cangasu tèu kèna, ka na abhu ana mone ca dhèu, ngara na arpaksad.","Ana-èpu Sem se, nuka sèmi dhèu seꞌe. Lodꞌo Sem mamuri èèna, nèngu jꞌajꞌi dhèu unu Ama Lamatua. Èle èèna ka, na jꞌajꞌi ama na Arpaksad, toke dꞌai dua tèu."
GEN 11:11,shem lived five hundred years after he became the father of arphaxad. he also became the father of other sons and daughters.,"ka sem mamuri hari d'ai lèmi ngasu tèu, na abhu hari ana mone dènge ana bhèni.","Èle èèna ka, Sem pea ètu rai-haha ne, dꞌai lèmi nguru tèu. Èle èèna ka, Sem nara iisi Arpaksad. Hèia na nara iisi hari ana mone dènge ana bhèni."
GEN 11:12,"when arphaxad had lived thirty-five years, he became the father of shelah.","lod'o umur arpaksad d'ai tèlu nguru lèmi tèu, na abhu ana mone ca dhèu, ngara na sela.","Èle èèna ka, Arpasad mamuri dꞌai tèlu nguru tèlu tèu. Èle èèna ka, Arpasad jꞌajꞌi ana bhèni, ngara na Sela."
GEN 11:13,arphaxad lived 403 years after he became the father of shelah. he also became the father of other sons and daughters.,"ka arpaksad mamuri hari d'ai èpa ngasu tèlu tèu, na abhu hari ana mone dènge ana bhèni.","Èle èèna ka, Arpasad mamuri èpa nguru tèu dènge tèlu tèu. Èle èèna ka, Arpasad jꞌajꞌi ana bhèni èci, ngara na Sela."
GEN 11:14,"when shelah had lived thirty years, he became the father of eber.","lod'o umur sela d'ai tèlu nguru tèu, na abhu ana mone ca dhèu, ngara na eber.","Èle èèna ka, Selah mamuri tèlu nguru tèu. Èle èèna ka, na nara iisi èci, ngara na Eber."
GEN 11:15,shelah lived 403 years after he became the father of eber. he also became the father of other sons and daughters.,"ka sela mamuri hari d'ai èpa ngasu tèlu tèu, na abhu hari ana mone dènge ana bhèni.","Èle èèna ka, Selah mamuri èpa nguru tèu tèlu tèu. Èle èèna ka, na nara iisi Eber. Èle èèna ka, na nara iisi ana mone dènge ana bhèni."
GEN 11:16,"when eber had lived thirty-four years, he became the father of peleg.","lod'o umur eber d'ai tèlu nguru èpa tèu, na abhu ana mone ca dhèu, ngara na pelek.","Eber mamuri dꞌai tèlu nguru tèlu tèu. Hèia na nara iisi èci, ngara na Peleg."
GEN 11:17,eber lived 430 years after he became the father of peleg. he also became the father of other sons and daughters.,"ka eber mamuri era d'ai èpa ngasu tèlu nguru tèu, na abhu hari ana mone dènge ana bhèni.","Nèti èèna ka, Eber jꞌajꞌi dhèu rai-haha èpa nguru nguru tèu. Nèngu jꞌajꞌi dhèu aaꞌi-aaꞌi dhu jꞌajꞌi dhèu aaꞌi-aaꞌi. Nèngu jꞌajꞌi dhèu aaꞌi-aaꞌi dhu jꞌajꞌi dhèu aaꞌi-aaꞌi dhu jꞌajꞌi dhèu aaꞌi-aaꞌi dhu jꞌajꞌi dhèu aaꞌi-aaꞌi dhu jꞌajꞌi dhèu aaꞌi-aaꞌi dhu jꞌajꞌi dhèu aaꞌi-aaꞌi dhu jꞌajꞌi dhèu aaꞌi-aaꞌi dhu jꞌajꞌi dhèu aaꞌi-aaꞌi dhu jꞌajꞌi dhèu aaꞌi-aaꞌi dhu jꞌajꞌi dhèu aaꞌi-aaꞌi."
GEN 11:18,"when peleg had lived thirty years, he became the father of reu.","lod'o umur pelek d'ai tèlu nguru tèu, na matana ana mone ca dhèu, ngara na rehu.","Lodꞌo èèna, hèia Peleg mamuri dꞌai 30 tèu. Èle èèna ka, na abhu Reu."
GEN 11:19,peleg lived 209 years after he became the father of reu. he also became the father of other sons and daughters.,"ka pelek mamuri era d'ai dua ngasu ceo tèu, na abhu hari ana mone dènge ana bhèni.",Rèhu jꞌajꞌi le dhèu aae Peleg. Rèhu jꞌajꞌi le dhèu aae-dhèu. Rèhu jꞌajꞌi le dhèu aae-dhèu. Rèhu jꞌajꞌi le dhèu aae-aae. Rèhu jꞌajꞌi le dhèu aae-aae. Rèhu jꞌajꞌi le dhèu aae-aae. Rèhu jꞌajꞌi le dhèu aae-aae. Rèhu jꞌajꞌi le dhèu aae-aae. Rèhu jꞌajꞌi le dhèu aae-aae. Rèhu jꞌajꞌi le dhèu aae-ae. Rèhu jꞌajꞌi le dhèu aae-ae. Rèhu jꞌajꞌi le dhèu aae-ae. Rèhu jꞌajꞌi le dhèu aae-ae.
GEN 11:20,"when reu had lived thirty-two years, he became the father of serug.","lod'o umur rehu d'ai tèlu nguru dua tèu, na abhu ana mone èci, ngara na seruk.","Èle èèna ka, Rehu mamuri dꞌai tèlu nguru dua tèu. Èle èèna ka, Rehu jꞌajꞌi ana bhèni èci, ngara na Serug."
GEN 11:21,reu lived 207 years after he became the father of serug. he also became the father of other sons and daughters.,"ka rehu mamuri era d'ai dua ngasu pidhu tèu, na abhu hari ana mone dènge ana bhèni.","Èle èèna ka, Reu mamuri ètu rai-haha ne, dua nguru nguru dua nguru tèu. Èle èèna ka, na jꞌajꞌi dhèu aaꞌi-aaꞌi ra, ana-èpu na dhèu èci dènge dhèu aaꞌi-aaꞌi dhu jꞌajꞌi dhèu aaꞌi-aaꞌi ètu rai-haha ne, aa ana-èpu na dhèu aaꞌi-aaꞌi dhu jꞌajꞌi dhèu aaꞌi-aaꞌi ètu rai-haha ne. Nèngu jꞌajꞌi dhèu aaꞌi-aaꞌi dhu jꞌajꞌi dhèu aaꞌi-aaꞌi dhu jꞌajꞌi dhèu aaꞌi-aaꞌi ètu rai-haha ne. Nèngu jꞌajꞌi ana-èpu dhèu aaꞌi-aaꞌi dhu jꞌajꞌi dhèu aaꞌi-aaꞌi."
GEN 11:22,"when serug had lived thirty years, he became the father of nahor.","lod'o umur seruk d'ai tèlu nguru tèu, na matana ana mone ca dhèu, ngara na nahor.","Èle èèna ka, Seruk mamuri dꞌai 30 tèu. Èle èèna ka, na nara iisi Nahor."
GEN 11:23,serug lived two hundred years after he became the father of nahor. he also became the father of other sons and daughters.,"ka seruk mamuri era d'ai dua ngasu tèu, ka na abhu hari ana mone dènge ana bhèni.","Èle èèna ka, Seruk mamuri toke dꞌai dua nguru tèu. Èle èèna ka, na nara iisi Nahor. Na nara iisi hari ana mone dènge ana bhèni."
GEN 11:24,"when nahor had live twenty-nine years, he became the father of terah.","lod'o umur nahor d'ai dua nguru ceo tèu, na abhu ana mone èci, ngara na tera.","Ropa Nahor mamuri dua nguru tèu, hèia na nara iisi Tera."
GEN 11:25,nahor lived 119 years after he became the father of terah. he also became the father of other sons and daughters.,"ka nahor mamuri era d'ai cangasu canguru ceo tèu, ka na abhu hari ana mone dènge ana bhèni.","Èle èèna ka, Nahor jꞌajꞌi dhèu rai-haha èci dènge nguru nguru tèu. Na jꞌajꞌi dhèu aaꞌi-aaꞌi, ngara na Tera. Na jꞌajꞌi dhèu aaꞌi-aaꞌi dhu jꞌajꞌi dhèu aaꞌi-aaꞌi, dhèu aaꞌi-aaꞌi. Na jꞌajꞌi dhèu aaꞌi-aaꞌi, dhèu aaꞌi-aaꞌi dhu jꞌajꞌi dhèu aaꞌi-aaꞌi. Na jꞌajꞌi dhèu aaꞌi-aaꞌi dhu jꞌajꞌi dhèu aaꞌi-aaꞌi. Na jꞌajꞌi dhèu aaꞌi-aaꞌi, dhèu aaꞌi-aaꞌi dhu jꞌajꞌi dhèu aaꞌi-aaꞌi."
GEN 11:26,"after terah had lived seventy years, he became the father of abram, nahor, and haran.","lod'o umur tera d'ai pidhu nguru tèu risi, na abhu ana mone, dhèu tèlu: abram, nahor, dènge haran.","Èle èèna ka, Tera mamuri dènge pidhu nguru tèu. Èle èèna ka, na abhu Abram, Nahor, dènge Haran."
GEN 11:27,"now these were the descendants of terah. terah became the father of abram, nahor, and haran, and haran became the father of lot.","ana-èpu tera, sèmi ne'e: ana mone na, ka: abram, nahor, dènge haran. haran abhu ana mone ca dhèu, ngara na lot.",Terah jꞌajꞌi ana-èpu Abraham. Terah jꞌajꞌi ama Abram. Nahor jꞌajꞌi ama Haran. Haran jꞌajꞌi ama Lot.
GEN 11:28,"haran died in the presence of his father terah in the land of his birth, in ur of the chaldeans.","haran madhe ètu rae èta-èsu na, ngara na ur, rai dhèu kasdim. lod'o èèna, ama na tera mamuri era.","Èle èèna ka, Haran madhe ètu rai ama na, ètu rae Na, ètu rae Uri, ètu rai Kaldea."
GEN 11:29,"abram and nahor took wives. the name of abram's wife was sarai and the name of nahor's wife was milkah, a daughter of haran, who was the father of milkah and iskah.","abram madhèdi dènge sarai. nahor leo dènge ana bhèni haran, ngara na milka. haran abhu ana mone èci kahèi, ngara na yiska.","Èle èèna ka, Abram dènge Nahor jꞌajꞌi dhèu èmu-kamali, ngara na Sarai. Aa dhèu èmu Nahor jꞌajꞌi dhèu èmu-kamali, ngara na Milka, ana bhèni Haran. Nèngu jꞌajꞌi dhèu èmu-kamali, ngara na Isak."
GEN 11:30,now sarai was barren; she had no child.,te ngaa sarai dènge boe ana.,"Èle èèna ka, Sarai dènge boe ana."
GEN 11:31,"terah took abram his son, lot the son of his son haran, and sarai his daughter-in-law, his son abram's wife, and together they left ur of the chaldeans, to go into the land of canaan. but they came to haran and stayed there.","ca tèka, tera nèti ana na abram, dènge sarai dhèu èmu abram, dènge èpu na lot, lasi tèke eele rae ur, neo lasi asa rai kana'an. te ngaa lasi d'ai rae haran, rèngu pea ka ètu èèna.","Èle èèna ka, Tirus dènge ana na Abram, Lot, ana na Haran, dènge Sarai, ana bhèni na, dhèu èmu ana na Abram. Èle èèna ka, rèngu tèke eele kota Uri, ètu rai Kaldea, lasi pea asa rai Kanaꞌan. Èle èèna ka, rèngu dꞌai Haran, ka ra pea ètu èèna."
GEN 11:32,terah lived 205 years and then died in haran.,"tera madhe ètu èèna, dènge umur na dua ngasu lèmi tèu.","Èle èèna ka, dhèu Israꞌel pea ètu dꞌara kota Haran. Nèngu mamuri dꞌai 205 tèu. Èle èèna ka, na madhe ètu dꞌara kota Haran."
GEN 12:1,"now yahweh said to abram, go from your country, and from your relatives, and from your father's household, to the land that i will show you.","lod'o èèna, lamatua peka le dènge abram, peka na, abram! èu pakèd'i nèti era èu ne, tèke eele ina-ama èu, èmu ina-ama mu, dènge rae-lesa èu. lamu asa era èci, dhu pe ja'a peka dènge èu.","Èle èèna ka, Lamatua peka dènge Abram, aku Nèngu na, ""Èu hudꞌi tèke eele rai èu, dènge aꞌari èu, ho laꞌe asa rai dhu Jaꞌa padꞌelo dènge èu."""
GEN 12:2,"i will make of you a great nation, and i will bless you, and make your name great, and you will be a blessing.","èèna na, ja'a hia mèngi-nale mi èu. aa ana-èpu èu, èèna na, bèba-kacanga, j'aj'i suku dhu kapai, toke dhèu tadhe kolongara èu. ho bèli-camèd'a, èu j'aj'i berkat hia dhèu leo kahèi.","Jaꞌa tao èu jꞌajꞌi suku kapai. Jaꞌa patabuli èu, aa padedha-dedha kolongara dhèu aaꞌi-aaꞌi. Èu jꞌajꞌi mèdha-panyau aaꞌi-aaꞌi mi dhèu aaꞌi-aaꞌi."
GEN 12:3,"i will bless those who bless you, but whoever dishonors you i will curse. through you will all the families of the earth be blessed.","èèna na, ja'a hia berkat mi dhèu dhu hia berkat mi èu. te ngaa ja'a huku dhèu cee dhu dhoo èu. nanene paie! pe èèna na, dhèu aa'i-aa'i ètu rai-haha ne abhu berkat lula èu.","Jaꞌa patabuli dhèu dhu patabuli èu. Aa dhèu dhu pahaha iisi èu, jaꞌa pahaha iisi na. Te èèna na, suku aaꞌi-aaꞌi ètu rai-haha èèna abhu mèdha-panyau nèti èu."""
GEN 12:4-5,"so abram went, as yahweh had told him to do, and lot went with him. abram was seventy-five years old when he left haran. abram took sarai, his wife, lot, his brother's son, all their possessions that they had accumulated, and the people that they had acquired in haran. they left to go into the land of canaan, and came to the land of canaan.","lod'o èèna, umur abram pidhu nguru lèmi tèu. na nèti dhèu èmu na sarai, aa dènge ana ari na, lot, dènge mèdha-panyau ra aa'i-aa'i, aa dènge dhèu sab'a na aa'i-aa'i dhu na abhu ètu kota haran. hèia abram si lasi ka, tèke eele kota haran, asa era dhu lamatua peka le dènge ne. ka ra kako taruu, d'ai rai èci, ngara na kana'an.","Èle èèna ka, Abram dènge Sarai, dhèu èmu na, Lot dènge ana aꞌari na, dènge mèdha-panyau ra aaꞌi-aaꞌi dhu rèngu abhu ètu Haran. Èle èèna ka, Abram dènge Sarai, dhèu èmu na, dènge ana aꞌari na Lot, dènge mèdha-panyau ra aaꞌi-aaꞌi dhu rèngu abhu ètu Haran. Èle èèna ka, dhèu aaꞌi-aaꞌi se lèpa asa rai Kanaꞌan."
GEN 12:6,"abram passed through the land as far as shechem, to the oak of moreh. at that time the canaanites lived in the land.","d'ai era èèna, abram kako palème rai ne, toke d'ai padètu dènge rae èci, ngara na sikem. ka ra pea taha ètu èèna, padètu dènge aj'u aae ca kapua ètu more. lod'o èèna, dhèu kana'an dhu pea ètu èèna era.","Èle èèna ka, Abram kako laꞌe asa Sikem. Ètu era neꞌe, abhu ajꞌu aae more. Lodꞌo èèna, dhèu Kanaani pea ètu rai neꞌe."
GEN 12:7,"yahweh appeared to abram, and said, to your descendants i will give this land. so there abram built an altar to yahweh, who had appeared to him.","ètu era èèna ka, lamatua pad'elo iisi na mi abram, peka na, èèna na, ja'a hia ana-èpu èu rai ne'e ne. ka abram pudhi hadhu tao mei korban hia lamatua dhu pad'elo iisi na dènge nèngu ètu era èèna.","Èle èèna ka, Lamatua padꞌelo ngiꞌu Na mi Abram, ka Na peka, aku Nèngu na, ""Bèli-camèdꞌa jaꞌa bꞌala rai ne, sèna ka jꞌajꞌi mi ana-èpu èu aaꞌi-aaꞌi ra ètu era neꞌe."" Hèia Abram pajꞌujꞌu ètu era neꞌe asa madha Ama Lamatua, dhu padꞌelo ngiꞌu Na mi Nèngu."
GEN 12:8,"from there he moved to the hill country to the east of bethel, where he pitched his tent, with bethel to the west and ai to the east. there he built an altar to yahweh and called on the name of yahweh.","èle èèna ka, abram si pidha hari asa ledhe re balèu. ka ra pea taha ètu talora rae betel dènge rae ai. ètu èèna, na patitu mei korban èci ho na mangaj'i mi lamatua.","nèti èèna laꞌe asa dꞌara ledhe ètu rae Betel. Ètu era neꞌe, na patitu hèbꞌa. Ètu era neꞌe, na patitu madha mei ho manèngi-mangajꞌi mi Lamatua. Ètu era neꞌe, na patitu madha mei ho manèngi-mangajꞌi mi Lamatua. Nèti èèna ka, na manèngi-mangajꞌi mi Lamatua, aa manèngi-mangajꞌi mi Lamatua, aa manèngi-mangajꞌi mi Lamatua. Nèti èèna ka, na patitu ètu era neꞌe, ka na manèngi-mangajꞌi mi Lamatua. Nèti èèna ka, na patitu ètu era neꞌe, ho manèngi-mangajꞌi mi Lamatua, aa manèngi-mangajꞌi mi Lamatua."
GEN 12:9,"then abram continued journeying, going toward the negev.","èle èèna ka, na pidha-pidha era, d'ai rai negeb re ca bèka balèu nèti rai kana'an.","Èle èèna ka, Abram kako laꞌe asa nègev."
GEN 12:10,"there was a famine in the land, so abram went down into egypt to stay, for the famine was severe in the land.","ca tèka, rai kana'an lèke manganga aae. nèti èèna ka, abram si lasi asa bèka balèu, ka ra d'ai rai masir. ka ra manubha taha ètu nèi.","Èle èèna ka, abhu pèri-pèri hèru ètu rai-haha ne. Nèti èèna ka, abhu pèri-pèri hèru ètu rai-haha ne. Nèti èèna ka, abhu pèri-pèri hèru ètu rai-haha ne. Ropa abhu pèri-pèri hèru ètu rai-haha ne, hèia Abram laꞌe pea ètu rai-haha ne."
GEN 12:11,"when he was about to enter into egypt, he said to sarai his wife, see here, i know that you are a beautiful woman.","ropa oe d'ai masir, abram peka dènge dhèu èmu na, sarai, aku nèngu na, sarai, èu bhèni iia, nia boe.","Ropa dꞌai lodꞌo na maso asa Masir, na peka dènge Sarai, dhèu èmu na, aku nèngu na, ""Èu ne dhèu bhèni dhu kapai."
GEN 12:12,"when the egyptians see you they will say, 'this is his wife, ' and they will kill me, but they will keep you alive.","de ladhe dhèu masir rèdhi èu bhèni iia sèmi ne'e, mage dhoka ra pamadhe ja'a, lula ja'a dhèu èmu-kamali èu. dènge sèmi èèna, ra parame rare èu.","Ladhe dhèu Masir ladhe rèdhi èu, ra peka na, 'Nèngu ne, dhèu èmu na.' Hèia ra pamadhe jaꞌa, te ngaa èu mamuri hari."
GEN 12:13,"say that you are my sister, so that it may be well with me because of you, and so that my life will be spared because of you.","de be'a risi, èu peka dènge ra, na ja'a ne, ana mone èu. dènge sèmi èèna ka, rèngu pamadhe boe ja'a, aa ra be'a-be'a dènge ja'a, lula èu ne.","peka sèmi neꞌe ka, 'Èu ne, aꞌari jaꞌa.' Dènge jꞌara neꞌe, dꞌara jaꞌa karejꞌe dènge èu. Aa ladhe èu tao sèmi èèna, jaꞌa madhe boe."
GEN 12:14,"it came about that when abram entered into egypt, the egyptians saw that sarai was very beautiful.","ropa abram si d'ai masir, dhèu ètu èèna, ladhe laa na, sarai ne bhèni iia titu kèna.","Ropa Abram maso asa Masir, dhèu Masir ladhe rèdhi Sarai dhu kapai titu kèna."
GEN 12:15,"the princes of pharaoh saw her, and praised her to pharaoh, and the woman was taken into pharaoh's household.","ropa dhèu sab'a dhèu aae sèra ladhe rèdhi ne, aa ra koa bhabhèni iia na ètu madha dhèu aae. ka rèti bhèni ne, asa èmu dhèu aae.","Lodꞌo èèna, dhèu aae-dhèu nèti dhèu aae-dhèu nèti dhèu aae kapai, ladhe rèdhi bhèni ne, ka ra koa-kadꞌiri ne mi dhèu aae kapai. Hèia dhèu aae kapai lasi bhèni ne asa dꞌara èmu dhèu aae kapai."
GEN 12:16,"pharaoh treated abram well for her sake, and gave him sheep, oxen, male donkeys, male servants, female servants, female donkeys, and camels.","hèia dhèu aae be'a-be'a ka dènge abram, lula sarai. ka na parasee abram mèdha rupa-rupa. nuka badha sèmi: kahib'i-kalèbho, kahib'i-ka'ia, sapi, keled'ei, dènge onta. na parasee kahèi, ènu dhèu mone dènge dhèu bhèni.","Èle èèna ka, dhèu aae-dhèu nèti rai-haha ne jꞌajꞌi dhèu unu Lamatua. Hèia na hia Abram kahibꞌi-kalèbho, badha dènge badha dènge badha dènge badha dènge badha dènge badha dènge badha dènge badha dènge badha dènge badha dènge badha dènge badha dènge badha dènge badha dènge badha dènge badha dènge badha dènge badha dènge badha dènge badha dènge badha dènge badha dènge badha dènge badha dènge badha dènge badha dènge badha dènge badha dènge badha dènge badha dènge badha dènge badha dènge badha dènge badha dènge badha dènge badha dènge badha."
GEN 12:17,"then yahweh afflicted pharaoh and his house with great plagues because of sarai, abram's wife.","lula na nare dhèu èmu dhèu asa d'ara èmu na, nèti èèna ka, lamatua hia huku rupa-rupa mi dhèu aae dènge isi èmu na.","Èle èèna ka, Lamatua jꞌajꞌi dhèu aae-dhèu jꞌajꞌi dhèu aae-dhèu aae-dhèu aae-aaꞌi ra, nuka sèmi Sarai, dhèu èmu Abram. Nèti èèna ka, Lamatua jꞌajꞌi dhèu aae-dhèu aae-dhèu aae-dhèu aae-aaꞌi ra, sèna ka jꞌajꞌi dhèu aae-aaꞌi ra dènge jꞌajꞌèra aaꞌi-aaꞌi ra."
GEN 12:18,"pharaoh summoned abram, and said, what is this that you have done to me? why did you not tell me that she was your wife?","hèia dhèu aae masir paroa abram, ka na karèi ne, aku nèngu na, èu ne tao tasamia mi ja'a ne? nga tao ka èu peka boe na, bhèni ne dhèu èmu èu?","Èle èèna ka, dhèu aae Farao paroa Abram, ka na karèi ne, aku nèngu na, ""Nga tao ka èu tao sèmi neꞌe? Nga tao ka èu baku peka dènge jaꞌa, na, nèngu ne, dhèu èmu èu?"""
GEN 12:19,"why did you say, 'she is my sister, ' so that i took her to be my wife? now therefore, here is your wife. take her, and go your way.","te ngaa aku èu na, nèngu ne ana hèni èu! nèti èèna ka, ja'a oe kore ne j'aj'i dhèu èmu ja'a! dhèu èmu èu ka ne'e! more hari ka, aa pakaj'èu ka nèti madha ja'a!","Nga tao ka èu padhai lii, peka na, 'Nèngu ne, aꞌari jaꞌa.' De jaꞌa leo hari ne, ho jꞌajꞌi dhèu èmu èu. Nèti èèna ka, èu hudꞌi laꞌe dènge ne, sèna ka jꞌajꞌi dhèu èmu èu."
GEN 12:20,"then pharaoh gave orders to his men concerning him, and they sent him away, along with his wife and all that he had.","hèia dhèu aae paredha dhèu sab'a na sèra, babège eele abram, dhèu èmu na, rèti dènge dhèu aa mèdha-panyau aa'i-aa'i ra, kalua nèti rai èèna.","Èle èèna ka, dhèu aae-dhèu nèti rai-haha ne paredha dhèu ae sèra, sèna ka ra lèpa hari Ne, dènge dhèu èmu na, dènge aaꞌi-aaꞌi ra."
GEN 13:1,"so abram went up from egypt and went into the negev, he, his wife, and all that he had. lot also went with them.","ka abram si tèke eele masir, lasi asa rai negeb. la'e dènge dhèu èmu na, aa dènge dhèu aa mèdha-panyau aa'i-aa'i ra. ana ari na lot madhutu ra kahèi.","Èle èèna ka, Abram dènge dhèu èmu na, dènge aaꞌi-aaꞌi ra, lèpa nèti Masir, lasi asa Negev. Èle èèna ka, Lot dènge dhèu aaꞌi-aaꞌi ra, lèpa dènge dhèu aaꞌi-aaꞌi ra."
GEN 13:2,"now abram was very rich in animals, in silver, and in gold.","abram èèna, kaja ae titu kèna. badha-manu na, mèdha hualaa dènge mèdha hualaa-pudhi na, ae titu kèna.","Èle èèna ka, Abram jꞌajꞌi dhèu rai-haha. Nèngu jꞌajꞌi dhèu rai-haha. Nèngu jꞌajꞌi dhèu rai-haha. Nèngu jꞌajꞌi dhèu rai-haha. Nèngu jꞌajꞌi dhèu rai-haha. Nèngu jꞌajꞌi dhèu rai-haha. Nèngu jꞌajꞌi dhèu rai-haha. Nèngu jꞌajꞌi dhèu rai-haha. Nèngu jꞌajꞌi dhèu rai-haha. Nèngu jꞌajꞌi dhèu rai-haha. Nèngu jꞌajꞌi dhèu rai-haha. Nèngu jꞌajꞌi dhèu rai-haha. Nèngu jꞌajꞌi dhèu rai-haha."
GEN 13:3,"he continued on his journey from the negev to bethel, to the place where his tent had been before, between bethel and ai.","nèti negeb, ra pidha-pidha era, ka d'ai hari talora rae betel dènge rae ai. dhu uru èèna, ra pea rèdhi le ètu era èèna.","Èle èèna ka, nèngu tèke eele nèngu nèti Negev, laꞌe asa Betel, ètu talora nèi, ètu talora Betel dènge Ai."
GEN 13:4,he went to the place where the altar was that he had built previously. here he called on the name of yahweh.,"aa dhu abram patitu le kahèi mei korban, ho na mangaj'i mi lamatua ètu era èèna.","Èle èèna ka, Musa laꞌe asa madha mei dhu uru èèna na tao ètu èèna. Ètu èèna, na manèngi-mangajꞌi mi Ama Lamatua."
GEN 13:5,"now lot, who was traveling with abram, also had flocks, herds, and tents.","lot dhu madhutu abram èèna, unu badha-manu dènge dhèu sab'a ae kahèi.","Lod, dhu kako dènge Abram, abhu kahèi kahibꞌi-kalèbho, kahibꞌi-kalèbho, dènge hèbꞌa."
GEN 13:6-7,"the land was not able to support them both living close together, because their possessions were very many, so that they could not stay together. also, there was a dispute between the herdsmen of abram's animals and the herdsmen of lot's animals. the canaanites and the perizzites were living in the land at that time.","te ngaa era èèna taleo boe, ho abram dènge lot aa dènge kakaja ra bisa pea pa'èci. nèti èèna ka, ana madhenge badha abram dènge lot sèra j'aj'i patao-palaha, lula j'u'u ètu era èèna d'ai boe hia badha rèngu. lod'o èèna, dhèu kana'an dènge dhèu feris, dhu pea ètu èèna era.","Lodꞌo èèna, dhèu dua sèra, dhèu Kanaani dènge dhèu Pisit, pea ètu rai neꞌe. Dhèu dua sèra, dhèu kahibꞌi-kalèbho dènge dhèu kahibꞌi-kalèbho dènge dhèu kahibꞌi-kalèbho dènge dhèu kahibꞌi-kalèbho dènge dhèu kahibꞌi-kalèbho dènge dhèu kahibꞌi-kalèbho dènge dhèu kahibꞌi-kalèbho dènge dhèu kahibꞌi-kalèbho dènge dhèu kahibꞌi-kalèbho dènge dhèu kahibꞌi-kalèbho dènge dhèu kahibꞌi-kalèbho dènge dhèu kahibꞌi-kalèbho dènge dhèu kahibꞌi-kalèbho dènge dhèu kahibꞌi-kalèbho dènge dhèu kahibꞌi-kalèbho dènge dhèu kahibꞌi-kalèbho dènge dhèu kahibꞌi-kalèbho dènge dhèu kahibꞌi-kalèbho dènge dhèu kahibꞌi-kalèbho dènge dhèu kahibꞌi-kalèbho dènge dhèu kahibꞌi-kalèbho."
GEN 13:8,"so abram said to lot, let there be no strife between you and me, and between your herdsmen and my herdsmen; after all, we are family.","ka abram peka dènge lot, aku nèngu na, èdhi se, pa'a'ari. mage dhoka èdhi, èci dènge èci be'a boe, lula dhèu sab'a èdhi se patao-palaha taruu.","Hèia Abram peka dènge Lot, aku nèngu na, ""Sèmi neꞌe! Èu dènge jaꞌa baku paꞌèra-èra. Èu dènge dhèu-dhèu kahibꞌi-kalèbho jaꞌa hudꞌi paꞌèra-èra ku, te èdhi aaꞌi-aaꞌi ti."
GEN 13:9,"is not the whole land before you? go ahead and separate yourself from me. if you go to the left, then i will go to the right. or if you go to the right, then i will go to the left.","de hua iia dua ti pahag'a ka laa. rai ne, taleo. de ladhe èu d'èi rai ca bèka kariu na, ja'a abhu re ca bèka g'ana. te ngaa ladhe èu d'èi re ca bèka g'ana, na ja'a re ca bèka kariu.","Nèti èèna ka, dhèu aaꞌi-aaꞌi ètu rai-haha ne jꞌajꞌi mi dedha èu. Ladhe èu laꞌe asa gꞌana, jaꞌa laꞌe asa gꞌana. Aa ladhe èu laꞌe asa gꞌana, jaꞌa laꞌe asa gꞌana."
GEN 13:10,"so lot looked around, and saw that the whole plain of the jordan was well watered everywhere all the way to zoar, like the garden of yahweh, like the land of egypt. this was before yahweh destroyed sodom and gomorrah.","hèia lot ladhe palème. ka na ladhe nèdhi rai taleo ètu sebhe loko yarden dhu madha èi ae, toke d'ai rae soar. era ne, rai hèu mèngi sama sèmi oka lamatua, dènge rai masir kahèi. lod'o èèna, lamatua dhae huku mèka kota sodom dènge kota gomora. de rai èèna, be'a era.","Èle èèna ka, Lot ladhe-leru aaꞌi-aaꞌi ra. Na ladhe nèdhi, na, bèli-camèdꞌa bèli-camèdꞌa aaꞌi-aaꞌi ètu sebhe Yarden, dhu dènge èi èi èi, nuka sèmi hèbꞌa Lamatua ètu rai Masir, toke dꞌai Soar. Uru èèna, Lamatua hagꞌe eele kota Sodom dènge kota Gomora."
GEN 13:11,"so lot chose for himself all the plain of the jordan and traveled east, and the relatives separated from each other.",hèia lot pili nare era sebhe loko yarden èèna. ka dua ra pahag'e ka. de lot la'e sa ca bèka dhimu.,"Èle èèna ka, Lot hagꞌe eele era aaꞌi-aaꞌi ètu sebhe loko Yarden, ho laꞌe asa cabèka. Èle èèna ka, ana-èpu Lot tèke eele èci dènge èci."
GEN 13:12,"abram lived in the land of canaan, and lot lived among the cities of the plain. he set up his tents as far away as sodom.",te ngaa abram pea taruu ètu rai kana'an. aa lot la'e pea ètu rae-rae dhu padètu dènge kota sodom ètu sebhe loko yarden.,"Èle èèna ka, Abram pea ètu rai Kanaꞌan. Lot pea ètu dꞌara kota èci, ètu sebhe rai Sodom."
GEN 13:13,now the men of sodom were very wicked sinners against yahweh.,te ngaa dhèu-dhèu sodom sèra bhelu-katub'a titu kèna. rèngu ro'o boe nanene lamatua.,"Lodꞌo èèna, dhèu-dhèu nèti kota Sodom adꞌu-ue jꞌara bhelu-katubꞌa mi Lamatua."
GEN 13:14,"yahweh said to abram after lot had departed from him, look from the place where you are standing to the north, south, east, and west.","ropa lot pacèri dènge abram, ka lamatua padhai lii dènge abram, peka na, èu ladhe palème aa'i ku, rai aa'i-aa'i nèti era titu èu èèna. ladhe paie re madha, re kabodho, re ca bèka g'ana, dènge ca bèka kariu mu.","Ropa Lot tèke eele ne, hèia Lamatua peka dènge Abram, aku Nèngu na, ""Lamatua peka dènge èu, aku nèngu na, 'Ladhe èu titu ètu era neꞌe, èu hudꞌi ladhe-leru nèti era neꞌe. Èu hudꞌi ladhe-leru nèti era neꞌe. Èu hudꞌi ladhe-leru nèti era neꞌe. Èu hudꞌi ladhe-leru nèti era neꞌe. Èu hudꞌi ladhe-leru nèti era neꞌe. Èu hudꞌi ladhe-leru nèti era neꞌe."
GEN 13:15,"all this land which you see, i will give to you and to your descendants forever.","rai aa'i-aa'i dhu èu ladhe mèdhi sèi, bèli-camèd'a ja'a hia mi èu, dènge ana-èpu èu, sèna ka j'aj'i pusaka ra, toke d'ai mia-mia.","Èu dènge ana-èpu èu abhu rai aaꞌi-aaꞌi, toke dꞌai mia-mia."
GEN 13:16,"i will make your descendants as abundant as the dust of the earth, so that if a man could count the dust of the earth, then your descendants could also be counted.","èèna na ja'a paj'aj'i ana-èpu èu ae sama sèmi salae dhasi, toke dhèu ige rare boe.","Jaꞌa paꞌèki le ana-èpu èu, nuka sèmi kabodho ètu rai-haha. Ladhe dhèu bisa reꞌa kabodho ètu rai-haha ne, rèngu bisa reꞌa ana-èpu èu kahèi."
GEN 13:17,"arise, walk through the length and breadth of the land, for i will give it to you.","de lamu kako palème madhutu madhera dènge bhabhèla na. te rai se aa'i-aa'i ra, ja'a hia mi èu.","Èu hudꞌi kèdꞌi titu kèna, ho laꞌe paraga dènge rai ne. Te Jaꞌa ka dhu pangèdꞌu rai ne, sèna ka jꞌajꞌi mi dedha èu."
GEN 13:18,"so abram picked up his tent, and came and lived by the oaks of mamre, which are in hebron, and there built an altar to yahweh.","hèia abram si lèpa hari asa era pea ra, dhu dètu dènge aj'u-aj'u aae ètu mamre, dhu padètu dènge hebron. èle èèna ka, na pudhi hadhu tao mei korban ho na mangaj'i lamatua ètu èèna.","Èle èèna ka, Abram puru nèti dꞌara hèbꞌa na, laꞌe pea ètu sebhe ajꞌu Mamre, ètu hèbꞌa Hebron. Ètu èèna, na patitu korban ho manèngi-mangajꞌi mi Lamatua."
GEN 14:1,"it came about in the days of amraphel, king of shinar, arioch, king of ellasar, kedorlaomer, king of elam, and tidal, king of goiim,","tèu èèna, dhèu aae èpa dhu pa'èci. rèngu se ka: amrafel, dhèu aae rai sinear. ariok, dhèu aae rai elasar, kedarlaomer, dhèu aae rai elam. dènge tideal, dhèu aae rai goyim.","dhu jꞌajꞌi ètu rai-haha ne, nuka: Amrafel, dhèu aae Shinar, Ariok, dhèu aae Elsar, Kedorlaomer, dhèu aae Elam, dènge Tidal, dhèu aae Goiim,"
GEN 14:2,"that they made war against bera, king of sodom, birsha, king of gomorrah, shinab, king of admah, shemeber, king of zeboyim, and the king of bela also called zoar.","lod'o èèna, dhèu aae leo dhèu lèmi, pa'èci kahèi. nuka: bera, dhèu aae rai sodom. birsa, dhèu aae rai gomora. sinab, dhèu aae rai adema. semeber, dhèu aae rai seboim. dènge bela, dhèu aae rai soar. ka èpa dhèu aae se, lasi pamusu dènge lèmi dhèu aae sèra.","Nèti èèna ka, ra paraga dènge Beer, dhèu aae Sodom, Birsa, dhèu aae Gomora, Shinab, dhèu aae Adma, Semeber, dhèu aae Seboim, dènge dhèu aae Soar."
GEN 14:3,these latter five kings joined together in the valley of siddim also called the salt sea.,"dhèu aae, dhèu lèmi sèra pakaboko dènge sordad'u ra, ètu d'ara mamoo sidim, dhu limuri ne, ngara na dhasi madhe.","Èle èèna ka, dhèu aae lèmi dhèu aae se pakaboko ètu dꞌara dꞌara dꞌara ledhe Sidim, dhu ra pangare iiki dènge dhasi dhu kaleꞌe aaꞌi-aaꞌi ètu dꞌara dꞌara dhasi, dhu ra pangare iiki-iiki ètu dꞌara dꞌara dhasi, nuka sèmi dhasi dhu kaleꞌe aaꞌi-aaꞌi ètu dꞌara dꞌara dhasi, èci èèna ka dènge dhèu aae dhèu aae dhèu aae dhèu aae dhèu aae dhèu aae dhèu aae dhèu aae dhèu aae dhèu aae dhèu aae dhèu aae dhèu aae dhèu aae dhèu aae dhèu aae dhèu aae dhèu aae dhèu aae dhèu aae dhèu aae dhèu aae dhèu aae dhèu aae dhèu aae dhèu aae dhèu aae dhèu aae dhèu aae dhèu aae aae dhèu aae aae aae aae aae aae aae aae aae aae aae aae aae aae aae aae aae aae aae aae aae aae aae aae aae aae aae aae aae aae aae aae aae aae aae aae aae aae aae aae aae aae aae aae aae aae aae aae aae aae aae aae aae aae aae aae aae aae aae aae aae aae aae aae aae aae aae aae aae aae aae aae aae aae aae aae aa"
GEN 14:4,"twelve years they had served kedorlaomer, but in the thirteenth year they rebelled.","j'aj'aj'i pamusu na, sèmi ne'e ka: uru èèna, dhèu aae, dhèu lèmi se dhu ta'alo mi dhèu aae kedarlaomer, canguru dua tèu kèna. te d'ai tèu ka canguru tèlu, ka rèngu aa'i-aa'i ra lab'a ne.","Èle èèna ka, rèngu sabꞌa canguru dua tèu, te ngaa dꞌai tèlu tèu, rèngu roꞌo boe paredha Ama Lamatua."
GEN 14:5,"then in the fourteenth year, kedorlaomer and the kings who were with him came and attacked the rephaim in ashteroth karnaim, the zuzites in ham, the emites in shaveh kiriathaim,","ka maso tèu ka canguru èpa, kedarlaomer dènge angalai na dhèu aae dhèu tèlu sera, mai dènge sordad'u ra. hèia ra pamusu ka, ka ra segi pèri-pèri rai. nuka: dhèu refaim ètu rai asterot-karnaim; dhèu susim ètu rai ham; dhèu emim ètu rai sawe-kiryataim,","Èle èèna ka, lodꞌo èpa lodꞌo èèna, Kedorlaomer dènge dhèu aae-dhèu dhu paꞌèki dènge ne, lasi paraga dènge Rephaim ètu Ashterot Karneim. Ra paraga dènge suku-suku dhu paꞌèki dènge suku-suku dhu paꞌèki dènge suku-suku dhu paꞌèki dènge suku-suku dhu paꞌèki dènge suku-suku dhu paꞌèki dènge suku-suku. Ra paraga dènge suku-suku dhu paꞌèki dènge suku-suku dhu paꞌèki dènge suku-suku dhu paꞌèki dènge suku Kiriathaim."
GEN 14:6,"and the horites in their hill country of seir, as far as el paran, which is near the desert.","dènge dhèu hori dhu ètu ledhe seir, d'ai sebhe mamoo el paran.","Ama Lamatua hia Ama Lamatua suku Horim ètu sebhe sebhe Seir, toke dꞌai rae El Paran, dhu ètu dꞌara padètu dènge dꞌara mamoo."
GEN 14:7,"then they turned and came to en mishpat also called kadesh, and defeated all the country of the amalekites, and also the amorites who lived in hazezon tamar.","èle èèna ka, ra lèpa hari asa en mispat dhu limuri ne ngara na kades. ka ra segi rai dhèu amalek, dènge dhèu amori dhu pea ètu rae haseson-tamar.","Èle èèna ka, sordadꞌu se lèpa hari, ka lasi paraga dènge dhèu Amalek, dènge dhèu Amor, dhu pea ètu hèbꞌa Tasmon."
GEN 14:8-9,"then the king of sodom, the king of gomorrah, the king of admah, the king of zeboyim, and the king of bela also called zoar went out and prepared for battle in the valley of siddim against kedorlaomer, king of elam, tidal, king of goiim, amraphel, king of shinar, arioch, king of ellasar; four kings against the five.","hèia, lèmi dhèu aae se ator sordad'u ra ètu d'ara mamoo sidim, ka lasi pamusu dènge dhèu aae dhèu èpa sèra.","Èle èèna ka, dhèu aae Sodom, dènge dhèu aae Gomora, dènge dhèu aae Adma, dènge dhèu aae Zeboim, dènge dhèu aae Bela, dhu ngara na Soar, laꞌe paraga dènge Kedorlaomer, dènge dhèu aae Elam, dènge dhèu aae Tidal, dènge dhèu aae Goim, Amrafel, dènge dhèu aae Shinar, dènge dhèu aae Ariok, dènge dhèu aae Ellesar."
GEN 14:10,"now the valley of siddim was full of tar pits, and as the kings of sodom and gomorrah fled, they fell in there. those who were left fled to the mountains.","ètu d'ara mamoo èèna, dhu abhu mananga èi dama pèri-pèri. ropa ra pamusu, dhèu aae sodom dènge dhèu aae gomora dènge sordad'u ra, rai. ka cahag'e manahu asa d'ara mananga èi dama se. aa cahag'e hari rai asa ledhe lasi.","Èle èèna ka, dhèu aae Sodom dènge dhèu aae Gomora rai asa dꞌara bèdho èèna. Dhèu aae Sodom dènge Gomora rai asa dꞌara bèdho èèna. Dhèu aae Sodom dènge Gomora rai asa dꞌara bèdho èèna."
GEN 14:11,"so the kings took all the goods of sodom and gomorrah and all their provisions, and went their way.","ka èpa dhèu aae dhu segi se, lasi parame rèti mèdha-panyau dènge nganga'a-nginu nèti sodom dènge gomora. èèna ka, ra lèpa dènge ka.","Hèia dhèu aae se tèke eele mèdha-panyau aaꞌi-aaꞌi nèti kota Sodom dènge kota Gomora, dènge mèdha-panyau aaꞌi-aaꞌi ra."
GEN 14:12,"when they went, they also took lot, abram's brother's son, who was living in sodom, along with all his possessions.","te ngaa lot, ana ari abram, dhu pea ètu sodom. ka èpa dhèu aae sèra, ère rèti lot si, dènge mèdha-panyau ra aa'i-aa'i.","Èle èèna ka, dhèu dua se lasi paraga dènge mèdha-panyau na aaꞌi-aaꞌi ra. Nèti èèna ka, dhèu dua se lasi paraga dènge mèdha-panyau na, nuka Lot. Lot ne, ana aꞌari Abram, dhu mamuri ètu dꞌara èmu sodom."
GEN 14:13,"one who had escaped came and told abram the hebrew. he was living by the oaks that belonged to mamre, the amorite, who was the brother of eshkol and aner, who were all allies of abram.","te ngaa dhèu èci rai nèti era èèna. ka la'e lolo dènge abram, dhèu ibrani èèna. lod'o èèna, dhèu amori èci, ngara na mamre. aa abram pea dètu dènge aj'u-aj'u aae unu mamre. a'ari mamre dhèu dua, ngara na eskol dènge aner. rèngu se dhu pa'anga dènge abram.","Èle èèna ka, ana pajuu èci mai peka dènge Abram, aku nèngu na, ""Nèngu mamuri ètu sebhe ajꞌu Mamre, dhèu Amor. Mamre ne, aꞌari nèngu, èci èèna ka dènge Eshkol, dènge Aner, dhu paꞌèci dènge Abram."" Nèngu aaꞌi-aaꞌi ra paꞌèci dènge dhèu aaꞌi-aaꞌi ra, nuka sèmi ajꞌu aaꞌi-aaꞌi ra, nuka sèmi ajꞌu aaꞌi-aaꞌi ra, nuka sèmi ajꞌu aaꞌi-aaꞌi ra, nuka sèmi ajꞌu aaꞌi-aaꞌi ra, nuka sèmi ajꞌu aaꞌi-aaꞌi ra, nuka sèmi ajꞌu aaꞌi-aaꞌi ra, nuka sèmi ajꞌu aaꞌi-aaꞌi ra, nuka sèmi ajꞌu aaꞌi-aaꞌi ra."
GEN 14:14,"now when abram heard that enemies had captured his relative, he led out his 318 trained men who had been born in his house, and he pursued them as far as dan.","ropa abram tadèngi na dhèu kèpe rèti le lot, ana ari na, ka abram pakaboko nare dhèu-dhèu sab'a na dhu re'a pamusu. aa'i-aa'i ra tèlu ngasu canguru aru dhèu. ka lasi magèla èpa dhèu aae sèra, asa badae aae lasi d'ai rae dan.","Ropa Abram tadèngi, na, dhèu-dhèu dhu dꞌèlu-mèu jꞌajꞌi le dhèu pajuu-paleha na, hèia na kèpe dhèu-dhèu dhu dꞌèlu-mèu ètu dꞌara èmu na, 318 dhèu dhu dꞌèlu-mèu ètu dꞌara èmu na. Ka na pajꞌajꞌi dhèu-dhèu dhu dꞌèlu-mèu ètu dꞌara èmu na, toke dꞌai Dan."
GEN 14:15,"he divided his men against them at night and attacked them, and pursued them as far as hobah, which is north of damascus.","ètu era èèna, abram hag'e dhèu na sèra, mi pèri-pèri kaboko. d'ara mèda èèna kahèi, lasi age si, dènge j'ara pa'oke. ka abram si lasi bate dhèu se d'ai rae hoba, ètu bèka badae kota damsik.","Èle èèna ka, sordadꞌu na jꞌajꞌi dhèu dua sèra, ka ra jꞌajꞌi dhèu dua sèra. Èle èèna ka, sordadꞌu na jꞌajꞌi dhèu dua sèra, ka ra jꞌajꞌi dhèu dua sèra. Ka sordadꞌu na jꞌajꞌi dhèu dua sèra, ka lasi paraga dènge dhèu dua sèra, toke dꞌai kota Damsik."
GEN 14:16,"then he brought back all the possessions, and also brought back his relative lot and his goods, as well as the women and the other people.","hèia abram abhu hari lot, dènge dhèu-dhèu nèngu, aa dènge mèdha-panyau ra aa'i-aa'i. na abhu kahèi dhèu-dhèu leo.","Èle èèna ka, na lèpa hari mèdha-panyau na aaꞌi-aaꞌi ra. Èle èèna ka, na lèpa hari mèdha-panyau na aaꞌi-aaꞌi ra. Èle èèna ka, na lèpa hari mèdha-panyau na aaꞌi-aaꞌi ra. Èle èèna ka, na lèpa hari mèdha-panyau na aaꞌi-aaꞌi ra. Èle èèna ka, na lèpa hari mèdha-panyau na aaꞌi-aaꞌi ra. Èle èèna ka, na lèpa hari mèdha-panyau na aaꞌi-aaꞌi ra."
GEN 14:17,"after abram returned from defeating kedorlaomer and the kings who were with him, the king of sodom went out to meet him at the valley of shaveh also called the king's valley.","ropa abram segi nare dhèu aae èpa sèra, ka na lèpa. hèia dhèu aae sodom mai soru ne ètu d'ara mamoo sawe dhu dhèu biasa peka na, mamoo dhèu aae.","Ropa Abram lèpa nèti kapai Kedorlaomer dènge dhèu aae na, hèia dhèu aae Sodom laꞌe paraga dènge ne ètu dꞌara bèdho èci, dhu ra peka na, bèdho dhèu aae dhèu aae. Ètu dꞌara bèdho èci, ra peka na, ""Bèdho dhèu aae nèti dꞌara bèdho aae nèti dꞌara bèdho aae nèti dꞌara bèdho aae nèti dꞌara bèdho aae nèti dꞌara bèdho aae nèti dꞌara bèdho aae nèti dꞌara bèdho aae nèti dꞌara bèdho aae nèti dꞌara bèdho aae nèti dꞌara bèdho aae nèti dꞌara bèdho aae nèti dꞌara bèdho aae nèti dꞌara bèdho aae nèti dꞌara bèdho aae nèti dꞌara bèdho."
GEN 14:18,"melchizedek, king of salem, brought out bread and wine. he was priest of god most high.","tèu èèna, melkisedek, j'aj'i dhèu aae kota salem. aa nèngu ne j'aj'i kahèi ama agama nèti ama lamatua dhu dedha risi eele. na mai soru abram, nèti roti dènge èi hua anggor.","Melkisedek dhu jꞌajꞌi kètu Ama Lamatua ètu sorga. Melkisedek ne, dhèu aae Salem. Nèngu jꞌajꞌi kètu kapai Ama Lamatua ètu sorga. Nèngu jꞌajꞌi kètu kapai Ama Lamatua. Nèngu jꞌajꞌi kètu kapai Ama Lamatua ètu sorga."
GEN 14:19-20,"he blessed him saying, blessed be abram by god most high, creator of heaven and earth. blessed be god most high, who has given your enemies into your hand. then abram gave him a tenth of everything.","ka na padhai lii ho hia berkat mi abram, aku nèngu na, ja'a sanao sèna ka ama lamatua, dhu dedha risi eele èèna, dhu paj'aj'i dedha-liru dènge rai-haha ne, hia mèngi-nale mi dedha èu. koa-kio ama lamatua dhu hia le èu segi musu. èle èèna ka, abram bagi hia melkisedek ca pala nèti canguru pala mèdha-panyau dhu na abhu hari sèra.","ka manèngi-mangajꞌi, peka na, ""Sèmi neꞌe: Ama Lamatua, Ama Lamatua dhu dedꞌe dedha-liru dènge rai-haha. Ama Lamatua ka dhu pamaꞌète nare mèdha-panyau èu aaꞌi-aaꞌi sèra. Lamatua ka dhu pamaꞌète nare mèdha-panyau èu aaꞌi-aaꞌi sèra. Lamatua ka dhu pamaꞌète nare mèdha-panyau èu aaꞌi-aaꞌi sèra. Lamatua ka dhu pamaꞌète nare mèdha-panyau èu aaꞌi-aaꞌi sèra. Lamatua ka dhu pamaꞌète nare mèdha-panyau èu aaꞌi-aaꞌi sèra. Lamatua ka dhu pamaꞌète nare mèdha-panyau èu aaꞌi-aaꞌi sèra."""
GEN 14:21,"the king of sodom said to abram, give me the people, and take the goods for yourself.","hèia dhèu aae sodom èèna pahaha iisi na mi abram, peka na, ama. mèdha-panyau dhu èu abhu hari nèti musu ja'a sèra, hud'i laa ama ku abhu aa'i si. te ngaa dhu ja'a manèngi hari, dhoka dhèu-dhèu ja'a sèra.","Èle èèna ka, dhèu aae Sodom paredha Abram, aku nèngu na, 'Bèli-camèdꞌa dhèu seꞌe hia jaꞌa, te ngaa mèdha-panyau sèra hia èu.'"
GEN 14:22,"abram said to the king of sodom, i have lifted up my hand to yahweh, god most high, creator of heaven and earth,","hèia abram b'ala ne, peka na, ja'a subha ètu madha ama lamatua dhu dedha risi eele, dhu tao dedha-liru dènge rai-haha,","Hèia Abram peka dènge dhèu aae Sodom, aku nèngu na, ""Jaꞌa pahaha iisi ku mi Lamatua, Ama Lamatua dhu kapai risi, dhu pajꞌajꞌi dedha-liru dènge rai-haha."
GEN 14:23,"that i will not take a thread, a sandal strap, or anything that is yours, so that you can never say, 'i have made abram rich. '","na, ja'a kore boe mèdha-panyau èu, masi ka ciki èèna ka. masi ka loa hèngu ca'èta sa, ja'a kore boe. dènge j'ara sèmi ne'e, èu baku peka na, ‘kakaja abram sèra mai nèti ja'a. '","Jaꞌa manèngi sèna ka abhu boe mèdha-panyau jaꞌa, do mèdha-papake jaꞌa, do mèdha-papake jaꞌa, do mèdha-papake jaꞌa, sèna ka èu baku peka, na, 'Jaꞌa ka dhu paꞌèki le dènge Abram, sèna ka jꞌajꞌi dhèu unu Jaꞌa ne.' De jaꞌa manèngi sèna ka abhu boe mèdha-papake jaꞌa, do mèdha-papake jaꞌa, do mèdha-papake jaꞌa, do mèdha-papake jaꞌa, do mèdha-papake jaꞌa, do mèdha-papake jaꞌa, do mèdha-papake jaꞌa, sèna ka abhu boe mèdha-panyau jaꞌa, sèna ka abhu boe mèdha-panyau jaꞌa, sèna ka abhu boe mèdha-panyau jaꞌa."
GEN 14:24,"i will take nothing except what the young men have eaten and the share of the men that went with me. let aner, eshkol, and mamre take their portion.","ja'a parluu boe ngaa-ngaa. dhoka mia dhu dhèu ja'a se pake le, sèra èle le, ale ia ka. aa hud'i laa, angalai ja'a dhèu tèlu se: aner, eskol dènge mamre, hag'e rare unu rèngu di.","Jaꞌa neo sèmi èèna kahèi. Jaꞌa neo sèmi èèna kahèi. Jaꞌa neo sèmi èèna kahèi. Jaꞌa neo sèmi èèna kahèi. Jaꞌa neo sèmi èèna kahèi. Jaꞌa neo sèmi èèna kahèi. Jaꞌa neo sèmi èèna kahèi. Jaꞌa neo sèmi èèna kahèi. Jaꞌa neo sèmi èèna kahèi. Jaꞌa neo sèmi èèna kahèi. Ana-èpu jaꞌa, Eshkol, dènge Mamre, sèna ka ra sèmi èèna kahèi."
GEN 15:1,"after these things the word of yahweh came to abram in a vision, saying, fear not, abram! i am your shield and your very great reward.","èle èèna ka, lamatua pad'elo iisi na mi abram. ka na peka, aku nèngu na, abram! èu baku madha'u. lula ja'a ka dhu j'aj'i mi tami ho bhiri èu nèti musu. aa ja'a hia a'oto mi dedha èu.","Èle èèna ka, Lamatua padhai lii dènge Abram, aku Nèngu na, ""Ama Abram! Baku madhaꞌu! Te Jaꞌa ka dhu paꞌèra èu, aa Jaꞌa ka dhu bꞌala èu."
GEN 15:2-3,"abram said, lord yahweh, what will you give me, since i continue childless, and the heir of my house is eliezer of damascus? abram said, since you have given me no descendant, see, the steward of my house is my heir.","te ngaa, aku abram na, masi ka ama lamatua hia ae-ae èèna ka, j'aj'i boe mi ngaa sa èci. lula ja'a ne dènge boe ana matana, ho hia ja'a ana-èpu. de dhu neo unu ae-ae sèmi èèna, tao mi ngaa? neu-neu ka, noto mi ènu ja'a elieser, dhèu damsik èèna. nèngu ka dhu sèmi nare aa'i-aa'i.","Hèia Abram karèi Ama Lamatua, aku nèngu na, ""Ama Lamatua! Ama Lamatua neo hia jaꞌa ngaa, lula jaꞌa dènge boe ana? Aa dhèu èci èèna ka dhu jꞌajꞌi ana-èpu ètu dꞌara èmu jaꞌa. Dhèu èci èèna ka dhu jꞌajꞌi ana-èpu ètu dꞌara èmu jaꞌa. Dhèu èci èèna ka dhu jꞌajꞌi ana-èpu ètu dꞌara èmu jaꞌa. Aa dhèu èci èèna ka dhu jꞌajꞌi ana-èpu ètu dꞌara èmu jaꞌa."" Hèia Abram dhaa, aku nèngu na, ""Ama Lamatua hia jaꞌa boe ana-èpu ètu dꞌara èmu jaꞌa. Nèti èèna ka, dhèu èmu jaꞌa ka dhu jꞌajꞌi ana-èpu ètu dꞌara èmu jaꞌa."""
GEN 15:4,"then, behold, the word of yahweh came to him, saying, this man will not be your heir; but rather the one who will come from your own body will be your heir.","te ngaa lamatua dhaa na, j'ara na sèmi boe èèna! ana d'èlu èu ku, dhu unu pusaka sèra. ènu èu abhu boe.","Èle èèna ka, Ama Lamatua peka dènge Yusuf, aku Nèngu na, ""Bèli-camèdꞌa, èu hudꞌi heka jꞌajꞌi dhèu aaꞌi-aaꞌi dhu jꞌajꞌi dhèu unu Ama Lamatua. Te ana-èpu èu dhu jꞌajꞌi dhèu aaꞌi-aaꞌi èèna ka dhu jꞌajꞌi dhèu aaꞌi-aaꞌi dhu jꞌajꞌi dhèu aaꞌi-aaꞌi dhu jꞌajꞌi dhèu aaꞌi-aaꞌi dhu jꞌajꞌi dhèu aaꞌi-aaꞌi dhu jꞌajꞌi dhèu aaꞌi-aaꞌi."""
GEN 15:5,"then he brought him outside, and said, look toward heaven, and number the stars, if you are able to number them. then he said to him, so will your descendants be.","hèia nèti abram asa li'u, ka na peka, èu ladhe ku asa dedha-liru nèi. ladhe paie ku hua-hètu sèi. bisa iga more, do aad'o? bèli-camèd'a, ana-èpu èu sama sèmi hua-hètu sèi!","Èle èèna ka, dhèu aae Daud lasi asa liꞌu. Hèia Ama Lamatua peka dènge ne, aku nèngu na, ""Ladhe èu bisa reꞌa, ladhe èu bisa reꞌa ana-èpu èu, bèli-camèdꞌa ana-èpu èu aaꞌi-aaꞌi ra reꞌa sèmi èèna kahèi."""
GEN 15:6,"he believed yahweh, and he counted it to him as righteousness.","ka abram sèmi nare lii padhai lamatua. aa lamatua tadhe ne, dhèu mola, lula abram lèka ne.","Nèti èèna ka, Musa parcaya Ama Lamatua. Nèti èèna ka, Lamatua padꞌelo dꞌara hua iia Na mi Musa, nuka sèmi dhèu dhu dꞌara mola."
GEN 15:7,"he said to him, i am yahweh, who brought you out of ur of the chaldeans, to give you this land to inherit it.","èle èèna ka, lamatua tuhu hari lii na, ja'a ne, ama lamatua. ja'a ka dhu lere kèti èu nèti rae ur, ètu rai dhèu kasdim sèra. aa rai ne'e ne, ja'a hia èu, sèna ka j'aj'i pusaka mu.","Hèia Ama Lamatua peka dènge ne, aku Nèngu na, 'Jaꞌa ne, Lamatua. Jaꞌa ka dhu pajꞌujꞌu èu nèti rai Uru, ètu rai Kaldea, ho hia èu rai ne, sèna ka jꞌajꞌi mi dedha èu.'"
GEN 15:8,"he said, lord yahweh, how will i know that i will inherit it?","te ngaa abram karèi, aku nèngu na, tasamia, lamatua? dènge j'ara sa mia ka ho ja'a ke'a na, rai ne j'aj'i pusaka ja'a?","Hèia na karèi Lamatua, aku nèngu na, 'Ama Lamatua! Nga tao ka jaꞌa keꞌa, na, jaꞌa abhu rai èèna?'"
GEN 15:9,"then he said to him, bring me a heifer three years old, a female goat three years old, a ram three years old, a dove, and a young pigeon.","ka na dhaa, peka na, sèmi ne'e! mai ti tao madha j'ara èci, dhu pa'èki lii padhai lii ja'a deo na. de lamu more sapi rena ci'u, kahib'i rena ci'u, dènge kahib'i-kalèbho mone ci'u. aa'i-aa'i sèra hud'i dhu umur tèlu tèu. aa mèti kahèi koro iia ci'u, dènge koro j'aha ci'u.","Hèia Lamatua peka dènge ne, aku nèngu na, ""Mai hia jaꞌa sapi ca dhèu, kahibꞌi-kalèbho, kahibꞌi-kalèbho, kahibꞌi-kalèbho, dènge kahibꞌi-kalèbho."""
GEN 15:10,"he brought him all these, and cut them in two, and placed each half opposite the other, but he did not divide the birds.","ka abram la'e nare badha sèra. hèia na kacèb'e bagi mi dua, sapi, kahib'i, dènge kahib'i-kalèbho sèra. ka na pale sisi se mi rai, dhu èci patangara dènge èci, j'aj'i mi dua b'aris. te ngaa na kacèb'e boe manu-bhui sèra.","Èle èèna ka, na hia manu-bhui aaꞌi-aaꞌi sèra, sèna ka jꞌajꞌi dua bagian. Èle èèna ka, na hia manu-bhui aaꞌi-aaꞌi sèra, sèna ka jꞌajꞌi dua bagian. Èle èèna ka, na hia manu-bhui aaꞌi-aaꞌi sèra, sèna ka jꞌajꞌi dua bagian. Èle èèna ka, na hia manu-bhui aaꞌi-aaꞌi sèra, sèna ka jꞌajꞌi dua bagian. Èle èèna ka, na hia manu-bhui aaꞌi-aaꞌi sèra, sèna ka jꞌajꞌi cahagꞌe cahagꞌe cahagꞌe cahagꞌe cahagꞌe cahagꞌe cahagꞌe cahagꞌe cahagꞌe cahagꞌe cahagꞌe cahagꞌe cahagꞌe cahagꞌe cahagꞌe cahagꞌe cahagꞌe cahagꞌe."
GEN 15:11,"when the birds of prey came down upon the carcasses, abram drove them away.","ka manu-bhui dhu tema ra'a sisi sèra, mai ho neo ra'a sisi se'e. te ngaa abram bhabhoo eele si.","Èle èèna ka, manu-bhui aaꞌi-aaꞌi sèra mai paraga dènge dhèu madhe sèra. Ropa abhu manu-bhui aaꞌi-aaꞌi sèra, hèia abhu manu-bhui aaꞌi-aaꞌi sèra, ka abhu manu-bhui aaꞌi-aaꞌi sèra. Ropa abhu manu-bhui aaꞌi-aaꞌi sèra, hèia abhu manu-bhui aaꞌi-aaꞌi sèra."
GEN 15:12,"then when the sun was going down, abram fell sound asleep and, behold, a deep and terrifying darkness overwhelmed him.","ropa lod'o cèna, abram bhèj'i luu. na nii, kuri na maroga mai sarimu nare nèngu, ka na madha'u titu kèna.","Ropa dꞌai madha lodꞌo, hèia Abram bhèjꞌi titu kèna. Hèia dꞌara maroga dhu bhelu-katubꞌa titu kèna."
GEN 15:13-15,"then yahweh said to abram, know for certain that your descendants will be strangers in a land that is not theirs, and will be enslaved and oppressed for four hundred years. i will judge that nation that they will serve, and afterward they will come out with abundant possessions. but you will go to your fathers in peace, and you will be buried in a good old age.","ka ama lamatua peka dènge ne, abram! èèna na èu mamuri toke heka bhoro, aa madhe dènge be'a, ka ra padhane èu dènge be'a. te ngaa ana-èpu èu, èèna na j'aj'i dhèu tao mai ètu kabarai dhèu. ho èèna na, dhèu isi rai sèra, tao si sèmi ènu sa, ka ra ènyi aa paj'èra si, toke èpa ngasu tèu. te, ladhe èèna na, ja'a huku si. ho èèna na, ja'a kèti hari ana-èpu èu nèti era èèna, aa dènge mèdha-panyau ra ae-ae.","Èle èèna ka, Lamatua peka dènge Abram, aku Nèngu na, ""Èu hudꞌi meꞌa ku, na, ana-èpu èu abhu dhèu leo ètu rai leo, ètu rai leo. Ètu rai leo, rèngu abhu dhèu dhu jꞌajꞌi dhèu sabꞌa, aa ra pajꞌèra rèngu toke dꞌai èpa nguru tèu. Èle èèna ka, Jaꞌa pamaꞌète Lii Holo-Nori Ama Lamatua mi suku dhu rèngu sabꞌa. Èle èèna ka, bèli-camèdꞌa èu lèpa hari dènge mèdha-panyau ae-ae. Èle èèna ka, èu lèpa hari dènge bèi-baki èu. Èle èèna ka, bèli-camèdꞌa èu madhe le."
GEN 15:16,"in the fourth generation they will come here again, for the iniquity of the amorites has not yet reached its limit.","aa èèna na, ja'a ator ho ana-èpu èu dhu ka lèmi kèti hari si asa ne'e mai. limuri ne, dhèu amori dhu pea ètu rai ne'e. dhèu se'e dhèu bhelu, te ngaa dhae bhelu iia mèka. ladhe ana-èpu èu sèra lèpa hari asa era ne'e, ja'a neo pake si ho huku palaho dhèu amori sèra. lula d'ai taa èèna, bhabhelu ra asa hino.","Te ngaa lodꞌo èèna, bèli-camèdꞌa dhèu aaꞌi-aaꞌi se lèpa hari mai asa neꞌe, lula dhèu Amor sèra, dhèu bhelu-katubꞌa. Te ngaa dhèu aaꞌi-aaꞌi se adꞌu-ue jꞌara-jꞌara bhelu-katubꞌa ra, toke dꞌai mia-mia. Nèti èèna ka, bèli-camèdꞌa dhèu aaꞌi-aaꞌi reꞌa boe jꞌara-jꞌara bhelu-katubꞌa ra."
GEN 15:17,"when the sun had gone down and it was dark, behold, a smoking fire pot and a flaming torch passed between the pieces.","ropa d'ai mèda sa, cag'ag'a laa ètu era èèna, abhu èru rai èci dhu sèb'u poka-poka, dènge badhu ai èci dhu heo, kako re sasanga sisi dua baris se.","Ropa dꞌai mèka lodꞌo, hèia ra ladhe-leru, hèia ra ladhe-leru èci dènge èci."
GEN 15:18,"on that day yahweh made a covenant with abram, saying, to your descendants i hereby give this land, from the river of egypt to the great river, the euphrates-","lod'o èèna, lamatua pa'èki lii pajaji dènge abram. na peka na, ja'a jaji mema èu kèna, bèli-camèd'a ja'a pangèd'u mi ana-èpu èu rai ne'e ne, mulai nèti loko masir, d'ai loko efrat,","Èle èèna ka, Lamatua paꞌèki lii pajaji dènge Abram, aku Nèngu na, ""Jaꞌa bꞌala le rai ne, sèna ka jꞌajꞌi mi ana-èpu èu aaꞌi-aaꞌi ra, nèti dꞌara dano Masir toke dꞌai seli aae, nuka Efrat."
GEN 15:19,"the kenites, the kenizzites, the kadmonites,","dènge rai dhèu keni, dhèu kenas, dhèu kadmon,","kahibꞌi-kalèbho, kahibꞌi-kalèbho, kahibꞌi-kalèbho, kahibꞌi-kalèbho, kahibꞌi-kalèbho, kahibꞌi-kalèbho, kahibꞌi-kalèbho, kahibꞌi-kalèbho, kahibꞌi-kalèbho, kahibꞌi-kalèbho, kahibꞌi-kalèbho, kahibꞌi-kalèbho, kahibꞌi-kalèbho, kahibꞌi-kalèbho, kahibꞌi-kalèbho, kahibꞌi-kalèbho, kahibꞌi-kalèbho, kahibꞌi-kalèbho, kahibꞌi-kalèbho, kahibꞌi-kalèbho, kahibꞌi-kalèbho,"
GEN 15:20,"the hittites, the perizzites, the rephaites,","dhèu het, dhèu feris, dhèu refaim,","hadhu, hadhu, hadhu, hadhu, hadhu, hadhu, hadhu, hadhu, hadhu, hadhu, hadhu, hadhu, hadhu, hadhu, hadhu, hadhu, hadhu, hadhu, hadhu, hadhu, hadhu, hadhu, hadhu, hadhu, hadhu, hadhu, hadhu, hadhu, hadhu, hadhu, hadhu, hadhu, hadhu, hadhu, hadhu, hadhu, hadhu, hadhu, hadhu, hadhu, hadhu, hadhu, hadhu, hadhu, hadhu, hadhu, hadhu, hadhu, hadhu, hadhu, hadhu, hadhu, hadhu, hadhu, hadhu, hadhu, hadhu, hadhu, hadhu, hadhu, hadhu, hadhu, hadhu, hadhu, hadhu, hadhu, hadhu, hadhu, hadhu, hadhu, hadhu, hadhu, hadhu, hadhu, hadhu, hadhu, hadhu, hadhu, hadhu, hadhu, hadhu, hadhu, hadhu, hadhu, hadhu, hadhu, hadhu, hadhu"
GEN 15:21,"the amorites, the canaanites, the girgashites, and the jebusites.","dhèu amori, dhèu kana'an, dhèu girgasi, dènge dhèu yebus.","dhèu Amor, dhèu Kenan, dhèu Girgashi, dènge dhèu Yebus."
GEN 16:1-3,"now sarai, abram's wife, had not borne any children for him, but she had a female servant, an egyptian, whose name was hagar. so sarai said to abram, see, yahweh has kept me from having children. go sleep with my servant. it may be that i will have children by her. abram listened to the voice of sarai. it was after abram had lived ten years in the land of canaan that sarai, abram's wife, gave hagar, her egyptian servant, to her husband as a wife.","tèu èèna, abram lèpa hari le nèti masir, ka na pea le canguru tèu ètu kana'an. dhèu èmu na sarai abhu mèka kolo. sarai dènge ènu bhèni ca dhèu nèti masir, ngara na hagar. ca lod'o, sarai peka dènge abram, aku nèngu na, a'a. lamatua hia boe ja'a ana. de hua iia, lamu j'unu dènge ènu ja'a, hagar, sèna ka na hia ja'a ana. ka abram madhutu lii dhèu èmu na. ka sarai hia hagar j'aj'i dhèu èmu ka dua abram.","Èle èèna ka, Sarai, dhèu èmu Abram, nara iisi boe ana-èpu ne. Sarai dènge ana bhèni èci nèti dhèu Masir, ngara na Hagar. Hèia Sarai peka dènge Abram, aku nèngu na, ""Sèmi neꞌe! Ama Lamatua ka dhu hia jaꞌa jꞌajꞌi dhèu èmu jaꞌa, sèna ka jaꞌa abhu boe ana nèti dhèu èmu jaꞌa ne. Ladhe sèmi èèna, na, jaꞌa abhu ana nèti Sarai."" Èle èèna ka, Sarai madhèdi ètu rai Kanaan, hèia Sarai hia Hagar, dhèu èmu Abram, ho jꞌajꞌi dhèu èmu na, ho jꞌajꞌi dhèu èmu na."
GEN 16:4,"so he had relations with hagar, and she conceived. when she saw that she had conceived, she looked with contempt on her mistress.","hèia abram j'unu dènge hagar, ka na dènge babia. ropa hagar ne'a nèngu dènge babia le, ka na padedha iisi na, aa na pahae heka sarai.","Èle èèna ka, Hagar maso dènge ne. Ropa heka nèdhi, na, heka heka heka heka heka heka heka heka heka heka heka heka heka heka heka heka heka heka heka heka heka heka heka heka heka heka heka heka heka heka heka heka heka heka heka heka heka heka heka heka heka heka heka heka heka heka heka heka heka heka heka heka heka heka heka heka heka heka heka."
GEN 16:5,"then sarai said to abram, this wrong on me is because of you. i gave my servant woman into your embrace, and when she saw that she had conceived, i was despised in her eyes. let yahweh judge between me and you.","ka sarai peka dènge abram, aku nèngu na, ja'a ka dhu hia nèngu mi èu j'aj'i dhèu èmu ka dua. te ngaa ropa na dènge babia, na pusi pahae heka ja'a! ne'e ne, sala èu! de hud'i laa, sèna ka lamatua ka dhu pama'ète lii èdhi dua ti! heka èu me'a kèna!","Èle èèna ka, Sarai peka dènge Abram, aku nèngu na, ""Èu ka dhu tao jaꞌa jꞌajꞌi dhèu bhèni jaꞌa ne. Jaꞌa hia bhèni bhèni jaꞌa ne ètu dꞌara ngiꞌu èu. Ropa Sarai ne ladhe nèdhi, na, jaꞌa jꞌajꞌi dhèu heka-dhèu. De Ama Lamatua ka dhu pamaꞌète lii langu jaꞌa dènge èu."
GEN 16:6,"but abram said to sarai, see here, your servant woman is in your power, do to her what you think best. so sarai dealt harshly with her, and she fled from her.","ka abram dhaa, peka na, sèmi ne'e, wee! èu ne, dhèu èmu uru. aa nèngu, dhèu èmu limuri. de èu ne dhu mèd'u paredha. de èu neo tao ne tasamia, èèna ètu èu na! ka sarai mulai tao sakaa hua dènge hagar, hèia na rai.","Hèia Abram peka dènge Sarai, aku nèngu na, ""Sèmi neꞌe! Jaꞌa ne, ana bhèni èu. Jaꞌa neo tao madhutu dadꞌèi èu."" Hèia Sarai tao jꞌajꞌèra dènge Sarai, hèia Sarai laꞌe tèke eele nèngu."
GEN 16:7,"the angel of yahweh found her by a spring of water in the wilderness, the spring that is on the way to shur.","na rai d'ai d'ara mamoo. hèia ana pajuu lamatua nèti sorga ca dhèu, rage ne dètu dènge madha èi, ètu j'ara la'e asa sur.","Èle èèna ka, ana pajuu Lamatua nèti sorga laꞌe paraga dènge Elisabet ètu madha èi ètu dꞌara mamoo ètu sebhe jꞌara, ètu sebhe jꞌara."
GEN 16:8,"he said, hagar, sarai's servant, where did you come from and where are you going? then she said, i am fleeing from my mistress sarai.","ka na lii, aku nèngu na, èu ne hagar, ènu sarai. nga tao ka èu ètu ne'e? èu mai nèti mia, aa lamu mia? hèia hagar dhaa, aku nèngu na, ja'a rai nèti d'ara èmu lamatua ja'a.","Hèia na karèi Hagar, aku nèngu na, ""Hagar! Èu ne, ana bhèni Sarai. Èu mai nèti mia? Èu mai nèti mia?"" Hèia na dhaa, aku nèngu na, ""Jaꞌa pakèdꞌi nèti Sarai, ama bhèni jaꞌa."""
GEN 16:9,"the angel of yahweh said to her, return to your mistress, and submit yourself to her authority.","ka ana pajuu èèna pamako ne, aku nèngu na, sèmi ne'e! be'a risi, èu lèpa hari asa adhe-aai sarai, lamatua èu. masi ka na tao èu tasamia èèna ka, sèmi la.","Èle èèna ka, ana pajuu Lamatua nèti sorga peka dènge ne, aku nèngu na, ""Èu hudꞌi lèpa hari asa bhèni èu. Èu hudꞌi paꞌèki ku dènge bhèni èu."
GEN 16:10,"then the angel of yahweh said to her, i will greatly multiply your descendants, so that they will be too numerous to count.","baku madha'u. bèli-camèd'a, ja'a pabèba ana-èpu èu pa'ae-ae, toke dhèu ige rare boe.","Hèia ana pajuu Lamatua nèti sorga padhai lii dènge ne, aku nèngu na, ""Bèli-camèdꞌa, ana-èpu èu jꞌajꞌi dhèu ae-ae."
GEN 16:11,"the angel of yahweh also said to her, behold, you are pregnant and will bear a son, and you will call his name ishmael, because yahweh has heard your affliction.","èu dhu dènge babia. nèbhu heka, èu mora iisi ana mone ca dhèu. èèna na mu pangare ne ismael dhu sasoa na ‘lamatua tadèngi', lula lamatua tadèngi le lii roma iisi èu.","Hèia ana pajuu Lamatua èèna peka dènge ne, aku nèngu na, ""Èu jꞌajꞌi bhèni, ka èu nara iisi ana mone ca dhèu. Èu hudꞌi paroa ne, Ismael, lula Lamatua tadèngi le jꞌajꞌèra èu."
GEN 16:12,"he will be a wild donkey of a man. he will be hostile against every man, and every man will be hostile to him, and he will live apart from all his brothers.","ropa ana ne kapai, na mamuri pakaj'èu nèti a'ari na. lula nèngu ne, sama sèmi jara hui dhu d'èi boe nanene lii paredha. sad'i dhèu cee èèna ka, na sisu. aa dhèu aa'i-aa'i lab'a ne kahèi.","bèli-camèdꞌa dhèu aaꞌi-aaꞌi roꞌo boe paꞌèci dènge ne. Bèli-camèdꞌa dhèu aaꞌi-aaꞌi roꞌo boe paꞌèci dènge ne, lula nèngu paꞌèci dènge aꞌari na aaꞌi-aaꞌi ra."
GEN 16:13,"then she gave this name to yahweh who spoke to her, you are the god who sees me, for she said, do i really continue to see, even after he has seen me?","ropa tadèngi nare, hagar ngee ka ètu d'ara na, aku nèngu na, ja'a kèdhi le lamatua, dhu ladhe-leru aa madhenge ja'a. hèia na hia ngara mi lamatua, lamatua dhu ladhe-leru ja'a.","Hèia na paroa, peka na, ""Èu ne, dhèu aaꞌi-aaꞌi dhu ladhe nèdhi jaꞌa, do? Jaꞌa bisa ladhe nèdhi jaꞌa, te ngaa jaꞌa bisa ladhe nèdhi jaꞌa, do?"" Nèti èèna ka, Lamatua peka dènge ne, ""Èu ne, dhèu aaꞌi-aaꞌi dhu ladhe nèdhi jaꞌa, do?"""
GEN 16:14,"therefore the well was called beer lahai roi; behold, it is between kadesh and bered.","nèti èèna ka, dhèu pangare madha èi na, beer lahai roi, dhu sasoa na madha èi nèti nèngu dhu mamuri, dhu ladhe-leru ja'a. era na, ètu talora aae nèti rae kades dènge rae beret. madha èi ne, abhu era toke d'ai sange ne'e.","Nèti èèna ka, ètu era èèna, abhu èci ètu era èci, ngara na Beer-lahai Roi."
GEN 16:15,"hagar gave birth to abram's son, and abram named his son, whom hagar bore, ishmael.","èle èèna ka, hagar lèpa hari. hèia nara iisi ana mone ca dhèu. abram pangare ne ismael.","Èle èèna ka, Hagar nara iisi ana na, ngara na Ishmael."
GEN 16:16,abram was eighty-six years old when hagar bore ishmael to abram.,"lod'o hagar nare iisi ismael, umur abram aru nguru èna tèu kèna.","Ropa Hagar nara iisi Ismael, hèia Abram dènge umur èpa nguru tèu."
GEN 17:1,"when abram was ninety-nine years old, yahweh appeared to abram and said to him, i am god almighty. walk before me, and be blameless.","ropa umur abram d'ai ceo nguru ceo tèu, lamatua mai pad'elo iisi dènge ne. ka na peka dènge abram, aku nèngu na, ja'a ne, ama lamatua dhu koasa risi eele. èu hud'i madhutu taruu dad'èi ja'a, dènge j'ara mamuri èu hud'i mola.","Ropa Abram dꞌai nèi nguru tèu, Lamatua padꞌelo jꞌara Na mi Abram, ka Na peka, aku Nèngu na, ""Jaꞌa ne, Ama Lamatua dhu koasa aaꞌi-aaꞌi. Èu hudꞌi madhutu ku dadꞌèi Jaꞌa, sèna ka baku pasala."
GEN 17:2,"then i will confirm my covenant between me and you, and will multiply you exceedingly.",ja'a neo pa'èki lii pajaji dènge èu. aa ja'a neo pabèba kacanga ana-èpu èu.,"Èèna na Jaꞌa paꞌèki paꞌèki dènge miu, sèna ka miu jꞌajꞌi dhèu ae-ae. Èèna na Jaꞌa paꞌèki paꞌèki dènge miu, sèna ka miu jꞌajꞌi dhèu ae-ae."
GEN 17:3,"abram bowed low with his face to the ground and god talked with him, saying,","hèia abram patitu kètu urutuu, ka na pacud'u kètu d'ai rai. ka ama lamatua tuhu hari lii padhai lii na, aku nèngu na,","Hèia Abram patitu kètu urutuu, hèia Ama Lamatua padhai lii dènge ne, aku Nèngu na,"
GEN 17:4-5,"as for me, behold, my covenant is with you. you will be the father of a multitude of nations. no longer will your name be abram, but your name will be abraham-for i appoint you to be the father of a multitude of nations.","lii pajaji ja'a dènge èu sèmi ne'e ka: èèna na, èu j'aj'i bèi-baki nèti suku ae-ae. nèti èèna ka, èu pake ia ka ngara èu abram dhu sasoa na ‘ama dhu dhèu tadhe', te ngaa abraham dhu sasoa na ‘bèi-baki nèti suku ae-ae'.","Jaꞌa paꞌèki le dènge èu, sèna ka èu jꞌajꞌi dhèu aaꞌi-aaꞌi nèti suku aaꞌi-aaꞌi. Èu jꞌajꞌi boe Abram, te ngaa èu jꞌajꞌi dhèu aaꞌi-aaꞌi ra, nuka Abraham, lula Jaꞌa hagꞌe nare èu jꞌajꞌi dhèu aaꞌi-aaꞌi nèti suku aaꞌi-aaꞌi."
GEN 17:6,"i will make you exceedingly fruitful, and i will make nations of you, and kings will descend from you.",ja'a neo pabèba kacanga ana-èpu èu ae-ae. ja'a paj'aj'i si suku ae-ae. aa ja'a ded'e dhèu aae ae nèti rèngu sèra.,"Jaꞌa tao èu jꞌajꞌi dhèu ae-ae. Èu jꞌajꞌi suku-suku, aa dhèu aae-dhèu aaꞌi-aaꞌi jꞌajꞌi ana-èpu èu."
GEN 17:7,"i will establish my covenant between me and you and your descendants after you, throughout their generations for an everlasting covenant, to be god to you and to your descendants after you.","ja'a sanèd'e taruu lii pajaji ja'a dènge èu, aa dènge ana-èpu èu sèra. lii pajaji ne ma'ète boe toke taa-taa, lula ja'a ne'e ka ama lamatua nèti èu dènge ana-èpu mu.","Jaꞌa neo pajꞌujꞌu lii pajaji Jaꞌa, sèna ka jꞌajꞌi Ama Lamatua mi èu dènge ana-èpu èu aaꞌi-aaꞌi dhu jꞌajꞌi ètu rai-haha ne, toke dꞌai mia-mia. Nèti èèna ka, Jaꞌa paꞌèki le dènge èu, sèna ka jꞌajꞌi Ama Lamatua mi èu dènge ana-èpu èu aaꞌi-aaꞌi dhu jꞌajꞌi ètu rai-haha ne, toke dꞌai mia-mia."
GEN 17:8,"i will give to you, and to your descendants after you, the land where you have been living, all the land of canaan, for an everlasting possession, and i will be their god.","rai kana'an ne aa'i-aa'i, bèli-camèd'a ja'a hia mi èu dènge ana-èpu èu. ne'e ne, èu dhoka pea manubha di ètu ne'e. te ngaa èèna na, j'aj'i mi unu ana-èpu èu toke taa-taa. aa ja'a j'aj'i ama lamatua rèngu sèra kahèi.","Èu dènge ana-èpu èu dhu jꞌajꞌi le, dhèu aaꞌi-aaꞌi ètu rai Kanaꞌan, sèna ka jꞌajꞌi pusaka dhu lèke toke dꞌai mia-mia. Jaꞌa jꞌajꞌi Ama Lamatua mi dhèu aaꞌi-aaꞌi."
GEN 17:9-10,"then god said to abraham, as for you, you must keep my covenant, you and your descendants after you throughout their generations. this is my covenant, which you must keep, between me and you and your descendants after you: every male among you must be circumcised.","te ngaa èu dènge ana-èpu èu sèra, hud'i kèpe pa'èra lii pajaji ne, dènge d'ara kateme ku. dhèu mone aa'i-aa'i ra, hud'i suna ku.","Èle èèna ka, Ama Lamatua peka dènge Abraham, aku Nèngu na, ""Èu dènge ana-èpu èu aaꞌi-aaꞌi ètu rai-haha ne, hudꞌi suna aaꞌi ana-èpu èu aaꞌi-aaꞌi ra, sèna ka paꞌèki dènge Jaꞌa."
GEN 17:11-13,"you must be circumcised in the flesh of your foreskin, and this will be the sign of the covenant between me and you. every male among you that is eight days old must be circumcised, throughout your people's generations. this includes him who is born into your household and him who is bought with money from any foreigner who is not one of your descendants. he who is born into your household and he who is bought with your money must be circumcised. thus my covenant will be in your flesh for an everlasting covenant.","ne'e ne, mone aa'i-aa'i hud'i suna, mulai nèti umur aru lod'o. a'ari èu, dhèu-dhèu sab'a èu, dènge ènu dhu èu hèli more nèti rai leo, aa'i-aa'i ra hud'i suna si. suna na j'aj'i tadha mi ngi'u miu, dhu pa'èki èdhi taa-taa.","Èle èèna ka, dhèu aaꞌi-aaꞌi ra hudꞌi suna ku, sèna ka jꞌajꞌi tadha, na, Jaꞌa paꞌèki lii pajaji dènge miu aaꞌi-aaꞌi. Dhèu aaꞌi-aaꞌi dhu jꞌajꞌi dhèu leo, hudꞌi suna ku dènge doi-dhari. Èle èèna ka, dhèu aaꞌi-aaꞌi dhu jꞌajꞌi dhèu leo, hudꞌi suna ku dènge doi-dhari. Èle èèna ka, miu paꞌèki lii pajaji dènge Jaꞌa, sèna ka jꞌajꞌi mi dhèu aaꞌi-aaꞌi dhu jꞌajꞌi dhèu aaꞌi-aaꞌi, aa dhèu aaꞌi-aaꞌi dhu jꞌajꞌi dhèu aaꞌi-aaꞌi, hudꞌi suna ku dènge doi-dhari, sèna ka jꞌajꞌi mi dhèu aaꞌi-aaꞌi dhu jꞌajꞌi dhèu aaꞌi-aaꞌi."
GEN 17:14,any uncircumcised male who is not circumcised in the flesh of his foreskin will be cut off from his people. he has broken my covenant.,"mone mia dhu suna boe, rèngu sèra maso boe ètu d'ara lii pajaji ja'a ne, aa rèngu sèra j'aj'i boe dhèu ja'a kahèi.","Bèli-camèdꞌa dhèu aaꞌi-aaꞌi dhu suna boe, bèli-camèdꞌa ra pamadhe ne nèti dhèu unu Ama Lamatua. Nèti èèna ka, nèngu roꞌo boe paꞌèki dènge Jaꞌa."
GEN 17:15,"god said to abraham, as for sarai your wife, do not call her sarai any more. instead, her name will be sarah.","èle èèna ka, ama lamatua peka hari, aku nèngu na, nèti deo ne'e ne, èu paroa ia ka ngara dhèu èmu mu sarai, te ngaa sara.","Èle èèna ka, Ama Lamatua peka dènge Abraham, aku Nèngu na, ""Sarai, dhèu èmu èu. Èu hudꞌi paroa ne Sarai heka, te ngaa èu hudꞌi paroa na Sara."
GEN 17:16,"i will bless her, and i will give you a son by her. i will bless her, and she will become the mother of nations. kings of peoples will come from her.","èèna na ja'a hia mamèngi ae-ae mi sara, sèna ka nara iisi hia èu, ana mone ca dhèu. tare'a! bèli-camèd'a, sara j'aj'i bèi nèti suku ae-ae. aa èèna na, ja'a ded'e dhèu aae ae-ae nèti ana-èpu nèngu.","Bèli-camèdꞌa Jaꞌa paꞌèki le dènge ne, sèna ka èu abhu ana mone. Bèli-camèdꞌa Jaꞌa paꞌèki le dènge ne, sèna ka na jꞌajꞌi dhèu aaꞌi-aaꞌi nèti suku aaꞌi-aaꞌi. Dhèu aae nèti suku aaꞌi-aaꞌi sèra, bèli-camèdꞌa rèngu jꞌajꞌi dhèu aae-aaꞌi."
GEN 17:17,"then abraham bowed low with his face to the ground, and laughed, and said in his heart, can a child be born to a man who is a hundred years old? how can sarah, who is ninety years old, bear a son?","hèia abraham patitu kètu urutuu ka pacud'u kètu d'ai rai. te ngaa na mari ètu d'ara. na pangee, na, mone heka bhora dhu cangasu tèu sama sèmi ja'a ne, bisa abhu ana era? aa sara dhu heka gagoo-gagehu ne, dhu ceo nguru tèu kèna, nara iisi hari sa mia?","Èle èèna ka, Abraham patitu kètu urutuu, ka na reꞌa. Hèia na karèi, aku nèngu na, ""Dhèu mone ètu rai-haha ne, bisa boe nara iisi ana. Aa dhèu mone ètu rai-haha ne, Sara, bisa boe nara iisi ana mone."""
GEN 17:18,"abraham said to god, oh that ishmael might live before you!","ka na peka dènge lamatua, aku nèngu na, hud'i ka laa, ismael ka dhu abhu pusaka ja'a èèna ka, ngaa-ngaa tao boe.","Hèia Abraham peka dènge Ama Lamatua, aku nèngu na, ""Sèmi neꞌe!"
GEN 17:19,"god said, no, but sarah your wife will bear you a son, and you must name him isaac. i will establish my covenant with him as an everlasting covenant with his descendants after him.","te ngaa aku ama lamatua na, aad'o sèmi èèna! bèli-camèd'a, dhèu èmu mu sara, nara iisi ana mone ca dhèu. pangare ne isak. lii jaji ja'a ne, lèke mi nèngu dènge ana-èpu na toke mia-mia.","Èle èèna ka, Ama Lamatua dhaa, aku Nèngu na, ""Aadꞌo! Sara bhèni èu jꞌajꞌi le ana mone ca dhèu. Èu hudꞌi pangare ne Isak. Èèna na Jaꞌa paꞌèki lii pajaji Jaꞌa dènge ne, sèna ka paꞌèki dènge ne, aa dènge ana-èpu na aaꞌi-aaꞌi dhu jꞌajꞌi le."""
GEN 17:20,"as for ishmael, i have heard you. behold, i hereby bless him, and will make him fruitful, and will multiply him abundantly. he will be the father of twelve leaders of tribes, and i will make him become a great nation.","ja'a tadèngi le ngaa dhu èu manèngi kahèi, hia ismael. nèti èèna ka, ja'a hia berkat mi nèngu kahèi, aa hia ana-èpu na tabha ae. bèli-camèd'a ana-èpu ismael ne, j'aj'i mi canguru dua kapala suku. aa ana-èpu na suku èci dhu kapai.","Neꞌe ne, Ismael. Jaꞌa tadèngi le lii padhai èu. Èèna na Jaꞌa bꞌala ne. Jaꞌa tao ne jꞌajꞌi dhèu aaꞌi-aaꞌi, aa jꞌajꞌi dhèu aaꞌi-aaꞌi. Nèngu jꞌajꞌi dhèu aaꞌi-aaꞌi, jꞌajꞌi dhèu aaꞌi-aaꞌi nèti canguru dua suku. Jaꞌa tao ne jꞌajꞌi dhèu aaꞌi-aaꞌi, aa dhèu aaꞌi-aaꞌi jꞌajꞌi dhèu aaꞌi-aaꞌi."
GEN 17:21,"but my covenant i will establish with isaac, whom sarah will bear to you at this time in the next year.","masi ka sèmi èèna, lii pajaji ja'a ne, lèke dhoka mi ana mu isak di. tèu mai ni, hèru sèmi ne'e kahèi, sara nara iisi le.","Te ngaa limuri ne, Jaꞌa paꞌèki lii pajaji Jaꞌa dènge Isak, dhu bèli-camèdꞌa Sara nara iisi ana na èèna."""
GEN 17:22,"when he had finished talking with him, god went up from abraham.","ropa padhai lii nare, ka ama lamatua tèke eele abraham.","Ropa Na padhai lii dènge Abraham, ka Ama Lamatua kalua nèti Abraham."
GEN 17:23-27,"then abraham took ishmael his son, and all those who were born into his household, and all those who were bought with his money, every male among the men of abraham's household, and circumcised the flesh of their foreskin in that same day, as god had said to him. abraham was ninety-nine years old when he was circumcised in the flesh of his foreskin. ishmael his son was thirteen years old when he was circumcised in the flesh of his foreskin. on the very same day abraham and ishmael his son were both circumcised. all the men of his household were circumcised with him, including those born into the household and those bought with money from a foreigner.","lod'o èèna kahèi, abraham tao dènge ka, madhutu sèmi lii paredha ama lamatua. ka na suna. na suna ana na, ismael, dènge dhèu mone aa'i-aa'i dhu pea dènge ne. lod'o èèna, umur abraham ceo nguru ceo tèu le, aa ismael canguru tèlu tèu.","Èle èèna ka, dhèu aaꞌi-aaꞌi nèti dhèu aaꞌi-aaꞌi nèti dhèu aaꞌi-aaꞌi ètu dꞌara èmu Abraham, Isak, dènge dhèu aaꞌi-aaꞌi nèti dhèu aaꞌi-aaꞌi nèti dhèu aaꞌi-aaꞌi nèti dhèu aaꞌi-aaꞌi nèti dhèu aaꞌi-aaꞌi nèti dhèu aaꞌi-aaꞌi nèti dhèu aaꞌi-aaꞌi nèti dhèu aaꞌi-aaꞌi nèti dhèu aaꞌi-aaꞌi nèti dhèu aaꞌi-aaꞌi nèti dhèu aaꞌi-aaꞌi nèti dhèu aaꞌi-aaꞌi nèti dhèu aaꞌi-aaꞌi nèti dhèu aaꞌi-aaꞌi nèti dhèu aaꞌi-aaꞌi. Hèia Abraham suna kahèi dhèu aaꞌi-aaꞌi nèti dhèu aaꞌi-aaꞌi nèti dhèu aaꞌi-aaꞌi nèti dhèu aaꞌi-aaꞌi."
GEN 18:1,"yahweh appeared to abraham by the oaks of mamre, as he sat in the tent doorway in the heat of the day.","ca tèka, abraham pea padètu dènge aj'u aae canau ètu mamre. lamatua mai pad'elo iisi na mi nèngu ètu era èèna. lii lolo na sèmi ne'e ka: lod'o èèna, sagoro ae titu kèna, ka abraham madhèdi ètu hèb'a paleo na, sèna ka abhu ngèlu g'oro ciki.","Èle èèna ka, Lamatua padꞌelo iisi Na dènge Abraham ètu sebhe ajꞌu Mamre. Ropa dꞌai hèbꞌa, hèia Abraham madhèdi ètu hèbꞌa èmu na."
GEN 18:2,"he looked up and, behold, he saw three men standing across from him. when he saw them, he ran to meet them from the tent door and bowed low to the ground.","ropa abraham boti kètu na, ladhe nèdhi dhèu tèlu dhu titu kaj'èu boe nèti era èèna. hèia na rai la'e soru nare si. ropa na d'ai madha si, na patitu kètu urutuu na,","Èle èèna ka, na ladhe nèdhi dhèu tèlu dhu titu ètu madha na. Ropa na ladhe nèdhi rèngu, ka na patitu kètu urutuu ètu hèbꞌa hèbꞌa ra, hèia na patitu kètu urutuu."
GEN 18:3,"he said, lord, if i have found favor in your eyes, do not pass by and leave your servant.","ka na peka, aku nèngu na, ama si. mai dhuli ku ho minu èi ciki.","Te ngaa dhèu ne dhaa, aku nèngu na, 'Ama! Ladhe Jaꞌa dꞌèi dꞌara hua iia mi dedha Ama, na, baku paꞌèki dènge jaꞌa ne."
GEN 18:4,"let a little water be brought, wash your feet, and rest yourselves under the tree.","ama si ae ciki mi mamaho ne'e. ho ana-ana iiki rèti èi, sèna ka rasa haga miu.","Jaꞌa manèngi sèna ka dhèu hia jaꞌa èi èci sa. Jaꞌa manèngi sèna ka jꞌajꞌi mi ajꞌu miu, sèna ka jꞌajꞌi ètu dꞌara ajꞌu neꞌe. Jaꞌa manèngi sèna ka jꞌajꞌi ètu dꞌara ajꞌu neꞌe. Jaꞌa manèngi sèna ka jꞌajꞌi mi ajꞌu miu, sèna ka jꞌajꞌi ètu dꞌara ajꞌu neꞌe. Jaꞌa manèngi sèna ka jꞌajꞌi ètu dꞌara ajꞌu neꞌe, sèna ka jꞌajꞌi ètu dꞌara ajꞌu neꞌe."
GEN 18:5,"let me bring a little food, so that you may refresh yourselves. afterwards you can go your way, since you have come to your servant. they replied, do as you have said.","pe ja'a laku lalau nganga'a-nginu ho ama si mi'a ciki, sèna ka ako kadhii ciki, heka lami taruu kèna. te ja'a karej'e bisa lalau ama si. ka ra dhaa, aku rèngu na, ooo. ji'i dhuli.","Nèti èèna ka, jaꞌa manèngi sèna ka jaꞌa hia mi dhèu sabꞌa cahagꞌe, sèna ka miu bisa mamuri. Èle èèna ka, èu lèpa hari asa dhèu sabꞌa èu."" Hèia dhèu se dhaa, aku rèngu na, ""Jaꞌa neo tao madhutu lii padhai èu."""
GEN 18:6,"then abraham quickly went into the tent to sarah, and said, hurry, get three seahs of fine flour, knead it, and make bread.","hèia abraham pamèri sa d'ara paleo, la'e peka dènge sara, aku nèngu na, mèri! more tarigu dhu be'a risi, ca saku, ho tao roti!","Èle èèna ka, Abraham lèpa asa dꞌara hèbꞌa, ho laꞌe paraga dènge Sara. Hèia na paredha Sara, aku nèngu na, ""Bèli-camèdꞌa, laꞌe tao roti ètu dꞌara hèbꞌa èèna, ètu dꞌara hèbꞌa èèna, ètu dꞌara hèbꞌa èèna, ètu dꞌara hèbꞌa èèna, ètu dꞌara hèbꞌa èèna, ètu dꞌara hèbꞌa èèna, ètu dꞌara hèbꞌa èèna, ètu dꞌara hèbꞌa ètu dꞌara hèbꞌa ètu dꞌara hèbꞌa ètu dꞌara hèbꞌa ètu dꞌara hèbꞌa ètu dꞌara hèbꞌa èèna, ètu dꞌara hèbꞌa tèbꞌa tèbꞌa tèbꞌa tèbꞌa tèbꞌa tèbꞌa tèbꞌa tèbꞌa tèbꞌa tèbꞌa tèbꞌa tèbꞌa tèbꞌa tèbꞌa tèbꞌa tèbꞌa tèbꞌa tèbꞌa tèbꞌa tèbꞌa tèbꞌa tèbꞌa tèbꞌa tèbꞌa."
GEN 18:7,"then abraham ran to the herd, and took a calf that was tender and good, and gave it to the servant, and he hurried to prepare it.","ka rai la'e hari asa era sapi na, hèia kèpe ana sapi kabèb'u ci'u. ka na pua dhèu sab'a na sa, pare.","Èle èèna ka, Abraham rai asa dꞌara oka na. Hèia na kèpe sapi ca dhèu, ka na hia mi dhèu sabꞌa na. Hèia Abraham kèpe paꞌele iie ngiꞌu ne."
GEN 18:8,"he took curds and milk, and the calf that had been prepared, and placed the food before them, and he stood by them under the tree while they ate.","hèia la'e nare susu, keju dènge sisi dhu heka nasu èèna, nèti hia tamu sèra ra'a. abraham titu taruu ètu mamaho aj'u, ho na lalau si.","Èle èèna ka, na kèpe hèbꞌa na, dènge hèbꞌa na, ho raꞌa-rinu. Èle èèna ka, Na titu ètu dedha raꞌa-rinu ètu dꞌara ajꞌu èèna, sèna ka raꞌa-rinu."
GEN 18:9,"they said to him, where is sarah your wife? he replied, there, in the tent.","hèia ra karèi ne, aku rèngu na, dhèu èmu mu sara, ka mia? na dhaa, aku nèngu na, nuka d'ara paleo èèna.","Ka ra karèi ne, aku rèngu na, ""Sara, dhèu èmu èu, ètu mia?"" Ka na dhaa, aku nèngu na, ""Nèngu ètu era èèna."""
GEN 18:10,"he said, i will certainly return to you in the springtime, and see, sarah your wife will have a son. sarah was listening in the tent doorway, which was behind him.","ka ca dhèu nèti rèngu se padhai lii, aku nèngu na, pe d'ai tèu mai nèi, ja'a lèpa hari mai. lod'o èèna, dhèu èmu èu sara nare iisi le ana mone ca dhèu. ropa rèngu padhai lii èèna, sara nanene nèti kabodho babèdho.","Hèia Abraham dhaa, aku nèngu na, ""Bèli-camèdꞌa, bèli-camèdꞌa bèli-camèdꞌa jaꞌa lèpa hari. Èle èèna ka, dhèu èmu èu, Sara, abhu dhèu mone ca dhèu."" Sara madhèdi ètu hèbꞌa èmu èèna, madhèdi nanene lii padhai Ama Lamatua."
GEN 18:11,"now abraham and sarah were old, very advanced in age, and sarah had passed the age when women could bear children.","lod'o èèna, abraham dènge sara dhu heka bhoro le, ngaa hari sara dhu abhu heka hèru.","Èle èèna ka, Abraham dènge Sara dꞌai le lodꞌo dꞌai lodꞌo dꞌai lodꞌo dꞌai lodꞌo dꞌai lodꞌo dꞌai lodꞌo dꞌai lodꞌo dꞌai lodꞌo dꞌai lodꞌo dꞌai lodꞌo dꞌai lodꞌo dꞌai lodꞌo dꞌai lodꞌo dꞌai lodꞌo dꞌai lodꞌo dꞌai lodꞌo dꞌai lodꞌo dꞌai lodꞌo dꞌai lodꞌo dꞌai lodꞌo dꞌai lodꞌo dꞌai lodꞌo dꞌai lodꞌo dꞌai lodꞌo dꞌai lodꞌo dꞌai lodꞌo dꞌai lodꞌo dꞌai lodꞌo dꞌai lodꞌo dꞌai lodꞌo dꞌai lodꞌo dꞌai lodꞌo dꞌai lodꞌo."
GEN 18:12,"so sarah laughed to herself, saying to herself, after i am worn-out and my master is old, will i now have this pleasure?","ropa sara tadèngi padhue-padhai rèngu se, ka na mari kèmu. na pangee na, ja'a dhu heka roto-roto sèmi ne'e ne, aa dhèu èmu ja'a dhu roe nia heka. tasamia ji'i bisa tao sèmi ana ngèru dhu leo-èmu hiu, ho abhu ana?","Nèti èèna ka, Sara reꞌa dènge dꞌara na, peka na, ""Ladhe jaꞌa èle dènge dhèu aae jaꞌa, aa dhèu aae jaꞌa leko-monya, tasamia jaꞌa abhu karejꞌe-karae ne?"
GEN 18:13,"yahweh said to abraham, why did sarah laugh and say, 'will i really bear a child, when i am old'?","ka lamatua peka dènge abraham, aku nèngu na, nga tao ka sara mari? ele boe na ngee na, lii padhai ja'a ne j'aj'i boe, lula nèngu heka le.","Èle èèna ka, Lamatua peka dènge Abraham, aku Nèngu na, ""Nga tao ka Sara peka na, 'Ladhe jaꞌa kèdꞌi le, jaꞌa abhu ana?'"
GEN 18:14,"is anything too hard for yahweh? at the time appointed by me, in the spring, i will return to you. about this time next year sarah will have a son.","ja'a ne, lamatua! abhu boe ngaa èci sa dhu ja'a bisa boe tao. sanèd'e paie. tèu mai, ladhe ja'a lèpa hari mai, sara dhu nara iisi le, ana mone ca dhèu.","ladhe dꞌai lodꞌo èèna, jaꞌa lèpa hari asa èu. Ètu dꞌara lodꞌo èèna, bèli-camèdꞌa Sara nara iisi ana mone."
GEN 18:15,"then sarah denied it and said, i did not laugh, for she was afraid. he replied, no, you did laugh.","ropa tadèngi lii èèna, sara j'aj'i madha'u. ka na pasili, aku nèngu na, ja'a mari boe, nga! te ngaa lamatua b'ala, na, deo na, èu mari, nga.","Te ngaa Sara dhaa, aku nèngu na, ""Aadꞌo! Jaꞌa madhaꞌu boe."" Te ngaa Sara dhaa, aku nèngu na, ""Aadꞌo! Èu tadèngi boe."""
GEN 18:16,then the men arose to leave and looked down toward sodom. abraham went with them to see them on their way.,"èle ka, dhèu tèlu se pakèd'i neo lasi asa kota sodom. ka abraham lere si d'ai talora j'ara. nèti era èèna, ladhe rèdhi kota sodom.","Èle èèna ka, dhèu dua se tèke eele kota Sodom, hèia Abraham laꞌe paraga dènge rèngu."
GEN 18:17,"but yahweh said, should i hide from abraham what i am about to do,","ka lamatua ngee ètu d'ara na, hua iia ja'a peka dènge abraham, ja'a neo palaho kota sodom.","Èle èèna ka, Lamatua karèi ne, aku Nèngu na, ""Jaꞌa neo paꞌele iie jꞌara-jꞌara Jaꞌa nèti Abraham, do aadꞌo?"
GEN 18:18,"since abraham will indeed become a great and mighty nation, and all the nations of the earth will be blessed in him?","te ladhe èèna na, ana-èpu na asa tabha ae, aa suku dhu kapai. aa nèngu ne, èèna na, j'aj'i berkat mi suku aa'i-aa'i ètu rai-haha ne.","Èèna na, Abraham jꞌajꞌi dhèu rai-haha dhu kapai risi. Aa suku aaꞌi-aaꞌi ètu rai-haha ne, bèli-camèdꞌa abhu berkat, lula nèngu jꞌajꞌi ana-èpu Abraham."
GEN 18:19,"for i have chosen him so that he may instruct his children and his household after him to keep the way of yahweh, to do righteousness and justice, so that yahweh may bring upon abraham what he has said to him.","ja'a hag'e kore le nèngu, ho na nori ana-èpu na dènge dhèu leo, sèna ka madhutu taruu j'ara lamatua, ho ra mamuri dènge mola. ladhe rèngu mamuri sèmi èèna, ja'a tao aa'i lii dhu ja'a pajaji dènge abraham.","te Jaꞌa hagꞌe nare ne, sèna ka na ajꞌa ana-èpu na dènge isi èmu na, ho madhutu jꞌara-jꞌara Jaꞌa, aa tao jꞌara dhu lèke dènge beꞌa. Dènge jꞌara neꞌe, Jaꞌa tao madhutu jꞌara-jꞌara dhu Ama Lamatua padhadha le mi Abraham."""
GEN 18:20,"then yahweh said, because the outcry against sodom and gomorrah is so great, and because their sin is so serious,","hèia lamatua peka dènge abraham, aku nèngu na, sèmi ne'e! ja'a tadèngi le, lii roma iisi dhèu ae, peka na, dhèu kota sodom dènge gomora bhabhelu ra seli-kolane.","Hèia Lamatua dhaa, aku Nèngu na, ""Nèti èèna ka, dhèu Sodom dènge Gomora paꞌele iie kolongara Lamatua. Nèti èèna ka, dhèu Sodom dènge Gomora tao jꞌara-jꞌara bhelu-katubꞌa èci dènge èci. Nèti èèna ka, dhèu Sodom dènge Gomora tao jꞌara-jꞌara bhelu-katubꞌa èci dènge èci. Nèti èèna ka, dhèu Sodom dènge Gomora tao jꞌara-jꞌara bhelu-katubꞌa èci dènge èci."
GEN 18:21,"i will now go down there and see the outcry against her that has come to me, whether they have really done it. if not, i will know.","nèti èèna ka, ja'a puru madha ku mai, sèna ka kèdhi unu ku, ngaa dhu ja'a tadèngi sèra, tare'a, do aad'o. ladhe aad'o, pe ja'a ke'a unu ku.","Nèti èèna ka, jaꞌa pakèdꞌi asa dꞌara èmu ne, ho ladhe abhu dhèu dhu paꞌoo-parodha dènge jaꞌa, do aadꞌo, do aadꞌo. Ladhe sèmi èèna, jaꞌa keꞌa."
GEN 18:22,"so the men turned from there, and went toward sodom, but abraham remained standing before yahweh.","ropa lamatua padhai lii era dènge abraham, dhèu dua se lasi taruu sa kota sodom.","Èle èèna ka, dhèu dua se tèke eele era èèna, lasi asa rae Sodom. Te ngaa Abraham kèdꞌi titu ètu madha Ama Lamatua."
GEN 18:23,"then abraham approached and said, will you sweep away the righteous with the wicked?","hèia abraham la'e padètu dènge lamatua, ka na pamako na, peka na, tasamia? ama neo pamadhe aa'i dhèu-dhèu be'a pa'èci dènge dhèu-dhèu bhelu, do?","Èle èèna ka, Abraham karèi Ama Lamatua, aku nèngu na, ""Tasamia? Èu neo pamadhe dhèu dhu dꞌara mola dènge dhèu bhelu-katubꞌa, do?"""
GEN 18:24,perhaps there are fifty righteous within the city. will you sweep it away and not spare the place for the sake of the fifty righteous that are there?,"ladhe abhu dhèu lèmi nguru dhu be'a ètu d'ara kota èèna, ama pamadhe si hèi? do, ama palaho heka kota sèra, lula rèngu se'e, do?","Ladhe ètu dꞌara kota èèna, abhu kahèi dhèu lèmi nguru nguru dhèu dhu dꞌara mola. Ladhe ètu dꞌara kota èèna, abhu kahèi dhèu lèmi nguru dhèu dhu dꞌara mola, do?"
GEN 18:25,"far be it from you to do such a thing, killing the righteous with the wicked, so that the righteous should be treated the same as the wicked. far be it from you! will not the judge of all the earth do what is just?","ama baku tao sèmi èèna! mage dhoka, dhèu be'a sèra madhe hèi, lula ama neo pamadhe dhèu bhelu sèra. ama ka dhu pama'ète lii ètu dedha-liru dènge rai-haha. de ama ku unu mu dhu me'a j'ara èèna adil boe.","Miu bisa boe tao sèmi èèna! Miu bisa boe pamadhe dhèu dꞌara mola dènge dhèu bhelu-katubꞌa, sèna ka dhèu dꞌara mola jꞌajꞌi sama sèmi dhèu bhelu-katubꞌa. Miu bisa boe tao sèmi èèna! Ama Lamatua bisa boe tao dhu lèke mi dhèu aaꞌi-aaꞌi ètu rai-haha ne!"""
GEN 18:26,"yahweh said, if i find in sodom fifty righteous within the city, then i will spare the whole place for their sake.","ka lamatua dhaa, peka na, ladhe abhu dhèu be'a lèmi nguru dhèu ètu kota sodom, ja'a huku boe kota èèna, lula rèngu.","Hèia Lamatua dhaa, aku Nèngu na, ""Ladhe Jaꞌa paraga dènge dhèu lèke ètu kota Sodom, dhu lèke nguru nguru nguru dhèu, ètu dꞌara kota ne, pe Jaꞌa saku eele aaꞌi-aaꞌi ètu dꞌara ra."""
GEN 18:27,"abraham answered and said, look, i have undertaken to speak to my lord, even though i am only dust and ashes!","hèia abraham padhai lii hari, aku nèngu na, ama, ja'a manèngi abho, lula ja'a neo padhai lii hari ciki. ja'a ne dhoka dhèu goa di, dhu ke'a boe ngaa-ngaa.","Hèia Abraham dhaa, aku nèngu na, ""Sèmi neꞌe! Jaꞌa dꞌèi padhai lii dènge aꞌari jaꞌa, te ngaa jaꞌa jꞌajꞌi mèdha-panyau di."
GEN 18:28,"what if there are five less than fifty righteous? will you destroy the whole city for lack of five? then he said, i will not destroy it, if i find there forty-five.","sèmi d'ai boe dhèu lèmi nguru dhu be'a, te ngaa dhoka èpa nguru lèmi di, tasamia? kura dhoka dhèu lèmi di, na ama neo palaho eele kota èèna, do? ka lamatua b'ala, aku nèngu na, ladhe ja'a abhu dhèu be'a èpa nguru lèmi, ja'a palaho boe kota èèna.","Sèmi èèna kahèi, ladhe ètu dꞌara kota èèna abhu canguru lèmi dhèu dhu dꞌara mola, do?"" Hèia dhèu ne dhaa, aku nèngu na, ""Ladhe jaꞌa paraga dènge ètu dꞌara kota èèna, abhu nguru lèmi dhèu dhu dꞌara mola."""
GEN 18:29,"he spoke to him yet again, and said, what if there are forty found there? he replied, i will not do it for the forty's sake.","ka abraham pamako hari, na, sèmi abhu dhoka èpa nguru dhèu be'a di, tasamia, ama? ka na dhaa, ladhe ja'a abhu èpa nguru dhèu be'a, ja'a huku boe si.","Hèia na karèi hari ne, aku nèngu na, ""Sèmi neꞌe! Ladhe abhu èpa nguru dhèu ètu dꞌara èmu èèna, na, ladhe abhu èpa nguru dhèu ètu dꞌara èmu èèna?"" Hèia na dhaa, aku nèngu na, ""Jaꞌa tao boe sèmi èèna, te ngaa ladhe abhu nguru dhèu èpa nguru dhèu ètu dꞌara èmu èèna, jaꞌa tao boe sèmi èèna."""
GEN 18:30,"he said, please do not be angry, lord, so i may speak. perhaps thirty will be found there. he replied, i will not do it, if i find thirty there.","abraham pamako hari, aku nèngu na, ama baku nasa. te abhu dhoka tèlu nguru dhèu be'a di, na tasamia? hèia na dhaa, ladhe ja'a abhu tèlu nguru dhèu be'a, ja'a huku boe si.","Hèia dhèu ne dhaa, aku nèngu na, 'Sèmi neꞌe, ama! Ladhe jaꞌa paraga dènge dhèu 30 ètu neꞌe, jaꞌa bisa padhai lii dènge èu.' Hèia dhèu ne dhaa, aku nèngu na, ""Ladhe jaꞌa paraga dènge dhèu 30 ètu neꞌe, jaꞌa tao boe sèmi èèna."""
GEN 18:31,"he said, look, i have undertaken to speak to my lord! perhaps twenty will be found there. he replied, i will not destroy it for the twenty's sake.","hèia abraham peka hari, ama mage nasa ladhe ja'a karèi hari ciki. sèmi abhu dhoka dhèu dua nguru di dhu be'a, na tasamia? ka na dhaa hari, aku nèngu na, sèmi abhu dhèu dua nguru di dhu be'a, ja'a palaho eele boe kota èèna.","Hèia dhèu ne dhaa, aku nèngu na, 'Tareꞌa, jaꞌa pangee hari dènge aꞌari jaꞌa, ladhe abhu ca dhèu dua nguru dhèu ètu dꞌara jꞌara neꞌe.' Hèia na dhaa, aku nèngu na, ""Jaꞌa neo paꞌele iie dꞌara jꞌara ne, lula abhu ca dhèu dua nguru dhèu ètu dꞌara jꞌara neꞌe."""
GEN 18:32,"he said, please do not be angry, lord, and i will speak this one last time. perhaps ten will be found there. then he said, i will not destroy it for the ten's sake.","ka abraham katange lii padhai na, aa na karèi, peka na, ama! ja'a padhai lii hari ca tèka, te ngaa baku nasa dènge ja'a. tasamia, ladhe abhu dhoka canguru dhèu di dhu be'a? hèia na dhaa, ladhe ja'a abhu canguru dhèu dhu be'a ètu era èèna, ja'a palaho boe kota èèna.","Hèia dhèu ne dhaa, aku nèngu na, 'Sèmi neꞌe, ama! Jaꞌa neo padhai lii hari dènge ana bhèni ca dhèu. Ladhe abhu ca dhèu ètu neꞌe.' Te ngaa ama na dhaa, aku nèngu na, 'Sèmi neꞌe, jaꞌa neo paꞌele iie ne, lula jaꞌa neo paꞌele iie ana bhèni ca dhèu ètu neꞌe.'"
GEN 18:33,"yahweh went on his way as soon as he had finished talking with abraham, and abraham returned home.","padhai lii èle sèmi èèna, lamatua la'e dènge ka, aa abraham lèpa kahèi.","Ropa Lamatua padhai lii dènge Abraham, hèia Lamatua kalua. Hèia Abraham lèpa hari asa dꞌara èmu na."
GEN 19:1,"the two angels came to sodom in the evening, while lot was sitting at the gate of sodom. lot saw them, arose to meet them, and bowed down with his face to the ground.","ètu d'ara lamatua dhu padhue-padhai era dènge abraham, ana pajuu na dhèu dua, lasi le asa kota sodom. d'ai nèi, lod'o oe cèna kèna. ka lot dhu madhèdi ètu hèb'a tedhe kota. ropa nèdhi dhèu dua se, la'e soru nare si. ka na patitu kètu urutuu, aa pacud'u kètu ètu madha ra.","Lodꞌo èèna, ana pajuu Ama Lamatua dua ra mai asa kota Sodom. Lodꞌo ladhe nèdhi ana pajuu dua ra, hèia na kèdꞌi paraga dènge rèngu. Hèia na patitu kètu urutuu, hèia na patitu kètu urutuu."
GEN 19:2,"he said, please my masters, i urge you to turn aside into your servant's house, stay for the night, and wash your feet. then you can rise up early and go on your way. they replied, no, we will spend the night in the town square.","ka na padhai lii, aku nèngu na, mai lati dhuli ku èmu ja'a la. sèna ka ama si rase haga, aa j'unu ètu èmu ja'a. pe bèli mad'ae, heka ama si kako hari kèna. ra dhaa, aku rèngu na, makasi. te ngaa repo ia ka. hud'i laa ji'i j'unu ètu d'ara lapa.","Hèia na peka dènge dhèu sabꞌa sèra, aku nèngu na, 'Ama-ama! Jaꞌa manèngi sèna ka miu madhèdi ètu èmu dhèu sabꞌa jaꞌa ne, sèna ka miu lèpa hari asa dꞌara jꞌara.' Te ngaa dhèu seꞌe dhaa, aku rèngu na, ""Aadꞌo! Te jiꞌi manèngi heka ètu dꞌara oka èèna."""
GEN 19:3,"but he urged them strongly, so they went with him, and entered into his house. he prepared a meal and baked unleavened bread, and they ate.","te ngaa lot pamako si loe boe, ka lasi manubha asa èmu na. ka lot si tunu roti, lalau mei, ka ra'a-rinu pa'èci.","Èle èèna ka, Petrus dènge ana madhutu na sèra maso asa dꞌara èmu na. Ka dua ra lasi maso asa dꞌara èmu na. Èle èèna ka, Petrus tao roti dènge boe ragi, ka raꞌa."
GEN 19:4,"but before they lay down, the men of the city, the men of sodom, surrounded the house, both young and old, all the men from every part of the city.","dhu dua ra lasi mèka j'unu, cag'ag'a laa, dhèu mone sodom aa'i-aa'i, ana mone ngèru toke d'ai mone heka, mai reo rare èmu lot.","Èle èèna ka, dhèu aaꞌi-aaꞌi dhu jꞌajꞌi dhèu bhelu-katubꞌa ètu dꞌara èmu Sodom, lasi rare èmu ne. Dhèu aaꞌi-aaꞌi dhu jꞌajꞌi dhèu bhelu-katubꞌa ètu dꞌara èmu ne, jꞌajꞌi dhèu aaꞌi-aaꞌi dhu jꞌajꞌi dhèu bhelu-katubꞌa ètu dꞌara èmu ne. Rèngu aaꞌi-aaꞌi dhu jꞌajꞌi dhèu bhelu-katubꞌa ètu dꞌara èmu ne, jꞌajꞌi dhèu dhu jꞌajꞌi dhèu bhelu-katubꞌa dhu jꞌajꞌi dhèu bhelu-katubꞌa dhu jꞌajꞌi dhèu bhelu-katubꞌa ètu dꞌara èmu ne."
GEN 19:5,"they called to lot, and said to him, where are the men that came in to you tonight? bring them out to us, that we may sleep with them.","dhèu se'e pa'oo-parodha, peka mi lot, aku rèngu na, he, lot! mone dua deo sa, ètu mia? bhabhodho si mai, sèna ka ji'i j'unu dènge ra!","Ka ra paroa Lot, ka ra karèi ne, aku rèngu na, ""Dhèu-dhèu dhu ètu dꞌara èmu èu èèna, ètu mia? Mai hia si asa jiꞌi, sèna ka jiꞌi pea dènge rèngu."""
GEN 19:6,so lot went out the door to them and shut the door after himself.,"hèia lot li'u la'e, ka na bèdho hari èmu.","Nèti èèna ka, Lot laꞌe tèke eele èèna."
GEN 19:7,"he said, i beg you, my brothers, do not act so wickedly.","ka na lii, aku nèngu na, a'ari, ee! baku miu tao bhelu mi tamu ja'a se.","Hèia na peka, aku nèngu na, ""Aꞌari aaꞌi-aaꞌi! Baku tao bhabhelu sèmi èèna!"
GEN 19:8,"look, i have two daughters who have not slept with any man. let me, i beg you, bring them out to you, and you do to them whatever is good in your eyes. only do nothing to these men, because they have come under the shadow of my roof.","mi nanene ku ja'a laa! ana bhèni ja'a, dhèu dua. dua ra dhu pa'èci mèka dènge dhèu mone. ja'a hia miu. mere, ho mi tao tasamia èèna ka, sad'i madhutu dad'èi miu. sad'i miu baku tao karehe mi tamu ja'a dhèu dua se. lula madhutu ad'a èdhi, ja'a ka dhu hud'i j'aga si.","ladhe sèmi èèna, jaꞌa dènge ana bhèni jaꞌa dhèu dua, dhu mèdhi mèka dènge dhèu mone. De jaꞌa hia si mai asa èu. De èu hudꞌi tao dènge rèngu ngaa dhu beꞌa ètu madha èu. Te ngaa èu hudꞌi tao boe dènge dhèu seꞌe sèra, lula rèngu aaꞌi-aaꞌi ra pea ètu dꞌara èmu jaꞌa."
GEN 19:9,"they said, stand back! they also said, this one came here to live as a foreigner, and now he has become our judge! now we will deal worse with you than with them. they pressed hard against the man, against lot, and came near to break down the door.","masi ka sèmi èèna, dhèu sodom se pa'oo ma'ète boe, aku rèngu na, èu ne, baku patabha! te èu ne, dhèu tao mai ètu kabarai ji'i ne! de èu dènge boe hak ho kai ji'i. hua iia, èu pakaj'èu nèti era ne'e. te, ladhe lamu boe, ji'i tao èu bia risi nèti dhèu dua se'e! ka ra tule eele lot, hèia aa'i-aa'i ra rai lasi j'èje babèdho èmu.","Ka dua ra dhaa, aku rèngu na, ""Miu hudꞌi tèke eele ku! Dhèu ne jꞌajꞌi dhèu leo, te ngaa nèngu jꞌajꞌi dhèu pamaꞌète lii langu jiꞌi. De jiꞌi hudꞌi jꞌajꞌi dhèu pamaꞌète lii langu jiꞌi. De jiꞌi hudꞌi jꞌajꞌi dhèu dhu jꞌajꞌi dhèu dhu jꞌajꞌi dhèu unu jiꞌi."" Èle èèna ka, dua ra tèke eele dhèu èmu èèna, hèia ra tèke eele lii langu dhèu èmu èmu èèna, sèna ka ra babège eele hèbꞌa èmu èèna."
GEN 19:10,but the men reached out their hands and brought lot into the house with them and shut the door.,"te ngaa dhèu dua se soro kacui-aai ra, ère pamaso lot, ka ra patèke èmu nèti d'ara.","Èle èèna ka, dhèu sabꞌa se tèke eele kacui-aai ra, sèna ka rèti Lot maso asa dꞌara èmu, ka dꞌai hèbꞌa ètu dꞌara èmu."
GEN 19:11,"then lot's visitors struck with blindness the men who were outside the door of the house, both young and old, so that they became exhausted when they were trying to find the door.","dua ra tao pabèdhu ana madha dhèu sodom aa'i-aa'i ra, ka rèdhi heka ngaa-ngaa. ra gogo tenge babèdho, te ngaa abhu boe.","Èle èèna ka, dhèu aaꞌi-aaꞌi ètu dꞌara hèbꞌa èèna, bèli-camèdꞌa dhèu aaꞌi-aaꞌi sèra, bèli-camèdꞌa dhèu aaꞌi-aaꞌi sèra, bèli-camèdꞌa dhèu aaꞌi-aaꞌi sèra, bèli-camèdꞌa dhèu aaꞌi-aaꞌi sèra, bèli-camèdꞌa dhèu aaꞌi-aaꞌi sèra."
GEN 19:12-13,"then the men said to lot, do you have anyone else here? any sons-in-law, your sons and your daughters, and whoever you have in the city, get them out of here. for we are about to destroy this place, because the accusations against it before yahweh have become so loud that he has sent us to destroy it.","hèia tamu dhèu dua se, peka dènge lot, aku rèngu na, lamatua ne'a le, bhabhelu-katub'a dhèu sodom se. nèti èèna ka, na paleha ji'i dua mi mai, sèna ka palaho eele kota ne. de èu dhu dènge a'ari leo dhu ètu d'ara kota ne, do aad'o? ladhe dènge ana mone, do ana bhèni, do dhèu èmu ana èu, do, sad'i cee èèna ka, lamu more si, ho rai ka nèti d'ara kota ne lai-lai!","Hèia dhèu dua se karèi Lot, aku rèngu na, ""Sèmi neꞌe! Èu dènge ana-èpu èu, dènge ana-èpu èu, dènge dhèu aaꞌi-aaꞌi dhu èu dènge ètu dꞌara kota ne, èu hudꞌi pakèdꞌi nèti neꞌe. Te jiꞌi neo bhoke jꞌara ho jꞌajꞌi dhèu bhelu-katubꞌa ètu era neꞌe. Te jiꞌi neo bhoke jꞌara ho jꞌajꞌi dhèu bhelu-katubꞌa ètu era neꞌe, sèna ka jꞌajꞌi dhèu bhelu-katubꞌa ètu madha Lamatua. Nèti èèna ka, Lamatua pua jiꞌi ho bhoke jꞌara ho jꞌajꞌi dhèu bhelu-katubꞌa ètu era neꞌe, sèna ka jꞌajꞌi dhèu bhelu-katubꞌa ètu madha Lamatua."
GEN 19:14,"lot went out and spoke to his sons-in-law, the men who had promised to marry his daughters, and said, quick, get out of this place, for yahweh is about to destroy the city. but to his sons-in-law he seemed to be joking.","hèia lot la'e paraga dènge ana mone dhèu dua, dhu lii d'ai ana bhèni na. ka na peka, dua mi nanene paie! rai ka nèti d'ara kota ne, te lamatua neo palaho eele ne! te ngaa ra pangee na, lot padhai lii paleko di.","Èle èèna ka, Lot laꞌe padhai lii dènge ana mone na, aku nèngu na, ""Miu hudꞌi pakèdꞌi nèti era neꞌe, te Lamatua neo bhoke jꞌajꞌèra mi dhèu aaꞌi-aaꞌi ètu kota ne."" Hèia Lot peka dènge ana mone na, aku nèngu na, ""Lamatua neo bhoke jꞌajꞌèra mi dhèu aaꞌi-aaꞌi ètu neꞌe, te Lamatua neo bhoke jꞌajꞌèra mi dhèu aaꞌi-aaꞌi ètu neꞌe, sèna ka jꞌajꞌi dhèu aaꞌi-aaꞌi."""
GEN 19:15,"when the morning dawned, the angels urged lot, saying, get going, take your wife and your two daughters that are here, so you are not swept away in the punishment of the city.","bèli mad'ae aae era, ana pajuu lamatua dhèu dua se, pakaseti lot si, ho lasi karohe asa era kaj'èu. ra peka na, lami ka! ère mèti dhèu èmu mu, dènge ana bhèni èu dhèu dua sèra, ho rai ka. tèke eele kota ne'e! mage dhoka miu madhe aa'i palere-lere dènge kota ne.","Ropa bèli madꞌae, ana pajuu sèra manèngi Lot, aku rèngu na, ""Lamatua huku èu dènge dhèu èmu èu, dènge ana bhèni èu dhèu dua, sèna ka èu baku madhe ètu dꞌara kota ne."
GEN 19:16,"but he lingered. so the men grabbed his hand, and the hand of his wife, and the hands of his two daughters, because yahweh was merciful to him. they brought them out, and set them outside the city.","te ngaa lot neka-neka era, masi ka lamatua neo hia ne mamuri. nèti èèna ka, tamu dhèu dua se nuni lot, dhèu èmu na, dènge ana bhèni dhèu dua sèra, rèti asa li'u kota.","Èle èèna ka, Lamatua padꞌelo dꞌara hua iia Na dènge ne. Ka dhèu dua sèra kèpe rare kacui-aai na, dènge kacui-aai dhèu èmu na, dènge kacui-aai dua ana bhèni na. Ka dua ra lasi asa liꞌu, sèna ka lasi asa liꞌu kota."
GEN 19:17,"when they had brought them out, one of the men said, run for your lives! do not look back, or stay anywhere on the plain. escape to the mountains so you are not swept away.","hèia ca dhèu nèti tamu dhèu dua sèra paredha si, peka na, rai palasa, sèna ka abhu sod'a! mage mi kabib'a kabodho! baku ae ètu d'ara mamoo! rai taruu, asa ledhe nèi, sèna ka miu baku madhe!","Ropa rèngu rèti rèngu asa liꞌu, hèia dhèu èci peka dènge rèngu, aku nèngu na, ""Miu hudꞌi laꞌe uuru ku asa liꞌu, sèna ka dhèu aaꞌi-aaꞌi bisa boe pamadhe miu. Miu hudꞌi laꞌe uuru ku asa ledhe-ledhe, sèna ka dhèu aaꞌi-aaꞌi bisa boe pamadhe miu. Miu hudꞌi laꞌe uuru ku asa liꞌu, sèna ka dhèu aaꞌi-aaꞌi bisa boe pamadhe miu."""
GEN 19:18,"lot said to them, no, please, my masters!","te ngaa lot peka, aku nèngu na, iraa ee! baku sèmi èèna!","Lot bꞌala, aku nèngu na, ""Aadꞌo! Miu aaꞌi-aaꞌi mi! Miu aaꞌi-aaꞌi mi! Miu aaꞌi-aaꞌi mi! Miu aaꞌi-aaꞌi mi! Miu aaꞌi-aaꞌi mi! Miu aaꞌi-aaꞌi mi! Miu aaꞌi-aaꞌi mi! Miu aaꞌi-aaꞌi mi! Miu aaꞌi-aaꞌi mi! Miu aaꞌi-aaꞌi mi! Miu aaꞌi-aaꞌi mi! Miu aaꞌi-aaꞌi mi!"""
GEN 19:19,"your servant has found favor in your eyes, and you have shown me great kindness in saving my life, but i cannot escape to the mountains, because the disaster will overtake me, and i will die.","mema ama si pamamuri le ji'i se. te ngaa ledhe nèi kaj'èu bia nèti ne'e! mage dhoka ji'i d'ai mèka nèi, j'aj'èra dhu magee nare le ji'i èèna, ètu talora j'ara.","Jaꞌa ne, ana pua-paleha Ama. Ama padꞌelo le dꞌara hua iia Na mi jaꞌa, ho patabuli jaꞌa nèti koasa sasala-sasigo jaꞌa. Te ngaa jaꞌa bisa boe pakèdꞌi asa ledhe-ledhe, te jaꞌa bisa heka madhe."
GEN 19:20,"look, that city over there is near enough to flee to, and it is a little one. please, let me escape there is it not a little one? , and my life will be saved.","ama ladhe ku laa. rae iiki cue dhu kaj'èu boe nèti era ne'e. rae nèi dhu kolongara aad'o. ladhe ama d'èi, ji'i la'a pasoru iisi asa nèi!","ladhe jaꞌa pakèdꞌi nèti dꞌara kota èèna, jaꞌa bisa laꞌe asa dꞌara kota èèna, te ngaa jaꞌa bisa laꞌe asa dꞌara kota èèna, te ngaa jaꞌa bisa laꞌe asa dꞌara kota èèna, te ngaa jaꞌa bisa laꞌe asa dꞌara kota èèna, te ngaa jaꞌa bisa laꞌe asa dꞌara kota èèna, te ngaa jaꞌa bisa laꞌe asa dꞌara kota èèna."
GEN 19:21,"he said to him, alright, i am granting this request also, that i will not destroy the city which you have mentioned.","ka na dhaa, peka na, oo! lami ka! te èèna na, ja'a palaho boe rae nèi.","Hèia dhèu ne dhaa, aku nèngu na, 'Ladhe èu manèngi sèmi èèna, jaꞌa neo paꞌele iie kota èèna."
GEN 19:22,"hurry! escape there, for i cannot do anything until you arrive there. therefore the city was called zoar.","de rai karohe ka, lami asa nèi! te ja'a tao mèka ngaa-ngaa, ladhe miu d'ai mèka era nèi. karèi nèti lod'o èèna, dhèu pangare rae ne soar, dhu sasoa na ‘ana iiki-iiki'.","Nèti èèna ka, dhèu aaꞌi-aaꞌi ra pangare iisi ra, peka na, ""Sèmi neꞌe! Lamu uuru ku asa era èèna, te jaꞌa bisa boe tao ngaa-ngaa, toke èu dꞌai era èèna. Nèti èèna ka, dhèu aaꞌi-aaꞌi ra pangare iisi ra, 'Zoar'."
GEN 19:23,the sun had risen upon the earth when lot reached zoar.,"ropa lod'o rea, lot si d'ai soar.","lodꞌo Lot dꞌai Soar, lodꞌo lodꞌo lodꞌo lodꞌo lodꞌo lodꞌo lodꞌo èèna, lodꞌo lodꞌo lodꞌo lodꞌo èèna, lodꞌo lodꞌo lodꞌo lodꞌo èèna, lodꞌo lodꞌo lodꞌo lodꞌo èèna, lodꞌo lodꞌo lodꞌo lodꞌo lodꞌo èèna, lodꞌo lodꞌo lodꞌo lodꞌo èèna, lodꞌo lodꞌo lodꞌo lodꞌo èèna, lodꞌo lodꞌo lodꞌo lodꞌo èèna, lodꞌo lodꞌo lodꞌo lodꞌo lodꞌo èèna, lodꞌo lodꞌo lodꞌo lodꞌo lodꞌo èèna, lodꞌo lodꞌo lodꞌo lodꞌo lodꞌo èèna, lodꞌo lodꞌo lodꞌo lodꞌo èèna, lodꞌo lodꞌo lodꞌo lodꞌo lodꞌo lodꞌo lodꞌo lodꞌo èèna, lodꞌo lodꞌo lodꞌo lodꞌo lodꞌo lodꞌo lodꞌo lodꞌo lodꞌo èèna, lodꞌo lodꞌo lodꞌo lodꞌo lodꞌo lodꞌo lodꞌo lodꞌo lodꞌo lodꞌo èèna."
GEN 19:24,then yahweh rained down upon sodom and gomorrah sulfur and fire from yahweh out of the sky.,"cag'ag'a laa, lamatua sadutu ai dènge èi nasu nèti dedha-liru asa sodom dènge gomora.","Èle èèna ka, Lamatua hia hadhu dènge ai nèti dedha-liru asa rai Sodom dènge Gomora."
GEN 19:25,"he destroyed those cities, and all the plain, and all the inhabitants of the cities, and the plants that grew on the ground.","lamatua pakèpu-ladhu ai kota dènge rae aa'i-aa'i ètu d'ara rai èèna, dènge ngaa-ngaa dhu mamuri ètu èèna, nuka: dhèu, badha-manu, dènge ana aaj'u.","Nèti èèna ka, dhèu aaꞌi-aaꞌi dhu pea ètu dꞌara rai-haha ne, ra pamadhe aaꞌi-aaꞌi, aaꞌi-aaꞌi dhu pea ètu dꞌara rai-haha ne, aaꞌi-aaꞌi dhu pea ètu dꞌara rai-haha ne, aaꞌi-aaꞌi dhu pea ètu dꞌara rai-haha ne, ra pamadhe aaꞌi-aaꞌi ra."
GEN 19:26,"but lot's wife, who was behind him, looked back, and she became a pillar of salt.","lod'o rèngu rai, dhèu èmu lot kabib'a kabodho. cag'ag'a laa, na j'aj'i agarii masi.","Te ngaa bhèni Lot ladhe-leru, ka na ladhe-leru, ka na ladhe-leru. Hèia bhèni ne jꞌajꞌi sama sèmi hadhu dhu kabꞌua ètu dꞌara roꞌa, dhu ètu dꞌara roꞌa èèna, nuka sèmi hadhu dhu kabꞌua ètu dꞌara roꞌa èèna. Nèti èèna ka, bhèni ne jꞌajꞌi sama sèmi hadhu dhu kabꞌua ètu dꞌara roꞌa dhu kabꞌua ètu dꞌara roꞌa ètu dꞌara roꞌa ètu dꞌara roꞌa ètu dꞌara roꞌa ètu dꞌara roꞌa ètu dꞌara roꞌa ètu dꞌara roꞌa ètu dꞌara roꞌa."
GEN 19:27,abraham got up early in the morning and went to the place where he had stood before yahweh.,"asa bèli èèna, dhu mad'ae aae era, abraham la'e asa era dhu med'a na, na pamako lamatua.","Bèli èèna, bèli-bèli èèna, Abraham kèdꞌi laꞌe asa era dhu na titu ètu madha Ama Lamatua."
GEN 19:28,"he looked down toward sodom and gomorrah and toward all the land of the plain. he looked and behold, smoke was rising from the land like the smoke of a furnace.","hèia na ladhe sa haha asa sodom dènge gomora, aa asa d'ara mamoo èèna. na ladhe la'a na, sèb'u poka-poka sèna, dhu ca'e asa dedha-liru. aa ai na'e aa'i le ngaa-ngaa.","Èle èèna ka, na ladhe asa rae Sodom dènge Gomora, dènge rae aaꞌi-aaꞌi ètu sebhe èèna. Hèia na ladhe, ladhe na ladhe nèdhi asa rai-haha ne, asa dꞌara ai dhu kabꞌua, nuka sèmi dhu kabꞌua nèti dꞌara dꞌara ai."
GEN 19:29,"so when god destroyed the cities of the plain, god called abraham to mind. he sent lot out of the midst of the destruction when he destroyed the cities in which lot had lived.","ama lamatua patalale lot si nèti hahuku èèna, ropa na pakèpu-ladhu ai kota-kota sèra, lula na ngee nèdhi lii pajaji na dènge abraham.","Èle èèna ka, lodꞌo Ama Lamatua hagꞌe nare kota-kota ètu sebhe rai-haha ne, Lamatua bhoke jꞌara ho pamadhe kota-kota ètu sebhe rai-haha ne. Te ngaa Lamatua bhoke jꞌara ho pamadhe kota-kota ètu sebhe rai-haha ne. Èle èèna ka, Lamatua bhoke jꞌara ho pamadhe kota-kota ètu sebhe rai-haha ne. Te ngaa Lamatua bhoke jꞌara ho pamadhe kota-kota ètu sebhe rai-haha ne. Lamatua bhoke jꞌara ho pamadhe kota-kota ètu sebhe rai-haha ne. Èle èèna ka, Lamatua pua Lot tèke eele kota-kota ètu dꞌara sebhe rai-haha ne."
GEN 19:30,"but lot went up from zoar to live in the mountains with his two daughters, because he was afraid to live in zoar. so he lived in a cave, he and his two daughters.","lod'o èèna, lot madha'u pea taruu ètu rae soar. nèti èèna ka, nèngu dènge ana bhèni na dhèu dua sèra, lasi asa ledhe ka ra pea ètu d'ara loe cue.","Èle èèna ka, Lot dènge ana bhèni na dhèu dua mai nèti Soar, laꞌe pea ètu dꞌara ledhe èèna. Nèti èèna ka, Lot dènge ana bhèni na dua mai pea ètu dꞌara ledhe èèna, ho pea ètu dꞌara ledhe èèna. Nèti èèna ka, Lot dènge ana bhèni na mai pea ètu dꞌara ledhe èèna, ho pea ètu dꞌara ledhe èèna."
GEN 19:31,"the firstborn said to the younger, our father is old, and there is no man anywhere to sleep with us according to the way of all the world.","ca lod'o, ana bhèni uru èèna, peka dènge ari na, aku nèngu na, ètu era ne'e ne, abhu boe dhèu mone ca dhèu sa, dhu bisa leo dènge èdhi se. aa ama èdhi asa heka, de ladhe èèna na, na bisa heka abhu ana.","Èle èèna ka, ana iiki na peka dènge ana iiki na, aku nèngu na, ""Ama jiꞌi madhe le, aa abhu boe dhèu mone ètu mia-mia, sèna ka jꞌajꞌi dhèu aaꞌi-aaꞌi ètu rai-haha ne. Jꞌara aaꞌi-aaꞌi ètu rai-haha ne, nuka sèmi dhèu aaꞌi-aaꞌi ètu rai-haha ne."
GEN 19:32,"come, let us make our father drink wine, and we will sleep with him, so that we may extend our father's line.","de be'a risi, ti hia ne ninu mahu, sèna ka èdhi dua ti j'unu dènge ne, ho ti abhu kolo hia ama èdhi.","mai ka, jiꞌi tao ama jiꞌi jꞌajꞌi anggor, sèna ka jiꞌi mamuri dènge ne, sèna ka jiꞌi bisa jꞌajꞌi dhèu aae jiꞌi, toke bèli-camèdꞌa jꞌajꞌi dhèu aae jiꞌi."""
GEN 19:33,"so they made their father drink wine that night. then the firstborn went in and slept with her father; he did not know when she lay down, nor when she arose.","ka ropa d'ai mèda, dua ra hia ama ra ninu èi anggor toke mahu. hèia ana bhèni uru èèna, la'e j'unu dènge ama na. lula ama na dhu mahu ae, ka ne'a boe nèngu dhu j'unu dènge ana na.","Èle èèna ka, dhèu aae rèti anggor ètu dꞌara bèdho èèna. Hèia ana dhu kapai ne maso asa dꞌara èmu ama na, hèia na maso asa dꞌara èmu. Te ngaa ama na reꞌa boe, na, ana ne lèpa dènge ama na, do aadꞌo."
GEN 19:34,"the next day the firstborn said to the younger, listen, last night i slept with my father. let us make him drink wine tonight also, and you should go in and sleep with him, so that we may extend our father's line.","hèia asa bèli èèna, a'a na peka dènge ari na, aku nèngu na, mèda deo na, ja'a j'unu le dènge ama èdhi. de mèda ne'e, èu kèna. èdhi hia ne hari ninu mahu, ho lamu j'unu dènge ne. sèna ka èdhi dua ti abhu ana, ho hia ana-èpu mi ama èdhi.","Asa bèli èèna, ana mone kapai ne peka dènge ana mone kapai ne, aku nèngu na, ""Bèli-camèdꞌa, jaꞌa madhèdi dènge ama ku ètu dꞌara pèri-pèri lodꞌo neꞌe. De èu maso asa dꞌara èmu, ho jꞌajꞌi dhèu paꞌèki dènge ama ku. De èu maso asa dꞌara pèri-pèri dènge ama ku, sèna ka jiꞌi jꞌajꞌi dhèu aaꞌi-aaꞌi dhu jꞌajꞌi dhèu aaꞌi-aaꞌi ètu dꞌara pèri-pèri dhèu aaꞌi-aaꞌi ètu dꞌara pèri-pèri dhèu aaꞌi-aaꞌi ètu dꞌara pèri-pèri dhèu aaꞌi-aaꞌi."""
GEN 19:35,"so they made their father drink wine that night also, and the younger went and slept with him. he did not know when she lay down, nor when she arose.","ka d'ara mèda na, dua ra hia hari ama ra ninu mahu. ka ana bhèni limuri ne, la'e ka j'unu dènge ama na. te ngaa, lula ama ra dhu mahu titu kèna, nèti èèna ka, ne'a boe ngaa dhu nèngu tao mi dedha ana bhèni na.","Èle èèna ka, dhèu seꞌe hia ama ra jꞌajꞌi anggor ètu dꞌara mèda èèna kahèi. Hèia ana bhèni èci laꞌe paꞌèci dènge ama ra. Ama na tadhe boe, na, ana bhèni ne ètu dꞌara bèdho, do, ètu dꞌara bèdho, ètu dꞌara bèdho, ètu dꞌara bèdho, ètu dꞌara bèdho, ètu dꞌara bèdho, ètu dꞌara bèdho, ètu dꞌara bèdho, ètu dꞌara bèdho, ètu dꞌara bèdho, ètu dꞌara bèdho, ètu dꞌara bèdho, ètu dꞌara bèdho, ètu dꞌara bèdho."
GEN 19:36,so both the daughters of lot were pregnant by their father.,"dènge j'ara ne'e ne ka, dua ra dènge babia nèti ama d'èlu rèngu.","Èle èèna ka, ana bhèni Lot dua ra jꞌajꞌi bèdho dènge ama ra."
GEN 19:37,"the firstborn gave birth to a son, and named him moab. he became the ancestor of the moabites of today.",hèia ana bhèni uru èèna nara iisi ana mone ca dhèu. ka na pangare na moab dhu sasoa na ‘mai nèti ama'. ana ne'e ka dhu j'aj'i bèi-baki nèti dhèu moab.,"ka nara iisi ana mone ca dhèu, ngara na Moab. Nèti èèna ka, dhèu Moab aaꞌi-aaꞌi ra jꞌajꞌi dhèu aaꞌi-aaꞌi, toke dꞌai sange neꞌe."
GEN 19:38,"as for the younger daughter, she also gave birth to a son, and named him ben-ammi. he became the ancestor of the people of ammon of today.","ka ana bhèni limuri ne, nara iisi ana mone èci kahèi. na pangare na ben ami dhu sasoa na ‘mai nèti dhèu ja'a'. ana ne ka dhu j'aj'i bèi-baki nèti dhèu amon.","Èle èèna ka, na nara iisi ana bhèni èci, ngara na Ben-ammi. Nèngu ka dhu jꞌajꞌi ama mi dhèu Amon, toke dꞌai sange neꞌe."
GEN 20:1,"abraham journeyed from there toward the land of the negev, and lived between kadesh and shur. he was a foreigner living in gerar.","èle èèna, ka abraham nèti mamre, pidha asa rai negeb, dhu ètu re balèu, ka na pea ètu talora rae kades, dènge rae syur. te ngaa na pea nèbhu boe, ka pidha hari asa rae gerar.","Èle èèna ka, Abraham tèke eele nèti neꞌe, laꞌe asa rai Negev. Ka na pea ètu era èèna, ètu talora kota Kadesh dènge kota Sur. Te ngaa nèngu pea ètu rai-haha ne."
GEN 20:2,"abraham said concerning sarah his wife, she is my sister. so abimelech king of gerar sent for sarah and took her.","hèia na peka dènge dhèu ètu sèra, aku nèngu na, sara ne, ana hèni ja'a. nèti èèna ka, abimelek dhèu aae gerar, pua dhèu lasi lii d'ai sara. ka nèti ne mai asa d'ara èmu dhèu aae.","Hèia Abraham peka lula-nèti Sara, dhèu èmu na, aku nèngu na, ""Nèngu ne, ari jaꞌa."" Hèia Abimelek, dhèu aae Gerar, pua dhèu lasi paraga dènge Sara."
GEN 20:3,"but god came to abimelech in a dream in the night, and said to him, behold, you are a dead man because of the woman whom you have taken, for she is a man's wife.","d'ara ca mèda sa, ama lamatua pad'elo iisi na dènge dhèu aae ètu d'ara nii. na peka, mamadhe èu ne dètu kèna! lula èu more dhèu èmu dhèu.","Èle èèna ka, Ama Lamatua padhai lii dènge Abimelek ètu dꞌara mèda, aku Nèngu na, ""Tareꞌa! Èu madhe le, lula èu paꞌèci dènge dhèu èmu èu, te dhèu èmu dhèu èmu na."""
GEN 20:4-5,"now abimelech had not come near her and he said, lord, would you kill even a righteous nation? did he not himself say to me, 'she is my sister? ' even she herself said, 'he is my brother. ' i have done this in the integrity of my heart and the innocence of my hands.","hèia abimelek dhaa, peka na, lamatua! ja'a dhae pa'èci mèka dènge bhèni na. aa ja'a sasala aad'o. abraham unu na ka dhu peka, bhèni na, ana hèni nèngu! aa bhèni na dhaa sèmi èèna kahèi. nèti èèna ka, ja'a hia dhèu lasi lii d'ai ne, dènge d'ara mola. de lamatua baku pad'ui ja'a sasala!","Lodꞌo èèna, Abimelek maso asa neꞌe, ka na karèi Ne, aku nèngu na, ""Ama! Èu neo pamadhe dhèu dhu dꞌara mola, do?"" Abimelek dhaa, aku nèngu na, 'Nèngu ne, aꞌari jaꞌa.' Te ngaa bhèni ne dhaa, aku nèngu na, 'Nèngu ne, aꞌari jaꞌa.' Jaꞌa tao sèmi èèna, lula dꞌara jaꞌa mola-mèci, aa dꞌara jaꞌa lèke boe."
GEN 20:6,"then god said to him in the dream, yes, i also know that in the integrity of your heart you did this, and i also kept you from sinning against me. therefore i did not allow you to touch her.","ka lamatua dhaa, peka na, tare'a. mema ja'a ke'a d'ara èu mola. nèti èèna ka, ja'a ka dhu taha èu, ho baku pa'èci dènge ne. dènge j'ara sèmi èèna, èu tao boe sala mi ja'a hèi.","Èle èèna ka, Ama Lamatua peka dènge ne ètu dꞌara rèngu, aku nèngu na, ""Jaꞌa keꞌa le, na, èu tao jꞌara ne dènge dꞌara mola. Jaꞌa kèpe èu, sèna ka èu baku tao sala mi Jaꞌa. Nèti èèna ka, jaꞌa dꞌèi boe èu paꞌèki dènge bhèni ne."
GEN 20:7,"therefore, return the man's wife, for he is a prophet. he will pray for you, and you will live. but if you do not restore her, know that you and all who are yours will surely die.","de èu mèti hari ka bhèni ne, lèpa sa dhèu èmu na. mone na ka dhu nèti lii padhue-padhai ja'a. de lamu manèngi ne, sèna ka na sabaj'a hia èu, ho èu baku madhe. sanèd'e paie! ladhe èu hia boe bhèni na lèpa, èu dènge kabarai èu madhe aa'i mèu-mèu.","Nèti èèna ka, èu hudꞌi bꞌala bhèni dhèu èmu na. Te nèngu ne, dhèu nèti lii padhai Ama Lamatua. Na manèngi-mangajꞌi hia èu, sèna ka èu bisa mamuri. Te ngaa ladhe èu baku bꞌala bhèni dhèu èmu èu, èu dènge dhèu aaꞌi-aaꞌi èu hudꞌi madhe."
GEN 20:8,"abimelech rose early in the morning and called all of his servants to himself. he told all these things to them, and the men were very afraid.","bèli mad'ae aae èèna, dhèu aae pakaboko nare dhèu-dhèu kapai na aa'i-aa'i, ka na lolo lii nii na. hèia aa'i-aa'i ra madha'u.","Bèli èèna, bèli èèna, Abimelek kèdꞌi. Ka na paroa dhèu sabꞌa na aaꞌi-aaꞌi. Hèia na peka dènge rèngu jꞌara seꞌe aaꞌi-aaꞌi ra. Hèia dhèu sabꞌa se aaꞌi-aaꞌi ra madhaꞌu aaꞌi-aaꞌi."
GEN 20:9,"then abimelech called for abraham and said to him, what have you done to us? how have i sinned against you, that you have brought on me and on my kingdom a great sin? you have done to me that which ought not to be done.","ka dhèu aae paroa abraham. na karèi, aku nèngu na, ja'a tao sala ngaa mi èu, ka èu neo paj'èra ja'a dènge kabarai ja'a? èu ne ele-ho'a ka dènge tao madha j'ara sèmi ne'e ne.","Hèia Abimelek paroa Abraham, ka na karèi ne, aku nèngu na, ""Èu tao jiꞌi ngaa? Jaꞌa tao sala ngaa mi èu, sèna ka èu tao jꞌara bhelu-katubꞌa ae-ae mi jaꞌa dènge dhèu aaꞌi-aaꞌi ètu rai jaꞌa? Èu tao jꞌara bhelu-katubꞌa èèna mi jaꞌa, aa mi dhèu aaꞌi-aaꞌi ètu rai jaꞌa."
GEN 20:10,"abimelech said to abraham, what prompted you to do this thing?","ngangee èu tasamia ka, mu tao sèmi ne'e ne?","Hèia Abimelek karèi Abraham, aku nèngu na, ""Nga tao ka èu tao jꞌara ne?"
GEN 20:11,"abraham said, because i thought, 'surely there is no fear of god in this place, and they will kill me because of my wife. '","ka abraham dhaa, peka na, ama dhèu aae! ja'a pangee na, miu aa'i-aa'i mi, kabarai ne dhèu dhu tadhe boe ama lamatua. de ele boe cahag'e neo pamadhe ja'a, sèna ka parame rare dhèu èmu ja'a.","Èle èèna ka, Abraham dhaa, aku nèngu na, 'Bèli-camèdꞌa, dhèu aaꞌi-aaꞌi ètu rai neꞌe jꞌajꞌi boe dhèu aaꞌi-aaꞌi. De ra neo pamadhe jaꞌa, lula jaꞌa jꞌajꞌi dhèu èmu jaꞌa.'"
GEN 20:12,"besides, she is indeed my sister, the daughter of my father, but not the daughter of my mother; and she became my wife.","mema ja'a dhu peka tare'a, nèngu ne, ana hèni ja'a. lula ji'i dua mi ca ama, te ngaa ina baka-leo. nèti èèna ka, ji'i dua mi paleo.","Dènge jꞌara neꞌe, na, neꞌe ne aꞌari jaꞌa. Nèti èèna ka, nèngu jꞌajꞌi dhèu èmu jaꞌa. Nèti èèna ka, nèngu jꞌajꞌi dhèu èmu jaꞌa. Nèti èèna ka, nèngu jꞌajꞌi dhèu èmu jaꞌa."
GEN 20:13,"when god caused me to leave my father's house and travel from place to place, i said to her, 'you must show me this faithfulness as my wife: at every place where we go, say about me, he is my brother. '","ka ropa ama lamatua pua ji'i ho tèke eele era paleo-palu'u ji'i, lod'o èèna ja'a peka dènge dhèu èmu ja'a, aku ja'a na, ‘ladhe èdhi lati asa era leo, ho dhèu karèi èu, dhu èdhi se dhèu èmu-kamali, ladhe èu dhu sue ja'a, na dhaa la, peka na èdhi se, dua ti pa'a'ari. '","Èle èèna ka, Ama Lamatua peka dènge jaꞌa, aku nèngu na, 'Èu hudꞌi paꞌèki ku dènge jaꞌa, ho jꞌajꞌi dhèu èmu jaꞌa. Ladhe ètu mia-mia, èu hudꞌi peka dènge jaꞌa, na, èu ne, aꞌari jaꞌa.'"
GEN 20:14-16,"then abimelech took sheep and oxen, and male and female slaves, and gave them to abraham. then he returned sarah, abraham's wife, to him. abimelech said, look, my land is before you. settle wherever it pleases you. to sarah he said, look, i have given your brother a thousand pieces of silver. it is to cover any offense against you in the eyes of all that are with you, and before everyone, you are completely made right.","èle èèna ka, dhèu aae abimelek pangèd'u hari sara la'e asa abraham. ka na peka dènge sara, èèna na, ja'a hia ana mone mu doi iia ca riho, sèna ka j'aj'i tadha ja'a tao boe sala ngaa-ngaa mi èu. ho hud'i sène, dhèu aa'i-aa'i ra re'a! hèia dhèu aae peka dènge abraham, aku nèngu na, kabarai ja'a ne, dhu bhoke tèke hia èu. èu neo pea mi era mia èèna ka, ja'a hia èu. ka abimelek hia abraham sapi, kahib'i-ka'ia, dènge kahib'i-kalèbho. na hia kahèi ènu dhèu mone dènge dhèu bhèni.","Èle èèna ka, Abimelek kèpe kahibꞌi-kalèbho dènge kahibꞌi-kalèbho dènge kahibꞌi-kalèbho dènge kahibꞌi-kalèbho dènge kahibꞌi-kalèbho dènge kahibꞌi-kalèbho dènge kahibꞌi-kalèbho dènge kahibꞌi-kalèbho dènge kahibꞌi-kalèbho dènge kahibꞌi-kalèbho dènge kahibꞌi-kalèbho dènge kahibꞌi-kalèbho dènge kahibꞌi-kalèbho dènge kahibꞌi-kalèbho dènge kahibꞌi-kalèbho dènge kahibꞌi-kalèbho dènge kahibꞌi-kalèbho dènge kahibꞌi-kalèbho dènge kahibꞌi-kalèbho dènge kahibꞌi-kalèbho dènge kahibꞌi-kalèbho dènge kahibꞌi-kalèbho dènge kahibꞌi-kalèbho dènge kahibꞌi-kalèbho dènge kahibꞌi-kalèbho dènge kahibꞌi-kalèbho dènge kahibꞌi-kalèbho dènge kahibꞌi-kalèbho."
GEN 20:17-18,"then abraham prayed to god, and god healed abimelech, his wife, and his female slaves so that they were able to have children. for yahweh had caused all the women of the household of abimelech to be completely infertile, because of sarah, abraham's wife.","uru èèna, lula abimelek nare dhèu èmu abraham, ka lamatua hutu eele era ana nèti bhèni aa'i-aa'i dhu pea ètu kabarai dhèu aae èèna. te ngaa ropa abimelek hia sara lèpa hari sa dhèu èmu na, ka abraham sabaj'a ho lamatua bhoke hari era ana nèti bhèni se. ka ra abhu hari ana.","Hèia Abraham manèngi-mangajꞌi mi Ama Lamatua. Hèia Ama Lamatua puri-paꞌèle Abimelek, dènge dhèu bhèni na, dènge dhèu bhèni aaꞌi-aaꞌi ra, sèna ka ra abhu boe ana. Te Ama Lamatua paꞌele iie dhèu bhèni aaꞌi-aaꞌi ètu dꞌara èmu Abimelek, lula Sara, dhèu èmu Abraham."
GEN 21:1-7,"yahweh paid attention to sarah as he had said he would, and yahweh did for sarah just as he had promised. sarah conceived and bore a son to abraham in his old age, at the set time of which god had spoken to him. abraham named his son, the one who had been born to him, whom sarah bore to him, isaac. abraham circumcised his son isaac when he was eight days old, just as god had commanded him. abraham was one hundred years old when his son isaac was born to him. sarah said, god has made me laugh; every one who hears will laugh with me. she also said, who would have said to abraham that sarah would nurse children, and yet i have borne him a son in his old age!","èle èèna ka, lamatua hia sara mèngi-nale madhutu lii pajaji na. lod'o sara dènge babia, abraham dhu heka le. ropa sara nara iisi, umur abraham d'ai cangasu tèu kèna. lod'o sara d'ai hèru, ka nara iisi ana mone ca dhèu. ka abraham pangare ne, isak dhu sasoa na ‘na mari'. sara peka hèi, aku nèngu na, ama lamatua tao ja'a mari, lula ja'a karej'e. dhèu ae ka dhu pangee na, ja'a ètu d'ara heka sèmi ne'e ne, abhu heka ana. masi ka dhèu èmu ja'a heka bhoro le, te ja'a bisa kora iisi ana hia ne. èèna na, ladhe dhèu tadèngi j'ara ne'e, rèngu aa'i-aa'i ra mari kahèi dènge ja'a ne. ropa isak d'ai aru lod'o, abraham suna ne, madhutu paredha ama lamatua.","Èle èèna ka, Ama Lamatua nanene lii padhai Na, hèia Sara tao madhutu lii padhai Na. Sara dhaa, aku nèngu na, ""Ama Lamatua hia jaꞌa jꞌajꞌi dhèu ae-ae. Dhèu aaꞌi-aaꞌi dhu tadèngi lii padhai Na, rèngu aaꞌi-aaꞌi ra jꞌajꞌi dhèu aaꞌi-aaꞌi ra. Aa dhèu aaꞌi-aaꞌi ra jꞌajꞌi dhèu aaꞌi-aaꞌi ra jꞌajꞌi dhèu aaꞌi-aaꞌi ra. Aa dhèu aaꞌi-aaꞌi ra jꞌajꞌi dhèu aaꞌi-aaꞌi ra jꞌajꞌi dhèu aaꞌi-aaꞌi ra jꞌajꞌi dhèu aaꞌi-aaꞌi ra. Aa dhèu aaꞌi-aaꞌi ra jꞌajꞌi dhèu aaꞌi-aaꞌi ra jꞌajꞌi dhèu aaꞌi-aaꞌi ra jꞌajꞌi dhèu aaꞌi-aaꞌi ra. Aa dhèu aaꞌi-aaꞌi ra jꞌajꞌi dhèu aaꞌi-aaꞌi ra jꞌajꞌi dhèu aaꞌi-aaꞌi ra jꞌajꞌi dhèu aaꞌi-aaꞌi ra jꞌi dhèu aaꞌi-aaꞌi-aaꞌi ra."
GEN 21:8,"the child grew and was weaned, and abraham made a great feast on the day that isaac was weaned.","isak kapai ka noo-noo. ropa oe d'ai lod'o luri susu, abraham tao tatao aae.","Ropa ana ne jꞌajꞌi kapai, hèia Abraham tao hèbꞌa aaꞌi-aaꞌi ètu dꞌara jꞌara neꞌe. Nèti èèna ka, Abraham tao hèbꞌa aaꞌi-aaꞌi ètu dꞌara jꞌara neꞌe."
GEN 21:9-10,"sarah saw the son of hagar the egyptian, whom she had borne to abraham, mocking. so she said to abraham, drive out this slave woman and her son, for the son of this slave woman will not be heir with my son, with isaac.","ca tèke, sara ladhe nèdhi ismael, ana nèti dhèu èmu limuri abraham, padadisi dènge isak. ropa nèdhi sèmi èèna, sara peka dènge dhèu èmu na, bège eele ènu masir nèi dènge ana na! te, ja'a ko'o boe ana ènu èèna unu pusaka, masi ka ciki oo'e èèna ka. dhoka ana ja'a isak di, dhu abhu sèra aa'i-aa'i.","Èle èèna ka, Sara ladhe nèdhi ana hagar, dhèu Masir, dhu na nara iisi dènge Abraham. Hèia na peka dènge Abraham, aku nèngu na, ""Pasa eele bhèni ne dènge ana na, te ana bhèni ne, heka abhu boe pusaka sama-sama dènge ana jaꞌa, Isak."""
GEN 21:11,this thing was very grievous to abraham because of his son.,"ropa abraham tadèngi lii padhai sara ne, ka d'ara na ako be'a boe, lula ismael ne, ana d'èlu na kahèi.","Nèti èèna ka, bèli-camèdꞌa dhèu aaꞌi-aaꞌi jꞌajꞌi dhèu aaꞌi-aaꞌi mi Abraham, lula nèngu jꞌajꞌi dhèu aaꞌi-aaꞌi ètu rai-haha ne, lula nèngu dhèu aaꞌi-aaꞌi jꞌajꞌi dhèu aaꞌi-aaꞌi ètu rai-haha ne. Nèti èèna ka, bèli-camèdꞌa dhèu aaꞌi-aaꞌi jꞌajꞌi dhèu aaꞌi-aaꞌi ètu rai-haha ne, lula nèngu jꞌajꞌi dhèu aaꞌi-aaꞌi ètu rai-haha ne. Nèti èèna ka, dhèu aaꞌi-aaꞌi jꞌajꞌi dhèu aaꞌi-aaꞌi ètu rai-haha ne."
GEN 21:12,"but god said to abraham, do not be grieved because of the lad, and because of your servant woman. listen to her words in all she says to you about this matter, because it is through isaac that your descendants will be named.","te ngaa ama lamatua lii dènge abraham, peka na, abraham! èu baku ngee pa'ae dhèu èmu limuri èu, dènge ana na. madhutu la dad'èi sara ne, lula bèli-camèd'a, èu abhu ana-èpu dhu ja'a moa tèke èèna, nèti isak ne'e ka.","Èle èèna ka, Ama Lamatua peka dènge Abraham, aku Nèngu na, 'Sèmi neꞌe, ee! Jaꞌa manèngi sèna ka èu baku bhèlu dènge ana bhèni èu èèna. De èu hudꞌi nanene ku lii padhai na. Te ana-èpu èu, nuka Isak, dhu bèli-camèdꞌa jꞌajꞌi ana-èpu èu."
GEN 21:13,"i will also make the son of the servant woman into a nation, because he is your descendant.","te ngaa ja'a hia kahèi mèngi-nale mi ana nèti dhèu èmu limuri mu, lula nèngu ne, ana d'èlu èu kahèi. bèli-camèd'a, ana-èpu na j'aj'i suku èci kahèi.","Jaꞌa tao ana bhèni èu ne jꞌajꞌi dhèu unu Jaꞌa, lula nèngu jꞌajꞌi ana-èpu èu. Nèti èèna ka, jaꞌa tao ana-èpu èu jꞌajꞌi dhèu unu Jaꞌa, lula nèngu jꞌajꞌi ana-èpu èu."
GEN 21:14,"abraham rose up early in the morning, took bread and a skin of water, and gave it to hagar, putting it on her shoulder. he gave her the boy and sent her away. she departed and wandered in the wilderness of beersheba.","bèli mad'ae aae èèna, abraham tao gee j'ara hia hagar, aa na kadhoe èi d'ara babo'i cue mi kabela-kao na. hèia na patabuli ka bhèni ne dènge ana na ismael, ho lasi. ka ra kako palème d'ara mamoo dhu dètu dènge beer-syeba.","Èle èèna ka, bèli-bèli bèli èèna, Abraham kèdꞌi. Hèia na kèpe roti dènge bèla èi, ka na hia Hagar. Na hia ana ne asa hèbꞌa na. Hèia na pua ana ne lèpa. Èle èèna ka, Hagar lèpa hari asa dꞌara mamoo, ètu sebhe nèi."
GEN 21:15,"when the water in the waterskin was gone, she abandoned the child under one of the bushes.","ropa èle èi rinu ra, hagar tèke eele ana na ètu d'ara mamaho aj'u iiki ca kapua.","Èle èèna ka, bhèni ne tèke eele ana ne ètu dꞌara ajꞌu èci."
GEN 21:16,"then she went, and sat down a short distance from him, about the distance of a bowshot away, for she said, let me not look upon the death of the child. as she sat there across from him, she lifted up her voice and wept.","ka na pangee ètu d'ara na, d'ara ja'a la'e boe, ladhe ja'a kèdhi mamadhe ana ja'a. ka na madhèdi ako kaj'èu nèti ana na, pe d'ai lèmi nguru meter sa. ka na tangi dènge lii roma iisi.","Èle èèna ka, ana bhèni ne laꞌe madhèdi ètu era èèna. Ka na madhèdi ètu era èèna, ètu era èèna, ètu era èèna. Ètu era èèna, ana bhèni ne madhèdi ètu era èèna. Nèti èèna ka, na manèngi, aku nèngu na, ""Baku jaꞌa ladhe mèdhi ana ne madhe."" Hèia ana bhèni ne madhèdi ètu era èèna, hèia na tangi."
GEN 21:17,"god heard the voice of the lad, and the angel of god called to hagar out of heaven, and said to her, what troubles you, hagar? do not be afraid, for god has heard the voice of the lad where he is.","lula ama lamatua dhu tadèngi lii tangi ismael, ka ana pajuu na mai nèti sorga, ka paroa hagar, aku nèngu na, hagar! nga tao ka, èu j'èra ae sèmi ne'e ne? baku madha'u ia ka, te lamatua tadèngi le lii tangi ana èu.","Hèia Ama Lamatua tadèngi lii ana neꞌe. Hèia ana pajuu Ama Lamatua nèti sorga paroa Hagar, ka na karèi ne, aku nèngu na, ""Hagar! Baku madhaꞌu, te Ama Lamatua tadèngi lii ana ne ètu era èèna."""
GEN 21:18,"get up, raise up the lad, and encourage him; for i will make him into a great nation.","de kèd'i lamu more ana nèi. pa'èra d'ara na, te bèli-camèd'a ja'a paj'aj'i ana-èpu na, suku èci dhu kapai.","Kèdꞌi ka! Èu hudꞌi pakako ana ne, sèna ka paꞌèra dꞌara na, te Jaꞌa tao nèngu jꞌajꞌi dhèu aaꞌi-aaꞌi, jꞌajꞌi le dhèu unu Jaꞌa."""
GEN 21:19,"then god opened her eyes, and she saw a well of water. she went and filled the skin with water, and gave the lad a drink.","ka ama lamatua pasaraa musi madha na. cag'ag'a laa nèdhi dènge, èi ca madha ètu era èèna. hèia la'e soli èi asa d'ara babo'i, ka na panginu ana na ismael.","Èle èèna ka, Ama Lamatua bhoke eele madha ana bhèni ne. Hèia na ladhe nèdhi èi èi èi. Hèia na laꞌe kèpe èi èi, ho naꞌa ana ne."
GEN 21:20-21,"god was with the lad, and he grew. he lived in the wilderness and became an archer. he lived in the wilderness of paran, and his mother got a wife for him from the land of egypt.","ka ismael dènge ina na hagar pea dènge ka ètu d'ara mamoo paran. ismael asa na kapai, aa ne'a mèu kataki. ka ina na paleo ne dènge ana bhèni masir ca dhèu. se'e se j'aj'i, lula ama lamatua bera-bera dènge ismael.","Èle èèna ka, Ama Lamatua paꞌèki dènge ana ne. Ropa ana ne madhe, hèia na pea ètu dꞌara mamoo ètu dꞌara mamoo Paran. Ètu dꞌara mamoo Paran, ina na nara iisi ana ne nèti rai Masir."
GEN 21:22,"it came about at that time that abimelech and phicol the captain of his army spoke to abraham, saying, god is with you in all that you do.","lod'o èèna, dhèu aae abimelek dènge kètu kapai sordad'u na, fikol, mai pangad'o dènge abraham. hèia dhèu aae padhai lii, ka na peka, abraham! ji'i se nge'a ama lamatua bera-bera dènge èu. nèti èèna ka, sad'i èu ad'u ngaa sa èci, j'aj'i dènge be'a.","Lodꞌo èèna, Abimelek dènge Phicol, komedhaa sordadꞌu na, peka dènge Abraham, aku rèngu na, ""Ama Lamatua ètu madha èu ètu aaꞌi-aaꞌi dhu èu adꞌu-ue."
GEN 21:23,"now therefore swear to me here by god that you will not deal falsely with me, nor with my offspring, nor with my descendants. show to me and to the land in which you have been staying the same covenant faithfulness that i have shown to you.","de ja'a manèngi, sèna ka èu subha ètu katanga madha ama lamatua, dhu peka na, èu bisa boe kapod'e-kabèli ja'a, dènge ana-èpu ja'a aa'i-aa'i ra. sèmi dhu ja'a tao le be'a mi èu, na, èu hud'i tao be'a kahèi mi ja'a dènge kabarai ja'a.","De jaꞌa manèngi sèna ka èu jꞌajꞌi mi dhèu aaꞌi-aaꞌi ètu neꞌe, ho jꞌajꞌi mi dhèu aaꞌi-aaꞌi, ho jꞌajꞌi mi dhèu aaꞌi-aaꞌi dhu jꞌajꞌi mi dhèu aaꞌi-aaꞌi. De èu hudꞌi jꞌajꞌi mi dhèu aaꞌi-aaꞌi dhu jaꞌa peka le dènge èu, ho jꞌajꞌi mi dhèu aaꞌi-aaꞌi ètu rai-haha ne. De èu hudꞌi jꞌajꞌi mi jaꞌa dènge rai-haha ne, sama sèmi dhu jaꞌa peka le dènge èu."""
GEN 21:24,"abraham said, i swear.","ka aku abraham na, ooo! ja'a subha.","Hèia Abraham dhaa, aku nèngu na, ""Sèmi neꞌe!"
GEN 21:25,abraham also complained to abimelech concerning a well of water that abimelech's servants had seized from him.,"te ngaa èle èèna ka, abraham lapor dènge dhèu aae, aku nèngu na, dhèu-dhèu ama dhèu aae parame rare èi ja'a ca madha.","Èle èèna ka, Abraham padhai lii dènge Abimelek, lula ètu èèna, abhu èi èi dhu dhèu-dhèu sabꞌa abhu."
GEN 21:26,"abimelech said, i do not know who has done this thing. you did not tell me before now; i have not heard of it until today.","tadèngi sèmi èèna, hèia na peka, waa! ja'a heka tadèngi kèna j'ara ne'e ne. tasamia ka karèi nèti ca hari ni, èu peka boe dènge ja'a? ja'a dhae ke'a mèka, ne'e ne tatao cee ka ne.","Te ngaa Abimelek dhaa, aku nèngu na, ""Jaꞌa keꞌa boe, cee ka dhu tao jꞌajꞌèra ne. Te ngaa èu peka boe dènge jaꞌa, te jaꞌa tadèngi heka jꞌajꞌèra ne, toke dꞌai sange neꞌe."""
GEN 21:27-28,"so abraham took sheep and oxen and gave them to abimelech, and the two men made a covenant. then abraham set seven female lambs of the flock by themselves.","èle èèna ka, abraham dènge abimelek pa'èki lii pajaji. ka abraham hia abimelek sapi dènge kahib'i-kalèbho. èle èèna ka, abraham hag'e nare hari kahib'i-kalèbho èni pidhu ngi'u.","Èle èèna ka, Abraham kèpe kahibꞌi-kalèbho dènge kahibꞌi-kalèbho na, ho na hia Abimelek. Ka dua ra paꞌèki lii pajaji. Hèia Abraham hia ana kahibꞌi-kalèbho kahibꞌi-kalèbho bhèni pidhu."
GEN 21:29,"abimelech said to abraham, what is the meaning of these seven female lambs that you have set by themselves?","hèia dhèu aae karèi ne, peka na, nga tao ka èu tao sèmi èèna?","Hèia Abimelek karèi Abraham, aku nèngu na, ""Tasamia ka ana kahibꞌi-kalèbho pidhu dhu èu pajꞌujꞌu sèra?"
GEN 21:30,"he replied, these seven female lambs you will receive from my hand, so that it may be a witness for me, that i dug this well.","ka abraham peka, aku nèngu na, ama dhèu aae. sèmi la kalèbho èni pidhu ngi'u se, sèna ka j'aj'i tadha dhu ama peka le na, ja'a ka dhu kèi èi na.","Hèia dhèu ne dhaa, aku nèngu na, ""Sèmi neꞌe! Jaꞌa neo hia èu ana kahibꞌi-kalèbho seꞌe ka pidhu, sèna ka jꞌajꞌi sakasii mi jaꞌa, na, jaꞌa ka dhu kèpe dꞌara jꞌara neꞌe."""
GEN 21:31,"so he called that place beersheba, because there they both swore an oath.","lula dua ra dhu pa'èki le soo-subha ètu èèna, ka era na ra pangare na beer-syeba dhu sasoa na, ‘madha èi soo-subha'.","Nèti èèna ka, Musa pangare era èèna, 'Beersheba', lula dua ra subha ètu èèna."
GEN 21:32,"they made a covenant at beersheba, and then abimelech and phicol, the captain of his army, returned to the land of the philistines.","ropa pasubha èle, ka dhèu aae dènge kètu kapai sordad'u na lèpa ka, asa era rèngu, rai dhèu pilistin.","Èle èèna ka, dua ra paꞌèki lii pajaji èci ètu Beer-sheba. Èle èèna ka, Abimelek dènge Pikol, komedhaa sordadꞌu na, lèpa hari asa rai dhèu Filisti."
GEN 21:33,"abraham planted a tamarisk tree in beersheba. there he worshiped yahweh, the eternal god.","èle èèna ka, abraham sèle aj'u tamareska ca kapua ètu beer syeba. karèi nèti lod'o èèna, aj'u ne pasanèd'e abraham, lula ètu era èèna ka, nèngu mangaj'i lamatua dhu mamuri toke d'ai mia-mia.","Èle èèna ka, Abraham pajꞌajꞌi ajꞌu tamarisk ètu Beer-Sheba. Ètu èèna, na pahaha iisi mi Lamatua, Lamatua dhu mamuri toke dꞌai mia-mia."
GEN 21:34,abraham remained as a foreigner in the land of the philistines many days.,ka abraham pea dènge ka ètu talora dhèu pilistin sèmi dhèu tao mai.,"Èle èèna ka, Abraham pea pèri-pèri lodꞌo ètu rai dhèu Parisi."
GEN 22:1,"it came about after these things that god tested abraham. he said to him, abraham! abraham said, here i am.","nèbhu boe, hèia lamatua sèku neo ne'a d'ara abraham. neo ne'a abraham madhutu lamatua, do aad'o. ka lamatua paroa ne, aku nèngu na, abraham! hèia na dhaa, peka na, ooo, lamatua.","Èle èèna ka, Ama Lamatua neo parisa Abraham. Hèia Abraham dhaa, aku nèngu na, ""Abraham!"" Hèia Abraham dhaa, aku nèngu na, ""Jaꞌa ne."""
GEN 22:2,"then god said, take your son, your only son, whom you love, isaac, and go to the land of moriah. offer him there as a burnt offering upon one of the mountains there, which i will tell you about.","ka ama lamatua peka dènge ne, mu nanene paie-iie! more ana pasue èu mone mesa na. mèti ne asa rai moria, ho tao ne j'aj'i korban tunu hia ja'a. pe d'ai nèi, ja'a heka paj'uj'u era dhu ètu ledhe èci.","Èle èèna ka, Ama Lamatua peka dènge ne, aku Nèngu na, ""Sèmi neꞌe: èu hudꞌi kèpe ku ana èu, ana uuru èu, Isak. Èu hudꞌi laꞌe laꞌe asa rai Moria. Ètu era èèna, èu hudꞌi pamadhe ne asa ledhe èci, dhu Jaꞌa peka dènge èu."""
GEN 22:3,"so abraham rose early in the morning, saddled his donkey, and took two of his young men with him, along with isaac his son. he cut the wood for the burnt offering, then set out on his journey to the place that god had told him about.","d'ai bèli mad'ae aae na, abraham sèg'i aj'u sèna ka tao kadhèna. na èki, ka na hue asa dedha keled'ei. ka dua ra dènge isak, aa dènge dhèu sab'a na dhèu dua, pakèd'i asa era dhu lamatua peka dènge ne.","Èle èèna ka, bèli-bèli èèna, Abraham kèdꞌi titu kèna. Na dedꞌe ana mone na, Isak, dènge ana na dhèu dua. Èle èèna ka, Abraham pamadhe ajꞌu, sèna ka tao korban kahèi. Èle èèna ka, Abraham kèdꞌi laꞌe asa era dhu Ama Lamatua peka dènge ne."
GEN 22:4,on the third day abraham looked up and saw the place afar off.,"ra kako taruu, ka d'ai camèd'a èèna, abraham nèdhi le era èèna nèti kaj'èu.","Èle èèna ka, dꞌai tèlu lodꞌo, Abraham ladhe-leru, ka ladhe nèdhi era èèna nèti cabèka."
GEN 22:5,"abraham said to his young men, stay here with the donkey, and i and the lad will go over there. we will worship and come again to you.","hèia na peka dènge dhèu dua sèra, aku nèngu na, dua mi mate taha mi ne'e dènge keled'ei ne. ja'a dènge ana ja'a la'a asa dedha nèi, ho mangaj'i ama lamatua. ladhe èle na, ji'i lèpa hari mai.","Hèia Abraham peka dènge ana madhutu na sèra, aku nèngu na, ""Miu madhèdi ku ètu neꞌe dènge badha ne. Jaꞌa dènge ana ne lèpa asa neꞌe, ho jiꞌi pahaha iisi mi Ama Lamatua. Èle èèna ka, jiꞌi lèpa hari asa miu."""
GEN 22:6,then abraham took the wood for the burnt offering and put it on isaac his son. he took in his own hand the fire and the knife; and they went both of them together.,"ka abraham nare kadhèna dhu neo tunu korban, ka na tao mi kabela-kao isak. aa nèngu nèd'u tud'i, dènge suu ai. ropa dua ra palere lasi,","Èle èèna ka, Abraham kèpe ajꞌu sèna ka tao korban dhu labꞌa ètu dꞌara oka. Hèia na dedꞌe ajꞌu sèra mi ana na, Isak. Èle èèna ka, Abraham kèpe ajꞌu sèra dènge kacui-aai ètu kacui-aai na. Èle èèna ka, dua ra lèpa dènge èci."
GEN 22:7,"isaac spoke to abraham his father and said, my father, and he said, here i am, my son. he said, see, here is the fire and the wood, but where is the lamb for the burnt offering?","hèia isak paroa ama na, aku nèngu na, ama! ka abraham dhaa, aku nèngu na, nga tao, ana? hèia isak karèi, aku nèngu na, èdhi neo lati tunu korban. de ai dènge kadhèna ka se'e le. te ngaa ana kahib'i-kalèbho dhu èdhi pake j'aj'i korban, ka mia?","Èle èèna ka, Isak karèi Abraham, ama na, aku nèngu na, ""Ama!"" Hèia Abraham dhaa, aku nèngu na, ""Ama! Jaꞌa ne ètu neꞌe."" Hèia Isak karèi Abraham, aku nèngu na, ""Ladhe neꞌe ne, ètu neꞌe abhu ai dènge ajꞌu. Te ngaa ana kahibꞌi-kalèbho sèra ètu mia?"""
GEN 22:8,"abraham said, god himself will provide the lamb for the burnt offering, my son. so they went on, both of them together.","te ngaa, aku abraham na, pe ama lamatua unu na ka dhu hia ana kalèbho, sèna ka j'aj'i mi korban. ka dua ra ca'e lasi taruu.","Hèia Abraham dhaa, aku nèngu na, ""Ama Lamatua ka dhu hia ana kahibꞌi-kalèbho sèra, sèna ka jꞌajꞌi korban."" Hèia dua ra lèpa hari."
GEN 22:9,"when they came to the place that god had told him about, abraham built an altar there and laid the wood on it. then he bound isaac his son, and laid him on the altar, on top of the wood.","ropa dua ra d'ai era dhu lamatua peka èèna, ka abraham pudhi hadhu ho tao mei korban. hèia na paloko kadhèna ètu dedha mei korban ne. ka kèpe ana na isak, èki patarenga ne ètu dedha kadhèna.","Ropa rèngu dꞌai era dhu Ama Lamatua peka dènge ne, hèia Abraham patitu ajꞌu korban ètu èèna. Hèia na tao ajꞌu ètu èèna. Èle èèna ka, na dedꞌe ana na, Isak, ètu dedha ajꞌu ètu èèna. Èle èèna ka, hèia na dedꞌe ana na ètu dedha ajꞌu èèna."
GEN 22:10,abraham reached out with his hand and took up the knife to kill his son.,"ka nare tud'i, ho neo kèj'i pamadhe ana na.","Èle èèna ka, Abraham hèbꞌa dènge kacui-aai na, ho neo pamadhe ana na."
GEN 22:11,"then the angel of yahweh called to him from heaven and said, abraham, abraham! and he said, here i am.","cag'ag'a laa, ana pajuu lamatua lii nèti dedha-liru, peka na, abraham! mata ku! ka abraham dhaa, aku nèngu na, nga tao, lamatua?","Èle èèna ka, ana pajuu Lamatua èci nèti sorga paroa ne, aku nèngu na, ""Abraham! Abraham!"" Hèia na dhaa, aku nèngu na, ""Jaꞌa ne!"""
