src_text,tgt_text,pred_tgt_text,post_edited_tgt_txt,translated_tgt_txt,src_lang,tgt_lang,src_lang_name,tgt_lang_name,spbleu_improvement,chrf3_improvement,chrfpp_improvement
in the beginning god made of nought heaven and earth. in the beginning god made out of nothing the heavens and the earth.,"uru-uru tèka, ama lamatua paj'aj'i dedha-liru dènge rai-haha.","Uru-uru sèra, Ama Lamatua pajꞌajꞌi dedha-liru dènge rai-haha.","Uru-uru sèra, Ama Lamatua pajꞌajꞌi dedha-liru dènge rai-haha dènge aad'o.",,eng,nfa,English,Dhao,-10.4943,-2.2477,-4.321
"forsooth the earth was idle and void, and darknesses were on the face of the depth; and the spirit of the lord was borne on the waters or and the spirit of god was borne upon the waters.","lod'o rai-haha j'aj'i mèka, aa'i-aa'i dhae mèci mèka. dhu abhu, èi. aa maroga aatu-aatu saguru nare ne. ka roh lamatua lela ètu dedha èi èèna.","Te ngaa aaꞌi-aaꞌi ètu rai-haha ne jꞌajꞌi mèu-mèu, aa jꞌajꞌi mèu-mèu. Ètu rai-haha ne jꞌajꞌi mèu-mèu. Roh Lamatua ètu dꞌara èi, aa Roh Lamatua ètu dꞌara èi, jꞌajꞌi mèu-mèu.","Te ngaa rai-haha ne aa'i-aa'i aa mèu-mèu, aa maroga ètu rohu marèma. Aa Roh Lamatua mora iisi ètu d'ara èi, do aa Roh Lamatua mora iisi ètu d'ara èi.",,eng,nfa,English,Dhao,13.2039,7.1324,6.9671
"and god said, light be made, and the light was made.","hèia ama lamatua peka, hud'i ku dènge saraa. ropa peka nare sèmi ne'e, ka saraa j'aj'i dènge ka.","Èle èèna ka, Ama Lamatua peka dènge dhèu aaꞌi-aaꞌi sèra, aku Nèngu na, ""Hudꞌi laa!"" Èle èèna ka, dhèu aaꞌi-aaꞌi jꞌajꞌi dhèu aaꞌi-aaꞌi.","Èle èèna ka, Ama Lamatua peka, ""Hudꞌi laa!"" Èle èèna ka, laa j'aj'i.",,eng,nfa,English,Dhao,10.5258,0.1025,2.4644
"and god saw the light, that it was good, and he parted the light from the darknesses;","ropa nèdhi saraa ne, d'ara na karej'e, lula ngaa dhu na ad'u, mema be'a. hèia na hag'e eele saraa nèti maroga, sèna ka èci-èci ka dènge taa na.","Èle èèna ka, Ama Lamatua ladhe mèdhi, na, saraa ne beꞌa. Hèia Ama Lamatua padꞌelo jꞌara èci dènge saraa.","Hèia Ama Lamatua ladhe saraa, na, saraa ne beꞌa. Hèia Ama Lamatua padꞌelo saraa ngèti maroga.",,eng,nfa,English,Dhao,0.2862,-0.5148,-0.9271
"and he called the light, day, and the darknesses, night. and the eventide and the morrowtide was made, one day or the first day.","ka pangare saraa ne ‘mèu', aa maroga na ‘mèda'. ne'e ne, lod'o ka èci kèna.","Èle èèna ka, Ama Lamatua hagꞌe nare aaꞌi mèu-mèu. Nèti èèna ka, Ama Lamatua hagꞌe nare aaꞌi mèu-mèu. Nèti èèna ka, Ama Lamatua hagꞌe nare aaꞌi mèu-mèu. Nèti èèna ka, Ama Lamatua hagꞌe nare aaꞌi mèu-mèu. Nèti èèna ka, Ama Lamatua hagꞌe nare aaꞌi mèu-mèu. Nèti èèna ka, Ama Lamatua hagꞌe nare aaꞌi mèu-mèu. Nèti èèna ka, Ama Lamatua hagꞌe nare aaꞌi mèu-mèu. Nèti èèna ka, Ama Lamatua hagꞌe nare aaꞌi mèu-mèu.","Aa èle hag'e nare samaa, lod'o, aa maroga, mèda. Aa mèda aa mèu, nèti èèna ka, lod'o ca'a, sèmi lod'o ka-èci.",,eng,nfa,English,Dhao,10.898,24.5445,23.8332
"and god said, the firmament be made in the midst of the waters, and part the waters from the waters. and god made the firmament, and parted the waters that were under the firmament, from the waters that were on the firmament or from these that were above the firmament; and it was done so.","hèia ama lamatua lii hari, na peka, hud'i dènge ku era talele, sèna ka hag'e eele èi. nèti èèna ka, èi re dedha, aa abhu kahèi èi re haha. ropa peka nare sèmi èèna, hèia èi b'agi dènge mi dua.","Èle èèna ka, Ama Lamatua peka, aku Nèngu na, ""Sèmi neꞌe! Ladhe ètu dedha-liru, èèna jꞌajꞌi èci dènge èci."" Hèia Ama Lamatua pajꞌajꞌi èci dènge èci, sèna ka jꞌajꞌi èci dènge èci. Hèia jꞌajꞌi sèmi èèna kahèi.","Hèia Ama Lamatua peka, aku Nèngu na, 'Ladhe dedha-liru jꞌajꞌi ètu tanga oe, hèia pakula oe ngèti oe.' Hèia Ama Lamatua pajꞌajꞌi dedha-liru, hèia pakula oe ètu d'ai dedha-liru ngèti oe ètu dedha dedha-liru. Hèia jꞌajꞌi sèmi èèna.",,eng,nfa,English,Dhao,-5.4236,-4.4845,-5.6259
"and god called the firmament, the heavens. and the eventide and the morrowtide was made, the second day.","ka na pangare èi re dedha na, ‘liru'. ne'e ne, lod'o ka dua kèna.","Èle èèna ka, Ama Lamatua pajꞌujꞌu aaꞌi-aaꞌi ètu dedha-liru. Ka Na pajꞌujꞌu aaꞌi-aaꞌi ètu dedha-liru, aa jꞌajꞌi aaꞌi-aaꞌi ètu dedha-liru. Èle èèna ka, Ama Lamatua pajꞌujꞌu aaꞌi-aaꞌi ètu dedha-liru. Èle èèna ka, Lamatua pajꞌajꞌi aaꞌi-aaꞌi ètu dedha-liru.","Aa Ama Lamatua pajꞌujꞌu dedha-liru, 'dedha-liru'. Aa jꞌajꞌi lod'o aa mèu, lod'o karua.",,eng,nfa,English,Dhao,8.674,11.7798,11.5971
"forsooth god said, the waters, that be under the heavens, be gathered into one place, and a dry place appear; and it was done so.","hèia ama lamatua peka hari, aku nèngu na, èi re haha hud'i pakaboko ku mi ca era, sèna ka abhu rai kamango. ropa padhai lii nare sèmi ne'e, j'aj'i dènge ka rai mango.","Èle èèna ka, Ama Lamatua peka, aku Nèngu na, ""Sèmi neꞌe, sèna ka èi dhu ètu dedha-liru jꞌajꞌi ètu dꞌara èci, aa jꞌajꞌi ètu dꞌara èci."" Hèia jꞌajꞌi sèmi èèna.","Èle èèna ka, Ama Lamatua peka, ""Sèna ka èi dhu ètu dedha-liru kaboko ètu era èci, aa era mango bhodho."" Hèia jꞌajꞌi sèmi èèna.",,eng,nfa,English,Dhao,-4.1791,-0.7845,-2.018
"and god called the dry place, the earth; and he called the gatherings together of waters, the seas. and god saw that it was good;","ka era rai mango, na pangare na ‘rai-dedha'; aa era èi dhu kaboko èèna, na pangare na ‘dhasi'. ropa nèdhi aa'i-aa'i ne, d'ara na karej'e, lula ngaa dhu na ad'u, mema be'a.","Èle èèna ka, Ama Lamatua pangee, na, ""Dhèu aae ne, rai-haha."" Èle èèna ka, Ama Lamatua pangee, na, ""Dhèu aae ne, dhasi.""","aa Ama Lamatua pangee era mango, na, 'Rai-haha'; aa Ama Lamatua pangee era oe teme-teme, na, 'Dhasi'. aa Ama Lamatua mèdha na, èèna mèu.",,eng,nfa,English,Dhao,1.1656,5.3538,6.2555
"and said, the earth bring forth green herb, and making seed, and an apple tree making fruit by his kind, whose seed be in itself, on the earth; and it was done so. and said, let the earth bring forth green herbs, which make seed after their kind, and trees making fruit after their kind, whose seed be in them, all over the earth; and it was done so.","ka ama lamatua lii hari, peka na, rai hud'i pamamuri ku rupa-rupa ana aaj'u. sèna ka abhu aj'u dhu hua, dhu dènge lamusi, aa dhu dènge rèu mangèru. sèna ka aj'u-aj'u se, hua-hela madhutu rupa rèngu. ropa padhai lii nare sèmi ne'e, j'aj'i dènge ka ana aaj'u aa'i-aa'i ra.","Èle èèna ka, Ama Lamatua peka kahèi, aku Nèngu na, ""Dhèu aaꞌi-aaꞌi ètu rai-haha ne, hia hua-hela. Aa aaꞌi-aaꞌi ètu rai-haha ne, hia hua-hela. Aa aaꞌi-aaꞌi ètu rai-haha ne, hia hua-hela. Aa aaꞌi-aaꞌi ètu rai-haha ne, hia hua-hela."" Hèia Ama Lamatua tao sèmi èèna kahèi.","Ama Lamatua peka, ""Hudi rai-haha ne hia hela mangèru, aa tao hini, aa aj'u tao hua tare nèngu rupa, hini nèngu ètu nèngu, ètu rai-haha ne."" Hèia tao sèmi èèna kahèi. Aa Nèngu peka kahèi, ""Hudi rai-haha ne hia hela mangèru, rèngu tao hini tare rèngu rupa, aa aj'u tao hua tare rèngu rupa, hini rèngu ètu rèngu, aa'i ètu rai-haha ne."" Hèia tao sèmi èèna kahèi.",,eng,nfa,English,Dhao,0.8671,7.6729,5.0214
"and the earth brought forth green herb and making seed by his kind, and a tree making fruit, and each having seed by his kind. and god saw that it was good. and the earth brought forth green herbs, which make seed after their kind, and trees making fruit, and each having seed after its kind. and god saw that it was good.","ètu dedha-rai, ana aaj'u se hua-hela ka madhutu rupa rèngu. ropa nèdhi aa'i-aa'i se, d'ara na karej'e, lula ngaa dhu na ad'u, mema be'a.","Ropa tadèngi lii padhai Ama Lamatua sèmi èèna, Lamatua ladhe nèdhi, na, aaꞌi-aaꞌi ètu rai-haha ne beꞌa. Nèngu ladhe nèdhi, na, aaꞌi-aaꞌi ètu rai-haha ne beꞌa.","Aa rai-haha tao tumbuan mangèru aa tao hini sèmi nèngu jèra, aa aj'u tao hua, aa èci-èci nèdhi hini sèmi nèngu jèra. Aa Lamatua ladhe nèdhi, na, ne beꞌa.",,eng,nfa,English,Dhao,-1.077,-0.4045,-1.044
"and the eventide and the morrowtide was made, the third day.","ne'e ne, lod'o ka tèlu kèna.","Nèti èèna ka, bèli-camèdꞌa dꞌai tèlu lodꞌo.","Nèti èèna ka, bèli-camèdꞌa ka-tèlu lod'o.",,eng,nfa,English,Dhao,3.4418,6.7674,5.0855
"forsooth god said, lights be made in the firmament of the heavens, and part they the day and the night; and be they into signs, and times, and days, and years; and shine those in the firmament of the heavens, and lighten they the earth; and it was done so.","hèia ama lamatua lii hari, aku nèngu na, re bèka dedha, hud'i abhu ku mèdha dhu saraa, ho pasaraa rai-haha ne. hud'i abhu mèdha dhu pasaraa re mèu, aa abhu kahèi dhu pasaraa re mèda. rèngu aa'i-aa'i se, j'aj'i tadha, ho sèna ka bisa ige lod'o, hèru, dènge tèu. ropa padhai lii nare sèmi ne'e, mèdha dhu heo aa'i-aa'i ra j'aj'i dènge ka.","Èle èèna ka, Ama Lamatua peka hari, aku Nèngu na, ""Sèmi neꞌe: Ama Lamatua peka na, 'Sèmi neꞌe! Jaꞌa neo hia mèdha-panyau ètu dedha-liru, sèna ka paꞌèci lodꞌo dènge lodꞌo. Jaꞌa neo hia mèdha-panyau dènge lodꞌo. Jaꞌa neo hia mèdha-panyau ètu dedha-liru, sèna ka paꞌèci dènge lodꞌo-lodꞌo. Jaꞌa neo hia mèdha-panyau ètu rai-haha ne.' Hèia jꞌajꞌi sèmi èèna.","Èle èèna ka, Ama Lamatua peka na, ""Mèdha-panyau jꞌajꞌi ètu dedha-liru, aa paꞌèci lodꞌo dènge mèda; aa jꞌajꞌi sèmi dhana, aa lodꞌo, aa lodꞌo, aa tèu; aa sèra saraa ètu dedha-liru, aa sèra saraa rai-haha."" Hèia jꞌajꞌi sèmi èèna.",,eng,nfa,English,Dhao,-2.3961,-5.0387,-3.8467
"and god made two great lights, the greater light that it should be before to the day, and the lesser light that it should be before to the night; and god made the stars;","ka na tao ka mèdha kapai dua dhu pasaraa rai-haha. dhu kapai risi, pasaraa re mèu; aa dhu ako ana iiki, pasaraa re mèda. aa na tao hua-hètu kahèi.","Èle èèna ka, Ama Lamatua pajꞌajꞌi saraa dhu kapai, sèna ka jꞌajꞌi saraa dhu kapai, toke dꞌai mèda. Aa Ama Lamatua pajꞌajꞌi saraa dhu kapai, toke dꞌai mèda. Aa Ama Lamatua pajꞌajꞌi saraa dhu kapai, toke dꞌai mèda. Èle èèna ka, Ama Lamatua pajꞌajꞌi saraa dhu kapai, sèna ka jꞌajꞌi saraa dhu kapai. Aa Ama Lamatua pajꞌajꞌi saraa dhu kapai, toke dꞌai mèda. Aa Ama Lamatua pajꞌajꞌi saraa dhu kapai, sèna ka jꞌajꞌi saraa dhu kapai, toke dꞌai mèda.","Èle èèna ka, Ama Lamatua pajꞌajꞌi saraa dhu dua kapai, saraa dhu kapai èèna sèna ka jꞌajꞌi lod'o, aa saraa dhu kura èèna sèna ka jꞌajꞌi mèda; aa Ama Lamatua pajꞌajꞌi hua hètu.",,eng,nfa,English,Dhao,2.0225,3.5818,7.389
"and setted them in the firmament of the heavens, so that they should shine on the earth,","na tèke mèdha dhu saraa sèra ètu dedha-liru, sèna ka loti mai asa rai-haha.","Ama Lamatua pajꞌujꞌu aaꞌi-aaꞌi ra ètu dedha-liru, sèna ka ra jꞌajꞌi saraa ètu rai-haha.","Ama Lamatua pajꞌujꞌu aaꞌi-aaꞌi ra ètu dedha-liru, sèna ka ra jꞌajꞌi saraa ètu rai-haha.",,eng,nfa,English,Dhao,0.0,0.0,0.0
"and that they should be before to the day and beforeto the night, and should part the light and the darkness. and god saw that it was good.","ka mèdha se, pasaraa ka re mèu, aa pasaraa re mèda. dènge j'ara ne'e, na hag'e eele saraa nèti maroga. ropa nèdhi aa'i-aa'i se, d'ara na karej'e, lula ngaa dhu na ad'u, mema be'a.","Èle èèna ka, Ama Lamatua pajꞌujꞌu aaꞌi mèdha-panyau sèra. Èle èèna ka, Ama Lamatua pajꞌujꞌu aaꞌi mèdha-panyau sèra. Èle èèna ka, Ama Lamatua ladhe-leru aaꞌi mèdha-panyau sèra. Èle èèna ka, Ama Lamatua pajꞌujꞌu aaꞌi mèdha-panyau sèra. Èle èèna ka, Ama Lamatua pajꞌujꞌu aaꞌi mèdha-panyau sèra. Èle èèna ka, Ama Lamatua pajꞌujꞌu aaꞌi mèdha-panyau sèra.","aa nèngu paredha lod'o aa paredha mèda, aa pakula samaa aa maroga. aa Ama Lamatua ladhe nèngu lèke.",,eng,nfa,English,Dhao,1.2069,-0.2229,1.4356
"and the eventide and the morrowtide was made, the fourth day.","ne'e ne, lod'o ka èpa kèna.","bèli-camèdꞌa, bèli-camèdꞌa, bèli-camèdꞌa, bèli-camèdꞌa, bèli-camèdꞌa, tèlu lodꞌo.","aa bèli-camèdꞌa, èpa lod'o.",,eng,nfa,English,Dhao,12.2562,11.7866,13.4136
"also god said or and god said, the waters bring forth a reptile, either a creeping beast, of living soul, and a volatile, either a bird flying above the earth, under the firmament of the heavens.","hèia ama lamatua padhai lii hari, peka na, hud'i abhu ku ae-ae dhu mamuri ètu d'ara èi. dènge hud'i abhu ku rupa-rupa manu-bhui dhu lela ètu dedha rai-haha ne.","Èle èèna ka, Ama Lamatua peka dènge dhèu aaꞌi-aaꞌi, aku Nèngu na, ""Bèli-camèdꞌa ètu dꞌara èi èèna, abhu rupa-rupa badha, badha, manu-bhui, dènge manu-bhui dhu pakèdꞌi ètu dedha-liru.""","Aa Ama Lamatua peka, ""Bèli-camèdꞌa ètu dꞌara èi èèna, abhu badha dhu loro dènge manadu, aa manu-bhui dhu pakèdꞌi ètu dedha-liru.""",,eng,nfa,English,Dhao,3.4558,-5.4661,-3.5343
"and god made of nought great whales, and each living soul and movable, which the waters have brought forth in their kinds; and god made of nought each volatile by his kind. and god saw that it was good; and god made out of nothing great whales, and each living soul that moveth, which the waters brought forth after their kind; and god made out of nothing each bird after its kind. and god saw that it was good;","ka na tao ka i'a aa'i-aa'i dènge badha kapai dhu mamuri ètu d'ara èi. na paj'aj'i kahèi manu-bhui aa'i-aa'i. ropa nèdhi aa'i-aa'i se, d'ara na karej'e, lula ngaa dhu na ad'u, mema be'a.","Èle èèna ka, Ama Lamatua pajꞌujꞌu dhèu aae-dhèu aae-dhèu aae-dhèu aae-dhèu aae-dhèu aae-dhèu aae-dhèu aae-dhèu aae-dhèu aae-dhèu aae-dhèu. Èle èèna ka, Ama Lamatua pajꞌujꞌu dhèu aae-dhèu aae-dhèu aae-dhèu aae-dhèu aae-dhèu aae-dhèu aae-dhèu aae-dhèu aae-dhèu. Èle èèna ka, Ama Lamatua pajꞌujꞌu dhèu aae-dhèu aae-dhèu aae-dhèu aae-dhèu aae-dhèu aae-dhèu aae-dhèu aae-dhèu aae-dhèu aae-dhèu aae-dhèu aae-dhèu aae-dhèu aae. Èle èèna ka, Ama Lamatua pajꞌajꞌi dhèu aae-dhèu aae-dhèu aae-dhèu aae-dhèu aae-dhèu aae-dhèu aae-dhèu aae-dhèu aae.","Aa Ama Lamatua paj'uj'u ikan aae-aae, aa nèti manadu mèdha aa nèti sa'a èso èmu wèè paj'uj'u nèti èmu èmu. Aa Ama Lamatua paj'uj'u nèti manu-bhui nèti èmu èmu. Aa Ama Lamatua madha de èèna mèu.",,eng,nfa,English,Dhao,5.234,8.7126,7.4262
"and blessed them, and said, wax ye, and be ye multiplied, and fill ye the waters of the sea, and the birds be multiplied on the earth.","ka na padhai lii ho sèna ka hia berkat mi aa'i-aa'i dhu mamuri, peka na, i'a se, hud'i laa bèba-kacanga sèna ka papènu èi ètu mia-mia. aa manu-bhui, asa tabha kahèi.","Èle èèna ka, Ama Lamatua pakabꞌua si, ka Na peka dènge si, aku Nèngu na, ""Miu aaꞌi-aaꞌi mi! Jꞌajꞌi dhèu ae-ae ètu dꞌara dhasi, aa manu-bhui aaꞌi-aaꞌi ra ae-ae ètu rai-haha ne.""","Èle èèna ka, Ama Lamatua pakabꞌua si, ka Na peka dènge si, aku Nèngu na, ""Miu jꞌajꞌi ae-ae, aa isi mi dꞌara dhasi, aa manu-bhui aaꞌi-aaꞌi ra ae-ae ètu rai-haha ne.""",,eng,nfa,English,Dhao,0.9101,-0.3965,-0.1046
"and the eventide and the morrowtide was made, the fifth day.","ne'e ne, lod'o ka lèmi kèna.","bèli-camèdꞌa, bèli-camèdꞌa, bèli-camèdꞌa, bèli-camèdꞌa, bèli-camèdꞌa, bèli-camèdꞌa.",aa lod'o kalima,,eng,nfa,English,Dhao,7.0598,22.8902,17.9043
"and god said, the earth bring forth a living soul in his kind, work beasts, and reptiles, either creeping beasts, and unreasonable beasts of the earth, by their kinds; and it was done so. and god said, let the earth bring forth living souls after their kind, yea, work beasts, and reptiles, or creeping beasts, and unreasoning beasts of the earth, all after their kind; and it was done so. and god made unreasonable beasts of the earth by their kinds, and work beasts, and each creeping beast of the earth in his kind. and god saw that it was good; and god made the unreasoning beasts of the earth after their kind, and the work beasts, and the reptiles of the earth, each after its kind. and god saw that it was good;","ka ama lamatua peka hari, na, hud'i abhu ku rupa-rupa badha dhu mamuri ètu rai-dedha. sèmi: badha-manu dhu ani, badha hui, dènge badha dhu rod'o, èci-èci ka dènge rupa na. ropa padhai lii nare sèmi ne'e, badha aa'i-aa'i ra j'aj'i dènge ka. ropa nèdhi aa'i-aa'i se, d'ara na karej'e, lula ngaa dhu na ad'u, mema be'a.","Èle èèna ka, Ama Lamatua paredha Ama Lamatua, aku Nèngu na, ""Ladhe sèmi èèna, aaꞌi-aaꞌi ètu rai-haha ne jꞌajꞌi rupa-rupa. Ètu rai-haha ne, jꞌajꞌi rupa-rupa badha, badha, badha, dènge badha aaꞌi-aaꞌi ètu rai-haha ne jꞌajꞌi rupa-rupa."" Èle èèna ka, Ama Lamatua ladhe sèmi èèna, ka Ama Lamatua pajꞌajꞌi rupa-rupa badha aaꞌi-aaꞌi, badha aaꞌi-aaꞌi ètu rai-haha ne jꞌajꞌi rupa-rupa. Ka Ama Lamatua ladhe sèmi èèna, hèia Ama Lamatua pajꞌajꞌi rupa-rupa badha aaꞌi-aaꞌi, badha aaꞌi-aaꞌi ètu rai-haha ne jꞌajꞌi rupa-rupa. Hèia Ama Lamatua ladhe sèmi èèna, ka Ama Lamatua pajꞌajꞌi rupa-rupa badha aaꞌi-aaꞌi dènge badha aaꞌi-aaꞌi ètu rai-haha ne.","Aa Ama Lamatua paredha, ""Hudi rai-haha tèti manadu sèmi rupa nèngu, badha saba, aa loro badha do badha rodo, aa badha rai-haha, baka sèmi rupa nèngu."" Aa de mami sèmi èèna. Aa Ama Lamatua paredha, ""Hudi rai-haha tèti manadu rarahai sèmi rupa nèngu, ya, badha saba, aa loro badha do badha rodo, aa badha rai-haha, aa'i sèmi rupa nèngu."" Aa de mami sèmi èèna. Aa Ama Lamatua paj'aj'i badha rai-haha sèmi rupa nèngu, aa badha saba, aa baka badha rodo ètu rai-haha sèmi rupa nèngu. Aa Ama Lamatua ladhe de lèke. Aa Ama Lamatua paj'aj'i badha rai-haha sèmi rupa nèngu, aa badha saba, aa loro badha ètu rai-haha, baka sèmi rupa nèngu. Aa Ama Lamatua ladhe de lèke.",,eng,nfa,English,Dhao,-2.247,-2.0894,-3.302
"and said, make we man to our image and likeness, and be he sovereign to the fishes of the sea, and to the volatiles of the heavens, and to the unreasonable beasts of the earth, and to each creature, and to each creeping beast/each reptile, which is moved in the earth. and said, let us make man in our image and likeness, and be he sovereign over the fishes of the sea, and over the birds of the air, and over the unreasoning beasts of the earth, yea, over each creature, and over each reptile which creepeth on the earth.","ka ama lamatua peka hari, aku nèngu na, hua iia, mai ta paj'aj'i dhèu, madhutu rupa èdhi. hud'i laa ra leru dènge ator i'a aa'i-aa'i ètu d'ara dhasi, manu-bhui aa'i-aa'i ètu dedha-liru, badha-manu dhu ani, dènge badha leo aa'i-aa'i ra dhu mamuri ètu rai-haha ne.","Ka ana pajuu se peka, aku rèngu na, ""Hudꞌi laa! Jiꞌi neo tao dhèu, sèna ka jꞌajꞌi madhutu dadꞌèi jiꞌi. Jiꞌi neo jꞌajꞌi dhèu, sèna ka jꞌajꞌi dhèu aaꞌi-aaꞌi ra. Jiꞌi neo jꞌajꞌi dhèu aaꞌi-aaꞌi ra, sèna ka jꞌajꞌi dhèu aaꞌi-aaꞌi ra. Jiꞌi neo jꞌajꞌi dhèu aaꞌi-aaꞌi ra, sèna ka jꞌajꞌi dhèu aaꞌi-aaꞌi ra. Jiꞌi neo jꞌajꞌi dhèu aaꞌi-aaꞌi ra, sèna ka jꞌajꞌi dhèu aaꞌi-aaꞌi ra, sèna ka jꞌajꞌi dhèu aaꞌi-aaꞌi ra. Jiꞌi neo jꞌajꞌi dhèu aaꞌi-aaꞌi ra, sèna ka jꞌajꞌi dhèu aaꞌi-aaꞌi ra, sèna ka jꞌajꞌi dhèu aaꞌi-aaꞌi ra, sèna ka jꞌajꞌi dhèu aaꞌi-aaꞌi ra, sèna ka jꞌajꞌi dhèu aaꞌi-aaꞌi-aaꞌi ra.""","Ka sèngu peka, ""Hud'i ji'i tao dhèu, sèna ka nèngu j'aj'i madhutu dad'èi ji'i, aa sèna ka nèngu paredha ètu i'a dhasi, aa ètu manu-bhui ètu langi, aa ètu binatang rai, aa ètu baka makluk, aa ètu baka loro sèna ka nèngu rodo ètu rai.""",,eng,nfa,English,Dhao,7.9839,5.4738,6.7266
"and god made of nought a man to his image and likeness; god made of nought a man, to the image of god; god made of nought them, male and female. and so god made out of nothing a man in his image and likeness; god made out of nothing a man in the image of god; yea, god made them out of nothing, male and female.","hèia na paj'aj'i dhèu rai-haha ne madhutu rupa na. na paj'aj'i si, dhèu mone dènge dhèu bhèni.","Èle èèna ka, Ama Lamatua pajꞌajꞌi dhèu rai-haha, madhutu dadꞌèi Na. Ama Lamatua pajꞌajꞌi dhèu rai-haha, dhèu mone dènge dhèu bhèni.","Èle èèna ka, Ama Lamatua pajꞌajꞌi dhèu rai-haha nèti aad'o, madhutu dadꞌèi Na. Ama Lamatua pajꞌajꞌi dhèu rai-haha nèti aad'o, dhèu mone dènge dhèu bhèni.",,eng,nfa,English,Dhao,-4.3971,1.0212,-0.4737
"and god blessed them, and said, increase ye, and be ye multiplied, and fill ye the earth, and make ye it subject; and be ye lords to the fishes of the sea, and to the volatiles of the heavens, and to all living beasts that be moved on the earth, or and be ye lords, or rule ye, over the fishes of the sea, and the birds of the air, and all the living beasts that move on the earth.","ka na padhai lii ho sèna ka hia berkat mi rèngu, aku nèngu na, miu hud'i bèba-kacanga ku, sèna ka pea papènu rai-haha ne, ho mi ator ne. ja'a hia miu koasa, sèna ka mi ator i'a, manu-bhui, dènge badha-manu aa'i-aa'i ra ètu rai-haha ne.","Èle èèna ka, Ama Lamatua pua-paleha si, ka Na peka dènge si, aku Nèngu na, ""Bèli-camèdꞌa miu jꞌajꞌi dhèu ae-ae, sèna ka miu jꞌajꞌi dhèu aaꞌi-aaꞌi ètu rai-haha ne. Bèli-camèdꞌa miu jꞌajꞌi dhèu aaꞌi-aaꞌi ètu rai-haha ne. Bèli-camèdꞌa miu jꞌajꞌi dhèu aaꞌi-aaꞌi ètu rai-haha ne. Bèli-camèdꞌa miu jꞌajꞌi dhèu aaꞌi-aaꞌi ètu rai-haha ne. Bèli-camèdꞌa miu jꞌajꞌi dhèu aaꞌi-aaꞌi ètu rai-haha ne. Bèli-camèdꞌa miu jꞌajꞌi dhèu aaꞌi-aaꞌi ètu rai-haha ne.""","Èle èèna ka, Ama Lamatua pua-paleha si, ka Na peka dènge si, aku Nèngu na, ""Bèli-camèdꞌa miu jꞌajꞌi dhèu ae-ae, sèna ka miu jꞌajꞌi dhèu aaꞌi-aaꞌi ètu rai-haha ne. Aa miu paredha rai-haha ne. Aa miu paredha i'a ètu dhasi, aa manu-bhui ètu langi, aa aa'i ngara sèna ka eso ètu rai-haha ne.""",,eng,nfa,English,Dhao,10.0476,8.5759,9.3038
"and god said, lo! i have given to you each herb bearing seed on the earth, and all the trees that have in themselves the seed of their kind, that they be into meat to you or so that they can be food for you;","mi nanene paie-iie! ja'a hia miu rupa-rupa nganga'a ètu rai-haha ne'e. sèmi: ana aaj'u dhu dènge hua, dhu dènge lamusi, aa dhu dènge rèu mangèru.","Èle èèna ka, Lamatua peka dènge ra, aku Nèngu na, ""Jaꞌa pangèdꞌu miu aaꞌi-aaꞌi ra, nuka sèmi hua-hela aaꞌi-aaꞌi ètu rai-haha. Aa Jaꞌa pangèdꞌu miu aaꞌi-aaꞌi ra, nuka sèmi hua-hela aaꞌi-aaꞌi ètu rai-haha ne.","Èle èèna ka, Lamatua peka, ""Ja'a hia miu aa'i-aa'i hela dènge hini ètu rai-haha, aa aa'i-aa'i aj'u dènge hini nèngu punya jenis, sèmi miu punya ku'a.""",,eng,nfa,English,Dhao,6.8415,3.8606,5.1563
"and to all living beasts of the earth, and to each bird of the heavens, and to all things that be moved in the earth, and in which is a living soul, that they have them to eat; and it was done so. and also for all the living beasts of the earth, and for each bird of the air, and for all the things that creep on the earth, and in which is a living soul, so that they have them to eat; and it was done so.","ja'a hia rupa-rupa ana aaj'u kahèi sèna ka j'aj'i nganga'a badha. nganga'a hia badha-manu dhu ani, badha hui, badha dhu rod'o, dènge manu-bhui. ropa padhai lii nare sèmi ne'e, nganga'a badha sèra aa'i-aa'i ra j'aj'i dènge ka.","Jaꞌa manèngi sèna ka badha aaꞌi-aaꞌi ètu rai-haha, manu-bhui aaꞌi-aaꞌi ètu dedha-liru, dènge badha aaꞌi-aaꞌi ètu rai-haha, dènge badha aaꞌi-aaꞌi ètu dedha-liru, dènge badha aaꞌi-aaꞌi ètu dedha-liru, dènge badha aaꞌi-aaꞌi ètu dedha-liru, dènge badha aaꞌi-aaꞌi ètu dedha-liru, dènge badha aaꞌi-aaꞌi ètu dedha-liru, dènge badha aaꞌi-aaꞌi ètu dedha-liru, dènge badha aaꞌi-aaꞌi ètu rai-haha. Jaꞌa manèngi sèmi èèna kahèi.","aa ka badha aa'i-aa'i ètu rai-haha, aa ka manu-bhui aa'i-aa'i ètu dedha-liru, aa ka badha aa'i-aa'i ètu rai-haha ètu pidha, dènge ètu nèngu nia manadu mèdhi, sèna de nèngu nèngu ka'ana; aa Jaꞌa manèngi sèmi èèna. aa kahèi ka badha aa'i-aa'i ètu rai-haha, aa ka manu-bhui aa'i-aa'i ètu dedha-liru, aa ka badha aa'i-aa'i ètu rai-haha ètu rodo, dènge ètu nèngu nia manadu mèdhi, sèna de nèngu nèngu ka'ana; aa Jaꞌa manèngi sèmi èèna.",,eng,nfa,English,Dhao,4.0743,6.4712,4.3784
"and god saw all the things which he had made, and they were full good or and they were very good. and the eventide and the morrowtide was made, the sixth day.","ropa nèdhi aa'i-aa'i se, d'ara na karej'e, lula ngaa dhu na ad'u, mema be'a. ne'e ne, lod'o ka èna kèna.","Èle èèna ka, Ama Lamatua ladhe-leru aaꞌi-aaꞌi dhu Na pajꞌajꞌi, aa ladhe-leru aaꞌi-aaꞌi. Èle èèna ka, Na tao bèli-camèdꞌa, aa bèli-camèdꞌa. Èle èèna ka, nèngu tao bèli-camèdꞌa.","Èle èèna ka, Ama Lamatua ladhe-leru aaꞌi-aaꞌi dhu Na pajꞌajꞌi, aa aaꞌi-aaꞌi èèna bèli-camèdꞌa ae. Èle èèna ka, dadi karue-karue, aa dadi lod'o mèu, lod'o èna.",,eng,nfa,English,Dhao,3.701,5.107,5.2885
"therefore heavens and earth be made perfect, and all the ornament of those. and so the heavens and the earth, and all their ornaments, were finished.","dènge j'ara sèmi èèna ka, ama lamatua paj'aj'i dedha-liru, rai-haha, dènge isi ra aa'i-aa'i.","Èle èèna ka, Ama Lamatua pajꞌujꞌu aaꞌi-aaꞌi ètu dedha-liru dènge aaꞌi-aaꞌi ra.","Èle èèna ka, Ama Lamatua pajꞌujꞌu dedha-liru dènge aaꞌi-aaꞌi ra.",,eng,nfa,English,Dhao,-1.0829,-1.8304,-0.8043
"and god ful filled in the seventh day his work which he made; and he rested in the seventh day from all his work which he had made; yea, god finished his work by the seventh day; and so he rested on the seventh day from all the work which he had done;","ropa na sab'a èle, asa bèli èèna, lèke dènge lod'o ka pidhu. hèia na ae nèti sasab'a-la'a na.","Èle èèna ka, Ama Lamatua tèke eele aaꞌi-aaꞌi nèti sasabꞌa-laꞌa Na ètu rai-haha ne, toke dꞌai ka pidhu lodꞌo. Nèti èèna ka, Ama Lamatua tèke eele aaꞌi-aaꞌi nèti sasabꞌa-laꞌa Na ètu rai-haha ne, toke dꞌai ka pidhu lodꞌo.","Aa Ama Lamatua tèke eele sasab'a-la'a Na èci-èci tao ètu ka pidhu lod'o. Aa Ia dhuli ètu ka pidhu lod'o ngèti aa'i sasab'a-la'a Na èci-èci tao. Aa Ama Lamatua tèke eele sasab'a-la'a Na toke d'ai ka pidhu lod'o, aa èèna ka Ia dhuli ètu ka pidhu lod'o ngèti aa'i sasab'a-la'a Na èci-èci tao.",,eng,nfa,English,Dhao,3.0371,4.5772,1.5541
"and he blessed the seventh day, and hallowed it; for in that day god ceased of all his work which he made of nought, that he should make. and he blessed the seventh day, and made it holy; for on that day god ceased from all his work which he had made out of nothing, that he had intended to make.","dènge j'ara ne'e, na tao lod'o ka pidhu ne, lod'o dhu kapai risi nèti lod'o dhu leo sèra. na tao sèmi èèna, lula na pa'èle aa'i le sasab'a na, ka ètu d'ara lod'o ka pidhu na, na ae.","Èle èèna ka, Ama Lamatua tèke eele aaꞌi-aaꞌi dhu Na tao ètu rai-haha ne. Nèti èèna ka, Ama Lamatua tèke eele aaꞌi-aaꞌi dhu Na tao ètu rai-haha ne. Èle èèna ka, Ama Lamatua tèke eele aaꞌi-aaꞌi dhu Na tao ètu rai-haha ne.","Aa Na pabarakati lod'o ka-pidhu èèna, aa Na tao Lai Lodha; nèti èèna ka, ètu lod'o èèna, Ama Lamatua tèke eele ngèti aaꞌi-aaꞌi Na saba dhu Na tao ngèti aad'o, dhu Na dhu tao.",,eng,nfa,English,Dhao,6.3016,7.9038,6.7257
"these be the generations of heaven and of earth, in the day wherein the lord god made heaven and earth, these be the generations, or the creation, of the heavens and the earth, in the days when the lord god made the heavens and the earth,","d'ai sange ne'e ka, lii lolo ama lamatua paj'aj'i dedha-liru dènge rai-haha ne. lod'o ama lamatua heka paj'aj'i dedha-liru dènge rai-haha èèna,",Ètu dꞌara lodꞌo Lamatua pajꞌajꞌi dedha-liru dènge rai-haha. Ètu dꞌara lodꞌo Lamatua pajꞌajꞌi dedha-liru dènge rai-haha. Ètu dꞌara lodꞌo Lamatua pajꞌajꞌi dedha-liru dènge rai-haha.,"Parahi dedha-liru dènge rai-haha, ètu dꞌara lodꞌo Lamatua pajꞌajꞌi dedha-liru dènge rai-haha.",,eng,nfa,English,Dhao,7.242,-4.9872,-0.2808
"and each little tree of the earth before that it sprang out in the earth; and he made each herb of the field before that it burgeoned. for the lord god had not yet rained on the earth, and no man there was that wrought the earth or and there was no man yet to work the earth; but a well went out of the earth, and moisted all the higher part of the earth. but a well, or a mist, went up out of the ground, and watered all the earth's surface.","dhae abhu mèka ana aaj'u, lula na papuru mèka èj'i. taa èèna, dhoka sèb'u èi di, mai nèti d'ara rai ho pabasa rai re dedha. aa abhu mèka dhèu rai-haha dhu tao oka-tedhe.","Lodꞌo èèna, aaꞌi-aaꞌi ajꞌu aaꞌi-aaꞌi ètu rai-haha. Lodꞌo èèna, aaꞌi-aaꞌi ajꞌu aaꞌi-aaꞌi ètu rai-haha. Lodꞌo èèna, aaꞌi-aaꞌi ajꞌu aaꞌi-aaꞌi ètu dꞌara rai-haha. Lodꞌo èèna, aaꞌi-aaꞌi jꞌajꞌi mèdha-panyau ètu rai-haha. Lodꞌo èèna, abhu mèdha-panyau ètu rai-haha, sèna ka jꞌajꞌi ngiꞌu aaꞌi-aaꞌi ètu rai-haha.","aa aa'i-aa'i ana-aj'u ciki ètu rai-haha, dhae ne pake'e ètu rai-haha; aa ne tao aa'i-aa'i ngi'u ètu pada, dhae ne pake'e. Lamatua Horoparahii dhae èi dha'u ètu rai-haha, aa aad'o mone ne saba rai-haha do aad'o mone dhae tao rai-haha; tèngaa, èi do bhuru podho ètu rai, aa ne pakabe'e aa'i-aa'i katanga madha rai-haha.",,eng,nfa,English,Dhao,0.304,5.2199,3.684
"therefore the lord god formed man of the slime of the earth, and breathed into his face the breathing of life; and man was made into a living soul. and so the lord god formed man out of the slime of the earth, and breathed into his face the breathe of life; and then the man was made into a living soul.","èle èèna ka, ama lamatua nare rai ciki, ka na paj'aj'i dhèu rai-haha. hèia na tiu a'ae na asa d'ara sahènga dhèu na, ka na mamuri dènge ka.","Èle èèna ka, Lamatua pajꞌajꞌi dhèu rai-haha ne nèti papèdꞌa rai-haha. Hèia Na tao dhèu rai-haha ne, jꞌajꞌi dhèu dhu mamuri. Èle èèna ka, Lamatua pajꞌajꞌi dhèu rai-haha ne nèti papèdꞌa rai-haha ne, hèia Na tao dhèu rai-haha ne, jꞌajꞌi dhèu dhu mamuri.","Èle èèna ka, Lamatua pajꞌajꞌi dhèu rai-haha ne nèti papèdꞌa rai-haha. Hèia Na ae ètu nèngu rohu ae dhu mamuri, hèia dhèu rai-haha ne jꞌajꞌi manadu dhu mamuri. Èle èèna ka, Lamatua pajꞌajꞌi dhèu rai-haha ne nèti papèdꞌa rai-haha. Hèia Na ae ètu nèngu rohu ae dhu mamuri, hèia dhèu rai-haha ne jꞌajꞌi manadu dhu mamuri.",,eng,nfa,English,Dhao,-1.9829,1.2357,-0.4449
"forsooth the lord god planted at the beginning the paradise of liking, wherein he set man whom he had formed. and the lord god planted a garden in eden, in the east, and he put the man there whom he had formed.","hèia ama lamatua bhoke oka cue ètu rai eden, re bèka dhimu. hèia na hia dhèu ne pea ètu d'ara oka na.","Uru èèna, lodꞌo Ama Lamatua pajꞌajꞌi dhèu aaꞌi-aaꞌi ètu rai-haha ne, nuka sèmi dꞌara Èmu Kapua Manèngi-Mangajꞌi. Ètu era neꞌe, Ama Lamatua pajꞌajꞌi dhèu aaꞌi-aaꞌi dhu Na pajꞌajꞌi le.","Ètu uru èèna, Ama Lamatua lari Èmu Kapua Manèngi-Mangajꞌi, ètu era neꞌe, Nèngu tèka mone dhu Na pajꞌajꞌi le. Aa Ama Lamatua lari oka ètu Eden, ètu dhimu, aa Nèngu tèka mone ètu era èèna dhu Na pajꞌajꞌi le.",,eng,nfa,English,Dhao,-0.7215,4.0226,2.6868
"and the lord god brought forth out of the earth each tree fair in sight, and sweet to eat; also he brought forth the tree of life in the midst of paradise, and the tree of knowing of good and of evil, or and he brought forth the tree of life in the middle of the garden, and the tree of the knowledge of good and evil.","ètu d'ara oka èèna, na pamamuri rupa-rupa aj'u dhu be'a, dhu dhèu bisa ra'a. aa na pamamuri kahèi aj'u dua kapua ètu talora aae oka èèna. ladhe dhèu ra'e hua nèti aj'u èci, na mamuri taa-taa. aa ladhe dhèu ra'e hua nèti aj'u èci hari, ne'a hag'e mia dhu be'a, aa mia dhu karehe.","Èle èèna ka, Lamatua hagꞌe eele aaꞌi ajꞌu aaꞌi-aaꞌi ètu dꞌara oka. Aa ajꞌu aaꞌi-aaꞌi ètu dꞌara dꞌara oka. Aa ajꞌu aaꞌi-aaꞌi ètu dꞌara oka. Aa ajꞌu aaꞌi-aaꞌi ètu dꞌara oka. Aa ajꞌu aaꞌi-aaꞌi ètu dꞌara oka. Aa ajꞌu aaꞌi-aaꞌi ètu dꞌara oka. Aa ajꞌu aaꞌi-aaꞌi ètu dꞌara oka. Aa ajꞌu aaꞌi-aaꞌi ètu dꞌara oka. Aa ajꞌu aaꞌi-aaꞌi ètu dꞌara oka. Aa ajꞌu aaꞌi-aaꞌi ètu dꞌara oka.","Aa Lamatua maho aj'u aa'i-aa'i ètu oka, aj'u èèna kee. Hèi Lamatua maho aj'u èèna ètu talora oka, aa aj'u ke'a katuba.",,eng,nfa,English,Dhao,5.5931,0.4915,3.8209
"and a river went out from the place of liking to moist paradise, which river is parted from thence into four heads. and a river went out from eden to water the garden, and this river was parted from there into four rivers.","ètu era èèna, abhu loko èci dhu hae nèti d'ara oka èèna. loko èèna, èpa kacanga.","Èle èèna ka, bèli-camèdꞌa bèli-camèdꞌa èci bèli-camèdꞌa bèli-camèdꞌa bèli-camèdꞌa bèli-camèdꞌa bèli-camèdꞌa bèli-camèdꞌa bèli-camèdꞌa bèli-camèdꞌa bèli-camèdꞌa bèli-camèdꞌa bèli-camèdꞌa bèli-camèdꞌa bèli-camèdꞌa bèli-camèdꞌa bèli-camèdꞌa bèli-camèdꞌa bèli-camèdꞌa bèli-camèdꞌa bèli-camèdꞌa bèli-camèdꞌa bèli-camèdꞌa bèli-camèdꞌa bèli-camèdꞌa bèli-camèdꞌa bèli-camèdꞌa.","Aa loko èci podho ngèti Eden to base oka, aa loko nenga kadhèli ngèti èèna ètu èpa kètu.",,eng,nfa,English,Dhao,7.1632,18.5769,18.9462
"the name of the one river is pishon, that it is that compasseth all the land of havilah, where gold cometh forth, the name of the first river is pishon, and it encircleth all the land of havilah, where gold cometh from,","kacanga ka èci na, ngara na pison. nèngu ka dhu hae pale-lème rai hawila dhu abhu hualaa ae-ae.","Ngara aaꞌi-aaꞌi èci, Pison. Nèngu èèna ka dhu dꞌèlu-mèu aaꞌi-aaꞌi ètu dꞌara rae Havila. Nèngu èèna ka dhu dꞌèlu-mèu aaꞌi-aaꞌi ètu dꞌara rae Havila. Nèngu èèna ka dhu dꞌèlu-mèu aaꞌi-aaꞌi dhu dꞌèlu-mèu aaꞌi-aaꞌi ètu dꞌara rae Havila.","Ngara loko ka-èci Pison. Nèngu èèna ka dhu dꞌèlu-mèu aaꞌi-aaꞌi rai Havila, mia mas mai.",,eng,nfa,English,Dhao,1.8692,-2.9399,-0.1084
"and the gold of that land is the best, and there is found bdellium, that is, a tree of spicery, and the stone onyx; and the gold of that land is the best, and bdellium, that is, a spice tree, is also found there, and the onyx stone as well;","ètu era èèna ka, abhu poe-pai, aj'u dhu raa na hèu mèngi, dènge hadhu kale'e.","Ètu dꞌara kota neꞌe, abhu mèdha-panyau èci dhu kabꞌua. Ètu dꞌara kota ne, abhu mèdha-panyau èci dhu kabꞌua kahèi. Ètu dꞌara kota ne, abhu mèdha-panyau èci dhu kabꞌua kahèi. Ètu dꞌara kota ne, abhu mèdha-panyau èci dhu kabꞌua kahèi. Ètu dꞌara kota ne, abhu mèdha-panyau èci dhu kabꞌua kahèi. Ètu dꞌara kota ne, abhu mèdha-panyau èci dhu kabꞌua kahèi. Ètu dꞌara kota ne, abhu mèdha-panyau èci dhu kabꞌua kahèi. Ètu dꞌara kota ne, abhu mèdha-panyau èci dhu kabꞌua kahèi. Ètu dꞌara kota ne, abhu mèdha-panyau èci dhu kabꞌua kahèi. Ètu dꞌara kota ne, abhu mèdha-panyau èci dhu kabꞌua kahèi.","Aa mèdha-panyau ètu rai ne dhu kab'ua, aa abhu bdellium, sèmi aj'u dhu hèu, aa onyx.",,eng,nfa,English,Dhao,10.4491,13.5272,17.6202
"and the name of the second river is gihon, that it is that compasseth all the land of ethiopia or and it encircleth all the land of ethiopia;","kacanga ka dua, ngara na gihon. kacanga ne, hae pale-lème rai kus.","Nèti èèna ka, aaꞌi-aaꞌi ra jꞌajꞌi aaꞌi-aaꞌi ra ètu propensi Etiopia. Nèti èèna ka, dhasi aaꞌi-aaꞌi ra jꞌajꞌi aaꞌi-aaꞌi ra ètu propensi Etiopia. Nèti èèna ka, dhasi aaꞌi-aaꞌi ra jꞌajꞌi aaꞌi-aaꞌi ra jꞌajꞌi aaꞌi-aaꞌi ra. Nèti èèna ka, dhasi aaꞌi-aaꞌi ra jꞌajꞌi aaꞌi-aaꞌi ra jꞌajꞌi aaꞌi-aaꞌi ra. Nèti èèna ka, dhasi aaꞌi-aaꞌi ra jꞌajꞌi aaꞌi-aaꞌi ra ètu propensi Etiopia.","Aa ngara loko èle ka nuka Gihon, aa lènge aa'i rai Etiopia.",,eng,nfa,English,Dhao,2.2976,8.4757,10.2423
"forsooth the name of the third river is tigris, that goeth against assyrians or which floweth east of assyria; soothly the fourth river is that euphrates.","kacanga ka tèlu, ngara na tigris. kacanga ne'e ka, j'aj'i mi too rai asyur re ca bèka dhimu. kacanga ka èpa, ngara na efrat.","Nèti èèna ka, ngiꞌu ka tèlu, ngara na Tigris, dhu laꞌe paraga dènge dhèu Asuri. Aa ngiꞌu ka èpa, ngara na Efrat.","Nèti èèna ka, ngiꞌu ka katèlu, ngara na Tigris, dhu laꞌe paraga dènge dhèu Asuri, do dhu hae ètu dhimu Asuri. Aa ngiꞌu ka kaèpa, ngara na Efrat.",,eng,nfa,English,Dhao,-11.9021,4.0354,-0.2342
"therefore the lord god took man, and set him in the paradise of liking, that he should work and keep it. and so the lord god took the man, and put him in the garden of eden, so that he would work it, and care for it.","ka ama lamatua hia dhèu pea ètu d'ara eden, ho na ladhe-leru oka èèna.","Èle èèna ka, Lamatua dedꞌe dhèu aaꞌi-aaꞌi ètu dꞌara oka neꞌe, sèna ka neꞌa jꞌara-jꞌara dhu beꞌa. Èle èèna ka, Lamatua dedꞌe dhèu aaꞌi-aaꞌi ètu dꞌara oka ne, sèna ka neꞌa jꞌara-jꞌara dhu beꞌa.","Èle èèna ka, Lamatua tèka mone ètu dꞌara oka ne, sèna ka ne saba aa tèka ne. Èle èèna ka, Lamatua tèka mone ètu dꞌara oka Eden ne, sèna ka ne saba aa leru ne.",,eng,nfa,English,Dhao,0.9303,-1.167,-0.6884
"and god commanded to him and said, eat thou of each tree of paradise; and god commanded to him and said, thou can eat of every tree in the garden;","hèia na hia paredha mi dhèu ne, aku nèngu na, hua aaj'u aa'i-aa'i ètu d'ara oka ne, èu bisa mu'a.","Èle èèna ka, Ama Lamatua peka dènge dhèu aaꞌi-aaꞌi ne, aku Nèngu na, ""Èu bisa raꞌa ngaa-ngaa nèti ajꞌu aaꞌi-aaꞌi ètu dꞌara dꞌara oka ne."" Èle èèna ka, Ama Lamatua peka dènge dhèu aaꞌi-aaꞌi ne, aku Nèngu na, ""Èu bisa raꞌa ngaa-ngaa nèti ajꞌu aaꞌi-aaꞌi ètu dꞌara oka ne.""","Dènge Ama Lamatua paredha dènge Nèngu, aku Nèngu na, ""Èu bisa raꞌa nèti aj'u aa'i-aa'i ètu d'ara oka ne."" Dènge Ama Lamatua paredha dènge Nèngu, aku Nèngu na, ""Èu bisa raꞌa nèti aj'u aa'i-aa'i ètu d'ara oka ne.""",,eng,nfa,English,Dhao,14.4574,17.481,13.7579
"forsooth eat thou not of the tree of knowing of good and of evil; for in whatever day thou shalt eat thereof, thou shalt die by death. but thou shalt not eat of the tree of the knowledge of good and evil; for on the day that thou shalt eat of it, thou shalt die.","te ngaa èci dhu èu bisa boe mu'a. nuka hua nèti aj'u dhu ne'a hag'e mia dhu be'a, aa mia dhu karehe. ladhe mu'a, èu madhe dènge.","Te ngaa ladhe sèmi èèna, na, ladhe èu raꞌa ajꞌu aaꞌi-aaꞌi ètu dꞌara ajꞌu aaꞌi-aaꞌi ra, èu hudꞌi madhe tareꞌa-reꞌa. Aa ladhe èu raꞌa ajꞌu aaꞌi-aaꞌi ra, èu hudꞌi madhe tareꞌa-reꞌa. De ladhe èu raꞌa ajꞌu aaꞌi-aaꞌi ra, èu hudꞌi madhe tareꞌa-reꞌa.""","Tèngaa èu boe neo ra'a ètu aj'u ke'a aa'i-aa'i; de ètu lod'o èu neo ra'a ètu, èu neo madhe tare'a-re'a.",,eng,nfa,English,Dhao,6.1251,-1.097,0.58
"and the lord god said, it is not good that a man be alone; make we to him an helper like to himself or let us make for him a helper like himself.","ka ama lamatua tuhu haru lii na, aku nèngu na, babe'a na aad'o, ladhe dhèu ne mamuri mesa na. de ja'a neo paj'aj'i hia ne, anga ca dhèu dhu pamèci dènge ne.","Èle èèna ka, Lamatua peka, aku Nèngu na, ""Bèli-camèdꞌa dhèu aaꞌi-aaꞌi ne pea boe ètu dꞌara èmu na. De jiꞌi tao ne dhèu dhu dènge beꞌa, sèna ka jꞌajꞌi dhèu dhu dènge beꞌa, nuka sèmi dhèu dhu jꞌajꞌi dhèu aaꞌi-aaꞌi, nuka sèmi dhèu aaꞌi-aaꞌi dhu jꞌajꞌi dhèu aaꞌi-aaꞌi, nuka sèmi dhèu aaꞌi-aaꞌi dhu jꞌajꞌi dhèu aaꞌi-aaꞌi, nuka sèmi dhèu aaꞌi-aaꞌi dhu jꞌajꞌi dhèu aaꞌi-aaꞌi, nuka sèmi dhèu aaꞌi-aaꞌi dhu jꞌajꞌi dhèu aaꞌi-aaꞌi.""","Èle èèna ka, Lamatua peka, ""Boe beꞌa mone ne mesa. Jiꞌi tao nèngu dhèu dhu bara sèmi nèngu.""",,eng,nfa,English,Dhao,1.6246,-7.9385,-4.1762
"and therefore when all living beasts of the earth, and all the volatiles of the heavens, were formed of the earth, the lord god brought those to adam, that he should see what he should call those; for all thing that adam called of living soul, that is the name thereof. and so when all the living beasts of the earth, and all the birds of the air, were formed from the earth, the lord god brought them to adam, to see what he would call them; for whatever name that adam called each thing with a living soul, that is its name. and adam called by their names all living things, and all volatiles of the heavens, and all unreasonable beasts of the earth. forsooth to adam was not found an helper like him. and so adam named all the living things, yea, all the birds of the air, and all the unreasoning beasts of the earth. but there was not found for adam a helper like himself.","lod'o èèna, ama lamatua nare rai ciki, ka na tao rupa-rupa badha dènge manu-bhui. hèia na pangèd'u si asa dhèu ne, sèna ka na pangare si. ka dhèu ne pangare badha se dènge manu-bhui aa'i-aa'i ra, èci-èci ka dènge ngara ra. te ngaa dhèu ne abhu mèka anga dhu pamèci dènge nèngu.","Èle èèna ka, Lamatua pajꞌujꞌu aaꞌi-aaꞌi badha aaꞌi-aaꞌi ètu rai-haha, dènge manu-bhui aaꞌi-aaꞌi ètu dedha-liru. Èle èèna ka, Lamatua pajꞌujꞌu aaꞌi badha aaꞌi-aaꞌi ètu rai-haha, dènge manu-bhui aaꞌi-aaꞌi ètu dedha-liru. Lamatua pajꞌujꞌu aaꞌi badha aaꞌi-aaꞌi ètu rai-haha, dènge manu-bhui aaꞌi-aaꞌi ètu dedha-liru, dènge badha aaꞌi-aaꞌi ètu rai-haha, dènge badha aaꞌi-aaꞌi ètu rai-haha. Lamatua pajꞌujꞌu aaꞌi badha aaꞌi-aaꞌi ètu rai-haha, dènge badha aaꞌi-aaꞌi ètu rai-haha, dènge badha aaꞌi-aaꞌi ètu rai-haha, dènge badha aaꞌi-aaꞌi-aaꞌi ètu rai-haha. Lamatua pajꞌujꞌu aaꞌi aaꞌi-aaꞌi-aaꞌi ètu rai-haha, dènge badha aaꞌi-aaꞌi ètu rai-haha, dènge badha aaꞌi-aaꞌi-aaꞌi ètu rai-haha, dènge badha aaꞌi-aaꞌi-aaꞌi ètu rai-haha, dènge badha aaꞌi-aaꞌi-aaꞌi ètu rai-haha. Ka Lamatua pajꞌi-aaꞌi dhèu aaꞌi-aa","J'aj'i ropa Lamatua paj'uj'u aa'i badha aa'i-aa'i ètu rai-haha dènge manu-bhui aa'i-aa'i ètu dedha-liru ngèti rai-haha, Lamatua paj'uj'u sèra mai asa Adam, sèmi ne mèdhi ngara sèra. Aa aa'i-aa'i sèra sèmi Adam dèi ngara sèra dènge manadu, nuka ngara sèra. Ka Adam dèi ngara sèra aa'i badha aa'i-aa'i ètu rai-haha, dènge manu-bhui aa'i-aa'i ètu dedha-liru, dènge aa'i badha aa'i-aa'i ètu rai-haha sèra boe mèke rèu-dara. Tèngaa, boe mèdhi dhèu bara sèmi Adam.",,eng,nfa,English,Dhao,7.3908,8.9283,8.8969
"therefore the lord god sent sleep into adam, and when he slept, god took one of his ribs, and filled flesh for it. and so the lord god sent sleep into adam, and while he slept, god took one of his ribs, and then closed up the flesh over that place.","hèia ama lamatua pabhèj'i luu dhèu ne'e. ropa na bhèj'i, ama lamatua nare rui karasa na calaa, ka na pakateme hari nu'a deo na.","Ropa tadèngi lii padhai Lamatua sèmi èèna, ka Lamatua pangèdꞌu dhèu aaꞌi-aaꞌi ètu dꞌara dhèu rai-haha ne. Èle èèna ka, Lamatua pangèdꞌu dhèu aaꞌi-aaꞌi ètu dꞌara dhèu aaꞌi-aaꞌi, sèna ka dhèu aaꞌi-aaꞌi jꞌajꞌi dhèu aaꞌi-aaꞌi. Èle èèna ka, Lamatua pangèdꞌu dhèu aaꞌi-aaꞌi ètu dꞌara dhèu aaꞌi-aaꞌi, sèna ka dhèu aaꞌi-aaꞌi jꞌajꞌi dhèu aaꞌi-aaꞌi. Èle èèna ka, Lamatua pangèdꞌu dhèu aaꞌi-aaꞌi, sèna ka dhèu aaꞌi-aaꞌi jꞌajꞌi dhèu aaꞌi-aaꞌi.","Ropa Lamatua Horo Parahi pamèj'i Adam, aa lod'o nèngu bhèj'i, Lamatua ka'u hag'e mesa rui nèngu, aa èle èèna ka hutu daging ètu era nenga.",,eng,nfa,English,Dhao,9.7953,3.9298,6.6635
"and the lord god builded the rib which he had taken from adam into a woman, and brought her to adam.","nèti rui ne, na paj'aj'i bhèni ca dhèu. hèia na pangèd'u bhèni ne mi dhèu èèna.","Èle èèna ka, Lamatua pajꞌajꞌi dhèu bhèni èci, nèti hadhu Adam. Èle èèna ka, Lamatua pajꞌajꞌi dhèu bhèni èci, ho laꞌe paraga dènge Adam.","Aa Lamatua pajꞌajꞌi hadhu sa Nèia nare nèti Adam èèna dadi dhèu bhèni, aa tao mai nèia asa Adam.",,eng,nfa,English,Dhao,2.2773,-3.7752,-3.1747
"and adam said, this is now a bone of my bones, and flesh of my flesh; this shall be called virago, for she is taken out of man, or she shall be called woman, for she was taken from man.","ropa ladhe nèdhi bhèni ne, ka dhèu na peka, aku nèngu na, waaa! ne'e ne ku! sèmi ne'e ku, heka pamèci dènge ja'a kèna! rui na, sama èci èèna ka dènge rui ja'a. aa isi na, sama kahèi dènge isi ja'a. lula nèngu ne, j'aj'i nèti dhèu mone, nèti èèna ka ja'a pangare ne, ‘dhèu bhèni'.","Hèia Adam peka, aku nèngu na, ""Neꞌe ne, leko-monya nèti ngiꞌu Jaꞌa, aa ngiꞌu nèti ngiꞌu Jaꞌa. Nèngu ne, dhèu bhèni, lula Ama Lamatua pajꞌajꞌi ne nèti dhèu mone. Aa Nèngu ne, dhèu bhèni, lula Ama Lamatua pajꞌajꞌi ne nèti dhèu mone.""","Hèia Adam peka, ""Neꞌe ne, rui nèti rui Jaꞌa, aa ngiꞌu nèti ngiꞌu Jaꞌa. Nèngu ne, dhèu bhèni, lula nèngu tao.eele ngèti mone. Aa Nèngu ne, dhèu bhèni, lula nèngu tao.eele ngèti mone.""",,eng,nfa,English,Dhao,-8.9754,-6.9729,-5.9281
"wherefore a man shall forsake his father and mother, and shall cleave to his wife, and they shall be twain in one flesh or and two shall be in one flesh.","nèti èèna ka, dhèu mone hud'i tèke eele ku ina-ama na, ho la'e mamuri d'ara èci dènge dhèu èmu-kamali na, lula dua ra, j'aj'i le èci.","Nèti èèna ka, dhèu mone tèke eele ina-ama na, ho paꞌèki dènge dhèu èmu-kamali na. Ka dua ra jꞌajꞌi ngiꞌu èci.""","Nèti èèna ka, dhèu mone tèke eele ina-ama na, ho paꞌèki dènge dhèu èmu-kamali na. Ka dua ra jꞌajꞌi ngiꞌu èci.",,eng,nfa,English,Dhao,-0.1036,0.0527,0.9347
"forsooth ever either was naked, that is, adam and his wife, and they were not ashamed. and both of them were naked, that is, the man and his wife, but they were not ashamed.","lod'o èèna, dua ra dhu dènge boe mèdha-papake, te ngaa ra makae boe.","Ètu dꞌara rai-haha ne, dhèu èèna dènge dhèu èmu na dènge boe mèdha-panyau. Te ngaa dhèu èèna dènge dhèu èmu na dènge boe mèdha-panyau.","Dhèu èèna dènge dhèu èmu na mèdha-panyau, aa nèngu boe makae. Aa dhèu èèna dènge dhèu èmu na mèdha-panyau, te nèngu boe makae.",,eng,nfa,English,Dhao,-5.2843,-6.5328,-2.8789
"but the serpent was feller than all living beasts of the earth, which the lord god had made. the which serpent said to the woman, why commanded god to you, that ye should not eat of each tree of paradise? and the serpent was more cunning than all the living beasts of the earth. and the serpent said to the woman, why hath god commanded you to not eat from any tree in the garden?","nèti badha aa'i-aa'i dhu ama lamatua paj'aj'i ètu rai-haha ne, mege ka dhu mèu risi kapod'e-kabèli. ca lod'o, mege karèi bhèni na, aku nèngu na, tare'a, do? ama lamatua kai miu baku mi'a hua aaj'u aa'i-aa'i ètu d'ara oka ne'e.","Nèti badha aaꞌi-aaꞌi dhu Lamatua pajꞌajꞌi ètu rai-haha ne, naga ne kapai risi nèti badha aaꞌi-aaꞌi dhu ètu rai-haha ne. Hèia na karèi dhèu bhèni ne, aku nèngu na, ""Ladhe sèmi èèna, nga tao ka Ama Lamatua peka na, 'Miu baku raꞌa nèti ajꞌu aaꞌi-aaꞌi ètu dꞌara dꞌara oka ne?' "" Hèia naga ne karèi risi nèti badha aaꞌi-aaꞌi dhu ètu rai-haha ne. Hèia na karèi dhèu bhèni ne, aku nèngu na, ""Ladhe sèmi èèna, nga tao ka Ama Lamatua peka na, miu baku raꞌa nèti ajꞌu aaꞌi-aaꞌi ètu dꞌara oka ne?""","Tèngaa naga ne karèi risi nèti badha aaꞌi-aaꞌi dhu Ama Lamatua pajꞌajꞌi ètu rai-haha ne. Hèia naga ne karèi dhèu bhèni ne, aku nèngu na, ""Nga tao ka Ama Lamatua paredha miu, miu baku raꞌa nèti ajꞌu aaꞌi-aaꞌi ètu dꞌara oka ne?"" Hèia naga ne karèi risi nèti badha aaꞌi-aaꞌi dhu ètu rai-haha ne. Hèia naga ne karèi dhèu bhèni ne, aku nèngu na, ""Nga tao ka Ama Lamatua paredha miu, miu baku raꞌa nèti ajꞌu aaꞌi-aaꞌi ètu dꞌara oka ne?""",,eng,nfa,English,Dhao,1.7026,0.5919,1.3302
"to whom the woman answered, we eat of the fruit of trees that be in paradise; to whom the woman answered, we can eat of the fruit of the trees that be in the garden; soothly god commanded to us, that we should not eat of the fruit of the tree, which is in the midst of paradise or which is in the middle of the garden, and that we should not touch it, lest peradventure we die.","ka bhèni na b'ala, aad'o! ji'i bisa nga'a! dhodhoka aj'u ca kapua ètu talora oka ne, ama lamatua kai, baku nga'a hua na. na peka na, ji'i baku nga'a, aa baku g'ag'e hua èèna kahèi, te aad'o na, ji'i madhe!","Hèia bhèni ne dhaa, aku nèngu na, ""Èdhi bisa raꞌa nèti ajꞌu aaꞌi-aaꞌi dhu ètu dꞌara dꞌara dꞌara oka ne."" Ka bhèni ne dhaa, aku nèngu na, ""Èdhi bisa raꞌa nèti ajꞌu aaꞌi-aaꞌi dhu ètu dꞌara oka ne."" Te Ama Lamatua peka dènge èdhi, aku Nèngu na, ""Miu baku raꞌa nèti ajꞌu aaꞌi-aaꞌi dhu ètu dꞌara dꞌara oka ne, aa baku madhe.""","Hèia bhèni ne dhaa, aku nèngu na, ""Èdhi raꞌa nèti hua ajꞌu dhu ètu dꞌara oka ne."" Ka bhèni ne dhaa, aku nèngu na, ""Èdhi bisa raꞌa nèti hua ajꞌu dhu ètu dꞌara oka ne."" Te Ama Lamatua paredha dènge èdhi, aku Nèngu na, ""Èdhi baku raꞌa nèti hua ajꞌu dhu ètu talora oka ne, aa èdhi baku lèke nèngu, aeka baka èdhi madhe.""",,eng,nfa,English,Dhao,4.4597,4.0701,3.579
"forsooth the serpent said to the woman, ye shall not die by death or ye shall not die;","te ngaa mege na dhaa, aku nèngu na, waa! sèmi boe èèna! miu se madhe boe!","Hèia naga ne peka dènge bhèni ne, aku nèngu na, ""Ladhe miu madhe, miu madhe boe.","Hèia naga ne peka dènge bhèni ne, aku nèngu na, ""Miu madhe boe.",,eng,nfa,English,Dhao,-0.6606,-2.5697,-1.5463
"for why god knoweth that in whatever day ye shall eat thereof, your eyes shall be opened, and ye shall be as gods, knowing good and evil. for god knoweth that on whatever day ye shall eat of it, your eyes shall be opened, and ye shall be like gods, knowing good and evil.","ama lamatua mema kai tare'a sèmi èèna, lula dhu ne'a le, ladhe mi'e hua aaj'u èèna, miu j'aj'i d'èlu-mèu sèmi nèngu. ho èèna na me'a mia dhu be'a, aa mia dhu karehe.","Te Ama Lamatua neꞌa le, na, lodꞌo miu raꞌa, bèli-camèdꞌa miu jꞌajꞌi sama sèmi Ama Lamatua, aa meꞌa le jꞌara dhu beꞌa dènge bhabhelu-katubꞌa.""","Te Ama Lamatua neꞌa le, na, lodꞌo miu raꞌa, madha miu jꞌajꞌi bhoke, aa miu jꞌajꞌi sama sèmi Ama Lamatua, meꞌa jꞌara dhu beꞌa dènge bhabhelu-katubꞌa.",,eng,nfa,English,Dhao,0.003,0.6645,0.6968
"therefore the woman saw that the tree was good, and sweet to eat, and fair to the eyes, and delightable in beholding; and she took of the fruit thereof, and ate, and gave to her husband, and he ate.","aa bhèni ne ladhe na aj'u ne be'a titu kèna, dènge hua na ele boe kee. na ngee, ladhe ja'a ku'a hua aj'u ne'e, ja'a d'èlu-mèu. hèia puu nare ka hua aj'u èèna, ka na'e. na'e nare, nèti hia dhèu èmu na, ka na'a kahèi.","Èle èèna ka, bhèni ne ladhe nèdhi, na, ajꞌu èèna beꞌa. Na pangee, na, ajꞌu ne, dꞌara beꞌa, aa dꞌara beꞌa. Hèia na kèpe ajꞌu ne, ka naꞌa. Èle èèna ka, na hia dhèu èmu na, ho naꞌa kahèi.","Èle èèna ka, bhèni ne ladhe nèdhi, na, ajꞌu èèna beꞌa, aa kee ho 'a, aa be'a ho madha. Hèia na kèpe hua aj'u ne, ka naꞌa. Èle èèna ka, na hia dhèu èmu na, aa naꞌa kahèi.",,eng,nfa,English,Dhao,2.7329,1.8074,2.905
"and the eyes of both of them were opened; and when they knew that they were naked, they sewed together the leaves of a fig tree, and made breeches to themselves or and made breeches, or trousers, for themselves.","ra'a rare ka, heka re'a na rèngu dhu pake boe mèdha dhu hutu ua rèngu. nèti èèna ka, ra lui rèu aj'u ho pa'abhe era makae rèngu.","Èle èèna ka, dhèu dua se ladhe rèdhi. Ropa ra reꞌa, na, rèngu dènge boe mèdha-papake. Hèia ra pajꞌajꞌi ètu dꞌara ajꞌu, hèia ra tao mèdha-papake.","Èle èèna ka, dhèu dua se ladhe rèdhi. Ropa ra reꞌa, na, rèngu dènge boe mèdha-papake. Hèia ra pajꞌajꞌi laloe aj'u, hèia ra tao baru.",,eng,nfa,English,Dhao,2.4673,0.3538,0.938
"and when they heard the voice of the lord god going in paradise at the wind after midday, adam and his wife hid themselves from the face of the lord god in the midst of the trees of paradise. and when they heard the sound of the lord god walking in the garden in the evening breeze, the man and his wife hid themselves from the face of the lord god among the trees of the garden.","d'ai lod'o nihia, dua ra tadèngi lii core haga ama lamatua ètu d'ara oka èèna. ka dua ra rai lasi lu'u asa ca bèka aj'u, sèna ka lamatua baku nèdhi si.","Èle èèna ka, dhèu aaꞌi-aaꞌi ra tadèngi lii Ama Lamatua kako re dꞌara dꞌara dꞌara dꞌara dꞌara dꞌara saraa. Ropa tadèngi lii Ama Lamatua kako re dꞌara dꞌara dꞌara dꞌara dꞌara dꞌara dꞌara dꞌara. Ropa tadèngi lii Ama Lamatua kako re dꞌara dꞌara dꞌara dꞌara dꞌara dꞌara dꞌara dꞌara dꞌara dꞌara dꞌara. Ropa tadèngi lii Ama Lamatua kako re dꞌara dꞌara dꞌara dꞌara dꞌara dꞌara dꞌara dꞌara dꞌara. Ropa tadèngi lii Ama Lamatua kako re dꞌara dꞌara dꞌara dꞌara dꞌara dꞌara dꞌara dꞌara dꞌara dꞌara dꞌara dꞌara dꞌara dꞌara dꞌara dꞌara dꞌara dꞌara dꞌara.","Aa ropa ra tadèngi lii Ama Lamatua kako ètu tine ètu lod'o nihia, Adam aa nèngu dhèu ra huni₁ ngèti katanga madha Ama Lamatua ètu ta ana-aj'u ètu tine. Aa ropa ra tadèngi lii Ama Lamatua kako ètu tine ètu nihia, mone aa nèngu dhèu ra huni₁ ngèti katanga madha Ama Lamatua ètu ana-aj'u ètu tine.",,eng,nfa,English,Dhao,7.3782,11.1284,11.5065
"and the lord god called adam, and said to him, where art thou?","te ngaa ama lamatua paroa mi dhèu mone èèna, aku nèngu na, adam! èu ètu mia?","Hèia Lamatua paroa Adam, ka Na karèi ne, aku Nèngu na, ""Èu ètu mia?""","Hèia Lamatua paroa Adam, ka Na karèi ne, ""Èu ètu mia?""",,eng,nfa,English,Dhao,-3.7159,-8.8235,-8.7181
"and adam said, i heard thy voice in paradise, and i dreaded, for i was naked, and i hid me. and the man said, i heard the sound of you walking in the garden, and i was afraid, for i was naked, and so i hid myself.","hèia mone na dhaa, ja'a tadèngi lii lamatua ètu ne'e. te ngaa ja'a makae, lula ja'a pake boe mèdha ètu ua. nèti èèna ka, ja'a rai pahuni iisi.","Hèia Adam dhaa, aku nèngu na, ""Jaꞌa tadèngi lii èu ètu dꞌara oka ne, ka jaꞌa madhaꞌu, lula jaꞌa dènge boe mèdha-panyau, hèia jaꞌa pakaboko."" Hèia Adam dhaa, aku nèngu na, ""Jaꞌa tadèngi lii èu kako ètu dꞌara oka ne, ka jaꞌa madhaꞌu, lula jaꞌa dènge boe mèdha-panyau, hèia jaꞌa pakaboko.""","Hèia Adam dhaa, ""Jaꞌa tadèngi lii èu ètu dꞌara oka ne, ka jaꞌa madhaꞌu, lula jaꞌa dènge boe mèdha-panyau, hèia jaꞌa pakaboko."" Hèia mone ne dhaa, ""Jaꞌa tadèngi lii èu kako ètu dꞌara oka ne, ka jaꞌa madhaꞌu, lula jaꞌa dènge boe mèdha-panyau, hèia jaꞌa pakaboko.""",,eng,nfa,English,Dhao,0.6677,2.7581,2.4204
"to whom the lord said, who showed to thee that thou were naked, no but for thou hast eaten of the tree of which i commanded to thee that thou shouldest not eat? to whom the lord said, who told thee that thou were naked? hast thou eaten of the tree which i commanded to thee that thou shouldest not eat?","ka lamatua peka na, cee ka dhu peka, na èu dhu pake boe mèdha-papake? de tasamia? tatu èu mu'a le hua aj'u dhu ja'a kai na, sina ma?","Hèia Lamatua karèi ne, aku nèngu na, ""Cee ka dhu padhai lii dènge èu, peka na, èu dènge boe mèdha-papake? Èu dhoka raꞌa nèti ajꞌu dhu Jaꞌa peka le dènge èu, na, 'Èu baku raꞌa'? Èu dhoka raꞌa nèti ajꞌu dhu Jaꞌa peka dènge èu, 'Èu baku raꞌa.' ""","Hèia Lamatua karèi ne, aku nèngu na, ""Cee ka dhu padhai lii dènge èu, peka na, èu dènge boe mèdha-papake? Tèngaa ka nèti èu dhoka raꞌa nèti ajꞌu dhu Jaꞌa paredha le dènge èu, na, 'Èu baku raꞌa'?"" Hèia Lamatua karèi ne, aku nèngu na, ""Cee ka dhu padhai lii dènge èu, peka na, èu dènge boe mèdha-papake? Èu dhoka raꞌa nèti ajꞌu dhu Jaꞌa paredha le dènge èu, na, 'Èu baku raꞌa'?""",,eng,nfa,English,Dhao,-3.0833,-0.9758,-3.4966
"and adam said, the woman which thou gavest for fellowship to me, gave me of the tree, and i ate. and adam said, the woman whom thou gavest to me for fellowship, gave to me of the tree, and so i ate.","ka na b'ala, peka na, bhèni dhu èu hia ho pa'anga dènge ja'a èèna, ka dhu hia ja'a ku'a!","Hèia Adam dhaa, peka na, ""Bèli-camèdꞌa dhèu bhèni dhu Ama pangèdꞌu ho jꞌajꞌi dènge jaꞌa, nèngu ka dhu hia jaꞌa nèti ajꞌu ne, hèia jaꞌa raꞌa."" Hèia Adam dhaa, aku nèngu na, ""Bèli-camèdꞌa dhèu bhèni dhu Ama pangèdꞌu ho jꞌajꞌi dènge jaꞌa, nèngu ka dhu hia jaꞌa nèti ajꞌu ne, hèia jaꞌa raꞌa.""","Hèia Adam dhaa, peka na, ""Bèli-camèdꞌa dhèu bhèni dhu Ama pangèdꞌu ho jꞌajꞌi dènge jaꞌa, nèngu ka dhu hia jaꞌa nèti ajꞌu ne, hèia jaꞌa raꞌa."" Hèia Adam dhaa, aku nèngu na, ""Bèli-camèdꞌa dhèu bhèni dhu Ama pangèdꞌu ho jꞌajꞌi dènge jaꞌa, nèngu ka dhu hia jaꞌa nèti ajꞌu ne, hèia jaꞌa raꞌa.""",,eng,nfa,English,Dhao,0.0,0.0,0.0
"and the lord said to the woman, why didest thou this thing? the which answered, the serpent deceived me, and so i ate.","hèia ama lamatua peka dènge bhèni na, aku nèngu na, nga tao ka, èu ad'u madha j'ara èèna? ka bhèni ne dhaa, peka na, te mege ne ka dhu ag'o ja'a! nèti èèna ka, ja'a ku'a.","Hèia Ama Lamatua karèi bhèni ne, aku Nèngu na, ""Nga tao ka èu tao sèmi èèna?"" Bèli-camèdꞌa bhèni ne dhaa, aku nèngu na, ""Jaꞌa tao sèmi èèna, lula naga ka dhu padhai lii jaꞌa. Nèti èèna ka, jaꞌa raꞌa.""","Hèia Ama Lamatua karèi bhèni ne, aku Nèngu na, ""Nga tao ka èu tao sèmi èèna?"" Bèli-camèdꞌa bhèni ne dhaa, aku nèngu na, ""Naga ka dhu padhai lii jaꞌa, nèti èèna ka jaꞌa raꞌa.""",,eng,nfa,English,Dhao,1.6946,-1.0509,-0.5298
"and the lord god said to the serpent, for thou didest this, thou shalt be cursed among all the living things, and unreasonable beasts of the earth; thou shalt go on thy breast, and thou shalt eat earth in all the days of thy life. and the lord god said to the serpent, for thou didest this, thou shalt be cursed among all the living things, and unreasoning beasts of the earth; thou shalt go upon thy breast, and thou shalt eat dust all the days of thy life.","èle èèna ka, ama lamatua dhoo mege èèna, aku nèngu na, ja'a huku èu, lula tatao èu. nèti badha aa'i-aa'i, dhoka èu di dhu abhu huku sèmi ne'e. mulai nèti deo ne'e toke èu madhe, èu dhoka rod'o dènge kakara, aa mu'a ètu rai di.","Hèia Lamatua peka dènge naga ne, aku Nèngu na, ""Ladhe èu tao sèmi èèna, èu jꞌajꞌi dhèu pahaha iisi èci dènge badha aaꞌi-aaꞌi ètu rai-haha. Èu jꞌajꞌi dhèu pahaha iisi èci dènge badha aaꞌi-aaꞌi ètu rai-haha. Èu jꞌajꞌi dhèu pahaha iisi èci dènge badha aaꞌi-aaꞌi ètu rai-haha. Èu jꞌajꞌi dhèu pahaha iisi èci dènge badha aaꞌi-aaꞌi ètu rai-haha toke dꞌai mamuri èu.""","Hèia Lamatua peka dènge naga ne, aku Nèngu na, ""Ladhe èu tao sèmi èèna, èu neo jꞌajꞌi pahaha lele dènge badha aaꞌi-aaꞌi ètu rai-haha. Èu neo noo-noo ètu dara èu, aa èu neo ngara ahu ètu lod'o aaꞌi mamuri èu.""",,eng,nfa,English,Dhao,4.1032,2.6928,4.379
"i shall set or put enmities betwixt thee and the woman, and betwixt thy seed and her seed; she shall break thine head, and thou shalt set ambushes to her heel. i shall put enmity between thee and the woman, and between thy seed and her seed; her seed shall break thy head, and thou shalt set ambush to her seed's heel.","ja'a tao sèna ka, èu loe boe pamusu dènge bhèni ne. aa ana-èpu miu dua mi sèmi èèna kahèi. ana-èpu èu, èèna na kadhi hui tèdhu dhèu. te ngaa ca dhèu nèti ana-èpu bhèni ne, èèna na dhedhe palaho kètu èu.","Jaꞌa tao musu ètu talora èu dènge dhèu bhèni ne. Jaꞌa tao musu ètu talora èu dènge ana-èpu na. Bèli-camèdꞌa dhèu bhèni ne tao musi madha èu dènge ana-èpu na. Bèli-camèdꞌa dhèu bhèni ne tao musi madha èu dènge ana-èpu na. Bèli-camèdꞌa dhèu bhèni ne tao musi madha èu dènge ana-èpu na. Bèli-camèdꞌa dhèu bhèni ne tao musi madha èu dènge ana-èpu na. Bèli-camèdꞌa dhèu bhèni ne tao musi madha èu dènge ana-èpu na.""","Jaꞌa neo tao musu ètu talora èu dènge dhèu bhèni ne, aa ètu talora ana-èpu èu dènge ana-èpu na. Ana-èpu na neo lèku kapala èu, aa èu neo tao ambus ètu buku-lèpa ana-èpu na.",,eng,nfa,English,Dhao,10.8164,-1.884,1.8065
"also god said to the woman, i shall multiply thy wretchednesses and thy conceivings; in sorrow thou shalt bear thy children; and thou shalt be under the power of thine husband, and he shall be lord of thee.","èle èèna ka, ama lamatua peka dènge bhèni ne, èèna na, ja'a pasusa tabha èu, ropa èu dènge babia; lod'o mora iisi, èu asa tabha j'èra. masi ka sèmi èèna, d'ara èu d'èi taruu dhèu èmu èu, aa nèngu ka dhu ator èu.","Èle èèna ka, Ama Lamatua peka dènge bhèni ne, aku Nèngu na, ""Bèli-camèdꞌa èu jꞌajꞌi dhèu bhèni. Èu jꞌajꞌi dhèu dhu jꞌajꞌi dhèu èmu-kamali èu. Èu jꞌajꞌi dhèu dhu jꞌajꞌi dhèu èmu-kamali èu. Èu jꞌajꞌi dhèu dhu jꞌajꞌi dhèu èmu-kamali èu. Èu jꞌajꞌi dhèu dhu jꞌajꞌi dhèu èmu-kamali èu.","Hèi, Ama Lamatua peka dènge bhèni ne, ""Aku neo bèli-camèdꞌa susa èu dènge jꞌajꞌi ana èu. Ètu susa èu neo pajꞌajꞌi ana èu. Dènge èu neo jꞌajꞌi ètu paredha mone èu, dènge nèngu neo jꞌajꞌi Lamatua èu.""",,eng,nfa,English,Dhao,3.6585,0.5411,0.8654
"soothly god said to adam, for thou heardest the voice of thy wife, and hast eaten of the tree, of which i commanded to thee that thou shouldest not eat, the earth shall be cursed in thy work, that is, for thy sin; in travails thou shalt eat thereof in all the days of thy life; and god said to adam, for thou heardest thy wife's voice, and hast eaten of the tree, of which i commanded to thee that thou shouldest not eat, the ground shall be cursed on account of thee, that is, because of thy sin; only after much travail, or much labour, shalt thou get food from it all the days of thy life;","ka ama lamatua peka dènge mone ne, èu madhutu boe lii paredha ja'a, te ngaa èu nanene dhoka lii dhèu èmu èu di, ka èu mu'a hua aj'u dhu ja'a kai èèna. nèti èèna ka, èu abhu huku kahèi. aa rai lèke huku kahèi. nèti deo ne'e, toke d'ai èu madhe, hud'i èu kabèli rai, heka èu abhu nganga'a kèna. dènge sab'a bia sèmi ne'e ka, èu heka mamuri kèna.","Èle èèna ka, Ama Lamatua peka dènge Adam, aku Nèngu na, ""Ladhe èu nanene lii bhèni èu, hèia èu raꞌa nèti ajꞌu dhu Jaꞌa peka le dènge èu, na, 'Èu baku raꞌa nèti ajꞌu aaꞌi-aaꞌi, nèti ajꞌu aaꞌi-aaꞌi dhu Jaꞌa peka le dènge èu, peka na, 'Èu baku raꞌa nèti ajꞌu aaꞌi-aaꞌi, èu baku raꞌa nèti ajꞌu aaꞌi-aaꞌi, nèti ajꞌu aaꞌi-aaꞌi dhu Jaꞌa peka na, 'Èu baku raꞌa nèti ajꞌu aaꞌi-aaꞌi dhu Jaꞌa peka dènge èu, sèna ka èu baku raꞌa nèti ajꞌu aaꞌi-aaꞌi dhu Jaꞌa peka na, 'Èu baku raꞌa nèti ajꞌu aaꞌi-aaꞌi dhu Jaꞌa peka dènge èu, sèna ka èu baku raꞌa nèti ajꞌu aaꞌi-aaꞌi dhu Jaꞌa peka dènge èu.'","Ama Lamatua peka dènge Adam, ""Ladhe èu nanene lii bhèni èu, aa èu raꞌa nèti ajꞌu dhu Jaꞌa paredha dènge èu, na, 'Èu baku raꞌa nèti èèna.' Nèti èèna ka, rai neo dadi aapa ètu saba èu, ladhe nèti sala èu. Ètu j'a-j'era èu neo abhu kai nèti rai èèna ètu aaꞌi lod'o èu mèdhi. Aa Ama Lamatua peka dènge Adam, ""Ladhe èu nanene lii bhèni èu, aa èu raꞌa nèti ajꞌu dhu Jaꞌa paredha dènge èu, na, 'Èu baku raꞌa nèti èèna.' Nèti èèna ka, rai neo dadi aapa nèti èu, ladhe nèti sala èu. Mesa tare j'a-j'era rarahai, èu neo abhu kai nèti rai èèna ètu aaꞌi lod'o èu mèdhi.""",,eng,nfa,English,Dhao,2.7267,7.3467,6.7746
"it shall bring forth thorns and briars to thee, and thou shalt eat the herbs of the earth;","masi ka èu sèle rupa-rupa hini èèna ka, te ngaa dhu muri mai dhodhoka dhudhu-sete di.","Bèli-camèdꞌa jꞌajꞌi aaꞌi-aaꞌi ètu rai-haha ne, jꞌajꞌi aaꞌi-aaꞌi ètu rai-haha ne, jꞌajꞌi aaꞌi-aaꞌi ètu rai-haha ne, jꞌajꞌi aaꞌi-aaꞌi ètu rai-haha ne, jꞌajꞌi aaꞌi-aaꞌi ètu rai-haha ne, jꞌajꞌi aaꞌi-aaꞌi ètu rai-haha ne, jꞌajꞌi aaꞌi-aaꞌi ètu rai-haha ne, jꞌajꞌi aaꞌi-aaꞌi ètu rai-haha ne.","Ne neo tèti saga.roro nàu, aa nàu neo ka'a aaꞌi ètu rai-haha.",,eng,nfa,English,Dhao,1.6679,0.9766,2.7954
"in the sweat of thy cheer, or thy face, thou shalt eat thy bread, till thou turn again into the earth of which thou art taken; for thou art dust, and thou shalt turn again into dust. by the sweat of thy brow, thou shalt earn thy bread, until thou return to the earth of which thou art taken; for thou art dust, and thou shalt return to dust.","hud'i èu èi kabhèsu haa ku, heka rai hia èu nganga'a kèna. èu hud'i sab'a bia sèmi èèna ku, toke d'ai lod'o èu madhe. èu ne, ja'a paj'aj'i nèti rai. de ladhe èu madhe, èu j'aj'i hari rai.","Èu jꞌajꞌi le kapodꞌe-kabèli. Èu jꞌajꞌi le kapodꞌe-kabèli. Èu jꞌajꞌi le kapodꞌe-kabèli. Èu jꞌajꞌi le kapodꞌe-kabèli, te ngaa èu jꞌajꞌi le kapodꞌe-kabèli. Èu jꞌajꞌi le kapodꞌe-kabèli, te ngaa èu jꞌajꞌi le kapodꞌe-kabèli. Èu jꞌajꞌi le kapodꞌe-kabèli, te ngaa èu jꞌajꞌi le kapodꞌe-kabèli. Èu jꞌajꞌi le kapodꞌe-kabèli, te ngaa èu jꞌajꞌi le kapodꞌe-kabèli.""","Le kapod'e-kabèli ètu rèu madha èu, èu neo nga'a èu punya nga'a, tare èu lèpa hari ètu tana ètu èu nare. Rowi èu nèngu ahu, aa èu neo lèpa hari ètu ahu.",,eng,nfa,English,Dhao,2.5308,6.3326,6.866
"and adam called the name of his wife eve, for she was the mother of all men living or for she was the mother of all living people.","èle èèna ka, adam pangare dhèu èmu na ‘hawa' dhu sasoa na ‘dhu mamuri', te nèngu ka j'aj'i ina nèti dhèu dhu mamuri aa'i-aa'i.","Èle èèna ka, Adam pangare dhèu èmu na, Hawa, lula neꞌe ne jꞌajꞌi ina nèti dhèu aaꞌi-aaꞌi dhu mamuri ètu rai-haha ne.","Èle èèna ka, Adam pangare dhèu èmu na, Hawa, lula neꞌe ne jꞌajꞌi ina nèti dhèu aaꞌi-aaꞌi dhu mamuri ètu rai-haha ne.",,eng,nfa,English,Dhao,0.0,0.0,0.0
"and the lord god made coats of skins to adam and eve his wife, and clothed them; and the lord god made coats out of skins for adam and eve his wife, and clothed them;","hèia ama lamatua tao mèdha-papake nèti ka'uri badha, ka papake dua ra.","Èle èèna ka, Lamatua pajꞌajꞌi Adam dènge Hawa kodho dènge kapai dènge kapai dènge kapai dènge kapai dènge kapai. Lamatua pajꞌajꞌi Adam dènge Hawa kodho dènge kapai dènge kapai dènge kapai dènge kapai dènge kapai dènge kapai dènge kapai dènge kapai dènge kapai dènge kapai dènge kapai dènge kapai dènge kapai dènge kapai dènge kapai dènge kapai dènge kapai dènge kapai dènge kapai dènge kapai dènge kapai dènge kapai dènge kapai dènge kapai dènge kapai.","Èle èèna ka, Lamatua pajꞌajꞌi kodho nèti kapai ba Adam dènge Hawa nèngu èi, dènge pajꞌajꞌi kodho ba nèngu rua.",,eng,nfa,English,Dhao,3.3602,11.4007,12.5281
"and said, lo! adam is made as one of us, and knoweth good and evil; now therefore see ye, lest peradventure he put out his hand, and take also of the tree of life, and eat, and live without end.","ka ama lamatua peka, limuri ne, dhèu re'a le, mia dhu be'a dènge mia dhu karehe, sèmi èdhi kahèi. de mage dhoka, rèngu ra'a hua aj'u dhu èci hari na, dhu hia mamuri taa-taa.","Hèia Lamatua peka dènge dhèu aae, aku Nèngu na, ""Ladhe sèmi èèna, èdhi aaꞌi-aaꞌi ti, nuka sèmi èdhi aaꞌi-aaꞌi ti. Nèti èèna ka, èdhi teꞌa jꞌara-jꞌara dhu beꞌa dènge jꞌara-jꞌara dhu bhelu-katubꞌa. Ladhe èdhi tao sèmi èèna, èdhi teꞌa jꞌara-jꞌara dhu beꞌa dènge jꞌara-jꞌara dhu beꞌa dènge jꞌara-jꞌara dhu beꞌa. Ladhe èdhi tao jꞌara-jꞌara sèmi èèna, èdhi bisa mamuri taruu dènge Ama Lamatua.""","Hèia Lamatua peka dènge dhèu aae, aku Nèngu na, ""Ladhe! Adam nuka sèmi èdhi mesa, nèngu ke'a dhu be'a dènge dhu katuba; nèti èèna ka, ladhe miu, aeka baka nèngu tèka kacui.aai, hèi nare aj'u kahèi muri, hèi ngara, hèi muri taruu.""",,eng,nfa,English,Dhao,9.1346,5.8684,6.6345
"and the lord god sent him out of the paradise of liking, that he should work the earth, of which he was taken. and so the lord god sent him out of the garden of eden, to work the earth, from which he was taken.","èle èèna ka, na babèga eele si nèti d'ara oka eden èèna, ho lasi asa era leo, sèna ka ra mamuri dènge sab'e oka-tedhe. lula dhèu j'aj'i nèti rai, de mamuri kahèi nèti rai.","Èle èèna ka, Lamatua pua ne nèti dꞌara oka aae Eden, sèna ka laꞌe sabꞌa ètu dꞌara oka aae ne. Nèti èèna ka, Lamatua pua ne nèti dꞌara oka aae ne, sèna ka sabꞌa ètu dꞌara oka aae ne. Nèti èèna ka, Lamatua pua ne nèti dꞌara oka aae ne, sèna ka laꞌe sabꞌa ètu dꞌara oka aae ne. Nèti èèna ka, Lamatua pua ne nèti dꞌara oka aae ne, sèna ka laꞌe sabꞌa ètu dꞌara oka aae ne.","Èle èèna ka, Lamatua pua ne nèti dꞌara oka aae Eden, sèna ka sabꞌa rai, ngèti nèti ne nare.",,eng,nfa,English,Dhao,5.0789,-4.8814,0.2553
"and god casted out adam, and setted before the paradise of liking cherubim, that is, he gave it unto the keeping of angels, and a sword of flame turning about to keep charge of the way of the tree of life. and so god cast out adam, and to the east of the garden of eden he placed cherubim, and a sword of flame which turned about, to guard the way to the tree of life.","babège nare si, ka lamatua paredha ana pajuu na nèti sorga, dhu dènge èla, ho lasi j'aga oka èèna re ca bèka dhimu. rèngu dènge samala dhu heo ha'a-ha'a, dhu seru la'e-mai. lamatua pua si bèdho eele j'ara la'e sa d'ara, te nèngu d'èi boe dhèu puu rare hua aj'u dhu hia ra mamuri taa-taa èèna.","Èle èèna ka, Ama Lamatua babège eele Adam nèti dꞌara oka èèna. Na pajꞌujꞌu ana pajuu Ama Lamatua nèti sorga, nuka sèmi ana pajuu Ama Lamatua nèti sorga. Ana pajuu Na sèmi èèna, nuka sèmi ana pajuu Ama Lamatua nèti sorga. Ana pajuu Na sèmi èèna, nuka sèmi ana pajuu Ama Lamatua nèti dꞌara oka èèna. Ana pajuu Na sèmi èèna, nuka sèmi ana pajuu Ama Lamatua nèti dꞌara oka èèna. Ana pajuu Na sèmi èèna, nuka sèmi sama sèmi ana pajuu Ama Lamatua nèti dꞌara oka èèna. Ana pajuu Na sèmi èèna, nuka sèmi ana pajuu Ama Lamatua nèti dꞌara oka èèna. Ana pajuu Na sèmi èèna, nuka sèmi ana pajuu Ama Lamatua nèti dꞌara oka èèna. Ana pajuu Na sèmi èèna, sèna ka ra babège eele ajꞌu èèna, nuka sèmi ajꞌu mamuri aaꞌi-aaꞌi dhu mamuri ètu talora aaꞌi-aaꞌi ra.","Èle èèna ka, Ama Lamatua babège eele Adam nèti dꞌara oka Eden. Aa ètu dhimu oka Eden, Na maho malaikat, aa samala kaha'a dhu eo-eo, sèna ka j'aga j'ara aj'u mamuri.",,eng,nfa,English,Dhao,0.7019,-4.9135,-0.4581
"forsooth adam knew eve his wife, which conceived, and childed cain, and said, i have gotten a man by god. and adam knew his wife eve, who conceived, and bare cain, and she said, now, with the lord's help, i have begotten a man.","hèia adam j'unu dènge dhèu èmu na, hawa. ka bhèni ne dènge babia. hèia nara iisi ana mone ca dhèu. ka na peka, aku nèngu na, ja'a abhu le ana mone ca dhèu, lula ama lamatua soru nare le ja'a. ka na pangare ana ne, kaen dhu sasoa na ‘abhu'.","Èle èèna ka, Adam ladhe-leru dènge Hawa, dhèu èmu na. Èle èèna ka, Adam ladhe-leru dènge Kain, aku nèngu na, ""Jaꞌa abhu dhèu mone nèti Ama Lamatua."" Èle èèna ka, Adam ladhe-leru dènge Hawa, hèia Adam ladhe-leru dènge Kain, aku nèngu na, ""Jaꞌa abhu dhèu mone nèti Ama Lamatua.""","Adam ne'a Hawa, dhèu èmu na. Hawa tago Kain, hèia aku nèngu na, 'Jaꞌa abhu dhèu mone nèti Ama Lamatua.' Hèia Adam ne'a Hawa, dhèu èmu na, hèia Hawa tago Kain, hèia aku nèngu na, 'Rapa, dènge bara Lamatua, jaꞌa abhu dhèu mone.'",,eng,nfa,English,Dhao,3.9419,0.5753,0.2563
"and again she childed his brother abel. forsooth abel was a keeper of sheep, and cain was an earth-tiller. and then she bare his brother abel. and abel was a shepherd, and cain was a farmer, who worked the soil.","hèia hawa nara iisi hari ana mone èci. ka na pangare ne habel. dua ra kapai ka, habel j'aj'i dhèu madhenge badha. aa a'a na kaen, sab'a oka-tedhe.","Èle èèna ka, bhèni ne abhu ari na Abel. Abel ne, dhèu madhenga kahibꞌi-kalèbho, te ngaa Kain ne, dhèu sabꞌa oka. Abel ne, dhèu madhenga kahibꞌi-kalèbho, te ngaa Kain ne, dhèu sabꞌa oka.","Èle èèna ka, bhèni ne abhu ari na Abel. Abel ne, dhèu madhenga kahibꞌi-kalèbho, te ngaa Kain ne, dhèu sabꞌa oka. Abel ne, dhèu madhenga kahibꞌi-kalèbho, te ngaa Kain ne, dhèu sabꞌa oka.",,eng,nfa,English,Dhao,0.0,0.0,0.0
"soothly it was done after many days, that cain offered gifts to the lord of the fruits of the earth;","ca lod'o, kaen nèti isi rai na cahag'e, ka hia lamatua.","Èle èèna ka, dhèu aaꞌi-aaꞌi ètu dꞌara Èmu Kapua Manèngi-Mangajꞌi ètu dꞌara Èmu Kapua Manèngi-Mangajꞌi ètu dꞌara Èmu Kapua Manèngi-Mangajꞌi ètu dꞌara Èmu Kapua Manèngi-Mangajꞌi ètu dꞌara Èmu Kapua Manèngi-Mangajꞌi ètu dꞌara Èmu Kapua Manèngi-Mangajꞌi ètu dꞌara Èmu Kapua Manèngi-Mangajꞌi ètu dꞌara Èmu Kapua Manèngi-Mangajꞌi ètu dꞌara Èmu Kapua Manèngi-Mangajꞌi ètu dꞌara Èmu Kapua Manèngi-Mangajꞌi ètu dꞌara Èmu Kapua Manèngi-Mangajꞌi ètu dꞌara Èmu Kapua Manèngi-Mangajꞌi.","J'aj'i mami tare lod'o ae₁, Kain pahu'a hua ètu tana asa Lamatua.",,eng,nfa,English,Dhao,5.908,18.9551,16.7827
"and abel offered of the first engendered of his flock, and of the fatness of those. and the lord beheld to abel and to the gifts of him;","habel nèti ana-ana uuru kahib'i-kalèbho na. na roro kahib'i-kalèbho se, ka nèti sisi dhu be'a hia lamatua. d'ara ama lamatua karej'e ropa ladhe nèdhi korban nèti habel ne.","Èle èèna ka, Lamatua hia korban nèti kahibꞌi-kalèbho na, Abel. Lamatua hia korban nèti kahibꞌi-kalèbho aaꞌi-aaꞌi ra, aa nèti kahibꞌi-kalèbho aaꞌi-aaꞌi ra. Lamatua neo hia korban nèti kahibꞌi-kalèbho na, Habel.","aa Abel hia korban nèti kahibꞌi-kalèbho na, aa nèti kabèbu sèra. aa Lamatua neo Abel aa nèti korban na.",,eng,nfa,English,Dhao,-3.5471,-10.0604,-5.8337
"soothly he beheld not to cain and to his gifts. and cain was wroth greatly, and his cheer felled down, or and cain was greatly angered, and his face fell.","te ngaa na d'èi boe korban unu kaen. hèia kaen nasa bia, ka rèhu na mare boe.","Ropa na ladhe nèdhi, na, abhu boe caꞌe dènge caꞌe dènge caꞌe dènge caꞌe dènge caꞌe dènge caꞌe dènge caꞌe dènge caꞌe.","Ropa na ladhe nèdhi, na, abhu boe caꞌe dènge caꞌe dènge caꞌe dènge caꞌe dènge caꞌe dènge caꞌe dènge caꞌe dènge caꞌe.",,eng,nfa,English,Dhao,0.0,0.0,0.0
"and the lord said to him, why art thou wroth, and why felled down thy face?","ka lamatua lii dènge kaen, aku nèngu na, kaen! nga tao ka èu nasa sèmi èèna, ka rèhu èu mare boe?","Hèia dhèu ne karèi ne, aku nèngu na, ""Nga tao ka èu madhaꞌu? Nga tao ka èu patitu kètu?""","Aa Lamatua karèi nèngu na, ""Nga tao ka èu madha'u? Aa nga tao ka èu sagèba?""",,eng,nfa,English,Dhao,-3.3809,-1.6334,-1.6885
"whether not if thou shalt do well, thou shalt receive well; but if thou doest evil, thy sin shall be present anon in the gates? but the desire thereof, that is, of sin, shall be under thee, and thou shalt be lord thereof. if thou shalt do well, then thou shalt be accepted; but if thou doest evil, then at once thy sin shall be present at the gates, and the desire of sin shall take thee under, and so thou must be lord of it, or rule over it.","ladhe tatao èu be'a, na ja'a sèmi èu dènge hua iia. de mu pangee uuru ku! ladhe èu tao bhelu, na bhabhelu èèna na'e hari èu, sama sèmi meo neo pacèli maraho. de sèmi èu neo tao bhabhelu, be'a risi core eele ka!","Te ngaa ladhe èu adꞌu-ue jꞌara dhu beꞌa, bèli-camèdꞌa Ama Lamatua bꞌala èu. Te ngaa ladhe èu adꞌu-ue jꞌara dhu beꞌa, bèli-camèdꞌa Ama Lamatua bꞌala èu. Te ngaa ladhe èu adꞌu-ue jꞌara dhu beꞌa, bèli-camèdꞌa Ama Lamatua bꞌala èu. Ladhe èu adꞌu-ue jꞌara dhu beꞌa, bèli-camèdꞌa Ama Lamatua bꞌala èu. Te ngaa ladhe èu adꞌu-ue jꞌara dhu beꞌa, bèli-camèdꞌa Ama Lamatua bꞌala èu. Te ngaa ladhe èu adꞌu-ue jꞌara dhu beꞌa, bèli-camèdꞌa Ama Lamatua bꞌala èu.""","Ladhe èu adꞌu-ue jꞌara dhu beꞌa, bèli-camèdꞌa Ama Lamatua bꞌala èu. Tèngaa ladhe èu adꞌu-ue jꞌara dhu katuba, bèli-camèdꞌa kaca'a katuba èu neo ètu pintu gerbang, aa kahèdhi katuba neo nare èu ètu dhiꞌi, aa èu musti paredha nèngu.",,eng,nfa,English,Dhao,3.3228,4.1796,5.2524
"and cain said to abel, his brother, go we out, or but then cain said to his brother abel, walk with me. and when they were in the field, cain rose up against his brother abel, and killed him.","ca tèka, kaen gale habel, na peka na, mai lati ngad'o oka, we. ropa dua ra d'ai d'ara oka, kaen kalabhe pamadhe ari na.","Èle èèna ka, Kain karèi aꞌari na Abel, aku nèngu na, ""Aadꞌo! Jiꞌi lèpa hari!"" Hèia Kain karèi aꞌari na Abel, aku nèngu na, ""Mai madhutu jaꞌa!"" Ropa rèngu dꞌai oka, ka na pamadhe aꞌari na Abel, hèia na pamadhe ne.","Èle èèna ka, Kain karèi aꞌari na Abel, aku nèngu na, ""Aadꞌo! Jiꞌi lèpa hari!"" Hèia Kain karèi aꞌari na Abel, aku nèngu na, ""Mai madhutu jaꞌa!"" Ropa rèngu dꞌai oka, Kain tabhe aꞌari na Abel, hèia na pamadhe ne.",,eng,nfa,English,Dhao,-1.0188,-1.7707,-1.1752
"and the lord said to cain, where is abel thy brother? which answered, i know not; whether i am the keeper of my brother? and the lord said to cain, where is thy brother abel? and he answered, how do i know; am i my brother's keeper?","ka lamatua karèi kaen, aku nèngu na, kaen! ari mu ka mia? hèia kaen dhaa, aku nèngu na, ja'a ke'a boe na ètu mia! èu ngee na, ja'a dhèu kèpe haga na, do?","Hèia dhèu aae karèi Kain, aku nèngu na, 'Abel ari èu ètu mia?' Ka Kain dhaa, aku nèngu na, ""Jaꞌa keꞌa boe. Jaꞌa ne dhèu sabꞌa aꞌari jaꞌa, do?"" Ka Kain dhaa, aku nèngu na, ""Jaꞌa keꞌa ngaa? Jaꞌa ne dhèu sabꞌa aꞌari jaꞌa, do?""","Hèia Lamatua karèi Kain, aku nèngu na, 'Abel ari èu ètu mia?' Ka Kain dhaa, aku nèngu na, 'Jaꞌa keꞌa boe. Jaꞌa ne dhèu sabꞌa aꞌari jaꞌa, do?' Hèia Lamatua karèi Kain, aku nèngu na, 'Ari èu Abel ètu mia?' Ka Kain dhaa, aku nèngu na, 'Jaꞌa keꞌa ngaa? Jaꞌa ne dhèu sabꞌa aꞌari jaꞌa, do?'",,eng,nfa,English,Dhao,-2.8293,3.3179,1.3068
"and god said to cain, what hast thou done? the voice of the blood of thy brother crieth to me from the earth or the voice of thy brother's blood crieth out to me from the earth.","ka lamatua b'ala, nga tao ka èu bhelu sèmi èèna? baku pangee na, èu pahuni more le raa ari èu ètu d'ara rai, te ja'a dhu kèdhi aa'i-aa'i le!","Èle èèna ka, Ama Lamatua karèi Kain, aku Nèngu na, ""Nga tao ka èu tao sèmi èèna? Lodꞌo èu pake aꞌari èu, ropa èu pake aꞌari èu, lii padhai lii dènge jaꞌa nèti rai-haha ne.""","Èle èèna ka, Ama Lamatua karèi Kain, ""Nga tao ka èu tao sèmi èèna? Lii raa a'ari èu taraa dènge ja'a ngèti rai-haha ne.""",,eng,nfa,English,Dhao,3.0686,-0.4219,0.3374
"now therefore thou shalt be cursed on the earth, that opened his mouth, and received of thine hand the blood of thy brother. and so now thou shalt be cursed on the earth, that hath opened its mouth, and received thy brother's blood from thy hand.","de lii dhoo lèke le mi dedha èu. lod'o èu pamadhe ari èu, rai sakid'o nare raa na. de limuri ne, rai bisa heka nèti mamuri mi èu.","Nèti èèna ka, Ama Lamatua pahaha iisi mi èu, lula èu bhoke eele aꞌari èu, sèna ka na pamadhe aꞌari èu. Nèti èèna ka, Ama Lamatua pahaha iisi mi èu, lula èu bhoke eele aꞌari èu, sèna ka na pamadhe aꞌari èu.","Nèti èèna ka, èu neo pahaha iisi ètu rai, rai nenga bhoke hèba nèngu, aa sèmi raa aꞌari èu ngèti kacui.aai èu. Nèti èèna ka, èu neo pahaha iisi ètu rai, rai nenga bhoke hèba nèngu, aa sèmi raa aꞌari èu ngèti kacui.aai èu.",,eng,nfa,English,Dhao,-1.2392,-5.9478,-4.785
"when thou shalt work the earth, it shall not give his fruits to thee; thou shalt be unstable of dwelling, and fleeing about on the earth, in all the days of thy life. when thou shalt work the earth, it shall not give its fruits to thee; thou shalt be of unstable dwelling, and fleeing about on the earth, all the days of thy life.","de ladhe èu sab'a oka-tedhe, rai ne hia heka èu ngaa-ngaa. nèti deo ne'e, èu lu'u sa haa-sa dhimu, sèmi dhèu dhu dènge boe era paleo-palu'u.","Lodꞌo èu sabꞌa ètu rai-haha ne, na, èu sabꞌa boe ngaa-ngaa. De ladhe èu sabꞌa ètu rai-haha ne, na, èu sabꞌa boe ngaa-ngaa. De ladhe èu sabꞌa ètu rai-haha ne, na, èu sabꞌa boe ngaa-ngaa. De ladhe èu sabꞌa ètu rai-haha ne, na, èu sabꞌa boe ngaa-ngaa. De ladhe èu sabꞌa ètu rai-haha ne, na, èu sabꞌa boe ngaa-ngaa. De ladhe èu sabꞌa ètu rai-haha ne, na, èu sabꞌa boe ngaa-ngaa.","Lod'o èu neo saba ètu rai-haha ne, na, ne neo boe hia hua ne èu. De èu neo boe èmu oka, aa lèka-lèka ètu rai-haha, ètu aa'i lod'o èu.",,eng,nfa,English,Dhao,-1.9313,-6.5217,-2.2731
"and cain said to the lord, my wickedness is more than that i deserve forgiveness for; and cain said to the lord, my punishment is more than that i can bear;","te ngaa kaen b'ala lamatua, aku nèngu na, haii! ama lamatua, ee! lamatua dhoo ja'a bia titu kèna, de ja'a pasae mèke boe nga.","Hèia Kain peka dènge Ama Lamatua, aku nèngu na, ""Ama Lamatua saku eele le sasala-sasigo jaꞌa."" Ka Kain peka dènge Ama Lamatua, aku nèngu na, ""Ama Lamatua saku eele sasala-sasigo jaꞌa, te ngaa jaꞌa bisa boe sabajꞌa.""","Hèia Kain peka dènge Ama Lamatua, ""Ama Lamatua saku eele le sasala-sasigo jaꞌa."" Ka Kain peka dènge Ama Lamatua, ""Saku jaꞌa eele, te ngaa jaꞌa bisa boe sabajꞌa.""",,eng,nfa,English,Dhao,-5.6321,-8.698,-8.0738
"lo! today thou castest me out from the face of the earth; and i shall be hid from thy face, and i shall be unstable of dwelling, and fleeing about in the earth; therefore each man that shall find me shall slay me. behold! today thou castest me out from the face of the earth; and i shall be hid from thy face, and i shall be of unstable dwelling, and fleeing about on the earth; and any man who findeth me shall slay me.","lula lamatua bège eele ja'a nèti era ne'e, ja'a kaj'èu nèti ama lamatua. ja'a kako lole-laa asa mia-mia. de ladhe paraga dènge dhèu, èèna na ra pamadhe ja'a.","Nèti èèna ka, èu paꞌele iie ku jaꞌa nèti rai-haha ne. De ladhe jaꞌa pakabꞌua ètu rai-haha ne, jaꞌa pakabꞌua ètu rai-haha ne. Dhèu aaꞌi-aaꞌi dhu paraga dènge jaꞌa, bèli-camèdꞌa ra pamadhe jaꞌa. De ladhe jaꞌa pakabꞌua ètu rai-haha ne, jaꞌa pakabꞌua ètu rai-haha ne. Dhèu aaꞌi-aaꞌi dhu paraga dènge jaꞌa, bèli-camèdꞌa ra pamadhe jaꞌa. De ladhe jaꞌa pakabꞌua ètu rai-haha ne, jaꞌa pakabꞌua ètu rai-haha ne, te ngaa dhèu aaꞌi-aaꞌi dhu paraga dènge jaꞌa, bèli-camèdꞌa ra pamadhe jaꞌa.","Lod'o ne, èu paꞌele jaꞌa ngèti katanga madha rai-haha ne, aa jaꞌa huni ngèti katanga madha èu, aa jaꞌa pakabꞌua ètu rai-haha ne; nèti èèna ka, dhèu aaꞌi-aaꞌi dhu paraga dènge jaꞌa, bèli-camèdꞌa ra pamadhe jaꞌa. Lod'o ne, èu paꞌele jaꞌa ngèti katanga madha rai-haha ne, aa jaꞌa huni ngèti katanga madha èu, aa jaꞌa pakabꞌua ètu rai-haha ne; aa dhèu aaꞌi-aaꞌi dhu paraga dènge jaꞌa, bèli-camèdꞌa ra pamadhe jaꞌa.",,eng,nfa,English,Dhao,0.3447,0.5611,0.5517
"and the lord said to him, it shall not be done so, but each man that shall slay cain shall be punished sevenfold. and the lord set a sign in cain, that each man that should find him should not slay him. and the lord said to him, it shall not be done so, but any man who shall kill cain shall be punished seven times. and the lord put a mark on cain, so that any man who would find him would not kill him.","te ngaa lamatua dhaa na, aad'o sèmi èèna! dhèu cee dhu pamadhe èu, èèna na ja'a huku ne, babia na pidhu hari risi nèti èu. hèia lamatua tao tadha mi kaen, sèna ka dhèu re'a ho baku pamadhe ne.","Hèia dhèu aae ne dhaa, aku nèngu na, ""Aadꞌo! Ladhe abhu dhèu dhu pamadhe Kain, bèli-camèdꞌa Ama Lamatua huku ne jꞌajꞌi dhèu pidhu hari."" Hèia Lamatua peka dènge Kain, aku nèngu na, ""Sèmi neꞌe! Ladhe abhu dhèu dhu pamadhe Kain, bèli-camèdꞌa Ama Lamatua huku ne jꞌajꞌi dhèu pidhu hari."" Hèia Lamatua peka dènge Kain, aku Nèngu na, ""Sèmi neꞌe! Ladhe abhu dhèu dhu pamadhe Kain, bèli-camèdꞌa Ama Lamatua huku ne jꞌajꞌi dhèu pidhu hari."" Hèia Lamatua peka dènge Kain, aku nèngu na, ""Sèmi neꞌe! Ladhe abhu dhèu dhu pamadhe Kain, bèli-camèdꞌa Ama Lamatua, bèli-camèdꞌa Ama Lamatua huku ne jꞌajꞌi dhèu pidhu hari.""","Hèia Lamatua peka dènge nèngu, ""Aadꞌo! Tèngaa, ladhe abhu dhèu dhu pamadhe Kain, Lamatua huku nèngu pidhu hari."" Hèia Lamatua tèka dhana ètu Kain, dhu cee-cee dhu dapo nèngu, boe pamadhe nèngu. Hèia Lamatua peka dènge nèngu, ""Aadꞌo! Tèngaa, ladhe abhu dhèu dhu pamadhe Kain, Lamatua huku nèngu pidhu hari."" Hèia Lamatua tèka dhana ètu Kain, dhu cee-cee dhu dapo nèngu, boe pamadhe nèngu.",,eng,nfa,English,Dhao,0.8277,4.5414,4.013
"and cain went out from the face of the lord, and dwelled fleeing about in the earth, at the east coast of eden, that is, of the earthly paradise. and so cain went out from the face of the lord, and lived in the land of nod, to the east of the garden of eden, that is, to the east of paradise on earth.","hèia kaen tèke eele dènge era èèna. la'e pakaj'èu nèti lamatua, asa era èci, ètu bèka dhimu oka eden. era ne'e, ngara na nod dhu sasoa na, ‘lole-laa'. ka na pea ètu era èèna.","Èle èèna ka, Kain tèke eele nèti madha Lamatua, ka na pea ètu rai-haha ne, ètu sebhe rai-haha ne, ngara na Eden. Ka na pea ètu rai-haha ne, ngara na Nèngu. Nèti èèna ka, Kain pea ètu rai-haha ne, ètu sebhe rai-haha ne, ngara na Nèngu.","Èle èèna ka, Kain tèke eele nèti madha Lamatua, ka na pea rai reo ètu rai-haha ne, ètu sebhe dhimu Eden, ngara na rai-haha paradiso. Nèti èèna ka, Kain tèke eele nèti madha Lamatua, ka na pea ètu rai Nèngu, ètu dhimu oka Eden, ngara na ètu dhimu paradiso ètu rai-haha.",,eng,nfa,English,Dhao,0.0607,2.6053,1.8282
"forsooth cain knew his wife, which conceived, and childed enoch; and cain builded a city, and called the name thereof of the name of his son, enoch, or and cain built a city, and named it after his son enoch.","hèia kaen leo-èmu, ka dhèu èmu na dènge babia. ka nara iisi ana mone ca dhèu, dhu pangare na henok. hèia kaen patitu rae cue, ngara na henok, madhutu ngara ana na.","Èle èèna ka, Kain tenge jꞌara ho jꞌajꞌi dhèu èmu-kamali na. Ka na jꞌajꞌi ana mone, ngara na Henok.","Èle èèna ka, Kain tenge j'ara ho j'aj'i dhèu èmu-kamali na. Ka na j'aj'i ana mone, ngara na Henok. Ka Kain paj'aj'i kota, ka pangaara na ngara ana na Henok.",,eng,nfa,English,Dhao,1.9979,11.0931,10.2456
forsooth enoch begat irad; and irad begat mehujael; and mehujael begat methusael; and methusael begat lamech;,"ka henok matana irad. hèia irad matana mehuyael. mehuyael matana metusael. aa ana metusael, lamek.","forsooth: Enok, ama na, Irad. Irad, ama na, Mehuel. Mehuel, ama na, Metusael. Metusael, ama na, Lamek.","Enok, ama na, Irad aa Irad, ama na, Mehuel aa Mehuel, ama na, Metusael aa Metusael, ama na, Lamek.",,eng,nfa,English,Dhao,-1.3821,-1.2075,-1.8585
"that took two wives, the name to the one wife was adah, and the name to the other was zillah. and lamech took two wives, and his first wife was named adah, and the other was named zillah.","dhèu èmu lamek, dhèu dua. èci ngara na ada, aa ca dhèu hari, ngara na sila.","Lamek abhu dhèu èmu dua, ngara èci, Ada, aa ngara èci, Zilla. Lamek abhu dhèu èmu dua, ngara èci, Ada, aa ngara èci, Zilla.","Lamek abhu dhèu èmu dua, ngara èci, Ada, aa ngara èci, Zilla. Aa Lamek abhu dhèu èmu dua, aa dhèu èmu ka-èci na ngara Ada, aa dhèu èmu la'a ngara Zilla.",,eng,nfa,English,Dhao,-1.2509,5.2179,3.4548
"and adah begat jabal, that was the father of the dwellers in tents, and of shepherds;","ana ada, ngara na yabal. ana-èpu na, j'aj'i dhèu piara badha. mamuri ra ètu boe ca era, aa ra pea dhoka ètu d'ara paleo di.","Èle èèna ka, dhèu aae ne jꞌajꞌi dhèu madhenga, aa dhèu madhenga kahibꞌi-kalèbho. Nèngu jꞌajꞌi dhèu dhu mamuri ètu dꞌara hèbꞌa, aa dhèu madhenga kahibꞌi-kalèbho ètu dꞌara hèbꞌa, aa dhèu madhenga kahibꞌi-kalèbho ètu dꞌara hèbꞌa, aa dhèu madhenga kahibꞌi-kalèbho ètu dꞌara hèbꞌa, aa dhèu madhenga kahibꞌi-kalèbho ètu dꞌara hèbꞌa.","Aa Adah j'aj'i Jabal. Nèngu j'aj'i ama dhèu dhu mamuri ètu d'ara hèb'a, aa dhèu madhenga kahib'i-kalèbho.",,eng,nfa,English,Dhao,15.5786,3.6843,6.2601
and the name of his brother was jubal; he was the father of the singers in harp and organ. and his brother's name was jubal; and he was the father of the players of harps and of organs.,"ari yabal, ngara na yubal. ana-èpu yubal, j'aj'i dhèu gai sasadhu, dènge tiu sakino.","Nèngu jꞌajꞌi ama dhèu seꞌe, ngara na Yubel. Nèngu jꞌajꞌi ama dhèu seꞌe, dhu pajꞌujꞌu hari dènge kacui-aai. Nèngu jꞌajꞌi ama dhèu seꞌe, dhu pajꞌujꞌu hari dènge kacui-aai.",Aa ngara ari na Yubel. Nèngu jꞌajꞌi ama dhèu-dhèu dhu pajꞌujꞌu dènge kacui-aai. Aa ngara ari na Yubel. Aa nèngu jꞌajꞌi ama dhèu-dhèu dhu pajꞌujꞌu dènge kacui-aai.,,eng,nfa,English,Dhao,-1.0517,-3.1492,-4.8554
"and zillah begat tubalcain, that was an hammer-beater, and a smith on all works of brass and of iron, or who used a hammer, and was a smith of all things made out of bronze and of iron; forsooth the sister of tubalcain was naamah.","dhèu èmu lamek èci hari, sila, nara iisi tubal kaen. ana-èpu na j'aj'i tuka bèsi, ka ra tuku mèdha ae-ae tao nèti bèsi, dènge tabaga. ana hèni tubal kaen, ngara na na'ama.","Nèti èèna ka, abhu èci, ngara na Tubalcain. Nèngu ne, aꞌari na, Naama. Nèngu ne, dhèu sabꞌa dhu sabꞌa èci-èci, nèti bèdho dènge bèdho. Nèngu ne, dhèu sabꞌa dhu sabꞌa èci-èci, nèti bèdho dènge bèdho. Nèngu ne, dhèu sabꞌa dhu sabꞌa èci-èci, nèti bèdho dènge bèdho. Nèngu ne, dhèu sabꞌa dhu sabꞌa èci-èci, nèti bèdho dènge bèdho dènge bèdho.","Aa Zillah abhu Tubalcain. Nèngu ne dhèu tuku aa'i saba nèti riti dènge bèdho. Ana-hèni na Tubalcain ne, ngara na Naama.",,eng,nfa,English,Dhao,1.7307,0.4399,2.0181
"and lamech said to his wives, adah and zillah, ye wives of lamech, hear my voice, and harken to my words; for i have slain a man by my wounding, and a young waxing man by my violent beating, or for i have killed a man with my wounding, and a young man with my violent beatings;","ca tèka, lamek padedha iisi na ètu madha dhèu èmu dua ra, peka na, mi nanene, ee! deo na, ana mone ngèru èci neo game ja'a. te ngaa ja'a dhadhedhe ne, toke madhe.","Hèia Lamek peka dènge dhèu èmu-kamali na, aku nèngu na, ""Hudꞌi laa! Hudꞌi laa! Miu aaꞌi-aaꞌi mi! Miu aaꞌi-aaꞌi mi nanene lii jaꞌa, aa nanene lii padhai jaꞌa. Te jaꞌa pamadhe dhèu èci dènge jꞌajꞌèra jaꞌa. Jaꞌa pamadhe dhèu èci dènge jꞌajꞌèra jaꞌa, aa jaꞌa pamadhe dhèu èci dènge jꞌajꞌèra jaꞌa.","Hèia Lamek peka dènge dhèu èmu-kamali na, Adah aa Zillah, nèngu na, ""Miu dhèu èmu-kamali Lamek, nanene lii ja'a, aa nanene lii padhai ja'a. Te ja'a pamadhe dhèu èci dènge j'aj'èra ja'a, aa ja'a pamadhe mone ngèru èci dènge pukul ja'a.""",,eng,nfa,English,Dhao,8.8535,6.8552,7.3017
"if vengeance shall be given sevenfold of cain, forsooth of lamech seventy times seven times. if vengeance shall be given seven times for cain, then for lamech it shall be seventy-seven times.","dhèu dhu pamadhe kaen, abhu huku pidhu hari. te ngaa cee ka dhu neo b'ala ho pamadhe ja'a, abhu huku pidhu nguru pidhu hari.","""Ladhe Ama Lamatua bꞌala Kain, èèna hudꞌi jꞌajꞌi kèna pidhu nguru nguru hari. Ladhe Ama Lamatua bꞌala Kain, èèna hudꞌi jꞌajꞌi kèna pidhu nguru hari.""","Ladhe Ama Lamatua bꞌala Kain, èèna hudꞌi jꞌajꞌi kèna pidhu hari, de Ama Lamatua bꞌala Lamekh, èèna hudꞌi jꞌajꞌi kèna pidhu nguru pidhu hari.",,eng,nfa,English,Dhao,8.6217,5.4739,6.5502
"also yet adam knew his wife, and she childed a son, and called his name seth, and said, god hath put to me another seed for abel, whom cain killed. and adam knew his wife, and she bare a son, and named him seth, for eve said, god hath given me another child for abel, whom cain killed.","ka hawa nara iisi hari ana mone ca dhèu. hèia ra pangare ne, set dhu sasoa na, ‘hia', lula aku hawa na, ama lamatua hia ja'a ana ne, sèna ka gati madha habel, dhu kaen pamadhe ne.","Èle èèna ka, Adam jꞌajꞌi dhèu èmu na kahèi. Ka bhèni ne jꞌajꞌi dhèu ana mone èci, ngara na Set. Ka Adam peka, aku nèngu na, ""Ama Lamatua ka dhu hia jaꞌa ana-èpu ca dhèu, ho jꞌajꞌi dhèu aaꞌi-aaꞌi."" Ka Adam jꞌajꞌi dhèu èmu na kahèi, ka bhèni ne jꞌajꞌi ana mone èci, ngara na Set. Ka Hawa peka, ""Ama Lamatua ka dhu hia jaꞌa ana aaꞌi-aaꞌi, ho jꞌajꞌi dhèu aaꞌi-aaꞌi, ho jꞌajꞌi dhèu aaꞌi-aaꞌi."" Ka Kain pamadhe ne. Ka Adam jꞌajꞌi dhèu aaꞌi-aaꞌi, ka bhèni ne jꞌajꞌi ana mone èci, ngara na Set.","Adam jꞌajꞌi dhèu èmu na kahèi, ka bhèni ne kora ana mone èci, ka ngara na Set. Ka Adam peka, ""Ama Lamatua ka dhu hia jaꞌa hini hiu ca dhèu ho ganti Abel, dhu Kain pamadhe ne."" Ka Adam jꞌajꞌi dhèu èmu na, ka bhèni ne kora ana mone èci, ka ngara na Set. Ka Hawa peka, ""Ama Lamatua ka dhu hia jaꞌa ana hiu ca dhèu ho ganti Abel, dhu Kain pamadhe ne.""",,eng,nfa,English,Dhao,2.1158,4.2977,4.161
"but also a son was born to seth, which son he called enos; this began to call inwardly the name of the lord. and a son was born to seth, whom he called enos; and his generation began to inwardly call on the lord's name.","pe d'ai nèbhu ku, set abhu ana mone ca dhèu, dhu pangare na enos. tèu èèna, dhèu mulai manèngi-mangaj'i mi ama lamatua.","nèti èèna ka, Seth abhu ca dhèu ca dhèu, ngara na Enos. Nèti èèna ka, Seth abhu ca dhèu ca dhèu, ngara na Enos. Nèti èèna ka, dhèu aaꞌi-aaꞌi ra pahaha iisi mi Lamatua.","Tèngaa hèi, Seth abhu ca dhèu, ngara na Enos. Nèti èèna ka, ia pahaha iisi ngara Lamatua. Aa Seth abhu ca dhèu hèi, ngara na Enos. Aa ana-ana na pahaha iisi ngara Lamatua.",,eng,nfa,English,Dhao,-0.5565,-1.4927,-2.0
"this is the book of the generations of adam, in the day wherein god made man of nought. god made man to the image and likeness of god; this is the book of the descendants of adam. on the day when god made man out of nothing, god made man in the image and likeness of god; god formed them male and female, and blessed them, and called the name of them adam, in the day in which they were formed. god formed them male and female, and blessed them, and called their name man, on the day when they were formed.","lod'o ama lamatua paj'aj'i dhèu rai-haha, na tao si sama sèmi rupa nèngu. na paj'aj'i si, dhèu mone dènge dhèu bhèni. ka na pangare si ‘dhèu rai-haha', aa na hia si berkat. dhèu dhu uru, ngara na adam. ana-èpu adam, nuka sèmi ne'e ka:","Ètu dꞌara Sasuri Mola-Mèci Lamatua, Lamatua pajꞌajꞌi dhèu rai-haha, dhèu mone dènge dhèu bhèni. Èle èèna ka, Lamatua pajꞌajꞌi dhèu dua, ngara na Adam dènge dhèu bhèni.","Nenga Sasuri ana-èpu Adam, ètu lod'o ropa Lamatua pajꞌajꞌi dhèu ètu aad'o. Lamatua pajꞌajꞌi dhèu sèmi paloa Lamatua; nenga Sasuri ana-èpu Adam, ètu lod'o ropa Lamatua pajꞌajꞌi dhèu ètu aad'o, Lamatua pajꞌajꞌi dhèu sèmi paloa Lamatua; Lamatua pajꞌajꞌi nèngu dhèu mone dènge dhèu bhèni, dènge pabèni nèngu, dènge ngara na Adam, ètu lod'o ropa nèngu pajꞌajꞌi. Lamatua pajꞌajꞌi nèngu dhèu mone dènge dhèu bhèni, dènge pabèni nèngu, dènge ngara na dhèu, ètu lod'o ropa nèngu pajꞌajꞌi.",,eng,nfa,English,Dhao,-12.4119,2.5347,-2.4719
"forsooth adam lived an hundred years and thirty, and begat a son to his image and likeness, and called his name seth. and adam lived a hundred and thirty years, and then begat a son in his image and likeness, and called his name seth.","lod'o adam d'ai ca ngasu tèlu nguru tèu, na matana ana mone ca dhèu, dhu rèhu na nare adam. ka pangare na, set.","Èle èèna ka, Adam pea ètu rai-haha ne, toke dꞌai mia tèlu nguru tèu. Hèia na nara iisi ana mone èci, nuka sèmi na. Hèia na pangare ne, Seth. Èle èèna ka, Adam pea ètu rai-haha ne, toke dꞌai mia tèlu nguru tèu.","Èle èèna ka, Adam muri cangasu tèu aa tèlu nguru, aa na nara iisi ana mone èci nuka sèmi na, aa na pangare ne, Seth. Aa Adam muri cangasu tèu aa tèlu nguru, aa na nara iisi ana mone èci nuka sèmi na, aa na pangare ne, Seth.",,eng,nfa,English,Dhao,-2.6617,4.2064,2.5225
"and the days of adam after that he begat seth were made eight hundred years, and he begat sons and daughters.","ka adam mamuri hari d'ai aru ngasu tèu, hèia na abhu hari ana mone dènge ana bhèni.","Èle èèna ka, Adam mamuri toke dꞌai 800 tèu. Èle èèna ka, na nara iisi ana mone dènge ana bhèni cahagꞌe.","Èle èèna ka, Adam mamuri toke dꞌai 800 tèu, aa na mamuri ana mone dènge ana bhèni.",,eng,nfa,English,Dhao,12.6971,2.6071,4.7076
"and all the time in which adam lived was made nine hundred years and thirty, and he was dead. and all the time in which adam lived was nine hundred and thirty years, and then he died.","umur adam ceo ngasu tèlu nguru tèu, heka madhe kèna.","Èle èèna ka, Adam mamuri nèu nguru tèlu nguru tèu. Hèia na madhe. Èle èèna ka, Adam mamuri nèu nguru tèlu nguru tèu.","Aa lod'o Adam mamuri aa'i nèu siu ngasu tèlu nguru tèu, hèia na madhe.",,eng,nfa,English,Dhao,19.225,13.7534,16.4372
"and seth lived an hundred and five years, and then begat enos.","lod'o set d'ai ca ngasu lèmi tèu, na abhu ana mone ca dhèu, ngara na enos.","Ropa Seth mamuri, na abhu Enos.","Aa Seth mamuri cangasu aa lèmi tèu, na abhu Enos.",,eng,nfa,English,Dhao,17.5184,22.4388,19.8147
"and seth lived after that he begat enos eight hundred and seven years, and begat sons and daughters.","ka set mamuri hari d'ai aru ngasu pidhu tèu, na abhu hari ana mone dènge ana bhèni.","Èle èèna ka, Seth mamuri toke dꞌai èpa nguru nguru nguru tèu. Èle èèna ka, na abhu ana mone dènge ana bhèni cahagꞌe.","Aa Seth muri èle ka na abhu ana Enos aru ngasu dènge pidhu tèu, aa abhu ana mone dènge ana bhèni.",,eng,nfa,English,Dhao,17.6206,9.6934,11.7197
"and all the days of seth were made nine hundred and twelve years, and then he was dead.","umur set ceo ngasu canguru dua tèu, heka madhe kèna.","Èle èèna ka, Seth mamuri nèu nguru dua tèu. Hèia na madhe.","aa aa'i lod'o Seth, nèngu mamuri nèu sio ngasu aa canguru dua tèu, Hèia na madhe.",,eng,nfa,English,Dhao,5.3307,10.7464,9.9583
"forsooth enos lived ninety years, and then begat cainan;","lod'o enos mamuri d'ai ceo nguru tèu, na matana ana mone ca dhèu, ngara na kenan.","Lodꞌo Enos mamuri, nèngu abhu bèi-baki.","Enos mamuri ninety tèu, aa nèngu abhu Cainan.",,eng,nfa,English,Dhao,2.4901,5.5277,5.6892
"after whose birth enos lived eight hundred and fifteen years, and begat sons and daughters.","ka enos mamuri hari d'ai aru ngasu canguru lèmi tèu, na abhu hari ana mone dènge ana bhèni.","Lodꞌo Enos nara iisi na, nèngu mamuri heka nguru nguru tèlu nguru tèu. Hèia na nara iisi ana mone dènge ana bhèni.","Lodꞌo Enos nara iisi na, nèngu mamuri heka aru ngasu dènge nguru lima tèu. Hèia na nèngu nara iisi ana mone dènge ana bhèni.",,eng,nfa,English,Dhao,1.4464,4.8678,4.7742
"and all the days of enos were made nine hundred and five years, and then he was dead.","umur enos ceo ngasu lèmi tèu, heka madhe kèna.","Nèti èèna ka, Enos mamuri toke dꞌai nèu nguru nguru nguru tèu. Hèia na madhe.",Aa Enos mamuri toke d'ai nèu siu ngasu dènge lèmi tèu. Hèia na madhe.,,eng,nfa,English,Dhao,8.6211,11.2199,10.6365
"also cainan lived seventy years, and begat mahalaleel. and cainan lived seventy years, and then begat mahalaleel.","lod'o kenan d'ai pidhu nguru tèu, na matana ana mone ca dhèu, ngara na mahalalel.","Caen mamuri dènge dhèu èpa nguru tèu, hèia na nara iisi na, hèia na nara iisi na, hèia na nara iisi na, hèia na jꞌajꞌi dhèu èpa nguru tèu, heka na jꞌajꞌi dhèu unu na. Nèti èèna ka, na nara iisi na, hèia na jꞌajꞌi dhèu unu na, hèia na jꞌajꞌi dhèu unu na, hèia na jꞌajꞌi dhèu unu na, hèia na jꞌajꞌi dhèu unu na, hèia na jꞌajꞌi dhèu unu na, hèia na jꞌajꞌi dhèu unu na, hèia na jꞌajꞌi dhèu unu na.","Hèi Caen muri pidhu nguru tèu, aa na nara ana Mahalaleel. Aa Caen muri pidhu nguru tèu, aa hèia na nara ana Mahalaleel.",,eng,nfa,English,Dhao,13.0411,18.0958,19.4548
"and cainan lived after that he begat mahalaleel eight hundred and forty years, and begat sons and daughters.","ka kenan mamuri hari d'ai aru ngasu èpa nguru tèu, ka na abhu hari ana mone dènge ana bhèni.","Èle èèna ka, Kain mamuri èpa nguru nguru èpa nguru tèu. Èle èèna ka, na nara iisi ana mone dènge ana bhèni cahagꞌe, sèna ka jꞌajꞌi dhèu aaꞌi-aaꞌi ètu dꞌara Èmu Kapua Manèngi-Mangajꞌi ètu dꞌara Èmu Kapua Manèngi-Mangajꞌi ètu dꞌara Èmu Kapua Manèngi-Mangajꞌi ètu dꞌara Èmu Kapua Manèngi-Mangajꞌi ètu dꞌara Èmu Kapua Manèngi-Mangajꞌi ètu dꞌara Èmu Kapua Manèngi-Mangajꞌi ètu dꞌara Èmu Kapua Manèngi-Mangajꞌi ètu dꞌara Èmu Kapua Manèngi-Mangajꞌi ètu dꞌara Èmu Kapua Manèngi-Mangajꞌi.","aa Kain mamuri èle ka na nara iisi Mahalaleel aru ngasu dènge èpa nguru tèu, aa na nara iisi ana mone dènge ana bhèni.",,eng,nfa,English,Dhao,31.734,20.1777,27.496
"and all the days of cainan were made nine hundred and ten years, and then he was dead.","umur kenan ceo ngasu canguru tèu, heka madhe kèna.","Èle èèna ka, Naaman mamuri dꞌai nèu nguru nguru canguru. Hèia na madhe.","Èle èèna ka, aa'i lod'o Kainan mamuri dꞌai nèu siu ngasu nguru tèu. Hèia na madhe.",,eng,nfa,English,Dhao,1.9337,4.0672,3.2764
"forsooth mahalaleel lived sixty years and five, and begat jared. and mahalaleel lived sixty-five years, and then begat jared.","lod'o mahalalel d'ai èna nguru lèmi tèu, na abhu ana mone ca dhèu, ngara na yared.","Ropa tadèngi lii padhai Ama Lamatua, hèia Ama Lamatua padꞌelo jꞌara mamuri Na mi dhèu aaꞌi-aaꞌi. Ropa tadèngi lii padhai Ama Lamatua, hèia Ama Lamatua padꞌelo jꞌara mamuri Na mi dhèu aaꞌi-aaꞌi. Ropa tadèngi lii padhai Ama Lamatua, hèia Ama Lamatua padꞌelo jꞌara mamuri Na mi dhèu aaꞌi-aaꞌi. Ropa tadèngi lii padhai Ama Lamatua, hèia Ama Lamatua padꞌelo jꞌara mamuri Na mi dhèu aaꞌi-aaꞌi.",Mahalaleel muri èna nguru lèmi tèu aa parahi Jared.,,eng,nfa,English,Dhao,18.8501,21.6206,24.0878
"and mahalaleel lived after that he begat jared eight hundred and thirty years, and begat sons and daughters.","ka mahalalel mamuri hari d'ai aru ngasu tèlu nguru tèu, na abhu hari ana mone dènge ana bhèni.","Èle èèna ka, Mahalalel mamuri toke dꞌai nguru nguru tèlu nguru tèu. Èle èèna ka, na abhu ana mone dènge ana bhèni ca dhèu.","Aa Mahalalel mamuri èle èèna ka na abhu Jared, toke dꞌai aru ngasu aa tèlu nguru tèu, aa na abhu ana mone dènge ana bhèni.",,eng,nfa,English,Dhao,9.1986,6.6393,7.2791
"and all the days of mahalaleel were made eight hundred and ninety and five years, and then he was dead.","umur mahalalel aru ngasu ceo nguru lèmi tèu, heka na madhe kèna.","Nèti èèna ka, Mahalalel mamuri dꞌai nguru nguru nguru nguru nguru nguru nguru nguru tèu. Hèia na madhe.","Aa rarahai lod'o Mahalalel mamuri dꞌai aru ngasu aa sanga nguru aa lèmi tèu, aa nèngu madhe.",,eng,nfa,English,Dhao,13.3297,10.132,11.3236
"and jared lived an hundred and two and sixty years, and then begat enoch.","lod'o yared d'ai cangasu èna nguru dua tèu, na abhu ana mone ca dhèu, ngara na henok.","Rèngu mamuri toke èpa nguru dua nguru tèu. Èle èèna ka, na nara iisi ana na, Henok.","Jared mamuri toke cangasu èna nguru dua tèu, aa èle èèna ka, na nara iisi ana na, Henok.",,eng,nfa,English,Dhao,24.8933,16.1919,15.7153
"and jared lived after that he begat enoch eight hundred years, and begat sons and daughters.","ka yared mamuri d'ai aru ngasu tèu, na abhu hari ana mone dènge ana bhèni.","Lodꞌo èèna, Yarem pea ètu dꞌara èmu Enok, heka dꞌai 800 tèu. Nèti èèna ka, na abhu ana mone dènge ana bhèni ca dhèu.","Aa Yarem muri èlé ka na abhu ana Enok, heka d'ai aru ngasu tèu, aa na abhu ana mone dènge ana bhèni.",,eng,nfa,English,Dhao,24.6603,20.2407,20.7627
"and all the days of jared were made nine hundred and two and sixty years, and then he was dead.","umur yared ceo ngasu èna nguru dua tèu, heka madhe kèna.","Èle èèna ka, Yared mamuri nèu nguru dua nguru sèra. Hèia na madhe.","Aa aa'i lod'o nèu Yared mamuri nèu sio ngasu dènge nguru èna dènge dua tèu, hèia na madhe.",,eng,nfa,English,Dhao,2.9798,7.3981,7.4474
"forsooth enoch lived five and sixty years, and then begat methuselah.","ropa henok mamuri d'ai èna nguru lèmi tèu, na matana ana mone ca dhèu, ngara na metusalak.","Lodꞌo Henok mamuri, nèngu mamuri èpa nguru nguru tèu. Hèia na abhu dhèu èci, ngara na Methu.","Henok mamuri èna nguru lèmi tèu. Hèia na abhu dhèu èci, ngara na Methuselah.",,eng,nfa,English,Dhao,23.315,10.0327,11.1268
"and enoch went with god or and enoch walked with god; and enoch lived after that he begat methuselah three hundred years, and begat sons and daughters.","ele èèna, henok mamuri d'ara èci dènge ama lamatua d'ai tèlu ngasu tèu. ka na abhu hari ana mone dènge ana bhèni.","Lodꞌo èèna, Henok pea dènge Ama Lamatua. Lodꞌo èèna, nèngu mamuri toke dꞌai tèlu nguru tèu. Hèia na abhu ana mone dènge ana bhèni cahagꞌe, sèna ka jꞌajꞌi dhèu aaꞌi-aaꞌi ètu dꞌara jꞌara-jꞌara aaꞌi-aaꞌi ètu dꞌara Èmu Kapua Manèngi-Mangajꞌi ètu dꞌara Èmu Kapua Manèngi-Mangajꞌi ètu dꞌara Èmu Kapua Manèngi-Mangajꞌi ètu dꞌara Èmu Kapua Manèngi-Mangajꞌi ètu dꞌara Èmu Kapua Manèngi-Mangajꞌi ètu dꞌara Èmu Kapua Manèngi-Mangajꞌi ètu dꞌara Èmu Kapua Manèngi-Mangajꞌi ètu dꞌara Èmu Kapua Manèngi-Mangajꞌi ètu dꞌara Èmu Kapua Manèngi-Mangajꞌi.","aa Henok pea dènge Ama Lamatua; aa Henok muri èle ka nèngu abhu ana Metusala tèlu ngasu tèu, aa nèngu abhu ana mone dènge ana bhèni.",,eng,nfa,English,Dhao,23.0976,10.519,15.6722
"and all the days of enoch were three hundred and five and sixty years. and enoch went with god or and enoch walked with god, and appeared not afterward, for god took him away.","na mamuri d'ara èci dènge ama lamatua. hèia lod'o na d'ai tèlu ngasu èna nguru lèmi tèu, ka na ele, lula ama lamatua paca'e ne sa dedha.","Nèti èèna ka, Henok mamuri tèlu nguru tèlu nguru tèu dènge nguru nguru tèu. Nèngu mamuri paꞌèci dènge Ama Lamatua. Nèti èèna ka, dhèu aaꞌi-aaꞌi reꞌa boe, lula Ama Lamatua dedꞌe ne.","Aa Henok mamuri tèlu ngasu èna nguru lèmi tèu. Aa nèngu mamuri paꞌèci dènge Ama Lamatua. Aa heka dhèu aaꞌi-aaꞌi reꞌa boe, lula Ama Lamatua dedꞌe ne.",,eng,nfa,English,Dhao,18.6346,12.7395,12.7625
"also methuselah lived an hundred and seven and eighty years, and begat lamech. and methuselah lived a hundred and eighty-seven years, and then begat lamech.","lod'o metusalak d'ai cangasu aru nguru pidhu tèu, na matana ana mone èci, ngara na lamek.","Èle èèna ka, Metus mamuri èpa nguru pidhu nguru tèu, hèia na nara iisi Lamek. Èle èèna ka, Metus mamuri èpa nguru tèu nguru tèu, hèia na nara iisi Lamek.","Èle èèna ka, Metus mamuri cangasu aru nguru pidhu tèu, hèia na nara iisi Lamek. Èle èèna ka, Metus mamuri cangasu aru nguru pidhu tèu, hèia na nara iisi Lamek.",,eng,nfa,English,Dhao,10.5363,12.8239,11.6659
"and methuselah lived after that he begat lamech seven hundred and two and eighty years, and begat sons and daughters.","èle èèna ka, metusalak mamuri hari d'ai pidhu ngasu aru nguru dua tèu, ka na abhu hari ana mone dènge ana bhèni.","Èle èèna ka, Metus mamuri uru èèna dènge dua nguru pidhu nguru tèu. Èle èèna ka, na abhu hari ana mone dènge ana bhèni ca dhèu.","aa Metus mamuri èle ka na abhu Lamek pidhu ngasu aru nguru dua tèu, aa na abhu ana mone dènge ana bhèni.",,eng,nfa,English,Dhao,14.65,4.7417,6.7678
"and all the days of methuselah were made nine hundred and nine and sixty years, and then he was dead.","umur metusalak ceo ngasu èna nguru ceo tèu, heka madhe kèna.","Èle èèna ka, Metuselah mamuri nèu nguru tèu dènge èpa nguru tèu. Hèia na madhe.","Èle èèna ka, Metuselah mamuri nèu sio ngasu dènge èna nguru dènge sio tèu. Hèia na madhe.",,eng,nfa,English,Dhao,6.1329,8.8804,8.5828
"forsooth lamech lived an hundred and two and eighty years, and then begat a son;","lod'o lamek mamuri d'ai ca ngasu aru nguru dua tèu, na matana ana mone ca dhèu.","Ropa Lamek mamuri, nèngu mamuri tèu nguru dua nguru tèu. Hèia na nara iisi ana mone ca dhèu.","Ropa Lamek mamuri cangasu aa aru nguru aa dua tèu, hèia na nara iisi ana mone ca dhèu.",,eng,nfa,English,Dhao,9.5577,10.2189,10.1864
"and he called his name noe, and said, this man shall comfort us of the works and travails of our hands, in the land which the lord cursed. and he called his name noah, and said, this son shall bring us comfort from all the work and labour of our hands, on the land which the lord hath cursed.","lamek pangare ne noh dhu sasoa na ‘pakarej'e d'ara', lula na peka na, ana ne, èèna na pakarej'e d'ara èdhi nèti sasab'a dhu bia, ètu rai dhu ama lamatua dhoo le.","Èle èèna ka, Ama Lamatua hagꞌe nare dhèu aaꞌi-aaꞌi ètu rai-haha ne, sèna ka dhèu aaꞌi-aaꞌi jꞌajꞌi dhèu aaꞌi-aaꞌi. Nèti èèna ka, Ama Lamatua hagꞌe nare dhèu aaꞌi-aaꞌi ètu rai-haha ne, sèna ka dhèu aaꞌi-aaꞌi jꞌajꞌi dhèu aaꞌi-aaꞌi. Nèti èèna ka, Ama Lamatua hagꞌe nare dhèu aaꞌi-aaꞌi ètu rai-haha ne, sèna ka dhèu aaꞌi-aaꞌi jꞌajꞌi dhèu aaꞌi-aaꞌi. Nèti èèna ka, Ama Lamatua hagꞌe nare dhèu aaꞌi-aaꞌi ètu rai-haha ne, sèna ka dhèu aaꞌi-aaꞌi jꞌajꞌi dhèu aaꞌi-aaꞌi.","Aa nèia pa'èdhi ngara nèia Noa, aa pa'èdhi, 'Ana nenga ne tèti d'ara ate j'i'i ngèti saba aa'i nèti kacui.aai j'i'i, ètu rai nenga nèti Lamatua tao d'èd'a.'",,eng,nfa,English,Dhao,5.7159,4.3801,6.4627
"and lamech lived after that he begat noe five hundred and ninety and five years, and begat sons and daughters. and after that he begat noah, lamech lived five hundred and ninety-five years, and begat sons and daughters.","ka lamek mamuri taruu d'ai lèmi ngasu ceo nguru lèmi tèu, aa na abhu hari ana mone dènge ana bhèni.","Èle èèna ka, Lamek mamuri èpa nguru nguru nguru nguru nguru nguru èpa hari. Nèti èèna ka, na nara iisi ana mone dènge ana bhèni. Lamek mamuri èpa nguru nguru nguru nguru nguru nguru nguru nguru nguru èpa hari.","Aa èle èèna ka na nara Noa, Lamek mamuri lèmi ngasu sanga nguru lèmi tèu, aa na nara iisi ana mone dènge ana bhèni. Aa èle èèna ka na nara Noa, Lamek mamuri lèmi ngasu sanga nguru lèmi tèu, aa na nara iisi ana mone dènge ana bhèni.",,eng,nfa,English,Dhao,10.8893,18.0061,15.6452
"and all the days of lamech were made seven hundred and seventy and seven years, and he was dead. and all the days of lamech were made seven hundred and seventy-seven years, and then he died.","umur lamek pidhu ngasu pidhu nguru pidhu tèu, heka na madhe kèna.","Èle èèna ka, Lamek mamuri dènge pidhu nguru dènge pidhu nguru dènge pidhu nguru dènge dhèu. Hèia na madhe.","Aa aa'i lod'o Lamek mamuri pidhu ngasu dènge pidhu nguru dènge pidhu tèu, hèia na madhe.",,eng,nfa,English,Dhao,15.4742,12.6738,14.8527
"forsooth noe, when he was of five hundred years, begat shem, ham, and japheth. and noah, when he was five hundred years old, begat shem, ham, and japheth.","lod'o noh mamuri d'ai lèmi ngasu tèu, na matana ana mone dhèu tèlu, sem, yafet dènge ham.","Èle èèna ka, dhèu aaꞌi-aaꞌi ètu rai-haha ne jꞌajꞌi dhèu aaꞌi-aaꞌi ètu rai-haha ne. Nèti èèna ka, dhèu aaꞌi-aaꞌi ètu rai-haha ne rai-haha ne jꞌajꞌi dhèu aaꞌi-aaꞌi ètu rai-haha ne. Nèti èèna ka, dhèu aaꞌi-aaꞌi ètu rai-haha ne jꞌajꞌi dhèu aaꞌi-aaꞌi ètu rai-haha ne. Nèti èèna ka, dhèu aaꞌi-aaꞌi ètu rai-haha ne jꞌajꞌi dhèu aaꞌi-aaꞌi ètu rai-haha ne jꞌajꞌi dhèu aaꞌi-aaꞌi ètu rai-haha ne.","Noe, lod'o nèngu lèmi ngasu tèu, nèngu ana Sem, Ham, aa Japet.",,eng,nfa,English,Dhao,21.7746,18.2359,21.785
"and when men began to be multiplied on the earth, and had begat daughters,","taa èèna, dhèu rai-haha, asa bèba-kacanga. ka ra papala-palème rai-haha. dhèu se matana kahèi ana-ana bhèni.","Èle èèna ka, bèli-camèdꞌa dhèu aaꞌi-aaꞌi ra jꞌajꞌi dhèu ae-ae ètu rai-haha ne, aa ra abhu ana bhèni kahèi.","Èle èèna ka, dhèu bèli-camèdꞌa ètu rai-haha ne, aa ra abhu ana bhèni.",,eng,nfa,English,Dhao,2.7176,-2.9725,-0.9634
"the sons of god saw the daughters of men that they were fair, and took wives to them of all which they had chosen. the sons of god saw that the daughters of men were beautiful, and took wives for themselves of all whom they had chosen.","ana-ana mone nèti lamatua ladhe rèdhi ana bhèni nèti dhèu rai-haha se, bhèni iia hua. ka lasi todhe rare ana bhèni mia dhu ra d'èi.","Èle èèna ka, ana-ana Ama Lamatua ladhe rèdhi, na, ana bhèni dhèu rai-haha se, dhèu bhèni dhu beꞌa. Hèia rèdhi, na, ana bhèni dhèu rai-haha se, dhèu bhèni dhu beꞌa. Hèia rèdhi, na, ana bhèni dhèu rai-haha se, dhèu bhèni dhu beꞌa.","Èle èèna ka, ana-ana Ama Lamatua ladhe rèdhi, na, ana bhèni dhèu rai-haha se, dhèu bhèni dhu beꞌa. Hèia sèra èmu dhèu bhèni baꞌa sèra, ngaa-ngaa dhu sèra ladhe pili.",,eng,nfa,English,Dhao,4.7093,0.7007,2.091
"and god said, my spirit shall not dwell in man without end, for he is flesh; and the days of him shall be an hundred and twenty years.","ka lamatua peka na, ja'a roca le dènge tatao dhèu dhu lèke-lèke boe se. roh ja'a dhu pamamuri rèngu sa, d'èi heka hia ra mamuri manèro. hud'i rèngu madhe ku. de èèna na, mamuri rèngu se dhoka d'ai ca ngasu dua nguru tèu di.","Èle èèna ka, Ama Lamatua peka dènge Ne, aku Nèngu na, ""Jaꞌa neo paꞌèki heka dènge dhèu rai-haha, lula dhèu rai-haha ne, dhèu rai-haha. Nèti èèna ka, Lamatua peka dènge Ne, aku Nèngu na, ""Jaꞌa neo paꞌèki heka dènge dhèu rai-haha ne, toke dꞌai mia nguru dua nguru tèu.""","Ama Lamatua peka, ""Manadu Ja'a boe taha ètu dhèu rai-haha toke d'ai tèu-tèu, lula nèngu ne, dhèu d'ara; aa lod'o nèngu na'a cangasu dua nguru tèu.""",,eng,nfa,English,Dhao,3.7151,-2.1948,-1.7846
"soothly giants were on the earth in those days, forsooth after that the sons of god entered in to the daughters of men, and those daughters begat; these were mighty of the world and famous men or these were the mighty and famous men of the world.","taa èèna, dènge taa-tebho dhu limuri nèti èèna hari, abhu le dhèu raksasa ètu rai-haha ne. ropa ana mone nèti lamatua leo rare ana bhèni dhèu rai-haha se, ka rara iisi dhèu kapai, nuka: kapala musu, dhèu re'a madhutu lii lolo uru-uru sèra.","Lodꞌo èèna, ana-ana Ama Lamatua cahagꞌe dènge ana bhèni dhèu rai-haha. Rèngu seꞌe ka dhu jꞌajꞌi dhèu aae-dhèu kapai. Rèngu seꞌe ka dhu jꞌajꞌi dhèu aae-dhèu kapai ètu rai-haha ne. Rèngu seꞌe ka dhu jꞌajꞌi dhèu aae-dhèu kapai ètu rai-haha ne. Rèngu seꞌe ka dhu jꞌajꞌi dhèu aae-aae kapai ètu rai-haha ne. Rèngu seꞌe ka dhu jꞌajꞌi dhèu aae-aae kapai ètu rai-haha ne. Rèngu seꞌe ka dhu jꞌajꞌi dhèu aae kapai ètu rai-haha ne. Rèngu seꞌe ka dhu jꞌajꞌi dhèu aae kapai ètu rai-haha ne. Rèngu seꞌe ka dhu jꞌajꞌi dhèu aae kapai ètu rai-haha ne.","Lodꞌo èèna, dhèu aae-aae kapai dènge ètu rai-haha. Èle ka ana-ana Ama Lamatua maso ètu ana bhèni dhèu rai-haha, aa ana bhèni sèra paj'aj'i ana. Rèngu seꞌe ka dhu jꞌajꞌi dhèu aae-dhèu kapai ètu rai-haha ne.",,eng,nfa,English,Dhao,13.5885,3.2423,7.5043
"soothly god saw that much malice of men was in the earth, and that all the thought of their heart was attentive, either given over, to evil in all time, and god saw that there was much malice in people on the earth, and that all the thoughts of their hearts were given over to evil all the time,","taa èèna, lamatua ladhe nèdhi bhabhelu-katub'a dhèu rai-haha dhu seli-kolane. d'ara rèngu pangee dhoka bhabhelu di.","Èle èèna ka, Ama Lamatua ladhe-leru dhèu aaꞌi-aaꞌi dhu tao bhabhelu-katubꞌa ètu rai-haha ne. Nèti èèna ka, Lamatua ladhe-leru dhèu aaꞌi-aaꞌi dhu tao bhabhelu-katubꞌa ètu rai-haha ne. Nèti èèna ka, Lamatua ladhe-leru dhèu aaꞌi-aaꞌi dhu tao bhabhelu-katubꞌa ètu rai-haha ne.","Èle èèna ka, Ama Lamatua ladhe-leru dhèu aaꞌi-aaꞌi dhu tao bhabhelu-katubꞌa ètu rai-haha ne, aa aaꞌi-aaꞌi nèti piki-dara rèngu hia-j'ole asa katubꞌa ètu lod'o aaꞌi.",,eng,nfa,English,Dhao,3.9208,1.1397,3.6559
"and it repented him that he had made man in the earth; and god was wary before against time to coming, and was touched with sorrow of heart within; and he repented that he had made man on the earth; and god was wary about the time to come, and was touched with sorrow of heart within;","ka lamatua manyasa, lula na paj'aj'i le rèngu se ho pea ètu rai-haha ne. tatao rèngu ne'e ka dhu papèd'a d'ara lamatua.","Lodꞌo Ama Lamatua pajꞌajꞌi dhèu rai-haha ètu rai-haha ne, Lamatua dꞌèi heka dꞌara Na, lula Na pajꞌajꞌi dhèu rai-haha ètu rai-haha ne. Nèti èèna ka, Lamatua dꞌèi heka dꞌara Na, lula Na pajꞌajꞌi dhèu rai-haha ètu rai-haha ne. Nèti èèna ka, Lamatua dꞌèi heka dꞌara Na.","Aa Lamatua dꞌèi heka dꞌara Na, lula Na pajꞌajꞌi dhèu rai-haha ètu rai-haha ne. Aa dꞌara Na dꞌèi heka ètu lod'o nèti muri. Aa Lamatua dꞌèi heka dꞌara Na, lula Na pajꞌajꞌi dhèu rai-haha ètu rai-haha ne. Aa dꞌara Na dꞌèi heka ètu lod'o nèti muri.",,eng,nfa,English,Dhao,0.6791,-0.2318,-0.5251
"and said, i shall do away man, whom i made of nought, from the face of the earth; from man till to living things, from creeping beast till to the birds of the heavens; for it repenteth me that i made them. and he said, i shall do away man, whom i made out of nothing, from the face of the earth; from man to beast, from the reptiles to the birds of the air; for i repent that i ever made them.","nèti èèna ka, na peka na, dènge tatao rèngu sèmi èèna na, ja'a huku pamadhe dhèu rai-haha aa'i-aa'i dhu paj'aj'i kore si le. manu-bhui dènge badha leo sèra, ja'a palaho aa'i si kahèi. te ja'a manyasa, nèti ja'a ka paj'aj'i si.","Èle èèna ka, Ama Lamatua peka, aku Nèngu na, ""Jaꞌa neo pamadhe dhèu aaꞌi-aaꞌi dhu Jaꞌa pajꞌajꞌi ètu rai-haha ne. Jaꞌa neo pamadhe dhèu aaꞌi-aaꞌi dhu Jaꞌa pajꞌajꞌi ètu rai-haha ne. Jaꞌa neo pamadhe aaꞌi-aaꞌi dhu Jaꞌa pajꞌajꞌi ètu rai-haha ne. Jaꞌa neo pamadhe aaꞌi-aaꞌi dhu Jaꞌa pajꞌajꞌi ètu rai-haha ne. Jaꞌa neo pamadhe aaꞌi-aaꞌi dhu Jaꞌa pajꞌajꞌi ètu rai-haha ne. Jaꞌa neo pamadhe aaꞌi-aaꞌi dhu Jaꞌa pajꞌajꞌi ètu rai-haha ne. Jaꞌa neo pamadhe aaꞌi-aaꞌi dhu Jaꞌa pajꞌajꞌi ètu rai-haha ne. Jaꞌa neo pamadhe aaꞌi-aaꞌi dhu Jaꞌa pajꞌajꞌi ètu rai-haha ne, aaꞌi-aaꞌi dhu Jaꞌa pajꞌajꞌi ètu rai-haha ne.""","Èle èèna ka, Ama Lamatua peka, ""Jaꞌa neo pamadhe dhèu aaꞌi-aaꞌi, dhu Jaꞌa pajꞌajꞌi, ngèti katanga madha rai-haha ne. Ngèti dhèu tare aaꞌi-aaꞌi dhu mèdha, ngèti loro-loro tare manu-bhui dhu ètu liru. Rowi Jaꞌa sesal dhu Jaꞌa pajꞌajꞌi nèngu aaꞌi-aaꞌi.""",,eng,nfa,English,Dhao,6.915,7.4694,8.3889
forsooth noe found grace before the lord. but noah found grace before the lord.,te ngaa noh di dhu pakarej'e d'ara lamatua.,"Nèti èèna ka, Ama Lamatua padꞌelo dꞌara hua iia Na mi Noh. Nèti èèna ka, Ama Lamatua padꞌelo dꞌara hua iia Na mi Noh.","Nèti èèna ka, Ama Lamatua padꞌelo dꞌara hua iia Na mi Noh. Tèngaa, Ama Lamatua padꞌelo dꞌara hua iia Na mi Noh.",,eng,nfa,English,Dhao,0.0757,3.1456,2.2201
"these be the generations of noe. noe was a just man and perfect in his generations; noe went with god, this is the story of noah. noah was a just, or a righteous, man, and the only good man of his generation; and noah walked with god, and begat three sons, shem, ham, and japheth.","lii lolo noh sèmi ne'e ka: ana mone na, dhèu tèlu, nuka sem, yafet dènge ham. noh mamuri dènge mola, koe-kapengo boe. taa èèna, nèngu di dhu mamuri mola. d'ara na dhodhoka ètu ama lamatua.","Nèngu jꞌajꞌi dhèu dꞌara mola. Nèngu jꞌajꞌi dhèu dhu dꞌara mola. Nèngu jꞌajꞌi dhèu dhu dꞌara mola. Nèngu jꞌajꞌi dhèu dhu dꞌara mola. Nèngu jꞌajꞌi dhèu dhu dꞌara mola. Nèngu jꞌajꞌi dhèu dhu dꞌara mola. Nèngu jꞌajꞌi dhèu dhu dꞌara mola. Nèngu jꞌajꞌi dhèu dhu dꞌara mola. Nèngu jꞌajꞌi dhèu dhu dꞌara mola. Nèngu jꞌajꞌi dhèu dhu dꞌara mola. Nèngu jꞌajꞌi dhèu dhu dꞌara mola. Nèngu jꞌajꞌi dhèu dhu dꞌara mola. Nèngu jꞌajꞌi dhèu dhu dꞌara mola. Nèngu jꞌajꞌi dhèu aaꞌi-aaꞌi, nuka Sem, Ham, dènge Yafet.","Nèngu nuka silsilah Noe. Noe nuka mone dhu d'ara mola, dènge lèke èci-èci ètu nèngu punya silsilah. Noe kako dènge Horo Parahi. Dènge nèngu dhu ana mone tèlu, nuka Sem, Ham, dènge Yafet.",,eng,nfa,English,Dhao,7.8005,10.194,12.741
"forsooth the earth was corrupt before god, and was filled with wickedness. and the earth was corrupt in the sight of god, and filled with wickedness. and when god saw, that the earth was corrupt, for each flesh, or man, had corrupted his way on the earth or for all people had corrupted their ways upon the earth,","te ngaa dhèu leo se, ama lamatua ladhe ra bhelu aa'i mèu-mèu. ètu mia-mia èèna ka, j'ara mamuri dhèu se ele iie aa'i. ama lamatua nèdhi dhodhoka bhabhelu di, ètu rai-haha ne.","Èle èèna ka, dhèu aaꞌi-aaꞌi ètu rai-haha ne jꞌajꞌi bhelu-katubꞌa ètu madha Ama Lamatua. Dhèu aaꞌi-aaꞌi ètu rai-haha ne jꞌajꞌi bhelu-katubꞌa ètu madha Ama Lamatua.","Rai-haha ne j'aj'i bhelu-katub'a ètu madha Ama Lamatua, aa isi babhelu-katuba. Aa rai-haha ne j'aj'i bhelu-katub'a ètu madha Ama Lamatua, aa isi babhelu-katuba. Aa lod'o Ama Lamatua madha, rai-haha ne j'aj'i bhelu-katub'a, dho dhèu aa'i-aa'i ètu rai-haha ne j'aj'i bhelu-katub'a j'ara rèngu.",,eng,nfa,English,Dhao,-4.6945,4.3711,0.9488
"he said to noe, the end of all flesh is come before me; the earth is filled with wickedness of the face of them, and i shall destroy them with the earth. he said to noah, the end of all flesh hath come before me, for they have filled the earth full of wickedness; and so i shall destroy them all, and the earth with them.","hèia ama lamatua peka dènge noh, aku nèngu na, ja'a kèdhi dhoka bhabhelu dhèu di, dhu pale-lème rai-haha ne. ka ja'a pama'ète kore le, sèna ka ja'a palaho aa'i rai-haha ne dènge isi na aa'i-aa'i.","Èle èèna ka, Lamatua peka dènge Noh, aku Nèngu na, ""Jaꞌa neo pamadhe dhèu aaꞌi-aaꞌi ètu rai-haha ne, lula rèngu tao jꞌara-jꞌara bhelu-katubꞌa ètu rai-haha ne. Nèti èèna ka, Jaꞌa neo pamadhe dhèu aaꞌi-aaꞌi ètu rai-haha ne, sama sèmi dhèu aaꞌi-aaꞌi dhu tao jꞌara-jꞌara bhelu-katubꞌa ètu rai-haha ne. De Jaꞌa neo pamadhe dhèu aaꞌi-aaꞌi ètu rai-haha ne, sama sèmi dhèu aaꞌi-aaꞌi dhu tao jꞌara-jꞌara bhelu-katubꞌa ètu rai-haha ne.""","Nèngu peka dènge Noh, ""Kaputu dhèu aaꞌi-aaꞌi nèngu mai ètu Jaꞌa rohu. Lula rèngu isi pènu rai-haha dènge babhelu. De Jaꞌa neo pamadhe rèngu aaꞌi-aaꞌi, dènge rai-haha sama-sama dènge rèngu.""",,eng,nfa,English,Dhao,1.175,-7.0317,-4.5967
"make thou to thee a ship of wood hewn and planed or make thou a ship for thyself out of hewn and planed wood; thou shalt make dwelling places in the ship, and thou shalt anoint it with pitch within and withoutforth.","de sèmi ne'e, noh! èu tao kapa aae cue, dhu tao nèti aj'u adhu. re d'ara roa na, èu bagi mi kama-kama. aa re d'ara dènge li'u kapa, èu lame dènge èi dama.","Èu hudꞌi tao uuru ku nèti ajꞌu dhu kabꞌua. Èu hudꞌi tao uuru ku nèti dꞌara kapai ne, sèna ka tao uuru ku nèti dꞌara kapai ne. Èu hudꞌi tao uuru ku nèti dꞌara kapai ne. Èu hudꞌi tao uuru ku nèti dꞌara kapai ne, sèna ka tao uuru ku nèti dꞌara kapai ne, sèna ka tao uuru ku nèti dꞌara kapai ne, sèna ka tao uuru ku nèti dꞌara kapai ne. Èu hudꞌi tao uuru ku nèti dꞌara kapai ne, sèna ka tao uuru ku nèti dꞌara kapai ne. Èu hudꞌi tao uuru ku nèti dꞌara kapai ne, sèna ka tao uuru ku nèti dꞌara kapai ne.","Èu hud'i tao kapa nèti aj'u dhu tao toru; aa Èu hud'i tao èmu-èmu ètu kapa ne, aa Èu hud'i cèci kapa ne ètu guru-guru d'ara aa d'ori.",,eng,nfa,English,Dhao,9.9425,6.4539,9.3141
"and so thou shalt make it. the length of the ship shall be of three hundred cubits, the breadth shall be of fifty cubits, and the highness thereof shall be of thirty cubits. and thou shalt make it thus. the length of the ship shall be three hundred cubits, and the breadth shall be fifty cubits, and the height of it shall be thirty cubits.","mu sab'e kapa na, madhera na ca ngasu tèlu nguru tèlu meter; bhabhèla na dua nguru dua meter; dènge katitu na canguru tèlu meter.","Èu hudꞌi tao kètu ne, sèmi neꞌe ka: dꞌara na, tèlu nguru hèru, dènge hèru hèru hèru hèru hèru hèru hèru hèru hèru hèru hèru hèru hèru hèru hèru hèru hèru hèru hèru hèru hèru hèru hèru hèru. Èu hudꞌi tao kètu ne, dènge hèru hèru hèru hèru hèru hèru hèru hèru hèru hèru hèru hèru hèru hèru hèru hèru hèru hèru hèru hèru hèru hèru hèru hèru hèru hèru hèru hèru hèru hèru hèru hèru hèru hèru hèru hèru hèru hèru hèru hèru hèru hèru, dènge hèru hèru hèru hèru hèru hèru hèru hèru hèru hèru hèru hèru hèru hèru hèru hèru hèru hèru hèru hèru hèru hèru hèru hèru hèru hèru hèru hèru hèru hèru hèru hèru hèru hèru hèru hèru hèru hèru hèru hèru.","Èu hudꞌi tao kètu ne, sèmi neꞌe ka: dꞌara kapa na, tèlu ngasu hèru, dènge hèru na, lèmi nguru hèru, dènge hèru na, tèlu nguru hèru. Èu hudꞌi tao kètu ne, sèmi neꞌe ka: dꞌara kapa na, tèlu ngasu hèru, dènge hèru na, lèmi nguru hèru, dènge hèru na, tèlu nguru hèru.",,eng,nfa,English,Dhao,3.4151,16.2239,16.6031
"thou shalt make a window in the ship, and thou shalt end the highness thereof in a cubit or and the distance from the top of it to the roof shall be one cubit; soothly thou shalt set the door of the ship in the side beneath; thou shalt make solars, and places of three chambers in the ship.","èu tao èmu ètu dedha kapa na. te ngaa paconga ca laa ai nèti kadidhi re dedha. èu bagi kapa ne mi tèlu tad'a. aa re karasa na, tao babèdho èci.",èu hudꞌi tao jꞌara-jꞌara ètu dedha kapa sèra. Èu hudꞌi tao jꞌara-jꞌara ètu dedha kapa sèra. Èu hudꞌi tao jꞌara-jꞌara ètu dedha kapa sèra. Èu hudꞌi tao jꞌara-jꞌara ètu dedha kapa sèra. Èu hudꞌi tao jꞌara-jꞌara ètu dedha kapa sèra. Èu hudꞌi tao jꞌara-jꞌara ètu dedha kapa sèra. Èu hudꞌi tao jꞌara-jꞌara ètu dedha kapa sèra. Èu hudꞌi tao jꞌara-jꞌara ètu dedha kapa sèra. Èu hudꞌi tao jꞌara-jꞌara ètu dedha kapa sèra. Èu hudꞌi tao jꞌara-jꞌara ètu dedha kapa sèra. Èu hudꞌi tao jꞌara-jꞌara ètu dedha kapa sèra.,"Èu neo tao jꞌara-jꞌara ètu kapa, aa èu neo tao tatia ngèti dedha jꞌara-jꞌara asa dedha kapa neo mesa kubit; èu neo tie hèba kapa ètu baboa dahu; èu neo tao era ètu dedha, aa era tèlu èmu ètu kapa.",,eng,nfa,English,Dhao,7.0144,12.1944,12.9922
"lo! i shall bring waters of deluge, or great flood, on the earth, and i shall slay each flesh in which is the spirit of life under heaven, and all things that be in the earth, shall be wasted. behold! and then i shall bring in waters of a deluge, or of a great flood, on the earth, and i shall kill all flesh under heaven in which is the spirit of life, and all the things that be on the earth shall be destroyed.","sanèd'e paie-iie! bèli-camèd'a, ja'a papuru èi aae lala, ho pacène eele rai-haha ne, sèna ka pamadhe aa'i dhu mamuri.","Bèli-camèdꞌa Jaꞌa neo pamadhe dhèu aaꞌi-aaꞌi ètu dedha-liru, aa dhèu aaꞌi-aaꞌi dhu mamuri ètu dedha-liru. Bèli-camèdꞌa Jaꞌa neo pamadhe dhèu aaꞌi-aaꞌi dhu mamuri ètu dedha-liru. Bèli-camèdꞌa Jaꞌa neo pamadhe dhèu aaꞌi-aaꞌi dhu mamuri ètu dedha-liru. Bèli-camèdꞌa Jaꞌa pamadhe dhèu aaꞌi-aaꞌi dhu mamuri ètu dedha-liru.","Bèli-camèdꞌa Jaꞌa neo kèti ue lala ètu dedha-liru, aa Jaꞌa neo pamadhe aaꞌi-aaꞌi dhu abhu manadu mamuri ètu haha liru, aa aaꞌi-aaꞌi dhu ètu dedha-liru neo laho.",,eng,nfa,English,Dhao,2.8355,4.8595,6.4086
"and i shall set my covenant of peace with thee or but i shall make my covenant of peace with thee; and thou shalt enter into the ship, thou, and thy sons, and thy wife, and the wives of thy sons shall enter with thee.","te ngaa ja'a pa'èki lii pajaji dènge èu. èèna na, èu maso d'ara kapa èèna, mèti dènge dhèu èmu èu, ana-ana èu, dènge dhèu èmu ana-ana èu.","Èle èèna ka, Jaꞌa tao paꞌèci dènge èu, sèna ka èu bisa mamuri paꞌèci dènge Jaꞌa. Èu, ana-èpu èu, dhèu èmu èu, dènge dhèu èmu-kamali èu, hudꞌi maso asa dꞌara kapa ne.","aa Ja'a neo tao pa'èci dame dènge èu; aa èu, ana-èpu èu, dhèu èmu èu, dènge dhèu èmu-kamali èu, hud'i maso asa d'ara kapa ne dènge èu.",,eng,nfa,English,Dhao,13.7888,1.2371,2.5125
"and of all living beasts of all flesh, thou shalt bring into the ship twain and twain, of male kind and female, that they live along with thee; and of all living beasts of all flesh, thou shalt bring into the ship two of each kind, male and female, so that they can continue to live, along with thee; of birds by their kind, and of work beasts in their kind, and of each creeping beast of the earth, by their kind; twain and twain of all shall enter with thee, that they may live. of birds by their kind, and of work beasts by their kind, and of reptiles by their kind; two of each kind shall enter with thee, so that they will continue to live.","badha aa'i-aa'i ra, èu hag'e more ca pasa-ca pasa, eo mèti asa d'ara kapa, ho ra abhu mamuri dènge èu kahèi. sèmi: badha ani, manu-bhui, dènge badha dhu rod'o, sèna ka ra abhu mamuri.","Bèli-camèdꞌa aaꞌi-aaꞌi dhu ètu rai-haha ne, èci-èci dènge èci, èci-èci dènge èci, èci-èci dènge èci. Èci-èci dènge èci, èci-èci dènge èci, èci-èci dènge èci. Èci-èci dènge èci, èci-èci dènge èci, èci-èci dènge èci. Èci-èci dènge èci, èci-èci dènge èci, èci-èci dènge èci, èci-èci dènge èci. Èci-èci dènge èci, èci-èci dènge èci, èci-èci dènge èci, èci-èci dènge èci, èci-èci dènge èci. Èci-èci dènge èci, èci-èci, èci-èci dènge èci, èci-èci, èci-èci dènge èci, èci-èci, èci-èci, èci-èci dènge èci, èci-èci, èci-èci, èci-èci, èci-èci, èci-èci, èci-èci, èci-èci, èci-èci, èci-èci, èci-èci, èci-èci, èci-èci, èci-èci, èci-èci, èci-èci, èci-èci, èci-èci, èci-èci, èci-èci, èci-èci, èci-èci, èci-èci","Aa badha aa'i dhu muri, neo tèti ètu kapa dua-dua, mone aa bhèni, sèmi ne muri noo-noo dènge nèngu. Manu-bhui sèmi nèngu, aa badha saba sèmi nèngu, aa badha dhu rodo ètu rai-haha èci-èci sèmi nèngu; dua-dua aa'i neo maso dènge nèngu, sèmi ne muri noo-noo.",,eng,nfa,English,Dhao,8.1572,25.0816,21.8678
"therefore thou shalt take with thee of all meats that may be eaten, and thou shalt bear together at thee, and those shall be as well to thee as to the beasts into meat. and so thou shalt take with thee all kinds of food that can be eaten, and thou shalt carry it all with thee, and this shall be food for thee, and for the beasts.","èu hud'i mèti dènge nganga'a-nganginu, pala miu dènge pala badha sèra hèi.","Sèmi èèna kahèi dènge badha aaꞌi-aaꞌi ètu dꞌara rai-haha ne, sèna ka raꞌa-rinu. Èèna hudꞌi jꞌajꞌi ngiꞌu èu dènge badha aaꞌi-aaꞌi ètu dꞌara rai-haha ne. Èèna hudꞌi jꞌajꞌi ngiꞌu èu dènge badha aaꞌi-aaꞌi ètu dꞌara rai-haha ne, sèna ka raꞌa-rinu èu dènge badha aaꞌi-aaꞌi ètu dꞌara rai-haha ne. Èèna hudꞌi jꞌajꞌi ngiꞌu èu dènge badha aaꞌi-aaꞌi èu, sèna ka raꞌa-rinu èu dènge badha aaꞌi-aaꞌi èu.","Sèmi èèna, èu neo nare dènge èu aa'i-aa'i ngi'u sèna ka mèke ra'a, aa èu neo jèru aa'i-aa'i nenga dènge èu, aa nenga neo j'aj'i ngi'u èu, aa dènge badha aa'i-aa'i. Aa sèmi èèna, èu neo nare dènge èu aa'i-aa'i ngi'u sèna ka mèke ra'a, aa èu neo jèru aa'i-aa'i nenga dènge èu, aa nenga neo j'aj'i ngi'u èu, aa dènge badha aa'i-aa'i.",,eng,nfa,English,Dhao,0.316,1.9851,1.7182
therefore noe did all things which god commanded to him. and so noah did everything which god commanded him to do.,ka noh sab'e madhutu sèmi lii paredha ama lamatua aa'i-aa'i sèra.,"Èle èèna ka, Noh tao madhutu aaꞌi paredha Ama Lamatua. Nèti èèna ka, nèngu tao madhutu aaꞌi paredha Ama Lamatua.","Èle èèna ka, Noh tao madhutu aaꞌi paredha Ama Lamatua. Nèti èèna ka, nèngu tao madhutu aaꞌi paredha Ama Lamatua.",,eng,nfa,English,Dhao,0.0,0.0,0.0
"also the lord said to noe, enter thou and all thine house into the ship, for i saw that thee alone were just before me in this generation. and then the lord said to noah, enter thou and all thy household, or all thy family, into the ship, for i have seen that in this generation, thou alone be righteous before me.","èle èèna ka, lamatua peka dènge noh, ja'a ladhe le palème, te ngaa abhu dhoka èu di dhu d'ara mola. nèti èèna ka, èu dènge bhèni-ana niki èu, lami ka asa d'ara kapa.","Èle èèna ka, Lamatua peka dènge Noh, aku Nèngu na, ""Lamu asa dꞌara kapa, èu dènge dhèu aaꞌi-aaꞌi èu aaꞌi-aaꞌi ètu rai-haha ne. Jaꞌa keꞌa kahèi, na, èu ne, dhèu dhu dꞌara mola dènge Jaꞌa."" Èle èèna ka, Lamatua peka dènge Noh, aku Nèngu na, ""Lamu asa dꞌara kapa, èu dènge dhèu aaꞌi-aaꞌi èu aaꞌi-aaꞌi èu aaꞌi-aaꞌi ètu rai-haha ne. Jaꞌa keꞌa kahèi, na, èu ne, dhèu dhu dꞌara mola dènge Ama Lamatua.","Hèi, Lamatua peka dènge Noh, aku Nèngu na, ""Lamu asa dꞌara kapa, èu dènge èu a'a-ari aa'i, Jaꞌa mèdhi na, èu mesa dhu dꞌara mola dènge Jaꞌa ètu rai-haha ne."" Èle èèna ka, Lamatua peka dènge Noh, aku Nèngu na, ""Lamu asa dꞌara kapa, èu dènge èu a'a-ari aa'i, Jaꞌa mèdhi na, èu mesa dhu dꞌara mola dènge Jaꞌa ètu rai-haha ne.""",,eng,nfa,English,Dhao,0.9604,-0.3453,-0.5107
"of all clean living beasts, thou shalt take with thee by seven and by seven, male and female; forsooth of unclean living beasts, thou shalt take by twain and by twain, male and female; of all clean beasts, thou shalt take with thee seven pairs, male and female; but of all unclean beasts, thou shalt take only one pair, male and female; and also of the volatiles of the heavens, thou shalt take, by seven and by seven, male and female, that their seed be saved on the face of all the earth. and also of the birds of the air, thou shalt take seven pairs, male and female, so that their descendants will continue to live on the face of the earth.","mèti dènge badha-badha dhu bisa mi'a, aa bisa hia ja'a kahèi, de mèti pidhu-pidhu pasa asa d'ara kapa. mèti kahèi rupa-rupa manu-bhui pidhu-pidhu pasa. te ngaa badha dhu leo, mèti dhoka ca pasa-ca pasa di. sèna ka badha dènge manu-bhui se, j'aj'i hini, ho baku ma'ète.","Nèti badha aaꞌi-aaꞌi dhu mola-mèci sèra, èu hudꞌi paꞌèki paꞌèki paꞌèki. Èci èèna ka dènge badha aaꞌi-aaꞌi dhu mola-mèci. Èci èèna ka dènge badha aaꞌi-aaꞌi dhu mola-mèci. Èci èèna ka dènge badha aaꞌi-aaꞌi dhu mola-mèci. Èci èèna ka dènge badha aaꞌi-aaꞌi dhu mola-mèci. Èci èèna ka dènge badha aaꞌi-aaꞌi dhu mola-mèci. Èci èèna ka dènge badha aaꞌi-aaꞌi dhu mola-mèci. Èci èèna ka dènge badha aaꞌi-aaꞌi dhu mola-mèci. Èci èèna ka dènge badha aaꞌi-aaꞌi dhu mola-mèci. Èci èèna ka dènge badha aaꞌi-aaꞌi dhu mola-mèci. Èci èèna ka dènge badha aaꞌi-aaꞌi dhu mola-mèci. Èci èci èèna ka dènge badha aaꞌi-aaꞌi dhu mola-mèci. Èci èci èèna ka dènge badha aaꞌi-aaꞌi dhu mola-mèci. Èci èci èèna ka dènge badha aaꞌi-aaꞌi dhu mola-mèci. Èci èèna ka dènge badha aaꞌi-aaꞌi-aaꞌi dhu mola-mèci. Èci èci èci èèna ka dènge badha èci èci èci èèna ka, èci èci èèna ka, èci èci èèna ka dènge èci","Nèti badha aaꞌi-aaꞌi dhu mèu, èu neo nare dènge èu pidhu sase, mone aa bhèni; tèngaa nèti badha aaꞌi-aaꞌi dhu adho mèu, èu neo nare mesa sase mesa, mone aa bhèni; aa seka hèi nèti manu-bhui ètu liru, èu neo nare pidhu sase, mone aa bhèni, de hini nèngu tèke aa ana-èpu nèngu muri ètu katanga madha rai aaꞌi-aaꞌi.",,eng,nfa,English,Dhao,3.0363,6.2471,8.1373
"for yet and after seven days, i shall rain on the earth forty days and forty nights, and i shall do away all substance which i made, from the face of the earth. for in seven days, i shall send rain on the earth for forty days and forty nights, and i shall do away all the substance which i made, from off the face of the earth.","sanèd'e paie-iie, oo! di pidhu lod'o ka, ja'a papuru èj'i aae mai dhu bhoka boe ca lod'o sa, toke d'ai èpa nguru lod'o mèu-mèda. dènge sèmi ne'e, ja'a pamadhe aa'i ngaa-ngaa dhu mamuri ètu dedha-rai, dhu ja'a paj'aj'i kore le.","Bèli-camèdꞌa dꞌai èpa lodꞌo, Jaꞌa dedꞌe kabodho aaꞌi-aaꞌi dhu Jaꞌa pajꞌajꞌi ètu rai-haha ne. Èèna na Jaꞌa dedꞌe kabodho aaꞌi-aaꞌi dhu Jaꞌa pajꞌajꞌi ètu rai-haha ne, toke dꞌai èpa lodꞌo dènge èpa lodꞌo.""","Bèli-camèd'a tare pidhu lod'o, Ja'a pa'adhu udha ètu rai-haha èpa nguru lod'o aa èpa nguru mèda, aa Ja'a ded'e kabodho aa'i-aa'i dhu Ja'a paj'aj'i ngèti katanga madha rai-haha.",,eng,nfa,English,Dhao,16.0784,11.3388,10.1069
therefore noe did all things which the lord commanded to him.,ka noh tao aa'i sèmi lii paredha lamatua.,"Èle èèna ka, Noh tao madhutu paredha Lamatua.","Èle èèna ka, Noh tao madhutu paredha Lamatua.",,eng,nfa,English,Dhao,0.0,0.0,0.0
"and he was six hundred years old, when the waters of the great flood flowed on the earth.","lod'o èi aae lala, umur noh èna ngasu tèu.","Lodꞌo bèli-camèdꞌa dhèu aaꞌi-aaꞌi ra jꞌajꞌi dhèu aaꞌi-aaꞌi ètu rai-haha ne, dꞌai èpa nguru tèu.","Aa nèngu èna ngasu tèu, lod'o lala bèli hae ètu rai-haha.",,eng,nfa,English,Dhao,24.7162,24.8741,24.8273
"and noe entered into the ship, and his sons, and his wife, and the wives of his sons, entered with him, for the waters of the great flood or because of the waters of the great flood.","noh dènge dhèu èmu na, dènge ana niki na, aa dènge dhèu èmu ana ra di, lasi asa d'ara kapa, ho ra abhu mamuri.","Nèti èèna ka, nèngu dènge ana-ana na, dènge dhèu èmu-kamali na, maso asa dꞌara dedha kapa.","Aa Noe, dènge ana-ana na, dènge dhèu èmu na, dènge dhèu èmu ana-ana na, maso asa d'ara kapa, nèti wèè lala èmu.",,eng,nfa,English,Dhao,24.5427,18.3478,18.5152
"and of living beasts clean and unclean, and of the birds of the heavens, and of each beast which is moved on the earth, and of the clean and unclean beasts, and of the birds of the air, and of each beast which creepeth on the earth, by twain and by twain, male and female entered to noe into the ship, as the lord commanded to noe. by two and two, male and female, they entered into the ship with noah, as the lord had commanded to noah.","madhutu lii paredha lamatua, ka noh pamaso manu-bhui dènge badha leo sèra, èci-èci ka dènge pasa na, nèti dhu bisa ra'a, dènge dhu bisa boe ra'a.","Nèti badha aaꞌi-aaꞌi dhu bhelu-katubꞌa, dènge badha aaꞌi-aaꞌi dhu bhelu-katubꞌa, dènge manu-bhui ètu dedha-liru, dènge badha aaꞌi-aaꞌi dhu bhelu-katubꞌa, dènge badha aaꞌi-aaꞌi dhu bhelu-katubꞌa, dènge badha aaꞌi-aaꞌi dhu bhelu-katubꞌa ètu dedha-liru, dua-dua, dhèu-dhèu dènge dhèu-dhèu bhèni, maso asa dꞌara kapa, sèna ka madhutu atora Lamatua.","Nèti badha aaꞌi-aaꞌi dhu bhelu-katubꞌa, dènge manu-bhui ètu dedha-liru, dènge badha aaꞌi-aaꞌi dhu eso ètu dedha-rai, dènge badha aaꞌi-aaꞌi dhu bhelu-katubꞌa, dènge manu-bhui ètu dedha-liru, dènge badha aaꞌi-aaꞌi dhu rodo ètu dedha-rai, dua-dua, mone dènge bhèni, maso asa dꞌara kapa dènge Noe, sèmi Lamatua paredha nèti Noe.",,eng,nfa,English,Dhao,0.8965,1.0883,0.9094
"and when seven days had passed, the waters of the great flood flowed on the earth.","ropa èle pidhu lod'o, cag'ag'a laa èi aae lala, ka rai-haha ne, mulai cène.","Èle èèna ka, lodꞌo pidhu lodꞌo, bèli-camèdꞌa bèli-camèdꞌa bèli-camèdꞌa bèli-camèdꞌa bèli-camèdꞌa bèli-camèdꞌa ètu rai-haha ne.","Èle èèna ka, lodꞌo pidhu lodꞌo lènge, lala hae ètu rai-haha ne.",,eng,nfa,English,Dhao,6.6762,1.8227,4.0331
"in the six hundredth year of the life of noe, in the second month, in the seventeenth day of the month or on the seventeenth day of the month, all the wells of the great sea were broken, and the windows of the heavens were opened,","lèke dènge umur noh èna ngasu tèu, risi dua hèru, canguru pidhu lod'o, ka mulai èi aae lala. lod'o èèna, sèmi babèdho liru dhu bhoke eele sa, ka èi na tao sabhori mai. aa èi madha-èi madha ètu rai-haha sabhoka, ka sèmi tao sabhuu sa dedha.","Èle èèna ka, lodꞌo Noh mamuri ètu rai-haha ne, nèti èèna ka, nèti èèna ka, nèti èèna ka, lodꞌo èèna ka, dhèu aaꞌi-aaꞌi dhu pea ètu dꞌara dhasi ae-ae. Èle èèna ka, bèli-camèdꞌa ètu dedha-liru, bèli-camèdꞌa bèli-camèdꞌa ètu dꞌara dhasi ae-ae, hèia bèli-camèdꞌa bèli-camèdꞌa ètu dedha-liru bhoke eele.","Ètu tèu ka-èna ngasu dhu Noh mamuri, ètu wula ka-dua, ètu lod'o ka-canguru pidhu ètu d'ara wula èèna, èi aa'i ètu d'ara dhasi ae-ae masèka, hèia bèli-camèdꞌa ètu dedha-liru bhoke eele.",,eng,nfa,English,Dhao,1.6631,2.4474,2.8635
and rain was made on the earth for forty days and forty nights.,ka èj'i bhori mai loe boe èpa nguru lod'o mèu-mèda.,"Èle èèna ka, bèli-camèdꞌa bèli-camèdꞌa bèli-camèdꞌa bèli-camèdꞌa bèli-camèdꞌa bèli-camèdꞌa bèli-camèdꞌa bèli-camèdꞌa bèli-camèdꞌa bèli-camèdꞌa bèli-camèdꞌa ètu rai-haha ne.",Aa bèli-camèdꞌa ètu rai-haha ne èpa nguru lod'o aa èpa nguru mèda.,,eng,nfa,English,Dhao,22.7025,27.9707,26.2637
"in the end of that day noe entered, and shem, and ham, and japheth, his sons, or at the end of that day noah entered, and his sons shem, and ham, and japheth, and his wife, and the three wives of his sons, entered with them into the ship.","te ngaa lod'o èèna, noh dènge dhèu èmu na, dènge ana mone na dhèu tèlu: sem, yafet dènge ham, dènge dhèu èmu ra, maso lasi asa d'ara kapa.","Èle èèna ka, Noh maso asa dꞌara kapa, dènge ana-ana na, Sem, Ham, Yafet, dènge dhèu èmu na, dènge dhèu-dhèu èmu rèngu aaꞌi-aaꞌi ra.","Èle èèna ka, Noh maso asa dꞌara kapa, dènge ana-ana na, Sem, Ham, Yafet, dènge dhèu èmu na, dènge dhèu-dhèu èmu tèlu ana-ana na.",,eng,nfa,English,Dhao,2.9302,0.2802,0.3073
"they entered, and each beast by his kind, and all work beasts in their kind, and each beast which is moved on the earth in his kind, and each volatile by his kind; all birds and all volatiles, they entered, and each beast after its kind, and all the work beasts after their kind, and each beast which creepeth on the earth after its kind, and each bird after its kind, yea, all the kinds of birds,","lasi palere dènge badha aa'i-aa'i ra, sèmi: badha ani, badha hui, badha dhu rod'o, manu-bhui, dènge badha-badha leo dhu dènge èla sèra.","Ètu dꞌara Èmu Kapua Manèngi-Mangajꞌi èèna, abhu rupa-rupa badha badha, manu-bhui, dènge manu-bhui, aaꞌi-aaꞌi, aaꞌi-aaꞌi, aaꞌi-aaꞌi, aaꞌi-aaꞌi, aaꞌi-aaꞌi, aaꞌi-aaꞌi, aaꞌi-aaꞌi, aaꞌi-aaꞌi, aaꞌi-aaꞌi, aaꞌi-aaꞌi, aaꞌi-aaꞌi, aaꞌi-aaꞌi, aaꞌi-aaꞌi, aaꞌi-aaꞌi, aaꞌi-aaꞌi, aaꞌi-aaꞌi, aaꞌi-aaꞌi, aaꞌi-aaꞌi, aaꞌi-aaꞌi, aaꞌi-aaꞌi, aaꞌi-aaꞌi, aaꞌi-aaꞌi, aaꞌi-aaꞌi, aaꞌi-aaꞌi, aaꞌi-aaꞌi, aaꞌi-aaꞌi.","Rarahai maso, aa baka badha sèmi rupa nèngu, aa aa'i badha saba sèmi rupa rarahai, aa baka badha rodo ètu rai sèmi rupa nèngu, aa baka manu-bhui sèmi rupa nèngu, aa aa'i manu-bhui, rarahai maso hari, aa baka badha sèmi rupa nèngu, aa aa'i badha saba sèmi rupa rarahai, aa baka badha rodo ètu rai sèmi rupa nèngu, aa baka manu-bhui sèmi rupa nèngu, aa aa'i rupa manu-bhui.",,eng,nfa,English,Dhao,2.26,8.3103,5.4843
"entered to noe into the ship, by twain and by twain of each flesh in which the spirit of life was. entered into the ship with noah, two by two of all flesh in which was the spirit of life. and those that entered, entered male and female of each flesh, as god commanded to him. and the lord enclosed him from withoutforth. and they that entered, entered male and female of all flesh, as god had commanded to him. and the lord enclosed him from outside.","ca pasa-ca pasa nèti aa'i-aa'i dhu mamuri, lasi asa d'ara kapa palere dènge noh, madhutu sèmi lii paredha ama lamatua. ropa aa'i-aa'i ra d'ai d'ara kapa, lamatua bèdho babèdho kapa èèna.","Dhèu aaꞌi-aaꞌi ra, dhèu bhèni dènge dhèu bhèni, maso asa dꞌara kapa, sama sèmi Ama Lamatua dhu peka dènge ne, sèna ka dhèu aaꞌi-aaꞌi bisa pea ètu rai-haha ne. Aa dhèu aaꞌi-aaꞌi ra, dhèu bhèni dènge dhèu bhèni, maso asa dꞌara kapa, sèna ka dhèu aaꞌi-aaꞌi bisa pea ètu rai-haha ne, sama sèmi Ama Lamatua dhu peka dènge ne, sèna ka dhèu aaꞌi-aaꞌi bisa pea ètu rai-haha ne. Aa dhèu aaꞌi-aaꞌi ra, dhèu aaꞌi-aaꞌi ra, maso asa dꞌara kapa, sèna ka dhèu aaꞌi-aaꞌi bisa pea ètu rai-haha ne, sèna ka dhèu aaꞌi-aaꞌi bisa pea ètu rai-haha ne, sèna ka dhèu aaꞌi-aaꞌi bisa pea ètu rai-haha ne.","Noe maso asa d'ara kapa, dua-dua ngèti aa'i badha ètu d'ara ne manadu muri. Maso asa d'ara kapa dènge Noe, dua-dua ngèti aa'i badha ètu d'ara ne manadu muri. Aa sèra dhu maso, maso mone dènge bhèni ngèti aa'i badha, sèmi Ama Lamatua paredha dènge ne. Aa Ama Lamatua saguru ne ngèti podho. Aa sèra dhu maso, maso mone dènge bhèni ngèti aa'i badha, sèmi Ama Lamatua paredha dènge ne. Aa Ama Lamatua saguru ne ngèti podho.",,eng,nfa,English,Dhao,6.8598,10.7381,9.854
"and the great flood was made for forty days and forty nights on the earth, and the waters were multiplied, and raised up the ship on high from the earth. the waters flowed greatly, and filled all things in the face of the earth, or and the waters greatly flowed, and filled up all the things that were on the face of the earth. forsooth the ship was borne on the waters. and the waters had mastery greatly on the earth or and the waters had great mastery over the earth, and all the high hills under all of heaven were covered;",èj'i aae puru ma'ète boe d'ai èpa nguru lod'o. hèia kapa èèna taleb'o. èi ca'e loe boe toke hutu nare kolo ledhe dhu dedha aae.,"Èle èèna ka, bèli-camèdꞌa dꞌai èpa nguru lodꞌo dènge èpa mèda ètu rai-haha ne. Bèli-camèdꞌa dꞌai èpa lodꞌo. Bèli-camèdꞌa dꞌai èpa ledhe-ledhe aaꞌi-aaꞌi ètu dedha-liru, aa dꞌai ledhe-ledhe aaꞌi-aaꞌi ètu dedha-liru, aa dꞌai ledhe-ledhe aaꞌi-aaꞌi ètu dedha-liru, aa dꞌai ledhe-ledhe aaꞌi-aaꞌi ètu dedha-liru aaꞌi-aaꞌi ètu dedha-liru, aa dꞌai ledhe-ledhe aaꞌi-aaꞌi ètu dedha-liru, aa dꞌai ledhe-ledhe aaꞌi-aaꞌi ètu dedha-liru, aa dꞌai ledhe-ledhe aaꞌi-aaꞌi ètu dedha-liru.","Èle èèna ka, bèli-camèdꞌa dꞌai èpa nguru lodꞌo dènge èpa nguru mèda ètu rai-haha ne. Aa we'e bèli, aa kaboi kapa dꞌai dedha ngèti rai-haha. We'e hae bia, aa isi hakatu aa'i ètu katanga madha rai-haha. De kapa mora iisi ètu we'e. Aa we'e paredha bia ètu rai-haha, aa ledhe dedha aa'i ètu haha liru aa'i hutu.",,eng,nfa,English,Dhao,4.1621,10.0664,9.4578
"yea, the water was higher, by fifteen cubits, over all the hills which it covered.","èi ca'e taruu, ka marèma na seli èpa rèpa risi nèti kolo ledhe sèra.","Bèli-camèdꞌa èèna, dꞌara ledhe aaꞌi-aaꞌi ètu dedha ledhe aaꞌi-aaꞌi ètu dedha ledhe aaꞌi-aaꞌi ètu dedha ledhe aaꞌi-aaꞌi ètu dedha ledhe aaꞌi-aaꞌi ètu dedha ledhe aaꞌi-aaꞌi ètu dedha ledhe aaꞌi-aaꞌi ètu dedha ledhe aaꞌi-aaꞌi ètu dedha ledhe aaꞌi-aaꞌi ètu dedha ledhe aaꞌi-aaꞌi.","Bèli-camèdꞌa, dara èèna lele dedha canguru dènge lèmi cubits, ètu dedha ledhe aaꞌi-aaꞌi nèti nèngu hutu.",,eng,nfa,English,Dhao,2.2589,8.2735,8.4972
"and each flesh was wasted that moved on the earth, of birds, of living beasts, of unreasonable beasts, and of all reptiles/all creeping beasts that creep on the earth. and all flesh that moved on the earth was destroyed, yea, birds, and living beasts, and unreasoning beasts, and all the reptiles that creep on the earth. all men, and all things in which the breathing of life was in the earth, were dead. and all men, and all the things on the earth in which was the breath of life, died. and god did away all the substance that was on the earth, from man till to beast, as well a creeping beast, as the birds of the heavens; and those were done away from the earth. forsooth noe dwelled alone, and they that were with him in the ship. and so god did away all the life that was on the earth, from man unto beasts, and reptiles, and the birds of the air, they were all done away from the earth. and only noah, and those who were with him in the ship, remained alive.","dènge j'ara èèna, ngaa-ngaa dhu mamuri ètu dedha-rai sèra, madhe aa'i mèu-mèu. nuka: dhèu, badha ani, badha hui, badha dhu rod'o, dènge manu-bhui aa'i-aa'i ra. ate dhoka noh dènge aa'i-aa'i dhu ètu dedha kapa.","Dhèu aaꞌi-aaꞌi dhu mamuri ètu rai-haha ne, aaꞌi-aaꞌi dhu mamuri ètu rai-haha ne, aaꞌi-aaꞌi dhu mamuri ètu rai-haha ne, aaꞌi-aaꞌi dhu mamuri ètu rai-haha ne, aaꞌi-aaꞌi dhu mamuri ètu rai-haha ne, aaꞌi-aaꞌi dhu mamuri ètu rai-haha ne, aaꞌi-aaꞌi dhu mamuri ètu rai-haha ne, aaꞌi-aaꞌi dhu mamuri ètu rai-haha ne, aaꞌi-aaꞌi dhu mamuri ètu rai-haha ne, aaꞌi-aaꞌi dhu mamuri ètu rai-haha ne, aaꞌi-aaꞌi dhu mamuri ètu rai-haha ne, aaꞌi-aaꞌi dhu mamuri ètu rai-haha ne, aaꞌi-aaꞌi dhu mamuri ètu rai-haha ne, aaꞌi-aaꞌi dhu mamuri ètu rai-haha ne, aaꞌi-aaꞌi dhu mamuri ètu rai-haha ne, aaꞌi-aaꞌi dhu mamuri ètu rai-haha ne, aaꞌi-aaꞌi-aaꞌi dhu mamuri ètu rai-haha ne, aaꞌi-aaꞌi-aaꞌi.","Aa aa'i dhu mamuri dhu eso ètu rai-haha ne, sèmi manu-bhui, binatang dhu mamuri, binatang dhu aad'o akala, aa aa'i dhu rodo dhu rodo ètu rai-haha ne, laho. Aa aa'i mone, aa aa'i dhu ètu rai-haha ne dhu ètu nèngu ae mamuri, madhe. Aa Horo Parahi pa-laho aa'i dhu ètu rai-haha ne, ngèti mone tare binatang, sèmi binatang dhu rodo, aa manu-bhui ètu liru; aa sèra laho ngèti rai-haha ne. De Noe muri mesa, aa sèra dhu ètu nèngu ètu kapa. Aa de Horo Parahi pa-laho aa'i dhu mamuri ètu rai-haha ne, ngèti mone tare binatang, aa dhu rodo, aa manu-bhui ètu liru, sèra aa'i laho ngèti rai-haha ne. Aa Noe mesa, aa sèra dhu ètu nèngu ètu kapa, muri era.",,eng,nfa,English,Dhao,4.2945,16.6299,12.6088
and the waters of the great flood over-went the earth an hundred and fifty days. and the waters of the great flood went over the earth for a hundred and fifty days.,"èi na, kura boe toke ca ngasu lèmi nguru lod'o.","Nèti èèna ka, bèli-camèdꞌa bèli-camèdꞌa dhèu aaꞌi-aaꞌi ètu rai-haha ne, toke dꞌai èpa nguru nguru nguru èpa lodꞌo.",Aa lala bèli hutu rai-haha toke dꞌai cangasu lima nguru lodꞌo.,,eng,nfa,English,Dhao,6.8957,15.5189,12.2653
"forsooth the lord had mind of noe, and of all living beasts, and of all work beasts, that were with him in the ship; and he brought a wind on the earth. and the waters were decreased, or assuaged, and the lord remembered noah, and all the living beasts, and all the work beasts, that were with him in the ship; and he brought forth a wind on the earth. and the waters decreased,","masi ka sèmi èèna, ama lamatua bhèlu boe noh si dènge badha-manu aa'i-aa'i dhu ètu dedha kapa. hèia na hia ngèlu g'oro, ka èi na kura ka noo-noo.","Èle èèna ka, Lamatua bhèlu-mèu aaꞌi-aaꞌi ètu dꞌara kapa. Nèti èèna ka, Lamatua bhèlu-mèu aaꞌi-aaꞌi dènge badha aaꞌi-aaꞌi dhu ètu dꞌara kapa. Èle èèna ka, Lamatua bhèlu-mèu aaꞌi-aaꞌi dènge badha aaꞌi-aaꞌi dhu ètu dꞌara kapa. Èle èèna ka, Lamatua bhèlu-mèu aaꞌi-aaꞌi dhu ètu dꞌara kapa. Èle èèna ka, Lamatua bhèlu-mèu aaꞌi-aaꞌi dhu ètu dꞌara kapa. Nèti èèna ka, Lamatua bhèlu-mèu aaꞌi-aaꞌi dhu ètu dꞌara kapa. Èle èèna ka, Lamatua bhèlu-mèu aaꞌi-aaꞌi dhu ètu dꞌara kapa.","Èle èèna ka, Lamatua bhèlu-mèu Noe, aa aa'i badha dhu mèdha, aa aa'i badha dhu saba, dhu dènge èèna ètu d'ara kapa; aa èèna tao angin ètu rai. Aa oe lènge. Aa Lamatua bhèlu-mèu Noe, aa aa'i badha dhu mèdha, aa aa'i badha dhu saba, dhu dènge èèna ètu d'ara kapa; aa èèna tao angin ètu rai. Aa oe lènge.",,eng,nfa,English,Dhao,-0.0597,0.3412,0.982
"and the wells of the sea were closed, and the windows of the heavens were closed, and the rains of the heavens were ceased. and the wells of the sea were closed, and the windows of the sky were closed, and the rains from the sky ceased.","na katange èi madha aa'i-aa'i ètu rai-haha ne, aa na taha èj'i kahèi.","Èle èèna ka, dhèu aaꞌi-aaꞌi ètu dedha-liru tèke eele. Èle èèna ka, dhèu aaꞌi-aaꞌi ètu dedha-liru tèke eele.","Aa èi dhasi tèke kutu, aa dedha-liru tèke kutu, aa èj'i ngèti liru tèke.",,eng,nfa,English,Dhao,5.4702,-3.2805,0.9477
"and the waters turned again from off the earth, and went again, and began to be decreased, or assuaged, after an hundred and fifty days.","ka èi kura noo-noo ka. d'ai cangasu lèmi nguru lod'o, èi marèma heka.","Lodꞌo èèna dꞌai èpa nguru nguru èpa lodꞌo, èi aaꞌi-aaꞌi ètu rai-haha ne jꞌajꞌi mèu-mèu aaꞌi-aaꞌi dènge jꞌajꞌi mèu-mèu aaꞌi-aaꞌi dènge jꞌajꞌi mèu-mèu aaꞌi-aaꞌi dènge jꞌajꞌi mèu-mèu aaꞌi-aaꞌi aaꞌi-aaꞌi aaꞌi-aaꞌi aaꞌi-aaꞌi aaꞌi-aaꞌi aaꞌi-aaꞌi aaꞌi-aaꞌi aaꞌi-aaꞌi aaꞌi-aaꞌi aaꞌi-aaꞌi aaꞌi-aaꞌi aaꞌi-aaꞌi aaꞌi-aaꞌi aaꞌi-aaꞌi aaꞌi-aaꞌi aaꞌi-aaꞌi aaꞌi-aaꞌi aaꞌi-aaꞌi aaꞌi-aaꞌi aaꞌi-aaꞌi aaꞌi-aaꞌi aaꞌi-aaꞌi.","aa èi kabèli hari ngèti rai-haha, aa lènge hari, aa jꞌajꞌi lènge, tare cangasu dènge lima nguru lod'o.",,eng,nfa,English,Dhao,11.0622,19.3551,18.2855
"and the ship rested in the seventh month, in the seven and twentieth day of the month, on the hills of armenia. and the ship rested in the seventh month, on the seventeenth day of the month, on mount ararat.","lèke dènge hèru ka pidhu, risi canguru pidhu lod'o, kapa eta ètu kolo ledhe aae èci, ngara na ararat.","Èle èèna ka, bèli-camèdꞌa dꞌai lodꞌo ka dua nguru tèlu hèru, dꞌai hèru hèru ètu dꞌara ledhe-leru ètu rai-haha ne. Èle èèna ka, dꞌai hèru hèru, dꞌai hèru hèru hèru ètu dꞌara ledhe-leru ètu rai-haha ne.","aa kapa bèli-camèdꞌa ètu hèru pidhu, ètu lod'o ka dua nguru pidhu hèru, ètu ledhe Armenia. aa kapa bèli-camèdꞌa ètu hèru pidhu, ètu lod'o ka canguru pidhu hèru, ètu ledhe Ararat.",,eng,nfa,English,Dhao,6.3851,15.7706,15.3163
"and soothly the waters went and decreased till to the tenth month, for in the tenth month, in the first day of the month or on the first day of the month, the tops of the hills appeared.","èi kura taruu toke lod'o ka èci, hèru ka canguru, ka kolo-kolo ledhe cèu noo-noo.","Nèti èèna ka, dꞌai ca lodꞌo, dꞌai lodꞌo ca lodꞌo, hèia dꞌai ca lodꞌo, dꞌai ca lodꞌo, dꞌai ca lodꞌo, dꞌai ca lodꞌo, dꞌai ca lodꞌo, hèia dꞌai ca lodꞌo, hèia dꞌai ca lodꞌo, dꞌai ca lodꞌo, dꞌai ca lodꞌo, dꞌai ca lodꞌo, dꞌai ca lodꞌo, dꞌai ca lodꞌo, dꞌai ca lodꞌo, dꞌai ca lodꞌo.","Aa air berkurang tare ètu ka-canguru lod'o, de ètu ka-canguru lod'o, ètu ka-èci lod'o, ledhe bhodho.",,eng,nfa,English,Dhao,4.9895,19.2155,16.7574
"and when forty days had passed, noe opened the window of the ship which he had made,","risi nèti èpa nguru lod'o, hèia noh bhoke jendela èci.","Èle èèna ka, dꞌai èpa nguru lodꞌo, Noh bhoke jꞌajꞌèra èci dhu na tao ètu dedha kapa.","Èle èèna ka, dꞌai èpa nguru lodꞌo, Noh bhoke jꞌajꞌèra èci dhu na tao ètu dedha kapa.",,eng,nfa,English,Dhao,0.0,0.0,0.0
"and sent out a crow, which went out, and turned not again till the waters were dried on the earth. and sent out a crow, which went out, and did not return until the waters were dried up from off the earth.","ka na patalale lakaa ci'u. manu-bhui ne lela la'e-mai, toke èi puru. ka na lèpa heka asa kapa.","Èle èèna ka, ana pajuu èèna pua ana pajuu èci mai asa dꞌara rai-haha ne. Ka pajuu èèna, toke dꞌara èi aaꞌi-aaꞌi dhu ètu rai-haha ne dꞌai mèka. Nèti èèna ka, ana pajuu èèna lèpa hari asa dꞌara rai-haha ne, toke dꞌara èi aaꞌi-aaꞌi dhu ètu rai-haha ne dꞌai mèka.","Èle èèna ka, ana pajuu èèna pua, dhu podho, ka lèpa hari boe toke dꞌara èi aaꞌi-aaꞌi dhu ètu rai-haha ne dꞌai mèka.",,eng,nfa,English,Dhao,1.3984,-2.3338,-0.4161
"also noe sent out a culver after him, to see if the waters had ceased then on the face of the earth; and then noah sent out a dove after him, to see if the waters had now gone from off the face of the earth;","hèia noh patabuli hari, koro j'aha ci'u, sèna ka neo ne'a èi na puru le, do dhae.","Èle èèna ka, dhèu aaꞌi-aaꞌi ètu dꞌara rai-haha ne, nèti nèi, nèti nèi, nèti nèi, nèti nèi, nèti nèi, nèti nèi, nèti nèi, nèti neꞌe ka, nèti nèi, nèti nèi, nèti èèna ka, nèti nèi, nèti èèna ka, nèti èèna ka, nèti èèna ka, nèti èèna ka, nèti èèna ka, nèti èèna ka, nèti èèna ka, nèti èèna ka, nèti èèna ka, nèti èèna ka, nèti èi, nèti èi, nèti èi, nèti èi, nèti èi, nèti èi, nèti èèna ka.","Hèi Noe pèdhi podho koro mesa tare nèngu, ètu ka leru mèu ue nèngu heka ètu katanga madha rai-haha ne. Aa èle èèna ka, Noe pèdhi podho koro mesa tare nèngu, ètu ka leru mèu ue nèngu heka ngèti katanga madha rai-haha ne.",,eng,nfa,English,Dhao,0.2427,8.362,7.2853
"and when the culver found not where her foot should rest, she turned again to him into the ship, for the waters were on all the earth; and noe held forth his hand, and brought the culver, once taken, back into the ship. but when the dove found nowhere to rest her feet, she returned to him in the ship, for the waters were still over all the earth; and noah held forth his hand, and caught her, and brought the dove back into the ship.","te ngaa, lula èi hutu nare dedha-rai era, ka koro ne abhu boe era tèka. ka lèpa hari asa kapa. hèia noh j'ole ai na, kèpe nare, ka na pamaso hari asa d'ara kapa.","Nèti èèna ka, dhèu aae kapai ètu dꞌara dedha kapa. Nèti èèna ka, dhèu aae kapai ètu dꞌara kapa. Nèti èèna ka, dhèu aae kapai ètu dꞌara kapa. Nèti èèna ka, dhèu aae kapai ètu dꞌara kapa. Nèti èèna ka, dhèu aae kapai ètu dꞌara kapa. Nèti èèna ka, dhèu aae kapai ètu dꞌara kapa. Nèti èèna ka, dhèu aae kapai ètu dꞌara kapa. Nèti èèna ka, dhèu aae kapai ètu dꞌara kapa. Nèti èèna ka, dhèu aae kapai ètu dꞌara kapa. Nèti èèna ka, dhèu aae kapai ètu dꞌara kapa. Nèti èèna ka, dhèu aae kapai ètu dꞌara kapa.","Aa lod'o koro j'aha boe nare mia nèngu haga mèke abhe, nèngu lèpa₁ asa ne ètu d'ara kapa, nèti èèna ka oe era ètu aa'i lème; aa Noa nare ne, aa nare koro j'aha kabodho ètu d'ara kapa.",,eng,nfa,English,Dhao,7.0588,10.8828,12.1975
"soothly when other seven days were abided afterward, again he sent out a culver from the ship; and he waited another seven days, and then again he sent out the dove from the ship;","ka noh tatae hari d'ai pidhu lod'o, hèia na patabuli hari koro j'aha deo na.","Èle èèna ka, Paulus pua ana pajuu èci mai nèti dedha kapa. Èle èèna ka, Paulus pua ana pajuu èci mai nèti dedha kapa.","Ropa pidhu lod'o mate heka, hari ne pua koro j'aha ngèti kapa; aa ne mata pidhu lod'o kahèi, aa heka hari ne pua koro j'aha ngèti kapa.",,eng,nfa,English,Dhao,11.8303,23.3307,20.4894
"and she came back to him at eventide, and bare in her mouth a branch of an olive tree with green leaves. therefore noe understood that the waters had ceased from flowing on the earth or and so noah understood that the waters had now gone from off the face of the earth;","d'ara lod'o nihia sa, koro ne lèpa hari la'e asa noh, tutu nèti dènge rèu saitun ca rèu dhu heka tutu nare kèna. nèti èèna ka, noh heka ne'a kèna, èi na dhu puru le tare'a di.","Èle èèna ka, ana bhèni ne lèpa hari asa dꞌara hèbꞌa na. Na ladhe nèdhi ètu dꞌara hèbꞌa na, na, ètu dꞌara hèbꞌa na, èci èèna ka dènge ajꞌu saitun. Ètu dꞌara hèbꞌa na, èci èèna ka ètu dꞌara hèbꞌa na. Ètu dꞌara hèbꞌa na, ètu dꞌara hèbꞌa na, èci èèna ka ètu dꞌara hèbꞌa na, èci èèna ka dènge èci. Ètu dꞌara hèbꞌa na, èci èèna ka dènge ajꞌu saitun ètu dꞌara hèbꞌa na.","Aa ana bhèni ne lèpa hari asa nèngu ètu nihia, aa dènge ètu dꞌara hèbꞌa na èci dadana ajꞌu saitun dènge laloe mangèru. Èle ka Noe ne ne'a èi heka ngèti rohu rai.",,eng,nfa,English,Dhao,5.103,-0.3684,2.4803
"and nevertheless he abode seven other days, and then sent out a culver, which turned not again to him. nevertheless he waited another seven days, and then again sent out the dove, but this time she did not return to him.","ka na mate hari d'ai pidhu lod'o, hèia na patalale hari koro j'aha ca hari ni. te ngaa ca tèka ne, koro ne lèpa heka.","Ka na pea ètu dꞌara èmu na pidhu lodꞌo. Èle èèna ka, na pua badha ne lèpa hari asa nèi. Te ngaa badha ne lèpa hari kahèi. Hèia na pua badha ne lèpa hari. Te ngaa badha ne lèpa hari boe asa nèi.","Ka na pea ètu dꞌara èmu na pidhu lodꞌo. Èle èèna ka, na pua badha ne lèpa boe hari asa nèi. Te ngaa na mata hari pidhu lod'o. Hèia na pua hari badha. Te ngaa badha ne lèpa boe hari asa nèi.",,eng,nfa,English,Dhao,4.1902,5.4731,4.7547
"therefore in the six hundred and one year of the life of noe, in the first month, in the first day of the month, the waters were decreased on the earth; and noe opened the roof of the ship, and beheld, and saw that the face of the earth was dried. and so in the six hundred and first year of noah's life, in the first month, on the first day of the month, the waters were gone from off the face of the earth; and noah opened the roof of the ship, and looked, and saw that the face of the earth was becoming dry.","lod'o noh mamuri d'ai èna ngasu ca tèu, lèke lod'o ka èci hèru èci, èi mèti aa'i le. hèia noh bhoke jendela, ka na ladhe palème, nèdhi rai dhu mango le.","Èle èèna ka, dꞌai èèna, dꞌai èèna, dꞌai èpa nguru èèna, dꞌai èpa lodꞌo. Èle èèna ka, dꞌai èpa lodꞌo, dꞌai èpa lodꞌo. Nèti èèna ka, nèngu bhoke eele rai-haha ne. Nèngu bhoke eele rai-haha ne. Nèngu bhoke eele rai-haha ne, ka nèngu ladhe-leru rai-haha ne.","Èle èèna ka, ètu tèu èna ngasu èci Noe, ètu wula ka-èci, ètu lod'o ka-èci ètu wula èèna, wai heka ngèti rohu rai-haha. Aa Noe bhoke eele kapa, aa nèngu ladhe-leru, rohu rai-haha kamango.",,eng,nfa,English,Dhao,8.561,7.9639,8.0711
"in the second month, in the seven and twentieth day of the month, the earth was made dry. and by the second month, on the twenty-seventh day of the month, the whole earth was made dry.","d'ai hèru ka dua, lod'o ka dua nguru pidhu, dedha-rai ne dhu mango meto le.","Èle èèna ka, dhèu aaꞌi-aaꞌi ètu rai-haha ne, dꞌai lodꞌo dua nguru èpa lodꞌo èèna, hèia rai-haha aaꞌi-aaꞌi ètu rai-haha ne, dꞌai lodꞌo dua nguru èpa nguru èèna, hèia rai-haha aaꞌi-aaꞌi ètu rai-haha ne.","Ètu bulan dua, d'ai lod'o dua nguru pidhu ètu bulan èèna, rai-haha kamango. Aa ètu bulan dua, d'ai lod'o dua nguru pidhu ètu bulan èèna, rai-haha aaꞌi-aaꞌi kamango.",,eng,nfa,English,Dhao,7.7068,12.7136,11.2069
"soothly the lord spake to noe; and said,","ka ama lamatua peka dènge noh,","Èle èèna ka, Lamatua padhai lii dènge Noe, peka na,","Èle èèna ka, Lamatua padhai lii dènge Noe, peka na,",,eng,nfa,English,Dhao,0.0,0.0,0.0
"go out of the ship, thou, and thy wife, and thy sons, and the wives of thy sons with thee;",noh! aa'i-aa'i mi puru ka nèti dedha kapa èèna.,"""Èu, ana-èpu èu, dènge dhèu èmu èu, hudꞌi laꞌe nèti dedha dedha kapa.","Èu, dènge dhèu èmu èu, dènge ana-èpu èu, dènge dhèu èmu ana-èpu èu dènge èu, hudꞌi laꞌe nèti dedha kapa.",,eng,nfa,English,Dhao,-2.0184,-2.0243,-3.6038
"and lead out with thee all living beasts that be with thee of each flesh, as well in volatiles, as in unreasonable beasts, and all reptiles/all creeping beasts that creep on the earth; and enter ye on the earth, increase ye, and be ye multiplied on the earth. and lead out with thee all the living beasts that be with thee of all flesh, yea, the birds, and the unreasoning beasts, and all the reptiles that creep on the earth; and go they over the earth, and increase they, and be they multiplied on the earth.","papuru aa'i badha-manu sèra! nuka: badha ani, badha hui, badha dhu rod'o, dènge manu-bhui aa'i-aa'i ra. hud'i si, sèna ka ra bèba, papènu rai-haha ne.","Bèli-camèdꞌa aaꞌi-aaꞌi dhu mamuri ètu rai-haha ne, manu-bhui aaꞌi-aaꞌi dhu mamuri ètu rai-haha ne, rèngu aaꞌi-aaꞌi dhu mamuri ètu rai-haha ne. Rèngu aaꞌi-aaꞌi dhu mamuri ètu rai-haha ne, rèngu aaꞌi-aaꞌi dhu mamuri ètu rai-haha ne. Rèngu aaꞌi-aaꞌi dhu mamuri ètu rai-haha ne, rèngu aaꞌi-aaꞌi dhu mamuri ètu rai-haha ne, manu-bhui aaꞌi-aaꞌi dhu mamuri ètu rai-haha ne, rèngu aaꞌi-aaꞌi dhu mamuri ètu rai-haha ne. Rèngu aaꞌi-aaꞌi dhu mamuri ètu rai-haha ne, rèngu aaꞌi-aaꞌi ra. Rèngu aaꞌi-aaꞌi ra, aaꞌi-aaꞌi ra mamuri ètu rai-haha ne.","aa bèli-camèdꞌa mi aa'i-aa'i dhu mamuri dhu ètu mi, nèti aa'i-aa'i daging, sèmi manu-bhui, aa rèngu dhu mamuri dhu nèti rai-haha, aa aa'i-aa'i rèngu dhu rodo ètu rai-haha ne; aa maso mi ètu rai-haha ne, bèba mi, aa parahi mi ètu rai-haha ne. aa bèli-camèdꞌa mi aa'i-aa'i dhu mamuri dhu ètu mi, nèti aa'i-aa'i daging, sèmi manu-bhui, aa rèngu dhu mamuri dhu nèti rai-haha, aa aa'i-aa'i rèngu dhu rodo ètu rai-haha ne; aa rèngu maso ètu rai-haha ne, aa rèngu bèba, aa rèngu parahi ètu rai-haha ne.",,eng,nfa,English,Dhao,3.3958,9.4206,6.0473
"therefore noe went out, and his sons, and his wife, and the wives of his sons with him; but also all the living beasts, and work beasts, and birds, and reptiles that creep on the earth, all by their kind, went out of the ship.","èle èèna ka, noh dènge dhèu èmu na, dènge ana-ana na, aa dènge dhèu èmu ana na sèra, aa'i-aa'i ra puru nèti dedha kapa èèna. badha se, aa'i-aa'i ra, kalua ka madhutu anga ra èci-èci.","Nèti èèna ka, Noe dènge ana-ana na, dhèu èmu na, dènge dhèu-dhèu èmu-kamali na, rai-haha aaꞌi-aaꞌi, manu-bhui, aaꞌi-aaꞌi, aaꞌi-aaꞌi, aaꞌi-aaꞌi, aaꞌi-aaꞌi, aaꞌi-aaꞌi, aaꞌi-aaꞌi, aaꞌi-aaꞌi, aaꞌi-aaꞌi ra kalua nèti dedha kapa.","Nèti èèna ka, Noe dènge ana-ana na, dènge dhèu èmu na, dènge dhèu-dhèu èmu-kamali na, tèngaa hèi rai-haha aa'i-aa'i, dènge rai-haha saba, dènge manu-bhui, dènge rai-haha rodo ètu rai, aa'i-aa'i nèti j'ara na, ra kalua nèti dedha kapa.",,eng,nfa,English,Dhao,15.2882,12.0777,9.9372
"forsooth noe builded an altar to the lord, and he took of all clean beasts and birds, and offered burnt sacrifices on the altar. and noah built an altar to the lord, and he took one of each kind of the clean beasts and birds, and offered burnt sacrifices on the altar.","hèia noh pudhi hadhu, tao mei korban hia lamatua. nèti badha-badha dhu bisa ra'a sèra, noh nare ci'u-ci'u, ka na roro, tunu ètu dedha mei deo na, ho j'aj'i mi tadha makasi mi lamatua.","Lodꞌo aaꞌi-aaꞌi ra nèti lodꞌo aaꞌi-aaꞌi ra nèti uru ka, dhèu aaꞌi-aaꞌi ra nèti badha aaꞌi-aaꞌi ra, nèti badha aaꞌi-aaꞌi ra dhu lèke aaꞌi-aaꞌi ra, nèti badha aaꞌi-aaꞌi ra, nèti badha aaꞌi-aaꞌi ra, nèti badha aaꞌi-aaꞌi ra, nèti badha aaꞌi-aaꞌi ra, nèti badha aaꞌi-aaꞌi ra, nèti badha aaꞌi-aaꞌi ra, nèti badha aaꞌi-aaꞌi ra, nèti badha aaꞌi-aaꞌi ra, nèti badha aaꞌi-aaꞌi ra, nèti badha aaꞌi-aaꞌi ra, nèti badha aaꞌi-aaꞌi ra, nèti badha aaꞌi-aaꞌi ra, nèti badha aaꞌi-aaꞌi ra, nèti badha aaꞌi-aaꞌi ra, nèti badha aaꞌi-aaꞌi ra, nèti badha aaꞌi-aaꞌi ra, nèti badha aaꞌi-aaꞌi-aaꞌi ra, nèti badha.","Noe paj'aj'i mezbah ètu Lamatua, aa naa nèti aa'i badha j'angi aa manu-bhui, aa pabèli korban tunu ètu mezbah.",,eng,nfa,English,Dhao,5.1411,5.7679,7.8053
"and the lord savoured the odour of sweetness, and said to himself, i shall no more curse the earth for men, for i know that the wit and thought of man's heart be ready, either prone, into evil from a young waxing age; therefore i shall no more smite each living soul, as i did; and the lord savoured the aroma of sweetness, and said to himself, i shall no more curse the earth for man's sake, for i know that the wit and the thought of man's heart be prone toward evil from a young age; and so i shall no more strike down each living soul, as i have done;","ropa lamatua sangèd'u nare hèu gèmu korban deo na, d'ara na karej'e. ka na ngee na, nèti deo ne'e ne, ja'a huku heka rai-haha ne, lula bhabhelu-katub'a dhèu. masi ka rèngu dhoka ngee bhabhelu di, ja'a pa'ele iie heka ngaa-ngaa dhu mamuri, sèmi dhu ja'a heka tao kore èèna.","Èle èèna ka, lamatua jaꞌa manèngi-mangajꞌi aaꞌi mèu-mèu. Hèia lamatua jaꞌa manèngi-mangajꞌi aaꞌi mèu-mèu. Lula jaꞌa keꞌa le, na, lamatua jaꞌa manèngi-mangajꞌi aaꞌi mèu-mèu aaꞌi mèu-mèu ètu rai-haha ne, sèna ka jꞌajꞌi dhèu aaꞌi-aaꞌi dhu jꞌajꞌi dhèu aaꞌi-aaꞌi. Nèti èèna ka, jaꞌa manèngi-mangajꞌi aaꞌi mèu-mèu, sèna ka jꞌajꞌi dhèu aaꞌi-aaꞌi dhu jꞌajꞌi dhèu aaꞌi-aaꞌi ra, sèna ka jꞌajꞌi dhèu aaꞌi-aaꞌi ra, sèna ka jꞌajꞌi dhèu aaꞌi-aaꞌi ra, sèna ka jꞌajꞌi dhèu aaꞌi-aaꞌi ra, jꞌajꞌi dhèu aaꞌi-aaꞌi ra.","Aa Lamatua dèi hèu kee, aa lii nèngu, 'Ja'a dha'u tao katuba rai-haha ngèti dhèu, lula ja'a ke'a le, na, dara mone dhu dèi katuba ngèti ngèru. Nèti èèna ka, ja'a dha'u tao babèke aa'i manadu, sèmi ja'a tao.'",,eng,nfa,English,Dhao,5.3887,3.7856,5.8007
"and so in all the days of the earth, seed and ripe corn, cold and heat, summer and winter, night and day, shall not rest. and so for all the days that remain for the earth, seed-time and harvest, cold and heat, summer and winter, night and day, shall never cease.","lod'o rai-haha ne era, hèru dènge tèu, kako madhutu atora. sèmi: hèru sèla dènge hèru puu-g'ètu, hèru pacuhi dènge hèru sagoro, hèru hadhu dènge hèru èj'i lai, mèu dènge mèda.","Lodꞌo aaꞌi-aaꞌi ra mamuri ètu rai-haha ne, abhu heka jꞌajꞌèra dhu lèke, dhu lèke, dhu lèke, dhu lèke, dhu lèke, dhu lèke, dhu lèke, dhu lèke. Abhu heka jꞌajꞌèra dhu lèke, dhu lèke, dhu lèke. Abhu heka jꞌajꞌèra dhu lèke, dhu lèke, dhu lèke. Abhu heka jꞌajꞌèra dhu lèke, dhu lèke, dhu lèke, dhu lèke, dhu lèke. Abhu heka jꞌajꞌèra dhu lèke, dhu lèke, dhu lèke, dhu lèke, dhu lèke, dhu lèke, dhu lèke, dhu lèke, dhu lèke, dhu lèke, dhu lèke.","Aa lod'o aa'i-aa'i ra mamuri ètu rai-haha ne, lod'o hini aa lod'o puu-g'ètu, maho aa dhu mapana, Hèru Hadhu aa hèru dhu maho, mèda aa lod'o, boe heka bènti.",,eng,nfa,English,Dhao,14.1232,8.326,10.2764
"and god blessed noe and his sons, and said to them, increase ye, and be ye multiplied, and fill ye the earth;","hèia ama lamatua pala-bagi berkat mi noh dènge ana-ana na, peka na, miu matana pa'ae-ae, sèna ka papènu rai-haha ne.","Èle èèna ka, Ama Lamatua bꞌala Noh dènge ana-ana na, ka Na peka dènge si, aku Nèngu na, ""Miu hudꞌi jꞌajꞌi dhèu ae-ae ètu rai-haha ne.","aa Ama Lamatua bꞌala Noh dènge ana-ana na, ka Na peka dènge si, ""Miu hudꞌi jꞌajꞌi dhèu ae-ae, aa miu isi rai-haha ne.""",,eng,nfa,English,Dhao,3.5118,-1.9001,-3.3392
"and your dread and trembling be on all the unreasonable beasts of the earth, and on all the birds of the heavens, with all things that be moved in the earth; all the fishes of the sea be given into your hand. let the fear of you, and trembling over you, be on all the unreasoning beasts of the earth, and on all the birds of the air, and on all the fishes of the sea; yea, let all the things that move on the earth, be given into your hands.","ladhe èèna na, badha hui, manu-bhui dènge i'a aa'i-aa'i ra madha'u dènge miu. miu ka dhu ator si.","Bèli-camèdꞌa aaꞌi-aaꞌi ètu rai-haha, manu-bhui aaꞌi-aaꞌi ètu dedha-liru, dènge badha aaꞌi-aaꞌi ètu dedha-liru, aa dènge badha aaꞌi-aaꞌi ètu dedha-liru, aa dènge badha aaꞌi-aaꞌi ètu dedha-liru, aa dènge badha aaꞌi-aaꞌi ètu dedha-liru, aa dènge badha aaꞌi-aaꞌi ètu dedha-liru, aa dènge badha aaꞌi-aaꞌi ètu dedha-liru, aa dènge badha aaꞌi-aaꞌi ètu dedha-liru, aa dènge badha aaꞌi-aaꞌi ètu dedha-liru, aa dènge badha aaꞌi-aaꞌi ètu dedha-liru, aa dènge badha aaꞌi-aaꞌi ètu dedha-liru, aa dènge badha aaꞌi-aaꞌi ètu dedha-liru, aa dènge badha aaꞌi-aaꞌi-aaꞌi.","Hudi bèli-camèdꞌa mu ètu aa'i-aa'i badha ètu rai-haha, aa ètu aa'i-aa'i manu-bhui ètu dedha-liru, aa ètu aa'i-aa'i i'a ètu dhasi, dènge aa'i-aa'i badha eso ètu rai-haha. Aa aa'i-aa'i i'a ètu dhasi, dènge aa'i-aa'i badha eso ètu rai-haha, hia ètu kacui.aai mu.",,eng,nfa,English,Dhao,6.3652,13.3158,12.5378
"and all thing which is moved and liveth shall be to you into meat; now i have given to you all things, as i gave the green worts before, and everything which liveth and moveth shall be food for you; yea, as i did with the green herbs before, now i give you all these things to eat,","sisi badha aa'i-aa'i, miu bisa mi'a, sèmi dhu mi'a hua-hela, dènge rèu ana aaj'u se. aa'i-aa'i se, ja'a hia miu.","Bèli-bèli aaꞌi-aaꞌi dhu mamuri ètu rai-haha ne, bèli-camèdꞌa miu bisa raꞌa. Jaꞌa pangèdꞌu le ngiꞌu aaꞌi-aaꞌi dhu mamuri ètu rai-haha ne, sèna ka miu bisa raꞌa. Aa Jaꞌa pangèdꞌu le ngiꞌu aaꞌi-aaꞌi dhu mamuri ètu rai-haha ne, sèna ka miu bisa raꞌa. Te ngaa Jaꞌa pangèdꞌu le ngiꞌu aaꞌi-aaꞌi dhu mamuri ètu rai-haha ne, sèna ka miu bisa raꞌa.","Aa bèli-bèli aa'i-aa'i dhu mamuri ma dhu pidha ètu rai-haha ne, bèli-camèd'a miu bisa ra'a. Deo Ja'a hia le miu aa'i-aa'i ne, sèmi Ja'a hia le mangèru.",,eng,nfa,English,Dhao,21.6937,15.3187,15.596
"except that ye shall not eat flesh with the blood,","dhoka sisi dhu dènge raa era, miu madha mèu mi'a, lula samanga badha ètu raa na.",Te ngaa baku raꞌa ngiꞌu dènge raa.,Te ngaa baku raꞌa ngiꞌu dènge raa.,,eng,nfa,English,Dhao,0.0,0.0,0.0
"for i shall seek the blood of your lives, of the hand of all unreasonable beasts and of the hand of man, of the hand of man and of his brother, i shall seek the life of man. for i shall seek justice for any spilt blood of your lives, from any unreasoning beast, and from any man, yea, from any man, and from any of his brothers, i shall seek their life if any of them take the life of someone. whoever sheddeth out man's blood, his blood shall be shed; for man is made to the image of god or for man is made in the image of god.","ja'a paj'aj'i dhèu madhutu raropa ja'a. nèti èèna ka, baku pamadhe dhèu. ladhe abhu dhèu, do badha, dhu pamadhe dhèu, na, pamadhe ne kahèi. ne'e, lii paredha nèti ja'a.","Ladhe dhèu rai-haha tao dhèu rai-haha, aa dhèu rai-haha tao dhèu madhutu dadꞌèi Ama Lamatua, bèli-camèdꞌa Lamatua pajꞌajꞌi dhèu rai-haha. Ladhe dhèu rai-haha tao dhèu rai-haha, bèli-camèdꞌa Lamatua pajꞌajꞌi dhèu rai-haha ne. De ladhe dhèu rai-haha tao dhèu rai-haha, bèli-camèdꞌa Lamatua pajꞌajꞌi dhèu rai-haha ne. De ladhe dhèu rai-haha tao dhèu rai-haha, bèli-camèdꞌa Lamatua pajꞌajꞌi dhèu rai-haha ne. De ladhe dhèu rai-haha tao dhèu rai-haha, bèli-camèdꞌa Lamatua pajꞌajꞌi dhèu rai-haha ne, bèli-camèdꞌa Lamatua pajꞌajꞌi dhèu rai-haha ne. De ladhe dhèu rai-haha tao dhèu rai-haha, bèli-camèdꞌa Lamatua pajꞌajꞌi dhèu rai-haha ne, bèli-camèdꞌa Lamatua pajꞌajꞌi dhèu rai-haha ne. De ladhe dhèu rai-haha tao dhèu rai-haha, bèli-camèdꞌa Lamatua pajꞌajꞌa dhèu rai-haha ne, bèli-camèdꞌa Lamatua pajꞌajꞌa dhèu rai-haha ne.""","Au galaa₁ raa muri miu, ngèti hua binatang j'ara, aa ngèti mone, aa ngèti kera ne. Ladhe cee-cee nare muri dhèu, au galaa₁ muri ne. Cee-cee bhori raa mone, raa ne musti bhori. Sèmi mone paj'aj'i sèmi dad'èi Ama Lamatua.",,eng,nfa,English,Dhao,5.8884,-3.1727,1.4133
"forsooth increase ye, and be ye multiplied, and enter ye on the earth, and fill ye it.","miu se hud'i matana pa'ae-ae ku, sèna ka papènu hari rai-haha ne.","Bèli-camèdꞌa jꞌajꞌi dhèu ae-ae ètu rai-haha ne, sèna ka jꞌajꞌi dhèu ae-ae, aa jꞌajꞌi dhèu aaꞌi-aaꞌi ètu rai-haha ne.","Bèli-camèdꞌa, jꞌajꞌi dhèu ae-ae, aa maso ètu rai-haha ne, aa isi rai-haha ne.",,eng,nfa,English,Dhao,1.3077,-2.9185,-3.8084
"also the lord said these things to noe, and to his sons with him,","ka ama lamatua tuhu hari lii padhai lii na,","Èle èèna ka, Lamatua peka dènge Noh, dènge ana-ana na dènge ne, aku Nèngu na,","Hèi, Lamatua peka èle èèna dènge Noh, aa dènge ana-ana na dènge ne.",,eng,nfa,English,Dhao,-1.03,-0.5031,-2.2049
"lo! i shall make my covenant with you, and with your seed after you,","de ne'e ne, ja'a pajaji dènge miu, toke d'ai lai ana lai èpu.","Nèti èèna ka, Jaꞌa paꞌèki lii pajaji Jaꞌa dènge miu dènge ana-èpu miu aaꞌi-aaꞌi dhu bèli-camèdꞌa jꞌajꞌi dhèu unu Jaꞌa.","Nèti èèna ka, Jaꞌa paꞌèki lii pajaji Jaꞌa dènge miu dènge ana-èpu miu dhu bèli-camèdꞌa miu.",,eng,nfa,English,Dhao,1.605,0.9912,1.6533
"and to each living soul which is with you, as well in birds as in work beasts and small beasts of the earth, and to all things that went out of the ship, and to all unreasonable beasts of the earth. and with each living soul which is with you, yea, with the birds, and with the work beasts and the small beasts of the earth, and with all the unreasoning beasts of the earth, yea, with all the things that went out of the ship.","lii pajaji ne, lèke kahèi mi aa'i-aa'i dhu mamuri, sèmi: badha ani, badha hui, dènge manu-bhui. peka ka laa, lèke aa'i-aa'i dhu kalua palere-lere dènge miu nèti dedha kapa.",Jaꞌa hia mamuri aaꞌi-aaꞌi dhu miu abhu. Jaꞌa hia mamuri aaꞌi-aaꞌi dhu miu abhu. Jaꞌa hia mamuri aaꞌi-aaꞌi dhu miu abhu. Jaꞌa hia mamuri aaꞌi-aaꞌi dhu miu abhu. Jaꞌa hia mamuri aaꞌi-aaꞌi dhu miu abhu. Jaꞌa hia mamuri aaꞌi-aaꞌi dhu miu abhu. Jaꞌa hia mamuri aaꞌi-aaꞌi dhu miu abhu. Jaꞌa hia mamuri aaꞌi-aaꞌi dhu miu abhu. Jaꞌa hia mamuri aaꞌi-aaꞌi dhu miu abhu. Jaꞌa hia mamuri aaꞌi-aaꞌi dhu miu abhu. Jaꞌa hia mamuri aaꞌi-aaꞌi dhu miu abhu. Jaꞌa hia mamuri aaꞌi-aaꞌi dhu miu abhu. Jaꞌa hia mamuri aaꞌi-aaꞌi dhu miu abhu. Jaꞌa hia mamuri aaꞌi-aaꞌi dhu miu abhu.,"Aa baka manadu mamuri dhu miu abhu, sèmi manu-bhui, sèmi binatang saba aa binatang ngèru ètu rai, aa aa'i-aa'i dhu podho èle kapa, aa aa'i-aa'i binatang dhu adho mèke nèti ètu rai. Aa baka manadu mamuri dhu miu abhu, de, aa manu-bhui, aa binatang saba aa binatang ngèru ètu rai, aa aa'i-aa'i binatang dhu adho mèke nèti ètu rai, de, aa aa'i-aa'i dhu podho èle kapa.",,eng,nfa,English,Dhao,13.1896,23.5785,21.1789
"i shall make my covenant with you, and each flesh shall no more be slain of the waters of the great flood, neither the great flood destroying all the earth shall be any more. i shall make my covenant with you, and never again shall all flesh be slain by the waters of a great flood, and never again shall there be a great flood destroying all the earth.","lii pajaji ja'a sèmi ne'e: ja'a hia heka èi aae lala, ho pamadhe aa'i ngaa-ngaa dhu mamuri, aa dènge pa'ele iie rai-haha ne.","Nèti èèna ka, dhèu aaꞌi-aaꞌi dhu mamuri ètu rai-haha ne, bèli-camèdꞌa bèli-camèdꞌa ètu rai-haha ne, bèli-camèdꞌa bèli-camèdꞌa dhèu aaꞌi-aaꞌi dhu mamuri ètu rai-haha ne, bèli-camèdꞌa dhèu aaꞌi-aaꞌi dhu mamuri ètu rai-haha ne, bèli-camèdꞌa dhèu aaꞌi-aaꞌi dhu mamuri ètu rai-haha ne, bèli-camèdꞌa dhèu aaꞌi-aaꞌi dhu mamuri ètu rai-haha ne, bèli-camèdꞌa dhèu aaꞌi-aaꞌi dhu mamuri ètu rai-haha ne, bèli-camèdꞌa dhèu aaꞌi-aaꞌi dhu mamuri ètu rai-haha ne, bèli-camèdꞌa dhèu aaꞌi-aaꞌi dhu mamuri ètu rai-haha ne, bèli-camèdꞌa boe.""","Ya'a tao pajanjia ngaa èu. Aa kahèi boe, aa'i-aa'i dhu mamuri nèti ue lala ae, pate boe. Aa kahèi boe, lala ae dhu pate aa'i-aa'i rai-haha ne, nia boe.",,eng,nfa,English,Dhao,7.8252,13.8659,14.8189
"and god said, this is the sign of the bond of peace, which i give between me and you, and to each living soul which is with you, into everlasting generations. and god said, this is the sign of the covenant, which i make between me and you, and each living soul which is with you, unto endless generations. i shall set my bow in the clouds, and it shall be a sign of the bond of peace between me and the earth; i shall set my rainbow in the clouds, and it shall be a sign of the covenant between me and the earth;","ja'a pasa saroo ètu dedha-liru, sèna ka j'aj'i tadha pasanèd'e lii pajaji ja'a dhu ma'ète boe dènge miu, dènge aa'i-aa'i dhu mamuri, aa dènge rai-haha ne.","Èle èèna ka, Ama Lamatua peka, aku Nèngu na, ""Nèti èèna ka, Jaꞌa paꞌèki paꞌèci dènge miu, dènge dhèu aaꞌi-aaꞌi dhu jꞌajꞌi dhèu aaꞌi-aaꞌi, toke dꞌai mia-mia."" Hèia Ama Lamatua peka, aku Nèngu na, ""Jaꞌa paꞌèki paꞌèci dènge miu, dènge dhèu aaꞌi-aaꞌi dhu jꞌajꞌi dhèu aaꞌi-aaꞌi dhu jꞌajꞌi dhèu aaꞌi-aaꞌi dhu jꞌajꞌi dhèu aaꞌi-aaꞌi dhu jꞌajꞌi dhèu aaꞌi-aaꞌi dhu jꞌajꞌi dhèu aaꞌi-aaꞌi dhu jꞌajꞌi dhèu aaꞌi-aaꞌi dhu jꞌajꞌi dhèu aaꞌi-aaꞌi dhu jꞌajꞌi dhèu aaꞌi-aaꞌi dhu jꞌajꞌi dhèu aaꞌi-aaꞌi ètu rai-haha.","Ama Lamatua peka, ""Nenga tadha paꞌèki paꞌèci dame, dhu Jaꞌa hia ètu Jaꞌa dènge miu, dènge manadu aaꞌi-aaꞌi dhu jꞌajꞌi dhu ètu dènge miu, toke dꞌai mia-mia."" Hèia Ama Lamatua peka, ""Nenga tadha paꞌèki paꞌèci, dhu Jaꞌa tao ètu Jaꞌa dènge miu, dènge manadu aaꞌi-aaꞌi dhu jꞌajꞌi dhu ètu dènge miu, toke dꞌai mia-mia."" Jaꞌa maho Jaꞌa nora kaduru ètu rai liru, de jꞌajꞌi tadha paꞌèki paꞌèci dame ètu Jaꞌa dènge rai-haha; Jaꞌa maho Jaꞌa nora saroo ètu rai liru, de jꞌajꞌi tadha paꞌèki paꞌèci ètu Jaꞌa dènge rai-haha.",,eng,nfa,English,Dhao,2.9503,9.319,6.4361
"and when i shall cover the heaven with clouds, my bow shall appear in the clouds, and when i shall cover the heavens with clouds, my rainbow shall appear in the clouds, and i shall have mind of my bond of peace which i made with you, and with each soul living that nourisheth flesh; and the waters of the great flood shall no more be to do away all flesh. and i shall remember my covenant which i made with you, and with each living soul that hath flesh; and never again shall the waters of a great flood do away all flesh. and my bow shall be in the clouds, and i shall see it, and i shall have mind of the everlasting bond of peace, which is made between god and man, and each soul living of all flesh which is on the earth. and my rainbow shall be in the clouds, and i shall see it, and i shall remember the everlasting covenant, which is made between god and man, and each living soul of all the kinds of flesh that be on the earth. and god said to noe, this shall be a sign of the bond of peace, which i made between me and each flesh on earth. and god said to noah, this shall be a sign of the covenant, which i made between me and all flesh on the earth.","ladhe abhu ra'i-liru, ho saroo cèu, èèna na pasanèd'e ja'a nèti lii pajaji èèna. na peka na, èi aae pa'ele iie heka aa'i-aa'i dhu mamuri. dènge j'ara ne'e ne ka, lii pajaji ja'a dhu ma'ète boe, pa'èki tèke le dènge miu, aa dènge aa'i-aa'i dhu mamuri.","Èle èèna ka, Jaꞌa sanèdꞌe lii pajaji Jaꞌa dhu Jaꞌa tao dènge dhèu aaꞌi-aaꞌi ètu rai-haha ne. Jaꞌa sanèdꞌe lii pajaji Jaꞌa dhu Jaꞌa tao dènge dhèu aaꞌi-aaꞌi ètu rai-haha ne. Jaꞌa sanèdꞌe lii pajaji Jaꞌa dhu Jaꞌa tao dènge dhèu aaꞌi-aaꞌi ètu rai-haha ne, sèna ka dhèu aaꞌi-aaꞌi bisa mamuri paꞌèci dènge Jaꞌa. Jaꞌa sanèdꞌe lii pajaji Jaꞌa dhu Jaꞌa tao dènge dhèu aaꞌi-aaꞌi ètu rai-haha ne, sèna ka dhèu aaꞌi-aaꞌi bisa mamuri paꞌèci dènge dhèu aaꞌi-aaꞌi ètu rai-haha ne. Jaꞌa sanèdꞌe lii pajaji Jaꞌa dhu Jaꞌa tao dènge dhèu aaꞌi-aaꞌi ètu rai-haha ne, sèna ka dhèu aaꞌi-aaꞌi bisa mamuri paꞌèci dènge dhèu aaꞌi-aaꞌi ètu rai-haha ne.","Aa lod'o Ja'a hutu liru dènge rai liru, kaduru Ja'a bhodho ètu rai liru. Aa lod'o Ja'a hutu liru dènge rai liru, saroo Ja'a bhodho ètu rai liru. Aa Ja'a sanèd'e lii pajaji dame Ja'a dhu Ja'a tao dènge èu, aa dènge manadu mamuri aa'i-aa'i dhu dènge dhèu; aa ue lala bèra heka aad'o pamaate dhèu aa'i-aa'i. Aa Ja'a sanèd'e lii pajaji Ja'a dhu Ja'a tao dènge èu, aa dènge manadu mamuri aa'i-aa'i dhu dènge dhèu; aa ue lala bèra heka aad'o pamaate dhèu aa'i-aa'i. Aa kaduru Ja'a ètu rai liru, aa Ja'a tèru nèngu, aa Ja'a sanèd'e lii pajaji dame dhu sèra, dhu tao ètu tanga Mori aa dènge dhèu, aa manadu mamuri aa'i-aa'i dhu dènge dhèu aa'i-aa'i dhu ètu rai-haha ne. Aa saroo Ja'a ètu rai liru, aa Ja'a tèru nèngu, aa Ja'a sanèd'e lii pajaji dhu sèra, dhu tao ètu tanga Mori aa dènge dhèu, aa manadu mamuri aa'i-aa'i dhu dènge dhèu aa'i-aa'i dhu ètu rai-haha ne. Aa Mori naa lii ètu Noe, ""Nenga j'aj'i dhana lii pajaji dame dhu Ja'a tao ètu tanga Ja'a aa dènge dhèu aa'i-aa'i ètu rai-haha ne."" Aa Mori naa lii ètu Noe, ""Nenga j'aj'i dhana lii pajaji dhu Ja'a tao ètu tanga Ja'a aa dènge dhèu aa'i-aa'i ètu rai-haha ne.""",,eng,nfa,English,Dhao,3.7687,8.1967,2.8909
"therefore they that went out of the ship were noe, shem, ham, and japheth; forsooth ham, that is the father of canaan.","ana-ana noh dhu puru nèti dedha kapa, sem, yafet dènge ham ham èèna, ama kana'an.","Èle èèna ka, dhèu aaꞌi-aaꞌi, nuka: Noh, Sem, Ham, dènge Yafet, kalua nèti dedha dedha dedha èèna. Nèngu jꞌajꞌi dhèu aaꞌi-aaꞌi, nuka: Ham. Nèngu ka dhu jꞌajꞌi dhèu aaꞌi-aaꞌi ètu dꞌara dedha èèna. Nèngu ka dhu jꞌajꞌi dhèu aaꞌi-aaꞌi, dhèu aaꞌi-aaꞌi dhu jꞌajꞌi dhèu aaꞌi-aaꞌi, dhèu aaꞌi-aaꞌi dhu jꞌajꞌi dhèu aaꞌi-aaꞌi, dhèu aaꞌi-aaꞌi dhu jꞌajꞌi dhèu aaꞌi-aaꞌi, dhèu aaꞌi-aaꞌi dhu jꞌajꞌi dhèu aaꞌi-aaꞌi.","Èle èèna ka, dhèu dhu kalua nèti kapa èèna, nuka: Noh, Sem, Ham, dènge Yafet. Memang, Ham ka dhu jꞌajꞌi ama nèti Kanaan.",,eng,nfa,English,Dhao,3.4572,6.1925,10.071
"these three were the sons of noe, and all the kind of men was sown of them on all the earth. these three were the sons of noah, and all the kinds of people on all the earth came from them.","dhèu aa'i-aa'i ra ètu rai-haha ne, j'aj'i nèti ana noh dhèu tèlu sèra.","Ètu rai-haha ne, dhèu aaꞌi-aaꞌi mai nèti suku aaꞌi-aaꞌi. Dhèu aaꞌi-aaꞌi mai nèti suku aaꞌi-aaꞌi mai nèti suku aaꞌi-aaꞌi mai nèti suku aaꞌi-aaꞌi mai nèti suku aaꞌi-aaꞌi mai nèti suku aaꞌi-aaꞌi mai nèti suku aaꞌi-aaꞌi mai nèti suku aaꞌi-aaꞌi mai nèti suku aaꞌi-aaꞌi mai nèti suku aaꞌi-aaꞌi mai nèti suku aaꞌi-aaꞌi mai nèti suku aaꞌi-aaꞌi mai nèti suku aaꞌi-aaꞌi mai nèti suku aaꞌi-aaꞌi mai nèti suku aaꞌi-aaꞌi mai nèti suku aaꞌi-aaꞌi ètu rai-haha ne.","Tèlu ne ana Noa, aa dhèu aa'i-aa'i ètu rai-haha aa'i-aa'i mai nèti rèngu.",,eng,nfa,English,Dhao,35.2062,20.3144,24.9039
"and noe, an earth-tiller, began to till the earth, and he planted a vinery, and noah, a farmer, began to work the soil, and he planted a vineyard;","noh èèna, dhèu sab'a oka-tedhe. nèngu ka dhu uru j'ara tao oka anggor.","Èle èèna ka, dhèu aaꞌi-aaꞌi ra, ngara na Noh. Nèngu sabꞌa ètu rai-haha ne, hèia na patitu ètu dꞌara oka na. Nèngu ka dhu sabꞌa ètu dꞌara oka na, sèna ka jꞌajꞌi dhèu aaꞌi-aaꞌi ra. Nèngu ka dhu sabꞌa ètu dꞌara oka na, sèna ka jꞌajꞌi dhèu aaꞌi-aaꞌi ra. Nèngu ka dhu sabꞌa ètu dꞌara oka na, sèna ka jꞌajꞌi dhèu aaꞌi-aaꞌi ra. Nèngu ka dhu sabꞌa ètu dꞌara oka na, sèna ka jꞌajꞌi dhèu aaꞌi-aaꞌi ra.","Aa Noh, dhèu sab'a rai-haha, nèngu sab'a ètu rai-haha, aa nèngu lari ana-aj'u anggur.",,eng,nfa,English,Dhao,15.0549,4.8631,9.2986
"and one day he drank wine, and was drunken; and he was naked, and lay in his tabernacle, or and he lay naked in his tent.","ca tèka, na ninu èi anggor, ka na mahu titu kèna. hèia na puru eele mèdha-papake nèti ua na. ka na j'unu lega-loli dènge boe mèdha-papake ètu d'ara paleo na.","Èle èèna ka, nèngu naꞌa-ninu anggor, hèia naꞌa-ninu. Èle èèna ka, naꞌa-ninu ètu dꞌara hèbꞌa na, hèia naꞌa-ninu ètu dꞌara hèbꞌa na, hèia naꞌa-ninu ètu dꞌara hèbꞌa na, hèia naꞌa-ninu ètu dꞌara hèbꞌa na.","Èle èèna ka, nèngu naꞌa-ninu anggor, hèia mahu. Hèia nèngu ètu dꞌara hèbꞌa na.",,eng,nfa,English,Dhao,1.0195,-5.5542,-3.1854
"and when ham, the father of canaan, had seen this thing, that is, that the shameful members of his father were made naked, he told his two brethren withoutforth.","ropa ham ladhe nèdhi era makae ama na, ka rai li'u la'e, lolo dènge a'a na, sem dènge yafet.","Èle èèna ka, Ham, ama Kanahan, ladhe na ladhe nèdhi dhèu èmu-kamali ama na, ka na peka dènge aꞌari na dua ra ètu liꞌu.","Èle èèna ka, Ham, ama Kanahan, na nèdhi dhèu èmu-kamali ama na, ka na peka dènge aꞌari na dua ra ètu liꞌu.",,eng,nfa,English,Dhao,-3.6382,-6.1929,-5.1828
"and shem and japheth putted a mantle on their shoulders, and they went backward, and covered the shameful members of their father, and their faces were turned away, and they saw not the privy members of their father.","hèia dua ra rare sig'i-kalolo ca bèla, ka ra bhoke mema ètu kabela-kao ra. ka dua ra kako kabodho lasi asa d'ara paleo ama ra, sèna ka ra pahutu mi ngi'u na. dènge sèmi èèna, rèdhi boe era makae ama ra. èle èèna ka, ra kalua sa li'u.","Èle èèna ka, Sem dènge Yafet papake mèdha-papake èci ètu hèbꞌa ra. Ka dua ra lèpa hari asa dꞌara èmu ra, hèia ra paꞌele iie mèdha-papake ama ra. Ropa rèdhi mèdha-papake ama ra, ka rèdhi mèdha-papake ama ra, te ngaa rèdhi heka mèdha-papake ama ra.","Èle èèna ka, Sem dènge Yafet papake mèdha-papake èci ètu hèbꞌa ra. Ka dua ra lèpa kabodho, hèia ra hutu kabodho makae ama ra dènge mèdha-papake èci èèna. Ka katanga madha ra paꞌeo, ka ra rèdhi heka kabodho makae ama ra.",,eng,nfa,English,Dhao,4.7948,5.4717,4.7677
"and noe waked of the wine, and when he had learned what things his lesser, or younger, son had done to him, and when noah awoke from the wine, and he had learned what his youngest son had done to him,","ropa noh mase'a, na ne'a tatao nèti ana limuri na, ham.","Èle èèna ka, lodꞌo dhèu aaꞌi-aaꞌi ètu dꞌara jꞌara neꞌe, nèngu heka reꞌa ngaa dhu ana mone na adꞌu-ue jꞌajꞌi ètu dꞌara jꞌara neꞌe. Nèngu heka reꞌa ngaa dhu ana mone na adꞌu-ue jꞌajꞌi ètu dꞌara jꞌara neꞌe, aa nèngu heka reꞌa ngaa dhu ana mone ne adꞌu-ue jꞌajꞌi ètu dꞌara jꞌara neꞌe.","Aa Noe rèmi ngèti anggur, aa lod'o nèngu aj'a ngaa dhu ana mone na ngèru ad'u-ue ètu nèngu.",,eng,nfa,English,Dhao,3.1607,7.3917,7.0693
"he said, cursed be the child canaan, he shall be a servant of servants to his brethren. he said, cursed be ham's child canaan, let him be a slave of slaves to his brothers.","ka na peka, aku nèngu na, he! ama kana'an! ja'a dhoo èu! èu ne, èèna na j'aj'i ènu nèti a'a mu si!","Na dhaa, aku nèngu na, ""Bèli-camèdꞌa ana iiki ne jꞌajꞌi dhèu sabꞌa nèti aꞌari na. Bèli-camèdꞌa ana iiki ne jꞌajꞌi dhèu sabꞌa nèti aꞌari na.""","Nèngu na, ""Bèli-camèdꞌa ana Kanaan! Nèngu jꞌajꞌi ènu nèti ènu asa aꞌari nèngu."" Nèngu na, ""Bèli-camèdꞌa ana Kanaan, ana nèti Ham! Hudi nèngu jꞌajꞌi ènu nèti ènu asa aꞌari nèngu.""",,eng,nfa,English,Dhao,-2.7205,-3.2277,-3.2972
"and noe said, blessed be the lord god of shem, and canaan be the servant of shem; and noah said, blessed be the lord god of shem, and let canaan be shem's slave;","koa-kio lamatua, lula sem! te ngaa kana'an j'aj'i ènu sem.","Èle èèna ka, Noh padhai lii, aku nèngu na, ""Sèmi neꞌe! Jiꞌi koa-kio Ama Lamatua! Jiꞌi koa-kio Ama Lamatua! Jiꞌi koa-kio Ama Lamatua! Jiꞌi koa-kio Ama Lamatua! Jiꞌi koa-kio Ama Lamatua! Jiꞌi koa-kio Ama Lamatua! Jiꞌi koa-kio Ama Lamatua! Jiꞌi koa-kio Ama Lamatua! Jiꞌi koa-kio Ama Lamatua! Jiꞌi koa-kio Ama Lamatua! Jiꞌi koa-kio Ama Lamatua! Jiꞌi koa-kio Ama Lamatua!","Èle èèna ka, Noh padhai lii, ""Sèmi neꞌe! Jiꞌi koa-kio Ama Lamatua Shem! aa hudi Kanaan ènu Shem."" Aa Noh padhai lii, ""Sèmi neꞌe! Jiꞌi koa-kio Ama Lamatua Shem! aa hudi Kanaan ènu Shem.""",,eng,nfa,English,Dhao,1.4208,8.4212,8.0006
"god alarge japheth, and dwell he in the tabernacles of shem, and canaan be the servant of him. may god enlarge, or increase, japheth, and live he in shem's tents, and let canaan be his slave too!","hud'i laa, ama lamatua pataleo rai unu yafet. aa ana-èpu na mamuri mera-milu dènge ana-èpu sem. te ngaa hud'i kana'an j'aj'i ènu yafet.","Jaꞌa manèngi sèna ka Ama Lamatua pajꞌujꞌu Jaꞌa, sèna ka na pea ètu dꞌara èmu Jaꞌa, aa Jaꞌa manèngi sèna ka Jaꞌa jꞌajꞌi dhèu sabꞌa Jaꞌa. Jaꞌa manèngi sèna ka Jaꞌa jꞌajꞌi dhèu sabꞌa Jaꞌa. Jaꞌa manèngi sèna ka Jaꞌa jꞌajꞌi dhèu sabꞌa Jaꞌa. Jaꞌa manèngi sèna ka Jaꞌa jꞌajꞌi dhèu sabꞌa Jaꞌa. Jaꞌa manèngi sèna ka Jaꞌa jꞌajꞌi dhèu sabꞌa Jaꞌa kahèi. Jaꞌa manèngi sèna ka Jaꞌa jꞌajꞌi dhèu sabꞌa Jaꞌa kahèi. Jaꞌa manèngi sèna ka Jaꞌa jꞌajꞌi dhèu sabꞌa Jaꞌa kahèi.","Hudi Ama Lamatua bèba Japheth, aa ne muri ètu èmu Shem, aa hudi Canaan j'aj'i ènu ne kahèi.",,eng,nfa,English,Dhao,10.3411,5.3466,7.7644
forsooth noe lived after the great flood three hundred and fifty years;,"nèti èle èi aae lala, noh mamuri era d'ai tèlu ngasu lèmi nguru tèu.","Èle èèna ka, bèli-camèdꞌa bèli-camèdꞌa bèli-camèdꞌa bèli-camèdꞌa bèli-camèdꞌa bèli-camèdꞌa bèli-camèdꞌa bèli-camèdꞌa bèli-camèdꞌa bèli-camèdꞌa bèli-camèdꞌa bèli-camèdꞌa.","Èle èèna ka, Noe muri tare lala tèlu ngasu aa lèmi nguru tèu.",,eng,nfa,English,Dhao,31.2338,36.8518,36.9307
"and all the days of him were filled nine hundred and fifty years, and he was dead. and all his days filled nine hundred and fifty years, and then he died.","umur noh d'ai ceo ngasu lèmi nguru tèu, heka madhe kèna.","Èle èèna ka, Na mamuri dꞌai nèu nguru nguru nguru nguru sèra. Hèia na madhe.","Èle èèna ka, Na mamuri dꞌai nèu siu ngasu lima nguru tèu. Hèia na madhe.",,eng,nfa,English,Dhao,7.9517,10.7382,10.7528
"these be the generations of the sons of noe; shem, ham, and japheth, or these be the descendants of noah's sons, shem, ham, and japheth. and sons were born to them after the great flood.","èle èi aae, ka ana-ana noh abhu ana-èpu. nuka ana-èpu nèti sem, yafet, dènge ham.","Èle aaꞌi-aaꞌi èèna ka, dhèu aaꞌi-aaꞌi ètu rai-haha ne, ngara na Sem, Hem dènge Yafet. Èle èèna ka, dhèu aaꞌi-aaꞌi se abhu ana-èpu, ngara na Sem dènge Yafet.","Èle ana-èpu ana Noe se, ngara na Sem, Hem, dènge Yafet. Aa nèngu se abhu ana tare lala rui èèna.",,eng,nfa,English,Dhao,4.9579,-1.2953,0.6235
"the sons of japheth were gomer, and magog, and madai, and javan, and tubal, and meshech, and tiras. forsooth the sons of gomer were ashkenaz, and riphath, and togarmah. forsooth the sons of javan were elishah, and tarshish, and kittim, and dodanim; of these sons the isles of the heathen men were parted in their countries, each by his language, and families, in his nations. from these sons the heathen on the islands separated into their own countries, with their own languages, and families, and nations.","ana-èpu yafet, nuka: gomer, magog, madai, yawan, tubal, mesek dènge tiras. èci-èci ka dènge lii, suku, aa dènge rai ra. ana-èpu gomer, ka: askenas, rifat dènge togarma. ana-èpu yawan, ka: elisa, tarsis, dhèu kitim, dènge dhèu dodanim dhu pea ètu sebhe dhasi.","Ana-èpu Jafet, nuka: Gomer, Magog, Madai, Yavan, Tubal, Mesek, Tiras. Gomer, Askenaz, Rifat, Togarma. Yavan, Elisa, Tarsis, Kitim, Dodanim. Dhèu-dhèu nèti ana-èpu Yavan, kabarai ètu dꞌara rai-haha ètu rai-haha ne, aa kabarai ètu rai-haha ètu rai-haha ne, aa kabarai ètu rai-haha ne, aa kabarai ètu rai-haha ne, aa kabarai ètu rai-haha ne, aa kabarai ètu rai-haha ne, aa kabarai ètu rai-haha ne, aa kabarai ètu rai-haha ne, aa kabarai ètu rai-haha ne, aa kabarai ètu rai-haha ne, aa kabarai ètu rai-haha ne, aa kabarai ètu rai-haha ne, aa kabarai ètu rai-haha ne.","Ana-èpu Jafet, nuka: Gomer, Magog, Madai, Yavan, Tubal, Mesek, Tiras. Ana-èpu Gomer, nuka: Askenaz, Rifat, Togarma. Ana-èpu Yavan, nuka: Elisa, Tarsis, Kitim, Dodanim. Nèti ana-èpu nenga, dhèu-dhèu do dho mèu ètu pulu-pulu kabarai ètu rai-haha nèngu, baka lii nèngu, aa èpu-èpu nèngu, aa bangsa nèngu.",,eng,nfa,English,Dhao,4.5934,7.2827,8.4711
"soothly the sons of ham were cush, and mizraim, and phut, and canaan.","ana-èpu ham, ka: kus, misraim, put, dènge kana'an.","ana-èpu Ham, Kus, Mizraim, Phut, dènge Kenan.","ana-èpu Ham, Kus, Mizraim, Phut, dènge Kenan.",,eng,nfa,English,Dhao,0.0,0.0,0.0
"forsooth the sons of cush were seba, and havilah, and sabtah, and raamah, and sabtechah. the sons of raamah were sheba, and dedan.","ana-èpu kus, ka: seba, hawila, sabta, raema dènge sabteka. ana-èpu raema, ka: syeba dènge dedan.","Cush, ana-èpu na: Seba, Hawi, Sabtha, Rahama, Sabtecha. Rahama, ana-èpu na: Sheba, Heran. [Sèmi neꞌe ka dhu jꞌajꞌi dhèu aaꞌi-aaꞌi, dhu jꞌajꞌi dhèu aaꞌi-aaꞌi, dhu jꞌajꞌi dhèu aaꞌi-aaꞌi, dhu jꞌajꞌi dhèu aaꞌi-aaꞌi, dhu jꞌajꞌi dhèu aaꞌi-aaꞌi, dhu jꞌajꞌi dhèu aaꞌi-aaꞌi, dhu jꞌajꞌi dhèu aaꞌi-aaꞌi, dhu jꞌajꞌi dhèu aaꞌi-aaꞌi, dhu jꞌajꞌi dhèu aaꞌi-aaꞌi, dhu jꞌajꞌi dhèu aaꞌi-aaꞌi, dhu jꞌajꞌi dhèu aaꞌi-aaꞌi, dhu jꞌajꞌi dhèu aaꞌi-aaꞌi, dhu jꞌajꞌi dhèu aaꞌi-aaꞌi.","Cush, ana-èpu na: Seba, Hawi, Sabtha, Rahama, Sabtecha. Rahama, ana-èpu na: Sheba, Heran.",,eng,nfa,English,Dhao,12.3988,5.8596,9.8246
"forsooth cush begat nimrod; and he began to be mighty in the earth,","ana mone kus, ka, nimrod. nèngu ne, kapala musu dhu uru tèka, aa èra.","Na jꞌajꞌi dhèu bhelu-katubꞌa ètu rai-haha ne, nuka Nimrod. Nèngu jꞌajꞌi dhèu bhelu-katubꞌa ètu rai-haha ne.",Kush jꞌajꞌi ama Nimrod; aa nèngu jꞌajꞌi dhèu bhelu-katubꞌa ètu rai-haha ne.,,eng,nfa,English,Dhao,0.5827,-1.5855,-1.0516
"and he was a strong hunter, or oppressor, of men before the lord; of him a proverb went out, saying, as nimrod, a strong hunter before the lord. and he was a strong hunter before the lord; and a proverb went out about him, saying, be ye like nimrod, a strong hunter before the lord.","a'èra na mai nèti lamatua, aa nèngu kahèi j'aj'i dhèu dhu èra bia magèla badha. nèti èèna ka, dhèu biasa peka na, sèna ka èu more dhèu dhu èra bia magèla badha, sèmi nimrod, dhu abhu a'èra nèti lamatua.","Èle èèna ka, dhèu aaꞌi-aaꞌi tadèngi lii padhai lii èci, peka na, ""Nimrod, dhèu aaꞌi-aaꞌi tadèngi lii padhai nèti dhèu aaꞌi-aaꞌi."" Èle èèna ka, dhèu aaꞌi-aaꞌi tadèngi lii padhai lii èci, peka na, ""Èu hudꞌi jꞌajꞌi sama sèmi Nimrod, dhèu aaꞌi-aaꞌi dhu jꞌajꞌi dhèu aaꞌi-aaꞌi.""","Èle èèna ka, èèna jꞌajꞌi dhèu dhu bhuru dhu kareho, do dhèu dhu parame dhèu, ètu Lamatua. Nèti èèna ka, lii padhai èci podho, peka na, ""Sèmi Nimrod, dhèu dhu bhuru dhu kareho ètu Lamatua."" Aa èèna jꞌajꞌi dhèu dhu bhuru dhu kareho ètu Lamatua. Aa lii padhai èci podho nèti èèna, peka na, ""Èu hudꞌi jꞌajꞌi sama sèmi Nimrod, dhèu dhu bhuru dhu kareho ètu Lamatua.""",,eng,nfa,English,Dhao,1.0022,6.9173,5.1156
"soothly the beginning of his realm was babylon, and erech, and accad, and calneh, in the land of shinar.","era na, mulai uru nèti rae babel, erek akad, toke kalne. rae se aa'i-aa'i ra, ètu rai sinear.","Na paredha kota Babel, kota Erek, kota Accad, kota Kalne, ètu rai Shinar, sèna ka jꞌajꞌi dhèu aaꞌi-aaꞌi ra jꞌajꞌi dhèu aaꞌi-aaꞌi mi dedha-liru dhèu aaꞌi-aaꞌi dhu jꞌajꞌi dhèu aaꞌi-aaꞌi ètu rai-haha ne, sèna ka jꞌajꞌi dhèu aaꞌi-aaꞌi ra jꞌajꞌi dhèu aaꞌi-aaꞌi ra jꞌajꞌi dhèu aaꞌi-aaꞌi ra jꞌajꞌi dhèu aaꞌi-aaꞌi ra jꞌajꞌi dhèu aaꞌi-aaꞌi ra jꞌajꞌi dhèu aaꞌi-aaꞌi ra jꞌajꞌi dhèu aaꞌi-aaꞌi ra jꞌajꞌi dhèu aaꞌi-aaꞌi ra jꞌajꞌi dhèu aaꞌi-aaꞌi ra jꞌajꞌi dhèu aaꞌi-aaꞌi ra.","Mema, na pamaꞌa paredha-na èmu kota Babel, aa kota Erek, aa kota Accad, aa kota Kalne, ètu rai Shinar.",,eng,nfa,English,Dhao,7.2719,1.5933,6.258
"asshur went out of that land, and builded nineveh, and the streets of the city, and calah, and he went out of that land to assyria, and he built the cities of nineveh, and rehoboth ir, and calah,","nèti era sèra, na nare hari asyur. ka na patitu kota niniwe, rehobot-ir, kala,","Èle èèna ka, bèli-camèdꞌa dhèu Asuri tèke eele rai-haha ne, ho rèti kota Niniwe, dènge jꞌara-jꞌara ètu kota Sela. Èle èèna ka, bèli-camèdꞌa dhèu Asuri tèke eele rai-haha ne, ho laꞌe asa Asuri. Èle èèna ka, dhèu Asuri tèke eele kota Nineve, rehobot, dènge Sela.","Asshur tèke eele rai-haha ne, aa rèti kota Nineve, aa jꞌara-jꞌara ètu kota ne, aa kota Kalah. Èle èèna ka, ia tèke eele rai-haha ne asa Asuri, aa ia rèti kota Nineve, aa kota Rehobot Ir, aa kota Kalah.",,eng,nfa,English,Dhao,-1.5734,-2.8671,-0.6896
and resen betwixt nineveh and calah; this is a great city.,"dènge resen, ètu talora aae niniwe dènge kala. aa'i-aa'i sèra, kota-kota kapai hua.","Nèti kota neꞌe, abhu kota èci dhu kapai risi nèti kota Niniwe dènge kota Lamatua. Nèti kota neꞌe, abhu kota èci dhu kapai risi nèti kota Lamatua, dhu kapai risi nèti kota Niniwe dènge kota Lamatua. Nèti kota neꞌe, abhu kota èci dhu kapai risi nèti kota Lamatua, dhu kapai risi nèti kota Lamatua, dhu kapai risi nèti kota Lamatua.","Aa Resen, dhu ètu tenga kota Niniwe dènge kota Kalah; nenga kota èci dhu kapai risi.",,eng,nfa,English,Dhao,4.9093,6.3842,9.0434
"and soothly mizraim begat ludim, and anamim, and lehabim, and naphtuhim, and mizraim begat the lydians, and anamites, and lehabites, and naphtuhites,","ana-èpu misraim, ka: dhèu ludim, dhèu ananim, dhèu lehabim, dhèu naftuhim,","Mizraim, Lodim, Anaim, Lehabim, Naftuim, Mizraim, Lidian, Anamit, Lehabit, Naftuhites ètu sebhe jꞌara-jꞌara dhu kapai risi eele nèti dꞌara jꞌara-jꞌara dhu kapai risi eele nèti dꞌara jꞌara-jꞌara dhu kapai risi eele nèti dꞌara jꞌara-jꞌara dhu kapai risi eele nèti dꞌara jꞌara-jꞌara dhu kapai risi eele nèti dꞌara jꞌara-jꞌara dhu kapai risi eele nèti dꞌara jꞌara-jꞌara dhu kapai risi eele nèti dꞌara jꞌara-jꞌara dhu kapai risi eele nèti dꞌara jꞌara-jꞌara dhu kapai risi eele nèti dꞌara jꞌara-jꞌara dhu kapai risi eele nèti dꞌara jꞌara-jꞌara dhu kapai risi eele.","Aa Mizraim ama Lodim, aa Anaim, aa Lehabim, aa Naftuim, aa Mizraim ama Lidian, aa Anamit, aa Lehabit, aa Naftuhites.",,eng,nfa,English,Dhao,4.1832,3.7735,7.7644
"and pathrusim, and casluhim; of which the philistines and caphtorim came forth. and pathrusites, and casluhites, and the caphtorites, from whom came forth the philistines.","dhèu patrusim, dhèu kasluhim, dènge dhèu kaftorim. dhèu kasluhim nuka bèi-baki nèti dhèu pilistin.","Patrusis, Kasluim, dènge kahèi kahèi kahèi. Dhèu Parisi dènge kahèi kahèi kahèi, kahèi kahèi kahèi kahèi kahèi, kahèi kahèi kahèi, kahèi kahèi, kahèi, kahèi, kahèi, kahèi, kahèi, kahèi, kahèi, kahèi, kahèi, kahèi, kahèi, kahèi, kahèi, kahèi, kahèi, kahèi, kahèi, kahèi, kahèi, kahèi, kahèi, kahèi, kahèi, kahèi, kahèi, kahèi, kahèi, kahèi, kahèi, kahèi, kahèi, kahèi, kahèi, kahèi, kahèi, kahèi, kahèi, kahèi, kahèi, kahèi, kahèi, kahèi, kahèi, kahèi, kahèi, kahèi, kahèi, kahèi, kahèi, kahèi, kahèi, kahèi, kahèi, kahèi, kahèi, kahèi, kahèi, kahèi, kahèi, kahèi, kahèi, kahèi, kahèi, kahèi, kahèi, kahèi, kahèi.","Patrusis, Kasluim, aa Kaphtorim, ngèti dhèu Parisi mai. Patrusis, Kasluim, aa Kaphtorim, ngèti dhèu Parisi mai.",,eng,nfa,English,Dhao,3.9442,10.3808,12.7856
"forsooth canaan engendered sidon, his first engendered son, and heth, and canaan begat sidon, his first-born son, and the hittites,","ana uuru kana'an, nuka, sidon. kana'an j'aj'i bèi-baki nèti dhèu het,","Kenas, ama na, Sidon. Kenas, ama na, Het. Kenas, ama kaboko na, Sidon. Kenas, ama kaboko nèti suku Het. Kenas, ama kaboko nèti suku Kenas. Kenas, ama kaboko nèti suku Kenas. Kenas, ama kaboko nèti suku Kenas. Kenas, ama kaboko nèti suku Kenas. Kenas, ama kaboko nèti suku Kenas. Kenas, ama kaboko nèti suku Kenas. Kenas, ama kaboko nèti suku Kenas. Kenas, ama kaboko nèti suku Kenas. Kenas, ama kaboko nèti suku Kenas. Kenas, ama kaboko nèti suku Kenas. Kenas, ama kaboko nèti suku Kenas. Kenas, ama kaboko nèti suku Kenas.","Kenas ama na Sidon, ana nèngu kaboko, aa Het. Aa nèti Het nèngu suku Het.",,eng,nfa,English,Dhao,2.7067,5.0213,9.0331
"and jebusites, and amorites, girgashites,","dhèu yebusi, dhèu amori, dhèu girgasi,","suku Yebus, suku Amori, suku Girgash,","aa suku Yebus, aa suku Amori, suku Girgash,",,eng,nfa,English,Dhao,0.0151,0.2,-0.247
"and hivites, and arkites, and sinites,","dhèu hiwi, dhèu arki, dhèu sini,","Hivites, Archites, sinites, kahibꞌi-kalèbho, kahibꞌi-kalèbho, kahibꞌi-kalèbho, kahibꞌi-kalèbho, kahibꞌi-kalèbho, kahibꞌi-kalèbho, kahibꞌi-kalèbho, kahibꞌi-kalèbho, kahibꞌi-kalèbho, kahibꞌi-kalèbho, kahibꞌi-kalèbho, kahibꞌi-kalèbho, kahibꞌi-kalèbho, kahibꞌi-kalèbho, kahibꞌi-kalèbho, kahibꞌi-kalèbho, kahibꞌi-kalèbho, kahibꞌi-kalèbho, kahibꞌi-kalèbho, kahibꞌi-kalèbho, kahibꞌi-kalèbho, kahibꞌi-kalèbho,","aa Hivites, aa Arkites, aa Sinites,",,eng,nfa,English,Dhao,3.5132,4.4802,6.9959
"and arvadites, and zemarites, and hamathites; and the peoples of the canaanites were sown abroad by these men.","dhèu arwadi, dhèu semari, dènge dhèu hamati. ana-èpu kana'an se, pea palème d'ai era dhu kaj'èu,","suku Zara, Zemar, Hamat, dènge dhèu-dhèu aaꞌi-aaꞌi ètu rai-haha ne. Rèngu aaꞌi-aaꞌi ètu rai-haha ne, jꞌajꞌi dhèu aaꞌi-aaꞌi ètu rai-haha ne.","suku Arvad, suku Zemar, dènge suku Hamat; dènge dhèu-dhèu Kanaan ne, rèngu cebe ètu rai-haha.",,eng,nfa,English,Dhao,2.2504,-2.1633,-1.5798
"and the terms of canaan were made to men coming from sidon to gerar, till to gaza, or and canaan's borders went from sidon to gerar, and unto gaza, and then till thou enter into sodom, and gomorrah, and admah, and zeboiim, till to lasha.","toke too rai rèngu mulai nèti sidon taruu asa gerar, d'ai gasa. nèti èèna, la'e d'ai sodom, gomora, adma dènge seboim, d'ai kota lasa.","Èle èèna ka, dhèu aaꞌi-aaꞌi nèti propensi Sidon toke propensi Gaza. Èle èèna ka, dhèu aaꞌi-aaꞌi nèti propensi Sidon toke propensi Gaza. Èle èèna ka, dhèu aaꞌi-aaꞌi nèti propensi Sodom, Gomora, Adma, Zeboim, toke propensi Lamatua, nèti propensi Gaza, jꞌajꞌi dhèu aaꞌi-aaꞌi ètu rai-haha ne, sèna ka jꞌajꞌi dhèu aaꞌi-aaꞌi nèti propensi Sidon toke propensi Gaza. Èle èèna ka, dhèu aaꞌi-aaꞌi ètu rai-haha ne, jꞌajꞌi dhèu aaꞌi-aaꞌi ra, jꞌajꞌi dhèu aaꞌi-aaꞌi ra, jꞌajꞌi dhèu aaꞌi-aaꞌi ra, jꞌajꞌi dhèu aaꞌi-aaꞌi ra, jꞌajꞌi dhèu aaꞌi-aaꞌi ra, jꞌajꞌi dhèu aaꞌi-aaꞌi ra.","Aa rai Kana'an nèti Sidon tare Gerar, aa tare Gaza, aa heka tare maso ètu Sodom, aa Gomora, aa Adma, aa Zeboim, tare Lasha.",,eng,nfa,English,Dhao,3.5267,3.2653,6.2924
"these were the sons of ham, in their kindreds, and languages, and generations, and lands, and folks or and nations.","rèngu aa'i-aa'i sèra, ana-èpu ham. èci-èci dènge lii, suku, aa dènge rai ra.","Dhèu aaꞌi-aaꞌi se, ana-èpu Ham. Rèngu mai nèti suku aaꞌi-aaꞌi, nèti suku aaꞌi-aaꞌi, nèti lii aaꞌi-aaꞌi, nèti suku aaꞌi-aaꞌi, nèti suku aaꞌi-aaꞌi.","Dhèu aaꞌi-aaꞌi se, ana-èpu Ham, nèti suku aaꞌi-aaꞌi, dènge lii aaꞌi-aaꞌi, dènge turunan aaꞌi-aaꞌi, dènge rai aaꞌi-aaꞌi, dènge suku aaꞌi-aaꞌi dènge bangsa aaꞌi-aaꞌi.",,eng,nfa,English,Dhao,1.3236,11.8521,10.1567
"also of shem were born the fathers of all the sons of eber, and japheth was the more, or elder, brother of shem, or and shem was the elder brother of japheth. and of shem were born the fathers of all the sons of eber, and shem was the elder brother of japheth.","sem, a'a yafet, nèngu ka j'aj'i bèi-baki dhèu eber.","Ana-èpu Eber aaꞌi-aaꞌi ra, ngara na Sem. Ana-èpu Eber aaꞌi-aaꞌi ra, ngara na Yafet.","Aa ètu Sem mora iisi ana-èpu Eber aaꞌi-aaꞌi, aa Sem na a'a Yafet.",,eng,nfa,English,Dhao,3.9892,1.0234,1.2839
"the sons of shem were elam, and asshur, and arphaxad, and lud, and aram.","ana-èpu sem, ka: elam, asyur, arpaksad, lud dènge aram.","Ana-èpu Sem: Elam, Asur, Arpaksad, Lod, dènge Aram.","Ana-èpu Sem: Elam, Asur, Arpaksad, Lod, dènge Aram.",,eng,nfa,English,Dhao,0.0,0.0,0.0
"the sons of aram were uz, and hul, and gether, and mash.","ana-èpu aram ka: dhèu us, dhèu hul, dhèu geter, dènge dhèu mas.","Ana-èpu Aram: Uz, Hul, Geter, dènge Mash.","Ana-èpu Aram: Uz, aa Hul, aa Geter, aa Mash.",,eng,nfa,English,Dhao,-3.0303,-9.5199,-9.1374
"and soothly arphaxad begat salah, of whom eber was born.","ana arpaksad ka, sela. ana sela ka, eber.","na Soothly, Arpaksad, èci èèna ka dhu jꞌajꞌi ana-èpu nèngu, èci èèna ka dhu jꞌajꞌi ana-èpu nèngu, èci èèna ka dhu jꞌajꞌi ana-èpu nèngu, èci èèna ka dhu jꞌajꞌi ana-èpu nèngu, èci èèna ka dhu jꞌajꞌi ana-èpu nèngu, èci èèna ka dhu jꞌajꞌi ana-èpu nèngu, èci èèna ka dhu jꞌajꞌi ana-èpu Eber.","na Soothly, Arpaksad j'aj'i ama Salah, na Salah j'aj'i ama Eber.",,eng,nfa,English,Dhao,5.3004,6.9697,8.3845
"and two sons were born to eber, the name to the one son was peleg, for the land was parted in his days or for the peoples of the world were divided in his time; and the name of his brother was joktan.","ana eber, mone dhèu dua. ana uuru, ngara na pelek dhu sasoa na ‘palème era', lula taa èèna dhèu pea palème ètu rai-haha ne. ngara ari na, yoktan.","Nèti èèna ka, Eber abhu ana mone dhèu dua. Èci ngara na Peleg, lula èèna jꞌajꞌi dhèu aaꞌi-aaꞌi ètu rai-haha ne, lodꞌo na jꞌajꞌi dhèu aaꞌi-aaꞌi ètu rai-haha ne. Dhèu aaꞌi-aaꞌi ètu rai-haha ne, ngara na Joktan.","Aa Eber abhu ana mone dua. Èci ngara na Peleg, lula rai j'aj'i dua ètu lod'o na do dhèu aa'i-aa'i ètu rai-haha ne j'aj'i dua ètu lod'o na; aa ngara na ana mone èci hari na Joktan.",,eng,nfa,English,Dhao,-3.1169,-4.9445,-5.9557
"and that joktan begat almodad, and sheleph, and hazarmaveth, and jerah,","ana-èpu yoktan, ka: almodad, selef, hasar-mawet, yera,","dhu pèri-pèri hèbꞌa, dhu pèri-pèri hèbꞌa, dhu pèri-pèri hèbꞌa, dhu pèri-pèri hèbꞌa, dhu pèri-pèri hèbꞌa, dhu pèri-pèri hèbꞌa, dhu pèri-pèri hèbꞌa, dhu pèri-pèri hèbꞌa, dhu pèri-pèri hèbꞌa, dhu pèri-pèri hèbꞌa, dhu pèri-pèri hèbꞌa, dhu pèri-pèri hèbꞌa, dhu pèri-pèri hèbꞌa.","aa dhu Joktan ana Almodad, aa Sheleph, aa Hazarmaveth, aa Jerah.",,eng,nfa,English,Dhao,6.7583,20.5316,15.9891
"and hadoram, and uzal, and diklah,","hadoram, usal, dikla,","hadoram, uzal, diklah,","aa hadoram, aa uzal, aa diklah,",,eng,nfa,English,Dhao,-13.7779,-19.8539,-17.0602
"and obal, and abimael, and sheba,","obal, abimael, syeba,","Obal, Abimael, Seba,","aa Obal, aa Abimael, aa Seba,",,eng,nfa,English,Dhao,-3.7212,3.2639,0.6989
"and ophir, and havilah, and jobab; all these were the sons of joktan.","ofir, hawila, dènge yobab. rèngu aa'i-aa'i se, ana-èpu yoktan.","Ofir, Hawi, Yobab. Rèngu seꞌe se, ana-èpu Joktan.","Ofir aa Hawi aa Yobab. Hua rèngu seꞌe se, ana-èpu Joktan.",,eng,nfa,English,Dhao,0.7051,2.2007,0.3725
"and the habitation of them was made from mesha, as men goeth till to sephar, an hill of the east. and they lived in the hill country of the east, from mesha unto sephar.","era pea rèngu, mulai nèti mesa, taruu d'ai sefar, nuka era dhu kabhuku re sebhe dhimu.","Lodꞌo èèna, dhèu Israꞌel pea ètu sebhe seꞌe, nèti Mesa toke Sefar. Lodꞌo èèna, dhèu Israꞌel pea ètu sebhe seꞌe, nèti Mesa toke Sefar.","Aa dhèu pea ngèti Mesa, sèmi dhèu noo-noo tare Sefar, ledhe ètu dhimu. Aa dhèu pea ètu ledhe dhimu, ngèti Mesa tare Sefar.",,eng,nfa,English,Dhao,3.1997,6.801,5.1947
"these be the sons of shem, by kindreds, and languages, and countries, in their folks or nations.","rèngu aa'i-aa'i se, ana-èpu sem. èci-èci ka dènge lii, suku, aa dènge rai ra.","Rèngu se, ana-èpu Sem, nèti suku aaꞌi-aaꞌi ra, nèti suku aaꞌi-aaꞌi ra, nèti lii aaꞌi-aaꞌi ra, nèti suku aaꞌi-aaꞌi ra.","Rèngu se, ana-èpu Sem, nèti suku aaꞌi-aaꞌi ra, aa nèti lii aaꞌi-aaꞌi ra, aa nèti rai aaꞌi-aaꞌi ra, ètu suku ra.",,eng,nfa,English,Dhao,1.8974,1.0977,2.7729
"these be the families of noe, by their peoples, and nations; the folks in the earth were parted of these after the great flood. these be the families of noah, by their peoples, and their nations; all the nations on the earth came from these three men, or came from these people, after the great flood.","aa'i-aa'i se, ana-èpu noh, èci-èci ka dènge suku ra. ropa èi aae lala èle, rèngu se'e ka pea papènu lème rai-haha ne.","Dhèu aaꞌi-aaꞌi se, nuka sèmi dhèu aaꞌi-aaꞌi ètu rai-haha ne. Dhèu aaꞌi-aaꞌi se, nuka sèmi dhèu aaꞌi-aaꞌi ètu rai-haha ne. Dhèu aaꞌi-aaꞌi se, nuka sèmi dhèu aaꞌi-aaꞌi ètu rai-haha ne. Dhèu aaꞌi-aaꞌi se, nuka sèmi dhèu aaꞌi-aaꞌi ètu rai-haha ne. Dhèu aaꞌi-aaꞌi se, nuka sèmi dhèu aaꞌi-aaꞌi ètu rai-haha ne. Dhèu aaꞌi-aaꞌi se, nuka sèmi dhèu aaꞌi-aaꞌi ètu rai-haha ne, nuka sèmi dhèu aaꞌi-aaꞌi ètu rai-haha ne.","Nuka ana-èmu Noa se, ngèti dhèu rèngu aa bangsa rèngu. Ngèti rèngu se, dhèu aa'i ètu rai-haha bèka, aa bangsa aa'i ètu rai-haha ngèti dhèu tèlu se, tare lala dhu'i.",,eng,nfa,English,Dhao,4.4133,10.6416,10.3194
"forsooth all the land was of one language, and of the same speech. forsooth the whole earth was of one lip, and of the same words.","uru-uru tèka na, dhèu ètu rai-haha ne, dhoka lii èci di.","Èle èèna ka, dhèu aaꞌi-aaꞌi ètu rai-haha ne, padhai lii dènge lii èci di. Èle èèna ka, dhèu aaꞌi-aaꞌi ètu rai-haha ne, padhai lii dènge lii èci di.","Èle èèna ka, rai-haha aa'i ne, lii èci di, dènge lii sama. Èle èèna ka, rai-haha aa'i ne, panyoro èci di, dènge lii sama.",,eng,nfa,English,Dhao,-7.9115,-15.7032,-13.6921
"and when they went forth from the east, they found a field in the land of shinar, and they dwelled therein.","lod'o rèngu cahag'e lasi asa ca bèka dhimu, ra d'ai era mera ètu sinear, ka ra pea ètu èèna.","Èle èèna ka, dhèu se tèke eele rai-haha ne, lasi paraga dènge rai èci, ètu rai Shinar. Ka ra pea ètu neꞌe.","Ka ropa dhèu se tèke eele ngèti dhimu, lasi paraga mamoo èci ètu rai Shinar. Ka ra pea ètu neꞌe.",,eng,nfa,English,Dhao,2.5845,-0.0875,-0.1337
"and one said to his neighbour or and they said to one another, come ye, and make we tilestones, and bake we those with fire; and they had tile for stones, and pitch, either strong glue, for mortar; and they said, come ye, and make we to us a city and a tower, whose highness stretch till to the heavens; and make we solemn our name, before that we be parted into all lands. and they said, come ye, and let us make a city, and a tower whose height shall stretch up to the sky; and make we our name well-known, or else we shall soon be parted from each other into all the earth.","rèngu aa'i-aa'i rare lii èci, aku rèngu na, a'ari, ee! mai ta patitu kota kapai aae cue. ti tao hadhu bata; ti tunu pa'adhu. èèna na, èdhi pudhi sa dedha, ho ti tape dènge èi dama. ho èèna na, ti patitu manara dedha aae èci, dhu kolo nèngu na d'ai dedha-liru, sèna ka èdhi abhu kolongara kapai. ho sèna ka èdhi j'aj'i ca kabarai aae, dhu pahag'a ia ka.","Ètu èèna, abhu dhèu cahagꞌe dhu peka dènge èci, aku rèngu na, ""Mai ka, jiꞌi tao kota, ho jiꞌi tao èci dènge èci, toke dꞌai dedha-liru. Ladhe jiꞌi jꞌajꞌi dhèu aaꞌi-aaꞌi ètu rai-haha ne, na, jiꞌi neo jꞌajꞌi dhèu aaꞌi-aaꞌi, ho jiꞌi tao èci dènge dhèu aaꞌi-aaꞌi, ho jiꞌi tao èci dènge èci dènge èci dènge èci dènge èci, ho jiꞌi tao èci dènge èci dènge èci dènge ai."" Hèia dhèu aaꞌi-aaꞌi se padhai lii, aku rèngu na, ""Mai ka, jiꞌi tao kota dènge èci, ho jiꞌi tao èci dènge èci, toke dꞌai dedha-liru. Aa ladhe jiꞌi jꞌajꞌi dhèu aaꞌi-aaꞌi ètu rai-haha ne, na, jiꞌi jꞌajꞌi dhèu aaꞌi-aaꞌi dhu jꞌajꞌi dhèu aaꞌi-aaꞌi ètu rai-haha ne.""","Hèia rèngu peka dènge èci dènge èci, aku rèngu na, ""Mai ka, ji'i tao bata lada, ho ji'i bhubhu sèra dènge ai."" Rèngu pake bata lada j'aj'i batu, dènge lem bia j'aj'i ngècu. Hèia rèngu peka, aku rèngu na, ""Mai ka, ji'i tao kota dènge menara, dhu dedha-nèngu bèba tare d'ai liru. Ho ji'i padelo ngara ji'i, sèta ji'i lèma palangu ngèti èci dènge èci d'ai hua rai.""",,eng,nfa,English,Dhao,5.9863,0.8572,1.8293
"forsooth the lord came down to see the city, and the tower, which the sons of adam builded or which the sons of men were building.",hèia lamatua puru mai laladhe kota dènge manara dhu ra patitu èèna.,"Èle èèna ka, Lamatua puru nèti dedha-liru, sèna ka neꞌa, ngaa dhu dhèu rai-haha tao ètu rai-haha ne. Aa ngaa dhu dhèu rai-haha tao ètu rai-haha ne.","Èle èèna ka, Lamatua puru nèti dedha-liru, sèna ka neꞌa kota, aa menara, dhu dhèu rai-haha tao.",,eng,nfa,English,Dhao,1.0192,2.9223,4.7181
"and he said, lo! the people is one, and one language is to all, and they have begun to make this; neither they shall cease of their thoughts, till they ful fill those in work, or and they shall not cease from their thoughts, until they have fulfilled them in deed;","ka na peka na, dhèu rai-haha se, aa'i-aa'i ra ca kabarai, dènge lii èci di. ngaa dhu rèngu tao ne, heka mulai kèna. bèli-camèd'a ladhe rèngu aa'i-aa'i ra j'aj'i mi èci sèmi ne'e, èèna na, ngaa dhu rèngu neo tao, j'aj'i aa'i mèu-mèu.","""Miu aaꞌi-aaꞌi mi! Miu aaꞌi-aaꞌi mi jꞌajꞌi dhèu aaꞌi-aaꞌi. Miu aaꞌi-aaꞌi mi jꞌajꞌi dhèu aaꞌi-aaꞌi. Miu aaꞌi-aaꞌi mi jꞌajꞌi dhèu aaꞌi-aaꞌi. Miu aaꞌi-aaꞌi mi jꞌajꞌi dhèu aaꞌi-aaꞌi. Miu aaꞌi-aaꞌi mi jꞌajꞌi dhèu aaꞌi-aaꞌi mi jꞌajꞌi dhèu aaꞌi-aaꞌi. Miu aaꞌi-aaꞌi mi jꞌajꞌi dhèu aaꞌi-aaꞌi mi jꞌajꞌi dhèu aaꞌi-aaꞌi.","Aa ne lii, Miu! Dhèu mesa, aa lii mesa ètu dhèu aa'i, aa rèngu heka tao nenga; rèngu boe dai ngèti isi rèngu, tare rèngu isi sèra ètu saba, do aa rèngu boe dai ngèti isi rèngu, tare rèngu isi sèra ètu tatao.",,eng,nfa,English,Dhao,1.2752,9.4285,10.2352
"therefore come ye, go we down, and shame we there the tongue of them, that each man hear not the voice of his neighbour. and so come ye, let us go down there, and confuse their tongues, so that each person shall not be able to understand their neighbour's voice.","de be'a risi, èdhi puru lati ho tao lii si baka-leo, ho sèna ka èci ne'a boe lii èci.","De jiꞌi lèpa hari laꞌe padhai lii rèngu, sèna ka ra tadèngi boe lii èci, aa ra tadèngi boe lii èci. De jiꞌi lèpa hari laꞌe padhai lii rèngu, sèna ka ra tadèngi boe lii èci, aa ra tadèngi boe lii èci dènge èci. De jiꞌi lèpa hari laꞌe padhai lii èci dènge èci, sèna ka ra tadèngi boe lii èci dènge èci, sèna ka ra tadèngi boe lii èci dènge èci, sèna ka ra tadèngi boe lii èci, sèna ka ra tadèngi boe lii èci, sèna ka ra tadèngi boe lii èci dènge èci, sèna ka ra tadèngi boe lii èci, sèna ka ra tadèngi boe lii èci, sèna ka ra tadèngi boe lii èci, sèna ka ra tadèngi boe lii èci, sèna ka ra tadèngi lii padhai lii èci, sèna ka rèngu bisa padhai lii padhai lii èci dènge èci dènge èci, sèna ka rèngu bisa padhai lii padhai lii èci dènge èci dènge èci dènge èci.""","De ji'i mai, ji'i dha'u, aa ji'i padhai lii rèngu ètu, sèna ka èci dènge èci boe mèke tadèngi lii èci dènge èci.",,eng,nfa,English,Dhao,10.578,8.7749,14.685
and so the lord separated them from that place into all the lands; and they ceased to build the city.,"hèia lamatua puru, ka kakeho lii ra. dènge j'ara sèmi èèna, na pacèri si palème rai-haha ne. ka ra pakèd'i taruu heka kota deo na.","Ropa tadèngi lii padhai Ama Lamatua sèmi èèna, hèia Ama Lamatua pua dhèu aaꞌi-aaꞌi mai nèti dꞌara kota ne asa rai-haha ne. Hèia dhèu aaꞌi-aaꞌi roꞌo boe patitu kota ne.",Ropa Ama Lamatua pua dhèu aaꞌi-aaꞌi mai nèti dꞌara kota ne asa rai-haha ne. Hèia dhèu aaꞌi-aaꞌi roꞌo boe patitu kota ne.,,eng,nfa,English,Dhao,-3.7687,-8.3612,-8.0946
"and therefore the name thereof was called babel, for the language of all the earth was confounded there; and from thence the lord scattered them on the face of all countries or and from there the lord scattered them over all the face of the earth.","nèti èèna ka, ra pangare kota na, babel dhu sasoa na ‘pab'ingu', lula lamatua kakeho lii ra, aa pacèri eele si palème rai-haha ne.","Nèti èèna ka, dhèu aaꞌi-aaꞌi ra paroa kota ne, 'Babel'. Nèti èèna ka, dhèu aaꞌi-aaꞌi ètu rai-haha ne reꞌa boe lii ra. Nèti èèna ka, Lamatua papuru dhèu aaꞌi-aaꞌi ètu rai-haha ne asa rai-haha ne. Nèti èèna ka, Lamatua papuru dhèu aaꞌi-aaꞌi ètu rai-haha ne.","Nèti èèna ka, ngara nèngu paroa 'Babel', rowi lii aa'i rai-haha ne dho'a ètu èèna. Nèti èèna ka, Lamatua papuru ra ètu katanga madha rai-haha aa'i-aa'i.",,eng,nfa,English,Dhao,3.6545,-0.8682,-0.0733
"these be the generations of shem or these be the descendants of shem. shem was an hundred years old when he begat arphaxad, two years after the great flood.","se'e se, ana-èpu sem. ropa èle èi aae lala dua tèu sa, sem mamuri cangasu tèu kèna, ka na abhu ana mone ca dhèu, ngara na arpaksad.","Rèngu se, ana-èpu Sem kahèi. Lodꞌo èèna, hèia Sem nara iisi Arpaksad. Lodꞌo èèna, bèli-camèdꞌa bèli-camèdꞌa bèli-camèdꞌa bèli-camèdꞌa bèli-camèdꞌa bèli-camèdꞌa bèli-camèdꞌa bèli-camèdꞌa bèli-camèdꞌa bèli-camèdꞌa bèli-camèdꞌa bèli-camèdꞌa bèli-camèdꞌa bèli-camèdꞌa bèli-camèdꞌa bèli-camèdꞌa bèli-camèdꞌa.","Rèngu se, ana-èpu Sem. Sem nara cangasu tèu lod'o nèngu nara iisi Arpaksad, dua tèu tare lala.",,eng,nfa,English,Dhao,13.3755,10.3215,12.9131
"and shem lived after that he begat arphaxad five hundred years, and begat sons and daughters.","ka sem mamuri hari d'ai lèmi ngasu tèu, na abhu hari ana mone dènge ana bhèni.","Èle èèna ka, Sem mamuri nare Arpasad, toke dꞌai èpa nguru tèu. Èle èèna ka, Sem mamuri hari ana mone dènge ana bhèni ca dhèu.","Èle èèna ka, Sem mamuri nare Arpasad, lèmi ngasu tèu. Aa mamuri hari ana mone dènge ana bhèni.",,eng,nfa,English,Dhao,22.0488,13.295,15.5018
"forsooth arphaxad lived five and thirty years, and then begat salah;","lod'o umur arpaksad d'ai tèlu nguru lèmi tèu, na abhu ana mone ca dhèu, ngara na sela.","Èle èèna ka, Arpasad mamuri toke dꞌai tèlu nguru tèu, hèia na bèli-camèdꞌa.","Èle èèna ka, Arpasad mamuri tèlu nguru lèmi tèu, hèia na bèli Salah.",,eng,nfa,English,Dhao,9.6761,6.238,7.0321
"and arphaxad lived after that he begat salah three hundred and three years, and begat sons and daughters. and arphaxad lived after that he begat salah four hundred and three years, and begat sons and daughters.","ka arpaksad mamuri hari d'ai èpa ngasu tèlu tèu, na abhu hari ana mone dènge ana bhèni.","Èle èèna ka, Arpasad mamuri toke èpa nguru tèlu tèu. Èle èèna ka, Arpasad mamuri toke èpa nguru tèlu tèu.","aa èle ka ana pare Salah, Arpasad mamuri toke tèlu ngasu aa tèlu tèu, aa pare ana mone aa ana ngad'i. aa èle ka ana pare Salah, Arpasad mamuri toke èpa ngasu aa tèlu tèu, aa pare ana mone aa ana ngad'i.",,eng,nfa,English,Dhao,0.5578,9.2212,6.9209
"and salah lived thirty years, and then begat eber;","lod'o umur sela d'ai tèlu nguru tèu, na abhu ana mone ca dhèu, ngara na eber.","Èle èèna ka, nèngu mamuri tèlu nguru tèu. Èle èèna ka, nèngu bèli-camèdꞌa bèli-camèdꞌa ètu dꞌara èmu na, hèia bèli-camèdꞌa bèli-camèdꞌa na, bèli-camèdꞌa na, bèli-camèdꞌa na, bèli-camèdꞌa na, bèli-camèdꞌa na, bèli-camèdꞌa na, bèli-camèdꞌa na, bèli-camèdꞌa na, bèli-camèdꞌa na, bèli-camèdꞌa na, bèli-camèdꞌa na, bèli-camèdꞌa na, bèli-camèdꞌa na, bèli-camèdꞌa na, bèli-camèdꞌa na, bèli-camèdꞌa na, bèli-camèdꞌa na, bèli-camèdꞌa.","aa Salah mamuri tèlu nguru tèu, hèia nèngu ana Eber.",,eng,nfa,English,Dhao,18.2996,10.3949,15.1559
"and salah lived after that he begat eber four hundred and three years, and begat sons and daughters.","ka sela mamuri hari d'ai èpa ngasu tèlu tèu, na abhu hari ana mone dènge ana bhèni.","Èle èèna ka, Abraham mamuri èpa nguru tèlu tèu. Èle èèna ka, Abraham nara iisi ana mone dènge ana bhèni.","Aa Salah muri èpa ngasu tèlu tèu èle ka nara iisi Eber, aa nara iisi ana mone dènge ana bhèni.",,eng,nfa,English,Dhao,12.099,4.5064,5.5068
"soothly eber lived four and thirty years, and then begat peleg;","lod'o umur eber d'ai tèlu nguru èpa tèu, na abhu ana mone ca dhèu, ngara na pelek.","Hèia Eber mamuri toke dꞌai tèlu nguru tèu, hèia na bèli-camèdꞌa nara iisi na.","Eber mamuri tèlu nguru èpa tèu, hèia na bèli-camèdꞌa Peleg.",,eng,nfa,English,Dhao,9.4512,4.5936,5.7562
"and eber lived after that he begat peleg four hundred and thirty years, and begat sons and daughters.","ka eber mamuri era d'ai èpa ngasu tèlu nguru tèu, na abhu hari ana mone dènge ana bhèni.","Lodꞌo èèna, Eber mamuri toke dꞌai èpa nguru tèlu tèu. Èle èèna ka, na abhu ana mone dènge ana bhèni ca dhèu.","Aa Eber muri èpa ngasu tèlu nguru tèu èle ka na abhu Peleg, aa na abhu ana mone dènge ana bhèni.",,eng,nfa,English,Dhao,17.9191,5.4023,7.6248
"also peleg lived thirty years, and begat reu; and peleg lived thirty years, and then begat reu;","lod'o umur pelek d'ai tèlu nguru tèu, na matana ana mone ca dhèu, ngara na rehu.","Na mamuri toke dꞌai tèlu nguru tèu, hèia na mamuri taruu. Èle èèna ka, na mamuri toke dꞌai tèlu nguru tèu, hèia na mamuri taruu.","Hèi Peleg mamuri tèlu nguru tèu, aa na dꞌai Reu; aa Peleg mamuri tèlu nguru tèu, aa na dꞌai Reu.",,eng,nfa,English,Dhao,0.6802,-3.3626,-1.6752
"and peleg lived after that he begat reu two hundred and nine years, and begat sons and daughters.","ka pelek mamuri era d'ai dua ngasu ceo tèu, na abhu hari ana mone dènge ana bhèni.","Èle èèna ka, na mamuri toke dꞌai dua nguru nguru tèu. Èle èèna ka, na abhu ana mone dènge ana bhèni.","Aa Peleg muri èle èèna ka na abhu Reu, toke dꞌai dua ngasu dènge sio tèu, aa abhu ana mone dènge ana bhèni.",,eng,nfa,English,Dhao,-0.3947,2.3872,1.9716
"and reu lived two and thirty years, and then begat serug;","lod'o umur rehu d'ai tèlu nguru dua tèu, na abhu ana mone èci, ngara na seruk.","Rèhu mamuri toke dꞌai 30 tèu. Èle èèna ka, na abhu boe ca dhèu.","Aa Rèhu mamuri dua dènge tèlu nguru tèu. Èle èèna ka, na abhu boe Serug.",,eng,nfa,English,Dhao,7.8467,11.6016,11.2096
"and reu lived after that he begat serug two hundred and seven years, and begat sons and daughters.","ka rehu mamuri era d'ai dua ngasu pidhu tèu, na abhu hari ana mone dènge ana bhèni.","Èle èèna ka, Reu mamuri toke dꞌai dua nguru pidhu tèu. Èle èèna ka, na abhu hari ana mone dènge ana bhèni cahagꞌe-cahagꞌe, dhu uru èèna jꞌajꞌi ètu dꞌara Èmu Kapua Manèngi-Mangajꞌi ètu dꞌara Èmu Kapua Manèngi-Mangajꞌi ètu dꞌara Èmu Kapua Manèngi-Mangajꞌi ètu dꞌara Èmu Kapua Manèngi-Mangajꞌi ètu dꞌara Èmu Kapua Manèngi-Mangajꞌi ètu dꞌara Èmu Kapua Manèngi-Mangajꞌi ètu dꞌara Èmu Kapua Manèngi-Mangajꞌi ètu dꞌara Èmu Kapua Manèngi-Mangajꞌi ètu dꞌara Èmu Kapua Manèngi-Mangajꞌi.","Aa Reu mamuri, èle èèna ka ne abhu Serug, aa mamuri hari toke dꞌai dua ngasu pidhu tèu, aa ne abhu ana mone dènge ana bhèni.",,eng,nfa,English,Dhao,29.1926,19.0069,25.3518
"soothly serug lived thirty years, and then begat nahor;","lod'o umur seruk d'ai tèlu nguru tèu, na matana ana mone ca dhèu, ngara na nahor.","Èle èèna ka, Serug mamuri toke dꞌai 30 tèu. Èle èèna ka, na abhu Nahor.","Èle èèna ka, Serug mamuri tèlu nguru tèu, aa na abhu Nahor.",,eng,nfa,English,Dhao,17.8743,14.9473,14.7556
"and serug lived after that he begat nahor two hundred years, and begat sons and daughters.","ka seruk mamuri era d'ai dua ngasu tèu, ka na abhu hari ana mone dènge ana bhèni.","Èle èèna ka, Serug mamuri toke dꞌai dua ngasu. Èle èèna ka, na nara iisi Nahor, dènge ana mone dènge ana bhèni ca dhèu.","Aa Serug mamuri èli ka ne nara iisi Nahor, aa èli ka ne mamuri dua ngasu tèu, aa ne nara iisi ana mone dènge ana bhèni.",,eng,nfa,English,Dhao,8.0951,6.341,6.5349
"forsooth nahor lived nine and twenty years, and then begat terah;","lod'o umur nahor d'ai dua nguru ceo tèu, na abhu ana mone èci, ngara na tera.","Ropa Nahor mamuri, nèngu mamuri toke dꞌai dua nguru tèu, hèia na madhe.","Nahor mamuri dua nguru siu tèu, hèia na ana Terah.",,eng,nfa,English,Dhao,-5.0928,-3.3324,-1.5969
"and nahor lived after that he begat terah an hundred and nineteen years, and begat sons and daughters.","ka nahor mamuri era d'ai cangasu canguru ceo tèu, ka na abhu hari ana mone dènge ana bhèni.","Èle èèna ka, Nahor mamuri toke dꞌai ca tèu nguru nguru tèu. Èle èèna ka, Nahor nara iisi ana mone dènge ana bhèni.","Aa, Nahor mamuri èle ka nara iisi Terah, ca ngasu dènge sanguru siu tèu, aa nara iisi ana mone dènge ana bhèni.",,eng,nfa,English,Dhao,3.7232,6.7587,5.1732
"and terah lived seventy years, and then begat abram, nahor, and haran.","lod'o umur tera d'ai pidhu nguru tèu risi, na abhu ana mone, dhèu tèlu: abram, nahor, dènge haran.","Ropa Abraham pea ètu rai-haha ne, dꞌai nguru nguru nguru nguru tèu. Èle èèna ka, abhu Abram, Nahor, dènge Haran.","Aa Terah muri pidhu nguru tèu, heka abhu Abram, Nahor, dènge Haran.",,eng,nfa,English,Dhao,5.2208,3.2008,4.8631
"soothly these be the generations of terah or these be the descendants of terah. terah begat abram, nahor, and haran. forsooth haran begat lot;","ana-èpu tera, sèmi ne'e: ana mone na, ka: abram, nahor, dènge haran. haran abhu ana mone ca dhèu, ngara na lot.","Rèngu se, ana-èpu Rèngu. Rèngu se, ana-èpu Rèngu. Rèngu se, ana-èpu Rèngu. Rèpu Rèpu Rèpu Rèpu Rèpu Rèpu Rèpu Rèpu Rèpu Rèpu Rèpu Rèpu Rèpu Rèpu Rèpu Rèpu Rèpu Rèpu Rèpu Rèpu Rèpu Rèpu Rèpu Rèpu Rèpu Rèpu Rèpu Rèpu Rèpu Rèpu Rèpu Rèpu Rèpu Rèpu Rèpu Rèpu Rèpu Rèpu Rèpu Rèpu Rèpu Rèpu Rèpu Rèpu Rèpu Rèpu Rèpu Rèpu Rèpu Rèpu Rèpu Rèpu Rèpu Rèpu Rèpu Rèpu Rèpu Rèpu Rèpu Rèpu Rèpu Rèpu Rèpu Rèpu Rèpu Rèpu Rèpu Rèpu Rèpu Rèpu Rèpu Rèpu Rèpu Rèpu Rèpu Rèpu Rèpu Rèpu Rèpu.","Tètu, nèia nèi ana-èpu Terah. Terah nèi ana Abram, Nahor, aa Haran. Tètu, Haran nèi ana Lot.",,eng,nfa,English,Dhao,6.5901,15.7748,15.655
"and haran died before terah, his father, in the land of his nativity, in ur of chaldees or in ur of the chaldeans, later called babylon.","haran madhe ètu rae èta-èsu na, ngara na ur, rai dhèu kasdim. lod'o èèna, ama na tera mamuri era.","Ropa tadèngi lii padhai Ama Lamatua, hèia Haran madhe. Nèngu madhe ètu rai nèi, ngara na Tirus. Nèngu madhe ètu rai èèna, ngara na Uru nèi nèi nèi nèi nèi nèi nèi nèti dhèu Kaldea. Uru èèna, ngara na Uru nèi nèi nèi nèi nèi nèi, ngara na Babel.","Aa Haran madhe, Terah, ama na, do dho madhe, ètu rai nèngu nèti nèngu, ètu Uru nèti dhèu Kaldea, pe ngara na Babel.",,eng,nfa,English,Dhao,2.7103,-3.744,0.7377
"forsooth abram and nahor wedded wives; the name of the wife of abram was sarai, and the name of the wife of nahor was milcah, the daughter of haran, the father of milcah, and also the father of iscah. and abram and nahor wedded wives; the name of abram's wife was sarai, and the name of nahor's wife was milcah, the daughter of his brother haran, who was also the father of iscah.","abram madhèdi dènge sarai. nahor leo dènge ana bhèni haran, ngara na milka. haran abhu ana mone èci kahèi, ngara na yiska.","Abram dènge Nahor abhu dhèu èmu èci, ngara na Sarai. Nahor abhu dhèu èmu èmu èci, ngara na Milka. Nèngu abhu dhèu èmu èci, ngara na Haran. Nèngu abhu dhèu èmu èci, ngara na Haran. Nèngu abhu dhèu èmu èci, ngara na Haran. Nèngu abhu dhèu èmu èmu èci, ngara na Haran. Nèngu abhu dhèu èmu èmu èci, ngara na Sarai. Nèngu abhu dhèu èmu èmu èci, ngara na Haran. Nèngu abhu dhèu èmu èmu èci, ngara na Haran. Nèngu abhu dhèu èmu èmu èci, ngara na Haran. Nèngu abhu dhèu èmu èmu èci, ngara na Haran. Nèngu abhu dhèu èmu èmu èci, ngara na Haran. Nèngu abhu dhèu èmu èmu èci, ngara na Haran.","Abram dènge Nahor abhu dhèu èmu. Ngara dhèu èmu Abram na Sarai, dènge ngara dhèu èmu Nahor na Milka. Milka nènge ana Haran. Haran nènge ama Milka, dènge seka hèi ama Iska.",,eng,nfa,English,Dhao,1.6718,8.0277,10.6669
"soothly sarai was barren, and had no children.",te ngaa sarai dènge boe ana.,Sarai bhèni dènge boe ana.,Sarai bhèni dènge boe ana.,,eng,nfa,English,Dhao,0.0,0.0,0.0
"and so terah took abram, his son, and lot, the son of haran, his son, and sarai, his daughter-in-law, the wife of abram, his son, and led them out of ur of chaldees, that they should go into the land of canaan; and they came unto haran, and dwelled there. and terah took his son abram, and lot, the son of his son haran, and sarai, his daughter-in-law, the wife of his son abram, and led them out from ur of the chaldeans, to go to the land of canaan; and they came to haran, and lived there.","ca tèka, tera nèti ana na abram, dènge sarai dhèu èmu abram, dènge èpu na lot, lasi tèke eele rae ur, neo lasi asa rai kana'an. te ngaa lasi d'ai rae haran, rèngu pea ka ètu èèna.","Èle èèna ka, Tera kèpe Abram, ana na, Lot, dènge Sarai, ana bhèni na, dhu jꞌajꞌi dhèu aae Abram. Èle èèna ka, nèngu tèke eele kota Ur ètu rai Kaldea, ho lasi pea asa rai Kanaꞌan. Ka ra pea ètu Haran. Èle èèna ka, Tera kèpe Abram, Lot, dènge Sarai, ana bhèni na, dhu jꞌajꞌi dhèu aae Abram, ho lasi pea asa rai Kanaꞌan. Èle èèna ka, ra pea ètu Haran.","Èle èèna ka, Tera kèpe Abram, ana na, Lot, ana Haran, ana na, dènge Sarai, ana bhèni na, dhu j'aj'i dhèu aae Abram, ana na, ka nèngu tèke eele kota Ur ètu rai Kaldea, ho lasi pea asa rai Kana'an. Ka ra pea ètu Haran, ka ra muri ètu èèna. Aa Tera kèpe Abram, ana na, Lot, ana Haran, ana na, dènge Sarai, ana bhèni na, dhu j'aj'i dhèu aae Abram, ana na, ka nèngu tèke eele kota Ur ngèti rai Kaldea, ho lasi pea asa rai Kana'an. Ka ra pea ètu Haran, ka ra muri ètu èèna.",,eng,nfa,English,Dhao,1.5981,2.9273,0.4476
"and the days of terah were made two hundred years and five, and he was dead in haran. and all the days of terah were two hundred and five years, and then he died in haran.","tera madhe ètu èèna, dènge umur na dua ngasu lèmi tèu.","Èle èèna ka, Musa madhe ètu Haran. Èle èèna ka, Musa madhe ètu Haran, toke dꞌai dua nguru nguru nguru nguru nguru lodꞌo. Èle èèna ka, nèngu madhe ètu Haran, toke dꞌai dua nguru nguru nguru nguru nguru nguru lodꞌo Na pea ètu dꞌara oka-tedhe dhèu aaꞌi-aaꞌi ètu dꞌara oka-tedhe dhèu aaꞌi-aaꞌi ètu dꞌara oka-tedhe dhèu aaꞌi-aaꞌi ètu dꞌara oka-tedhe dhèu aaꞌi-aaꞌi ètu dꞌara oka-tedhe dhèu aaꞌi-aaꞌi ètu dꞌara oka-tedhe dhèu aaꞌi-aaꞌi ètu dꞌara oka-tedhe dhèu aaꞌi-aaꞌi ètu dꞌara oka-tedhe dhèu aaꞌi-aaꞌi.","Aa lod'o Terah nèngu dua ngasu tèu aa lèmi, aa nèngu madhe ètu Haran. Aa aa'i lod'o Terah nèngu dua ngasu tèu aa lèmi, aa hèia nèngu madhe ètu Haran.",,eng,nfa,English,Dhao,4.6013,16.0273,17.6141
"forsooth the lord said to abram, go thou out of thy land, and out of thy kindred, and out of the house of thy father, and come thou into the land which i shall show to thee;","lod'o èèna, lamatua peka le dènge abram, peka na, abram! èu pakèd'i nèti era èu ne, tèke eele ina-ama èu, èmu ina-ama mu, dènge rae-lesa èu. lamu asa era èci, dhu pe ja'a peka dènge èu.","Èle èèna ka, Lamatua peka dènge Abram, aku Nèngu na, 'Ladhe sèmi èèna, èu hudꞌi tèke eele rai èu, dènge aꞌari èu, dènge èmu ama èu, ho laꞌe asa rai dhu Jaꞌa padꞌelo dènge èu.'","Èle èèna ka, Lamatua peka dènge Abram, 'Èu hudꞌi tèke eele rai èu, dènge aꞌari èu, dènge èmu ama èu, ho mai asa rai dhu Jaꞌa padꞌelo dènge èu.'",,eng,nfa,English,Dhao,-2.0618,-2.7678,-3.0491
"and i shall make thee into a great folk or and i shall make thee into a great nation, and i shall bless thee, and i shall magnify thy name, and thou shalt be blessed;","èèna na, ja'a hia mèngi-nale mi èu. aa ana-èpu èu, èèna na, bèba-kacanga, j'aj'i suku dhu kapai, toke dhèu tadhe kolongara èu. ho bèli-camèd'a, èu j'aj'i berkat hia dhèu leo kahèi.","Èèna na, Jaꞌa tao èu jꞌajꞌi dhèu unu Lamatua dhu kapai. Jaꞌa pakabꞌua èu, aa Jaꞌa dedꞌe padedha-dedha kolongara èu.","Aa Jaꞌa neo tao èu jꞌajꞌi dhèu dhu kapai, aa Jaꞌa neo pakabꞌua èu, aa Jaꞌa neo dedꞌe padedha-dedha kolongara èu, aa èu neo mèngi.",,eng,nfa,English,Dhao,0.1787,0.6631,-0.1088
"i shall bless them that bless thee, and i shall curse them that curse thee; and all kindreds of the earth shall be blessed in thee or and all the families on the earth shall pray to be blessed as thou art blessed, or and through thee i shall bless all the nations of the earth.","èèna na, ja'a hia berkat mi dhèu dhu hia berkat mi èu. te ngaa ja'a huku dhèu cee dhu dhoo èu. nanene paie! pe èèna na, dhèu aa'i-aa'i ètu rai-haha ne abhu berkat lula èu.","Bèli-camèdꞌa dhèu aaꞌi-aaꞌi ètu rai-haha ne, bèli-camèdꞌa suku aaꞌi-aaꞌi ètu rai-haha ne abhu berkat, sama sèmi dhèu aaꞌi-aaꞌi ètu rai-haha ne abhu berkat nèti Ama Lamatua. Aa dhèu aaꞌi-aaꞌi ètu rai-haha ne, bèli-camèdꞌa abhu berkat nèti Ama Lamatua, sama sèmi dhèu aaꞌi-aaꞌi ètu rai-haha ne abhu berkat nèti Ama Lamatua. Bèli-camèdꞌa dhèu aaꞌi-aaꞌi ètu rai-haha ne, bèli-camèdꞌa dhèu aaꞌi-aaꞌi ètu rai-haha ne abhu berkat nèti Ama Lamatua.""","Au pasabhu berkat dhèu sèra sèra mèngi èu, aa au pasabhu mara dhèu sèra sèra pasabhu mara èu. Aa suku aa'i-aa'i ètu rai-haha ne abhu berkat lèu èu, ata aa suku aa'i-aaꞌi ètu rai-haha ne mangaj'i sèra abhu berkat sama sèmi èu abhu berkat, ata aa lèu èu au pasabhu berkat suku aa'i-aa'i ètu rai-haha ne.",,eng,nfa,English,Dhao,10.3198,6.3832,7.6027
"and so abram went out, as the lord commanded him, and lot went with him. abram was five and seventy years old when he went out of haran. and he took sarai, his wife, and lot, the son of his brother, and all the substance which they had in possession, and the men which they had begotten in haran, or and all the men, or all the slaves, which they had gotten, or had acquired, in haran; and they went out so that they should go into the land of canaan. and when they came into it,","lod'o èèna, umur abram pidhu nguru lèmi tèu. na nèti dhèu èmu na sarai, aa dènge ana ari na, lot, dènge mèdha-panyau ra aa'i-aa'i, aa dènge dhèu sab'a na aa'i-aa'i dhu na abhu ètu kota haran. hèia abram si lasi ka, tèke eele kota haran, asa era dhu lamatua peka le dènge ne. ka ra kako taruu, d'ai rai èci, ngara na kana'an.","Èle èèna ka, Abram dènge Sarai, dhèu èmu na, dènge Lot, dènge aaꞌi-aaꞌi ra aaꞌi-aaꞌi ra, aa aaꞌi-aaꞌi ra aaꞌi-aaꞌi ra dhu ra abhu ètu Haran. Ropa rèngu maso asa rai Kanaꞌan,","Èle èèna ka, Abram podho, sèmi Lamatua paredha nèngu. Dènge Lot noo dènge nèngu. Lod'o nèngu podho ètu Haran, Abram tèu lèmi nguru pidhu. Nèngu dènge Sarai, dhèu èmu na, dènge Lot, ana mone nèngu, dènge aa'i-aa'i dhu ra abhu, dènge aa'i mone do aa'i ènu dhu ra abhu ètu Haran. Rèngu podho, sèna ka rèngu maso asa rai Kana'an. Ropa rèngu maso asa rai èèna,",,eng,nfa,English,Dhao,8.7879,14.8224,11.7628
"abram passed through the land till to the place of sichem, and till to the noble valley. forsooth canaanite was then in the land. and abram passed through the land to the place of shechem, and to the terebinth tree of moreh. and the canaanites were then in the land.","d'ai era èèna, abram kako palème rai ne, toke d'ai padètu dènge rae èci, ngara na sikem. ka ra pea taha ètu èèna, padètu dènge aj'u aae ca kapua ètu more. lod'o èèna, dhèu kana'an dhu pea ètu èèna era.","Èle èèna ka, Abram kako laꞌe asa Sikem, toke dꞌai dꞌara sebhe dhu beꞌa. Lodꞌo èèna, dhèu Kanaani pea ètu rai-haha ne. Hèia Abram kako laꞌe asa Sikem, toke dꞌai dꞌara ajꞌu mera. Ka dhèu Kanaani pea ètu rai-haha ne.","Abram kako laꞌe asa Sikem, toke dꞌai dꞌara sebhe dhu beꞌa. Lodꞌo èèna, dhèu Kanaani pea ètu rai-haha ne. Hèia Abram kako laꞌe asa Sikem, toke dꞌai ajꞌu Moreh. Ka dhèu Kanaani pea ètu rai-haha ne.",,eng,nfa,English,Dhao,-0.0465,-2.4391,-2.3071
"soothly the lord appeared to abram, and said to him, i shall give this land to thy seed. and abram built there an altar to the lord, that appeared to him, or and abram build an altar there to the lord, who had appeared to him.","ètu era èèna ka, lamatua pad'elo iisi na mi abram, peka na, èèna na, ja'a hia ana-èpu èu rai ne'e ne. ka abram pudhi hadhu tao mei korban hia lamatua dhu pad'elo iisi na dènge nèngu ètu era èèna.","Èle èèna ka, Lamatua padꞌelo jꞌara mi Abram, ka Na peka, aku Nèngu na, ""Bèli-camèdꞌa jaꞌa bꞌala rai ne, sèna ka ana-èpu èu jꞌajꞌi dhèu unu Jaꞌa."" Hèia Abram pajꞌujꞌu ètu èèna, ho pajꞌujꞌu mei korban mi Lamatua dhu padꞌelo jꞌara ne.","Èle èèna ka, Lamatua bhodho mi Abram, ka Na peka mi nèngu, ""Jaꞌa hia rai ne mi ana-èpu èu."" Hèia Abram pajꞌujꞌu mèdha korban ètu èèna mi Lamatua dhu bhodho mi nèngu.",,eng,nfa,English,Dhao,3.1324,-6.7287,-5.3861
"and from thence he passed forth to the hill of bethel, that was against the east, and setted there his tabernacle, having bethel from the west, and hai from the east. and he builded also there an altar to the lord, and inwardly called his name. and from there he went on to the hill country that was east of bethel, and pitched his tent there, having bethel on the west, and hai on the east. and there he also built an altar to the lord, and inwardly called on his name.","èle èèna ka, abram si pidha hari asa ledhe re balèu. ka ra pea taha ètu talora rae betel dènge rae ai. ètu èèna, na patitu mei korban èci ho na mangaj'i mi lamatua.","Èle èèna ka, nèti èèna ka, na lèpa asa ledhe èci, ngara na Betel. Èle èèna ka, nèti èèna ka, na patitu hèbꞌa na ètu era neꞌe. Ètu era neꞌe, nèti èèna ka, nèti èèna ka, nèti èèna ka, nèti èèna ka, nèti èèna ka, nèti èèna ka, nèti era neꞌe ka, nèti èèna ka, nèti èèna ka, nèti èèna ka, nèti era neꞌe ka, nèti èèna ka, nèti era neꞌe ka, nèti èèna ka, nèti èèna ka, nèti èèna ka, nèti èèna ka, nèti èèna ka, nèti era neꞌe ka, nèti era neꞌe ka, nèti era neꞌe ka, nèti èèna ka, nèti èèna ka, nèti era neꞌe ka, nèti era neꞌe ka, nèti era neꞌe ka, nèti era neꞌe ka, nèti era neꞌe ka, nèti era neꞌe ka, nèti era neꞌe ka, nèti era neꞌe ka, nèti era neꞌe ka, nèti èèna ka, nèti èèna ka, nèti èèna ka, nèti èèna ka, nèti nèti èèna ka, nèti nèti èèna ka, nèti èèna ka, nèti nèti èèna ka, nèti nèti èèna ka, nèti nèti èèna ka, nèti nèti nèti èèna ka, nèti èèna ka, nèti nèti nèti èèna ka, nèti nèti èèna ka, nèti nèti èèna ka, nèti nèti nè","Nèti èèna ka, na lèpa asa ledhe Betel, ètu dhimu. Aa na patitu hèbꞌa na ètu èèna, dènge Betel ètu haa, aa Hai ètu dhimu. Aa na tao hèi mèdha paringad'u asa Lamatua ètu èèna, aa na wèli ngara na.",,eng,nfa,English,Dhao,10.4673,13.4811,17.49
"and abram went going, and going forth over to the south. and abram continued on, and went down to the south.","èle èèna ka, na pidha-pidha era, d'ai rai negeb re ca bèka balèu nèti rai kana'an.","Èle èèna ka, Abram lèpa asa cabèka.","Èle èèna ka, Abram lèpa asa cabèka. Aa Abram lèpa, aa dha'u asa cabèka.",,eng,nfa,English,Dhao,4.6683,5.6994,3.7928
"soothly hunger was made in the land; and abram went down into egypt, to be a pilgrim there or to live there for a while, for hunger had the mastery in the land.","ca tèka, rai kana'an lèke manganga aae. nèti èèna ka, abram si lasi asa bèka balèu, ka ra d'ai rai masir. ka ra manubha taha ètu nèi.","Èle èèna ka, abhu pèri-pèri heka ètu rai-haha ne. Nèti èèna ka, Abram laꞌe asa Masir, ho pea ètu rai-haha ne. Te ngaa abhu heka ètu rai-haha ne, sèna ka jꞌajꞌi dhèu sabꞌa ètu rai-haha ne.","Èle èèna ka, abhu pèri-pèri heka ètu rai-haha ne. Nèti èèna ka, Abram dha'u asa Masir, ho j'aj'i dhèu sab'a ètu èèna, aa ho muri ètu èèna diki, sèna ka heka ka pèri-pèri ètu rai-haha ne.",,eng,nfa,English,Dhao,-0.0096,-1.9445,-1.7421
"and when he was nigh to enter into egypt, he said to sarai, his wife, i know that thou art a fair woman,","ropa oe d'ai masir, abram peka dènge dhèu èmu na, sarai, aku nèngu na, sarai, èu bhèni iia, nia boe.","Ropa dꞌai lodꞌo na maso asa Masir, ka na peka dènge Sarai, dhèu èmu na, aku nèngu na, ""Èu ne dhèu bhèni dhu kapai.","Ropa na d'ai maso asa Masir, ka na peka dènge Sarai, dhèu èmu na, ""Aku ne'a ladhe, èu ne dhèu bhèni dhu kapai.",,eng,nfa,English,Dhao,-5.8816,-4.7001,-4.7088
"and that when the egyptians shall see thee, they shall say, it is his wife, and they shall slay me, and keep thee, or and then they shall kill me, but keep thee alive.","de ladhe dhèu masir rèdhi èu bhèni iia sèmi ne'e, mage dhoka ra pamadhe ja'a, lula ja'a dhèu èmu-kamali èu. dènge sèmi èèna, ra parame rare èu.","Ladhe dhèu Masir ladhe rèdhi èu, hèia ra peka na, 'Nèngu ne, dhèu èmu na.' Hèia ra pamadhe jaꞌa, te ngaa èu mamuri hari. Aa ladhe èu mamuri hari, ra pamadhe jaꞌa, te ngaa èu mamuri hari.'","Ladhe dhèu Masir ladhe èu, hèia ra peka na, 'Nèngu ne, dhèu èmu na.' Hèia ra pamadhe jaꞌa, te ngaa èu mamuri hari. Aa hèia ra pamadhe jaꞌa, te ngaa èu mamuri hari.",,eng,nfa,English,Dhao,-1.7921,-3.923,-3.0209
"therefore, i beseech thee, say that thou art my sister, that it be well to me for thee, and that my life live for the love of thee. and so i beseech thee, say that thou art my sister, and then all shall be well with me, because of thee, and i shall remain alive, because thou hast shown thy love for me.","de be'a risi, èu peka dènge ra, na ja'a ne, ana mone èu. dènge sèmi èèna ka, rèngu pamadhe boe ja'a, aa ra be'a-be'a dènge ja'a, lula èu ne.","Nèti èèna ka, jaꞌa manèngi sèna ka èu jꞌajꞌi aꞌari jaꞌa. Dènge jꞌara neꞌe, jaꞌa bisa mamuri taruu, lula èu sue jaꞌa.","Nèti èèna ka, jaꞌa manèngi, aku sèna ka èu jꞌajꞌi ana-hèni jaꞌa, sèna ka jaꞌa lèke dènge èu, aa sèna ka jaꞌa muri lula èu sue jaꞌa. Aa nèti èèna ka, jaꞌa manèngi, aku sèna ka èu jꞌajꞌi ana-hèni jaꞌa, èele ka aa'i lèke dènge jaꞌa, lula èu, aa jaꞌa bisa muri taruu, lula èu sue jaꞌa.",,eng,nfa,English,Dhao,-2.328,5.0937,3.0003
"and so when abram had entered into egypt, the egyptians saw the woman, and that she was full fair;","ropa abram si d'ai masir, dhèu ètu èèna, ladhe laa na, sarai ne bhèni iia titu kèna.","Ropa Abram maso asa Masir, dhèu Masir ladhe rèdhi bhèni ne, rèdhi bhèni ne bhèni bhèni bhèni dhu kapai.","Ropa Abram maso ètu Masir, dhèu Masir rèdhi bhèni ne, aa ne pènu saraga.",,eng,nfa,English,Dhao,-0.2864,-3.7966,-2.3149
"and the princes told about her to pharaoh, and praised her with him; and so the woman was taken up into the house of pharaoh.","ropa dhèu sab'a dhèu aae sèra ladhe rèdhi ne, aa ra koa bhabhèni iia na ètu madha dhèu aae. ka rèti bhèni ne, asa èmu dhèu aae.","Èle èèna ka, dhèu-dhèu heka-dhèu kapai rèti bhèni ne asa dꞌara èmu dhèu aae. Ka ra padhai lii dènge dhèu aae, peka na, bhèni ne jꞌajꞌi dhèu aae. Ka dhèu aae rèti bhèni ne asa dꞌara èmu dhèu aae, sèna ka ra padhai lii dènge dhèu aae, peka na, bhèni ne jꞌajꞌi dhèu aae.","Ka dhèu-dhèu kapai padhai lii ele.boe bhèni ne dènge dhèu aae, aa ra koa-kio bhèni ne dènge dhèu aae; ka bhèni ne rèti asa dꞌara èmu dhèu aae.",,eng,nfa,English,Dhao,12.0994,1.9331,4.8423
"forsooth they used well abram for her; and sheep, and oxen, and asses, and servants, and servantesses, and she-asses, and camels were given to him. and pharaoh treated abram well because of her; and sheep, and oxen, and donkeys, and male and female slaves, and female donkeys, and camels were given to him.","hèia dhèu aae be'a-be'a ka dènge abram, lula sarai. ka na parasee abram mèdha rupa-rupa. nuka badha sèmi: kahib'i-kalèbho, kahib'i-ka'ia, sapi, keled'ei, dènge onta. na parasee kahèi, ènu dhèu mone dènge dhèu bhèni.","Nèti èèna ka, dhèu aaꞌi-aaꞌi ra hia Abram kahibꞌi-kalèbho dènge kahibꞌi-kalèbho dènge kahibꞌi-kalèbho dènge kahibꞌi-kalèbho. Ka dhèu aaꞌi-aaꞌi ra hia Abram kahibꞌi-kalèbho dènge kahibꞌi-kalèbho dènge kahibꞌi-kalèbho dènge kahibꞌi-kalèbho dènge kahibꞌi-kalèbho dènge kahibꞌi-kalèbho dènge kahibꞌi-kalèbho dènge kahibꞌi-kalèbho dènge kahibꞌi-kalèbho dènge kahibꞌi-kalèbho dènge kahibꞌi-kalèbho dènge kahibꞌi-kalèbho dènge kahibꞌi-kalèbho dènge kahibꞌi-kalèbho dènge kahibꞌi-kalèbho dènge kahibꞌi-kalèbho dènge kahibꞌi-kalèbho dènge kahibꞌi-kalèbho dènge kahibꞌi-kalèbho dènge kahibꞌi-kalèbho dènge kahibꞌi-kalèbho dènge kahibꞌi-kalèbho.","Firaun leru Abram kahib'i-kalèbho lula nèngu; aa biri-biri, aa sapi, aa keledai, aa ana-tai mone, aa ana-tai bhèni, aa keledai bhèni, aa unta hia nèngu.",,eng,nfa,English,Dhao,6.3023,2.5317,6.2883
"forsooth the lord beat pharaoh and his house with most vengeances for sarai, the wife of abram. but the lord struck pharaoh and his household with great plagues, because of sarai, the wife of abram.","lula na nare dhèu èmu dhèu asa d'ara èmu na, nèti èèna ka, lamatua hia huku rupa-rupa mi dhèu aae dènge isi èmu na.","Nèti èèna ka, Lamatua pahie eele Sarai, dhèu èmu Abram, dènge dhèu èmu na aaꞌi-aaꞌi ra. Nèti èèna ka, Lamatua pahie eele Sarai, dhèu èmu na aaꞌi-aaꞌi ra dènge dhèu èmu na aaꞌi-aaꞌi ra dènge jꞌajꞌèra aaꞌi-aaꞌi ra.","Lamatua pahie eele Firaun dènge dhèu èmu na aaꞌi-aaꞌi ra dènge j'aj'èra kapai, nèti Sarai, dhèu èmu Abram.",,eng,nfa,English,Dhao,2.7964,-7.1854,-5.0027
"and pharaoh called for abram, and said to him, what is it that thou hast done to me? why showedest thou not to me that she was thy wife?","hèia dhèu aae masir paroa abram, ka na karèi ne, aku nèngu na, èu ne tao tasamia mi ja'a ne? nga tao ka èu peka boe na, bhèni ne dhèu èmu èu?","Hèia dhèu aae Farao paroa Abram, ka na karèi, aku nèngu na, ""Nga tao ka èu tao sèmi èèna mi jaꞌa? Nga tao ka èu padꞌelo boe dènge jaꞌa, na, nèngu ne, dhèu èmu èu?""","Hèia dhèu aae Farao paroa Abram, ka na karèi, aku nèngu na, ""Nga tao ka èu tao sèmi èèna mi jaꞌa? Nga tao ka èu padꞌelo boe dènge jaꞌa, na, nèngu ne, dhèu èmu èu?""",,eng,nfa,English,Dhao,0.0,0.0,0.0
"for what cause saidest thou, that she was thy sister, so that i should take her into wife to me? now therefore lo! thy wife; take thou her, and go! .","te ngaa aku èu na, nèngu ne ana hèni èu! nèti èèna ka, ja'a oe kore ne j'aj'i dhèu èmu ja'a! dhèu èmu èu ka ne'e! more hari ka, aa pakaj'èu ka nèti madha ja'a!","Nga tao ka èu peka na, 'Nèngu ne, aꞌari èu?' De jaꞌa hudꞌi jꞌajꞌi dhèu èmu èu. De èu hudꞌi jꞌajꞌi dhèu èmu èu, ho lèpa!""","Nga tao ka èu peka na, 'Nèngu ne, aꞌari èu?' ladhe jaꞌa hudꞌi nare nèngu jꞌajꞌi dhèu èmu jaꞌa? De naho! dhèu èmu èu; nare nèngu, aa lèpa!",,eng,nfa,English,Dhao,4.6535,6.2625,5.9547
"and pharaoh commanded to men on abram, and they led forth him, and his wife, and all things that he had. and pharaoh commanded to his men about abram, and they sent him away with his wife, and all the things that he had been given.","hèia dhèu aae paredha dhèu sab'a na sèra, babège eele abram, dhèu èmu na, rèti dènge dhèu aa mèdha-panyau aa'i-aa'i ra, kalua nèti rai èèna.","Èle èèna ka, dhèu aaꞌi-aaꞌi nèti dhèu aaꞌi-aaꞌi ètu nèi paredha Abram. Ka dhèu aaꞌi-aaꞌi rèti ne dènge dhèu aaꞌi-aaꞌi ra asa liꞌu. Èle èèna ka, dhèu aaꞌi-aaꞌi ètu nèi paredha dhèu aaꞌi-aaꞌi ètu nèi, sèna ka dhèu aaꞌi-aaꞌi bisa tèke eele ne dènge dhèu aaꞌi-aaꞌi ra.","Aa Firaun paredha mone-mone nèngu ele.boe Abram, aa ra tèke ne dènge dhèu mone nèngu, dènge aa'i-aa'i nèngu asa li'u. Aa Firaun paredha mone-mone nèngu ele.boe Abram, aa ra tèke eele ne dènge dhèu mone nèngu, dènge aa'i-aa'i nèngu hua nèngu.",,eng,nfa,English,Dhao,3.3003,-5.068,-4.5149
"therefore abram ascended from egypt or and so abram went up from egypt, he, and his wife, and all things that he had; and lot went with him, to the south coast.","ka abram si tèke eele masir, lasi asa rai negeb. la'e dènge dhèu èmu na, aa dènge dhèu aa mèdha-panyau aa'i-aa'i ra. ana ari na lot madhutu ra kahèi.","Hèia Abram kalua nèti Masir, dènge dhèu èmu na, dènge aaꞌi-aaꞌi na aaꞌi-aaꞌi ra. Lot dènge nèngu lasi asa sebhe dhasi.","Hèia Abram ca'e nèti Masir, dènge dhèu èmu na, dènge aaꞌi-aaꞌi sèra nèngu. Lot dènge nèngu lasi asa sebhe dhasi.",,eng,nfa,English,Dhao,-1.6398,-2.7025,-3.1061
"forsooth he was full rich in possessions of silver, and of gold. and now he was very rich with livestock, silver, and gold.","abram èèna, kaja ae titu kèna. badha-manu na, mèdha hualaa dènge mèdha hualaa-pudhi na, ae titu kèna.","Lodꞌo èèna, nèngu abhu mèdha-panyau nèti mèdha-panyau dènge mèdha-panyau. Te ngaa nèngu abhu mèdha-panyau nèti mèdha-panyau nèti mèdha-panyau nèti mèdha-panyau nèti mèdha-panyau nèti mèdha-panyau nèti mèdha-panyau nèti mèdha-panyau nèti mèdha-panyau nèti mèdha-panyau nèti mèdha-panyau nèti mèdha-panyau nèti mèdha-panyau nèti mèdha-panyau nèti mèdha-panyau nèti mèdha-panyau nèti mèdha-panyau nèti mèdha-panyau nèti mèdha-panyau.","Lodꞌo èèna, nèngu kaja ae abhu pudhi aa mèdha-panyau. Aa nèngu kaja ae abhu mèdha-panyau, pudhi aa mèdha-panyau.",,eng,nfa,English,Dhao,3.7617,7.381,11.6285
"and he turned again by the way in which he came from the south into bethel, till to the place, in which before he had set a tabernacle or to the place where he had pitched his tent before, betwixt bethel and hai,","nèti negeb, ra pidha-pidha era, ka d'ai hari talora rae betel dènge rae ai. dhu uru èèna, ra pea rèdhi le ètu era èèna.","Èle èèna ka, na lèpa hari laꞌe asa rae Betel, toke dꞌai era dhu uru èèna na patitu èmu na ètu era dhu uru èèna na patitu èmu na ètu era dhu uru èèna na patitu èmu na ètu era dhu uru èèna na patitu èmu na ètu era èèna, ètu talora èèna dènge Betel dènge Ai.","Èle èèna ka, na kabèli hari ngèti j'ara dhu nèngu mai ngèti ètu kidi asa Betel, toke d'ai era dhu uru èèna nèngu patitu èmu na, ètu talora Betel dènge Ai.",,eng,nfa,English,Dhao,-0.1131,-3.8409,-1.3694
"in the place of the altar which he made before, and inwardly called there the name of the lord. at the place where he had made the altar before, and had inwardly called on the lord's name.","aa dhu abram patitu le kahèi mei korban, ho na mangaj'i mi lamatua ètu era èèna.","Ètu era dhu uru èèna nèti nèi, nèti èèna ka, Musa pajꞌujꞌu mèdha-panyau dhu na tao ètu era dhu uru èèna, sèna ka jꞌajꞌi dhèu aaꞌi-aaꞌi dhu jꞌajꞌi mi dedha Ama Lamatua. Nèti èèna ka, Musa pajꞌujꞌu mèdha-panyau dhu jꞌajꞌi mi èèna, sèna ka jꞌajꞌi dhèu aaꞌi-aaꞌi dhu jꞌajꞌi mi dedha-liru, sèna ka jꞌajꞌi dhèu aaꞌi-aaꞌi dhu jꞌajꞌi mi dedha-liru ètu era dhu uru èèna, dhèu aaꞌi-aaꞌi dhèu aaꞌi-aaꞌi jꞌajꞌi mi Ama Lamatua.","Ètu era mèdha-panyau dhu ne tao uru èèna, aa ètu èèna ne pajꞌujꞌu ngara Ama Lamatua.",,eng,nfa,English,Dhao,3.3031,4.1102,8.0575
"but also flocks of sheep, and droves of oxen, and tabernacles were to lot, that was with abram; and lot, who was with abram, also had flocks of sheep, and herds of oxen, and tents;","lot dhu madhutu abram èèna, unu badha-manu dènge dhèu sab'a ae kahèi.","Ètu dꞌara hèbꞌa èèna, abhu kahèi kahibꞌi-kalèbho, kahibꞌi-kalèbho dènge kahibꞌi-kalèbho, dènge kahibꞌi-kalèbho dènge kahibꞌi-kalèbho. Abram dènge kahibꞌi-kalèbho dènge kahibꞌi-kalèbho dènge kahibꞌi-kalèbho dènge kahibꞌi-kalèbho dènge kahibꞌi-kalèbho dènge kahibꞌi-kalèbho dènge kahibꞌi-kalèbho dènge kahibꞌi-kalèbho dènge kahibꞌi-kalèbho dènge kahibꞌi-kalèbho dènge kahibꞌi-kalèbho dènge kahibꞌi-kalèbho dènge kahibꞌi-kalèbho.","Tèngaa hèi, Lot, nèngu ètu Abram, abhu hèi kahibꞌi-kalèbho, aa kahibꞌi-kalèbho, aa kahibꞌi-kalèbho.",,eng,nfa,English,Dhao,0.0545,1.1634,1.2954
"and the land might not take them, that they should dwell together, for the cattle of them was much, and they might not dwell in common. and the land could not support both of them, for each of them had many livestock, and so they could not live there together. wherefore also strife was made betwixt the keepers of the flocks of abram and of lot. forsooth canaanites and perizzites also dwelled in that land in that time.","te ngaa era èèna taleo boe, ho abram dènge lot aa dènge kakaja ra bisa pea pa'èci. nèti èèna ka, ana madhenge badha abram dènge lot sèra j'aj'i patao-palaha, lula j'u'u ètu era èèna d'ai boe hia badha rèngu. lod'o èèna, dhèu kana'an dènge dhèu feris, dhu pea ètu èèna era.","Nèti èèna ka, dhèu aaꞌi-aaꞌi ra bisa boe pea ètu dꞌara èmu èèna. Nèti èèna ka, dhèu aaꞌi-aaꞌi ra bisa boe pea ètu dꞌara èmu èèna. Nèti èèna ka, dhèu aaꞌi-aaꞌi ra bisa boe pea ètu dꞌara èmu èèna. Nèti èèna ka, dhèu aaꞌi-aaꞌi ra jꞌajꞌi dhèu aaꞌi-aaꞌi dènge dhèu aaꞌi-aaꞌi ra. Nèti èèna ka, dhèu aaꞌi-aaꞌi ra jꞌajꞌi dhèu aaꞌi-aaꞌi dènge dhèu aaꞌi-aaꞌi ra. Nèti èèna ka, dhèu aaꞌi-aaꞌi ra jꞌajꞌi dhèu aaꞌi-aaꞌi dènge dhèu aaꞌi-aaꞌi ra. Nèti èèna ka, dhèu aaꞌi-aaꞌi ra jꞌajꞌi dhèu aaꞌi-aaꞌi ra jꞌajꞌi dhèu aaꞌi-aaꞌi dènge dhèu aaꞌi-aaꞌi-aaꞌi ra.","Rai boe mèke tèka ra muri iia, nèti karaha ra ae, aa ra boe muri iia. Nèti èèna ka seka hèi, patèku j'aj'i ètu d'ara dhèu tèka karaha Abram aa Lot. Dhèu Kanaan aa dhèu Periz seka hèi muri ètu rai èèna ètu lod'o èèna.",,eng,nfa,English,Dhao,8.2002,-2.4763,-0.7963
"therefore abram said to lot, i beseech thee, that no strife be betwixt me and thee, and betwixt my shepherds and thy shepherds; for we be brethren or for we be kinsmen.","ka abram peka dènge lot, aku nèngu na, èdhi se, pa'a'ari. mage dhoka èdhi, èci dènge èci be'a boe, lula dhèu sab'a èdhi se patao-palaha taruu.","Hèia Abram peka dènge Lot, aku nèngu na, ""Sèmi neꞌe! Baku paꞌèra dènge jaꞌa, dènge kahibꞌi-kalèbho jaꞌa dènge kahibꞌi-kalèbho èu, te èdhi aaꞌi-aaꞌi ra.""","Hèia Abram peka dènge Lot, ""Sèmi neꞌe! Baku paꞌèra dènge jaꞌa, dènge kahibꞌi-kalèbho jaꞌa dènge kahibꞌi-kalèbho èu, te èdhi aaꞌi-aaꞌi ra.""",,eng,nfa,English,Dhao,-7.0408,-6.9821,-8.0433
"lo! all the land is before thee, i beseech, depart thou from me; if thou go to the left side, i shall hold the right side; if thou choose the right side, i shall go to the left side.","de hua iia dua ti pahag'a ka laa. rai ne, taleo. de ladhe èu d'èi rai ca bèka kariu na, ja'a abhu re ca bèka g'ana. te ngaa ladhe èu d'èi re ca bèka g'ana, na ja'a re ca bèka kariu.","Dhèu aaꞌi-aaꞌi ètu rai neꞌe ètu madha èu. Ladhe èu tèke eele Jaꞌa, na, Jaꞌa tèke eele Jaꞌa. Te ngaa ladhe èu tèke eele Jaꞌa, na, Jaꞌa tèke eele Jaꞌa.""","Rai aa'i-aa'i ètu madha èu. Mèd'a, èu tèke eele ngèti Ja'a. Ladhe èu tèke ètu baboa kariu, na, Ja'a kèd'u ètu baboa gana. Ladhe èu tèke ètu baboa gana, na, Ja'a tèke ètu baboa kariu.",,eng,nfa,English,Dhao,-3.3209,6.5532,4.441
"and so lot raised up his eyes, and saw about all the country of jordan, which was all-moisted, before that the lord destroyed sodom and gomorrah, as the paradise of the lord, and as egypt, as men come into zoar. and so lot raised up his eyes, and saw the jordan valley all about, and that it was well-watered, and that all the way to zoar it was like the garden of the lord, that is, like the garden of eden, and like egypt, for this was before the lord destroyed sodom and gomorrah.","hèia lot ladhe palème. ka na ladhe nèdhi rai taleo ètu sebhe loko yarden dhu madha èi ae, toke d'ai rae soar. era ne, rai hèu mèngi sama sèmi oka lamatua, dènge rai masir kahèi. lod'o èèna, lamatua dhae huku mèka kota sodom dènge kota gomora. de rai èèna, be'a era.","Lodꞌo ladhe nèdhi ètu dꞌara sebhe Yarden, ètu dꞌara jꞌajꞌèra ne, èci èèna ka dènge hèbꞌa. Lodꞌo ne ladhe nèdhi ètu dꞌara jꞌajꞌèra ne, èci èèna ka dènge hèbꞌa èci, nuka sèmi hèbꞌa èci èèna ka dènge hèbꞌa èci, nuka sèmi hèbꞌa èci èèna ka dènge hèbꞌa èci, nuka sèmi hèbꞌa èci, nuka sèmi hèbꞌa èci, nuka sèmi hèbꞌa èci, nuka sèmi hèbꞌa èci, nuka sèmi hèbꞌa èci, nuka sèmi hèbꞌa èci, nuka sèmi hèbꞌa èci, nuka sèmi hèbꞌa èci, nuka sèmi hèbꞌa èci, nuka sèmi hèbꞌa èci, nuka sèmi hèbꞌa èci, nuka sèmi hèbꞌa èci, nuka sèmi hèbꞌa èci, nuka sèmi hèbꞌa èci, nuka sèmi hèbꞌa èci.","De Lod'o kaboi madha na, aa nèdhi aa'i d'ara sebhe Yarden, ètu d'ara j'aj'èra ne, èci kabe'e aa'i, aa aa'i j'ara mai ètu Zoar, nuka sèmi oka Lamatua, nuka sèmi oka Eden, aa sèmi Mesir, aa sèmi cee mai ètu Zoar. Nenga rapu Lamatua laho Sodom aa Gomorah.",,eng,nfa,English,Dhao,1.5689,4.3693,5.0161
"and lot chose to him the country about jordan, and departed from the east; and they were parted each from his brother. and lot chose for himself all the jordan valley, and left for the east; and so they parted from each other, yea, each from his kinsman.",hèia lot pili nare era sebhe loko yarden èèna. ka dua ra pahag'e ka. de lot la'e sa ca bèka dhimu.,"Èle èèna ka, Lot hagꞌe nare dhèu aaꞌi-aaꞌi ètu sebhe loko Yarden. Èle èèna ka, Lot hagꞌe nare dhèu aaꞌi-aaꞌi nèti aꞌari na. Èle èèna ka, Lot hagꞌe nare dhèu aaꞌi-aaꞌi nèti aꞌari na. Èle èèna ka, Lot hagꞌe nare rai aaꞌi-aaꞌi ètu sebhe loko Yarden. Èle èèna ka, Lot hagꞌe nare dhèu aaꞌi-aaꞌi nèti aꞌari na.","Aa Lot hag'e nare rai aa'i-aa'i ètu sebhe loko Yarden, aa nèngu ngèti dhimu. Aa sèra parame baka ngèti aꞌari nèngu.",,eng,nfa,English,Dhao,4.6938,5.8748,7.3051
"and abram dwelled in the land of canaan; soothly lot dwelled in the towns about jordan, and abode in sodom or and lived near sodom.",te ngaa abram pea taruu ètu rai kana'an. aa lot la'e pea ètu rae-rae dhu padètu dènge kota sodom ètu sebhe loko yarden.,"Èle èèna ka, Abram pea ètu rai Kanaꞌan. Lot pea ètu dꞌara rae-rae ètu sebhe loko Yarden. Nèti èèna ka, Abram pea ètu sebhe kota Sodom.",aa Abram pea ètu rai Kanaꞌan. Lot pea ètu d'ara rae-rae ètu sebhe loko Yarden. aa Lot pea ètu kota Sodom do pea dètu kota Sodom.,,eng,nfa,English,Dhao,3.8909,1.6644,2.5447
"forsooth the men of sodom were full wicked, and sinners greatly before the lord or and greatly sinned against the lord.",te ngaa dhèu-dhèu sodom sèra bhelu-katub'a titu kèna. rèngu ro'o boe nanene lamatua.,"Lodꞌo èèna, dhèu aaꞌi-aaꞌi ètu kota Sodom tao jꞌara bhelu-katubꞌa ètu madha Ama Lamatua. Rèngu adꞌu-ue jꞌara bhelu-katubꞌa mi Lamatua.","Lodꞌo èèna, dhèu aaꞌi-aaꞌi ètu kota Sodom pènu babhelu-katubꞌa ètu madha Ama Lamatua. Rèngu adꞌu-ue jꞌara bhelu-katubꞌa mi Lamatua.",,eng,nfa,English,Dhao,0.1293,0.0968,0.1495
"and the lord said to abram, after that lot was parted from him, or and after that lot had left, the lord said to abram, raise up thine eyes forthright, and see from the place in which thou art now, to the north and south, and to the east and west;","ropa lot pacèri dènge abram, ka lamatua padhai lii dènge abram, peka na, èu ladhe palème aa'i ku, rai aa'i-aa'i nèti era titu èu èèna. ladhe paie re madha, re kabodho, re ca bèka g'ana, dènge ca bèka kariu mu.","Èle èèna ka, Lamatua peka dènge Abram, aku nèngu na, ""Èu hudꞌi ladhe-leru nèti era èu ètu era neꞌe, nèti mia-mia, asa mia-mia, asa mia-mia, asa mia-mia, asa mia-mia, sèna ka jꞌajꞌi dhèu aaꞌi-aaꞌi ètu rai-haha ne, sèna ka jꞌajꞌi dhèu aaꞌi-aaꞌi ètu rai-haha ne, sèna ka jꞌajꞌi dhèu aaꞌi-aaꞌi ètu rai-haha ne, sèna ka jꞌajꞌi dhèu aaꞌi-aaꞌi ètu rai-haha ne, sèna ka jꞌajꞌi dhèu aaꞌi-aaꞌi, sèna ka jꞌajꞌi dhèu aaꞌi-aaꞌi, sèna ka jꞌajꞌi dhèu aaꞌi-aaꞌi, sèna ka jꞌajꞌi dhèu aaꞌi-aaꞌi, sèna ka jꞌajꞌi dhèu aaꞌi-aaꞌi, sèna ka jꞌajꞌi dhèu aaꞌi-aaꞌi.","Èle ka Lot pakula ngèti nèngu, Lamatua peka dènge Abram, aku nèngu na, ""Èu hud'i kaboi madha èu, aa ladhe ngèti era èu ètu rapa ne'e, asa badae aa salatan, aa dhimu aa haa.""",,eng,nfa,English,Dhao,2.5534,3.4715,5.6748
"i shall give all the land which thou seest to thee, and to thy seed or and to thy descendants, till into without end.","rai aa'i-aa'i dhu èu ladhe mèdhi sèi, bèli-camèd'a ja'a hia mi èu, dènge ana-èpu èu, sèna ka j'aj'i pusaka ra, toke d'ai mia-mia.",Bèli-camèdꞌa èu dènge ana-èpu èu abhu rai aaꞌi-aaꞌi dhu èu bisa ladhe-leru sèra.,"Au hia rai aaꞌi-aaꞌi dhu èu ladhe-leru èu, dènge hini èu, dènge ana-èpu èu, tare do dhu lèpa.",,eng,nfa,English,Dhao,5.625,2.5686,4.7456
"and i shall make thy seed as the dust of the earth; if any man may number the dust of the earth, also he shall be able to number thy seed, or and only if anyone can count all the dust on the earth, then shall they be able to count all thy descendants.","èèna na ja'a paj'aj'i ana-èpu èu ae sama sèmi salae dhasi, toke dhèu ige rare boe.","Bèli-camèdꞌa dhèu aaꞌi-aaꞌi bisa reꞌa ana-èpu èu aaꞌi-aaꞌi ètu rai-haha ne, nuka sèmi dhèu aaꞌi-aaꞌi ètu rai-haha ne. De ladhe dhèu bisa reꞌa ana-èpu èu aaꞌi-aaꞌi ètu rai-haha ne, na, rèngu bisa reꞌa ana-èpu èu aaꞌi-aaꞌi ètu rai-haha ne.","Aa au tao ana-èpu èu sèmi ahu ètu rai-haha ne. Ladhe dhèu bisa iga ahu ètu rai-haha ne, na, nèngu hèi bisa iga ana-èpu èu aaꞌi-aaꞌi.",,eng,nfa,English,Dhao,5.8962,0.5723,2.8296
"therefore rise thou, and pass through the land in his length and breadth, for i shall give it to thee. and so rise thou up, and go through the land in its length and breadth, for i shall give it all to thee.","de lamu kako palème madhutu madhera dènge bhabhèla na. te rai se aa'i-aa'i ra, ja'a hia mi èu.","Èle èèna ka, Ama Lamatua peka dènge dhèu aaꞌi-aaꞌi sèra, aku Nèngu na, ""Tasamia! Èu hudꞌi laꞌe paraga dènge rai ne, ho jꞌajꞌi dhèu unu Jaꞌa. Èu hudꞌi laꞌe paraga dènge jaꞌa, ho jꞌajꞌi dhèu aaꞌi-aaꞌi ètu rai ne, ho jꞌajꞌi dhèu aaꞌi-aaꞌi dhu Jaꞌa hia èu. De èu hudꞌi paraga dènge jaꞌa, ho jꞌajꞌi dhèu aaꞌi-aaꞌi ètu rai ne, sèna ka jꞌajꞌi dhèu aaꞌi-aaꞌi dhu Jaꞌa hia èu.""","Èle èèna ka, Tasamia! Aa laꞌe paraga dènge rai ne, ètu madhera dènge bèba na, ho Jaꞌa hia èu. De Tasamia! Aa laꞌe paraga dènge rai ne, ètu madhera dènge bèba na, ho Jaꞌa hia aaꞌi èu.",,eng,nfa,English,Dhao,3.9318,11.699,11.861
"therefore abram, moving his tabernacle, came and dwelled beside the valley of mamre, which is in hebron; and he builded there an altar to the lord. and so abram, moving his tent, came and lived beside the terebinths of mamre, which be at hebron; and he built there an altar to the lord.","hèia abram si lèpa hari asa era pea ra, dhu dètu dènge aj'u-aj'u aae ètu mamre, dhu padètu dènge hebron. èle èèna ka, na pudhi hadhu tao mei korban ho na mangaj'i lamatua ètu èèna.","Èle èèna ka, Abram puru nèti dꞌara rae na, laꞌe pea ètu sebhe rae Mamre, ètu rae Hebron. Ètu era neꞌe, na patitu korban ho manèngi-mangajꞌi mi Ama Lamatua. Èle èèna ka, Abram puru nèti dꞌara rae na, laꞌe pea ètu sebhe rae Mamre, ètu rae Hebron. Ètu èèna, na patitu korban ho manèngi-mangajꞌi mi Ama Lamatua.","Èle èèna ka, Abram puru nèti dꞌara rae na, laꞌe pea ètu sebhe rae Mamre, ètu rae Hebron; aa ètu èèna, na patitu korban ho manèngi-mangajꞌi mi Ama Lamatua.",,eng,nfa,English,Dhao,6.5814,-1.0403,1.8628
"forsooth it was done in that time, that amraphel, king of shinar, and arioch, king of ellasar, and chedorlaomer, king of elamites, and tidal, king of folks, and it happened at that time, that amraphel, king of shinar, and arioch, king of ellasar, and chedorlaomer, king of elamites, and tidal, king of goiim,","tèu èèna, dhèu aae èpa dhu pa'èci. rèngu se ka: amrafel, dhèu aae rai sinear. ariok, dhèu aae rai elasar, kedarlaomer, dhèu aae rai elam. dènge tideal, dhèu aae rai goyim.","Ètu dꞌara lodꞌo èèna, dhèu aaꞌi-aaꞌi dhu jꞌajꞌi dhèu aaꞌi-aaꞌi dhu jꞌajꞌi dhèu aaꞌi-aaꞌi dhu jꞌajꞌi dhèu aaꞌi-aaꞌi dhu jꞌajꞌi dhèu aaꞌi-aaꞌi dhu jꞌajꞌi dhèu aaꞌi-aaꞌi dhu jꞌajꞌi dhèu aaꞌi-aaꞌi dhu jꞌajꞌi dhèu aaꞌi-aaꞌi dhu jꞌajꞌi dhèu aaꞌi-aaꞌi dhu jꞌajꞌi dhèu aaꞌi-aaꞌi dhu jꞌajꞌi dhèu aaꞌi-aaꞌi dhu jꞌajꞌi dhèu aaꞌi-aaꞌi dhu jꞌajꞌi dhèu aaꞌi-aaꞌi dhu jꞌajꞌi dhèu aaꞌi-aaꞌi dhu jꞌajꞌi dhèu aaꞌi-aaꞌi dhu jꞌajꞌi dhèu aaꞌi-aaꞌi-aaꞌi dhu jꞌajꞌi dhèu aaꞌi-aaꞌi-aaꞌi dhu jꞌajꞌi dhèu aaꞌi-aaꞌi-aaꞌi.","Ètu dꞌara lodꞌo èèna, jꞌajꞌi nèti Amraphel, raja Shinar, aa Arioch, raja Ellasar, aa Chedorlaomer, raja Elam, aa Tidal, raja Goiim. Aa ètu dꞌara lodꞌo èèna, jꞌajꞌi nèti Amraphel, raja Shinar, aa Arioch, raja Ellasar, aa Chedorlaomer, raja Elam, aa Tidal, raja Goiim.",,eng,nfa,English,Dhao,-0.6819,3.4356,3.4799
"began battle against bera, king of sodom, and against birsha, king of gomorrah, and against shinab, king of admah, and against shemeber, king of zeboiim, and against the king of bela, that bela is zoar, or and against the king of bela, which is now called zoar.","lod'o èèna, dhèu aae leo dhèu lèmi, pa'èci kahèi. nuka: bera, dhèu aae rai sodom. birsa, dhèu aae rai gomora. sinab, dhèu aae rai adema. semeber, dhèu aae rai seboim. dènge bela, dhèu aae rai soar. ka èpa dhèu aae se, lasi pamusu dènge lèmi dhèu aae sèra.","Nèti èèna ka, dhèu aaꞌi-aaꞌi ra lasi paraga dènge Bera, dhèu aae Sodom, dènge Birsha, dhèu aae Gomora, dènge Sineb, dhèu aae Adma, dènge Semeber, dhèu aae Seboyim, dènge dhèu aae Bela, dhèu aae Soar.","Nèti èèna ka, dhèu aaꞌi-aaꞌi ra lasi paraga dènge Bera, dhèu aae Sodom, dènge Birsha, dhèu aae Gomora, dènge Sineb, dhèu aae Adma, dènge Semeber, dhèu aae Seboyim, dènge dhèu aae Bela, de'i nèngi Soar.",,eng,nfa,English,Dhao,-2.8773,-2.5261,-2.7976
"all these came together into the valley of wood, which is now the sea of salt. and they all came together into the siddim valley, which is now the salt sea, that is, the dead sea.","dhèu aae, dhèu lèmi sèra pakaboko dènge sordad'u ra, ètu d'ara mamoo sidim, dhu limuri ne, ngara na dhasi madhe.","Rèngu aaꞌi-aaꞌi ra pakaboko ètu dꞌara cabèka èci, ngara na 'Dhèu Tareꞌa'. Rèngu aaꞌi-aaꞌi ra pakaboko ètu dꞌara cabèka èci, ngara na 'Dhèu Tareꞌa'. Rèngu aaꞌi-aaꞌi ra pakaboko ètu dꞌara cabèka èci, ngara na 'Dhèu Tareꞌa'. Rèngu aaꞌi-aaꞌi ra pakaboko ètu dꞌara cabèka èci, ngara na 'Dhèu Tareꞌa'.","Rèngu aa'i ra pakaboko ètu d'ara cabèka aj'u, nèia rapa dhasi masi. Aa rèngu aa'i ra pakaboko ètu d'ara cabèka Sidim, nèia rapa dhasi masi, nèia ngara na Dhasi Gaa-gaa.",,eng,nfa,English,Dhao,6.7716,11.3328,10.9114
"for in twelve years they served chedorlaomer, and in the thirteenth year they departed from him. for they served chedorlaomer for twelve years, and then in the thirteenth year they rebelled against him.","j'aj'aj'i pamusu na, sèmi ne'e ka: uru èèna, dhèu aae, dhèu lèmi se dhu ta'alo mi dhèu aae kedarlaomer, canguru dua tèu kèna. te d'ai tèu ka canguru tèlu, ka rèngu aa'i-aa'i ra lab'a ne.","Èle èèna ka, rèngu aaꞌi-aaꞌi ra jꞌajꞌi dhèu aaꞌi-aaꞌi mi Kedorlaomer. Te ngaa dꞌai tèlu tèu, rèngu tèke eele ne. Èle èèna ka, dhèu aaꞌi-aaꞌi jꞌajꞌi dhèu aaꞌi-aaꞌi mi Kedorlaomer.","Èle èèna ka, ètu canguru dua tèu, rèngu lalu Kedorlaomer, aa ètu ka-canguru tèlu tèu, rèngu tèke eele ngèti nèngu. Èle èèna ka, rèngu lalu Kedorlaomer ètu canguru dua tèu, aa ètu ka-canguru tèlu tèu, rèngu tèke eele ngèti nèngu.",,eng,nfa,English,Dhao,-0.4666,0.8036,-0.3134
"therefore chedorlaomer came in the fourteenth year, and the kings that were with him, and they smited rephaims in ashteroth karnaim, and zuzims with them or and the zuzims in ham, and emims in shaveh kiriathaim,","ka maso tèu ka canguru èpa, kedarlaomer dènge angalai na dhèu aae dhèu tèlu sera, mai dènge sordad'u ra. hèia ra pamusu ka, ka ra segi pèri-pèri rai. nuka: dhèu refaim ètu rai asterot-karnaim; dhèu susim ètu rai ham; dhèu emim ètu rai sawe-kiryataim,","Nèti èèna ka, lodꞌo èèna, Kedorlaomer dènge dhèu aae-dhèu dhu madhèdi dènge ne maso asa Yerusalem. Rèngu jꞌajꞌi dhèu aae-dhèu dhu paꞌele iie mèdha-papake ètu kota Asterot Karnaim. Rèngu jꞌajꞌi dhèu aae-aae dhu paꞌele iie mèdha-papake ètu kota Asterot Karnaim. Rèngu jꞌajꞌi dhèu aae-aae dhu paꞌele iie mèdha-papake ètu kota Karnaim. Rèngu jꞌajꞌi dhèu aae-aae dhu paꞌele iie mèdha-papake ètu kota Asterot Karnaim. Rèngu jꞌajꞌi dhèu aae-aae dhu paꞌele iie mèdha-papake ètu kota Karnaim.","Nèti èèna ka, ètu tèu canguru èpa, Kedorlaomer dènge dhèu aae-dhèu dhu madhèdi dènge ne maso. Aa rèngu tuku Rèfaim ètu Asterot Karnaim, aa Zuzim ètu Ham, aa Emim ètu Sawe Kiriataim.",,eng,nfa,English,Dhao,10.8451,3.3707,6.4089
"and horites in the hills of seir or and the horites in the hill country of seir, till to the field places of elparan, which is in the wilderness.","dènge dhèu hori dhu ètu ledhe seir, d'ai sebhe mamoo el paran.",Horit ètu sebhe sebhe sebhe sebhe sebhe sebhe sebhe sebhe sebhe sebhe sebhe sebhe sebhe sebhe sebhe sebhe sebhe sebhe sebhe sebhe sebhe sebhe sebhe sebhe sebhe sebhe sebhe sebhe sebhe sebhe sebhe sebhe sebhe sebhe sebhe sebhe sebhe sebhe sebhe sebhe sebhe sebhe sebhe sebhe sebhe sebhe sebhe sebhe sebhe sebhe sebhe sebhe sebhe sebhe sebhe.,"aa Horit ètu ledhe Seir, tare ètu pada Elparan, ètu padang.",,eng,nfa,English,Dhao,11.7952,18.0324,18.2738
"and they turned again, and came till to the well of mishpat; that is kadesh, or and then they returned, and came unto enmishpat; that is kadesh. and they smited all the country of the men of amalek, and also the amorites, that dwelled in hazazontamar.","èle èèna ka, ra lèpa hari asa en mispat dhu limuri ne ngara na kades. ka ra segi rai dhèu amalek, dènge dhèu amori dhu pea ètu rae haseson-tamar.","Èle èèna ka, ra lèpa hari asa dꞌara èi madha Mispat, dhu ngara na Kadesh. Èle èèna ka, ra lèpa hari asa dꞌara èi madha Enmespat, dhu ngara na Kadesh. Èle èèna ka, ra pamadhe dhèu Amalek aaꞌi-aaꞌi, dènge dhèu Amor dhu pea ètu hèbꞌa Masir.","Èle èèna ka, ra lèpa hari asa dꞌara èi madha Mispat, dhu ngara na Kadesh. Do èle èèna ka, ra lèpa hari asa dꞌara èi madha Enmespat, dhu ngara na Kadesh. Èle èèna ka, ra pamadhe dhèu Amalek aaꞌi-aaꞌi, dènge dhèu Amor dhu pea ètu Hazazontamar.",,eng,nfa,English,Dhao,1.4352,2.1613,2.1014
"and the king of sodom, and the king of gomorrah, and the king of admah, and the king of zeboiim, also and the king of bela, which is now called zoar, went out, and they dressed the battle array against them in the valley of wood or and they directed the battle array against them in the siddim valley, that is, against chedorlaomer, king of elamites, and tidal, king of folks or king of goiim, and amraphel, king of shinar, and arioch, king of ellasar; four kings against five.","hèia, lèmi dhèu aae se ator sordad'u ra ètu d'ara mamoo sidim, ka lasi pamusu dènge dhèu aae dhèu èpa sèra.","Èle èèna ka, dhèu aae Sodom, Gomora, Adma, Soar, dènge dhèu aae Soar, lasi paraga dènge rèngu ètu dꞌara padètu aae, ètu dꞌara padètu aae Sidim. Ra paraga dènge Kedorlaomer, dhèu aae Elam, dènge Tidal, dhèu aae Goyim, dènge Amrafel, dhèu aae Shinar, dènge Ariok, dhèu aae Elisar.","Èle èèna ka, dhèu aae Sodom, dhèu aae Gomora, dhèu aae Adma, dhèu aae Zeboiim, hèi dhèu aae Bela, èle èèna ka nèngu nèi Soar, lasi paraga dènge rèngu ètu dꞌara padètu aae, ètu dꞌara padètu aae Sidim. Ra paraga dènge Kedorlaomer, dhèu aae Elam, dènge Tidal, dhèu aae Goyim, dènge Amrafel, dhèu aae Shinar, dènge Ariok, dhèu aae Elisar; èpa dhèu aae dènge lèmi dhèu aae.",,eng,nfa,English,Dhao,-1.5112,-0.207,-1.175
"forsooth the valley of wood had many pits of pitch, either strong glue; and so the king of sodom and the king of gomorrah turned their backs, and felled down there; and they that were left fled to the hills. but the siddim valley had many pits of pitch, or of strong glue; and when the king of sodom and the king of gomorrah turned their backs to flee, they fell into them; but the other three kings who were left alive, fled to the hill country.","ètu d'ara mamoo èèna, dhu abhu mananga èi dama pèri-pèri. ropa ra pamusu, dhèu aae sodom dènge dhèu aae gomora dènge sordad'u ra, rai. ka cahag'e manahu asa d'ara mananga èi dama se. aa cahag'e hari rai asa ledhe lasi.","Èle èèna ka, dhèu aae Sodom dènge dhèu aae Gomora reꞌa, na, bèli-camèdꞌa bèli-camèdꞌa ètu dꞌara hèbꞌa èci. Rèngu reꞌa, na, bèli-camèdꞌa dhèu aae Sodom dènge dhèu aae Gomora reꞌa, na, bèli-camèdꞌa dhèu aae Sodom dènge dhèu aae Gomora reꞌa, na, bèli-camèdꞌa dhèu aae Sodom dènge dhèu aae Gomora reꞌa, na, bèli-camèdꞌa dhèu aae Sodom dènge dhèu aae Gomora reꞌa, na, bèli-camèdꞌa dhèu aae Sodom dènge dhèu aae Gomora reꞌa, na, bèli-camèdꞌa dhèu aae Sodom dènge dhèu aae Gomora reꞌa, na, bèli-camèdꞌa dhèu aaꞌi-aaꞌi dhu mamuri toke dꞌai ledhe.","Ètu tana Siddim èèna ae ètu dhu isi bahan dhu mèdi dhu kaj'èpe ae. De dhèu aae Sodom dènge dhèu aae Gomora eo kabodho rèngu, de patue ètu dꞌara ètu èèna. Aa dhèu dhu kariu noo-noo toke d'ai ledhe. Tèngaa ètu tana Siddim èèna ae ètu dhu isi bahan dhu mèdi dhu kaj'èpe ae. Lod'o dhèu aae Sodom dènge dhèu aae Gomora eo kabodho rèngu noo-noo, rèngu patue ètu dꞌara ètu èèna. Tèngaa dhèu aae tèlu dhu kariu dhu muri, noo-noo toke d'ai ledhe.",,eng,nfa,English,Dhao,2.0774,2.8529,2.9246
"soothly they took away all the chattel of sodom and gomorrah/all the cattle of sodom and gomorrah, and all things that pertained to meat, and went away; and those four kings took away all of the possessions of sodom and gomorrah or all of the livestock of sodom and gomorrah, and all of their food, and went away;","ka èpa dhèu aae dhu segi se, lasi parame rèti mèdha-panyau dènge nganga'a-nginu nèti sodom dènge gomora. èèna ka, ra lèpa dènge ka.","Ropa tadèngi lii padhai Ama Lamatua sèmi èèna, hèia rèngu aaꞌi-aaꞌi ra tèke eele kota Sodom dènge Gomora. Rèngu aaꞌi-aaꞌi ra tèke eele kota Sodom dènge Gomora. Rèngu aaꞌi-aaꞌi ra tèke eele kota Sodom dènge Gomora. Rèngu aaꞌi-aaꞌi ra tèke eele kota Sodom dènge Gomora. Rèngu aaꞌi-aaꞌi ra tèke eele kota Sodom dènge Gomora. Rèngu aaꞌi-aaꞌi ra tèke eele kota Sodom dènge Gomora. Rèngu aaꞌi-aaꞌi ra tèke eele kota Sodom dènge Gomora.","Sèra èpa raja sèra ra tèke eele aa'i harta dènge aa'i nèi ku'a ètu Sodom dènge Gomora, hèia rèngu lèpa eele.",,eng,nfa,English,Dhao,2.7463,0.0906,4.1629
"also and they took away lot and his chattel/lot and his cattle, the son of the brother of abram, which lot dwelled in sodom. and they also took away lot, the son of abram's brother, who lived in sodom, and all of his possessions or and all of his livestock.","te ngaa lot, ana ari abram, dhu pea ètu sodom. ka èpa dhèu aae sèra, ère rèti lot si, dènge mèdha-panyau ra aa'i-aa'i.","Èle èèna ka, dhèu aae-dhèu jꞌajꞌi dhèu ae-ae dhu pea ètu kota Sodom, ngara na Lot. Èle èèna ka, dhèu aae-aae jꞌajꞌi dhèu ae-ae dhu pea ètu kota Sodom. Èle èèna ka, dhèu aae jꞌajꞌi dhèu aae jꞌajꞌi dhèu aae Lot. Èle èèna ka, dhèu aae jꞌajꞌi dhèu aae jꞌajꞌi dhèu aae-aae, dènge kahibꞌi-kalèbho na aaꞌi-aaꞌi dènge kahibꞌi-kalèbho na aaꞌi-aaꞌi ra. Èle èèna ka, dhèu aae jꞌajꞌi dhèu aae jꞌajꞌi dhèu aae jꞌajꞌi dhèu aae jꞌajꞌi dhèu aae jꞌajꞌi dhèu aaꞌi-aaꞌi dènge kahibꞌi-kalèbho na aaꞌi-aaꞌi ra.","Hèi, ra ala Lot, ana nèngu Abram nèngu tua, dhu muri ètu kota Sodom, aa kahib'i-kalèbho na aa'i-aa'i.",,eng,nfa,English,Dhao,15.1506,3.7872,7.4775
"and, lo! one that escaped, told to abram the hebrew, that dwelled in the valley of mamre of the amorites, the brother of eshcol, and brother of aner; for these had made a covenant of peace with abram. and, behold! one who escaped, went and told all of this to abram the hebrew, who lived by the terebinths of mamre the amorite, the brother of eshcol, and the brother of aner; for they had made a covenant of peace with abram.","te ngaa dhèu èci rai nèti era èèna. ka la'e lolo dènge abram, dhèu ibrani èèna. lod'o èèna, dhèu amori èci, ngara na mamre. aa abram pea dètu dènge aj'u-aj'u aae unu mamre. a'ari mamre dhèu dua, ngara na eskol dènge aner. rèngu se dhu pa'anga dènge abram.","Ètu dꞌara jꞌara neꞌe, abhu ca dhèu dhu lèpa hari, ka laꞌe peka dènge Abram, ca dhèu nèti suku Amor, dhu pea ètu dꞌara rae Mamre, èci èèna ka dènge aꞌari Eshkol, aꞌari Naer. Nèti èèna ka, abhu ca dhèu dhu lèpa hari, ka laꞌe peka dènge Abram, ca dhèu nèti suku Amor, dhu pea ètu dꞌara rae Mamre, èci èèna ka dènge aꞌari Naer.","Ètu dꞌara jꞌara neꞌe, abhu ca dhèu dhu lèpa hari, ka laꞌe peka dènge Abram, dhu pea ètu dꞌara rae Mamre, nèti suku Amor, èci èèna ka dènge aꞌari Eshkol aa aꞌari Aner. Nèti èèna ka, nèngu aaꞌi dhu jꞌajꞌi janji dame dènge Abram. Ètu dꞌara jꞌara neꞌe, abhu ca dhèu dhu lèpa hari, ka laꞌe peka aaꞌi nenga dènge Abram, dhu pea ètu dꞌara rae Mamre, nèti suku Amor, èci èèna ka dènge aꞌari Eshkol aa aꞌari Aner. Nèti èèna ka, nèngu aaꞌi dhu jꞌajꞌi janji dame dènge Abram.",,eng,nfa,English,Dhao,-0.7893,4.2972,1.7302
"and when abram had heard this thing, that is, that lot, the son of his brother, was taken, he numbered his born servants made ready, three hundred and eighteen, and pursued them till to dan. and when abram had heard this, that is, that lot, his kinsman, was taken captive, he called together the three hundred and eighteen men who were born in his household, and pursued after the four kings as far as dan.","ropa abram tadèngi na dhèu kèpe rèti le lot, ana ari na, ka abram pakaboko nare dhèu-dhèu sab'a na dhu re'a pamusu. aa'i-aa'i ra tèlu ngasu canguru aru dhèu. ka lasi magèla èpa dhèu aae sèra, asa badae aae lasi d'ai rae dan.","Ropa tadèngi lii padhai lii Lot, hèia Abram paroa aaꞌi-aaꞌi dhèu ètu dꞌara èmu na, toke dꞌai dꞌai dꞌai dꞌai dꞌai dꞌai dꞌai dꞌai dꞌai dꞌai dꞌai dꞌai dꞌai dꞌai dꞌai dꞌai dꞌai dꞌai dꞌai dꞌai dꞌai dꞌai dꞌai dꞌai dꞌai dꞌai dꞌai dꞌai dꞌai dꞌai dꞌai dꞌai dꞌai dꞌai dꞌai dꞌai dꞌai dꞌai dꞌai dꞌai dꞌai dꞌai dꞌai dꞌai dꞌai dꞌai dꞌai dꞌai dꞌai dꞌai dꞌai dꞌai dꞌai dꞌai dꞌai dꞌai dꞌai dꞌai dꞌai dꞌai dꞌai dꞌai dꞌai dꞌai dꞌai dꞌai dꞌai dꞌai dꞌai dꞌai dꞌai dꞌai dꞌai dꞌai dꞌai dꞌai dꞌai dꞌai dꞌai dꞌai dꞌai dꞌai dꞌai dꞌai dꞌai dꞌai dꞌai dꞌai dꞌai dꞌai dꞌai dꞌai dꞌai dꞌai dꞌai dꞌai dꞌai dꞌai dꞌai dꞌai dꞌai dꞌai dꞌai dꞌai dꞌai dꞌai dꞌai dꞌai dꞌai dꞌai dꞌai dꞌai dꞌai dꞌai dꞌai dꞌai dꞌai dꞌai dꞌai dꞌai dꞌai","Ropa Abram tadèngi lii, lii padhai lii Lot, ana do kera na, nare nèngu, hèia Abram paroa aaꞌi-aaꞌi dhèu ètu dꞌara èmu na, tèlu ngasu aru nguru èpa, jꞌara nèngu tare dꞌai Dan.",,eng,nfa,English,Dhao,6.0232,14.4177,16.2221
"and when his fellows were separated into groups, he felled on them in the night, and smote them, and pursued them till to hobah, and phenice, which is at the left side of damascus or which is north of damascus.","ètu era èèna, abram hag'e dhèu na sèra, mi pèri-pèri kaboko. d'ara mèda èèna kahèi, lasi age si, dènge j'ara pa'oke. ka abram si lasi bate dhèu se d'ai rae hoba, ètu bèka badae kota damsik.","Èle èèna ka, sordadꞌu aaꞌi-aaꞌi ètu dꞌara dꞌara èmu dꞌara kota Damsik. Nèbhu boe, hèia na laꞌe paraga dènge rèngu dua ra, ka na maso asa dꞌara bèdho. Ka na laꞌe tenge si toke dꞌai propensi Feniks, ètu sebhe sebhe kota Damsik. Nèti èèna ka, sordadꞌu aaꞌi-aaꞌi ra maso asa dꞌara bèdho kota Damsik. Nèti èèna ka, sordadꞌu aaꞌi-aaꞌi ra maso asa dꞌara èmu dꞌara bèdho. Nèti èèna ka, sordadꞌu aaꞌi-aaꞌi ra jꞌajꞌi sordadꞌu lasi asa dꞌara èmu dꞌara èmu dꞌara èmu dꞌara èmu dꞌara kota Damsik. Nèti èèna ka, sordadꞌu aaꞌi-aaꞌi ra jꞌajꞌi sordadꞌu asa dꞌara ètu dꞌara èmu dꞌara èmu dꞌara èmu dꞌara èmu dꞌara dꞌara èmu dꞌara èmu dꞌara dꞌara dꞌara dꞌara dꞌara dꞌara dꞌara dꞌara dꞌara dꞌara dꞌara dꞌara dꞌara dꞌara dꞌara dꞌara dꞌara dꞌara dꞌara dꞌara dꞌara dꞌara dꞌara dꞌara dꞌara dꞌara dꞌara dꞌara dꞌara dꞌara dꞌara dꞌara dꞌara dꞌara dꞌara dꞌ","Èle èèna ka, ropa nèngu dènge sordadꞌu aaꞌi-aaꞌi ra dꞌajꞌi robhonga-robhonga, nèngu patue si ètu mèda, ka na maso si. Nèngu laꞌe tenge si toke dꞌai Hobah, aa dꞌai Feniks, ètu sebhe kariu kota Damsik do ètu badae kota Damsik.",,eng,nfa,English,Dhao,4.245,4.7019,8.9616
"and he brought again all the chattel, and lot, the son of his brother, with his chattel, also the women, and the people. /and he brought again all the cattle, and lot, the son of his brother, with his cattle, also the women, and the people. and he brought back all of the possessions that had been taken, and lot, his kinsman, and all of his possessions, and all of the women, and the other prisoners. /and he brought back all of the livestock that had been taken, and lot, his kinsman, and all of his livestock, and all of the women, and the other prisoners.","hèia abram abhu hari lot, dènge dhèu-dhèu nèngu, aa dènge mèdha-panyau ra aa'i-aa'i. na abhu kahèi dhèu-dhèu leo.","Èle èèna ka, dhèu aaꞌi-aaꞌi, dhèu aaꞌi-aaꞌi, dhèu aaꞌi-aaꞌi, dhèu aaꞌi-aaꞌi, dhèu aaꞌi-aaꞌi, dhèu aaꞌi-aaꞌi, dhèu aaꞌi-aaꞌi, dhèu aaꞌi-aaꞌi, dhèu aaꞌi-aaꞌi, dhèu aaꞌi-aaꞌi, dhèu aaꞌi-aaꞌi, dhèu aaꞌi-aaꞌi, dhèu aaꞌi-aaꞌi, dhèu aaꞌi-aaꞌi, dhèu aaꞌi-aaꞌi, dhèu aaꞌi-aaꞌi, dhèu aaꞌi-aaꞌi, dhèu aaꞌi-aaꞌi, dhèu aaꞌi-aaꞌi, dhèu aaꞌi-aaꞌi, dènge dhèu ètu dꞌara bèdho aaꞌi-aaꞌi.","Aa nèngu nare hari bèdho aa'i-aa'i, aa Lot, ana nèngu kaka, dènge nèngu bèdho aa'i-aa'i, hèi dhèu mone-ana, aa dhèu aa'i-aa'i.",,eng,nfa,English,Dhao,15.466,12.279,15.6514
"soothly the king of sodom went out into the meeting of him, after that he turned again from the slaying of chedorlaomer, and of the kings that were with him, in the valley of shaveh, which is the valley of the king. and sodom's king went out to meet him, after that he had returned from killing chedorlaomer, and the other kings who were with him, in the shaveh valley, which is now called the king's valley.","ropa abram segi nare dhèu aae èpa sèra, ka na lèpa. hèia dhèu aae sodom mai soru ne ètu d'ara mamoo sawe dhu dhèu biasa peka na, mamoo dhèu aae.","Lodꞌo èèna, dhèu aae-dhèu nèti dhèu aae-dhèu ètu dꞌara sebhe dhèu aae dhèu aae. Lodꞌo neꞌe, dhèu aae-dhèu aae nèti kota Sodom lèpa hari nèti pajꞌèra Kedorlaomer dènge dhèu aae rèngu ètu dꞌara sebhe dhèu aae. Lodꞌo neꞌe, dhèu aae-dhèu aae nèti kota Sodom lèpa hari nèti pajꞌèra Kedorlaomer dènge dhèu aae rèngu ètu dꞌara sebhe dhèu aae. Lodꞌo neꞌe, dhèu aae-dhèu aae dhèu aae sèra, mai paraga dènge Kedorlaomer ètu dꞌara sebhe dhèu aae. Nèti èèna ka, dhèu aae Sodom lèpa hari nèti pajꞌèra Kedorlaomer dènge dhèu aae rèngu ètu dꞌara sebhe dhèu aae dhèu aae.","Dhèu aae nèti Sodom podho la-rage nèngu, èle ka nèngu lèpa hari ngèti pajꞌèra Kedorlaomer dènge dhèu aae sèra ètu dènge nèngu, ètu dꞌara sebhe Shaveh, èèna ka sebhe dhèu aae.",,eng,nfa,English,Dhao,8.3586,1.4093,4.6873
"and soothly melchizedek, the king of salem, brought forth bread and wine, for he was the priest of the highest god or for he was the priest of the most high god;","tèu èèna, melkisedek, j'aj'i dhèu aae kota salem. aa nèngu ne j'aj'i kahèi ama agama nèti ama lamatua dhu dedha risi eele. na mai soru abram, nèti roti dènge èi hua anggor.","Melkisedek ne, kètu kota Salem. Nèngu ne, kètu kapai Ama Lamatua ètu sorga. Nèngu ne, kètu kapai Ama Lamatua ètu sorga. Nèngu ne, kètu kapai Ama Lamatua. Nèngu ne, kètu kapai Ama Lamatua. Nèngu ne, kètu kapai Ama Lamatua ètu sorga. Nèngu ka dhu hia roti dènge èi anggor.","Melkisedek ne, kètu kota Salem, nèngu ka dhu hia roti dènge èi anggor, de nèngu ne, kètu kapai Ama Lamatua ètu sorga.",,eng,nfa,English,Dhao,2.6896,-2.6838,0.6273
"and he blessed abram, and said, blessed be abram of themost high god, that made heaven and earth of nought, and he blessed abram, and said, blessed be abram of the most high god, who made heaven and earth out of nothing, and blessed be themost high god, by whom defending thee, thine enemies be betaken into thine hands. and abram gave tithes of all things to him. and blessed be the most high god, who hath delivered thy enemies into thy hands. and abram gave him a tithe of all the things that he had recovered.","ka na padhai lii ho hia berkat mi abram, aku nèngu na, ja'a sanao sèna ka ama lamatua, dhu dedha risi eele èèna, dhu paj'aj'i dedha-liru dènge rai-haha ne, hia mèngi-nale mi dedha èu. koa-kio ama lamatua dhu hia le èu segi musu. èle èèna ka, abram bagi hia melkisedek ca pala nèti canguru pala mèdha-panyau dhu na abhu hari sèra.","Hèia na manèngi-mangajꞌi mi Abram, aku nèngu na, ""Sèmi neꞌe: Ama Lamatua ètu sorga, dhu pajꞌajꞌi dedha-liru dènge rai-haha. Ama Lamatua ètu sorga, dhu pajꞌajꞌi dedha-liru dènge rai-haha. Ama Lamatua ètu sorga, dhu pajꞌajꞌi dedha-liru dènge rai-haha. Ama Lamatua ètu sorga, dhu pajꞌajꞌi dedha-liru dènge rai-haha. Ama Lamatua ètu sorga, dhu pajꞌajꞌi dedha-liru dènge rai-haha. Ama Lamatua ètu sorga, dhu pajꞌajꞌi dedha-liru dènge rai-haha. Ama Lamatua ètu sorga, dhu pajꞌajꞌi dedha-liru dènge rai-haha. Ama Lamatua ètu sorga, dhu pajꞌajꞌi dedha-liru dènge rai-haha. Ama Lamatua ètu sorga, dhu pajꞌajꞌi dedha-liru dènge rai-haha. Ama Lamatua ka dhu pajꞌajꞌi dedha-liru dènge dedha-liru dènge rai-haha.","Hèia na manèngi-mangajꞌi mi Abram, aku nèngu na, ""Sèmi neꞌe Abram ètu Ama Lamatua ètu dedha, dhu pajꞌajꞌi dedha-liru dènge rai-haha dènge nahu. Hèia na manèngi-mangajꞌi mi Abram, aku nèngu na, Sèmi neꞌe Abram ètu Ama Lamatua ètu dedha, dhu pajꞌajꞌi dedha-liru dènge rai-haha dènge nahu. Aa sèmi neꞌe Ama Lamatua ètu dedha, dhu palèpa oho, nèngu j'ole musu oho ètu kacui.aai oho. Aa Abram j'ole canguru dènge camalore ètu hua rarahai mi nèngu. Aa sèmi neꞌe Ama Lamatua ètu dedha, dhu j'ole musu oho ètu kacui.aai oho. Aa Abram j'ole canguru dènge camalore mi nèngu ètu hua rarahai dhu nèngu èle.""",,eng,nfa,English,Dhao,2.5739,6.26,5.8433
"forsooth the king of sodom said to abram, give thou the men to me; take thou the other things to thee. and the king of sodom said to abram, give thou to me the people; and thou take the other things for thyself.","hèia dhèu aae sodom èèna pahaha iisi na mi abram, peka na, ama. mèdha-panyau dhu èu abhu hari nèti musu ja'a sèra, hud'i laa ama ku abhu aa'i si. te ngaa dhu ja'a manèngi hari, dhoka dhèu-dhèu ja'a sèra.","Hèia dhèu aae Sodom peka dènge Abram, aku nèngu na, ""Sèmi neꞌe! Èu hia jaꞌa mèdha-panyau sèra. Èu hia jaꞌa mèdha-panyau sèra."" Hèia dhèu aae Sodom peka dènge Abram, aku nèngu na, ""Sèmi neꞌe! Èu hia jaꞌa mèdha-panyau sèra.""","Hèia dhèu aae Sodom peka dènge Abram, aku nèngu na, ""Èu hia jaꞌa mèdha-panyau sèra, aa èu nare nèngu dhèu-dhèu do lale.""",,eng,nfa,English,Dhao,2.3251,-3.3344,-1.1697
"and abram answered to him, i raise up mine hand to the high lord god, lord of heaven and of earth, but abram answered to him, i raise up my hand, and swear to the lord, the most high god, the maker of heaven and earth,","hèia abram b'ala ne, peka na, ja'a subha ètu madha ama lamatua dhu dedha risi eele, dhu tao dedha-liru dènge rai-haha,","Hèia Abram dhaa, aku nèngu na, ""Jaꞌa pahaha iisi jaꞌa mi Lamatua dhu dedha-liru dènge rai-haha ne. Jaꞌa pahaha iisi jaꞌa mi Lamatua dhu dedha-liru dènge rai-haha ne."" Hèia Abram dhaa, aku nèngu na, ""Jaꞌa pahaha iisi jaꞌa mi Lamatua dhu dedha-liru, dhu pajꞌajꞌi dedha-liru dènge rai-haha ne.","Hèia Abram dhaa, aku nèngu na, ""Jaꞌa pahaha iisi jaꞌa mi Lamatua dhu dedha-liru dènge rai-haha ne."" Tèngaa Abram dhaa, aku nèngu na, ""Jaꞌa pahaha iisi jaꞌa, aa subha mi Lamatua dhu dedha-liru, dhu pajꞌajꞌi dedha-liru dènge rai-haha ne.""",,eng,nfa,English,Dhao,2.6182,3.6014,3.8051
"that from the thread of the woof till to the lanyard of the hose, i shall not take anything of all things that be thine, lest thou say, i have made abram rich;","na, ja'a kore boe mèdha-panyau èu, masi ka ciki èèna ka. masi ka loa hèngu ca'èta sa, ja'a kore boe. dènge j'ara sèmi ne'e, èu baku peka na, ‘kakaja abram sèra mai nèti ja'a. '","Jaꞌa neo boe sèmi mere ngaa-ngaa nèti mèdha-panyau èu aaꞌi-aaꞌi, toke mèdha-panyau mèdha-panyau èu. Dènge jꞌara neꞌe, èu bisa padhai lii, peka na, 'Jaꞌa ka dhu jꞌajꞌi dhèu rai-haha, sèna ka abhu mèdha-panyau nèti mèdha-panyau èu, aa abhu mèdha-panyau nèti mèdha-panyau èu, sèna ka abhu mèdha-panyau nèti mèdha-panyau èu, sèna ka abhu mèdha-panyau nèti mèdha-panyau èu, sèna ka abhu mèdha-panyau nèti mèdha-panyau èu, sèna ka abhu mèdha-panyau nèti mèdha-panyau èu.'","Jaꞌa neo boe nare ngaa-ngaa ngèti hèngu pama'a tare tali sapatu, nèti aaꞌi-aaꞌi dhu èu èdhi, aeka èu aku, 'Jaꞌa ka dhu tao Abram kaja;'",,eng,nfa,English,Dhao,-3.9673,-9.1826,-6.4163
"except these things which the young men ate, and the parts of the men that came with me, aner, eshcol, and mamre; these men shall take their parts. except for those things which the young men have eaten, and a portion for the men who came with me, that is, for aner, eshcol, and mamre; let these men take their portion, or their share.","ja'a parluu boe ngaa-ngaa. dhoka mia dhu dhèu ja'a se pake le, sèra èle le, ale ia ka. aa hud'i laa, angalai ja'a dhèu tèlu se: aner, eskol dènge mamre, hag'e rare unu rèngu di.",Jaꞌa neo sèmi èèna kahèi. Jaꞌa neo sèmi èèna kahèi. Jaꞌa neo sèmi èèna kahèi. Jaꞌa neo sèmi èèna kahèi. Jaꞌa neo sèmi èèna kahèi. Jaꞌa neo sèmi èèna kahèi. Jaꞌa neo sèmi èèna kahèi. Jaꞌa neo sèmi èèna kahèi. Jaꞌa neo sèmi èèna kahèi. Jaꞌa neo sèmi èèna kahèi. Jaꞌa neo sèmi èèna kahèi. Jaꞌa neo sèmi èèna kahèi. Jaꞌa neo sèmi èèna kahèi. Jaꞌa neo sèmi èèna kahèi. Jaꞌa neo sèmi èèna kahèi. Jaꞌa neo sèmi èèna kahèi. Jaꞌa neo sèmi èèna kahèi. Jaꞌa neo sèmi èèna kahèi. Jaꞌa neo sèmi èèna kahèi. Jaꞌa neo sèmi èèna kahèi. Jaꞌa neo sèmi èèna kahèi. Jaꞌa neo sèmi èèna kahèi.,"Jaꞌa neo nare aa'i, sèngi sèra sèngi kalicu nga'a, aa kanee sèra cee Aner, Eshcol, aa Mamre. Hudi sèra nare sèra kanee.",,eng,nfa,English,Dhao,2.0681,7.7924,9.2571
"and so when these things were done, the word of the lord was made to abram by a vision, and said, abram, do not thou dread, i am thy defender, and thy meed is full great, or abram, do not thou fear, for i am thy defender, and thy reward shall be very great.","èle èèna ka, lamatua pad'elo iisi na mi abram. ka na peka, aku nèngu na, abram! èu baku madha'u. lula ja'a ka dhu j'aj'i mi tami ho bhiri èu nèti musu. aa ja'a hia a'oto mi dedha èu.","Èle èèna ka, Ama Lamatua padhai lii dènge Abram, aku Nèngu na, ""Ama Abram! Baku madhaꞌu, te Jaꞌa ka dhu paredha èu. Baku madhaꞌu, te Jaꞌa ka dhu paredha èu, aa Jaꞌa ka dhu bꞌala èu.""","Èle èèna ka, Ama Lamatua padhai lii dènge Abram, aku Nèngu na, ""Ama Abram! Baku madhaꞌu, te Jaꞌa ka dhu leru èu, aa èu b'ala ka dhu pènu ae.""",,eng,nfa,English,Dhao,-1.8795,-2.1863,-1.412
"and abram said, lord god, what shalt thou give to me? i shall go without free children, and this damascus, son of eliezer, the procurator of mine house, shall be mine heir. and abram said, lord god, what shalt thou give me? for i have no children, and this eliezer of damascus, the procurator of my household, shall be my heir. and abram added, soothly thou hast not given seed to me, and, lo! my born servant shall be mine heir. and abram said again, yea, thou hast not given me any children, or any descendants, and so now this slave, born in my house, must be my heir.","te ngaa, aku abram na, masi ka ama lamatua hia ae-ae èèna ka, j'aj'i boe mi ngaa sa èci. lula ja'a ne dènge boe ana matana, ho hia ja'a ana-èpu. de dhu neo unu ae-ae sèmi èèna, tao mi ngaa? neu-neu ka, noto mi ènu ja'a elieser, dhèu damsik èèna. nèngu ka dhu sèmi nare aa'i-aa'i.","Hèia Abram karèi Ama Lamatua, aku nèngu na, ""Ama Lamatua! Èu neo hia jaꞌa ngaa? Jaꞌa lèpa hari, te jaꞌa dènge boe ana. Te ngaa jaꞌa neo hia jaꞌa dhèu aaꞌi-aaꞌi dhu jꞌajꞌi dhèu unu jaꞌa. Jaꞌa neo hia dhèu aaꞌi-aaꞌi dhu jꞌajꞌi dhèu aaꞌi-aaꞌi ètu dꞌara èmu jaꞌa. Jaꞌa neo hia dhèu aaꞌi-aaꞌi dhu jꞌajꞌi dhèu aaꞌi-aaꞌi ètu dꞌara èmu jaꞌa. Jaꞌa neo hia dhèu aaꞌi-aaꞌi dhu jꞌajꞌi dhèu aaꞌi-aaꞌi ètu dꞌara èmu jaꞌa. Jaꞌa neo hia dhèu aaꞌi-aaꞌi dhu jꞌajꞌi dhèu aaꞌi-aaꞌi dhu jꞌajꞌi dhèu aaꞌi-aaꞌi dhu jꞌajꞌi dhèu aaꞌi-aaꞌi ètu dꞌara èmu jaꞌa.""","Hèia Abram karèi, ""Ama Lamatua, èu neo hia jaꞌa ngaa? Jaꞌa dènge boe ana, do ana-èpu. Èu dènge boe hia hini jaꞌa. De, Eliezer nèngu dhèu Damaskus, nèngu nèngu ènu dhu ana ètu dꞌara èmu jaꞌa, nèngu neo jꞌajꞌi dhèu dhu panyau jaꞌa.""",,eng,nfa,English,Dhao,6.4053,0.8531,2.918
"and anon the word of the lord was made to him, and said, this shall not be thine heir, but thou shalt have him heir, that shall go out of thy womb. and at once the word of the lord came to him, saying, no, he shall not be thy heir, but thou shalt have an heir who shall come from thy womb.","te ngaa lamatua dhaa na, j'ara na sèmi boe èèna! ana d'èlu èu ku, dhu unu pusaka sèra. ènu èu abhu boe.","Èle èèna ka, Lamatua peka dènge ne, aku Nèngu na, ""Dhèu èèna ka dhu jꞌajꞌi dhèu unu Ama Lamatua. Nèngu ka dhu jꞌajꞌi dhèu unu Ama Lamatua dhu jꞌajꞌi dhèu unu Ama Lamatua. Nèngu ka dhu jꞌajꞌi dhèu unu Ama Lamatua, dhu jꞌajꞌi dhèu unu Ama Lamatua dhu jꞌajꞌi dhèu unu Ama Lamatua. Nèngu ka dhu jꞌajꞌi dhèu unu Ama Lamatua dhu jꞌajꞌi dhèu unu Ama Lamatua.""","Kaca'a Lamatua peka dènge ne, aku Nèngu na, ""Aad'o, dhèu èèna boe neo j'aj'i dhèu unu au. Tèngaa, au neo unu dhèu dhu neo mai ngèti dèlu au, dhu j'aj'i dhèu unu au.""",,eng,nfa,English,Dhao,1.5026,5.8338,6.7983
"and the lord led out abram, and said to him, behold thou the heavens, and number the stars, if thou mayest. and the lord said to abram, so thy seed shall be. and the lord led abram outside, and said to him, look thou up at the night sky, and count the stars, if thou mayest. and then the lord said to abram, so shall be thy descendants.","hèia nèti abram asa li'u, ka na peka, èu ladhe ku asa dedha-liru nèi. ladhe paie ku hua-hètu sèi. bisa iga more, do aad'o? bèli-camèd'a, ana-èpu èu sama sèmi hua-hètu sèi!","Èle èèna ka, Lamatua lasi asa liꞌu. Hèia Na peka, aku Nèngu na, ""Èu hudꞌi ladhe-leru asa dedha-liru. Ladhe èu bisa, na, cahagꞌe aaꞌi mèdha-panyau dhu ètu dedha-liru."" Hèia Lamatua peka dènge Abram, aku Nèngu na, ""Èu hudꞌi ladhe-leru asa dedha-liru, ho cahagꞌe aaꞌi mèdha-panyau dhu ètu dedha-liru."" Hèia Lamatua peka dènge Abram, aku Nèngu na, ""Ladhe èu bisa, na, cahagꞌe aaꞌi mèdha-panyau dhu ètu dedha-liru."" Hèia Lamatua peka dènge ne, ""Èu hudꞌi ladhe-leru asa dedha-liru, ho cahagꞌe aaꞌi mèdha-panyau dhu ètu dedha-liru.""","Èle èèna ka, Lamatua lasi Abram asa liꞌu. Hèia Na peka, aku Nèngu na, ""Èu hudꞌi ladhe-leru asa dedha-liru. Ladhe èu bisa, na, iga aaꞌi hua-hètu dhu ètu dedha-liru."" Hèia Lamatua peka dènge Abram, aku Nèngu na, ""Dènge èèna ka, èu punya hini na dadi dènge èèna."" Hèia Lamatua lasi Abram asa liꞌu. Hèia Na peka, aku Nèngu na, ""Èu hudꞌi ladhe-leru asa dedha-liru mèda. Ladhe èu bisa, na, iga aaꞌi hua-hètu dhu ètu dedha-liru."" Hèia Lamatua peka dènge Abram, aku Nèngu na, ""Dènge èèna ka, èu punya ana-èpu na dadi dènge èèna.""",,eng,nfa,English,Dhao,3.7195,7.656,5.9364
"abram believed to god, and it was reckoned to him to rightwiseness. and abram believed god, and it was reckoned to him as righteousness.","ka abram sèmi nare lii padhai lamatua. aa lamatua tadhe ne, dhèu mola, lula abram lèka ne.","Nèti èèna ka, Abraham parcaya Ama Lamatua, ka Lamatua pangee, na, nèngu ne dhèu dꞌara mola. Nèti èèna ka, Lamatua pangee, na, nèngu ne dhèu dꞌara mola.","Abraham parcaya Ama Lamatua, ka Lamatua pangee, na, nèngu ne dhèu dꞌara mola. Aa Abraham parcaya Ama Lamatua, ka Lamatua pangee, na, nèngu ne dhèu dꞌara mola.",,eng,nfa,English,Dhao,0.1282,-0.029,-0.1276
"and god said to him, i am the lord, that led thee out of ur of chaldees, so that i should give this land to thee, and that thou shouldest have it in possession.","èle èèna ka, lamatua tuhu hari lii na, ja'a ne, ama lamatua. ja'a ka dhu lere kèti èu nèti rae ur, ètu rai dhèu kasdim sèra. aa rai ne'e ne, ja'a hia èu, sèna ka j'aj'i pusaka mu.","Èle èèna ka, Ama Lamatua peka dènge ne, aku Nèngu na, ""Jaꞌa ne, Lamatua. Jaꞌa ka dhu pajꞌujꞌu èu nèti rai Uru nèti dhèu Kaldea, ho hia èu rai ne, sèna ka jꞌajꞌi dhèu unu mi.","Aa Ama Lamatua peka dènge ne, ""Jaꞌa ne, Lamatua, Jaꞌa ka dhu pajꞌujꞌu èu nèti rai Uru nèti dhèu Kaldea, ho hia èu rai ne, sèna ka jꞌajꞌi dhèu unu mi.""",,eng,nfa,English,Dhao,-5.4442,-5.7026,-6.2084
"and abram said, lord god, whereby shall i know that i shall wield it?","te ngaa abram karèi, aku nèngu na, tasamia, lamatua? dènge j'ara sa mia ka ho ja'a ke'a na, rai ne j'aj'i pusaka ja'a?","Hèia Abram karèi, aku nèngu na, ""Ama Lamatua! Nga tao ka jaꞌa keꞌa, na, jaꞌa ne dhèu aaꞌi-aaꞌi?""","Hèia Abram karèi, na, ""Ama Lamatua! Nga tao ka jaꞌa keꞌa, na, jaꞌa nèti nèngu?""",,eng,nfa,English,Dhao,-13.215,-9.6299,-9.6516
"and the lord answered, and said, take thou to me a cow of three years, and a goat of three years, and a ram of three years, and a turtle, and a culver. and the lord answered, bring thou to me a cow of three years, and a goat of three years, and a ram of three years, and a turtledove, and a pigeon.","ka na dhaa, peka na, sèmi ne'e! mai ti tao madha j'ara èci, dhu pa'èki lii padhai lii ja'a deo na. de lamu more sapi rena ci'u, kahib'i rena ci'u, dènge kahib'i-kalèbho mone ci'u. aa'i-aa'i sèra hud'i dhu umur tèlu tèu. aa mèti kahèi koro iia ci'u, dènge koro j'aha ci'u.","Hèia lamatua na dhaa, aku nèngu na, 'Sèmi neꞌe! Èu hia jaꞌa sapi ca dhèu, kahibꞌi-kalèbho ca dhèu, kahibꞌi-kalèbho ca dhèu, kahibꞌi-kalèbho ca dhèu, kahibꞌi-kalèbho ca dhèu, kahibꞌi-kalèbho ca dhèu, kahibꞌi-kalèbho ca dhèu, kahibꞌi-kalèbho ca dhèu, kahibꞌi-kalèbho ca dhèu, kahibꞌi-kalèbho ca dhèu, kahibꞌi-kalèbho ca dhèu, kahibꞌi-kalèbho ca dhèu, kahibꞌi-kalèbho ca dhèu, kahibꞌi-kalèbho ca dhèu.'","Hèia Lamatua na dhaa, aku nèngu na, 'Èu hia jaꞌa sapi tèlu tèu, aa kambing tèlu tèu, aa biri-biri tèlu tèu, aa ènyu, aa koro j'aha, aa koro.'",,eng,nfa,English,Dhao,0.0187,-4.0923,0.1133
"which took all these things, and parted those by the midst, or and he brought him all these things, and divided them in half, and setted ever either part each against the other; but he parted not the birds.","ka abram la'e nare badha sèra. hèia na kacèb'e bagi mi dua, sapi, kahib'i, dènge kahib'i-kalèbho sèra. ka na pale sisi se mi rai, dhu èci patangara dènge èci, j'aj'i mi dua b'aris. te ngaa na kacèb'e boe manu-bhui sèra.","Èle èèna ka, dhèu sabꞌa ètu dꞌara roꞌa, hèia na hia manu-bhui ètu dꞌara roꞌa. Èle èèna ka, dhèu sabꞌa ètu dꞌara roꞌa, hèia na hia manu-bhui ètu dꞌara roꞌa, sèna ka dhèu sabꞌa ètu dꞌara roꞌa. Èle èèna ka, hèia na hia manu-bhui ètu dꞌara roꞌa, hèia na hia manu-bhui ètu dꞌara roꞌa, sèna ka na hia manu-bhui ètu dꞌara roꞌa. Èle èèna ka, hèia na hia manu-bhui ètu dꞌara roꞌa, sèna ka na hia manu-bhui ètu dꞌara roꞌa.","Ne hia aa'i sèra, aa ne camalore sèra, aa ne maho kanee sèra pa'a-pa'a; tèngaa ne boe pakula manu-bhui.",,eng,nfa,English,Dhao,0.6032,-4.7583,-3.1661
"and fowls came down on the carrions, and abram drove them away. and when birds came down onto the carcasses, abram drove them away.","ka manu-bhui dhu tema ra'a sisi sèra, mai ho neo ra'a sisi se'e. te ngaa abram bhabhoo eele si.","Hèia manu-bhui aaꞌi-aaꞌi dꞌai hèbꞌa èèna, ka abhu manu-bhui aaꞌi-aaꞌi dhu dꞌai hèbꞌa èèna, ka abhu manu-bhui aaꞌi-aaꞌi dhu dꞌai hèbꞌa èèna, ka abhu manu-bhui aaꞌi-aaꞌi dhu dꞌai hèbꞌa èèna, ka abhu manu-bhui aaꞌi-aaꞌi dhu dꞌai hèbꞌa èèna, ka abhu manu-bhui aaꞌi-aaꞌi dhu dꞌai hèbꞌa èèna.","Hèia manu-bhui aaꞌi-aaꞌi dꞌai hèbꞌa èèna, ka Abram abhu nèngu. Ka ropa manu-bhui aaꞌi-aaꞌi dꞌai hèbꞌa èèna, ka Abram abhu nèngu.",,eng,nfa,English,Dhao,2.9275,5.1994,5.8342
"and when the sun was gone down, dread felled on abram, and a great hideousness and dark assailed him. and as the sun went down, fear fell upon abram, and a great dark hideousness assailed him.","ropa lod'o cèna, abram bhèj'i luu. na nii, kuri na maroga mai sarimu nare nèngu, ka na madha'u titu kèna.","Ropa dꞌai mèka madha lodꞌo, hèia Abram madhaꞌu dènge dꞌara maroga. Ropa dꞌai mèka madha lodꞌo, hèia Abram madhaꞌu dènge dꞌara maroga.","Ropa dꞌai mèka madha lodꞌo, hèia Abram madhaꞌu dènge dꞌara maroga.",,eng,nfa,English,Dhao,0.7596,-2.5932,-1.6489
"and it was said to him, know thou a before-knowing, that thy seed shall be a pilgrim four hundred years in a land not his own, and they shall make them subject to servage, and they shall torment them; and the lord said to him, know thou a fore-knowing, that thy descendants shall be foreigners in a land not their own, and they shall make them subject to servitude, or to slavery, and they shall torment them for four hundred years; nevertheless i shall deem the folk to whom they shall serve; and after these things they shall go out with great chattel. nevertheless i shall judge the nation for whom they shall be slaves; and after these things they shall go out with many possessions. forsooth thou shalt go to thy fathers in peace, and shalt be buried in a good eld age.","ka ama lamatua peka dènge ne, abram! èèna na èu mamuri toke heka bhoro, aa madhe dènge be'a, ka ra padhane èu dènge be'a. te ngaa ana-èpu èu, èèna na j'aj'i dhèu tao mai ètu kabarai dhèu. ho èèna na, dhèu isi rai sèra, tao si sèmi ènu sa, ka ra ènyi aa paj'èra si, toke èpa ngasu tèu. te, ladhe èèna na, ja'a huku si. ho èèna na, ja'a kèti hari ana-èpu èu nèti era èèna, aa dènge mèdha-panyau ra ae-ae.","Hèia Lamatua peka dènge ne, aku Nèngu na, ""Èu meꞌa le, na, ana-èpu èu sèra hudꞌi pea ètu rai leo, ètu rai leo sèra. Ètu èèna, rèngu jꞌajꞌi dhèu sabꞌa, aa ra jꞌajꞌi dhèu sabꞌa. Ètu èèna, rèngu jꞌajꞌi dhèu sabꞌa. Ètu èèna, rèngu jꞌajꞌi dhèu sabꞌa, aa rèngu jꞌajꞌi dhèu sabꞌa toke dꞌai èpa nguru tèu. Èle èèna ka, Jaꞌa pamaꞌète lii langu dhèu leo sèra. Èle èèna ka, Jaꞌa pamaꞌète lii langu dhèu dhu ra jꞌajꞌi dhèu sabꞌa. Èle èèna ka, bèli-camèdꞌa èu lèpa hari. Èle èèna ka, bèli-camèdꞌa èu lèpa asa bèi-baki èu. Èle èèna ka, bèli-camèdꞌa èu madhe le.""","Hèia Lamatua peka dènge ne, ""Èu meꞌa le, na, ana-èpu èu sèra neo pea dhèu leo ètu rai boe rèngu. Ètu èèna, rèngu neo tao rèngu j'aj'i ana-tai, aa rèngu neo laleko rèngu toke èpa ngasu tèu. Masi ka Ja'a neo pama'ète lii langu dhèu dhu ra j'aj'i ana-tai. Èle èèna ka, rèngu neo podho dènge harta ae. Bèli-camèdꞌa èu neo lèpa asa bèi-baki èu dènge dame, aa neo dhènu ètu tèu ruku dhu mèu.""",,eng,nfa,English,Dhao,10.2602,1.2802,1.3948
"soothly in the fourth generation they shall turn again hither, for the wickedness of the amorites be not yet full-filled, till to this present time or until now.","aa èèna na, ja'a ator ho ana-èpu èu dhu ka lèmi kèti hari si asa ne'e mai. limuri ne, dhèu amori dhu pea ètu rai ne'e. dhèu se'e dhèu bhelu, te ngaa dhae bhelu iia mèka. ladhe ana-èpu èu sèra lèpa hari asa era ne'e, ja'a neo pake si ho huku palaho dhèu amori sèra. lula d'ai taa èèna, bhabhelu ra asa hino.","Te ngaa dꞌai èpa lodꞌo èèna, dhèu aaꞌi-aaꞌi sèra hudꞌi lèpa hari asa neꞌe, lula dhèu Amor sèra tao jꞌara bhelu-katubꞌa, toke dꞌai sange neꞌe. Nèti èèna ka, dhèu aaꞌi-aaꞌi sèra tao jꞌara bhelu-katubꞌa ètu rai-haha ne. Nèti èèna ka, bèli-camèdꞌa dhèu aaꞌi-aaꞌi sèra tao jꞌara bhelu-katubꞌa ètu rai-haha ne.""","Te ngaa ètu èpa lodꞌo èèna, dhèu sèra hudꞌi lèpa hari asa neꞌe, lula dhèu Amor sèra tao jꞌara bhelu-katubꞌa dhae pènu boe, toke dꞌai sange neꞌe.",,eng,nfa,English,Dhao,-1.4585,-10.6109,-7.9241
"therefore when the sun was gone down, a dark mist was made, and a furnace smoking appeared, and a lamp of fire, and it passed through those partings. and when the sun had gone down, a dark mist came, and a smoking furnace appeared, and a lamp of fire which passed between the pieces of the animals.","ropa d'ai mèda sa, cag'ag'a laa ètu era èèna, abhu èru rai èci dhu sèb'u poka-poka, dènge badhu ai èci dhu heo, kako re sasanga sisi dua baris se.","Èle èèna ka, lodꞌo dꞌai mia-mia, bèli-camèdꞌa bèli-camèdꞌa ètu dꞌara dꞌara dꞌara dꞌara ajꞌu èèna. Hèia bèli-camèdꞌa ètu dꞌara dꞌara ajꞌu èèna, hèia bèli-camèdꞌa ètu dꞌara dꞌara dꞌara ajꞌu èèna. Èle èèna ka, bèli-camèdꞌa bèli-camèdꞌa ètu dꞌara dꞌara dꞌara ajꞌu èèna, hèia bèli-camèdꞌa bèli-camèdꞌa ètu dꞌara dꞌara dꞌara ajꞌu èèna.","Èle èèna ka, lod'o dha'u, bhuru maroga bhodho, aa bèli-camèdꞌa bhodho, aa labhu ai dhu lènge re sèra èta₂ badha.",,eng,nfa,English,Dhao,1.6161,5.2636,6.4637
"in that day the lord made a covenant of peace with abram, and said, i shall give to thy seed this land, from the river of egypt till to the great river euphrates; and on that day, the lord made a covenant of peace with abram, and said, i shall give this land to thy descendants, from the river of egypt, that is, the nile, or the shihor river, unto the great euphrates river;","lod'o èèna, lamatua pa'èki lii pajaji dènge abram. na peka na, ja'a jaji mema èu kèna, bèli-camèd'a ja'a pangèd'u mi ana-èpu èu rai ne'e ne, mulai nèti loko masir, d'ai loko efrat,","Lodꞌo èèna, Lamatua paꞌèki lii pajaji dènge Abram, aku Nèngu na, ""Jaꞌa bꞌae le rai-haha ne mi ana-èpu èu, nèti uru nèi ètu Masir, toke uru nèi dhu kapai, ngara na Efrat."" Hèia Lamatua paꞌèki lii pajaji dènge Abram, peka na, ""Jaꞌa bꞌae le rai-haha ne mi ana-èpu èu, nèti uru nèi nèi ètu Masir, toke uru nèi dhu kapai, ngara na Efrat.","Lodꞌo èèna, Lamatua paꞌèki lii pajaji dame dènge Abram, aku Nèngu na, ""Jaꞌa bꞌae le rai-haha ne mi ana-èpu èu, nèti uru nèi ètu Masir, toke uru nèi dhu kapai, ngara na Efrat."" Hèia Lodꞌo èèna, Lamatua paꞌèki lii pajaji dame dènge Abram, peka na, ""Jaꞌa bꞌae le rai-haha ne mi ana-èpu èu, nèti uru nèi ètu Masir, maso na uru nèi Nil, do uru nèi Shihor, toke uru nèi dhu kapai, ngara na Efrat.""",,eng,nfa,English,Dhao,-3.0686,-1.0307,-2.2934
"yea, the lands of the kenites, and kenizzites, and kadmonites,","dènge rai dhèu keni, dhèu kenas, dhèu kadmon,","rai-haha ne, rai-haha Keni, Kenizzit, dènge Kadmonit kahèi. [Dhèu aaꞌi-aaꞌi dhu jꞌajꞌi dhèu Yahudi sèra, dhu jꞌajꞌi dhèu Yahudi sèra, dhu jꞌajꞌi dhèu Yahudi, dhu jꞌajꞌi dhèu Yahudi, dhu jꞌajꞌi dhèu Yahudi, dhu jꞌajꞌi dhèu Yahudi, dhu jꞌajꞌi dhèu Yahudi, dhu jꞌajꞌi dhèu Yahudi, dhu jꞌajꞌi dhèu Yahudi, dhu jꞌajꞌi dhèu Yahudi, dhu jꞌajꞌi dhèu Yahudi, dhu jꞌajꞌi dhèu Yahudi, dhu jꞌajꞌi dhèu Yahudi, dhu jꞌajꞌi dhèu Yahudi, dhu jꞌajꞌi dhèu Yahudi, dhu jꞌajꞌi dhèu Yahudi, dhu jꞌajꞌi dhèu Yahudi, dhu jꞌajꞌi dhèu Yahudi, dhu jꞌajꞌi dhèu Yahudi, dhu jꞌajꞌi dhèu Yahudi.","ya, rai-haha Keni, dènge Kenizzit, dènge Kadmonit.",,eng,nfa,English,Dhao,4.86,7.4433,12.2794
"and hittites, and perizzites, and rephaims,","dhèu het, dhèu feris, dhèu refaim,","hadhu-hadhu, hadhu-hadhu, hadhu-hadhu, hadhu-hadhu, hadhu-hadhu, hadhu-hadhu, hadhu-hadhu, hadhu-hadhu, hadhu-hadhu, hadhu-hadhu, hadhu-hadhu, hadhu-hadhu, hadhu-hadhu, hadhu-hadhu, hadhu-hadhu, hadhu-hadhu, hadhu-hadhu, hadhu-hadhu, hadhu-hadhu, hadhu-hadhu, hadhu-hadhu, hadhu-hadhu, hadhu-hadhu, hadhu-hadhu, hadhu-hadhu, hadhu-hadhu, hadhu-hadhu, hadhu-hadhu, hadhu-hadhu, hadhu-hadhu, hadhu-hadhu, hadhu-hadhu,",Hiti aa Perizi aa Refaim,,eng,nfa,English,Dhao,4.6514,9.1972,6.4707
"and amorites, and canaanites, and girgashites, and jebusites.","dhèu amori, dhèu kana'an, dhèu girgasi, dènge dhèu yebus.","dhèu Amor, dhèu Kanaan, dhèu Girgasi, dènge dhèu Yebus.","aa dhèu Amor, aa dhèu Kanaan, aa dhèu Girgasi, aa dhèu Yebus.",,eng,nfa,English,Dhao,-25.9562,-21.3297,-21.6727
"therefore sarai, the wife of abram, had not engendered to him free children; but she had a servantess of egypt, hagar by name, and so sarai, abram's wife, had not borne him any children; but she had an egyptian slave-girl, named hagar, and sarai said to her husband, lo! the lord hath closed me up, so that i should not bear a child; enter thou in to my servantess, if in hap i shall take children, namely of her, or and so enter thou to my slave-girl, and perhaps i shall have children through her. and when he assented to her praying, she took hagar the egyptian, her servantess, after ten years after that they began to inhabit the land of canaan, and she gave hagar asa wife to her husband. she took her slave-girl, hagar the egyptian, and she gave her as a wife to her husband; this was ten years after that they had begun to live in the land of canaan.","tèu èèna, abram lèpa hari le nèti masir, ka na pea le canguru tèu ètu kana'an. dhèu èmu na sarai abhu mèka kolo. sarai dènge ènu bhèni ca dhèu nèti masir, ngara na hagar. ca lod'o, sarai peka dènge abram, aku nèngu na, a'a. lamatua hia boe ja'a ana. de hua iia, lamu j'unu dènge ènu ja'a, hagar, sèna ka na hia ja'a ana. ka abram madhutu lii dhèu èmu na. ka sarai hia hagar j'aj'i dhèu èmu ka dua abram.","Nèti èèna ka, Sarai padhai lii dènge dhèu èmu na, aku nèngu na, ""Sèmi neꞌe! Lamatua dedꞌe boe jaꞌa, sèna ka jaꞌa bisa boe jꞌajꞌi dhèu èmu-kamali jaꞌa. Ladhe jaꞌa neo jꞌajꞌi dhèu èmu-kamali jaꞌa, na, jaꞌa bisa boe jꞌajꞌi dhèu èmu-kamali jaꞌa. Ladhe jaꞌa neo jꞌajꞌi dhèu èmu-kamali jaꞌa, na, jaꞌa bisa heka jꞌajꞌi dhèu èmu-kamali jaꞌa. Ladhe jaꞌa neo jꞌajꞌi dhèu èmu-kamali jaꞌa, heka jaꞌa bisa heka jꞌajꞌi dhèu èmu-kamali dhèu èmu-kamali jaꞌa, heka jaꞌa bisa heka jꞌajꞌi dhèu èmu-kamali jaꞌa."" Ropa Sarai manèngi sèmi èèna, hèia Sarai jꞌajꞌi dhèu èmu-kamali dhèu èmu-kamali dhèu èmu-kamali dhèu èmu-kamali èmu Kanaan, ka na bꞌae heka dhèu èmu-kamali dhèu èmu-kamali dhèu èmu-kamali dhèu èmu-kamali, ho jꞌajꞌi dhèu èmu-kamali dhèu èmu-kamali dhèu èmu Kanaan.","Nèti èèna ka, Sarai, padhai Abram, boe mora iisi ana dènge nèngu. Tèngaa nèngu nèi ana-tai nèti Mesir, ngara nèngu Hagar. Aa Sarai lii dènge dhèu èmu nèngu, ""Sèmi neꞌe! Lamatua dedꞌe boe jaꞌa, sèna ka jaꞌa bisa boe mora iisi ana. Maso ètu ana-tai jaꞌa, ladhe jaꞌa bisa nèi ana nèti nèngu."" Aa ropa nèngu pare'a dènge manèngi nèngu, nèngu nare Hagar, ana-tai nèngu nèti Mesir, èle canguru tèu èle ka nèngu mulai muri ètu rai Kanaan, aa nèngu tèka Hagar sèmi padhai dènge dhèu èmu nèngu.",,eng,nfa,English,Dhao,2.7403,7.1484,6.3628
"and abram entered in to hagar; and soon hagar saw that she had conceived, and then she despised her lady.","hèia abram j'unu dènge hagar, ka na dènge babia. ropa hagar ne'a nèngu dènge babia le, ka na padedha iisi na, aa na pahae heka sarai.","Èle èèna ka, Abram maso asa Hagar. Ropa Hagar neꞌa, na, bhèni ne dènge bèdho, ka na pahaha iisi dènge bhèni na.","Èle èèna ka, Abram maso asa Hagar. Ropa Hagar neꞌa, na, bhèni ne dènge bèdho, ka na padhèdi bhèni na.",,eng,nfa,English,Dhao,-0.8902,-6.6871,-5.6914
"and sarai said to abram, thou doest wickedly against me; i gave my servantess into thy bosom, which seeth that she hath conceived, and now she despiseth me; the lord deem betwixt me and thee. and sarai said to abram, thou doest wickedly against me; i gave my slave-girl into thy arms, and she seeth that she hath conceived, and now she despiseth me; the lord judge between me and thee.","ka sarai peka dènge abram, aku nèngu na, ja'a ka dhu hia nèngu mi èu j'aj'i dhèu èmu ka dua. te ngaa ropa na dènge babia, na pusi pahae heka ja'a! ne'e ne, sala èu! de hud'i laa, sèna ka lamatua ka dhu pama'ète lii èdhi dua ti! heka èu me'a kèna!","Hèia Sarai peka dènge Abram, aku nèngu na, ""Èu tao jꞌara bhelu-katubꞌa hia jaꞌa. Jaꞌa hia ana bhèni jaꞌa ètu dꞌara ngiꞌu èu, te ngaa nèngu roꞌo boe padedha-dedha jaꞌa. Jaꞌa tao jꞌara bhèni jaꞌa ètu dꞌara ngiꞌu èu, te ngaa nèngu roꞌo boe padedha-dedha jaꞌa. Jaꞌa hia ana bhèni jaꞌa ètu dꞌara ngiꞌu èu, te ngaa nèngu roꞌo boe padedha-dedha jaꞌa. Jaꞌa tao jꞌara bhèni jaꞌa ètu dꞌara ngiꞌu èu, te ngaa nèngu roꞌo boe padedha-dedha jaꞌa. Jaꞌa tao jꞌara bhèni jaꞌa ètu dꞌara ngiꞌu èu, te ngaa nèngu roꞌo boe padedha-dedha jaꞌa.""","Hèia Sarai peka dènge Abram, ""Èu tao jꞌara bhelu-katubꞌa hia jaꞌa. Jaꞌa hia ana-tai jaꞌa ètu dꞌara ngiꞌu èu, aa nèngu leru nèngu dꞌara ana, aa rapa nèngu roꞌo boe padhèdi jaꞌa. Lamatua paredha ètu jaꞌa dènge èu.""",,eng,nfa,English,Dhao,-0.4954,-1.3221,-0.4175
"and abram answered and said to her, lo! thy servantess is in thine hand; use thou her as thee liketh. therefore for sarai tormented her, she fled away. and abram answered and said to her, behold! thy slave-girl is in thy hands; do thou with her as thou pleaseth. and so when sarai tormented her, she fled away.","ka abram dhaa, peka na, sèmi ne'e, wee! èu ne, dhèu èmu uru. aa nèngu, dhèu èmu limuri. de èu ne dhu mèd'u paredha. de èu neo tao ne tasamia, èèna ètu èu na! ka sarai mulai tao sakaa hua dènge hagar, hèia na rai.","Hèia Sarai tao jꞌajꞌèra ne, hèia na rai. Hèia Abram dhaa, aku nèngu na, ""Tareꞌa! Jaꞌa ne, ana bhèni èu. Jaꞌa neo tao jꞌajꞌèra ne, sèna ka èu bisa tao madhutu dadꞌèi jaꞌa."" Hèia Sarai tao jꞌajꞌèra ne, hèia ana bhèni ne rai. Ka Abram dhaa, aku nèngu na, ""Jaꞌa ne, ana bhèni èu. Ladhe èu tao jꞌajꞌèra jaꞌa sèmi èèna, èu bisa tao jꞌajꞌèra na."" Hèia Sarai tao jꞌajꞌèra ne, hèia na rai.","Hèia Abram dhaa, aku nèngu na, ""Tareꞌa! Ana-bhèni èu ètu kacui.aai èu. Tao nèngu sèmi èu dèi."" Lula Sarai tao jꞌajꞌèra nèngu, hèia na rai. Hèia Abram dhaa, aku nèngu na, ""Tareꞌa! Ana-bhèni èu ètu kacui.aai èu. Tao nèngu sèmi èu dèi."" Hèia ropa Sarai tao jꞌajꞌèra nèngu, hèia na rai.",,eng,nfa,English,Dhao,2.228,-0.5897,-0.0859
"and when the angel of the lord had found her beside a well of water in the wilderness, which well is in the way of shur in the desert,","na rai d'ai d'ara mamoo. hèia ana pajuu lamatua nèti sorga ca dhèu, rage ne dètu dènge madha èi, ètu j'ara la'e asa sur.","Èle èèna ka, ana pajuu Lamatua nèti sorga laꞌe paraga dènge Elisabet ètu sebhe jꞌara èi ètu dꞌara mamoo ètu dꞌara jꞌara, nuka sebhe jꞌara ètu dꞌara jꞌara, nuka sebhe jꞌara èci.","Èle èèna ka, ana pajuu Lamatua laꞌe paraga dènge nèngu ètu sebhe jꞌara èi ètu dꞌara mamoo, jꞌara èi èci nuka ètu jꞌara Shur ètu dꞌara mamoo.",,eng,nfa,English,Dhao,1.1702,-5.0141,-3.5138
"he said to her, from whence comest thou hagar, the servantess of sarai or sarai's slave-girl, and whither goest thou? which answered, i flee from the face of sarai, my lady.","ka na lii, aku nèngu na, èu ne hagar, ènu sarai. nga tao ka èu ètu ne'e? èu mai nèti mia, aa lamu mia? hèia hagar dhaa, aku nèngu na, ja'a rai nèti d'ara èmu lamatua ja'a.","Hèia na karèi ne, aku nèngu na, ""Hagar, ana bhèni Sarai. Èu mai nèti mia? Èu laꞌe asa mia?"" Hèia Sarai dhaa, aku nèngu na, ""Jaꞌa pakèdꞌi nèti Sarai.""","Hèia na karèi ne, aku nèngu na, ""Hagar, ana-tai ana-bhèni Sarai. Èu mai nèti mia? Èu laꞌe asa mia?"" Hèia nèngu dhaa, aku nèngu na, ""Jaꞌa pakèdꞌi nèti katanga madha Sarai, tuan jaꞌa.""",,eng,nfa,English,Dhao,-0.2864,2.8265,1.5572
"and the angel of the lord said to her, turn thou again to thy lady or return to thy lady, and be thou meeked under her hands.","ka ana pajuu èèna pamako ne, aku nèngu na, sèmi ne'e! be'a risi, èu lèpa hari asa adhe-aai sarai, lamatua èu. masi ka na tao èu tasamia èèna ka, sèmi la.","Hèia ana pajuu Lamatua ne peka dènge bhèni ne, aku nèngu na, ""Lamu dènge bhèni èu, ho mamuri dènge bhèni èu.""","Hèia ana pajuu Lamatua ne peka dènge bhèni ne, aku nèngu na, ""Lèpa₁ hari dènge bhèni èu, aa mèu mèu ètu kacui.aai nèngu.""",,eng,nfa,English,Dhao,0.8668,2.7,2.1698
"and again he said, i multiplying shall multiply thy seed, and it shall not be numbered for multitude. and again he said, i multiplying shall multiply thy descendants, and they shall not be able to be counted for all their multitude.","baku madha'u. bèli-camèd'a, ja'a pabèba ana-èpu èu pa'ae-ae, toke dhèu ige rare boe.","Èle èèna ka, Ama Lamatua peka dènge Abraham, aku Nèngu na, ""Sèmi neꞌe: Jaꞌa padꞌelo le jꞌajꞌèra èu, toke ana-èpu èu jꞌajꞌi dhèu ae-ae. Te ngaa ladhe sèmi èèna, Jaꞌa padꞌelo le jꞌajꞌèra èu, toke dhèu aaꞌi-aaꞌi bisa boe reꞌa jꞌajꞌèra èu.""","Èle èèna ka, Nèngu peka, ""Ja'a pamae ae hini èu dènge ana-èpu èu, dènge boe bisa iga rèngu teme-teme.""",,eng,nfa,English,Dhao,5.9104,-5.988,-3.3588
"and afterward he said or and then he said, lo! thou hast conceived, and thou shalt bear a son, and thou shalt call his name ishmael, for the lord hath heard thy torment;","èu dhu dènge babia. nèbhu heka, èu mora iisi ana mone ca dhèu. èèna na mu pangare ne ismael dhu sasoa na ‘lamatua tadèngi', lula lamatua tadèngi le lii roma iisi èu.","Èle èèna ka, Ama Lamatua peka dènge ne, aku nèngu na, 'Èu bèli-camèdꞌa jꞌajꞌi dhèu bhèni. Èu hudꞌi jꞌajꞌi ana mone ca dhèu. Èu hudꞌi paroa ne, Ismael, lula Lamatua tadèngi le jꞌajꞌèra èu.","Èle èèna ka, Ama Lamatua peka dènge ne, 'Èu bèli-camèdꞌa. Èu hudꞌi jꞌajꞌi ana mone ca dhèu. Èu hudꞌi paroa ne, Ismael, lula Lamatua tadèngi le jꞌajꞌèra èu.",,eng,nfa,English,Dhao,2.4286,-1.8343,-0.835
"this shall be a wild man; his hand shall be against all men, and the hands of all men shall be against him; and he shall set his tabernacles even against all his brethren or and he shall be at odds with all of his kinsmen.","ropa ana ne kapai, na mamuri pakaj'èu nèti a'ari na. lula nèngu ne, sama sèmi jara hui dhu d'èi boe nanene lii paredha. sad'i dhèu cee èèna ka, na sisu. aa dhèu aa'i-aa'i lab'a ne kahèi.","Nèngu jꞌajꞌi dhèu bhelu-katubꞌa. Nèngu jꞌajꞌi dhèu bhelu-katubꞌa, aa dhèu aaꞌi-aaꞌi jꞌajꞌi dhèu bhelu-katubꞌa. Nèngu jꞌajꞌi dhèu bhelu-katubꞌa, sèna ka jꞌajꞌi dhèu bhelu-katubꞌa. Nèngu jꞌajꞌi dhèu bhelu-katubꞌa, sèna ka jꞌajꞌi dhèu bhelu-katubꞌa, sèna ka jꞌajꞌi dhèu bhelu-katubꞌa. Nèngu jꞌajꞌi dhèu bhelu-katubꞌa, sèna ka jꞌajꞌi dhèu bhelu-katubꞌa, sèna ka jꞌajꞌi dhèu bhelu-katubꞌa.","Nèngu j'aj'i dhèu bhelu-katub'a. Kacui.aai nèngu j'aj'i tabhe dhèu aa'i-aa'i, aa kacui.aai dhèu aa'i-aa'i j'aj'i tabhe nèngu; aa nèngu j'aj'i tabhe kera nèngu aa'i-aa'i.",,eng,nfa,English,Dhao,11.4621,5.4026,5.1736
"forsooth hagar called the name of the lord that spake to her, thou god that sawest me; for she said, forsooth here i saw the hinder things of him that saw me. and hagar called the name of the lord who spoke to her, thou god who sawest me; for she said, here i saw him who saw me, and i still lived.","ropa tadèngi nare, hagar ngee ka ètu d'ara na, aku nèngu na, ja'a kèdhi le lamatua, dhu ladhe-leru aa madhenge ja'a. hèia na hia ngara mi lamatua, lamatua dhu ladhe-leru ja'a.","Nèti èèna ka, Hagar dhaa, aku nèngu na, ""Jaꞌa ladhe kèdhi mèdha-panyau nèti dhèu dhu ladhe kèdhi jaꞌa."" Nèti èèna ka, Hagar dhaa, aku nèngu na, ""Jaꞌa ladhe kèdhi mèdha-panyau nèti dhèu dhu ladhe kèdhi jaꞌa. Nèti èèna ka, jaꞌa mamuri hari."" Nèti èèna ka, Hagar dhaa, na, ""Jaꞌa ladhe kèdhi mèdha-panyau nèti dhèu dhu padhai lii dènge ne, heka jaꞌa mamuri hari.""","Nèti èèna ka, Hagar dhaa ngara Lamatua dhu padhai lii dènge nèngu, 'Jaꞌa Lamatua dhu ladhe kèdhi jaꞌa;' nèti nèngu dhaa, 'Nèti èèna ka, ètu èèna jaꞌa ladhe nèngu dhu ladhe kèdhi jaꞌa.' Aa Hagar dhaa ngara Lamatua dhu padhai lii dènge nèngu, 'Jaꞌa Lamatua dhu ladhe kèdhi jaꞌa;' nèti nèngu dhaa, 'Ètu èèna jaꞌa ladhe nèngu dhu ladhe kèdhi jaꞌa, aa jaꞌa mamuri hari.'",,eng,nfa,English,Dhao,-3.8413,3.6998,0.5853
"therefore she called that well, the well of him that liveth and seeth me, or and that is why people call that well the well of lahairoi, or beerlahairoi; and that well is betwixt kadesh and bered.","nèti èèna ka, dhèu pangare madha èi na, beer lahai roi, dhu sasoa na madha èi nèti nèngu dhu mamuri, dhu ladhe-leru ja'a. era na, ètu talora aae nèti rae kades dènge rae beret. madha èi ne, abhu era toke d'ai sange ne'e.","Nèti èèna ka, dhèu aaꞌi-aaꞌi ra paroa èi èi èi èi èi èi èi èi èi èi èi èi èi èi èi èi èi èi èi èi èi èi èi èi èi èi èi èi èi èi èi. Nèti èèna ka, èi èi èi èi èi èi èi èi èi èi èi èi èi èi èi èi èi èi èi.","Nèti èèna ka, nèngu paroa èi èèna, Èi Muri aa Nèdhi Ya, aa nèti èèna ka dhèu paroa èi èèna Èi Lahai-Roi, aa Èi Beerlahai-Roi; aa èi èèna ètu tenga Kadesh aa Bered.",,eng,nfa,English,Dhao,2.5752,12.1869,10.7283
"and so hagar childed a son to abram, which called his name ishmael. and so hagar bare a son for abram, and abram named him ishmael.","èle èèna ka, hagar lèpa hari. hèia nara iisi ana mone ca dhèu. abram pangare ne ismael.","Èle èèna ka, Hagar nara iisi dhèu èci, ngara na Ishmael. Nèti èèna ka, Hagar nara iisi dhèu èci, ngara na Ishmael.","Èle èèna ka, Hagar nara iisi ana èci nudu Abram, aa Abram pangeo ngara na Ishmael.",,eng,nfa,English,Dhao,8.2921,6.873,6.7274
"abram was eighty years and six, when hagar childed ishmael to him. abram was eighty-six years old, when hagar bare ishmael for him.","lod'o hagar nare iisi ismael, umur abram aru nguru èna tèu kèna.","Èle èèna ka, Hagar nara iisi Isakel. Ropa Abraham nara iisi Isakel, heka Hagar nara iisi Isakel dènge heka heka heka heka heka heka heka heka heka heka heka heka heka heka heka heka heka heka heka heka heka heka heka heka heka heka heka heka heka heka heka heka heka heka heka heka heka heka heka heka heka heka heka heka heka heka heka heka heka heka heka heka heka heka heka heka heka heka heka heka heka heka heka heka heka heka heka heka heka.","Ropa Hagar nara iisi Ismael, Abraham èèna tèu aru-èna.",,eng,nfa,English,Dhao,4.378,17.6805,19.691
"forsooth after that abram began to be of ninety years and nine, the lord appeared to him, and said to him, i am almighty god; go thou before me, and be thou perfect; now when abram was ninety-nine years old, the lord appeared to him, and said to him, i am almighty god; go thou before me, and do thou what is right;","ropa umur abram d'ai ceo nguru ceo tèu, lamatua mai pad'elo iisi dènge ne. ka na peka dènge abram, aku nèngu na, ja'a ne, ama lamatua dhu koasa risi eele. èu hud'i madhutu taruu dad'èi ja'a, dènge j'ara mamuri èu hud'i mola.","Lodꞌo èèna, Abram dꞌai èpa nguru nguru tèu, ka Lamatua padhai lii dènge ne, aku Nèngu na, ""Ama Lamatua! Jaꞌa ne, Ama Lamatua. Èu hudꞌi madhutu ku jꞌara-jꞌara dhu beꞌa. Èu hudꞌi madhutu ku jꞌara-jꞌara dhu beꞌa. Jaꞌa ne, Ama Lamatua. Èu hudꞌi madhutu ku jꞌara-jꞌara dhu beꞌa. Èu hudꞌi madhutu ku jꞌara-jꞌara dhu beꞌa.""","Ropa Abram d'ai sanga nguru sanga tèu, Lamatua bhodho asa ne, ka lii asa ne, ""Ja'a ne, Ama Lamatua. Èu hud'i noo-noo ètu madha ku, ka èu hud'i j'aj'i tare'a-re'a.""",,eng,nfa,English,Dhao,10.2284,-3.9096,-2.0732
and i shall set my covenant of peace betwixt me and thee; and i shall multiply thee full greatly or and i shall greatly multiply thee.,ja'a neo pa'èki lii pajaji dènge èu. aa ja'a neo pabèba kacanga ana-èpu èu.,"Èle èèna ka, Jaꞌa tao paꞌèci dènge èu, sèna ka èu mamuri paꞌèci dènge Jaꞌa. Èle èèna ka, èu jꞌajꞌi dhèu ae-ae, aa èu jꞌajꞌi dhèu ae-ae.","Èle èèna ka, Jaꞌa tao paꞌèci dènge èu. Èle èèna ka, èu jꞌajꞌi dhèu ae-ae.",,eng,nfa,English,Dhao,6.9557,-1.7838,0.7718
"and abram felled down low on his face. and god said to him,","hèia abram patitu kètu urutuu, ka na pacud'u kètu d'ai rai. ka ama lamatua tuhu hari lii padhai lii na, aku nèngu na,","Hèia Abraham patitu kètu urutuu. Hèia Ama Lamatua peka dènge ne, aku Nèngu na,","Aa Abraham mopo-mopo. Aa Ama Lamatua peka dènge ne,",,eng,nfa,English,Dhao,-13.9765,-23.1377,-22.7725
"i am, and my covenant of peace is with thee, and thou shalt be the father of many folks or and thou shalt be the father of many nations; and thy name shall no more be called abram, but thou shalt be called abraham, for i have made thee the father of many folks or for i have made thee the father of many nations;","lii pajaji ja'a dènge èu sèmi ne'e ka: èèna na, èu j'aj'i bèi-baki nèti suku ae-ae. nèti èèna ka, èu pake ia ka ngara èu abram dhu sasoa na ‘ama dhu dhèu tadhe', te ngaa abraham dhu sasoa na ‘bèi-baki nèti suku ae-ae'.","Nèti èèna ka, dhèu aaꞌi-aaꞌi ra paroa èu, aku rèngu na, ""Ama! Jaꞌa paꞌèki le dènge èu, sèna ka èu jꞌajꞌi ama nèti suku aaꞌi-aaꞌi."" Dhèu aaꞌi-aaꞌi ra paroa èu heka, 'Abram', te ngaa dhèu aaꞌi-aaꞌi ra paroa èu, 'Abraham'. Te Jaꞌa hagꞌe nare èu jꞌajꞌi ama nèti suku aaꞌi-aaꞌi.","Ja'a pa'èki dame dènge èu, aa èu neo j'aj'i ama nèti suku ae do nèti bangsa ae. Aa ngara èu neo luri paroa Abram heka, tèngaa èu neo paroa Abraham, te Ja'a hag'e nare èu j'aj'i ama nèti suku ae do nèti bangsa ae.",,eng,nfa,English,Dhao,8.6773,0.321,0.0769
"and i shall make thee to wax full greatly, and i shall set thee in folks or and i shall make nations to come out of thee, and kings shall go out of thee;",ja'a neo pabèba kacanga ana-èpu èu ae-ae. ja'a paj'aj'i si suku ae-ae. aa ja'a ded'e dhèu aae ae nèti rèngu sèra.,"Jaꞌa tao èu jꞌajꞌi dhèu ae-ae. Jaꞌa tao èu jꞌajꞌi dhèu nèti suku aaꞌi-aaꞌi, aa dhèu aae-dhèu aaꞌi-aaꞌi mai nèti èu.","Jaꞌa tao èu jꞌajꞌi dhèu ae-ae, aa Jaꞌa tao suku aaꞌi-aaꞌi mai nèti èu, aa dhèu aae-dhèu aaꞌi-aaꞌi mai nèti èu.",,eng,nfa,English,Dhao,-1.2836,-2.0861,-2.5336
"and i shall make my covenant between me and thee, and between thy seed after thee, in their generations, by everlasting bond of peace, that i be thy god, and of thy seed after thee; and i shall make my covenant between me and thee, and thy descendants after thee, in all their generations, an everlasting covenant, that i be thy god, and the god of thy descendants after thee;","ja'a sanèd'e taruu lii pajaji ja'a dènge èu, aa dènge ana-èpu èu sèra. lii pajaji ne ma'ète boe toke taa-taa, lula ja'a ne'e ka ama lamatua nèti èu dènge ana-èpu mu.","Èèna na Jaꞌa tao paꞌèki paꞌèra-èra dènge èu, dènge ana-èpu èu aaꞌi-aaꞌi ra, sèna ka jꞌajꞌi Ama Lamatua mi dhèu aaꞌi-aaꞌi. Jaꞌa tao paꞌèra-èra dènge èu, sèna ka jꞌajꞌi Ama Lamatua mi dhèu aaꞌi-aaꞌi ra. Jaꞌa tao paꞌèra-èra, sèna ka jꞌajꞌi Ama Lamatua mi dhèu aaꞌi-aaꞌi ra.","Èèna na Jaꞌa tao paꞌèra-èra ètu Jaꞌa dènge èu, aa ètu hini èu tare èu, ètu kolo ra, paꞌèra-èra dame nora dhao-dhao, sèna ka Jaꞌa jꞌajꞌi Ama Lamatua mi èu, aa mi hini èu tare èu; aa Jaꞌa tao paꞌèra-èra ètu Jaꞌa dènge èu, aa dènge ana-èpu èu tare èu, ètu aaꞌi kolo ra, paꞌèra-èra nora dhao-dhao, sèna ka Jaꞌa jꞌajꞌi Ama Lamatua mi èu, aa Ama Lamatua mi ana-èpu èu tare èu.",,eng,nfa,English,Dhao,1.6591,3.4064,1.52
"and i shall give to thee, and to thy seed after thee, the land of thy pilgrimage, all the land of canaan, into everlasting possession, and i shall be the god of them. and i shall give to thee, and to thy descendants after thee, this land where thou art now living, yea, all the land of canaan, for an everlasting possession, and i shall be their god.","rai kana'an ne aa'i-aa'i, bèli-camèd'a ja'a hia mi èu dènge ana-èpu èu. ne'e ne, èu dhoka pea manubha di ètu ne'e. te ngaa èèna na, j'aj'i mi unu ana-èpu èu toke taa-taa. aa ja'a j'aj'i ama lamatua rèngu sèra kahèi.","Jaꞌa neo paꞌèki dènge dhèu aaꞌi-aaꞌi ètu rai Kanaꞌan, toke dꞌai mia-mia. Jaꞌa jꞌajꞌi dhèu aaꞌi-aaꞌi ra. Jaꞌa neo paꞌèki dènge dhèu aaꞌi-aaꞌi ètu rai Kanaꞌan, toke dꞌai mia-mia. Jaꞌa jꞌajꞌi dhèu aaꞌi-aaꞌi ra.","Aa Ja'a hia 'u, aa dènge ana-èpu 'u tare 'u, rai nenga mia 'u ètu rapa, aa'i rai Kana'an, toke d'ai mia-mia, aa Ja'a j'aj'i Mori ra.",,eng,nfa,English,Dhao,10.2255,5.4607,5.8089
"god said again to abraham, and therefore thou shalt keep my covenant, and thy seed after thee, in their generations. and god said to abraham, and so thou shalt keep my covenant, thou, and thy descendants after thee, in all generations. this is my covenant, which ye shall keep, betwixt me and you, and thy seed after thee; each male kind of you shall be circumcised or every male among you shall be circumcised,","te ngaa èu dènge ana-èpu èu sèra, hud'i kèpe pa'èra lii pajaji ne, dènge d'ara kateme ku. dhèu mone aa'i-aa'i ra, hud'i suna ku.","Èle èèna ka, Ama Lamatua peka dènge Abraham, aku Nèngu na, 'Èu hudꞌi tao madhutu jꞌara mamuri Jaꞌa, sèna ka jꞌajꞌi mi dhèu aaꞌi-aaꞌi dhu jꞌajꞌi ana-èpu èu sèra, toke dꞌai mia-mia. De dhèu aaꞌi-aaꞌi dhu jꞌajꞌi dhèu aaꞌi-aaꞌi, hudꞌi suna ku, te ngaa dhèu aaꞌi-aaꞌi dhu jꞌajꞌi ana-èpu èu sèra, hudꞌi tao madhutu jꞌara mamuri jaꞌa, sèna ka jꞌajꞌi mi dhèu aaꞌi-aaꞌi dhu jꞌajꞌi mi dhèu aaꞌi-aaꞌi, sèna ka jꞌajꞌi mi dhèu aaꞌi-aaꞌi dhu jꞌajꞌi mi dhèu aaꞌi-aaꞌi ra.'","Ama Lamatua peka hari dènge Abraham, 'Èle èèna ka, èu hudꞌi tao madhutu jꞌara mamuri Jaꞌa, aa ana-èpu èu tare èu, ètu aaꞌi mia-mia. Nenga jꞌara mamuri Jaꞌa nane, dhu miu hudꞌi tao madhutu, ètu Jaꞌa dènge miu, aa ana-èpu èu tare èu: mone aaꞌi ètu miu hudꞌi suna.'",,eng,nfa,English,Dhao,0.663,-2.0494,-1.0878
"and ye shall circumcise the flesh of your man's rod, that it be into a sign of bond of peace betwixt me and you or so that it be a sign of the covenant between me and you. a young child of eight days shall be circumcised in you, all male kind in your generations, as well a born servant of your household, as a servant bought, shall be circumcised, a newborn child among you shall be circumcised on the eighth day, yea, all the males of every generation, as well as a slave born in your household, and a slave who is bought, yea, all the males shall be circumcised, and whoever is of your kindred, he also shall be circumcised; and my covenant shall be in your flesh into everlasting bond of peace or and so my covenant shall be made in your flesh as an everlasting covenant.","ne'e ne, mone aa'i-aa'i hud'i suna, mulai nèti umur aru lod'o. a'ari èu, dhèu-dhèu sab'a èu, dènge ènu dhu èu hèli more nèti rai leo, aa'i-aa'i ra hud'i suna si. suna na j'aj'i tadha mi ngi'u miu, dhu pa'èki èdhi taa-taa.","Lodꞌo èèna, miu hudꞌi suna ana mone aaꞌi-aaꞌi mi, sama sèmi èèna kahèi dènge ana mone nèti èmu miu. Dhèu aaꞌi-aaꞌi mi hudꞌi suna kahèi, sama sèmi èèna kahèi dènge ana mone nèti èmu miu. Dhèu aaꞌi-aaꞌi mi hudꞌi suna kahèi, sèna ka jꞌajꞌi mi dhèu aaꞌi-aaꞌi dhu jꞌajꞌi dhèu aaꞌi-aaꞌi ètu dꞌara èmu miu, sèna ka jꞌajꞌi mi dhèu aaꞌi-aaꞌi dhu jꞌajꞌi dhèu aaꞌi-aaꞌi ètu dꞌara èmu miu. Dènge jꞌara neꞌe, miu hudꞌi suna kahèi, sèna ka jꞌajꞌi mi dhèu aaꞌi-aaꞌi dhu jꞌajꞌi mi dhèu aaꞌi-aaꞌi, sèna ka jꞌajꞌi mi dhèu aaꞌi-aaꞌi dhu jꞌajꞌi mi dhèu aaꞌi-aaꞌi, sèna ka jꞌajꞌi mi dhèu aaꞌi-aaꞌi-aaꞌi dhu jꞌajꞌi mi dhèu aaꞌi-aaꞌi-aaꞌi, sèna ka jꞌajꞌi mi dhèu aaꞌi-aaꞌi-aaꞌi dhu jꞌajꞌi mi dhèu aaꞌi-aaꞌi-aaꞌi ètu dꞌara aaꞌi-aaꞌi-aaꞌi. De miu hudꞌi suna kahèi dhèu aaꞌi-aaꞌi-aaꞌi mi dhèu aaꞌi-aaꞌi-aaꞌi","De miu hud'i suna kulit mone miu, sèna ka j'aj'i tadha dame dènge èu dènge miu. Ana ngèru dhu umuru aru lod'o hud'i suna ètu d'ara miu. Aa aa'i-aa'i mone ètu tèu miu, sama sèmi ènu dhu mora iisi ètu èmu miu, aa ènu dhu d'èdi, hud'i suna kahèi. Cee-cee dhu nèti èmu miu, nèngu hud'i suna kahèi. Aa tadha èu hud'i ètu kulit miu, j'aj'i tadha dame dhu lèma-lèma.",,eng,nfa,English,Dhao,17.0216,16.9855,17.9122
"any man whose flesh of his rod shall not be circumcised, that man shall be done away from his people; for he made void my covenant or for he hath broken my covenant.","mone mia dhu suna boe, rèngu sèra maso boe ètu d'ara lii pajaji ja'a ne, aa rèngu sèra j'aj'i boe dhèu ja'a kahèi.","Dhèu aaꞌi-aaꞌi dhu jꞌajꞌi boe dhèu unu Lamatua, èèna na dhèu aaꞌi-aaꞌi dhu jꞌajꞌi boe dhèu unu Lamatua, bèli-camèdꞌa dhèu aaꞌi-aaꞌi dhu jꞌajꞌi boe dhèu unu Lamatua. Nèti èèna ka, dhèu aaꞌi-aaꞌi dhu jꞌajꞌi boe dhèu unu Lamatua, bèli-camèdꞌa dhèu aaꞌi-aaꞌi dhu jꞌajꞌi boe dhèu unu Lamatua.""","Mone aa'i-aa'i dhu boe di-sunat, mone sèi musti di-so ngèti nèngu dhèu. Nèti nèngu masèka jꞌajꞌi-taruu yaa.",,eng,nfa,English,Dhao,0.718,1.9426,2.8069
"also god said to abraham or and god said to abraham, thou shalt not call sarai, thy wife, sarai, but sarah;","èle èèna ka, ama lamatua peka hari, aku nèngu na, nèti deo ne'e ne, èu paroa ia ka ngara dhèu èmu mu sarai, te ngaa sara.","Èle èèna ka, Ama Lamatua peka hari dènge Abraham, aku Nèngu na, ""Èu baku paroa dhèu èmu èu, Sarai, te ngaa Sara.","Èle èèna ka, Ama Lamatua peka dènge Abraham, aku Nèngu na, ""Èu baku paroa dhèu èmu èu, Sarai, te ngaa Sara.",,eng,nfa,English,Dhao,-0.6276,-3.5742,-3.2902
"and i shall bless her, and of her i shall give to thee a son, whom i shall bless, and he shall be into nations, and kings of peoples shall be born of him. and i shall bless her, and i shall give thee a son by her; yea, i shall bless her, and she shall be the mother of nations, and kings of many people shall be born from her.","èèna na ja'a hia mamèngi ae-ae mi sara, sèna ka nara iisi hia èu, ana mone ca dhèu. tare'a! bèli-camèd'a, sara j'aj'i bèi nèti suku ae-ae. aa èèna na, ja'a ded'e dhèu aae ae-ae nèti ana-èpu nèngu.","Bèli-camèdꞌa Jaꞌa hia le ana mone nèti neꞌe, ho jꞌajꞌi dhèu aaꞌi-aaꞌi nèti suku aaꞌi-aaꞌi. Bèli-camèdꞌa ana mone nèti neꞌe, jꞌajꞌi dhèu aaꞌi-aaꞌi nèti suku aaꞌi-aaꞌi. Bèli-camèdꞌa Jaꞌa hia le ana mone nèti neꞌe, ho jꞌajꞌi dhèu aaꞌi-aaꞌi nèti dhèu aaꞌi-aaꞌi. Bèli-camèdꞌa ne, jꞌajꞌi dhèu aaꞌi-aaꞌi nèti dhèu aaꞌi-aaꞌi dhu jꞌajꞌi dhèu aaꞌi-aaꞌi. Bèli-camèdꞌa Jaꞌa hia ne, sèna ka na jꞌajꞌi dhèu aaꞌi-aaꞌi nèti neꞌe, jꞌajꞌi dhèu aaꞌi-aaꞌi dhu jꞌajꞌi dhèu aaꞌi-aaꞌi dhèu aaꞌi-aaꞌi-aaꞌi.","Aa Jaꞌa bèli-camèdꞌa nèngu, aa nèti nèngu Jaꞌa hia nèu èu ana mone, dhu Jaꞌa bèli-camèdꞌa, aa nèngu jꞌajꞌi suku-suku ae, aa raja-raja nèti dhèu ae jꞌajꞌi nèti nèngu; aa Jaꞌa bèli-camèdꞌa nèngu, aa Jaꞌa hia nèu èu ana mone nèti nèngu; ia, Jaꞌa bèli-camèdꞌa nèngu, aa nèngu jꞌajꞌi ina nèti suku-suku ae, aa raja-raja nèti dhèu ae jꞌajꞌi nèti nèngu.",,eng,nfa,English,Dhao,2.1261,3.3603,2.4198
"abraham felled down on his face, and laughed in his heart, and said, guessest thou, whether a child shall be born to a man of an hundred years, and sarah of ninety years shall bear a child? and abraham fell down on his face, and laughed in his heart, and said, thinkest thou, that a child shall be born to a man who is a hundred years old, and that sarah, who is ninety years old, shall yet bear a child?","hèia abraham patitu kètu urutuu ka pacud'u kètu d'ai rai. te ngaa na mari ètu d'ara. na pangee, na, mone heka bhora dhu cangasu tèu sama sèmi ja'a ne, bisa abhu ana era? aa sara dhu heka gagoo-gagehu ne, dhu ceo nguru tèu kèna, nara iisi hari sa mia?","Èle èèna ka, Abraham patitu kètu urutuu na, hèia na pakajꞌalu dènge dꞌara na. Hèia na padhai lii, aku nèngu na, ""Èu pangee, na, jaꞌa ne, dhèu dꞌai nguru nguru tèu, te ngaa Sara dènge nguru tèu, èèna na abhu ana?"" Hèia Abraham patitu kètu urutuu na, hèia na padhai lii dènge dꞌara na, peka na, ""Èu pangee, èu pangee, na, jaꞌa abhu dhèu nguru tèu, te ngaa Sara dènge nguru tèu, èèna na abhu ca dhèu?""","Èle èèna ka, Abraham patitu kètu urutuu na, hèia na pakajꞌalu dènge dꞌara na. Hèia na padhai lii, aku nèngu na, ""Èu pangee, na, jaꞌa ne, mone cangasu tèu, te ngaa Sara dènge nguru tèu, èèna na abhu ana?"" Hèia Abraham patitu kètu urutuu na, hèia na padhai lii dènge dꞌara na, peka na, ""Èu pangee, èu pangee, na, mone cangasu tèu, te ngaa Sara dènge nguru tèu, èèna na abhu ca dhèu?""",,eng,nfa,English,Dhao,2.9585,3.5728,3.5432
"and he said to the lord, i would that ishmael might live before thee.","ka na peka dènge lamatua, aku nèngu na, hud'i ka laa, ismael ka dhu abhu pusaka ja'a èèna ka, ngaa-ngaa tao boe.","Hèia na dhaa, aku nèngu na, ""Sèmi neꞌe! Jaꞌa manèngi sèna ka Ismael pea ètu madha ama.""","Aa nèngu dhaa asa Lamatua, ""Ja'a manèngi sèna ka Ismael muri ètu madha ama.""",,eng,nfa,English,Dhao,-10.2105,-5.3939,-7.8398
"and the lord said to abraham, sarah, thy wife, shall bear a son to thee, and thou shalt call his name isaac, and i shall make my covenant with him into everlasting bond of peace, and to his seed after him; and the lord said to abraham, no, thy wife sarah shall bear a son for thee, and thou shalt call his name isaac, and i shall make my covenant with him, and his descendants after him, yea, an everlasting covenant;","te ngaa aku ama lamatua na, aad'o sèmi èèna! bèli-camèd'a, dhèu èmu mu sara, nara iisi ana mone ca dhèu. pangare ne isak. lii jaji ja'a ne, lèke mi nèngu dènge ana-èpu na toke mia-mia.","Èle èèna ka, Lamatua peka dènge Abraham, aku Nèngu na, ""Heh! Sara dhèu èu, bèli-camèdꞌa na jꞌajꞌi le ana mone ca dhèu. Te ngaa èu hudꞌi pangare ne Isak. De Jaꞌa paꞌèki le dènge ne, sèna ka èu dènge ana-èpu na mamuri paꞌèci dènge Jaꞌa, toke dꞌai mia-mia."" Hèia Lamatua dhaa, aku Nèngu na, ""Aadꞌo! Sara dhèu èu, bèli-camèdꞌa na jꞌajꞌi le ana mone èu, Isak. Jaꞌa paꞌèki le dènge ne, sèna ka èu mamuri paꞌèci dènge Jaꞌa, toke dꞌai mia-mia.""","Èle èèna ka, Lamatua peka dènge Abraham, aku Nèngu na, ""Sara dhèu èu, bèli-camèdꞌa na jꞌajꞌi le ana mone ca dhèu. Èu hudꞌi pangare ne Isak. De Jaꞌa paꞌèki le dènge ne, paꞌèki dame toke dꞌai mia-mia, dènge hini na tare nèngu."" Hèia Lamatua dhaa, aku Nèngu na, ""Aadꞌo! Sara dhèu èu, bèli-camèdꞌa na jꞌajꞌi le ana mone èu. Èu hudꞌi pangare ne Isak. Jaꞌa paꞌèki le dènge ne, dènge ana-èpu na tare nèngu, nuka, paꞌèki toke dꞌai mia-mia.""",,eng,nfa,English,Dhao,0.5212,-0.3405,0.0591
"also on ishmael i have heard thee, lo! i shall bless him, and i shall increase him, and i shall multiply him greatly; he shall engender twelve dukes, and i shall make him into a great folk. and regarding ishmael, i have heard thee, behold! i shall bless him, and i shall increase him, and i shall greatly multiply him; he shall beget twelve princes, and i shall make him into a great nation.","ja'a tadèngi le ngaa dhu èu manèngi kahèi, hia ismael. nèti èèna ka, ja'a hia berkat mi nèngu kahèi, aa hia ana-èpu na tabha ae. bèli-camèd'a ana-èpu ismael ne, j'aj'i mi canguru dua kapala suku. aa ana-èpu na suku èci dhu kapai.","Sèmi èèna kahèi dènge Ismael, dhu Jaꞌa tadèngi le dènge èu. Èèna na Jaꞌa pakabꞌua ne, aa Jaꞌa paꞌèki dènge ne. Èèna na Jaꞌa paꞌèki dènge ne, aa Jaꞌa paꞌèki dènge ne, aa Jaꞌa paꞌèki dènge ne. Èèna na jꞌajꞌi ana-èpu canguru dua dhèu, aa Jaꞌa tao ne jꞌajꞌi dhèu unu aaꞌi-aaꞌi. Èèna na Jaꞌa paꞌèki dènge Ismael, aa Jaꞌa paꞌèki dènge ne, aa Jaꞌa paꞌèki dènge ne, aa Jaꞌa paꞌèki dènge ne, aa Jaꞌa paꞌèki dènge ne, aa Jaꞌa paꞌèki dènge ne, aa Jaꞌa paꞌèki dènge ne. Èèna na jꞌajꞌi dhèu kapai canguru dua, aa Jaꞌa tao ne jꞌajꞌi dhèu unu aaꞌi-aaꞌi-aaꞌi.","Sèmi èèna kahèi dènge Ismael, dhu Jaꞌa tadèngi le dènge èu. Èèna na Jaꞌa pakabꞌua ne, aa Jaꞌa paꞌèki dènge ne, aa Jaꞌa paꞌèki dènge ne aaꞌi-aaꞌi. Èèna na jꞌajꞌi ana-èpu canguru dua dhèu kapai, aa Jaꞌa tao ne jꞌajꞌi dhèu unu aaꞌi-aaꞌi. Sèmi èèna kahèi dènge Ismael, dhu Jaꞌa tadèngi le dènge èu. Èèna na Jaꞌa pakabꞌua ne, aa Jaꞌa paꞌèki dènge ne, aa Jaꞌa paꞌèki dènge ne aaꞌi-aaꞌi. Èèna na jꞌajꞌi dhèu kapai canguru dua, aa Jaꞌa tao ne jꞌajꞌi dhèu unu aaꞌi-aaꞌi-aaꞌi.",,eng,nfa,English,Dhao,1.0362,3.3908,3.6064
"forsooth i shall make my covenant with isaac, whom sarah shall child to thee in this time in the tother year. but i shall make my covenant with isaac, whom sarah shall bear for thee at this same time next year.","masi ka sèmi èèna, lii pajaji ja'a ne, lèke dhoka mi ana mu isak di. tèu mai ni, hèru sèmi ne'e kahèi, sara nara iisi le.","Nèti èèna ka, bèli-camèdꞌa dꞌai mia-mia, Jaꞌa paꞌèki lii pajaji Jaꞌa dènge Isak. Èle èèna ka, ètu dꞌara lodꞌo èèna, Sara bhoke le ana nèti èu, nuka Isak. Te ngaa Jaꞌa paꞌèki hari dènge Isak, sèna ka jꞌajꞌi mi dhèu aaꞌi-aaꞌi dhu Jaꞌa peka-padhai dènge èu, aku Nèngu na, ""Nèti èèna ka, Jaꞌa paꞌèki lii pajaji Jaꞌa dènge Isak. Te ngaa Jaꞌa paꞌèki hari dènge Isak, dhu Sara bhoke le ana nèti èu, ètu dꞌara lodꞌo èèna.""","Jaꞌa paꞌèki lii pajaji Jaꞌa dènge Isak, dhu Sara bhoke le ana nèti èu ètu dꞌara lodꞌo nenga ètu tèu dhu mai. Te ngaa Jaꞌa paꞌèki hari lii pajaji Jaꞌa dènge Isak, dhu Sara bhoke le ana nèti èu ètu dꞌara lodꞌo sama nenga ètu tèu dhu mai.",,eng,nfa,English,Dhao,0.7427,0.2519,1.3933
"and when the word of the speaker with him was ended or and when he was finished speaking, god ascended from abraham.","ropa padhai lii nare, ka ama lamatua tèke eele abraham.","Èle èèna ka, Ama Lamatua caꞌe nèti Abraham asa dedha-liru.","Èle èèna ka, Ama Lamatua caꞌe nèti Abraham.",,eng,nfa,English,Dhao,0.8427,-2.8056,-1.4126
"forsooth abraham took ishmael, his son, and all the born servants of his house, and all which he had bought, all the males of all men of his house, and circumcised the flesh of their rods, anon in that day, as the lord commanded to him. then abraham took his son ishmael, and all the slaves born in his household, and all the slaves he had bought, yea, all the males of his household, and at once circumcised the flesh of their rods on that day, as the lord had commanded him. abraham was of ninety years and nine when he circumcised the flesh of his rod, abraham was ninety-nine years old when he circumcised the flesh of his own rod, and ishmael, his son, had filled thirteen years in the time of his circumcision. and his son ishmael was thirteen years old at the time of his circumcision. abraham was circumcised in the same day, and ishmael his son, and abraham and his son ishmael were circumcised on the same day, and all the men of his house, as well born servants, as those bought and aliens, were circumcised together. and all the men of his household, yea, the slaves born in his household, and those bought from foreigners, were circumcised with him.","lod'o èèna kahèi, abraham tao dènge ka, madhutu sèmi lii paredha ama lamatua. ka na suna. na suna ana na, ismael, dènge dhèu mone aa'i-aa'i dhu pea dènge ne. lod'o èèna, umur abraham ceo nguru ceo tèu le, aa ismael canguru tèlu tèu.","Èle èèna ka, dhèu aaꞌi-aaꞌi ètu dꞌara Èmu Kapua Manèngi-Mangajꞌi, Isak, Isak, Isak, Isak, Isak, Isak, Isak, Isak, Isak, Isak, Isak, Isak, Isak, Isak, Isak, Isak, Isak, Isak, Isak, Isak, Isak, Isak, Isak, Isak, Isak, Isak, Isak, Isak, Isak, Isak, Isak, Isak, Isak, Isak, Isak, Isak, Isak, Isak, Isak, Isak, Isak, Isak, Isak, Isak, Isak, Isak, Isak, Isak, Isak, Isak, Isak, Isak, Isak, Isak, Isak, Isak, Isak, Isak, Isak, Isak, Isak, Isak, Isak, Isak, Isak, Isak, Isak, Isak, Isak, Isak, Isak, Isak, Isak, Isak, Isak, Isak, Isak, Isak, Isak, Isak, Isak, Isak, Isak, Isak, Isak, Isak, Isak, Isak, Isak, Isak, Isak, Isak, Isak, Isak, Isak, Isak, Isak, Isak, Isak, Isak, Isak, Isak, Isak, Isak, Isak, Isak, Isak, Isak, Isak, Isak, Isak, Isak, Isak, Isak, Isak, Isak, Isak, Isak, Isak, Isak, Isak, Isak, Isak, Isak, Isak, Isak, Isak, Isak, Isak, Isak, Isak, Isak, Isak, Isak, Isak, Isak, Isak, Isak, Isak, Isak, Isak, Isak, Isak, Isak, Isak, Isak, Isak, Isak, Isak, Isak, Isak, Isak, Isak, Isak, Isak, Isak, Isak, Isak, Isak, Isak, Isak","Èle èèna ka, Abraham abhu Ismael, ana nèngu, dènge ana-tai aa'i sèra sèra mora iisi ètu èmu nèngu, dènge ana-tai aa'i sèra sèra nèngu abhu ngèti dhèu do, dènge mone aa'i ètu èmu nèngu, dènge kaca'a paredha roe nèngu ètu lod'o nenga, sèmi Lamatua paredha nèngu. Abraham tèu nèngu siamèdha dènge siamèdha tèu, ropa nèngu paredha roe nèngu. Dènge Ismael, ana nèngu, tèu nèngu tèlu nguru dènge tèlu tèu ètu lod'o nèngu paredha roe nèngu. Ètu lod'o sama èèna ka, Abraham dènge Ismael, ana nèngu, paredha roe nèngu. Dènge mone aa'i ètu èmu nèngu, ana-tai sèra sèra mora iisi ètu èmu nèngu, dènge sèra sèra nèngu abhu ngèti dhèu do, paredha roe nèngu sama-sama dènge nèngu.",,eng,nfa,English,Dhao,3.8149,30.9543,24.8244
"forsooth in the valley of mamre the lord appeared to abraham, as he was sitting in the door of his tabernacle, in that heat of the day. and sometime later, by the terebinths of mamre, the lord appeared to abraham, when he was sitting by the door of his tent, in the heat of the day.","ca tèka, abraham pea padètu dènge aj'u aae canau ètu mamre. lamatua mai pad'elo iisi na mi nèngu ètu era èèna. lii lolo na sèmi ne'e ka: lod'o èèna, sagoro ae titu kèna, ka abraham madhèdi ètu hèb'a paleo na, sèna ka abhu ngèlu g'oro ciki.","Èle èèna ka, Abraham madhèdi ètu hèbꞌa èmu na, ètu sebhe Mamre. Èle èèna ka, Abraham madhèdi ètu hèbꞌa èmu na, ètu sebhe Mamre.","Ètu sebhe Mamre, Lamatua bhodho asa Abraham, ropa nèngu madhèdi ètu hèba nèngu èmu, ètu mèu te'e lod'o. Aa pe, ètu sebhe Mamre, Lamatua bhodho asa Abraham, ropa nèngu madhèdi ètu hèba nèngu èmu, ètu mèu te'e lod'o.",,eng,nfa,English,Dhao,1.5271,6.1911,2.4933
"and when abraham had raised up his eyes, three men appeared to him, and stood nigh to him. and when he had seen them, he ran from the door of his tabernacle into the meeting of them, and he worshipped on the earth, or and when he had seen them, he ran from the door of his tent to meet them, and he bowed low to the ground,","ropa abraham boti kètu na, ladhe nèdhi dhèu tèlu dhu titu kaj'èu boe nèti era èèna. hèia na rai la'e soru nare si. ropa na d'ai madha si, na patitu kètu urutuu na,","Èle èèna ka, Abraham ladhe asa dedha. Hèia na ladhe nèdhi dhèu tèlu dhu titu ètu sebhe na. Hèia na rai asa hèbꞌa, ho laꞌe paraga dènge rèngu. Hèia na patitu kètu urutuu, ho pahaha iisi mi rèngu.","Èle èèna ka, Abraham ladhe asa dedha. Hèia na nèdhi dhèu tèlu dhu titu ètu sebhe na. Hèia na rai ngèti hèb'a na, ho laꞌe paraga dènge rèngu. Hèia na patitu kètu urutuu, ho pahaha iisi mi rèngu.",,eng,nfa,English,Dhao,-1.949,-0.8827,-0.3062
"and said, lord or my lords, if i have found grace in thine eyes, pass thou not by thy servant,","ka na peka, aku nèngu na, ama si. mai dhuli ku ho minu èi ciki.","Nèti èèna ka, na manèngi, aku nèngu na, 'Ama! Ladhe jaꞌa dꞌèi dꞌara hua iia ètu madha Ama, na, baku pamanahu jaꞌa.","aa na manèngi, 'Lamatua do Lamatua-lamatua-ku, ladhe jaꞌa dꞌèi dꞌara hua iia ètu madha-mu, na, baku lènge hata-mu.'",,eng,nfa,English,Dhao,-8.5499,-12.1204,-12.5147
"but i shall bring thee a little water, and your feet can be washed, and so rest ye yourselves under the tree;","ama si ae ciki mi mamaho ne'e. ho ana-ana iiki rèti èi, sèna ka rasa haga miu.","Sèmi èèna kahèi, ladhe jaꞌa neo hia miu èi èèna, na, miu hudꞌi sabajꞌa ètu dꞌara ajꞌu neꞌe, sèna ka jꞌajꞌi mi dedha-liru miu, sèna ka jꞌajꞌi mi dedha-liru, sèna ka jꞌajꞌi mi dedha-liru, aa jꞌajꞌi mi dedha-liru, sèna ka jꞌajꞌi mi dedha-liru, sèna ka jꞌajꞌi mi dedha-liru, sèna ka jꞌajꞌi mi dedha-liru, sèna ka jꞌajꞌi mi dedha-liru, sèna ka jꞌajꞌi mi dedha-liru, sèna ka jꞌajꞌi mi dedha-liru, sèna ka jꞌajꞌi mi dedha-liru.","Tèngaa ja'a neo kèti èi ciki èu, aa miu hud'i sabaj'a, aa sèna ka j'aj'i mi dedha-liru miu ètu d'ara aj'u.",,eng,nfa,English,Dhao,4.0076,8.1363,10.956
"and i shall set before you a morsel of bread, and your heart shall be comforted; and afterward ye shall pass forth; for therefore be ye bowed aside to your servant. which said or and they said to him, do thou as thou hast spoken.","pe ja'a laku lalau nganga'a-nginu ho ama si mi'a ciki, sèna ka ako kadhii ciki, heka lami taruu kèna. te ja'a karej'e bisa lalau ama si. ka ra dhaa, aku rèngu na, ooo. ji'i dhuli.","Bèli-camèdꞌa, dhèu seꞌe dhaa, aku rèngu na, 'Sèmi neꞌe! Ladhe jaꞌa neo hia miu mèdha-panyau, na, miu bisa lèpa dènge jaꞌa.' Ka dhèu seꞌe dhaa, aku rèngu na, 'Ladhe sèmi èèna, jaꞌa neo hia miu mèdha-panyau, sèna ka dꞌara miu jꞌajꞌi dènge dꞌara beꞌa. Èle èèna ka, bèli-camèdꞌa miu lèpa dènge jaꞌa.'","Aa jaꞌa neo hia miu mèdha-panyau, aa dꞌara miu jꞌajꞌi dènge dꞌara beꞌa. Aa èle èèna ka miu lènge, bèli-camèdꞌa miu cudu mai asa jaꞌa. Ka dhèu seꞌe dhaa, aku rèngu na, 'Èu sèmi èu dhaa.'",,eng,nfa,English,Dhao,2.4911,-4.0892,-2.3797
"and abraham hasted into the tabernacle, to sarah, and said to her, haste thou, mix up three half bushels of clean flour; and make thou loaves baken under ashes.","hèia abraham pamèri sa d'ara paleo, la'e peka dènge sara, aku nèngu na, mèri! more tarigu dhu be'a risi, ca saku, ho tao roti!","Èle èèna ka, Abraham kèdꞌi laꞌe asa dꞌara hèbꞌa. Hèia na peka dènge Sara, aku nèngu na, ""Jaꞌa manèngi sèna ka èu tao roti ètu dꞌara hèbꞌa èèna, ètu dꞌara dꞌara dꞌara oka èèna. Èu tao dhoka tèlu hadhu dhu lèke ètu dꞌara hèbꞌa èèna, sèna ka èu tao dꞌara hèbꞌa ètu dꞌara hèbꞌa èèna, sèna ka èu tao dꞌara hèbꞌa ètu dꞌara hèbꞌa èèna, sèna ka èu tao dꞌara hèbꞌa ètu dꞌara hèbꞌa ètu dꞌara hèbꞌa ètu dꞌara hèbꞌa ètu dꞌara hèbꞌa ètu dꞌara hèbꞌa èèna.""","Èle èèna ka, Abraham kèdꞌi laꞌe asa dꞌara hèbꞌa. Hèia na peka dènge Sara, aku nèngu na, 'Kèdꞌi èu! Pakihu tèlu hadhu dhu camalore tepung j'angi, aa tao èu roti dhu bhubhu ètu dꞌara abu.'",,eng,nfa,English,Dhao,6.1496,6.3911,8.9047
"forsooth then he ran to the drove of beasts, and took thereof a calf most tender and best, and gave it to a servant, which hasted, and seethed the calf or and boiled the calf;","ka rai la'e hari asa era sapi na, hèia kèpe ana sapi kabèb'u ci'u. ka na pua dhèu sab'a na sa, pare.","Èle èèna ka, lamatua oka ne lèpa asa dꞌara oka ne. Hèia na kèpe sapi èèna, ka na hia dhèu sabꞌa èci. Hèia na kèpe sapi ne.","Èle èèna ka, lamatua oka ne lèpa asa dꞌara oka ne. Hèia na kèpe ana sapi èèna, ka na hia dhèu sabꞌa èci. Hèia na nasu ana sapi ne.",,eng,nfa,English,Dhao,3.9118,7.6651,6.7124
"and then he took butter, and milk, and the calf which he had sodden, and set it before them; forsooth abraham stood beside them under the tree. and when they had eaten,","hèia la'e nare susu, keju dènge sisi dhu heka nasu èèna, nèti hia tamu sèra ra'a. abraham titu taruu ètu mamaho aj'u, ho na lalau si.","Èle èèna ka, na kèpe hèbꞌa sapi dènge hèbꞌa dènge hèbꞌa. Hèia na paꞌèki dènge dhèu aaꞌi-aaꞌi sèra, ho raꞌa. Te ngaa Abraham titu ètu dedha rèngu ètu dꞌara ajꞌu neꞌe, ka raꞌa.","Èle èèna ka, na kèpe mentega, dènge susu, dènge daging ana sapi na paꞌèki, hèia na paꞌèki ètu dedha rèngu. Te ngaa Abraham titu ètu pèdhe rèngu ètu dꞌara ma-maho ajꞌu neꞌe, ka lod'o rèngu raꞌa.",,eng,nfa,English,Dhao,0.1815,6.2197,4.0854
"they said to him, where is sarah thy wife? he answered, lo! she is in the tabernacle, or behold! she is in the tent.","hèia ra karèi ne, aku rèngu na, dhèu èmu mu sara, ka mia? na dhaa, aku nèngu na, nuka d'ara paleo èèna.","Ka dhèu se karèi ne, aku rèngu na, ""Sara, dhèu èmu èu, ètu mia?"" Ka Musa dhaa, aku nèngu na, ""Nèngu ètu dꞌara hèbꞌa, do?""","Ka dhèu se aku nèngu na, ""Sara, dhèu èmu èu, ètu mia?"" Ka nèngu dhaa, ""Nèngu ètu d'ara hèb'a.""",,eng,nfa,English,Dhao,-12.5369,-19.3313,-18.1572
"to whom the lord said, i shall turn again, and i shall come to thee in this time, if i live; and sarah, thy wife, shall have a son. when this was heard, sarah laughed behind the door of the tabernacle. and the lord said to him, i shall return, and i shall come back to thee at this same time next year, as i live; and sarah, thy wife, shall have a son. and when she heard this, sarah laughed behind the door of the tent.","ka ca dhèu nèti rèngu se padhai lii, aku nèngu na, pe d'ai tèu mai nèi, ja'a lèpa hari mai. lod'o èèna, dhèu èmu èu sara nare iisi le ana mone ca dhèu. ropa rèngu padhai lii èèna, sara nanene nèti kabodho babèdho.","Hèia Ama Lamatua peka dènge ne, aku nèngu na, ""Ladhe dꞌai lodꞌo èèna, jaꞌa lèpa hari asa èu. Te ngaa dꞌai lodꞌo èèna, jaꞌa lèpa hari hari asa èu. Èle èèna ka, dhèu èmu èu, Sara, bèli-camèdꞌa abhu hari ana mone."" Ropa tadèngi sèmi èèna, hèia Sara tèke eele hèbꞌa ètu dꞌara hèbꞌa èmu. Ka Lamatua dhaa, aku nèngu na, ""Jaꞌa lèpa hari hari hari hari asa èu, te ngaa dꞌai lodꞌo èèna, jaꞌa lèpa hari hari hari hari asa èu.""","Hèia Ama Lamatua peka dènge ne, aku nèngu na, ""Jaꞌa lèpa hari, aa jaꞌa mai asa èu dꞌai lodꞌo nenga, ladhe jaꞌa muri; aa Sara, dhèu èmu èu, abhu ana mone."" Ropa tadèngi sèmi èèna, hèia Sara mari ètu kabodho hèbꞌa. Ka Lamatua dhaa, aku nèngu na, ""Jaꞌa lèpa hari asa èu, dꞌai lodꞌo sama nenga tèu mai, ladhe jaꞌa muri; aa Sara, dhèu èmu èu, abhu ana mone."" Aa ropa nèngu tadèngi sèmi èèna, hèia Sara mari ètu kabodho hèbꞌa.",,eng,nfa,English,Dhao,0.299,3.7835,3.5156
"forsooth both were old, and of great age, and woman's terms ceased to be made to sarah or and a woman's terms had ceased to be made with sarah.","lod'o èèna, abraham dènge sara dhu heka bhoro le, ngaa hari sara dhu abhu heka hèru.","Nèti èèna ka, dhèu aaꞌi-aaꞌi jꞌajꞌi dhèu heka, aa dhèu bhèni jꞌajꞌi dhèu heka dènge Sara. Nèti èèna ka, dhèu aaꞌi-aaꞌi jꞌajꞌi dhèu heka dènge Sara. Nèti èèna ka, dhèu aaꞌi-aaꞌi jꞌajꞌi dhèu heka dènge Sara. Nèti èèna ka, dhèu aaꞌi-aaꞌi jꞌajꞌi dhèu heka dènge Sara. Nèti èèna ka, dhèu aaꞌi-aaꞌi jꞌajꞌi dhèu heka dènge Sara. Nèti èèna ka, dhèu aaꞌi-aaꞌi jꞌajꞌi dhèu heka dènge Sara.","Memang, mone-bhèni èèna jꞌajꞌi heka rala, aa cara dhèu bhèni dènge Sara dho jꞌajꞌi.",,eng,nfa,English,Dhao,3.4496,4.427,7.7218
"and so she laughed, saying privily, after that i have waxed eld, and my lord is eld, shall i give diligence to lust?","ropa sara tadèngi padhue-padhai rèngu se, ka na mari kèmu. na pangee na, ja'a dhu heka roto-roto sèmi ne'e ne, aa dhèu èmu ja'a dhu roe nia heka. tasamia ji'i bisa tao sèmi ana ngèru dhu leo-èmu hiu, ho abhu ana?","Èle èèna ka, bhèni ne ngèlu-mèu, peka na, ""Ladhe jaꞌa jꞌajꞌi ca dhèu, aa lamatua jaꞌa jꞌajꞌi ca dhèu, tatu jaꞌa dꞌèi tao madhutu dadꞌèi lamatua jaꞌa. De ladhe jaꞌa dꞌèi tao madhutu dadꞌèi lamatua jaꞌa, tatu jaꞌa dꞌèi tao madhutu dadꞌèi lamatua jaꞌa, èèna na jaꞌa dꞌèi tao madhutu dadꞌèi lamatua jaꞌa, èèna na jaꞌa dꞌèi tao madhutu dadꞌèi lamatua jaꞌa.""","Èle èèna ka, ne mari, peka ètu lolo ate nèngu, ""Èle ka jaꞌa jꞌajꞌi matua, aa lamatua jaꞌa seka matua, tatu jaꞌa dꞌèi mèke tao èèna?""",,eng,nfa,English,Dhao,0.0664,-6.2469,-4.1003
"forsooth the lord said to abraham, why laughed sarah, thy wife, saying, whether i an eld woman shall bear a child verily? and the lord said to abraham, why did thy wife sarah laugh, and say, shall i, an old woman, truly bear a child?","ka lamatua peka dènge abraham, aku nèngu na, nga tao ka sara mari? ele boe na ngee na, lii padhai ja'a ne j'aj'i boe, lula nèngu heka le.","Èle èèna ka, Lamatua karèi Abraham, aku Nèngu na, ""Nga tao ka dhèu èmu èu, Sara, pakabꞌua èu, peka na, 'Èu pangee, na, jaꞌa jꞌajꞌi dhèu bèdho, te ngaa jaꞌa jꞌajꞌi dhèu bhèni èèna?' Ka Lamatua karèi Abraham, aku Nèngu na, 'Èu pangee, na, jaꞌa jꞌajꞌi dhèu bèdho, te ngaa jaꞌa jꞌajꞌi dhèu bèdho, te ngaa jaꞌa jꞌajꞌi dhèu bèdho kahèi.'","Èle èèna ka, Lamatua karèi Abraham, aku Nèngu na, 'Nga tao ka Sara, dhèu èmu èu, radhu, aku na, ""Masa jaꞌa dhèu bèdho, mèke jꞌajꞌi ana kahèi?""' Ka Lamatua karèi Abraham, aku Nèngu na, 'Nga tao ka Sara, dhèu èmu èu, radhu, aku na, ""Masa jaꞌa dhèu bèdho, mèke jꞌajꞌi ana kahèi?""'",,eng,nfa,English,Dhao,0.5695,-2.7585,-1.3269
"whether anything is hard to god? by the promise i shall turn again to thee in this same time, if i live; and sarah shall have a son. is there anything too hard for god to do? by my word, i shall return to thee at this same time, as i live; and sarah shall have a son.","ja'a ne, lamatua! abhu boe ngaa èci sa dhu ja'a bisa boe tao. sanèd'e paie. tèu mai, ladhe ja'a lèpa hari mai, sara dhu nara iisi le, ana mone ca dhèu.","Ama Lamatua pangee, na, ladhe jaꞌa mamuri hari, jaꞌa lèpa hari asa èu. Èle èèna ka, Sara abhu hari ana mone. De jaꞌa pangee, na, Ama Lamatua pangee, na, jaꞌa lèpa hari asa èu, ladhe jaꞌa mamuri hari, na, Sara abhu hari ana mone.""","Ama Lamatua pangee, na, 'Do adhu Ama Lamatua mèke? Jaꞌa jaji, na, jaꞌa lèpa hari asa èu ètu lod'o sama nenga, ladhe jaꞌa mamuri, aa Sara abhu ana mone.'",,eng,nfa,English,Dhao,2.947,0.3752,0.5255
"and sarah was afeared for dread, and denied it, saying, i laughed not. forsooth the lord said, it is not so, but thou laughedest.","ropa tadèngi lii èèna, sara j'aj'i madha'u. ka na pasili, aku nèngu na, ja'a mari boe, nga! te ngaa lamatua b'ala, na, deo na, èu mari, nga.","Te ngaa Sara madhaꞌu, ka na dhaa, aku nèngu na, ""Aadꞌo! Jaꞌa neꞌa boe."" Te ngaa dhèu ne dhaa, aku nèngu na, ""Aadꞌo! Èu neꞌa boe!""","Te ngaa Sara madhaꞌu, ka na dhaa, ""Aadꞌo! Jaꞌa radhu boe."" Te ngaa Lamatua dhaa, ""Boe sèmi nèngu, te ngaa èu radhu.""",,eng,nfa,English,Dhao,-8.2109,-2.2611,-3.493
"therefore when the men had risen up from thence, they addressed the eyes against sodom or they directed their eyes toward sodom; and abraham went together with them, leading them forth.","èle ka, dhèu tèlu se pakèd'i neo lasi asa kota sodom. ka abraham lere si d'ai talora j'ara. nèti era èèna, ladhe rèdhi kota sodom.","Ropa dhèu dua se tèke eele kota Sodom, hèia Abraham tèke eele si lasi asa liꞌu.","De ropa dhèu dua se tèke eele ngèti ètu nèngu, hèia si paj'uj'u madha asa kota Sodom; hèia Abraham tèke dènge si, lasi asa liꞌu.",,eng,nfa,English,Dhao,1.1007,7.0101,5.1775
"and the lord said, whether i may cover from abraham what things i shall do, and the lord said to himself, can i hide from abraham what things i am about to do?","ka lamatua ngee ètu d'ara na, hua iia ja'a peka dènge abraham, ja'a neo palaho kota sodom.","Hèia Lamatua karèi, aku Nèngu na, ""Tasamia ka Jaꞌa hia Abraham jꞌara-jꞌara dhu Jaꞌa neo tao?"" Hèia Lamatua karèi, aku Nèngu na, ""Tasamia ka Jaꞌa hia Abraham jꞌara-jꞌara dhu Jaꞌa neo tao?","Hèia Lamatua karèi, ""Tasamia ka Jaꞌa hutu ngèti Abraham jꞌara-jꞌara dhu Jaꞌa neo tao?"" Hèia Lamatua karèi, aku Nèngu na, ""Tasamia ka Jaꞌa huni ngèti Abraham jꞌara-jꞌara dhu Jaꞌa neo tao?""",,eng,nfa,English,Dhao,-0.0211,0.1445,0.1247
"since he shall be into a great folk and most strong, and all nations of the earth shall be blessed in him? for he shall become a great and a most strong nation, and all the nations of the earth shall pray to be blessed as he is blessed or and through him i shall bless all the nations of the earth.","te ladhe èèna na, ana-èpu na asa tabha ae, aa suku dhu kapai. aa nèngu ne, èèna na, j'aj'i berkat mi suku aa'i-aa'i ètu rai-haha ne.","Èèna na dhèu rai-haha ne jꞌajꞌi le suku kapai, aa dhèu aaꞌi-aaꞌi ètu rai-haha ne jꞌajꞌi le suku kapai. Èèna na dhèu aaꞌi-aaꞌi ètu rai-haha ne jꞌajꞌi le suku kapai. Èèna na dhèu aaꞌi-aaꞌi ètu rai-haha ne jꞌajꞌi le suku kapai, sama sèmi dhèu aaꞌi-aaꞌi dhu jꞌajꞌi le suku kapai ètu rai-haha ne. Èèna na Jaꞌa jꞌajꞌi le suku aaꞌi-aaꞌi ètu rai-haha ne, sèna ka jꞌajꞌi le suku kapai ètu rai-haha ne.""","Èèna na nèngi j'aj'i suku kapai dhu kapai rarahai, aa suku aa'i-aa'i ètu rai-haha ne mèngi ètu nèngi? Nèngi j'aj'i suku kapai dhu kapai rarahai, aa suku aa'i-aa'i ètu rai-haha ne mangaj'i sèna ka mèngi sama sèmi nèngi mèngi, atawa re nèngi Ja'a mèngi suku aa'i-aa'i ètu rai-haha ne.",,eng,nfa,English,Dhao,12.1584,13.0524,11.7455
"for i know that abraham shall command his children, and his household after him, that they keep the way of the lord, and that they do rightfulness and doom, that the lord bring for abraham all things which he spake to abraham, or and that they do what is right and just, so that i shall bring to abraham all the things that i have promised him.","ja'a hag'e kore le nèngu, ho na nori ana-èpu na dènge dhèu leo, sèna ka madhutu taruu j'ara lamatua, ho ra mamuri dènge mola. ladhe rèngu mamuri sèmi èèna, ja'a tao aa'i lii dhu ja'a pajaji dènge abraham.","Te Jaꞌa keꞌa le, na, Ama Lamatua paredha Abraham dènge ana-èpu na aaꞌi-aaꞌi ètu dꞌara èmu na, sèna ka ra mamuri madhutu dadꞌèi Lamatua, aa tao jꞌara-jꞌara dhu lèke, aa tao jꞌara-jꞌara dhu lèke. Dènge jꞌara neꞌe, Ama Lamatua hia Abraham jꞌara-jꞌara dhu lèke, aa jꞌara-jꞌara dhu lèke. Èèna na Jaꞌa hia Abraham jꞌara-jꞌara dhu lèke.","Te Jaꞌa keꞌa le, na, Abraham paredha ana-ana na dènge èmu na tare nèngu, sèna ka ra tèka j'ara Lamatua, aa tao j'ara dhu tare'a dènge g'ana, sèna ka Ama Lamatua tèti mai Abraham aa'i-aa'i j'ara dhu Nèngu padhai asa Abraham, do sèna ka Ja'a tèti mai Abraham aa'i-aa'i j'ara dhu Ja'a padhadha nèngu.",,eng,nfa,English,Dhao,0.1493,2.4708,1.9874
"and so the lord said, the cry of men of sodom and of men of gomorrah is multiplied, and their sin is egregious greatly; and so the lord said to him, there is a great outcry against the people of sodom and the people of gomorrah, and their sin is highly egregious;","hèia lamatua peka dènge abraham, aku nèngu na, sèmi ne'e! ja'a tadèngi le, lii roma iisi dhèu ae, peka na, dhèu kota sodom dènge gomora bhabhelu ra seli-kolane.","Hèia Lamatua dhaa, aku Nèngu na, ""Bèli-camèdꞌa dhèu nèti kota Sodom dènge kota Gomora paꞌoo-parodha dènge dꞌara karehe. Nèti èèna ka, Lamatua peka dènge ne, aku Nèngu na, ""Ladhe sèmi èèna, dhèu sèra paꞌoo-parodha dènge dꞌara karehe.","De Lamatua peka, ""Tangis dhèu nèti kota Sodom dènge kota Gomora bèli-camèdꞌa, aa karehe rèngu aae."" De Lamatua peka dènge ne, ""Paꞌoo-parodha aae nèti dhèu nèti kota Sodom dènge kota Gomora, aa karehe rèngu aae.""",,eng,nfa,English,Dhao,-1.4051,-2.8069,-4.6476
"i shall come down, and see whether they have ful filled in work the cry that came to me, that i know whether it is not so. and so i shall go down there, and see whether their deeds have warranted the outcry that came to me, and so that i know if it is so, or not.","nèti èèna ka, ja'a puru madha ku mai, sèna ka kèdhi unu ku, ngaa dhu ja'a tadèngi sèra, tare'a, do aad'o. ladhe aad'o, pe ja'a ke'a unu ku.","De jaꞌa lèpa hari, ho ladhe rèdhi, na, dhèu sèra tao jꞌara sèmi èèna, do aadꞌo. De jaꞌa lèpa hari, ho ladhe rèdhi, na, dhèu sèra tao jꞌara sèmi èèna, do aadꞌo. De jaꞌa neo ladhe rèdhi, na, dhèu sèra tao jꞌara sèmi èèna, do aadꞌo. De jaꞌa lèpa hari ho ladhe rèdhi, na, dhèu sèra tao jꞌara sèmi èèna, do aadꞌo. De jaꞌa neo ladhe rèdhi, na, dhèu sèra tao jꞌara sèmi èèna, do aadꞌo.""","Ja'a dha'u, ho ladhe, na, saba sèra do tao tangi dolo aae mai asa ja'a, ho ja'a ne'a, na, do aad'o. De ja'a dha'u ètu èèna, ho ladhe, na, tatao sèra do tao tangi dolo aae mai asa ja'a, ho ja'a ne'a, na, do aad'o.",,eng,nfa,English,Dhao,10.9793,9.8392,11.5672
"and they turned themselves from thence, and went to sodom. abraham soothly stood yet before the lord, and then two of the men went forth from there, and went down to sodom. but abraham stood yet before the lord,","ropa lamatua padhai lii era dènge abraham, dhèu dua se lasi taruu sa kota sodom.","Èle èèna ka, dhèu dua ra kalua nèti èèna, laꞌe asa kota Sodom. Ropa Abraham kèdꞌi titu ètu madha Ama Lamatua,","Èle èèna ka, dhèu dua ra kalua nèti èèna, laꞌe asa kota Sodom. Ropa Abraham kèdꞌi titu ètu madha Ama Lamatua,",,eng,nfa,English,Dhao,0.0,0.0,0.0
"and nighed, and said, whether thou shalt lose a just man with the wicked? and he came over, and said to him, shalt thou destroy the righteous along with the wicked?","hèia abraham la'e padètu dènge lamatua, ka na pamako na, peka na, tasamia? ama neo pamadhe aa'i dhèu-dhèu be'a pa'èci dènge dhèu-dhèu bhelu, do?","Èle èèna ka, Yesus karèi Ne, aku Nèngu na, ""Ama! Èu neo pamadhe dhèu dhu dꞌara mola, èci èèna ka dènge dhèu bhelu-katubꞌa, do?"" Hèia ana pajuu ne karèi Ne, aku Nèngu na, ""Èu neo pamadhe dhèu dhu dꞌara mola, èci èèna ka dènge dhèu bhelu-katubꞌa?""","Èle èèna ka, nèngu karèi Ne, aku Nèngu na, ""Ama! Èu neo pamadhe dhèu dhu dꞌara mola, èci èèna ka dènge dhèu bhelu-katubꞌa, do?"" Hèia ana pajuu ne karèi Ne, aku Nèngu na, ""Èu neo pamadhe dhèu dhu dꞌara mola, èci èèna ka dènge dhèu bhelu-katubꞌa?""",,eng,nfa,English,Dhao,-0.0584,-0.1293,-0.0914
"if fifty just men be in the city, shall they perish together, and shalt thou not spare that place for fifty just men, if they be therein? what if fifty righteous people be in the city, shall they perish along with the others, and shalt thou not spare that place for fifty righteous people, if they be there?","ladhe abhu dhèu lèmi nguru dhu be'a ètu d'ara kota èèna, ama pamadhe si hèi? do, ama palaho heka kota sèra, lula rèngu se'e, do?","Ladhe ètu dꞌara kota èèna, abhu kahèi dhèu lèmi nguru dhèu dhu dꞌara mola. Ladhe ètu èèna, abhu kahèi dhèu lèmi nguru dhèu dhu dꞌara mola. Ladhe ètu èèna, abhu kahèi dhèu lèmi nguru dhèu dhu dꞌara mola. Ladhe ètu èèna, abhu kahèi dhèu lèmi nguru dhèu dhu dꞌara mola.","Ladhe ètu dꞌara kota èèna, abhu dhèu lèmi nguru dhu dꞌara mola, neo rèngu mati aa'i? Aa neo èu boe leru era èèna ètu dhèu lèmi nguru dhu dꞌara mola, ladhe rèngu ètu èèna? Ladhe ètu dꞌara kota èèna, abhu dhèu lèmi nguru dhu dꞌara mola, neo rèngu mati aa'i? Aa neo èu boe leru era èèna ètu dhèu lèmi nguru dhu dꞌara mola, ladhe rèngu ètu èèna?",,eng,nfa,English,Dhao,1.5512,3.9851,3.2741
"far be it from thee that thou do this thing, and slay the just with the wicked, and that a just man be made as a wicked man; this is not thine that deemest all the earth; thou shalt not make this doom. far be it from thee that thou do this thing, and kill the righteous along with the wicked, and that the righteous be made like the wicked; this is not thee who judgest all the earth; no, thou shalt not make such a judgement.","ama baku tao sèmi èèna! mage dhoka, dhèu be'a sèra madhe hèi, lula ama neo pamadhe dhèu bhelu sèra. ama ka dhu pama'ète lii ètu dedha-liru dènge rai-haha. de ama ku unu mu dhu me'a j'ara èèna adil boe.","Ladhe èu tao sèmi èèna, na, èu pamadhe dhèu mola-mèci dènge dhèu bhelu-katubꞌa. Aa ladhe èu tao sèmi èèna, na, dhèu mola-mèci jꞌajꞌi sama sèmi dhèu bhelu-katubꞌa. Ladhe èu tao sèmi èèna, na, èu hudꞌi pamadhe dhèu mola-mèci dènge dhèu bhelu-katubꞌa. Ladhe èu tao sèmi èèna, na, èu hudꞌi pamadhe dhèu mola-mèci dènge dhèu bhelu-katubꞌa. Ladhe èu tao sèmi èèna, na, èu hudꞌi pamadhe dhèu mola-mèci sama sèmi dhèu bhelu-katubꞌa.","Boe èu tao sèmi èèna, dènge pamadhe dhèu mola-mèci dènge dhèu bhelu-katubꞌa, aa tao dhèu mola-mèci jꞌajꞌi sama sèmi dhèu bhelu-katubꞌa. Èu boe tao tatao sèmi èèna.",,eng,nfa,English,Dhao,8.4543,-4.1271,0.4644
"and the lord said to him, if i shall find in sodom fifty just men in the midst of the city, i shall forgive to all the place for them. and the lord said to him, if i shall find in sodom fifty righteous people in the midst of the city, i shall forgive the whole place for their sake.","ka lamatua dhaa, peka na, ladhe abhu dhèu be'a lèmi nguru dhèu ètu kota sodom, ja'a huku boe kota èèna, lula rèngu.","Hèia lamatua na dhaa, aku nèngu na, 'Ladhe jaꞌa paraga dènge dhèu dhu dꞌara mola dènge dhèu lèmi nguru sèra ètu kota èèna, na, jaꞌa saku eele si.' Ka lamatua na dhaa, aku nèngu na, 'Ladhe jaꞌa paraga dènge dhèu lèmi nguru sèra ètu kota èèna, jaꞌa saku eele si, lula rèngu se dhèu bhelu-katubꞌa.'","Hèia Lamatua na dhaa nèngu na, 'Ladhe jaꞌa paraga ètu Sodom dhèu lèmi nguru sèra dhu tare'a ètu dꞌara kota èèna, na, jaꞌa saku eele era aa'i lula rèngu.' Ka Lamatua na dhaa nèngu na, 'Ladhe jaꞌa paraga ètu Sodom dhèu lèmi nguru sèra dhu tare'a ètu dꞌara kota èèna, na, jaꞌa saku eele era aa'i lula rèngu.'",,eng,nfa,English,Dhao,-2.3801,-4.3757,-5.2351
"abraham answered and said, for i began once or for once i began, i shall speak to my lord, since i am but dust and ashes;","hèia abraham padhai lii hari, aku nèngu na, ama, ja'a manèngi abho, lula ja'a neo padhai lii hari ciki. ja'a ne dhoka dhèu goa di, dhu ke'a boe ngaa-ngaa.","Hèia Abraham dhaa, aku nèngu na, 'Jaꞌa neo padhai lii dènge dhèu aaꞌi-aaꞌi, te jaꞌa jꞌajꞌi mèdha-panyau.","Hèia Abraham dhaa, 'Jaꞌa neo padhai lii dènge Lamatua jaꞌa, te jaꞌa jꞌajꞌi mèdha-panyau.'",,eng,nfa,English,Dhao,-9.1092,-8.5371,-10.1827
"what if less than fifty just men by five be, shalt thou do away all the city for five and forty? and the lord said, i shall not do away, if i shall find five and forty there. what if there be five less than fifty righteous people there, shalt thou do away all the city for forty-five? and the lord said, i shall not do them all away, if i shall find forty-five righteous people there.","sèmi d'ai boe dhèu lèmi nguru dhu be'a, te ngaa dhoka èpa nguru lèmi di, tasamia? kura dhoka dhèu lèmi di, na ama neo palaho eele kota èèna, do? ka lamatua b'ala, aku nèngu na, ladhe ja'a abhu dhèu be'a èpa nguru lèmi, ja'a palaho boe kota èèna.","Na dhaa, aku nèngu na, ""Ladhe jaꞌa paraga dènge dhèu lèke ètu dꞌara kota ne, jaꞌa paꞌèki boe dènge dhèu lèke èpa nguru nguru nguru dhèu, do?"" Hèia lamatua na dhaa, aku nèngu na, ""Jaꞌa paꞌèki boe. Ladhe jaꞌa paraga dènge dhèu lèke èpa nguru nguru nguru nguru dhèu ètu dꞌara kota ne, jaꞌa paꞌèki boe dènge rèngu."" Hèia lamatua na dhaa, aku nèngu na, ""Ladhe jaꞌa paraga dènge dhèu lèke èpa nguru nguru nguru nguru dhèu ètu dꞌara kota ne, jaꞌa paꞌèki boe.""","Na dhaa, nèngu na, ""Ladhe dhèu lèke èpa nguru lèmi ètu dꞌara ne, neo nèngu paꞌèki kota aa'i dènge rèngu èpa nguru lèmi, do?"" Hèia Lamatua na dhaa, ""Jaꞌa neo paꞌèki boe, ladhe jaꞌa paraga dhèu lèke èpa nguru lèmi ètu dꞌara ne."" Na dhaa, nèngu na, ""Ladhe dhèu lèke èpa nguru lèmi ètu dꞌara ne, neo nèngu paꞌèki kota aa'i dènge rèngu èpa nguru lèmi, do?"" Hèia Lamatua na dhaa, ""Jaꞌa neo paꞌèki boe, ladhe jaꞌa paraga dhèu lèke èpa nguru lèmi ètu dꞌara ne.""",,eng,nfa,English,Dhao,2.6963,3.8459,3.5203
"and again abraham said to him, but if forty be there, what shalt thou do? the lord said, i shall not smite for forty or i shall not strike them all down, for the sake of forty righteous people.","ka abraham pamako hari, na, sèmi abhu dhoka èpa nguru dhèu be'a di, tasamia, ama? ka na dhaa, ladhe ja'a abhu èpa nguru dhèu be'a, ja'a huku boe si.","Hèia Abraham karèi hari, aku nèngu na, ""Ladhe ètu neꞌe abhu dhèu èpa nguru dhèu, tasamia?"" Ka lamatua na dhaa, aku nèngu na, ""Ladhe èpa nguru dhèu dhu dꞌara mola, jaꞌa pamadhe boe rèngu, lula rèngu èpa nguru dhèu dhu dꞌara mola.""","Hèia Abraham karèi hari, aku nèngu na, ""Tèngaa ladhe ètu neꞌe abhu dhèu èpa nguru dhèu, tasamia?"" Ka lamatua na dhaa, aku nèngu na, ""Ja'a boe pamadhe rèngu aa'i, lula èpa nguru dhèu dhu d'ara mola.""",,eng,nfa,English,Dhao,3.1899,2.5358,3.0414
"abraham said, lord, i beseech, take thou it not into indignation, if i speak again; what if thirty be found there? the lord answered, i shall not do it, if i shall find thirty there.","abraham pamako hari, aku nèngu na, ama baku nasa. te abhu dhoka tèlu nguru dhèu be'a di, na tasamia? hèia na dhaa, ladhe ja'a abhu tèlu nguru dhèu be'a, ja'a huku boe si.","Te ngaa Abraham dhaa, aku nèngu na, 'Ama! Ladhe jaꞌa padhai lii hari, na, jaꞌa padhai lii hari dènge dhèu 30 ètu dꞌara jꞌara neꞌe, na, tasamia?"" Ka lamatua na dhaa, aku nèngu na, ""Jaꞌa tao boe sèmi èèna. Ladhe jaꞌa paraga dènge dhèu 30 ètu dꞌara jꞌara neꞌe, na, jaꞌa tao boe sèmi èèna.""","Te ngaa Abraham dhaa, aku nèngu na, 'Lamatua! Ladhe jaꞌa padhai lii hari, na, ladhe tèlu nguru paraga ètu èèna, tasamia?' Ka Lamatua na dhaa, aku nèngu na, 'Jaꞌa tao boe sèmi èèna, ladhe jaꞌa paraga dènge dhèu tèlu nguru ètu èèna.'",,eng,nfa,English,Dhao,9.3097,9.0297,9.4304
"abraham said, for i began once, i shall speak to my lord; what if twenty be found there? the lord said, i shall not slay for twenty. abraham said, for once i began, i shall speak again to my lord; what if twenty be found there? the lord said, i shall not slay them all, for the sake of twenty.","hèia abraham peka hari, ama mage nasa ladhe ja'a karèi hari ciki. sèmi abhu dhoka dhèu dua nguru di dhu be'a, na tasamia? ka na dhaa hari, aku nèngu na, sèmi abhu dhèu dua nguru di dhu be'a, ja'a palaho eele boe kota èèna.","Hèia Abraham dhaa, aku nèngu na, ""Ladhe jaꞌa padhai lii sèmi èèna, jaꞌa neo peka dènge lamatua jaꞌa. Te ngaa ladhe abhu dua nguru dhèu ètu dꞌara jꞌara neꞌe, na, tasamia?"" Hèia lamatua na dhaa, aku nèngu na, ""Ladhe jaꞌa padhai lii sèmi èèna, na, ladhe abhu dua nguru dhèu ètu dꞌara jꞌara neꞌe, jaꞌa tao sèmi èèna kahèi."" Hèia Abraham dhaa, aku nèngu na, ""Ladhe jaꞌa padhai lii sèmi èèna, na, ladhe abhu dua nguru dhèu ètu dꞌara jꞌara neꞌe, jaꞌa tao sèmi èèna kahèi."" Hèia lamatua na dhaa, aku nèngu na, ""Jaꞌa tao sèmi èèna kahèi, te ngaa ladhe abhu dua nguru dhèu ètu dꞌara jꞌara neꞌe.""","Hèia Abraham dhaa, aku nèngu na, ""Te ngaa ja'a padhai lii èci, ja'a neo peka dènge Lamatua ja'a. Te ngaa ladhe abhu dua nguru dhèu ètu dꞌara jꞌara neꞌe, na, tasamia?"" Hèia Lamatua na dhaa, aku nèngu na, ""Ja'a boe bunu, te ngaa dua nguru dhèu."" Hèia Abraham dhaa, aku nèngu na, ""Te ngaa ja'a padhai lii èci, ja'a neo peka hari dènge Lamatua ja'a. Te ngaa ladhe abhu dua nguru dhèu ètu dꞌara jꞌara neꞌe, na, tasamia?"" Hèia Lamatua na dhaa, aku nèngu na, ""Ja'a boe bunu rarahai, te ngaa dua nguru dhèu.""",,eng,nfa,English,Dhao,2.6558,2.5861,3.5154
"abraham said, lord, i beseech, be thou not wroth, if i speak yet once more; what if ten be found there? the lord said, i shall not do away for ten. and abraham said, lord, i beseech thee, be thou not angry, if i speak yet once more; what if ten be found there? and the lord said, i shall not do them all away, if i shall find ten righteous people there.","ka abraham katange lii padhai na, aa na karèi, peka na, ama! ja'a padhai lii hari ca tèka, te ngaa baku nasa dènge ja'a. tasamia, ladhe abhu dhoka canguru dhèu di dhu be'a? hèia na dhaa, ladhe ja'a abhu canguru dhèu dhu be'a ètu era èèna, ja'a palaho boe kota èèna.","Hèia Abraham dhaa, aku nèngu na, 'Ladhe jaꞌa padhai lii hari, ee! Ladhe jaꞌa paraga dènge dhèu dꞌèlu-mèu, na, jaꞌa pakarejꞌe boe.' Hèia lamatua na dhaa, aku nèngu na, 'Ladhe jaꞌa paraga dènge dhèu dꞌèlu-mèu, na, jaꞌa pakarejꞌe boe.' Ka lamatua na dhaa, aku nèngu na, 'Ladhe jaꞌa paraga dènge dhèu dꞌèlu-mèu dhu dꞌèlu-mèu, na, jaꞌa pakarejꞌe boe dhèu dꞌèlu-mèu sèra.' Ka lamatua na dhaa, aku nèngu na, 'Ladhe jaꞌa paraga dènge dhèu dꞌèlu-mèu dhu dꞌèlu-mèu, na, jaꞌa pakarejꞌe boe dhèu dꞌèlu-mèu.'","Hèia Abraham dhaa, 'Lamatua, jaꞌa nèngu nèngu, dho nèngu nasa boe, ladhe jaꞌa padhai lii hari. Ladhe nguru dhèu dhu dènge ètu sèra?' Hèia Lamatua na dhaa, 'Jaꞌa dho pakarejꞌe boe, dhu nguru dhèu sèra.' Ka Abraham dhaa, 'Lamatua, jaꞌa nèngu nèngu, dho nèngu nasa boe, ladhe jaꞌa padhai lii hari. Ladhe nguru dhèu dhu dènge ètu sèra?' Ka Lamatua na dhaa, 'Jaꞌa dho pakarejꞌe boe rèngu aa'i, ladhe jaꞌa dènge nguru dhèu dhu tare'a ètu sèra.'",,eng,nfa,English,Dhao,6.0587,7.8813,7.2449
"the lord went forth, after that he had ceased to speak to abraham, and abraham turned again into his place. and then the lord went forth, after that he had ceased to speak with abraham, and abraham returned to his home.","padhai lii èle sèmi èèna, lamatua la'e dènge ka, aa abraham lèpa kahèi.","Èle èèna ka, lamatua Abraham lèpa hari asa dꞌara èmu na. Èle èèna ka, Abraham lèpa hari asa dꞌara èmu na.","Lamatua lèpa, èle ka nèngu lii asa Abraham lèpa, aa Abraham lèpa hari asa nèngu era na. Aa heka Lamatua lèpa, èle ka nèngu lii asa Abraham lèpa, aa Abraham lèpa hari asa nèngu èmu na.",,eng,nfa,English,Dhao,-3.9783,-3.4382,-5.5268
"and the twain angels came to sodom in the eventide, while lot sat in the gates of the city. and when he had seen them, he rose, and went to meet them, and worshipped low to the earth, and the two angels came to sodom in the evening, while lot sat at the city gates. and when he had seen them, he arose, and went to meet them, and bowed low to the ground,","ètu d'ara lamatua dhu padhue-padhai era dènge abraham, ana pajuu na dhèu dua, lasi le asa kota sodom. d'ai nèi, lod'o oe cèna kèna. ka lot dhu madhèdi ètu hèb'a tedhe kota. ropa nèdhi dhèu dua se, la'e soru nare si. ka na patitu kètu urutuu, aa pacud'u kètu ètu madha ra.","Lodꞌo èèna, ana pajuu Ama Lamatua dua sèra madhèdi ètu kota Sodom. Lot ladhe nèdhi ana pajuu Na dua sèra, hèia na kèdꞌi laꞌe patitu kètu urutuu. Hèia na patitu kètu urutuu, ho pahaha iisi mi dhèu dua sèra.","Lodꞌo èèna, ana pajuu dua sèra madhèdi ètu kota Sodom, ropa Lot dhedhe ètu pètu kota. Lod'o na nèdhi sèra, hèia na kèdꞌi, hèia na laꞌe la-rage sèra, hèia na cudu mi rai.",,eng,nfa,English,Dhao,-7.1784,-9.3831,-8.131
"and said, my lords, i beseech, bow ye down into the house of your servant, and dwell ye there; wash ye your feet, and in the morrowtide ye shall go into your way or and in the morning ye shall go on your way. which said, nay, but we shall dwell in the street.","ka na padhai lii, aku nèngu na, mai lati dhuli ku èmu ja'a la. sèna ka ama si rase haga, aa j'unu ètu èmu ja'a. pe bèli mad'ae, heka ama si kako hari kèna. ra dhaa, aku rèngu na, makasi. te ngaa repo ia ka. hud'i laa ji'i j'unu ètu d'ara lapa.","hèia na peka dènge dhèu aae sèra, aku nèngu na, 'Ama-ama! Jaꞌa manèngi sèna ka miu madhèdi ètu èmu jaꞌa. Ladhe bèli-camèdꞌa, miu lèpa hari.' Te ngaa dhèu aae sèra dhaa, aku rèngu na, 'Aadꞌo! Ladhe bèli-camèdꞌa, jiꞌi lèpa hari.'","Hèia na peka dènge dhèu aae sèra, nèngu na, 'Ama-ama! Jaꞌa manèngi sèna ka miu cudu ètu èmu jaꞌa, aa miu tinggal ètu èro. Base kaki miu, aa bèli-camèdꞌa miu lèpa ètu j'ara miu.' Te ngaa dhèu aae sèra peka, rèngu na, 'Aadꞌo! Jiꞌi neo tinggal ètu j'ara.'",,eng,nfa,English,Dhao,-6.3184,-3.3929,-3.9325
"he constrained them greatly, that they should turn in to him. and when they entered into his house, he made a feast, and baked therf bread, and they ate. but he greatly constrained them, that they should turn in at his house. and so when they had entered into his house, he made a feast, and baked unleavened bread, and they ate.","te ngaa lot pamako si loe boe, ka lasi manubha asa èmu na. ka lot si tunu roti, lalau mei, ka ra'a-rinu pa'èci.","Ka dua ra maso asa dꞌara èmu na. Èle èèna ka, dua ra maso asa dꞌara èmu na, ka raꞌa aaꞌi-aaꞌi ra. Ka raꞌa aaꞌi-aaꞌi raꞌa aaꞌi-aaꞌi raꞌa.","Nèngu leko ra dꞌara-dꞌara, ropa ra maso asa nèngu. Ka ropa ra maso asa dꞌara èmu na, nèngu ringi, aa nèngu bhubhu roti, aa ra ra'a. Tèngaa nèngu leko ra dꞌara-dꞌara, ropa ra maso ètu èmu na. Ka ropa ra maso asa dꞌara èmu na, nèngu ringi, aa nèngu bhubhu roti, aa ra ra'a.",,eng,nfa,English,Dhao,-1.7636,7.137,2.5265
"forsooth before that they went to sleep, men of the city compassed his house, from a child till to an eld man or from a youth unto an old man, all the people together;","dhu dua ra lasi mèka j'unu, cag'ag'a laa, dhèu mone sodom aa'i-aa'i, ana mone ngèru toke d'ai mone heka, mai reo rare èmu lot.","Èle èèna ka, dhèu-dhèu ètu dꞌara kota èèna, mai tenge dꞌara èmu èèna, nèti ana toke dhèu kapai. Rèngu aaꞌi-aaꞌi ra tadèngi sèmi èèna.","Lèka rèngu bhèj'i ka, dhèu-dhèu ètu dꞌara kota èèna, mai tenge èmu nèngu, nèti ana tare dhèu kapai, dhèu-dhèu aaꞌi-aaꞌi.",,eng,nfa,English,Dhao,0.7861,-0.4551,-0.4939
"and they called to lot, and said to him, where be the men that entered to thee tonight? or where be the men who have entered into thy house tonight? bring them out hither, so that we may know them, that is, by lechery against kind.","dhèu se'e pa'oo-parodha, peka mi lot, aku rèngu na, he, lot! mone dua deo sa, ètu mia? bhabhodho si mai, sèna ka ji'i j'unu dènge ra!","Ka ra paroa lot. Ka ra karèi Ne, aku rèngu na, ""Dhèu-dhèu dhu maso asa èmu èu se, ètu mia? Aa dhèu-dhèu dhu maso asa èmu èu se, ètu mia?""","Ka ra paroa lot. Ka ra karèi Ne, aku rèngu na, ""Dhèu-dhèu dhu maso asa èu se, ètu mia? Aa dhèu-dhèu dhu maso asa èmu èu se, ètu mia? Tèti ra podho.""",,eng,nfa,English,Dhao,-1.4076,1.3131,0.6921
"and lot went out to them behind the back, and closed the door, and lot went out to them, and closed the door behind him,","hèia lot li'u la'e, ka na bèdho hari èmu.","Ropa tadèngi lii padhai lii ne, hèia Lot laꞌe asa liꞌu dhèu dua sèra. Hèia na dꞌai dꞌara èmu, hèia na dꞌai dꞌara èmu, hèia na dꞌai dꞌara èmu.","Aa Lot laꞌe asa liꞌu sèra ètu kabodho, aa na kutu hèba. Aa Lot laꞌe asa liꞌu sèra, aa na kutu hèba ètu kabodho nèngu.",,eng,nfa,English,Dhao,-1.9011,-2.868,-3.646
"and said, i beseech, do not ye, my brethren, do not ye do this evil.","ka na lii, aku nèngu na, a'ari, ee! baku miu tao bhelu mi tamu ja'a se.","Hèia na peka dènge ra, aku nèngu na, ""Aꞌari aaꞌi-aaꞌi! Miu baku tao jꞌara neꞌe.""","Hèia na peka dènge ra, aku nèngu na, ""Aꞌari aaꞌi-aaꞌi! Miu, tua-tuaꞌi aku, baku tao katuba neꞌe.""",,eng,nfa,English,Dhao,-2.1599,0.278,-0.0968
"i have two daughters, that knew not yet a man; i shall lead out them to you or i shall lead them out to you, and mis-use ye them as it pleaseth you, so long as that ye do none evil to these men, for they have entered under the shadow of my roof.","mi nanene ku ja'a laa! ana bhèni ja'a, dhèu dua. dua ra dhu pa'èci mèka dènge dhèu mone. ja'a hia miu. mere, ho mi tao tasamia èèna ka, sad'i madhutu dad'èi miu. sad'i miu baku tao karehe mi tamu ja'a dhèu dua se. lula madhutu ad'a èdhi, ja'a ka dhu hud'i j'aga si.","Jaꞌa dènge ana bhèni jaꞌa dhèu dua, dhu mèdhi boe dènge dhèu mone. De ladhe jaꞌa hia si asa miu, do aadꞌo, na, jaꞌa hia si asa miu. Miu hudꞌi jꞌajꞌi dhèu aaꞌi-aaꞌi sèmi èèna, te ngaa baku jꞌajꞌi dhèu aaꞌi-aaꞌi sèra, lula rèngu mai asa dꞌara èmu jaꞌa. De miu hudꞌi jꞌajꞌi dhèu aaꞌi-aaꞌi sèra, sèna ka miu baku jꞌajꞌi dhèu aaꞌi-aaꞌi sèra, sèna ka miu baku jꞌajꞌi dhèu aaꞌi-aaꞌi sèra.","Jaꞌa dènge ana bhèni jaꞌa dua, dhu dhae mèdhi dènge dhèu mone. De jaꞌa hia si asa miu, aa miu pajꞌajꞌi si sèmi dꞌara miu suka, te ngaa baku pajꞌajꞌi katuba asa dhèu mone sèra, lula rèngu maso dꞌara sanabhu èmu jaꞌa.",,eng,nfa,English,Dhao,1.4441,-5.9216,-4.0617
"and they said, go thou away from hence. and again they said, thou enteredest in hither as a comeling; whether that thou shalt deem us? therefore we shall torment thee more than these. and they did violently to lot full greatly or and they did great violence to lot. then it was nigh that they would break down the doors;","masi ka sèmi èèna, dhèu sodom se pa'oo ma'ète boe, aku rèngu na, èu ne, baku patabha! te èu ne, dhèu tao mai ètu kabarai ji'i ne! de èu dènge boe hak ho kai ji'i. hua iia, èu pakaj'èu nèti era ne'e. te, ladhe lamu boe, ji'i tao èu bia risi nèti dhèu dua se'e! ka ra tule eele lot, hèia aa'i-aa'i ra rai lasi j'èje babèdho èmu.","Ka dua ra peka dènge ne, aku rèngu na, ""Ama! Lamu eele ka nèti era neꞌe!"" Hèia ra peka hari, aku rèngu na, ""Ama! Èu mai sèna ka jꞌajꞌi mi dedha jiꞌi, do? Èdhi hudꞌi jꞌajꞌi mi dedha èu, do aadꞌo? Èdhi hudꞌi jꞌajꞌi mi dedha èu aaꞌi-aaꞌi ra."" Èle èèna ka, dua ra jꞌajꞌi mi dedha èci, ka dua ra jꞌajꞌi mi dedha èci, ka dua ra jꞌajꞌi mi dedha èci. Èle èèna ka, dua ra jꞌajꞌi mi dedha èci, sèna ka jꞌajꞌi mi dedha èci, sèna ka jꞌajꞌi mi dedha èci. Èle èèna ka, dua ra jꞌajꞌi mi dedha èci, sèna ka jꞌajꞌi mi dedha èci.","Ka dua ra peka dènge ne, ""Lamu eele ka nèti era neꞌe!"" Hèia ra peka hari, ""Èu maso mai sèmi dedha èci, ka èu neo jꞌajꞌi mi dedha jiꞌi, do?"" Lula èèna ka, èdhi neo siksa èu risi nèti ra. Ka ra tao kèrèdhi dènge Lot aaꞌi-aaꞌi. Èle èèna ka, pahèdhe ka ra neo lèku hèba-hèba.",,eng,nfa,English,Dhao,0.2929,0.843,1.7343
"and lo! the two men put forth their hands, and led in lot to them or and brought lot back in with them, and they closed the door.","te ngaa dhèu dua se soro kacui-aai ra, ère pamaso lot, ka ra patèke èmu nèti d'ara.","Èle èèna ka, dhèu aaꞌi-aaꞌi se tèke eele aaꞌi-aaꞌi ra. Ka dhèu aaꞌi-aaꞌi se tèke eele aaꞌi-aaꞌi ra asa dꞌara èmu. Èle èèna ka, dhèu aaꞌi-aaꞌi se tèke eele aaꞌi-aaꞌi ra asa dꞌara èmu. Ropa dhèu aaꞌi-aaꞌi se tèke eele aaꞌi-aaꞌi ra, hèia ra tèke eele hèbꞌa ètu dꞌara èmu.","Èle èèna ka, dhèu dua se tèka kacui.aai ra, aa ra tèka Lot mai asa d'ara èmu, aa ra kutu hèba.",,eng,nfa,English,Dhao,17.1661,11.8208,15.1859
"and they smote with blindness they that were withoutforth or and then they struck with blindness those who were outside, from the least till to the most; so that they might not find the door.","dua ra tao pabèdhu ana madha dhèu sodom aa'i-aa'i ra, ka rèdhi heka ngaa-ngaa. ra gogo tenge babèdho, te ngaa abhu boe.","Ropa tadèngi lii padhai Ama Lamatua sèmi èèna, hèia ra kèpe dhèu-dhèu ètu dꞌara èmu, bèli-camèdꞌa bèli-camèdꞌa. Ra kèpe dhèu-dhèu ètu dꞌara èmu, nèti dhèu kapai toke dhèu kapai. Hèia rèngu bisa boe paraga dènge hèbꞌa èci sa hèbꞌa ètu dꞌara Èmu Kapua Manèngi-Mangajꞌi ètu dꞌara Èmu Kapua Manèngi-Mangajꞌi ètu dꞌara Èmu Kapua Manèngi-Mangajꞌi ètu dꞌara Èmu Kapua Manèngi-Mangajꞌi ètu dꞌara Èmu Kapua Manèngi-Mangajꞌi ètu dꞌara Èmu Kapua Manèngi-Mangajꞌi ètu dꞌara Èmu Kapua Manèngi-Mangajꞌi ètu dꞌara Èmu Kapua Manèngi-Mangajꞌi.","Hèia ra kèpe dhèu-dhèu dènge poke sèra ètu podho, nèti dhèu kèci toke dhèu kapai; hèia rèngu bisa boe paraga hèbꞌa.",,eng,nfa,English,Dhao,2.344,-2.1704,1.7025
"forsooth they said to lot, hast thou here any man of thine, a husband of thy daughter, or sons, or daughters? ; if so, lead thou out of this city all men that be thine, for we shall do away this place, for the cry of them increased before the lord, which sent us that we should lose them. for we shall do away this place, for the outcry against them hath increased before the lord, who sent us to destroy them.","hèia tamu dhèu dua se, peka dènge lot, aku rèngu na, lamatua ne'a le, bhabhelu-katub'a dhèu sodom se. nèti èèna ka, na paleha ji'i dua mi mai, sèna ka palaho eele kota ne. de èu dhu dènge a'ari leo dhu ètu d'ara kota ne, do aad'o? ladhe dènge ana mone, do ana bhèni, do dhèu èmu ana èu, do, sad'i cee èèna ka, lamu more si, ho rai ka nèti d'ara kota ne lai-lai!","Hèia ra karèi Lot, aku rèngu na, ""Ladhe èu ètu neꞌe, tasamia? Èu dènge ana-èpu èu, dhèu èmu èu, do ana-èpu èu, do ana-èpu èu, do ana-èpu èu, do ana-èpu èu? Èu hudꞌi pamadhe dhèu aaꞌi-aaꞌi èu nèti dꞌara kota ne, sèna ka jiꞌi paꞌoo-parodha dhèu aaꞌi-aaꞌi ètu neꞌe. Te Ama Lamatua ka dhu pua jiꞌi, sèna ka jiꞌi paꞌoo-parodha dhèu aaꞌi-aaꞌi ètu neꞌe, sèna ka jiꞌi paꞌoo-parodha dhèu aaꞌi-aaꞌi ètu neꞌe. Te Ama Lamatua ka dhu pua jiꞌi, sèna ka jiꞌi paꞌoo-parodha dhèu aaꞌi-aaꞌi ètu neꞌe, sèna ka jiꞌi paꞌoo-parodha dhèu aaꞌi-aaꞌi-aaꞌi, sèna ka jꞌajꞌi dhèu aaꞌi-aaꞌi-aaꞌi.""","Hèia ra karèi Lot, ""Èu dènge dhèu mone èu ètu neꞌe, do mone ana-èpu èu, do ana mone èu, do ana feto èu? Ladhe nuka, èu hudꞌi pamaꞌu dhèu aaꞌi-aaꞌi èu nèti dꞌara kota nenga. Lula jiꞌi hudꞌi paꞌoo-parodha era nenga, lula taraa rèngu j'aj'i ae ètu mèdhi Ama Lamatua, de nèngu pua jiꞌi sèna ka jiꞌi paꞌoo-parodha rèngu. Lula jiꞌi hudꞌi paꞌoo-parodha era nenga, lula taraa rèngu j'aj'i ae ètu mèdhi Ama Lamatua, de nèngu pua jiꞌi sèna ka jiꞌi paꞌoo-parodha rèngu.""",,eng,nfa,English,Dhao,-2.9832,-2.5833,-3.2166
"and lot went out, and spake to the husbands to be of his daughters, that should take his daughters, and said, rise ye, and go ye out of this place; for the lord shall do away this city. and he was seen to them to speak as playing. and lot went out, and spoke to the husbands-to-be of his daughters, who were betrothed to his daughters, and said, rise ye up, and go ye out of this place; for the lord shall do away this city. but he was seen by them as only to be joking.","hèia lot la'e paraga dènge ana mone dhèu dua, dhu lii d'ai ana bhèni na. ka na peka, dua mi nanene paie! rai ka nèti d'ara kota ne, te lamatua neo palaho eele ne! te ngaa ra pangee na, lot padhai lii paleko di.","Èle èèna ka, Lot ladhe-leru dènge ana bhèni na. Ka na peka dènge ana bhèni na, aku nèngu na, ""Miu hudꞌi kèdꞌi laꞌe nèti dꞌara kota ne, te jaꞌa neo pamadhe dhèu aaꞌi-aaꞌi."" Hèia Lot laꞌe padhai lii dènge ana bhèni na, peka na, ""Miu hudꞌi kèdꞌi kèdꞌi laꞌe nèti dꞌara kota ne, te jaꞌa neo pamadhe dhèu aaꞌi-aaꞌi."" Ropa tadèngi sèmi èèna, hèia dhèu aaꞌi-aaꞌi rèdhi Lot, peka na, ""Miu hudꞌi kèdꞌi laꞌe nèti dꞌara kota ne, te jaꞌa neo pamadhe dhèu aaꞌi-aaꞌi."" Te ngaa dhèu aaꞌi-aaꞌi rèdhi Lot, peka na, ""Miu hudꞌi kèdꞌi laꞌe nèti dꞌara kota ne, te jaꞌa neo pamadhe dhèu aaꞌi-aaꞌi mi dhèu aaꞌi-aaꞌi.""","Èle èèna ka, Lot podho, aa padhai lii dènge dhèu nèngu ana bhèni na, peka na, ""Miu hudꞌi kèdꞌi, aa laꞌe nèti dꞌara kota ne; te Lamatua neo palaho kota ne."" Te ngaa rèngu rèdhi nèngu sèmi padhai lii radhu.",,eng,nfa,English,Dhao,4.8832,1.2613,5.1846
"and when the morrowtide was made, the angels constrained lot, and said, rise thou up, and take thy wife, and thy two daughters, which thou hast, lest also thou perish altogether in the sin of the city or lest also thou altogether perish amidst the sin of this city.","bèli mad'ae aae era, ana pajuu lamatua dhèu dua se, pakaseti lot si, ho lasi karohe asa era kaj'èu. ra peka na, lami ka! ère mèti dhèu èmu mu, dènge ana bhèni èu dhèu dua sèra, ho rai ka. tèke eele kota ne'e! mage dhoka miu madhe aa'i palere-lere dènge kota ne.","Ropa dꞌai bèli madꞌae, hèia ana pajuu Ama Lamatua sèra peka dènge Lot, aku rèngu na, 'Kèdꞌi! Èu hudꞌi laꞌe ku dènge dhèu èmu èu, dènge ana-èmu èu dhèu dua, sèna ka dhèu aaꞌi-aaꞌi ra pakajꞌèu ètu dꞌara kota ne. Te ladhe èu mamuri, èu hudꞌi pamadhe dènge dhèu aaꞌi-aaꞌi ètu kota ne, sèna ka dhèu aaꞌi-aaꞌi mamuri tareꞌa-reꞌa dènge dhèu aaꞌi-aaꞌi ra.'","Ropa dꞌai bèli madꞌae, hèia ana pajuu Ama Lamatua sèra peka dènge Lot, aku rèngu na, 'Kèdꞌi! Èu hudꞌi nare dhèu èmu èu, dènge ana-èmu èu dhèu dua, aeka hèi èu pakajꞌèu aaꞌi-aaꞌi ètu dꞌara sala kota ne, atawa aeka hèi èu pakajꞌèu aaꞌi-aaꞌi ètu dꞌara sala kota ne.'",,eng,nfa,English,Dhao,2.2449,-2.228,-1.6472
"while he dissembled, they took his hand, and the hand of his wife, and of his two daughters; for the lord spared him. and they led out him, and set him without the city. and while he hesitated, they took his hand, and the hand of his wife, and the hands of his two daughters; for the lord had spared him. and they led them away, and brought them outside the city.","te ngaa lot neka-neka era, masi ka lamatua neo hia ne mamuri. nèti èèna ka, tamu dhèu dua se nuni lot, dhèu èmu na, dènge ana bhèni dhèu dua sèra, rèti asa li'u kota.","Ropa tadèngi sèmi èèna, hèia ra kèpe rare ne, dènge dhèu èmu na dènge ana bhèni na dua. Hèia ra rèti ne asa liꞌu kota, sèna ka rèti ne asa liꞌu kota. Ropa tadèngi sèmi èèna, hèia ra kèpe rare Ne, dènge dhèu èmu na dènge ana bhèni na dua, sèna ka rèti si asa liꞌu kota.","Ropa tadèngi sèmi èèna, hèia ra kèpe rare ne, dènge rare dhèu èmu na, dènge rare ana bhèni na dua; Lamatua ka rèti ne. Hèia ra rèti ne asa liꞌu kota. Aa ropa tadèngi sèmi èèna, hèia ra kèpe rare ne, dènge rare dhèu èmu na, dènge rare ana bhèni na dua; Lamatua ka rèti ne. Hèia ra rèti si asa liꞌu kota.",,eng,nfa,English,Dhao,-0.4342,1.1543,0.0504
"there they spake to him, and said, save thou thy life; do not thou behold behind thy back, neither stand thou in all the countryside about, but make thee safe in the hills; lest also thou perish altogether. and they spoke to him there, and said, save thou thy life; do not thou look behind thy back, nor stand thou in all the countryside about, but make thee safe in the hills; lest also thou altogether perish.","hèia ca dhèu nèti tamu dhèu dua sèra paredha si, peka na, rai palasa, sèna ka abhu sod'a! mage mi kabib'a kabodho! baku ae ètu d'ara mamoo! rai taruu, asa ledhe nèi, sèna ka miu baku madhe!","Ètu dꞌara jꞌara neꞌe, dhèu se peka dènge ne, aku rèngu na, ""Sèmi neꞌe! Ladhe ètu dꞌara jꞌara neꞌe, na, èu hudꞌi lalau-laloꞌo ku asa liꞌu. Ladhe ètu dꞌara jꞌara neꞌe, èu hudꞌi lalau-laloꞌo ku asa liꞌu. Ladhe ètu dꞌara jꞌara neꞌe, èu hudꞌi lalau-laloꞌo ku asa liꞌu. Ladhe èu madhe, èu hudꞌi lalau-laloꞌo ku asa liꞌu. Èu hudꞌi lalau ku asa liꞌu, sèna ka dhèu aaꞌi-aaꞌi bisa mamuri tareꞌa-reꞌa, sèna ka dhèu aaꞌi-aaꞌi bisa abhu mamuri ètu dꞌara jꞌara neꞌe, sèna ka dhèu aaꞌi-aaꞌi bisa abhu mamuri ètu dꞌara jꞌara neꞌe.""","Ètu ne, dhèu se peka dènge ne, aa aku rèngu na, ""Tèke mamuri èu! Boe èu oro ètu kabodho èu, aa boe èu titu ètu jꞌara aa'i ele.boe, tèngaa, tao èu tèke ètu ledhe! Aeka hèi èu madhe teme-teme.""",,eng,nfa,English,Dhao,-0.8048,-6.9737,-3.182
"and lot said to them, my lord or my lords, i beseech,","te ngaa lot peka, aku nèngu na, iraa ee! baku sèmi èèna!","Hèia Lot dhaa, aku nèngu na, ""Jaꞌa manèngi sèna ka dhèu aaꞌi-aaꞌi jꞌajꞌi mi dhèu aaꞌi-aaꞌi. Jaꞌa manèngi sèna ka dhèu aaꞌi-aaꞌi jꞌajꞌi mi dhèu aaꞌi-aaꞌi sèra, te ngaa jaꞌa manèngi sèna ka dhèu aaꞌi-aaꞌi jꞌajꞌi mi dhèu aaꞌi-aaꞌi, sèna ka dhèu aaꞌi-aaꞌi jꞌajꞌi mi dhèu aaꞌi-aaꞌi.","aa Lot dhaa nèngu sèra, ""Lamatua ku do Lamatua-Lamatua ku, jaꞌa manèngi,""",,eng,nfa,English,Dhao,-0.5317,-9.1548,-6.5076
"for thy servant hath found grace before thee, and thou hast magnified thy grace and mercy, which thou hast done to me, so that thou shouldest save my life, i am most grateful; but i may not be saved in the hills, lest peradventure evil overtake me, and i die, or but i cannot be saved in the hills, for before that i can get there, the destruction shall surely overtake me, and i shall die;","mema ama si pamamuri le ji'i se. te ngaa ledhe nèi kaj'èu bia nèti ne'e! mage dhoka ji'i d'ai mèka nèi, j'aj'èra dhu magee nare le ji'i èèna, ètu talora j'ara.","Jaꞌa manèngi makasi mi Ama. Jaꞌa manèngi makasi mi Ama. Jaꞌa manèngi makasi mi Ama, sèna ka Ama hia mamuri jaꞌa. Te ngaa jaꞌa manèngi makasi mi Ama, sèna ka Ama hia mamuri jaꞌa. Te ngaa jaꞌa manèngi makasi mi Ama, sèna ka Ama hia mamuri jaꞌa. Jaꞌa manèngi makasi mi Ama, sèna ka Ama hia mamuri jaꞌa. Jaꞌa manèngi makasi mi Ama, sèna ka Ama hia mamuri jaꞌa. Jaꞌa manèngi makasi mi Ama, sèna ka Ama hia mamuri jaꞌa. Jaꞌa manèngi makasi mi Ama, sèna ka Ama hia mamuri jaꞌa. Jaꞌa manèngi makasi mi Ama, sèna ka Ama hia mamuri jaꞌa. Jaꞌa manèngi makasi mi Ama, sèna ka Ama hia mamuri jaꞌa. Jaꞌa manèngi makasi mi Ama, sèna ka Ama hia mamuri jaꞌa ètu ledhe ne.","Nèti ènu-Mu abhu karunia ètu rohu-Mu, aa Ama hia bèba karunia aa lale-lèke-Mu, nèti Ama hia mami mi jaꞌa, sèna ka Ama hia tèke jaꞌa punya muri, jaꞌa manèngi makasi teme-teme. Tèngaa jaꞌa boe mèke tèke ètu ledhe, aeka ele.boe katuba mera jaꞌa, aa jaꞌa madhe. Ladhe boe, nèti uru jaꞌa mèke mai asa ètu ne, katuba teme-teme mera jaꞌa, aa jaꞌa madhe.",,eng,nfa,English,Dhao,0.5778,7.7439,7.0078
"a little city is here beside or there is a little city here, to which i may flee, and i shall be safe therein; whether it is not such a little city? and my soul shall live therein.","ama ladhe ku laa. rae iiki cue dhu kaj'èu boe nèti era ne'e. rae nèi dhu kolongara aad'o. ladhe ama d'èi, ji'i la'a pasoru iisi asa nèi!","ladhe jaꞌa kèdꞌi laꞌe asa dꞌara kota èèna, na, jaꞌa hudꞌi laꞌe asa dꞌara kota èèna, sèna ka jaꞌa mamuri dènge dꞌara beꞌa. De jaꞌa hudꞌi laꞌe asa dꞌara kota èèna, sèna ka jaꞌa bisa mamuri ètu dꞌara kota èèna. De jaꞌa hudꞌi laꞌe asa dꞌara kota èèna, sèna ka jaꞌa bisa mamuri dènge dꞌara beꞌa. De jaꞌa hudꞌi mamuri ètu dꞌara kota èèna, sèna ka jaꞌa bisa mamuri ètu dꞌara kota èèna, sèna ka jaꞌa bisa mamuri ètu dꞌara kota èèna, sèna ka jaꞌa bisa mamuri ètu dꞌara kota èèna.","Ètu dꞌii kota ciki sa, sèna ka jaꞌa bisa laꞌe asa dꞌara èèna, aa jaꞌa mamuri dènge dꞌara beꞌa ètu dꞌara èèna. Boe èèna kota ciki sa? Aa manadu jaꞌa mamuri ètu dꞌara èèna.",,eng,nfa,English,Dhao,0.1579,-0.0797,1.7446
"and he said to lot, lo! also in this i have received thy prayers, that i destroy not the city, for which thou hast spoken; and he said to lot, behold! also in this i have received thy prayers, and i shall not destroy the city, of which thou hast spoken;","ka na dhaa, peka na, oo! lami ka! te èèna na, ja'a palaho boe rae nèi.","Hèia na peka dènge Lot, aku nèngu na, ""Tareꞌa! Jaꞌa tadèngi le lii manèngi-mangajꞌi èu, sèna ka jaꞌa paꞌele iie kota èèna."" Hèia Lot dhaa, aku nèngu na, ""Tareꞌa! Jaꞌa tadèngi le lii manèngi-mangajꞌi èu, sèna ka jaꞌa paꞌele iie kota èèna.""","Hèia na peka dènge Lot, aku nèngu na, ""Tareꞌa! Jaꞌa tadèngi le lii manèngi-mangajꞌi èu, sèna ka jaꞌa paꞌele iie kota èèna, sèmi lii èu peka le."" Hèia na peka dènge Lot, aku nèngu na, ""Tareꞌa! Jaꞌa tadèngi le lii manèngi-mangajꞌi èu, sèna ka jaꞌa paꞌele iie kota èèna, sèmi lii èu peka le.""",,eng,nfa,English,Dhao,-1.1847,-2.8901,-3.3302
"haste thee, and be thou saved there, for i may not do anything till thou enter in thither. therefore the name of that city was called zoar. haste thee, and be thou made safe there, for i shall not do anything until thou hast entered in there. and so that is why that city was called zoar, or small.","de rai karohe ka, lami asa nèi! te ja'a tao mèka ngaa-ngaa, ladhe miu d'ai mèka era nèi. karèi nèti lod'o èèna, dhèu pangare rae ne soar, dhu sasoa na ‘ana iiki-iiki'.","Nèti èèna ka, ra pangare ne, 'Soaar.' Nèti èèna ka, ra pangare ne, 'Soaar.'","Èu la'a lolo, aa èu tèke ètu èèna, nèti au boe paj'èna apa-apa tare èu maso ètu èèna. Nèti èèna ka, ngara kota èèna ra pangare ne 'Soaar'. Èu la'a lolo, aa èu tèke ètu èèna, nèti au boe paj'èna apa-apa tare èu maso ètu èèna. Aa nèti èèna ka, kota èèna ra pangare ne 'Soaar', atawa 'kèd'i'.",,eng,nfa,English,Dhao,0.8179,9.3476,5.6585
"and so the sun rose up on the earth, and lot entered into zoar.","ropa lod'o rea, lot si d'ai soar.","Èle èèna ka, lodꞌo bèli-camèdꞌa kèdꞌi asa rai-haha ne.","Èle èèna ka, lodꞌo bèli-camèdꞌa kèdꞌi asa rai-haha ne, aa Lot maso ètu Zoar.",,eng,nfa,English,Dhao,0.6945,6.3901,3.4186
"therefore the lord rained on sodom and gomorrah brimstone and fire, from the lord of heaven, and so the lord rained down fire and brimstone from the heavens on sodom and gomorrah,","cag'ag'a laa, lamatua sadutu ai dènge èi nasu nèti dedha-liru asa sodom dènge gomora.","Nèti dedha-liru, Ama Lamatua pajꞌujꞌu ai dènge ai mi kota Sodom dènge kota Gomora.","De Lamatua paj'uj'u ai dènge ai mi kota Sodom dènge kota Gomora, ngèti Lamatua dedha-liru, aa de Lamatua paj'uj'u ai dènge ai ngèti dedha-liru mi kota Sodom dènge kota Gomora.",,eng,nfa,English,Dhao,-10.0522,0.22,-3.8721
"and destroyed these cities, and all the countryside about; he destroyed all the dwellers of those cities or he destroyed all the inhabitants of those cities, and all the green things of the earth.","lamatua pakèpu-ladhu ai kota dènge rae aa'i-aa'i ètu d'ara rai èèna, dènge ngaa-ngaa dhu mamuri ètu èèna, nuka: dhèu, badha-manu, dènge ana aaj'u.",Dhèu aae-dhèu aae-dhèu aae-dhèu aae-dhèu aae-dhèu aae-dhèu aae-dhèu aae-dhèu aae-dhèu aae-dhèu aae-dhèu aae-dhèu aae-dhèu aae-dhèu aae-dhèu aae-dhèu aae-dhèu aae-dhèu aae-dhèu aae-dhèu aae-dhèu aae-dhèu aae-dhèu aae-dhèu aae-dhèu aae-dhèu aae-dhèu aae-dhèu aae-dhèu aae-dhèu aae-dhèu aae-dhèu aae.,"Aa ne laho èmu-èmu sèra, aa aa'i baboa sèra ele.boe; ne laho dhèu aa'i ètu èmu-èmu sèra, aa aa'i mangèru ètu tana.",,eng,nfa,English,Dhao,8.3165,8.974,10.0972
"and lot's wife looked aback, and she was turned into an image of salt. and lot's wife looked back, and she was turned into a pillar of salt.","lod'o rèngu rai, dhèu èmu lot kabib'a kabodho. cag'ag'a laa, na j'aj'i agarii masi.","Èle èèna ka, dhèu bhèni Lot ladhe-leru, ka nèngu jꞌajꞌi mèdha-panyau. Hèia nèngu jꞌajꞌi mèdha-panyau, hèia nèngu jꞌajꞌi mèdha-panyau dhu jꞌajꞌi mèdha-panyau. Nèti èèna ka, dhèu bhèni Lot ladhe-leru, hèia nèngu jꞌajꞌi mèdha-panyau dhu jꞌajꞌi mèdha-panyau. Nèti èèna ka, nèngu jꞌajꞌi mèdha-panyau dhu jꞌajꞌi mèdha-panyau.","Aa dhèu bhèni Lot ladhe-leru, aa nèngu j'aj'i mèdha-panyau.",,eng,nfa,English,Dhao,10.3236,0.8066,3.2601
"forsooth abraham rising up early, went to where he had stood before with the lord,","asa bèli èèna, dhu mad'ae aae era, abraham la'e asa era dhu med'a na, na pamako lamatua.","Èle èèna ka, Abraham kèdꞌi taruu, ka laꞌe asa era dhu na titu ètu èèna.","Èle èèna ka, Abraham kèdꞌi taruu, ka laꞌe asa era dhu na titu ngaa Lamatua ètu èèna.",,eng,nfa,English,Dhao,0.0633,4.3698,2.8553
"and beheld sodom and gomorrah, and all the land of that countryside about; and he saw a dead spark going up from the earth, as the smoke of a furnace.","hèia na ladhe sa haha asa sodom dènge gomora, aa asa d'ara mamoo èèna. na ladhe la'a na, sèb'u poka-poka sèna, dhu ca'e asa dedha-liru. aa ai na'e aa'i le ngaa-ngaa.","Èle èèna ka, nèngu ladhe-leru kota Sodom dènge kota Gomora, dènge rae-rae ètu dꞌara rae-rae. Na ladhe nèdhi mèngi-mèngi dhu bhelu-katubꞌa, nuka sèmi ètu dꞌara dꞌara dꞌara ai.","Èle èèna ka, nèngu ladhe-leru kota Sodom dènge kota Gomora, dènge rai aa'i èèna ele.boe; Na ladhe nèdhi mèngi-mèngi gaa-gaa dhu bhelu-katubꞌa ngèti rai, sèmi sèbu ngèti dꞌara ai.",,eng,nfa,English,Dhao,1.8219,2.4096,1.7256
"for when god destroyed the cities of that countryside, he had mind of abraham, and delivered lot from the destroying of the cities in which he dwelled.","ama lamatua patalale lot si nèti hahuku èèna, ropa na pakèpu-ladhu ai kota-kota sèra, lula na ngee nèdhi lii pajaji na dènge abraham.","Ètu dꞌara rae èèna, abhu kota cahagꞌe dhu Ama Lamatua hagꞌe nare le. Ètu dꞌara rae èèna, abhu kota cahagꞌe dhu Ama Lamatua hagꞌe nare le. Ètu dꞌara rae ne, abhu kota cahagꞌe dhu Ama Lamatua hagꞌe nare le. Ètu dꞌara rae ne, abhu kota cahagꞌe dhu Ama Lamatua hagꞌe nare le. Ètu dꞌara rae ne, abhu kota cahagꞌe dhu Ama Lamatua hagꞌe nare le.","Lod'o Ama Lamatua laho kota-kota ètu dꞌara rae èèna, nèngu leru Abraham, aa nèngu pamauri Lot ngèti laho kota-kota èèna ètu dꞌara nèngu muri.",,eng,nfa,English,Dhao,4.1184,7.3215,8.2233
"and lot went up from zoar, and dwelled in the hills, and his two daughters with him, for he dreaded to dwell in zoar; and he dwelled in a den or and he lived in a cave, he and his two daughters with him.","lod'o èèna, lot madha'u pea taruu ètu rae soar. nèti èèna ka, nèngu dènge ana bhèni na dhèu dua sèra, lasi asa ledhe ka ra pea ètu d'ara loe cue.","Èle èèna ka, Lot dènge ana bhèni na dhèu dua mai nèti Soar, laꞌe pea ètu dꞌara ledhe èci, ho pea ètu dꞌara ledhe èci. Nèti èèna ka, Lot dènge ana bhèni na dua mai pea ètu dꞌara ledhe èci, ho pea ètu dꞌara ledhe èci.","Aa Lot la'e mai nèti Soar, aa èèna dènge ana bhèni na dua pea ètu d'ara ledhe. Nèti èèna ka, èèna takut pea ètu Soar. Aa èèna dènge ana bhèni na dua pea ètu d'ara loe.",,eng,nfa,English,Dhao,7.3333,2.1787,2.8665
"and the more daughter said to the less or and the elder daughter said to the younger one, our father is eld, and no man is left on the earth that may enter in to us, by the custom of all the earth;","ca lod'o, ana bhèni uru èèna, peka dènge ari na, aku nèngu na, ètu era ne'e ne, abhu boe dhèu mone ca dhèu sa, dhu bisa leo dènge èdhi se. aa ama èdhi asa heka, de ladhe èèna na, na bisa heka abhu ana.","Hèia ana bhèni kapai ne dhaa, aku nèngu na, ""Ama jiꞌi, ama jiꞌi. Jiꞌi dènge boe dhèu èci sa ètu rai-haha ne, sèna ka jꞌajꞌi dènge jiꞌi, sama sèmi dhèu aaꞌi-aaꞌi ètu rai-haha ne.""","Hèia ana bhèni kapai ne dhaa, aku nèngu ana bhèni ngèru na, ""Ama jiꞌi ka ruku. Jiꞌi dènge boe dhèu èci sa ètu rai-haha ne, sèna ka jꞌajꞌi dènge jiꞌi, sama sèmi ada ètu rai-haha ne.""",,eng,nfa,English,Dhao,-3.8763,0.4947,-0.4
"come thou, make we him drunken of wine, and sleep we with him, that we may keep the seed of our father. come thou, make we him drunk with wine, and sleep we with him, so that we can keep our father's seed, or our father's family, alive.","de be'a risi, ti hia ne ninu mahu, sèna ka èdhi dua ti j'unu dènge ne, ho ti abhu kolo hia ama èdhi.","Jaꞌa manèngi sèna ka dhèu aaꞌi-aaꞌi jꞌajꞌi dhèu aaꞌi-aaꞌi. Jaꞌa manèngi sèna ka dhèu aaꞌi-aaꞌi jꞌajꞌi dhèu aaꞌi-aaꞌi jꞌajꞌi dhèu aaꞌi-aaꞌi jꞌajꞌi dhèu aaꞌi-aaꞌi. Jaꞌa manèngi sèna ka dhèu aaꞌi-aaꞌi jꞌajꞌi dhèu aaꞌi-aaꞌi jꞌajꞌi dhèu aaꞌi-aaꞌi jꞌajꞌi dhèu aaꞌi-aaꞌi jꞌajꞌi dhèu aaꞌi-aaꞌi jꞌajꞌi dhèu aaꞌi-aaꞌi jꞌajꞌi dhèu aaꞌi-aaꞌi jꞌajꞌi dhèu aaꞌi-aaꞌi.""","Mai, tao kita ia mahu ninu anggur, aa bhèj'i kita ètu ia, sèna ka kita tèka hini ètu ama kita, atawa a'a-ari ètu ama kita muri.",,eng,nfa,English,Dhao,7.2347,9.0456,11.5934
"and so they gave to their father to drink wine in that night or and so that night they gave their father some wine to drink, and the more, or the elder, daughter entered, and slept with her father; and he feeled not, neither when the daughter lay down, neither when she a rose.","ka ropa d'ai mèda, dua ra hia ama ra ninu èi anggor toke mahu. hèia ana bhèni uru èèna, la'e j'unu dènge ama na. lula ama na dhu mahu ae, ka ne'a boe nèngu dhu j'unu dènge ana na.","Èle èèna ka, bèli-camèdꞌa ana bhèni dhu kapai èèna maso asa dꞌara èmu ama ra, sèna ka naꞌa èi anggor. Hèia ana bhèni dhu kapai èèna maso asa dꞌara èmu ama na, hèia na maso asa dꞌara èmu ama na. Ropa ana bhèni dhu kapai èèna maso asa dꞌara èmu ama na, hèia naꞌa boe.","Èle èèna ka, mèda èèna ra ma'u èi anggor asa ama ra sèna ka nèngu kinu. Hèia ana bhèni dhu kapai èèna maso asa dꞌara èmu ama na, hèia na bhèj'i lolo ama na. Hèia nèngu g'ag'e boe, do ropa ana bhèni èèna bhèj'i, do ropa na mèdha.",,eng,nfa,English,Dhao,2.3088,5.5371,5.5086
"and the tother day the more daughter said to the less, or the younger one, lo! i slept yesterday with my father; give we to him to drink wine also in this night; and thou sleep with him, that we save the seed of our father. and the next day the elder daughter said to the younger one, behold! yesterday i slept with my father; tonight we shall also give him some wine to drink, and then thou sleep with him, so that we shall most assuredly save our father's seed, or our father's family.","hèia asa bèli èèna, a'a na peka dènge ari na, aku nèngu na, mèda deo na, ja'a j'unu le dènge ama èdhi. de mèda ne'e, èu kèna. èdhi hia ne hari ninu mahu, ho lamu j'unu dènge ne. sèna ka èdhi dua ti abhu ana, ho hia ana-èpu mi ama èdhi.","Asa bèli èèna, ana bhèni kapai ne peka dènge ana bhèni kapai ne, aku nèngu na, ""Bèli-camèdꞌa, jaꞌa madhèdi dènge ama ku ètu dꞌara èmu neꞌe. Ladhe ètu dꞌara èmu neꞌe, na, èdhi hia ne èi anggor ho naꞌa, sèna ka èdhi bisa mamuri dènge dhèu aaꞌi-aaꞌi ètu dꞌara èmu aaꞌi-aaꞌi èdhi. De ladhe ètu dꞌara èmu neꞌe, èdhi bisa mamuri dènge dhèu aaꞌi-aaꞌi ètu dꞌara èmu aaꞌi-aaꞌi èdhi aaꞌi-aaꞌi ètu dꞌara èmu aaꞌi-aaꞌi èdhi, sèna ka èdhi bisa mamuri dènge dhèu aaꞌi-aaꞌi èdhi aaꞌi-aaꞌi ètu dꞌara èmu aaꞌi-aaꞌi ètu dꞌara èmu aaꞌi-aaꞌi èdhi, sèna ka èdhi bisa mamuri dènge dhèu aaꞌi-aaꞌi ètu dꞌara èdhi aaꞌi-aaꞌi-aaꞌi ètu dꞌara èmu aaꞌi-aaꞌi-aaꞌi.""","Asa bèli èèna, ana bhèni kapai ne peka dènge ana bhèni ngèru ne, ""Ladhe! Jaꞌa bhèj'i meda dènge ama ku. Èdhi hia ne èi anggor ho kinu hèi ètu mèda nenga; aa èu bhèj'i dènge nèngu, sèna ka èdhi tèke hini ama èdhi."" Asa lod'o hari, ana bhèni kapai ne peka dènge ana bhèni ngèru ne, ""Ladhe! Meda jaꞌa bhèj'i dènge ama ku. Mèda nenga èdhi hia ne èi anggor ho kinu hèi, de èu bhèj'i dènge nèngu, sèna ka èdhi tèke tare'a-re'a hini ama èdhi, do a'a-ari ama èdhi.""",,eng,nfa,English,Dhao,4.6892,4.8186,4.872
"and they gave to their father also in that night to drink wine, and the less daughter entered, and slept with him; and soothly he feeled not then when she lay down, neither when she a rose. and so also that night they gave their father some wine to drink, and the younger daughter entered, and slept with him; and truly he felt nothing when she lay down, nor when she arose.","ka d'ara mèda na, dua ra hia hari ama ra ninu mahu. ka ana bhèni limuri ne, la'e ka j'unu dènge ama na. te ngaa, lula ama ra dhu mahu titu kèna, nèti èèna ka, ne'a boe ngaa dhu nèngu tao mi dedha ana bhèni na.","Èle èèna ka, bèli-camèdꞌa dhèu seꞌe sèmi èèna kahèi. Hèia ana bhèni kapai ne maso asa dꞌara èmu Ama Lamatua. Ropa ana bhèni kapai ne maso asa dꞌara èmu Ama Lamatua, bèli-camèdꞌa na maso asa dꞌara èmu Ama Lamatua. Nèti èèna ka, ana bhèni kapai ne maso asa dꞌara èmu Ama Lamatua. Ropa ana bhèni kapai ne maso asa dꞌara èmu Ama Lamatua, bèli-camèdꞌa na maso asa dꞌara èmu Ama Lamatua. Ropa ana bhèni kapai ne maso asa dꞌara èmu Ama Lamatua, bèli-camèdꞌa na maso asa dꞌara èmu Ama Lamatua.","Aa ètu mèda èèna kahèi, nèngu pamaꞌa èi anggur baꞌi ama nèngu kinu. Aa ana bhèni ngèru ne maso, aa bhèj'i dꞌara nèngu. Aa tare'a-re'a, nèngu boe g'ag'e ropa nèngu sagèba, aa boe ropa nèngu parèi.",,eng,nfa,English,Dhao,0.5218,-1.9916,0.2277
therefore the two daughters of lot conceived of their father. and so lot's two daughters conceived by their father.,"dènge j'ara ne'e ne ka, dua ra dènge babia nèti ama d'èlu rèngu.","Nèti èèna ka, bèli-camèdꞌa dhèu dua jꞌajꞌi bèdho dènge ama ra. Nèti èèna ka, bèli-camèdꞌa dhèu dua jꞌajꞌi bèdho dènge ama ra.","Nèti èèna ka, bèli-camèdꞌa dhèu dua jꞌajꞌi bèdho dènge ama ra. Nèti èèna ka, bèli-camèdꞌa dhèu dua jꞌajꞌi bèdho dènge ama ra.",,eng,nfa,English,Dhao,0.0,0.0,0.0
"and the more daughter childed a son, and called his name moab; he is the father of the men of moab unto this present day.",hèia ana bhèni uru èèna nara iisi ana mone ca dhèu. ka na pangare na moab dhu sasoa na ‘mai nèti ama'. ana ne'e ka dhu j'aj'i bèi-baki nèti dhèu moab.,"Èle èèna ka, ana bhèni èci, nara iisi ana mone. Ka ra pangare ne, Moab. Nèngu ka dhu jꞌajꞌi ama dhèu Moab toke dꞌai sange neꞌe.","Èle èèna ka, ana bhèni èci, nara iisi ana mone. Ka ra pangare ne, Moab. Nèngu ka dhu j'aj'i ama dhèu Moab toke d'ai sange ne'e.",,eng,nfa,English,Dhao,10.2995,4.7552,4.7517
"and the less daughter childed a son, and called his name benammi, that is, the son of my people; he is the father of the men of ammon till to this day.","ka ana bhèni limuri ne, nara iisi ana mone èci kahèi. na pangare na ben ami dhu sasoa na ‘mai nèti dhèu ja'a'. ana ne ka dhu j'aj'i bèi-baki nèti dhèu amon.","Èle èèna ka, ana bhèni ca dhèu, nara iisi ana mone. Ka ra pangare ne, Benammi. Nèngu ka jꞌajꞌi ama dhèu Amon, toke dꞌai sange neꞌe.","Èle èèna ka, ana bhèni ca dhèu, nara iisi ana mone. Ka ra pangare ne, Benammi, nuka ana dhèu dꞌai. Nèngu ka jꞌajꞌi ama dhèu Amon, toke dꞌai sange neꞌe.",,eng,nfa,English,Dhao,-0.3067,2.9233,1.9821
"abraham went forth from thence into the land of the south, and dwelled betwixt kadesh and shur, and was a pilgrim in gerar; and abraham went forth from there to the land of the south, and lived between kadesh and shur, and was a foreigner in gerar;","èle èèna, ka abraham nèti mamre, pidha asa rai negeb, dhu ètu re balèu, ka na pea ètu talora rae kades, dènge rae syur. te ngaa na pea nèbhu boe, ka pidha hari asa rae gerar.","Èle èèna ka, Abraham tèke eele nèti èèna, laꞌe pea ètu mia-mia, ètu talora kota Kadesh dènge kota Shur, sèna ka na pea ètu mia-mia. Ètu nèi, Abraham pea ètu mia-mia, ka na pea ètu mia-mia, ètu mia-mia.","Abraham tèke eele nèti èèna la'e ètu rai mia-mia, aa pea ètu talora Kadesh dènge Shur, aa na dadi nèngu nèngu rai ètu Gerar; aa Abraham tèke eele nèti èèna la'e ètu rai mia-mia, aa pea ètu talora Kadesh dènge Shur, aa na dadi nèngu nèngu rai ètu Gerar.",,eng,nfa,English,Dhao,-7.305,0.328,-3.3802
"and again he said of sarah, his wife, she is my sister. therefore abimelech, king of gerar, sent for her, and took her, or and so abimelech, king of gerar, had her brought to him.","hèia na peka dènge dhèu ètu sèra, aku nèngu na, sara ne, ana hèni ja'a. nèti èèna ka, abimelek dhèu aae gerar, pua dhèu lasi lii d'ai sara. ka nèti ne mai asa d'ara èmu dhèu aae.","Èle èèna ka, Abimelek, dhèu aae Gerar, pua dhèu lasi paraga dènge ne, aku nèngu na, ""Sara ne, dhèu èmu na. Nèngu ne, ari jaꞌa."" Hèia Abimelek, dhèu aae Gerar, pua dhèu lasi paraga dènge ne.","Hari nèngu aku Sara, dhèu èmu nèngu, na, ""Nèngu ne, hèni ja'a."" Hèia Abimelek, dhèu aae Gerar, pua dhèu lasi nèngu mai asa nèngu.",,eng,nfa,English,Dhao,-5.2427,-7.9359,-7.1188
"soothly god came to abimelech by a sweven in the night or and god came to abimelech by a dream in the night, and said to him, lo! thou shalt die, for the woman which thou hast taken, for she hath an husband.","d'ara ca mèda sa, ama lamatua pad'elo iisi na dènge dhèu aae ètu d'ara nii. na peka, mamadhe èu ne dètu kèna! lula èu more dhèu èmu dhèu.","Èle èèna ka, dꞌara mèda èèna, Ama Lamatua padhai lii dènge Abimelek, aku nèngu na, ""Èu hudꞌi madhe ku, te bhèni èu ne, dhèu èmu-kamali.""","Èle èèna ka, dꞌara mèda èèna, Ama Lamatua padhai lii dènge Abimelek dꞌara nii, aku nèngu na, ""Èu hudꞌi madhe ku, te bhèni èu ne, dhèu èmu-kamali.""",,eng,nfa,English,Dhao,-0.0343,2.5239,2.0417
"forsooth abimelech had touched not her; and he said, lord, whether thou shalt slay a folk unknowing and just? but abimelech had not yet touched her; and he said, lord, shalt thou slay an unknowing and a righteous nation? whether he said not to me, she is my sister, and she said, he is my brother? in the simpleness of mine heart, and in the cleanness of mine hands, i did this, or i did this with a pure heart, and with clean hands.","hèia abimelek dhaa, peka na, lamatua! ja'a dhae pa'èci mèka dènge bhèni na. aa ja'a sasala aad'o. abraham unu na ka dhu peka, bhèni na, ana hèni nèngu! aa bhèni na dhaa sèmi èèna kahèi. nèti èèna ka, ja'a hia dhèu lasi lii d'ai ne, dènge d'ara mola. de lamatua baku pad'ui ja'a sasala!","Nèti èèna ka, Abimelek dꞌèi boe paꞌèki dènge ne. Hèia na karèi, aku nèngu na, ""Ama! Èu neo pamadhe dhèu dhu dꞌèlu-mèu, aa dhèu dhu dꞌèlu-mèu boe, do?"" Te ngaa Abimelek dꞌèi boe paꞌèki dènge ne. Na karèi, aku nèngu na, ""Ama! Èu neo pamadhe dhèu dhu dꞌèlu-mèu, aa dhèu dhu dꞌèlu-mèu boe, do?"" Aa Abimelek karèi, aku nèngu na, ""Èu neo pamadhe dhèu dhu dꞌèlu-mèu, aa dhèu dhu dꞌèlu-mèu, do?""","Nèti èèna ka, Abimelek dꞌèi boe paꞌèki dènge ne. Hèia na karèi, aku nèngu na, ""Lamatua! Èu neo pamadhe dhèu dhu dꞌèlu-mèu aa dhèu dhu tare'a, do?"" Te ngaa Abimelek dhae dꞌèi paꞌèki dènge ne. Na karèi, aku nèngu na, ""Lamatua! Èu neo pamadhe dhèu dhu dꞌèlu-mèu aa dhèu dhu tare'a, do?"" Na karèi boe dènge ya na, 'Nèngu nèngu ana-hèni ya,' aa nèngu karèi, 'Nèngu nèngu ana-mone ya,' do? Ètu usu ya dhu mèu, aa ètu kacui.aai ya dhu mèu, ya tao nenga.",,eng,nfa,English,Dhao,0.3784,6.2327,4.2615
"and the lord said to him, and i know that thou didest by simple heart, and therefore i kept thee, lest thou didest sin against me, and i suffered not that thou touchedest her; and the lord said to him, yea, i know that thou didest this with a pure heart, and so i kept thee, so that thou didest not sin against me, and i did not allow thee to touch her;","ka lamatua dhaa, peka na, tare'a. mema ja'a ke'a d'ara èu mola. nèti èèna ka, ja'a ka dhu taha èu, ho baku pa'èci dènge ne. dènge j'ara sèmi èèna, èu tao boe sala mi ja'a hèi.","Hèia dhèu aae na dhaa, aku nèngu na, ""Jaꞌa keꞌa, na, èu tao sèmi èèna dènge dꞌara mola-mèci. Nèti èèna ka, jaꞌa kèpe eele èu, sèna ka èu tao boe sasala dènge jaꞌa. De jaꞌa keꞌa, na, èu tao sèmi èèna dènge dꞌara mola-mèci. De jaꞌa kèpe eele èu, sèna ka èu tao boe sasala dènge jaꞌa. De jaꞌa kèpe eele èu, sèna ka èu paꞌèki dènge ne.","Hèia Lamatua aku nèngu na, aa jaꞌa keꞌa, na, èu tao sèmi èèna dènge dꞌara mola-mèci, aa nèti èèna ka, jaꞌa kèpe eele èu, aeka èu tao sasala dènge jaꞌa, aa jaꞌa j'èra boe sèna ka èu paꞌèki dènge ne; Hèia Lamatua aku nèngu na, èe, jaꞌa keꞌa, na, èu tao sèmi èèna dènge dꞌara mola-mèci, aa nèti èèna ka, jaꞌa kèpe eele èu, sèna ka èu tao boe sasala dènge jaꞌa, aa jaꞌa j'èra boe sèna ka èu paꞌèki dènge ne.",,eng,nfa,English,Dhao,-1.6975,-1.1129,-2.7621
"now therefore yield thou the wife to her husband, for he is a prophet; and he shall pray for thee, and thou shalt live; soothly if thou wilt not yield her, know thou that thou shalt die by death, thou, and all things that be thine, or but if thou wilt not give her back to him, know thou that thou shalt die, thou, and all who be thine.","de èu mèti hari ka bhèni ne, lèpa sa dhèu èmu na. mone na ka dhu nèti lii padhue-padhai ja'a. de lamu manèngi ne, sèna ka na sabaj'a hia èu, ho èu baku madhe. sanèd'e paie! ladhe èu hia boe bhèni na lèpa, èu dènge kabarai èu madhe aa'i mèu-mèu.","Nèti èèna ka, èu hudꞌi paꞌèki ku dènge dhèu èmu èu, dhèu nèti lii padhai Ama Lamatua. Ladhe èmu èu paꞌèki dènge dhèu èmu èu, na, èu mamuri hari. Te ngaa ladhe èu paꞌèki dènge dhèu èmu èu sèra, èu dènge dhèu aaꞌi-aaꞌi èu aaꞌi-aaꞌi ra madhe. Ladhe èu paꞌèki dènge dhèu èmu èu sèra, èu dènge dhèu aaꞌi-aaꞌi èu aaꞌi-aaꞌi ra madhe. De ladhe èu paꞌèki dènge dhèu èmu èu sèra, èu dènge dhèu aaꞌi-aaꞌi èu aaꞌi-aaꞌi ra madhe.""","Nèti èèna ka, èu hudꞌi paꞌèki dhèu èmu ku dhèu èmu nèngu, te nèngu dhèu nèti lii padhai Ama Lamatua. Aa nèngu neo mangaj'i baꞌa èu, aa èu neo muri. Te ngaa ladhe èu boe paꞌèki nèngu, ke'a ka èu neo madhe dènge kamadhe, èu, aa aaꞌi-aaꞌi èu nèngu.",,eng,nfa,English,Dhao,4.5039,1.2063,2.2626
"and at once abimelech rose up by night, and called for all his servants, and spake all these words in the ears of them; and all men dreaded greatly or and all the men had great fear.","bèli mad'ae aae èèna, dhèu aae pakaboko nare dhèu-dhèu kapai na aa'i-aa'i, ka na lolo lii nii na. hèia aa'i-aa'i ra madha'u.","Lodꞌo èèna, Abimelek kèdꞌi titu, ka na paroa dhèu sabꞌa na aaꞌi-aaꞌi ra. Hèia na padhai lii dènge rèngu aaꞌi-aaꞌi ra. Ka dhèu aaꞌi-aaꞌi ra madhaꞌu aaꞌi-aaꞌi ra.","Kaca'a, Abimelek kèdꞌi titu ètu mèda, ka na paroa dhèu sabꞌa na aaꞌi-aaꞌi ra. Hèia na padhai lii nenga aa'i-aa'i ètu rèu dhilu rèngu. Ka dhèu aaꞌi-aaꞌi ra madhaꞌu rarahai.",,eng,nfa,English,Dhao,6.9717,4.3699,2.4123
"soothly abimelech called also abraham or and then abimelech called for abraham, and said to him, what hast thou done to us? what sinned we against thee, that thou hast brought in on me and on my realm such a great sin? thou hast done to us which things thou oughtest not to do.","ka dhèu aae paroa abraham. na karèi, aku nèngu na, ja'a tao sala ngaa mi èu, ka èu neo paj'èra ja'a dènge kabarai ja'a? èu ne ele-ho'a ka dènge tao madha j'ara sèmi ne'e ne.","Èle èèna ka, Abimelek paroa Abraham, ka na karèi ne, aku nèngu na, ""Ama! Nga tao ka jiꞌi tao sala? Nga tao ka jiꞌi tao sala ètu madha èu, sèna ka èu tao jꞌara bhelu-katubꞌa èèna mi jaꞌa dènge dhèu aaꞌi-aaꞌi jiꞌi ètu rai-haha ne?""","Èle èèna ka, Abimelek paroa Abraham, ka na karèi nèngu na, ""Nga tao ngaa ka ji'i? Ji'i tao sala ngaa ètu madha èu, sèna ka èu tao jꞌara bhelu-katubꞌa èèna mi jaꞌa dènge dhèu aaꞌi-aaꞌi jiꞌi ètu rai-haha ne? Nga tao ka ji'i j'ara-j'ara sèmi èèna boe dhu tao.""",,eng,nfa,English,Dhao,-1.521,3.8822,2.1835
"and again abimelech asked, and said, what thing sawest thou, that thou wouldest do this? and again abimelech asked abraham, why did thou do this?","ngangee èu tasamia ka, mu tao sèmi ne'e ne?","Hèia Abimelek karèi Abraham, aku nèngu na, ""Nga tao ka èu tao sèmi èèna?""","Aa hari Abimelek karèi, aa nèngu na, ""Nga tao èu èi, ka èu tao sèmi nenga?"" Aa hari Abimelek karèi Abraham, ""Nga tao ka èu tao nenga?""",,eng,nfa,English,Dhao,-3.7112,3.9168,-0.8297
"and abraham answered, i thought within me, and said, in hap the dread of god is not in this place; and they shall slay me for my wife;","ka abraham dhaa, peka na, ama dhèu aae! ja'a pangee na, miu aa'i-aa'i mi, kabarai ne dhèu dhu tadhe boe ama lamatua. de ele boe cahag'e neo pamadhe ja'a, sèna ka parame rare dhèu èmu ja'a.","Te ngaa Abraham dhaa, aku nèngu na, 'Baku madhaꞌu dènge Ama Lamatua ètu rai-haha ne, te ngaa rèngu neo pamadhe jaꞌa, lula jaꞌa jꞌajꞌi dhèu èmu jaꞌa.","Te ngaa Abraham dhaa, aku nèngu na, 'aad'o madha'u Ama Lamatua ètu rai-haha ne, te ngaa rèngu neo pamadhe jaꞌa, lula èmu ja'a.",,eng,nfa,English,Dhao,0.1703,-0.8869,0.0119
"in other manner forsooth and she is my sister verily, for she is the daughter of my father, and not the daughter of my mother; and i wedded her into wife; and truly in one way she is my sister, for she is the daughter of my father, but not the daughter of my mother; and so i wedded her for a wife;","mema ja'a dhu peka tare'a, nèngu ne, ana hèni ja'a. lula ji'i dua mi ca ama, te ngaa ina baka-leo. nèti èèna ka, ji'i dua mi paleo.","Nèti èèna ka, jaꞌa jꞌajꞌi dhèu èmu-kamali jaꞌa. Nèti èèna ka, jaꞌa jꞌajꞌi dhèu èmu-kamali jaꞌa, te ngaa jaꞌa jꞌajꞌi dhèu èmu-kamali jaꞌa.","Ètu j'ara la'e, tare'a-re'a, nèngu ana-hèni ja'a, ladhe nèngu ana baba ja'a, aa boe ana ina ja'a; aa ja'a paj'aj'i nèngu èmu ja'a. Aa tare'a-re'a ètu j'ara mesa, nèngu ana-hèni ja'a, ladhe nèngu ana baba ja'a, te ngaa boe ana ina ja'a; aa de ja'a paj'aj'i nèngu èmu ja'a.",,eng,nfa,English,Dhao,0.8723,8.5318,4.578
"soothly after that god led me out of the house of my father, i said to her, thou shalt do this mercy with me in each place to which we shall enter; thou shalt say, that i am thy brother. and after that god led me out of my father's house, i said to her, thou shalt do this mercy for me in each place to which we shall enter; thou shalt say that i am thy brother.","ka ropa ama lamatua pua ji'i ho tèke eele era paleo-palu'u ji'i, lod'o èèna ja'a peka dènge dhèu èmu ja'a, aku ja'a na, ‘ladhe èdhi lati asa era leo, ho dhèu karèi èu, dhu èdhi se dhèu èmu-kamali, ladhe èu dhu sue ja'a, na dhaa la, peka na èdhi se, dua ti pa'a'ari. '","Èle èèna ka, Ama Lamatua pua jaꞌa nèti èmu ama ku. Hèia jaꞌa peka dènge ne, aku nèngu na, 'Ladhe èdhi maso asa mia-mia, èu hudꞌi padhai lii, peka na, jaꞌa ne, aꞌari èu.' Ka jaꞌa peka dènge ne, aku nèngu na, 'Ladhe èdhi maso asa mia-mia, èu hudꞌi padhai lii, peka na, jaꞌa ne, aꞌari èu.'","Èle èèna ka, Ama Lamatua pua jaꞌa nèti èmu ama ku. Hèia jaꞌa peka dènge ne, aku nèngu na, 'Ladhe èdhi maso asa mia-mia, èu hudꞌi peka na, jaꞌa ne, aꞌari èu.' Ka jaꞌa peka dènge ne, aku nèngu na, 'Ladhe èdhi maso asa mia-mia, èu hudꞌi peka na, jaꞌa ne, aꞌari èu.'",,eng,nfa,English,Dhao,-0.3827,-1.7614,-1.1957
"therefore abimelech took sheep, and oxen, and servants, and handmaids, and gave to abraham; and he yielded to him sarah, his wife, and so abimelech took sheep, and oxen, and male and female slaves, and gave them to abraham; and he gave him back his wife sarah, and said, the land is before you; dwell thou, wherever it pleaseth thee. forsooth abimelech said to sarah, lo! i gave a thousand pieces of silver to thy brother; this shall be to thee into a covering of the eyes, to all men that be with thee; and whither ever thou goest, have thou mind that thou art taken. and abimelech said to sarah, behold! i have given a thousand pieces of silver to thy brother; this shall be proof to all thy own people that thou art guiltless; but wherever thou goest, remember that thou art already taken.","èle èèna ka, dhèu aae abimelek pangèd'u hari sara la'e asa abraham. ka na peka dènge sara, èèna na, ja'a hia ana mone mu doi iia ca riho, sèna ka j'aj'i tadha ja'a tao boe sala ngaa-ngaa mi èu. ho hud'i sène, dhèu aa'i-aa'i ra re'a! hèia dhèu aae peka dènge abraham, aku nèngu na, kabarai ja'a ne, dhu bhoke tèke hia èu. èu neo pea mi era mia èèna ka, ja'a hia èu. ka abimelek hia abraham sapi, kahib'i-ka'ia, dènge kahib'i-kalèbho. na hia kahèi ènu dhèu mone dènge dhèu bhèni.","Èle èèna ka, Abimelek kèpe rare kahibꞌi-kalèbho, sapi, dhèu sabꞌa, dènge dhèu sabꞌa sèra, ho hia Abraham. Abimelek kèpe hari Sara dènge dhèu-dhèu èmu na sèra, sèna ka rèdhi dhèu aaꞌi-aaꞌi dhu ètu èèna. Aa Abimelek kèpe hari Sara dènge dhèu èmu na sèra, sèna ka rèdhi dhèu aaꞌi-aaꞌi dhu ètu èèna, sèna ka rèdhi dhèu aaꞌi-aaꞌi dhu ètu èèna. Aa Abimelek kèpe hari Sara dènge dhèu aaꞌi-aaꞌi dhu ètu èèna, sèna ka rèdhi dhèu aaꞌi-aaꞌi dhu ètu èèna, sèna ka rèdhi dhèu aaꞌi-aaꞌi dhu ètu èèna. Aa Abimelek kèpe hari Sara dènge dhèu aaꞌi-aaꞌi dhu ètu èèna, sèna ka rèdhi dhèu aaꞌi-aaꞌi dhu ètu èèna, sèna ka rèdhi rèdhi dhèu aaꞌi-aaꞌi dhu ètu èèna.","Èle èèna ka, Abimelek kèpe rare kahibꞌi-kalèbho, sapi, ènu mone dènge ènu bhèni, aa hia asa Abraham. Aa nèngu hia hari Sara, dhèu èmu na, asa Abraham. Aa nèngu aku asa Abraham, ""Rai nenga ètu madha èu; èu mèke ètu mia-mia dhu mèke èu."" Aa Abimelek aku asa Sara, ""Loo! Èu hia riho lai pudhi asa kera èu; nenga nare katanga madha asa èu, sèna ka dhèu aa'i dhu dènge èu mèke èle dhu èu lèke. Tèngaa ètu mia-mia dhu èu noo-noo, èu lèke èle dhu èu èle nare.""",,eng,nfa,English,Dhao,3.4546,2.5953,3.15
"soothly for abraham prayed, god cured abimelech, and his wife, and handmaids, and they childed; and because abraham prayed to god, god cured abimelech, and his wife, and his slave-girls, and they gave birth; for god had closed each womb of the house of abimelech, for sarah, the wife of abraham. for god had closed up each womb in abimelech's household, because of sarah, abraham's wife.","uru èèna, lula abimelek nare dhèu èmu abraham, ka lamatua hutu eele era ana nèti bhèni aa'i-aa'i dhu pea ètu kabarai dhèu aae èèna. te ngaa ropa abimelek hia sara lèpa hari sa dhèu èmu na, ka abraham sabaj'a ho lamatua bhoke hari era ana nèti bhèni se. ka ra abhu hari ana.","Èle èèna ka, Ama Lamatua puri-paꞌèle dhèu aaꞌi-aaꞌi nèti dhèu aaꞌi-aaꞌi nèti dhèu aaꞌi-aaꞌi nèti dhèu aaꞌi-aaꞌi nèti dhèu aaꞌi-aaꞌi nèti dhèu aaꞌi-aaꞌi nèti dhèu aaꞌi-aaꞌi nèti dhèu aaꞌi-aaꞌi nèti dhèu aaꞌi-aaꞌi nèti dhèu aaꞌi-aaꞌi nèti dhèu aaꞌi-aaꞌi nèti dhèu aaꞌi-aaꞌi nèti dhèu aaꞌi-aaꞌi nèti dhèu aaꞌi-aaꞌi nèti dhèu aaꞌi-aaꞌi nèti dhèu aaꞌi-aaꞌi nèti dhèu aaꞌi-aaꞌi nèti dhèu aaꞌi-aaꞌi nèti dhèu aaꞌi-aaꞌi nèti dhèu aaꞌi-aaꞌi nèti dhèu aaꞌi-aaꞌi.","Rowi Abraham mangaj'i, Ama Lamatua puri-paꞌèle Abimelek, aa bhèni nèngu, aa ana-bhèni ènu nèngu, j'aj'i ra kora iisi. Rowi Ama Lamatua kutu dèlu baka ètu èmu Abimelek, rowi Sara, bhèni Abraham.",,eng,nfa,English,Dhao,0.8154,6.9499,6.9886
"forsooth god visited sarah, as he promised, and ful filled those things, that he spake. and she conceived, and childed a son in her eld age, in the time wherein god before-said to her. and she conceived, and bare a son in her old age, at the time which god had spoken of before to her. and abraham called the name of his son, whom sarah childed to him, isaac. and abraham circumcised him in the eighth day, as god commanded to him, and abraham circumcised him on the eighth day, as god had commanded to him, when he was of an hundred years; for isaac was born in this age of the father. when he was a hundred years old; for this was the age of his father when isaac was born. and sarah said, the lord hath made laughing to me or the lord hath made me to laugh, and whoever shall hear about this shall laugh with me. and again she said, who should hear, and believe to abraham, or and she added, for who would have said to abraham, that sarah should give sucking to a son, whom she childed to him, when he is now an eld man?","èle èèna ka, lamatua hia sara mèngi-nale madhutu lii pajaji na. lod'o sara dènge babia, abraham dhu heka le. ropa sara nara iisi, umur abraham d'ai cangasu tèu kèna. lod'o sara d'ai hèru, ka nara iisi ana mone ca dhèu. ka abraham pangare ne, isak dhu sasoa na ‘na mari'. sara peka hèi, aku nèngu na, ama lamatua tao ja'a mari, lula ja'a karej'e. dhèu ae ka dhu pangee na, ja'a ètu d'ara heka sèmi ne'e ne, abhu heka ana. masi ka dhèu èmu ja'a heka bhoro le, te ja'a bisa kora iisi ana hia ne. èèna na, ladhe dhèu tadèngi j'ara ne'e, rèngu aa'i-aa'i ra mari kahèi dènge ja'a ne. ropa isak d'ai aru lod'o, abraham suna ne, madhutu paredha ama lamatua.","Èle èèna ka, Abraham paroa ana na, Isak. Èle èèna ka, Abraham tadèngi lii padhai Abraham, peka na, ""Sèmi neꞌe! Ladhe jaꞌa tadèngi sèmi èèna, dhèu aaꞌi-aaꞌi dhu dꞌèi nanene jaꞌa, bèli-camèdꞌa jaꞌa neo padhai lii sèmi èèna, dhèu aaꞌi-aaꞌi bisa boe nanene jaꞌa."" Hèia Abraham suna ne, peka na, ""Ladhe jaꞌa tadèngi sèmi èèna, bèli-camèdꞌa dhèu aaꞌi-aaꞌi bisa boe nanene jaꞌa, do, dhèu aaꞌi-aaꞌi bisa boe nanene jaꞌa, do, dhèu aaꞌi-aaꞌi bisa boe nanene jaꞌa, do, dhèu aaꞌi-aaꞌi bisa boe nanene jaꞌa, do, dhèu aaꞌi-aaꞌi bisa boe nanene jaꞌa, do, dhèu aaꞌi-aaꞌi bisa boe nanene jaꞌa, do, dhèu aaꞌi-aaꞌi bisa boe nanene jaꞌa.""","Lamatua dhuli Sara, sèmi ne padhadha, dènge ne isi sèra dhu ne padhai. Dènge ne mora iisi, dènge ne kora ana mone ètu tèu dhui ne, ètu lod'o dhu Lamatua heka padhai asa nèngu. Dènge Abraham paroa ngara ana ne, dhu Sara kora asa nèngu, Isak. Dènge Abraham suna ne ètu lod'o aru, sèmi Lamatua paredha asa nèngu, ropa ne tèu ngasu èci; de Isak mora iisi ètu tèu ama ne nenga. Dènge Sara aku, ""Lamatua mari jaꞌa, dènge cee-cee dhu tadèngi ele.boe nenga, mari dènge jaꞌa."" Dènge ne aku hari, ""De cee dhu padhai asa Abraham, de Sara hia susu asa ana mone dhu ne kora asa nèngu, ropa ne j'aj'i mone dhui nenga?""",,eng,nfa,English,Dhao,-0.625,7.7353,7.1924
"therefore the child increased, and was weaned; and abraham made a great feast in the day of his weaning or and abraham made a great feast on the day of his weaning.","isak kapai ka noo-noo. ropa oe d'ai lod'o luri susu, abraham tao tatao aae.","Nèti èèna ka, ana ne jꞌajꞌi ca dhèu. Hèia Abraham tao hèbꞌa dènge dhèu aaꞌi-aaꞌi, sèna ka raꞌa-rinu ne. Èle èèna ka, Abraham tao hèbꞌa dènge dhèu aaꞌi-aaꞌi, sèna ka raꞌa-rinu ne, nuka sèmi dhèu aaꞌi-aaꞌi raꞌa-rinu dhu kapai risi eele nèti dꞌara hèbꞌa raꞌa-rinu raꞌa-rinu raꞌa-rinu raꞌa-rinu raꞌa-rinu raꞌa-rinu raꞌa-rinu raꞌa-rinu raꞌa-rinu, sèna ka raꞌa-rinu raꞌa-rinu raꞌa-rinu raꞌa-rinu raꞌa-rinu raꞌa-rinu raꞌa-rinu raꞌa-rinu raꞌa-rinu.","Nèti èèna ka, ana ne jꞌajꞌi, aa nèngu sabhi. Hèia Abraham tao hèbꞌa dènge dhèu aaꞌi-aaꞌi, sèna ka raꞌa-rinu ne, ètu lod'o nèngu sabhi.",,eng,nfa,English,Dhao,2.5479,6.4682,8.2669
"and when sarah saw the son of hagar the egyptian, playing, or doing idolatry, with isaac her son, and when sarah saw the son of hagar the egyptian, mocking her son isaac, she said to abraham, cast out this handmaid and her son; for the son of the handmaid shall not be heir with my son isaac. she said to abraham, send away this slave-girl and her son; for the slave-girl's son shall not be heir with my son isaac.","ca tèke, sara ladhe nèdhi ismael, ana nèti dhèu èmu limuri abraham, padadisi dènge isak. ropa nèdhi sèmi èèna, sara peka dènge dhèu èmu na, bège eele ènu masir nèi dènge ana na! te, ja'a ko'o boe ana ènu èèna unu pusaka, masi ka ciki oo'e èèna ka. dhoka ana ja'a isak di, dhu abhu sèra aa'i-aa'i.","Èle èèna ka, Sara ladhe nèdhi ana hèni èci nèti dhèu Masir, ngara na Isak. Sara ladhe nèdhi ana hèni èci nèti dhèu Masir, ngara na Isak. Hèia na peka dènge Abraham, aku nèngu na, ""Ladhe sèmi èèna, beꞌa risi Ama Lamatua babège eele ana hèni ne nèti rai-haha ne, sèna ka dhèu aaꞌi-aaꞌi bisa boe jꞌajꞌi dhèu unu Ama Lamatua, sama-sama dènge ana hèni èci nèti dhèu aaꞌi-aaꞌi nèti dhèu aaꞌi-aaꞌi nèti dhèu aaꞌi-aaꞌi nèti dhèu aaꞌi-aaꞌi nèti dhèu aaꞌi-aaꞌi nèti dhèu aaꞌi-aaꞌi nèti dhèu aaꞌi-aaꞌi nèti dhèu aaꞌi-aaꞌi nèti dhèu aaꞌi-aaꞌi nèti dhèu aaꞌi-aaꞌi nèti dhèu aaꞌi-aaꞌi nèti dhèu aaꞌi-aaꞌi nèti dhèu aaꞌi-aaꞌi-aaꞌi nèti dhèu aaꞌi-aaꞌi-aaꞌi nèti dhèu aaꞌi-aaꞌi-aaꞌi.""","Ropa Sara nèdhi ana hèni Hagar dhèu Masir, laleko ana nèngu Isak, na aku dènge Abraham, ""Pa'adhu ènu ana-bhèni nenga aa ana nèngu; rowi ana nèti ènu ana-bhèni boe j'aj'i dhèu unu sama-sama dènge ana hèni aku Isak.""",,eng,nfa,English,Dhao,-1.5392,-10.1521,-6.8451
"abraham took this heavily for his son; and abraham took this heavily, or was deeply troubled, for ishmael was also his son;","ropa abraham tadèngi lii padhai sara ne, ka d'ara na ako be'a boe, lula ismael ne, ana d'èlu na kahèi.","Èle èèna ka, Abraham rasa heka, lula nèngu dènge ana na, Isak. Nèti èèna ka, Abraham rasa heka, lula nèngu dènge ana na, Isak. Nèti èèna ka, Abraham dꞌèi heka, lula nèngu dènge ana na, Isak. Nèti èèna ka, Abraham dꞌèi heka, lula nèngu dꞌèi heka, lula nèngu dꞌèi heka ana na, Isak. Nèti èèna ka, Abraham dꞌèi heka, lula nèngu dꞌèi heka, lula nèngu dꞌèi heka jꞌajꞌi ana na, Isak. Nèti èèna ka, Abraham dꞌèi heka, lula nèngu dꞌèi heka, lula nèngu dꞌèi dꞌèi heka, lula nèngu dꞌèi dꞌèi dꞌèi dꞌèi dꞌèi dꞌèi dꞌèi dꞌèi dꞌèi dꞌèi dꞌèi dꞌèi dꞌèi dꞌèi dꞌèi dꞌèi dꞌèi dꞌèi dꞌèi dꞌèi dꞌèi dꞌèi dꞌèi dꞌèi dꞌèi dꞌèi dꞌèi dꞌèi dꞌèi dꞌèi dꞌèi dꞌèi dꞌèi dꞌèi dꞌèi dꞌèi dꞌèi dꞌèi dꞌèi dꞌèi dꞌèi dꞌèi dꞌèi dꞌèi dꞌèi dꞌèi dꞌèi dꞌèi dꞌèi dꞌèi dꞌèi dꞌèi dꞌèi dꞌara.","Abraham rasa heka lula ana na, Ismael. Aa nèngu rasa heka, sèmi nèngu rasa marèma carui, lula Ismael nèngu ana seka hèi.",,eng,nfa,English,Dhao,2.3126,11.4495,13.3261
"and god said to him, be it not seen sharp to thee on the child, and on thine handmaid; all things which sarah saith to thee, hear thou her voice, for in isaac the seed shall be called to thee; but god said to him, do not thou fret over the boy and the slave-girl; hear thou all the things which sarah saith to thee, for thy promised descendants shall come through isaac;","te ngaa ama lamatua lii dènge abraham, peka na, abraham! èu baku ngee pa'ae dhèu èmu limuri èu, dènge ana na. madhutu la dad'èi sara ne, lula bèli-camèd'a, èu abhu ana-èpu dhu ja'a moa tèke èèna, nèti isak ne'e ka.","Te ngaa Ama Lamatua peka dènge ne, aku Nèngu na, ""Sèmi neꞌe! Baku madhaꞌu dènge ana neꞌe dènge ana bhèni èu. De èu hudꞌi nanene ku, ngaa dhu Sara peka dènge èu. Te uru èèna, ana-èpu èu dhu jꞌajꞌi ana-èpu èu, nuka Isak."" Hèia Ama Lamatua peka dènge ne, aku Nèngu na, ""Èu baku madhaꞌu, lula ana-èpu èu ne, ana-èpu èu dhu jꞌajꞌi ana-èpu èu. Te ana-èpu èu dhu jꞌajꞌi ana-èpu èu, bèli-camèdꞌa nèngu jꞌajꞌi ana-èpu èu, nuka Isak.""","Te ngaa Ama Lamatua peka dènge ne, aku Nèngu na, ""Èu baku madhaꞌu dènge ana-mone neꞌe dènge ana bhèni èu. Èu hudꞌi nanene aaꞌi ngaa dhu Sara peka dènge èu, lula ana-èpu èu dhu jaji, nuka mai re Isak.""",,eng,nfa,English,Dhao,1.5343,-4.107,-1.1308
"but also i shall make the son of the handmaid into a great folk, for he is thy seed. but i shall also make the son of the slave-girl into a great nation, for he is also thy descendant.","te ngaa ja'a hia kahèi mèngi-nale mi ana nèti dhèu èmu limuri mu, lula nèngu ne, ana d'èlu èu kahèi. bèli-camèd'a, ana-èpu na j'aj'i suku èci kahèi.","Ana bhèni èu èèna, Jaꞌa pajꞌajꞌi dhèu aaꞌi-aaꞌi, lula nèngu jꞌajꞌi ana-èpu èu. Ana bhèni èu, Jaꞌa pajꞌajꞌi dhèu aaꞌi-aaꞌi, lula nèngu jꞌajꞌi ana-èpu èu kahèi.""","Te hèi, Ja'a paj'aj'i ana ana-tai ana-bhèni j'aj'i dhèu aa'i-aa'i, lula nèngu j'aj'i ana-èpu èu. Te Ja'a paj'aj'i kahèi ana ana-tai ana-bhèni j'aj'i dhèu aa'i-aa'i, lula nèngu j'aj'i ana-èpu èu kahèi.",,eng,nfa,English,Dhao,1.915,5.1454,6.1159
"and so abraham rose early, and took bread, and a bottle of water, and put it on hagar's shoulder, and he betook to her the child, and let go her; and when she had gone, she went out of the way in the wilderness of beersheba. and so abraham rose up early, and took some bread, and a bottle of water, and gave it to hagar, and put it on her shoulder, and he gave the boy to her, and sent her away; and when she had gone out a ways, she went off the way into the wilderness of beersheba.","bèli mad'ae aae èèna, abraham tao gee j'ara hia hagar, aa na kadhoe èi d'ara babo'i cue mi kabela-kao na. hèia na patabuli ka bhèni ne dènge ana na ismael, ho lasi. ka ra kako palème d'ara mamoo dhu dètu dènge beer-syeba.","Èle èèna ka, Abraham kèdꞌi madꞌae. Hèia na kèdꞌi roti dènge bokor èi, hèia na hia ana ne asa hèbꞌa na. Hèia na hia ana ne asa hèbꞌa na, sèna ka na lèpa. Èle èèna ka, hèia na lèpa hari asa dꞌara jꞌara, ho laꞌe asa hèbꞌa èèna. Èle èèna ka, Abraham kèdꞌi madꞌae roti dènge bokor èi, hèia na hia ana ne asa hèbꞌa na, sèna ka na lèpa hari ana ne. Èle èèna ka, hèia na lèpa hari asa hèbꞌa èèna, hèia na lèpa hari asa hèbꞌa èèna.","Èle èèna ka, Abraham kèdꞌi madꞌae. Hèia na kèdꞌi roti dènge boto èi, hèia na tèka ne ètu lasa'ara Hagar, hèia na hia ana ne asa nèngu, hèia na hudi nèngu lèpa. Hèia lod'o nèngu lèpa, nèngu lèpa ètu j'ara bhelu ètu Beersheba.",,eng,nfa,English,Dhao,2.1127,1.1079,2.1691
"and when the water in the bottle was ended, she cast away the child under a tree that was there; and when there was no more water in the bottle, she pushed the boy away under a tree that was there;","ropa èle èi rinu ra, hagar tèke eele ana na ètu d'ara mamaho aj'u iiki ca kapua.","Èle èèna ka, ana bhèni ne kèpe eele ana ne asa dꞌara ajꞌu aae. Ropa èi ètu dꞌara ajꞌu aae, hèia ana bhèni ne kèpe eele ana ne asa dꞌara ajꞌu aae, hèia ana bhèni ne kèpe eele ana ne asa dꞌara ajꞌu aaꞌi-aaꞌi ètu dꞌara ajꞌu aaꞌi-aaꞌi ètu dꞌara ajꞌu aaꞌi-aaꞌi ètu dꞌara ajꞌu aaꞌi-aaꞌi ètu dꞌara ajꞌu aaꞌi-aaꞌi ètu dꞌara ajꞌu aaꞌi-aaꞌi ètu dꞌara ajꞌu aaꞌi-aaꞌi ètu dꞌara ajꞌu aaꞌi-aaꞌi ètu dꞌara ajꞌu aaꞌi-aaꞌi ètu dꞌara ajꞌu aaꞌi-aaꞌi.","Aa ropa èi ètu boto èle, nèngu so ana ne asa d'ara aj'u aae; aa ropa èi ètu boto èle, nèngu tule ana-mone ne asa d'ara aj'u aae.",,eng,nfa,English,Dhao,5.2841,5.0058,9.0119
"and she went away, and she sat down even against him, as far as a bow may cast; for she said, i shall not see the child dying or i shall not watch my own child die! ; and she sat over against him, and raised up her voice, and wept.","ka na pangee ètu d'ara na, d'ara ja'a la'e boe, ladhe ja'a kèdhi mamadhe ana ja'a. ka na madhèdi ako kaj'èu nèti ana na, pe d'ai lèmi nguru meter sa. ka na tangi dènge lii roma iisi.","Èle èèna ka, na laꞌe madhèdi ètu madha Yusuf. Nèti èèna ka, na padhai lii, aku nèngu na, ""Sèmi neꞌe! Jaꞌa bisa boe ladhe mèdhi ana ne madhe. Aa jaꞌa bisa boe ladhe mèdhi ana jaꞌa madhe."" Hèia na madhèdi ètu madha Yusuf, hèia na tangi.","Na la'e, hèia na madhèdi ètu madha nèngu, sèmi kaduru bisa so. Na lii na, ""Sèmi neꞌe! Jaꞌa bisa boe mèdhi ana ne madhe ata mèdhi ana jaꞌa madhe."" Hèia na madhèdi ètu madha nèngu, hèia na kaboi lii nèngu, hèia na tangi.",,eng,nfa,English,Dhao,1.1112,0.2967,-0.2978
"forsooth the lord heard the voice of the child, and the angel of the lord called hagar from heaven, and said, what doest thou, hagar? do not thou dread, for god hath heard the voice of the child, from the place wherein he is. and the lord heard the boy crying, and the angel of the lord called to hagar from heaven, and said, what doest thou, hagar? do not thou fear, for god hath heard your boy crying from where he is.","lula ama lamatua dhu tadèngi lii tangi ismael, ka ana pajuu na mai nèti sorga, ka paroa hagar, aku nèngu na, hagar! nga tao ka, èu j'èra ae sèmi ne'e ne? baku madha'u ia ka, te lamatua tadèngi le lii tangi ana èu.","Ropa lamatua na tadèngi lii ana ne, hèia ana pajuu Lamatua nèti sorga paroa Hagar, aku nèngu na, ""Hagar! Baku madhaꞌu, te Ama Lamatua tadèngi le lii ana ne ètu dꞌara èmu na."" Hèia ana pajuu Lamatua nèti sorga paroa Hagar, aku nèngu na, ""Hagar! Baku madhaꞌu, te Ama Lamatua tadèngi le lii ana mu nèti dꞌara èmu na.""","Ropa Lamatua na tadèngi lii ana ne, hèia ana pajuu Lamatua ngèti sorga paroa Hagar, aku nèngu na, ""Ngaa pa èu, Hagar? Baku madhaꞌu, te Ama Lamatua tadèngi le lii ana ne ngèti era nèngu ètu."" Hèia Lamatua na tadèngi ana ne banga.taraa, hèia ana pajuu Lamatua ngèti sorga paroa Hagar, aku nèngu na, ""Ngaa pa èu, Hagar? Baku madhaꞌu, te Ama Lamatua tadèngi le lii ana mu banga.taraa ngèti era nèngu ètu.""",,eng,nfa,English,Dhao,-3.8859,-1.2888,-2.8076
"rise thou, and take the child, and hold his hand; for i shall make him into a great folk. rise thou up, and have the boy stand up, and take his hand; for i shall make him into a great nation.","de kèd'i lamu more ana nèi. pa'èra d'ara na, te bèli-camèd'a ja'a paj'aj'i ana-èpu na, suku èci dhu kapai.","Kèdꞌi ka! Kèdꞌi ka, ho èu kèpe rare ana ne, sèna ka jꞌajꞌi dhèu unu Jaꞌa, lula Jaꞌa tao ne jꞌajꞌi dhèu unu Jaꞌa. Kèdꞌi ka, ho èu kèpe rare ana ne, sèna ka jꞌajꞌi dhèu unu Jaꞌa, lula Jaꞌa tao ne jꞌajꞌi dhèu unu Jaꞌa.""","Kèdꞌi ka, aa nare ana ne, aa kèd'u kacui.aai ne; lula Jaꞌa tao ne jꞌajꞌi dhèu unu. Kèdꞌi ka, aa tao ana-mone ne titu, aa nare kacui.aai ne; lula Jaꞌa tao ne jꞌajꞌi dhèu unu.",,eng,nfa,English,Dhao,2.3634,1.9672,2.4153
"and god opened her eyes, and she saw a well of water, and she went, and filled the bottle, and she gave drink to the child or and she gave her boy a drink;","ka ama lamatua pasaraa musi madha na. cag'ag'a laa nèdhi dènge, èi ca madha ètu era èèna. hèia la'e soli èi asa d'ara babo'i, ka na panginu ana na ismael.","Èle èèna ka, Ama Lamatua bhoke musi madha bhèni ne. Ka bhèni ne ladhe nèdhi èi èi èi èi. Ka laꞌe asa dꞌara èi èi èi, hèia na kèpe ana mone ne, ho naꞌa.","Ka Ama Lamatua bhoke musi madha bhèni ne. Ka na ladhe nèdhi èi. Ka na laꞌe asa èi, ka na isi boto ne, ka na kinu ana mone ne.",,eng,nfa,English,Dhao,2.7975,2.1537,3.322
"and god was with him, and he increased, and dwelled in wilderness or and lived in the wilderness, and he was made a young man who was an archer, and dwelled in the desert of paran; and his mother took to him a wife of the land of egypt. and he lived in the wilderness of paran; and his mother found him a wife from the land of egypt.","ka ismael dènge ina na hagar pea dènge ka ètu d'ara mamoo paran. ismael asa na kapai, aa ne'a mèu kataki. ka ina na paleo ne dènge ana bhèni masir ca dhèu. se'e se j'aj'i, lula ama lamatua bera-bera dènge ismael.","Èle èèna ka, Ama Lamatua padꞌelo dꞌara hua iia Na dènge ne. Nèngu jꞌajꞌi dhèu ae-ae ètu dꞌara mamoo. Ka na pea ètu dꞌara mamoo. Èle èèna ka, nèngu jꞌajꞌi dhèu sabꞌa ètu dꞌara mamoo. Nèngu jꞌajꞌi dhèu sabꞌa ètu dꞌara mamoo. Nèngu jꞌajꞌi dhèu sabꞌa ètu dꞌara mamoo. Nèngu jꞌajꞌi dhèu èmu nèti rai Masir. Nèngu jꞌajꞌi dhèu èmu nèti dꞌara mamoo ètu dꞌara mamoo. Nèngu jꞌajꞌi dhèu èmu nèti dꞌara mamoo ètu dꞌara mamoo. Nèngu jꞌajꞌi dhèu èmu nèti dꞌara mamoo ètu dꞌara mamoo. Nèngu jꞌajꞌi dhèu èmu nèti rai Masir.","Aa Ama Lamatua dènge ne, aa nèngu jꞌajꞌi ae, aa nèngu pea ètu dꞌara mamoo, aa nèngu jꞌajꞌi mone ngèru, dhèu kataki, aa nèngu pea ètu dꞌara mamoo Paran; aa ina ne tèka èmu nèti rai Masir mai nèngu.",,eng,nfa,English,Dhao,3.8966,3.9269,5.4261
"in the same time, abimelech, and phicol, prince of his host, or now at that time, abimelech, with phicol, the ruler of his army, said to abraham, god is with thee in all things that thou doest;","lod'o èèna, dhèu aae abimelek dènge kètu kapai sordad'u na, fikol, mai pangad'o dènge abraham. hèia dhèu aae padhai lii, ka na peka, abraham! ji'i se nge'a ama lamatua bera-bera dènge èu. nèti èèna ka, sad'i èu ad'u ngaa sa èci, j'aj'i dènge be'a.","Lodꞌo èèna, Abimelek dènge Fikol, komedhaa sordadꞌu na, peka dènge Abraham, aku rèngu na, ""Ama Lamatua ètu dꞌara jꞌara aaꞌi-aaꞌi dhu èu adꞌu-ue.","Lodꞌo èèna, Abimelek dènge Fikol, komedhaa sordadꞌu na, peka dènge Abraham, ""Ama Lamatua dènge èu ètu dꞌara jꞌara aaꞌi-aaꞌi dhu èu adꞌu-ue.""",,eng,nfa,English,Dhao,2.1885,0.823,0.717
"therefore swear thou by god that thou harm not me, and mine heirs, and my kindred; but by the mercy which i did to thee, do thou to me, and to the land in which thou livedest as a comeling. and so swear thou by god that thou shalt not harm me, nor my heirs, nor my family; but that thou shalt do the same mercy to me, and to the land in which thou livedest as a newcomer, which i have shown to thee.","de ja'a manèngi, sèna ka èu subha ètu katanga madha ama lamatua, dhu peka na, èu bisa boe kapod'e-kabèli ja'a, dènge ana-èpu ja'a aa'i-aa'i ra. sèmi dhu ja'a tao le be'a mi èu, na, èu hud'i tao be'a kahèi mi ja'a dènge kabarai ja'a.","De èu hudꞌi subha ku dènge Ama Lamatua, sèna ka baku pamusu dènge jaꞌa, dènge ana-èpu jaꞌa, dènge ana-èpu jaꞌa aaꞌi-aaꞌi ra. De èu hudꞌi mamuri ku sèmi èèna kahèi mi jaꞌa dènge rai-haha èu dhu ètu rai-haha ne. De èu hudꞌi parcaya ku dènge Ama Lamatua, sèna ka baku pamusu dènge jaꞌa, dènge ana-èpu jaꞌa aaꞌi-aaꞌi ra. De èu hudꞌi parcaya ku dènge jaꞌa kahèi, dènge rai-haha èu dhu ètu rai-haha ne, dhu jaꞌa padꞌelo le dènge èu.""","De èu hudꞌi subha ku dènge Ama Lamatua, sèna ka baku pamusu dènge jaꞌa, dènge ana-èpu jaꞌa, dènge a'a-ari jaꞌa; tèngaa sèmi dhu jaꞌa padꞌelo le dènge èu, èu hudꞌi mamuri sèmi èèna mi jaꞌa, dènge rai dhu èu muri ètu sèmi a'a hiu. De kahèi èu hudꞌi subha ku dènge Ama Lamatua, sèna ka baku pamusu dènge jaꞌa, dènge ana-èpu jaꞌa, dènge a'a-ari jaꞌa; tèngaa èu hudꞌi mamuri sèmi èèna kahèi mi jaꞌa, dènge rai dhu èu muri ètu sèmi a'a hiu, dhu jaꞌa padꞌelo le dènge èu.",,eng,nfa,English,Dhao,-0.3897,2.0335,1.2294
"and abraham said, i shall swear or i swear.","ka aku abraham na, ooo! ja'a subha.","Hèia Abraham dhaa, aku nèngu na, ""Sèmi neꞌe!","Hèia Abraham dhaa, aku dhoo.",,eng,nfa,English,Dhao,-1.1134,-0.0764,-1.3772
"and he blamed abimelech for the well of water, which his servants took away by violence. but then abraham complained to abimelech about a well of water, which his servants had taken away from him by force.","te ngaa èle èèna ka, abraham lapor dènge dhèu aae, aku nèngu na, dhèu-dhèu ama dhèu aae parame rare èi ja'a ca madha.","Èle èèna ka, Abraham padhai lii dènge Abimelek, aku nèngu na, ""Nèngu ka dhu hia èi èi èi èi èèna."" Te ngaa Abraham padhai lii dènge Abimelek, lula èi èi èi èi èi èi èi èi èèna, nèti èèna ka, dhèu sabꞌa nèti neꞌe.","Èle èèna ka, nèngu padhai lii dènge Abimelek lula èi èèna, dhèu sabꞌa nèti neꞌe dènge katèju. Te ngaa Abraham padhai lii dènge Abimelek lula èi èèna, dhèu sabꞌa nèti neꞌe dènge katèju.",,eng,nfa,English,Dhao,-2.3928,-4.6226,-4.3011
"and abimelech answered, i wist not who did this thing, but also thou showedest not to me, and i heard not of it except today. and abimelech answered, i do not know who did this thing, and thou hast not told me about it, and i have not heard about it until today.","tadèngi sèmi èèna, hèia na peka, waa! ja'a heka tadèngi kèna j'ara ne'e ne. tasamia ka karèi nèti ca hari ni, èu peka boe dènge ja'a? ja'a dhae ke'a mèka, ne'e ne tatao cee ka ne.","Hèia Abimelek dhaa, aku nèngu na, ""Jaꞌa keꞌa boe dhèu dhu tao jꞌajꞌèra ne. Èèna ka èu peka boe dènge jaꞌa, toke dꞌai neꞌe."" Abimelek dhaa, aku nèngu na, ""Jaꞌa keꞌa boe dhèu dhu tao jꞌajꞌèra ne. Èu peka boe dènge jaꞌa, toke dꞌai neꞌe.""","Hèia Abimelek dhaa, ""Jaꞌa keꞌa boe dhèu dhu tao jꞌajꞌèra ne. Tèngaa hèi èu peka boe dènge jaꞌa, aa ja'a tadèngi boe toke dꞌai neꞌe.""",,eng,nfa,English,Dhao,4.1577,-2.3364,-1.7022
"and so abraham took sheep and oxen, and gave to abimelech, and both smote together a bond of peace. and abraham took some sheep and oxen, and gave them to abimelech, and they made a covenant together. and then abraham set seven ewe lambs of the flock asides half.","èle èèna ka, abraham dènge abimelek pa'èki lii pajaji. ka abraham hia abimelek sapi dènge kahib'i-kalèbho. èle èèna ka, abraham hag'e nare hari kahib'i-kalèbho èni pidhu ngi'u.","Èle èèna ka, Abraham kèpe kahibꞌi-kalèbho dènge kahibꞌi-kalèbho sèra. Ka na hia ana kahibꞌi-kalèbho dhèu pidhu, sèna ka jꞌajꞌi dhèu aaꞌi-aaꞌi. Èle èèna ka, Abraham hia ana kahibꞌi-kalèbho dhèu aaꞌi-aaꞌi, sèna ka jꞌajꞌi dhèu aaꞌi-aaꞌi. Èle èèna ka, Abraham hia ana kahibꞌi-kalèbho dhèu aaꞌi-aaꞌi, sèna ka jꞌajꞌi dhèu aaꞌi-aaꞌi. Èle èèna ka, Abraham hia ana kahibꞌi-kalèbho dhèu aaꞌi-aaꞌi, sèna ka jꞌajꞌi dhèu aaꞌi-aaꞌi, sèna ka jꞌajꞌi dhèu aaꞌi-aaꞌi.","Èle èèna ka, Abraham kèpe kahibꞌi-kalèbho dènge kahibꞌi-kalèbho, ka na hia ana Abimelech, dènge nèngu rua pare'a dame. Èle èèna ka, Abraham kèpe kahibꞌi-kalèbho dènge kahibꞌi-kalèbho, ka na hia ana Abimelech, dènge nèngu rua pare'a. Èle èèna ka, Abraham tie ana kahibꞌi-kalèbho pidhu ètu kahibꞌi-kalèbho, camalore.",,eng,nfa,English,Dhao,6.9339,6.1086,6.7277
"and abimelech said to him, what will these seven ewe lambs mean to themselves, which thou madest stand asides half? and abimelech said to him, what mean ye with these seven ewe lambs, which thou hast made to stand aside?","hèia dhèu aae karèi ne, peka na, nga tao ka èu tao sèmi èèna?","Hèia Abimelek karèi ne, aku nèngu na, ""Tareꞌa, ana kahibꞌi-kalèbho pidhu dhu èu pajꞌujꞌu ne, èci dènge èci?"" Ka Abimelek karèi ne, aku nèngu na, ""Èu jꞌajꞌi kahibꞌi-kalèbho pidhu dhu èu pajꞌujꞌu ne, èci dènge èci?""","Hèia Abimelek karèi ne, aku nèngu na, ""Ana kahib'i-kalèbho pidhu dhu èu paj'uj'u camalore ne, maso apa?"" Ka Abimelek karèi ne, aku nèngu na, ""Ana kahib'i-kalèbho pidhu dhu èu paj'uj'u ètu baboa ne, maso apa èu?""",,eng,nfa,English,Dhao,0.4831,1.1875,0.7613
"and he said, thou shalt take of mine hand seven ewe lambs, that those be into witnessing to me, for i digged this well. and he said, take thou these seven ewe lambs from me, and by accepting them, thou agreeth that i have dug this well.","ka abraham peka, aku nèngu na, ama dhèu aae. sèmi la kalèbho èni pidhu ngi'u se, sèna ka j'aj'i tadha dhu ama peka le na, ja'a ka dhu kèi èi na.","Hèia Ama Lamatua peka dènge jaꞌa, aku nèngu na, ""Sèmi neꞌe! Èu hudꞌi laꞌe padhai lii dènge jaꞌa, lula jaꞌa cue ètu dꞌara roꞌa èèna."" Hèia Ama Lamatua peka dènge jaꞌa, aku Nèngu na, ""Sèmi neꞌe. Èu hudꞌi laꞌe padhai lii dènge jaꞌa, lula jaꞌa cue ètu dꞌara roꞌa èèna.""","Hèia nèngu peka, ""Èu hudꞌi nare ngèti kacui.aai jaꞌa pidhu ana biri-biri, sèra j'aj'i padhai lii dènge jaꞌa, lula jaꞌa kèi èi nenga."" Hèia nèngu peka, ""Èu nare pidhu ana biri-biri nenga ngèti jaꞌa, aa dènge èu nare sèra, èu pare'a lula jaꞌa kèi èi nenga.""",,eng,nfa,English,Dhao,2.2936,0.931,-0.0506
"therefore that place was called beersheba, that is, the well of the oath, for ever either swore there;","lula dua ra dhu pa'èki le soo-subha ètu èèna, ka era na ra pangare na beer-syeba dhu sasoa na, ‘madha èi soo-subha'.","Nèti èèna ka, Ama Lamatua hagꞌe nare rai ne, ngara na Beersheba. Nèti èèna ka, Ama Lamatua hagꞌe nare le rai ne, sèna ka dua ra jꞌajꞌi dhèu unu Na toke dꞌai mia-mia.","Nèti èèna ka, era ne ngara na Beersheba, maso, èi sumpa ne, sèna ka rèngu jꞌajꞌi sumpa ètu èèna.",,eng,nfa,English,Dhao,5.0632,0.6616,1.9972
"and they made bond of peace for the well of an oath. forsooth abimelech rose, and phicol, the prince of his chivalry, and they turned again into the land of palestines. and so they made a covenant at beersheba. then abimelech, and phicol, the ruler of his cavalry, arose, and they returned to the land of the philistines.","ropa pasubha èle, ka dhèu aae dènge kètu kapai sordad'u na lèpa ka, asa era rèngu, rai dhèu pilistin.","Èle èèna ka, Abimelek dènge Pikol, komedhaa sordadꞌu na, lèpa hari asa rai dhèu Filistin. Ka dua ra paꞌèci paꞌèci ètu Beer-Sheba. Èle èèna ka, Abimelek dènge Pikol, komedhaa sordadꞌu na, lèpa hari asa rai dhèu Filistin.","Aa ra paꞌèci paꞌèci dame karana èi sumpa. Èle èèna ka, Abimelek dènge Pikol, komedhaa sordadꞌu na, parèi, aa ra lèpa hari asa rai dhèu Filistin. De ra paꞌèci paꞌèci ètu Beer-Sheba. Èle èèna ka, Abimelek dènge Pikol, komedhaa sordadꞌu na, parèi, aa ra lèpa hari asa rai dhèu Filistin.",,eng,nfa,English,Dhao,-1.1598,0.3252,-1.5137
"soothly abraham planted a wood in beersheba, and inwardly called there on the name of the everlasting god;","èle èèna ka, abraham sèle aj'u tamareska ca kapua ètu beer syeba. karèi nèti lod'o èèna, aj'u ne pasanèd'e abraham, lula ètu era èèna ka, nèngu mangaj'i lamatua dhu mamuri toke d'ai mia-mia.","Èle èèna ka, Abraham pajꞌajꞌi ajꞌu èci ètu dꞌara rae Beersheba, ka na paroa dhèu ètu neꞌe, peka na, Nèngu ne, Ama Lamatua dhu mamuri toke dꞌai mia-mia.","Èle èèna ka, Abraham lari ajꞌu èci ètu dꞌara rae Beersheba, ka na paroa ètu ne'e ètu ngara Ama Lamatua dhu mamuri toke dꞌai mia-mia.",,eng,nfa,English,Dhao,-1.0542,-1.1635,-1.4144
"and he was an earth-tiller, or a comeling, of the land of palestines in many days. and as a newcomer, he worked the soil in the land of the philistines, for many days.",ka abraham pea dènge ka ètu talora dhèu pilistin sèmi dhèu tao mai.,"Lodꞌo èèna, dhèu Parisi ètu dꞌara rae rèngu. Nèti èèna ka, na sabꞌa ètu dꞌara rae rèngu, toke dꞌai pèri-pèri lodꞌo.","Aa na j'aj'i dhèu saba rai, do dhèu mai hiu, ètu rai Filistin, pèri-pèri lod'o. Aa sèmi dhèu mai hiu, na sabꞌa rai ètu rai Filistin, toke dꞌai pèri-pèri lodꞌo.",,eng,nfa,English,Dhao,3.0343,9.9649,7.6557
"and after that these things were done, god assayed abraham, and said to him, abraham! abraham! he answered, i am present or i am here.","nèbhu boe, hèia lamatua sèku neo ne'a d'ara abraham. neo ne'a abraham madhutu lamatua, do aad'o. ka lamatua paroa ne, aku nèngu na, abraham! hèia na dhaa, peka na, ooo, lamatua.","Èle èèna ka, Ama Lamatua ladhe-leru Abraham, ka Na paroa ne, aku Nèngu na, ""Abraham!"" Hèia na dhaa, aku nèngu na, ""Ama! Jaꞌa ètu neꞌe le.""","Èle èèna ka, Ama Lamatua ladhe-leru Abraham, ka Na aku nèngu na, ""Abraham! Abraham!"" Hèia na dhaa, ""Ama! Jaꞌa ètu neꞌe le.""",,eng,nfa,English,Dhao,-7.355,-4.8546,-6.2313
"god said to him, take thine one begotten son, whom thou lovest, isaac; and go into the land of vision, and offer thou him there into burnt sacrifice on one of the hills which i shall show to thee. and god said to him, take isaac, thy only son, whom thou lovest, and go into the land of moriah; and there thou shalt offer him as a burnt sacrifice on one of the hills which i shall show to thee.","ka ama lamatua peka dènge ne, mu nanene paie-iie! more ana pasue èu mone mesa na. mèti ne asa rai moria, ho tao ne j'aj'i korban tunu hia ja'a. pe d'ai nèi, ja'a heka paj'uj'u era dhu ètu ledhe èci.","Èle èèna ka, Ama Lamatua peka dènge ne, aku Nèngu na, ""Sèmi neꞌe! Èu hudꞌi laꞌe asa rai èèna, nuka Isak, ana uuru èu dhu èu sue. Èu hudꞌi laꞌe asa rai èèna, ètu ledhe èci dhu Jaꞌa padꞌelo dènge èu. Èle èèna ka, èu hudꞌi pamadhe ne asa ledhe èci, sèna ka pamadhe ne."" Hèia Ama Lamatua peka dènge ne, aku Nèngu na, ""Èu hudꞌi laꞌe asa rai èèna, nuka Isak, ana uuru èu dhu èu sue. Ètu ledhe èèna, èu hudꞌi pamadhe ne, sèna ka pamadhe ne ètu ledhe èci dhu Jaꞌa padꞌelo dènge èu.""","Èle èèna ka, Ama Lamatua peka dènge ne, aku Nèngu na, ""Nare Isak, ana uuru èu dhu èu sue. Aa laꞌe asa rai dhu Jaꞌa neo padꞌelo dènge èu, aa ètu èèna èu neo tunu ne sèmi korban tunu ètu ledhe èci dhu Jaꞌa neo padꞌelo dènge èu."" Hèia Ama Lamatua peka dènge ne, aku Nèngu na, ""Nare Isak, ana uuru èu dhu èu sue. Aa laꞌe asa rai Moria, aa ètu èèna èu neo tunu ne sèmi korban tunu ètu ledhe èci dhu Jaꞌa neo padꞌelo dènge èu.""",,eng,nfa,English,Dhao,1.1131,4.8656,4.0653
"therefore abraham rose by night, and saddled his ass, and led with him two young men, and isaac his son; and when he had hewn trees into burnt sacrifice, he went to the place which god had commanded to him. and so abraham rose up early in the morning, and saddled his donkey, and took with him two of his young men, and his son isaac; and when he had cut the wood for the burnt sacrifice, he went to the place to which god had commanded him to go.","d'ai bèli mad'ae aae na, abraham sèg'i aj'u sèna ka tao kadhèna. na èki, ka na hue asa dedha keled'ei. ka dua ra dènge isak, aa dènge dhèu sab'a na dhèu dua, pakèd'i asa era dhu lamatua peka dènge ne.","Èle èèna ka, bèli-camèdꞌa Abraham kèdꞌi. Ka na kèdꞌi kèdꞌi kèdꞌi kèdꞌi kèdꞌi na, dènge ana na dhèu dua, ngara na Isak. Èle èèna ka, na kapodꞌe-kabèli ajꞌu ho jꞌajꞌi korban. Ka laꞌe asa era dhu Ama Lamatua peka dènge ne. Èle èèna ka, Abraham kèdꞌi kèdꞌi kèdꞌi kèdꞌi kèdꞌi na, dènge ana na dhèu dua, ngara na Isak. Èle èèna ka, na kèdꞌi kèdꞌi ajꞌu ho jꞌajꞌi korban, ka laꞌe asa era dhu Ama Lamatua peka dènge ne.","Èle èèna ka, Abraham kèdꞌi ètu mèda, dènge na pasadèl keledai na, dènge na noo dènge ne dhèu ngèru dua, dènge ana na Isak. Dènge ropa na kapodꞌe-kabèli ajꞌu ho jꞌajꞌi korban, na laꞌe asa era dhu Ama Lamatua paredha dènge ne. Èle èèna ka, Abraham kèdꞌi bèli-camèdꞌa, dènge na pasadèl keledai na, dènge na noo dènge ne dhèu ngèru dua, dènge ana na Isak. Dènge ropa na kapodꞌe-kabèli ajꞌu ho jꞌajꞌi korban, na laꞌe asa era dhu Ama Lamatua paredha dènge ne.",,eng,nfa,English,Dhao,-3.1284,-2.8388,-3.7823
"forsooth in the third day or and on the third day, he raised up his eyes, and saw a place afar off;","ra kako taruu, ka d'ai camèd'a èèna, abraham nèdhi le era èèna nèti kaj'èu.","Ca tèlu lodꞌo, Paulus ladhe asa dedha. Hèia na ladhe nèdhi era èci ètu sebhe.","Ètu lod'o katèlu, na kaboi ana-madha na, aa na nèdhi era èci ètu kaj'èu.",,eng,nfa,English,Dhao,7.4105,13.4163,12.4798
"and he said to his young men, abide ye here with the ass, i and the child shall go thither; and after that we have worshipped, we shall turn again to you. and he said to his young men, wait ye here with the donkey, while i and the boy go over there; and after we have worshipped, we shall return to you.","hèia na peka dènge dhèu dua sèra, aku nèngu na, dua mi mate taha mi ne'e dènge keled'ei ne. ja'a dènge ana ja'a la'a asa dedha nèi, ho mangaj'i ama lamatua. ladhe èle na, ji'i lèpa hari mai.","Hèia na lii dènge dhèu sabꞌa na, aku nèngu na, ""Miu madhèdi ku ètu neꞌe. Jaꞌa dènge ana keledꞌei ne, bèli-camèdꞌa jiꞌi lèpa hari laꞌe manèngi-mangajꞌi mi Ama Lamatua."" Ka na lii dènge dhèu sabꞌa na, aku nèngu na, ""Madhèdi ku ètu neꞌe. Jaꞌa dènge ana keledꞌei ne, ka jiꞌi lèpa hari laꞌe manèngi-mangajꞌi mi miu.""","Hèia na lii dènge dhèu sabꞌa na, aku nèngu na, ""Miu madhèdi ku ètu neꞌe dènge ana keledꞌei ne. Jaꞌa dènge ana ne, jiꞌi laꞌe ètu èpa. Ka èle ka jiꞌi manèngi-mangajꞌi, jiꞌi lèpa hari mai miu.""",,eng,nfa,English,Dhao,10.2363,-0.9244,2.4523
"and he took the wood of burnt sacrifice, and laid it on isaac his son; forsooth he bare fire, and a sword in his hands. and when they twain went together, and he took the wood for the burnt sacrifice, and laid it on his son isaac; and he carried the fire, and a knife in his hands. and as the two of them went together,","ka abraham nare kadhèna dhu neo tunu korban, ka na tao mi kabela-kao isak. aa nèngu nèd'u tud'i, dènge suu ai. ropa dua ra palere lasi,","Èle èèna ka, Abraham kèpe ajꞌu sèra, sèna ka jꞌajꞌi mèdha-panyau sèra. Hèia na kèpe ajꞌu sèra, sèna ka jꞌajꞌi mèdha-panyau sèra. Na kèpe ajꞌu sèra, sèna ka jꞌajꞌi mèdha-panyau sèra, sèna ka jꞌajꞌi mèdha-panyau sèra. Hèia na kèpe ajꞌu sèra, sèna ka jꞌajꞌi mèdha-panyau sèra, sèna ka jꞌajꞌi mèdha-panyau sèra. Na kèpe ajꞌu sèra, sèna ka jꞌajꞌi mèdha-panyau sèra.","Aa ne kèpe aj'u sèna ka j'aj'i panyau kèpu, aa ne tape ètu ana nèngu Ishak; aa ne dui ai, aa samala ètu kacui.aai nèngu. Aa ropa nèngu dua j'èra sama-sama, aa ne kèpe aj'u sèna ka j'aj'i panyau kèpu, aa ne tape ètu ana nèngu Ishak; aa ne dui ai, aa tudi ètu kacui.aai nèngu. Aa sèmi nèngu dua j'èra sama-sama.",,eng,nfa,English,Dhao,0.9502,5.7757,5.5443
"isaac said to his father, my father! and he answered, what wilt thou, my son? and he said, lo! fire and wood, where is the beast of burnt sacrifice? or but where is the beast for the burnt sacrifice?","hèia isak paroa ama na, aku nèngu na, ama! ka abraham dhaa, aku nèngu na, nga tao, ana? hèia isak karèi, aku nèngu na, èdhi neo lati tunu korban. de ai dènge kadhèna ka se'e le. te ngaa ana kahib'i-kalèbho dhu èdhi pake j'aj'i korban, ka mia?","Èle èèna ka, Isak karèi ama na, aku nèngu na, ""Ama!"" Hèia ama na dhaa, aku nèngu na, ""Ama! Èu neo ngaa?"" Hèia Isak dhaa, aku nèngu na, ""Sèmi neꞌe! Èu ladhe mèdhi ètu dꞌara ai dènge ajꞌu. Èu ladhe mèdhi badha jꞌajꞌèra ètu mia? Èu ladhe mèdhi badha jꞌajꞌèra ètu mia? Èu ladhe mèdhi badha jꞌajꞌèra ètu mia? Èu ladhe mèdhi badha jꞌajꞌèra ètu mia?""","Èle èèna ka, Isak karèi ama na, aku nèngu na, ""Ama!"" Hèia ama na dhaa, aku nèngu na, ""Ana ku! Èu neo ngaa?"" Hèia Isak karèi, aku nèngu na, ""Sèmi neꞌe! Ai dènge ajꞌu. Ètu mia badha jꞌajꞌèra?""",,eng,nfa,English,Dhao,10.2613,-1.6857,0.6255
"abraham said, my son, god shall purvey to him the beast of burnt sacrifice. therefore they went together, and abraham said, my son, god himself shall provide the beast for the burnt sacrifice. and so they went together,","te ngaa, aku abraham na, pe ama lamatua unu na ka dhu hia ana kalèbho, sèna ka j'aj'i mi korban. ka dua ra ca'e lasi taruu.","Hèia Abraham dhaa, aku nèngu na, ""Aadꞌo! Jaꞌa manèngi sèna ka Ama Lamatua pajꞌujꞌu lii holo-nori jaꞌa."" Hèia dua ra paꞌèci. Hèia Abraham dhaa, aku nèngu na, ""Aadꞌo! Ama Lamatua ka dhu pajꞌujꞌu lii holo-nori jaꞌa."" Ka dua ra paꞌèci kahèi.","Hèia Abraham dhaa, aku nèngu na, ""Aadꞌo! Ama Lamatua pajꞌujꞌu lii holo-nori."" Hèia dua ra paꞌèci. Hèia Abraham dhaa, aku nèngu na, ""Aadꞌo! Ama Lamatua ka dhu pajꞌujꞌu lii holo-nori."" Ka dua ra paꞌèci kahèi.",,eng,nfa,English,Dhao,-0.7466,-1.989,-1.8412
"and came to the place which god had showed to him; in which place abraham builded an altar, and dressed the wood above; and when he had bound altogether isaac, his son or and when he had bound up his son isaac, he laid isaac on the altar, upon the heap of wood.","ropa dua ra d'ai era dhu lamatua peka èèna, ka abraham pudhi hadhu ho tao mei korban. hèia na paloko kadhèna ètu dedha mei korban ne. ka kèpe ana na isak, èki patarenga ne ètu dedha kadhèna.","Èle èèna ka, Abraham laꞌe asa era dhu Ama Lamatua padꞌelo le dènge ne. Èle èèna ka, na patitu ajꞌu korban ètu era neꞌe. Hèia na patitu ajꞌu ètu era neꞌe. Èle èèna ka, na patitu Isak ètu era neꞌe. Èle èèna ka, na patitu Isak ètu era neꞌe, ètu era neꞌe.","Aa mai asa era dhu Ama Lamatua padꞌelo le dènge ne; ètu era neꞌe ka, Abraham patitu ajꞌu korban, aa na patitu ajꞌu dedha. Aa lod'o na Isak, ana nèngu, na pa-ètu Isak ètu ajꞌu korban, ètu ajꞌu.",,eng,nfa,English,Dhao,0.5419,2.8084,2.749
"and he held forth his hand, and took the sword to sacrifice his son. and he stretched forth his hand, and took the knife to sacrifice his son.","ka nare tud'i, ho neo kèj'i pamadhe ana na.","Èle èèna ka, Ama Lamatua pajꞌujꞌu kacui-aai na, sèna ka pamadhe ana na. Hèia ama Lamatua pajꞌujꞌu kacui-aai na, sèna ka pajꞌujꞌu ana na.","Èle èèna ka, ne pajꞌujꞌu kacui-aai na, aa ne mèdu samala na, sèna ka pamadhe ana na. Hèia ne pajꞌujꞌu kacui-aai na, aa ne mèdu tudi na, sèna ka pamadhe ana na.",,eng,nfa,English,Dhao,-0.5919,1.1126,-0.8403
"and lo! the angel of the lord cried from heaven, and said, abraham! abraham! which answered, i am present or i am here.","cag'ag'a laa, ana pajuu lamatua lii nèti dedha-liru, peka na, abraham! mata ku! ka abraham dhaa, aku nèngu na, nga tao, lamatua?","Èle èèna ka, ana pajuu Lamatua nèti sorga paroa ne, aku nèngu na, ""Abraham! Abraham!"" Hèia na dhaa, aku nèngu na, ""Ama! Jaꞌa ne ètu neꞌe.""","Èle èèna ka, ana pajuu Lamatua nèti sorga paroa ne, aku nèngu na, ""Abraham! Abraham!"" Hèia na dhaa, ""Jaꞌa ne ètu neꞌe.""",,eng,nfa,English,Dhao,-0.7918,-3.5914,-3.2125
