src_text,tgt_text,pred_tgt_text,post_edited_tgt_txt,translated_tgt_txt,src_lang,tgt_lang,src_lang_name,tgt_lang_name,spbleu_improvement,chrf3_improvement,chrfpp_improvement
"in the beginning god created the heavens and the earth,","uru-uru tèka, ama lamatua paj'aj'i dedha-liru dènge rai-haha.","Uru-uru sèra, Ama Lamatua pajꞌajꞌi dedha-liru dènge rai-haha.","Ètu uru ka, Ama Lamatua pajꞌajꞌi dedha-liru dènge rai-haha.",,eng,nfa,English,Dhao,0.2314,-3.2022,-2.3055
"and the earth was formless and void, and darkness was on the face of the deep, and the spirit of god was fluttering on the face of the waters,","lod'o rai-haha j'aj'i mèka, aa'i-aa'i dhae mèci mèka. dhu abhu, èi. aa maroga aatu-aatu saguru nare ne. ka roh lamatua lela ètu dedha èi èèna.","Ropa tadèngi lii padhai Ama Lamatua, dhèu aaꞌi-aaꞌi ètu rai-haha ne jꞌajꞌi mèu-mèu. Ropa tadèngi lii padhai Ama Lamatua, dhèu aaꞌi-aaꞌi ètu rai-haha ne jꞌajꞌi mèu-mèu. Ropa tadèngi lii padhai Ama Lamatua, dhèu aaꞌi-aaꞌi ètu rai-haha ne jꞌajꞌi mèu-mèu. Ropa tadèngi lii padhai Ama Lamatua, dhèu aaꞌi-aaꞌi ètu rai-haha ne jꞌajꞌi mèu-mèu. Ropa tadèngi lii padhai Ama Lamatua, dhèu aaꞌi-aaꞌi ètu rai-haha ne jꞌajꞌi mèu-mèu-mèu.","aa rai ne mola dènge aad'o rupa, aa maroga ètu katanga madha d'ara marèma, aa Roh Ama Lamatua eebo-eebo ètu katanga madha èi ae.",,eng,nfa,English,Dhao,3.4887,2.6349,5.5907
"and god says, let light be; and light is.","hèia ama lamatua peka, hud'i ku dènge saraa. ropa peka nare sèmi ne'e, ka saraa j'aj'i dènge ka.","Èle èèna ka, Ama Lamatua peka, aku Nèngu na, ""Hudꞌi laa!"" Hèia heka heka heka heka heka heka heka heka heka heka heka heka heka heka heka heka heka heka heka heka heka heka heka heka heka heka heka heka heka heka heka heka heka heka heka heka heka heka heka heka heka heka heka heka heka heka heka heka heka heka heka heka heka heka heka heka heka heka heka heka.","Èle èèna ka, Ama Lamatua peka, ""Hud'i saraa!"" Aa saraa abhu.",,eng,nfa,English,Dhao,3.4384,6.5387,10.3142
"and god sees that the light is good, and god separates between the light and the darkness,","ropa nèdhi saraa ne, d'ara na karej'e, lula ngaa dhu na ad'u, mema be'a. hèia na hag'e eele saraa nèti maroga, sèna ka èci-èci ka dènge taa na.","Èle èèna ka, Ama Lamatua ladhe nèdhi, na, saraa ne beꞌa. Ka Ama Lamatua padꞌelo jꞌara èci dènge èci, èci dènge èci, èci dènge èci.","Èle èèna ka, Ama Lamatua ladhe nèdhi, na, saraa ne beꞌa. Ka Ama Lamatua ma'ète talora aae saraa dènge maroga.",,eng,nfa,English,Dhao,0.1049,3.9655,3.9095
"and god calls the light day, and the darkness he has called night; and there is an evening, and there is a morning-day one.","ka pangare saraa ne ‘mèu', aa maroga na ‘mèda'. ne'e ne, lod'o ka èci kèna.","Èle èèna ka, Ama Lamatua pajꞌujꞌu aaꞌi-aaꞌi ra. Ka Ama Lamatua pajꞌujꞌu aaꞌi-aaꞌi ra, aku Nèngu na, ""Dhèu."" Aa Ama Lamatua pajꞌujꞌu aaꞌi-aaꞌi ra, aku Nèngu na, ""Dhèu."" Aa Ama Lamatua pajꞌujꞌu aaꞌi-aaꞌi ra, aku Nèngu na, ""Dhèu."" Aa Ama Lamatua pajꞌujꞌu aaꞌi-aaꞌi ra, aku Nèngu na, ""Dhèu."" Aa Ama Lamatua pajꞌujꞌu aaꞌi-aaꞌi ra, aku Nèngu na, ""Dhèu.""","Aa Ama Lamatua pangare saraa ne, ""Lod'o."" Aa maroga ne, nèngu pangare ne, ""Mèda."" Aa abhu lod'o nihia, aa abhu madae - lod'o èci.",,eng,nfa,English,Dhao,11.1928,31.2724,30.0909
"and god says, let an expanse be in the midst of the waters, and let it be separating between waters and waters. and god makes the expanse, and it separates between the waters which are under the expanse, and the waters which are above the expanse: and it is so.","hèia ama lamatua lii hari, na peka, hud'i dènge ku era talele, sèna ka hag'e eele èi. nèti èèna ka, èi re dedha, aa abhu kahèi èi re haha. ropa peka nare sèmi èèna, hèia èi b'agi dènge mi dua.","Èle èèna ka, Ama Lamatua peka dènge dhèu aae, aku Nèngu na, ""Sèmi neꞌe! Jaꞌa manèngi sèna ka ètu dꞌara èmu èèna, sèna ka jꞌajꞌi èci dènge èci."" Hèia Ama Lamatua pajꞌajꞌi ètu dꞌara èmu èèna, sèna ka jꞌajꞌi èci dènge èci, sèna ka jꞌajꞌi èci dènge èci. Ka jꞌajꞌi sèmi èèna kahèi.","Hèia Ama Lamatua peka na, ""Hudi j'aj'i ca liru ètu d'ara èi se, aa hudi na cèri ètu talora aae èi dènge èi."" Hèia Ama Lamatua paj'aj'i liru èèna, aa na cèri ètu talora aae èi dhu ètu haha liru èèna, dènge èi dhu ètu dedha liru èèna. Ka j'aj'i sèmi èèna.",,eng,nfa,English,Dhao,-1.0628,0.8406,0.4945
"and god calls the expanse heavens; and there is an evening, and there is a morning-the second day.","ka na pangare èi re dedha na, ‘liru'. ne'e ne, lod'o ka dua kèna.","Èle èèna ka, Ama Lamatua pajꞌujꞌu aaꞌi-aaꞌi ètu dedha-liru. Hèia Ama Lamatua pajꞌujꞌu aaꞌi-aaꞌi ètu dedha-liru. Èle èèna ka, dhèu aaꞌi-aaꞌi jꞌajꞌi mèu-mèu. Èle èèna ka, lodꞌo ka dua.","Aa Ama Lamatua paroa dedha-liru. Aa abhu lod'o nihia, aa abhu madae, nuka lod'o ka dua.",,eng,nfa,English,Dhao,11.5219,4.5688,6.8
"and god says, let the waters under the heavens be collected to one place, and let the dry land be seen: and it is so.","hèia ama lamatua peka hari, aku nèngu na, èi re haha hud'i pakaboko ku mi ca era, sèna ka abhu rai kamango. ropa padhai lii nare sèmi ne'e, j'aj'i dènge ka rai mango.","Èle èèna ka, Ama Lamatua peka hari, aku Nèngu na, ""Sèmi neꞌe, sèna ka èi dhu ètu dedha-liru jꞌajꞌi ètu era èci, aa jꞌajꞌi ètu rai-haha."" Hèia jꞌajꞌi sèmi èèna kahèi.","Èle èèna ka, Ama Lamatua peka, ""Sèna ka èi dhu ètu haha liru oru asa era èci, aa sèna ka rai mango bhodho."" Hèia j'aj'i sèmi èèna.",,eng,nfa,English,Dhao,2.3992,-3.5922,-2.935
"and god calls the dry land earth, and the collection of the waters he has called seas; and god sees that it is good.","ka era rai mango, na pangare na ‘rai-dedha'; aa era èi dhu kaboko èèna, na pangare na ‘dhasi'. ropa nèdhi aa'i-aa'i ne, d'ara na karej'e, lula ngaa dhu na ad'u, mema be'a.","Èle èèna ka, Ama Lamatua pangare rai-haha ne, 'Dhèu rai-haha'. Aa èi èi èèna ka, Ama Lamatua pangare rai-haha ne, 'Dhèu rai-haha.' Hèia Ama Lamatua ladhe-leru, na, èèna beꞌa.","Aa Ama Lamatua pangare rai mango ne, 'Rai-haha'. Aa èi èi èèna ka, na pangare ne, 'Dhasi'. Hèia Ama Lamatua ladhe-leru, na, èèna beꞌa.",,eng,nfa,English,Dhao,3.9967,4.435,6.0922
"and god says, let the earth yield tender grass, herb sowing seed, fruit-tree whose seed is in itself making fruit after its kind, on the earth: and it is so.","ka ama lamatua lii hari, peka na, rai hud'i pamamuri ku rupa-rupa ana aaj'u. sèna ka abhu aj'u dhu hua, dhu dènge lamusi, aa dhu dènge rèu mangèru. sèna ka aj'u-aj'u se, hua-hela madhutu rupa rèngu. ropa padhai lii nare sèmi ne'e, j'aj'i dènge ka ana aaj'u aa'i-aa'i ra.","Èle èèna ka, Ama Lamatua peka dènge dhèu aaꞌi-aaꞌi ètu rai-haha ne, aku Nèngu na, ""Dhèu aaꞌi-aaꞌi ètu rai-haha ne jꞌajꞌi aaꞌi-aaꞌi, aa aaꞌi-aaꞌi, aaꞌi-aaꞌi, aaꞌi-aaꞌi, aaꞌi-aaꞌi, aaꞌi-aaꞌi, aaꞌi-aaꞌi, aaꞌi-aaꞌi, aaꞌi-aaꞌi, aaꞌi-aaꞌi ètu rai-haha ne jꞌajꞌi aaꞌi-aaꞌi, sèna ka jꞌajꞌi aaꞌi-aaꞌi, sèna ka jꞌajꞌi aaꞌi-aaꞌi, sèna ka jꞌajꞌi aaꞌi-aaꞌi.","Ama Lamatua peka, ""Rai-haha hud'i muri j'u'u karara, aa j'u'u ceb'e hini, aa aj'u dhu hua madhutu j'ara na, hini na ètu d'ara nèngu mesa, ètu rai-haha:"" aa j'aj'i sèmi èèna.",,eng,nfa,English,Dhao,8.6532,5.3549,5.4324
"and the earth brings forth tender grass, herb sowing seed after its kind, and tree making fruit whose seed is in itself after its kind; and god sees that it is good;","ètu dedha-rai, ana aaj'u se hua-hela ka madhutu rupa rèngu. ropa nèdhi aa'i-aa'i se, d'ara na karej'e, lula ngaa dhu na ad'u, mema be'a.","Èle èèna ka, dhèu aaꞌi-aaꞌi ètu rai-haha, aaꞌi-aaꞌi ètu dꞌara rai-haha. Aa aaꞌi-aaꞌi ètu dꞌara rai-haha, aaꞌi-aaꞌi ètu dꞌara hua-hela. Èle èèna ka, Lamatua ladhe-leru aaꞌi-aaꞌi sèmi èèna. Èle èèna ka, Lamatua ladhe-leru aaꞌi-aaꞌi.","Aa rai pua j'u'u karara, dènge j'u'u dhu cebe hini madhutu j'ara na, aa aj'u dhu hua dhu hini na ètu d'ara na mesa madhutu j'ara na; aa Lamatua ladhe na be'a.",,eng,nfa,English,Dhao,8.2755,7.4764,7.8778
"and there is an evening, and there is a morning-the third day.","ne'e ne, lod'o ka tèlu kèna.","Èle èèna ka, bèli-camèdꞌa madꞌae, aa bèli-camèdꞌa hari.","Aa lod'o nihia, aa mad'ae, nuka camèd'a katèlu.",,eng,nfa,English,Dhao,6.5287,20.8686,14.7426
"and god says, let luminaries be in the expanse of the heavens, to make a separation between the day and the night, then they have been for signs, and for appointed times, and for days and years, and they have been for luminaries in the expanse of the heavens to give light on the earth: and it is so.","hèia ama lamatua lii hari, aku nèngu na, re bèka dedha, hud'i abhu ku mèdha dhu saraa, ho pasaraa rai-haha ne. hud'i abhu mèdha dhu pasaraa re mèu, aa abhu kahèi dhu pasaraa re mèda. rèngu aa'i-aa'i se, j'aj'i tadha, ho sèna ka bisa ige lod'o, hèru, dènge tèu. ropa padhai lii nare sèmi ne'e, mèdha dhu heo aa'i-aa'i ra j'aj'i dènge ka.","Èle èèna ka, Ama Lamatua peka hari, aku Nèngu na, ""Sèmi neꞌe: ladhe ètu dedha-liru, èèna hudꞌi jꞌajꞌi mèdha-panyau, sèna ka paꞌèci ètu dꞌara lodꞌo dènge lodꞌo. Èèna hudꞌi jꞌajꞌi mèdha-panyau, sèna ka jꞌajꞌi mèdha-panyau, sèna ka jꞌajꞌi mèdha-panyau ètu dedha-liru, sèna ka jꞌajꞌi mèdha-panyau ètu rai-haha."" Hèia jꞌajꞌi sèmi èèna kahèi.","Ama Lamatua peka, ""Hud'i abhu mèdha-panyau ètu dedha-liru, ho pa'èci ètu d'ara lod'o dènge mèda. Hèia rèngu j'aj'i tadha, dènge lod'o dhu jaji, dènge lod'o dènge tèu. Aa rèngu j'aj'i mèdha-panyau ètu dedha-liru ho pasaraa ètu rai-haha."" Hèia j'aj'i sèmi èèna kahèi.",,eng,nfa,English,Dhao,16.7912,8.0262,8.1659
"and god makes the two great luminaries, the great luminary for the rule of the day, and the small luminary-and the stars-for the rule of the night;","ka na tao ka mèdha kapai dua dhu pasaraa rai-haha. dhu kapai risi, pasaraa re mèu; aa dhu ako ana iiki, pasaraa re mèda. aa na tao hua-hètu kahèi.","Èle èèna ka, Ama Lamatua pajꞌajꞌi sordadꞌu dua, sordadꞌu dua, sèna ka jꞌajꞌi sordadꞌu. Sordadꞌu dua, sèna ka jꞌajꞌi sordadꞌu dua, sèna ka jꞌajꞌi sordadꞌu dua, sèna ka jꞌajꞌi sordadꞌu dua, sèna ka jꞌajꞌi sordadꞌu dua, sèna ka jꞌajꞌi sordadꞌu dua, sèna ka jꞌajꞌi sordadꞌu dua, sèna ka jꞌajꞌi sordadꞌu dua, sèna ka jꞌajꞌi sordadꞌu dua, sèna ka jꞌajꞌi sordadꞌu dua, sèna ka jꞌajꞌi sordadꞌu dua, sèna ka jꞌajꞌi sordadꞌu dua.","aa Ama Lamatua tao madha lod'o aae dènge hèru iiki. Madha lod'o aae sèna ka paredha lod'o, aa hèru iiki dènge hua hètu-hua hètu sèna ka paredha mèda.",,eng,nfa,English,Dhao,3.561,10.6881,11.607
"and god gives them in the expanse of the heavens to give light on the earth,","na tèke mèdha dhu saraa sèra ètu dedha-liru, sèna ka loti mai asa rai-haha.","Èle èèna ka, Ama Lamatua pajꞌajꞌi mèdha-panyau ètu dedha-liru, sèna ka jꞌajꞌi mèdha-panyau ètu rai-haha.","Èle èèna ka, Ama Lamatua pajꞌajꞌi mèdha-panyau ètu dedha-liru, sèna ka pasaraa ètu rai-haha.",,eng,nfa,English,Dhao,5.8155,4.9532,4.2715
"and to rule over day and over night, and to make a separation between the light and the darkness; and god sees that it is good;","ka mèdha se, pasaraa ka re mèu, aa pasaraa re mèda. dènge j'ara ne'e, na hag'e eele saraa nèti maroga. ropa nèdhi aa'i-aa'i se, d'ara na karej'e, lula ngaa dhu na ad'u, mema be'a.","sèna ka paredha lodꞌo dènge mèda, sèna ka paꞌèci saraa dènge dꞌara maroga. Èle èèna ka, Ama Lamatua ladhe sèmi èèna.","sèna ka paredha lodꞌo dènge mèda, sèna ka paꞌèci saraa dènge dꞌara maroga. Èle èèna ka, Ama Lamatua ladhe na be'a.",,eng,nfa,English,Dhao,2.6243,1.7147,2.3198
"and there is an evening, and there is a morning-the fourth day.","ne'e ne, lod'o ka èpa kèna.","Èle èèna ka, bèli-camèdꞌa lodꞌo ka èpa. Èle èèna ka, bèli-camèdꞌa lodꞌo ka èpa.","Aa abhu mèda, aa abhu madae, nuka lod'o ka èpa.",,eng,nfa,English,Dhao,19.4898,14.4507,15.292
"and god says, let the waters teem with the teeming living creature, and let the bird fly above the earth on the face of the expanse of the heavens.","hèia ama lamatua padhai lii hari, peka na, hud'i abhu ku ae-ae dhu mamuri ètu d'ara èi. dènge hud'i abhu ku rupa-rupa manu-bhui dhu lela ètu dedha rai-haha ne.","Èle èèna ka, Ama Lamatua peka dènge dhèu aaꞌi-aaꞌi, aku Nèngu na, ""Beꞌa risi ètu dꞌara èi, abhu badha bhelu-katubꞌa ètu dedha-liru."" Èle èèna ka, Ama Lamatua peka dènge dhèu aaꞌi-aaꞌi, aku Nèngu na, ""Beꞌa risi ètu dꞌara èi, abhu badha bhelu-katubꞌa ètu dedha-liru.""","Hèia Ama Lamatua peka na, ""Pe èi abhu badha mamuri dhu ae-ae, aa pe manu-bhui lela ètu dedha rai, ètu katanga madha liru.""",,eng,nfa,English,Dhao,14.649,7.1984,11.0305
"and god creates the great dragons, and every living creature that is creeping, which the waters have teemed with, after their kind, and every bird with wing, after its kind, and god sees that it is good.","ka na tao ka i'a aa'i-aa'i dènge badha kapai dhu mamuri ètu d'ara èi. na paj'aj'i kahèi manu-bhui aa'i-aa'i. ropa nèdhi aa'i-aa'i se, d'ara na karej'e, lula ngaa dhu na ad'u, mema be'a.","Èle èèna ka, Ama Lamatua pajꞌajꞌi naga, dènge badha aaꞌi-aaꞌi dhu mamuri ètu dꞌara èi, rupa-rupa. Aa Ama Lamatua pajꞌajꞌi manu-bhui ètu dꞌara èi, rupa-rupa. Èle èèna ka, Ama Lamatua ladhe nèdhi aaꞌi-aaꞌi dhu beꞌa.","Èle èèna ka, Ama Lamatua pajꞌajꞌi naga aaꞌi-aaꞌi dhu aae, dènge badha aaꞌi-aaꞌi dhu mamuri dhu loro, ètu dꞌara èi, rupa-rupa, dènge manu-bhui aaꞌi-aaꞌi dhu dènge èla, rupa-rupa. Èle èèna ka, Ama Lamatua ladhe nèdhi aaꞌi-aaꞌi dhu beꞌa.",,eng,nfa,English,Dhao,-2.9273,0.2019,-0.8958
"and god blesses them, saying, be fruitful, and multiply, and fill the waters in the seas, and let the bird multiply in the earth:","ka na padhai lii ho sèna ka hia berkat mi aa'i-aa'i dhu mamuri, peka na, i'a se, hud'i laa bèba-kacanga sèna ka papènu èi ètu mia-mia. aa manu-bhui, asa tabha kahèi.","Èle èèna ka, Ama Lamatua peka dènge si, aku Nèngu na, ""Bèli-camèdꞌa miu jꞌajꞌi dhèu ae-ae, sèna ka jꞌajꞌi aaꞌi-aaꞌi ètu dꞌara dhasi. Aa manu-bhui aaꞌi-aaꞌi se jꞌajꞌi aaꞌi-aaꞌi ètu rai-haha.","Èle èèna ka, Ama Lamatua hia mèngi-nale mi si, aku Nèngu na, ""Bèli-camèdꞌa miu, aa bèba-kacanga, aa isi èi ètu dꞌara dhasi, aa manu-bhui jꞌajꞌi ae-ae ètu rai-haha.""",,eng,nfa,English,Dhao,9.6987,4.1641,3.5155
"and there is an evening, and there is a morning-the fifth day.","ne'e ne, lod'o ka lèmi kèna.","Èle èèna ka, bèli-camèdꞌa èèna ka, bèli-camèdꞌa èèna ka, bèli-camèdꞌa èèna ka, bèli-camèdꞌa èèna ka, bèli-camèdꞌa.","Hèia abhu mèda, hèia abhu madae lod'o ka lèmi.",,eng,nfa,English,Dhao,25.2812,29.5759,29.0651
"and god says, let the earth bring forth the living creature after its kind, livestock and creeping thing, and beast of the earth after its kind: and it is so. and god makes the beast of the earth after its kind, and the livestock after their kind, and every creeping thing of the ground after its kind, and god sees that it is good.","ka ama lamatua peka hari, na, hud'i abhu ku rupa-rupa badha dhu mamuri ètu rai-dedha. sèmi: badha-manu dhu ani, badha hui, dènge badha dhu rod'o, èci-èci ka dènge rupa na. ropa padhai lii nare sèmi ne'e, badha aa'i-aa'i ra j'aj'i dènge ka. ropa nèdhi aa'i-aa'i se, d'ara na karej'e, lula ngaa dhu na ad'u, mema be'a.","Èle èèna ka, Ama Lamatua peka dènge dhèu aaꞌi-aaꞌi sèra, aku Nèngu na, ""Dhèu aaꞌi-aaꞌi sèra hia badha aaꞌi-aaꞌi, badha aaꞌi-aaꞌi, badha aaꞌi-aaꞌi, badha aaꞌi-aaꞌi, badha aaꞌi-aaꞌi, badha aaꞌi-aaꞌi, badha aaꞌi-aaꞌi, badha aaꞌi-aaꞌi."" Hèia Ama Lamatua pajꞌajꞌi badha aaꞌi-aaꞌi, badha aaꞌi-aaꞌi, badha aaꞌi-aaꞌi, badha aaꞌi-aaꞌi, badha aaꞌi-aaꞌi, badha aaꞌi-aaꞌi, dènge badha aaꞌi-aaꞌi. Èle èèna ka, Ama Lamatua ladhe-leru.","Aa Ama Lamatua peka, ""Hudi rai pamuri badha mamuri madhutu j'ara na, badha èmu, dènge badha dhu rod'o re rai, aa badha rai madhutu j'ara na."" Aa j'aj'i sèmi èèna. Aa Ama Lamatua paj'aj'i badha rai madhutu j'ara na, aa badha èmu madhutu j'ara na, aa badha dhu rod'o re rai aa'i-aa'i madhutu j'ara na. Aa Ama Lamatua rèdhi na be'a.",,eng,nfa,English,Dhao,16.0574,9.6794,9.7838
"and god says, let us make man in our image, according to our likeness, and let them rule over the fish of the sea, and over the bird of the heavens, and over livestock, and over all the earth, and over every creeping thing that is creeping on the earth.","ka ama lamatua peka hari, aku nèngu na, hua iia, mai ta paj'aj'i dhèu, madhutu rupa èdhi. hud'i laa ra leru dènge ator i'a aa'i-aa'i ètu d'ara dhasi, manu-bhui aa'i-aa'i ètu dedha-liru, badha-manu dhu ani, dènge badha leo aa'i-aa'i ra dhu mamuri ètu rai-haha ne.","Èle èèna ka, Ama Lamatua peka dènge dhèu aaꞌi-aaꞌi sèra, aku Nèngu na, ""Ladhe sèmi èèna, na, èdhi pajꞌajꞌi dhèu, madhutu dadꞌèi èdhi. Èdhi hudꞌi paredha iꞌa ètu dꞌara dhasi, manu-bhui ètu dedha-liru, badha aaꞌi-aaꞌi, aaꞌi-aaꞌi, aaꞌi-aaꞌi, aaꞌi-aaꞌi, aaꞌi-aaꞌi, aaꞌi-aaꞌi, aaꞌi-aaꞌi, aaꞌi-aaꞌi, aaꞌi-aaꞌi, aaꞌi-aaꞌi, aaꞌi-aaꞌi, aaꞌi-aaꞌi, aaꞌi-aaꞌi, aaꞌi-aaꞌi, aaꞌi-aaꞌi, aaꞌi-aaꞌi, aaꞌi-aaꞌi, aaꞌi-aaꞌi, aaꞌi-aaꞌi!""","Èle èèna ka, Ama Lamatua peka, aku Nèngu na, ""Hud'i èdhi paj'aj'i dhèu madhutu rupa dènge dad'èi èdhi. Aa hud'i rèngu paredha i'a ètu d'ara dhasi, manu-bhui ètu dedha-liru, badha aa'i-aa'i, dènge rai aa'i-aa'i, aa dènge rupa-rupa loro aa'i-aa'i dhu rodo ètu rai.""",,eng,nfa,English,Dhao,33.0397,18.1927,19.2486
"and god creates the man in his image; in the image of god he created him, a male and a female he created them.","hèia na paj'aj'i dhèu rai-haha ne madhutu rupa na. na paj'aj'i si, dhèu mone dènge dhèu bhèni.","Èle èèna ka, Ama Lamatua pajꞌajꞌi dhèu rai-haha, madhutu dadꞌèi Na. Ama Lamatua pajꞌajꞌi dhèu rai-haha, dhèu mone dènge dhèu bhèni.","Aa Ama Lamatua paj'aj'i dhèu rai-haha, madhutu dad'èi Na. Mema madhutu dad'èi Na, Na paj'aj'i ne. Aa Na paj'aj'i si, dhèu mone dènge dhèu bhèni.",,eng,nfa,English,Dhao,13.4134,17.7048,15.7123
"and god blesses them, and god says to them, be fruitful, and multiply, and fill the earth, and subdue it, and rule over the fish of the sea, and over the bird of the heavens, and over every living thing that is creeping on the earth.","ka na padhai lii ho sèna ka hia berkat mi rèngu, aku nèngu na, miu hud'i bèba-kacanga ku, sèna ka pea papènu rai-haha ne, ho mi ator ne. ja'a hia miu koasa, sèna ka mi ator i'a, manu-bhui, dènge badha-manu aa'i-aa'i ra ètu rai-haha ne.","Èle èèna ka, Ama Lamatua padhai lii dènge si, aku Nèngu na, ""Miu aaꞌi-aaꞌi mi! Miu aaꞌi-aaꞌi mi! Miu aaꞌi-aaꞌi mi! Miu aaꞌi-aaꞌi mi! Miu aaꞌi-aaꞌi mi! Miu aaꞌi-aaꞌi mi! Miu aaꞌi-aaꞌi mi! Miu aaꞌi-aaꞌi mi! Miu aaꞌi-aaꞌi mi! Miu aaꞌi-aaꞌi mi! Miu aaꞌi-aaꞌi mi! Miu aaꞌi-aaꞌi mi! Miu aaꞌi-aaꞌi mi! Miu aaꞌi-aaꞌi mi! Miu aaꞌi-aaꞌi mi! Miu aaꞌi-aaꞌi mi! Miu aaꞌi-aaꞌi mi! Miu aaꞌi-aaꞌi mi! Miu aaꞌi-aaꞌi mi! Miu aaꞌi-aaꞌi mi! Miu aaꞌi-aaꞌi mi!","Aa Ama Lamatua pamèngi si, aa Ama Lamatua padhai lii dènge si, aku Nèngu na, ""Miu hua ae, aa miu bèba-kacanga, aa miu isi rai-haha ne, aa miu pamau rare ne, aa miu paredha mi i'a dhasi, aa miu paredha mi manu-bhui ètu dedha liru, aa miu paredha mi aa'i-aa'i badha mamuri dhu rodo ètu rai-haha ne.""",,eng,nfa,English,Dhao,23.2838,25.4173,23.3478
"and god says, behold, i have given to you every herb sowing seed, which is on the face of all the earth, and every tree in which is the fruit of a tree sowing seed, to you it is for food;","mi nanene paie-iie! ja'a hia miu rupa-rupa nganga'a ètu rai-haha ne'e. sèmi: ana aaj'u dhu dènge hua, dhu dènge lamusi, aa dhu dènge rèu mangèru.","Èle èèna ka, Ama Lamatua peka dènge dhèu aaꞌi-aaꞌi ètu rai-haha ne, aku Nèngu na, 'Jaꞌa pangèdꞌu miu aaꞌi-aaꞌi hua-hela aaꞌi-aaꞌi ètu rai-haha ne, sèna ka miu bisa raꞌa.","Èle èèna ka, Ama Lamatua peka, nanene! Ja'a hia le miu aa'i-aa'i hela dhu ceb'e hini, dhu ètu dedha aa'i rai-haha ne, aa aa'i aj'u dhu d'ara na abhu hua nèti aj'u dhu ceb'e hini, miu nuka nganga'a.",,eng,nfa,English,Dhao,0.2452,8.8145,9.2669
"and to every beast of the earth, and to every bird of the heavens, and to every creeping thing on the earth, in which is breath of life, every green herb is for food: and it is so.","ja'a hia rupa-rupa ana aaj'u kahèi sèna ka j'aj'i nganga'a badha. nganga'a hia badha-manu dhu ani, badha hui, badha dhu rod'o, dènge manu-bhui. ropa padhai lii nare sèmi ne'e, nganga'a badha sèra aa'i-aa'i ra j'aj'i dènge ka.","Bèli-camèdꞌa aaꞌi-aaꞌi ètu rai-haha, manu-bhui aaꞌi-aaꞌi ètu dedha-liru, dènge badha aaꞌi-aaꞌi ètu rai-haha. Bèli-camèdꞌa aaꞌi-aaꞌi ètu rai-haha, ètu dꞌara ngiꞌu aaꞌi-aaꞌi, ètu dꞌara ngiꞌu aaꞌi-aaꞌi, ètu dꞌara ngiꞌu aaꞌi-aaꞌi, aa ètu dꞌara ngiꞌu aaꞌi-aaꞌi, ètu dꞌara ngiꞌu aaꞌi-aaꞌi, ètu dꞌara ngiꞌu aaꞌi-aaꞌi, ètu dꞌara ngiꞌu aaꞌi-aaꞌi, ètu dꞌara ngiꞌu aaꞌi-aaꞌi, ètu dꞌara ngiꞌu aaꞌi-aaꞌi.","Dènge badha aa'i-aa'i ètu rai-haha, manu-bhui aa'i-aa'i ètu dedha-liru, dènge loro aa'i-aa'i ètu rai-haha, ètu d'ara na abhu ae mamuri, j'u'u mangèru aa'i-aa'i j'aj'i nganga'a: aa j'aj'i sèmi èèna.",,eng,nfa,English,Dhao,20.2754,13.3846,13.2723
"and god sees all that he has done, and behold, it is very good; and there is an evening, and there is a morning-the sixth day.","ropa nèdhi aa'i-aa'i se, d'ara na karej'e, lula ngaa dhu na ad'u, mema be'a. ne'e ne, lod'o ka èna kèna.","Èle èèna ka, Ama Lamatua ladhe-leru aaꞌi-aaꞌi dhu Na pajꞌajꞌi. Èle èèna ka, bèli-camèdꞌa madꞌae, aa bèli-camèdꞌa èèna ka, lodꞌo ka èi.","Èle èèna ka, Ama Lamatua ladhe-leru aaꞌi-aaꞌi dhu Na pajꞌajꞌi. Èle èèna ka, bèli-camèdꞌa, be'a titu kèna; aa abhu lod'o cèna, aa abhu mad'ae – èna lod'o.",,eng,nfa,English,Dhao,1.0216,4.0147,4.2833
"and the heavens and the earth are completed, and all their host;","dènge j'ara sèmi èèna ka, ama lamatua paj'aj'i dedha-liru, rai-haha, dènge isi ra aa'i-aa'i.","Èle èèna ka, Ama Lamatua pajꞌujꞌu aaꞌi-aaꞌi ètu dedha-liru dènge aaꞌi-aaꞌi ra.","Aa liru dènge rai-haha èle le, dènge aa'i-aa'i mèdha rèngu.",,eng,nfa,English,Dhao,-0.0708,-4.8019,-4.4703
"and god completes by the seventh day his work which he has made, and ceases by the seventh day from all his work which he has made.","ropa na sab'a èle, asa bèli èèna, lèke dènge lod'o ka pidhu. hèia na ae nèti sasab'a-la'a na.","Nèti èèna ka, dꞌai lodꞌo ka pidhu, Ama Lamatua tao madhutu dadꞌèi Na. Nèti èèna ka, dꞌai lodꞌo ka pidhu, Ama Lamatua dꞌèi tao madhutu dadꞌèi Na.","Aa d'ai lod'o ka pidhu, Ama Lamatua tao madhutu dad'èi Na dhu na tao, aa d'ai lod'o ka pidhu, Ama Lamatua ae nare d'ara nèti aa'i dad'èi Na dhu na tao.",,eng,nfa,English,Dhao,4.9206,5.4646,5.8114
"and god blesses the seventh day, and sanctifies it, for in it he has ceased from all his work which god had created for making.","dènge j'ara ne'e, na tao lod'o ka pidhu ne, lod'o dhu kapai risi nèti lod'o dhu leo sèra. na tao sèmi èèna, lula na pa'èle aa'i le sasab'a na, ka ètu d'ara lod'o ka pidhu na, na ae.","Èle èèna ka, dhèu aaꞌi-aaꞌi dhu Ama Lamatua pajꞌajꞌi ètu rai-haha ne, lèpa hari. Nèti èèna ka, dhèu aaꞌi-aaꞌi dhu Ama Lamatua pajꞌajꞌi ètu rai-haha ne, lèpa hari. Nèti èèna ka, dhèu aaꞌi-aaꞌi madhutu dadꞌèi Ama Lamatua, ho madhutu dadꞌèi Lamatua. Nèti èèna ka, dhèu aaꞌi-aaꞌi dhu Ama Lamatua pajꞌajꞌi ètu rai-haha ne, lèpa hari. Nèti èèna ka, dhèu aaꞌi-aaꞌi dhu Na pajꞌajꞌi ètu rai-haha ne.","Èle èèna ka, dhèu aaꞌi-aaꞌi dhu Ama Lamatua pajꞌajꞌi ètu rai-haha ne, lèpa hari. Nèti èèna ka, dhèu aaꞌi-aaꞌi dhu Ama Lamatua pajꞌajꞌi ètu rai-haha ne, lèpa hari. Nèti èèna ka, dhèu aaꞌi-aaꞌi madhutu dadꞌèi Ama Lamatua, ho madhutu dadꞌèi Lamatua. Nèti èèna ka, dhèu aaꞌi-aaꞌi dhu Ama Lamatua pajꞌajꞌi ètu rai-haha ne, lèpa hari. Nèti èèna ka, dhèu aaꞌi-aaꞌi dhu Na pajꞌajꞌi ètu rai-haha ne.",,eng,nfa,English,Dhao,0.0,0.0,0.0
"these are the generations of the heavens and of the earth in their being created, in the day of yhwh god's making the earth and the heavens;","d'ai sange ne'e ka, lii lolo ama lamatua paj'aj'i dedha-liru dènge rai-haha ne. lod'o ama lamatua heka paj'aj'i dedha-liru dènge rai-haha èèna,",Aaꞌi-aaꞌi ra sèmi neꞌe ka: lodꞌo Lamatua pajꞌajꞌi dedha-liru dènge rai-haha.,"Ne'e ka sasuri j'aj'i dedha-liru dènge rai-haha, lod'o Lamatua paj'aj'i rai-haha dènge dedha-liru.",,eng,nfa,English,Dhao,23.2253,22.1759,19.9405
"and no shrub of the field is yet in the earth, and no herb of the field yet sprouts, for yhwh god has not rained on the earth, and there is not a man to serve the ground, and a mist goes up from the earth, and has watered the whole face of the ground.","dhae abhu mèka ana aaj'u, lula na papuru mèka èj'i. taa èèna, dhoka sèb'u èi di, mai nèti d'ara rai ho pabasa rai re dedha. aa abhu mèka dhèu rai-haha dhu tao oka-tedhe.","Lodꞌo èèna, aaꞌi-aaꞌi ra jꞌajꞌi mèka ètu rai-haha ne. Aaꞌi-aaꞌi ra jꞌajꞌi mèka ètu rai-haha ne. Aaꞌi-aaꞌi ra jꞌajꞌi mèka ètu rai-haha ne.","Aa aa'i-aa'i ana-aj'u ètu pada dhae ètu rai, aa aa'i-aa'i j'u'u ètu pada dhae muri, lula Ama Lamatua dhae èj'i ètu rai, aa abhu boe dhèu ho sab'a rai, aa bhuru èci ca'e ngèti rai, aa bui katanga madha rai aa'i.",,eng,nfa,English,Dhao,1.5633,7.8664,6.3258
"and yhwh god forms the man-dust from the ground, and breathes into his nostrils breath of life, and the man becomes a living creature.","èle èèna ka, ama lamatua nare rai ciki, ka na paj'aj'i dhèu rai-haha. hèia na tiu a'ae na asa d'ara sahènga dhèu na, ka na mamuri dènge ka.","Èle èèna ka, Ama Lamatua pajꞌajꞌi dhèu rai-haha nèti rai-haha. Hèia Na bhèlu asa dꞌara pua dhèu neꞌe, sèna ka na mamuri. Hèia dhèu ne jꞌajꞌi dhèu aaꞌi-aaꞌi dhu mamuri.","Hèia Ama Lamatua paj'aj'i dhèu rai-haha nèti rai-haha. Hèia Na ae asa d'ara pua na, ae mamuri. Hèia dhèu ne j'aj'i dhèu dhu mamuri.",,eng,nfa,English,Dhao,9.2476,0.2885,0.1584
"and yhwh god plants a garden in eden, at the east, and he sets there the man whom he has formed;","hèia ama lamatua bhoke oka cue ètu rai eden, re bèka dhimu. hèia na hia dhèu ne pea ètu d'ara oka na.","Èle èèna ka, Ama Lamatua pajꞌajꞌi hèbꞌa èci ètu hèbꞌa aae Eden. Ètu èèna, Ama Lamatua pajꞌajꞌi dhèu rai-haha dhu Na pajꞌajꞌi.","Èle èèna ka, Ama Lamatua pajꞌajꞌi hèbꞌa èci ètu hèbꞌa aae Eden. Ètu èèna, Ama Lamatua pajꞌajꞌi dhèu rai-haha dhu Na pajꞌajꞌi.",,eng,nfa,English,Dhao,0.0,0.0,0.0
"and yhwh god causes to sprout from the ground every tree desirable for appearance, and good for food, and the tree of life in the midst of the garden, and the tree of the knowledge of good and evil.","ètu d'ara oka èèna, na pamamuri rupa-rupa aj'u dhu be'a, dhu dhèu bisa ra'a. aa na pamamuri kahèi aj'u dua kapua ètu talora aae oka èèna. ladhe dhèu ra'e hua nèti aj'u èci, na mamuri taa-taa. aa ladhe dhèu ra'e hua nèti aj'u èci hari, ne'a hag'e mia dhu be'a, aa mia dhu karehe.","Ètu dꞌara oka ne, Ama Lamatua pajꞌajꞌi aaꞌi ajꞌu aaꞌi-aaꞌi dhu dꞌara hua iia. Aa ajꞌu aaꞌi-aaꞌi dhu dꞌara hua iia. Aa ajꞌu aaꞌi-aaꞌi dhu dꞌara hua iia. Aa ajꞌu aaꞌi-aaꞌi dhu hia mamuri ètu dꞌara oka ne. Aa ajꞌu aaꞌi-aaꞌi dhu dꞌara hua iia. Aa ajꞌu aaꞌi-aaꞌi dhu dꞌara hua iia dènge jꞌara-jꞌara karehe dènge jꞌara-jꞌara karehe.","Ètu dꞌara oka ne, Ama Lamatua pajꞌajꞌi aaꞌi ajꞌu aaꞌi-aaꞌi dhu dꞌara hua iia. Aa ajꞌu aaꞌi-aaꞌi dhu dꞌara hua iia. Aa ajꞌu aaꞌi-aaꞌi dhu dꞌara hua iia. Aa ajꞌu aaꞌi-aaꞌi dhu hia mamuri ètu dꞌara oka ne. Aa ajꞌu aaꞌi-aaꞌi dhu dꞌara hua iia. Aa ajꞌu aaꞌi-aaꞌi dhu dꞌara hua iia dènge jꞌara-jꞌara karehe dènge jꞌara-jꞌara karehe.",,eng,nfa,English,Dhao,0.0,0.0,0.0
"and a river is going out from eden to water the garden, and from there it is parted, and has become four chief rivers;","ètu era èèna, abhu loko èci dhu hae nèti d'ara oka èèna. loko èèna, èpa kacanga.","Ètu hèbꞌa èèna, bèli-camèdꞌa bèli-camèdꞌa bèli-camèdꞌa bèli-camèdꞌa bèli-camèdꞌa bèli-camèdꞌa bèli-camèdꞌa bèli-camèdꞌa bèli-camèdꞌa bèli-camèdꞌa bèli-camèdꞌa bèli-camèdꞌa bèli-camèdꞌa bèli-camèdꞌa bèli-camèdꞌa bèli-camèdꞌa bèli-camèdꞌa.","Aa ca loko kalua nèti Eden ho bui oka, aa nèti nèi na cèri, aa j'aj'i èpa kètu loko.",,eng,nfa,English,Dhao,3.0078,13.2318,13.2045
"the name of the first is pison, it is that which is surrounding the whole land of havilah where the gold is,","kacanga ka èci na, ngara na pison. nèngu ka dhu hae pale-lème rai hawila dhu abhu hualaa ae-ae.","Ngara kapua èèna, Pison. Ngara ne, èci èèna ka dènge rai Havila aaꞌi-aaꞌi. Ètu era neꞌe, èci èèna ka dènge mèdha-panyau aaꞌi-aaꞌi dhu kabꞌua ètu dedha-liru, aa èci èèna ka dènge mèdha-panyau aaꞌi-aaꞌi dhu kabꞌua ètu dedha-liru, aa èci èèna ka dènge mèdha-panyau aaꞌi-aaꞌi dhu kabꞌua ètu dedha-liru, aa èci èèna ka dènge mèdha-panyau aaꞌi-aaꞌi dhu kabꞌua ètu dedha-liru.","Ngara kapua èèna, Pison. Ngara ne, èci èèna ka dènge rai Havila aaꞌi-aaꞌi. Ètu era neꞌe, èci èèna ka dènge mèdha-panyau aaꞌi-aaꞌi dhu kabꞌua ètu dedha-liru, aa èci èèna ka dènge mèdha-panyau aaꞌi-aaꞌi dhu kabꞌua ètu dedha-liru, aa èci èèna ka dènge mèdha-panyau aaꞌi-aaꞌi dhu kabꞌua ètu dedha-liru, aa èci èèna ka dènge mèdha-panyau aaꞌi-aaꞌi dhu kabꞌua ètu dedha-liru.",,eng,nfa,English,Dhao,0.0,0.0,0.0
and the gold of that land is good; the bdellium and the shoham stone are there;,"ètu era èèna ka, abhu poe-pai, aj'u dhu raa na hèu mèngi, dènge hadhu kale'e.","Ètu dꞌara oka èèna, abhu mèdha-panyau dhu beꞌa. Ètu dꞌara oka èèna, abhu mèdha-panyau dhu beꞌa, dènge mèdha-panyau dhu beꞌa.",Aa hualaa nèti rai èèna be'a; hadhu bdellium dènge hadhu shoham abhu ètu nèi.,,eng,nfa,English,Dhao,5.2378,-0.3276,-0.4208
"and the name of the second river is gihon, it is that which is surrounding the whole land of cush;","kacanga ka dua, ngara na gihon. kacanga ne, hae pale-lème rai kus.","Rèngu aaꞌi-aaꞌi ra èci, ngara na Gihon. Rèngu neꞌe ka dhu padètu-dètu dènge rai Kus.","Rèngu aaꞌi-aaꞌi ra èci, ngara na Gihon. Rèngu neꞌe ka dhu padètu-dètu dènge rai Kus.",,eng,nfa,English,Dhao,0.0,0.0,0.0
"and the name of the third river is hiddekel, it is that which is going east of asshur; and the fourth river is the euphrates.","kacanga ka tèlu, ngara na tigris. kacanga ne'e ka, j'aj'i mi too rai asyur re ca bèka dhimu. kacanga ka èpa, ngara na efrat.",Rèngu jꞌajꞌi dhèu aae-dhèu. Rèngu jꞌajꞌi dhèu aae-dhèu. Rèngu jꞌajꞌi dhèu aae-dhèu. Rèngu jꞌajꞌi dhèu aae-dhèu. Rèngu jꞌajꞌi dhèu aae-aae. Rèngu jꞌajꞌi dhèu aae-aae. Rèngu jꞌajꞌi dhèu aae-aae. Rèngu jꞌajꞌi dhèu aae-aae. Rèngu jꞌajꞌi dhèu aae-aae. Rèngu jꞌajꞌi dhèu aae-aae. Rèngu jꞌajꞌi dhèu aae-aae. Rèngu jꞌajꞌi dhèu aae-aae.,"Aa ngara loko ka-tèlu ne, Hiddekel, nèngu dhu kako ètu dhimu nèti Asshur; aa loko ka-èpa ne, Efrat.",,eng,nfa,English,Dhao,2.7355,9.2028,9.7227
"and yhwh god takes the man, and causes him to rest in the garden of eden, to serve it and to keep it.","ka ama lamatua hia dhèu pea ètu d'ara eden, ho na ladhe-leru oka èèna.","Èle èèna ka, Ama Lamatua pajꞌujꞌu dhèu aaꞌi-aaꞌi ètu dꞌara oka èèna, nuka sèmi hèbꞌa Eden. Èle èèna ka, Ama Lamatua pajꞌujꞌu dhèu aaꞌi-aaꞌi ètu dꞌara oka èèna.","Aa Ama Lamatua nare dhèu èèna, aa papea ne ètu d'ara oka Eden, ho sab'a ne aa ho tèke ne.",,eng,nfa,English,Dhao,9.4609,5.845,7.6634
"and yhwh god lays a charge on the man, saying, from every tree of the garden eating you eat;","hèia na hia paredha mi dhèu ne, aku nèngu na, hua aaj'u aa'i-aa'i ètu d'ara oka ne, èu bisa mu'a.","Èle èèna ka, Ama Lamatua peka dènge Adam, aku Nèngu na, ""Èu bisa raꞌa aaꞌi-aaꞌi nèti ajꞌu aaꞌi-aaꞌi ètu dꞌara oka ne.","Èle èèna ka, Ama Lamatua paredha dènge Adam, aku Nèngu na, ""Èu bisa raꞌa aaꞌi-aaꞌi nèti ajꞌu aaꞌi-aaꞌi ètu dꞌara oka ne.",,eng,nfa,English,Dhao,0.2502,5.0371,4.1051
"but from the tree of the knowledge of good and evil, you do not eat from it, for in the day of your eating from it-dying you die.","te ngaa èci dhu èu bisa boe mu'a. nuka hua nèti aj'u dhu ne'a hag'e mia dhu be'a, aa mia dhu karehe. ladhe mu'a, èu madhe dènge.","Te ngaa ladhe sèmi èèna, dhèu hudꞌi tao madhutu dadꞌèi Ama Lamatua. Te ngaa ladhe sèmi èèna, dhèu hudꞌi tao madhutu dadꞌèi Ama Lamatua. Te ngaa ladhe sèmi èèna, dhèu hudꞌi tao madhutu dadꞌèi Ama Lamatua. Te ngaa ladhe sèmi èèna, dhèu hudꞌi tao madhutu dadꞌèi Ama Lamatua. Te ngaa ladhe sèmi èèna, dhèu hudꞌi tao madhutu dadꞌèi Ama Lamatua.""","Te ngaa nèti aj'u re'a be'a dènge karehe, èu baku nga'a nèti ne, lula ètu lod'o èu nga'a nèti ne, tatu èu madhe.",,eng,nfa,English,Dhao,16.3832,9.6956,13.4606
"and yhwh god says, it is not good for the man to be alone; i make him a helper as his counterpart.","ka ama lamatua tuhu haru lii na, aku nèngu na, babe'a na aad'o, ladhe dhèu ne mamuri mesa na. de ja'a neo paj'aj'i hia ne, anga ca dhèu dhu pamèci dènge ne.","Èle èèna ka, Ama Lamatua peka dènge ne, aku Nèngu na, ""Bèli-camèdꞌa dhèu rai-haha ne pea boe. Jaꞌa tao dhèu èci ho jꞌajꞌi dhèu dhu paꞌèki dènge ne.""","Èle èèna ka, Ama Lamatua peka na, ""Be'a boe ho dhèu rai-haha ne pea mesa. Jaꞌa tao dhèu èci ho jꞌajꞌi dhèu dhu paꞌèki dènge ne.""",,eng,nfa,English,Dhao,-0.2773,-4.4854,-4.7046
"and yhwh god forms from the ground every beast of the field, and every bird of the heavens, and brings them to the man, to see what he calls it; and whatever the man calls a living creature, that is its name. and the man calls names to all the livestock, and to bird of the heavens, and to every beast of the field; but for man a helper has not been found as his counterpart.","lod'o èèna, ama lamatua nare rai ciki, ka na tao rupa-rupa badha dènge manu-bhui. hèia na pangèd'u si asa dhèu ne, sèna ka na pangare si. ka dhèu ne pangare badha se dènge manu-bhui aa'i-aa'i ra, èci-èci ka dènge ngara ra. te ngaa dhèu ne abhu mèka anga dhu pamèci dènge nèngu.","Èle èèna ka, Ama Lamatua pajꞌajꞌi aae badha aae aae aae aae aae aae aae aae aae aae aae aae aae aae aae aae aae aae aae aae. Hèia Ama Lamatua pajꞌajꞌi aae aae aae aae aae aae aae aae aae aae aae aae aae aae aae aae aae aae aae aae aae aae aae aae aae aae aae aae aae aae aae aae aae aae aae aae aae aae aae aae aae aae aae aae aae aae aae aae aae aae aae aae aae aae aae aae aae aae aae aae aae aae aae aae aae aae aae aae aae aae aae aae aae aae aae aae aae aae aae aae aae aae aae aae aae aae aae aae aae aae aae aae aae aae aae aae aae aae aae aae aae aae aae aae aae aae aae aae aae aae aae aae aae aae aae aae aae aae aae aae aae aae aae aae aae aae aae aae aae aae aae aae aae aae aae aae aae aae aae aae aae aae aae aae aae aae aae aae aae aae aae aae aae aae aae aae aae aae aae aae aae aae aae aa","Èle èèna ka, Ama Lamatua paj'aj'i nèti rai badha aa'i-aa'i dhu ètu pad'a, dènge manu-bhui aa'i-aa'i dhu ètu liru. Hèia na kèti si asa dhèu mone, ho na ladhe, ngaa dhu na paroa si. Aa ngaa-ngaa dhu dhèu mone paroa badha dhu mamuri, èèna ka ngara na. Hèia dhèu mone paroa ngara mi badha-manu aa'i-aa'i, dènge manu-bhui dhu ètu liru, dènge badha aa'i-aa'i dhu ètu pad'a. Te ngaa mi dhèu mone, pendamping dhae nèdhi boe sèmi dhèu dhu sama dènge nèngu.",,eng,nfa,English,Dhao,16.3617,38.6007,35.0097
"and yhwh god causes a deep sleep to fall on the man, and he sleeps, and he takes one of his ribs, and closes up flesh in its stead.","hèia ama lamatua pabhèj'i luu dhèu ne'e. ropa na bhèj'i, ama lamatua nare rui karasa na calaa, ka na pakateme hari nu'a deo na.","Èle èèna ka, Ama Lamatua tao dhèu ne bhèjꞌi titu kèna. Èle èèna ka, dhèu ne bhèjꞌi titu kèna. Èle èèna ka, Lamatua tao dhèu ne bhèjꞌi titu kèna. Èle èèna ka, Lamatua tao dhèu ne bhèjꞌi titu kèna. Èle èèna ka, Lamatua tao dhèu ne bhèjꞌi titu kèna. Èle èèna ka, Lamatua tao dhèu ne bhèjꞌi titu kèna.","Aa Ama Lamatua tao dhèu ne bhèj'i marèma, ka nèngu bhèj'i. Aa nèngu nara rui èci nèti nèngu, aa kutu isi ètu era nèngu.",,eng,nfa,English,Dhao,8.9688,2.445,5.8447
"and yhwh god builds up the rib which he has taken out of the man into a woman, and brings her to the man;","nèti rui ne, na paj'aj'i bhèni ca dhèu. hèia na pangèd'u bhèni ne mi dhèu èèna.","Èle èèna ka, Ama Lamatua pajꞌajꞌi ca kacui-aai nèti dhèu rai-haha ne, ho jꞌajꞌi dhèu bhèni. Èle èèna ka, Ama Lamatua pajꞌajꞌi ca kacui-aai nèti dhèu rai-haha ne, ho jꞌajꞌi dhèu bhèni.","Aa Ama Lamatua paj'aj'i rui karasa dhu nèngu kore eele nèti dhèu mone ne ho j'aj'i dhèu bhèni, aa nèti ne asa dhèu mone.",,eng,nfa,English,Dhao,10.3608,4.2958,3.4735
"and the man says, this at last! bone of my bone, and flesh of my flesh! for this is called woman, for this has been taken from man;","ropa ladhe nèdhi bhèni ne, ka dhèu na peka, aku nèngu na, waaa! ne'e ne ku! sèmi ne'e ku, heka pamèci dènge ja'a kèna! rui na, sama èci èèna ka dènge rui ja'a. aa isi na, sama kahèi dènge isi ja'a. lula nèngu ne, j'aj'i nèti dhèu mone, nèti èèna ka ja'a pangare ne, ‘dhèu bhèni'.","Hèia Adam peka, aku nèngu na, ""Nèngu neꞌe ne, leko-monya nèti ngiꞌu jaꞌa. Nèngu neꞌe ne, leko-monya nèti ngiꞌu jaꞌa.""","Hèia mone ne peka, ""Nèngu ne'e ne, dhu lèke mema! Rui nèti rui ja'a, aa isi nèti isi ja'a! Te nèngu ne, ra pangare ne, bhèni, te nèngu ne, dhu ra tare nèti mone;""",,eng,nfa,English,Dhao,4.5495,9.9399,10.7991
"therefore a man leaves his father and his mother, and has cleaved to his wife, and they have become one flesh.","nèti èèna ka, dhèu mone hud'i tèke eele ku ina-ama na, ho la'e mamuri d'ara èci dènge dhèu èmu-kamali na, lula dua ra, j'aj'i le èci.","Nèti èèna ka, dhèu mone tèke eele ina-ama na, ho paꞌèki dènge dhèu èmu-kamali na, aa dua ra jꞌajꞌi èci.","Nèti èèna ka, dhèu mone tèke eele ina-ama na, ho paꞌèki dènge dhèu èmu-kamali na, aa dua ra jꞌajꞌi èci.",,eng,nfa,English,Dhao,0.0,0.0,0.0
"and both of them are naked, the man and his wife, and they are not ashamed of themselves.","lod'o èèna, dua ra dhu dènge boe mèdha-papake, te ngaa ra makae boe.","Èle èèna ka, dhèu èèna dènge dhèu èmu na dènge boe mèdha-panyau.","Èle èèna ka, dhèu èèna dènge dhèu èmu na dènge boe mèdha-papake, aa rèngu makae boe.",,eng,nfa,English,Dhao,12.1487,19.2658,19.2482
"and the serpent has been cunning above every beast of the field which yhwh god has made, and he says to the woman, is it true that god has said, you do not eat from every tree of the garden?","nèti badha aa'i-aa'i dhu ama lamatua paj'aj'i ètu rai-haha ne, mege ka dhu mèu risi kapod'e-kabèli. ca lod'o, mege karèi bhèni na, aku nèngu na, tare'a, do? ama lamatua kai miu baku mi'a hua aaj'u aa'i-aa'i ètu d'ara oka ne'e.","Èle èèna ka, naga ne kapai risi nèti badha aaꞌi-aaꞌi dhu Ama Lamatua pajꞌajꞌi ètu rai-haha ne. Hèia na karèi dhèu bhèni ne, aku nèngu na, ""Tasamia ka Ama Lamatua peka, na, 'Miu baku raꞌa nèti ajꞌu aaꞌi-aaꞌi ètu dꞌara oka ne?'","Èle èèna ka, naga ne kapod'e-kabèli risi nèti badha aaꞌi-aaꞌi dhu Ama Lamatua pajꞌajꞌi ètu mamoo ne. Aa na peka mi dhèu bhèni ne, ""Tasamia ka Ama Lamatua peka, na, 'Miu baku raꞌa nèti ajꞌu aaꞌi-aaꞌi ètu dꞌara oka ne?'""",,eng,nfa,English,Dhao,-2.4355,-3.3487,-4.9746
"and the woman says to the serpent, from the fruit of the trees of the garden we eat, but from the fruit of the tree which is in the midst of the garden, god has said, you do not eat of it, nor touch it, lest you die.","ka bhèni na b'ala, aad'o! ji'i bisa nga'a! dhodhoka aj'u ca kapua ètu talora oka ne, ama lamatua kai, baku nga'a hua na. na peka na, ji'i baku nga'a, aa baku g'ag'e hua èèna kahèi, te aad'o na, ji'i madhe!","Hèia bhèni ne dhaa, aku nèngu na, ""Èdhi bisa raꞌa ajꞌu dhu ètu dꞌara oka ne. Te ngaa Ama Lamatua peka dènge jiꞌi, aku Nèngu na, 'Miu baku raꞌa ajꞌu dhu ètu dꞌara oka ne, aa baku gꞌagꞌe ne, sèna ka miu madhe.' ""","Hèia bhèni ne dhaa dènge mege, ""Èdhi ra'a hua nèti aj'u dhu ètu d'ara oka. Te ngaa nèti hua aj'u dhu ètu talora oka, Ama Lamatua peka, 'Miu baku ra'a nèti ne, aa baku g'ag'e ne, sèna ka miu madhe.'""",,eng,nfa,English,Dhao,11.7813,5.2889,4.4632
"and the serpent says to the woman, dying, you do not die,","te ngaa mege na dhaa, aku nèngu na, waa! sèmi boe èèna! miu se madhe boe!","Hèia naga ne peka dènge bhèni ne, aku nèngu na, ""Madhutu dadꞌèi Jaꞌa, bèli-camèdꞌa miu madhe boe.","Hèia naga ne peka dènge bhèni ne, aku nèngu na, ""Bèli-camèdꞌa èu madhe boe.""",,eng,nfa,English,Dhao,2.8157,-1.7027,-2.0575
"for god knows that in the day of your eating of it-your eyes have been opened, and you have been as god, knowing good and evil.","ama lamatua mema kai tare'a sèmi èèna, lula dhu ne'a le, ladhe mi'e hua aaj'u èèna, miu j'aj'i d'èlu-mèu sèmi nèngu. ho èèna na me'a mia dhu be'a, aa mia dhu karehe.","Te Ama Lamatua neꞌa le, na, lodꞌo miu raꞌa, bèli-camèdꞌa miu bhèlu, aa miu jꞌajꞌi sama sèmi Ama Lamatua, aa meꞌa le dhu beꞌa dènge dhu bhelu-katubꞌa.""","Te Ama Lamatua neꞌa le, na, lodꞌo miu raꞌa, musi madha miu dhu bhoke le, aa miu jꞌajꞌi sama sèmi Ama Lamatua, aa meꞌa le dhu beꞌa dènge dhu bhelu-katubꞌa.",,eng,nfa,English,Dhao,-0.2062,1.1154,1.4197
"and the woman sees that the tree is good for food, and that it is pleasant to the eyes, and the tree is desirable to make one wise, and she takes from its fruit and eats, and also gives some to her husband with her, and he eats;","aa bhèni ne ladhe na aj'u ne be'a titu kèna, dènge hua na ele boe kee. na ngee, ladhe ja'a ku'a hua aj'u ne'e, ja'a d'èlu-mèu. hèia puu nare ka hua aj'u èèna, ka na'e. na'e nare, nèti hia dhèu èmu na, ka na'a kahèi.","Èle èèna ka, bhèni ne ladhe nèdhi, na, ajꞌu dhu ètu dꞌara ajꞌu èèna, beꞌa hia dhèu. Aa ajꞌu dhu ètu dꞌara ajꞌu èèna, beꞌa hia dhèu ho raꞌa. Èle èèna ka, bhèni ne sèmi nare ajꞌu èèna, hèia na hia dhèu èmu na ho raꞌa. Hèia dhèu èmu na kahèi, ka naꞌa kahèi.","Èle èèna ka, bhèni ne ladhe nèdhi, na, hua aj'u èèna be'a ho ra'a, aa be'a mi musi madha, aa aj'u èèna dhu dhèu neo ho tao dhèu mèu. Hèia na nare nèti hua na, ka na ra'a. Hèia na hia cahag'e mi dhèu èmu na dènge ne, ka na ra'a kahèi.",,eng,nfa,English,Dhao,10.9889,9.4884,9.2346
"and the eyes of them both are opened, and they know that they are naked, and they sew fig-leaves, and make girdles for themselves.","ra'a rare ka, heka re'a na rèngu dhu pake boe mèdha dhu hutu ua rèngu. nèti èèna ka, ra lui rèu aj'u ho pa'abhe era makae rèngu.","Èle èèna ka, dhèu dua se reꞌa, na, rèngu dènge boe mèdha-panyau. Ropa rèdhi sèmi èèna, hèia ra pajꞌajꞌi ètu dꞌara ajꞌu.","aa musi madha rèngu dua ra bhoke, aa rèngu re'a na rèngu dènge boe mèdha-papake, aa ra j'au rèu aj'u, aa ra tao dhari.hake mi rèngu.",,eng,nfa,English,Dhao,14.1774,11.3686,9.8779
"and they hear the sound of yhwh god walking up and down in the garden at the breeze of the day, and the man and his wife hide themselves from the face of yhwh god in the midst of the trees of the garden.","d'ai lod'o nihia, dua ra tadèngi lii core haga ama lamatua ètu d'ara oka èèna. ka dua ra rai lasi lu'u asa ca bèka aj'u, sèna ka lamatua baku nèdhi si.","Èle èèna ka, dhèu aaꞌi-aaꞌi ra tadèngi lii Ama Lamatua kako mai asa dꞌara oka. Hèia dhèu aaꞌi-aaꞌi dènge dhèu èmu-kamali raꞌa-rinu ètu dꞌara ajꞌu oka sèra, sèna ka dhèu aaꞌi-aaꞌi roꞌo boe rèdhi lii Ama Lamatua. Èle èèna ka, dhèu aaꞌi-aaꞌi dènge dhèu èmu-kamali raꞌa-rinu ètu dꞌara oka sèra, sèna ka rèdhi aaꞌi-aaꞌi raꞌa-rinu ètu dꞌara oka sèra.","Hèia rèngu tadèngi lii Ama Lamatua kako re-reo ètu d'ara oka, ètu ngèlu mèu. Aa dhèu mone dènge bhèni na ra huni nèti katanga madha Ama Lamatua ètu talora aj'u oka.",,eng,nfa,English,Dhao,8.8567,1.34,2.6746
"and yhwh god calls to the man and says to him, where are you?","te ngaa ama lamatua paroa mi dhèu mone èèna, aku nèngu na, adam! èu ètu mia?","Hèia Ama Lamatua paroa dhèu ne, peka na, ""Èu ètu mia?""","Hèia Ama Lamatua paroa dhèu ne, peka na, ""Èu ètu mia?""",,eng,nfa,English,Dhao,0.0,0.0,0.0
"and he says, i have heard your sound in the garden, and i am afraid, for i am naked, and i hide myself.","hèia mone na dhaa, ja'a tadèngi lii lamatua ètu ne'e. te ngaa ja'a makae, lula ja'a pake boe mèdha ètu ua. nèti èèna ka, ja'a rai pahuni iisi.","Hèia dhèu ne dhaa, aku nèngu na, 'Jaꞌa tadèngi lii èu ètu dꞌara oka ne, ka jaꞌa madhaꞌu, lula jaꞌa dènge boe mèdha-panyau. Nèti èèna ka, jaꞌa pakabꞌua.'","Hèia nèngu peka na, 'Ja'a tadèngi lii èu ètu d'ara oka ne, ka ja'a madha'u, lula ja'a dènge boe mèdha-papake. Ka ja'a huni isi ja'a.'",,eng,nfa,English,Dhao,4.7859,2.6581,2.237
"and he says, who has declared to you that you are naked? have you eaten from the tree of which i have commanded you not to eat?","ka lamatua peka na, cee ka dhu peka, na èu dhu pake boe mèdha-papake? de tasamia? tatu èu mu'a le hua aj'u dhu ja'a kai na, sina ma?","Hèia dhèu ne karèi, peka na, 'Cee ka dhu peka dènge èu, na, èu dènge boe mèdha-panyau? Èu ka dhu raꞌa nèti ajꞌu dhu Jaꞌa peka le dènge èu, na, èu baku raꞌa?'","Hèia nèngu peka na, 'Cee ka dhu peka dènge èu, na, èu dènge boe mèdha-panyau? Èu ka dhu raꞌa nèti ajꞌu dhu Jaꞌa paredha le dènge èu, na, èu baku raꞌa?'",,eng,nfa,English,Dhao,0.4399,-0.6591,-0.2459
"and the man says, the woman whom you placed with me-she has given to me from the tree, and i eat.","ka na b'ala, peka na, bhèni dhu èu hia ho pa'anga dènge ja'a èèna, ka dhu hia ja'a ku'a!","Hèia dhèu ne dhaa, aku nèngu na, ""Bèli-camèdꞌa, dhèu bhèni dhu èu pangèdꞌu ètu neꞌe, nèngu ka dhu hia jaꞌa nèti ajꞌu ne, ka jaꞌa raꞌa.""","Hèia dhèu ne dhaa, aku nèngu na, ""Bèli-camèdꞌa, dhèu bhèni dhu èu pangèdꞌu ètu neꞌe, nèngu ka dhu hia jaꞌa nèti ajꞌu ne, ka jaꞌa raꞌa.""",,eng,nfa,English,Dhao,0.0,0.0,0.0
"and yhwh god says to the woman, what is this you have done? and the woman says, the serpent has caused me to forget, and i eat.","hèia ama lamatua peka dènge bhèni na, aku nèngu na, nga tao ka, èu ad'u madha j'ara èèna? ka bhèni ne dhaa, peka na, te mege ne ka dhu ag'o ja'a! nèti èèna ka, ja'a ku'a.","Èle èèna ka, Ama Lamatua karèi bhèni ne, aku nèngu na, ""Èu tao ngaa?"" Hèia bhèni ne dhaa, aku nèngu na, ""Bèli-camèdꞌa, na, bèli-camèdꞌa jaꞌa sanèdꞌe, ka jaꞌa raꞌa.""","Èle èèna ka, Ama Lamatua karèi bhèni ne, aku nèngu na, ""Èu tao ngaa?"" Hèia bhèni ne dhaa, aku nèngu na, ""Mege tao ja'a bhèlu, ka ja'a ra'a.""",,eng,nfa,English,Dhao,4.2609,1.8024,1.9234
"and yhwh god says to the serpent, because you have done this, cursed are you above all the livestock, and above every beast of the field: on your belly you go, and dust you eat, for all days of your life;","èle èèna ka, ama lamatua dhoo mege èèna, aku nèngu na, ja'a huku èu, lula tatao èu. nèti badha aa'i-aa'i, dhoka èu di dhu abhu huku sèmi ne'e. mulai nèti deo ne'e toke èu madhe, èu dhoka rod'o dènge kakara, aa mu'a ètu rai di.","Èle èèna ka, Ama Lamatua peka dènge naga ne, aku nèngu na, ""Ladhe èu tao sèmi èèna, èu jꞌajꞌi dhèu pahaha iisi nèti badha aaꞌi-aaꞌi, aa nèti badha aaꞌi-aaꞌi dhu ètu dꞌara rai-haha ne, te ngaa èu jꞌajꞌi dhèu pahaha iisi nèti dhèu aaꞌi-aaꞌi.","Èle èèna ka, Ama Lamatua peka dènge naga ne, aku nèngu na, ""Lula èu tao sèmi èèna, èu dhoo risi nèti badha aa'i-aa'i, aa risi nèti badha aa'i-aa'i dhu ètu d'ara rai-haha: ètu d'ara d'èlu mu èu kako, aa ahu èu nga'a, lula lod'o mamuri mu aa'i-aa'i.""",,eng,nfa,English,Dhao,7.9279,8.5805,7.7216
"and i put enmity between you and the woman, and between your seed and her seed; he bruises your head, and you bruise his heel.","ja'a tao sèna ka, èu loe boe pamusu dènge bhèni ne. aa ana-èpu miu dua mi sèmi èèna kahèi. ana-èpu èu, èèna na kadhi hui tèdhu dhèu. te ngaa ca dhèu nèti ana-èpu bhèni ne, èèna na dhedhe palaho kètu èu.","Èèna na, Jaꞌa tao musu ètu talora èu dènge dhèu bhèni ne, aa ètu talora èu dènge dhèu bhèni ne. Èèna na core eele èu, aa èu core eele na.","Èèna na, Jaꞌa tao musu ètu talora èu dènge dhèu bhèni ne, aa ètu talora hini èu dènge hini nèngu. Nèngu paj'èra kètu èu, aa èu paj'èra kabodho nèngu.",,eng,nfa,English,Dhao,-0.3862,0.1902,-1.1091
"to the woman he said, multiplying i multiply your sorrow and your conception; you will bear children in sorrow, and your desire is toward your man or husband, and he or he will rule over you.","èle èèna ka, ama lamatua peka dènge bhèni ne, èèna na, ja'a pasusa tabha èu, ropa èu dènge babia; lod'o mora iisi, èu asa tabha j'èra. masi ka sèmi èèna, d'ara èu d'èi taruu dhèu èmu èu, aa nèngu ka dhu ator èu.","Hèia Ama Lamatua peka dènge bhèni ne, aku nèngu na, ""Bèli-camèdꞌa, bèli-camèdꞌa èu jꞌajꞌi dhèu èmu-kamali. Èèna na èu jꞌajꞌi dhèu dhu jꞌajꞌi dhèu èmu-kamali èu. Èèna na èu jꞌajꞌi dhèu dhu jꞌajꞌi dhèu èmu-kamali èu. Èèna na èu jꞌajꞌi dhèu dhu jꞌajꞌi dhèu èmu-kamali èu. Èu jꞌajꞌi dhèu dhu jꞌajꞌi dhèu èmu-kamali èu. Èu jꞌajꞌi dhèu èmu-kamali èu. Èu jꞌajꞌi dhèu èmu-kamali èu. Èu jꞌajꞌi dhèu èmu-kamali èu. Èu jꞌajꞌi dhèu èmu-kamali èu.","Nèngu peka dènge bhèni ne, aku nèngu na, ""Bèli-camèd'a ja'a pabèba susa èu dènge nara iisi èu. Èu nara iisi ana dènge d'ara susa, aa d'èi èu asa dhèu èmu èu, aa nèngu nèd'u paredha dedha èu.""",,eng,nfa,English,Dhao,23.2757,11.742,14.8438
"and to the man he said, because you have listened to the voice of your wife, and eat from the tree concerning which i have charged you, saying, you do not eat of it, cursed is the ground on your account; in sorrow you eat of it for all days of your life,","ka ama lamatua peka dènge mone ne, èu madhutu boe lii paredha ja'a, te ngaa èu nanene dhoka lii dhèu èmu èu di, ka èu mu'a hua aj'u dhu ja'a kai èèna. nèti èèna ka, èu abhu huku kahèi. aa rai lèke huku kahèi. nèti deo ne'e, toke d'ai èu madhe, hud'i èu kabèli rai, heka èu abhu nganga'a kèna. dènge sab'a bia sèmi ne'e ka, èu heka mamuri kèna.","Èle èèna ka, Ama Lamatua peka dènge Adam, aku Nèngu na, ""Ladhe èu nanene lii bhèni èu, hèia èu raꞌa nèti ajꞌu dhu Jaꞌa peka le dènge èu, peka na, 'Èu baku raꞌa nèti ajꞌu èèna,' èèna ka dhu Lamatua hagꞌe nare le rai ètu madha èu. Èu bisa raꞌa nèti ajꞌu èèna, toke dꞌai mia-mia.","Èle èèna ka, Ama Lamatua peka dènge Adam, aku Nèngu na, ""Lula èu nanene lii bhèni èu, hèia èu raꞌa nèti ajꞌu dhu Jaꞌa peka le dènge èu, peka na, 'Èu baku raꞌa nèti ajꞌu èèna,' èèna ka dhu Lamatua dhoo le rai ètu madha èu. D'ara susa èu raꞌa nèti hua rai toke d'ai lod'o aa'i mamuri èu.",,eng,nfa,English,Dhao,2.0957,2.6182,2.7002
"and it brings forth thorn and bramble for you, and you have eaten the herb of the field;","masi ka èu sèle rupa-rupa hini èèna ka, te ngaa dhu muri mai dhodhoka dhudhu-sete di.",Rèngu jꞌajꞌi aaꞌi-aaꞌi dhu jꞌajꞌi aaꞌi-aaꞌi dhu jꞌajꞌi aaꞌi-aaꞌi dhu jꞌajꞌi aaꞌi-aaꞌi dhu jꞌajꞌi aaꞌi-aaꞌi dhu jꞌajꞌi aaꞌi-aaꞌi dhu jꞌajꞌi aaꞌi-aaꞌi dhu jꞌajꞌi aaꞌi-aaꞌi dhu jꞌajꞌi aaꞌi-aaꞌi dhu jꞌajꞌi aaꞌi-aaꞌi dhu jꞌajꞌi aaꞌi-aaꞌi dhu jꞌajꞌi aaꞌi-aaꞌi dhu jꞌajꞌi aaꞌi-aaꞌi dhu jꞌajꞌi aaꞌi-aaꞌi.,"Aa nèngu tao dhudhu dènge aj'u padhudhu mi èu, aa èu ta'a le j'u'u dhu muri ètu pada.",,eng,nfa,English,Dhao,5.5241,15.7361,16.2834
"by the sweat of your face you eat bread until your return to the ground, for you have been taken out of it, for dust you are, and to dust you return.","hud'i èu èi kabhèsu haa ku, heka rai hia èu nganga'a kèna. èu hud'i sab'a bia sèmi èèna ku, toke d'ai lod'o èu madhe. èu ne, ja'a paj'aj'i nèti rai. de ladhe èu madhe, èu j'aj'i hari rai.","Lula èu jꞌajꞌi kapodꞌe-kabèli ètu rai-haha ne, èu raꞌa-rinu, toke èu lèpa hari asa rai-haha ne. Te èu jꞌajꞌi le, lula èu jꞌajꞌi kapodꞌe-kabèli ètu rai-haha ne. Lula èu jꞌajꞌi le, lula èu jꞌajꞌi le, lula èu jꞌajꞌi le. Èu jꞌajꞌi le, lula èu jꞌajꞌi le, aa èu jꞌajꞌi le, lula èu nuka sèmi kapodꞌe-kabèli ètu rai-haha ne.","Dènge èi-kabhèsu ètu katanga madha èu, èu ra'a roti, toke èu lèpa hari asa rai-haha. Lula èu nare kalua nèti èèna, lula èu j'aj'i ahu, aa asa ahu èu lèpa hari.",,eng,nfa,English,Dhao,10.9094,4.61,5.1049
"and the man calls his wife's name eve, for she has been mother of all living.","èle èèna ka, adam pangare dhèu èmu na ‘hawa' dhu sasoa na ‘dhu mamuri', te nèngu ka j'aj'i ina nèti dhèu dhu mamuri aa'i-aa'i.","Èle èèna ka, dhèu mone paroa dhèu èmu na, ngara na Eve, lula nèngu ka dhu jꞌajꞌi ina nèti dhèu aaꞌi-aaꞌi dhu mamuri ètu rai-haha ne.","Èle èèna ka, dhèu mone paroa dhèu èmu na, ngara na Eve, lula nèngu ka dhu jꞌajꞌi ina nèti dhèu aaꞌi-aaꞌi dhu mamuri ètu rai-haha ne.",,eng,nfa,English,Dhao,0.0,0.0,0.0
"and yhwh god makes coats of skin for the man and his wife, and clothes them.","hèia ama lamatua tao mèdha-papake nèti ka'uri badha, ka papake dua ra.","Èle èèna ka, Ama Lamatua tao mèdha-papake nèti pudhi dhèu èmu-kamali, ho papake si.","Èle èèna ka, Ama Lamatua tao mèdha-papake nèti pudhi dhèu èmu-kamali, ho papake si.",,eng,nfa,English,Dhao,0.0,0.0,0.0
"and yhwh god says, behold, the man was as one of us, as to the knowledge of good and evil; and now, lest he send forth his hand, and has also taken from the tree of life, and eaten, and lived for all time.","ka ama lamatua peka, limuri ne, dhèu re'a le, mia dhu be'a dènge mia dhu karehe, sèmi èdhi kahèi. de mage dhoka, rèngu ra'a hua aj'u dhu èci hari na, dhu hia mamuri taa-taa.","Èle èèna ka, Ama Lamatua peka dènge Jaꞌa, aku Nèngu na, ""Jaꞌa ne, dhèu rai-haha ne, sama sèmi èdhi. Jaꞌa bisa teꞌa ngaa dhu beꞌa dènge dhu bhelu-katubꞌa. De ladhe jaꞌa tao sèmi èèna, jaꞌa tao sèmi èèna kahèi. De ladhe jaꞌa tao sèmi èèna, jaꞌa tao sèmi èèna kahèi. De ladhe jaꞌa tao sèmi èèna, jaꞌa tao sèmi èèna kahèi. De ladhe jaꞌa tao sèmi èèna, jaꞌa tao sèmi èèna kahèi. Jaꞌa tao sèmi èèna kahèi. Jaꞌa tao sèmi èèna, ladhe jaꞌa tao sèmi èèna, jaꞌa tao sèmi èèna kahèi. Jaꞌa tao sèmi èèna kahèi. Jaꞌa tao sèmi èèna, sèna ka jaꞌa raꞌa ajꞌa ajꞌu aaꞌi-aaꞌi dhu hia mamuri, sèna ka mamuri toke dꞌai mia-mia.""","Èle èèna ka, Ama Lamatua peka dènge Jaꞌa, aku Nèngu na, ""Jaꞌa ne, dhèu rai-haha ne, sama sèmi èdhi. Jaꞌa bisa teꞌa ngaa dhu beꞌa dènge dhu bhelu-katubꞌa. De ladhe jaꞌa tao sèmi èèna, jaꞌa tao sèmi èèna kahèi. De ladhe jaꞌa tao sèmi èèna, jaꞌa tao sèmi èèna kahèi. De ladhe jaꞌa tao sèmi èèna, jaꞌa tao sèmi èèna kahèi. De ladhe jaꞌa tao sèmi èèna, jaꞌa tao sèmi èèna kahèi. Jaꞌa tao sèmi èèna kahèi. Jaꞌa tao sèmi èèna, ladhe jaꞌa tao sèmi èèna, jaꞌa tao sèmi èèna kahèi. Jaꞌa tao sèmi èèna kahèi. Jaꞌa tao sèmi èèna, sèna ka jaꞌa raꞌa ajꞌa ajꞌu aaꞌi-aaꞌi dhu hia mamuri, sèna ka mamuri toke dꞌai mia-mia.""",,eng,nfa,English,Dhao,0.0,0.0,0.0
yhwh god sends him forth from the garden of eden to serve the ground from which he has been taken;,"èle èèna ka, na babèga eele si nèti d'ara oka eden èèna, ho lasi asa era leo, sèna ka ra mamuri dènge sab'e oka-tedhe. lula dhèu j'aj'i nèti rai, de mamuri kahèi nèti rai.","Èle èèna ka, Ama Lamatua pua Adam nèti dꞌara oka Eden, sèna ka laꞌe sabꞌa ètu dꞌara oka èèna.","Èle èèna ka, Ama Lamatua pua Adam nèti dꞌara oka Eden, sèna ka laꞌe sabꞌa ètu dꞌara oka èèna.",,eng,nfa,English,Dhao,0.0,0.0,0.0
"indeed, he casts out the man, and causes the cherubim to dwell at the east of the garden of eden with the sword of flame whirling around to guard the way of the tree of life.","babège nare si, ka lamatua paredha ana pajuu na nèti sorga, dhu dènge èla, ho lasi j'aga oka èèna re ca bèka dhimu. rèngu dènge samala dhu heo ha'a-ha'a, dhu seru la'e-mai. lamatua pua si bèdho eele j'ara la'e sa d'ara, te nèngu d'èi boe dhèu puu rare hua aj'u dhu hia ra mamuri taa-taa èèna.","Èle èèna ka, Ama Lamatua pua dhèu aaꞌi-aaꞌi nèti dꞌara oka èèna. Èle èèna ka, Ama Lamatua pua dhèu aaꞌi-aaꞌi nèti dꞌara oka èèna, sèna ka jꞌajꞌi dhèu aaꞌi-aaꞌi, nuka sèmi dhèu aaꞌi-aaꞌi nèti dꞌara oka èèna. Èle èèna ka, Ama Lamatua pajꞌujꞌu dhèu aaꞌi-aaꞌi nèti dꞌara oka èèna, sèna ka jꞌajꞌi dhèu aaꞌi-aaꞌi, sèna ka jꞌajꞌi dhèu aaꞌi-aaꞌi, sèna ka jꞌajꞌi dhèu aaꞌi-aaꞌi, sèna ka jꞌajꞌi dhèu aaꞌi-aaꞌi dhu mamuri ètu talora aaꞌi-aaꞌi ra.","Èle èèna ka, Ama Lamatua pua dhèu aaꞌi-aaꞌi nèti dꞌara oka èèna. Èle èèna ka, Ama Lamatua pua dhèu aaꞌi-aaꞌi nèti dꞌara oka èèna, sèna ka jꞌajꞌi dhèu aaꞌi-aaꞌi, nuka sèmi dhèu aaꞌi-aaꞌi nèti dꞌara oka èèna. Èle èèna ka, Ama Lamatua pajꞌujꞌu dhèu aaꞌi-aaꞌi nèti dꞌara oka èèna, sèna ka jꞌajꞌi dhèu aaꞌi-aaꞌi, sèna ka jꞌajꞌi dhèu aaꞌi-aaꞌi, sèna ka jꞌajꞌi dhèu aaꞌi-aaꞌi, sèna ka jꞌajꞌi dhèu aaꞌi-aaꞌi dhu mamuri ètu talora aaꞌi-aaꞌi ra.",,eng,nfa,English,Dhao,0.0,0.0,0.0
"and the man knew his wife eve, and she conceives and bears cain, and says, i have acquired a man by yhwh;","hèia adam j'unu dènge dhèu èmu na, hawa. ka bhèni ne dènge babia. hèia nara iisi ana mone ca dhèu. ka na peka, aku nèngu na, ja'a abhu le ana mone ca dhèu, lula ama lamatua soru nare le ja'a. ka na pangare ana ne, kaen dhu sasoa na ‘abhu'.","Èle èèna ka, Adam paraga dènge Hawa, dhèu èmu na. Èle èèna ka, dhèu èmu na bhèni. Hèia na peka, aku nèngu na, ""Jaꞌa abhu dhèu èmu èci dènge Èmu Kapua Manèngi-Mangajꞌi ètu dꞌara Èmu Kapua Manèngi-Mangajꞌi ètu dꞌara Èmu Kapua Manèngi-Mangajꞌi ètu dꞌara Èmu Kapua Manèngi-Mangajꞌi ètu dꞌara Èmu Kapua Manèngi-Mangajꞌi ètu dꞌara Èmu Kapua Manèngi-Mangajꞌi ètu dꞌara Èmu Kapua Manèngi-Mangajꞌi ètu dꞌara Èmu Kapua Manèngi-Mangajꞌi ètu dꞌara Èmu Kapua Manèngi-Mangajꞌi ètu dꞌara Èmu Kapua Manèngi-Mangajꞌi ètu dꞌara Èmu Kapua Manèngi-Mangajꞌi.","Èle èèna ka, Adam paraga dènge Hawa, dhèu èmu na. Èle èèna ka, dhèu èmu na bhèni. Hèia na peka, aku nèngu na, ""Jaꞌa abhu dhèu èmu èci dènge Èmu Kapua Manèngi-Mangajꞌi ètu dꞌara Èmu Kapua Manèngi-Mangajꞌi ètu dꞌara Èmu Kapua Manèngi-Mangajꞌi ètu dꞌara Èmu Kapua Manèngi-Mangajꞌi ètu dꞌara Èmu Kapua Manèngi-Mangajꞌi ètu dꞌara Èmu Kapua Manèngi-Mangajꞌi ètu dꞌara Èmu Kapua Manèngi-Mangajꞌi ètu dꞌara Èmu Kapua Manèngi-Mangajꞌi ètu dꞌara Èmu Kapua Manèngi-Mangajꞌi ètu dꞌara Èmu Kapua Manèngi-Mangajꞌi ètu dꞌara Èmu Kapua Manèngi-Mangajꞌi.",,eng,nfa,English,Dhao,0.0,0.0,0.0
"and she adds to bear his brother, even abel. and abel is feeding a flock, and cain has been servant of the ground.","hèia hawa nara iisi hari ana mone èci. ka na pangare ne habel. dua ra kapai ka, habel j'aj'i dhèu madhenge badha. aa a'a na kaen, sab'a oka-tedhe.","Èle èèna ka, abhu kahèi aꞌari na, Abel. Abel jꞌajꞌi kahibꞌi-kalèbho, aa Cain jꞌajꞌi dhèu sabꞌa ètu dꞌara oka.","Èle èèna ka, abhu kahèi aꞌari na, Abel. Abel jꞌajꞌi kahibꞌi-kalèbho, aa Cain jꞌajꞌi dhèu sabꞌa ètu dꞌara oka.",,eng,nfa,English,Dhao,0.0,0.0,0.0
and it comes to pass at the end of days that cain brings from the fruit of the ground a present to yhwh;,"ca lod'o, kaen nèti isi rai na cahag'e, ka hia lamatua.","Bèli-camèdꞌa, dhèu sabꞌa ètu dꞌara oka, sèna ka hia ajꞌu na sèna ka jꞌajꞌi hia Ama Lamatua.","Bèli-camèdꞌa, dhèu sabꞌa ètu dꞌara oka, sèna ka hia ajꞌu na sèna ka jꞌajꞌi hia Ama Lamatua.",,eng,nfa,English,Dhao,0.0,0.0,0.0
"and abel, he has brought, he also, from the female firstlings of his flock, and from their fat ones; and yhwh looks to abel and to his present,","habel nèti ana-ana uuru kahib'i-kalèbho na. na roro kahib'i-kalèbho se, ka nèti sisi dhu be'a hia lamatua. d'ara ama lamatua karej'e ropa ladhe nèdhi korban nèti habel ne.","Èle èèna ka, na sèmi nare Abel, nèti ana kahibꞌi-kalèbho nèti kahibꞌi-kalèbho na, aa nèti ana kahibꞌi-kalèbho na. Èle èèna ka, na sèmi nare Abel, nèti kahibꞌi-kalèbho nèti kahibꞌi-kalèbho na, nèti kahibꞌi-kalèbho nèti kahibꞌi-kalèbho na. Èle èèna ka, na sèmi nare Abel, nèti kahibꞌi-kalèbho nèti kahibꞌi-kalèbho nèti kahibꞌi-kalèbho na.","Èle èèna ka, na sèmi nare Abel, nèti ana kahibꞌi-kalèbho nèti kahibꞌi-kalèbho na, aa nèti ana kahibꞌi-kalèbho na. Èle èèna ka, na sèmi nare Abel, nèti kahibꞌi-kalèbho nèti kahibꞌi-kalèbho na, nèti kahibꞌi-kalèbho nèti kahibꞌi-kalèbho na. Èle èèna ka, na sèmi nare Abel, nèti kahibꞌi-kalèbho nèti kahibꞌi-kalèbho nèti kahibꞌi-kalèbho na.",,eng,nfa,English,Dhao,0.0,0.0,0.0
"and to cain and to his present he has not looked; and it is very displeasing to cain, and his countenance is fallen.","te ngaa na d'èi boe korban unu kaen. hèia kaen nasa bia, ka rèhu na mare boe.","Èle èèna ka, cain dꞌèi boe, aa cain dꞌèi boe dꞌèi boe. Nèti èèna ka, cain dꞌèi boe dꞌèlu-mèu, aa dꞌèi boe dꞌèlu-mèu, aa dꞌèlu-mèu dꞌèlu-mèu dꞌèlu-mèu dꞌèlu-mèu dꞌèlu-mèu dꞌèlu-mèu dꞌèlu-mèu dꞌèlu-mèu dꞌèlu-mèu dꞌèlu-mèu dꞌèlu-mèu dꞌèlu-mèu dꞌèlu-mèu dꞌèlu-mèu dꞌèlu-mèu dꞌèlu-mèu dꞌèlu-mèu dꞌèlu-mèu dꞌèlu-mèu dꞌèlu-mèu dꞌèlu-mèu dꞌèlu-mèu dꞌèlu-mèu dꞌèlu-mèu dꞌèlu-mèu.","Èle èèna ka, cain dꞌèi boe, aa cain dꞌèi boe dꞌèi boe. Nèti èèna ka, cain dꞌèi boe dꞌèlu-mèu, aa dꞌèi boe dꞌèlu-mèu, aa dꞌèlu-mèu dꞌèlu-mèu dꞌèlu-mèu dꞌèlu-mèu dꞌèlu-mèu dꞌèlu-mèu dꞌèlu-mèu dꞌèlu-mèu dꞌèlu-mèu dꞌèlu-mèu dꞌèlu-mèu dꞌèlu-mèu dꞌèlu-mèu dꞌèlu-mèu dꞌèlu-mèu dꞌèlu-mèu dꞌèlu-mèu dꞌèlu-mèu dꞌèlu-mèu dꞌèlu-mèu dꞌèlu-mèu dꞌèlu-mèu dꞌèlu-mèu dꞌèlu-mèu dꞌèlu-mèu.",,eng,nfa,English,Dhao,0.0,0.0,0.0
"and yhwh says to cain, why do you have displeasure? and why has your countenance fallen?","ka lamatua lii dènge kaen, aku nèngu na, kaen! nga tao ka èu nasa sèmi èèna, ka rèhu èu mare boe?","Hèia na karèi cain, aku nèngu na, ""Nga tao ka èu madhaꞌu? Nga tao ka dꞌara èu bhelu-katubꞌa?""","Hèia na karèi cain, aku nèngu na, ""Nga tao ka èu madhaꞌu? Nga tao ka dꞌara èu bhelu-katubꞌa?""",,eng,nfa,English,Dhao,0.0,0.0,0.0
"is there not, if you do well, acceptance? and if you do not do well, sin or a sin-offering is lying at the opening, and its or his desire is for you, and you rule over it or by him.","ladhe tatao èu be'a, na ja'a sèmi èu dènge hua iia. de mu pangee uuru ku! ladhe èu tao bhelu, na bhabhelu èèna na'e hari èu, sama sèmi meo neo pacèli maraho. de sèmi èu neo tao bhabhelu, be'a risi core eele ka!","Te ngaa ladhe èu tao jꞌara dhu lèke, Ama Lamatua sèmi nare èu. Te ngaa ladhe èu tao jꞌara dhu lèke, Ama Lamatua sèmi nare èu. Te ngaa ladhe èu tao jꞌara dhu lèke, Ama Lamatua sèmi nare èu. Te ngaa ladhe èu tao jꞌara dhu lèke, Ama Lamatua sèmi nare èu. Aa ladhe èu tao jꞌara dhu lèke, Ama Lamatua sèmi nare èu. Aa ladhe èu tao jꞌara dhu lèke, Ama Lamatua sèmi nare èu. Aa ladhe èu tao jꞌara dhu lèke, Ama Lamatua sèmi nare èu.","Te ngaa ladhe èu tao jꞌara dhu lèke, Ama Lamatua sèmi nare èu. Te ngaa ladhe èu tao jꞌara dhu lèke, Ama Lamatua sèmi nare èu. Te ngaa ladhe èu tao jꞌara dhu lèke, Ama Lamatua sèmi nare èu. Te ngaa ladhe èu tao jꞌara dhu lèke, Ama Lamatua sèmi nare èu. Aa ladhe èu tao jꞌara dhu lèke, Ama Lamatua sèmi nare èu. Aa ladhe èu tao jꞌara dhu lèke, Ama Lamatua sèmi nare èu. Aa ladhe èu tao jꞌara dhu lèke, Ama Lamatua sèmi nare èu.",,eng,nfa,English,Dhao,0.0,0.0,0.0
"and cain says to his brother abel, let us go into the field; and it comes to pass in their being in the field, that cain rises up against his brother abel, and slays him.","ca tèka, kaen gale habel, na peka na, mai lati ngad'o oka, we. ropa dua ra d'ai d'ara oka, kaen kalabhe pamadhe ari na.","Èle èèna ka, Kain peka dènge aꞌari na Habel, aku nèngu na, ""Mai laꞌe asa dꞌara oka."" Ropa dua ra pea ètu dꞌara oka, ka Kain jꞌajꞌi dhèu kapodꞌe-kabèli na, ka pamadhe ne.","Èle èèna ka, Kain peka dènge aꞌari na Habel, aku nèngu na, ""Mai laꞌe asa dꞌara oka."" Ropa dua ra pea ètu dꞌara oka, ka Kain jꞌajꞌi dhèu kapodꞌe-kabèli na, ka pamadhe ne.",,eng,nfa,English,Dhao,0.0,0.0,0.0
"and yhwh says to cain, where is your brother abel? and he says, i have not known; am i my brother's keeper?","ka lamatua karèi kaen, aku nèngu na, kaen! ari mu ka mia? hèia kaen dhaa, aku nèngu na, ja'a ke'a boe na ètu mia! èu ngee na, ja'a dhèu kèpe haga na, do?","Hèia Na karèi Kain, aku Nèngu na, ""Abel, aꞌari èu, ètu mia?"" Ka Kain dhaa, aku nèngu na, ""Jaꞌa tadhe boe, do?""","Hèia Na karèi Kain, aku Nèngu na, ""Abel, aꞌari èu, ètu mia?"" Ka Kain dhaa, aku nèngu na, ""Jaꞌa tadhe boe, do?""",,eng,nfa,English,Dhao,0.0,0.0,0.0
"and he says, what have you done? the voice of your brother's blood is crying to me from the ground;","ka lamatua b'ala, nga tao ka èu bhelu sèmi èèna? baku pangee na, èu pahuni more le raa ari èu ètu d'ara rai, te ja'a dhu kèdhi aa'i-aa'i le!","Hèia dhèu ne karèi, aku nèngu na, 'Nga tao ka miu tao sèmi èèna? Dhèu èmu miu èci èèna ka dhu paꞌoo-parodha jaꞌa nèti rai-haha ne.","Hèia dhèu ne karèi, aku nèngu na, 'Nga tao ka miu tao sèmi èèna? Dhèu èmu miu èci èèna ka dhu paꞌoo-parodha jaꞌa nèti rai-haha ne.",,eng,nfa,English,Dhao,0.0,0.0,0.0
"and now, cursed are you from the ground, which has opened her mouth to receive the blood of your brother from your hand;","de lii dhoo lèke le mi dedha èu. lod'o èu pamadhe ari èu, rai sakid'o nare raa na. de limuri ne, rai bisa heka nèti mamuri mi èu.","Nèti èèna ka, èu jꞌajꞌi dhèu dhu jꞌajꞌi dhèu dhu jꞌajꞌi dhèu bhelu-katubꞌa. Èu jꞌajꞌi dhèu dhu jꞌajꞌi dhèu bhelu-katubꞌa. Lula èu jꞌajꞌi dhèu bhelu-katubꞌa, èu jꞌajꞌi dhèu bhelu-katubꞌa. Èu jꞌajꞌi dhèu dhu jꞌajꞌi dhèu bhelu-katubꞌa. Lula èu jꞌajꞌi dhèu bhelu-katubꞌa, èu jꞌajꞌi dhèu bhelu-katubꞌa. Lula èu jꞌajꞌi dhèu bhelu-katubꞌa, èu jꞌajꞌi dhèu bhelu-katubꞌa.","Nèti èèna ka, èu jꞌajꞌi dhèu dhu jꞌajꞌi dhèu dhu jꞌajꞌi dhèu bhelu-katubꞌa. Èu jꞌajꞌi dhèu dhu jꞌajꞌi dhèu bhelu-katubꞌa. Lula èu jꞌajꞌi dhèu bhelu-katubꞌa, èu jꞌajꞌi dhèu bhelu-katubꞌa. Èu jꞌajꞌi dhèu dhu jꞌajꞌi dhèu bhelu-katubꞌa. Lula èu jꞌajꞌi dhèu bhelu-katubꞌa, èu jꞌajꞌi dhèu bhelu-katubꞌa. Lula èu jꞌajꞌi dhèu bhelu-katubꞌa, èu jꞌajꞌi dhèu bhelu-katubꞌa.",,eng,nfa,English,Dhao,0.0,0.0,0.0
"when you till the ground, it will not add to give its strength to you-a wanderer, even a trembling one, you are in the earth.","de ladhe èu sab'a oka-tedhe, rai ne hia heka èu ngaa-ngaa. nèti deo ne'e, èu lu'u sa haa-sa dhimu, sèmi dhèu dhu dènge boe era paleo-palu'u.","ladhe èu sabꞌa ètu rai-haha ne, èu jꞌajꞌi dhèu aae-dhèu. Èu jꞌajꞌi dhèu bhelu-katubꞌa, lula èu jꞌajꞌi dhèu aae-dhèu ètu rai-haha ne. Èu jꞌajꞌi dhèu bhelu-katubꞌa, lula èu jꞌajꞌi dhèu bhelu-katubꞌa ètu rai-haha ne. Èu jꞌajꞌi dhèu bhelu-katubꞌa, lula èu jꞌajꞌi dhèu bhelu-katubꞌa, lula èu jꞌajꞌi dhèu bhelu-katubꞌa, lula èu jꞌajꞌi dhèu bhelu-katubꞌa ètu rai-haha ne.","ladhe èu sabꞌa ètu rai-haha ne, èu jꞌajꞌi dhèu aae-dhèu. Èu jꞌajꞌi dhèu bhelu-katubꞌa, lula èu jꞌajꞌi dhèu aae-dhèu ètu rai-haha ne. Èu jꞌajꞌi dhèu bhelu-katubꞌa, lula èu jꞌajꞌi dhèu bhelu-katubꞌa ètu rai-haha ne. Èu jꞌajꞌi dhèu bhelu-katubꞌa, lula èu jꞌajꞌi dhèu bhelu-katubꞌa, lula èu jꞌajꞌi dhèu bhelu-katubꞌa, lula èu jꞌajꞌi dhèu bhelu-katubꞌa ètu rai-haha ne.",,eng,nfa,English,Dhao,0.0,0.0,0.0
"and cain says to yhwh, my punishment is too great than to bear;","te ngaa kaen b'ala lamatua, aku nèngu na, haii! ama lamatua, ee! lamatua dhoo ja'a bia titu kèna, de ja'a pasae mèke boe nga.","Hèia cain dhaa, aku nèngu na, ""Jaꞌa abhu jꞌajꞌèra dhu kapai risi nèti dꞌara jaꞌa. Jaꞌa abhu jꞌajꞌèra dhu kapai risi nèti dꞌara jaꞌa, te ngaa jaꞌa abhu jꞌajꞌèra dhu kapai risi nèti dꞌara jaꞌa, te ngaa jaꞌa abhu jꞌajꞌèra dhu kapai risi nèti dꞌara jaꞌa, te ngaa jaꞌa abhu jꞌajꞌèra dhu kapai risi nèti dꞌara jaꞌa.""","Hèia cain dhaa, aku nèngu na, ""Jaꞌa abhu jꞌajꞌèra dhu kapai risi nèti dꞌara jaꞌa. Jaꞌa abhu jꞌajꞌèra dhu kapai risi nèti dꞌara jaꞌa, te ngaa jaꞌa abhu jꞌajꞌèra dhu kapai risi nèti dꞌara jaꞌa, te ngaa jaꞌa abhu jꞌajꞌèra dhu kapai risi nèti dꞌara jaꞌa, te ngaa jaꞌa abhu jꞌajꞌèra dhu kapai risi nèti dꞌara jaꞌa.""",,eng,nfa,English,Dhao,0.0,0.0,0.0
"behold, you have driven me today from off the face of the ground, and from your face i am hid; and i have been a wanderer, even a trembling one, in the earth, and it has been-everyone finding me will slay me.","lula lamatua bège eele ja'a nèti era ne'e, ja'a kaj'èu nèti ama lamatua. ja'a kako lole-laa asa mia-mia. de ladhe paraga dènge dhèu, èèna na ra pamadhe ja'a.","ladhe sèmi neꞌe, èu paꞌele iisi jaꞌa nèti rai-haha ne. Èu paꞌele iisi jaꞌa nèti rai-haha ne. Jaꞌa jꞌajꞌi dhèu dꞌèlu-mèu ètu rai-haha ne. Dhèu aaꞌi-aaꞌi dhu paraga dènge jaꞌa, bèli-camèdꞌa ra neo pamadhe jaꞌa. Te ngaa limuri ne, dhèu aaꞌi-aaꞌi dhu paraga dènge jaꞌa, bèli-camèdꞌa dhèu aaꞌi-aaꞌi ètu rai-haha ne jꞌajꞌi dhèu bhelu-katubꞌa-katubꞌa-katubꞌa-katubꞌa-katubꞌa-katubꞌa-katubꞌa-katubꞌa-katubꞌa-katubꞌa-katubꞌa-katubꞌa-katubꞌa-katubꞌa-katubꞌa-katubꞌa-katubꞌa-katubꞌa-katubꞌa-katubꞌa-katubꞌa-katubꞌa-katubꞌa-katubꞌa-katubꞌa-katubꞌa-katubꞌa-katubꞌa-katubꞌa-katubꞌa-katubꞌa-katubꞌa-katubꞌa-katubꞌa.","ladhe sèmi neꞌe, èu paꞌele iisi jaꞌa nèti rai-haha ne. Èu paꞌele iisi jaꞌa nèti rai-haha ne. Jaꞌa jꞌajꞌi dhèu dꞌèlu-mèu ètu rai-haha ne. Dhèu aaꞌi-aaꞌi dhu paraga dènge jaꞌa, bèli-camèdꞌa ra neo pamadhe jaꞌa. Te ngaa limuri ne, dhèu aaꞌi-aaꞌi dhu paraga dènge jaꞌa, bèli-camèdꞌa dhèu aaꞌi-aaꞌi ètu rai-haha ne jꞌajꞌi dhèu bhelu-katubꞌa-katubꞌa-katubꞌa-katubꞌa-katubꞌa-katubꞌa-katubꞌa-katubꞌa-katubꞌa-katubꞌa-katubꞌa-katubꞌa-katubꞌa-katubꞌa-katubꞌa-katubꞌa-katubꞌa-katubꞌa-katubꞌa-katubꞌa-katubꞌa-katubꞌa-katubꞌa-katubꞌa-katubꞌa-katubꞌa-katubꞌa-katubꞌa-katubꞌa-katubꞌa-katubꞌa-katubꞌa-katubꞌa-katubꞌa.",,eng,nfa,English,Dhao,0.0,0.0,0.0
"and yhwh says to him, therefore, of any slayer of cain it is required sevenfold; and yhwh sets to cain a token that none finding him will slay him.","te ngaa lamatua dhaa na, aad'o sèmi èèna! dhèu cee dhu pamadhe èu, èèna na ja'a huku ne, babia na pidhu hari risi nèti èu. hèia lamatua tao tadha mi kaen, sèna ka dhèu re'a ho baku pamadhe ne.","Èle èèna ka, Ama Lamatua peka dènge ne, aku nèngu na, 'Ladhe abhu dhèu dhu pamadhe ne, èèna na Jaꞌa pamaꞌète hia ne pidhu hari.' Hèia Ama Lamatua peka dènge ne, na, 'Ladhe abhu dhèu dhu pamadhe ne, èèna na Jaꞌa pamadhe ne pidhu hari.'","Èle èèna ka, Ama Lamatua peka dènge ne, aku nèngu na, 'Ladhe abhu dhèu dhu pamadhe ne, èèna na Jaꞌa pamaꞌète hia ne pidhu hari.' Hèia Ama Lamatua peka dènge ne, na, 'Ladhe abhu dhèu dhu pamadhe ne, èèna na Jaꞌa pamadhe ne pidhu hari.'",,eng,nfa,English,Dhao,0.0,0.0,0.0
"and cain goes out from before yhwh, and dwells in the land, moving about east of eden;","hèia kaen tèke eele dènge era èèna. la'e pakaj'èu nèti lamatua, asa era èci, ètu bèka dhimu oka eden. era ne'e, ngara na nod dhu sasoa na, ‘lole-laa'. ka na pea ètu era èèna.","Èle èèna ka, Kain tèke eele nèti madha Ama Lamatua, laꞌe pea ètu rai èèna, ètu hèbꞌa aae Eden.","Èle èèna ka, Kain tèke eele nèti madha Ama Lamatua, laꞌe pea ètu rai èèna, ètu hèbꞌa aae Eden.",,eng,nfa,English,Dhao,0.0,0.0,0.0
"and cain knows his wife, and she conceives, and bears enoch; and he is building a city, and he calls the name of the city, according to the name of his son-enoch.","hèia kaen leo-èmu, ka dhèu èmu na dènge babia. ka nara iisi ana mone ca dhèu, dhu pangare na henok. hèia kaen patitu rae cue, ngara na henok, madhutu ngara ana na.","Èle èèna ka, Kain tenge jꞌara ho jꞌajꞌi dhèu èmu-kamali na. Ka bhèni ne jꞌajꞌi dhèu èmu, ka na abhu ana mone èci, ngara na Enok. Ka na patitu kota èci, ka ra pangare ne, 'Dhèu èmu èèna', sama sèmi ana mone na èci, dhu Ama Lamatua hagꞌe nare ètu dꞌara èmu èèna. Ka ca lodꞌo ca lodꞌo, ca lodꞌo ca lodꞌo, ca lodꞌo ca lodꞌo, ca lodꞌo ca lodꞌo. Ka ca lodꞌo ca lodꞌo ca lodꞌo, ca lodꞌo ca lodꞌo, ca lodꞌo ca lodꞌo, ca lodꞌo ca lodꞌo, ca lodꞌo ca lodꞌo ca lodꞌo èèna, ca lodꞌo ca lodꞌo ca lodꞌo ca lodꞌo, ca lodꞌo ca lodꞌo ca lodꞌo ca lodꞌo ca lodꞌo.","Èle èèna ka, Kain tenge jꞌara ho jꞌajꞌi dhèu èmu-kamali na. Ka bhèni ne jꞌajꞌi dhèu èmu, ka na abhu ana mone èci, ngara na Enok. Ka na patitu kota èci, ka ra pangare ne, 'Dhèu èmu èèna', sama sèmi ana mone na èci, dhu Ama Lamatua hagꞌe nare ètu dꞌara èmu èèna. Ka ca lodꞌo ca lodꞌo, ca lodꞌo ca lodꞌo, ca lodꞌo ca lodꞌo, ca lodꞌo ca lodꞌo. Ka ca lodꞌo ca lodꞌo ca lodꞌo, ca lodꞌo ca lodꞌo, ca lodꞌo ca lodꞌo, ca lodꞌo ca lodꞌo, ca lodꞌo ca lodꞌo ca lodꞌo èèna, ca lodꞌo ca lodꞌo ca lodꞌo ca lodꞌo, ca lodꞌo ca lodꞌo ca lodꞌo ca lodꞌo ca lodꞌo.",,eng,nfa,English,Dhao,0.0,0.0,0.0
and born to enoch is irad; and irad has begotten mehujael; and mehujael has begotten methusael; and methusael has begotten lamech.,"ka henok matana irad. hèia irad matana mehuyael. mehuyael matana metusael. aa ana metusael, lamek.","Enok, ama na, Irad. Irad, ama na, Mehuel. Mehuel, ama na, Metusael. Metusael, ama na, Lamek.","Enok, ama na, Irad. Irad, ama na, Mehuel. Mehuel, ama na, Metusael. Metusael, ama na, Lamek.",,eng,nfa,English,Dhao,0.0,0.0,0.0
"and lamech takes to himself two wives, the name of the first adah, and the name of the second zillah.","dhèu èmu lamek, dhèu dua. èci ngara na ada, aa ca dhèu hari, ngara na sila.","Lamek abhu dhèu èmu dua. Ngara ana bhèni dhu uru èèna, Adah, aa ngara ana bhèni dhu uru èèna, Zilla, èèna ka dhu jꞌajꞌi dhèu aaꞌi-aaꞌi ètu dꞌara èmu na. Lamatua sèmi nare dhèu aaꞌi-aaꞌi dhu jꞌajꞌi dhèu aaꞌi-aaꞌi ètu dꞌara Èmu Kapua Manèngi-Mangajꞌi ètu dꞌara Èmu Kapua Manèngi-Mangajꞌi ètu dꞌara Èmu Kapua Manèngi-Mangajꞌi ètu dꞌara Èmu Kapua Manèngi-Mangajꞌi ètu dꞌara Èmu Kapua Manèngi-Mangajꞌi ètu dꞌara Èmu Kapua Manèngi-Mangajꞌi ètu dꞌara Èmu Kapua Manèngi-Mangajꞌi ètu dꞌara Èmu Kapua Manèngi-Mangajꞌi.","Lamek abhu dhèu èmu dua. Ngara ana bhèni dhu uru èèna, Adah, aa ngara ana bhèni dhu uru èèna, Zilla, èèna ka dhu jꞌajꞌi dhèu aaꞌi-aaꞌi ètu dꞌara èmu na. Lamatua sèmi nare dhèu aaꞌi-aaꞌi dhu jꞌajꞌi dhèu aaꞌi-aaꞌi ètu dꞌara Èmu Kapua Manèngi-Mangajꞌi ètu dꞌara Èmu Kapua Manèngi-Mangajꞌi ètu dꞌara Èmu Kapua Manèngi-Mangajꞌi ètu dꞌara Èmu Kapua Manèngi-Mangajꞌi ètu dꞌara Èmu Kapua Manèngi-Mangajꞌi ètu dꞌara Èmu Kapua Manèngi-Mangajꞌi ètu dꞌara Èmu Kapua Manèngi-Mangajꞌi ètu dꞌara Èmu Kapua Manèngi-Mangajꞌi.",,eng,nfa,English,Dhao,0.0,0.0,0.0
"and adah bears jabal, he has been father of those inhabiting tents and having purchased livestock;","ana ada, ngara na yabal. ana-èpu na, j'aj'i dhèu piara badha. mamuri ra ètu boe ca era, aa ra pea dhoka ètu d'ara paleo di.","Ana-èpu na, badha bhelu-katubꞌa. Nèngu jꞌajꞌi ama dhèu dhu pea ètu dꞌara hèbꞌa, aa abhu kahèi kahibꞌi-kalèbho dhu pea ètu dꞌara hèbꞌa, aa abhu kahèi kahibꞌi-kalèbho dhu pea ètu dꞌara hèbꞌa, aa abhu kahèi kahibꞌi-kalèbho dhu pea ètu dꞌara hèbꞌa, aa abhu kahèi kahibꞌi-kalèbho dhu pea ètu dꞌara hèbꞌa, aa abhu kahèi kahibꞌi-kalèbho dhu pea ètu dꞌara hèbꞌa.","Ana-èpu na, badha bhelu-katubꞌa. Nèngu jꞌajꞌi ama dhèu dhu pea ètu dꞌara hèbꞌa, aa abhu kahèi kahibꞌi-kalèbho dhu pea ètu dꞌara hèbꞌa, aa abhu kahèi kahibꞌi-kalèbho dhu pea ètu dꞌara hèbꞌa, aa abhu kahèi kahibꞌi-kalèbho dhu pea ètu dꞌara hèbꞌa, aa abhu kahèi kahibꞌi-kalèbho dhu pea ètu dꞌara hèbꞌa, aa abhu kahèi kahibꞌi-kalèbho dhu pea ètu dꞌara hèbꞌa.",,eng,nfa,English,Dhao,0.0,0.0,0.0
"and the name of his brother is jubal, he has been father of everyone handling harp and pipe.","ari yabal, ngara na yubal. ana-èpu yubal, j'aj'i dhèu gai sasadhu, dènge tiu sakino.","Aꞌari na èci, ngara na Jual. Nèngu jꞌajꞌi ama dhèu aaꞌi-aaꞌi dhu madhutu lii sodꞌa dènge kacui-aai.","Aꞌari na èci, ngara na Jual. Nèngu jꞌajꞌi ama dhèu aaꞌi-aaꞌi dhu madhutu lii sodꞌa dènge kacui-aai.",,eng,nfa,English,Dhao,0.0,0.0,0.0
"and zillah, she also bears tubal-cain, an instructor of every craftsman in bronze and iron; and a sister of tubal-cain is naamah.","dhèu èmu lamek èci hari, sila, nara iisi tubal kaen. ana-èpu na j'aj'i tuka bèsi, ka ra tuku mèdha ae-ae tao nèti bèsi, dènge tabaga. ana hèni tubal kaen, ngara na na'ama.","Ètu èèna, abhu kahèi ana bhèni èci, ngara na Tubal-Kain. Nèngu ka dhu ajꞌa dhèu sabꞌa aaꞌi-aaꞌi dhèu sabꞌa èci dènge dhèu sabꞌa aaꞌi-aaꞌi. Aa ètu èèna, abhu kahèi ana bhèni èci, ngara na Naama.","Ètu èèna, abhu kahèi ana bhèni èci, ngara na Tubal-Kain. Nèngu ka dhu ajꞌa dhèu sabꞌa aaꞌi-aaꞌi dhèu sabꞌa èci dènge dhèu sabꞌa aaꞌi-aaꞌi. Aa ètu èèna, abhu kahèi ana bhèni èci, ngara na Naama.",,eng,nfa,English,Dhao,0.0,0.0,0.0
"and lamech says to his wives: adah and zillah, hear my voice; wives of lamech, give ear to my saying: for i have slain a man for my wound, || even a young man for my hurt;","ca tèka, lamek padedha iisi na ètu madha dhèu èmu dua ra, peka na, mi nanene, ee! deo na, ana mone ngèru èci neo game ja'a. te ngaa ja'a dhadhedhe ne, toke madhe.","Èle èèna ka, Lamatua peka dènge dhèu èmu-kamali na, aku nèngu na, 'Miu aaꞌi-aaꞌi mi! Miu aaꞌi-aaꞌi mi! Miu aaꞌi-aaꞌi mi! Miu aaꞌi-aaꞌi mi! Miu aaꞌi-aaꞌi mi! Miu aaꞌi-aaꞌi mi! Miu aaꞌi-aaꞌi mi! Miu aaꞌi-aaꞌi mi! Miu aaꞌi-aaꞌi mi! Miu aaꞌi-aaꞌi mi! Miu aaꞌi-aaꞌi mi! Miu aaꞌi-aaꞌi mi! Miu aaꞌi-aaꞌi mi!","Èle èèna ka, Lamatua peka dènge dhèu èmu-kamali na, aku nèngu na, 'Miu aaꞌi-aaꞌi mi! Miu aaꞌi-aaꞌi mi! Miu aaꞌi-aaꞌi mi! Miu aaꞌi-aaꞌi mi! Miu aaꞌi-aaꞌi mi! Miu aaꞌi-aaꞌi mi! Miu aaꞌi-aaꞌi mi! Miu aaꞌi-aaꞌi mi! Miu aaꞌi-aaꞌi mi! Miu aaꞌi-aaꞌi mi! Miu aaꞌi-aaꞌi mi! Miu aaꞌi-aaꞌi mi! Miu aaꞌi-aaꞌi mi!",,eng,nfa,English,Dhao,0.0,0.0,0.0
"for sevenfold is required for cain, || and for lamech seventy-sevenfold.","dhèu dhu pamadhe kaen, abhu huku pidhu hari. te ngaa cee ka dhu neo b'ala ho pamadhe ja'a, abhu huku pidhu nguru pidhu hari.","sèmi cain, lèma, dènge lamek, pidhu nguru nguru nguru nguru nguru nguru nguru nguru nguru nguru nguru nguru nguru nguru nguru nguru nguru nguru nguru nguru nguru nguru nguru nguru nguru nguru nguru nguru nguru nguru nguru, nguru nguru nguru nguru nguru nguru nguru nguru, nguru nguru nguru nguru nguru nguru nguru nguru nguru nguru nguru nguru nguru nguru nguru nguru.","sèmi cain, lèma, dènge lamek, pidhu nguru nguru nguru nguru nguru nguru nguru nguru nguru nguru nguru nguru nguru nguru nguru nguru nguru nguru nguru nguru nguru nguru nguru nguru nguru nguru nguru nguru nguru nguru nguru, nguru nguru nguru nguru nguru nguru nguru nguru, nguru nguru nguru nguru nguru nguru nguru nguru nguru nguru nguru nguru nguru nguru nguru nguru.",,eng,nfa,English,Dhao,0.0,0.0,0.0
"and adam again knows his wife, and she bears a son, and calls his name seth, for god has appointed for me another seed instead of abel: for cain had slain him.","ka hawa nara iisi hari ana mone ca dhèu. hèia ra pangare ne, set dhu sasoa na, ‘hia', lula aku hawa na, ama lamatua hia ja'a ana ne, sèna ka gati madha habel, dhu kaen pamadhe ne.","Èle èèna ka, Adam paꞌèci hari dènge dhèu èmu na. Èle èèna ka, na abhu ana mone ca dhèu. Ka na pangare ne, Seth, lula Ama Lamatua pajꞌujꞌu dhèu èci dhu jꞌajꞌi ana-èpu na, èci èèna ka dènge Habel, lula ca dhèu kapai ca dhèu, ca dhèu kapai, ca dhèu kapai dhu pamadhe Habel.","Èle èèna ka, Adam paꞌèci hari dènge dhèu èmu na. Èle èèna ka, na abhu ana mone ca dhèu. Ka na pangare ne, Seth, lula Ama Lamatua pajꞌujꞌu dhèu èci dhu jꞌajꞌi ana-èpu na, èci èèna ka dènge Habel, lula ca dhèu kapai ca dhèu, ca dhèu kapai, ca dhèu kapai dhu pamadhe Habel.",,eng,nfa,English,Dhao,0.0,0.0,0.0
"and to seth, to him also a son has been born, and he calls his name enos; then a beginning was made of preaching in the name of yhwh.","pe d'ai nèbhu ku, set abhu ana mone ca dhèu, dhu pangare na enos. tèu èèna, dhèu mulai manèngi-mangaj'i mi ama lamatua.","Èle èèna ka, Seth abhu ca dhèu ca dhèu, ka ra pangare ne, Enos. Èle èèna ka, nèngu mulai peka-padhai dènge dhèu aaꞌi-aaꞌi, peka-padhai dènge dhèu aaꞌi-aaꞌi, peka-padhai dènge dhèu aaꞌi-aaꞌi, peka-padhai dènge dhèu aaꞌi-aaꞌi, peka-padhai dènge dhèu aaꞌi-aaꞌi, peka-padhai dènge dhèu aaꞌi-aaꞌi, peka-padhai dènge dhèu aaꞌi-aaꞌi, peka-padhai dènge dhèu aaꞌi-aaꞌi.","Èle èèna ka, Seth abhu ca dhèu ca dhèu, ka ra pangare ne, Enos. Èle èèna ka, nèngu mulai peka-padhai dènge dhèu aaꞌi-aaꞌi, peka-padhai dènge dhèu aaꞌi-aaꞌi, peka-padhai dènge dhèu aaꞌi-aaꞌi, peka-padhai dènge dhèu aaꞌi-aaꞌi, peka-padhai dènge dhèu aaꞌi-aaꞌi, peka-padhai dènge dhèu aaꞌi-aaꞌi, peka-padhai dènge dhèu aaꞌi-aaꞌi, peka-padhai dènge dhèu aaꞌi-aaꞌi.",,eng,nfa,English,Dhao,0.0,0.0,0.0
"this is an account of the generations of adam. in the day of god's creating man, in the likeness of god he has made him; a male and a female he has created them, and he blesses them, and calls their name man, in the day of their being created.","lod'o ama lamatua paj'aj'i dhèu rai-haha, na tao si sama sèmi rupa nèngu. na paj'aj'i si, dhèu mone dènge dhèu bhèni. ka na pangare si ‘dhèu rai-haha', aa na hia si berkat. dhèu dhu uru, ngara na adam. ana-èpu adam, nuka sèmi ne'e ka:","Lodꞌo Lamatua pajꞌajꞌi dhèu rai-haha, Na pajꞌajꞌi dhèu rai-haha, madhutu dadꞌèi Lamatua. Na pajꞌajꞌi dhèu rai-haha, dhèu mone dènge dhèu bhèni. Èle èèna ka, Lamatua pajꞌajꞌi dua ra, ngara na dhèu rai-haha.","Ne'e sasuri nèti ana-èpu Adam. Lod'o Lamatua paj'aj'i dhèu rai-haha, madhutu dad'èi Lamatua Na paj'aj'i ne; Na paj'aj'i si dhèu mone dènge dhèu bhèni, aa Na mèngi si, aa Na paroa ngara ra dhèu rai-haha, lod'o ra j'aj'i.",,eng,nfa,English,Dhao,9.4765,9.2373,7.3936
"and adam lives one hundred and thirty years or two hundred and thirty years, and begets a son in his likeness, according to his image, and calls his name seth.","lod'o adam d'ai ca ngasu tèlu nguru tèu, na matana ana mone ca dhèu, dhu rèhu na nare adam. ka pangare na, set.","Èle èèna ka, Adam mamuri ca tèu nguru tèu nguru tèu nguru tèu, toke dꞌai dua nguru tèu nguru tèu. Èle èèna ka, na nara iisi ana mone, dhu jꞌajꞌi èci-èci dènge dhèu èmu-kamali na. Èle èèna ka, na paroa ne Seth.","Èle èèna ka, Adam mamuri ca tèu nguru tèu nguru tèu nguru tèu, toke dꞌai dua nguru tèu nguru tèu. Èle èèna ka, na nara iisi ana mone, dhu jꞌajꞌi èci-èci dènge dhèu èmu-kamali na. Èle èèna ka, na paroa ne Seth.",,eng,nfa,English,Dhao,0.0,0.0,0.0
"and the days of adam after his begetting seth are eight hundred years or seven hundred years, and he begets sons and daughters.","ka adam mamuri hari d'ai aru ngasu tèu, hèia na abhu hari ana mone dènge ana bhèni.","Èle èèna ka, Adam mamuri toke dꞌai èpa nguru tèu lodꞌo, hèia na jꞌajꞌi ana mone dènge ana bhèni.","Aa lod'o Adam èle nèngu matana Set, nuka aru ngasu tèu do pidhu ngasu tèu, aa na matana ana mone dènge ana bhèni.",,eng,nfa,English,Dhao,4.2151,-1.2985,-2.1153
"and all the days of adam which he lived are nine hundred and thirty years, and he dies.","umur adam ceo ngasu tèlu nguru tèu, heka madhe kèna.","Èle èèna ka, Adam mamuri toke dꞌai nèu nguru tèlu nguru tèu. Hèia na madhe.","Èle èèna ka, Adam mamuri toke dꞌai ceo ngasu tèlu nguru tèu. Hèia na madhe.",,eng,nfa,English,Dhao,12.0848,13.9632,13.9844
"and seth lives one hundred and five years or two hundred and five years, and begets enos.","lod'o set d'ai ca ngasu lèmi tèu, na abhu ana mone ca dhèu, ngara na enos.","Ropa Seth mamuri, nèngu mamuri toke dꞌai 185 tèu. Èle èèna ka, nèngu nara iisi Enos.","Ropa Seth mamuri cangasu lèmi tèu do dua ngasu lèmi tèu, aa nèngu nara iisi Enos.",,eng,nfa,English,Dhao,18.3601,20.0085,17.7371
"and seth lives after his begetting enos eight hundred and seven years or seven hundred and seven years, and begets sons and daughters.","ka set mamuri hari d'ai aru ngasu pidhu tèu, na abhu hari ana mone dènge ana bhèni.","Lodꞌo èèna, Enos mamuri toke dꞌai nguru nguru nguru nguru nguru nguru nguru pidhu. Èle èèna ka, na abhu ana mone dènge ana bhèni cahagꞌe.","aa Set muri èle nèti na matana Enos aru ngasu dènge pidhu tèu do pidhu ngasu dènge pidhu tèu, aa na matana ana mone dènge ana bhèni.",,eng,nfa,English,Dhao,8.7162,4.9035,5.0217
"and all the days of seth are nine hundred and twelve years, and he dies.","umur set ceo ngasu canguru dua tèu, heka madhe kèna.","Èle èèna ka, Seth mamuri dꞌai mia èci dènge dua lodꞌo. Hèia na madhe.","Èle èèna ka, Seth mamuri d'ai ceo ngasu dènge canguru dua tèu. Hèia na madhe.",,eng,nfa,English,Dhao,16.1424,30.6781,28.5289
"and enos lives ninety years or one hundred and ninety years, and begets cainan.","lod'o enos mamuri d'ai ceo nguru tèu, na matana ana mone ca dhèu, ngara na kenan.","Lodꞌo Enos mamuri, nèngu mamuri nèti nguru tèu nguru tèu, toke dꞌai nguru tèu nguru tèu. Èle èèna ka, na abhu ana èci.","Aa Enos mamuri ceo nguru tèu do cangasu dènge ceo nguru tèu, aa matana Kainan.",,eng,nfa,English,Dhao,11.0196,10.6939,9.3157
"and enos lives after his begetting cainan eight hundred and fifteen years or seven hundred and fifteen years, and begets sons and daughters.","ka enos mamuri hari d'ai aru ngasu canguru lèmi tèu, na abhu hari ana mone dènge ana bhèni.","Lodꞌo èèna, Enos mamuri toke dꞌai èpa nguru èpa nguru èpa nguru tèu. Èle èèna ka, na abhu ana mone dènge ana bhèni.","Hèia Enos mamuri aru ngasu dènge canguru lèmi tèu do pidhu ngasu dènge canguru lèmi tèu èle nèngu matana Kenan, aa na abhu ana mone dènge ana bhèni.",,eng,nfa,English,Dhao,5.5997,12.8326,10.4009
"and all the days of enos are nine hundred and five years, and he dies.","umur enos ceo ngasu lèmi tèu, heka madhe kèna.","Nèti èèna ka, Enos mamuri toke dꞌai nèu nguru nguru nguru nguru tèu, hèia na madhe.","Enos mamuri toke d'ai ceo ngasu dènge lèmi tèu, aa na madhe.",,eng,nfa,English,Dhao,18.2511,18.917,20.7197
"and cainan lives seventy years or one hundred and seventy years, and begets mahalaleel.","lod'o kenan d'ai pidhu nguru tèu, na matana ana mone ca dhèu, ngara na mahalalel.","Èle èèna ka, Naaman mamuri toke dꞌai mia-mia dènge pidhu nguru tèu. Èle èèna ka, na abhu dhèu èci, ngara na Amalel.","Èle èèna ka, Naaman mamuri toke dꞌai mia-mia dènge pidhu nguru tèu. Èle èèna ka, na abhu dhèu èci, ngara na Amalel.",,eng,nfa,English,Dhao,0.0,0.0,0.0
"and cainan lives after his begetting mahalaleel eight hundred and forty years or seven hundred and forty years, and begets sons and daughters.","ka kenan mamuri hari d'ai aru ngasu èpa nguru tèu, ka na abhu hari ana mone dènge ana bhèni.","Èle èèna ka, Naaman mamuri toke dꞌai èpa nguru èpa nguru èpa nguru èpa lodꞌo. Na abhu ana mone dènge ana bhèni.","Aa Kainan muri èle nèngu matana Mahalaleel, aru ngasu dènge èpa nguru tèu do pidhu ngasu dènge èpa nguru tèu, aa nèngu abhu ana mone dènge ana bhèni.",,eng,nfa,English,Dhao,1.7263,3.5013,2.7294
"and all the days of cainan are nine hundred and ten years, and he dies.","umur kenan ceo ngasu canguru tèu, heka madhe kèna.","Èle èèna ka, Naaman mamuri toke dꞌai mia èci dènge canguru, hèia na madhe.","Èle èèna ka, Kenan mamuri toke d'ai ceo ngasu dènge canguru tèu, hèia na madhe.",,eng,nfa,English,Dhao,14.1886,20.9484,20.9337
"and mahalaleel lives sixty-five years or one hundred and sixty-five years, and begets jared.","lod'o mahalalel d'ai èna nguru lèmi tèu, na abhu ana mone ca dhèu, ngara na yared.","Lodꞌo Na mamuri, na mamuri èpa nguru nguru nguru nguru tèu, aa ca tèu nguru nguru tèu. Èle èèna ka, na abhu ana-èpu.","aa mahalalel mamuri èna nguru lèmi tèu do cangasu dènge èna nguru lèmi tèu, aa matana yared.",,eng,nfa,English,Dhao,19.1816,20.0319,16.8191
"and mahalaleel lives after his begetting jared eight hundred and thirty years or seven hundred and thirty years, and begets sons and daughters.","ka mahalalel mamuri hari d'ai aru ngasu tèlu nguru tèu, na abhu hari ana mone dènge ana bhèni.","Èle èèna ka, Naaman mamuri toke dꞌai nguru tèlu nguru tèu nguru tèu nguru tèu nguru tèu nguru tèu. Èle èèna ka, na nara iisi ana-èpu dènge ana-èpu na cahagꞌe-cahagꞌe, dhu uru èèna jꞌajꞌi dhèu aaꞌi-aaꞌi ètu dꞌara Èmu Kapua Manèngi-Mangajꞌi ètu dꞌara Èmu Kapua Manèngi-Mangajꞌi ètu dꞌara Èmu Kapua Manèngi-Mangajꞌi ètu dꞌara Èmu Kapua Manèngi-Mangajꞌi ètu dꞌara Èmu Kapua Manèngi-Mangajꞌi ètu dꞌara Èmu Kapua Manèngi-Mangajꞌi ètu dꞌara Èmu Kapua Manèngi-Mangajꞌi ètu dꞌara Èmu Kapua Manèngi-Mangajꞌi ètu dꞌara Èmu Kapua Manèngi-Mangajꞌi-Mangajꞌi.","Aa Mahalaleel mamuri aru ngasu dènge tèlu nguru tèu tèu do pidhu ngasu dènge tèlu nguru tèu tèu tare nèngu matana Yared, aa matana ana-mone dènge ana-bhèni.",,eng,nfa,English,Dhao,12.1355,26.4098,25.0423
"and all the days of mahalaleel are eight hundred and ninety-five years, and he dies.","umur mahalalel aru ngasu ceo nguru lèmi tèu, heka na madhe kèna.","Èle èèna ka, na mamuri toke dꞌai nguru nguru tèu nguru nguru nguru nguru nguru tèu. Hèia na madhe.","Èle èèna ka, na mamuri toke d'ai aru ngasu ceo nguru lèmi tèu. Hèia na madhe.",,eng,nfa,English,Dhao,30.4257,28.8702,30.0203
"and jared lives one hundred and sixty-two years, and begets enoch.","lod'o yared d'ai cangasu èna nguru dua tèu, na abhu ana mone ca dhèu, ngara na henok.","Rèngu mamuri toke dꞌai 62 tèu. Èle èèna ka, na abhu ana èci, ngara na Henok.","Yared mamuri cangasu dènge èna nguru dènge dua tèu, hèia matana Henok.",,eng,nfa,English,Dhao,-1.1584,4.3999,1.2891
"and jared lives after his begetting enoch eight hundred years, and begets sons and daughters.","ka yared mamuri d'ai aru ngasu tèu, na abhu hari ana mone dènge ana bhèni.","Lodꞌo èèna, Yarem mamuri heka ètu èèna, heka dꞌai 800 tèu. Èle èèna ka, na abhu ana mone dènge ana bhèni cahagꞌe.","aa Yared mamuri tare na matana Henok aru ngasu tèu, aa na matana ana mone dènge ana bhèni.",,eng,nfa,English,Dhao,27.5698,14.233,13.9747
"and all the days of jared are nine hundred and sixty-two years, and he dies.","umur yared ceo ngasu èna nguru dua tèu, heka madhe kèna.","Nèti èèna ka, Yared mamuri nèti nguru tèu nguru tèu dènge dua lodꞌo. Hèia na madhe.","Aa lod'o aa'i Yared abhu ceo ngasu èna nguru dènge dua tèu, aa na madhe.",,eng,nfa,English,Dhao,26.6881,24.9885,26.4515
"and enoch lives sixty-five years or one hundred and sixty-five years, and begets methuselah.","ropa henok mamuri d'ai èna nguru lèmi tèu, na matana ana mone ca dhèu, ngara na metusalak.","Lodꞌo Enok mamuri, na mamuri èpa nguru nguru nguru nguru nguru nguru tèu. Èle èèna ka, na abhu ana èci dènge èci.","Aa Enok mamuri èna nguru lèmi tèu do cangasu dènge èna nguru lèmi tèu, aa matana Metusalak.",,eng,nfa,English,Dhao,25.948,21.0987,18.0843
"and enoch habitually walks with god after his begetting methuselah three hundred years or two hundred years, and begets sons and daughters.","ele èèna, henok mamuri d'ara èci dènge ama lamatua d'ai tèlu ngasu tèu. ka na abhu hari ana mone dènge ana bhèni.","Lodꞌo èèna, Henok mamuri dènge Ama Lamatua, toke dꞌai tèlu nguru tèu dènge dua nguru tèu. Hèia na abhu ana mone dènge ana bhèni.","Aa Henok mamuri dènge Ama Lamatua èle na matana Metusalak toke tèlu nguru tèu do dua nguru tèu, aa na abhu ana mone dènge ana bhèni.",,eng,nfa,English,Dhao,-4.1527,-3.0853,-4.3554
"and all the days of enoch are three hundred and sixty-five years. and enoch habitually walks with god, and he is not, for god has taken him.","na mamuri d'ara èci dènge ama lamatua. hèia lod'o na d'ai tèlu ngasu èna nguru lèmi tèu, ka na ele, lula ama lamatua paca'e ne sa dedha.","Nèti èèna ka, Henok mamuri toke dꞌai tèlu nguru tèlu nguru nguru nguru nguru tèu. Hèia na mamuri dènge Ama Lamatua. Nèti èèna ka, nèngu heka mamuri, lula Ama Lamatua hagꞌe nare ne.","Aa Henok mamuri toke d'ai tèlu ngasu èna nguru lèmi tèu. Hèia na mamuri dènge Ama Lamatua. Aa nèngu heka mamuri, lula Ama Lamatua nedhe ne.",,eng,nfa,English,Dhao,24.9836,13.7169,14.6911
"and methuselah lives one hundred and eighty-seven years, and begets lamech.","lod'o metusalak d'ai cangasu aru nguru pidhu tèu, na matana ana mone èci, ngara na lamek.","Èle èèna ka, Metus mamuri tèlu nguru tèu dènge nguru tèu. Èle èèna ka, nèngu nara iisi Lamek.","Èle èèna ka, Metus mamuri cangasu dènge aru nguru dènge pidhu tèu. Èle èèna ka, nèngu matana Lamek.",,eng,nfa,English,Dhao,8.3977,15.7288,15.4135
"and methuselah lives after his begetting lamech seven hundred and eighty-two years, and begets sons and daughters.","èle èèna ka, metusalak mamuri hari d'ai pidhu ngasu aru nguru dua tèu, ka na abhu hari ana mone dènge ana bhèni.","Èle èèna ka, Lamatua mamuri toke dꞌai èpa nguru tèlu nguru dua tèu. Èle èèna ka, Lamatua nara iisi na, dènge ana mone dènge ana bhèni cahagꞌe kahèi. Nèti èèna ka, Lamatua paꞌèki dènge Lamatua ètu dꞌara Èmu Kapua Manèngi-Mangajꞌi ètu dꞌara Èmu Kapua Manèngi-Mangajꞌi ètu dꞌara Èmu Kapua Manèngi-Mangajꞌi ètu dꞌara Èmu Kapua Manèngi-Mangajꞌi ètu dꞌara Èmu Kapua Manèngi-Mangajꞌi ètu dꞌara Èmu Kapua Manèngi-Mangajꞌi ètu dꞌara Èmu Kapua Manèngi-Mangajꞌi ètu dꞌara Èmu Kapua Manèngi-Mangajꞌi ètu dꞌara Èmu Kapua Manèngi-Mangajꞌi.","Aa Metusalak mamuri tare nèngu matana Lamek pidhu ngasu aru nguru dua tèu, aa matana ana mone dènge ana bhèni.",,eng,nfa,English,Dhao,42.5585,26.5888,30.9656
"and all the days of methuselah are nine hundred and sixty-nine years, and he dies.","umur metusalak ceo ngasu èna nguru ceo tèu, heka madhe kèna.","Èle èèna ka, Methuselah mamuri nèti nguru tèu nguru tèu dènge nguru tèu. Hèia na madhe.","Èle èèna ka, Methuselah mamuri ceo ngasu èna nguru ceo tèu. Hèia na madhe.",,eng,nfa,English,Dhao,31.4255,29.0601,30.3623
"and lamech lives one hundred and eighty-two years or one hundred and eighty-eight years, and begets a son,","lod'o lamek mamuri d'ai ca ngasu aru nguru dua tèu, na matana ana mone ca dhèu.","Lodꞌo Lamek mamuri, nèngu abhu lodꞌo èci nguru tèlu nguru tèu dènge canguru tèu. Èle èèna ka, na nara iisi ana mone ca dhèu.","Lamek mamuri cangasu aru nguru dua tèu do cangasu aru nguru aru tèu, dènge na matana ana mone ca dhèu.",,eng,nfa,English,Dhao,30.1315,27.7293,27.182
"and calls his name noah, saying, this one comforts us concerning our work, and concerning the labor of our hands, because of the ground which yhwh has cursed.","lamek pangare ne noh dhu sasoa na ‘pakarej'e d'ara', lula na peka na, ana ne, èèna na pakarej'e d'ara èdhi nèti sasab'a dhu bia, ètu rai dhu ama lamatua dhoo le.","Èle èèna ka, Ama Lamatua pangee, na, dhèu neꞌe ne, Noh. Na peka, aku nèngu na, ""Dhèu neꞌe ne, neꞌe ne ka dhu bhoke jꞌara, sèna ka jiꞌi bisa reꞌa, na, jiꞌi tao jꞌajꞌèra aaꞌi-aaꞌi, lula jiꞌi jꞌajꞌi ètu rai-haha ne, lula Lamatua pahaha iisi jiꞌi.""","Èle èèna ka, na pangee ngara na Noh, na peka, ""Dhèu ne'e ne ka dhu bhoke j'ara ji'i, lula-nèti sasab'a ji'i, dènge j'aj'èra nèti kacui-aai ji'i, lula rai-haha dhu Lamatua pahaha iisi le.""",,eng,nfa,English,Dhao,5.7514,6.1828,5.4351
"and lamech lives after his begetting noah five hundred and ninety-five years or five hundred and sixty-five years, and begets sons and daughters.","ka lamek mamuri taruu d'ai lèmi ngasu ceo nguru lèmi tèu, aa na abhu hari ana mone dènge ana bhèni.","Èle èèna ka, Lamek mamuri toke dꞌai nguru nguru nguru nguru nguru nguru nguru nguru nguru nguru nguru nguru nguru nguru nguru nguru nguru nguru nguru nguru. Èle èèna ka, Lamek jꞌajꞌi ana mone dènge ana bhèni.","Èle èèna ka, Lamek mamuri tare nèngu matana Noha lèmi ngasu dènge ceo nguru dènge lèmi tèu do lèmi ngasu dènge èna nguru dènge lèmi tèu, aa na matana ana mone dènge ana bhèni.",,eng,nfa,English,Dhao,17.1096,22.6107,23.4724
"and all the days of lamech are seven hundred and seventy-seven years or seven hundred and fifty-three years, and he dies.","umur lamek pidhu ngasu pidhu nguru pidhu tèu, heka na madhe kèna.","Èle èèna ka, Lamek mamuri dènge pidhu nguru tèlu nguru tèlu dènge pidhu nguru tèu. Hèia na madhe.","Èle èèna ka, Lamek mamuri dènge pidhu ngasu pidhu nguru pidhu tèu do pidhu ngasu lèmi nguru tèlu tèu. Hèia na madhe.",,eng,nfa,English,Dhao,16.0507,19.125,17.0029
"and noah is a son of five hundred years, and noah begets shem, ham, and japheth.","lod'o noh mamuri d'ai lèmi ngasu tèu, na matana ana mone dhèu tèlu, sem, yafet dènge ham.","Èle èèna ka, Noh mamuri lèmi nguru tèu lodꞌo. Èle èèna ka, nèngu nara iisi Sem, Ham, dènge Yafet.","Èle èèna ka, Noh mamuri lèmi ngasu tèu lodꞌo. Èle èèna ka, nèngu matana Sem, Ham, dènge Yafet.",,eng,nfa,English,Dhao,10.4194,9.3111,9.422
"and it comes to pass that mankind has begun to multiply on the face of the ground, and daughters have been born to them,","taa èèna, dhèu rai-haha, asa bèba-kacanga. ka ra papala-palème rai-haha. dhèu se matana kahèi ana-ana bhèni.","Èle èèna ka, dhèu aaꞌi-aaꞌi mulai ae-ae ètu rai-haha ne, ka ra abhu ana bhèni.","Èle èèna ka, dhèu aaꞌi-aaꞌi mulai ae-ae ètu rai-haha ne, ka ra abhu ana bhèni.",,eng,nfa,English,Dhao,0.0,0.0,0.0
"and the sons of god see that they, the daughters of men, are beautiful, and they take women for themselves of all whom they have chosen.","ana-ana mone nèti lamatua ladhe rèdhi ana bhèni nèti dhèu rai-haha se, bhèni iia hua. ka lasi todhe rare ana bhèni mia dhu ra d'èi.","Èle èèna ka, dhèu aaꞌi-aaꞌi ra ladhe rèdhi dhèu aaꞌi-aaꞌi ètu rai-haha, na, dhèu aaꞌi-aaꞌi ètu rai-haha ne, dhèu aaꞌi-aaꞌi. Hèia dhèu aaꞌi-aaꞌi rèdhi dhèu aaꞌi-aaꞌi dhu ra hagꞌe nare sèra.","Aa ana ama lamatua rèdhi na, ana-ana bhèni dhèu rai-haha se saraga, hèia ra nare bhèni mi rèngu nèti dhèu aa'i-aa'i dhu ra hag'e nare.",,eng,nfa,English,Dhao,15.8913,14.1934,14.6198
"and yhwh says, my spirit does not strive in man for all time, for indeed, he is flesh, but his days have been one hundred and twenty years.","ka lamatua peka na, ja'a roca le dènge tatao dhèu dhu lèke-lèke boe se. roh ja'a dhu pamamuri rèngu sa, d'èi heka hia ra mamuri manèro. hud'i rèngu madhe ku. de èèna na, mamuri rèngu se dhoka d'ai ca ngasu dua nguru tèu di.","Èle èèna ka, Ama Lamatua peka, aku Nèngu na, ""Dhèu rai-haha ne, dhèu rai-haha. Nèti èèna ka, dhèu rai-haha ne, toke dꞌai 120 tèu.","Èle èèna ka, Ama Lamatua peka, aku nèngu na, ""Roh Ja'a baku tèb'a kakara d'ara dhèu toke aa'i lod'o, te mema, nèngu ne, isi. Te ngaa lod'o na j'aj'i cangasu dua tèu.""",,eng,nfa,English,Dhao,0.9517,8.7222,6.3711
"the giants were in the earth in those days, and even afterward, when sons of god come in to the daughters of men, and they have borne to them those who were the mighty from of old, the men of renown.","taa èèna, dènge taa-tebho dhu limuri nèti èèna hari, abhu le dhèu raksasa ètu rai-haha ne. ropa ana mone nèti lamatua leo rare ana bhèni dhèu rai-haha se, ka rara iisi dhèu kapai, nuka: kapala musu, dhèu re'a madhutu lii lolo uru-uru sèra.","Lodꞌo èèna, dhèu aae-dhèu rai-haha ètu rai-haha. Lodꞌo èèna, dhèu aae-dhèu aae-dhèu aae-dhèu rai-haha ètu rai-haha. Lodꞌo èèna, dhèu aae-dhèu aae-dhèu aae-dhèu aae-dhèu aae-dhèu aae-dhèu aae-dhèu aae-dhèu aae-dhèu aae-dhèu aae. Lodꞌo èèna, dhèu aae-dhèu aae-dhèu aae-dhèu aae-dhèu aae-dhèu aae-dhèu aae-dhèu aae-dhèu aae-dhèu aae-dhèu aae-dhèu aae.","Lodꞌo èèna, dhèu aae-dhèu rai-haha pea ètu rai-haha. Aa hèia kahèi, ropa ana-ana ama lamatua maso asa ana-ana bhèni dhèu rai-haha, aa rèngu nara iisi mi rèngu dhèu dhu èra nèti uru ka, nuka dhèu dhu abhu koa.",,eng,nfa,English,Dhao,15.0343,16.1203,16.2282
"and yhwh sees that the wickedness of man is abundant in the earth, and every imagination of the thoughts of his heart is only evil every day;","taa èèna, lamatua ladhe nèdhi bhabhelu-katub'a dhèu rai-haha dhu seli-kolane. d'ara rèngu pangee dhoka bhabhelu di.","Èle èèna ka, Lamatua ladhe nèdhi dhèu bhelu-katubꞌa ètu rai-haha ne, aa dꞌara rèngu aaꞌi-aaꞌi ra bhelu-katubꞌa.","Èle èèna ka, Lamatua ladhe nèdhi dhèu bhelu-katubꞌa ae ètu rai-haha ne, aa ngangee d'ara na aa'i-aa'i dhoka bhelu ca'a-ca'a.",,eng,nfa,English,Dhao,-0.3089,3.0625,2.3865
"and yhwh regrets that he has made man in the earth, and he grieves himself-to his heart.","ka lamatua manyasa, lula na paj'aj'i le rèngu se ho pea ètu rai-haha ne. tatao rèngu ne'e ka dhu papèd'a d'ara lamatua.","Èle èèna ka, Ama Lamatua pangee, na, Nèngu pajꞌajꞌi dhèu rai-haha ètu rai-haha ne, ka dꞌara na bhèlu.","Aa Ama Lamatua hale, na, Nèngu paj'aj'i dhèu ètu rai-haha, ka d'ara na bhèlu.",,eng,nfa,English,Dhao,5.5876,0.7124,0.7371
"and yhwh says, i wipe away man whom i have created from off the face of the ground, from man to beast, to creeping thing, and to bird of the heavens, for i have regretted that i have made them.","nèti èèna ka, na peka na, dènge tatao rèngu sèmi èèna na, ja'a huku pamadhe dhèu rai-haha aa'i-aa'i dhu paj'aj'i kore si le. manu-bhui dènge badha leo sèra, ja'a palaho aa'i si kahèi. te ja'a manyasa, nèti ja'a ka paj'aj'i si.","Èle èèna ka, Ama Lamatua peka na, 'Jaꞌa neo pamadhe dhèu aaꞌi-aaꞌi dhu Jaꞌa pajꞌajꞌi ètu rai-haha ne. Jaꞌa neo pamadhe aaꞌi-aaꞌi dhu Jaꞌa pajꞌajꞌi ètu rai-haha ne. Jaꞌa neo pamadhe aaꞌi-aaꞌi dhu Jaꞌa pajꞌajꞌi ètu rai-haha ne. Jaꞌa neo pamadhe aaꞌi-aaꞌi dhu Jaꞌa pajꞌajꞌi ètu rai-haha ne. Jaꞌa neo pamadhe aaꞌi-aaꞌi dhu Jaꞌa pajꞌajꞌi ètu rai-haha ne. Jaꞌa neo pamadhe aaꞌi-aaꞌi dhu Jaꞌa pajꞌajꞌi ètu rai-haha ne.'","Èle èèna ka, Ama Lamatua peka na, 'Jaꞌa neo pamadhe dhèu aaꞌi-aaꞌi dhu Jaꞌa pajꞌajꞌi ètu rai-haha ne. Jaꞌa neo pamadhe aaꞌi-aaꞌi dhu Jaꞌa pajꞌajꞌi ètu rai-haha ne. Jaꞌa neo pamadhe aaꞌi-aaꞌi dhu Jaꞌa pajꞌajꞌi ètu rai-haha ne. Jaꞌa neo pamadhe aaꞌi-aaꞌi dhu Jaꞌa pajꞌajꞌi ètu rai-haha ne. Jaꞌa neo pamadhe aaꞌi-aaꞌi dhu Jaꞌa pajꞌajꞌi ètu rai-haha ne. Jaꞌa neo pamadhe aaꞌi-aaꞌi dhu Jaꞌa pajꞌajꞌi ètu rai-haha ne.'",,eng,nfa,English,Dhao,0.0,0.0,0.0
and noah found grace in the eyes of yhwh.,te ngaa noh di dhu pakarej'e d'ara lamatua.,"Èle èèna ka, Lamatua dꞌèi padꞌelo dꞌara hua iia Na mi Nèngu. Nèti èèna ka, Lamatua dꞌèi padꞌelo dꞌara hua iia Na mi Nèngu, aa Na dꞌèi padꞌelo dꞌara hua iia Na mi Nèngu. Lamatua dꞌèi padꞌelo dꞌara hua iia Na mi Nèngu, aa Na dꞌèi padꞌelo dꞌara hua iia Na mi Nèngu, aa Na dꞌèi padꞌelo dꞌara hua iia Na mi Nèngu.","Èle èèna ka, Lamatua dꞌèi padꞌelo dꞌara hua iia Na mi Nèngu. Nèti èèna ka, Lamatua dꞌèi padꞌelo dꞌara hua iia Na mi Nèngu, aa Na dꞌèi padꞌelo dꞌara hua iia Na mi Nèngu. Lamatua dꞌèi padꞌelo dꞌara hua iia Na mi Nèngu, aa Na dꞌèi padꞌelo dꞌara hua iia Na mi Nèngu, aa Na dꞌèi padꞌelo dꞌara hua iia Na mi Nèngu.",,eng,nfa,English,Dhao,0.0,0.0,0.0
"these are the generations of noah: noah is a righteous man; he has been perfect among his generations; noah has habitually walked with god. and noah begets three sons: shem, ham, and japheth.","lii lolo noh sèmi ne'e ka: ana mone na, dhèu tèlu, nuka sem, yafet dènge ham. noh mamuri dènge mola, koe-kapengo boe. taa èèna, nèngu di dhu mamuri mola. d'ara na dhodhoka ètu ama lamatua.","Nèngu ne, dhèu dꞌara mola-mèci ètu rai-haha ne. Nèngu ne, dhèu dꞌara mola-mèci. Nèngu mamuri dènge Ama Lamatua. Nèngu jꞌajꞌi dhèu unu Ama Lamatua. Nèngu jꞌajꞌi dhèu dꞌara mola-mèci. Nèngu jꞌajꞌi dhèu dꞌara mola-mèci ètu rai-haha ne. Nèngu jꞌajꞌi dhèu dꞌara mola-mèci. Nèngu jꞌajꞌi dhèu dꞌara mola-mèci ètu rai-haha ne. Nèngu jꞌajꞌi dhèu dꞌara mola-mèci. Nèngu ne, Sem, Ham, dènge Yafet.","Nèngu ne, dhèu dꞌara mola-mèci ètu rai-haha ne. Nèngu ne, dhèu dꞌara mola-mèci. Nèngu mamuri dènge Ama Lamatua. Nèngu jꞌajꞌi dhèu unu Ama Lamatua. Nèngu jꞌajꞌi dhèu dꞌara mola-mèci. Nèngu jꞌajꞌi dhèu dꞌara mola-mèci ètu rai-haha ne. Nèngu jꞌajꞌi dhèu dꞌara mola-mèci. Nèngu jꞌajꞌi dhèu dꞌara mola-mèci ètu rai-haha ne. Nèngu jꞌajꞌi dhèu dꞌara mola-mèci. Nèngu ne, Sem, Ham, dènge Yafet.",,eng,nfa,English,Dhao,0.0,0.0,0.0
"and the earth is corrupt before god, and the earth is filled with violence. and god sees the earth, and behold, it has been corrupted, for all flesh has corrupted its way on the earth.","te ngaa dhèu leo se, ama lamatua ladhe ra bhelu aa'i mèu-mèu. ètu mia-mia èèna ka, j'ara mamuri dhèu se ele iie aa'i. ama lamatua nèdhi dhodhoka bhabhelu di, ètu rai-haha ne.","Èle èèna ka, dhèu aaꞌi-aaꞌi ètu rai-haha ne jꞌajꞌi bhabhelu-katubꞌa ètu madha Ama Lamatua. Ka Lamatua ladhe nèdhi dhèu aaꞌi-aaꞌi ètu rai-haha ne jꞌajꞌi bhabhelu-katubꞌa, lula dhèu aaꞌi-aaꞌi ètu rai-haha ne jꞌajꞌi bhabhelu-katubꞌa ra.","Èle èèna ka, dhèu aaꞌi-aaꞌi ètu rai-haha ne jꞌajꞌi bhabhelu-katubꞌa ètu madha Ama Lamatua. Ka Lamatua ladhe nèdhi dhèu aaꞌi-aaꞌi ètu rai-haha ne jꞌajꞌi bhabhelu-katubꞌa, lula dhèu aaꞌi-aaꞌi ètu rai-haha ne jꞌajꞌi bhabhelu-katubꞌa ra.",,eng,nfa,English,Dhao,0.0,0.0,0.0
"and god said to noah, an end of all flesh has come before me, for the earth has been full of violence from their presence; and behold, i am destroying them with the earth.","hèia ama lamatua peka dènge noh, aku nèngu na, ja'a kèdhi dhoka bhabhelu dhèu di, dhu pale-lème rai-haha ne. ka ja'a pama'ète kore le, sèna ka ja'a palaho aa'i rai-haha ne dènge isi na aa'i-aa'i.","Èle èèna ka, Ama Lamatua peka dènge Noh, aku Nèngu na, ""Jaꞌa neo pamadhe dhèu aaꞌi-aaꞌi dhu mamuri ètu rai-haha ne, lula dhèu aaꞌi-aaꞌi sèra tao jꞌara-jꞌara bhelu-katubꞌa ètu rai-haha ne. Nèti èèna ka, Jaꞌa neo pamadhe dhèu aaꞌi-aaꞌi ètu rai-haha ne.""","Èle èèna ka, Ama Lamatua peka dènge Noh, aku Nèngu na, ""Jaꞌa neo pamadhe dhèu aaꞌi-aaꞌi dhu mamuri ètu rai-haha ne, lula dhèu aaꞌi-aaꞌi sèra tao jꞌara-jꞌara bhelu-katubꞌa ètu rai-haha ne. Nèti èèna ka, Jaꞌa neo pamadhe dhèu aaꞌi-aaꞌi ètu rai-haha ne.""",,eng,nfa,English,Dhao,0.0,0.0,0.0
"make an ark of gopher-wood for yourself; you make rooms within the ark, and you have covered it from inside and from outside with pitch;","de sèmi ne'e, noh! èu tao kapa aae cue, dhu tao nèti aj'u adhu. re d'ara roa na, èu bagi mi kama-kama. aa re d'ara dènge li'u kapa, èu lame dènge èi dama.","Èu hudꞌi tao kètu èci nèti ajꞌu kapua. Èu hudꞌi tao kètu èci ètu dꞌara kètu èèna, sèna ka ètu dꞌara, aa ètu dꞌara, ètu dꞌara. Èu hudꞌi tao kètu èèna, sèna ka ètu dꞌara kètu èèna, sèna ka ètu dꞌara kètu èèna, ètu dꞌara kètu èèna, ètu dꞌara kètu èèna, sèna ka ètu dꞌara kètu èèna, ètu dꞌara kètu èèna, ètu dꞌara kètu èèna, sèna ka ètu dꞌara kètu èèna, ètu dꞌara kètu èèna, ètu dꞌara kètu èèna, ètu dꞌara kètu èèna, sèna ka ètu dꞌara kètu èèna.","Èu hudꞌi tao kètu èci nèti ajꞌu kapua. Èu hudꞌi tao kètu èci ètu dꞌara kètu èèna, sèna ka ètu dꞌara, aa ètu dꞌara, ètu dꞌara. Èu hudꞌi tao kètu èèna, sèna ka ètu dꞌara kètu èèna, sèna ka ètu dꞌara kètu èèna, ètu dꞌara kètu èèna, ètu dꞌara kètu èèna, sèna ka ètu dꞌara kètu èèna, ètu dꞌara kètu èèna, ètu dꞌara kètu èèna, sèna ka ètu dꞌara kètu èèna, ètu dꞌara kètu èèna, ètu dꞌara kètu èèna, ètu dꞌara kètu èèna, sèna ka ètu dꞌara kètu èèna.",,eng,nfa,English,Dhao,0.0,0.0,0.0
"and this is how you do it: three hundred cubits is the length of the ark, fifty cubits its breadth, and thirty cubits its height;","mu sab'e kapa na, madhera na ca ngasu tèlu nguru tèlu meter; bhabhèla na dua nguru dua meter; dènge katitu na canguru tèlu meter.","Èu hudꞌi tao kapa ne, sèmi neꞌe ka: hèbꞌa na, tèlu nguru hèbꞌa, hèbꞌa na, lèmi hèbꞌa, hèbꞌa na, lèmi hèbꞌa, hèbꞌa na, lèmi hèbꞌa, tèlu hèbꞌa, hèbꞌa na, lèmi hèbꞌa, hèbꞌa na, lèmi hèbꞌa, tèlu hèbꞌa, hèbꞌa na, lèmi hèbꞌa, tèlu hèbꞌa, hèbꞌa na, lèmi hèbꞌa, tèlu hèbꞌa, tèlu hèbꞌa.","Èu hudꞌi tao kapa ne, sèmi neꞌe ka: hèbꞌa na, tèlu nguru hèbꞌa, hèbꞌa na, lèmi hèbꞌa, hèbꞌa na, lèmi hèbꞌa, hèbꞌa na, lèmi hèbꞌa, tèlu hèbꞌa, hèbꞌa na, lèmi hèbꞌa, hèbꞌa na, lèmi hèbꞌa, tèlu hèbꞌa, hèbꞌa na, lèmi hèbꞌa, tèlu hèbꞌa, hèbꞌa na, lèmi hèbꞌa, tèlu hèbꞌa, tèlu hèbꞌa.",,eng,nfa,English,Dhao,0.0,0.0,0.0
"you make a window for the ark, and you finish it to a cubit from above; and you put the opening of the ark in its side; you make it with lower, second, and third stories.","èu tao èmu ètu dedha kapa na. te ngaa paconga ca laa ai nèti kadidhi re dedha. èu bagi kapa ne mi tèlu tad'a. aa re karasa na, tao babèdho èci.","Èle èèna ka, èu tao jꞌara-jꞌara èèna, sèna ka jꞌajꞌi madha jꞌara-jꞌara èèna. Èu tao jꞌara-jꞌara èèna, sèna ka jꞌajꞌi madha jꞌara-jꞌara èèna. Èu tao jꞌara-jꞌara èèna, sèna ka jꞌajꞌi madha jꞌara-jꞌara èèna. Èu tao jꞌara-jꞌara èèna, sèna ka jꞌajꞌi madha jꞌara-jꞌara èèna. Èu tao jꞌara-jꞌara èèna, sèna ka jꞌara-jꞌara ka dua, sèna ka jꞌara-jꞌara ka tèlu.","Èle èèna ka, èu tao jꞌara-jꞌara èèna, sèna ka jꞌajꞌi madha jꞌara-jꞌara èèna. Èu tao jꞌara-jꞌara èèna, sèna ka jꞌajꞌi madha jꞌara-jꞌara èèna. Èu tao jꞌara-jꞌara èèna, sèna ka jꞌajꞌi madha jꞌara-jꞌara èèna. Èu tao jꞌara-jꞌara èèna, sèna ka jꞌajꞌi madha jꞌara-jꞌara èèna. Èu tao jꞌara-jꞌara èèna, sèna ka jꞌara-jꞌara ka dua, sèna ka jꞌara-jꞌara ka tèlu.",,eng,nfa,English,Dhao,0.0,0.0,0.0
"and i, behold, i am bringing in the flood of waters on the earth, to destroy from under the heavens all flesh in which is a living spirit; all that is in the earth expires.","sanèd'e paie-iie! bèli-camèd'a, ja'a papuru èi aae lala, ho pacène eele rai-haha ne, sèna ka pamadhe aa'i dhu mamuri.","Bèli-camèdꞌa dhèu aaꞌi-aaꞌi dhu mamuri ètu rai-haha ne, bèli-camèdꞌa dhèu aaꞌi-aaꞌi dhu mamuri ètu dedha-liru aaꞌi-aaꞌi ra, bèli-camèdꞌa dhèu aaꞌi-aaꞌi ètu rai-haha ne, bèli-camèdꞌa dhèu aaꞌi-aaꞌi dhu mamuri ètu rai-haha ne, bèli-camèdꞌa dhèu aaꞌi-aaꞌi dhu mamuri ètu rai-haha ne, bèli-camèdꞌa dhèu aaꞌi-aaꞌi dhu mamuri ètu rai-haha ne, bèli-camèdꞌa dhèu aaꞌi-aaꞌi ra madhe.","Bèli-camèdꞌa dhèu aaꞌi-aaꞌi dhu mamuri ètu rai-haha ne, bèli-camèdꞌa dhèu aaꞌi-aaꞌi dhu mamuri ètu dedha-liru aaꞌi-aaꞌi ra, bèli-camèdꞌa dhèu aaꞌi-aaꞌi ètu rai-haha ne, bèli-camèdꞌa dhèu aaꞌi-aaꞌi dhu mamuri ètu rai-haha ne, bèli-camèdꞌa dhèu aaꞌi-aaꞌi dhu mamuri ètu rai-haha ne, bèli-camèdꞌa dhèu aaꞌi-aaꞌi dhu mamuri ètu rai-haha ne, bèli-camèdꞌa dhèu aaꞌi-aaꞌi ra madhe.",,eng,nfa,English,Dhao,0.0,0.0,0.0
"and i have established my covenant with you, and you have come into the ark-you, and your sons, and your wife, and your son's wives with you;","te ngaa ja'a pa'èki lii pajaji dènge èu. èèna na, èu maso d'ara kapa èèna, mèti dènge dhèu èmu èu, ana-ana èu, dènge dhèu èmu ana-ana èu.","Èèna na Jaꞌa paꞌèki paꞌèki paꞌèki paꞌèki dènge èu, dènge ana-èpu èu, dènge bhèni èu, dènge bhèni ana-èpu èu.","Èèna na Jaꞌa paꞌèki paꞌèki paꞌèki paꞌèki dènge èu, dènge ana-èpu èu, dènge bhèni èu, dènge bhèni ana-èpu èu.",,eng,nfa,English,Dhao,0.0,0.0,0.0
"and of all that lives, of all flesh, you bring two from every kind into the ark, to keep alive with you; they are male and female. from the bird after its kind, and from the livestock after its kind, and from every creeping thing of the ground after its kind, two of every kind they come to you, to keep alive.","badha aa'i-aa'i ra, èu hag'e more ca pasa-ca pasa, eo mèti asa d'ara kapa, ho ra abhu mamuri dènge èu kahèi. sèmi: badha ani, manu-bhui, dènge badha dhu rod'o, sèna ka ra abhu mamuri.","Bèli-camèdꞌa, manu-bhui dènge manu-bhui dènge badha aaꞌi-aaꞌi, dènge badha aaꞌi-aaꞌi dhu pakajꞌèu ètu rai-haha. Bèli-camèdꞌa, badha aaꞌi-aaꞌi ètu rai-haha, bèli-camèdꞌa dènge badha aaꞌi-aaꞌi ètu rai-haha, bèli-camèdꞌa dènge badha aaꞌi-aaꞌi. Bèli-camèdꞌa ètu rai-haha ne, ètu rai-haha ne, ètu rai-haha ne, ètu rai-haha ne, ètu rai-haha ne, ètu rai-haha ne, ètu rai-haha ne, ètu rai-haha ne, ètu rai-haha ne, ètu rai-haha ne, ètu rai-haha ne, ètu rai-haha ne, ètu rai-haha ne, ètu rai-haha ne, ho mamuri dènge èu.","Bèli-camèdꞌa, manu-bhui dènge manu-bhui dènge badha aaꞌi-aaꞌi, dènge badha aaꞌi-aaꞌi dhu pakajꞌèu ètu rai-haha. Bèli-camèdꞌa, badha aaꞌi-aaꞌi ètu rai-haha, bèli-camèdꞌa dènge badha aaꞌi-aaꞌi ètu rai-haha, bèli-camèdꞌa dènge badha aaꞌi-aaꞌi. Bèli-camèdꞌa ètu rai-haha ne, ètu rai-haha ne, ètu rai-haha ne, ètu rai-haha ne, ètu rai-haha ne, ètu rai-haha ne, ètu rai-haha ne, ètu rai-haha ne, ètu rai-haha ne, ètu rai-haha ne, ètu rai-haha ne, ètu rai-haha ne, ètu rai-haha ne, ètu rai-haha ne, ho mamuri dènge èu.",,eng,nfa,English,Dhao,0.0,0.0,0.0
"and you, take for yourself from all food that is eaten; and you have gathered it to yourself, and it has been for you and for them for food.","èu hud'i mèti dènge nganga'a-nganginu, pala miu dènge pala badha sèra hèi.","Bèli-camèdꞌa dhèu aaꞌi-aaꞌi ra dhu raꞌa, èèna na èu pakaboko dènge rèngu, sèna ka raꞌa èu dènge rèngu aaꞌi-aaꞌi ra.","Bèli-camèdꞌa dhèu aaꞌi-aaꞌi ra dhu raꞌa, èèna na èu pakaboko dènge rèngu, sèna ka raꞌa èu dènge rèngu aaꞌi-aaꞌi ra.",,eng,nfa,English,Dhao,0.0,0.0,0.0
and noah does according to all that god has commanded him; so he has done.,ka noh sab'e madhutu sèmi lii paredha ama lamatua aa'i-aa'i sèra.,"Èle èèna ka, Noh tao madhutu aaꞌi paredha Lamatua. Nèti èèna ka, nèngu tao madhutu aaꞌi paredha Lamatua.","Èle èèna ka, Noh tao madhutu aaꞌi paredha Lamatua. Nèti èèna ka, nèngu tao madhutu aaꞌi paredha Lamatua.",,eng,nfa,English,Dhao,0.0,0.0,0.0
"and yhwh says to noah, come, you and all your house, into the ark, for i have seen you are righteous before me in this generation;","èle èèna ka, lamatua peka dènge noh, ja'a ladhe le palème, te ngaa abhu dhoka èu di dhu d'ara mola. nèti èèna ka, èu dènge bhèni-ana niki èu, lami ka asa d'ara kapa.","Èle èèna ka, Lamatua peka dènge Noh, aku Nèngu na, ""Mai asa dꞌara kapa, èu dènge isi èmu èu aaꞌi-aaꞌi èu. Te èu ne, dhèu dhu dꞌara mola ètu madha Jaꞌa.","Èle èèna ka, Lamatua peka dènge Noh, aku Nèngu na, ""Mai asa dꞌara kapa, èu dènge isi èmu èu aaꞌi-aaꞌi èu. Te èu ne, dhèu dhu dꞌara mola ètu madha Jaꞌa.",,eng,nfa,English,Dhao,0.0,0.0,0.0
"you take seven pairs from all the clean beasts to yourself, a male and its female; and of the beasts which are not clean-two, a male and its female; also, seven pairs from each bird of the heavens, a male and a female, to keep alive seed on the face of all the earth;","mèti dènge badha-badha dhu bisa mi'a, aa bisa hia ja'a kahèi, de mèti pidhu-pidhu pasa asa d'ara kapa. mèti kahèi rupa-rupa manu-bhui pidhu-pidhu pasa. te ngaa badha dhu leo, mèti dhoka ca pasa-ca pasa di. sèna ka badha dènge manu-bhui se, j'aj'i hini, ho baku ma'ète.","Ètu aaꞌi-aaꞌi dhu mola-mèci èèna, èu hudꞌi hagꞌe nare kahèi, nidhu dènge bhèni. Ètu aaꞌi-aaꞌi dhu mola-mèci èèna, èu hudꞌi hagꞌe nare kahèi, nidhu dènge bhèni. Ètu manu-bhui aaꞌi-aaꞌi ètu dedha-liru, èu hudꞌi hagꞌe nare kahèi, nidhu dènge bhèni. Èu hudꞌi hagꞌe nare kahèi, sèna ka dhèu aaꞌi-aaꞌi bisa mamuri dènge dhèu aaꞌi-aaꞌi ètu rai-haha ne.","Ètu aaꞌi-aaꞌi dhu mola-mèci èèna, èu hudꞌi hagꞌe nare kahèi, nidhu dènge bhèni. Ètu aaꞌi-aaꞌi dhu mola-mèci èèna, èu hudꞌi hagꞌe nare kahèi, nidhu dènge bhèni. Ètu manu-bhui aaꞌi-aaꞌi ètu dedha-liru, èu hudꞌi hagꞌe nare kahèi, nidhu dènge bhèni. Èu hudꞌi hagꞌe nare kahèi, sèna ka dhèu aaꞌi-aaꞌi bisa mamuri dènge dhèu aaꞌi-aaꞌi ètu rai-haha ne.",,eng,nfa,English,Dhao,0.0,0.0,0.0
"for after seven more days i am sending rain on the earth for forty days and forty nights, and have wiped away all the substance that i have made from off the face of the ground.","sanèd'e paie-iie, oo! di pidhu lod'o ka, ja'a papuru èj'i aae mai dhu bhoka boe ca lod'o sa, toke d'ai èpa nguru lod'o mèu-mèda. dènge sèmi ne'e, ja'a pamadhe aa'i ngaa-ngaa dhu mamuri ètu dedha-rai, dhu ja'a paj'aj'i kore le.","Èle èèna ka, lodꞌo pidhu lodꞌo, Jaꞌa hia uuru ètu rai-haha toke dꞌai èpa nguru tèu. Èle èèna ka, Jaꞌa pamadhe aaꞌi mèdha-panyau aaꞌi-aaꞌi dhu Jaꞌa tao ètu rai-haha ne.","Èle èèna ka, lodꞌo pidhu lodꞌo, Jaꞌa hia uuru ètu rai-haha toke dꞌai èpa nguru tèu. Èle èèna ka, Jaꞌa pamadhe aaꞌi mèdha-panyau aaꞌi-aaꞌi dhu Jaꞌa tao ètu rai-haha ne.",,eng,nfa,English,Dhao,0.0,0.0,0.0
and noah does according to all that yhwh has commanded him.,ka noh tao aa'i sèmi lii paredha lamatua.,Hèia Noh tao madhutu aaꞌi-aaꞌi dhu Lamatua paredha ne.,Hèia Noh tao madhutu aaꞌi-aaꞌi dhu Lamatua paredha ne.,,eng,nfa,English,Dhao,0.0,0.0,0.0
"and noah is a son of six hundred years, and the flood of waters has been on the earth.","lod'o èi aae lala, umur noh èna ngasu tèu.","Èle èèna ka, bèli-camèdꞌa dhèu aaꞌi-aaꞌi ètu rai-haha ne jꞌajꞌi dhèu aaꞌi-aaꞌi. Nèti èèna ka, dhèu aaꞌi-aaꞌi jꞌajꞌi dhèu aaꞌi-aaꞌi ètu rai-haha ne.","Aa noh umur na èna ngasu tèu, aa èi aae lala èle ètu rai-haha.",,eng,nfa,English,Dhao,34.5877,42.165,44.7989
"and noah goes-and his sons, and his wife, and his sons' wives with him-into the ark, out of the presence of the waters of the flood;","noh dènge dhèu èmu na, dènge ana niki na, aa dènge dhèu èmu ana ra di, lasi asa d'ara kapa, ho ra abhu mamuri.","Èle èèna ka, Noh dènge ana-ana na, dènge dhèu èmu na, maso asa dꞌara kapa.","Èle èèna ka, Noh dènge ana-ana na, dènge dhèu èmu na, maso asa dꞌara kapa.",,eng,nfa,English,Dhao,0.0,0.0,0.0
"from the clean beast, and from the beast that is not clean, and from the bird, and of everything that is creeping on the ground, they have come to noah two by two into the ark, a male and a female, as god has commanded noah.","madhutu lii paredha lamatua, ka noh pamaso manu-bhui dènge badha leo sèra, èci-èci ka dènge pasa na, nèti dhu bisa ra'a, dènge dhu bisa boe ra'a.","Dhèu aaꞌi-aaꞌi, nuka sèmi badha aae dhu lèke, dènge manu-bhui aaꞌi-aaꞌi, aa dènge badha aaꞌi-aaꞌi dhu lalau-laloꞌo ètu rai-haha. Rèngu aaꞌi-aaꞌi, dhèu-dhèu dènge dhèu-dhèu bhèni, maso asa dꞌara kapa, sèna ka madhutu paredha Ama Lamatua.","Dhèu aaꞌi-aaꞌi, nuka sèmi badha aae dhu lèke, dènge manu-bhui aaꞌi-aaꞌi, aa dènge badha aaꞌi-aaꞌi dhu lalau-laloꞌo ètu rai-haha. Rèngu aaꞌi-aaꞌi, dhèu-dhèu dènge dhèu-dhèu bhèni, maso asa dꞌara kapa, sèna ka madhutu paredha Ama Lamatua.",,eng,nfa,English,Dhao,0.0,0.0,0.0
"and it comes to pass, after seven days, that waters of the flood have been on the earth.","ropa èle pidhu lod'o, cag'ag'a laa èi aae lala, ka rai-haha ne, mulai cène.","Èle èèna ka, bèli-camèdꞌa pidhu lodꞌo, bèli-camèdꞌa bèli-camèdꞌa bèli-camèdꞌa bèli-camèdꞌa bèli-camèdꞌa ètu rai-haha ne.","Èle èèna ka, bèli-camèdꞌa pidhu lodꞌo, bèli-camèdꞌa bèli-camèdꞌa bèli-camèdꞌa bèli-camèdꞌa bèli-camèdꞌa ètu rai-haha ne.",,eng,nfa,English,Dhao,0.0,0.0,0.0
"in the six hundredth year of the life of noah, in the second month, on the seventeenth day of the month, on this day all the fountains of the great deep have been broken up, and the network of the heavens has been opened,","lèke dènge umur noh èna ngasu tèu, risi dua hèru, canguru pidhu lod'o, ka mulai èi aae lala. lod'o èèna, sèmi babèdho liru dhu bhoke eele sa, ka èi na tao sabhori mai. aa èi madha-èi madha ètu rai-haha sabhoka, ka sèmi tao sabhuu sa dedha.","Lodꞌo èèna, èèna jꞌajꞌi lodꞌo èèna, lodꞌo èèna jꞌajꞌi dhèu aaꞌi-aaꞌi ètu dedha-liru. Lodꞌo èèna, lodꞌo èèna jꞌajꞌi dhèu aaꞌi-aaꞌi ètu dedha-liru, bèli-camèdꞌa bèli-camèdꞌa bèli-camèdꞌa ètu dedha-liru, aa bèli-camèdꞌa ètu dedha-liru, bèli-camèdꞌa bèli-camèdꞌa bèli-camèdꞌa.","Lodꞌo èèna, èèna jꞌajꞌi lodꞌo èèna, lodꞌo èèna jꞌajꞌi dhèu aaꞌi-aaꞌi ètu dedha-liru. Lodꞌo èèna, lodꞌo èèna jꞌajꞌi dhèu aaꞌi-aaꞌi ètu dedha-liru, bèli-camèdꞌa bèli-camèdꞌa bèli-camèdꞌa ètu dedha-liru, aa bèli-camèdꞌa ètu dedha-liru, bèli-camèdꞌa bèli-camèdꞌa bèli-camèdꞌa.",,eng,nfa,English,Dhao,0.0,0.0,0.0
and the shower is on the earth for forty days and forty nights.,ka èj'i bhori mai loe boe èpa nguru lod'o mèu-mèda.,Hèia dꞌai èpa mèda èpa lodꞌo dènge mèda èpa lodꞌo èpa lodꞌo èpa lodꞌo èpa lodꞌo èpa lodꞌo èpa lodꞌo èpa lodꞌo èpa lodꞌo èpa lodꞌo èpa lodꞌo èpa lodꞌo èpa lodꞌo èpa lodꞌo èpa lodꞌo èpa lodꞌo èpa lodꞌo èpa lodꞌo èpa lodꞌo èpa lodꞌo èpa lodꞌo èpa lodꞌo èpa lodꞌo èpa lodꞌo èpa lodꞌo èpa lodꞌo èpa lodꞌo èpa lodꞌo èpa lodꞌo èpa lodꞌo èpa lodꞌo èpa lodꞌo èpa lodꞌo èpa lodꞌo èpa lodꞌo èpa lodꞌo èpa lodꞌo èpa lodꞌo èpa lodꞌo èpa lodꞌo èpa lodꞌo.,Hèia dꞌai èpa mèda èpa lodꞌo dènge mèda èpa lodꞌo èpa lodꞌo èpa lodꞌo èpa lodꞌo èpa lodꞌo èpa lodꞌo èpa lodꞌo èpa lodꞌo èpa lodꞌo èpa lodꞌo èpa lodꞌo èpa lodꞌo èpa lodꞌo èpa lodꞌo èpa lodꞌo èpa lodꞌo èpa lodꞌo èpa lodꞌo èpa lodꞌo èpa lodꞌo èpa lodꞌo èpa lodꞌo èpa lodꞌo èpa lodꞌo èpa lodꞌo èpa lodꞌo èpa lodꞌo èpa lodꞌo èpa lodꞌo èpa lodꞌo èpa lodꞌo èpa lodꞌo èpa lodꞌo èpa lodꞌo èpa lodꞌo èpa lodꞌo èpa lodꞌo èpa lodꞌo èpa lodꞌo èpa lodꞌo.,,eng,nfa,English,Dhao,0.0,0.0,0.0
"on this very same day noah, and shem, and ham, and japheth, sons of noah, and noah's wife, and the three wives of his sons with them, went into the ark-","te ngaa lod'o èèna, noh dènge dhèu èmu na, dènge ana mone na dhèu tèlu: sem, yafet dènge ham, dènge dhèu èmu ra, maso lasi asa d'ara kapa.","Èle èèna ka, Nuh dènge ana-èpu na, Sem, Ham dènge Yafet, maso asa dꞌara kapa, dènge dhèu bhèni tèlu nèti ana-èpu na.","Èle èèna ka, Nuh dènge ana-èpu na, Sem, Ham dènge Yafet, maso asa dꞌara kapa, dènge dhèu bhèni tèlu nèti ana-èpu na.",,eng,nfa,English,Dhao,0.0,0.0,0.0
"they, and every living creature after its kind, and every beast after its kind, and every creeping thing that is creeping on the earth after its kind, and every bird after its kind every bird, every wing.","lasi palere dènge badha aa'i-aa'i ra, sèmi: badha ani, badha hui, badha dhu rod'o, manu-bhui, dènge badha-badha leo dhu dènge èla sèra.","Èle èèna ka, dhèu aaꞌi-aaꞌi ra manèngi-mangajꞌi sèra. Èle èèna ka, dhèu aaꞌi-aaꞌi ra manèngi-mangajꞌi sèra. Èle èèna ka, dhèu aaꞌi-aaꞌi ra manèngi-mangajꞌi sèra. Èle èèna ka, dhèu aaꞌi-aaꞌi ra manèngi-mangajꞌi sèra. Èle èèna ka, dhèu aaꞌi-aaꞌi ra manèngi-mangajꞌi sèra. Èle èèna ka, dhèu aaꞌi-aaꞌi ra manèngi-mangajꞌi sèra. Èle èèna ka, dhèu aaꞌi-aaꞌi ra manèngi-mangajꞌi sèra.","Èle èèna ka, dhèu aaꞌi-aaꞌi ra manèngi-mangajꞌi sèra. Èle èèna ka, dhèu aaꞌi-aaꞌi ra manèngi-mangajꞌi sèra. Èle èèna ka, dhèu aaꞌi-aaꞌi ra manèngi-mangajꞌi sèra. Èle èèna ka, dhèu aaꞌi-aaꞌi ra manèngi-mangajꞌi sèra. Èle èèna ka, dhèu aaꞌi-aaꞌi ra manèngi-mangajꞌi sèra. Èle èèna ka, dhèu aaꞌi-aaꞌi ra manèngi-mangajꞌi sèra. Èle èèna ka, dhèu aaꞌi-aaꞌi ra manèngi-mangajꞌi sèra.",,eng,nfa,English,Dhao,0.0,0.0,0.0
"and they come to noah, into the ark, two by two of all the flesh in which is a living spirit; and they that are coming in, male and female of all flesh, have come in as god has commanded him, and yhwh closes it for him.","ca pasa-ca pasa nèti aa'i-aa'i dhu mamuri, lasi asa d'ara kapa palere dènge noh, madhutu sèmi lii paredha ama lamatua. ropa aa'i-aa'i ra d'ai d'ara kapa, lamatua bèdho babèdho kapa èèna.","Dhèu aaꞌi-aaꞌi, dhèu bhèni dènge dhèu bhèni, dꞌai dua-dua, maso asa dꞌara kapa, sama sèmi ama Lamatua peka dènge ne. Èle èèna ka, dhèu aaꞌi-aaꞌi maso asa dꞌara kapa. Èle èèna ka, dhèu aaꞌi-aaꞌi maso asa dꞌara kapa. Èle èèna ka, dhèu aaꞌi-aaꞌi maso asa dꞌara kapa.","Dhèu aaꞌi-aaꞌi, dhèu bhèni dènge dhèu bhèni, dꞌai dua-dua, maso asa dꞌara kapa, sama sèmi ama Lamatua peka dènge ne. Èle èèna ka, dhèu aaꞌi-aaꞌi maso asa dꞌara kapa. Èle èèna ka, dhèu aaꞌi-aaꞌi maso asa dꞌara kapa. Èle èèna ka, dhèu aaꞌi-aaꞌi maso asa dꞌara kapa.",,eng,nfa,English,Dhao,0.0,0.0,0.0
"and the flood is on the earth for forty days, and the waters multiply and lift up the ark, and it is raised up from off the earth; and the waters are mighty and multiply exceedingly on the earth; and the ark goes on the face of the waters. and the waters have been very, very mighty on the earth, and all the high mountains are covered which are under the whole heavens;",èj'i aae puru ma'ète boe d'ai èpa nguru lod'o. hèia kapa èèna taleb'o. èi ca'e loe boe toke hutu nare kolo ledhe dhu dedha aae.,"Èle èèna ka, bèli-bèli èpa nguru lodꞌo ètu rai-haha ne. Rèngu aaꞌi-aaꞌi ra jꞌajꞌi le dedha-liru ètu dedha-liru. Rèngu aaꞌi-aaꞌi ra jꞌajꞌi le dedha-liru ètu dedha-liru. Rèngu aaꞌi-aaꞌi ra jꞌajꞌi le dedha-liru ètu dedha-liru. Rèngu aaꞌi-aaꞌi ra jꞌajꞌi le dedha-liru ètu dedha-liru.","Èle èèna ka, lala pea ètu rai-haha ne èpa nguru lod'o. Aa èi j'aj'i ae-ae, ka boti kapa ne, ka na kèd'i nèti rai-haha. Aa èi èra titu kèna, ka j'aj'i ae-ae risi ètu rai-haha. Aa kapa ne la'e re katanga madha èi. Aa èi èra titu kèna, titu kèna ètu rai-haha, aa ledhe dhu dedha aa'i-aa'i ra hutu le, dhu ètu haha liru aa'i-aa'i.",,eng,nfa,English,Dhao,6.8525,13.3529,11.7572
"the waters prevailed from above the mountains, and cover them fifteen cubits;","èi ca'e taruu, ka marèma na seli èpa rèpa risi nèti kolo ledhe sèra.","Bèli-camèdꞌa èèna, bèli-camèdꞌa bèli-camèdꞌa bèli-camèdꞌa. Bèli-camèdꞌa èèna, bèli-camèdꞌa bèli-camèdꞌa. Bèli-camèdꞌa èèna, bèli-camèdꞌa bèli-camèdꞌa bèli-camèdꞌa. Bèli-camèdꞌa èèna, bèli-camèdꞌa bèli-camèdꞌa bèli-camèdꞌa bèli-camèdꞌa.","Èi lale nèti dedha ledhe, aa hutu si canguru lèmi rèpa.",,eng,nfa,English,Dhao,5.104,12.2061,13.1442
"and all flesh expires that is moving on the earth, among bird, and among livestock, and among beast, and among every teeming thing which is teeming on the earth, and all mankind; all in whose nostrils is breath of a living spirit-of all that is in the dry land-have died. and all the substance that is on the face of the ground is wiped away-from man to beast, to creeping thing, and to bird of the heavens; indeed, they are wiped away from the earth, and only noah is left, and those who are with him in the ark;","dènge j'ara èèna, ngaa-ngaa dhu mamuri ètu dedha-rai sèra, madhe aa'i mèu-mèu. nuka: dhèu, badha ani, badha hui, badha dhu rod'o, dènge manu-bhui aa'i-aa'i ra. ate dhoka noh dènge aa'i-aa'i dhu ètu dedha kapa.","Dhèu aaꞌi-aaꞌi dhu mamuri ètu rai-haha, aa manu-bhui aaꞌi-aaꞌi dhu mamuri ètu rai-haha, aa manu-bhui aaꞌi-aaꞌi dhu mamuri ètu rai-haha, aa dhèu aaꞌi-aaꞌi dhu mamuri ètu rai-haha, aa dhèu aaꞌi-aaꞌi dhu mamuri ètu dꞌara na. Dhèu aaꞌi-aaꞌi dhu mamuri ètu rai-haha, aa badha aaꞌi-aaꞌi dhu mamuri ètu rai-haha, aa badha aaꞌi-aaꞌi dhu mamuri ètu dedha-liru, aa badha aaꞌi-aaꞌi dhu mamuri ètu dedha-liru, aa badha aaꞌi-aaꞌi dhu mamuri ètu rai-haha, aa badha aaꞌi-aaꞌi dhu mamuri ètu dedha-liru, aa badha aaꞌi-aaꞌi dhu mamuri ètu rai-haha, aa badha aaꞌi-aaꞌi dhu mamuri ètu rai-haha, aa badha aaꞌi-aaꞌi-aaꞌi dhu mamuri ètu rai-haha. Dhèu aaꞌi-aaꞌi-aaꞌi dhu mamuri ètu rai-haha, aaꞌi-aaꞌi-aaꞌi dhu mamuri ètu rai-haha, aaꞌi-aaꞌi-aaꞌi-aaꞌi dhu mamuri ètu rai-haha aaꞌi-aaꞌi-aaꞌi, aaꞌi-aaꞌi-aaꞌi-aaꞌi dhu mamuri ètu dꞌi-aaꞌi-aaꞌi ètu rai-aaꞌi-aaꞌi","Aa isi aa'i-aa'i dhu eso ètu rai-haha, nuka manu-bhui, badha, badha bhelu, dènge loro aa'i-aa'i dhu mamuri ètu rai-haha, dènge dhèu aa'i-aa'i. Aa'i dhu abhu ngèlu nèti manadu mamuri ètu d'ara dhilu ra, nuka aa'i-aa'i dhu ètu rai mango, madhe. Aa isi aa'i-aa'i dhu ètu katanga rai, caro eele - nèti dhèu toke badha, toke loro, dènge toke manu-bhui nèti dedha-liru. Mema, ra caro eele nèti rai-haha, dènge dhoka noh dhu tèke, dènge dhèu dhu dènge nèngu ètu d'ara kapa aae.",,eng,nfa,English,Dhao,12.0224,22.7318,22.2541
and the waters are mighty on the earth for one hundred and fifty days.,"èi na, kura boe toke ca ngasu lèmi nguru lod'o.","Bèli-camèdꞌa èèna, dhèu aaꞌi-aaꞌi ètu rai-haha toke dꞌai èpa nguru nguru nguru lodꞌo.","Bèli-camèdꞌa èèna, dhèu aaꞌi-aaꞌi ètu rai-haha toke dꞌai èpa nguru nguru nguru lodꞌo.",,eng,nfa,English,Dhao,0.0,0.0,0.0
"and god remembers noah, and every living thing, and all the livestock which are with him in the ark, and god causes a wind to pass over the earth, and the waters subside,","masi ka sèmi èèna, ama lamatua bhèlu boe noh si dènge badha-manu aa'i-aa'i dhu ètu dedha kapa. hèia na hia ngèlu g'oro, ka èi na kura ka noo-noo.","Èle èèna ka, Ama Lamatua bhèlu-mèu aaꞌi-aaꞌi ra ètu dꞌara kapa. Èle èèna ka, Ama Lamatua pajꞌujꞌu ngèlu aaꞌi-aaꞌi ra ètu rai-haha ne.","aa Ama Lamatua sanède noh, dènge aa'i-aa'i dhu mamuri, dènge aa'i-aa'i badha-manu dhu dènge nèngu ètu d'ara kapa, aa Ama Lamatua papuru ngèlu lènge dedha rai-haha, aa èi se dha'u.",,eng,nfa,English,Dhao,10.8217,10.0108,7.5893
"and the fountains of the deep and the network of the heavens are closed, and the shower is restrained from the heavens.","na katange èi madha aa'i-aa'i ètu rai-haha ne, aa na taha èj'i kahèi.","Èle èèna ka, bèli-camèdꞌa ètu dedha-liru, bèli-camèdꞌa ètu dedha-liru, bèli-camèdꞌa bèli-camèdꞌa ètu dedha-liru, bèli-camèdꞌa bèli-camèdꞌa ètu dedha-liru, bèli-camèdꞌa bèli-camèdꞌa ètu dedha-liru.","Aa madha èi nèti d'ara marèma, aa ro'a liru kutu eele, aa èj'i kai nèti dedha-liru.",,eng,nfa,English,Dhao,9.2982,9.9817,12.2312
"and the waters return from off the earth, going on and returning; and the waters are lacking at the end of one hundred and fifty days.","ka èi kura noo-noo ka. d'ai cangasu lèmi nguru lod'o, èi marèma heka.","Èle èèna ka, bèli-camèdꞌa bèli-camèdꞌa bèli-camèdꞌa bèli-camèdꞌa. Èle èèna ka, bèli-camèdꞌa bèli-camèdꞌa bèli-camèdꞌa bèli-camèdꞌa. Èle èèna ka, bèli-camèdꞌa bèli-camèdꞌa bèli-camèdꞌa bèli-camèdꞌa bèli-camèdꞌa.","Aa èi lèpa nèti dedha rai, lèpa taruu; aa èi ele ètu èle cangasu lèmi nguru lod'o.",,eng,nfa,English,Dhao,26.8908,32.0193,29.4196
"and the ark rests, in the seventh month, on the seventeenth day of the month, on mountains of ararat;","lèke dènge hèru ka pidhu, risi canguru pidhu lod'o, kapa eta ètu kolo ledhe aae èci, ngara na ararat.","Èle èèna ka, bèli-camèdꞌa, bèli-camèdꞌa dꞌai lodꞌo pèri-pèri hèru èèna, ètu ledhe-ledhe ledhe sèra, ètu ledhe-ledhe sèra.","Dènge kapa èèna ae nare d'ara, ètu hèru ka-pidhu, ètu lod'o ka-canguru pidhu hèru èèna, ètu ledhe ararat.",,eng,nfa,English,Dhao,8.7996,25.8932,21.7591
"and the waters have been going and decreasing until the tenth month; in the tenth month, on the first of the month, the heads of the mountains appeared.","èi kura taruu toke lod'o ka èci, hèru ka canguru, ka kolo-kolo ledhe cèu noo-noo.","Nèti èèna ka, bèli-camèdꞌa bèli-camèdꞌa bèli-camèdꞌa bèli-camèdꞌa bèli-camèdꞌa bèli-camèdꞌa bèli-camèdꞌa bèli-camèdꞌa bèli-camèdꞌa bèli-camèdꞌa bèli-camèdꞌa bèli-camèdꞌa bèli-camèdꞌa bèli-camèdꞌa bèli-camèdꞌa bèli-camèdꞌa bèli-camèdꞌa bèli-camèdꞌa bèli-camèdꞌa bèli-camèdꞌa bèli-camèdꞌa bèli-camèdꞌa.","Aa èi se kako dha'u taruu toke hèru ka-canguru; ètu hèru ka-canguru, ètu lod'o ka-èci hèru, kètu ledhe se bhodho.",,eng,nfa,English,Dhao,11.8926,36.9457,31.6723
"and it comes to pass, at the end of forty days, that noah opens the window of the ark which he made,","risi nèti èpa nguru lod'o, hèia noh bhoke jendela èci.","Èle èèna ka, dꞌai èpa nguru lodꞌo. Èle èèna ka, Noh bhoke jꞌajꞌèra èci, dhu na tao ètu dedha kapa.","Èle èèna ka, d'ai èpa nguru lod'o, Noh bhoke j'aj'èra èci nèti kapa dhu na tao.",,eng,nfa,English,Dhao,14.2265,10.4467,12.8055
"and he sends forth the raven, and it goes out, going out and turning back until the drying of the waters from off the earth.","ka na patalale lakaa ci'u. manu-bhui ne lela la'e-mai, toke èi puru. ka na lèpa heka asa kapa.","Èle èèna ka, Ama Lamatua pua mege ne, hèia na lèpa hari asa rai-haha ne. Hèia na lèpa hari asa rai-haha ne, toke èi aaꞌi-aaꞌi dhu ètu rai-haha ne èle dènge roe aaꞌi-aaꞌi ètu rai-haha ne, kèpe dènge roe aae aaꞌi-aaꞌi dhu ètu dꞌara roe aaꞌi-aaꞌi ètu rai-haha ne. Èle èèna ka, bèli-camèdꞌa dhèu aaꞌi-aaꞌi ètu dꞌara roe aaꞌi-aaꞌi ètu rai-haha ne, hèia roe aaꞌi-aaꞌi aaꞌi-aaꞌi dènge roe aaꞌi-aaꞌi dènge roe aaꞌi-aaꞌi ètu rai-haha ne.","Èle èèna ka, nèngu pua manu mèdi, aa na kalua, kalua dènge lèpa hari toke èi ètu rai-haha ne kamango aa'i.",,eng,nfa,English,Dhao,3.4214,2.8495,4.7176
"and he sends forth the dove from him to see whether the waters have been lightened from off the face of the ground,","hèia noh patabuli hari, koro j'aha ci'u, sèna ka neo ne'a èi na puru le, do dhae.","Èle èèna ka, dhèu ne pua ana pajuu èci, ho laꞌe paraga dènge dhèu aaꞌi-aaꞌi ètu rai-haha ne, sèna ka neꞌa, na, bèli-camèdꞌa dhèu aaꞌi-aaꞌi ètu rai-haha ne ele iie le, do aadꞌo, do aadꞌo, do aadꞌo, do aadꞌo, do aadꞌo, do aadꞌo, do aadꞌo, do aadꞌo, do aadꞌo, do aadꞌo, do aadꞌo, do aadꞌo, do aadꞌo, do aadꞌo, do aadꞌo, do aadꞌo, do aadꞌo, do aadꞌo, do aadꞌo, do aadꞌo, do aadꞌo, do aadꞌo, do aadꞌo, do aadꞌo, do aadꞌo?","Hèia nèngu pua koro j'aha nèti nèngu, ho ne'a ladhe èi ele kura le nèti dedha rai-haha.",,eng,nfa,English,Dhao,10.4828,8.2775,10.8254
"and the dove has not found rest for the sole of her foot, and she turns back to him, to the ark, for waters are on the face of all the earth, and he puts out his hand, and takes her, and brings her in to him, into the ark.","te ngaa, lula èi hutu nare dedha-rai era, ka koro ne abhu boe era tèka. ka lèpa hari asa kapa. hèia noh j'ole ai na, kèpe nare, ka na pamaso hari asa d'ara kapa.","Èle èèna ka, ana pajuu èèna lèpa hari asa dꞌara kapa. Ka ana pajuu èèna lèpa hari asa dꞌara kapa. Ka ana pajuu èèna lèpa hari asa dꞌara kapa, hèia ana pajuu èèna lèpa hari asa dꞌara kapa.","Aa koro j'aha rèdhi mèka era pea-palu'u boe hia j'èla haga na, aa ana lèpa hari asa nèngu, asa d'ara kapa, lula èi ae ètu katanga madha rai aa'i, aa na j'ole kacui-aai na, aa na tare nèngu, aa na nèti nèngu maso asa nèngu, asa d'ara kapa.",,eng,nfa,English,Dhao,5.3581,10.7155,9.2396
"and he stays yet seven more days, and adds to send forth the dove from the ark;","ka noh tatae hari d'ai pidhu lod'o, hèia na patabuli hari koro j'aha deo na.","Èle èèna ka, Musa pea ètu dꞌara kapa na pidhu lodꞌo. Èle èèna ka, na pua ana pajuu ne mai nèti dedha kapa.","aa nèngu pea hari pidhu lodꞌo ètu dꞌara kapa, aa na tabha pua koro j'aha ne nèti kapa.",,eng,nfa,English,Dhao,8.0556,13.5069,12.171
"and the dove comes to him at evening, and behold, an olive leaf is torn off in her mouth; and noah knows that the waters have been lightened from off the earth.","d'ara lod'o nihia sa, koro ne lèpa hari la'e asa noh, tutu nèti dènge rèu saitun ca rèu dhu heka tutu nare kèna. nèti èèna ka, noh heka ne'a kèna, èi na dhu puru le tare'a di.","Èle èèna ka, lodꞌo dꞌai mèka lodꞌo èle rai-haha ne, dꞌai mèka lodꞌo dꞌai madha lodꞌo èle rai-haha ne, hèia na mai paraga dènge ne. Lodꞌo èle rai-haha ne, ètu dꞌara hèbꞌa na, ètu dꞌara hèbꞌa na, ètu dꞌara hèbꞌa na, heka ètu dꞌara hèbꞌa na, heka ètu dꞌara hèbꞌa na, heka ètu dꞌara hèbꞌa na, heka ètu dꞌara hèbꞌa na, ètu dꞌara hèbꞌa na, ètu dꞌara hèbꞌa na, ètu dꞌara hèbꞌa na, hèbꞌa ètu rai-haha ne.","Aa lod'o nihia, koro j'aha mai asa nèngu, kaca'a laa, rèu aj'u saitun mae ciu ètu d'ara hèb'a na; aa noh ne'a na èi ne rai eele nèti rai-haha.",,eng,nfa,English,Dhao,11.233,5.5486,8.6453
"and he stays yet seven more days, and sends forth the dove, and it did not add to return to him anymore.","ka na mate hari d'ai pidhu lod'o, hèia na patalale hari koro j'aha ca hari ni. te ngaa ca tèka ne, koro ne lèpa heka.","Ka na pea ètu dꞌara èmu na pidhu lodꞌo. Èle èèna ka, na pua ne lèpa. Te ngaa ne lèpa heka dènge ne.","Ka na pea pidhu lod'o hari, aa na pua koro j'aha, aa na lèpa boe asa ne heka.",,eng,nfa,English,Dhao,4.6497,3.5513,4.3752
"and it comes to pass in the six hundredth and first year, in the first month, on the first of the month, the waters have been dried from off the earth; and noah turns aside the covering of the ark, and looks, and behold, the face of the ground has been dried.","lod'o noh mamuri d'ai èna ngasu ca tèu, lèke lod'o ka èci hèru èci, èi mèti aa'i le. hèia noh bhoke jendela, ka na ladhe palème, nèdhi rai dhu mango le.","Èle èèna ka, lodꞌo èèna, dꞌai hèru lodꞌo èèna, dꞌai lodꞌo èèna, èèna jꞌajꞌi lodꞌo ca lodꞌo. Lodꞌo èèna, èèna jꞌajꞌi lodꞌo ca lodꞌo èèna, èi dhu leko-monya ètu rai-haha ne. Nèti èèna ka, Noh tèke eele mèdha-papake nèti dedha kapa, ka ladhe nèdhi rai-haha ètu rai-haha ne leko-monya.","J'aj'i ètu tèu èna nguru èci, ètu hèru ka-èci, lod'o ka-èci hèru èèna, èi èèna mango le nèti rai-haha. Aa Noh tèke eele mèdha-papake nèti dedha kapa, ka ladhe nèdhi, katanga madha rai-haha èèna mango le.",,eng,nfa,English,Dhao,11.2896,10.548,11.247
"and in the second month, on the twenty-seventh day of the month, the earth has become dry.","d'ai hèru ka dua, lod'o ka dua nguru pidhu, dedha-rai ne dhu mango meto le.","Èle èèna ka, bèli-camèdꞌa, bèli-camèdꞌa dꞌai bèli-camèdꞌa, dꞌai lodꞌo èèna, rai-haha mamuri le.","Aa ètu hèru ka-dua, ètu lod'o dua nguru pidhu nèti hèru, rai-haha j'aj'i mango le.",,eng,nfa,English,Dhao,16.674,29.5264,27.0391
"and god speaks to noah, saying, go out from the ark, you, and your wife, and your sons, and your sons' wives with you;","ka ama lamatua peka dènge noh,","Èle èèna ka, Ama Lamatua peka dènge Noh, aku Nèngu na, ""Èu, ana-èpu èu, dènge dhèu èmu èu, lèpa nèti dedha kapa ne.","Èle èèna ka, Ama Lamatua peka dènge Noh, aku nèngu na, ""Èu, dènge dhèu èmu èu, dènge ana mone èu, dènge dhèu èmu ana mone èu, lèpa nèti kapa ne.""",,eng,nfa,English,Dhao,-0.4829,-3.122,-3.8245
"every living thing that is with you, of all flesh, among bird, and among livestock, and among every creeping thing which is creeping on the earth, bring out with you;",noh! aa'i-aa'i mi puru ka nèti dedha kapa èèna.,"Bèli-camèdꞌa dhèu aaꞌi-aaꞌi, manu-bhui, dènge badha aaꞌi-aaꞌi, dènge badha aaꞌi-aaꞌi, aaꞌi-aaꞌi, aaꞌi-aaꞌi, aaꞌi-aaꞌi, aaꞌi-aaꞌi, aaꞌi-aaꞌi, aaꞌi-aaꞌi, aaꞌi-aaꞌi, aaꞌi-aaꞌi, aaꞌi-aaꞌi, aaꞌi-aaꞌi, aaꞌi-aaꞌi, aaꞌi-aaꞌi, aaꞌi-aaꞌi, aaꞌi-aaꞌi, aaꞌi-aaꞌi, aaꞌi-aaꞌi, aaꞌi-aaꞌi, aaꞌi-aaꞌi, aaꞌi-aaꞌi, aaꞌi-aaꞌi, aaꞌi-aaꞌi.","Bèli-camèd'a badha mamuri aa'i-aa'i dhu dènge èu, nèti rupa-rupa isi, nuka manu-bhui, dènge badha, dènge badha dhu rodo ètu rai aa'i-aa'i, tèti kalua dènge èu.",,eng,nfa,English,Dhao,8.7241,19.8301,15.1579
"and they have teemed in the earth, and been fruitful, and have multiplied on the earth.","papuru aa'i badha-manu sèra! nuka: badha ani, badha hui, badha dhu rod'o, dènge manu-bhui aa'i-aa'i ra. hud'i si, sèna ka ra bèba, papènu rai-haha ne.",Rèngu jꞌajꞌi ana-èpu aaꞌi-aaꞌi ètu rai-haha ne. Rèngu jꞌajꞌi ana-èpu aaꞌi-aaꞌi ètu rai-haha ne.,"Rèngu j'aj'i aa'i-aa'i ètu rai-haha, aa j'aj'i hua-hela, aa tabha ae ètu rai-haha.",,eng,nfa,English,Dhao,4.053,1.8967,1.1917
"and noah goes out, and his sons, and his wife, and his sons' wives with him; every beast, every creeping thing, and every bird; every creeping thing on the earth, after their families, have gone out from the ark.","èle èèna ka, noh dènge dhèu èmu na, dènge ana-ana na, aa dènge dhèu èmu ana na sèra, aa'i-aa'i ra puru nèti dedha kapa èèna. badha se, aa'i-aa'i ra, kalua ka madhutu anga ra èci-èci.","Èle èèna ka, Noh dènge ana-ana na, dhèu èmu-kamali na, dènge dhèu-dhèu aaꞌi-aaꞌi ètu rai-haha, dènge manu-bhui aaꞌi-aaꞌi ètu rai-haha. Rèngu aaꞌi-aaꞌi ra kalua nèti dedha kapa.","Èle èèna ka, Noh dènge ana-ana na, dhèu èmu na, dènge dhèu èmu ana-ana na dènge nèngu, dènge badha aa'i-aa'i, dènge loro aa'i-aa'i, dènge manu-bhui aa'i-aa'i, dènge loro aa'i-aa'i ètu rai-haha. Rèngu aa'i-aa'i ra kalua nèti kapa, madhutu dènge ana èpu ra.",,eng,nfa,English,Dhao,3.1093,10.4617,9.2789
"and noah builds an altar to yhwh, and takes from every clean beast and from every clean bird, and causes burnt-offerings to ascend on the altar;","hèia noh pudhi hadhu, tao mei korban hia lamatua. nèti badha-badha dhu bisa ra'a sèra, noh nare ci'u-ci'u, ka na roro, tunu ètu dedha mei deo na, ho j'aj'i mi tadha makasi mi lamatua.","Èle èèna ka, dhèu aaꞌi-aaꞌi nèti aaꞌi-aaꞌi nèti manu-bhui aaꞌi-aaꞌi dhu mola-mèci ètu era èèna. Èle èèna ka, dhèu aaꞌi-aaꞌi nèti badha aaꞌi-aaꞌi dhu mola-mèci ètu era neꞌe. Nèti èèna ka, nèngu pajꞌujꞌu mèdha-panyau aaꞌi-aaꞌi dhu lèke. Èle èèna ka, dhèu aaꞌi-aaꞌi nèti badha aaꞌi-aaꞌi nèti badha aaꞌi-aaꞌi dhu mola-mèci ètu era neꞌe. Èle èèna ka, dhèu aaꞌi-aaꞌi nèti badha aaꞌi-aaꞌi dhu beꞌa.","Aa noh tao mèdha persembahan hia Ama Lamatua. Aa nèngu tare nèti badha aa'i-aa'i dhu mola-mèci, aa nèti manu-bhui aa'i-aa'i dhu mola-mèci. Aa nèngu paca'e korban tunu sèra asa dedha mèdha persembahan èèna.",,eng,nfa,English,Dhao,3.6865,7.1387,7.5741
"and yhwh smells the refreshing fragrance, and yhwh says to his heart, i do not continue to disfavor the ground because of man anymore, though the imagination of the heart of man is evil from his youth; and i do not continue to strike all living anymore, as i have done;","ropa lamatua sangèd'u nare hèu gèmu korban deo na, d'ara na karej'e. ka na ngee na, nèti deo ne'e ne, ja'a huku heka rai-haha ne, lula bhabhelu-katub'a dhèu. masi ka rèngu dhoka ngee bhabhelu di, ja'a pa'ele iie heka ngaa-ngaa dhu mamuri, sèmi dhu ja'a heka tao kore èèna.","Èle èèna ka, rèngu reꞌa mèu mèu mèu mèu mèu mèu mèu mèu mèu mèu mèu mèu mèu mèu mèu mèu mèu mèu mèu mèu mèu mèu mèu mèu mèu mèu mèu mèu mèu mèu mèu mèu mèu mèu mèu mèu mèu mèu mèu mèu mèu mèu mèu mèu mèu mèu mèu mèu mèu mèu mèu mèu mèu mèu mèu mèu mèu mèu mèu mèu mèu mèu mèu mèu mèu mèu mèu mèu mèu mèu mèu mèu mèu mèu mèu mèu mèu mèu mèu mèu mèu mèu mèu mèu mèu mèu mèu mèu mèu mèu mèu mèu mèu mèu mèu mèu mèu mèu mèu mèu mèu mèu mèu mèu mèu mèu mèu.","Èle èèna ka, rèngu reꞌa mèu mèu mèu mèu mèu mèu mèu mèu mèu mèu mèu mèu mèu mèu mèu mèu mèu mèu mèu mèu mèu mèu mèu mèu mèu mèu mèu mèu mèu mèu mèu mèu mèu mèu mèu mèu mèu mèu mèu mèu mèu mèu mèu mèu mèu mèu mèu mèu mèu mèu mèu mèu mèu mèu mèu mèu mèu mèu mèu mèu mèu mèu mèu mèu mèu mèu mèu mèu mèu mèu mèu mèu mèu mèu mèu mèu mèu mèu mèu mèu mèu mèu mèu mèu mèu mèu mèu mèu mèu mèu mèu mèu mèu mèu mèu mèu mèu mèu mèu mèu mèu mèu mèu mèu mèu mèu mèu.",,eng,nfa,English,Dhao,0.0,0.0,0.0
"during all the days of the earth, seed-time and harvest, and cold and heat, and summer and winter, and day and night never cease.","lod'o rai-haha ne era, hèru dènge tèu, kako madhutu atora. sèmi: hèru sèla dènge hèru puu-g'ètu, hèru pacuhi dènge hèru sagoro, hèru hadhu dènge hèru èj'i lai, mèu dènge mèda.","Lodꞌo aaꞌi-aaꞌi ètu rai-haha ne, jaꞌa tao sèmi èèna kahèi. Jaꞌa tao sèmi èèna kahèi. Jaꞌa tao sèmi èèna kahèi. Jaꞌa tao sèmi èèna kahèi. Jaꞌa tao sèmi èèna kahèi. Jaꞌa tao sèmi èèna kahèi. Jaꞌa tao sèmi èèna kahèi. Jaꞌa tao sèmi èèna kahèi. Jaꞌa tao sèmi èèna kahèi. Jaꞌa tao sèmi èèna kahèi. Jaꞌa tao sèmi èèna kahèi. Jaꞌa tao sèmi èèna kahèi. Jaꞌa tao sèmi èèna kahèi. Jaꞌa tao sèmi èèna kahèi. Jaꞌa tao sèmi èèna kahèi.","Lod'o aa'i-aa'i ètu rai-haha ne, hini-lod'o dènge puu-g'ètu, dènge pacuhi dènge lod'o pana, dènge hèru hadhu dènge hèru èj'i lai, dènge lod'o dènge mèda loe boe.",,eng,nfa,English,Dhao,40.1102,32.5903,35.1697
"and god blesses noah and his sons, and says to them, be fruitful, and multiply, and fill the earth;","hèia ama lamatua pala-bagi berkat mi noh dènge ana-ana na, peka na, miu matana pa'ae-ae, sèna ka papènu rai-haha ne.","Èle èèna ka, Ama Lamatua bꞌala Noh dènge ana-èpu na, ka Na peka dènge si, aku Nèngu na, ""Bèli-camèdꞌa miu jꞌajꞌi dhèu ae-ae, sèna ka miu jꞌajꞌi dhèu ae-ae ètu rai-haha ne.","Èle èèna ka, Ama Lamatua bꞌala Noh dènge ana-èpu na, ka Na peka dènge si, aku Nèngu na, ""Bèli-camèdꞌa miu jꞌajꞌi dhèu ae-ae, aa isi rai-haha ne.""",,eng,nfa,English,Dhao,-2.5237,-4.7574,-5.9525
"and your fear and your dread is on every beast of the earth, and on every bird of the heavens, on all that creeps on the ground, and on all fishes of the sea-into your hand they have been given.","ladhe èèna na, badha hui, manu-bhui dènge i'a aa'i-aa'i ra madha'u dènge miu. miu ka dhu ator si.","Bèli-camèdꞌa dhèu aaꞌi-aaꞌi ètu rai-haha, manu-bhui aaꞌi-aaꞌi ètu dedha-liru, dènge iꞌa aaꞌi-aaꞌi ètu dꞌara dhasi, bèli-camèdꞌa dhèu aaꞌi-aaꞌi ra madhaꞌu dènge miu.","Dènge madha'u dènge d'ara susa nèti miu ètu badha aa'i-aa'i ètu rai-haha, dènge ètu manu-bhui aa'i-aa'i ètu dedha-liru, dènge ètu aa'i dhu rodo ètu rai, dènge ètu i'a aa'i-aa'i ètu d'ara dhasi. Rèngu aa'i-aa'i ra hia le asa kacui-aai miu.",,eng,nfa,English,Dhao,3.2536,7.4842,6.2756
"every creeping thing that is alive, to you it is for food; as the green herb i have given to you the whole;","sisi badha aa'i-aa'i, miu bisa mi'a, sèmi dhu mi'a hua-hela, dènge rèu ana aaj'u se. aa'i-aa'i se, ja'a hia miu.","Bèli-camèdꞌa aaꞌi-aaꞌi dhu mamuri ètu rai-haha bisa raꞌa. Jaꞌa hia mi ngiꞌu aaꞌi-aaꞌi dhu mamuri ètu rai-haha ne, sèmi ngiꞌu aaꞌi-aaꞌi dhu mamuri ètu rai-haha ne, sèmi ngiꞌu aaꞌi-aaꞌi dhu mamuri ètu rai-haha ne. Jaꞌa hia mi ngiꞌu aaꞌi-aaꞌi dhu mamuri ètu rai-haha ne, sèmi dhèu aaꞌi-aaꞌi dhu mamuri ètu rai-haha ne, sèmi dhèu aaꞌi-aaꞌi dhu mamuri ètu rai-haha ne, sèmi dhèu aaꞌi-aaꞌi dhu mamuri ètu rai-haha ne.","Aa'i-aa'i loro dhu mamuri, miu bisa ra'a; sèmi j'u'u mangèru, ja'a hia le miu aa'i-aa'i ne.",,eng,nfa,English,Dhao,30.1866,13.5611,17.6113
only flesh in its life-its blood-you do not eat.,"dhoka sisi dhu dènge raa era, miu madha mèu mi'a, lula samanga badha ètu raa na.",The only flesh in its life-it's blood-you can't eat.,"Dhoka isi dhu dènge raa na di, èu mage nga'a.",,eng,nfa,English,Dhao,9.7441,24.3241,25.0486
"and only your blood for your lives do i require; from the hand of every living thing i require it, and from the hand of man, from the hand of every man's brother i require the life of man; whoever sheds man's blood, by man is his blood shed: for in the image of god has he made man.","ja'a paj'aj'i dhèu madhutu raropa ja'a. nèti èèna ka, baku pamadhe dhèu. ladhe abhu dhèu, do badha, dhu pamadhe dhèu, na, pamadhe ne kahèi. ne'e, lii paredha nèti ja'a.","Te ngaa dhèu aaꞌi-aaꞌi dhu pamadhe dhèu, èèna nuka sèmi dhèu rai-haha. Te Ama Lamatua pajꞌajꞌi dhèu madhutu dadꞌèi Na. Nèti èèna ka, bèli-camèdꞌa Lamatua pajꞌajꞌi dhèu rai-haha.","Aa dhoka raa miu ho mamuri miu ka ja'a karèi; nèti kacui-aai badha aa'i-aa'i dhu mamuri ja'a karèi ne, aa nèti kacui-aai dhèu, nèti kacui-aai a'ari dhèu aa'i-aa'i ja'a karèi mamuri dhèu; dhèu cee dhu bhori raa dhèu, raa na hud'i bhori kahèi nèti dhèu: te Ama Lamatua paj'aj'i dhèu madhutu dad'èi Na.",,eng,nfa,English,Dhao,-4.5853,1.9831,0.3482
"and you, be fruitful and multiply, teem in the earth, and multiply in it.","miu se hud'i matana pa'ae-ae ku, sèna ka papènu hari rai-haha ne.","""Ladhe sèmi èèna, miu hudꞌi jꞌajꞌi dhèu ae-ae, sèna ka jꞌajꞌi dhèu ae-ae ètu rai-haha ne. Miu hudꞌi jꞌajꞌi dhèu ae-ae, sèna ka jꞌajꞌi dhèu ae-ae ètu rai-haha ne.""","Aa miu, hud'i bèba-kacanga, aa papènu rai-haha ne, aa bèba-kacanga ètu nèi.",,eng,nfa,English,Dhao,5.4008,0.0244,1.9601
"and god speaks to noah, and to his sons with him, saying,","ka ama lamatua tuhu hari lii padhai lii na,","Èle èèna ka, Ama Lamatua peka dènge Noh, dènge ana-èpu na dènge ne, na,","Èle èèna ka, Ama Lamatua peka dènge Noh, dènge ana na dènge ne, na,",,eng,nfa,English,Dhao,0.3781,-0.2312,-0.0151
"and i, behold, i am establishing my covenant with you, and with your seed after you,","de ne'e ne, ja'a pajaji dènge miu, toke d'ai lai ana lai èpu.","Nèti èèna ka, Jaꞌa tao paꞌèki paꞌèra-èra dènge èu, dènge ana-èpu èu dhu jꞌajꞌi dhèu unu Ama Lamatua.","Nèti èèna ka, Jaꞌa tao paꞌèki paꞌèra-èra dènge èu, dènge ana-èpu èu dhu jꞌajꞌi dhèu unu Ama Lamatua.",,eng,nfa,English,Dhao,0.0,0.0,0.0
"and with every living creature which is with you, among bird, among livestock, and among every beast of the earth with you, from all who are going out of the ark-to every beast of the earth.","lii pajaji ne, lèke kahèi mi aa'i-aa'i dhu mamuri, sèmi: badha ani, badha hui, dènge manu-bhui. peka ka laa, lèke aa'i-aa'i dhu kalua palere-lere dènge miu nèti dedha kapa.","Jaꞌa pakaboko kahèi dènge aaꞌi-aaꞌi dhu mamuri ètu dedha kapa. Jaꞌa pakaboko kahèi dènge manu-bhui aaꞌi-aaꞌi dhu mamuri ètu dedha kapa, dènge badha aaꞌi-aaꞌi dhu mamuri ètu rai-haha. Jaꞌa pakaboko kahèi dènge badha aaꞌi-aaꞌi dhu mamuri ètu dedha kapa. Jaꞌa pakaboko kahèi dènge badha aaꞌi-aaꞌi dhu mamuri ètu dedha kapa, dènge manu-bhui aaꞌi-aaꞌi dhu mamuri ètu rai-haha, dènge badha aaꞌi-aaꞌi dhu mamuri ètu rai-haha.","Dènge aa'i-aa'i badha dhu mamuri dhu dènge miu, nuka sèmi manu-bhui, badha, aa dènge aa'i-aa'i badha rai-haha dhu dènge miu, nèti aa'i-aa'i dhu kalua nèti kapa toke asa aa'i-aa'i badha rai-haha.",,eng,nfa,English,Dhao,20.1681,10.5719,12.9883
"and i have established my covenant with you, and all flesh is not cut off anymore by waters of a flood, and there is not a flood to destroy the earth anymore.","lii pajaji ja'a sèmi ne'e: ja'a hia heka èi aae lala, ho pamadhe aa'i ngaa-ngaa dhu mamuri, aa dènge pa'ele iie rai-haha ne.","Nèti èèna ka, Jaꞌa tao paꞌèki paꞌèra-èra dènge miu, peka na, bèli-camèdꞌa bèli-camèdꞌa bèli-camèdꞌa bèli-camèdꞌa bèli-camèdꞌa bèli-camèdꞌa bèli-camèdꞌa bèli-camèdꞌa bèli-camèdꞌa bèli-camèdꞌa bèli-camèdꞌa bèli-camèdꞌa bèli-camèdꞌa bèli-camèdꞌa bèli-camèdꞌa bèli-camèdꞌa bèli-camèdꞌa bèli-camèdꞌa nèti rai-haha ne.","Nèti èèna ka, Jaꞌa tao paꞌèki paꞌèra-èra dènge miu, peka na, bèli-camèdꞌa bèli-camèdꞌa bèli-camèdꞌa bèli-camèdꞌa bèli-camèdꞌa bèli-camèdꞌa bèli-camèdꞌa bèli-camèdꞌa bèli-camèdꞌa bèli-camèdꞌa bèli-camèdꞌa bèli-camèdꞌa bèli-camèdꞌa bèli-camèdꞌa bèli-camèdꞌa bèli-camèdꞌa bèli-camèdꞌa bèli-camèdꞌa nèti rai-haha ne.",,eng,nfa,English,Dhao,0.0,0.0,0.0
"and god says, this is a token of the covenant which i am giving between me and you, and every living creature that is with you, to continuous generations; my bow i have given in the cloud, and it has been for a token of a covenant between me and the earth;","ja'a pasa saroo ètu dedha-liru, sèna ka j'aj'i tadha pasanèd'e lii pajaji ja'a dhu ma'ète boe dènge miu, dènge aa'i-aa'i dhu mamuri, aa dènge rai-haha ne.","Èle èèna ka, Ama Lamatua peka dènge jiꞌi, aku Nèngu na, ""Nèti èèna ka, Jaꞌa paꞌèki dènge miu, dènge aaꞌi-aaꞌi dhèu aaꞌi-aaꞌi dhu mamuri ètu rai-haha ne, toke dꞌai mia-mia. Nèti èèna ka, Jaꞌa pajꞌujꞌu aae Jaꞌa ètu dedha-liru, sèna ka jꞌajꞌi tadha, na, Jaꞌa paꞌèki dènge dhèu aaꞌi-aaꞌi dhu mamuri ètu dedha-liru, sèna ka jꞌajꞌi tadha, na, Jaꞌa paꞌèki dènge dhèu aaꞌi-aaꞌi dhu mamuri ètu dedha-liru, sèna ka jꞌajꞌi tadha, na, Jaꞌa paꞌèki dènge dhèu aaꞌi-aaꞌi ètu rai-haha ne.","Èle èèna ka, Ama Lamatua peka dènge jiꞌi, aku Nèngu na, ""Nèti èèna ka, Jaꞌa paꞌèki dènge miu, dènge aaꞌi-aaꞌi dhèu aaꞌi-aaꞌi dhu mamuri ètu rai-haha ne, toke dꞌai mia-mia. Nèti èèna ka, Jaꞌa pajꞌujꞌu aae Jaꞌa ètu dedha-liru, sèna ka jꞌajꞌi tadha, na, Jaꞌa paꞌèki dènge dhèu aaꞌi-aaꞌi dhu mamuri ètu dedha-liru, sèna ka jꞌajꞌi tadha, na, Jaꞌa paꞌèki dènge dhèu aaꞌi-aaꞌi dhu mamuri ètu dedha-liru, sèna ka jꞌajꞌi tadha, na, Jaꞌa paꞌèki dènge dhèu aaꞌi-aaꞌi ètu rai-haha ne.",,eng,nfa,English,Dhao,0.0,0.0,0.0
"and it has come to pass in my sending a cloud over the earth that the bow has been seen in the cloud, and i have remembered my covenant which is between me and you, and every living creature among all flesh, and the waters no longer become a flood to destroy all flesh; and the bow has been in the cloud, and i have seen it-to remember the perpetual covenant between god and every living creature among all flesh which is on the earth. and god says to noah, this is a token of the covenant which i have established between me and all flesh that is on the earth.","ladhe abhu ra'i-liru, ho saroo cèu, èèna na pasanèd'e ja'a nèti lii pajaji èèna. na peka na, èi aae pa'ele iie heka aa'i-aa'i dhu mamuri. dènge j'ara ne'e ne ka, lii pajaji ja'a dhu ma'ète boe, pa'èki tèke le dènge miu, aa dènge aa'i-aa'i dhu mamuri.","Èle èèna ka, Lamatua peka dènge Noh, aku Nèngu na, ""Nèti èèna ka, Jaꞌa peka dènge dhèu aaꞌi-aaꞌi dhu mamuri ètu rai-haha ne, na, Lamatua paꞌèki paꞌèra-èra dènge dhèu aaꞌi-aaꞌi dhu mamuri ètu rai-haha ne, toke dꞌai mia-mia, toke dꞌai mia-mia, dhèu aaꞌi-aaꞌi dhu mamuri ètu rai-haha ne jꞌajꞌi dhèu aaꞌi-aaꞌi. Nèti èèna ka, Jaꞌa sanèdꞌe lii pajaji Jaꞌa, dhu Jaꞌa paꞌèra dènge dhèu aaꞌi-aaꞌi dhu mamuri ètu rai-haha ne, sèna ka jꞌajꞌi dhèu aaꞌi-aaꞌi dhu mamuri ètu rai-haha ne, toke dꞌai mia-mia."" Èle èèna ka, Lamatua peka dènge Noh, aku Nèngu na, ""Nèti èèna ka, Jaꞌa paꞌèra paꞌèra lii pajaji Jaꞌa dènge dhèu aaꞌi-aaꞌi-aaꞌi dhu Jaꞌi paꞌèra dènge dhèu aaꞌi-aaꞌi-aaꞌi-aaꞌi-aaꞌi dhu mamuri ètu rai-haha ne, toke dꞌai mia-mia.""","J'aj'i sèmi èèna, lod'o Ja'a pa'adhu rai liru dedha rai-haha ne, saroo rèdhi ètu d'ara rai liru èèna. Aa Ja'a sanèd'e lii pajaji Ja'a dhu ètu talora Ja'a dènge èu, dènge badha mamuri aa'i-aa'i dhu isi ngi'u, aa èi heka j'aj'i lala ho palaho aa'i isi ngi'u. Aa saroo èèna ètu d'ara rai liru, aa Ja'a rèdhi ne, sèna ka sanèd'e lii pajaji dhu taha taruu ètu talora Lamatua dènge badha mamuri aa'i-aa'i dhu isi ngi'u ètu rai-haha ne. Aa Lamatua peka dènge Noh, aku Nèngu na, 'Ne'e ne tadha nèti lii pajaji dhu Ja'a pa'èra ètu talora Ja'a dènge aa'i isi ngi'u dhu ètu rai-haha ne.'",,eng,nfa,English,Dhao,10.3867,14.0103,12.5193
"and the sons of noah who are going out of the ark are shem, and ham, and japheth; and ham is father of canaan.","ana-ana noh dhu puru nèti dedha kapa, sem, yafet dènge ham ham èèna, ama kana'an.","Noh abhu ana-èpu sèra, ngara na Sem, Ham, dènge Jafet. Ham jꞌajꞌi le ama dhèu Kenan. Rèngu aaꞌi-aaꞌi ra kalua nèti dedha kapa.","Ana-èpu Noh dhu kalua nèti d'ara kapa sèra, ngara na Sem, Ham, dènge Jafet. Aa Ham j'aj'i ama dhèu Kenan.",,eng,nfa,English,Dhao,-5.9938,-6.5531,-5.1257
"these three are sons of noah, and from these has all the earth been overspread.","dhèu aa'i-aa'i ra ètu rai-haha ne, j'aj'i nèti ana noh dhèu tèlu sèra.","Ètu dꞌara rai-haha ne, dhèu aaꞌi-aaꞌi ètu rai-haha ne jꞌajꞌi dhèu aaꞌi-aaꞌi ètu rai-haha ne. Dhèu aaꞌi-aaꞌi se, dhèu aaꞌi-aaꞌi ra. Dhèu aaꞌi-aaꞌi se, dhèu aaꞌi-aaꞌi ra. Dhèu aaꞌi-aaꞌi ètu rai-haha ne jꞌajꞌi dhèu aaꞌi-aaꞌi ra. Dhèu aaꞌi-aaꞌi ètu rai-haha ne jꞌajꞌi dhèu aaꞌi-aaꞌi ra. Nèti èèna ka, bèli-camèdꞌa dhèu aaꞌi-aaꞌi ra jꞌajꞌi dhèu aaꞌi-aaꞌi ra ètu rai-haha ne.","Tèlu se'e ne, ana-ana Noh. Aa nèti rèngu se'e ka, rai-haha aa'i j'aj'i pènu.",,eng,nfa,English,Dhao,13.7207,1.1824,6.2548
"and noah remains a man of the ground, and plants a vineyard,","noh èèna, dhèu sab'a oka-tedhe. nèngu ka dhu uru j'ara tao oka anggor.","Nèngu jꞌajꞌi dhèu rai-haha, ka na tao oka èci ètu dꞌara oka na.","Ka Noh pea dhèu rai-haha, ka na lari oka anggor èci.",,eng,nfa,English,Dhao,2.1797,-1.8848,-0.9682
"and drinks of the wine, and is drunken, and uncovers himself in the midst of the tent.","ca tèka, na ninu èi anggor, ka na mahu titu kèna. hèia na puru eele mèdha-papake nèti ua na. ka na j'unu lega-loli dènge boe mèdha-papake ètu d'ara paleo na.","Èle èèna ka, na maso asa dꞌara hèbꞌa ètu dꞌara hèbꞌa èèna. Ka na maso asa dꞌara hèbꞌa èèna, hèia na maso asa dꞌara hèbꞌa èèna.","Aa na ninu èi anggor, dènge mahu, dènge tèke eele ngi'u na ètu d'ara hèb'a.",,eng,nfa,English,Dhao,10.0183,7.7953,9.4261
"and ham, father of canaan, sees the nakedness of his father, and declares to his two brothers outside.","ropa ham ladhe nèdhi era makae ama na, ka rai li'u la'e, lolo dènge a'a na, sem dènge yafet.","Èle èèna ka, Ham, ama Kenan, ladhe nèdhi ama na dènge boe mèdha-panyau. Hèia laꞌe padhai lii dènge ari na dua ra ètu liꞌu.","Èle èèna ka, Ham, ama Kenan, ladhe nèdhi unu boe mèdha-papake ama na. Hèia laꞌe padhai lii dènge ari na dua ra ètu liꞌu.",,eng,nfa,English,Dhao,-0.4246,-1.2301,-1.3499
"and shem takes-japheth also-the garment, and they place on the shoulder of them both, and go backward, and cover the nakedness of their father; and their faces are backward, and their father's nakedness they have not seen.","hèia dua ra rare sig'i-kalolo ca bèla, ka ra bhoke mema ètu kabela-kao ra. ka dua ra kako kabodho lasi asa d'ara paleo ama ra, sèna ka ra pahutu mi ngi'u na. dènge sèmi èèna, rèdhi boe era makae ama ra. èle èèna ka, ra kalua sa li'u.","Èle èèna ka, Sem kèpe mèdha-papake Jafet, ka ra pajꞌajꞌi ètu kacui-aai dua ra. Èle èèna ka, dua ra lèpa hari asa dꞌara, ka ra paꞌele iie mèdha-papake ama ra. Rèngu reꞌa heka mèdha-papake ama ra, te ngaa rèngu reꞌa heka mèdha-papake ama ra.","Èle èèna ka, Sem dènge Jafet kèpe mèdha-papake, ka ra paj'aj'i ètu kabela kao dua ra, ka ra kako kabodho, ka ra pa'ele iie unu boe mèdha-papake ama ra. Ka katanga madha ra kabodho, ka rèngu re'a boe unu boe mèdha-papake ama ra.",,eng,nfa,English,Dhao,6.1394,5.6472,4.6668
"and noah awakens from his wine, and knows that which his young son has done to him,","ropa noh mase'a, na ne'a tatao nèti ana limuri na, ham.","Èle èèna ka, Nuh kèdꞌi nèti dꞌara èi anggor na, ka na reꞌa, na, ana na dhu jꞌajꞌi le nèti dꞌara èi anggor na.","Èle èèna ka, Nuh kèdꞌi nèti dꞌara èi anggor na, ka na reꞌa ngaa dhu ana ngèru na tao mi nèngu.",,eng,nfa,English,Dhao,-0.9806,1.5822,1.0171
"and says: cursed is canaan, || servant of servants he is to his brothers.","ka na peka, aku nèngu na, he! ama kana'an! ja'a dhoo èu! èu ne, èèna na j'aj'i ènu nèti a'a mu si!","Èle èèna ka, Ama Lamatua peka dènge ne, aku nèngu na, ""Sèmi neꞌe: ladhe dhèu sabꞌa nèti aꞌari na, nèngu jꞌajꞌi dhèu dhu jꞌajꞌi dhèu sabꞌa nèti aꞌari na, nèngu jꞌajꞌi dhèu dhu jꞌajꞌi dhèu sabꞌa nèti aꞌari na, nèngu jꞌajꞌi dhèu dhu jꞌajꞌi dhèu sabꞌa nèti aꞌari na, nèngu jꞌajꞌi dhèu dhu jꞌajꞌi dhèu sabꞌa nèti aꞌari na.""","Èle èèna ka, peka na, ""Kanaan lèke le dhoo! Nèngu j'aj'i sab'a nèti sab'a mi a'ari na sèra.""",,eng,nfa,English,Dhao,9.2812,-0.0579,2.7364
"and he says: blessed of my god yhwh is shem, || and canaan is servant to him.","koa-kio lamatua, lula sem! te ngaa kana'an j'aj'i ènu sem.","Èle èèna ka, dhèu ne dhaa, aku nèngu na, 'Bèli-camèdꞌa Jaꞌa manèngi-mangajꞌi, sèna ka Jaꞌa manèngi-mangajꞌi. Jaꞌa manèngi-mangajꞌi, sèna ka Jaꞌa manèngi-mangajꞌi, sèna ka Jaꞌa manèngi-mangajꞌi. Jaꞌa manèngi-mangajꞌi, sèna ka Jaꞌa manèngi-mangajꞌi, sèna ka Jaꞌa manèngi-mangajꞌi. Jaꞌa manèngi-mangajꞌi, sèna ka Jaꞌa manèngi-mangajꞌi. Jaꞌa manèngi-mangajꞌi, Jaꞌa manèngi-mangajꞌi, Jaꞌa manèngi-mangajꞌi, Jaꞌa manèngi-mangajꞌi.'","Hèia nèngu peka na: Sem oto nèti Ama Lamatua Ja'a YHWH, aa Kanaan ne ènu mi nèngu.",,eng,nfa,English,Dhao,2.7807,10.7375,11.5472
"god gives beauty to japheth, || and he dwells in tents of shem, || and canaan is servant to him.","hud'i laa, ama lamatua pataleo rai unu yafet. aa ana-èpu na mamuri mera-milu dènge ana-èpu sem. te ngaa hud'i kana'an j'aj'i ènu yafet.","Ama Lamatua pajꞌujꞌu Jafet, sèna ka na pea ètu dꞌara dꞌara dꞌara hèbꞌa. Jaꞌa madhèdi ètu dꞌara dꞌara dꞌara hèbꞌa. Jaꞌa madhèdi ètu dꞌara hèbꞌa. Jaꞌa madhèdi ètu dꞌara hèbꞌa. Jaꞌa madhèdi ètu dꞌara hèbꞌa jaꞌa. Jaꞌa madhèdi ètu dꞌara hèbꞌa jaꞌa. Jaꞌa madhèdi ètu dꞌara hèbꞌa jaꞌa. Jaꞌa madhèdi ètu dꞌara hèbꞌa jaꞌa. Jaꞌa madhèdi ètu dꞌara hèbꞌa jaꞌa.","Ama Lamatua hia saraga mi Jafet, aa nèngu pea ètu èmu Sem, aa Kanaan j'aj'i ènu mi nèngu.",,eng,nfa,English,Dhao,10.2734,5.1696,7.3116
and noah lives after the flood three hundred and fifty years;,"nèti èle èi aae lala, noh mamuri era d'ai tèlu ngasu lèmi nguru tèu.","Èle èèna ka, nèti èèna ka, Noh mamuri toke dꞌai tèlu nguru nguru nguru nguru tèu.",Aa Noh mamuri nèti èi aae lala tèlu ngasu dènge lèmi nguru tèu.,,eng,nfa,English,Dhao,21.8436,18.2785,21.7833
"and all the days of noah are nine hundred and fifty years, and he dies.","umur noh d'ai ceo ngasu lèmi nguru tèu, heka madhe kèna.","Nèti èèna ka, Noh mamuri dꞌai nèu nguru nguru nguru nguru nguru sèra. Hèia na madhe.","Aa aa'i lod'o Noh mamuri, nuka ceo ngasu dènge lèmi nguru tèu, aa na madhe.",,eng,nfa,English,Dhao,23.4248,25.0505,25.9517
"and these are the generations of the sons of noah, shem, ham, and japheth: and sons are born to them after the flood.","èle èi aae, ka ana-ana noh abhu ana-èpu. nuka ana-èpu nèti sem, yafet, dènge ham.","Nèti ana-èpu Noh sèra, nuka: Sem, Ham, dènge Yafet. Èle èèna ka, dhèu aaꞌi-aaꞌi ra abhu ana-èpu.","Aa ne'e ka, bèi-baki nèti ana Noh, nuka: Sem, Ham, dènge Yafet. Aa ana rara iisi mi rèngu èle lala.",,eng,nfa,English,Dhao,-16.9924,-15.4772,-13.4201
"sons of japheth are gomer, and magog, and madai, and javan, and tubal, and meshech, and tiras. and sons of gomer are ashkenaz, and riphath, and togarmah. and sons of javan are elishah, and tarshish, kittim, and dodanim. by these the islands of the nations have been parted in their lands, each by his tongue, by their families, in their nations.","ana-èpu yafet, nuka: gomer, magog, madai, yawan, tubal, mesek dènge tiras. èci-èci ka dènge lii, suku, aa dènge rai ra. ana-èpu gomer, ka: askenas, rifat dènge togarma. ana-èpu yawan, ka: elisa, tarsis, dhèu kitim, dènge dhèu dodanim dhu pea ètu sebhe dhasi.","Ana-èpu Jafet, Gomer, Magog, Madai, Javan, Tubal, Mesek, Tiras. Gomer, Askenaz, Rifat, Togarma. Javan, Elyas, Tarsis, Kitim, dènge Dodanim. Rèngu jꞌajꞌi dhèu ae-ae nèti suku-suku ètu dedha-liru ètu rai-haha ne, èci-èci dènge dhèu ètu rai-haha, pake lii ra, dènge suku-suku ra.","Ana-èpu Jafet, Gomer, Magog, Madai, Javan, Tubal, Mesek, dènge Tiras. Ana-èpu Gomer, Askenaz, Rifat, dènge Togarma. Ana-èpu Javan, Elyas, Tarsis, Kitim, dènge Dodanim. Nèti rèngu, pulu-pulu nèti suku-suku se'e pacèri le ètu rai ra, èci-èci dènge lii ra, dènge a'a-ari ra, ètu suku-suku ra.",,eng,nfa,English,Dhao,-0.5899,2.0514,1.7087
"and sons of ham are cush, and mitzraim, and phut, and canaan.","ana-èpu ham, ka: kus, misraim, put, dènge kana'an.","Ham, Kus, Mitzraim, Phut, Kenan. Ana-èpu na, Kus, Mitzraim, Pehut, Kenan, Nahor, Nahor, Nahor, Nahor, Nahor, Nahor, Nahor, Nahor, Nahor, Nahor, Nahor, Nahor, Nahor, Nahor, Nahor, Nahor, Nahor, Nahor, Nahor, Nahor, Nahor, Nahor, Nahor, Nahor, Nahor, Nahor, Nahor, Nahor, Nahor, Nahor, Nahor, Nahor, Nahor, Nahor, Nahor, Nahor, Nahor, Nahor, Nahor, Nahor, Nahor, Nahor, Nahor, Nahor, Nahor, Nahor, Nahor, Nahor, Nahor, Nahor, Nahor, Nahor, Nahor, Nahor, Nahor, Nahor, Nahor, Nahor, Nahor, Nahor, Nahor, Nahor, Nahor, Nahor, Nahor, Nahor, Nahor, Nahor, Nahor, Nahor, Nahor, Nahor, Nahor, Nahor, Nahor, Nahor, Nahor, Nahor, Nahor, Nahor, Nahor, Nahor, Nahor, Nahor","Dènge ana-èpu Ham nuka Kus, dènge Mitzraim, dènge Pehut, dènge Kenan.",,eng,nfa,English,Dhao,14.6435,24.6553,25.9456
"and sons of cush are seba, and havilah, and sabtah, and raamah, and sabtechah; and sons of raamah are sheba and dedan.","ana-èpu kus, ka: seba, hawila, sabta, raema dènge sabteka. ana-èpu raema, ka: syeba dènge dedan.","Cush, ana-èpu na, Seba, Haia, Sabtha, Raama, Sabtechah. Raama, ana-èpu na, Sheba, dènge Dedan. Nèngu se, dhèu aaꞌi-aaꞌi ra, aaꞌi-aaꞌi ra, dhèu aaꞌi-aaꞌi ra, aaꞌi-aaꞌi ra, dhèu aaꞌi-aaꞌi ra, aaꞌi-aaꞌi ra, dhèu aaꞌi-aaꞌi ra, aaꞌi-aaꞌi ra, dhèu aaꞌi-aaꞌi ra, aaꞌi-aaꞌi ra, dhèu aaꞌi-aaꞌi ra, aaꞌi-aaꞌi ra, dhèu aaꞌi-aaꞌi ra, aaꞌi-aaꞌi ra, dhèu aaꞌi-aaꞌi ra, aaꞌi-aaꞌi ra, dhèu aaꞌi-aaꞌi ra, aaꞌi-aaꞌi ra, dhèu aaꞌi-aaꞌi ra.","Cush, ana-èpu na, Seba, Haia, Sabtha, Raama, Sabtechah. Aa ana-èpu Raama na, Sheba dènge Dedan.",,eng,nfa,English,Dhao,11.6532,7.9452,11.6794
and cush has begotten nimrod;,"ana mone kus, ka, nimrod. nèngu ne, kapala musu dhu uru tèka, aa èra.","Cush ka dhu jꞌajꞌi ana-èpu na, nuka: Nimrod. Cush ka dhu jꞌajꞌi ana-èpu na, nuka: Nimrod. Cush ka dhu jꞌajꞌi ana-èpu na, nuka: Nimrod. Cush ka dhu jꞌajꞌi ana-èpu na, nuka: Cush ka dhu jꞌajꞌi ana-èpu na, nuka: Nimrod. Cush ka dhu jꞌajꞌi ana-èpu na, nuka: Nimrod ka dhu jꞌajꞌi ana-èpu na, nuka: Cush ka dhu jꞌajꞌi ana-èpu na, nuka: Nimrod ka dhu jꞌajꞌi ana-èpu na.",Cush matana Nimrod.,,eng,nfa,English,Dhao,0.3001,-6.2807,-3.2427
"he has begun to be a hero in the land; he has been a hero in hunting before yhwh; therefore it is said, as nimrod the hero in hunting before yhwh.","a'èra na mai nèti lamatua, aa nèngu kahèi j'aj'i dhèu dhu èra bia magèla badha. nèti èèna ka, dhèu biasa peka na, sèna ka èu more dhèu dhu èra bia magèla badha, sèmi nimrod, dhu abhu a'èra nèti lamatua.","nèngu mulai jꞌajꞌi dhèu pajuu-paleha ètu rai-haha ne; nèngu jꞌajꞌi dhèu pajuu-paleha ètu rai-haha ne. Nèti èèna ka, dhèu peka, 'Nimrod, dhèu pajuu-paleha ètu rai-haha ne.'","nèngu mulai j'aj'i dhèu pajuu-paleha ètu rai-haha; nèngu j'aj'i dhèu pajuu-paleha ètu pajuu ètu madha Ama Lamatua; nèti èèna ka, dhèu peka, sèmi Nimrod, dhèu pajuu-paleha ètu pajuu ètu madha Ama Lamatua.",,eng,nfa,English,Dhao,6.9706,10.5669,9.1902
"and the first part of his kingdom is babel, and erech, and accad, and calneh, in the land of shinar;","era na, mulai uru nèti rae babel, erek akad, toke kalne. rae se aa'i-aa'i ra, ètu rai sinear.","Èle èèna ka, dhèu aae na jꞌajꞌi dhèu aaꞌi-aaꞌi. Èle èèna ka, dhèu aae na jꞌajꞌi dhèu aae na. Èle èèna ka, dhèu aae na jꞌajꞌi dhèu aae na jꞌajꞌi dhèu aae na. Èle èèna ka, dhèu aae na jꞌajꞌi dhèu aae na jꞌajꞌi dhèu aae na. Èle èèna ka, dhèu aae na jꞌajꞌi dhèu aae na jꞌajꞌi dhèu aae na. Èle èèna ka, kota Babel, kota Erek, kota Kalne, ètu rai Shinar.","aa kadhèli ka-èci nèti sasab'a na nuka Kota Babel, dènge Kota Erek, dènge Accad, dènge Kota Kalne, ètu rai Shinar.",,eng,nfa,English,Dhao,6.1865,5.1761,8.2455
"from that land he has gone out to asshur, and builds nineveh, even the broad places of the city, and calah,","nèti era sèra, na nare hari asyur. ka na patitu kota niniwe, rehobot-ir, kala,","Èle èèna ka, nèngu tèke eele rai-haha ne, laꞌe asa Asur. Èle èèna ka, nèngu patitu ètu dꞌara kota ne, ètu dꞌara kota ne. Èle èèna ka, nèngu patitu ètu dꞌara kota ne, ètu dꞌara kota ne, ètu dꞌara kota ne, nèti kota ne, nèti kota ne, nèti kota ne, nèti kota ne, nèti kota ne, nèti kota ne, nèti kota ne, nèti kota ne, nèti kota ne, nèti kota ne, nèti kota ne, nèti kota ne, nèti kota ne, nèti kota ne, nèti kota ne, nèti kota ne, nèti kota ne.","Èle èèna ka, nèngu tèke eele rai-haha ne, laꞌe asa Asur, aa patitu Nineveh, kahèi j'ara dhu dhèu ae-ae ètu d'ara kota ne, aa Calah.",,eng,nfa,English,Dhao,1.2773,6.1233,8.9232
"and resen, between nineveh and calah; it is the great city.","dènge resen, ètu talora aae niniwe dènge kala. aa'i-aa'i sèra, kota-kota kapai hua.","kota ne jꞌajꞌi kota kapai, ngara na Resen. Kota ne jꞌajꞌi kota kapai, èci èèna ka dènge kota Nineve, èci èèna ka dènge kota Sela.","aa Resen, ètu talora aae kota Nineve dènge kota Sela; nèngu ne kota kapai.",,eng,nfa,English,Dhao,20.1507,14.2798,15.2559
"and mitzraim has begotten the ludim, and the anamim, and the lehabim, and the naphtuhim,","ana-èpu misraim, ka: dhèu ludim, dhèu ananim, dhèu lehabim, dhèu naftuhim,","Mitzraim, ama na, Ludim, Anaim, Lehabim, Naftuim, aꞌari na, Nahorim, Nahorim, Nahorim, Nahorim, Nahorim, Nahorim, Nahorim, Nahorim, Nahorim, Nahorim, Nahorim, Nahorim, Nahorim, Nahorim, Nahorim, Nahorim, Nahorim, Nahorim, Nahorim, Nahorim, Nahorim, Nahorim, Nahorim, Nahorim, Nahorim, Nahorim, Nahorim, Nahorim, Nahorim, Nahorim, Nahorim, Nahorim, Nahorim, Nahorim, Nahorim, Nahorim, Nahorim, Nahorim, Nahorim, Nahorim, Nahorim, Nahorim, Nahorim, Nahorim, Nahorim, Nahorim, Nahorim, Nahorim, Nahorim, Nahorim, Nahorim, Nahorim, Nahorim, Nahorim, Nahorim, Nahorim, Nahorim, Nahorim, Nahorim, Nahorim, Nahorim, Nahorim, Nahorim, Nahorim, Nahorim, Nahorim,","Dènge Mitzraim matana Ludim, dènge Anamim, dènge Lehabim, dènge Naphtuhim.",,eng,nfa,English,Dhao,6.1686,15.0486,15.4668
"and the pathrusim, and the casluhim from where have come out philistim, and the caphtorim.","dhèu patrusim, dhèu kasluhim, dènge dhèu kaftorim. dhèu kasluhim nuka bèi-baki nèti dhèu pilistin.","patrus, kasluhim, dhu mai nèti rai Pilistin, dènge kaptorim, dhu mai nèti rai neꞌe. Nèngu ka dhu mai nèti rai Pilistin, dhu mai nèti rai neꞌe, dhu mai nèti rai neꞌe, dhu mai nèti rai neꞌe, dhu mai nèti rai neꞌe, dhu mai nèti rai neꞌe, dhu mai nèti rai neꞌe, dhu mai nèti rai neꞌe, dhu mai nèti rai neꞌe: patrus, kasluhim, dhu mai nèti rai neꞌe, dhu mai nèti rai neꞌe, dhu mai nèti rai neꞌe, dhu mai nèti rai neꞌe, nèti rai neꞌe, dhu mai nèti rai neꞌe, nèti rai neꞌe ka dhu mai nèti rai neꞌe, nèti rai neꞌe ka dhu mai nèti rai neꞌe, nèti rai neꞌe ka dhu mai nèti rai neꞌe, nèti rai neꞌe neꞌe neꞌe neꞌe neꞌe neꞌe neꞌe neꞌe neꞌe neꞌe neꞌe neꞌe neꞌe neꞌe neꞌe neꞌe neꞌe nèti","Dènge patrusim, dènge kasluhim, dhu nèti rèngu ka mai Pilistin, dènge kaptorim.",,eng,nfa,English,Dhao,11.3125,10.5312,19.01
"and canaan has begotten sidon his firstborn, and heth,","ana uuru kana'an, nuka, sidon. kana'an j'aj'i bèi-baki nèti dhèu het,","Kaen abhu ana mone, ngara na Sidon. Kaen abhu ana mone, ngara na Sidon. Kaen abhu ana mone, ngara na Sidon. Kaen abhu ana mone, ngara na Sidon. Kaen abhu ana mone, ngara na Sidon. Kaen abhu ana mone, ngara na Sidon. Kaen abhu ana mone, ngara na Sidon. Kaen abhu ana mone, ngara na Sidon. Kaen abhu ana mone, ngara na Kenan. Kaen abhu ana mone, ngara na Sidon. Kaen abhu ana mone, ngara na Sidon.","aa Kenan matana Sidon ana uuru na, aa Heth.",,eng,nfa,English,Dhao,3.0909,6.0933,9.9863
"and the jebusite, and the amorite, and the girgashite,","dhèu yebusi, dhèu amori, dhèu girgasi,","sebusit, amorit, girgashit,","sebusit, amorit dènge girgashit,",,eng,nfa,English,Dhao,-0.1591,0.1215,-1.6864
"and the hivite, and the arkite, and the sinite,","dhèu hiwi, dhèu arki, dhèu sini,",hadhu hadhu hadhu hadhu hadhu hadhu hadhu hadhu hadhu hadhu hadhu hadhu hadhu hadhu hadhu hadhu hadhu hadhu hadhu hadhu hadhu hadhu hadhu hadhu hadhu hadhu hadhu hadhu hadhu hadhu hadhu hadhu hadhu hadhu hadhu hadhu hadhu hadhu hadhu hadhu hadhu hadhu hadhu hadhu hadhu hadhu hadhu hadhu hadhu hadhu hadhu hadhu hadhu hadhu hadhu hadhu hadhu hadhu hadhu hadhu hadhu hadhu hadhu hadhu hadhu hadhu hadhu hadhu hadhu hadhu hadhu hadhu hadhu hadhu hadhu hadhu hadhu hadhu hadhu hadhu hadhu hadhu hadhu hadhu hadhu hadhu hadhu hadhu hadhu hadhu hadhu hadhu hadhu hadhu hadhu hadhu hadhu hadhu hadhu hadhu hadhu hadhu hadhu hadhu hadhu hadhu hadhu hadhu hadhu hadhu hadhu hadhu hadhu hadhu hadhu hadhu hadhu hadhu hadhu hadhu hadhu hadhu hadhu hadhu hadhu hadhu hadhu hadhu hadhu hadhu hadhu hadhu hadhu hadhu hadhu hadhu hadhu hadhu hadhu hadhu hadhu hadhu hadhu hadhu hadhu hadhu hadhu hadhu hadhu hadhu hadhu hadhu hadhu hadhu hadhu hadhu hadhu hadhu hadhu hadhu hadhu hadhu hadhu hadhu hadhu hadhu hadhu,hadhu hadhu hadhu hadhu hadhu hadhu hadhu hadhu hadhu hadhu hadhu hadhu hadhu hadhu hadhu hadhu hadhu hadhu hadhu hadhu hadhu hadhu hadhu hadhu hadhu hadhu hadhu hadhu hadhu hadhu hadhu hadhu hadhu hadhu hadhu hadhu hadhu hadhu hadhu hadhu hadhu hadhu hadhu hadhu hadhu hadhu hadhu hadhu hadhu hadhu hadhu hadhu hadhu hadhu hadhu hadhu hadhu hadhu hadhu hadhu hadhu hadhu hadhu hadhu hadhu hadhu hadhu hadhu hadhu hadhu hadhu hadhu hadhu hadhu hadhu hadhu hadhu hadhu hadhu hadhu hadhu hadhu hadhu hadhu hadhu hadhu hadhu hadhu hadhu hadhu hadhu hadhu hadhu hadhu hadhu hadhu hadhu hadhu hadhu hadhu hadhu hadhu hadhu hadhu hadhu hadhu hadhu hadhu hadhu hadhu hadhu hadhu hadhu hadhu hadhu hadhu hadhu hadhu hadhu hadhu hadhu hadhu hadhu hadhu hadhu hadhu hadhu hadhu hadhu hadhu hadhu hadhu hadhu hadhu hadhu hadhu hadhu hadhu hadhu hadhu hadhu hadhu hadhu hadhu hadhu hadhu hadhu hadhu hadhu hadhu hadhu hadhu hadhu hadhu hadhu hadhu hadhu hadhu hadhu hadhu hadhu hadhu hadhu hadhu hadhu hadhu hadhu,,eng,nfa,English,Dhao,0.0,0.0,0.0
"and the arvadite, and the zemarite, and the hamathite; and afterward the families of the canaanite have been scattered.","dhèu arwadi, dhèu semari, dènge dhèu hamati. ana-èpu kana'an se, pea palème d'ai era dhu kaj'èu,","suku Zara, suku Zemar, suku Hamat. Èle èèna ka, suku Kanaani aaꞌi-aaꞌi ra rai-haha ètu rai-haha ne.","suku Zara, suku Zemar, suku Hamat. Èle èèna ka, suku Kanaani aaꞌi-aaꞌi ra rai-haha ètu rai-haha ne.",,eng,nfa,English,Dhao,0.0,0.0,0.0
"and the border of the canaanite is from sidon, in your coming toward gerar, to gaza; in your coming toward sodom, and gomorrah, and admah, and zeboim, to lasha.","toke too rai rèngu mulai nèti sidon taruu asa gerar, d'ai gasa. nèti èèna, la'e d'ai sodom, gomora, adma dènge seboim, d'ai kota lasa.","Èle èèna ka, rai-haha ne jꞌajꞌi le rai-haha ne. Èle èèna ka, rai-haha ne jꞌajꞌi le rai-haha ne. Èle èèna ka, rai-haha ne jꞌajꞌi le rai-haha ne. Èle èèna ka, rai-haha ne jꞌajꞌi le rai-haha ne. Èle èèna ka, rai-haha ne jꞌajꞌi le rai-haha ne. Èle èèna ka, rai-haha ne jꞌajꞌi le rai-haha ne. Èle èèna ka, rai-haha ne jꞌajꞌi le rai-haha ne. Èle èèna ka, rai-haha ne jꞌajꞌi le rai-haha ne. Èle èèna ka, rai-haha ne jꞌajꞌi le rai-haha ne. Èle èèna ka, rai-haha ne jꞌajꞌi le rai-haha ne.","Aa rai-sebhe Kanaan ngèti Sidon, toke mi Gerar, asa Gaza; aa toke mi Sodom, dènge Gomora, dènge Adma, dènge Zeboim, asa Lasha.",,eng,nfa,English,Dhao,4.1433,18.2425,16.5851
"these are sons of ham, by their families, by their tongues, in their lands, in their nations.","rèngu aa'i-aa'i sèra, ana-èpu ham. èci-èci dènge lii, suku, aa dènge rai ra.","Rèngu se, ana-èpu Ham, èci-èci, èci-èci, èci-èci, èci-èci, èci-èci, èci-èci, èci-èci, èci-èci, èci-èci, èci-èci, èci-èci, èci-èci, èci-èci, èci-èci, èci-èci, èci-èci, èci-èci, èci-èci, èci-èci, èci-èci, èci-èci, èci-èci.","Rèngu se, ana-èpu Ham, madhutu a'a-ari rèngu, madhutu lii rèngu, ètu rai rèngu, ètu dhèu rèngu.",,eng,nfa,English,Dhao,6.9855,7.7736,9.9117
"as for shem, father of all sons of eber, the older brother of japheth, he has also begotten.","sem, a'a yafet, nèngu ka j'aj'i bèi-baki dhèu eber.","Sem, ama nèti Eber, ari na Yafet.","Sem, ama nèti Eber, ari na Yafet.",,eng,nfa,English,Dhao,0.0,0.0,0.0
"sons of shem are elam, and asshur, and arphaxad, and lud, and aram.","ana-èpu sem, ka: elam, asyur, arpaksad, lud dènge aram.","Sem, ana-èpu na: Elam, Asur, Arpaksad, Lod, Aram.","Sem, ana-èpu na: Elam, Asur, Arpaksad, Lod, Aram.",,eng,nfa,English,Dhao,0.0,0.0,0.0
"and sons of aram are uz, and hul, and gether, and mash.","ana-èpu aram ka: dhèu us, dhèu hul, dhèu geter, dènge dhèu mas.","Ana-èpu Aram: Uz, Hul, Geter, dènge Mas.","Ana-èpu Aram: Uz, Hul, Geter, dènge Mas.",,eng,nfa,English,Dhao,0.0,0.0,0.0
"and arphaxad has begotten salah, and salah has begotten eber.","ana arpaksad ka, sela. ana sela ka, eber.","Arfaksad, ama na. Arfaksad, ama na. Arfaksad, ama na. Erfaksad, ama na. Erfaksad, ama na. Erfaksad, ama na. Erfaksad, ama na. Erfaksad, ama na. Erfaksad, ama na. Erfaksad, ama na. Erfaksad, ama na. Erfaksad, ama na. Erfaksad, ama na. Erfaksad, ama na. Erfaksad, ama na. Erfaksad, ama na. Erfaksad, ama na. Erfaksad, ama na. Erfaksad, ama na. Erfaksad, ama na.","Arpaksad matana Sela, aa Sela matana Eber.",,eng,nfa,English,Dhao,11.4275,21.6131,19.4231
"and two sons have been born to eber; the name of the first is peleg for in his days the earth has been divided, and his brother's name is joktan.","ana eber, mone dhèu dua. ana uuru, ngara na pelek dhu sasoa na ‘palème era', lula taa èèna dhèu pea palème ètu rai-haha ne. ngara ari na, yoktan.","Eber abhu ana mone dhèu dua. Nèngu ngara na Peleg, lula nèngu pea ètu rai-haha ne, toke dꞌai lodꞌo dhèu aaꞌi-aaꞌi jꞌajꞌi dhèu aaꞌi-aaꞌi. Aa nèngu ngara na Joktan.","Eber abhu ana mone dua. Ngara ka-èci nuka Peleg, lula ètu lod'o na rai-haha ne babège. Aa ngara ari na nuka Joktan.",,eng,nfa,English,Dhao,-5.9019,-8.2793,-7.1529
"and joktan has begotten almodad, and sheleph, and hazarmaveth, and jerah,","ana-èpu yoktan, ka: almodad, selef, hasar-mawet, yera,","Joktan, ama na, Almodad, Shelef, Hazarmavet, Yerabꞌet, Nerabꞌet, Nerabꞌet, Nerabꞌe, Nerabꞌe, Nerabꞌe, Nerabꞌe, Nerabꞌe, Nerabꞌe, Nerabꞌe, Nerabꞌe, Nerabꞌe, Nerabꞌe, Nerabꞌe, Nerabꞌe, Nerabꞌe, Nerabꞌe, Nerabꞌe, Nerabꞌe, Nerabꞌe, Nerabꞌe, Nerabꞌe, Nerabꞌe, Nerabꞌe, Nerabꞌe, Nerabꞌe, Nerabꞌe, Nerabꞌe, Nerabꞌe, Nerabꞌe, Nerabꞌe, Nerabꞌe, Nerabꞌe, Nerabꞌe, Nerabꞌe, Nerabꞌe, Nerabꞌe, Nerabꞌe, Nerabꞌe, Nerabꞌe, Nerabꞌe,","Joktan matana Almodad, aa Sheleph, aa Hazarmavet, aa Yerah.",,eng,nfa,English,Dhao,6.4502,7.9288,10.8162
"and hadoram, and uzal, and diklah,","hadoram, usal, dikla,","hadoram, uzal, dikhla, kahibꞌi-kalèbho, kahibꞌi-kalèbho, kahibꞌi-kalèbho, kahibꞌi-kalèbho, kahibꞌi-kalèbho, kahibꞌi-kalèbho, kahibꞌi-kalèbho, kahibꞌi-kalèbho, kahibꞌi-kalèbho, kahibꞌi-kalèbho, kahibꞌi-kalèbho, kahibꞌi-kalèbho, kahibꞌi-kalèbho, kahibꞌi-kalèbho, kahibꞌi-kalèbho, kahibꞌi-kalèbho, kahibꞌi-kalèbho, kahibꞌi-kalèbho, kahibꞌi-kalèbho, kahibꞌi-kalèbho, kahibꞌi-kalèbho, kahibꞌi-kalèbho, kahibꞌi-kalèbho, kahibꞌi-kalèbho, kahibꞌi-kalèbho,","hadoram, uzal, dènge diklah,",,eng,nfa,English,Dhao,18.0923,40.8821,41.318
"and obal, and abimael, and sheba,","obal, abimael, syeba,","Obal, Abimael, Seba,","Obal, Abimael, dènge Seba,",,eng,nfa,English,Dhao,-2.1932,-1.2823,-2.0938
"and ophir, and havilah, and jobab; all these are sons of joktan;","ofir, hawila, dènge yobab. rèngu aa'i-aa'i se, ana-èpu yoktan.","Ofir, Havila, Yobab. Aaꞌi-aaꞌi se, ana-èpu Joktan.","Ofir, Havila, Yobab. Aaꞌi-aaꞌi se, ana-èpu Joktan.",,eng,nfa,English,Dhao,0.0,0.0,0.0
"and their dwelling is from mesha, in your coming toward sephar, a mountain of the east.","era pea rèngu, mulai nèti mesa, taruu d'ai sefar, nuka era dhu kabhuku re sebhe dhimu.","Bèli-camèdꞌa ra pea ètu Mesa, asa propensi Sefar, ètu ledhe cue.","Aa era pea ra ngèti Mesa, ètu èu mai mi Sefar, ledhe èci nèti dhimu.",,eng,nfa,English,Dhao,4.9592,10.4351,11.1958
"these are sons of shem, by their families, by their tongues, in their lands, by their nations.","rèngu aa'i-aa'i se, ana-èpu sem. èci-èci ka dènge lii, suku, aa dènge rai ra.","Rèngu se, ana-èpu Sem, èci-èci, èci-èci, èci-èci, èci-èci, èci-èci, èci-èci, èci-èci, èci-èci, èci-èci, èci-èci, èci-èci, èci-èci, èci-èci, èci-èci, èci-èci, èci-èci, èci-èci, èci-èci, èci-èci, èci-èci, èci-èci, èci-èci.","Rèngu se, ana-èpu Sem, dènge a'a-ari ra, dènge lii ra, ètu rai ra, dènge udhu-rasa ra.",,eng,nfa,English,Dhao,14.8202,16.6937,20.5045
"these are families of the sons of noah, by their generations, in their nations, and by these the nations have been parted in the earth after the flood.","aa'i-aa'i se, ana-èpu noh, èci-èci ka dènge suku ra. ropa èi aae lala èle, rèngu se'e ka pea papènu lème rai-haha ne.","Rèngu se, ana-èpu Noh. Rèngu seꞌe ka dhu jꞌajꞌi dhèu aaꞌi-aaꞌi ètu rai-haha. Rèngu seꞌe ka dhu jꞌajꞌi dhèu aaꞌi-aaꞌi ètu rai-haha. Rèngu seꞌe ka dhu jꞌajꞌi dhèu aaꞌi-aaꞌi ètu rai-haha. Rèngu seꞌe ka dhu jꞌajꞌi dhèu aaꞌi-aaꞌi ètu rai-haha. Rèngu seꞌe ka dhu jꞌajꞌi dhèu aaꞌi-aaꞌi ètu rai-haha ne. Rèngu seꞌe ka dhu jꞌajꞌi dhèu aaꞌi-aaꞌi ètu rai-haha ne.","Rèngu se, ana-èpu Noh. Rèngu seꞌe ka dhu jꞌajꞌi dhèu aaꞌi-aaꞌi ètu rai-haha. Rèngu seꞌe ka dhu jꞌajꞌi dhèu aaꞌi-aaꞌi ètu rai-haha. Rèngu seꞌe ka dhu jꞌajꞌi dhèu aaꞌi-aaꞌi ètu rai-haha. Rèngu seꞌe ka dhu jꞌajꞌi dhèu aaꞌi-aaꞌi ètu rai-haha. Rèngu seꞌe ka dhu jꞌajꞌi dhèu aaꞌi-aaꞌi ètu rai-haha ne. Rèngu seꞌe ka dhu jꞌajꞌi dhèu aaꞌi-aaꞌi ètu rai-haha ne.",,eng,nfa,English,Dhao,0.0,0.0,0.0
"and the whole earth is of one language, and of the same words,","uru-uru tèka na, dhèu ètu rai-haha ne, dhoka lii èci di.",Dhèu aaꞌi-aaꞌi ètu rai-haha ne pake lii èci di.,Dhèu aaꞌi-aaꞌi ètu rai-haha ne pake lii èci di.,,eng,nfa,English,Dhao,0.0,0.0,0.0
"and it comes to pass, in their journeying from the east, that they find a valley in the land of shinar and dwell there;","lod'o rèngu cahag'e lasi asa ca bèka dhimu, ra d'ai era mera ètu sinear, ka ra pea ètu èèna.","Èle èèna ka, rèngu kalua nèti cabèka dhimu, ka ra paraga dènge rae èci, ètu dꞌara rai Shinar. Ka ra pea ètu èèna.","Èle èèna ka, rèngu kalua nèti cabèka dhimu, ka ra paraga dènge rae èci, ètu dꞌara rai Shinar. Ka ra pea ètu èèna.",,eng,nfa,English,Dhao,0.0,0.0,0.0
"and they each say to his neighbor, give help, let us make bricks, and burn them thoroughly: and the brick is to them for stone, and the bitumen has been to them for mortar. and they say, give help, let us build for ourselves a city and tower with its head in the heavens, and make for ourselves a name, lest we be scattered over the face of all the earth.","rèngu aa'i-aa'i rare lii èci, aku rèngu na, a'ari, ee! mai ta patitu kota kapai aae cue. ti tao hadhu bata; ti tunu pa'adhu. èèna na, èdhi pudhi sa dedha, ho ti tape dènge èi dama. ho èèna na, ti patitu manara dedha aae èci, dhu kolo nèngu na d'ai dedha-liru, sèna ka èdhi abhu kolongara kapai. ho sèna ka èdhi j'aj'i ca kabarai aae, dhu pahag'a ia ka.","Ka ra padhai lii dènge èci, aku rèngu na, 'Ladhe sèmi èèna, na, èdhi hudꞌi patitu èdhi kota, aa èdhi hudꞌi patitu ètu dedha-liru, sèna ka dhèu aaꞌi-aaꞌi reꞌa, na, dhèu aaꞌi-aaꞌi reꞌa, na, dhèu aaꞌi-aaꞌi reꞌa, na, dhèu aaꞌi-aaꞌi reꞌa, na, dhèu aaꞌi-aaꞌi reꞌa, na, dhèu aaꞌi-aaꞌi reꞌa, na, dhèu aaꞌi-aaꞌi reꞌa, na, dhèu aaꞌi-aaꞌi se jꞌajꞌi dhèu aaꞌi-aaꞌi, sèna ka dhèu aaꞌi-aaꞌi jꞌajꞌi dhèu aaꞌi-aaꞌi, sèna ka dhèu aaꞌi-aaꞌi jꞌajꞌi dhèu aaꞌi-aaꞌi ètu rai-haha.'","Ka ra padhai lii dènge èci, aku rèngu na, 'Ladhe sèmi èèna, na, èdhi hudꞌi patitu èdhi kota, aa èdhi hudꞌi patitu ètu dedha-liru, sèna ka dhèu aaꞌi-aaꞌi reꞌa, na, dhèu aaꞌi-aaꞌi reꞌa, na, dhèu aaꞌi-aaꞌi reꞌa, na, dhèu aaꞌi-aaꞌi reꞌa, na, dhèu aaꞌi-aaꞌi reꞌa, na, dhèu aaꞌi-aaꞌi reꞌa, na, dhèu aaꞌi-aaꞌi reꞌa, na, dhèu aaꞌi-aaꞌi se jꞌajꞌi dhèu aaꞌi-aaꞌi, sèna ka dhèu aaꞌi-aaꞌi jꞌajꞌi dhèu aaꞌi-aaꞌi, sèna ka dhèu aaꞌi-aaꞌi jꞌajꞌi dhèu aaꞌi-aaꞌi ètu rai-haha.'",,eng,nfa,English,Dhao,0.0,0.0,0.0
and yhwh comes down to see the city and the tower which the sons of men have built;,hèia lamatua puru mai laladhe kota dènge manara dhu ra patitu èèna.,"Èle èèna ka, dhèu rai-haha mai ladhe-leru kota dènge hadhu dhu dhèu rai-haha tao.","Èle èèna ka, dhèu rai-haha mai ladhe-leru kota dènge hadhu dhu dhèu rai-haha tao.",,eng,nfa,English,Dhao,0.0,0.0,0.0
"and yhwh says, behold, the people is one, and one language is to them all, and this it has dreamed of doing; and now, nothing is restrained from them of that which they have purposed to do.","ka na peka na, dhèu rai-haha se, aa'i-aa'i ra ca kabarai, dènge lii èci di. ngaa dhu rèngu tao ne, heka mulai kèna. bèli-camèd'a ladhe rèngu aa'i-aa'i ra j'aj'i mi èci sèmi ne'e, èèna na, ngaa dhu rèngu neo tao, j'aj'i aa'i mèu-mèu.","Èle èèna ka, Ama Lamatua peka, aku nèngu na, 'Miu aaꞌi-aaꞌi mi! Miu aaꞌi-aaꞌi mi jꞌajꞌi dhèu aaꞌi-aaꞌi. Miu aaꞌi-aaꞌi mi padhai lii èci, aa miu aaꞌi-aaꞌi mi jꞌajꞌi dhèu aaꞌi-aaꞌi. De limuri ne, dhèu aaꞌi-aaꞌi reꞌa boe jꞌajꞌi dhèu aaꞌi-aaꞌi, sèna ka jꞌajꞌi dhèu aaꞌi-aaꞌi, sèna ka jꞌajꞌi dhèu aaꞌi-aaꞌi, sèna ka jꞌajꞌi dhèu aaꞌi-aaꞌi, sèna ka jꞌajꞌi dhèu aaꞌi-aaꞌi, sèna ka jꞌajꞌi dhèu aaꞌi-aaꞌi, sèna ka jꞌajꞌi dhèu aaꞌi-aaꞌi.","Èle èèna ka, Ama Lamatua peka, aku nèngu na, 'Miu aaꞌi-aaꞌi mi! Miu aaꞌi-aaꞌi mi jꞌajꞌi dhèu aaꞌi-aaꞌi. Miu aaꞌi-aaꞌi mi padhai lii èci, aa miu aaꞌi-aaꞌi mi jꞌajꞌi dhèu aaꞌi-aaꞌi. De limuri ne, dhèu aaꞌi-aaꞌi reꞌa boe jꞌajꞌi dhèu aaꞌi-aaꞌi, sèna ka jꞌajꞌi dhèu aaꞌi-aaꞌi, sèna ka jꞌajꞌi dhèu aaꞌi-aaꞌi, sèna ka jꞌajꞌi dhèu aaꞌi-aaꞌi, sèna ka jꞌajꞌi dhèu aaꞌi-aaꞌi, sèna ka jꞌajꞌi dhèu aaꞌi-aaꞌi, sèna ka jꞌajꞌi dhèu aaꞌi-aaꞌi.",,eng,nfa,English,Dhao,0.0,0.0,0.0
"give help, let us go down there and confuse their language, so that a man will not understand the language of his companion.","de be'a risi, èdhi puru lati ho tao lii si baka-leo, ho sèna ka èci ne'a boe lii èci.","De aꞌari aaꞌi-aaꞌi! De ladhe jiꞌi lèpa asa era neꞌe, jiꞌi pangee, na, dhèu aaꞌi-aaꞌi bisa boe meꞌa lii dhèu èci. De jiꞌi pangee, na, dhèu aaꞌi-aaꞌi bisa boe meꞌa lii dhèu èci. De jiꞌi pangee, na, dhèu aaꞌi-aaꞌi bisa boe meꞌa lii dhèu èci. De jiꞌi pangee, na, dhèu aaꞌi-aaꞌi bisa boe meꞌa lii dhèu èci. De jiꞌi pangee, na, dhèu aaꞌi-aaꞌi bisa boe meꞌa lii dhèu èci.""","De aꞌari aaꞌi-aaꞌi! De ladhe jiꞌi lèpa asa era neꞌe, jiꞌi pangee, na, dhèu aaꞌi-aaꞌi bisa boe meꞌa lii dhèu èci. De jiꞌi pangee, na, dhèu aaꞌi-aaꞌi bisa boe meꞌa lii dhèu èci. De jiꞌi pangee, na, dhèu aaꞌi-aaꞌi bisa boe meꞌa lii dhèu èci. De jiꞌi pangee, na, dhèu aaꞌi-aaꞌi bisa boe meꞌa lii dhèu èci. De jiꞌi pangee, na, dhèu aaꞌi-aaꞌi bisa boe meꞌa lii dhèu èci.""",,eng,nfa,English,Dhao,0.0,0.0,0.0
"and yhwh scatters them from there over the face of all the earth, and they cease to build the city;","hèia lamatua puru, ka kakeho lii ra. dènge j'ara sèmi èèna, na pacèri si palème rai-haha ne. ka ra pakèd'i taruu heka kota deo na.","Èle èèna ka, Ama Lamatua paꞌele iie si nèti era neꞌe asa rai-haha ne, toke dhèu aaꞌi-aaꞌi roꞌo boe patitu kota ne.","Èle èèna ka, Ama Lamatua paꞌele iie si nèti era neꞌe asa rai-haha ne, toke dhèu aaꞌi-aaꞌi roꞌo boe patitu kota ne.",,eng,nfa,English,Dhao,0.0,0.0,0.0
"therefore one has called its name babel, for there yhwh has confused the language of all the earth, and from there yhwh has scattered them over the face of all the earth.","nèti èèna ka, ra pangare kota na, babel dhu sasoa na ‘pab'ingu', lula lamatua kakeho lii ra, aa pacèri eele si palème rai-haha ne.","Nèti èèna ka, dhèu aaꞌi-aaꞌi ra pangare ne, 'Babel', lula èèna ka, dhèu aaꞌi-aaꞌi ètu rai-haha ne pakajꞌalu lii dhèu aaꞌi-aaꞌi ètu rai-haha ne. Nèti èèna ka, dhèu aaꞌi-aaꞌi ra rai-haha ètu rai-haha ne.","Nèti èèna ka, dhèu aaꞌi-aaꞌi ra pangare ne, 'Babel', lula èèna ka, dhèu aaꞌi-aaꞌi ètu rai-haha ne pakajꞌalu lii dhèu aaꞌi-aaꞌi ètu rai-haha ne. Nèti èèna ka, dhèu aaꞌi-aaꞌi ra rai-haha ètu rai-haha ne.",,eng,nfa,English,Dhao,0.0,0.0,0.0
"these are the generations of shem: shem is a son of one hundred years, and begets arphaxad two years after the flood.","se'e se, ana-èpu sem. ropa èle èi aae lala dua tèu sa, sem mamuri cangasu tèu kèna, ka na abhu ana mone ca dhèu, ngara na arpaksad.","Nèti ana-èpu Sem sèmi neꞌe ka: Sem abhu lodꞌo èci dènge lodꞌo èèna. Èle èèna ka, nèngu abhu Arpaksad, toke dꞌai dua tèu.","Nèti ana-èpu Sem sèmi neꞌe ka: Sem abhu lodꞌo èci dènge lodꞌo èèna. Èle èèna ka, nèngu abhu Arpaksad, toke dꞌai dua tèu.",,eng,nfa,English,Dhao,0.0,0.0,0.0
"and shem lives after his begetting arphaxad five hundred years, and begets sons and daughters.","ka sem mamuri hari d'ai lèmi ngasu tèu, na abhu hari ana mone dènge ana bhèni.","Èle èèna ka, Sem mamuri èle dènge Arpaksad, dꞌai lèmi nguru tèu tèu. Èle èèna ka, Sem abhu ana-èpu dènge ana bhèni ca dhèu.","Èle èèna ka, Sem mamuri èle dènge Arpaksad, dꞌai lèmi nguru tèu tèu. Èle èèna ka, Sem abhu ana-èpu dènge ana bhèni ca dhèu.",,eng,nfa,English,Dhao,0.0,0.0,0.0
"and arphaxad has lived thirty-five years or one hundred and thirty-five years, and begets salah.","lod'o umur arpaksad d'ai tèlu nguru lèmi tèu, na abhu ana mone ca dhèu, ngara na sela.","Èle èèna ka, Arpaksad mamuri toke dꞌai ca lodꞌo, toke dꞌai ca lodꞌo, toke dꞌai ca lodꞌo. Èle èèna ka, Arpaksad jꞌajꞌi ana mone ca dhèu.","Èle èèna ka, Arpaksad mamuri toke dꞌai ca lodꞌo, toke dꞌai ca lodꞌo, toke dꞌai ca lodꞌo. Èle èèna ka, Arpaksad jꞌajꞌi ana mone ca dhèu.",,eng,nfa,English,Dhao,0.0,0.0,0.0
"and arphaxad lives after his begetting salah four hundred and three years or four hundred and thirty years, and begets sons and daughters.","ka arpaksad mamuri hari d'ai èpa ngasu tèlu tèu, na abhu hari ana mone dènge ana bhèni.","Èle èèna ka, Arpasad mamuri èpa nguru tèlu dènge èpa nguru tèlu lodꞌo. Èle èèna ka, Arpasad jꞌajꞌi ana mone dènge ana bhèni.","Èle èèna ka, Arpasad mamuri èpa nguru tèlu dènge èpa nguru tèlu lodꞌo. Èle èèna ka, Arpasad jꞌajꞌi ana mone dènge ana bhèni.",,eng,nfa,English,Dhao,0.0,0.0,0.0
"and salah has lived thirty years or one hundred and thirty years, and begets eber.","lod'o umur sela d'ai tèlu nguru tèu, na abhu ana mone ca dhèu, ngara na eber.","Èle èèna ka, abhu ca dhèu dhu mamuri tèlu nguru tèu, aa ca dhèu dhu mamuri tèlu nguru tèu nguru tèu. Èle èèna ka, abhu ana èci, ngara na Eber.","Èle èèna ka, abhu ca dhèu dhu mamuri tèlu nguru tèu, aa ca dhèu dhu mamuri tèlu nguru tèu nguru tèu. Èle èèna ka, abhu ana èci, ngara na Eber.",,eng,nfa,English,Dhao,0.0,0.0,0.0
"and salah lives after his begetting eber four hundred and three years or three hundred and thirty years, and begets sons and daughters.","ka sela mamuri hari d'ai èpa ngasu tèlu tèu, na abhu hari ana mone dènge ana bhèni.","Èle èèna ka, Yusuf mamuri èpa nguru tèlu nguru tèlu dènge tèlu nguru tèu. Èle èèna ka, na abhu ana mone dènge ana bhèni cahagꞌe, dhu uru èèna, dhèu aaꞌi-aaꞌi ra jꞌajꞌi dhèu aaꞌi-aaꞌi ètu dꞌara Èmu Kapua Manèngi-Mangajꞌi ètu dꞌara Èmu Kapua Manèngi-Mangajꞌi ètu dꞌara Èmu Kapua Manèngi-Mangajꞌi ètu dꞌara Èmu Kapua Manèngi-Mangajꞌi ètu dꞌara Èmu Kapua Manèngi-Mangajꞌi ètu dꞌara Èmu Kapua Manèngi-Mangajꞌi ètu dꞌara Èmu Kapua Manèngi-Mangajꞌi ètu dꞌara Èmu Kapua Manèngi-Mangajꞌi ètu dꞌara Èmu Kapua Manèngi-Mangajꞌi.","Èle èèna ka, Yusuf mamuri èpa nguru tèlu nguru tèlu dènge tèlu nguru tèu. Èle èèna ka, na abhu ana mone dènge ana bhèni cahagꞌe, dhu uru èèna, dhèu aaꞌi-aaꞌi ra jꞌajꞌi dhèu aaꞌi-aaꞌi ètu dꞌara Èmu Kapua Manèngi-Mangajꞌi ètu dꞌara Èmu Kapua Manèngi-Mangajꞌi ètu dꞌara Èmu Kapua Manèngi-Mangajꞌi ètu dꞌara Èmu Kapua Manèngi-Mangajꞌi ètu dꞌara Èmu Kapua Manèngi-Mangajꞌi ètu dꞌara Èmu Kapua Manèngi-Mangajꞌi ètu dꞌara Èmu Kapua Manèngi-Mangajꞌi ètu dꞌara Èmu Kapua Manèngi-Mangajꞌi ètu dꞌara Èmu Kapua Manèngi-Mangajꞌi.",,eng,nfa,English,Dhao,0.0,0.0,0.0
"and eber lives thirty-four years or one hundred and thirty-four years, and begets peleg.","lod'o umur eber d'ai tèlu nguru èpa tèu, na abhu ana mone ca dhèu, ngara na pelek.","Lodꞌo Eber mamuri, nèngu mamuri tèlu nguru tèlu nguru tèu. Èle èèna ka, na abhu dhèu aaꞌi-aaꞌi.","Lodꞌo Eber mamuri, nèngu mamuri tèlu nguru tèlu nguru tèu. Èle èèna ka, na abhu dhèu aaꞌi-aaꞌi.",,eng,nfa,English,Dhao,0.0,0.0,0.0
"and eber lives after his begetting peleg four hundred and thirty years or three hundred and seventy years, and begets sons and daughters.","ka eber mamuri era d'ai èpa ngasu tèlu nguru tèu, na abhu hari ana mone dènge ana bhèni.","Lodꞌo èèna, Eber mamuri toke dꞌai tèlu nguru tèlu nguru tèlu nguru tèu. Èle èèna ka, na abhu ana mone dènge ana bhèni cahagꞌe.","Lodꞌo èèna, Eber mamuri toke dꞌai tèlu nguru tèlu nguru tèlu nguru tèu. Èle èèna ka, na abhu ana mone dènge ana bhèni cahagꞌe.",,eng,nfa,English,Dhao,0.0,0.0,0.0
"and peleg lives thirty years or one hundred and thirty years, and begets reu.","lod'o umur pelek d'ai tèlu nguru tèu, na matana ana mone ca dhèu, ngara na rehu.","Lodꞌo Na mamuri, nèngu mamuri toke dꞌai 30 tèu. Èle èèna ka, na abhu ana-èpu.","Lodꞌo Na mamuri, nèngu mamuri toke dꞌai 30 tèu. Èle èèna ka, na abhu ana-èpu.",,eng,nfa,English,Dhao,0.0,0.0,0.0
"and peleg lives after his begetting reu two hundred and nine years, and begets sons and daughters.","ka pelek mamuri era d'ai dua ngasu ceo tèu, na abhu hari ana mone dènge ana bhèni.","Lodꞌo èle èèna, Lot mamuri toke dꞌai dua nguru nguru tèu, ka na abhu ana mone dènge ana bhèni.","Lodꞌo èle èèna, Lot mamuri toke dꞌai dua nguru nguru tèu, ka na abhu ana mone dènge ana bhèni.",,eng,nfa,English,Dhao,0.0,0.0,0.0
"and reu lives thirty-two years or one hundred and thirty-two years, and begets serug.","lod'o umur rehu d'ai tèlu nguru dua tèu, na abhu ana mone èci, ngara na seruk.","Rèhu mamuri toke dꞌai 32 tèu. Èle èèna ka, na abhu ana mone ca dhèu.","Rèhu mamuri toke dꞌai 32 tèu. Èle èèna ka, na abhu ana mone ca dhèu.",,eng,nfa,English,Dhao,0.0,0.0,0.0
"and reu lives after his begetting serug two hundred and seven years, and begets sons and daughters.","ka rehu mamuri era d'ai dua ngasu pidhu tèu, na abhu hari ana mone dènge ana bhèni.","Rèhu mamuri toke dꞌai dua nguru pidhu lodꞌo. Èle èèna ka, na abhu ana mone dènge ana bhèni.","Rèhu mamuri toke dꞌai dua nguru pidhu lodꞌo. Èle èèna ka, na abhu ana mone dènge ana bhèni.",,eng,nfa,English,Dhao,0.0,0.0,0.0
"and serug lives thirty years or one hundred and thirty years, and begets nahor.","lod'o umur seruk d'ai tèlu nguru tèu, na matana ana mone ca dhèu, ngara na nahor.","Èle èèna ka, Serug mamuri toke dꞌai 30 tèu. Èle èèna ka, na abhu dhèu èci, ngara na Nahor.","Èle èèna ka, Serug mamuri toke dꞌai 30 tèu. Èle èèna ka, na abhu dhèu èci, ngara na Nahor.",,eng,nfa,English,Dhao,0.0,0.0,0.0
"and serug lives after his begetting nahor two hundred years, and begets sons and daughters.","ka seruk mamuri era d'ai dua ngasu tèu, ka na abhu hari ana mone dènge ana bhèni.","Èle èèna ka, Sarai mamuri toke dꞌai dua nguru tèu. Èle èèna ka, Nahor abhu hari ana mone dènge ana bhèni.","Èle èèna ka, Sarai mamuri toke dꞌai dua nguru tèu. Èle èèna ka, Nahor abhu hari ana mone dènge ana bhèni.",,eng,nfa,English,Dhao,0.0,0.0,0.0
"and nahor lives twenty-nine years or seventy-nine years, and begets terah.","lod'o umur nahor d'ai dua nguru ceo tèu, na abhu ana mone èci, ngara na tera.","Èle èèna ka, Nahor mamuri toke dꞌai 27 tèu. Èle èèna ka, Nahor aaꞌi-aaꞌi ra jꞌajꞌi dhèu aaꞌi-aaꞌi.","Èle èèna ka, Nahor mamuri toke dꞌai 27 tèu. Èle èèna ka, Nahor aaꞌi-aaꞌi ra jꞌajꞌi dhèu aaꞌi-aaꞌi.",,eng,nfa,English,Dhao,0.0,0.0,0.0
"and nahor lives after his begetting terah one hundred and nineteen years or one hundred and twenty-nine years, and begets sons and daughters.","ka nahor mamuri era d'ai cangasu canguru ceo tèu, ka na abhu hari ana mone dènge ana bhèni.","Èle èèna ka, Nahor mamuri toke dꞌai ca tèu nguru tèu dènge canguru dua nguru tèu. Na abhu ana mone dènge ana bhèni.","Èle èèna ka, Nahor mamuri toke dꞌai ca tèu nguru tèu dènge canguru dua nguru tèu. Na abhu ana mone dènge ana bhèni.",,eng,nfa,English,Dhao,0.0,0.0,0.0
"and terah lives seventy years, and begets abram, nahor, and haran.","lod'o umur tera d'ai pidhu nguru tèu risi, na abhu ana mone, dhèu tèlu: abram, nahor, dènge haran.","Lodꞌo Abraham pea ètu rai-haha ne, dꞌai 70 tèu. Èle èèna ka, na abhu ana-èpu, ngara Nahor dènge Haran.","Lodꞌo Abraham pea ètu rai-haha ne, dꞌai 70 tèu. Èle èèna ka, na abhu ana-èpu, ngara Nahor dènge Haran.",,eng,nfa,English,Dhao,0.0,0.0,0.0
"and these are the generations of terah: terah has begotten abram, nahor, and haran; and haran has begotten lot;","ana-èpu tera, sèmi ne'e: ana mone na, ka: abram, nahor, dènge haran. haran abhu ana mone ca dhèu, ngara na lot.","Terah abhu Abram, Nahor, Haran, Haran abhu Lot. Nèngu ka dhu jꞌajꞌi ana-èpu Abraham. Nèngu ka dhu jꞌajꞌi ana-èpu Abraham. Rèngu ka dhu jꞌajꞌi ana-èpu Abraham. Rèngu ka dhu jꞌajꞌi ana-èpu Abraham. Rèngu ka dhu jꞌajꞌi ana-èpu Abraham. Rèngu ka dhu jꞌajꞌi ana-èpu Abraham. Rèngu ka dhu jꞌajꞌi ana-èpu Abraham. Rèngu ka dhu jꞌajꞌi ana-èpu Abraham. Rèngu ka dhu jꞌajꞌi ana-èpu Abraham. Rèngu ka dhu jꞌajꞌi ana-èpu Abraham. Rèngu ka dhu jꞌajꞌi ana-èpu Abraham. Rèngu ka dhu jꞌajꞌi ana-èpu Abraham.","Terah abhu Abram, Nahor, Haran, Haran abhu Lot. Nèngu ka dhu jꞌajꞌi ana-èpu Abraham. Nèngu ka dhu jꞌajꞌi ana-èpu Abraham. Rèngu ka dhu jꞌajꞌi ana-èpu Abraham. Rèngu ka dhu jꞌajꞌi ana-èpu Abraham. Rèngu ka dhu jꞌajꞌi ana-èpu Abraham. Rèngu ka dhu jꞌajꞌi ana-èpu Abraham. Rèngu ka dhu jꞌajꞌi ana-èpu Abraham. Rèngu ka dhu jꞌajꞌi ana-èpu Abraham. Rèngu ka dhu jꞌajꞌi ana-èpu Abraham. Rèngu ka dhu jꞌajꞌi ana-èpu Abraham. Rèngu ka dhu jꞌajꞌi ana-èpu Abraham. Rèngu ka dhu jꞌajꞌi ana-èpu Abraham.",,eng,nfa,English,Dhao,0.0,0.0,0.0
"and haran dies in the presence of terah his father, in the land of his birth, in ur of the chaldees.","haran madhe ètu rae èta-èsu na, ngara na ur, rai dhèu kasdim. lod'o èèna, ama na tera mamuri era.","Èle èèna ka, Haran madhe ètu dꞌara rai ama na, ètu rai ama na, ètu rae Uri, ètu rai Kaldea.","Èle èèna ka, Haran madhe dènge Terah ama na, ètu rai na rara iisi na, ètu rae Uri, ètu rai Kaldea.",,eng,nfa,English,Dhao,-1.4173,-2.0766,-1.8653
"and abram and nahor take to themselves wives; the name of abram's wife is sarai, and the name of nahor's wife is milcah, daughter of haran, father of milcah, and father of iscah.","abram madhèdi dènge sarai. nahor leo dènge ana bhèni haran, ngara na milka. haran abhu ana mone èci kahèi, ngara na yiska.","Èle èèna ka, Abram dènge Nahor abhu dhèu èmu-kamali, ngara na Sarai. Nèngu abhu dhèu èmu Nahor, ngara na Milka, ana bhèni Haran, ama na, Isak.","Èle èèna ka, Abram dènge Nahor abhu dhèu èmu-kamali, ngara na Sarai. Nèngu abhu dhèu èmu Nahor, ngara na Milka, ana bhèni Haran, ama na, Isak.",,eng,nfa,English,Dhao,0.0,0.0,0.0
and sarai is barren-she has no child.,te ngaa sarai dènge boe ana.,And sarai is barren-she has no child.,"Aa sarai bèdho mèno, nèngu abhu boe ana.",,eng,nfa,English,Dhao,6.055,22.2185,22.6853
"and terah takes his son abram, and lot, son of haran, his son's son, and his daughter-in-law sarai, wife of his son abram, and they go out with them from ur of the chaldees, to go toward the land of canaan; and they come to haran, and dwell there.","ca tèka, tera nèti ana na abram, dènge sarai dhèu èmu abram, dènge èpu na lot, lasi tèke eele rae ur, neo lasi asa rai kana'an. te ngaa lasi d'ai rae haran, rèngu pea ka ètu èèna.","Èle èèna ka, Tera dènge ana na Abram, Lot, ana na Haran, dènge Sarai, ana bhèni na, dhèu èmu na Abram. Èle èèna ka, rèngu kalua nèti Uri, ètu rai Kaldea, lasi asa rai Kanaꞌan. Èle èèna ka, rèngu mai pea ètu Haran.","Èle èèna ka, Tera dènge ana na Abram, Lot, ana na Haran, dènge Sarai, ana bhèni na, dhèu èmu na Abram. Èle èèna ka, rèngu kalua nèti Uri, ètu rai Kaldea, lasi asa rai Kanaꞌan. Èle èèna ka, rèngu mai pea ètu Haran.",,eng,nfa,English,Dhao,0.0,0.0,0.0
"and the days of terah are two hundred and five years, and terah dies in haran.","tera madhe ètu èèna, dènge umur na dua ngasu lèmi tèu.","Èle èèna ka, dhèu aaꞌi-aaꞌi dhu pea ètu rai-haha ne, toke dꞌai nguru dua nguru nguru nguru tèu. Èle èèna ka, dhèu aaꞌi-aaꞌi dhu pea ètu rai-haha ne, madhe.","Aa lod'o Tera dua ngasu dènge lèmi tèu, aa Tera madhe ètu Haran.",,eng,nfa,English,Dhao,18.9248,25.742,27.07
"and yhwh says to abram, go for yourself, from your land, and from your family, and from the house of your father, to the land which i show you.","lod'o èèna, lamatua peka le dènge abram, peka na, abram! èu pakèd'i nèti era èu ne, tèke eele ina-ama èu, èmu ina-ama mu, dènge rae-lesa èu. lamu asa era èci, dhu pe ja'a peka dènge èu.","Èle èèna ka, Lamatua peka dènge Abram, aku Nèngu na, 'Ladhe sèmi èèna, heka èu tèke eele rai èu, dènge aꞌari èu, ho laꞌe asa rai dhu Jaꞌa padꞌelo dènge èu.'","Èle èèna ka, Lamatua peka dènge Abram, aku Nèngu na, 'Ladhe sèmi èèna, heka èu tèke eele rai èu, dènge aꞌari èu, ho laꞌe asa rai dhu Jaꞌa padꞌelo dènge èu.'",,eng,nfa,English,Dhao,0.0,0.0,0.0
"and i make you become a great nation, and bless you, and make your name great; and be a blessing.","èèna na, ja'a hia mèngi-nale mi èu. aa ana-èpu èu, èèna na, bèba-kacanga, j'aj'i suku dhu kapai, toke dhèu tadhe kolongara èu. ho bèli-camèd'a, èu j'aj'i berkat hia dhèu leo kahèi.","Jaꞌa tao èu jꞌajꞌi dhèu aaꞌi-aaꞌi, sèna ka èu jꞌajꞌi suku kapai. Jaꞌa pakabꞌua èu, aa jaꞌa padedha-dedha kolongara èu, sèna ka èu jꞌajꞌi dhèu aaꞌi-aaꞌi.","Aa jaꞌa tao èu jꞌajꞌi suku kapai, aa jaꞌa pakabꞌua èu, aa jaꞌa padedha-dedha kolongara èu, aa èu jꞌajꞌi mèngi-nale.",,eng,nfa,English,Dhao,1.7792,0.6909,0.8332
"and i bless those blessing you, and i curse him who is cursing you, and all families of the ground have been blessed in you.","èèna na, ja'a hia berkat mi dhèu dhu hia berkat mi èu. te ngaa ja'a huku dhèu cee dhu dhoo èu. nanene paie! pe èèna na, dhèu aa'i-aa'i ètu rai-haha ne abhu berkat lula èu.","Dhèu aaꞌi-aaꞌi dhu pahaha iisi èu, bèli-camèdꞌa Jaꞌa pahaha iisi mi. Aa dhèu aaꞌi-aaꞌi dhu pahaha iisi èu, bèli-camèdꞌa Jaꞌa pahaha iisi mi dhèu aaꞌi-aaꞌi ètu rai-haha ne, lula èu ka dhu pahaha iisi mi dhèu aaꞌi-aaꞌi ètu rai-haha ne.""","Dhèu aaꞌi-aaꞌi dhu pahaha iisi èu, bèli-camèdꞌa Jaꞌa pahaha iisi mi. Aa dhèu aaꞌi-aaꞌi dhu pahaha iisi èu, bèli-camèdꞌa Jaꞌa pahaha iisi mi dhèu aaꞌi-aaꞌi ètu rai-haha ne, lula èu ka dhu pahaha iisi mi dhèu aaꞌi-aaꞌi ètu rai-haha ne.""",,eng,nfa,English,Dhao,0.0,0.0,0.0
"and abram goes on, as yhwh has spoken to him, and lot goes with him, and abram is a son of seventy-five years in his going out from haran. and abram takes his wife sarai, and his brother's son lot, and all their substance that they have gained, and the persons that they have obtained in haran; and they go out to go toward the land of canaan; and they come to the land of canaan.","lod'o èèna, umur abram pidhu nguru lèmi tèu. na nèti dhèu èmu na sarai, aa dènge ana ari na, lot, dènge mèdha-panyau ra aa'i-aa'i, aa dènge dhèu sab'a na aa'i-aa'i dhu na abhu ètu kota haran. hèia abram si lasi ka, tèke eele kota haran, asa era dhu lamatua peka le dènge ne. ka ra kako taruu, d'ai rai èci, ngara na kana'an.","Èle èèna ka, Abram dènge Sarai, dhèu èmu na, dènge Lot, dènge mèdha-panyau aaꞌi-aaꞌi dhu rèngu abhu ètu Haran. Èle èèna ka, dua ra lèpa asa rai Kanaꞌan.","Èle èèna ka, Abram dènge Sarai, dhèu èmu na, dènge Lot, dènge mèdha-panyau aaꞌi-aaꞌi dhu rèngu abhu ètu Haran. Èle èèna ka, dua ra lèpa asa rai Kanaꞌan.",,eng,nfa,English,Dhao,0.0,0.0,0.0
"and abram passes over into the land, to the place of shechem, to the oak of moreh; and the canaanite is then in the land.","d'ai era èèna, abram kako palème rai ne, toke d'ai padètu dènge rae èci, ngara na sikem. ka ra pea taha ètu èèna, padètu dènge aj'u aae ca kapua ètu more. lod'o èèna, dhèu kana'an dhu pea ètu èèna era.","Èle èèna ka, Abram laꞌe asa rai Sikem, ètu dꞌara ajꞌu ajꞌu ajꞌu ajꞌu ajꞌu ajꞌu ajꞌu ajꞌu ajꞌu ajꞌu ajꞌu ajꞌu ajꞌu ajꞌu ajꞌu ajꞌu ajꞌu ajꞌu ajꞌu ajꞌu ajꞌu ajꞌu ajꞌu ajꞌu ajꞌu ajꞌu ajꞌu ajꞌu ajꞌu ajꞌu ajꞌu ajꞌu ajꞌu ajꞌu ajꞌu ajꞌu ajꞌu ajꞌu ajꞌu ajꞌu ajꞌu ajꞌu ajꞌu ajꞌu ajꞌu ajꞌu ajꞌu ajꞌu ajꞌu ajꞌu ajꞌu ajꞌu ajꞌu ajꞌu.","Èle èèna ka, Abram laꞌe asa rai Sikem, ètu dꞌara ajꞌu ajꞌu ajꞌu ajꞌu ajꞌu ajꞌu ajꞌu ajꞌu ajꞌu ajꞌu ajꞌu ajꞌu ajꞌu ajꞌu ajꞌu ajꞌu ajꞌu ajꞌu ajꞌu ajꞌu ajꞌu ajꞌu ajꞌu ajꞌu ajꞌu ajꞌu ajꞌu ajꞌu ajꞌu ajꞌu ajꞌu ajꞌu ajꞌu ajꞌu ajꞌu ajꞌu ajꞌu ajꞌu ajꞌu ajꞌu ajꞌu ajꞌu ajꞌu ajꞌu ajꞌu ajꞌu ajꞌu ajꞌu ajꞌu ajꞌu ajꞌu ajꞌu ajꞌu ajꞌu.",,eng,nfa,English,Dhao,0.0,0.0,0.0
"and yhwh appears to abram and says, to your seed i give this land; and there he builds an altar to yhwh, who has appeared to him.","ètu era èèna ka, lamatua pad'elo iisi na mi abram, peka na, èèna na, ja'a hia ana-èpu èu rai ne'e ne. ka abram pudhi hadhu tao mei korban hia lamatua dhu pad'elo iisi na dènge nèngu ètu era èèna.","Èle èèna ka, Lamatua padꞌelo jꞌara mi Abram, ka Na peka, aku Nèngu na, 'Bèli-camèdꞌa jaꞌa hia rai ne mi ana-èpu èu.' Èle èèna ka, Abraham patitu ètu era neꞌe, ho pajꞌujꞌu mei korban mi Lamatua. Lamatua padꞌelo jꞌara ne mi Abram.","Èle èèna ka, Lamatua padꞌelo jꞌara mi Abram, ka Na peka, aku Nèngu na, 'Bèli-camèdꞌa jaꞌa hia rai ne mi ana-èpu èu.' Èle èèna ka, Abraham patitu ètu era neꞌe, ho pajꞌujꞌu mei korban mi Lamatua, dhu padꞌelo jꞌara le mi nèngu.",,eng,nfa,English,Dhao,0.6141,2.5255,2.1999
"and he removes from there toward a mountain at the east of beth-el, and stretches out the tent beth-el at the west, and hai at the east, and he builds an altar to yhwh there, and preaches in the name of yhwh.","èle èèna ka, abram si pidha hari asa ledhe re balèu. ka ra pea taha ètu talora rae betel dènge rae ai. ètu èèna, na patitu mei korban èci ho na mangaj'i mi lamatua.","Èle èèna ka, na pakèdꞌi asa ledhe èci ètu sebhe rae Bet-el. Èle èèna ka, na patitu hèbꞌa ètu sebhe rae Bet-el. Èle èèna ka, na patitu hèbꞌa ètu sebhe rae Bet-el, ètu sebhe rae. Èle èèna ka, na patitu hèbꞌa ètu era neꞌe. Èle èèna ka, na ajꞌa-nori dhèu aaꞌi-aaꞌi mi Ama Lamatua.","Èle èèna ka, na pakèdꞌi asa ledhe èci ètu sebhe dhimu Bet-el. Aa na patitu hèbꞌa na, Bet-el ètu sebhe haa, dènge Hai ètu sebhe dhimu. Aa na patitu mèdha persembahan mi YHWH ètu èèna, aa na ajꞌa-nori dènge ngara YHWH.",,eng,nfa,English,Dhao,4.9445,1.9803,2.8298
"and abram journeys, going on and journeying toward the south.","èle èèna ka, na pidha-pidha era, d'ai rai negeb re ca bèka balèu nèti rai kana'an.","Èle èèna ka, Abram laꞌe asa cabèka.",Aa Abram re j'ara asa balèu.,,eng,nfa,English,Dhao,-7.0021,-8.9435,-9.3105
"and there is a famine in the land, and abram goes down toward egypt to sojourn there, for the famine is grievous in the land;","ca tèka, rai kana'an lèke manganga aae. nèti èèna ka, abram si lasi asa bèka balèu, ka ra d'ai rai masir. ka ra manubha taha ètu nèi.","Èle èèna ka, abhu aaꞌi-aaꞌi ra ètu rai-haha ne. Nèti èèna ka, abhu aaꞌi-aaꞌi ra ètu rai-haha ne. Nèti èèna ka, abhu aaꞌi-aaꞌi ra ètu rai-haha ne, sèna ka jꞌajꞌi dhèu leo ètu rai-haha ne. Nèti èèna ka, abhu aaꞌi-aaꞌi ra asa rai-haha ne, sèna ka jꞌajꞌi dhèu leo ètu rai-haha ne. Nèti èèna ka, abhu aaꞌi-aaꞌi ra ètu rai-haha ne, sèna ka jꞌajꞌi dhèu leo ètu rai-haha ne.","Abhu manganga ètu rai ne, aa abram dha'u asa masir, sèna ka pea ètu nèi, lula manganga ne titu kèna ètu rai ne.",,eng,nfa,English,Dhao,4.3629,3.4029,6.2774
"and it comes to pass as he has drawn near to enter egypt, that he says to his wife sarai, now behold, i have known that you are a woman of beautiful appearance;","ropa oe d'ai masir, abram peka dènge dhèu èmu na, sarai, aku nèngu na, sarai, èu bhèni iia, nia boe.","Ropa dꞌai mèka dꞌai rai Masir, hèia na peka dènge Sarai, dhèu èmu na, aku nèngu na, ""Ama! Jaꞌa keꞌa, na, èu ne dhèu bhèni dhu kapai.","Ropa na dètu mèka ho maso asa rai Masir, hèia na peka dènge Sarai, dhèu èmu na, aku nèngu na, ""Ama! Ja'a ke'a, na, èu ne dhèu bhèni dhu kapai.""",,eng,nfa,English,Dhao,-0.6621,1.5374,0.1165
"and it has come to pass that the egyptians see you, and they have said, this is his wife; and they have slain me, and you they keep alive:","de ladhe dhèu masir rèdhi èu bhèni iia sèmi ne'e, mage dhoka ra pamadhe ja'a, lula ja'a dhèu èmu-kamali èu. dènge sèmi èèna, ra parame rare èu.","Èle èèna ka, dhèu Masir ladhe rèdhi èu, hèia ra peka na, 'Nèngu ne, dhèu èmu na.' Hèia ra pamadhe jaꞌa, te ngaa rèngu hia èu mamuri.","Èle èèna ka, dhèu Masir ladhe rèdhi èu, hèia ra peka na, 'Nèngu ne, dhèu èmu na.' Hèia ra pamadhe jaꞌa, te ngaa rèngu hia èu mamuri.",,eng,nfa,English,Dhao,0.0,0.0,0.0
"please say you are my sister, so that it is well with me because of you, and my soul has lived for your sake.","de be'a risi, èu peka dènge ra, na ja'a ne, ana mone èu. dènge sèmi èèna ka, rèngu pamadhe boe ja'a, aa ra be'a-be'a dènge ja'a, lula èu ne.","Jaꞌa manèngi sèna ka èu peka na, èu ne, aꞌari jaꞌa, sèna ka jaꞌa bisa mamuri dènge èu.","Ja'a manèngi sèna ka èu peka na, èu ne, a'ari ja'a, sèna ka ja'a mamuri be'a lula èu, aa manadu ja'a mamuri le lula èu.",,eng,nfa,English,Dhao,8.2151,7.1257,7.8992
"and it comes to pass, at the entering of abram into egypt, that the egyptians see the woman that she is exceedingly beautiful;","ropa abram si d'ai masir, dhèu ètu èèna, ladhe laa na, sarai ne bhèni iia titu kèna.","Ropa Abram maso asa Masir, dhèu-dhèu Masir ladhe rèdhi bhèni ne, bhèni ne kapai risi.","Ropa Abram maso asa Masir, dhèu-dhèu Masir ladhe rèdhi bhèni ne, bhèni ne saraga titu kèna.",,eng,nfa,English,Dhao,6.951,10.8141,10.3207
"and princes of pharaoh see her, and praise her to pharaoh, and the woman is taken to pharaoh's house;","ropa dhèu sab'a dhèu aae sèra ladhe rèdhi ne, aa ra koa bhabhèni iia na ètu madha dhèu aae. ka rèti bhèni ne, asa èmu dhèu aae.","Èle èèna ka, dhèu aae-dhèu nèti dhèu aae kapai èèna ladhe rèdhi bhèni ne, hèia ra peka dènge ne, peka na, bhèni ne, dhèu aae kapai èèna. Ka dhèu aae ka dhu lasi bhèni ne asa dꞌara èmu na.","Èle èèna ka, dhèu aae-dhèu nèti dhèu aae kapai èèna ladhe rèdhi bhèni ne, hèia ra koa-kio ne mi dhèu aae kapai èèna, hèia bhèni ne dhu rara asa d'ara èmu dhèu aae èèna.",,eng,nfa,English,Dhao,4.7773,3.9092,2.9967
"and to abram he has done good because of her, and he has sheep and oxen, and male donkeys, and menservants, and handmaids, and female donkeys, and camels.","hèia dhèu aae be'a-be'a ka dènge abram, lula sarai. ka na parasee abram mèdha rupa-rupa. nuka badha sèmi: kahib'i-kalèbho, kahib'i-ka'ia, sapi, keled'ei, dènge onta. na parasee kahèi, ènu dhèu mone dènge dhèu bhèni.","Èle èèna ka, Abraham tao jꞌara-jꞌara dhu beꞌa dènge ne. Hèia Abram abhu kahibꞌi-kalèbho, kahibꞌi-kalèbho, kahibꞌi-kalèbho, kahibꞌi-kalèbho, kahibꞌi-kalèbho, kahibꞌi-kalèbho, kahibꞌi-kalèbho, kahibꞌi-kalèbho, kahibꞌi-kalèbho, kahibꞌi-kalèbho, kahibꞌi-kalèbho, kahibꞌi-kalèbho, kahibꞌi-kalèbho, kahibꞌi-kalèbho, kahibꞌi-kalèbho, kahibꞌi-kalèbho, kahibꞌi-kalèbho, kahibꞌi-kalèbho, kahibꞌi-kalèbho.","Èle èèna ka, nèngu tao j'ara-j'ara dhu be'a dènge Abram lula nèngu, aa nèngu abhu kahib'i-kalèbho, dènge sapi, dènge jara iiki mone, dènge dhèu sab'a mone, dènge dhèu sab'a bhèni, dènge jara iiki bhèni, dènge unta.",,eng,nfa,English,Dhao,13.6022,12.7271,14.3497
"and yhwh plagues pharaoh and his house-great plagues-for the matter of sarai, abram's wife.","lula na nare dhèu èmu dhèu asa d'ara èmu na, nèti èèna ka, lamatua hia huku rupa-rupa mi dhèu aae dènge isi èmu na.","Èle èèna ka, bèli-camèdꞌa dhèu aae jꞌajꞌi dhèu aae-dhèu aae, nèti èèna ka, dhèu aae-dhèu aae jꞌajꞌi dhèu aae-dhèu aae jꞌajꞌi dhèu aae-dhèu aae. Èle èèna ka, dhèu aae-dhèu aae jꞌajꞌi dhèu aae-dhèu aae jꞌajꞌi dhèu aae jꞌajꞌi dhèu aae jꞌajꞌi dhèu aae jꞌajꞌi dhèu aae jꞌajꞌi dhèu aae jꞌajꞌi dhèu aae jꞌajꞌi dhèu aae Sarai, dhèu èmu Abram. Èle èèna ka, dhèu aae jꞌajꞌi dhèu aae jꞌajꞌi dhèu aae jꞌajꞌi dhèu aae jꞌajꞌi dhèu aae jꞌajꞌi dhèu aae jꞌajꞌi dhèu aae Sarai.","Aa Lamatua hia calaka kapai mi Firaun dènge èmu na, lula lii langu Sarai, dhèu èmu Abram.",,eng,nfa,English,Dhao,7.9517,2.4777,7.7595
"and pharaoh calls for abram and says, what is this you have done to me? why have you not declared to me that she is your wife?","hèia dhèu aae masir paroa abram, ka na karèi ne, aku nèngu na, èu ne tao tasamia mi ja'a ne? nga tao ka èu peka boe na, bhèni ne dhèu èmu èu?","Èle èèna ka, dhèu aae Farao paroa Abram, ka na karèi ne, aku nèngu na, ""Nga tao ka èu tao sèmi neꞌe? Nga tao ka èu padhai lii dènge jaꞌa, na, nèngu ne, dhèu èmu èu?""","Èle èèna ka, dhèu aae Farao paroa Abram, ka na peka ne, aku nèngu na, ""Nga tao ka èu tao sèmi neꞌe? Nga tao ka èu padhai lii boe dènge jaꞌa, na, nèngu ne, dhèu èmu èu?""",,eng,nfa,English,Dhao,-6.3643,-3.8028,-3.2543
"why have you said, she is my sister, and i take her to myself for a wife? and now, behold, your wife, take and go.","te ngaa aku èu na, nèngu ne ana hèni èu! nèti èèna ka, ja'a oe kore ne j'aj'i dhèu èmu ja'a! dhèu èmu èu ka ne'e! more hari ka, aa pakaj'èu ka nèti madha ja'a!","Nga tao ka èu padhai lii, peka na, 'Nèngu ne, aꞌari jaꞌa, sèna ka jaꞌa jꞌajꞌi dhèu èmu-kamali na?'","Nga tao ka èu padhai lii, peka na, 'Nèngu ne, a'ari ja'a, sèna ka ja'a j'aj'i dhèu èmu-kamali na?' Aa doe ne'e, kaca'a laa, dhèu èmu mu, mèti aa la'e.",,eng,nfa,English,Dhao,16.1516,13.5442,12.11
"and pharaoh charges men concerning him, and they send him away, and his wife, and all that he has.","hèia dhèu aae paredha dhèu sab'a na sèra, babège eele abram, dhèu èmu na, rèti dènge dhèu aa mèdha-panyau aa'i-aa'i ra, kalua nèti rai èèna.","Èle èèna ka, dhèu aae kapai palolo dènge dhèu aae rèngu, sèna ka ra pua ne, dènge dhèu èmu na, dènge aaꞌi-aaꞌi ra.","Èle èèna ka, dhèu aae kapai palolo dènge dhèu aae rèngu, aa ra pua eele ne, dènge dhèu èmu na, dènge aaꞌi-aaꞌi ra.",,eng,nfa,English,Dhao,0.531,-0.1414,0.7382
"and abram goes up from egypt he and his wife, and all that he has, and lot with him toward the south;","ka abram si tèke eele masir, lasi asa rai negeb. la'e dènge dhèu èmu na, aa dènge dhèu aa mèdha-panyau aa'i-aa'i ra. ana ari na lot madhutu ra kahèi.","Èle èèna ka, Abram kalua nèti Masir, dènge dhèu èmu na, dènge aaꞌi-aaꞌi ra.","Èle èèna ka, Abram kalua nèti Masir, nèngu dènge dhèu èmu na, dènge aa'i-aa'i dhu nèngu unu, dènge Lot dènge nèngu, asa balèu.",,eng,nfa,English,Dhao,8.5891,6.0733,3.4691
"and abram is exceedingly wealthy in livestock, in silver, and in gold.","abram èèna, kaja ae titu kèna. badha-manu na, mèdha hualaa dènge mèdha hualaa-pudhi na, ae titu kèna.","Èle èèna ka, Abram jꞌajꞌi dhèu rai-haha. Nèngu abhu mèdha-panyau, pake mèdha-panyau, pake mèdha-panyau, aa pake mèdha-panyau aaꞌi-aaꞌi.","Aa Abram kaja titu kèna, dènge badha, dènge doi pudhi, aa dènge hualaa.",,eng,nfa,English,Dhao,3.7268,3.8968,7.0697
"and he goes on his journeys from the south, even to bethel, to the place where his tent had been at the commencement, between bethel and hai-","nèti negeb, ra pidha-pidha era, ka d'ai hari talora rae betel dènge rae ai. dhu uru èèna, ra pea rèdhi le ètu era èèna.","Èle èèna ka, nèngu tèke eele rae-rae nèti rae-rae. Èle èèna ka, nèngu tèke eele rae-rae nèti rae-rae. Èle èèna ka, nèngu tèke eele rae-rae nèti rae-rae. Èle èèna ka, nèngu tèke eele rae-rae nèti rae-rae nèti rae-rae nèti rae-rae nèti rae-reꞌa, nèti rae-reꞌa, nèti rae-reꞌa, nèti rae-reꞌa, nèti rae-reꞌa, nèti rae-reꞌa, nèti rae-reꞌa, nèti rae-reꞌa, nèti rae-reꞌa, nèti rae-reꞌa, nèti rae-reꞌa.","Aa nèngu laku taruu j'ara na nèti balèu, toke asa Bethel, asa era dhu paleo na pea le ètu uru, ètu talora aae Bethel dènge Hai.",,eng,nfa,English,Dhao,5.0338,10.3016,12.9101
"to the place of the altar which he made there at the first, and there abram preaches in the name of yhwh.","aa dhu abram patitu le kahèi mei korban, ho na mangaj'i mi lamatua ètu era èèna.","ka laꞌe asa madha mei korban dhu Abraham tao ètu èèna. Ètu èèna, Abraham peka dènge Ama Lamatua, aku nèngu na, ""Ama Lamatua!""","ka la'e asa madha mei korban dhu Abraham tao ètu èèna ètu uru. Aa ètu èèna, Abraham padhai lii pake kolongara Ama Lamatua.",,eng,nfa,English,Dhao,-1.511,2.606,0.845
"and also to lot, who is going with abram, there has been sheep and oxen and tents;","lot dhu madhutu abram èèna, unu badha-manu dènge dhèu sab'a ae kahèi.","Ètu era neꞌe, abhu kahèi kahibꞌi-kalèbho, sapi dènge kahibꞌi-kalèbho, dènge dꞌara hèbꞌa. Abhu kahèi kahibꞌi-kalèbho, abhu kahèi kahibꞌi-kalèbho, dènge kahibꞌi-kalèbho, dènge kahibꞌi-kalèbho, dènge kahibꞌi-kalèbho, dènge kahibꞌi-kalèbho, dènge kahibꞌi-kalèbho, dènge kahibꞌi-kalèbho, dènge kahibꞌi-kalèbho, dènge kahibꞌi-kalèbho, dènge kahibꞌi-kalèbho, dènge kahibꞌi-kalèbho, dènge kahibꞌi-kalèbho.","Dènge kahèi asa lot, dhu lami dènge abram, abhu kahib'i-kalèbho, sapi, dènge hèb'a.",,eng,nfa,English,Dhao,4.2627,10.8925,14.5685
"and the land has not permitted them to dwell together, for their substance has been much, and they have not been able to dwell together; and there is a strife between those feeding abram's livestock and those feeding lot's livestock; and the canaanite and the perizzite are then dwelling in the land.","te ngaa era èèna taleo boe, ho abram dènge lot aa dènge kakaja ra bisa pea pa'èci. nèti èèna ka, ana madhenge badha abram dènge lot sèra j'aj'i patao-palaha, lula j'u'u ètu era èèna d'ai boe hia badha rèngu. lod'o èèna, dhèu kana'an dènge dhèu feris, dhu pea ètu èèna era.","Nèti èèna ka, dhèu dua se bisa boe pea ètu dꞌara èmu èèna, lula mèdha-panyau dhèu aae Abram dènge mèdha-panyau dhèu aae Lot, paꞌele iie. Hèia dhèu Kanaani dènge dhèu Perisa pea ètu dꞌara èmu èèna.","Nèti èèna ka, dhèu dua se bisa boe pea ètu dꞌara èmu èèna, lula mèdha-panyau dhèu aae Abram dènge mèdha-panyau dhèu aae Lot, paꞌele iie. Aa abhu patao-palaha ètu talora aae dhèu panga'a badha dhèu aae Abram dènge dhèu panga'a badha dhèu aae Lot. Hèia dhèu Kanaani dènge dhèu Perisa pea ètu dꞌara èmu èèna.",,eng,nfa,English,Dhao,3.4834,10.776,7.7035
"and abram says to lot, please let there not be strife between me and you, and between my shepherds and your shepherds, for we are men-brothers.","ka abram peka dènge lot, aku nèngu na, èdhi se, pa'a'ari. mage dhoka èdhi, èci dènge èci be'a boe, lula dhèu sab'a èdhi se patao-palaha taruu.","Hèia Abram peka dènge Lot, aku nèngu na, ""Jaꞌa manèngi sèna ka èu dènge jaꞌa baku paꞌèra-èra, te dhèu kahibꞌi-kalèbho jaꞌa dènge dhèu kahibꞌi-kalèbho èu, èci dènge èci.""","Hèia Abram peka dènge Lot, aku nèngu na, ""Jaꞌa manèngi sèna ka èu dènge jaꞌa baku patao-palaha, dènge dhèu kahibꞌi-kalèbho jaꞌa dènge dhèu kahibꞌi-kalèbho èu, lula èdhi a'ari.""",,eng,nfa,English,Dhao,-0.7343,5.8375,4.489
"is not all the land before you? please be parted from me; if to the left, then i to the right; and if to the right, then i to the left.","de hua iia dua ti pahag'a ka laa. rai ne, taleo. de ladhe èu d'èi rai ca bèka kariu na, ja'a abhu re ca bèka g'ana. te ngaa ladhe èu d'èi re ca bèka g'ana, na ja'a re ca bèka kariu.","Miu abhu aaꞌi-aaꞌi ètu rai neꞌe aaꞌi-aaꞌi ra, do? Jaꞌa manèngi sèna ka miu hia jaꞌa. Ladhe jaꞌa manèngi asa gꞌana, na, jaꞌa manèngi asa gꞌana. Aa ladhe jaꞌa manèngi asa gꞌana, na, jaꞌa manèngi asa gꞌana, na, jaꞌa manèngi asa gꞌana.""","Rai ne'e aa'i-aa'i ètu madha miu, do? Manèngi sèna ka miu pacèri nèti ja'a. Ladhe miu asa kariu, na, ja'a asa g'ana; aa ladhe miu asa g'ana, na, ja'a asa kariu.",,eng,nfa,English,Dhao,12.7934,9.9206,10.2381
"and lot lifts up his eyes, and sees the whole circuit of the jordan that it is all a watered country before yhwh's destroying sodom and gomorrah, as yhwh's garden, as the land of egypt, in your coming toward zoar,","hèia lot ladhe palème. ka na ladhe nèdhi rai taleo ètu sebhe loko yarden dhu madha èi ae, toke d'ai rae soar. era ne, rai hèu mèngi sama sèmi oka lamatua, dènge rai masir kahèi. lod'o èèna, lamatua dhae huku mèka kota sodom dènge kota gomora. de rai èèna, be'a era.","Èle èèna ka, Lot ladhe nèdhi aaꞌi-aaꞌi ra ètu sebhe loko Yarden. Èle èèna ka, Lamatua hagꞌe eele kota Sodom dènge kota Gomora, sama sèmi hèbꞌa Lamatua ètu rai Masir, toke dꞌai Soar.","Èle èèna ka, Lot boti kètu na, ka ladhe nèdhi aa'i-aa'i sebhe loko Yarden, dhu rai èèna pènu dènge èi, te'a boe na Lamatua pakèpu kota Sodom dènge kota Gomora, sama sèmi oka Lamatua, sama sèmi rai Masir, ètu j'ara èu kako d'ai Soar.",,eng,nfa,English,Dhao,0.3436,5.2778,4.4936
"and lot chooses for himself the whole circuit of the jordan; and lot journeys from the east, and they are parted-a man from his companion;",hèia lot pili nare era sebhe loko yarden èèna. ka dua ra pahag'e ka. de lot la'e sa ca bèka dhimu.,"Èle èèna ka, Lot hagꞌe eele aaꞌi-aaꞌi ra ètu sebhe loko Yarden. Èle èèna ka, Lot laꞌe tenge jꞌara-jꞌara nèti cabèka aae. Èle èèna ka, dhèu aaꞌi-aaꞌi paꞌèci dènge dhèu aaꞌi-aaꞌi ètu sebhe loko Yarden, sèna ka jꞌajꞌi dhèu aaꞌi-aaꞌi ètu dꞌara cabèka aaꞌi-aaꞌi ètu cabèka aaꞌi-aaꞌi ètu cabèka aaꞌi-aaꞌi ètu cabèka aaꞌi-aaꞌi ètu cabèka aaꞌi-aaꞌi ètu cabèka aaꞌi-aaꞌi ètu cabèka aaꞌi-aaꞌi ètu cabèka aaꞌi-aaꞌi ètu cabèka aaꞌi-aaꞌi ètu cabèka aaꞌi-aaꞌi ètu cabèka aaꞌi-aaꞌi-aaꞌi.","aa Lot hag'e eele aa'i-aa'i sebhe loko Yarden; aa Lot la'e j'ara-j'ara nèti dhimu, aa rèngu pacèri dènge èci dènge èci.",,eng,nfa,English,Dhao,4.9956,6.7854,8.3296
"abram has dwelt in the land of canaan, and lot has dwelt in the cities of the circuit, and moves his tent to sodom;",te ngaa abram pea taruu ètu rai kana'an. aa lot la'e pea ètu rae-rae dhu padètu dènge kota sodom ètu sebhe loko yarden.,"Èle èèna ka, Abram pea ètu rai Kanaꞌan. Lot pea ètu dꞌara kota-kota ètu sebhe sebhe sebhe sebhe sebhe sebhe sebhe sebhe sebhe sebhe sebhe sebhe sebhe sebhe sebhe sebhe sebhe sebhe sebhe sebhe sebhe sebhe sebhe sebhe sebhe sebhe sebhe sebhe sebhe sebhe sebhe sebhe sebhe sebhe sebhe sebhe sebhe sebhe sebhe sebhe sebhe sebhe sebhe sebhe sebhe sebhe sebhe sebhe sebhe sebhe sebhe sebhe sebhe sebhe sebhe sebhe sebhe sebhe sebhe sebhe sebhe sebhe sebhe sebhe sebhe sebhe sebhe sebhe sebhe sebhe sebhe sebhe.","Èle èèna ka, Abram pea ètu rai Kanaꞌan. Lot pea ètu dꞌara kota-kota ètu sebhe sebhe sebhe sebhe sebhe sebhe sebhe sebhe sebhe sebhe sebhe sebhe sebhe sebhe sebhe sebhe sebhe sebhe sebhe sebhe sebhe sebhe sebhe sebhe sebhe sebhe sebhe sebhe sebhe sebhe sebhe sebhe sebhe sebhe sebhe sebhe sebhe sebhe sebhe sebhe sebhe sebhe sebhe sebhe sebhe sebhe sebhe sebhe sebhe sebhe sebhe sebhe sebhe sebhe sebhe sebhe sebhe sebhe sebhe sebhe sebhe sebhe sebhe sebhe sebhe sebhe sebhe sebhe sebhe sebhe sebhe sebhe.",,eng,nfa,English,Dhao,0.0,0.0,0.0
"and the men of sodom are evil, and sinners before yhwh exceedingly.",te ngaa dhèu-dhèu sodom sèra bhelu-katub'a titu kèna. rèngu ro'o boe nanene lamatua.,"Te ngaa dhèu-dhèu nèti kota Sodom tao jꞌara bhelu-katubꞌa, aa tao jꞌara bhelu-katubꞌa ètu madha Ama Lamatua.","Te ngaa dhèu-dhèu nèti kota Sodom bhelu, aa dhèu bhelu-katub'a ètu madha Ama Lamatua titu kèna.",,eng,nfa,English,Dhao,16.0589,6.9621,9.8571
"and yhwh said to abram, after lot's being parted from him, now lift up your eyes and look from the place where you are, northward, and southward, and eastward, and westward;","ropa lot pacèri dènge abram, ka lamatua padhai lii dènge abram, peka na, èu ladhe palème aa'i ku, rai aa'i-aa'i nèti era titu èu èèna. ladhe paie re madha, re kabodho, re ca bèka g'ana, dènge ca bèka kariu mu.","Èle èèna ka, Ama Lamatua peka dènge Abram, aku nèngu na, ""Ladhe Lot tèke eele nèngu, na, èu hudꞌi ladhe-leru nèti era èu ètu neꞌe, asa mia-mia, asa mia-mia, asa mia-mia,","Èle èèna ka, Ama Lamatua peka dènge Abram, aku nèngu na, ""tare Lot tèke eele nèngu, ia ka èu hud'i boti ka musi madha èu aa ladhe nèti era èu ètu ne'e, asa badae, dènge asa balèu, dènge asa dhimu, dènge asa haa.""",,eng,nfa,English,Dhao,-0.5407,6.1838,5.0615
"for the whole of the land which you are seeing, i give it to you and to your seed for all time.","rai aa'i-aa'i dhu èu ladhe mèdhi sèi, bèli-camèd'a ja'a hia mi èu, dènge ana-èpu èu, sèna ka j'aj'i pusaka ra, toke d'ai mia-mia.","Dhèu aaꞌi-aaꞌi dhu èu ladhe mèdhi èèna, Jaꞌa pangèdꞌu le rai ne hia èu dènge ana-èpu èu toke dꞌai mia-mia.","Rai aa'i-aa'i dhu èu ladhe mèdhi èèna, Ja'a hia rai ne hia èu dènge ana-èpu èu toke d'ai mia-mia.",,eng,nfa,English,Dhao,11.8798,12.8663,12.6622
"and i have set your seed as dust of the earth, so that, if one is able to number the dust of the earth, even your seed is numbered;","èèna na ja'a paj'aj'i ana-èpu èu ae sama sèmi salae dhasi, toke dhèu ige rare boe.","Jaꞌa paꞌèki le ana-èpu èu, sama sèmi kabodho ètu rai-haha ne. Ladhe abhu dhèu sa dhu bisa reꞌa kabodho ètu rai-haha ne, rèngu bisa reꞌa sèmi èèna kahèi.","Jaꞌa paꞌèki le ana-èpu èu, sama sèmi kabodho ètu rai-haha ne. Ladhe abhu dhèu sa dhu bisa reꞌa kabodho ètu rai-haha ne, rèngu bisa reꞌa sèmi èèna kahèi.",,eng,nfa,English,Dhao,0.0,0.0,0.0
"rise, go up and down through the land, to its length, and to its breadth, for to you i give it.","de lamu kako palème madhutu madhera dènge bhabhèla na. te rai se aa'i-aa'i ra, ja'a hia mi èu.","Èu hudꞌi kèdꞌi titu kèna. Èu hudꞌi kèdꞌi titu kèna. Èu hudꞌi kèdꞌi titu kèna. Èu hudꞌi kèdꞌi titu kèna. Èu hudꞌi kèdꞌi titu kèna. Èu hudꞌi kèdꞌi titu kèna. Èu hudꞌi kèdꞌi titu kèna. Èu hudꞌi kèdꞌi titu kèna. Te Jaꞌa ka dhu hia èu rai ne.""","Kèd'i, laku re rai, toke madhera na dènge kabhèla na. Te Ja'a ka dhu hia èu rai ne.",,eng,nfa,English,Dhao,11.0359,20.8749,20.8616
"and abram moves his tent, and comes, and dwells among the oaks of mamre, which are in hebron, and builds there an altar to yhwh.","hèia abram si lèpa hari asa era pea ra, dhu dètu dènge aj'u-aj'u aae ètu mamre, dhu padètu dènge hebron. èle èèna ka, na pudhi hadhu tao mei korban ho na mangaj'i lamatua ètu èèna.","Èle èèna ka, Abram puru nèti dꞌara hèbꞌa na, laꞌe pea ètu dꞌara ajꞌu mamre ètu hèbꞌa Hebron. Èle èèna ka, Abram patitu ètu dꞌara hèbꞌa èèna, ho manèngi-mangajꞌi mi Ama Lamatua.","Aa Abram eso hèbꞌa na, la mai, la pea ètu dꞌara ajꞌu Mamre dhu ètu era Hebron, la patitu ètu nèi mèdha persembahan mi Ama Lamatua.",,eng,nfa,English,Dhao,-5.9597,-9.2224,-8.2124
"and it comes to pass in the days of amraphel king of shinar, arioch king of ellasar, chedorlaomer king of elam, and tidal king of nations,","tèu èèna, dhèu aae èpa dhu pa'èci. rèngu se ka: amrafel, dhèu aae rai sinear. ariok, dhèu aae rai elasar, kedarlaomer, dhèu aae rai elam. dènge tideal, dhèu aae rai goyim.","Lodꞌo Amalel jꞌajꞌi dhèu aae Shinar, Ariok jꞌajꞌi dhèu aae Elasar, Kedorlaomer jꞌajꞌi dhèu aae Elam, aa Tidal jꞌajꞌi dhèu aae rai-haha.","Lodꞌo Amalel jꞌajꞌi dhèu aae Shinar, Ariok jꞌajꞌi dhèu aae Elasar, Kedorlaomer jꞌajꞌi dhèu aae Elam, aa Tidal jꞌajꞌi dhèu aae rai-haha.",,eng,nfa,English,Dhao,0.0,0.0,0.0
"they have made war with bera king of sodom, and with birsha king of gomorrah, shinab king of admah, and shemeber king of zeboim, and the king of bela, which is zoar.","lod'o èèna, dhèu aae leo dhèu lèmi, pa'èci kahèi. nuka: bera, dhèu aae rai sodom. birsa, dhèu aae rai gomora. sinab, dhèu aae rai adema. semeber, dhèu aae rai seboim. dènge bela, dhèu aae rai soar. ka èpa dhèu aae se, lasi pamusu dènge lèmi dhèu aae sèra.","Ra paraga dènge Bera, dhèu aae Sodom. Ra paraga dènge Birsha, dhèu aae Gomora. Ra paraga dènge Shinab, dhèu aae Adma. Ra paraga dènge Semeber, dhèu aae Seboim. Ra paraga dènge Bela, dhèu aae Soar.","Ra paraga dènge Bera, dhèu aae Sodom, dènge Birsha, dhèu aae Gomora, dènge Shinab, dhèu aae Adma, dènge Semeber, dhèu aae Seboim, dènge dhèu aae Bela, dhu nuka Soar.",,eng,nfa,English,Dhao,-2.7737,-2.5661,-1.7153
"all these have been joined together to the valley of siddim, which is the salt sea;","dhèu aae, dhèu lèmi sèra pakaboko dènge sordad'u ra, ètu d'ara mamoo sidim, dhu limuri ne, ngara na dhasi madhe.","Rèngu aaꞌi-aaꞌi ra jꞌajꞌi ètu dꞌara bèdho Sidim, dhu dènge dhasi ètu dꞌara dhasi.","Rèngu aaꞌi-aaꞌi ra patuhu asa bèdho Sidim, dhu nuka dhasi masi.",,eng,nfa,English,Dhao,-3.3435,-1.6461,-1.9537
"for twelve years they served chedorlaomer, and the thirteenth year they rebelled.","j'aj'aj'i pamusu na, sèmi ne'e ka: uru èèna, dhèu aae, dhèu lèmi se dhu ta'alo mi dhèu aae kedarlaomer, canguru dua tèu kèna. te d'ai tèu ka canguru tèlu, ka rèngu aa'i-aa'i ra lab'a ne.","Èle èèna ka, rèngu aaꞌi-aaꞌi ra jꞌajꞌi dhèu aae Kedorlaomer. Te ngaa dꞌai tèlu tèu, rèngu roꞌo boe madhutu Ama Lamatua.","Canguru dua tèu, rèngu sab'a Kedorlaomer. Aa tèu ka-canguru tèlu, rèngu ro'o boe madhutu Kedorlaomer.",,eng,nfa,English,Dhao,-0.6833,2.3579,1.5217
"and in the fourteenth year came chedorlaomer, and the kings who are with him, and they strike the rephaim in ashteroth karnaim, and the zuzim in ham, and the emim in shaveh kiriathaim,","ka maso tèu ka canguru èpa, kedarlaomer dènge angalai na dhèu aae dhèu tèlu sera, mai dènge sordad'u ra. hèia ra pamusu ka, ka ra segi pèri-pèri rai. nuka: dhèu refaim ètu rai asterot-karnaim; dhèu susim ètu rai ham; dhèu emim ètu rai sawe-kiryataim,","Èle èèna ka, bèli-camèdꞌa lodꞌo èpa lodꞌo èèna, Kedorlaomer dènge dhèu aae-dhèu dhu paꞌèki dènge ne mai. Ka ra pamadhe kahèi kahèi kahèi kahèi kahèi kahèi kahèi, kahèi kahèi kahèi kahèi kahèi kahèi kahèi kahèi kahèi kahèi kahèi kahèi kahèi kahèi kahèi kahèi, kahèi kahèi kahèi kahèi kahèi kahèi kahèi kahèi kahèi kahèi kahèi kahèi kahèi kahèi kahèi kahèi kahèi kahèi, kahèi kahèi kahèi kahèi kahèi kahèi kahèi kahèi kahèi kahèi kahèi kahèi kahèi kahèi kahèi kahèi kahèi kahèi kahèi kahèi kahèi.","Aa ètu tèu ka-canguru èpa, Kedorlaomer dènge dhèu aae-dhèu dhu paꞌèki dènge ne mai. Ka ra pamadhe dhèu Rephaim ètu Ashteroth Karnaim, dènge dhèu Zuzim ètu Ham, dènge dhèu Emim ètu Shaveh Kiriathaim.",,eng,nfa,English,Dhao,9.0963,12.8081,13.2906
"and the horites in their mount seir, to el-paran, which is by the wilderness;","dènge dhèu hori dhu ètu ledhe seir, d'ai sebhe mamoo el paran.","Ètu sebhe sebhe, ètu ledhe sebhe, ètu ledhe sebhe, ètu ledhe sebhe, ètu ledhe sebhe, ètu ledhe sebhe, ètu ledhe sebhe, ètu ledhe sebhe, ètu ledhe sebhe, ètu ledhe sebhe, ètu ledhe sebhe, ètu ledhe sebhe, ètu ledhe sebhe, ètu ledhe sebhe, ètu ledhe sebhe, ètu ledhe sebhe, ètu ledhe sebhe, ètu ledhe sebhe.","Aa dhèu horites ètu ledhe seir rèngu, toke asa el-paran, dhu ètu sebhe mamoo.",,eng,nfa,English,Dhao,27.5027,40.0989,40.6121
"and they turn back and come to en-mishpat, which is kadesh, and strike the whole field of the amalekite, and also the amorite who is dwelling in hazezon-tamar.","èle èèna ka, ra lèpa hari asa en mispat dhu limuri ne ngara na kades. ka ra segi rai dhèu amalek, dènge dhèu amori dhu pea ètu rae haseson-tamar.","Èle èèna ka, rèngu lèpa hari asa En-Mishpat, dhu ètu Kadesh. Èle èèna ka, rèngu jꞌajꞌi dhèu Amalek, dènge dhèu Amor, dhu pea ètu dꞌara hèbꞌa-tamas.","Èle èèna ka, rèngu lèpa hari asa En-Mishpat, dhu ètu Kadesh. Aa rèngu paru oka aa'i dhèu Amalek, dènge kahèi dhèu Amor dhu pea ètu Hazezo-Tamar.",,eng,nfa,English,Dhao,-0.8758,-2.3762,-2.3489
"and the king of sodom goes out, and the king of gomorrah, and the king of admah, and the king of zeboim, and the king of bela, which is zoar; and they set in array for battle with them in the valley of siddim, with chedorlaomer king of elam, and tidal king of nations, and amraphel king of shinar, and arioch king of ellasar; four kings with the five.","hèia, lèmi dhèu aae se ator sordad'u ra ètu d'ara mamoo sidim, ka lasi pamusu dènge dhèu aae dhèu èpa sèra.","Èle èèna ka, dhèu aae-dhèu nèti kota Sodom, nèti kota Gomora, nèti kota Adma, nèti kota Seboim, nèti kota Berea, dhu ngara na Soar. Dhèu aae-dhèu nèti kota Elam, nèti kota Tidal, nèti kota Senar, dènge ariok, nèti kota Elasar, mai paraga ètu dꞌara bèdho Sidim, ho lasi paraga dènge rèngu.","Èle èèna ka, dhèu aae nèti Sodom, dènge dhèu aae nèti Gomora, dènge dhèu aae nèti Adma, dènge dhèu aae nèti Seboim, dènge dhèu aae nèti Bela, dhu ngara na Soar, lasi kalua. Hèia rèngu pajaji ho lasi pamusu dènge Chedorlaomer dhèu aae nèti Elam, dènge Tidal dhèu aae nèti bangsa-bangsa, dènge Amraphel dhèu aae nèti Senar, dènge Arioch dhèu aae nèti Elasar, ètu d'ara bèdho Sidim. Nuka èpa dhèu aae dènge lèmi dhèu aae.",,eng,nfa,English,Dhao,5.9157,12.9842,11.2852
"and the valley of siddim is full of bitumen-pits; and the kings of sodom and gomorrah flee, and fall there, and those left have fled to the mountain.","ètu d'ara mamoo èèna, dhu abhu mananga èi dama pèri-pèri. ropa ra pamusu, dhèu aae sodom dènge dhèu aae gomora dènge sordad'u ra, rai. ka cahag'e manahu asa d'ara mananga èi dama se. aa cahag'e hari rai asa ledhe lasi.","Èle èèna ka, dhèu aae Sodom dènge dhèu aae Gomora rai asa sebhe sebhe sebhe sebhe sebhe sebhe sebhe sebhe sebhe sebhe sebhe sebhe sebhe sebhe sebhe sebhe sebhe sebhe sebhe sebhe sebhe sebhe sebhe sebhe sebhe sebhe sebhe sebhe sebhe sebhe sebhe sebhe sebhe sebhe sebhe sebhe sebhe sebhe sebhe sebhe sebhe sebhe sebhe sebhe sebhe sebhe sebhe sebhe sebhe sebhe sebhe sebhe sebhe sebhe sebhe sebhe sebhe sebhe sebhe sebhe sebhe sebhe.","Èle èèna ka, dhèu aae Sodom dènge dhèu aae Gomora rai asa sebhe sebhe sebhe sebhe sebhe sebhe sebhe sebhe sebhe sebhe sebhe sebhe sebhe sebhe sebhe sebhe sebhe sebhe sebhe sebhe sebhe sebhe sebhe sebhe sebhe sebhe sebhe sebhe sebhe sebhe sebhe sebhe sebhe sebhe sebhe sebhe sebhe sebhe sebhe sebhe sebhe sebhe sebhe sebhe sebhe sebhe sebhe sebhe sebhe sebhe sebhe sebhe sebhe sebhe sebhe sebhe sebhe sebhe sebhe sebhe sebhe sebhe.",,eng,nfa,English,Dhao,0.0,0.0,0.0
"and they take the whole substance of sodom and gomorrah, and the whole of their food, and go away;","ka èpa dhèu aae dhu segi se, lasi parame rèti mèdha-panyau dènge nganga'a-nginu nèti sodom dènge gomora. èèna ka, ra lèpa dènge ka.","Rèngu aaꞌi-aaꞌi ra dhu raꞌa-rinu ètu kota Sodom dènge kota Gomora. Rèngu aaꞌi-aaꞌi ra dhu raꞌa-rinu ètu rai-haha ne, hèia ra tèke eele rai-haha ne.","Aa rèngu tèke aa'i-aa'i unu nèti kota Sodom dènge kota Gomora, dènge aa'i-aa'i nganga'a ra, hèia ra tèke eele.",,eng,nfa,English,Dhao,3.1754,4.2606,4.3927
"and they take lot, abram's brother's son seeing he is dwelling in sodom, and his substance, and go away.","te ngaa lot, ana ari abram, dhu pea ètu sodom. ka èpa dhèu aae sèra, ère rèti lot si, dènge mèdha-panyau ra aa'i-aa'i.","Èle èèna ka, ana aꞌari Abram, ladhe rèdhi, na, nèngu pea ètu dꞌara èmu sodom, hèia ra tèke eele mèdha-panyau na.","Èle èèna ka, ra tèke eele Lot, ana a'ari Abram, dhu pea ètu d'ara èmu Sodom, dènge mèdha-panyau na, hèia ra lèpa.",,eng,nfa,English,Dhao,11.6681,8.845,8.8517
"and one who is escaping comes and declares to abram the hebrew, and he is dwelling among the oaks of mamre the amorite, brother of eshcol, and brother of aner, and they are abram's allies.","te ngaa dhèu èci rai nèti era èèna. ka la'e lolo dènge abram, dhèu ibrani èèna. lod'o èèna, dhèu amori èci, ngara na mamre. aa abram pea dètu dènge aj'u-aj'u aae unu mamre. a'ari mamre dhèu dua, ngara na eskol dènge aner. rèngu se dhu pa'anga dènge abram.","Èle èèna ka, abhu dhèu èci dhu lèpa hari nèti dꞌara jꞌara neꞌe, ka laꞌe padhai lii dènge dhèu Israꞌel èci, ngara na Abram. Nèngu pea ètu dꞌara ajꞌu mamre. Mamre ne, dhèu Amor, aꞌari nèti Eshkol, dènge aꞌari nèti Aner, aaꞌi-aaꞌi ra paꞌèki dènge Abram. Nèti èèna ka, nèngu pea ètu dꞌara ajꞌu mamre ètu dꞌara jꞌara neꞌe, aaꞌi-aaꞌi ra mamuri ètu dꞌara ajꞌu mamre ètu dꞌara jꞌara neꞌe. Nèti èèna ka, abhu dhèu aaꞌi-aaꞌi ra ètu dꞌara jꞌara neꞌe, aaꞌi-aaꞌi ra mamuri ètu dꞌara ajꞌu mamre.","Èle èèna ka, abhu dhèu èci dhu lèpa hari nèti dꞌara jꞌara neꞌe, ka laꞌe padhai lii dènge dhèu Israꞌel èci, ngara na Abram. Nèngu pea ètu dꞌara ajꞌu mamre. Mamre ne, dhèu Amor, aꞌari nèti Eshkol, dènge aꞌari nèti Aner, aaꞌi-aaꞌi ra paꞌèki dènge Abram.",,eng,nfa,English,Dhao,4.8971,-4.2676,-1.6268
"and abram hears that his brother has been taken captive, and he draws out his trained servants, three hundred and eighteen, and pursues to dan.","ropa abram tadèngi na dhèu kèpe rèti le lot, ana ari na, ka abram pakaboko nare dhèu-dhèu sab'a na dhu re'a pamusu. aa'i-aa'i ra tèlu ngasu canguru aru dhèu. ka lasi magèla èpa dhèu aae sèra, asa badae aae lasi d'ai rae dan.","Ropa Abram tadèngi, na, aꞌari na ètu dꞌara bèdho, hèia na paꞌèra aaꞌi-aaꞌi dhèu aaꞌi-aaꞌi dhu dꞌèlu-mèu. Dhèu aaꞌi-aaꞌi ra ètu dꞌara bèdho, tèlu nguru tèu dhèu aaꞌi-aaꞌi, sèna ka laꞌe paraga dènge dhèu aaꞌi-aaꞌi, toke dꞌai dꞌara bèdho ètu dꞌara bèdho, ho lasi paraga dènge dhèu aaꞌi-aaꞌi ètu dꞌara bèdho, ho lasi paraga dènge dhèu aaꞌi-aaꞌi dhèu aaꞌi-aaꞌi dhèu aaꞌi-aaꞌi dhèu aaꞌi-aaꞌi dhèu aaꞌi-aaꞌi dhèu aaꞌi-aaꞌi dhèu aaꞌi-aaꞌi dhèu aaꞌi-aaꞌi dhèu aaꞌi-aaꞌi dhèu aaꞌi-aaꞌi dhèu aaꞌi-aaꞌi.","Ropa Abram tadèngi, na, a'ari na taha bèdho, hèia na pa'èra dhèu sab'a na dhu d'èlu-mèu, tèlu ngasu dènge canguru aru dhèu, hèia na lasi madhutu toke asa Dan.",,eng,nfa,English,Dhao,11.5744,5.8376,9.7783
"and he divides himself against them by night, he and his servants, and strikes them, and pursues them to hobah, which is at the left of damascus;","ètu era èèna, abram hag'e dhèu na sèra, mi pèri-pèri kaboko. d'ara mèda èèna kahèi, lasi age si, dènge j'ara pa'oke. ka abram si lasi bate dhèu se d'ai rae hoba, ètu bèka badae kota damsik.","Ètu dꞌara mèda èèna, komedhaa sordadꞌu èèna dènge dhèu sabꞌa na, lasi paraga dènge dhèu sabꞌa na sèra. Hèia na laꞌe paraga dènge dhèu sabꞌa se, toke dꞌai sebhe kota Damsik.","Ètu d'ara mèda èèna, nèngu dènge dhèu sab'a na, na palab'a iisi na dènge rèngu, hèia na paru rèngu, aa na magèle rèngu toke asa Hobah, dhu ètu kariu kota Damsik.",,eng,nfa,English,Dhao,1.4355,-3.4317,-3.3613
"and he brings back the whole of the substance, and he has also brought back his brother lot and his substance, and also the women and the people.","hèia abram abhu hari lot, dènge dhèu-dhèu nèngu, aa dènge mèdha-panyau ra aa'i-aa'i. na abhu kahèi dhèu-dhèu leo.","Èle èèna ka, Lot dènge aꞌari na, dènge aaꞌi-aaꞌi ra, dènge dhèu-dhèu bhèni aaꞌi-aaꞌi ètu èèna, rèngu aaꞌi-aaꞌi ra, rèngu aaꞌi-aaꞌi ra, rèngu aaꞌi-aaꞌi ra, rèngu aaꞌi-aaꞌi ra, rèngu aaꞌi-aaꞌi ra, rèngu aaꞌi-aaꞌi ra, rèngu aaꞌi-aaꞌi ra, rèngu aaꞌi-aaꞌi ra, rèngu aaꞌi-aaꞌi ra, rèngu aaꞌi-aaꞌi ra, rèngu aaꞌi-aaꞌi ra, rèngu aaꞌi-aaꞌi ra, rèngu aaꞌi-aaꞌi ra, rèngu aaꞌi-aaꞌi ra.","Èle èèna ka, nèngu rèti hari mèdha-panyau na aa'i-aa'i. Aa nèngu rèti hari kahèi a'ari na Lot dènge mèdha-panyau na, aa kahèi dhèu bhèni dènge dhèu-dhèu.",,eng,nfa,English,Dhao,30.6881,29.6932,29.7509
"and the king of sodom goes out to meet him after his turning back from the striking of chedorlaomer, and of the kings who are with him, to the valley of shaveh, which is the king's valley.","ropa abram segi nare dhèu aae èpa sèra, ka na lèpa. hèia dhèu aae sodom mai soru ne ètu d'ara mamoo sawe dhu dhèu biasa peka na, mamoo dhèu aae.","Èle èèna ka, dhèu aae Sodom lèpa hari nèti pamadhe Kedorlaomer dènge dhèu aae rèngu aaꞌi-aaꞌi ra, hèia dhèu aae Sodom laꞌe paraga dènge ne asa dꞌara bèdho èci, ngara na Rave. Nèti èèna ka, rèngu lèpa hari asa dꞌara bèdho aae dhèu aae.","Èle èèna ka, dhèu aae Sodom lèpa hari nèti pamadhe Kedorlaomer dènge dhèu aae rèngu aaꞌi-aaꞌi ra, hèia dhèu aae Sodom laꞌe paraga dènge ne asa dꞌara bèdho èci, ngara na Rave, nuka bèdho dhèu aae.",,eng,nfa,English,Dhao,2.6431,-0.1968,0.4582
"and melchizedek king of salem has brought out bread and wine, and he is priest of god most high;","tèu èèna, melkisedek, j'aj'i dhèu aae kota salem. aa nèngu ne j'aj'i kahèi ama agama nèti ama lamatua dhu dedha risi eele. na mai soru abram, nèti roti dènge èi hua anggor.","Melkisedek, dhèu aae Salem, dhèu kapai risi nèti Ama Lamatua ètu sorga. Nèngu ne, kètu kapai Ama Lamatua dhu kapai risi nèti sorga. Nèngu ne, dhèu kapai risi nèti Ama Lamatua dhu kapai risi nèti sorga. Nèngu ne, dhèu kapai risi nèti Ama Lamatua dhu kapai risi nèti sorga. Nèngu ne, dhèu kapai risi nèti Ama Lamatua dhu kapai risi nèti sorga. Nèngu ne, kètu kapai risi nèti Ama Lamatua dhu kapai risi nèti sorga.","aa Melkisedek, dhèu aae Salem, na tèti kalua roti dènge èi anggor, aa nèngu kètu agama nèti Ama Lamatua dhu dedha risi eele.",,eng,nfa,English,Dhao,18.3346,16.6849,22.2778
"and he blesses him and says, blessed is abram to god most high, possessing the heavens and earth; and blessed is god most high, who has delivered your adversaries into your hand; and he gives to him a tenth of all.","ka na padhai lii ho hia berkat mi abram, aku nèngu na, ja'a sanao sèna ka ama lamatua, dhu dedha risi eele èèna, dhu paj'aj'i dedha-liru dènge rai-haha ne, hia mèngi-nale mi dedha èu. koa-kio ama lamatua dhu hia le èu segi musu. èle èèna ka, abram bagi hia melkisedek ca pala nèti canguru pala mèdha-panyau dhu na abhu hari sèra.","Hèia dhèu aae manèngi-mangajꞌi sèna ka manèngi-mangajꞌi, aku nèngu na, 'Sèmi neꞌe: Ama Lamatua ètu sorga dènge rai-haha! Ama Lamatua ètu sorga dènge rai-haha! Ama Lamatua ètu sorga ka dhu pamaꞌète nare mèdha-panyau èu. Lamatua ka dhu hia mèdha-panyau nèti mèdha-panyau èu aaꞌi-aaꞌi. Lamatua ka dhu hia mèdha-panyau nèti mèdha-panyau èu. Lamatua ka dhu hia mèdha-panyau nèti mèdha-panyau èu. Lamatua ka dhu hia mèdha-panyau nèti mèdha-panyau èu. Lamatua ka dhu hia mèdha-panyau nèti mèdha-panyau èu. Lamatua ka dhu hia mèdha-panyau nèti mèdha-panyau èu.'","Hèia na hia berkat mi nèngu, aku nèngu na, 'Oto abram mi Ama Lamatua dhu dedha risi eele, dhu unu sorga dènge rai-haha; aa oto Ama Lamatua dhu dedha risi eele, dhu pahie musu èu asa kacui-aai èu; aa na hia mi nèngu ca pala nèti canguru pala nèti aa'i-aa'i.'",,eng,nfa,English,Dhao,12.6342,7.6255,11.4346
"and the king of sodom says to abram, give to me the persons, and take the substance to yourself,","hèia dhèu aae sodom èèna pahaha iisi na mi abram, peka na, ama. mèdha-panyau dhu èu abhu hari nèti musu ja'a sèra, hud'i laa ama ku abhu aa'i si. te ngaa dhu ja'a manèngi hari, dhoka dhèu-dhèu ja'a sèra.","Èle èèna ka, dhèu aae Sodom peka dènge Abram, aku nèngu na, ""Sèmi neꞌe! Bèli-camèdꞌa hia jaꞌa mèdha-panyau sèra, ho jꞌajꞌi dhèu èu.""","Èle èèna ka, dhèu aae Sodom peka dènge Abram, aku nèngu na, ""Hia ja'a dhèu sèra, aa èu tare mèdha-panyau mu.""",,eng,nfa,English,Dhao,-1.1671,-0.9339,0.2035
"and abram says to the king of sodom, i have lifted up my hand to yhwh, god most high, possessing the heavens and earth-","hèia abram b'ala ne, peka na, ja'a subha ètu madha ama lamatua dhu dedha risi eele, dhu tao dedha-liru dènge rai-haha,","Hèia Abram peka dènge dhèu aae Sodom, aku nèngu na, ""Jaꞌa pahaha iisi ku mi Ama Lamatua, Ama Lamatua dhu dedha-liru dènge rai-haha.","Hèia Abram peka dènge dhèu aae Sodom, aku nèngu na, ""Jaꞌa pahaha iisi ku mi Ama Lamatua, Ama Lamatua dhu dedha-liru dènge rai-haha.",,eng,nfa,English,Dhao,0.0,0.0,0.0
"from a thread even to a shoe-strap i do not take of anything which you have, that you do not say, i have made abram rich;","na, ja'a kore boe mèdha-panyau èu, masi ka ciki èèna ka. masi ka loa hèngu ca'èta sa, ja'a kore boe. dènge j'ara sèmi ne'e, èu baku peka na, ‘kakaja abram sèra mai nèti ja'a. '","Ladhe èu padhai lii sèmi èèna, èu peka na, 'Jaꞌa paꞌèki le dènge aꞌari èu.' Te ngaa èu peka na, 'Jaꞌa paꞌèki le dènge aꞌari èu, aa jaꞌa paꞌèki le dènge aꞌari èu, aa jaꞌa paꞌèki le dènge aꞌari èu, aa jaꞌa paꞌèki le dènge aꞌari èu, aa jaꞌa paꞌèki le dènge aꞌari èu, aa jaꞌa paꞌèki le dènge aꞌari èu, aa jaꞌa paꞌèki le dènge aꞌari èu, aa jaꞌa paꞌèki le dènge aꞌari èu.'","Ngèti hèngu toke dhari sapatu, ja'a kore boe ngaa-ngaa dhu èu dènge, sèna ka èu peka boe na, 'Ja'a tao Abram kaja.'",,eng,nfa,English,Dhao,6.7868,5.4149,7.5661
"save only that which the young men have eaten, and the portion of the men who have gone with me-aner, eshcol, and mamre-they take their portion.","ja'a parluu boe ngaa-ngaa. dhoka mia dhu dhèu ja'a se pake le, sèra èle le, ale ia ka. aa hud'i laa, angalai ja'a dhèu tèlu se: aner, eskol dènge mamre, hag'e rare unu rèngu di.","Èle èèna ka, dhèu aaꞌi-aaꞌi dhu raꞌa mèka mèka mèka mèka mèka mèka mèka mèka mèka mèka mèka mèka mèka mèka mèka mèka mèka mèka mèka mèka mèka mèka mèka mèka mèka mèka mèka mèka mèka mèka mèka mèka mèka mèka mèka mèka mèka mèka mèka mèka mèka mèka mèka mèka mèka mèka mèka mèka mèka mèka mèka mèka mèka mèka mèka mèka mèka mèka mèka mèka mèka mèka mèka mèka mèka mèka mèka mèka mèka mèka mèka mèka mèka mèka mèka mèka mèka mèka mèka mèka mèka mèka mèka mèka mèka mèka mèka mèka.","Èle èèna ka, dhèu aaꞌi-aaꞌi dhu raꞌa mèka mèka mèka mèka mèka mèka mèka mèka mèka mèka mèka mèka mèka mèka mèka mèka mèka mèka mèka mèka mèka mèka mèka mèka mèka mèka mèka mèka mèka mèka mèka mèka mèka mèka mèka mèka mèka mèka mèka mèka mèka mèka mèka mèka mèka mèka mèka mèka mèka mèka mèka mèka mèka mèka mèka mèka mèka mèka mèka mèka mèka mèka mèka mèka mèka mèka mèka mèka mèka mèka mèka mèka mèka mèka mèka mèka mèka mèka mèka mèka mèka mèka mèka mèka mèka mèka mèka mèka.",,eng,nfa,English,Dhao,0.0,0.0,0.0
"after these things the word of yhwh has been to abram in a vision, saying, do not fear, abram, i am a shield to you, your reward is exceedingly great.","èle èèna ka, lamatua pad'elo iisi na mi abram. ka na peka, aku nèngu na, abram! èu baku madha'u. lula ja'a ka dhu j'aj'i mi tami ho bhiri èu nèti musu. aa ja'a hia a'oto mi dedha èu.","Èle èèna ka, Lamatua padhai lii dènge Abram, aku Nèngu na, ""Ama Abram! Baku madhaꞌu, te Jaꞌa ka dhu paꞌèki dènge èu, te Jaꞌa ka dhu bꞌala èu.""","Èle èèna ka, Lamatua padhai lii dènge Abram ètu d'ara tanila, aku Nèngu na, ""Ama Abram! Baku madhaꞌu, te Jaꞌa ka dhu paꞌèki dènge èu, aa pala èu ne, ae titu kèna.""",,eng,nfa,English,Dhao,-0.4332,2.5589,1.8258
"and abram says, lord yhwh, what do you give to me, and i am going childless? and an acquired son in my house is demmesek eliezer. and abram says, behold, to me you have not given seed, and behold, a servant will be my heir.","te ngaa, aku abram na, masi ka ama lamatua hia ae-ae èèna ka, j'aj'i boe mi ngaa sa èci. lula ja'a ne dènge boe ana matana, ho hia ja'a ana-èpu. de dhu neo unu ae-ae sèmi èèna, tao mi ngaa? neu-neu ka, noto mi ènu ja'a elieser, dhèu damsik èèna. nèngu ka dhu sèmi nare aa'i-aa'i.","Hèia Abram karèi, aku nèngu na, ""Ama! Èu hia jaꞌa ngaa, ladhe jaꞌa mamuri dènge boe ana? Jaꞌa abhu kahèi ana mone ca dhèu èci ètu dꞌara èmu jaꞌa, ngara na Eliezer."" Hèia Abram dhaa, aku nèngu na, ""Ama! Èu hia boe ana-èpu jaꞌa, te ngaa ladhe jaꞌa abhu dhèu sabꞌa dhu jꞌajꞌi dhèu unu jaꞌa.""","Hèia Abram karèi, aku nèngu na, ""Ama! Èu hia jaꞌa ngaa, ladhe jaꞌa mamuri dènge boe ana? Jaꞌa abhu kahèi ana sabꞌa ca dhèu èci ètu dꞌara èmu jaꞌa, ngara na Eliezer nèti Demmesek."" Hèia Abram dhaa, aku nèngu na, ""Ama! Èu hia boe ana-èpu jaꞌa, aa nanene! dhèu sabꞌa dhu jꞌajꞌi dhèu unu jaꞌa.""",,eng,nfa,English,Dhao,-0.2897,-0.2711,-0.7848
"and behold, the word of yhwh is to him, saying, this one will not be your heir; but he who comes out from your bowels, he will be your heir;","te ngaa lamatua dhaa na, j'ara na sèmi boe èèna! ana d'èlu èu ku, dhu unu pusaka sèra. ènu èu abhu boe.","Èle èèna ka, Ama Lamatua peka dènge ne, aku Nèngu na, 'Bèli-camèdꞌa, èu abhu boe ca dhèu sa dhu jꞌajꞌi dhèu unu Ama Lamatua. Te dhèu dhu jꞌajꞌi dhèu unu Ama Lamatua, èèna ka dhu jꞌajꞌi dhèu unu Ama Lamatua.'","Èle èèna ka, Ama Lamatua peka dènge ne, aku Nèngu na, 'Dhèu ne'e j'aj'i boe dhèu unu èu; te dhèu dhu kalua nèti d'èlu èu, nèngu ka dhu j'aj'i dhèu unu èu.'",,eng,nfa,English,Dhao,4.1203,0.9507,1.845
"and he brings him out outside and says, now look attentively toward the heavens and count the stars, if you are able to count them; and he says to him, thus is your seed.","hèia nèti abram asa li'u, ka na peka, èu ladhe ku asa dedha-liru nèi. ladhe paie ku hua-hètu sèi. bisa iga more, do aad'o? bèli-camèd'a, ana-èpu èu sama sèmi hua-hètu sèi!","Èle èèna ka, dhèu aae nèti ana ne asa liꞌu. Hèia na peka dènge ana ne, aku nèngu na, ""Ladhe sèmi èèna, ladhe èu bisa reꞌa mèdha-panyau ètu dedha-liru, na, ladhe èu bisa reꞌa mèdha-panyau ètu dedha-liru, na, èu bisa reꞌa mèdha-panyau ètu dedha-liru."" Hèia Abraham dhaa, aku nèngu na, ""Ladhe sèmi èèna, ana-èpu èu bisa reꞌa mèdha-panyau ètu dedha-liru.""","Èle èèna ka, na nèti nèngu asa li'u. Hèia na peka dènge nèngu, aku nèngu na, ""Ladhe pabe'a-be'a ku asa dedha-liru, aa ige ku hua-hètu, ladhe èu bisa ige si;"" Hèia na peka dènge nèngu, aku nèngu na, ""Sèmi èèna ka, ana-èpu èu.""",,eng,nfa,English,Dhao,12.3975,7.4752,8.8366
"and he has believed in yhwh, and he reckons it to him-righteousness.","ka abram sèmi nare lii padhai lamatua. aa lamatua tadhe ne, dhèu mola, lula abram lèka ne.","Nèti èèna ka, Musa parcaya Ama Lamatua, ka Lamatua padꞌelo dꞌara hua iia Na mi nèngu, peka na, ""Ama Lamatua dꞌèi padꞌelo dꞌara hua iia Na mi Lamatua, lula Ama Lamatua dꞌèi padꞌelo dꞌara hua iia Na mi Lamatua, sèna ka Lamatua dꞌèi padꞌelo dꞌara hua iia Na mi Lamatua, lula Lamatua dꞌèi padꞌelo dꞌara hua iia Na mi Lamatua, sèna ka Lamatua padꞌelo dꞌara hua iia Na mi Lamatua, sèna ka Lamatua padꞌelo dꞌara hua iia Na mi Lamatua, sèna ka Lamatua padꞌelo dꞌara hua iia Na mi Lamatua, sèna ka Lamatua padꞌelo dꞌara hua iia Na mi Lamatua, sèna ka Lamatua dꞌara hua iia Nèngu unu Lamatua èèna ka dhu beꞌa risi nèti Ama Lamatua kahèi."" [","Aa nèngu parcaya Ama Lamatua, aa Ama Lamatua peka na, nèngu d'ara mola.",,eng,nfa,English,Dhao,1.4385,1.0878,7.1052
"and he says to him, i am yhwh who brought you out from ur of the chaldees, to give to you this land to possess it;","èle èèna ka, lamatua tuhu hari lii na, ja'a ne, ama lamatua. ja'a ka dhu lere kèti èu nèti rae ur, ètu rai dhèu kasdim sèra. aa rai ne'e ne, ja'a hia èu, sèna ka j'aj'i pusaka mu.","Èle èèna ka, Ama Lamatua peka dènge ne, aku nèngu na, 'Jaꞌa ne, Ama Lamatua. Jaꞌa ka dhu pajꞌujꞌu èu nèti rai Uru nèti dhèu Kaldea, ho hia èu rai ne, sèna ka jꞌajꞌi mi dedha èu.'","Èle èèna ka, Ama Lamatua peka dènge ne, aku nèngu na, 'Jaꞌa ne, Ama Lamatua. Jaꞌa ka dhu nèti èu kalua nèti rai Uru nèti dhèu Kaldea, ho hia èu rai ne, sèna ka jꞌajꞌi mi dedha èu.'",,eng,nfa,English,Dhao,-1.2563,1.0342,0.4453
"and he says, lord yhwh, whereby do i know that i possess it?","te ngaa abram karèi, aku nèngu na, tasamia, lamatua? dènge j'ara sa mia ka ho ja'a ke'a na, rai ne j'aj'i pusaka ja'a?","Hèia dhèu ne dhaa, aku nèngu na, 'Lamatua, tasamia ka jaꞌa keꞌa, na, jaꞌa dènge ne?'","Hèia dhèu ne dhaa, aku nèngu na, 'Lamatua, tasamia ka jaꞌa keꞌa, na, jaꞌa dènge ne?'",,eng,nfa,English,Dhao,0.0,0.0,0.0
"and he says to him, take for me a heifer of three years, and a female goat of three years, and a ram of three years, and a turtle-dove, and a young bird;","ka na dhaa, peka na, sèmi ne'e! mai ti tao madha j'ara èci, dhu pa'èki lii padhai lii ja'a deo na. de lamu more sapi rena ci'u, kahib'i rena ci'u, dènge kahib'i-kalèbho mone ci'u. aa'i-aa'i sèra hud'i dhu umur tèlu tèu. aa mèti kahèi koro iia ci'u, dènge koro j'aha ci'u.","Hèia ana pajuu ne dhaa, aku nèngu na, ""Sèmi neꞌe: hia jaꞌa sapi ca dhèu, kahibꞌi-kalèbho ca dhèu, kahibꞌi-kalèbho ca dhèu, kahibꞌi-kalèbho ca kahibꞌi-kalèbho ca dhèu, dènge kahibꞌi-kalèbho ca kahibꞌi-kalèbho ca kahibꞌi-kalèbho ca dhèu, dènge kahibꞌi-kalèbho ca kahibꞌi-kalèbho ca kahibꞌi-kalèbho kahibꞌi-kalèbho kahibꞌi-kalèbho kahibꞌi-kalèbho kahibꞌi-kalèbho kahibꞌi-kalèbho kahibꞌi-kalèbho kahibꞌi-kalèbho kahibꞌi-kalèbho kahibꞌi-kalèbho kahibꞌi-kalèbho kahibꞌi-kalèbho kahibꞌi-kalèbho kahibꞌi-kalèbho kahibꞌi-kalèbho kahibꞌi-kalèbho kahibꞌi-kalèbho.","Hèia na peka dènge ne, ""Nare hia ja'a sapi bhèni tèlu tèu, dènge kahibi bhèni tèlu tèu, dènge kahibi mone tèlu tèu, dènge koro j'aha, dènge ana manu-bhui.""",,eng,nfa,English,Dhao,3.532,0.4774,4.0594
"and he takes all these to him, and separates them in the midst, and puts each piece opposite its fellow, but the bird he has not divided;","ka abram la'e nare badha sèra. hèia na kacèb'e bagi mi dua, sapi, kahib'i, dènge kahib'i-kalèbho sèra. ka na pale sisi se mi rai, dhu èci patangara dènge èci, j'aj'i mi dua b'aris. te ngaa na kacèb'e boe manu-bhui sèra.","Èle èèna ka, na kèpe manu-bhui aaꞌi-aaꞌi ètu dꞌara èmu na. Ka na kèpe manu-bhui aaꞌi-aaꞌi ètu dꞌara èmu na. Te ngaa na kèpe manu-bhui aaꞌi-aaꞌi ètu dꞌara èmu na, ka na kèpe manu-bhui aaꞌi-aaꞌi ètu dꞌara èmu na.","Èle èèna ka, na kèpe aa'i se'e mi nèngu, aa na ma'ète si ètu d'ara, aa na tèka èta ka èci patangara dènge angalai na, te ngaa manu-bhui ne, na sola boe.",,eng,nfa,English,Dhao,7.1625,6.4437,7.725
"and the ravenous birds come down on the carcasses, and abram causes them to turn back.","ka manu-bhui dhu tema ra'a sisi sèra, mai ho neo ra'a sisi se'e. te ngaa abram bhabhoo eele si.","Èle èèna ka, manu-bhui aaꞌi-aaꞌi dhu raꞌa-rinu sèra dꞌai hèbꞌa èèna, hèia ra tèke eele dhèu-dhèu dhu raꞌa-rinu sèra ètu hèbꞌa èèna. Èle èèna ka, abhu manu-bhui aaꞌi-aaꞌi dhu raꞌa-rinu sèra. Ka abhu manu-bhui aaꞌi-aaꞌi dhu raꞌa-rinu sèra. Ka abhu manu-bhui aaꞌi-aaꞌi dhu raꞌa-rinu sèra ètu hèbꞌa èèna, ka abhu manu-bhui aaꞌi-aaꞌi dhu raꞌa-rinu sèra.","Aa manu-bhui dhu ra'a-rinu sèra puru mai ètu hèb'a èèna, aa Abram tao rèngu tèke eele.",,eng,nfa,English,Dhao,15.555,6.6832,9.7909
"and the sun is about to go in, and deep sleep has fallen on abram, and behold, a terror of great darkness is falling on him;","ropa lod'o cèna, abram bhèj'i luu. na nii, kuri na maroga mai sarimu nare nèngu, ka na madha'u titu kèna.","Ropa dꞌai madha lodꞌo, hèia Abram bhèjꞌi titu kèna. Hèia na madhaꞌu titu kèna.","Ropa d'ai madha lod'o, hèia Abram bhèj'i luu, aa cag'ag'a laa, ca madha'u nèti maroga aae bèbha ètu dedha nèngu;",,eng,nfa,English,Dhao,2.3569,7.0183,5.177
"and he says to abram, knowing-know that your seed is a sojourner in a land not theirs, and they have served them, and they have afflicted them four hundred years, and the nation also whom they serve i judge, and after this they go out with great substance; and you come to your fathers in peace; you are buried in a good old age;","ka ama lamatua peka dènge ne, abram! èèna na èu mamuri toke heka bhoro, aa madhe dènge be'a, ka ra padhane èu dènge be'a. te ngaa ana-èpu èu, èèna na j'aj'i dhèu tao mai ètu kabarai dhèu. ho èèna na, dhèu isi rai sèra, tao si sèmi ènu sa, ka ra ènyi aa paj'èra si, toke èpa ngasu tèu. te, ladhe èèna na, ja'a huku si. ho èèna na, ja'a kèti hari ana-èpu èu nèti era èèna, aa dènge mèdha-panyau ra ae-ae.","Èle èèna ka, Ama Lamatua peka dènge ne, aku nèngu na, 'Jaꞌa keꞌa le, na, ana-èpu èu abhu dhèu leo ètu rai leo ètu rai leo. Te ngaa rèngu jꞌajꞌi dhèu kapodꞌe-kabèli ra, toke dꞌai èpa nguru tèu. Èle èèna ka, bèli-camèdꞌa Ama Lamatua pamaꞌète lii langu dhèu ètu rai neꞌe. Ladhe rèngu tèke eele rai-haha ne, bèli-camèdꞌa abhu mèdha-panyau ae-ae. Èle èèna ka, èu lèpa dènge dhèu aaꞌi-aaꞌi èu. Èle èèna ka, èu lèpa hari dènge dꞌara beꞌa. Èle èèna ka, Lamatua padhane eele èu, lodꞌo èu madhe le.","Èle èèna ka, nèngu peka dènge abram, aku nèngu na, ""Ja'a ke'a le, na, ana-èpu èu abhu dhèu leo ètu rai dhu aad'o rèngu punya. Aa rèngu sab'a si, aa rèngu paj'èra si èpa ngasu tèu. Aa rai dhu rèngu sab'a èèna, ja'a pama'ète lii langu. Èle èèna ka, rèngu tèke eele dènge mèdha-panyau ae-ae. Aa èu lèpa asa baki-baki èu dènge dame. Èu padhane ètu d'ara tèu dhui dhu be'a.""",,eng,nfa,English,Dhao,10.73,-0.0307,0.7043
"and the fourth generation turns back here, for the iniquity of the amorite is not yet complete.","aa èèna na, ja'a ator ho ana-èpu èu dhu ka lèmi kèti hari si asa ne'e mai. limuri ne, dhèu amori dhu pea ètu rai ne'e. dhèu se'e dhèu bhelu, te ngaa dhae bhelu iia mèka. ladhe ana-èpu èu sèra lèpa hari asa era ne'e, ja'a neo pake si ho huku palaho dhèu amori sèra. lula d'ai taa èèna, bhabhelu ra asa hino.",Aꞌari aaꞌi-aaꞌi dhu jꞌajꞌi dhèu aaꞌi-aaꞌi dhu jꞌajꞌi dhèu aaꞌi-aaꞌi dhu jꞌajꞌi dhèu aaꞌi-aaꞌi dhu jꞌajꞌi dhèu aaꞌi-aaꞌi dhu jꞌajꞌi dhèu aaꞌi-aaꞌi dhu jꞌajꞌi dhèu aaꞌi-aaꞌi dhu jꞌajꞌi dhèu aaꞌi-aaꞌi dhu jꞌajꞌi dhèu aaꞌi-aaꞌi dhu jꞌajꞌi dhèu aaꞌi-aaꞌi dhu jꞌajꞌi dhèu aaꞌi-aaꞌi dhu jꞌajꞌi dhèu aaꞌi-aaꞌi.,"Aa bèi-baki ka-èpa lèpa hari asa ne'e, lula babhelu dhèu Amorite dhae boe tesa.",,eng,nfa,English,Dhao,0.5896,1.9411,3.7616
"and it comes to pass-the sun has gone in, and thick darkness has been and behold, a furnace of smoke, and a lamp of fire, which has passed over between those pieces.","ropa d'ai mèda sa, cag'ag'a laa ètu era èèna, abhu èru rai èci dhu sèb'u poka-poka, dènge badhu ai èci dhu heo, kako re sasanga sisi dua baris se.","Bèli-camèdꞌa, lodꞌo dꞌai mèka, bèli-camèdꞌa bèli-camèdꞌa bèli-camèdꞌa dꞌai mèka. Bèli-camèdꞌa, bèli-camèdꞌa bèli-camèdꞌa dꞌai mèka. Bèli-camèdꞌa, bèli-camèdꞌa bèli-camèdꞌa dꞌai mèka. Bèli-camèdꞌa, bèli-camèdꞌa bèli-camèdꞌa dꞌai mèka. Bèli-camèdꞌa, bèli-camèdꞌa bèli-camèdꞌa dꞌai mèka.","Ropa j'aj'i, lod'o d'ai mèka, aa maroga kapulu j'aj'i. Aa bèli-camèd'a, ca sèb'u nèti ai karoo, aa ca labhu ai, dhu pège ètu talora aae bèka sèra.",,eng,nfa,English,Dhao,8.9152,13.7099,12.843
"in that day has yhwh made with abram a covenant, saying, to your seed i have given this land, from the river of egypt to the great river, the euphrates river,","lod'o èèna, lamatua pa'èki lii pajaji dènge abram. na peka na, ja'a jaji mema èu kèna, bèli-camèd'a ja'a pangèd'u mi ana-èpu èu rai ne'e ne, mulai nèti loko masir, d'ai loko efrat,","Èle èèna ka, Lamatua paꞌèki lii pajaji dènge Abram, peka na, 'Jaꞌa bꞌala rai èèna mi ana-èpu èu, nèti dꞌara dano Masir, toke dꞌai seli aae, nuka Efrat.","Lod'o èèna, Lamatua pa'èki lii pajaji dènge Abram, peka na, 'Ja'a b'ala rai ne'e mi ana-èpu èu, nèti loko Masir, toke d'ai loko aae, nuka Efrat.",,eng,nfa,English,Dhao,13.0006,11.8973,12.631
"with the kenite, and the kenizzite, and the kadmonite,","dènge rai dhèu keni, dhèu kenas, dhèu kadmon,","kenite, kenizzite, dènge kadmonite, kahibꞌi-kalèbho, kahibꞌi-kalèbho, kahibꞌi-kalèbho, kahibꞌi-kalèbho, kahibꞌi-kalèbho, kahibꞌi-kalèbho, kahibꞌi-kalèbho, kahibꞌi-kalèbho, kahibꞌi-kalèbho, kahibꞌi-kalèbho, kahibꞌi-kalèbho, kahibꞌi-kalèbho, kahibꞌi-kalèbho, kahibꞌi-kalèbho, kahibꞌi-kalèbho, kahibꞌi-kalèbho, kahibꞌi-kalèbho, kahibꞌi-kalèbho, kahibꞌi-kalèbho, kahibꞌi-kalèbho, kahibꞌi-kalèbho, kahibꞌi-kalèbho, kahibꞌi-kalèbho, kahibꞌi-kalèbho, kahibꞌi-kalèbho,","dènge kenite, kenizzite, dènge kadmonite",,eng,nfa,English,Dhao,7.1918,12.2492,13.9401
"and the hittite, and the perizzite, and the rephaim,","dhèu het, dhèu feris, dhèu refaim,",hadhu hadhu hadhu hadhu hadhu hadhu hadhu hadhu hadhu hadhu hadhu hadhu hadhu hadhu hadhu hadhu hadhu hadhu hadhu hadhu hadhu hadhu hadhu hadhu hadhu hadhu hadhu hadhu hadhu hadhu hadhu hadhu hadhu hadhu hadhu hadhu hadhu hadhu hadhu hadhu hadhu hadhu hadhu hadhu hadhu hadhu hadhu hadhu hadhu hadhu hadhu hadhu hadhu hadhu hadhu hadhu hadhu hadhu hadhu hadhu hadhu hadhu hadhu hadhu hadhu hadhu hadhu hadhu hadhu hadhu hadhu hadhu hadhu hadhu hadhu hadhu hadhu hadhu hadhu hadhu hadhu hadhu hadhu hadhu hadhu hadhu hadhu hadhu hadhu hadhu hadhu hadhu hadhu hadhu hadhu hadhu hadhu hadhu hadhu hadhu hadhu hadhu hadhu hadhu hadhu hadhu hadhu hadhu hadhu hadhu hadhu hadhu hadhu hadhu hadhu hadhu hadhu hadhu hadhu hadhu hadhu hadhu hadhu hadhu hadhu hadhu hadhu hadhu hadhu hadhu hadhu hadhu hadhu hadhu hadhu hadhu hadhu hadhu hadhu hadhu hadhu hadhu hadhu hadhu hadhu hadhu hadhu hadhu hadhu hadhu hadhu hadhu hadhu hadhu hadhu hadhu hadhu hadhu hadhu hadhu hadhu hadhu hadhu hadhu hadhu hadhu hadhu hadhu hadhu hadhu hadhu hadhu hadhu hadhu hadhu hadhu hadhu hadhu hadhu hadhu hadhu hadhu hadhu hadhu hadhu hadhu hadhu hadhu hadhu hadhu hadhu hadhu hadhu hadhu hadhu hadhu hadhu hadhu hadhu,hadhu hadhu hadhu hadhu hadhu hadhu hadhu hadhu hadhu hadhu hadhu hadhu hadhu hadhu hadhu hadhu hadhu hadhu hadhu hadhu hadhu hadhu hadhu hadhu hadhu hadhu hadhu hadhu hadhu hadhu hadhu hadhu hadhu hadhu hadhu hadhu hadhu hadhu hadhu hadhu hadhu hadhu hadhu hadhu hadhu hadhu hadhu hadhu hadhu hadhu hadhu hadhu hadhu hadhu hadhu hadhu hadhu hadhu hadhu hadhu hadhu hadhu hadhu hadhu hadhu hadhu hadhu hadhu hadhu hadhu hadhu hadhu hadhu hadhu hadhu hadhu hadhu hadhu hadhu hadhu hadhu hadhu hadhu hadhu hadhu hadhu hadhu hadhu hadhu hadhu hadhu hadhu hadhu hadhu hadhu hadhu hadhu hadhu hadhu hadhu hadhu hadhu hadhu hadhu hadhu hadhu hadhu hadhu hadhu hadhu hadhu hadhu hadhu hadhu hadhu hadhu hadhu hadhu hadhu hadhu hadhu hadhu hadhu hadhu hadhu hadhu hadhu hadhu hadhu hadhu hadhu hadhu hadhu hadhu hadhu hadhu hadhu hadhu hadhu hadhu hadhu hadhu hadhu hadhu hadhu hadhu hadhu hadhu hadhu hadhu hadhu hadhu hadhu hadhu hadhu hadhu hadhu hadhu hadhu hadhu hadhu hadhu hadhu hadhu hadhu hadhu hadhu hadhu hadhu hadhu hadhu hadhu hadhu hadhu hadhu hadhu hadhu hadhu hadhu hadhu hadhu hadhu hadhu hadhu hadhu hadhu hadhu hadhu hadhu hadhu hadhu hadhu hadhu hadhu hadhu hadhu hadhu hadhu hadhu,,eng,nfa,English,Dhao,0.0,0.0,0.0
"and the amorite, and the canaanite, and the girgashite, and the jebusite.","dhèu amori, dhèu kana'an, dhèu girgasi, dènge dhèu yebus.","dhèu Amor, dhèu Kenan, dhèu Girgashit, dènge dhèu Yebus.","dhèu Amor, dhèu Kenan, dhèu Girgashit, dènge dhèu Yebus.",,eng,nfa,English,Dhao,0.0,0.0,0.0
"and sarai, abram's wife, has not borne to him, and she has a handmaid, an egyptian, and her name is hagar; and sarai says to abram, now behold, yhwh has restrained me from bearing, please go in to my handmaid; perhaps i am built up from her; and abram listens to the voice of sarai. and sarai, abram's wife, takes hagar the egyptian, her handmaid, at the end of the tenth year of abram's dwelling in the land of canaan, and gives her to her husband abram-to him for a wife,","tèu èèna, abram lèpa hari le nèti masir, ka na pea le canguru tèu ètu kana'an. dhèu èmu na sarai abhu mèka kolo. sarai dènge ènu bhèni ca dhèu nèti masir, ngara na hagar. ca lod'o, sarai peka dènge abram, aku nèngu na, a'a. lamatua hia boe ja'a ana. de hua iia, lamu j'unu dènge ènu ja'a, hagar, sèna ka na hia ja'a ana. ka abram madhutu lii dhèu èmu na. ka sarai hia hagar j'aj'i dhèu èmu ka dua abram.","Èle èèna ka, Sarai, dhèu bhèni èci nèti dhèu Masir, ngara na Hagar. Èle èèna ka, Sarai lii dènge Abram, aku nèngu na, ""Sèmi neꞌe! Lula Ama Lamatua hia le jaꞌa mèka dhèu bhèni jaꞌa, sèna ka jaꞌa jꞌajꞌi dhèu èmu-kamali jaꞌa. Ladhe jaꞌa jꞌajꞌi dhèu èmu-kamali nèti dhèu èmu-kamali jaꞌa, na, jaꞌa bisa boe jꞌajꞌi dhèu èmu-kamali jaꞌa. De èle èèna ka, Sarai nanene lii Sarai. Èle èèna ka, Sarai hia Hagar, dhèu bhèni èmu Masir, ho jꞌajꞌi dhèu èmu-kamali na. Èle èèna ka, Sarai hia Abram dhèu èmu-kamali na, ho jꞌajꞌi dhèu èmu-kamali na, ho jꞌajꞌi dhèu èmu-kamali na.","Sarai, dhèu bhèni Abram, nara iisi boe hia nèngu. Aa nèngu dènge dhèu sab'a bhèni èci, dhèu Masir, ngara na Hagar. Èle èèna ka, Sarai lii dènge Abram, aku nèngu na, ""Sèmi ne'e! Ama Lamatua abhe le ja'a nèti nara iisi. Tolong maso asa dhèu sab'a bhèni ja'a; ele boe ja'a abhu ana nèti nèngu."" De èle èèna ka, Abram nanene lii Sarai. Èle èèna ka, Sarai, dhèu bhèni Abram, tare Hagar, dhèu Masir, dhèu sab'a bhèni na, ètu èle ka canguru tèu nèti Abram pea ètu rai Kanaan, aa hia nèngu mi dhèu èmu na Abram, ho j'aj'i dhèu bhèni hia nèngu.",,eng,nfa,English,Dhao,5.5537,5.6824,5.1278
"and he goes in to hagar, and she conceives, and she sees that she has conceived, and her mistress is lightly esteemed in her eyes.","hèia abram j'unu dènge hagar, ka na dènge babia. ropa hagar ne'a nèngu dènge babia le, ka na padedha iisi na, aa na pahae heka sarai.","Èle èèna ka, Hagar maso asa dꞌara èmu na, hèia heka heka heka heka heka heka heka heka heka heka heka heka heka heka heka heka heka heka heka heka heka heka heka heka heka heka heka heka heka heka heka heka heka heka heka heka heka heka heka heka heka heka heka heka heka heka heka.","Èle èèna ka, nèngu maso asa d'ara èmu Hagar, hèia nèngu dènge babia. Hèia nèngu rèdhi dhu nèngu dènge babia le, aa dhèu èmu na padhèdi ètu madha na.",,eng,nfa,English,Dhao,19.5342,26.6696,27.0846
"and sarai says to abram, my violence is for you; i have given my handmaid into your bosom, and she sees that she has conceived, and i am lightly esteemed in her eyes; yhwh judges between me and you.","ka sarai peka dènge abram, aku nèngu na, ja'a ka dhu hia nèngu mi èu j'aj'i dhèu èmu ka dua. te ngaa ropa na dènge babia, na pusi pahae heka ja'a! ne'e ne, sala èu! de hud'i laa, sèna ka lamatua ka dhu pama'ète lii èdhi dua ti! heka èu me'a kèna!","Èle èèna ka, Sarai peka dènge Abram, aku nèngu na, ""Ama! Jaꞌa tao jꞌara-jꞌara bhelu-katubꞌa mi èu. Jaꞌa hia dhèu bhèni jaꞌa ètu dꞌara ngiꞌu èu. Hèia na ladhe nèdhi, na, na, nèngu abhu bhèni. Nèti èèna ka, nèngu pakabꞌua jaꞌa. De èu hudꞌi pamaꞌète lii langu jaꞌa ètu dꞌara èu dènge jaꞌa.","Èle èèna ka, Sarai peka dènge Abram, aku nèngu na, ""Ama! J'aj'èra ja'a, èu dhu tago. Ja'a hia ana sab'a bhèni ja'a ètu d'ara ngi'u èu. Hèia na ladhe nèdhi, na, nèngu dènge babia le. Nèti èèna ka, nèngu padhèdi ja'a ètu madha na. Lamatua pama'ète lii langu ètu talora ja'a dènge èu.""",,eng,nfa,English,Dhao,5.6599,6.2033,5.2204
"and abram says to sarai, behold, your handmaid is in your hand, do to her that which is good in your eyes; and sarai afflicted her, and she flees from her presence.","ka abram dhaa, peka na, sèmi ne'e, wee! èu ne, dhèu èmu uru. aa nèngu, dhèu èmu limuri. de èu ne dhu mèd'u paredha. de èu neo tao ne tasamia, èèna ètu èu na! ka sarai mulai tao sakaa hua dènge hagar, hèia na rai.","Èle èèna ka, Abram peka dènge Sarai, aku nèngu na, ""Sèmi neꞌe! Jaꞌa ne, dhèu bhèni èu. De èu hudꞌi tao dènge jaꞌa madhutu dadꞌèi èu."" Ropa Sarai padhai lii sèmi èèna, hèia Sarai pakèdꞌi nèti madha na.","Èle èèna ka, Abram peka dènge Sarai, aku nèngu na, ""Sèmi neꞌe! Dhèu ènu èu ne, ètu kacui-aai èu. De èu hudꞌi tao dènge nèngu madhutu dadꞌèi èu."" Aa Sarai paj'èra nèngu, aa nèngu pakèd'i nèti madha na.",,eng,nfa,English,Dhao,0.9595,-0.0958,0.1557
"and the messenger of yhwh finds her by the fountain of water in the wilderness, by the fountain in the way to shur,","na rai d'ai d'ara mamoo. hèia ana pajuu lamatua nèti sorga ca dhèu, rage ne dètu dènge madha èi, ètu j'ara la'e asa sur.","Èle èèna ka, ana pajuu èci nèti Ama Lamatua laꞌe paraga dènge Elisabet ètu sebhe èi ètu dꞌara mamoo ètu sebhe jꞌara, ètu sebhe jꞌara, ètu sebhe jꞌara.","Aa ana pajuu Ama Lamatua ladhe ne ètu madha èi ètu d'ara mamoo, ètu madha èi ètu j'ara asa Shur.",,eng,nfa,English,Dhao,16.6859,6.0723,8.6066
"and he says, hagar, sarai's handmaid, from where have you come, and to where do you go? and she says, from the presence of sarai, my mistress, i am fleeing.","ka na lii, aku nèngu na, èu ne hagar, ènu sarai. nga tao ka èu ètu ne'e? èu mai nèti mia, aa lamu mia? hèia hagar dhaa, aku nèngu na, ja'a rai nèti d'ara èmu lamatua ja'a.","Hèia na karèi Hagar, aku nèngu na, ""Hagar! Èu mai nèti mia? Èu laꞌe asa mia?"" Hèia na dhaa, aku nèngu na, ""Jaꞌa pakèdꞌi nèti Sarai, bhèni jaꞌa.""","Hèia na karèi Hagar, ènu Sarai, aku nèngu na, ""Èu mai nèti mia? Èu laꞌe asa mia?"" Hèia na dhaa, aku nèngu na, ""Jaꞌa pakèdꞌi nèti madha Sarai, ja'a lamatua bhèni.""",,eng,nfa,English,Dhao,4.8612,7.8592,7.074
"and the messenger of yhwh says to her, return to your mistress, and humble yourself under her hands;","ka ana pajuu èèna pamako ne, aku nèngu na, sèmi ne'e! be'a risi, èu lèpa hari asa adhe-aai sarai, lamatua èu. masi ka na tao èu tasamia èèna ka, sèmi la.","Èle èèna ka, ana pajuu Lamatua peka dènge ne, aku nèngu na, ""Ladhe èu lèpa hari asa bhèni èu, èu hudꞌi pakako sasabꞌa-laꞌa èu.""","Èle èèna ka, ana pajuu Lamatua peka dènge ne, aku nèngu na, ""Èu lèpa hari asa bhèni èu, aa pahaha iisi èu ètu haha ai na.""",,eng,nfa,English,Dhao,-4.7409,-1.8822,-2.394
"and the messenger of yhwh says to her, multiplying i multiply your seed, and it is not numbered from multitude;","baku madha'u. bèli-camèd'a, ja'a pabèba ana-èpu èu pa'ae-ae, toke dhèu ige rare boe.","Èle èèna ka, ana pajuu nèti Ama Lamatua peka dènge ne, aku nèngu na, ""Sèmi neꞌe: Jaꞌa neo jꞌajꞌi ana-èpu èu, aa jaꞌa neo jꞌajꞌi ana-èpu èu aaꞌi-aaꞌi, te ngaa jaꞌa bisa heka cahagꞌe.","Èle èèna ka, ana pajuu nèti Ama Lamatua peka dènge ne, aku nèngu na, ""Ja'a neo pabèba ana-èpu èu ae-ae, aa dhèu bisa boe ige rare si.""",,eng,nfa,English,Dhao,14.4352,17.252,17.2205
"and the messenger of yhwh says to her, behold you are conceiving, and bearing a son, and have called his name ishmael, for yhwh has listened to your affliction;","èu dhu dènge babia. nèbhu heka, èu mora iisi ana mone ca dhèu. èèna na mu pangare ne ismael dhu sasoa na ‘lamatua tadèngi', lula lamatua tadèngi le lii roma iisi èu.","Èle èèna ka, ana pajuu Lamatua nèti sorga peka dènge ne, aku nèngu na, 'Èu jꞌajꞌi bhèni, ka èu abhu ana mone ca dhèu. Èu hudꞌi pangare ne Ishmael, lula Lamatua tadèngi le jꞌajꞌèra èu.","Èle èèna ka, ana pajuu Lamatua nèti sorga peka dènge ne, aku nèngu na, 'Nanene! Èu dènge babia, ka èu nara iisi ana mone ca dhèu. Èu hudꞌi pangare ne Ishmael, lula Lamatua tadèngi le jꞌajꞌèra èu.",,eng,nfa,English,Dhao,5.3437,7.1794,6.2823
"and he is a wild-donkey man, his hand against everyone, and everyone's hand against him-and before the face of all his brothers he dwells.","ropa ana ne kapai, na mamuri pakaj'èu nèti a'ari na. lula nèngu ne, sama sèmi jara hui dhu d'èi boe nanene lii paredha. sad'i dhèu cee èèna ka, na sisu. aa dhèu aa'i-aa'i lab'a ne kahèi.","Nèti èèna ka, nèngu jꞌajꞌi dhèu bhelu-katubꞌa. Nèngu jꞌajꞌi dhèu bhelu-katubꞌa. Nèngu jꞌajꞌi dhèu bhelu-katubꞌa ètu madha aꞌari na aaꞌi-aaꞌi dhu na pea ètu dꞌara èmu na aaꞌi-aaꞌi ra. Nèti èèna ka, nèngu jꞌajꞌi dhèu bhelu-katubꞌa dhu jꞌajꞌi dhèu bhelu-katubꞌa ètu madha dhèu aaꞌi-aaꞌi ra. Nèngu jꞌajꞌi dhèu bhelu-katubꞌa ètu madha dhèu aaꞌi-aaꞌi ra.","Aa nèngu j'aj'i dhèu sèmi keled'ei bhelu, kacui-aai na laba dhèu aa'i-aa'i, aa kacui-aai dhèu aa'i-aa'i laba nèngu-aa ètu madha a'ari na aa'i-aa'i nèngu pea.",,eng,nfa,English,Dhao,16.1471,5.6962,5.8966
"and she calls the name of yhwh who is speaking to her, you are, o god, my beholder; for she said, even here have i looked behind my beholder?","ropa tadèngi nare, hagar ngee ka ètu d'ara na, aku nèngu na, ja'a kèdhi le lamatua, dhu ladhe-leru aa madhenge ja'a. hèia na hia ngara mi lamatua, lamatua dhu ladhe-leru ja'a.","Hèia na paroa dhèu dhu padhai lii dènge ne, ""Èu ne, ee, dewa, dhèu dhu ladhe-leru jaꞌa."" Nèti èèna ka, na paroa, aku nèngu na, ""Tasamia ka jaꞌa ladhe-leru nèti dhèu dhu ladhe-leru jaꞌa?""","Hèia na paroa kolongara Ama Lamatua dhu padhai lii dènge ne, ""Èu ne, ee, Dewa, dhèu dhu ladhe-leru jaꞌa;"" te na paroa, ""Ètu ne'e kahèi, ja'a ladhe le dhèu dhu ladhe-leru ja'a?""",,eng,nfa,English,Dhao,1.4136,0.9102,-0.6935
"therefore has one called the well, the well of the living one, my beholder; behold, between kadesh and bered.","nèti èèna ka, dhèu pangare madha èi na, beer lahai roi, dhu sasoa na madha èi nèti nèngu dhu mamuri, dhu ladhe-leru ja'a. era na, ètu talora aae nèti rae kades dènge rae beret. madha èi ne, abhu era toke d'ai sange ne'e.","Nèti èèna ka, abhu èci ètu èèna, dhu ngara na, 'Dhèu dhu mamuri ètu rai-haha ne.' Ètu èèna, abhu èci, dhu ngara na, 'Dhèu dhu mamuri ètu rai-haha ne.' Ètu èèna, abhu èci, dhu ngara na, 'Dhèu dhu mamuri ètu rai-haha ne.'","Nèti èèna ka, ra paroa èi èèna, 'Èi Dhèu dhu Mamuri, Dhèu dhu Rèdhi Ja'a.' Ètu talora Kades dènge Bered.",,eng,nfa,English,Dhao,-2.7468,-6.273,-6.2119
"and hagar bears a son to abram; and abram calls the name of his son, whom hagar has borne, ishmael;","èle èèna ka, hagar lèpa hari. hèia nara iisi ana mone ca dhèu. abram pangare ne ismael.","Èle èèna ka, Hagar nara iisi ana mone èci mi Abraham. Hagar nara iisi ana ne, ngara na Ishmael.","Èle èèna ka, Hagar nara iisi ana mone èci mi Abraham. Aa Abraham pangare ana na, Ishmael.",,eng,nfa,English,Dhao,1.074,4.6789,3.861
and abram is a son of eighty-six years in hagar's bearing ishmael to abram.,"lod'o hagar nare iisi ismael, umur abram aru nguru èna tèu kèna.","Èle èèna ka, Hagar nara iisi Abram dènge heka èpa nguru tèlu tèu ètu dꞌara èmu na. Nèti èèna ka, heka heka heka heka heka heka heka heka heka heka heka heka heka heka heka heka heka heka heka heka heka heka heka heka heka heka heka heka heka heka heka heka heka heka heka heka heka heka heka heka heka heka heka heka heka heka heka heka heka heka heka heka heka heka heka heka heka heka heka heka heka heka heka heka heka heka heka heka heka heka heka heka heka heka heka heka heka heka heka heka heka heka heka heka heka heka heka heka heka heka.","Èle èèna ka, Hagar nara iisi Abram dènge heka èpa nguru tèlu tèu ètu dꞌara èmu na. Nèti èèna ka, heka heka heka heka heka heka heka heka heka heka heka heka heka heka heka heka heka heka heka heka heka heka heka heka heka heka heka heka heka heka heka heka heka heka heka heka heka heka heka heka heka heka heka heka heka heka heka heka heka heka heka heka heka heka heka heka heka heka heka heka heka heka heka heka heka heka heka heka heka heka heka heka heka heka heka heka heka heka heka heka heka heka heka heka heka heka heka heka heka heka.",,eng,nfa,English,Dhao,0.0,0.0,0.0
"and abram is a son of ninety-nine years, and yhwh appears to abram, and says to him, i am god almighty, habitually walk before me, and be perfect;","ropa umur abram d'ai ceo nguru ceo tèu, lamatua mai pad'elo iisi dènge ne. ka na peka dènge abram, aku nèngu na, ja'a ne, ama lamatua dhu koasa risi eele. èu hud'i madhutu taruu dad'èi ja'a, dènge j'ara mamuri èu hud'i mola.","Èle èèna ka, Ama Lamatua padꞌelo jꞌara mi Abram, peka na, ""Jaꞌa ne, Ama Lamatua. Jaꞌa ne, Ama Lamatua dhu koasa aaꞌi-aaꞌi. Èu hudꞌi mamuri taruu ètu madha jaꞌa.","Èle èèna ka, Abram umur na ceo nguru ceo tèu, hèia Ama Lamatua padꞌelo jꞌara mi Abram, peka na, ""Jaꞌa ne, Ama Lamatua dhu koasa aaꞌi-aaꞌi. Èu hudꞌi mamuri taruu ètu madha jaꞌa, aa j'aj'i mola-mola.""",,eng,nfa,English,Dhao,10.3021,10.5401,9.2891
"and i give my covenant between me and you, and multiply you very exceedingly.",ja'a neo pa'èki lii pajaji dènge èu. aa ja'a neo pabèba kacanga ana-èpu èu.,"Èèna na Jaꞌa paꞌèki paꞌèci dènge miu, sèna ka miu jꞌajꞌi dhèu ae-ae.","Èèna na Jaꞌa paꞌèki paꞌèci dènge miu, aa Jaꞌa bèba-kacanga miu ae-ae.",,eng,nfa,English,Dhao,0.2542,8.6277,7.2872
"and abram falls on his face, and god speaks with him, saying,","hèia abram patitu kètu urutuu, ka na pacud'u kètu d'ai rai. ka ama lamatua tuhu hari lii padhai lii na, aku nèngu na,","Èle èèna ka, Abram patitu kètu urutuu, hèia Ama Lamatua peka dènge ne, aku nèngu na,","aa Abram bèbha sag'e'ba, hèia Ama Lamatua peka dènge ne, aku nèngu na,",,eng,nfa,English,Dhao,-13.3482,-17.3649,-16.4776
"i-behold, my covenant is with you, and you have become father of a multitude of nations; and your name is no longer called abram, but your name has been abraham, for father of a multitude of nations have i made you;","lii pajaji ja'a dènge èu sèmi ne'e ka: èèna na, èu j'aj'i bèi-baki nèti suku ae-ae. nèti èèna ka, èu pake ia ka ngara èu abram dhu sasoa na ‘ama dhu dhèu tadhe', te ngaa abraham dhu sasoa na ‘bèi-baki nèti suku ae-ae'.","Nèti èèna ka, Jaꞌa paꞌèki le dènge èu, sèna ka èu jꞌajꞌi dhèu aaꞌi-aaꞌi nèti suku aaꞌi-aaꞌi. Te ngaa èu jꞌajꞌi boe Abraham, te ngaa èu jꞌajꞌi dhèu aaꞌi-aaꞌi, lula Jaꞌa tao èu jꞌajꞌi dhèu aaꞌi-aaꞌi nèti suku aaꞌi-aaꞌi.","Bèli-camèd'a, Ja'a pa'èki le dènge èu, aa èu j'aj'i ama nèti dhèu aa'i-aa'i nèti suku aa'i-aa'i; aa ngara èu heka paroa ne Abram, te ngaa ngara èu j'aj'i Abraham, lula Ja'a tao èu j'aj'i ama nèti dhèu aa'i-aa'i nèti suku aa'i-aa'i.",,eng,nfa,English,Dhao,2.9664,3.38,2.0414
"and i have made you exceedingly fruitful, and made you become nations, and kings go out from you.",ja'a neo pabèba kacanga ana-èpu èu ae-ae. ja'a paj'aj'i si suku ae-ae. aa ja'a ded'e dhèu aae ae nèti rèngu sèra.,"Jaꞌa tao èu jꞌajꞌi dhèu ae-ae. Jaꞌa tao èu jꞌajꞌi suku-suku, aa dhèu aae-dhèu aaꞌi-aaꞌi mai nèti èu.","Jaꞌa tao èu jꞌajꞌi dhèu ae-ae. Jaꞌa tao èu jꞌajꞌi suku-suku, aa dhèu aae ae mai nèti èu.",,eng,nfa,English,Dhao,2.6826,0.3659,2.7271
"and i have established my covenant between me and you, and your seed after you, throughout their generations, for a perpetual covenant, to become god to you, and to your seed after you;","ja'a sanèd'e taruu lii pajaji ja'a dènge èu, aa dènge ana-èpu èu sèra. lii pajaji ne ma'ète boe toke taa-taa, lula ja'a ne'e ka ama lamatua nèti èu dènge ana-èpu mu.","Jaꞌa paꞌèki le lii pajaji Jaꞌa, sèna ka jꞌajꞌi Ama Lamatua mi èu dènge ana-èpu èu aaꞌi-aaꞌi ètu rai-haha ne, toke dꞌai mia-mia. Nèti èèna ka, Jaꞌa paꞌèki le dènge èu, sèna ka jꞌajꞌi Ama Lamatua mi èu dènge ana-èpu èu aaꞌi-aaꞌi ètu rai-haha ne, toke dꞌai mia-mia.","Jaꞌa paꞌèki le lii pajaji Jaꞌa dhu taha taruu, talora Jaꞌa dènge èu, dènge ana-èpu èu limuri èu toke dꞌai mia-mia, sèna ka Jaꞌa jꞌajꞌi Ama Lamatua mi èu dènge ana-èpu èu limuri èu.",,eng,nfa,English,Dhao,9.8554,1.3344,2.7471
"and i have given to you, and to your seed after you, the land of your sojournings, the whole land of canaan, for a continuous possession, and i have become their god.","rai kana'an ne aa'i-aa'i, bèli-camèd'a ja'a hia mi èu dènge ana-èpu èu. ne'e ne, èu dhoka pea manubha di ètu ne'e. te ngaa èèna na, j'aj'i mi unu ana-èpu èu toke taa-taa. aa ja'a j'aj'i ama lamatua rèngu sèra kahèi.","Jaꞌa ka dhu hia miu dènge ana-èpu miu jꞌajꞌi dhèu leo ètu rai-haha ne, toke dꞌai mia-mia. Jaꞌa ka dhu jꞌajꞌi dhèu aaꞌi-aaꞌi mi dhèu aaꞌi-aaꞌi ètu rai-haha ne.""","Ja'a ka dhu hia miu, dènge ana-èpu miu, rai dhu miu pea ètu, nuka rai Kana'an aa'i, ho j'aj'i unu taruu mi miu, aa ja'a ka dhu j'aj'i Lamatua rèngu.",,eng,nfa,English,Dhao,7.7543,9.0979,9.3716
"and god says to abraham, and you keep my covenant, you and your seed after you, throughout their generations; this is my covenant which you keep between me and you, and your seed after you: every male of you is to be circumcised;","te ngaa èu dènge ana-èpu èu sèra, hud'i kèpe pa'èra lii pajaji ne, dènge d'ara kateme ku. dhèu mone aa'i-aa'i ra, hud'i suna ku.","Èle èèna ka, Ama Lamatua peka hari dènge Abraham, aku Nèngu na, 'Èu dènge ana-èpu èu aaꞌi-aaꞌi ètu rai-haha ne, hudꞌi suna ku dhèu aaꞌi-aaꞌi dhu jꞌajꞌi dhèu unu Jaꞌa.","Aa Ama Lamatua peka dènge Abraham, aku Nèngu na, 'Èu hud'i tèke lii pajaji Ja'a, èu dènge ana-èpu èu limuri, ètu ana-lai èpu rèngu aa'i-aa'i. Lii pajaji Ja'a ne'e ka dhu èu hud'i tèke ètu talora Ja'a dènge èu, dènge ana-èpu èu limuri: dhèu mone aa'i-aa'i nèti miu hud'i suna.'",,eng,nfa,English,Dhao,2.7277,15.3664,10.3585
"and you have circumcised the flesh of your foreskin, and it has become a token of a covenant between me and you. and a son of eight days is circumcised by you; every male throughout your generations, born in the house, or bought with money from any son of a stranger, who is not of your seed; he is certainly circumcised who is born in your house, or bought with your money; and my covenant has become in your flesh a perpetual covenant;","ne'e ne, mone aa'i-aa'i hud'i suna, mulai nèti umur aru lod'o. a'ari èu, dhèu-dhèu sab'a èu, dènge ènu dhu èu hèli more nèti rai leo, aa'i-aa'i ra hud'i suna si. suna na j'aj'i tadha mi ngi'u miu, dhu pa'èki èdhi taa-taa.","Èle èèna ka, dhèu aaꞌi-aaꞌi dhu jꞌajꞌi dhèu aaꞌi-aaꞌi ètu dꞌara èmu miu, dhèu aaꞌi-aaꞌi dhu jꞌajꞌi dhèu aaꞌi-aaꞌi dhu jꞌajꞌi dhèu aaꞌi-aaꞌi. Èle èèna ka, dhèu aaꞌi-aaꞌi dhu jꞌajꞌi dhèu aaꞌi-aaꞌi dhu jꞌajꞌi dhèu aaꞌi-aaꞌi dhu jꞌajꞌi dhèu aaꞌi-aaꞌi dhu jꞌajꞌi dhèu aaꞌi-aaꞌi dhu jꞌajꞌi dhèu aaꞌi-aaꞌi. Èle èèna ka, dhèu aaꞌi-aaꞌi dhu jꞌajꞌi dhèu aaꞌi-aaꞌi dhu jꞌajꞌi dhèu aaꞌi-aaꞌi dhu jꞌajꞌi dhèu aaꞌi-aaꞌi dhu jꞌajꞌi dhèu aaꞌi-aaꞌi dhu jꞌajꞌi dhèu aaꞌi-aaꞌi. Èle èèna ka, dhèu aaꞌi-aaꞌi dhu jꞌajꞌi dhèu aaꞌi-aaꞌi dhèu aaꞌi-aaꞌi-aaꞌi dhu jꞌajꞌi dhèu aaꞌi dhèu aaꞌi-aaꞌi-aaꞌi-aaꞌi dhu jꞌi dhèu aaꞌi-aaꞌi-aaꞌi.","Èu hud'i suna isi rèu kètu èu, aa èèna j'aj'i mi tadha lii pajaji ètu talora aae ja'a dènge èu. Aa ana mone dhu umur aru lod'o, èu hud'i suna ne; ana mone aa'i-aa'i nèti lai ana-lai èpu miu, dhu rara iisi ètu d'ara èmu miu, do dhu hèli pake doi nèti ana dhèu leo kara, dhu j'aj'i boe nèti hini miu; nèngu hud'i suna mema, dhu rara iisi ètu d'ara èmu miu, do dhu hèli pake doi miu; aa lii pajaji ja'a j'aj'i le ètu isi miu, mi lii pajaji dhu taha taruu.",,eng,nfa,English,Dhao,14.8145,28.5908,26.1766
"and an uncircumcised one, a male, the flesh of whose foreskin is not circumcised, indeed, that person has been cut off from his people; my covenant he has broken.","mone mia dhu suna boe, rèngu sèra maso boe ètu d'ara lii pajaji ja'a ne, aa rèngu sèra j'aj'i boe dhèu ja'a kahèi.","Dhèu aaꞌi-aaꞌi dhu suna boe, nèngu hudꞌi pamadhe iisi nèti dhèu aaꞌi-aaꞌi ra. Nèti èèna ka, nèngu roꞌo boe paꞌèki dènge Jaꞌa. Nèti èèna ka, nèngu roꞌo boe madhutu paredha Jaꞌa.","Aa dhèu mone dhu suna boe, mema, dhèu èèna babège le nèti dhèu unu na; nèngu padhe le lii pajaji Ja'a.",,eng,nfa,English,Dhao,5.5354,1.7883,4.2321
"and god says to abraham, sarai your wife-you do not call her name sarai, for sarah is her name;","èle èèna ka, ama lamatua peka hari, aku nèngu na, nèti deo ne'e ne, èu paroa ia ka ngara dhèu èmu mu sarai, te ngaa sara.","Èle èèna ka, Ama Lamatua peka hari dènge Abraham, aku Nèngu na, ""Sarai, dhèu èmu èu. Èu hudꞌi heka paroa ne Sarai, te ngaa Sara ne, ngara na.","Èle èèna ka, Ama Lamatua peka dènge Abraham, aku Nèngu na, ""Sarai, dhèu èmu èu. Èu hud'i heka paroa ne Sarai, te ngaa Sara ne, ngara na.",,eng,nfa,English,Dhao,0.0667,-2.6229,-2.4961
"and i have blessed her, and have also given to you a son from her; and i have blessed her, and she has become nations-kings of peoples are from her.","èèna na ja'a hia mamèngi ae-ae mi sara, sèna ka nara iisi hia èu, ana mone ca dhèu. tare'a! bèli-camèd'a, sara j'aj'i bèi nèti suku ae-ae. aa èèna na, ja'a ded'e dhèu aae ae-ae nèti ana-èpu nèngu.","Bèli-camèdꞌa Jaꞌa paꞌèki le dènge èu, sèna ka èu abhu ana mone ca dhèu. Bèli-camèdꞌa Jaꞌa paꞌèki le dènge èu, sèna ka èu jꞌajꞌi dhèu aae-dhèu nèti suku aaꞌi-aaꞌi.","Bèli-camèdꞌa Jaꞌa paꞌèki le nèngu, aa Ja'a hia kahèi mi èu ana mone ca dhèu nèti nèngu. Bèli-camèdꞌa Jaꞌa paꞌèki le nèngu, aa nèngu j'aj'i suku-suku, aa dhèu aae-dhèu mai nèti nèngu.",,eng,nfa,English,Dhao,1.1483,3.2369,2.0359
"and abraham falls on his face, and laughs, and says in his heart, is one born to the son of one hundred years? or does sarah-daughter of ninety years-bear?","hèia abraham patitu kètu urutuu ka pacud'u kètu d'ai rai. te ngaa na mari ètu d'ara. na pangee, na, mone heka bhora dhu cangasu tèu sama sèmi ja'a ne, bisa abhu ana era? aa sara dhu heka gagoo-gagehu ne, dhu ceo nguru tèu kèna, nara iisi hari sa mia?","Èle èèna ka, Abraham patitu kètu urutuu na, ka na ngèlu-mèu. Hèia na karèi, aku nèngu na, ""Èu pangee, na, ana jaꞌa ne dènge lodꞌo dꞌai mia, do Sara dènge lodꞌo dꞌai nèti nguru nguru nguru tèu, na, ana jaꞌa jꞌajꞌi dhèu aaꞌi-aaꞌi?""","Èle èèna ka, Abraham patitu kètu urutuu na, ka na mari. Hèia na peka ètu d'ara na, ""Dhèu dhu umur cangasu tèu, na, rara iisi ana mone, do? Do Sara dhu umur ceo nguru tèu, na, rara iisi ana, do?""",,eng,nfa,English,Dhao,4.4077,8.87,9.6798
"and abraham says to god, o that ishmael may live before you;","ka na peka dènge lamatua, aku nèngu na, hud'i ka laa, ismael ka dhu abhu pusaka ja'a èèna ka, ngaa-ngaa tao boe.","Hèia Abraham peka dènge Ama Lamatua, aku nèngu na, ""Sèmi neꞌe!","Hèia Abraham peka dènge Ama Lamatua, aku nèngu na, ""O, pe Isma'el muri ètu madha èu!""",,eng,nfa,English,Dhao,2.7564,3.3609,2.3205
"and god says, your wife sarah is certainly bearing a son to you, and you have called his name isaac, and i have established my covenant with him, for a perpetual covenant, to his seed after him.","te ngaa aku ama lamatua na, aad'o sèmi èèna! bèli-camèd'a, dhèu èmu mu sara, nara iisi ana mone ca dhèu. pangare ne isak. lii jaji ja'a ne, lèke mi nèngu dènge ana-èpu na toke mia-mia.","Èle èèna ka, Ama Lamatua peka dènge ne, aku Nèngu na, 'Bèli-camèdꞌa Sara bhèni èu abhu ana mone ca dhèu. Èu hudꞌi pangare ne, Isak.' Ka Jaꞌa paꞌèki lii pajaji Jaꞌa dènge ne, sèna ka paꞌèki dènge ana-èpu na, toke dꞌai mia-mia.'","Èle èèna ka, Ama Lamatua peka dènge ne, aku Nèngu na, 'Bèli-camèdꞌa Sara bhèni èu abhu ana mone ca dhèu. Èu hudꞌi pangare ne, Isak.' Ka Jaꞌa paꞌèki lii pajaji Jaꞌa dènge ne, sèna ka paꞌèki dènge ana-èpu na, toke dꞌai mia-mia.'",,eng,nfa,English,Dhao,0.0,0.0,0.0
"as for ishmael, i have heard you; behold, i have blessed him, and made him fruitful, and multiplied him, very exceedingly; twelve princes does he beget, and i have made him become a great nation;","ja'a tadèngi le ngaa dhu èu manèngi kahèi, hia ismael. nèti èèna ka, ja'a hia berkat mi nèngu kahèi, aa hia ana-èpu na tabha ae. bèli-camèd'a ana-èpu ismael ne, j'aj'i mi canguru dua kapala suku. aa ana-èpu na suku èci dhu kapai.","Jaꞌa tadèngi le lula-nèti Ismael. Jaꞌa manèngi-mangajꞌi le, sèna ka na jꞌajꞌi dhèu aaꞌi-aaꞌi. Jaꞌa tao ne jꞌajꞌi dhèu aaꞌi-aaꞌi, aa jꞌajꞌi dhèu aaꞌi-aaꞌi. Nèngu jꞌajꞌi dhèu aae-aaꞌi, dhèu aae-dhèu kapai canguru dua. Jaꞌa tao ne jꞌajꞌi dhèu unu aaꞌi-aaꞌi.","Jaꞌa tadèngi le lula-nèti Ismael; kacaꞌa laa, Jaꞌa mèngi le ne, aa tao ne jꞌajꞌi ae, aa patabha ne ae titu kèna; nèngu matana dhèu aae-dhèu kapai canguru dua, aa Jaꞌa tao ne jꞌajꞌi bangsa aae.",,eng,nfa,English,Dhao,1.8058,-0.5709,0.3615
"and my covenant i establish with isaac, whom sarah does bear to you at this appointed time in the next year;","masi ka sèmi èèna, lii pajaji ja'a ne, lèke dhoka mi ana mu isak di. tèu mai ni, hèru sèmi ne'e kahèi, sara nara iisi le.","Èle èèna ka, bèli-camèdꞌa dꞌai lodꞌo èèna, Sara nara iisi na Isak. Nèti èèna ka, Jaꞌa paꞌèki paꞌèki dènge Isak, sèna ka jꞌajꞌi dhèu unu Jaꞌa.""","Aa lii pajaji Ja'a, Ja'a pa'èra dènge Isak, dhu Sara nara iisi mi èu pe d'ai tèu mai nèi ètu tèu bèli.",,eng,nfa,English,Dhao,3.7656,4.3672,5.0792
"and he finishes speaking with him, and god goes up from abraham.","ropa padhai lii nare, ka ama lamatua tèke eele abraham.","Èle èèna ka, Ama Lamatua kalua nèti Abraham.","Ropa nèngu èle padhai lii dènge nèngu, ka Ama Lamatua ca'e nèti Abraham.",,eng,nfa,English,Dhao,4.0534,14.1315,13.1674
"and abraham takes his son ishmael, and all those born in his house, and all those bought with his money-every male among the men of abraham's house and circumcises the flesh of their foreskin, in this very same day, as god has spoken with him. and abraham is a son of ninety-nine years in the flesh of his foreskin being circumcised; and his son ishmael is a son of thirteen years in the flesh of his foreskin being circumcised; in this very same day abraham has been circumcised, and his son ishmael; and all the men of his house-born in the house, and bought with money from the son of a stranger-have been circumcised with him.","lod'o èèna kahèi, abraham tao dènge ka, madhutu sèmi lii paredha ama lamatua. ka na suna. na suna ana na, ismael, dènge dhèu mone aa'i-aa'i dhu pea dènge ne. lod'o èèna, umur abraham ceo nguru ceo tèu le, aa ismael canguru tèlu tèu.","Èle èèna ka, dhèu aaꞌi-aaꞌi nèti dhèu aaꞌi-aaꞌi ètu dꞌara èmu Abraham suna dènge doi na. Èle èèna ka, dhèu aaꞌi-aaꞌi nèti dhèu aaꞌi-aaꞌi ètu dꞌara èmu Abraham suna dènge doi na. Èle èèna ka, dhèu aaꞌi-aaꞌi ètu dꞌara èmu Abraham suna dènge doi na. Èle èèna ka, dhèu aaꞌi-aaꞌi nèti dhèu aaꞌi-aaꞌi ètu dꞌara èmu Abraham suna dènge doi na.","Èle èèna ka, Abraham nèd'u ana na Ismael, dènge dhèu aa'i-aa'i dhu rara iisi ètu d'ara èmu na, dènge dhèu aa'i-aa'i dhu hèli dènge doi na — nuka dhèu mone aa'i-aa'i nèti dhèu èmu Abraham. Hèia na suna isi ka'uri ra, ètu lod'o èci èèna kèna, sèmi Ama Lamatua peka dènge nèngu. Aa Abraham dhu umur ceo nguru ceo tèu kèna ropa isi ka'uri na dhu ra suna; aa ana na Ismael dhu umur canguru tèlu tèu kèna ropa isi ka'uri na dhu ra suna. Ètu lod'o èci èèna kèna, Abraham dènge ana na Ismael dhu ra suna; dènge dhèu mone aa'i-aa'i nèti èmu na — dhu rara iisi ètu d'ara èmu, dènge dhu hèli dènge doi nèti ana dhèu leo — dhu ra suna dènge nèngu.",,eng,nfa,English,Dhao,11.4198,25.1921,19.3232
"and yhwh appears to him among the oaks of mamre, and he is sitting at the opening of the tent, about the heat of the day;","ca tèka, abraham pea padètu dènge aj'u aae canau ètu mamre. lamatua mai pad'elo iisi na mi nèngu ètu era èèna. lii lolo na sèmi ne'e ka: lod'o èèna, sagoro ae titu kèna, ka abraham madhèdi ètu hèb'a paleo na, sèna ka abhu ngèlu g'oro ciki.","Èle èèna ka, Yohanis ladhe nèdhi ne ètu dꞌara ajꞌu ajꞌu ajꞌu ajꞌu ajꞌu ajꞌu ajꞌu ajꞌu ajꞌu ajꞌu ajꞌu ajꞌu ajꞌu ajꞌu ajꞌu ajꞌu ajꞌu ajꞌu ajꞌu ajꞌu ajꞌu ajꞌu ajꞌu ajꞌu ajꞌu ajꞌu ajꞌu ajꞌu ajꞌu ajꞌu ajꞌu ajꞌu ajꞌu ajꞌu ajꞌu ajꞌu ajꞌu ajꞌu ajꞌu ajꞌu ajꞌu ajꞌu ajꞌu ajꞌu ajꞌu ajꞌu ajꞌu ajꞌu ajꞌu.","Aa Ama Lamatua bhodho mi nèngu ètu aj'u-aj'u Mamre, aa nèngu madèdhi ètu hèba ngi'u aae, ele.boe pana lod'o.",,eng,nfa,English,Dhao,6.6672,9.5076,9.9274
"and he lifts up his eyes and looks, and behold, three men standing by him, and he sees, and runs to meet them from the opening of the tent, and bows himself toward the earth,","ropa abraham boti kètu na, ladhe nèdhi dhèu tèlu dhu titu kaj'èu boe nèti era èèna. hèia na rai la'e soru nare si. ropa na d'ai madha si, na patitu kètu urutuu na,","Èle èèna ka, na ladhe nèdhi dhèu tèlu dhu titu ètu sebhe na. Hèia na rai paraga dènge rèngu. Hèia na patitu kètu urutuu, hèia na patitu kètu urutuu.","Èle èèna ka, na boti musi madha na, hèia na ladhe nèdhi dhèu tèlu dhu titu ètu sebhe na. Hèia na ladhe, ka na rai paraga dènge rèngu nèti hèba paleo na, hèia na patitu kètu urutuu asa rai-haha.",,eng,nfa,English,Dhao,-4.394,4.5534,3.4041
"and he says, my lord, if now i have found grace in your eyes, please do not pass on from your servant;","ka na peka, aku nèngu na, ama si. mai dhuli ku ho minu èi ciki.","Hèia dhèu sabꞌa ne dhaa, aku nèngu na, 'Ama! Ladhe ama sue jaꞌa, ee!","Hèia nèngu dhaa, 'Ama lamatua, ladhe ama sue ja'a, ee! baku lènge nèti dhèu sab'a ama.'",,eng,nfa,English,Dhao,-13.7381,-10.6035,-12.4999
"please let a little water be accepted, and wash your feet, and recline under the tree;","ama si ae ciki mi mamaho ne'e. ho ana-ana iiki rèti èi, sèna ka rasa haga miu.","Jaꞌa manèngi sèna ka jaꞌa hia jaꞌa èi èci sa, sèna ka èu sabꞌa ajꞌu èu, sèna ka madhèdi ètu dꞌara ajꞌu neꞌe. De jaꞌa manèngi sèna ka èu sabꞌa ajꞌu èu, sèna ka èu madhèdi ètu dꞌara ajꞌu neꞌe, sèna ka èu madhèdi ètu dꞌara ajꞌu neꞌe. De jaꞌa manèngi sèna ka èu sabꞌa ajꞌu èu, sèna ka èu madhèdi ètu dꞌara ajꞌu neꞌe.","Jaꞌa manèngi sèna ka èi èci sa ro'o, aa èu j'amo haga èu, aa èu madhèdi ètu haha aj'u.",,eng,nfa,English,Dhao,2.8078,0.2766,4.0901
"and i bring a piece of bread, and support your heart; afterward pass on, for therefore you have passed over to your servant; and they say, so may you do as you have spoken.","pe ja'a laku lalau nganga'a-nginu ho ama si mi'a ciki, sèna ka ako kadhii ciki, heka lami taruu kèna. te ja'a karej'e bisa lalau ama si. ka ra dhaa, aku rèngu na, ooo. ji'i dhuli.","Sèmi èèna kahèi dènge jaꞌa, sèna ka jaꞌa hia èu roti cahagꞌe, sèna ka dꞌara èu dꞌara beꞌa. Èle èèna ka, èu lèpa hari asa dhèu sabꞌa èu."" Hèia dhèu se dhaa, aku rèngu na, ""Ladhe sèmi èèna, èu bisa tao sèmi èèna.""","aa ja'a kèti roti cahag'e, sèna ka d'ara èu be'a. Èle èèna ka, èu lèpa hari, te èu lèpa le asa dhèu sab'a èu."" Hèia dhèu se dhaa, aku rèngu na, ""Sèmi èèna, èu tao sèmi èu peka le.""",,eng,nfa,English,Dhao,3.806,0.6451,1.2626
"and abraham hurries toward the tent, to sarah, and says, hurry three measures of flour-meal, knead, and make cakes;","hèia abraham pamèri sa d'ara paleo, la'e peka dènge sara, aku nèngu na, mèri! more tarigu dhu be'a risi, ca saku, ho tao roti!","Èle èèna ka, Abraham kèdꞌi laꞌe asa hèbꞌa Sara, ka na peka, aku nèngu na, ""Sèmi neꞌe! Èu hudꞌi pajꞌujꞌu ku tèlu ajꞌu hèbꞌa. Èle èèna ka, èu pajꞌujꞌu ku roti ètu dꞌara hèbꞌa èu. Èle èèna ka, èu hudꞌi pajꞌujꞌu ku tèlu ajꞌu hèbꞌa ètu dꞌara hèbꞌa èu. Èu hudꞌi pajꞌujꞌu ku tèlu ajꞌu hèbꞌa ètu dꞌara hèbꞌa èu. Èu hudꞌi pajꞌujꞌu ku tèlu ajꞌu hèbꞌa ètu dꞌara hèbꞌa èu.""","Aa Abraham kèd'i la'e asa hèb'a mi Sara, ka na peka, ""Sèmi! Tare tèlu saku tarigu, pab'ali, aa tao roti.""",,eng,nfa,English,Dhao,2.9801,2.5669,4.9375
"and abraham ran to the herd, and takes a son of the herd, tender and good, and gives to the young man, and he hurries to prepare it;","ka rai la'e hari asa era sapi na, hèia kèpe ana sapi kabèb'u ci'u. ka na pua dhèu sab'a na sa, pare.","Èle èèna ka, Abraham laꞌe asa dꞌara oka na. Hèia na kèpe ana mone ca dhèu dhu beꞌa, ka na hia ne asa ana mone ne. Hèia Abraham laꞌe paꞌèci dènge ana mone ne, sèna ka naꞌa-nori ana mone ne, sèna ka naꞌa-nori ana ne ètu dꞌara oka na, sèna ka naꞌa-nori dhèu aaꞌi-aaꞌi, sèna ka naꞌa-nori dhèu aaꞌi-aaꞌi, sèna ka naꞌa-nori dhèu aaꞌi-aaꞌi, sèna ka naꞌa-nori dhèu aaꞌi-aaꞌi, sèna ka naꞌa-nori dhèu aaꞌi-aaꞌi, sèna ka naꞌa-nori dhèu aaꞌi-aaꞌi.","Èle èèna ka, Abraham rai asa d'ara oka na. Hèia na kèpe ana oka ca dhèu dhu mako dènge be'a, ka na hia ne asa ana mone ne. Ka na mèri sèna ka na roro ne.",,eng,nfa,English,Dhao,3.7303,5.0954,8.1953
"and he takes butter and milk, and the son of the herd which he has prepared, and sets before them; and he is standing by them under the tree, and they eat.","hèia la'e nare susu, keju dènge sisi dhu heka nasu èèna, nèti hia tamu sèra ra'a. abraham titu taruu ètu mamaho aj'u, ho na lalau si.","Èle èèna ka, na kèpe hèbꞌa na dènge hèbꞌa na. Hèia na dedꞌe ana sapi èèna, ho raꞌa-rinu. Èle èèna ka, na madhèdi ètu dꞌara ajꞌu èèna, sèna ka raꞌa-rinu. Èle èèna ka, ana sapi èèna madhèdi ètu dꞌara ajꞌu èèna, ètu dꞌara ajꞌu èèna, ètu dꞌara ajꞌu èèna, hèia raꞌa-rinu ètu dꞌara ajꞌu èèna.","Èle èèna ka, na kèpe mènyi dènge èi susu, aa ana sapi dhu na sadia nare. Hèia na tèka ètu madha rèngu. Aa na madhèdi ètu sebhe rèngu ètu haha aj'u èèna, hèia ra'a-rinu.",,eng,nfa,English,Dhao,4.4772,7.5781,8.6163
"and they say to him, where is sarah your wife? and he says, behold-in the tent;","hèia ra karèi ne, aku rèngu na, dhèu èmu mu sara, ka mia? na dhaa, aku nèngu na, nuka d'ara paleo èèna.","Èle èèna ka, dhèu se karèi ne, peka na, ""Sara, dhèu èmu èu, ètu mia?"" Ka na dhaa, aku nèngu na, ""Nèngu ètu dꞌara èmu èèna.""","Èle èèna ka, dhèu se karèi ne, peka na, ""Sara, dhèu èmu èu, ètu mia?"" Ka na dhaa, aku nèngu na, ""Nanene! Nèngu ètu dꞌara èmu èèna.""",,eng,nfa,English,Dhao,-1.5475,-0.2274,-0.5435
"and he says, returning i return to you, about the time of life, and behold, to sarah your wife a son. and sarah is listening at the opening of the tent, which is behind him;","ka ca dhèu nèti rèngu se padhai lii, aku nèngu na, pe d'ai tèu mai nèi, ja'a lèpa hari mai. lod'o èèna, dhèu èmu èu sara nare iisi le ana mone ca dhèu. ropa rèngu padhai lii èèna, sara nanene nèti kabodho babèdho.","Hèia Ama Lamatua dhaa, aku Nèngu na, 'Bèli-camèdꞌa dꞌai lodꞌo èèna, jaꞌa lèpa hari asa èu. Pe dꞌai lodꞌo èèna, dhèu èmu èu Sara abhu ca dhèu ca dhèu.' Hèia Sara tadèngi lii padètu hèbꞌa ètu dꞌara hèbꞌa.","Hèia Ama Lamatua dhaa, aku Nèngu na, 'Ja'a lèpa hari asa èu, d'ai lod'o mamuri. Aa bèli-camèd'a, dhèu èmu èu Sara abhu ana mone ca dhèu.' Hèia Sara tadèngi ètu hèb'a paleo, dhu ètu kabodho nèngu.",,eng,nfa,English,Dhao,2.9258,3.789,3.2099
"and abraham and sarah are aged, entering into days-the way of women has ceased to be to sarah;","lod'o èèna, abraham dènge sara dhu heka bhoro le, ngaa hari sara dhu abhu heka hèru.","Èle èèna ka, bèli-camèdꞌa Abraham dènge Sara kèdꞌi le. Te ngaa dꞌai lodꞌo èèna, bèli-camèdꞌa Abraham dènge Sara kèdꞌi le.","Abraham dènge Sara kèd'i le, dhu heka d'ara rèngu sèmi ne'e ne. Aa Sara dhu bèdho mèno le.",,eng,nfa,English,Dhao,0.1271,5.2549,5.5997
"and sarah laughs in her heart, saying, after i have waxed old have i had pleasure? my lord is also old!","ropa sara tadèngi padhue-padhai rèngu se, ka na mari kèmu. na pangee na, ja'a dhu heka roto-roto sèmi ne'e ne, aa dhèu èmu ja'a dhu roe nia heka. tasamia ji'i bisa tao sèmi ana ngèru dhu leo-èmu hiu, ho abhu ana?","Èle èèna ka, Sara peka dènge dꞌara na, aku nèngu na, ""Bèli-camèdꞌa, ladhe jaꞌa keꞌa mèu-mèu, na, ama jaꞌa keꞌa mèu-mèu kahèi. Te ama jaꞌa keꞌa mèu-mèu kahèi!""","Èle èèna ka, Sara peka dènge d'ara na, aku nèngu na, ""Ladhe ja'a heka dhui le, na, ja'a abhu karej'e le do? Ama ja'a heka dhui le kahèi!""",,eng,nfa,English,Dhao,6.4431,4.6812,5.4684
"and yhwh says to abraham, why is this? sarah has laughed, saying, is it really true-i bear-and i am aged?","ka lamatua peka dènge abraham, aku nèngu na, nga tao ka sara mari? ele boe na ngee na, lii padhai ja'a ne j'aj'i boe, lula nèngu heka le.","Èle èèna ka, Abraham karèi, aku nèngu na, ""Nga tao ka èu tao sèmi èèna?""","Lamatua peka dènge Abraham, ""Nga tao ka sèmi ne'e ne? Sarah radhu, peka na, ""Tare'a-re'a ka ja'a nara iisi, aa ja'a heka dhui le?""",,eng,nfa,English,Dhao,-2.8523,13.1461,9.73
"is anything too wonderful for yhwh? at the appointed time i return to you, about the time of life, and sarah has a son.","ja'a ne, lamatua! abhu boe ngaa èci sa dhu ja'a bisa boe tao. sanèd'e paie. tèu mai, ladhe ja'a lèpa hari mai, sara dhu nara iisi le, ana mone ca dhèu.","Èle èèna ka, bèli-camèdꞌa jaꞌa lèpa hari asa èu, dꞌai lodꞌo èèna, hèia Sara abhu ana mone.""","Bèli-camèd'a, abhu ngaa-ngaa dhu malaa risi eele hia Lamatua? D'ai lod'o dhu na padhadha, ja'a lèpa hari asa èu, ele boe lod'o mamuri, aa Sara abhu ana mone.",,eng,nfa,English,Dhao,5.8935,14.9953,13.2521
"and sarah denies, saying, i did not laugh; for she has been afraid; and he says, no, but you did laugh.","ropa tadèngi lii èèna, sara j'aj'i madha'u. ka na pasili, aku nèngu na, ja'a mari boe, nga! te ngaa lamatua b'ala, na, deo na, èu mari, nga.","Te ngaa Sara dhaa, aku nèngu na, ""Tareꞌa! Jaꞌa madhaꞌu boe."" Hèia Abraham dhaa, aku nèngu na, ""Tareꞌa! Èu madhaꞌu kahèi!""","Te ngaa Sara dhaa, aku nèngu na, ""Ja'a mari boe."" Lula nèngu madha'u. Hèia Abraham dhaa, aku nèngu na, ""Aad'o, te èu mari mema.""",,eng,nfa,English,Dhao,11.239,10.7493,10.6581
"and the men rise from there, and look on the face of sodom, and abraham is going with them to send them away;","èle ka, dhèu tèlu se pakèd'i neo lasi asa kota sodom. ka abraham lere si d'ai talora j'ara. nèti era èèna, ladhe rèdhi kota sodom.","Èle èèna ka, dhèu dua se tèke eele kota Sodom, ka ra ladhe-leru. Te ngaa Abraham laꞌe dènge rèngu sèna ka paꞌele iie si.","Èle èèna ka, dhèu dua se tèke eele, ka ra ladhe-leru kota Sodom, aa Abraham laꞌe dènge rèngu sèna ka paꞌele iie si.",,eng,nfa,English,Dhao,-0.1193,-0.3764,-0.5914
"and yhwh said, am i concealing from abraham that which i am doing,","ka lamatua ngee ètu d'ara na, hua iia ja'a peka dènge abraham, ja'a neo palaho kota sodom.","Hèia Lamatua dhaa, aku nèngu na, 'Tasamia? Jaꞌa neo tao jꞌara ne, sèna ka dhèu aaꞌi-aaꞌi bisa reꞌa, na, jaꞌa tao jꞌara ne, sèna ka dhèu aaꞌi-aaꞌi bisa reꞌa, na, jaꞌa tao jꞌara ne, sèna ka dhèu aaꞌi-aaꞌi bisa reꞌa, na, jaꞌa tao jꞌara ne, sèna ka dhèu aaꞌi-aaꞌi bisa reꞌa mèu-mèu.'","Hèia Lamatua dhaa, ""Ja'a huni ngaa dhu ja'a tao ngèti abraham, do?""",,eng,nfa,English,Dhao,7.4298,2.7481,5.7392
"and abraham certainly becomes a great and mighty nation, and blessed in him have been all nations of the earth?","te ladhe èèna na, ana-èpu na asa tabha ae, aa suku dhu kapai. aa nèngu ne, èèna na, j'aj'i berkat mi suku aa'i-aa'i ètu rai-haha ne.",Bèli-camèdꞌa Abraham jꞌajꞌi le dhèu aaꞌi-aaꞌi nèti suku aaꞌi-aaꞌi ètu rai-haha ne. Bèli-camèdꞌa Abraham jꞌajꞌi le dhèu aaꞌi-aaꞌi nèti suku aaꞌi-aaꞌi ètu rai-haha ne.,"Aa bèli-camèd'a Abraham j'aj'i suku dhu aae dènge kadhii, aa suku aa'i-aa'i ètu rai-haha ne, oto le nèti nèngu.",,eng,nfa,English,Dhao,24.0396,14.5324,16.2686
"for i have known him, that he commands his children, and his house after him and they have kept the way of yhwh, to do righteousness and judgment, that yhwh may bring on abraham that which he has spoken concerning him.","ja'a hag'e kore le nèngu, ho na nori ana-èpu na dènge dhèu leo, sèna ka madhutu taruu j'ara lamatua, ho ra mamuri dènge mola. ladhe rèngu mamuri sèmi èèna, ja'a tao aa'i lii dhu ja'a pajaji dènge abraham.","Jaꞌa keꞌa, na, nèngu paredha ana-èpu na dènge isi èmu na, ho madhutu dadꞌèi Ama Lamatua, aa tao jꞌara-jꞌara dhu lèke. Jaꞌa keꞌa, na, Ama Lamatua tao jꞌara-jꞌara dhu lèke, nuka sèmi dhu Jaꞌa peka le dènge Abraham.""","Te ja'a ne'a nèngu, na, nèngu paredha ana-ana na dènge isi èmu na, ho madhutu nèngu limuri, aa rèngu tèke j'ara Ama Lamatua, ho tao j'ara mola dènge huku dhu lèke, sèna ka Ama Lamatua tao madhutu ngaa dhu Nèngu peka lula-nèti Abraham.",,eng,nfa,English,Dhao,-0.7238,5.5255,5.735
"and yhwh says, the cry of sodom and gomorrah-because great; and their sin-because exceedingly grievous:","hèia lamatua peka dènge abraham, aku nèngu na, sèmi ne'e! ja'a tadèngi le, lii roma iisi dhèu ae, peka na, dhèu kota sodom dènge gomora bhabhelu ra seli-kolane.","Ka Lamatua peka hari, aku Nèngu na, ""Bèli-camèdꞌa kota Sodom dènge kota Gomora, dꞌara ra paꞌoo-parodha, lula dꞌara ra bhelu-katubꞌa.","Ka Lamatua peka, aku Nèngu na, ""Lii pa'oo-parodha nèti kota Sodom dènge Gomora aae; aa bhelu-katub'a ra bia titu kèna:""",,eng,nfa,English,Dhao,0.1939,-0.9884,-1.6322
"i go down now, and see whether according to its cry which is coming to me they have done completely-and if not-i know;","nèti èèna ka, ja'a puru madha ku mai, sèna ka kèdhi unu ku, ngaa dhu ja'a tadèngi sèra, tare'a, do aad'o. ladhe aad'o, pe ja'a ke'a unu ku.","Nèti èèna ka, jaꞌa lèpa asa rai-haha ne, sèna ka ladhe rèdhi lii padhai na, do aadꞌo, do aadꞌo? Jaꞌa keꞌa, do aadꞌo, do aadꞌo, do aadꞌo, do aadꞌo, do aadꞌo, do aadꞌo, do aadꞌo, do aadꞌo, do aadꞌo, do aadꞌo, do aadꞌo, do aadꞌo? Jaꞌa keꞌa, do aadꞌo, do aadꞌo, do aadꞌo, do aadꞌo, do aadꞌo, do aadꞌo, do aadꞌo, do aadꞌo, do aadꞌo, do aadꞌo, do aadꞌo, do aadꞌo, do aadꞌo, do aadꞌo, do aadꞌo, do aadꞌo, do aadꞌo!","Ja'a dha'u doe ne'e, aa ja'a neo ladhe rèdhi ladhe ra tao tesa madhutu tangi na dhu mai asa ja'a, aa ladhe aad'o, na, ja'a ne'a.",,eng,nfa,English,Dhao,13.3417,5.2415,8.059
"and the men turn from there, and go toward sodom; and abraham is yet standing before yhwh.","ropa lamatua padhai lii era dènge abraham, dhèu dua se lasi taruu sa kota sodom.","Èle èèna ka, dua ra tèke eele kota Sodom. Te ngaa Abraham kèdꞌi titu ètu madha Ama Lamatua.","Èle èèna ka, dua ra tèke eele nèi, aa lasi mi kota Sodom. Te ngaa Abraham kèdꞌi titu ètu madha Ama Lamatua.",,eng,nfa,English,Dhao,-0.1913,2.4706,1.9554
"and abraham draws near and says, do you also consume righteous with wicked?","hèia abraham la'e padètu dènge lamatua, ka na pamako na, peka na, tasamia? ama neo pamadhe aa'i dhèu-dhèu be'a pa'èci dènge dhèu-dhèu bhelu, do?","Hèia Abraham padhai lii dènge ne, aku nèngu na, ""Tasamia? Èu neo pamadhe dhèu dꞌara mola dènge dhèu bhelu-katubꞌa, do?","Hèia Abraham mai aku nèngu na, ""Tasamia? Èu kahèi neo pamadhe dhèu dꞌara mola dènge dhèu bhelu-katubꞌa, do?",,eng,nfa,English,Dhao,-0.9148,-2.1529,-2.1703
"perhaps there are fifty righteous in the midst of the city; do you also consume, and not bear with the place for the sake of the fifty righteous who are in its midst?","ladhe abhu dhèu lèmi nguru dhu be'a ètu d'ara kota èèna, ama pamadhe si hèi? do, ama palaho heka kota sèra, lula rèngu se'e, do?","Ladhe ètu dꞌara kota èèna, abhu kahèi dhèu lèmi nguru nguru dhèu dhu dꞌara mola. Èèna na èu neo pamadhe dhèu èèna, do aadꞌo? Ladhe ètu dꞌara kota èèna, abhu kahèi dhèu lèmi nguru dhèu dhu dꞌara mola.","Ele boe ètu d'ara kota èèna, abhu dhèu lèmi nguru dhu d'ara mola. Èu neo pamadhe kahèi, aa boe taha dènge era èèna lula dhèu lèmi nguru dhu d'ara mola dhu ètu d'ara na, do aad'o?",,eng,nfa,English,Dhao,11.9909,6.5044,7.2782
"far be it from you to do according to this thing, to put to death the righteous with the wicked; that it has been-as the righteous so the wicked-far be it from you; does the judge of all the earth not do justice?","ama baku tao sèmi èèna! mage dhoka, dhèu be'a sèra madhe hèi, lula ama neo pamadhe dhèu bhelu sèra. ama ka dhu pama'ète lii ètu dedha-liru dènge rai-haha. de ama ku unu mu dhu me'a j'ara èèna adil boe.","Bèli-camèdꞌa Ama Lamatua pamadhe dhèu dhu dꞌara beꞌa dènge dhèu bhelu-katubꞌa, sama sèmi dhèu dhu dꞌara beꞌa. Bèli-camèdꞌa Ama Lamatua pamadhe dhèu dhu dꞌara beꞌa dènge dhèu bhelu-katubꞌa, sama sèmi dhèu dhu dꞌara beꞌa dènge dhèu bhelu-katubꞌa. Bèli-camèdꞌa Ama Lamatua tao jꞌara dhu lèke mi dhèu aaꞌi-aaꞌi ètu rai-haha ne!""","Mage èu tao sèmi j'ara ne'e, ho pamadhe dhèu dhu d'ara be'a dènge dhèu bhelu-katub'a. Mage èu tao sèmi èèna, ho dhèu dhu d'ara be'a j'aj'i sama dènge dhèu bhelu-katub'a. Hakim dhèu aa'i-aa'i ètu rai-haha ne, tao boe j'ara dhu lèke, di?",,eng,nfa,English,Dhao,8.9558,5.9272,7.1664
"and yhwh says, if i find in sodom fifty righteous in the midst of the city, then have i borne with all the place for their sake.","ka lamatua dhaa, peka na, ladhe abhu dhèu be'a lèmi nguru dhèu ètu kota sodom, ja'a huku boe kota èèna, lula rèngu.","Èle èèna ka, Ama Lamatua peka, na, 'Ladhe jaꞌa paraga dènge dhèu lèke èpa nguru dhèu ètu kota Sodom, jaꞌa hudꞌi pamaꞌète ku dènge dhèu aaꞌi-aaꞌi ètu sèra.'","Èle èèna ka, Ama Lamatua peka, na, 'Ladhe jaꞌa paraga dènge dhèu lèke lèmi nguru dhèu ètu kota Sodom, ètu d'ara na, hèia jaꞌa pabia aaꞌi rai èèna lula rèngu.'",,eng,nfa,English,Dhao,5.7003,6.8434,6.0646
"and abraham answers and says, now behold, i have willed to speak to the lord, and i am dust and ashes;","hèia abraham padhai lii hari, aku nèngu na, ama, ja'a manèngi abho, lula ja'a neo padhai lii hari ciki. ja'a ne dhoka dhèu goa di, dhu ke'a boe ngaa-ngaa.","Hèia Abraham dhaa, aku nèngu na, 'Ladhe sèmi neꞌe, jaꞌa neo padhai lii dènge aꞌari jaꞌa, te ngaa limuri ne jaꞌa jꞌajꞌi mèdha-panyau.","Hèia Abraham dhaa, aku nèngu na, 'Nanene paie sange ne'e, ja'a neo padhai lii dènge Ama Lamatua, aa ja'a nuka ahu dènge ahu.'",,eng,nfa,English,Dhao,5.2359,2.959,3.1493
"perhaps there are lacking five of the fifty righteous-do you destroy for five the whole of the city? and he says, i do not destroy it, if i find there forty-five.","sèmi d'ai boe dhèu lèmi nguru dhu be'a, te ngaa dhoka èpa nguru lèmi di, tasamia? kura dhoka dhèu lèmi di, na ama neo palaho eele kota èèna, do? ka lamatua b'ala, aku nèngu na, ladhe ja'a abhu dhèu be'a èpa nguru lèmi, ja'a palaho boe kota èèna.","Ladhe jaꞌa paraga dènge dhèu lèmi dhèu dhu dꞌèlu-mèu ètu dꞌara kota èèna, abhu dhèu lèmi dhèu dhu dꞌèlu-mèu ètu dꞌara kota èèna. Te ngaa ladhe jaꞌa paraga dènge dhèu lèmi dhèu dhu dꞌèlu-mèu ètu dꞌara kota èèna, na, èu neo pamadhe dhèu lèmi dhèu ètu dꞌara kota èèna, do? Te ngaa ladhe jaꞌa paraga dènge dhèu lèmi dꞌèlu-mèu ètu dꞌara kota èèna, na, jaꞌa pamadhe boe dhèu ètu dꞌara kota èèna.""","Ladhe kura lèmi nèti lèmi nguru dhèu dhu d'ara mola, èu neo pamadhe lula lèmi dhèu, kota èèna aa'i-aa'i, do? Hèia na dhaa, ja'a pamadhe boe ne, ladhe ja'a rèdhi ètu nèi èpa nguru lèmi dhèu.",,eng,nfa,English,Dhao,9.4524,-1.0643,1.8117
"and he adds again to speak to him and says, perhaps there are found there forty? and he says, i do not do it, because of the forty.","ka abraham pamako hari, na, sèmi abhu dhoka èpa nguru dhèu be'a di, tasamia, ama? ka na dhaa, ladhe ja'a abhu èpa nguru dhèu be'a, ja'a huku boe si.","Hèia na karèi hari ne, aku nèngu na, ""Tasamia? Jaꞌa neo paraga dènge dhèu èpa nguru dhèu ètu dꞌara èmu èèna, do?"" Ka na dhaa, aku nèngu na, ""Aadꞌo! Jaꞌa neo paraga dènge dhèu èpa nguru dhèu èpa.""","Hèia na karèi hari ne, aku nèngu na, ""Ladhe paraga dhèu èpa nguru ètu nèi, do?"" Ka na dhaa, aku nèngu na, ""Ja'a tao boe, lula dhèu èpa nguru.""",,eng,nfa,English,Dhao,-0.6016,-4.6991,-3.3212
"and he says, please let it not be displeasing to the lord, and i speak: perhaps there are found there thirty? and he says, i do not do it, if i find there thirty.","abraham pamako hari, aku nèngu na, ama baku nasa. te abhu dhoka tèlu nguru dhèu be'a di, na tasamia? hèia na dhaa, ladhe ja'a abhu tèlu nguru dhèu be'a, ja'a huku boe si.","Hèia na dhaa, aku nèngu na, 'Jaꞌa manèngi sèna ka Ama Lamatua tao sèmi èèna. Ladhe jaꞌa paraga dènge dhèu 30 ètu dꞌara èmu èèna, na, ladhe jaꞌa paraga dènge dhèu 30 ètu dꞌara èmu èèna, na, jaꞌa bꞌala boe.' Te ngaa na dhaa, aku nèngu na, 'Ladhe jaꞌa paraga dènge dhèu 30 ètu dꞌara èmu èèna, jaꞌa bꞌala boe.'","Hèia na dhaa, 'Ja'a manèngi sèna ka baku pakarej'e d'ara Ama Lamatua. Aa ja'a peka: ele.boe abhu dhèu tèlu nguru ètu nèi?' Hèia na dhaa, 'Ja'a tao boe, ladhe ja'a abhu dhèu tèlu nguru ètu nèi.'",,eng,nfa,English,Dhao,13.0492,10.6946,11.3439
"and he says, now behold, i have willed to speak to the lord: perhaps there are found there twenty? and he says, i do not destroy it, because of the twenty.","hèia abraham peka hari, ama mage nasa ladhe ja'a karèi hari ciki. sèmi abhu dhoka dhèu dua nguru di dhu be'a, na tasamia? ka na dhaa hari, aku nèngu na, sèmi abhu dhèu dua nguru di dhu be'a, ja'a palaho eele boe kota èèna.","Hèia dhèu ne dhaa, aku nèngu na, 'Ladhe sèmi neꞌe, jaꞌa neo padhai lii dènge aꞌari èu. Ladhe jaꞌa paraga dènge dhèu èpa hari ètu dꞌara jꞌara neꞌe, na, ladhe jaꞌa paraga dènge dhèu èpa hari ètu dꞌara jꞌara neꞌe, na, ladhe jaꞌa paraga dènge dhèu èpa hari ètu dꞌara jꞌara neꞌe, na, ladhe jaꞌa paraga dènge dhèu èpa hari èpa hari ètu dꞌara jꞌara neꞌe, jaꞌa paꞌele iie ne.'","Hèia na dhaa, 'Ladhe ne'e, ja'a neo padhai lii dènge Lamatua: sina abhu ètu nèi dua nguru?' Hèia na dhaa, 'Ja'a baku pa'ele iie ne, lula dua nguru ne.'",,eng,nfa,English,Dhao,2.3741,-3.8313,-2.3823
"and he says, please let it not be displeasing to the lord, and i speak only this time: perhaps there are found there ten? and he says, i do not destroy it, because of the ten.","ka abraham katange lii padhai na, aa na karèi, peka na, ama! ja'a padhai lii hari ca tèka, te ngaa baku nasa dènge ja'a. tasamia, ladhe abhu dhoka canguru dhèu di dhu be'a? hèia na dhaa, ladhe ja'a abhu canguru dhèu dhu be'a ètu era èèna, ja'a palaho boe kota èèna.","Hèia dhèu ne dhaa, aku nèngu na, 'Jaꞌa manèngi sèna ka ama ku tao sèmi èèna. De jaꞌa neo padhai lii hari. Ladhe abhu ca dhèu sa ètu dꞌara èmu ne.' Te ngaa dhèu ne dhaa, aku nèngu na, 'Ladhe ca dhèu sa, jaꞌa paꞌele iie ne.'","Hèia nèngu dhaa, aku nèngu na, 'Manèngi sèna ka Ama Lamatua baku nasa. Aa ja'a padhai lii dhoka sèka ne'e di: ladhe abhu canguru dhèu sa ètu nèi?' Hèia nèngu dhaa, aku nèngu na, 'Ja'a pa'ele boe ne, lula canguru dhèu sèra.'",,eng,nfa,English,Dhao,11.1249,7.5103,7.2083
"and yhwh goes on, when he has finished speaking to abraham, and abraham has turned back to his place.","padhai lii èle sèmi èèna, lamatua la'e dènge ka, aa abraham lèpa kahèi.","Ropa na padhai lii dènge Abraham, hèia Abraham lèpa hari asa era èmu na.","Aa YHWH la'e, ropa na padhai lii nare dènge Abraham, hèia Abraham lèpa hari asa era èmu na.",,eng,nfa,English,Dhao,2.3997,3.2969,2.8571
"and two of the messengers come toward sodom at evening, and lot is sitting at the gate of sodom, and lot sees, and rises to meet them, and bows himself-face to the earth,","ètu d'ara lamatua dhu padhue-padhai era dènge abraham, ana pajuu na dhèu dua, lasi le asa kota sodom. d'ai nèi, lod'o oe cèna kèna. ka lot dhu madhèdi ètu hèb'a tedhe kota. ropa nèdhi dhèu dua se, la'e soru nare si. ka na patitu kètu urutuu, aa pacud'u kètu ètu madha ra.","Èle èèna ka, ana pajuu dua nèti sorga mai asa kota Sodom. Lot madhèdi ètu hèbꞌa jꞌara èèna, ka na patitu kètu urutuu.","Èle èèna ka, ana pajuu dua mai asa kota Sodom lod'o nihia. Aa Lot madhèdi ètu hèb'a kota Sodom. Aa Lot nèdhi, hèia na kèd'i ho soru si, aa na patitu kètu urutuu.",,eng,nfa,English,Dhao,6.4905,4.9847,5.4825
"and he says, now behold, my lords, please turn aside to the house of your servant, and lodge, and wash your feet-then you have risen early and gone on your way; and they say, no, but we lodge in the broad place.","ka na padhai lii, aku nèngu na, mai lati dhuli ku èmu ja'a la. sèna ka ama si rase haga, aa j'unu ètu èmu ja'a. pe bèli mad'ae, heka ama si kako hari kèna. ra dhaa, aku rèngu na, makasi. te ngaa repo ia ka. hud'i laa ji'i j'unu ètu d'ara lapa.","Hèia na dhaa, aku nèngu na, 'Ama-ama, jaꞌa manèngi sèna ka miu madhèdi ètu èmu jaꞌa, sèna ka madhèdi asa dꞌara èmu jaꞌa. De miu hudꞌi kèdꞌi uuru ku, ho laꞌe.' Ka dhèu se dhaa, aku rèngu na, 'Aadꞌo! Jiꞌi hudꞌi madhèdi ètu era èèna.'","Hèia nèngu dhaa, ""Sanèd'e, Ama-ama, ja'a manèngi sèna ka miu madhèdi ètu èmu ja'a, aa rase haga miu. Èle ka miu kèd'i uuru, ho la'e re j'ara miu."" Ka rèngu dhaa, ""Aad'o! Ji'i hud'i madhèdi ètu era bhèla.""",,eng,nfa,English,Dhao,-3.7548,-2.9799,-3.0679
"and he presses on them greatly, and they turn aside to him, and come into his house; and he makes a banquet for them, and has baked unleavened things; and they eat.","te ngaa lot pamako si loe boe, ka lasi manubha asa èmu na. ka lot si tunu roti, lalau mei, ka ra'a-rinu pa'èci.","Ropa tadèngi sèmi èèna, hèia dhèu dua sèra dꞌèi asa dꞌara èmu na. Èle èèna ka, hèia dhèu dua sèra manèngi-mangajꞌi dènge dhèu dua sèra. Hèia na tao dhèu dua sèna ka raꞌa. Èle èèna ka, dhèu dua sèra manèngi-mangajꞌi dènge dhèu dua sèra. Èle èèna ka, raꞌa ètu dꞌara èmu na. Ropa tadèngi sèmi èèna, hèia dhèu dua sèra manèngi-mangajꞌi dènge dhèu dua sèra. Èle èèna ka, hèia na tao dhèu dua sèra manèngi-mangajꞌi dènge dhèu dua sèra, ka raꞌa aaꞌi-aaꞌi raꞌa ètu dꞌara èmu na.","Aa nèngu paka`dhii si bia, hèia rèngu kabèli asa nèngu, aa maso asa d'ara èmu na; aa nèngu tao pesta mi rèngu, aa na bhubhu roti dhu pake boe ragi; aa rèngu ra'a.",,eng,nfa,English,Dhao,3.0345,5.8712,6.8425
"before they lie down, the men of the city-men of sodom-have surrounded the house, from young even to aged, all the people from the extremity;","dhu dua ra lasi mèka j'unu, cag'ag'a laa, dhèu mone sodom aa'i-aa'i, ana mone ngèru toke d'ai mone heka, mai reo rare èmu lot.","Èle èèna ka, dhèu aaꞌi-aaꞌi dhu tadèngi lii padhai Lamatua ètu dꞌara dꞌara èmu èèna, mulai nèti ana-èpu toke dhèu heka-dhèu heka. Dhèu aaꞌi-aaꞌi dhu tadèngi lii padhai Lamatua ètu dꞌara èmu èèna, reꞌa mèu-mèu. Ropa tadèngi lii padhai Lamatua, dhèu aaꞌi-aaꞌi dhu tadèngi lii padhai Lamatua ètu dꞌara èmu èèna, hèia ra lèpa asa dꞌara èmu èmu èèna. Ropa dhèu aaꞌi-aaꞌi dhu tadèngi lii padhai Lamatua, dhèu aaꞌi-aaꞌi ra reꞌa mèu-mèu ètu dꞌara èmu èèna.","Te'a boe ra bhèj'i, dhèu ètu kota sodom reo rare èmu, nèti ana ngèru toke dhèu heka, dhèu aa'i-aa'i nèti aa'i sebhe.",,eng,nfa,English,Dhao,27.2615,14.9922,19.5147
"and they call to lot and say to him, where are the men who have come to you tonight? bring them out to us, and we know them.","dhèu se'e pa'oo-parodha, peka mi lot, aku rèngu na, he, lot! mone dua deo sa, ètu mia? bhabhodho si mai, sèna ka ji'i j'unu dènge ra!","Ka ra paroa Lot, aku rèngu na, ""Dhèu-dhèu dhu mai ètu dꞌara èmu èu èèna, rèngu pea ètu mia?"" Hèia ra karèi Lot, aku rèngu na, ""Hudꞌi asa jiꞌi, sèna ka jiꞌi tadhe dhèu seꞌe.""","Ka ra paroa Lot, aku ne na, ""Dhèu-dhèu dhu mai mi èu mèda ne'e, rèngu pea ètu mia? Hud'i rèngu kalua asa ji'i, sèna ka ji'i tadhe dhèu se'e.""",,eng,nfa,English,Dhao,7.4306,0.9767,2.7903
"and lot goes out to them, to the opening, and the door has shut behind him,","hèia lot li'u la'e, ka na bèdho hari èmu.","Èle èèna ka, Lot laꞌe paraga dènge dhèu seꞌe. Ropa na bhoke jꞌara, hèia hèbꞌa ètu dꞌara èmu.","Èle èèna ka, Lot laꞌe paraga dènge dhèu seꞌe asa hèba, aa hèba èli bèdho ètu kabodho nèngu.",,eng,nfa,English,Dhao,0.1336,-2.2651,-4.3469
"and says, please, my brothers, do not do evil;","ka na lii, aku nèngu na, a'ari, ee! baku miu tao bhelu mi tamu ja'a se.",Aꞌari aaꞌi-aaꞌi! Jaꞌa manèngi sèna ka miu baku tao jꞌara bhelu-katubꞌa sèra.,"Aa peka, Aꞌari aaꞌi-aaꞌi! Jaꞌa manèngi sèna ka miu baku tao jꞌara bhelu-katubꞌa.",,eng,nfa,English,Dhao,-0.0146,0.4516,0.7567
"now behold, i have two daughters who have not known anyone; please let me bring them out to you, and do to them as is good in your eyes; only do nothing to these men, for therefore they have come in within the shadow of my roof.","mi nanene ku ja'a laa! ana bhèni ja'a, dhèu dua. dua ra dhu pa'èci mèka dènge dhèu mone. ja'a hia miu. mere, ho mi tao tasamia èèna ka, sad'i madhutu dad'èi miu. sad'i miu baku tao karehe mi tamu ja'a dhèu dua se. lula madhutu ad'a èdhi, ja'a ka dhu hud'i j'aga si.","Sèmi èèna kahèi dènge jaꞌa, ana bhèni jaꞌa dhèu dua dhu tadhe boe dhèu èci sa. De jaꞌa neo hia si asa madha èu. De èu hudꞌi tao dènge rèngu ngaa-ngaa dhu beꞌa mi dedha èu. Te ngaa èu hudꞌi tao boe dènge dhèu seꞌe, lula rèngu mai asa dꞌara èmu jaꞌa.","Mi nanene! Ja'a dènge ana bhèni ja'a dua dhu tadhe boe dhèu èci sa. De ja'a neo mèti si kalua asa madha èu. De èu hud'i tao dènge rèngu ngaa-ngaa dhu be'a mi dedha èu. Te ngaa èu hud'i tao boe dènge dhèu se'e, lula rèngu mai asa d'ara sanabhu badhu ja'a.",,eng,nfa,English,Dhao,3.7851,3.7172,3.1347
"and they say, come near here; they also say, this one has come to sojourn, and he certainly judges! now, we do evil to you more than to them; and they press against the man, against lot greatly, and come near to break the door.","masi ka sèmi èèna, dhèu sodom se pa'oo ma'ète boe, aku rèngu na, èu ne, baku patabha! te èu ne, dhèu tao mai ètu kabarai ji'i ne! de èu dènge boe hak ho kai ji'i. hua iia, èu pakaj'èu nèti era ne'e. te, ladhe lamu boe, ji'i tao èu bia risi nèti dhèu dua se'e! ka ra tule eele lot, hèia aa'i-aa'i ra rai lasi j'èje babèdho èmu.","Èle èèna ka, dhèu Yahudi sèra peka, aku rèngu na, ""Tareꞌa, ee! Èu hudꞌi laꞌe asa neꞌe."" Èle èèna ka, dhèu Yahudi sèra peka, aku rèngu na, ""Èu hudꞌi laꞌe asa neꞌe, ho jꞌajꞌi dhèu pamaꞌète lii langu èu."" Hèia dhèu Yahudi se tèke eele dhèu èèna, ka ra tenge undi, sèna ka tenge hèbꞌa èèna. Ka ra tenge eele hèbꞌa èèna, sèna ka bhelu-katubꞌa ètu dꞌara hèbꞌa èèna, sèna ka bhelu-katubꞌa ètu dꞌara hèbꞌa èèna, sèna ka bhelu-katubꞌa ètu dꞌara hèbꞌa èèna.","Aa ra peka, ""La'e dètu ne'e!"" Ra peka kahèi, ""Nèngu ne mai le ho pea ètu ne'e, aa nèngu tare'a-re'a pama'ète lii langu!"" Sange ne'e, èdhi tao bhabhelu mi èu risi nèti mi rèngu. Aa ra pacèli dhèu èèna, nuka lot, bia, aa ra la'e dètu ho lèku hèb'a èèna.",,eng,nfa,English,Dhao,-1.7547,-1.225,-0.3783
"and the men put forth their hand, and bring in lot to them, into the house, and have shut the door;","te ngaa dhèu dua se soro kacui-aai ra, ère pamaso lot, ka ra patèke èmu nèti d'ara.","Èle èèna ka, dhèu sabꞌa se tèke eele kacui-aai ra, sèna ka ra maso asa dꞌara èmu èèna. Èle èèna ka, dhèu sabꞌa se tèke eele hèbꞌa ètu dꞌara èmu èèna.","Aa dhèu se tèke eele kacui-aai ra, aa ra tèti maso lot hia rèngu asa d'ara èmu, aa ra bèdho hèb'a.",,eng,nfa,English,Dhao,9.5119,8.9014,8.6897
"and the men who are at the opening of the house they have struck with blindness, from small even to great, and they weary themselves to find the opening.","dua ra tao pabèdhu ana madha dhèu sodom aa'i-aa'i ra, ka rèdhi heka ngaa-ngaa. ra gogo tenge babèdho, te ngaa abhu boe.","Èle èèna ka, dhèu aaꞌi-aaꞌi dhu madhèdi ètu dꞌara hèbꞌa èmu èèna, bèli-camèdꞌa rèdhi mèka hèbꞌa èmu èèna. Ropa rèdhi bèli-camèdꞌa, hèia rèdhi mèka hèbꞌa èmu èmu èèna, hèia dhèu aaꞌi-aaꞌi dhu madhèdi ètu dꞌara hèbꞌa èmu èèna, bèli-camèdꞌa rèdhi mèka hèbꞌa èmu èèna.","Aa dhèu dhu pea ètu hèb'a èmu èèna, ra tao rèngu bèdhu, nèti dhèu iiki toke dhèu aae. Aa rèngu roca d'ara ho tenge hèb'a èmu.",,eng,nfa,English,Dhao,1.3675,1.9045,4.4528
"and the men say to lot, whom have you here still? son-in-law, your sons also, and your daughters, and all whom you have in the city, bring out from this place; for we are destroying this place, for their cry has been great before the face of yhwh, and yhwh does send us to destroy it.","hèia tamu dhèu dua se, peka dènge lot, aku rèngu na, lamatua ne'a le, bhabhelu-katub'a dhèu sodom se. nèti èèna ka, na paleha ji'i dua mi mai, sèna ka palaho eele kota ne. de èu dhu dènge a'ari leo dhu ètu d'ara kota ne, do aad'o? ladhe dènge ana mone, do ana bhèni, do dhèu èmu ana èu, do, sad'i cee èèna ka, lamu more si, ho rai ka nèti d'ara kota ne lai-lai!","Èle èèna ka, dhèu se karèi Lot, aku rèngu na, ""Sèmi neꞌe! Èu dènge cee ka dhu pea ètu neꞌe? Ana-èpu èu, ana-èpu èu, dènge dhèu aaꞌi-aaꞌi èu, aaꞌi-aaꞌi èu aaꞌi-aaꞌi dhu ètu dꞌara kota ne, èu hudꞌi pakèdꞌi nèti era neꞌe. Te jiꞌi neo pamadhe era neꞌe. Te ngaa limuri ne, rèngu aaꞌi-aaꞌi paꞌoo-parodha aaꞌi-aaꞌi ètu madha Ama Lamatua. Nèti èèna ka, Ama Lamatua pua jiꞌi mai, sèna ka jꞌajꞌi dhèu aaꞌi-aaꞌi ètu neꞌe.""","Èle èèna ka, dhèu se karèi Lot, aku rèngu na, ""Èu dènge cee ka dhu pea ètu neꞌe? Dhèu èmu ana-bhèni èu sèra, ana-mone èu kahèi, dènge ana-bhèni èu, dènge aaꞌi-aaꞌi dhu èu dènge ètu dꞌara kota ne, èu hudꞌi pakèdꞌi nèti era neꞌe. Te jiꞌi neo pamadhe era neꞌe, te paꞌoo-parodha rèngu kabꞌua ètu madha Ama Lamatua, aa Ama Lamatua pua jiꞌi mai, sèna ka pamadhe ne.""",,eng,nfa,English,Dhao,2.7015,3.2646,1.8674
"and lot goes out and speaks to his sons-in-law, those taking his daughters, and says, rise, go out from this place, for yhwh is destroying the city; and he is as one mocking in the eyes of his sons-in-law.","hèia lot la'e paraga dènge ana mone dhèu dua, dhu lii d'ai ana bhèni na. ka na peka, dua mi nanene paie! rai ka nèti d'ara kota ne, te lamatua neo palaho eele ne! te ngaa ra pangee na, lot padhai lii paleko di.","Èle èèna ka, Lot laꞌe padhai lii dènge ana mone na, aku nèngu na, 'Kèdꞌi! Lamu eele ka nèti era neꞌe! Te Ama Lamatua neo pamadhe kota ne.' Èle èèna ka, Lot padhai lii dènge ana mone na, nuka sèmi dhèu kapodꞌe-kabèli.","Èle èèna ka, Lot la'e padhai lii dènge ana mone matu na, dhèu dhu nare ana bhèni na, aku nèngu na, 'Kèd'i! Lamu eele ka nèti era ne'e! Te Ama Lamatua neo pamadhe kota ne.' Èle èèna ka, nèngu nuka sèmi dhèu kapod'e-kabèli ètu madha ana mone matu na.",,eng,nfa,English,Dhao,3.0965,4.4124,3.8472
"and when the dawn has ascended, then the messengers press on lot, saying, rise, take your wife, and your two daughters who are found present, lest you are consumed in the iniquity of the city.","bèli mad'ae aae era, ana pajuu lamatua dhèu dua se, pakaseti lot si, ho lasi karohe asa era kaj'èu. ra peka na, lami ka! ère mèti dhèu èmu mu, dènge ana bhèni èu dhèu dua sèra, ho rai ka. tèke eele kota ne'e! mage dhoka miu madhe aa'i palere-lere dènge kota ne.","Ropa dꞌai bèli madꞌae, ana pajuu Lamatua sèra, peka na, ""Kèdꞌi ka! Èu hudꞌi laꞌe ku dènge dhèu èmu èu, dènge ana-èmu èu dhèu dua, sèna ka baku pamadhe dènge dhèu bhelu-katubꞌa ètu dꞌara kota ne.""","Ropa d'ai mad'ae, hèia ana pajuu sèra pamanahu Lot, peka na, ""Kèd'i ka! Tare dhèu èmu èu, dènge ana-bhèni èu dhèu dua dhu nèdhi pea, sèna ka baku èu laho ètu d'ara babhelu kota ne.""",,eng,nfa,English,Dhao,-1.2458,-1.6049,-1.9008
"and he lingers, and the men lay hold on his hand, and on the hand of his wife, and on the hand of his two daughters, through the mercy of yhwh to him, and they bring him out, and cause him to rest outside the city.","te ngaa lot neka-neka era, masi ka lamatua neo hia ne mamuri. nèti èèna ka, tamu dhèu dua se nuni lot, dhèu èmu na, dènge ana bhèni dhèu dua sèra, rèti asa li'u kota.","Ropa tadèngi lii padhai Ama Lamatua sèmi èèna, hèia ra kèpe ne dènge kacui-aai na, dènge dhèu èmu na dènge ana-èmu na dua ra. Ropa Lamatua padꞌelo dꞌara hua iia Na mi neꞌe, ka ra kèpe ne asa liꞌu kota.","Aa na pea taruu, hèia dhèu mone sèra kèpe kacui-aai na, dènge kacui-aai dhèu èmu na, dènge kacui-aai ana-bhèni na dua ra, lula d'ara hua iia Lamatua mi ne'e, ka ra kèpe ne kalua, hèia pahia ne mamuri dame ètu li'u kota.",,eng,nfa,English,Dhao,4.2028,7.0098,6.1811
"and it comes to pass, when he has brought them outside, that he says, escape for your life; do not look behind you, nor stand in all the circuit; escape to the mountain, lest you are consumed.","hèia ca dhèu nèti tamu dhèu dua sèra paredha si, peka na, rai palasa, sèna ka abhu sod'a! mage mi kabib'a kabodho! baku ae ètu d'ara mamoo! rai taruu, asa ledhe nèi, sèna ka miu baku madhe!","Èle èèna ka, dhèu aae paredha rèngu sèra, aku nèngu na, 'Miu hudꞌi laꞌe asa liꞌu, sèna ka miu bisa mamuri. Miu hudꞌi laꞌe asa liꞌu aaꞌi-aaꞌi. Miu hudꞌi laꞌe asa ledhe aaꞌi-aaꞌi, sèna ka miu abhu mamadhe.","Èle èèna ka, ropa nèngu ngèti rèngu asa li'u, aku nèngu na, 'Miu hud'i la'e sèna ka miu bisa mamuri. Baku mèdhi kabodho miu, aa mage miu titu ètu talora reo aa'i. Hud'i la'e asa ledhe, aeka miu laho.'",,eng,nfa,English,Dhao,-4.7632,-0.697,-1.8519
"and lot says to them, oh not so, my lord;","te ngaa lot peka, aku nèngu na, iraa ee! baku sèmi èèna!","Te ngaa Lot dhaa, aku nèngu na, ""Aadꞌo, ama!","Te ngaa Lot aku rèngu na, ""Aad'o, baku sèmi èèna, ama!""",,eng,nfa,English,Dhao,-2.7693,10.374,6.9181
"now behold, your servant has found grace in your eyes, and you make great your kindness which you have done with me by saving my life, and i am unable to escape to the mountain, lest the evil cleave to me and i have died;","mema ama si pamamuri le ji'i se. te ngaa ledhe nèi kaj'èu bia nèti ne'e! mage dhoka ji'i d'ai mèka nèi, j'aj'èra dhu magee nare le ji'i èèna, ètu talora j'ara.","Nèti èèna ka, jaꞌa jꞌajꞌi dhèu aaꞌi-aaꞌi ètu ledhe neꞌe. Lula èu padꞌelo le dꞌara hua iia èu mi jaꞌa, ka èu hia jaꞌa mamuri. Nèti èèna ka, jaꞌa bisa boe pakèdꞌi asa ledhe ne. Te ladhe jaꞌa kèdꞌi ètu ledhe neꞌe, dhèu bhelu ne lèpa hari asa jaꞌa, hèia jaꞌa madhe.","Mi nanene, ènu èu rèdhi le d'ara be'a èu ètu madha èu. Aa èu pakab'ua le d'ara be'a èu dhu èu tao mi ja'a dènge patabuli mamuri ja'a. Aa ja'a bisa boe pakèd'i asa ledhe ne, te ladhe ja'a kèd'i ètu ledhe ne, bhabhelu kaj'èpe mi ja'a, hèia ja'a madhe.",,eng,nfa,English,Dhao,1.5417,3.1397,3.029
"now behold, this city is near to flee there, and it is little; please let me escape there is it not little? that my soul may live.","ama ladhe ku laa. rae iiki cue dhu kaj'èu boe nèti era ne'e. rae nèi dhu kolongara aad'o. ladhe ama d'èi, ji'i la'a pasoru iisi asa nèi!","Nèti èèna ka, jaꞌa neo pakèdꞌi nèti dꞌara kota ne, sèna ka mamuri taruu. De jaꞌa neo pakèdꞌi nèti dꞌara kota ne, sèna ka jaꞌa mamuri taruu. De jaꞌa manèngi sèna ka pakèdꞌi nèti dꞌara kota ne, sèna ka jaꞌa bisa mamuri taruu nèti dꞌara kota ne. De jaꞌa neo pakèdꞌi nèti dꞌara kota ne, sèna ka jaꞌa bisa mamuri taruu nèti dꞌara kota ne. De jaꞌa neo pakèdꞌi nèti dꞌara kota ne, sèna ka jaꞌa bisa mamuri taruu nèti dꞌara kota ne.","Ladhe nèdhi! Kota ne dètu ho pakèd'i asa nèi, aa nèngu iiki. Ja'a manèngi sèna ka ja'a pakèd'i asa nèi, lula nèngu iiki, sèna ka manadu ja'a mamuri.",,eng,nfa,English,Dhao,4.1049,8.8274,10.3562
"and he says to him, behold, i have also accepted your face for this thing, without overthrowing the city for which you have spoken;","ka na dhaa, peka na, oo! lami ka! te èèna na, ja'a palaho boe rae nèi.","Hèia dhèu aae ne dhaa, aku nèngu na, 'Ladhe èu peka sèmi èèna, jaꞌa dꞌèi padꞌelo dꞌara hua iia èu. Jaꞌa dꞌèi boe pamadhe dhèu aaꞌi-aaꞌi ètu dꞌara kota ne.'","Hèia dhèu aae ne dhaa, aku nèngu na, 'Ladhe èu peka sèmi èèna, jaꞌa dꞌèi padꞌelo dꞌara hua iia èu. Jaꞌa dꞌèi boe pamadhe dhèu aaꞌi-aaꞌi ètu dꞌara kota ne.'",,eng,nfa,English,Dhao,0.0,0.0,0.0
"hurry, escape there, for i am not able to do anything until your entering there; therefore he calls the name of the city zoar.","de rai karohe ka, lami asa nèi! te ja'a tao mèka ngaa-ngaa, ladhe miu d'ai mèka era nèi. karèi nèti lod'o èèna, dhèu pangare rae ne soar, dhu sasoa na ‘ana iiki-iiki'.","De èu hudꞌi laꞌe asa era èèna, te jaꞌa bisa heka tao ngaa-ngaa, toke èu dꞌai era èèna. Nèti èèna ka, dhèu paroa kota ne, ""Zoar"".","De èu hudꞌi laꞌe asa era èèna, te jaꞌa bisa heka tao ngaa-ngaa, toke èu dꞌai era èèna. Nèti èèna ka, dhèu paroa kota ne, ""Zoar"".",,eng,nfa,English,Dhao,0.0,0.0,0.0
"the sun has gone out on the earth, and lot has entered into zoar,","ropa lod'o rea, lot si d'ai soar.",lodꞌo bèli-camèdꞌa bèli-camèdꞌa bèli-camèdꞌa bèli-camèdꞌa bèli-camèdꞌa bèli-camèdꞌa bèli-camèdꞌa bèli-camèdꞌa bèli-camèdꞌa bèli-camèdꞌa bèli-camèdꞌa bèli-camèdꞌa bèli-camèdꞌa bèli-camèdꞌa bèli-camèdꞌa bèli-camèdꞌa bèli-camèdꞌa.,lodꞌo bèli-camèdꞌa bèli-camèdꞌa bèli-camèdꞌa bèli-camèdꞌa bèli-camèdꞌa bèli-camèdꞌa bèli-camèdꞌa bèli-camèdꞌa bèli-camèdꞌa bèli-camèdꞌa bèli-camèdꞌa bèli-camèdꞌa bèli-camèdꞌa bèli-camèdꞌa bèli-camèdꞌa bèli-camèdꞌa bèli-camèdꞌa.,,eng,nfa,English,Dhao,0.0,0.0,0.0
"and yhwh has rained on sodom and on gomorrah brimstone and fire from yhwh, from the heavens;","cag'ag'a laa, lamatua sadutu ai dènge èi nasu nèti dedha-liru asa sodom dènge gomora.","Ètu kota Sodom dènge kota Gomora, Ama Lamatua pajꞌujꞌu ai nèti dedha-liru.","Ètu kota Sodom dènge kota Gomora, Ama Lamatua pajꞌujꞌu ai nèti dedha-liru.",,eng,nfa,English,Dhao,0.0,0.0,0.0
"and he overthrows these cities, and all the circuit, and all the inhabitants of the cities, and that which is shooting up from the ground.","lamatua pakèpu-ladhu ai kota dènge rae aa'i-aa'i ètu d'ara rai èèna, dènge ngaa-ngaa dhu mamuri ètu èèna, nuka: dhèu, badha-manu, dènge ana aaj'u.","Èle èèna ka, dhèu aaꞌi-aaꞌi dhu pea ètu dꞌara kota èèna, aaꞌi-aaꞌi dhu pea ètu dꞌara kota èèna, aaꞌi-aaꞌi dhu pea ètu dꞌara kota èèna, bèli-camèdꞌa dhèu aaꞌi-aaꞌi ètu dꞌara kota èèna, bèli-camèdꞌa dhèu aaꞌi-aaꞌi ètu dꞌara kota èèna, bèli-camèdꞌa dhèu aaꞌi-aaꞌi ètu dꞌara kota èèna.","Èle èèna ka, dhèu aaꞌi-aaꞌi dhu pea ètu dꞌara kota èèna, aaꞌi-aaꞌi dhu pea ètu dꞌara kota èèna, aaꞌi-aaꞌi dhu pea ètu dꞌara kota èèna, bèli-camèdꞌa dhèu aaꞌi-aaꞌi ètu dꞌara kota èèna, bèli-camèdꞌa dhèu aaꞌi-aaꞌi ètu dꞌara kota èèna, bèli-camèdꞌa dhèu aaꞌi-aaꞌi ètu dꞌara kota èèna.",,eng,nfa,English,Dhao,0.0,0.0,0.0
"and his wife looks from behind him, and she becomes a pillar of salt!","lod'o rèngu rai, dhèu èmu lot kabib'a kabodho. cag'ag'a laa, na j'aj'i agarii masi.","Èle èèna ka, dhèu èmu na ladhe nèdhi nèti dꞌara na, ka dhèu èmu na jꞌajꞌi mèdha.","Èle èèna ka, dhèu èmu na ladhe nèdhi nèti dꞌara na, ka dhèu èmu na jꞌajꞌi mèdha.",,eng,nfa,English,Dhao,0.0,0.0,0.0
and abraham rises early in the morning to the place where he has stood before the face of yhwh;,"asa bèli èèna, dhu mad'ae aae era, abraham la'e asa era dhu med'a na, na pamako lamatua.","Èle èèna ka, bèli-camèdꞌa Abraham kèdꞌi laꞌe asa era dhu na titu ètu madha Ama Lamatua.","Èle èèna ka, bèli-camèdꞌa Abraham kèdꞌi laꞌe asa era dhu na titu ètu madha Ama Lamatua.",,eng,nfa,English,Dhao,0.0,0.0,0.0
"and he looks on the face of sodom and gomorrah, and on all the face of the land of the circuit, and sees, and behold, the smoke of the land went up as smoke of the furnace.","hèia na ladhe sa haha asa sodom dènge gomora, aa asa d'ara mamoo èèna. na ladhe la'a na, sèb'u poka-poka sèna, dhu ca'e asa dedha-liru. aa ai na'e aa'i le ngaa-ngaa.","Èle èèna ka, na ladhe nèdhi kota Sodom dènge kota Gomora, dènge rae aaꞌi-aaꞌi dhu ètu sebhe èèna. Na ladhe nèdhi aaꞌi-aaꞌi ra, ladhe nèdhi aaꞌi-aaꞌi ra, aaꞌi-aaꞌi ra caꞌe asa dꞌara ai, nuka sèmi aaꞌi-aaꞌi ra nèti dꞌara dꞌara ai.","Èle èèna ka, na ladhe nèdhi kota Sodom dènge kota Gomora, dènge rae aaꞌi-aaꞌi dhu ètu sebhe èèna. Na ladhe nèdhi aaꞌi-aaꞌi ra, ladhe nèdhi aaꞌi-aaꞌi ra, aaꞌi-aaꞌi ra caꞌe asa dꞌara ai, nuka sèmi aaꞌi-aaꞌi ra nèti dꞌara dꞌara ai.",,eng,nfa,English,Dhao,0.0,0.0,0.0
"and it comes to pass, in god's destroying the cities of the circuit, that god remembers abraham, and sends lot out of the midst of the overthrow in the overthrowing of the cities in which lot dwelt.","ama lamatua patalale lot si nèti hahuku èèna, ropa na pakèpu-ladhu ai kota-kota sèra, lula na ngee nèdhi lii pajaji na dènge abraham.","Èle èèna ka, bèli-camèdꞌa Ama Lamatua hagꞌe nare kota-kota ètu dꞌara sebhe èèna. Ropa Lamatua hagꞌe nare kota-kota èèna, hèia Lamatua bhoke eele Lot nèti dꞌara rae. Èle èèna ka, Lamatua bhoke eele kota-kota èèna nèti dꞌara sebhe èèna. Èle èèna ka, Lamatua bhoke eele kota-kota èèna nèti dꞌara sebhe èèna. Ropa Lamatua bhoke eele kota-kota èèna, hèia Lamatua bhoke eele kota-kota èèna, sèna ka Lot pea ètu dꞌara rae.","Èle èèna ka, bèli-camèdꞌa Ama Lamatua hagꞌe nare kota-kota ètu dꞌara sebhe èèna. Ropa Lamatua hagꞌe nare kota-kota èèna, hèia Lamatua bhoke eele Lot nèti dꞌara rae. Èle èèna ka, Lamatua bhoke eele kota-kota èèna nèti dꞌara sebhe èèna. Èle èèna ka, Lamatua bhoke eele kota-kota èèna nèti dꞌara sebhe èèna. Ropa Lamatua bhoke eele kota-kota èèna, hèia Lamatua bhoke eele kota-kota èèna, sèna ka Lot pea ètu dꞌara rae.",,eng,nfa,English,Dhao,0.0,0.0,0.0
"and lot goes up out of zoar, and dwells in the mountain, and his two daughters with him, for he has been afraid of dwelling in zoar, and he dwells in a cave, he and his two daughters.","lod'o èèna, lot madha'u pea taruu ètu rae soar. nèti èèna ka, nèngu dènge ana bhèni na dhèu dua sèra, lasi asa ledhe ka ra pea ètu d'ara loe cue.","Èle èèna ka, Lot dènge ana bhèni na dhèu dua, lèpa nèti Soar, laꞌe pea ètu ledhe èci, ètu ledhe èèna. Nèti èèna ka, Lot dènge ana bhèni na dua mai pea ètu ledhe èci, ho pea ètu ledhe èci.","Èle èèna ka, Lot dènge ana bhèni na dhèu dua, lèpa nèti Soar, laꞌe pea ètu ledhe èci, ètu ledhe èèna. Nèti èèna ka, Lot dènge ana bhèni na dua mai pea ètu ledhe èci, ho pea ètu ledhe èci.",,eng,nfa,English,Dhao,0.0,0.0,0.0
"and the firstborn says to the younger, our father is old, and there is not a man in the earth to come in to us, as is the way of all the earth;","ca lod'o, ana bhèni uru èèna, peka dènge ari na, aku nèngu na, ètu era ne'e ne, abhu boe dhèu mone ca dhèu sa, dhu bisa leo dènge èdhi se. aa ama èdhi asa heka, de ladhe èèna na, na bisa heka abhu ana.","Hèia ana keledꞌei ne peka dènge ana keledꞌei na, aku nèngu na, 'Ama èdhi madhe le. Ètu rai-haha ne, abhu heka dhèu èci sa dhu bisa maso asa èdhi, sama sèmi dhèu aaꞌi-aaꞌi ètu rai-haha ne.'","Hèia ana keledꞌei ne peka dènge ana keledꞌei na, aku nèngu na, 'Ama èdhi madhe le. Ètu rai-haha ne, abhu heka dhèu èci sa dhu bisa maso asa èdhi, sama sèmi dhèu aaꞌi-aaꞌi ètu rai-haha ne.'",,eng,nfa,English,Dhao,0.0,0.0,0.0
"come, we cause our father to drink wine, and lie with him, and preserve a seed from our father.","de be'a risi, ti hia ne ninu mahu, sèna ka èdhi dua ti j'unu dènge ne, ho ti abhu kolo hia ama èdhi.","De ladhe jiꞌi jꞌajꞌi ama jiꞌi, sèna ka naꞌa èi anggor, ho jiꞌi lala dènge ne, sèna ka jiꞌi jꞌajꞌi dhèu aaꞌi-aaꞌi dhu jꞌajꞌi ana-èpu nèti ama jiꞌi.""","De ladhe jiꞌi jꞌajꞌi ama jiꞌi, sèna ka naꞌa èi anggor, ho jiꞌi lala dènge ne, sèna ka jiꞌi jꞌajꞌi dhèu aaꞌi-aaꞌi dhu jꞌajꞌi ana-èpu nèti ama jiꞌi.""",,eng,nfa,English,Dhao,0.0,0.0,0.0
"and they cause their father to drink wine on that night; and the firstborn goes in and lies with her father, and he has not known in her lying down or in her rising up.","ka ropa d'ai mèda, dua ra hia ama ra ninu èi anggor toke mahu. hèia ana bhèni uru èèna, la'e j'unu dènge ama na. lula ama na dhu mahu ae, ka ne'a boe nèngu dhu j'unu dènge ana na.","Èle èèna ka, bèli-camèdꞌa dhèu aae rèti anggor ètu dꞌara bèdho èèna. Hèia ana keledꞌei ne maso asa dꞌara èmu dhèu aae rèti anggor èèna. Hèia ana keledꞌei ne maso asa dꞌara èmu dhèu aae rèti anggor èèna. Hèia ana keledꞌei ne maso asa dꞌara èmu dhèu aae rèti anggor èèna. Ka ana keledꞌei ne maso asa dꞌara èmu dhèu aae rèti dꞌara èmu dhèu aae rèti dꞌara èmu dhèu aae. Ka ana keledꞌei ne maso asa dꞌara èmu dhèu aae rèti dꞌara èmu dhèu aae.","Èle èèna ka, bèli-camèdꞌa dhèu aae rèti anggor ètu dꞌara bèdho èèna. Hèia ana keledꞌei ne maso asa dꞌara èmu dhèu aae rèti anggor èèna. Hèia ana keledꞌei ne maso asa dꞌara èmu dhèu aae rèti anggor èèna. Hèia ana keledꞌei ne maso asa dꞌara èmu dhèu aae rèti anggor èèna. Ka ana keledꞌei ne maso asa dꞌara èmu dhèu aae rèti dꞌara èmu dhèu aae rèti dꞌara èmu dhèu aae. Ka ana keledꞌei ne maso asa dꞌara èmu dhèu aae rèti dꞌara èmu dhèu aae.",,eng,nfa,English,Dhao,0.0,0.0,0.0
"and it comes to pass, on the next day, that the firstborn says to the younger, behold, i have lain with my father last night: we also cause him to drink wine tonight, then go in, lie with him, and we preserve a seed from our father.","hèia asa bèli èèna, a'a na peka dènge ari na, aku nèngu na, mèda deo na, ja'a j'unu le dènge ama èdhi. de mèda ne'e, èu kèna. èdhi hia ne hari ninu mahu, ho lamu j'unu dènge ne. sèna ka èdhi dua ti abhu ana, ho hia ana-èpu mi ama èdhi.","Èle èèna ka, bèli-camèdꞌa, ana keledꞌei ne peka dènge ana keledꞌei na, aku nèngu na, 'Bèli-camèdꞌa ama ku ètu dꞌara mèda neꞌe, jaꞌa dènge dhèu ca dhèu. Ladhe ètu dꞌara mèda neꞌe, jiꞌi hia ne jꞌajꞌi anggor, sèna ka naꞌa dènge ne, sèna ka jiꞌi bisa mamuri dènge ne, sèna ka jꞌajꞌi dhèu dhu jꞌajꞌi ana-èpu ama jiꞌi.'","Èle èèna ka, bèli-camèdꞌa, ana keledꞌei ne peka dènge ana keledꞌei na, aku nèngu na, 'Bèli-camèdꞌa ama ku ètu dꞌara mèda neꞌe, jaꞌa dènge dhèu ca dhèu. Ladhe ètu dꞌara mèda neꞌe, jiꞌi hia ne jꞌajꞌi anggor, sèna ka naꞌa dènge ne, sèna ka jiꞌi bisa mamuri dènge ne, sèna ka jꞌajꞌi dhèu dhu jꞌajꞌi ana-èpu ama jiꞌi.'",,eng,nfa,English,Dhao,0.0,0.0,0.0
"and they cause their father to drink wine on that night also, and the younger rises and lies with him, and he has not known in her lying down or in her rising up.","ka d'ara mèda na, dua ra hia hari ama ra ninu mahu. ka ana bhèni limuri ne, la'e ka j'unu dènge ama na. te ngaa, lula ama ra dhu mahu titu kèna, nèti èèna ka, ne'a boe ngaa dhu nèngu tao mi dedha ana bhèni na.","Èle èèna ka, bèli-camèdꞌa dhèu seꞌe hia ama ra jꞌajꞌi anggor, sèna ka ra naꞌa-ninu kahèi. Hèia ana keledꞌei ne kèdꞌi titu kèna, ka laꞌe madhèdi dènge ama na. Hèia ana keledꞌei ne kèdꞌi titu kèna, te ngaa ama na kèdꞌi titu kèna. Ka ana keledꞌei ne kèdꞌi titu kèna, te ngaa ana keledꞌei ne kèdꞌi titu kèna. Ka ana keledꞌei ne kèdꞌi titu kèna, te ngaa ana keledꞌei ne kèdꞌi titu kèna.","Èle èèna ka, bèli-camèdꞌa dhèu seꞌe hia ama ra jꞌajꞌi anggor, sèna ka ra naꞌa-ninu kahèi. Hèia ana keledꞌei ne kèdꞌi titu kèna, ka laꞌe madhèdi dènge ama na. Hèia ana keledꞌei ne kèdꞌi titu kèna, te ngaa ama na kèdꞌi titu kèna. Ka ana keledꞌei ne kèdꞌi titu kèna, te ngaa ana keledꞌei ne kèdꞌi titu kèna. Ka ana keledꞌei ne kèdꞌi titu kèna, te ngaa ana keledꞌei ne kèdꞌi titu kèna.",,eng,nfa,English,Dhao,0.0,0.0,0.0
"and the two daughters of lot conceive from their father,","dènge j'ara ne'e ne ka, dua ra dènge babia nèti ama d'èlu rèngu.","Èle èèna ka, bèli-camèdꞌa ana bhèni dua ra jꞌajꞌi bèdho dènge ama ra.","Èle èèna ka, bèli-camèdꞌa ana bhèni dua ra jꞌajꞌi bèdho dènge ama ra.",,eng,nfa,English,Dhao,0.0,0.0,0.0
and the firstborn bears a son and calls his name moab: he is father of moab to this day.,hèia ana bhèni uru èèna nara iisi ana mone ca dhèu. ka na pangare na moab dhu sasoa na ‘mai nèti ama'. ana ne'e ka dhu j'aj'i bèi-baki nèti dhèu moab.,"Nèti èèna ka, ana bhèni èèna abhu ana mone ca dhèu. Nèngu jꞌajꞌi ama dhèu Moab, toke dꞌai sange neꞌe.","Aa ana uuru èèna nara iisi ana mone ca dhèu, ka na pangare ne, Moab. Nèngu j'aj'i ama dhèu Moab, toke d'ai sange ne'e.",,eng,nfa,English,Dhao,16.3389,16.9676,15.6298
"as for the younger, she has also born a son and calls his name ben-ammi: he is father of the sons of ammon to this day.","ka ana bhèni limuri ne, nara iisi ana mone èci kahèi. na pangare na ben ami dhu sasoa na ‘mai nèti dhèu ja'a'. ana ne ka dhu j'aj'i bèi-baki nèti dhèu amon.","Èle èèna ka, na abhu ana mone ca dhèu, ka na paroa ne, Ben-Ami. Nèngu ne, ama dhèu Amon, toke dꞌai sange neꞌe.","Èle èèna ka, na kahèi nara iisi ana mone ca dhèu, ka na paroa ne, Ben-Ami. Nèngu ne, ama ana-èpu dhèu Amon, toke dꞌai sange neꞌe.",,eng,nfa,English,Dhao,7.2303,8.5657,8.0004
"and abraham journeys from there toward the land of the south, and dwells between kadesh and shur, and sojourns in gerar;","èle èèna, ka abraham nèti mamre, pidha asa rai negeb, dhu ètu re balèu, ka na pea ètu talora rae kades, dènge rae syur. te ngaa na pea nèbhu boe, ka pidha hari asa rae gerar.","Èle èèna ka, Abraham tèke eele rai-haha ne, laꞌe asa rai-haha. Na pea ètu era èèna, nèti Kadesh toke Sur. Ètu era leo, na pea ètu rai-haha ne.","aa Abraham laku èle èèna ka asa rai balèu, aa na pea ètu talora aae Kadesh dènge Sur, aa na pea ètu Gerar.",,eng,nfa,English,Dhao,5.3045,5.8299,7.2174
"and abraham says concerning his wife sarah, she is my sister; and abimelech king of gerar sends and takes sarah.","hèia na peka dènge dhèu ètu sèra, aku nèngu na, sara ne, ana hèni ja'a. nèti èèna ka, abimelek dhèu aae gerar, pua dhèu lasi lii d'ai sara. ka nèti ne mai asa d'ara èmu dhèu aae.","Èle èèna ka, Abraham peka, aku nèngu na, ""Sara ne, aꞌari jaꞌa."" Hèia Abimelek, dhèu aae Gerar, pua dhèu lasi paraga dènge Sara.","Èle èèna ka, Abraham peka lula-nèti dhèu èmu na Sara, na, ""Sara ne, aꞌari jaꞌa."" Hèia Abimelek, dhèu aae Gerar, pua dhèu lasi nare Sara.",,eng,nfa,English,Dhao,-3.4497,-4.2749,-4.4241
"and god comes to abimelech in a dream of the night and says to him, behold, you are a dead man, because of the woman whom you have taken-and she married to a husband.","d'ara ca mèda sa, ama lamatua pad'elo iisi na dènge dhèu aae ètu d'ara nii. na peka, mamadhe èu ne dètu kèna! lula èu more dhèu èmu dhèu.","Èle èèna ka, Ama Lamatua mai paraga dènge Abimelek ètu dꞌara mèda èèna, ka Na padhai lii dènge ne, aku Nèngu na, ""Tareꞌa! Èu madhe le, lula èu dhu paꞌèki le dènge dhèu èmu èèna.""","Èle èèna ka, Ama Lamatua mai paraga dènge Abimelek ètu dꞌara mèda èèna, ka Na padhai lii dènge ne, aku Nèngu na, ""Tareꞌa! Èu madhe le, lula èu dhu paꞌèki le dènge dhèu èmu èèna.""",,eng,nfa,English,Dhao,0.0,0.0,0.0
"and abimelech has not drawn near to her, and he says, lord, do you also slay a righteous nation? has he not himself said to me, she is my sister! and she, even she herself, said, he is my brother; in the integrity of my heart, and in the innocence of my hands, i have done this.","hèia abimelek dhaa, peka na, lamatua! ja'a dhae pa'èci mèka dènge bhèni na. aa ja'a sasala aad'o. abraham unu na ka dhu peka, bhèni na, ana hèni nèngu! aa bhèni na dhaa sèmi èèna kahèi. nèti èèna ka, ja'a hia dhèu lasi lii d'ai ne, dènge d'ara mola. de lamatua baku pad'ui ja'a sasala!","Nèti èèna ka, Abimelek dꞌèi boe paꞌèci dènge ne, ka na karèi ne, aku nèngu na, 'Ama! Èu ka dhu pamadhe dhèu dhu dꞌara mola, do?' Nèti èèna ka, na peka na, 'Nèngu ne, aꞌari jaꞌa.' Hèia na padhai lii, aku nèngu na, 'Nèngu ne, aꞌari jaꞌa.' Nèti èèna ka, jaꞌa tao sèmi èèna, lula jaꞌa dꞌèi boe sasala.","Nèti èèna ka, Abimelek dꞌèi boe paꞌèci dènge ne, ka na karèi ne, aku nèngu na, 'Ama! Èu ka dhu pamadhe dhèu dhu dꞌara mola, do?' Nèti èèna ka, na peka na, 'Nèngu ne, aꞌari jaꞌa.' Hèia na padhai lii, aku nèngu na, 'Nèngu ne, aꞌari jaꞌa.' Nèti èèna ka, jaꞌa tao sèmi èèna, lula jaꞌa dꞌèi boe sasala.",,eng,nfa,English,Dhao,0.0,0.0,0.0
"and god says to him in the dream, indeed, i have known that in the integrity of your heart you have done this, and i withhold you, even i, from sinning against me, therefore i have not permitted you to come against her;","ka lamatua dhaa, peka na, tare'a. mema ja'a ke'a d'ara èu mola. nèti èèna ka, ja'a ka dhu taha èu, ho baku pa'èci dènge ne. dènge j'ara sèmi èèna, èu tao boe sala mi ja'a hèi.","Èle èèna ka, Ama Lamatua padhai lii dènge ne ètu dꞌara rèhu na, aku nèngu na, 'Jaꞌa keꞌa le, na, èu tao jꞌara ne dènge dꞌara mola. Nèti èèna ka, jaꞌa kèpe èu nèti sala ètu madha jaꞌa. Nèti èèna ka, jaꞌa kèpe èu nèti jꞌara neꞌe.","Èle èèna ka, Ama Lamatua padhai lii dènge ne ètu dꞌara rèhu na, aku nèngu na, 'Jaꞌa keꞌa le, na, èu tao jꞌara ne dènge dꞌara mola. Nèti èèna ka, jaꞌa kèpe èu nèti sala ètu madha jaꞌa. Nèti èèna ka, jaꞌa kèpe èu nèti jꞌara neꞌe.",,eng,nfa,English,Dhao,0.0,0.0,0.0
"and now send back the man's wife, for he is inspired, and he prays for you, and you live; and if you do not send back, know that dying you die, you and all that you have.","de èu mèti hari ka bhèni ne, lèpa sa dhèu èmu na. mone na ka dhu nèti lii padhue-padhai ja'a. de lamu manèngi ne, sèna ka na sabaj'a hia èu, ho èu baku madhe. sanèd'e paie! ladhe èu hia boe bhèni na lèpa, èu dènge kabarai èu madhe aa'i mèu-mèu.","De jaꞌa manèngi sèna ka èu pua bhèni dhèu èmu na lèpa hari asa èu. Te nèngu neo manèngi-mangajꞌi mi Ama Lamatua, sèna ka èu mamuri hari. Te ngaa ladhe èu baku lèpa hari, èu dènge aaꞌi-aaꞌi èu aaꞌi-aaꞌi dhu èu abhu aaꞌi-aaꞌi, bèli-camèdꞌa èu madhe.""","De pua bhèni dhèu èmu na lèpa hari asa èu, te nèngu dhèu lii padhai, aa nèngu manèngi-mangaj'i ho èu, sèna ka èu mamuri. Aa ladhe èu baku pua lèpa hari, ne'a na bèli-camèd'a èu madhe, èu dènge aa'i-aa'i dhu èu abhu.",,eng,nfa,English,Dhao,5.4834,3.9532,4.7918
"and abimelech rises early in the morning, and calls for all his servants, and speaks all these words in their ears; and the men fear exceedingly;","bèli mad'ae aae èèna, dhèu aae pakaboko nare dhèu-dhèu kapai na aa'i-aa'i, ka na lolo lii nii na. hèia aa'i-aa'i ra madha'u.","Bèli èèna, Abimelek kèdꞌi, ka na paroa dhèu sabꞌa na aaꞌi-aaꞌi ra. Hèia na lole dènge rèngu aaꞌi-aaꞌi ra. Hèia ra madhaꞌu aaꞌi-aaꞌi ra.","Bèli èèna, Abimelek kèdꞌi, ka na paroa dhèu sabꞌa na aaꞌi-aaꞌi ra. Hèia na lole dènge rèngu aaꞌi-aaꞌi ra. Hèia ra madhaꞌu aaꞌi-aaꞌi ra.",,eng,nfa,English,Dhao,0.0,0.0,0.0
"and abimelech calls for abraham and says to him, what have you done to us? and what have i sinned against you, that you have brought on me, and on my kingdom, a great sin? works which are not done you have done with me.","ka dhèu aae paroa abraham. na karèi, aku nèngu na, ja'a tao sala ngaa mi èu, ka èu neo paj'èra ja'a dènge kabarai ja'a? èu ne ele-ho'a ka dènge tao madha j'ara sèmi ne'e ne.","Èle èèna ka, Abimelek paroa Abraham, ka na karèi ne, aku nèngu na, 'Ama! Nga tao ka jaꞌa tao sala ètu madha èu? Jaꞌa tao sala ngaa, sèna ka èu tao jꞌara bhelu-katubꞌa èci èèna ka dènge jaꞌa, ho jꞌajꞌi dhèu aaꞌi-aaꞌi jꞌajꞌi dhèu aaꞌi-aaꞌi ètu rai-haha ne?'","Èle èèna ka, Abimelek paroa Abraham, ka na karèi ne, aku nèngu na, 'Ama! Nga tao ka jaꞌa tao sala ètu madha èu? Jaꞌa tao sala ngaa, sèna ka èu tao jꞌara bhelu-katubꞌa èci èèna ka dènge jaꞌa, ho jꞌajꞌi dhèu aaꞌi-aaꞌi jꞌajꞌi dhèu aaꞌi-aaꞌi ètu rai-haha ne?'",,eng,nfa,English,Dhao,0.0,0.0,0.0
"abimelech also says to abraham, what have you seen that you have done this thing?","ngangee èu tasamia ka, mu tao sèmi ne'e ne?","Hèia Abimelek karèi Abraham, aku nèngu na, ""Ama! Nga tao ka èu tao jꞌara ne?""","Hèia Abimelek karèi Abraham, aku nèngu na, ""Ngaa dhu èu rèdhi, de èu tao j'ara ne?""",,eng,nfa,English,Dhao,-0.4961,1.1146,-0.5011
"and abraham says, because i said, surely the fear of god is not in this place, and they have slain me for the sake of my wife;","ka abraham dhaa, peka na, ama dhèu aae! ja'a pangee na, miu aa'i-aa'i mi, kabarai ne dhèu dhu tadhe boe ama lamatua. de ele boe cahag'e neo pamadhe ja'a, sèna ka parame rare dhèu èmu ja'a.","Te ngaa Abraham dhaa, aku nèngu na, ""Jaꞌa pangee, na, dhèu aaꞌi-aaꞌi ètu dꞌara rai neꞌe aaꞌi-aaꞌi ra madhaꞌu boe Ama Lamatua. Nèti èèna ka, rèngu neo pamadhe jaꞌa, sèna ka jꞌajꞌi dhèu èmu-kamali jaꞌa.""","Aa Abraham dhaa, aku nèngu na, ""Ja'a pangee, na, bèli-camèd'a dhèu ètu d'ara rai ne'e ra madha'u boe Ama Lamatua. Nèti èèna ka, rèngu neo pamadhe ja'a sèna ka rèngu nare bhèni ja'a.""",,eng,nfa,English,Dhao,4.0019,-0.5362,0.0253
"and also, she is truly my sister, daughter of my father, only not daughter of my mother, and she becomes my wife;","mema ja'a dhu peka tare'a, nèngu ne, ana hèni ja'a. lula ji'i dua mi ca ama, te ngaa ina baka-leo. nèti èèna ka, ji'i dua mi paleo.","Ètu dꞌara jꞌara neꞌe, abhu kahèi dhèu dhu jꞌajꞌi aꞌari jaꞌa. Nèti èèna ka, nèngu jꞌajꞌi dhèu èmu jaꞌa. Nèti èèna ka, nèngu jꞌajꞌi dhèu èmu jaꞌa. Nèti èèna ka, nèngu jꞌajꞌi dhèu èmu jaꞌa.","Aa kahèi, nèngu tare'a-re'a a'ari ja'a, ana bhèni ama ja'a, dhoka boe ana bhèni ina ja'a, aa nèngu j'aj'i dhèu èmu ja'a.",,eng,nfa,English,Dhao,5.9041,3.1076,3.7619
"and it comes to pass, when god has caused me to wander from my father's house, that i say to her, this is your kindness which you do with me: at every place to where we come, say of me, he is my brother.","ka ropa ama lamatua pua ji'i ho tèke eele era paleo-palu'u ji'i, lod'o èèna ja'a peka dènge dhèu èmu ja'a, aku ja'a na, ‘ladhe èdhi lati asa era leo, ho dhèu karèi èu, dhu èdhi se dhèu èmu-kamali, ladhe èu dhu sue ja'a, na dhaa la, peka na èdhi se, dua ti pa'a'ari. '","Èle èèna ka, bèli-camèdꞌa Ama Lamatua pua jaꞌa tèke eele èmu ama jaꞌa, hèia jaꞌa peka dènge ne, 'Ladhe èu padꞌelo le dꞌara hua iia èu mi jaꞌa, èu hudꞌi peka, na, èu ne, aꞌari jaꞌa.'","Èle èèna ka, bèli-camèdꞌa Ama Lamatua pua jaꞌa tèke eele èmu ama jaꞌa, hèia jaꞌa peka dènge ne, 'Ne'e ka d'ara hua iia èu dhu èu tao dènge ja'a: ètu èra-èra dhu èdhi mai, èu hudꞌi peka, na, nèngu ne, aꞌari jaꞌa.'",,eng,nfa,English,Dhao,2.2667,3.5391,3.571
"and abimelech takes sheep and oxen, and servants and handmaids, and gives to abraham, and sends back his wife sarah to him; and abimelech says, behold, my land is before you, where it is good in your eyes, dwell; and to sarah he has said, behold, i have given one thousand pieces of silver to your brother; behold, it is to you a covering of eyes, to all who are with you; and by all this she is reasoned with.","èle èèna ka, dhèu aae abimelek pangèd'u hari sara la'e asa abraham. ka na peka dènge sara, èèna na, ja'a hia ana mone mu doi iia ca riho, sèna ka j'aj'i tadha ja'a tao boe sala ngaa-ngaa mi èu. ho hud'i sène, dhèu aa'i-aa'i ra re'a! hèia dhèu aae peka dènge abraham, aku nèngu na, kabarai ja'a ne, dhu bhoke tèke hia èu. èu neo pea mi era mia èèna ka, ja'a hia èu. ka abimelek hia abraham sapi, kahib'i-ka'ia, dènge kahib'i-kalèbho. na hia kahèi ènu dhèu mone dènge dhèu bhèni.","Hèia Abimelek kèpe kahibꞌi-kalèbho, kahibꞌi-kalèbho, dhèu sabꞌa, dènge dhèu sabꞌa sèra. Hèia na pua dhèu aaꞌi-aaꞌi ètu èèna lasi asa Abraham. Hèia Abimelek peka dènge Sara, aku nèngu na, ""Sèmi neꞌe! Èu bisa pea ètu dꞌara oka jaꞌa."" Hèia na peka dènge Sara, aku nèngu na, ""Sèmi neꞌe! Jaꞌa bꞌae hia aꞌari èu canguru sèra, sèna ka èu dènge dhèu aaꞌi-aaꞌi dhu madhèdi ètu èèna, sèna ka jꞌajꞌi kètu madha èu."" Èle èèna ka, dhèu aaꞌi-aaꞌi se reꞌa.","Hèia Abimelek kèpe kahib'i-kalèbho dènge kore sapi, dhèu sab'a mone dènge dhèu sab'a bhèni, hèia na hia aa'i-aa'i sèra asa Abraham. Aa na pua hari bhèni na Sara asa nèngu. Hèia Abimelek peka dènge Abraham, aku nèngu na, ""Sèmi ne'e! Rai ja'a ètu madha èu. Ètu mia dhu be'a ètu madha èu, pea ka."" Hèia na peka dènge Sara, aku nèngu na, ""Sèmi ne'e! Ja'a hia le riho bua doi iia mi a'ari èu. Sèmi ne'e! Èèna na j'aj'i kètu madha èu, mi dhèu aa'i-aa'i dhu madhèdi dènge èu."" Èle èèna ka, na re'a.",,eng,nfa,English,Dhao,5.7463,7.2139,6.7231
"and abraham prays to god, and god heals abimelech and his wife, and his handmaids, and they bear: for yhwh restraining had restrained every womb of the house of abimelech, because of sarah, abraham's wife.","uru èèna, lula abimelek nare dhèu èmu abraham, ka lamatua hutu eele era ana nèti bhèni aa'i-aa'i dhu pea ètu kabarai dhèu aae èèna. te ngaa ropa abimelek hia sara lèpa hari sa dhèu èmu na, ka abraham sabaj'a ho lamatua bhoke hari era ana nèti bhèni se. ka ra abhu hari ana.","Èle èèna ka, Abraham manèngi-mangajꞌi mi Ama Lamatua, ka Ama Lamatua puri-paꞌèle Abimelek, dènge dhèu bhèni na, dènge ana bhèni na aaꞌi-aaꞌi ra.","Èle èèna ka, Abraham manèngi-mangajꞌi mi Ama Lamatua, ka Ama Lamatua puri-paꞌèle Abimelek, dènge dhèu bhèni na, dènge ana bhèni na aaꞌi-aaꞌi ra, ka rèngu nara iisi. Lula Ama Lamatua pahèb'e le dèlu aa'i-aa'i nèti èmu Abimelek, lula Sara, dhèu bhèni Abraham.",,eng,nfa,English,Dhao,7.9118,12.9103,10.6844
"and yhwh has looked after sarah as he has said, and yhwh does to sarah as he has spoken; and sarah conceives, and bears a son to abraham, to his old age, at the appointed time that god has spoken of with him; and abraham calls the name of his son who is born to him, whom sarah has borne to him-isaac; and abraham circumcises his son isaac, being a son of eight days, as god has commanded him. and abraham is a son of one hundred years in his son isaac being born to him, and sarah says, god has made laughter for me; everyone who is hearing laughs for me. she also says, who has said to abraham, sarah has suckled sons, that i have born a son for his old age?","èle èèna ka, lamatua hia sara mèngi-nale madhutu lii pajaji na. lod'o sara dènge babia, abraham dhu heka le. ropa sara nara iisi, umur abraham d'ai cangasu tèu kèna. lod'o sara d'ai hèru, ka nara iisi ana mone ca dhèu. ka abraham pangare ne, isak dhu sasoa na ‘na mari'. sara peka hèi, aku nèngu na, ama lamatua tao ja'a mari, lula ja'a karej'e. dhèu ae ka dhu pangee na, ja'a ètu d'ara heka sèmi ne'e ne, abhu heka ana. masi ka dhèu èmu ja'a heka bhoro le, te ja'a bisa kora iisi ana hia ne. èèna na, ladhe dhèu tadèngi j'ara ne'e, rèngu aa'i-aa'i ra mari kahèi dènge ja'a ne. ropa isak d'ai aru lod'o, abraham suna ne, madhutu paredha ama lamatua.","Èle èèna ka, bèli-camèdꞌa Ama Lamatua peka dènge Abraham, aku Nèngu na, ""Ama Lamatua dhu padhai lii dènge Abraham, peka na, 'Ama Lamatua neꞌa le dꞌara jaꞌa. Dhèu aaꞌi-aaꞌi dhu padhai lii dènge Abraham, peka na, 'Ama Lamatua neꞌa le dꞌara jaꞌa.' Hèia Abraham suna ana ne, peka na, 'Ama Lamatua neꞌa le dꞌara jaꞌa.' Hèia Abraham suna ana na Isak, lodꞌo Isak mamuri èpa lodꞌo. Èle èèna ka, Sara dhaa, aku nèngu na, 'Ama Lamatua ka dhu paꞌele iie le jaꞌa. Dhèu aaꞌi-aaꞌi dhu paꞌele iie le jaꞌa, rèngu aaꞌi-aaꞌi.' Hèia Abraham dhaa, aku nèngu na, 'Ama Lamatua ka dhu padhai lii dènge Abraham, peka na, Sara bhèlu iie le ana madhutu Isak.'","Ama Lamatua kaboi Sara sèmi dhu Nèngu peka le, aa Ama Lamatua tao mi Sara sèmi dhu Nèngu padhai le; aa Sara dènge babia, hèia nara iisi ana mone mi Abraham, ètu umur na dhu dhui le, ètu lod'o dhu Ama Lamatua padhadha le dènge nèngu; aa Abraham paroa ngara ana na dhu rara iisi mi nèngu, dhu Sara nara iisi mi nèngu, Isak; aa Abraham suna ana na Isak, lod'o Isak umur aru lod'o, sèmi dhu Ama Lamatua paredha le mi nèngu. aa Abraham umur cangasu tèu lod'o ana na Isak rara iisi mi nèngu, aa Sara dhaa, aku nèngu na, 'Ama Lamatua tao pa'ele iie mi ja'a; dhèu aa'i-aa'i dhu nanene, rèngu mari mi ja'a.' Nèngu dhaa kahèi, 'Cee ka dhu peka mi Abraham, na Sara bhèlu iisi ana-ana, na ja'a nara iisi ana mone mi umur na dhu dhui le?'",,eng,nfa,English,Dhao,7.6986,10.33,8.8837
"and the boy grows, and is weaned, and abraham makes a great banquet in the day of isaac's being weaned;","isak kapai ka noo-noo. ropa oe d'ai lod'o luri susu, abraham tao tatao aae.","Dꞌai lodꞌo èèna, hèia Isak maso, hèia na maso. Hèia Abraham tao hèbꞌa-hèbꞌa, ho raꞌa-rinu Isak, aa raꞌa-rinu nèti hèbꞌa-rinu nèti hèbꞌa-rinu nèti hèbꞌa-rinu nèti hèbꞌa-rinu nèti hèbꞌa-rinu nèti hèbꞌa-rinu nèti hèbꞌa-rinu nèti hèbꞌa-rinu nèti hèbꞌa-rinu nèti hèbꞌa-rinu nèti hèbꞌa-rinu nèti hèbꞌa-rinu nèti hèbꞌa-rinu nèti hèbꞌa-rinu nèti hèbꞌa-rinu nèti hèbꞌa-rinu nèti hèbꞌa-rinu nèti hèbꞌa-rinu.","Aa ana-mone ne muri, hèia na sabhi. Hèia Abraham tao pesta kapai ètu lod'o Isak sabhi.",,eng,nfa,English,Dhao,6.673,11.8435,14.1027
"and sarah sees the son of hagar the egyptian, whom she has borne to abraham, mocking, and she says to abraham, cast out this handmaid and her son; for the son of this handmaid has no possession with my son-with isaac.","ca tèke, sara ladhe nèdhi ismael, ana nèti dhèu èmu limuri abraham, padadisi dènge isak. ropa nèdhi sèmi èèna, sara peka dènge dhèu èmu na, bège eele ènu masir nèi dènge ana na! te, ja'a ko'o boe ana ènu èèna unu pusaka, masi ka ciki oo'e èèna ka. dhoka ana ja'a isak di, dhu abhu sèra aa'i-aa'i.","Èle èèna ka, Sara ladhe nèdhi ana mone èci nèti dhèu Masir, ngara na Hagar, dhu jꞌajꞌi le dènge Abraham. Hèia na padhai lii dènge Abraham, aku nèngu na, ""Bèli eele ka ana mone ne dènge ana mone ne. Te ana mone ne dènge ana jaꞌa, Isak.""","Èle èèna ka, Sara ladhe nèdhi ana mone Hagar, dhèu Masir, dhu nara iisi le nèngu mi Abraham, dhu padhidhi. Hèia na padhai lii dènge Abraham, aku nèngu na, ""Babège eele dhèu ènu ne dènge ana na; te ana mone dhèu ènu ne abhu boe unu dènge ana ja'a, Isak.""",,eng,nfa,English,Dhao,3.4151,5.0646,4.9356
"and the thing is very wrong in the eyes of abraham, for his son's sake;","ropa abraham tadèngi lii padhai sara ne, ka d'ara na ako be'a boe, lula ismael ne, ana d'èlu na kahèi.","Èle èèna ka, Abraham pangee, na, jꞌara ne bhelu-katubꞌa dènge Abraham, lula nèngu neo hia ana na èci nèti dhèu aaꞌi-aaꞌi dhu jꞌajꞌi dhèu aaꞌi-aaꞌi ètu rai-haha ne. Nèti èèna ka, Abraham pangee, na, dhèu aaꞌi-aaꞌi dhu jꞌajꞌi dhèu aaꞌi-aaꞌi dhu jꞌajꞌi dhèu aaꞌi-aaꞌi dhu jꞌajꞌi dhèu aaꞌi-aaꞌi dhu jꞌajꞌi dhèu aaꞌi-aaꞌi dhu jꞌajꞌi dhèu aaꞌi-aaꞌi dhu jꞌajꞌi dhèu aaꞌi-aaꞌi.","Aa mèdha èèna bhelu titu kèna ètu madha Abraham, lula ana na.",,eng,nfa,English,Dhao,1.3274,-6.2289,-2.0649
"and god says to abraham, let it not be wrong in your eyes because of the youth, and because of your handmaid: all that sarah says to you-listen to her voice, for in isaac is a seed called to you.","te ngaa ama lamatua lii dènge abraham, peka na, abraham! èu baku ngee pa'ae dhèu èmu limuri èu, dènge ana na. madhutu la dad'èi sara ne, lula bèli-camèd'a, èu abhu ana-èpu dhu ja'a moa tèke èèna, nèti isak ne'e ka.","Èle èèna ka, Ama Lamatua peka dènge Abraham, aku Nèngu na, 'Sèmi neꞌe! Baku madhaꞌu, lula jaꞌa jꞌajꞌi dhèu sabꞌa èu. Sara nanene paie-iie lii na, te ngaa èu hudꞌi nanene ku, na, jaꞌa jꞌajꞌi dhèu dhu jꞌajꞌi ana-èpu èu, nuka Isak.","Èle èèna ka, Ama Lamatua peka dènge Abraham, aku nèngu na, ""Baku sala ètu madha èu lula ana ngèru ne, dènge lula dhèu bhèni sab'a èu. Aa'i ngaa dhu Sara peka dènge èu, èu hud'i nanene lii na, lula ètu d'ara Isak ka dhu abhu hini dhu paroa èu.""",,eng,nfa,English,Dhao,-0.1212,2.7794,2.3461
"as for the son of the handmaid also, for a nation i set him, because he is your seed.","te ngaa ja'a hia kahèi mèngi-nale mi ana nèti dhèu èmu limuri mu, lula nèngu ne, ana d'èlu èu kahèi. bèli-camèd'a, ana-èpu na j'aj'i suku èci kahèi.","Te ngaa ana bhèni èu èèna, jaꞌa dedꞌe ne jꞌajꞌi dhèu aaꞌi-aaꞌi, lula nèngu jꞌajꞌi ana-èpu èu.","Te ngaa ana bhèni èèna kahèi, ja'a ded'e ne j'aj'i dhèu aa'i-aa'i, lula nèngu j'aj'i ana-èpu èu.",,eng,nfa,English,Dhao,7.0872,5.9788,5.8708
"and abraham rises early in the morning, and takes bread, and a bottle of water, and gives to hagar placing it on her shoulder, also the boy, and sends her out; and she goes on, and goes astray in the wilderness of beer-sheba;","bèli mad'ae aae èèna, abraham tao gee j'ara hia hagar, aa na kadhoe èi d'ara babo'i cue mi kabela-kao na. hèia na patabuli ka bhèni ne dènge ana na ismael, ho lasi. ka ra kako palème d'ara mamoo dhu dètu dènge beer-syeba.","Èle èèna ka, bèli-camèdꞌa Abraham kèdꞌi. Hèia na kèpe roti dènge èi bokor èi, ho hia Hagar dènge ana ne ètu katanga na. Hèia na pua bhèni ne lèpa hari. Hèia na lèpa hari asa dꞌara mamoo Beer-sheba.","Èle èèna ka, bèli-camèdꞌa Abraham kèdꞌi. Hèia na kèpe roti dènge boto èi, ho hia Hagar roti dènge boto èi, dhu na tèka ètu kabela kao na. Hèia na pua Hagar dènge ana ne lèpa hari. Hèia na kako sale asa dꞌara mamoo Beer-sheba.",,eng,nfa,English,Dhao,-0.7171,2.6737,1.7669
"and the water is consumed from the bottle, and she places the boy under one of the shrubs.","ropa èle èi rinu ra, hagar tèke eele ana na ètu d'ara mamaho aj'u iiki ca kapua.","Èle èèna ka, ana bhèni ne naꞌa èi nèti dꞌara èi, hèia na hia ana ne ètu dꞌara ajꞌu dhu kabꞌua ètu dꞌara ajꞌu-jꞌuꞌu ètu dꞌara ajꞌu-jꞌuꞌu ètu dꞌara ajꞌu-jꞌuꞌu ètu dꞌara ajꞌu-jꞌuꞌu ètu dꞌara ajꞌu-jꞌuꞌuꞌu ètu dꞌara ajꞌu-jꞌuꞌuꞌu ètu dꞌara ajꞌu-jꞌuꞌuꞌuꞌuꞌuꞌu ètu dꞌara ajꞌu-jꞌuꞌuꞌuꞌuꞌuꞌuꞌuꞌu ètu dꞌara ajꞌu-jꞌuꞌuꞌuꞌuꞌuꞌuꞌuꞌu.","Èle èèna ka, èi ne èle nèti d'ara boto, hèia na tèka ana ne ètu haha ca ana aj'u.",,eng,nfa,English,Dhao,9.5093,7.8429,11.7918
"and she goes and sits by herself opposite him, far off, about a bow-shot, for she said, do not let me look on the death of the boy; and she sits opposite him, and lifts up her voice, and weeps.","ka na pangee ètu d'ara na, d'ara ja'a la'e boe, ladhe ja'a kèdhi mamadhe ana ja'a. ka na madhèdi ako kaj'èu nèti ana na, pe d'ai lèmi nguru meter sa. ka na tangi dènge lii roma iisi.","Èle èèna ka, ana bhèni èèna laꞌe madhèdi ètu hèbꞌa èèna. Ka na madhèdi ètu hèbꞌa èèna, peka na, ""Baku ladhe jaꞌa ladhe ana ne madhe!"" Hèia ana bhèni ne madhèdi ètu hèbꞌa èèna, hèia na tangi.","Èle èèna ka, ana bhèni èèna laꞌe madhèdi mesa patangara dènge nèngu, kaj'èu ele.boe ca pèci kaduru, lula na peka, ""Baku ladhe jaꞌa ladhe ana ne madhe!"" Hèia na nedhe lii na, hèia na tangi.",,eng,nfa,English,Dhao,0.2135,4.1081,3.3988
"and god hears the voice of the youth; and the messenger of god calls to hagar from the heavens and says to her, what to you, hagar? do not fear; for god has listened to the voice of the youth where he is;","lula ama lamatua dhu tadèngi lii tangi ismael, ka ana pajuu na mai nèti sorga, ka paroa hagar, aku nèngu na, hagar! nga tao ka, èu j'èra ae sèmi ne'e ne? baku madha'u ia ka, te lamatua tadèngi le lii tangi ana èu.","Èle èèna ka, Ama Lamatua tadèngi lii ana bhèni ne. Hèia ana pajuu Ama Lamatua èci, nèti dedha-liru, paroa Hagar, aku nèngu na, ""Ama Hagar! Baku madhaꞌu, te Ama Lamatua tadèngi lii ana bhèni ne ètu dꞌara èmu na.""","Èle èèna ka, Ama Lamatua tadèngi lii ana mone ne. Hèia ana pajuu Ama Lamatua èci, nèti dedha-liru, paroa Hagar, aku nèngu na, ""Ngaa mi èu, Hagar? Baku madhaꞌu, te Ama Lamatua tadèngi lii ana mone ne ètu nèngu pea.""",,eng,nfa,English,Dhao,0.2118,-0.0534,0.1017
"rise, lift up the youth, and lay hold on him with your hand, for i set him for a great nation.","de kèd'i lamu more ana nèi. pa'èra d'ara na, te bèli-camèd'a ja'a paj'aj'i ana-èpu na, suku èci dhu kapai.","Kèdꞌi ka! Kèdꞌi ka, ho kèpe ana ne, ho kèpe ne dènge kacui-aai èu. Te Jaꞌa hagꞌe nare ne, sèna ka jꞌajꞌi dhèu aaꞌi-aaꞌi nèti dhèu aaꞌi-aaꞌi ètu rai-haha ne.""","Kèd'i ka! Boti ana ne, aa kèpe ne dènge kacui-aai èu, te Ja'a hag'e nare ne, sèna ka j'aj'i suku aae.",,eng,nfa,English,Dhao,7.9598,4.5812,5.9572
"and god opens her eyes, and she sees a well of water, and she goes and fills the bottle with water, and causes the youth to drink;","ka ama lamatua pasaraa musi madha na. cag'ag'a laa nèdhi dènge, èi ca madha ètu era èèna. hèia la'e soli èi asa d'ara babo'i, ka na panginu ana na ismael.","Èle èèna ka, dhèu aaꞌi-aaꞌi bhèni ne ladhe nèdhi èi ètu dꞌara èi. Hèia na laꞌe isi èi èi èi ètu dꞌara èi èèna, ka naꞌa-ninu dhèu aaꞌi-aaꞌi ètu dꞌara èi.","Aa Ama Lamatua bhoke musi madha na, hèia na nèdhi èi ca dhèu, aa na la'e isi boto ne dènge èi, aa na pa-ninu dhèu ngèru ne.",,eng,nfa,English,Dhao,6.018,9.6489,9.7145
"and god is with the youth, and he grows, and dwells in the wilderness, and is an archer; and he dwells in the wilderness of paran, and his mother takes for him a wife from the land of egypt.","ka ismael dènge ina na hagar pea dènge ka ètu d'ara mamoo paran. ismael asa na kapai, aa ne'a mèu kataki. ka ina na paleo ne dènge ana bhèni masir ca dhèu. se'e se j'aj'i, lula ama lamatua bera-bera dènge ismael.","Èle èèna ka, Ama Lamatua paꞌèki dènge ana ne. Ropa ana ne jꞌajꞌi kapai, ka na pea ètu dꞌara mamoo ètu dꞌara mamoo, ètu dꞌara mamoo Paran. Èle èèna ka, ina na abhu dhèu èmu nèti rai Masir, ho jꞌajꞌi dhèu èmu na.","Èle èèna ka, Ama Lamatua paꞌèki dènge ana ne. Ka ana ne jꞌajꞌi kapai, ka na pea ètu dꞌara mamoo, ka na j'aj'i dhèu dhu kataki. Ka na pea ètu d'ara mamoo Paran. Èle èèna ka, ina na abhu dhèu èmu nèti rai Masir, ho jꞌajꞌi dhèu èmu na.",,eng,nfa,English,Dhao,9.5305,5.9722,5.874
"and it comes to pass at that time that abimelech speaks-phichol also, head of his host-to abraham, saying, god is with you in all that you are doing;","lod'o èèna, dhèu aae abimelek dènge kètu kapai sordad'u na, fikol, mai pangad'o dènge abraham. hèia dhèu aae padhai lii, ka na peka, abraham! ji'i se nge'a ama lamatua bera-bera dènge èu. nèti èèna ka, sad'i èu ad'u ngaa sa èci, j'aj'i dènge be'a.","Èle èèna ka, Abimelek, dhèu kapai na, lii dènge Abraham, aku nèngu na, ""Lamatua dènge èu ètu jꞌara aaꞌi-aaꞌi dhu èu tao.""","Èle èèna ka, Abimelek dènge Phichol kahèi, kapala sordad'u na, lii dènge Abraham, aku nèngu na, ""Lamatua dènge èu ètu j'ara aa'i-aa'i dhu èu tao.""",,eng,nfa,English,Dhao,6.3298,7.0562,5.2429
"and now, swear to me by god here: you do not lie to me, or to my continuator, or to my successor; according to the kindness which i have done with you-do with me, and with the land in which you have sojourned.","de ja'a manèngi, sèna ka èu subha ètu katanga madha ama lamatua, dhu peka na, èu bisa boe kapod'e-kabèli ja'a, dènge ana-èpu ja'a aa'i-aa'i ra. sèmi dhu ja'a tao le be'a mi èu, na, èu hud'i tao be'a kahèi mi ja'a dènge kabarai ja'a.","De jaꞌa manèngi sèna ka èu jꞌajꞌi mi dhèu aaꞌi-aaꞌi ètu rai-haha ne, sèna ka èu jꞌajꞌi mi dhèu aaꞌi-aaꞌi ètu rai-haha ne. De èu hudꞌi jꞌajꞌi mi dhèu aaꞌi-aaꞌi dhu jꞌajꞌi mi dhèu aaꞌi-aaꞌi ètu rai-haha ne. De èu hudꞌi jꞌajꞌi mi dhèu aaꞌi-aaꞌi dhu jꞌajꞌi mi dhèu aaꞌi-aaꞌi ètu rai-haha ne. De èu hudꞌi jꞌajꞌi mi dhèu aaꞌi-aaꞌi ètu rai-haha ne. De èu hudꞌi jꞌajꞌi mi dhèu aaꞌi-aaꞌi dhu jꞌajꞌi mi dhèu aaꞌi-aaꞌi ètu rai-haha ne.","De sange ne'e, èu hud'i subha mi ja'a dènge ngara Ama Lamatua ètu ne'e: èu leko-monya boe mi ja'a, do mi dhèu dhu neo madhutu ja'a, do mi dhèu dhu neo gati ja'a. Tao dènge ja'a madhutu rasa kasia dhu ja'a tao mi èu, aa dènge rai dhu èu pea ètu nèi.",,eng,nfa,English,Dhao,19.371,16.1804,18.0601
"and abraham says, i swear.","ka aku abraham na, ooo! ja'a subha.","Hèia Abraham dhaa, aku nèngu na, ""Sèmi neꞌe!","Hèia Abraham dhaa, aku nèngu na, 'Aku subha.'",,eng,nfa,English,Dhao,2.5639,11.2156,6.8936
"and abraham reasoned with abimelech concerning the matter of a well of water which abimelech's servants have violently taken away,","te ngaa èle èèna ka, abraham lapor dènge dhèu aae, aku nèngu na, dhèu-dhèu ama dhèu aae parame rare èi ja'a ca madha.","Èle èèna ka, Abraham padhai lii dènge Abimelek ètu dꞌara èi èèna. Abhu dhèu-dhèu sabꞌa nèti èi èèna.","Èle èèna ka, Abraham padhai lii dènge Abimelek lula-nèti mèdha èi èèna dhu dhèu-dhèu sab'a Abimelek pakaseti nare eele.",,eng,nfa,English,Dhao,0.4491,2.4103,1.416
"and abimelech says, i have not known who has done this thing, and even you did not declare to me, and i also, i have not heard except today.","tadèngi sèmi èèna, hèia na peka, waa! ja'a heka tadèngi kèna j'ara ne'e ne. tasamia ka karèi nèti ca hari ni, èu peka boe dènge ja'a? ja'a dhae ke'a mèka, ne'e ne tatao cee ka ne.","Te ngaa Abimelek dhaa, aku nèngu na, 'Jaꞌa keꞌa boe dhèu dhu tao jꞌajꞌèra ne. Aa èu peka boe dènge jaꞌa, aa jaꞌa keꞌa boe, toke dꞌai sange neꞌe.'","Te ngaa Abimelek dhaa, aku nèngu na, ""Ja'a ke'a boe dhèu dhu tao mèdha ne. Aa èu peka boe dènge ja'a, aa ja'a kahèi tadèngi boe toke doe ne'e.""",,eng,nfa,English,Dhao,8.2903,6.0344,5.8623
"and abraham takes sheep and oxen, and gives to abimelech, and they make, both of them, a covenant; and abraham sets seven lambs of the flock by themselves.","èle èèna ka, abraham dènge abimelek pa'èki lii pajaji. ka abraham hia abimelek sapi dènge kahib'i-kalèbho. èle èèna ka, abraham hag'e nare hari kahib'i-kalèbho èni pidhu ngi'u.","Èle èèna ka, Abraham kèpe ana kahibꞌi-kalèbho pidhu nèti kahibꞌi-kalèbho sèra.","Aa Abraham kèpe kahib'i-kalèbho dènge sapi, aa na hia mi Abimelek, aa dua ra tao lii pajaji; aa Abraham tèka ana kahib'i-kalèbho pidhu nèti kaboko kahib'i-kalèbho sèra mesa ra.",,eng,nfa,English,Dhao,11.9363,18.2983,14.1078
"and abimelech says to abraham, what are they-these seven lambs which you have set by themselves?","hèia dhèu aae karèi ne, peka na, nga tao ka èu tao sèmi èèna?","Èle èèna ka, Abimelek karèi Abraham, aku nèngu na, ""Èu pangee, na, ana kahibꞌi-kalèbho pidhu seꞌe se, ngaa?""","Èle èèna ka, Abimelek karèi Abraham, aku nèngu na, ""Ana kahib'i pidhu se'e dhu èu tèka si mesa, ngaa?""",,eng,nfa,English,Dhao,0.9222,1.6945,2.1007
"and he says, for-the seven lambs you accept from my hand, so that it becomes a witness for me that i have dug this well;","ka abraham peka, aku nèngu na, ama dhèu aae. sèmi la kalèbho èni pidhu ngi'u se, sèna ka j'aj'i tadha dhu ama peka le na, ja'a ka dhu kèi èi na.","Hèia na dhaa, aku nèngu na, ""Èu sèmi nare ana kahibꞌi-kalèbho pidhu sèra nèti jaꞌa, sèna ka jꞌajꞌi sakasii jaꞌa, na, jaꞌa ka dhu kèpe dꞌara jꞌara neꞌe.""","Hèia na dhaa, aku nèngu na, ""Èu sèmi nare ana kahibꞌi-kalèbho pidhu sèra nèti kacui-aai jaꞌa, sèna ka jꞌajꞌi sakasii jaꞌa, na, jaꞌa ka dhu kèi èi neꞌe.""",,eng,nfa,English,Dhao,4.5576,2.6831,3.3815
"therefore he has called that place beer-sheba, for both of them have sworn there.","lula dua ra dhu pa'èki le soo-subha ètu èèna, ka era na ra pangare na beer-syeba dhu sasoa na, ‘madha èi soo-subha'.","Nèti èèna ka, Yusuf ngara era ne, Beer-sheba, lula dua ra jꞌajꞌi dhèu pajuu-paleha ètu èèna.","Nèti èèna ka, nèngu ngara era ne, Beer-sheba, lula dua ra dhoo ètu èèna.",,eng,nfa,English,Dhao,-4.4741,-2.8776,-1.6249
"and they make a covenant in beer-sheba, and abimelech rises-phichol also, head of his host-and they return to the land of the philistines;","ropa pasubha èle, ka dhèu aae dènge kètu kapai sordad'u na lèpa ka, asa era rèngu, rai dhèu pilistin.","Èle èèna ka, rèngu paꞌèci dènge Ama Lamatua ètu Beer-sheba. Èle èèna ka, Abimelek, kètu sordadꞌu na, ngara na Pichol, lèpa hari asa rai dhèu Filisti.","Èle èèna ka, rèngu paꞌèci ètu Beer-sheba. Aa Abimelek kèd'i, dènge Pichol, dhu kètu sordad'u na, kèd'i kahèi. Hèia rèngu lèpa hari asa rai dhèu Filisti.",,eng,nfa,English,Dhao,6.2807,4.0396,3.3225
"and abraham plants a tamarisk in beer-sheba, and preaches there in the name of yhwh, the perpetual god;","èle èèna ka, abraham sèle aj'u tamareska ca kapua ètu beer syeba. karèi nèti lod'o èèna, aj'u ne pasanèd'e abraham, lula ètu era èèna ka, nèngu mangaj'i lamatua dhu mamuri toke d'ai mia-mia.","Èle èèna ka, Abraham tao ajꞌu tamarisk ètu Beer-sheba. Èle èèna ka, Abraham peka dènge dhèu aaꞌi-aaꞌi ètu èèna, aku nèngu na, ""Ama Lamatua èèna, Ama Lamatua dhu mamuri toke dꞌai mia-mia.""","Èle èèna ka, Abraham tao ajꞌu tamarisk ètu Beer-sheba. Hèia nèngu aj'a-nori ètu èèna pake kolongara Ama Lamatua dhu mamuri taa-taa.",,eng,nfa,English,Dhao,-13.3434,-12.1776,-10.9321
and abraham sojourns in the land of the philistines many days.,ka abraham pea dènge ka ètu talora dhèu pilistin sèmi dhèu tao mai.,"Èle èèna ka, Abraham pea ètu dꞌara rai dhèu Parisi, toke dꞌai pèri-pèri lodꞌo.","Èle èèna ka, Abraham pea ètu dꞌara rai dhèu Parisi, toke dꞌai pèri-pèri lodꞌo.",,eng,nfa,English,Dhao,0.0,0.0,0.0
"and it comes to pass after these things that god has tried abraham and says to him, abraham; and he says, here i am.","nèbhu boe, hèia lamatua sèku neo ne'a d'ara abraham. neo ne'a abraham madhutu lamatua, do aad'o. ka lamatua paroa ne, aku nèngu na, abraham! hèia na dhaa, peka na, ooo, lamatua.","Èle èèna ka, Ama Lamatua karèi Abraham, aku Nèngu na, ""Abraham!"" Hèia Abraham dhaa, aku nèngu na, ""Ama! Jaꞌa ne, Ama!""","Èle èèna ka, Ama Lamatua uji Abraham, aku Nèngu na, ""Abraham!"" Hèia Abraham dhaa, aku nèngu na, ""Ama! Jaꞌa ne, Ama!""",,eng,nfa,English,Dhao,-0.1074,-0.5521,-0.3961
"and he says, now take your son, your only one, whom you have loved, even isaac, and go for yourself to the land of moriah, and cause him to ascend there for a burnt-offering on one of the mountains of which i speak to you.","ka ama lamatua peka dènge ne, mu nanene paie-iie! more ana pasue èu mone mesa na. mèti ne asa rai moria, ho tao ne j'aj'i korban tunu hia ja'a. pe d'ai nèi, ja'a heka paj'uj'u era dhu ètu ledhe èci.","Hèia Ama Lamatua peka dènge ne, aku Nèngu na, 'Sèmi neꞌe! Hia ana èu ca dhèu dhu èu sue, nuka Isak. Èu hudꞌi laꞌe laꞌe asa rai èci èèna, dhu mèu-mèu.'","Hèia Ama Lamatua peka dènge ne, aku Nèngu na, 'Sèmi neꞌe! Nare ana èu dhu mesa mu, dhu èu sue, nuka Isak. Aa la'e asa rai Moria, hèia paca'e ne ètu nèi j'aj'i persembahan tunu ètu dedha ca ledhe dhu ja'a peka dènge èu.'",,eng,nfa,English,Dhao,5.4138,13.6672,11.2237
"and abraham rises early in the morning, and saddles his donkey, and takes two of his young men with him, and his son isaac, and he cleaves the wood of the burnt-offering, and rises and goes to the place of which god has spoken to him.","d'ai bèli mad'ae aae na, abraham sèg'i aj'u sèna ka tao kadhèna. na èki, ka na hue asa dedha keled'ei. ka dua ra dènge isak, aa dènge dhèu sab'a na dhèu dua, pakèd'i asa era dhu lamatua peka dènge ne.","Èle èèna ka, bèli-camèdꞌa Abraham kèdꞌi kèdꞌi. Hèia na kèdꞌi kèdꞌi kèdꞌi na, dènge ana-ana na dhèu dua, dènge ana na Isak. Èle èèna ka, Abraham kèdꞌi kèdꞌi kèdꞌi sèna ka tao korban kahèi. Èle èèna ka, Abraham kèdꞌi kèdꞌi kèdꞌi kèdꞌi kèdꞌi, ka laꞌe asa era dhu Ama Lamatua moa le dènge ne.","Èle èèna ka, bèli-camèdꞌa Abraham kèdꞌi, aa na hèle keled'ei na, hèia na paroa ana-ana na dhèu dua dènge ana na Isak dènge ne. Èle èèna ka, na tutu aj'u sèna ka tao korban kahèi. Èle èèna ka, Abraham kèdꞌi, ka laꞌe asa era dhu Ama Lamatua moa le dènge ne.",,eng,nfa,English,Dhao,8.4489,6.7044,6.5006
"on the third day-abraham lifts up his eyes, and sees the place from afar;","ra kako taruu, ka d'ai camèd'a èèna, abraham nèdhi le era èèna nèti kaj'èu.","Èle èèna ka, bèli-camèdꞌa dꞌai tèlu lodꞌo, hèia Abraham ladhe nèdhi era èèna nèti kajꞌèu.","Asa camèd'a, Abraham boti kètu na, hèia ladhe nèdhi era èèna nèti kajꞌèu.",,eng,nfa,English,Dhao,9.7377,1.6161,1.3604
"and abraham says to his young men, remain by yourselves here with the donkey, and i and the youth go over there and worship, and return to you.","hèia na peka dènge dhèu dua sèra, aku nèngu na, dua mi mate taha mi ne'e dènge keled'ei ne. ja'a dènge ana ja'a la'a asa dedha nèi, ho mangaj'i ama lamatua. ladhe èle na, ji'i lèpa hari mai.","Hèia Abraham peka dènge dhèu sabꞌa na sèra, aku nèngu na, ""Miu aaꞌi-aaꞌi mi pea ètu neꞌe dènge keledꞌei ne. Te ngaa jaꞌa dènge ana ne lèpa asa era neꞌe, ho sabajꞌa mi Ama Lamatua. Èle èèna ka, jaꞌa lèpa hari asa miu.""","Hèia Abraham peka dènge dhèu sabꞌa na sèra, aku nèngu na, ""Miu aaꞌi-aaꞌi mi pea ètu neꞌe dènge keledꞌei ne. Te ngaa jaꞌa dènge ana ne lèpa asa era neꞌe, ho pahaha iisi mi Ama Lamatua. Èle èèna ka, jaꞌa lèpa hari asa miu.""",,eng,nfa,English,Dhao,-0.123,0.1232,-0.0154
"and abraham takes the wood of the burnt-offering, and places on his son isaac, and he takes in his hand the fire, and the knife; and they go on both of them together.","ka abraham nare kadhèna dhu neo tunu korban, ka na tao mi kabela-kao isak. aa nèngu nèd'u tud'i, dènge suu ai. ropa dua ra palere lasi,","Èle èèna ka, Abraham kèpe ajꞌu sèra, sèna ka jꞌajꞌi holo-nori. Hèia na kèpe Isak, ana na. Hèia Abraham kèpe ajꞌu sèra dènge mèdha èci èèna kahèi. Èle èèna ka, dua ra lèpa dènge èci.","Èle èèna ka, Abraham kèpe aj'u sèra dhu j'aj'i holo-nori, hèia na tèka ètu dedha ana na Isak. Hèia na kèpe ètu kacui-aai na ai dènge tudi. Hèia dua ra kako dènge èci.",,eng,nfa,English,Dhao,0.7051,4.3376,3.5116
"and isaac speaks to his father abraham and says, my father, and he says, here i am, my son. and he says, behold, the fire and the wood, and where the lamb for a burnt-offering?","hèia isak paroa ama na, aku nèngu na, ama! ka abraham dhaa, aku nèngu na, nga tao, ana? hèia isak karèi, aku nèngu na, èdhi neo lati tunu korban. de ai dènge kadhèna ka se'e le. te ngaa ana kahib'i-kalèbho dhu èdhi pake j'aj'i korban, ka mia?","Èle èèna ka, Isak karèi Abraham, ama na, aku nèngu na, ""Ama!"" Hèia Abraham dhaa, aku nèngu na, ""Ama! Jaꞌa ne ètu neꞌe."" Hèia Isak karèi Abraham, aku nèngu na, ""Sèmi neꞌe, ai dènge ajꞌu ètu neꞌe, dènge ana kahibꞌi-kalèbho sèra ètu mia?""","Èle èèna ka, Isak karèi Abraham, ama na, aku nèngu na, ""Ama!"" Hèia Abraham dhaa, aku nèngu na, ""Ja'a ne ètu ne'e, ana ku."" Hèia Isak karèi Abraham, aku nèngu na, ""Sèmi ne'e, ai dènge aj'u ètu ne'e, dènge ana kahib'i-kalèbho ho korban tunu ètu mia?""",,eng,nfa,English,Dhao,3.8819,4.9992,4.4873
"and abraham says, god provides for himself the lamb for a burnt-offering, my son; and they go on both of them together.","te ngaa, aku abraham na, pe ama lamatua unu na ka dhu hia ana kalèbho, sèna ka j'aj'i mi korban. ka dua ra ca'e lasi taruu.","Hèia Abraham dhaa, aku nèngu na, 'Aadꞌo! Ama Lamatua hia le ana kahibꞌi-kalèbho sèra, ho pamadhe ne.' Ka dua ra lèpa hari.","Hèia Abraham dhaa, aku nèngu na, 'Aadꞌo! Ama Lamatua hia le ana kahibꞌi-kalèbho unu nèngu di, ho j'aj'i korban tunu, ana ku.' Ka dua ra kako taruu sama-sama.",,eng,nfa,English,Dhao,6.574,10.1136,8.0091
"and they come to the place of which god has spoken to him, and there abraham builds the altar, and arranges the wood, and binds his son isaac, and places him on the altar above the wood;","ropa dua ra d'ai era dhu lamatua peka èèna, ka abraham pudhi hadhu ho tao mei korban. hèia na paloko kadhèna ètu dedha mei korban ne. ka kèpe ana na isak, èki patarenga ne ètu dedha kadhèna.","Ropa rèngu dꞌai era dhu Ama Lamatua peka dènge ne, hèia Abraham pajꞌujꞌu mei korban ètu èèna. Hèia na pajꞌujꞌu ajꞌu èèna. Èle èèna ka, na kèpe Isak, ana na, ka na hia ne ètu dedha mei korban.","Ropa rèngu dꞌai era dhu Ama Lamatua peka dènge ne, hèia Abraham patitu mei korban ètu èèna. Hèia na sadia ajꞌu èèna. Èle èèna ka, na iu Isak, ana na, ka na tèka ne ètu dedha mei korban dedha aj'u èèna.",,eng,nfa,English,Dhao,-0.9598,-0.2339,-0.7621
"and abraham puts forth his hand, and takes the knife-to slaughter his son.","ka nare tud'i, ho neo kèj'i pamadhe ana na.","Èle èèna ka, Abraham kèpe kacui-aai na, ho neo pamadhe ana na.","Èle èèna ka, Abraham j'ole kacui-aai na, aa kèpe tudi na ho neo roro ana na.",,eng,nfa,English,Dhao,-14.8241,-15.5973,-15.8032
"and the messenger of yhwh calls to him from the heavens and says, abraham, abraham; and he says, here i am;","cag'ag'a laa, ana pajuu lamatua lii nèti dedha-liru, peka na, abraham! mata ku! ka abraham dhaa, aku nèngu na, nga tao, lamatua?","Èle èèna ka, ana pajuu Ama Lamatua nèti sorga paroa ne, aku nèngu na, ""Abraham! Abraham!"" Hèia Abraham dhaa, aku nèngu na, ""Jaꞌa ne!""","Èle èèna ka, ana pajuu Ama Lamatua nèti sorga paroa ne, aku nèngu na, ""Abraham! Abraham!"" Hèia Abraham dhaa, aku nèngu na, ""Jaꞌa ne!""",,eng,nfa,English,Dhao,0.0,0.0,0.0
