src_text,tgt_text,pred_tgt_text,post_edited_tgt_txt,translated_tgt_txt,src_lang,tgt_lang,src_lang_name,tgt_lang_name,spbleu_improvement,chrf3_improvement,chrfpp_improvement
in the beginning god made of nought heaven and earth.,"uru-uru tèka, ama lamatua paj'aj'i dedha-liru dènge rai-haha.","Uru-uru sèra, Ama Lamatua pajꞌajꞌi liru dènge rai-haha.","Uru-uru sèra, Ama Lamatua pajꞌajꞌi liru dènge rai-haha.",,eng,wyc,English,Wycliffe,0.0,0.0,0.0
"forsooth the earth was idle and void, and darknesses were on the face of depth; and the spirit of the lord was borne on the waters or the spirit of god was borne upon the waters.","lod'o rai-haha j'aj'i mèka, aa'i-aa'i dhae mèci mèka. dhu abhu, èi. aa maroga aatu-aatu saguru nare ne. ka roh lamatua lela ètu dedha èi èèna.","Lodꞌo èèna, aaꞌi-aaꞌi ètu rai-haha ne jꞌajꞌi mèu-mèu, aa jꞌajꞌi mèu-mèu. Lodꞌo èèna, aaꞌi-aaꞌi ètu rai-haha ne jꞌajꞌi mèu-mèu. Lodꞌo èèna, aaꞌi-aaꞌi ètu rai-haha ne jꞌajꞌi mèu-mèu. Lodꞌo èèna, aaꞌi-aaꞌi ètu rai-haha ne jꞌajꞌi mèu-mèu. Lodꞌo èèna, aaꞌi-aaꞌi ètu rai-haha ne jꞌajꞌi mèu-mèu.","Rai-haha ne j'aj'i mèu-mèu, aa maroga ètu katanga madha marèma; aa manadu Lamatua mora iisi ètu dedha èi.",,eng,wyc,English,Wycliffe,16.02,11.0474,12.2491
"and god said, light be made, and the light was made.","hèia ama lamatua peka, hud'i ku dènge saraa. ropa peka nare sèmi ne'e, ka saraa j'aj'i dènge ka.","Èle èèna ka, Ama Lamatua peka dènge dhèu aaꞌi-aaꞌi, aku Nèngu na, ""Hudꞌi laa!""","Èle èèna ka, Ama Lamatua peka, aku Nèngu na, ""Hud'i labhu j'aj'i!"" aa labhu j'aj'i.",,eng,wyc,English,Wycliffe,9.2654,3.8404,3.946
"and god saw the light, that it was good, and he parted the light from darknesses;","ropa nèdhi saraa ne, d'ara na karej'e, lula ngaa dhu na ad'u, mema be'a. hèia na hag'e eele saraa nèti maroga, sèna ka èci-èci ka dènge taa na.","Èle èèna ka, Ama Lamatua ladhe nèdhi, na, saraa ne beꞌa. Hèia Ama Lamatua padꞌelo jꞌara èci dènge saraa.","Èle èèna ka, Ama Lamatua ladhe nèdhi, na, saraa ne beꞌa. Hèia Ama Lamatua ma'ète saraa nèti maroga.",,eng,wyc,English,Wycliffe,7.3304,3.3521,3.9072
"and he called the light, day, and the darknesses, night. and the eventide and the morrowtide was made, one day.","ka pangare saraa ne ‘mèu', aa maroga na ‘mèda'. ne'e ne, lod'o ka èci kèna.","Èle èèna ka, bèli-camèdꞌa dhèu aaꞌi-aaꞌi jꞌajꞌi dhèu aaꞌi-aaꞌi. Èle èèna ka, dhèu aaꞌi-aaꞌi jꞌajꞌi dhèu aaꞌi-aaꞌi jꞌajꞌi dhèu aaꞌi-aaꞌi. Èle èèna ka, dhèu aaꞌi-aaꞌi jꞌajꞌi dhèu aaꞌi-aaꞌi jꞌajꞌi dhèu aaꞌi-aaꞌi.","Aa nèngu paroa labhu ne, lod'o. Aa maroga ne, mèda. Aa lod'o nihia dènge bèli j'aj'i ca lod'o.",,eng,wyc,English,Wycliffe,10.3131,19.0284,17.8836
"and god said, the firmament be made in the midst of waters, and part waters from waters. and god made the firmament, and parted the waters that were under the firmament, from the waters that were on the firmament or that were above the firmament; and it was done so.","hèia ama lamatua lii hari, na peka, hud'i dènge ku era talele, sèna ka hag'e eele èi. nèti èèna ka, èi re dedha, aa abhu kahèi èi re haha. ropa peka nare sèmi èèna, hèia èi b'agi dènge mi dua.","Èle èèna ka, Ama Lamatua peka, aku Nèngu na, ""Beꞌa risi ètu dedha-liru, ètu dꞌara èi, sèna ka jꞌajꞌi èci dènge èci."" Hèia Ama Lamatua pajꞌajꞌi ètu dedha-liru, sèna ka jꞌajꞌi èci dènge èci. Hèia jꞌajꞌi sèmi èèna.","Èle èèna ka, Ama Lamatua peka, aku Nèngu na, ""Dedha-liru jꞌajꞌi ètu dꞌara èi, sèna ka pacèri èi nèti èi."" Hèia Ama Lamatua pajꞌajꞌi dedha-liru, hèia na pacèri èi dhu ètu haha dedha-liru, nèti èi dhu ètu dedha dedha-liru. Hèia jꞌajꞌi sèmi èèna.",,eng,wyc,English,Wycliffe,0.6191,1.1168,1.8142
"and god called the firmament, heaven. and the eventide and the morrowtide was made, the second day.","ka na pangare èi re dedha na, ‘liru'. ne'e ne, lod'o ka dua kèna.","Èle èèna ka, Ama Lamatua pajꞌujꞌu aaꞌi-aaꞌi ètu dedha-liru. Ka Na pajꞌujꞌu aaꞌi-aaꞌi ètu dedha-liru. Aa Na pajꞌujꞌu aaꞌi-aaꞌi ètu dedha-liru, jꞌajꞌi hari ka dua.","Aa Ama Lamatua paroa dedha-liru, liru. Aa lod'o cèna dènge mad'ae j'aj'i hari ka dua.",,eng,wyc,English,Wycliffe,5.2666,6.1838,5.7872
"forsooth god said, the waters, that be under heaven, be gathered into one place, and a dry place appear; and it was done so.","hèia ama lamatua peka hari, aku nèngu na, èi re haha hud'i pakaboko ku mi ca era, sèna ka abhu rai kamango. ropa padhai lii nare sèmi ne'e, j'aj'i dènge ka rai mango.","Èle èèna ka, Ama Lamatua peka, aku Nèngu na, ""Dhèu aaꞌi-aaꞌi dhu ètu dedha-liru jꞌajꞌi ètu era èci, sèna ka jꞌajꞌi ètu era dhu bhelu-katubꞌa."" Hèia jꞌajꞌi sèmi èèna.","Èle èèna ka, Ama Lamatua peka, aku Nèngu na, ""Èj'i aa'i-aa'i dhu ètu haha liru, kaboko asa era èci, aa era dhu mango bhodho."" Hèia j'aj'i sèmi èèna.",,eng,wyc,English,Wycliffe,4.6653,6.2999,4.667
"and god called the dry place, earth; and he called the gatherings together of waters, the seas. and god saw that it was good;","ka era rai mango, na pangare na ‘rai-dedha'; aa era èi dhu kaboko èèna, na pangare na ‘dhasi'. ropa nèdhi aa'i-aa'i ne, d'ara na karej'e, lula ngaa dhu na ad'u, mema be'a.","Èle èèna ka, Ama Lamatua pangee, na, ""Dhèu aae ne, rai-haha."" Èle èèna ka, Ama Lamatua pangee, na, ""Dhèu aae ne, rai-haha."" Èle èèna ka, Ama Lamatua pangee, na, ""Dhèu aae ne, rai-haha.""","Dènge Ama Lamatua pangee era mango ne, rai-haha; aa nèngu pangee pakaboko èj'i sèra, dhasi. Aa Ama Lamatua rèdhi na be'a.",,eng,wyc,English,Wycliffe,3.2587,3.4601,3.8396
"and said, the earth bring forth green herb, and making seed, and an apple tree making fruit by his kind, whose seed be in itself, on the earth; and it was done so.","ka ama lamatua lii hari, peka na, rai hud'i pamamuri ku rupa-rupa ana aaj'u. sèna ka abhu aj'u dhu hua, dhu dènge lamusi, aa dhu dènge rèu mangèru. sèna ka aj'u-aj'u se, hua-hela madhutu rupa rèngu. ropa padhai lii nare sèmi ne'e, j'aj'i dènge ka ana aaj'u aa'i-aa'i ra.","Ètu rai-haha ne, abhu aaꞌi-aaꞌi dhu hia hua-hela. Aa aaꞌi-aaꞌi dhu hia hua-hela. Aa aaꞌi-aaꞌi dhu hia hua-hela. Aa aaꞌi-aaꞌi dhu hia hua-hela."" Hèia Ama Lamatua tao sèmi èèna kahèi.","Ètu rai-haha ne, abhu j'u'u mangèru, dènge tao hini, aa aj'u apel dhu hia hua madhutu rupa na, dhu hini na ètu d'ara na ètu rai-haha; hèia Ama Lamatua tao sèmi èèna kahèi.",,eng,wyc,English,Wycliffe,2.5129,6.5848,7.4973
"and the earth brought forth green herb and making seed by his kind, and a tree making fruit, and each having seed by his kind. and god saw that it was good.","ètu dedha-rai, ana aaj'u se hua-hela ka madhutu rupa rèngu. ropa nèdhi aa'i-aa'i se, d'ara na karej'e, lula ngaa dhu na ad'u, mema be'a.","Ètu rai-haha ne, abhu hèbꞌa aaꞌi-aaꞌi dhu jꞌajꞌi rupa-rupa. Aa ajꞌu aaꞌi-aaꞌi dhu jꞌajꞌi rupa-rupa. Ama Lamatua ladhe sèmi èèna.","Ètu rai-haha ne, j'aj'i hèb'a mangèru dènge hini na madhutu rupa na. Aa aj'u tao hua, dènge hini na madhutu rupa na. Aa Ama Lamatua ladhe na be'a.",,eng,wyc,English,Wycliffe,5.1038,10.3029,10.327
"and the eventide and the morrowtide was made, the third day.","ne'e ne, lod'o ka tèlu kèna.","Bèli-camèdꞌa, bèli-camèdꞌa dꞌai tèlu lodꞌo.","Aa mèda dènge mad'ae j'aj'i, camèd'a.",,eng,wyc,English,Wycliffe,-1.1015,-4.7716,-5.0767
"forsooth god said, lights be made in the firmament of heaven, and part they the day and night; and be they into signs, and times, and days, and years; and shine those in the firmament of heaven, and lighten they the earth; and it was done so.","hèia ama lamatua lii hari, aku nèngu na, re bèka dedha, hud'i abhu ku mèdha dhu saraa, ho pasaraa rai-haha ne. hud'i abhu mèdha dhu pasaraa re mèu, aa abhu kahèi dhu pasaraa re mèda. rèngu aa'i-aa'i se, j'aj'i tadha, ho sèna ka bisa ige lod'o, hèru, dènge tèu. ropa padhai lii nare sèmi ne'e, mèdha dhu heo aa'i-aa'i ra j'aj'i dènge ka.","Èle èèna ka, Ama Lamatua peka hari, aku Nèngu na, ""Hudꞌi laa! Ladhe abhu saraa ètu dedha-liru, sèna ka jꞌajꞌi tadha-tadha, lodꞌo, lodꞌo, dènge lodꞌo. Ladhe abhu saraa ètu dedha-liru, sèna ka jꞌajꞌi saraa ètu rai-haha."" Hèia jꞌajꞌi sèmi èèna.","Èle èèna ka, Ama Lamatua peka aku na, ""Hud'i laa! Ladhe abhu saraa ètu dedha-liru, aa ma'ète si lod'o dènge mèda; aa j'aj'i si tadha-tadha, dènge lod'o, dènge tèu; aa saraa sèra ètu dedha-liru, aa pasaraa si rai-haha."" Hèia j'aj'i sèmi èèna.",,eng,wyc,English,Wycliffe,8.8309,5.3753,4.3229
"and god made two great lights, the greater light that it should be before to the day, and the lesser light that it should be before to the night; and god made stars;","ka na tao ka mèdha kapai dua dhu pasaraa rai-haha. dhu kapai risi, pasaraa re mèu; aa dhu ako ana iiki, pasaraa re mèda. aa na tao hua-hètu kahèi.","Èle èèna ka, Ama Lamatua pajꞌajꞌi saraa dhu kapai, sèna ka jꞌajꞌi saraa dhu kapai, toke dꞌai mèda. Aa Ama Lamatua pajꞌajꞌi saraa dhu kapai, toke dꞌai mèda. Aa Ama Lamatua pajꞌajꞌi saraa dhu kapai, toke dꞌai mèda. Èle èèna ka, Ama Lamatua pajꞌajꞌi saraa dhu kapai, sèna ka jꞌajꞌi saraa dhu kapai. Aa Ama Lamatua pajꞌajꞌi saraa dhu kapai, toke dꞌai mèda. Aa Ama Lamatua pajꞌajꞌi saraa dhu kapai, sèna ka jꞌajꞌi saraa dhu kapai, toke dꞌai mèda.","Aa Ama Lamatua paj'aj'i dua saraa dhu kapai. Saraa dhu kapai risi sèna ka nèngu paredha lod'o, aa saraa dhu iiki sèna ka nèngu paredha mèda. Aa Ama Lamatua paj'aj'i hua hètu.",,eng,wyc,English,Wycliffe,5.722,10.3327,13.1526
"and setted them in the firmament of heaven, that they should shine on the earth,","na tèke mèdha dhu saraa sèra ètu dedha-liru, sèna ka loti mai asa rai-haha.","Èle èèna ka, Ama Lamatua hagꞌe nare si jꞌajꞌi saraa ètu dedha-liru, sèna ka jꞌajꞌi saraa ètu rai-haha ne.","Èle èèna ka, Ama Lamatua nèti si ètu dedha-liru, sèna ka rèngu saraa ètu rai-haha ne.",,eng,wyc,English,Wycliffe,9.5853,0.3608,1.5791
"and that they should be before to the day and to the night, and should part light and darkness. and god saw that it was good.","ka mèdha se, pasaraa ka re mèu, aa pasaraa re mèda. dènge j'ara ne'e, na hag'e eele saraa nèti maroga. ropa nèdhi aa'i-aa'i se, d'ara na karej'e, lula ngaa dhu na ad'u, mema be'a.","Èle èèna ka, Ama Lamatua pajꞌujꞌu aaꞌi-aaꞌi ra. Èle èèna ka, Ama Lamatua pajꞌujꞌu aaꞌi-aaꞌi ra. Èle èèna ka, Ama Lamatua pajꞌujꞌu aaꞌi-aaꞌi ra. Èle èèna ka, Ama Lamatua pajꞌujꞌu aaꞌi-aaꞌi ra. Èle èèna ka, Ama Lamatua pajꞌujꞌu aaꞌi-aaꞌi ra. Èle èèna ka, Ama Lamatua pajꞌujꞌu aaꞌi-aaꞌi ra. Èle èèna ka, Ama Lamatua pajꞌujꞌu aaꞌi-aaꞌi ra.","Aa rèngu hud'i j'aj'i mi lod'o dènge mi mèda, aa hud'i ma'ète saraa dènge maroga. Aa Ama Lamatua rèdhi na be'a.",,eng,wyc,English,Wycliffe,5.4481,6.5595,7.7965
"and the eventide and the morrow-tide was made, the fourth day.","ne'e ne, lod'o ka èpa kèna.","bèli-camèdꞌa, bèli-camèdꞌa, bèli-camèdꞌa, tèlu lodꞌo.","dènge mèda dènge madae j'aj'i, ka-èpa lod'o.",,eng,wyc,English,Wycliffe,6.7059,16.0173,12.9277
"also god said, the waters bring forth a reptile, either a creeping beast, of living soul, and a volatile, either a bird flying above the earth, under the firmament of heaven.","hèia ama lamatua padhai lii hari, peka na, hud'i abhu ku ae-ae dhu mamuri ètu d'ara èi. dènge hud'i abhu ku rupa-rupa manu-bhui dhu lela ètu dedha rai-haha ne.","Èle èèna ka, Ama Lamatua peka dènge jaꞌa, aku Nèngu na, ""Bèli-camèdꞌa ètu dꞌara èi, bèli-camèdꞌa ètu dꞌara èi, bèli-camèdꞌa ètu dedha-liru, bèli-camèdꞌa ètu dedha-liru, bèli-camèdꞌa ètu dedha-liru, bèli-camèdꞌa ètu dedha-liru. Ètu dꞌara èi, bèli-camèdꞌa ètu dedha-liru, bèli-camèdꞌa ètu dedha-liru, bèli-camèdꞌa ètu dedha-liru.""","Ama Lamatua kahèi peka, ""Èi hud'i tao badha dhu rodo dhu dènge manadu mamuri, aa manu-bhui dhu lela dedha rai, haha liru.""",,eng,wyc,English,Wycliffe,10.2616,10.5204,12.2923
"and god made of nought great whales, and each living soul and movable, which the waters have brought forth in their kinds; and god made of nought each volatile by his kind. and god saw that it was good;","ka na tao ka i'a aa'i-aa'i dènge badha kapai dhu mamuri ètu d'ara èi. na paj'aj'i kahèi manu-bhui aa'i-aa'i. ropa nèdhi aa'i-aa'i se, d'ara na karej'e, lula ngaa dhu na ad'u, mema be'a.","Èle èèna ka, Ama Lamatua pajꞌajꞌi seꞌe: seꞌe, seꞌe, seꞌe, seꞌe, seꞌe, seꞌe, seꞌe, seꞌe, seꞌe, seꞌe, seꞌe, seꞌe, seꞌe, seꞌe, seꞌe, seꞌe, seꞌe, seꞌe, seꞌe, seꞌe, seꞌe, seꞌe, seꞌe, seꞌe, seꞌe, seꞌe, seꞌe, seꞌe, seꞌe, seꞌe, seꞌe, seꞌe, seꞌe, seꞌe, seꞌe, seꞌe, seꞌe, seꞌe, seꞌe, seꞌe.","Èle èèna ka, Ama Lamatua paj'aj'i nèti aad'o i'a kapai, aa badha mamuri dhu bisa eso èci-èci, dhu èi pab'odho nèti d'ara na madhutu rupa ra; aa Ama Lamatua paj'aj'i nèti aad'o manubhui èci-èci madhutu rupa na. Aa Ama Lamatua rèdhi na be'a.",,eng,wyc,English,Wycliffe,12.5164,28.7443,26.165
"and blessed them, and said, wax ye, and be ye multiplied, and fill ye the waters of the sea, and the birds be multiplied on the earth.","ka na padhai lii ho sèna ka hia berkat mi aa'i-aa'i dhu mamuri, peka na, i'a se, hud'i laa bèba-kacanga sèna ka papènu èi ètu mia-mia. aa manu-bhui, asa tabha kahèi.","Èle èèna ka, Ama Lamatua hagꞌe nare lii manèngi-mangajꞌi sèra. Ka Na peka dènge si, aku Nèngu na, ""Bèli-camèdꞌa miu jꞌajꞌi dhèu ae-ae, aa jꞌajꞌi dhèu aaꞌi-aaꞌi ètu dꞌara dhasi, aa manu-bhui aaꞌi-aaꞌi ètu rai-haha ne jꞌajꞌi dhèu aaꞌi-aaꞌi.""","Èle èèna ka, Ama Lamatua hagꞌe nare lii manèngi-mangajꞌi sèra. Ka Na peka dènge si, aku Nèngu na, ""Bèli-camèdꞌa miu, aa tabha ae miu, aa isi miu èi dhasi, aa manu-bhui tabha ae ètu rai-haha ne.""",,eng,wyc,English,Wycliffe,1.5107,1.6161,2.4552
"and the eventide and the morrowtide was made, the fifth day.","ne'e ne, lod'o ka lèmi kèna.","bèli-camèdꞌa, bèli-camèdꞌa, bèli-camèdꞌa, bèli-camèdꞌa, bèli-camèdꞌa, bèli-camèdꞌa, bèli-camèdꞌa.",aa lod'o nihia dènge madae j'aj'i lod'o ka-lèmi.,,eng,wyc,English,Wycliffe,11.4875,26.7732,19.4187
"and god said, the earth bring forth a living soul in his kind, work beasts, and reptiles, either creeping beasts, and unreasonable beasts of the earth, by their kinds; and it was done so. and god made unreasonable beasts of the earth by their kinds, and work beasts, and each creeping beast of the earth in his kind. and god saw that it was good;","ka ama lamatua peka hari, na, hud'i abhu ku rupa-rupa badha dhu mamuri ètu rai-dedha. sèmi: badha-manu dhu ani, badha hui, dènge badha dhu rod'o, èci-èci ka dènge rupa na. ropa padhai lii nare sèmi ne'e, badha aa'i-aa'i ra j'aj'i dènge ka. ropa nèdhi aa'i-aa'i se, d'ara na karej'e, lula ngaa dhu na ad'u, mema be'a.","Èle èèna ka, Ama Lamatua peka dènge dhèu aaꞌi-aaꞌi sèra, aku Nèngu na, ""Dhèu aaꞌi-aaꞌi sèra tao badha aaꞌi-aaꞌi dènge badha aaꞌi-aaꞌi dènge badha aaꞌi-aaꞌi."" Èle èèna ka, Ama Lamatua tao badha aaꞌi-aaꞌi dènge badha aaꞌi-aaꞌi dènge badha aaꞌi-aaꞌi dènge badha aaꞌi-aaꞌi dènge badha aaꞌi-aaꞌi dènge badha aaꞌi-aaꞌi dènge badha aaꞌi-aaꞌi dènge badha aaꞌi-aaꞌi dènge badha aaꞌi-aaꞌi dènge badha aaꞌi-aaꞌi dènge badha aaꞌi-aaꞌi. Èle èèna ka dhu beꞌa.","Èle èèna ka, Ama Lamatua peka, aku Nèngu na, ""Rai-haha hud'i padhore badha dhu mamuri madhutu j'ara na, badha sab'a, dènge badha rod'o-kakara, dènge badha dhu dènge boe ngangee na nèti rai-haha, madhutu j'ara ra."" Aa j'aj'i sèmi èèna. Aa Ama Lamatua tao badha dhu dènge boe ngangee na nèti rai-haha madhutu j'ara ra, dènge badha sab'a, aa èci-èci badha rod'o-kakara nèti rai-haha madhutu j'ara na. Aa Ama Lamatua rèdhi na be'a.",,eng,wyc,English,Wycliffe,12.5256,14.235,14.2607
"and said, make we man to our image and likeness, and be he sovereign to the fishes of the sea, and to the volatiles of heaven, and to the unreasonable beasts of the earth, and to each creature, and to each creeping beast or each reptile, which is moved in the earth.","ka ama lamatua peka hari, aku nèngu na, hua iia, mai ta paj'aj'i dhèu, madhutu rupa èdhi. hud'i laa ra leru dènge ator i'a aa'i-aa'i ètu d'ara dhasi, manu-bhui aa'i-aa'i ètu dedha-liru, badha-manu dhu ani, dènge badha leo aa'i-aa'i ra dhu mamuri ètu rai-haha ne.","Hèia ra padhai lii, aku rèngu na, ""Mai ka jiꞌi tao dhèu, sèna ka jꞌajꞌi sama sèmi jiꞌi. Jiꞌi hudꞌi jꞌajꞌi dhèu aaꞌi-aaꞌi, sèna ka jꞌajꞌi dhèu aaꞌi-aaꞌi, sèna ka jꞌajꞌi dhèu aaꞌi-aaꞌi, sèna ka jꞌajꞌi dhèu aaꞌi-aaꞌi, sèna ka jꞌajꞌi dhèu aaꞌi-aaꞌi, sèna ka jꞌajꞌi dhèu aaꞌi-aaꞌi, sèna ka jꞌajꞌi dhèu aaꞌi-aaꞌi, sèna ka jꞌajꞌi dhèu aaꞌi-aaꞌi, sèna ka jꞌajꞌi dhèu aaꞌi-aaꞌi, sèna ka jꞌajꞌi dhèu aaꞌi-aaꞌi, sèna ka jꞌajꞌi dhèu aaꞌi-aaꞌi, sèna ka jꞌajꞌi dhèu aaꞌi-aaꞌi-aaꞌi, sèna ka jꞌajꞌi dhèu aaꞌi-aaꞌi-aaꞌi.""","Hèia ra padhai lii, aku rèngu na, ""Mai ka ji'i tao dhèu, sèna ka j'aj'i sama sèmi ji'i. Aa nèngu paredha i'a dhasi, dènge manu-bhui liru, dènge badha dhu dènge boe ngangee na ètu rai, dènge èci-èci mèdha dhu lamatua paj'aj'i, dènge èci-èci badha rod'o do mege, dhu rodo ètu rai.""",,eng,wyc,English,Wycliffe,14.4699,17.5968,18.2905
"and god made of nought a man to his image and likeness; god made of nought a man, to the image of god; god made of nought them, male and female.","hèia na paj'aj'i dhèu rai-haha ne madhutu rupa na. na paj'aj'i si, dhèu mone dènge dhèu bhèni.","Èle èèna ka, Ama Lamatua pajꞌajꞌi dhèu rai-haha, madhutu dadꞌèi Na. Ama Lamatua pajꞌajꞌi dhèu rai-haha, madhutu dadꞌèi Na. Ama Lamatua pajꞌajꞌi dhèu mone dènge dhèu bhèni.","Èle èèna ka, Ama Lamatua pajꞌajꞌi dhèu rai-haha, madhutu dadꞌèi Na. Ama Lamatua pajꞌajꞌi dhèu rai-haha, madhutu dadꞌèi Na. Ama Lamatua pajꞌajꞌi dhèu mone dènge dhèu bhèni.",,eng,wyc,English,Wycliffe,0.0,0.0,0.0
"and god blessed them, and said, increase ye, and be ye multiplied, and fill ye the earth, and make ye it subject; and be ye lords to the fishes of the sea, and to the volatiles of heaven, and to all living beasts that be moved on the earth.","ka na padhai lii ho sèna ka hia berkat mi rèngu, aku nèngu na, miu hud'i bèba-kacanga ku, sèna ka pea papènu rai-haha ne, ho mi ator ne. ja'a hia miu koasa, sèna ka mi ator i'a, manu-bhui, dènge badha-manu aa'i-aa'i ra ètu rai-haha ne.","Èle èèna ka, Ama Lamatua bꞌala si, ka Na peka dènge si, aku Nèngu na, ""Bèli-camèdꞌa miu jꞌajꞌi dhèu aaꞌi-aaꞌi ètu rai-haha ne. Bèli-camèdꞌa miu jꞌajꞌi dhèu aaꞌi-aaꞌi ètu rai-haha ne. Bèli-camèdꞌa miu jꞌajꞌi dhèu aaꞌi-aaꞌi ètu rai-haha ne. Bèli-camèdꞌa miu jꞌajꞌi dhèu aaꞌi-aaꞌi ètu rai-haha ne. Bèli-camèdꞌa miu jꞌajꞌi dhèu aaꞌi-aaꞌi ètu rai-haha ne. Bèli-camèdꞌa miu jꞌajꞌi dhèu aaꞌi-aaꞌi ètu rai-haha ne.""","Èle èèna ka, Ama Lamatua bꞌala si, ka Na peka dènge si, aku Nèngu na, ""Bèli-camèdꞌa miu, aa tabha ae miu, aa isi miu rai-haha ne, aa tao miu ne j'aj'i madhutu miu; aa miu paredha i'a dhasi, aa manu-bhui liru, aa aa'i badha dhu mamuri dhu pidha ètu rai-haha ne.""",,eng,wyc,English,Wycliffe,11.0179,8.1827,7.4851
"and god said, lo! i have given to you each herb bearing seed on the earth, and all trees that have in themselves the seed of their kind, that they be into meat to you;","mi nanene paie-iie! ja'a hia miu rupa-rupa nganga'a ètu rai-haha ne'e. sèmi: ana aaj'u dhu dènge hua, dhu dènge lamusi, aa dhu dènge rèu mangèru.","Èle èèna ka, Ama Lamatua peka dènge dhèu aaꞌi-aaꞌi sèra, aku Nèngu na, ""Sèmi neꞌe: Jaꞌa hia miu aaꞌi-aaꞌi, hua-hela aaꞌi-aaꞌi ètu rai-haha. Aa aaꞌi-aaꞌi dhu abhu hua-hela aaꞌi-aaꞌi ètu rai-haha. Aa aaꞌi-aaꞌi dhu abhu hua-hela aaꞌi-aaꞌi ètu rai-haha ne, sèna ka miu bisa raꞌa.","Èle èèna ka, Ama Lamatua peka, aku Nèngu na, ""Sèmi neꞌe: Jaꞌa hia miu aaꞌi-aaꞌi, hua-hela dhu abhu hini aaꞌi-aaꞌi ètu rai-haha, aa aj'u aaꞌi-aaꞌi dhu abhu hini nèti rupa na d'ara rèngu, sèna ka rèngu j'aj'i nganga'a mi miu.""",,eng,wyc,English,Wycliffe,1.7892,6.4925,5.8022
"and to all living beasts of the earth, and to each bird of heaven, and to all things that be moved in the earth, and in which is a living soul, that they have to eat; and it was done so.","ja'a hia rupa-rupa ana aaj'u kahèi sèna ka j'aj'i nganga'a badha. nganga'a hia badha-manu dhu ani, badha hui, badha dhu rod'o, dènge manu-bhui. ropa padhai lii nare sèmi ne'e, nganga'a badha sèra aa'i-aa'i ra j'aj'i dènge ka.","Jaꞌa hia badha aaꞌi-aaꞌi dhu mamuri ètu rai-haha, dènge manu-bhui aaꞌi-aaꞌi ètu dedha-liru, dènge badha aaꞌi-aaꞌi dhu kabꞌua ètu rai-haha, sèna ka raꞌa-rinu. Hèia raꞌa-rinu aaꞌi-aaꞌi raꞌa-rinu. Ka raꞌa-rinu aaꞌi-aaꞌi raꞌa-rinu aaꞌi-aaꞌi raꞌa-rinu. Ka raꞌa-rinu aaꞌi-aaꞌi raꞌa-rinu aaꞌi-aaꞌi raꞌa-rinu. Ka raꞌa-rinu aaꞌi-aaꞌi raꞌa-rinu aaꞌi-aaꞌi raꞌa-rinu aaꞌi-aaꞌi raꞌa-rinu aaꞌi-aaꞌi raꞌa-rinu.","Jaꞌa hia badha aaꞌi-aaꞌi dhu mamuri ètu rai-haha, dènge manu-bhui aaꞌi-aaꞌi ètu dedha-liru, dènge badha aaꞌi-aaꞌi dhu kabꞌua ètu rai-haha, dènge dhu dènge samanga mamuri, sèna ka raꞌa-rinu. Hèia j'aj'i sèmi èèna.",,eng,wyc,English,Wycliffe,11.6558,5.963,6.9728
"and god saw all things which he made, and they were full good. and the eventide and the morrowtide was made, the sixth day.","ropa nèdhi aa'i-aa'i se, d'ara na karej'e, lula ngaa dhu na ad'u, mema be'a. ne'e ne, lod'o ka èna kèna.","Èle èèna ka, Ama Lamatua ladhe-leru aaꞌi-aaꞌi dhu Na pajꞌajꞌi, aa ladhe-leru aaꞌi-aaꞌi. Èle èèna ka, Ama Lamatua pajꞌajꞌi mèu-mèu, aa bèli-camèdꞌa jꞌajꞌi mèu-mèu.","Èle èèna ka, Ama Lamatua ladhe-leru aa'i-aa'i dhu Na paj'aj'i, aa rèngu j'aj'i mèu-mèu. Aa mèda dènge bèli j'aj'i, lod'o ka-èna.",,eng,wyc,English,Wycliffe,13.8957,12.6094,10.6951
"therefore heavens and earth be made perfect, and all the ornament of those or them.","dènge j'ara sèmi èèna ka, ama lamatua paj'aj'i dedha-liru, rai-haha, dènge isi ra aa'i-aa'i.","Nèti èèna ka, Ama Lamatua pajꞌujꞌu aaꞌi-aaꞌi ètu dedha-liru dènge aaꞌi-aaꞌi ra.","Nèti èèna ka, Ama Lamatua pajꞌujꞌu aaꞌi-aaꞌi ètu dedha-liru dènge aaꞌi-aaꞌi pakasaraga ra.",,eng,wyc,English,Wycliffe,-0.9578,1.222,0.491
and god ful filled in the seventh day his work which he made; and he rested in the seventh day from all his work which he had made;,"ropa na sab'a èle, asa bèli èèna, lèke dènge lod'o ka pidhu. hèia na ae nèti sasab'a-la'a na.","Èle èèna ka, dꞌai ka pidhu lodꞌo, Ama Lamatua puri-paꞌèle aaꞌi-aaꞌi dhu Na tao. Nèti èèna ka, dꞌai ka pidhu lodꞌo, Na lèpa hari nèti sasabꞌa-laꞌa Na aaꞌi-aaꞌi dhu Na tao.","Èle èèna ka, dꞌai ka pidhu lodꞌo, Ama Lamatua puri-paꞌèle aaꞌi-aaꞌi dhu Na tao. Nèti èèna ka, dꞌai ka pidhu lodꞌo, Na lèpa hari nèti sasabꞌa-laꞌa Na aaꞌi-aaꞌi dhu Na tao.",,eng,wyc,English,Wycliffe,0.0,0.0,0.0
"and he blessed the seventh day, and hallowed it; for in that day god ceased of all his work which he made of nought, that he should make.","dènge j'ara ne'e, na tao lod'o ka pidhu ne, lod'o dhu kapai risi nèti lod'o dhu leo sèra. na tao sèmi èèna, lula na pa'èle aa'i le sasab'a na, ka ètu d'ara lod'o ka pidhu na, na ae.","Èle èèna ka, Ama Lamatua puri-paꞌèle hari aaꞌi-aaꞌi dhu Na tao ètu rai-haha ne. Nèti èèna ka, Ama Lamatua puri-paꞌèle hari aaꞌi-aaꞌi dhu Na tao ètu rai-haha ne. Nèti èèna ka, Ama Lamatua puri-paꞌèle hari aaꞌi-aaꞌi dhu Na tao ètu rai-haha ne.","Aa Na puri-pa'èle lod'o ka pidhu èèna, aa Na pa'èle ne; lula ètu lod'o èèna, Ama Lamatua ae nare d'ara nèti aa'i-aa'i sab'a dhu Na tao nèti boe ngaa èci sa.",,eng,wyc,English,Wycliffe,13.9589,12.3538,11.7978
"these be the generations of heaven and of earth, in the day wherein the lord god made heaven and earth,","d'ai sange ne'e ka, lii lolo ama lamatua paj'aj'i dedha-liru dènge rai-haha ne. lod'o ama lamatua heka paj'aj'i dedha-liru dènge rai-haha èèna,","Lodꞌo Lamatua pajꞌajꞌi dedha-liru dènge rai-haha,","Ne'e ka bèi-baki dedha-liru dènge rai-haha, ètu lod'o dhu Lamatua paj'aj'i dedha-liru dènge rai-haha.",,eng,wyc,English,Wycliffe,34.2576,27.9508,25.8873
"and each little tree of the earth before that it sprang out in the earth; and he made each herb of the field before that it burgeoned. for the lord god had not rained on the earth, and no man there was that wrought or might work the earth; but a well went out of the earth, and moisted all the higher part of the earth.","dhae abhu mèka ana aaj'u, lula na papuru mèka èj'i. taa èèna, dhoka sèb'u èi di, mai nèti d'ara rai ho pabasa rai re dedha. aa abhu mèka dhèu rai-haha dhu tao oka-tedhe.","Na ladhe-leru aaꞌi-aaꞌi dhu ètu rai-haha ne, aa aaꞌi-aaꞌi dhu ètu dꞌara rai-haha ne, aa aaꞌi-aaꞌi dhu ètu dꞌara rai-haha ne, aaꞌi-aaꞌi dhu ètu dꞌara rai-haha ne, aaꞌi-aaꞌi dhu ètu dꞌara rai-haha ne, aaꞌi-aaꞌi dhu ètu dꞌara rai-haha ne, aaꞌi-aaꞌi dhu ètu dꞌara rai-haha ne. Te ngaa abhu boe ca dhèu sa dhu bisa tao ètu dꞌara rai-haha ne, aa abhu boe ca dhèu sa dhu bisa tao ètu dꞌara rai-haha ne. Nèti èèna ka, ètu dꞌara rai-haha ne, bèli-camèdꞌa ètu dedha rai-haha.","Na aj'u iiki aa'i-aa'i dhu ètu rai-haha, te'a boe na muri ètu rai-haha; aa na tao j'u'u pada aa'i-aa'i, te'a boe na muri. Lula ama lamatua èj'i puru boe ètu rai-haha, aa abhu boe ca dhèu sa dhu bisa tao rai-haha; te ngaa èi kalua nèti rai-haha, aa pamasa aa'i dedha rai-haha.",,eng,wyc,English,Wycliffe,3.8511,6.5269,7.077
"therefore the lord god formed man of the slime of the earth, and breathed into his face the breathing of life; and man was made into a living soul.","èle èèna ka, ama lamatua nare rai ciki, ka na paj'aj'i dhèu rai-haha. hèia na tiu a'ae na asa d'ara sahènga dhèu na, ka na mamuri dènge ka.","Èle èèna ka, Lamatua pajꞌajꞌi dhèu rai-haha ne, nèti papèdꞌa rai-haha. Hèia Na bhèlu asa dꞌara dhèu rai-haha ne, sèna ka nèngu bisa mamuri. Èle èèna ka, dhèu rai-haha ne jꞌajꞌi dhèu aaꞌi-aaꞌi.","Èle èèna ka, Lamatua paj'aj'i dhèu rai-haha ne, nèti papèd'a rai-haha. Hèia Na bhèlu asa d'ara dhèu rai-haha ne, sèna ka nèngu bisa mamuri. Aa dhèu rai-haha ne j'aj'i manadu dhu mamuri.",,eng,wyc,English,Wycliffe,9.5542,8.0181,7.1522
"forsooth the lord god planted at the beginning paradise of liking or the garden of eden, wherein he set man whom he had formed.","hèia ama lamatua bhoke oka cue ètu rai eden, re bèka dhimu. hèia na hia dhèu ne pea ètu d'ara oka na.","Karèi nèti uru ka, Ama Lamatua pajꞌajꞌi dhèu rai-haha ètu dꞌara rae Eden. Hèia Na pajꞌajꞌi dhèu rai-haha ne ètu dꞌara rae ne.","Karèi nèti uru ka, Ama Lamatua lari oka Eden, hèia Na tèka dhèu dhu Na paj'aj'i ètu d'ara oka ne.",,eng,wyc,English,Wycliffe,12.3234,9.5135,9.8719
"and the lord god brought forth of the earth each tree fair in sight, and sweet to eat; also he brought forth the tree of life in the midst of paradise, and the tree of knowing of good and of evil.","ètu d'ara oka èèna, na pamamuri rupa-rupa aj'u dhu be'a, dhu dhèu bisa ra'a. aa na pamamuri kahèi aj'u dua kapua ètu talora aae oka èèna. ladhe dhèu ra'e hua nèti aj'u èci, na mamuri taa-taa. aa ladhe dhèu ra'e hua nèti aj'u èci hari, ne'a hag'e mia dhu be'a, aa mia dhu karehe.","Èle èèna ka, Ama Lamatua pajꞌajꞌi aaꞌi ajꞌu aaꞌi-aaꞌi ètu rai-haha. Aa ajꞌu aaꞌi-aaꞌi ètu dꞌara dꞌara dꞌara oka. Aa ajꞌu aaꞌi-aaꞌi ètu dꞌara oka. Aa ajꞌu aaꞌi-aaꞌi ètu dꞌara oka. Aa ajꞌu aaꞌi-aaꞌi ètu dꞌara oka. Aa ajꞌu aaꞌi-aaꞌi ètu dꞌara oka. Aa ajꞌu aaꞌi-aaꞌi ètu dꞌara oka. Aa ajꞌu aaꞌi-aaꞌi ètu dꞌara oka.","Èle èèna ka, Ama Lamatua paj'aj'i ètu rai-haha aj'u aa'i-aa'i dhu be'a ètu madha, dènge kee ho nga'a. Kahèi na paj'aj'i aj'u mamuri ètu d'ara talora oka ama lamatua, aa aj'u me'a be'a dènge karehe.",,eng,wyc,English,Wycliffe,10.8174,11.4378,12.7805
"and a river went out from the place of liking or eden to moist paradise or the garden, which river is parted from thence into four heads.","ètu era èèna, abhu loko èci dhu hae nèti d'ara oka èèna. loko èèna, èpa kacanga.","Èle èèna, bèli-camèdꞌa bèli-camèdꞌa bèli-camèdꞌa bèli-camèdꞌa bèli-camèdꞌa bèli-camèdꞌa bèli-camèdꞌa bèli-camèdꞌa bèli-camèdꞌa bèli-camèdꞌa bèli-camèdꞌa bèli-camèdꞌa bèli-camèdꞌa bèli-camèdꞌa bèli-camèdꞌa bèli-camèdꞌa bèli-camèdꞌa bèli-camèdꞌa.","Aa loko èci kalua nèti era dhu d'èi do Eden, asa paradise dhu kabe'e do oka cue. Loko èèna cèri nèti èèna j'aj'i èpa kètu.",,eng,wyc,English,Wycliffe,5.5679,26.3344,24.2273
"the name of the one river is pishon, that it is that encompasseth all the land of havilah, where gold cometh forth,","kacanga ka èci na, ngara na pison. nèngu ka dhu hae pale-lème rai hawila dhu abhu hualaa ae-ae.","Rèngu èci, ngara na Pison. Rèngu neꞌe ka dhu jꞌajꞌi bèi-baki ètu dꞌara rai Havila. Rèngu neꞌe ka dhu jꞌajꞌi bèi-baki ètu dꞌara rai Havila.","Rèngu èci, ngara na Pison, dhu oke aa'i rai Havila, ètu mia hualaa kalua.",,eng,wyc,English,Wycliffe,3.0361,-1.263,-1.1833
"and the gold of that land is the best, and there is found bdellium, that is, a tree of spicery, and the stone onyx;","ètu era èèna ka, abhu poe-pai, aj'u dhu raa na hèu mèngi, dènge hadhu kale'e.","Ètu dꞌara kota ne, abhu mèdha aae dhu kabꞌua. Abhu mèdha aae dhu kabꞌua risi nèti dꞌara kota ne. Abhu mèdha aae dhu kabꞌua risi nèti dꞌara kota ne. Abhu mèdha aae dhu kabꞌua risi nèti dꞌara kota ne. Abhu mèdha aae dhu kabꞌua risi nèti dꞌara kota ne. Abhu mèdha aae dhu kabꞌua risi nèti dꞌara kota ne. Abhu mèdha aae dhu kabꞌua risi nèti dꞌara kota ne. Abhu mèdha aae dhu kabꞌua risi nèti dꞌara kota ne. Abhu mèdha aae dhu kabꞌua risi nèti dꞌara kota ne.","Aa hualaa nèti rai nèi ne, be'a risi. Aa abhu nèdhi bdellium, nuka aj'u hèu mèngi, aa hadhu onyx.",,eng,wyc,English,Wycliffe,14.0698,16.282,19.7145
"and the name of the second river is gihon, that it is that encompasseth all the land of ethiopia;","kacanga ka dua, ngara na gihon. kacanga ne, hae pale-lème rai kus.","Rèngu ka dua, ngara na Gihon. Rèngu neꞌe ka dhu jꞌajꞌi propensi Etiopia aaꞌi-aaꞌi.","Rèngu ka dua, ngara na Gihon. Rèngu neꞌe ka dhu jꞌajꞌi propensi Etiopia aaꞌi-aaꞌi.",,eng,wyc,English,Wycliffe,0.0,0.0,0.0
"forsooth the name of the third river is tigris, that goeth against assyrians; soothly the fourth river is that euphrates.","kacanga ka tèlu, ngara na tigris. kacanga ne'e ka, j'aj'i mi too rai asyur re ca bèka dhimu. kacanga ka èpa, ngara na efrat.","Nèti èèna ka, ngiꞌu ka tèlu, ngara na Tigris, dhu laꞌe paraga dènge dhèu Asuri. Aa ngiꞌu ka èpa, ngara na Efrat.","Nèti èèna ka, loko ka tèlu, ngara na Tigris, dhu laꞌe paraga dènge dhèu Asuri. Aa loko ka èpa, ngara na Efrat.",,eng,wyc,English,Wycliffe,-0.0735,-0.7709,-0.5267
"therefore the lord god took man, and set him in paradise of liking, that he should work and keep it.","ka ama lamatua hia dhèu pea ètu d'ara eden, ho na ladhe-leru oka èèna.","Èle èèna ka, Lamatua pajꞌujꞌu dhèu rai-haha ne, sèna ka na pajꞌujꞌu rai-haha ne, sèna ka jꞌajꞌi dhèu aaꞌi-aaꞌi ètu dꞌara rai-haha ne. Nèti èèna ka, Lamatua pajꞌujꞌu dhèu aaꞌi-aaꞌi ètu dꞌara rai-haha ne, sèna ka dhèu aaꞌi-aaꞌi bisa ladhe-leru rai-haha ne.","Èle èèna ka, Lamatua nare dhèu, aa tèke ne ètu d'ara sorga palere-lere, sèna ka na sab'a aa j'aga ne.",,eng,wyc,English,Wycliffe,6.8155,0.2456,5.6023
"and god commanded to him and said, eat thou of each tree of paradise;","hèia na hia paredha mi dhèu ne, aku nèngu na, hua aaj'u aa'i-aa'i ètu d'ara oka ne, èu bisa mu'a.","Èle èèna ka, Ama Lamatua peka dènge dhèu aaꞌi-aaꞌi sèra, aku Nèngu na, ""Èu bisa raꞌa hua aaꞌi-aaꞌi nèti ajꞌu aaꞌi-aaꞌi ètu dꞌara rai-haha ne. Te ngaa èu bisa raꞌa hua aaꞌi-aaꞌi nèti ajꞌu aaꞌi-aaꞌi ètu dꞌara rai-haha ne.""","Èle èèna ka, Ama Lamatua paredha dènge nèngu, aku Nèngu na, ""Èu raꞌa hua nèti ajꞌu aaꞌi-aaꞌi ètu talora oka Ama Lamatua.""",,eng,wyc,English,Wycliffe,2.3566,0.4591,1.6551
"forsooth eat thou not of the tree of knowing of good and of evil; for in whatever day thou shalt eat thereof, thou shalt die by death.","te ngaa èci dhu èu bisa boe mu'a. nuka hua nèti aj'u dhu ne'a hag'e mia dhu be'a, aa mia dhu karehe. ladhe mu'a, èu madhe dènge.","Te ngaa ladhe sèmi èèna, ladhe sèmi èèna, na, ladhe sèmi èèna, na, èu baku sèmi èèna. Te ngaa ladhe sèmi èèna, èu baku sèmi èèna, te ètu dꞌara jꞌara neꞌe, èu hudꞌi madhe tareꞌa-reꞌa.""","Sanèd'e, èu baku nga'a nèti aj'u me'a be'a dènge karehe; te ètu lod'o ngaa-ngaa èu hud'i nga'a nèti èèna, èu hud'i madhe tare'a-re'a.",,eng,wyc,English,Wycliffe,10.8966,7.861,8.5327
"and the lord god said, it is not good that a man be alone; make we to him an helper like to himself.","ka ama lamatua tuhu haru lii na, aku nèngu na, babe'a na aad'o, ladhe dhèu ne mamuri mesa na. de ja'a neo paj'aj'i hia ne, anga ca dhèu dhu pamèci dènge ne.","Èle èèna ka, Ama Lamatua peka dènge Ne, aku Nèngu na, ""Sèmi neꞌe! Jaꞌa neo tao dhèu èci ho jꞌajꞌi dhèu pajuu-paleha ne.""","Èle èèna ka, Ama Lamatua peka, aku Ne, ""Be'a boe ladhe dhèu èci pea mesa; èdhi tao hia ne ca dhèu batu sèmi nèngu.""",,eng,wyc,English,Wycliffe,2.9369,2.9322,3.7308
"and therefore when all living beasts of the earth, and all the volatiles of heaven, were formed of the earth, the lord god brought those or them to adam, that he should see what he should call those or them; for all thing that adam called of living soul, that is the name thereof. and adam called by their names all living things, and all volatiles of heavens, and all unreasonable beasts of the earth. forsooth to adam was not found an helper like him.","lod'o èèna, ama lamatua nare rai ciki, ka na tao rupa-rupa badha dènge manu-bhui. hèia na pangèd'u si asa dhèu ne, sèna ka na pangare si. ka dhèu ne pangare badha se dènge manu-bhui aa'i-aa'i ra, èci-èci ka dènge ngara ra. te ngaa dhèu ne abhu mèka anga dhu pamèci dènge nèngu.","Èle èèna ka, dhèu aaꞌi-aaꞌi paroa dhèu aaꞌi-aaꞌi, nuka sèmi badha aaꞌi-aaꞌi, manu-bhui aaꞌi-aaꞌi ètu dedha-liru, dènge badha aaꞌi-aaꞌi ètu rai-haha. Hèia Adam paroa dhèu aaꞌi-aaꞌi, nuka sèmi badha aaꞌi-aaꞌi, badha aaꞌi-aaꞌi ètu dedha-liru, dènge badha aaꞌi-aaꞌi ètu dedha-liru, dènge badha aaꞌi-aaꞌi ètu rai-haha. Te ngaa dhèu aaꞌi-aaꞌi paroa dhèu aaꞌi-aaꞌi, nuka sèmi badha aaꞌi-aaꞌi ètu rai-haha.","Èle èèna ka, lod'o Ama Lamatua paj'aj'i aa'i badha mamuri ètu rai-haha, dènge manu-bhui aa'i-aa'i ètu dedha-liru nèti rai-haha, hèia Ama Lamatua nèti si asa Adam. Nèngu neo ladhe rèdhi ngaa dhu nèngu hud'i paroa si. Te ngaa aa'i mèdha dhu Adam paroa dènge samanga mamuri, èèna ka ngara na. Aa Adam paroa dènge ngara ra aa'i-aa'i mèdha mamuri, dènge manu-bhui aa'i-aa'i ètu dedha-liru, dènge badha aa'i-aa'i dhu dènge boe ngangee ètu rai-haha. Te ngaa mi Adam, abhu boe ca dhèu dhu sab'a sèmi nèngu.",,eng,wyc,English,Wycliffe,9.5563,18.3635,15.8205
"therefore the lord god sent sleep into adam, and when he slept, god took one of his ribs, and filled flesh for it.","hèia ama lamatua pabhèj'i luu dhèu ne'e. ropa na bhèj'i, ama lamatua nare rui karasa na calaa, ka na pakateme hari nu'a deo na.","Nèti èèna ka, Lamatua pua Adam bhèjꞌi. Ropa Adam bhèjꞌi, ka Lamatua dedꞌe èci nèti kacui-aai na, ho jꞌajꞌi ngiꞌu.","Nèti èèna ka, Lamatua pua Adam bhèjꞌi. Ropa Adam bhèjꞌi, ka Lamatua ded'e èci rui nèti ngi'u na, aa isi ngi'u ho nèngu.",,eng,wyc,English,Wycliffe,0.5104,1.3891,1.3775
"and the lord god builded the rib which he had taken from adam into a woman, and brought her to adam.","nèti rui ne, na paj'aj'i bhèni ca dhèu. hèia na pangèd'u bhèni ne mi dhèu èèna.","Èle èèna ka, Ama Lamatua pajꞌajꞌi dhèu bhèni nèti ngiꞌu dhu Na pajꞌajꞌi nèti Adam. Èle èèna ka, Ama Lamatua pajꞌajꞌi dhèu bhèni nèti ngiꞌu bhèni ne, ho laꞌe paraga dènge Adam.","Aa Ama Lamatua paj'aj'i rui karasa dhu Na tare nèti Adam j'aj'i dhèu bhèni, aa Na rèti ne asa Adam.",,eng,wyc,English,Wycliffe,9.8498,-2.5361,-1.5439
"and adam said, this is now a bone of my bones, and flesh of my flesh; this shall be called virago, for she is taken of man.","ropa ladhe nèdhi bhèni ne, ka dhèu na peka, aku nèngu na, waaa! ne'e ne ku! sèmi ne'e ku, heka pamèci dènge ja'a kèna! rui na, sama èci èèna ka dènge rui ja'a. aa isi na, sama kahèi dènge isi ja'a. lula nèngu ne, j'aj'i nèti dhèu mone, nèti èèna ka ja'a pangare ne, ‘dhèu bhèni'.","Hèia Adam peka, aku nèngu na, ""Neꞌe ne, leko-monya nèti ngiꞌu jaꞌa, aa ngiꞌu nèti ngiꞌu jaꞌa. Nèti èèna ka, dhèu pajꞌajꞌi ne nèti dhèu leo.""","Hèia Adam peka, aku nèngu na, ""Ne'e ne, rui nèti rui ja'a, aa ngi'u nèti ngi'u ja'a. Nèti èèna ka, na hud'i pangare ne bhèni, lula na nara nèti mone.""",,eng,wyc,English,Wycliffe,3.0587,6.237,6.7222
"wherefore a man shall forsake his father and mother, and shall cleave to his wife, and they shall be twain or two in one flesh.","nèti èèna ka, dhèu mone hud'i tèke eele ku ina-ama na, ho la'e mamuri d'ara èci dènge dhèu èmu-kamali na, lula dua ra, j'aj'i le èci.","Nèti èèna ka, dhèu mone tèke eele ina-ama na, ho paꞌèki dènge dhèu èmu-kamali na, aa dua ra jꞌajꞌi ngiꞌu èci.""","Nèti èèna ka, dhèu mone tèke eele ina-ama na, ho mamuri d'ara èci dènge dhèu èmu-kamali na, aa dua ra j'aj'i ngi'u èci.",,eng,wyc,English,Wycliffe,18.4901,14.3155,14.5766
"forsooth ever either was naked, that is, adam and his wife, and they were not ashamed.","lod'o èèna, dua ra dhu dènge boe mèdha-papake, te ngaa ra makae boe.","Èle èèna ka, Adam dènge dhèu èmu na dènge boe mèdha-panyau, te ngaa rèngu reꞌa boe dꞌara èci sa.","Adam dènge dhèu èmu na dènge boe mèdha-papake, aa rèngu makae boe.",,eng,wyc,English,Wycliffe,24.8134,7.2058,7.8628
"but the serpent was feller or more sly than all living beasts of the earth, which the lord god had made. the which serpent said to the woman, why commanded god to you, that ye should not eat of each tree of paradise?","nèti badha aa'i-aa'i dhu ama lamatua paj'aj'i ètu rai-haha ne, mege ka dhu mèu risi kapod'e-kabèli. ca lod'o, mege karèi bhèni na, aku nèngu na, tare'a, do? ama lamatua kai miu baku mi'a hua aaj'u aa'i-aa'i ètu d'ara oka ne'e.","Hèia naga karèi dhèu bhèni ne, aku nèngu na, ""Ladhe sèmi èèna, te ngaa Ama Lamatua peka dènge èu, na, èu baku raꞌa nèti ajꞌu aaꞌi-aaꞌi ètu dꞌara oka neꞌe.""","Te ngaa naga ne, mèu risi nèti badha dhu mamuri aa'i ètu rai-haha, dhu Ama Lamatua tao. Hèia naga peka dènge bhèni ne, ""Te ngaa Ama Lamatua paredha dènge èu, na, èu baku raꞌa nèti ajꞌu aaꞌi-aaꞌi ètu dꞌara oka neꞌe?""",,eng,wyc,English,Wycliffe,5.5469,10.8783,8.0992
"to whom the woman answered, we eat of the fruit of trees that be in paradise; soothly god commanded to us, that we should not eat of the fruit of the tree, which is in the midst of paradise, and that we should not touch it, lest peradventure we die.","ka bhèni na b'ala, aad'o! ji'i bisa nga'a! dhodhoka aj'u ca kapua ètu talora oka ne, ama lamatua kai, baku nga'a hua na. na peka na, ji'i baku nga'a, aa baku g'ag'e hua èèna kahèi, te aad'o na, ji'i madhe!","Hèia bhèni ne dhaa, aku nèngu na, ""Èdhi bisa raꞌa hua nèti ajꞌu ètu dꞌara rai-haha ne. Te Ama Lamatua peka na, 'Miu baku raꞌa hua nèti ajꞌu ètu dꞌara rai-haha ne, aa baku gꞌagꞌa hua ne, sèna ka baku madhe.' ""","Hèia bhèni ne dhaa, aku nèngu na, ""Èdhi bisa raꞌa hua nèti ajꞌu ètu dꞌara talora oka ne. Te Ama Lamatua paredha mi èdhi na, 'Miu baku raꞌa hua nèti ajꞌu ètu talora aae talora oka ne, aa baku gꞌagꞌa ne, sèna ka baku madhe.' """,,eng,wyc,English,Wycliffe,5.6025,4.8271,4.0611
"forsooth the serpent said to the woman, ye shall not die by death;","te ngaa mege na dhaa, aku nèngu na, waa! sèmi boe èèna! miu se madhe boe!","Hèia naga ne peka dènge bhèni ne, aku nèngu na, ""Ladhe miu madhe, miu madhe boe.","Hèia naga ne peka dènge bhèni ne, aku nèngu na, ""Miu neo madhe boe mema.""",,eng,wyc,English,Wycliffe,-0.5628,-0.7612,-0.7243
"for why god knoweth that in what-ever day ye shall eat thereof, your eyes shall be opened, and ye shall be as gods, knowing good and evil.","ama lamatua mema kai tare'a sèmi èèna, lula dhu ne'a le, ladhe mi'e hua aaj'u èèna, miu j'aj'i d'èlu-mèu sèmi nèngu. ho èèna na me'a mia dhu be'a, aa mia dhu karehe.","Te Ama Lamatua neꞌa le, na, lodꞌo miu raꞌa, bèli-camèdꞌa bèli-camèdꞌa miu bèli-camèdꞌa bhoke jꞌara, sèna ka miu jꞌajꞌi sama sèmi Ama Lamatua. Miu meꞌa mèu-mèu dhu beꞌa dènge dhu bhelu.""","Te Ama Lamatua ne'a le, na, lod'o miu ra'a, musi madha miu bhoke, sèna ka miu j'aj'i sèmi dewa. Miu me'a mèu-mèu dhu be'a dènge dhu bhelu.",,eng,wyc,English,Wycliffe,17.1893,5.713,7.8155
"therefore the woman saw that the tree was good, and sweet to eat, and fair to the eyes, and delightable in beholding; and she took of the fruit thereof, and ate, and gave to her husband, and he ate.","aa bhèni ne ladhe na aj'u ne be'a titu kèna, dènge hua na ele boe kee. na ngee, ladhe ja'a ku'a hua aj'u ne'e, ja'a d'èlu-mèu. hèia puu nare ka hua aj'u èèna, ka na'e. na'e nare, nèti hia dhèu èmu na, ka na'a kahèi.","Èle èèna ka, bhèni ne ladhe nèdhi, na, ajꞌu dhu ètu dꞌara ajꞌu ne, beꞌa. Na ladhe-leru, aa dꞌèlu-mèu. Hèia na bhèlu ajꞌu ne, ka naꞌa. Èle èèna ka, na hia dhèu èmu na, hèia naꞌa kahèi. Ka dhèu èmu na aaꞌi-aaꞌi raꞌa kahèi.","Èle èèna ka, bhèni ne ladhe nèdhi, na, aj'u ne be'a, aa kee ho ra'a, aa be'a mi madha, aa karej'e ho ladhe; hèia na nare hua na, aa na'a, aa na hia mi dhèu èmu na, aa na'a kahèi.",,eng,wyc,English,Wycliffe,4.2269,1.8499,3.1657
"and the eyes of both were opened; and when they knew that they were naked, they sewed together the leaves of a fig tree, and made breeches to themselves.","ra'a rare ka, heka re'a na rèngu dhu pake boe mèdha dhu hutu ua rèngu. nèti èèna ka, ra lui rèu aj'u ho pa'abhe era makae rèngu.","Èle èèna ka, dhèu dua se ladhe rèdhi. Ropa ra reꞌa, na, rèngu dènge boe mèdha-papake. Hèia ra pajꞌajꞌi ètu dꞌara ajꞌu, hèia ra pake kodho.","Èle èèna ka, dhèu dua se ladhe rèdhi. Ropa ra reꞌa, na, rèngu dènge boe mèdha-papake. Hèia ra pajꞌajꞌi rèu ajꞌu ca kapua, hèia ra tao baruku mi rèngu.",,eng,wyc,English,Wycliffe,1.9835,5.1142,4.2551
"and when they heard the voice of the lord god going in paradise at the wind after midday, adam and his wife hid them from the face of the lord god in the midst of the trees of paradise.","d'ai lod'o nihia, dua ra tadèngi lii core haga ama lamatua ètu d'ara oka èèna. ka dua ra rai lasi lu'u asa ca bèka aj'u, sèna ka lamatua baku nèdhi si.","Èle èèna ka, Adam dènge dhèu èmu-kamali na tadèngi lii Lamatua ètu dꞌara hèbꞌa ètu dꞌara dꞌara dꞌara dꞌara dꞌara dꞌara. Ropa tadèngi lii Lamatua ètu dꞌara hèbꞌa èèna, hèia Adam dènge dhèu èmu-kamali na pakabꞌua ètu dꞌara ajꞌu-ajꞌu ètu dꞌara hèbꞌa èèna, sèna ka dhèu aaꞌi-aaꞌi reꞌa mèdha-panyau Lamatua ètu dꞌara hèbꞌa ètu dꞌara hèbꞌa ètu dꞌara hèbꞌa ètu dꞌara hèbꞌa èèna.","Ropa rèngu tadèngi lii Lamatua Ama dhu kako ètu d'ara oka dènge ngèlu tare lod'o nètu, hèia Adam dènge dhèu èmu na pakab'ua rèngu nèti madha Lamatua Ama ètu talora aae aj'u-aj'u ètu d'ara oka.",,eng,wyc,English,Wycliffe,9.6086,4.2901,4.6933
"and the lord god called adam, and said to him, where art thou?","te ngaa ama lamatua paroa mi dhèu mone èèna, aku nèngu na, adam! èu ètu mia?","Hèia Lamatua paroa Adam, ka Na karèi ne, aku Nèngu na, ""Èu ètu mia?""","Hèia Lamatua paroa Adam, ka Na aku nèngu na, ""Èu ètu mia?""",,eng,wyc,English,Wycliffe,9.3862,3.8675,4.8989
"and adam said, i heard thy voice in paradise, and i dreaded, for i was naked, and i hid me.","hèia mone na dhaa, ja'a tadèngi lii lamatua ètu ne'e. te ngaa ja'a makae, lula ja'a pake boe mèdha ètu ua. nèti èèna ka, ja'a rai pahuni iisi.","Hèia Adam dhaa, aku nèngu na, ""Jaꞌa tadèngi lii Ama ètu dedha-liru neꞌe. Ka jaꞌa madhaꞌu, lula jaꞌa dènge boe mèdha-panyau. Nèti èèna ka, jaꞌa pakaboko.""","Hèia Adam dhaa, aku nèngu na, ""Jaꞌa tadèngi lii Ama ètu oka. Ka jaꞌa madhaꞌu, lula jaꞌa dènge boe mèdha-papake. Nèti èèna ka, jaꞌa pahuni.""",,eng,wyc,English,Wycliffe,2.3831,1.9708,1.8539
"to whom the lord said, who showed to thee that thou were naked, no but for thou hast eaten of the tree of which i commanded to thee that thou shouldest not eat?","ka lamatua peka na, cee ka dhu peka, na èu dhu pake boe mèdha-papake? de tasamia? tatu èu mu'a le hua aj'u dhu ja'a kai na, sina ma?","Hèia na karèi, aku nèngu na, ""Cee ka dhu peka dènge èu, na, èu dènge boe mèdha-papake? Èu dhoka raꞌa nèti ajꞌu dhu Jaꞌa peka le dènge èu, na, èu baku raꞌa?""","Hèia na karèi, aku nèngu na, ""Cee ka dhu peka dènge èu, na, èu dènge boe mèdha-papake? Èu dhoka raꞌa nèti ajꞌu dhu Jaꞌa peka le dènge èu, na, èu baku raꞌa?""",,eng,wyc,English,Wycliffe,0.0,0.0,0.0
"and adam said, the woman which thou gavest for fellowship to me, gave me of the tree, and i ate.","ka na b'ala, peka na, bhèni dhu èu hia ho pa'anga dènge ja'a èèna, ka dhu hia ja'a ku'a!","Hèia Adam dhaa, aku nèngu na, ""Dhèu bhèni dhu Ama pangèdꞌu sèna ka jꞌajꞌi dènge jaꞌa, nèngu ka dhu hia jaꞌa nèti ajꞌu ne, ka jaꞌa raꞌa.""","Hèia Adam dhaa, aku nèngu na, ""Dhèu bhèni dhu Ama pangèdꞌu sèna ka jꞌajꞌi dènge jaꞌa, nèngu ka dhu hia jaꞌa nèti ajꞌu ne, ka jaꞌa raꞌa.""",,eng,wyc,English,Wycliffe,0.0,0.0,0.0
"and the lord said to the woman, why didest thou this thing? the which answered, the serpent deceived me, and i ate.","hèia ama lamatua peka dènge bhèni na, aku nèngu na, nga tao ka, èu ad'u madha j'ara èèna? ka bhèni ne dhaa, peka na, te mege ne ka dhu ag'o ja'a! nèti èèna ka, ja'a ku'a.","Hèia Ama Lamatua karèi bhèni ne, aku Nèngu na, ""Nga tao ka èu tao sèmi èèna?"" Bèli-camèdꞌa bhèni ne dhaa, aku nèngu na, ""Bèli-camèdꞌa, hèia jaꞌa dhoka raꞌa.""","Hèia Ama Lamatua karèi bhèni ne, aku Nèngu na, ""Nga tao ka èu tao sèmi èèna?"" Bèli-camèdꞌa bhèni ne dhaa, aku nèngu na, ""Bèli-camèdꞌa, hèia jaꞌa dhoka raꞌa.""",,eng,wyc,English,Wycliffe,0.0,0.0,0.0
"and the lord god said to the serpent, for thou didest this, thou shalt be cursed among all the living things, and unreasonable beasts of the earth; thou shalt go on thy breast, and thou shalt eat earth in all the days of thy life.","èle èèna ka, ama lamatua dhoo mege èèna, aku nèngu na, ja'a huku èu, lula tatao èu. nèti badha aa'i-aa'i, dhoka èu di dhu abhu huku sèmi ne'e. mulai nèti deo ne'e toke èu madhe, èu dhoka rod'o dènge kakara, aa mu'a ètu rai di.","Èle èèna ka, Lamatua peka dènge naga ne, aku Nèngu na, ""Ladhe èu tao sèmi èèna, èu jꞌajꞌi mi badha aaꞌi-aaꞌi nèti badha aaꞌi-aaꞌi ètu rai-haha ne, aa èu jꞌajꞌi mi badha aaꞌi-aaꞌi ètu rai-haha ne, aa èu jꞌajꞌi mi badha aaꞌi-aaꞌi ètu rai-haha ne. Èu jꞌajꞌi mi badha aaꞌi-aaꞌi ètu rai-haha ne, te ngaa èu jꞌajꞌi mi badha aaꞌi-aaꞌi ètu rai-haha ne. Èu jꞌajꞌi mi badha aaꞌi-aaꞌi ètu rai-haha ne, te ngaa èu jꞌajꞌi mi badha aaꞌi-aaꞌi ètu rai-haha ne.","Èle èèna ka, Lamatua peka dènge naga ne, aku Nèngu na, ""Ladhe èu tao sèmi èèna, èu jꞌajꞌi mi badha aaꞌi-aaꞌi nèti badha aaꞌi-aaꞌi ètu rai-haha ne, aa èu jꞌajꞌi mi badha aaꞌi-aaꞌi ètu rai-haha ne, aa èu jꞌajꞌi mi badha aaꞌi-aaꞌi ètu rai-haha ne. Èu jꞌajꞌi mi badha aaꞌi-aaꞌi ètu rai-haha ne, te ngaa èu jꞌajꞌi mi badha aaꞌi-aaꞌi ètu rai-haha ne. Èu jꞌajꞌi mi badha aaꞌi-aaꞌi ètu rai-haha ne, te ngaa èu jꞌajꞌi mi badha aaꞌi-aaꞌi ètu rai-haha ne.",,eng,wyc,English,Wycliffe,0.0,0.0,0.0
"i shall set or put enmities betwixt thee and the woman, and betwixt thy seed and her seed; she shall break thine head, and thou shalt set ambushes to her heel.","ja'a tao sèna ka, èu loe boe pamusu dènge bhèni ne. aa ana-èpu miu dua mi sèmi èèna kahèi. ana-èpu èu, èèna na kadhi hui tèdhu dhèu. te ngaa ca dhèu nèti ana-èpu bhèni ne, èèna na dhedhe palaho kètu èu.","Jaꞌa tao musu ètu talora èu dènge bhèni ne. Jaꞌa tao musu ètu talora èu dènge ana-èpu na. Bèli-camèdꞌa dhèu bhèni ne bhelu-katubꞌa èu. Èèna na bhelu-katubꞌa èu dènge ana-èpu na.""","Jaꞌa tao musu ètu talora èu dènge bhèni ne. Jaꞌa tao musu ètu talora èu dènge ana-èpu na. Bèli-camèdꞌa dhèu bhèni ne bhelu-katubꞌa èu. Èèna na bhelu-katubꞌa èu dènge ana-èpu na.""",,eng,wyc,English,Wycliffe,0.0,0.0,0.0
"also god said to the woman, i shall multiply thy wretchednesses and thy conceivings; in sorrow thou shalt bear thy children; and thou shalt be under power of thine husband, and he shall be lord of thee.","èle èèna ka, ama lamatua peka dènge bhèni ne, èèna na, ja'a pasusa tabha èu, ropa èu dènge babia; lod'o mora iisi, èu asa tabha j'èra. masi ka sèmi èèna, d'ara èu d'èi taruu dhèu èmu èu, aa nèngu ka dhu ator èu.","Èle èèna ka, Ama Lamatua peka dènge bhèni ne, aku Nèngu na, ""Bèli-camèdꞌa èu jꞌajꞌi dhèu bhèni. Èu jꞌajꞌi dhèu dhu jꞌajꞌi dhèu èmu-kamali èu. Èu jꞌajꞌi dhèu dhu jꞌajꞌi dhèu èmu-kamali èu. Èu jꞌajꞌi dhèu dhu jꞌajꞌi dhèu èmu-kamali èu. Èu jꞌajꞌi dhèu dhu jꞌajꞌi dhèu èmu-kamali èu.","Èle èèna ka, Ama Lamatua peka dènge bhèni ne, aku Nèngu na, ""Bèli-camèdꞌa èu jꞌajꞌi dhèu bhèni. Èu jꞌajꞌi dhèu dhu jꞌajꞌi dhèu èmu-kamali èu. Èu jꞌajꞌi dhèu dhu jꞌajꞌi dhèu èmu-kamali èu. Èu jꞌajꞌi dhèu dhu jꞌajꞌi dhèu èmu-kamali èu. Èu jꞌajꞌi dhèu dhu jꞌajꞌi dhèu èmu-kamali èu.",,eng,wyc,English,Wycliffe,0.0,0.0,0.0
"soothly god said to adam, for thou heardest the voice of thy wife, and hast eaten of the tree, of which i commanded to thee that thou shouldest not eat, the earth shall be cursed in thy work, that is, for thy sin; in travails thou shalt eat thereof in all the days of thy life;","ka ama lamatua peka dènge mone ne, èu madhutu boe lii paredha ja'a, te ngaa èu nanene dhoka lii dhèu èmu èu di, ka èu mu'a hua aj'u dhu ja'a kai èèna. nèti èèna ka, èu abhu huku kahèi. aa rai lèke huku kahèi. nèti deo ne'e, toke d'ai èu madhe, hud'i èu kabèli rai, heka èu abhu nganga'a kèna. dènge sab'a bia sèmi ne'e ka, èu heka mamuri kèna.","Èle èèna ka, Ama Lamatua peka dènge Adam, aku Nèngu na, ""Ladhe èu nanene lii dhèu èmu èu, hèia èu naꞌa nèti ajꞌu dhu Jaꞌa peka le dènge èu, peka na, 'Èu baku naꞌa nèti ajꞌu neꞌe, na, èu baku naꞌa nèti ajꞌu neꞌe, nèti èèna ka èu naꞌa nèti ajꞌu neꞌe. Nèti èèna ka, Ama Lamatua hagꞌe nare le rai-haha, lula èu tao sala. Èu hudꞌi raꞌa-rinu ku dènge jꞌajꞌèra, toke dꞌai mamuri èu aaꞌi-aaꞌi.","Èle èèna ka, Ama Lamatua peka dènge Adam, aku Nèngu na, ""Ladhe èu nanene lii dhèu èmu èu, hèia èu naꞌa nèti ajꞌu dhu Jaꞌa peka le dènge èu, peka na, 'Èu baku naꞌa nèti ajꞌu neꞌe, na, èu baku naꞌa nèti ajꞌu neꞌe, nèti èèna ka èu naꞌa nèti ajꞌu neꞌe. Nèti èèna ka, Ama Lamatua hagꞌe nare le rai-haha, lula èu tao sala. Èu hudꞌi raꞌa-rinu ku dènge jꞌajꞌèra, toke dꞌai mamuri èu aaꞌi-aaꞌi.",,eng,wyc,English,Wycliffe,0.0,0.0,0.0
"it shall bring forth thorns and briars to thee, and thou shalt eat herbs of the earth;","masi ka èu sèle rupa-rupa hini èèna ka, te ngaa dhu muri mai dhodhoka dhudhu-sete di.","Bèli-camèdꞌa jꞌajꞌi aaꞌi-aaꞌi ètu rai-haha ne, jꞌajꞌi aaꞌi-aaꞌi ètu rai-haha ne, jꞌajꞌi aaꞌi-aaꞌi ètu rai-haha ne, jꞌajꞌi aaꞌi-aaꞌi ètu rai-haha ne, jꞌajꞌi aaꞌi-aaꞌi ètu rai-haha ne, jꞌajꞌi aaꞌi-aaꞌi ètu rai-haha ne, jꞌajꞌi aaꞌi-aaꞌi ètu rai-haha ne, jꞌajꞌi aaꞌi-aaꞌi ètu rai-haha ne.","Bèli-camèdꞌa jꞌajꞌi aaꞌi-aaꞌi ètu rai-haha ne, jꞌajꞌi aaꞌi-aaꞌi ètu rai-haha ne, jꞌajꞌi aaꞌi-aaꞌi ètu rai-haha ne, jꞌajꞌi aaꞌi-aaꞌi ètu rai-haha ne, jꞌajꞌi aaꞌi-aaꞌi ètu rai-haha ne, jꞌajꞌi aaꞌi-aaꞌi ètu rai-haha ne, jꞌajꞌi aaꞌi-aaꞌi ètu rai-haha ne, jꞌajꞌi aaꞌi-aaꞌi ètu rai-haha ne.",,eng,wyc,English,Wycliffe,0.0,0.0,0.0
"in the sweat of thy cheer, or face, thou shalt eat thy bread, till thou turn again into the earth of which thou art taken; for thou art dust, and thou shalt turn again into dust.","hud'i èu èi kabhèsu haa ku, heka rai hia èu nganga'a kèna. èu hud'i sab'a bia sèmi èèna ku, toke d'ai lod'o èu madhe. èu ne, ja'a paj'aj'i nèti rai. de ladhe èu madhe, èu j'aj'i hari rai.","Èu bèli-camèdꞌa raꞌa-rinu, toke èu lèpa hari asa rai-haha, lula Ama Lamatua hagꞌe nare èu nèti rai-haha ne. Te èu jꞌajꞌi le rai-haha, aa èu lèpa hari asa rai-haha ne.""","Èu bèli-camèdꞌa raꞌa-rinu, toke èu lèpa hari asa rai-haha, lula Ama Lamatua hagꞌe nare èu nèti rai-haha ne. Te èu jꞌajꞌi le rai-haha, aa èu lèpa hari asa rai-haha ne.""",,eng,wyc,English,Wycliffe,0.0,0.0,0.0
"and adam called the name of his wife eve, for she was the mother of all men living.","èle èèna ka, adam pangare dhèu èmu na ‘hawa' dhu sasoa na ‘dhu mamuri', te nèngu ka j'aj'i ina nèti dhèu dhu mamuri aa'i-aa'i.","Èle èèna ka, Adam pangare dhèu èmu na, Hawa, lula na jꞌajꞌi ina dhèu aaꞌi-aaꞌi dhu mamuri ètu rai-haha ne.","Èle èèna ka, Adam pangare dhèu èmu na, Hawa, lula na jꞌajꞌi ina dhèu aaꞌi-aaꞌi dhu mamuri ètu rai-haha ne.",,eng,wyc,English,Wycliffe,0.0,0.0,0.0
"and the lord god made coats of skins to adam and eve his wife, and clothed them;","hèia ama lamatua tao mèdha-papake nèti ka'uri badha, ka papake dua ra.","Èle èèna ka, Lamatua pajꞌajꞌi Adam dènge Hawa kodho dènge kapai, nèti kapai dhèu èmu-kamali rèngu. Hèia Na papake si dènge kapai dhèu aaꞌi-aaꞌi ètu dꞌara Èmu Kapua Manèngi-Mangajꞌi ètu dꞌara Èmu Kapua Manèngi-Mangajꞌi ètu dꞌara Èmu Kapua Manèngi-Mangajꞌi ètu dꞌara Èmu Kapua Manèngi-Mangajꞌi ètu dꞌara Èmu Kapua Manèngi-Mangajꞌi ètu dꞌara Èmu Kapua Manèngi-Mangajꞌi ètu dꞌara Èmu Kapua Manèngi-Mangajꞌi ètu dꞌara Èmu Kapua Manèngi-Mangajꞌi ètu dꞌara Èmu Kapua Manèngi-Mangajꞌi ètu dꞌara Èmu Kapua Manèngi-Mangajꞌi.","Èle èèna ka, Lamatua pajꞌajꞌi Adam dènge Hawa kodho dènge kapai, nèti kapai dhèu èmu-kamali rèngu. Hèia Na papake si dènge kapai dhèu aaꞌi-aaꞌi ètu dꞌara Èmu Kapua Manèngi-Mangajꞌi ètu dꞌara Èmu Kapua Manèngi-Mangajꞌi ètu dꞌara Èmu Kapua Manèngi-Mangajꞌi ètu dꞌara Èmu Kapua Manèngi-Mangajꞌi ètu dꞌara Èmu Kapua Manèngi-Mangajꞌi ètu dꞌara Èmu Kapua Manèngi-Mangajꞌi ètu dꞌara Èmu Kapua Manèngi-Mangajꞌi ètu dꞌara Èmu Kapua Manèngi-Mangajꞌi ètu dꞌara Èmu Kapua Manèngi-Mangajꞌi ètu dꞌara Èmu Kapua Manèngi-Mangajꞌi.",,eng,wyc,English,Wycliffe,0.0,0.0,0.0
"and said, lo! adam is made as one of us, and knoweth good and evil; now therefore see ye, lest peradventure he put out his hand, and take also of the tree of life, and eat, and live without end.","ka ama lamatua peka, limuri ne, dhèu re'a le, mia dhu be'a dènge mia dhu karehe, sèmi èdhi kahèi. de mage dhoka, rèngu ra'a hua aj'u dhu èci hari na, dhu hia mamuri taa-taa.","Èle èèna ka, Lamatua pajꞌajꞌi dhèu aaꞌi-aaꞌi sèra, sama sèmi èdhi aaꞌi-aaꞌi. Nèti èèna ka, dhèu aaꞌi-aaꞌi bisa reꞌa jꞌara-jꞌara dhu beꞌa dènge jꞌara-jꞌara dhu bhelu-katubꞌa. Dènge jꞌara neꞌe, dhèu aaꞌi-aaꞌi bisa raꞌa hua ajꞌu dhu hia mamuri, aa bisa mamuri toke dꞌai mia-mia.""","Èle èèna ka, Lamatua pajꞌajꞌi dhèu aaꞌi-aaꞌi sèra, sama sèmi èdhi aaꞌi-aaꞌi. Nèti èèna ka, dhèu aaꞌi-aaꞌi bisa reꞌa jꞌara-jꞌara dhu beꞌa dènge jꞌara-jꞌara dhu bhelu-katubꞌa. Dènge jꞌara neꞌe, dhèu aaꞌi-aaꞌi bisa raꞌa hua ajꞌu dhu hia mamuri, aa bisa mamuri toke dꞌai mia-mia.""",,eng,wyc,English,Wycliffe,0.0,0.0,0.0
"and the lord god sent him out of paradise of liking or the garden of eden, that he should work the earth, of which he was taken.","èle èèna ka, na babèga eele si nèti d'ara oka eden èèna, ho lasi asa era leo, sèna ka ra mamuri dènge sab'e oka-tedhe. lula dhèu j'aj'i nèti rai, de mamuri kahèi nèti rai.","Èle èèna ka, Lamatua pua Adam nèti dꞌara oka aae Eden, ho laꞌe sabꞌa ètu rai-haha ne. Nèti èèna ka, Lamatua pajꞌajꞌi ne nèti dꞌara oka ne.","Èle èèna ka, Lamatua pua Adam nèti dꞌara oka aae Eden, ho laꞌe sabꞌa ètu rai-haha ne. Nèti èèna ka, Lamatua pajꞌajꞌi ne nèti dꞌara oka ne.",,eng,wyc,English,Wycliffe,0.0,0.0,0.0
"and god casted out adam, and setted before paradise of liking cherubim, that is, gave it unto the keeping of angels, and a sword of flame turning about to keep charge of the way of the tree of life.","babège nare si, ka lamatua paredha ana pajuu na nèti sorga, dhu dènge èla, ho lasi j'aga oka èèna re ca bèka dhimu. rèngu dènge samala dhu heo ha'a-ha'a, dhu seru la'e-mai. lamatua pua si bèdho eele j'ara la'e sa d'ara, te nèngu d'èi boe dhèu puu rare hua aj'u dhu hia ra mamuri taa-taa èèna.","Èle èèna ka, Ama Lamatua pua dhèu aae nèti dꞌara rai-haha ne. Ka Na hia ana pajuu Ama Lamatua èci, nuka sèmi ana pajuu Ama Lamatua ètu sorga, sèna ka jꞌajꞌi dhèu aae nèti dedha rai-haha ne. Ana pajuu Ama Lamatua sèmi èèna, sèna ka jꞌajꞌi dhèu aae nèti dedha rai-haha ne, sèna ka jꞌajꞌi dhèu aaꞌi-aaꞌi. Ana pajuu Ama Lamatua sèmi èèna, sèna ka jꞌajꞌi dhèu aae nèti dedha rai-haha ne, sèna ka jꞌajꞌi dhèu aaꞌi-aaꞌi. Ana pajuu Ama Lamatua sèmi èèna, sèna ka jꞌajꞌi dhèu aae nèti dedha rai-haha ne, sèna ka jꞌajꞌi dhèu aaꞌi-aaꞌi dhu mamuri tareꞌa-reꞌa.","Èle èèna ka, Ama Lamatua pua dhèu aae nèti dꞌara rai-haha ne. Ka Na hia ana pajuu Ama Lamatua èci, nuka sèmi ana pajuu Ama Lamatua ètu sorga, sèna ka jꞌajꞌi dhèu aae nèti dedha rai-haha ne. Ana pajuu Ama Lamatua sèmi èèna, sèna ka jꞌajꞌi dhèu aae nèti dedha rai-haha ne, sèna ka jꞌajꞌi dhèu aaꞌi-aaꞌi. Ana pajuu Ama Lamatua sèmi èèna, sèna ka jꞌajꞌi dhèu aae nèti dedha rai-haha ne, sèna ka jꞌajꞌi dhèu aaꞌi-aaꞌi. Ana pajuu Ama Lamatua sèmi èèna, sèna ka jꞌajꞌi dhèu aae nèti dedha rai-haha ne, sèna ka jꞌajꞌi dhèu aaꞌi-aaꞌi dhu mamuri tareꞌa-reꞌa.",,eng,wyc,English,Wycliffe,0.0,0.0,0.0
"forsooth adam knew eve his wife, which conceived, and childed cain, and said, i have gotten a man by god.","hèia adam j'unu dènge dhèu èmu na, hawa. ka bhèni ne dènge babia. hèia nara iisi ana mone ca dhèu. ka na peka, aku nèngu na, ja'a abhu le ana mone ca dhèu, lula ama lamatua soru nare le ja'a. ka na pangare ana ne, kaen dhu sasoa na ‘abhu'.","Èle èèna ka, Adam tenge Hawa, dhèu èmu na. Èle èèna ka, Adam bhèni cain, hèia na lii, aku nèngu na, ""Ama Lamatua hia jaꞌa dhèu mone.""","Èle èèna ka, Adam tenge Hawa, dhèu èmu na. Èle èèna ka, Adam bhèni cain, hèia na lii, aku nèngu na, ""Ama Lamatua hia jaꞌa dhèu mone.""",,eng,wyc,English,Wycliffe,0.0,0.0,0.0
"and again she childed his brother abel. forsooth abel was a keeper of sheep, and cain was an earth-tiller.","hèia hawa nara iisi hari ana mone èci. ka na pangare ne habel. dua ra kapai ka, habel j'aj'i dhèu madhenge badha. aa a'a na kaen, sab'a oka-tedhe.","Èle èèna ka, ina na, aꞌari na, Habel. Abel ne, dhèu madhenga kahibꞌi-kalèbho. Cain, dhèu sabꞌa oka.","Èle èèna ka, ina na, aꞌari na, Habel. Abel ne, dhèu madhenga kahibꞌi-kalèbho. Cain, dhèu sabꞌa oka.",,eng,wyc,English,Wycliffe,0.0,0.0,0.0
"soothly it was done after many days, that cain offered gifts to the lord of the fruits of the earth;","ca lod'o, kaen nèti isi rai na cahag'e, ka hia lamatua.","Èle èèna ka, dhèu Yahudi aaꞌi-aaꞌi reꞌa, na, dhèu aaꞌi-aaꞌi reꞌa, na, dhèu aaꞌi-aaꞌi reꞌa, na, dhèu aaꞌi-aaꞌi reꞌa, na, dhèu aaꞌi-aaꞌi reꞌa, na, dhèu aaꞌi-aaꞌi reꞌa, na, dhèu aaꞌi-aaꞌi reꞌa, na, dhèu aaꞌi-aaꞌi reꞌa, na, dhèu aaꞌi-aaꞌi reꞌa, na, dhèu aaꞌi-aaꞌi reꞌa mèu-mèu.","Èle èèna ka, dhèu Yahudi aaꞌi-aaꞌi reꞌa, na, dhèu aaꞌi-aaꞌi reꞌa, na, dhèu aaꞌi-aaꞌi reꞌa, na, dhèu aaꞌi-aaꞌi reꞌa, na, dhèu aaꞌi-aaꞌi reꞌa, na, dhèu aaꞌi-aaꞌi reꞌa, na, dhèu aaꞌi-aaꞌi reꞌa, na, dhèu aaꞌi-aaꞌi reꞌa, na, dhèu aaꞌi-aaꞌi reꞌa, na, dhèu aaꞌi-aaꞌi reꞌa mèu-mèu.",,eng,wyc,English,Wycliffe,0.0,0.0,0.0
"and abel offered of the first engendered of his flock, and of the fatness of those or them. and the lord beheld to abel and to the gifts of him;","habel nèti ana-ana uuru kahib'i-kalèbho na. na roro kahib'i-kalèbho se, ka nèti sisi dhu be'a hia lamatua. d'ara ama lamatua karej'e ropa ladhe nèdhi korban nèti habel ne.","Èle èèna ka, lamatua kahibꞌi-kalèbho nèti kahibꞌi-kalèbho na, Abel, sèna ka hia Ama Lamatua korban. Èle èèna ka, lamatua kahibꞌi-kalèbho nèti kahibꞌi-kalèbho nèti kahibꞌi-kalèbho na, Abel. Hèia Lamatua sèmi rare Habel dènge lamatua kahibꞌi-kalèbho nèti kahibꞌi-kalèbho nèti kahibꞌi-kalèbho na.","Èle èèna ka, lamatua kahibꞌi-kalèbho nèti kahibꞌi-kalèbho na, Abel, sèna ka hia Ama Lamatua korban. Èle èèna ka, lamatua kahibꞌi-kalèbho nèti kahibꞌi-kalèbho nèti kahibꞌi-kalèbho na, Abel. Hèia Lamatua sèmi rare Habel dènge lamatua kahibꞌi-kalèbho nèti kahibꞌi-kalèbho nèti kahibꞌi-kalèbho na.",,eng,wyc,English,Wycliffe,0.0,0.0,0.0
"soothly he beheld not to cain and to his gifts. and cain was wroth greatly, and his cheer felled down.","te ngaa na d'èi boe korban unu kaen. hèia kaen nasa bia, ka rèhu na mare boe.","Ropa Na ladhe nèdhi, na, cain dènge mèdha-panyau na aaꞌi-aaꞌi ra. Hèia cain bhelu-katubꞌa, hèia dꞌara na dꞌèlu-mèu.","Ropa Na ladhe nèdhi, na, cain dènge mèdha-panyau na aaꞌi-aaꞌi ra. Hèia cain bhelu-katubꞌa, hèia dꞌara na dꞌèlu-mèu.",,eng,wyc,English,Wycliffe,0.0,0.0,0.0
"and the lord said to him, why art thou wroth, and why felled down thy face?","ka lamatua lii dènge kaen, aku nèngu na, kaen! nga tao ka èu nasa sèmi èèna, ka rèhu èu mare boe?","Hèia Lamatua karèi ne, aku Nèngu na, ""Nga tao ka èu nasa? Nga tao ka èu patitu kètu?""","Hèia Lamatua karèi ne, aku Nèngu na, ""Nga tao ka èu nasa? Nga tao ka èu patitu kètu?""",,eng,wyc,English,Wycliffe,0.0,0.0,0.0
"whether not if thou shalt do well, thou shalt receive well; but if thou doest evil, thy sin shall be present anon in the gates? but the desire thereof, that is, of sin, shall be under thee, and thou shalt be lord thereof.","ladhe tatao èu be'a, na ja'a sèmi èu dènge hua iia. de mu pangee uuru ku! ladhe èu tao bhelu, na bhabhelu èèna na'e hari èu, sama sèmi meo neo pacèli maraho. de sèmi èu neo tao bhabhelu, be'a risi core eele ka!","Te ngaa ladhe miu adꞌu-ue jꞌara dhu beꞌa, bèli-camèdꞌa Lamatua bꞌala miu. Te ngaa ladhe miu adꞌu-ue jꞌara dhu bhelu-katubꞌa, bèli-camèdꞌa Lamatua pajꞌujꞌu dꞌara miu. Te ngaa ladhe miu adꞌu-ue jꞌara-jꞌara dhu bhelu-katubꞌa, bèli-camèdꞌa Lamatua dꞌèlu-katubꞌa miu. Te ngaa ladhe miu adꞌu-ue jꞌara-jꞌara dhu bhelu-katubꞌa, bèli-camèdꞌa Lamatua dꞌèlu-katubꞌa miu.""","Te ngaa ladhe miu adꞌu-ue jꞌara dhu beꞌa, bèli-camèdꞌa Lamatua bꞌala miu. Te ngaa ladhe miu adꞌu-ue jꞌara dhu bhelu-katubꞌa, bèli-camèdꞌa Lamatua pajꞌujꞌu dꞌara miu. Te ngaa ladhe miu adꞌu-ue jꞌara-jꞌara dhu bhelu-katubꞌa, bèli-camèdꞌa Lamatua dꞌèlu-katubꞌa miu. Te ngaa ladhe miu adꞌu-ue jꞌara-jꞌara dhu bhelu-katubꞌa, bèli-camèdꞌa Lamatua dꞌèlu-katubꞌa miu.""",,eng,wyc,English,Wycliffe,0.0,0.0,0.0
"and cain said to abel, his brother, go we out. and when they were in the field, cain rose against his brother abel, and killed him.","ca tèka, kaen gale habel, na peka na, mai lati ngad'o oka, we. ropa dua ra d'ai d'ara oka, kaen kalabhe pamadhe ari na.","Èle èèna ka, Kain padhai lii dènge aꞌari na Abel, aku nèngu na, ""Aadꞌo! Jiꞌi hudꞌi laꞌe asa dꞌara oka."" Ropa rèngu dꞌai dꞌara oka, Kain nara eele aꞌari na Abel, ka na pamadhe ne.","Èle èèna ka, Kain padhai lii dènge aꞌari na Abel, aku nèngu na, ""Aadꞌo! Jiꞌi hudꞌi laꞌe asa dꞌara oka."" Ropa rèngu dꞌai dꞌara oka, Kain nara eele aꞌari na Abel, ka na pamadhe ne.",,eng,wyc,English,Wycliffe,0.0,0.0,0.0
"and the lord said to cain, where is abel thy brother? which answered, i know not; whether i am the keeper of my brother?","ka lamatua karèi kaen, aku nèngu na, kaen! ari mu ka mia? hèia kaen dhaa, aku nèngu na, ja'a ke'a boe na ètu mia! èu ngee na, ja'a dhèu kèpe haga na, do?","Hèia ama na karèi Kain, aku nèngu na, 'Abel èu ètu mia?' Ka Kain dhaa, aku nèngu na, 'Jaꞌa tadhe boe. Jaꞌa ne dhèu sabꞌa kahibꞌi-kalèbho jaꞌa, do?'","Hèia ama na karèi Kain, aku nèngu na, 'Abel èu ètu mia?' Ka Kain dhaa, aku nèngu na, 'Jaꞌa tadhe boe. Jaꞌa ne dhèu sabꞌa kahibꞌi-kalèbho jaꞌa, do?'",,eng,wyc,English,Wycliffe,0.0,0.0,0.0
"and god said to cain, what hast thou done? the voice of the blood of thy brother crieth to me from the earth.","ka lamatua b'ala, nga tao ka èu bhelu sèmi èèna? baku pangee na, èu pahuni more le raa ari èu ètu d'ara rai, te ja'a dhu kèdhi aa'i-aa'i le!","Èle èèna ka, Ama Lamatua karèi Kain, aku nèngu na, ""Nga tao ka èu tao sèmi èèna? Ètu rai-haha ne, ropa aꞌari èu èèna paꞌoo-parodha jaꞌa.""","Èle èèna ka, Ama Lamatua karèi Kain, aku nèngu na, ""Nga tao ka èu tao sèmi èèna? Ètu rai-haha ne, ropa aꞌari èu èèna paꞌoo-parodha jaꞌa.""",,eng,wyc,English,Wycliffe,0.0,0.0,0.0
"now therefore thou shalt be cursed on the earth, that opened his mouth, and received of thine hand the blood of thy brother.","de lii dhoo lèke le mi dedha èu. lod'o èu pamadhe ari èu, rai sakid'o nare raa na. de limuri ne, rai bisa heka nèti mamuri mi èu.","Nèti èèna ka, Ama Lamatua paꞌèki dènge èu, lula èu bhoke jꞌara ho pamadhe aꞌari èu, sèna ka pamadhe aꞌari èu. Nèti èèna ka, Ama Lamatua paꞌèki dènge èu, lula èu bhoke jꞌara ho pamadhe aꞌari èu.""","Nèti èèna ka, Ama Lamatua paꞌèki dènge èu, lula èu bhoke jꞌara ho pamadhe aꞌari èu, sèna ka pamadhe aꞌari èu. Nèti èèna ka, Ama Lamatua paꞌèki dènge èu, lula èu bhoke jꞌara ho pamadhe aꞌari èu.""",,eng,wyc,English,Wycliffe,0.0,0.0,0.0
"when thou shalt work the earth, it shall not give his fruits to thee; thou shalt be unstable of dwelling, and fleeing about on the earth, in all the days of thy life.","de ladhe èu sab'a oka-tedhe, rai ne hia heka èu ngaa-ngaa. nèti deo ne'e, èu lu'u sa haa-sa dhimu, sèmi dhèu dhu dènge boe era paleo-palu'u.","Sèmi èèna kahèi dènge dhèu sabꞌa ètu rai-haha ne, te ngaa rai-haha ne jꞌajꞌi boe hua-hela. Èèna na dhèu sabꞌa ètu rai-haha ne, aa jꞌajꞌi dhèu sabꞌa ètu rai-haha ne, toke dꞌai mia-mia.","Sèmi èèna kahèi dènge dhèu sabꞌa ètu rai-haha ne, te ngaa rai-haha ne jꞌajꞌi boe hua-hela. Èèna na dhèu sabꞌa ètu rai-haha ne, aa jꞌajꞌi dhèu sabꞌa ètu rai-haha ne, toke dꞌai mia-mia.",,eng,wyc,English,Wycliffe,0.0,0.0,0.0
"and cain said to the lord, my wickedness is more than that i deserve forgiveness;","te ngaa kaen b'ala lamatua, aku nèngu na, haii! ama lamatua, ee! lamatua dhoo ja'a bia titu kèna, de ja'a pasae mèke boe nga.","Hèia Kain dhaa, aku nèngu na, ""Ama! Jaꞌa tao jꞌara-jꞌara bhelu-katubꞌa, ka Ama Lamatua saku eele le sasala-sasigo jaꞌa.","Hèia Kain dhaa, aku nèngu na, ""Ama! Jaꞌa tao jꞌara-jꞌara bhelu-katubꞌa, ka Ama Lamatua saku eele le sasala-sasigo jaꞌa.",,eng,wyc,English,Wycliffe,0.0,0.0,0.0
"lo! today thou castest me out from the face of the earth; and i shall be hid from thy face, and i shall be unstable of dwelling, and fleeing about in earth; therefore each man that shall find me shall slay me.","lula lamatua bège eele ja'a nèti era ne'e, ja'a kaj'èu nèti ama lamatua. ja'a kako lole-laa asa mia-mia. de ladhe paraga dènge dhèu, èèna na ra pamadhe ja'a.","Nèti èèna ka, dhèu aaꞌi-aaꞌi dhu paraga dènge jaꞌa, bèli-camèdꞌa dhèu aaꞌi-aaꞌi bisa boe paraga dènge jaꞌa. Dhèu aaꞌi-aaꞌi dhu paraga dènge jaꞌa, bèli-camèdꞌa dhèu aaꞌi-aaꞌi hudꞌi pamadhe jaꞌa. De jaꞌa bisa boe pea ètu rai-haha ne. De ladhe abhu jaꞌa, bèli-camèdꞌa dhèu aaꞌi-aaꞌi hudꞌi pamadhe jaꞌa.","Nanene! Doe ne'e èu core ja'a eele nèti katanga madha rai-haha; aa ja'a bèli-camèd'a huni nèti katanga madha èu, aa ja'a bèli-camèd'a pea èra boe, aa kako pajo ètu rai-haha; de dhèu aa'i-aa'i dhu bèli-camèd'a raga ja'a, bèli-camèd'a pamadhe ja'a.",,eng,wyc,English,Wycliffe,6.6155,5.2627,6.2675
"and the lord said to him, it shall not be done so, but each man that shall slay cain shall be punished sevenfold. and the lord set a sign in cain, that each man that should find him should not slay him.","te ngaa lamatua dhaa na, aad'o sèmi èèna! dhèu cee dhu pamadhe èu, èèna na ja'a huku ne, babia na pidhu hari risi nèti èu. hèia lamatua tao tadha mi kaen, sèna ka dhèu re'a ho baku pamadhe ne.","Te ngaa Lamatua dhaa, aku Nèngu na, ""Sèmi neꞌe! Ladhe abhu dhèu dhu pamadhe jaꞌa, bèli-camèdꞌa bèli-camèdꞌa dhèu èèna bèli-camèdꞌa bèli-camèdꞌa abhu huku pidhu."" Hèia Lamatua tao tadha èci ètu dꞌara ledhe, sèna ka dhèu bisa paraga dènge Jaꞌa, sèna ka baku pamadhe jaꞌa.","Te ngaa Lamatua dhaa, aku Nèngu na, ""Baku tao sèmi ne'e! Te dhèu cee dhu pamadhe Kaen, bèli-camèdꞌa nèngu abhu huku pidhu."" Hèia Lamatua tao tadha èci ètu dꞌara Kaen, sèna ka dhèu cee dhu paraga dènge nèngu, sèna ka baku pamadhe nèngu.",,eng,wyc,English,Wycliffe,8.0171,5.4797,5.4196
"and cain went out from the face of the lord, and dwelled fleeing about in the earth, at the east coast of eden, that is, of earthly paradise.","hèia kaen tèke eele dènge era èèna. la'e pakaj'èu nèti lamatua, asa era èci, ètu bèka dhimu oka eden. era ne'e, ngara na nod dhu sasoa na, ‘lole-laa'. ka na pea ètu era èèna.","Èle èèna ka, Kain lèpa nèti madha Lamatua, ka laꞌe pea ètu rai-haha ne, ètu sebhe rai-haha, ngara na Eden.","Èle èèna ka, Kain lèpa nèti madha Lamatua, ka laꞌe pea ètu rai-haha ne, ètu sebhe rai-haha, ngara na Eden.",,eng,wyc,English,Wycliffe,0.0,0.0,0.0
"forsooth cain knew his wife, which conceived, and childed enoch; and cain builded a city, and called the name thereof of the name of his son, enoch.","hèia kaen leo-èmu, ka dhèu èmu na dènge babia. ka nara iisi ana mone ca dhèu, dhu pangare na henok. hèia kaen patitu rae cue, ngara na henok, madhutu ngara ana na.","Èle èèna ka, Kain pajꞌujꞌu dènge dhèu èmu na, ka bhèni ne jꞌajꞌi ana mone, ngara na Henok. Ka Kain pajꞌajꞌi kota èci, ka na paroa kota ne, èci èèna ka dènge ana nèngu, ngara na Henok. Nèti èèna ka, Kain jꞌajꞌi dhèu aaꞌi-aaꞌi dhu jꞌajꞌi dhèu aaꞌi-aaꞌi ètu dꞌara jꞌara-jꞌara dhèu aaꞌi-aaꞌi dhu jꞌajꞌi dhèu aaꞌi-aaꞌi dhu jꞌajꞌi dhèu aaꞌi-aaꞌi dhu jꞌajꞌi dhèu aaꞌi-aaꞌi dhu jꞌajꞌi dhèu aaꞌi-aaꞌi dhu jꞌajꞌi dhèu aaꞌi-aaꞌi dhu jꞌajꞌi dhèu aaꞌi-aaꞌi dhu jꞌajꞌi dhèu aaꞌi-aaꞌi dhèu aaꞌi-aaꞌi.","Èle èèna ka, Kain pajꞌujꞌu dènge dhèu èmu na, ka bhèni ne jꞌajꞌi ana mone, ngara na Henok. Ka Kain pajꞌajꞌi kota èci, ka na paroa kota ne dènge ngara ana na, Henok.",,eng,wyc,English,Wycliffe,9.2425,2.3137,6.9716
forsooth enoch begat irad; and irad begat mehujael; and mehujael begat methusael; and methusael begat lamech;,"ka henok matana irad. hèia irad matana mehuyael. mehuyael matana metusael. aa ana metusael, lamek.","forsooth: Enok, ama na, Irad. Irad, ama na, Mehual. Mehual, ama na, Metusael. Metusael, ama na, Lamek.",Enok matana Irad. aa Irad matana Mehujael. aa Mehujael matana Metusael. aa Metusael matana Lamek.,,eng,wyc,English,Wycliffe,6.4029,17.5937,16.1131
"that took two wives, the name to the one wife was adah, and the name to the other was zillah.","dhèu èmu lamek, dhèu dua. èci ngara na ada, aa ca dhèu hari, ngara na sila.","Dhèu ne jꞌajꞌi dhèu èmu dua. Dhèu èci, ngara na Adah, aa dhèu èci, ngara na Zelaha. Nèti èèna ka, dhèu ne jꞌajꞌi dhèu aaꞌi-aaꞌi ètu rai-haha ne, jꞌajꞌi dhèu aaꞌi-aaꞌi dhu jꞌajꞌi dhèu aaꞌi-aaꞌi. Nèti èèna ka, dhèu aaꞌi-aaꞌi jꞌajꞌi dhèu aaꞌi-aaꞌi dhu jꞌajꞌi dhèu aaꞌi-aaꞌi dhu jꞌajꞌi dhèu aaꞌi-aaꞌi mi dhèu aaꞌi-aaꞌi dhu jꞌajꞌi dhèu aaꞌi-aaꞌi mi dhèu aaꞌi-aaꞌi dhu jꞌajꞌi dhèu aaꞌi-aaꞌi.","Dhèu ne jꞌajꞌi dhèu èmu dua. Dhèu èci, ngara na Adah, aa dhèu èci, ngara na Zelaha.",,eng,wyc,English,Wycliffe,11.6245,10.2661,16.4429
"and adah begat jabal, that was the father of dwellers in tents, and of shepherds;","ana ada, ngara na yabal. ana-èpu na, j'aj'i dhèu piara badha. mamuri ra ètu boe ca era, aa ra pea dhoka ètu d'ara paleo di.","Èle èèna ka, ana badha èci, dhu jꞌajꞌi kahibꞌi-kalèbho. Nèngu jꞌajꞌi kahibꞌi-kalèbho dhu mamuri ètu dꞌara hèbꞌa, aa kahibꞌi-kalèbho dhu jꞌajꞌi kahibꞌi-kalèbho.","Aa adah matana jabal, nèngu ne ka ama dhèu dhu mamuri ètu d'ara hèb'a, aa ama ana madhenga badha.",,eng,wyc,English,Wycliffe,8.7465,7.71,7.7672
and the name of his brother was jubal; he was the father of the singers in harp and organ.,"ari yabal, ngara na yubal. ana-èpu yubal, j'aj'i dhèu gai sasadhu, dènge tiu sakino.","Aꞌari na èci, ngara na Jual. Nèngu ne, ama dhèu aaꞌi-aaꞌi dhu pajꞌujꞌu hariu dènge èci.","A'ari na, ngara na Jual. Nèngu ne, ama dhèu dhu soda pake sasadhu dènge sakino.",,eng,wyc,English,Wycliffe,4.4685,7.6838,8.1032
"and zillah begat tubalcain, that was an hammer-beater, and a smith on all works of brass and of iron; forsooth the sister of tubalcain was naamah.","dhèu èmu lamek èci hari, sila, nara iisi tubal kaen. ana-èpu na j'aj'i tuka bèsi, ka ra tuku mèdha ae-ae tao nèti bèsi, dènge tabaga. ana hèni tubal kaen, ngara na na'ama.","Nèti èèna, abhu kahèi èci, ngara na Tubalcain. Nèngu ne, dhèu sabꞌa dhu sabꞌa, aa sabꞌa dhu sabꞌa nèti bèdho dènge bèdho. Nèti èèna ka, ana nèti Tubalcain, ngara na Naama.","Aa Zillah matana Tubalcain. Nèngu ne, dhèu hake, dènge dhèu tuku ètu aa'i-aa'i tatao nèti riti dènge bèsi. Aa ana hèni nèti Tubalcain, ngara na Naama.",,eng,wyc,English,Wycliffe,1.7394,3.633,3.2708
"and lamech said to his wives, adah and zillah, ye wives of lamech, hear my voice, and hearken to my words; for i have slain a man by my wounding, and a young waxing man by my violent beating;","ca tèka, lamek padedha iisi na ètu madha dhèu èmu dua ra, peka na, mi nanene, ee! deo na, ana mone ngèru èci neo game ja'a. te ngaa ja'a dhadhedhe ne, toke madhe.","Hèia Lamek peka dènge dhèu-dhèu ètu dꞌara èmu na, aku nèngu na, ""Hudꞌi laa! Hudꞌi laa! Miu dhèu-dhèu limuri ne, nanene paie-iie lii jaꞌa. Te jaꞌa pamadhe dhèu èci dènge jꞌajꞌèra jaꞌa. Jaꞌa pamadhe dhèu èci dènge jꞌajꞌèra jaꞌa.","Hèia Lamek peka dènge bhèni-bhèni na, Adah dènge Zillah, aku nèngu na, ""Miu bhèni-bhèni Lamek, nanene paie-iie lii jaꞌa; te jaꞌa pamadhe dhèu èci dènge jꞌajꞌèra jaꞌa, aa dhèu mone ngèru èci dènge hake èra jaꞌa.""",,eng,wyc,English,Wycliffe,5.9962,3.0661,2.5077
"vengeance shall be given seven-fold of cain, forsooth of lamech seventy times seven times.","dhèu dhu pamadhe kaen, abhu huku pidhu hari. te ngaa cee ka dhu neo b'ala ho pamadhe ja'a, abhu huku pidhu nguru pidhu hari.","Èle èèna ka, Ama Lamatua bꞌala dꞌara hua iia na, pidhu nguru nguru hari. Èle èèna ka, Ama Lamatua bꞌala dꞌara hua iia na, pidhu nguru hari. Èle èèna ka, Ama Lamatua bꞌala dꞌara hua iia na, ka na bꞌala dꞌara hua iia na, ka na bꞌala dꞌara hua iia na, ka na bꞌala dꞌara hua iia na, ka na bꞌala dꞌara hua iia na, ka na bꞌala dꞌara hua iia na.","Bꞌala dꞌara hua iia na mi kaen pidhu hari, aa mi lamek pidhu nguru kali pidhu hari.",,eng,wyc,English,Wycliffe,11.281,3.1876,7.8718
"also yet adam knew his wife, and she childed a son, and called his name seth, and said, god hath put or set to me another seed for abel, whom cain killed.","ka hawa nara iisi hari ana mone ca dhèu. hèia ra pangare ne, set dhu sasoa na, ‘hia', lula aku hawa na, ama lamatua hia ja'a ana ne, sèna ka gati madha habel, dhu kaen pamadhe ne.","Èle èèna ka, Adam jꞌajꞌi le dènge dhèu èmu na. Ka bhèni ne jꞌajꞌi le ana mone èci, ngara na Set. Nèti èèna ka, Adam peka, aku nèngu na, ""Ama Lamatua hia jaꞌa ana-èpu ca dhèu, sèna ka jꞌajꞌi mi Habel. Te ngaa Kain pamadhe ne.""","Èle èèna ka, Adam j'unu pa'èci le dènge dhèu èmu na. Ka bhèni ne nara iisi ana mone èci, ka na pangare ne, Set. Ka na peka, aku nèngu na, ""Ama Lamatua hia ja'a ana-èpu leo èci, sèna ka ganti Habel, dhu Kain pamadhe ne.""",,eng,wyc,English,Wycliffe,8.8229,12.1027,11.3978
"but also a son was born to seth, which son he called enos; this began to call inwardly the name of the lord.","pe d'ai nèbhu ku, set abhu ana mone ca dhèu, dhu pangare na enos. tèu èèna, dhèu mulai manèngi-mangaj'i mi ama lamatua.","Èle èèna ka, Seth abhu ana mone ca dhèu. Nèngu paroa ne, Enos. Nèngu paroa ne, ""Lamatua, Ama Lamatua ètu dꞌara dꞌara dꞌara èmu-kamali dhèu aaꞌi-aaꞌi ètu dꞌara dhèu aaꞌi-aaꞌi ètu dꞌara dhèu aaꞌi-aaꞌi ètu dꞌara dhèu aaꞌi-aaꞌi ètu dꞌara dhèu aaꞌi-aaꞌi ètu dꞌara dhèu aaꞌi-aaꞌi ètu dꞌara dhèu aaꞌi-aaꞌi ètu dꞌara dhèu aaꞌi-aaꞌi ètu dꞌara dhèu aaꞌi-aaꞌi-aaꞌi ètu dꞌara dhèu aaꞌi-aaꞌi-aaꞌi ètu dꞌara dhèu aaꞌi-aaꞌi-aaꞌi ètu dꞌara dhèu aaꞌi-aaꞌi-aaꞌi ètu dꞌara dhèu aaꞌi-aaꞌi-aaꞌi-aaꞌi.","Èle èèna ka, Seth abhu ana mone ca dhèu. Nèngu paroa ne, Enos. Nèngu mulai manèngi Lamatua.",,eng,wyc,English,Wycliffe,16.9619,12.2448,15.9287
"this is the book of the generations of adam, in the day wherein god made man of nought. god made man to the image and likeness of god; god formed them male and female, and blessed them, and called the name of them adam, in the day in which they were formed.","lod'o ama lamatua paj'aj'i dhèu rai-haha, na tao si sama sèmi rupa nèngu. na paj'aj'i si, dhèu mone dènge dhèu bhèni. ka na pangare si ‘dhèu rai-haha', aa na hia si berkat. dhèu dhu uru, ngara na adam. ana-èpu adam, nuka sèmi ne'e ka:","Èle èèna ka, Ama Lamatua pajꞌajꞌi dhèu rai-haha, madhutu dadꞌèi Lamatua. Lamatua pajꞌajꞌi dhèu dua, dhèu mone dènge dhèu bhèni. Hèia Na pajꞌajꞌi si. Èle èèna ka, Na pajꞌajꞌi si.","Sasuri ne, lole j'ara mamuri nèti Adam. Ètu lod'o dhu Ama Lamatua paj'aj'i dhèu nèti aad'o. Ama Lamatua paj'aj'i dhèu madhutu rupa dènge dad'èi Ama Lamatua. Ama Lamatua paj'aj'i si, dhèu mone dènge dhèu bhèni, aa Na mèngi si. Aa Na paroa ngara si Adam, ètu lod'o dhu ra paj'aj'i si.",,eng,wyc,English,Wycliffe,1.6826,9.9546,7.2577
"forsooth adam lived an hundred years and thirty, and begat a son to his image and likeness, and called his name seth.","lod'o adam d'ai ca ngasu tèlu nguru tèu, na matana ana mone ca dhèu, dhu rèhu na nare adam. ka pangare na, set.","Èle èèna ka, Adam pea ètu rai-haha ne, toke dꞌai ca tèu tèlu nguru tèu. Èle èèna ka, na abhu ana mone, nuka sèmi dhèu èmu-kamali na. Èle èèna ka, Adam ngara na Seth.","Èle èèna ka, Adam pea ètu rai-haha ne, toke dꞌai ca tèu tèlu nguru tèu. Èle èèna ka, na matana ana mone, nuka sèmi dhèu èmu-kamali na. Èle èèna ka, na pangare ngara na Seth.",,eng,wyc,English,Wycliffe,4.6464,10.9254,9.1788
"and the days of adam after that he begat seth were made eight hundred years, and he begat sons and daughters.","ka adam mamuri hari d'ai aru ngasu tèu, hèia na abhu hari ana mone dènge ana bhèni.","Èle èèna ka, Adam mamuri ètu rai-haha ne, toke dꞌai èpa nguru tèu. Èle èèna ka, Adam nara iisi ana-èpu èci dènge ana-èpu nèti dhèu èci, ngara na Set. [Dhèu aaꞌi-aaꞌi se, nuka sèmi dhèu aaꞌi-aaꞌi dhu jꞌajꞌi dhèu aaꞌi-aaꞌi, nuka sèmi dhèu aaꞌi-aaꞌi dhu jꞌajꞌi dhèu aaꞌi-aaꞌi, nuka sèmi dhèu aaꞌi-aaꞌi dhu jꞌajꞌi dhèu aaꞌi-aaꞌi, nuka sèmi dhèu aaꞌi-aaꞌi dhu jꞌajꞌi dhèu aaꞌi-aaꞌi, nuka sèmi dhèu aaꞌi-aaꞌi dhu jꞌajꞌi dhèu aaꞌi-aaꞌi dènge dhèu aaꞌi-aaꞌi.","aa lod'o-lod'o Adam èle nèngu matana Set, j'aj'i aru ngasu tèu, aa nèngu matana ana mone dènge ana bhèni.",,eng,wyc,English,Wycliffe,28.173,24.4656,31.2326
"and all the time in which adam lived was made nine hundred years and thirty, and he was dead.","umur adam ceo ngasu tèlu nguru tèu, heka madhe kèna.","Èle èèna ka, Adam mamuri toke tèlu nguru tèlu nguru tèu. Hèia na madhe.","Èle èèna ka, Adam mamuri toke ceo ngasu dènge tèlu nguru tèu. Hèia na madhe.",,eng,wyc,English,Wycliffe,3.1648,7.4426,7.8586
"and seth lived an hundred and five years, and begat enos.","lod'o set d'ai ca ngasu lèmi tèu, na abhu ana mone ca dhèu, ngara na enos.","Ropa Seth mamuri, nèngu abhu Enos.","aa Seth mamuri cangasu lèmi tèu, aa matana Enos.",,eng,wyc,English,Wycliffe,12.3391,21.1526,18.3989
"and seth lived after that he begat enos eight hundred and seven years, and begat sons and daughters.","ka set mamuri hari d'ai aru ngasu pidhu tèu, na abhu hari ana mone dènge ana bhèni.","Èle èèna ka, Seth mamuri ètu dꞌara nèi. Èle èèna ka, Enos abhu ana mone dènge ana bhèni cahagꞌe.","Aa Seth mamuri èle nèngu matana Enos aru ngasu dènge pidhu tèu, aa matana ana mone dènge ana bhèni.",,eng,wyc,English,Wycliffe,20.4214,13.773,14.1877
"and all the days of seth were made nine hundred and twelve years, and he was dead.","umur set ceo ngasu canguru dua tèu, heka madhe kèna.","Èle èèna ka, Seth mamuri nèu nguru dua tèu. Èle èèna ka, na madhe.","Èle èèna ka, Seth mamuri ceo ngasu dènge canguru dua tèu. Èle èèna ka, na madhe.",,eng,wyc,English,Wycliffe,6.6909,14.5156,14.1729
"forsooth enos lived ninety years, and begat cainan;","lod'o enos mamuri d'ai ceo nguru tèu, na matana ana mone ca dhèu, ngara na kenan.","Hèia Enos mamuri dènge neꞌe nguru nguru tèu, hèia na bèli-camèdꞌa bèli-camèdꞌa dènge bèli-camèdꞌa nèti dꞌara bèli-camèdꞌa nèti dꞌara bèli-camèdꞌa nèti dꞌara bèli-camèdꞌa nèti dꞌara bèli-camèdꞌa nèti dꞌara bèli-camèdꞌa nèti dꞌara bèli-camèdꞌa nèti dꞌara bèli-camèdꞌa nèti dꞌara bèli-camèdꞌa nèti dꞌara bèli-camèdꞌa nèti dꞌara bèli-camèdꞌa nèti dꞌara bèli-camèdꞌa nèti dꞌara bèli-camèdꞌa nèti dꞌara bèli-camèdꞌa.","Hèia Enos mamuri dènge ceo nguru tèu, hèia na matana Cainan.",,eng,wyc,English,Wycliffe,20.2701,17.9014,23.1748
"after whose birth enos lived eight hundred and fifteen years, and begat sons and daughters.","ka enos mamuri hari d'ai aru ngasu canguru lèmi tèu, na abhu hari ana mone dènge ana bhèni.","Nèti èèna ka, Enos mamuri heka èpa nguru tèlu nguru tèu. Nèti èèna ka, nèti Enos, abhu ana mone dènge ana bhèni cahagꞌe-cahagꞌe. [Nèti èèna ka, Enos mamuri heka ètu dꞌara Èmu Kapua Manèngi-Mangajꞌi, toke dꞌai nèi, nèti èèna ka, nèngu abhu ana bhèni aaꞌi-aaꞌi ètu dꞌara Èmu Kapua Manèngi-Mangajꞌi ètu dꞌara Èmu Kapua Manèngi-Mangajꞌi ètu dꞌara Èmu Kapua Manèngi-Mangajꞌi ètu dꞌara Èmu Kapua Manèngi-Mangajꞌi ètu dꞌara Èmu Kapua Manèngi-Mangajꞌi ètu dꞌara Èmu Kapua Manèngi-Mangajꞌi ètu dꞌara Èmu Kapua Manèngi-Mangajꞌi.","Nèti èèna ka, Enos mamuri heka aru ngasu dènge canguru lèmi tèu, aa nèngu matana ana mone dènge ana bhèni.",,eng,wyc,English,Wycliffe,37.2582,27.4807,35.2519
"and all the days of enos were made nine hundred and five years, and he was dead.","umur enos ceo ngasu lèmi tèu, heka madhe kèna.","Nèti èèna ka, Enos mamuri toke dꞌai 955 tèu. Hèia na madhe.","Aa aa'i lod'o Enos mamuri toke d'ai ceo ngasu dènge lèmi tèu, hèia na madhe.",,eng,wyc,English,Wycliffe,12.868,23.7331,22.4186
"also cainan lived seventy years, and begat mahalaleel.","lod'o kenan d'ai pidhu nguru tèu, na matana ana mone ca dhèu, ngara na mahalalel.","Èle èèna ka, Cainan mamuri dènge dhèu èpa nguru tèu. Èle èèna ka, nèngu bèdhu-bèdhu dènge dhèu aae-dhèu aae-dhèu aae-dhèu aae-dhèu aae-dhèu aae-dhèu aae-dhèu aae-dhèu aae-dhèu aae-dhèu aae-dhèu aae-dhèu aae-dhèu aae-dhèu aae-dhèu aae-dhèu aae-dhèu aae-dhèu aae-dhèu aae-dhèu aae-dhèu aae-dhèu aae-dhèu aae-dhèu aae-dhèu aae-dhèu aae-dhèu aae-dhèu aae-dhèu aae-dhèu aae-dhèu aae-dhèu aae-dhèu aae-dhèu aae-dhèu aae-dhèu aae-dhèu aae-dhèu aae-dhèu aae.","Kahèi Cainan mamuri pidhu nguru tèu, aa matana Mahalaleel.",,eng,wyc,English,Wycliffe,20.6119,23.2663,25.0543
"and cainan lived after that he begat mahalaleel eight hundred and forty years, and begat sons and daughters.","ka kenan mamuri hari d'ai aru ngasu èpa nguru tèu, ka na abhu hari ana mone dènge ana bhèni.","Èle èèna ka, Kain mamuri èpa nguru nguru nguru tèu dènge èpa nguru tèu. Èle èèna ka, na abhu ana mone dènge ana bhèni.","aa Kain mamuri èle èèna ka na matana Mahalaleel aru ngasu dènge èpa nguru tèu, aa na matana ana mone dènge ana bhèni.",,eng,wyc,English,Wycliffe,8.5034,3.4362,4.0817
"and all the days of cainan were made nine hundred and ten years, and he was dead.","umur kenan ceo ngasu canguru tèu, heka madhe kèna.","Èle èèna ka, Naaman mamuri dꞌai nèu nguru canguru tèu. Hèia na madhe.","Èle èèna ka, Kainan mamuri d'ai nèu ceo ngasu dènge canguru tèu. Hèia na madhe.",,eng,wyc,English,Wycliffe,1.9568,9.518,9.1838
"forsooth mahalaleel lived sixty years and five, and begat jared.","lod'o mahalalel d'ai èna nguru lèmi tèu, na abhu ana mone ca dhèu, ngara na yared.","Èle èèna ka, Musa mamuri dènge dhèu èci dènge èpa nguru tèu. Èle èèna ka, nèngu heka bhèlu-mèu.","Èle èèna ka, Mahalaleel mamuri èna nguru lèmi tèu, aa matana Yared.",,eng,wyc,English,Wycliffe,24.141,18.8069,18.7908
"and mahalaleel lived after that he begat jared eight hundred and thirty years, and begat sons and daughters.","ka mahalalel mamuri hari d'ai aru ngasu tèlu nguru tèu, na abhu hari ana mone dènge ana bhèni.","Èle èèna ka, Amalel mamuri èpa nguru tèlu nguru tèu. Èle èèna ka, na abhu ana mone dènge ana bhèni.","Amalel mamuri aru ngasu dènge tèlu nguru tèu èle na matana Jared, aa na abhu ana mone dènge ana bhèni.",,eng,wyc,English,Wycliffe,6.1611,5.5061,4.7838
"and all the days of mahalaleel were made eight hundred and ninety and five years, and he was dead.","umur mahalalel aru ngasu ceo nguru lèmi tèu, heka na madhe kèna.","Nèti èèna ka, Mahalalel mamuri nèti canguru nguru nguru tèlu nguru tèu. Hèia na madhe.","aa aa'i lod'o Mahalalel mamuri nèti aru ngasu ceo nguru lèmi tèu, hèia na madhe.",,eng,wyc,English,Wycliffe,32.0945,29.769,31.0907
"and jared lived an hundred and two and sixty years, and begat enoch.","lod'o yared d'ai cangasu èna nguru dua tèu, na abhu ana mone ca dhèu, ngara na henok.",Rèngu mamuri toke dꞌai ca tèu nguru dua dènge èpa lodꞌo. Hèia na jꞌajꞌi ana mone.,"Aa Yared mamuri cangasu dènge èna nguru dènge dua tèu, hèia na matana Henok.",,eng,wyc,English,Wycliffe,10.5424,9.4899,8.1169
"and jared lived after that he begat enoch eight hundred years, and begat sons and daughters.","ka yared mamuri d'ai aru ngasu tèu, na abhu hari ana mone dènge ana bhèni.","Lodꞌo èèna, Yarem pea ètu dꞌara èmu Enok, lodꞌo na èpa nguru tèu. Nèti èèna ka, na abhu ana mone dènge ana bhèni.","Lodꞌo èèna, Yarem pea aru ngasu tèu èle ka na matana Enok, aa na abhu ana mone dènge ana bhèni.",,eng,wyc,English,Wycliffe,13.8915,7.8248,9.2858
"and all the days of jared were made nine hundred and two and sixty years, and he was dead.","umur yared ceo ngasu èna nguru dua tèu, heka madhe kèna.","Èle èèna ka, Yared mamuri nèu nguru dua nguru tèu. Hèia na madhe.","Èle èèna ka, Yared mamuri ceo ngasu èna nguru dua tèu. Hèia na madhe.",,eng,wyc,English,Wycliffe,28.8617,23.6437,23.6955
"forsooth enoch lived five and sixty years, and begat methuselah.","ropa henok mamuri d'ai èna nguru lèmi tèu, na matana ana mone ca dhèu, ngara na metusalak.","Lodꞌo èèna, Henok mamuri toke dꞌai èpa nguru nguru tèu. Èle èèna ka, na abhu bègꞌa ètu dꞌara èmu-èmu na, ka na abhu bègꞌa ètu dꞌara èmu na, toke dꞌai bègꞌa ètu dꞌara Èmu Kapua Manèngi-Mangajꞌi ètu dꞌara Èmu Kapua Manèngi-Mangajꞌi ètu dꞌara Èmu Kapua Manèngi-Mangajꞌi ètu dꞌara Èmu Kapua Manèngi-Mangajꞌi ètu dꞌara Èmu Kapua Manèngi-Mangajꞌi ètu dꞌara Èmu Kapua Manèngi-Mangajꞌi ètu dꞌara Èmu Kapua Manèngi-Mangajꞌi ètu dꞌara Èmu Kapua Manèngi-Mangajꞌi ètu dꞌara Èmu Kapua Manèngi-Mangajꞌi.","Sasuri ne, Henok mamuri èna nguru lèmi tèu, ka na matana Metusalak.",,eng,wyc,English,Wycliffe,34.4256,27.2654,32.2791
"and enoch went with god; and enoch lived after that he begat methuselah three hundred years, and begat sons and daughters.","ele èèna, henok mamuri d'ara èci dènge ama lamatua d'ai tèlu ngasu tèu. ka na abhu hari ana mone dènge ana bhèni.","Lodꞌo èèna, Henok mamuri toke dꞌai tèlu nguru tèu, ka na abhu ana mone dènge ana bhèni.","Aa Henok kako dènge Ama Lamatua; aa Henok mamuri tèlu ngasu tèu èle nèti na matana Metusalak, ka na abhu ana mone dènge ana bhèni.",,eng,wyc,English,Wycliffe,0.0762,8.7184,5.2661
"and all the days of enoch were three hundred and five and sixty years. and enoch went with god, and appeared not afterward, for god took him away.","na mamuri d'ara èci dènge ama lamatua. hèia lod'o na d'ai tèlu ngasu èna nguru lèmi tèu, ka na ele, lula ama lamatua paca'e ne sa dedha.","Nèti èèna ka, Henok mamuri toke tèlu nguru èpa nguru tèu. Hèia nèngu mamuri dènge Ama Lamatua. Nèti èèna ka, dhèu aaꞌi-aaꞌi reꞌa boe, lula Ama Lamatua kèpe ne.","Aa Henok mamuri toke tèlu ngasu èna nguru lèmi tèu. Hèia nèngu mamuri dènge Ama Lamatua, aa dhèu aaꞌi-aaꞌi reꞌa boe nèngu limuri, lula Ama Lamatua kèpe ne.",,eng,wyc,English,Wycliffe,17.7671,9.156,9.8044
"also methuselah lived an hundred and seven and eighty years, and begat lamech.","lod'o metusalak d'ai cangasu aru nguru pidhu tèu, na matana ana mone èci, ngara na lamek.","Èle èèna ka, Metus mamuri tèlu nguru pidhu nguru tèu. Hèia na bhèni Lamek.","Èle èèna ka, Metus mamuri cangasu aru nguru pidhu tèu. Hèia na matana Lamek.",,eng,wyc,English,Wycliffe,19.1552,21.0923,20.8663
"and methuselah lived after that he begat lamech seven hundred and two and eighty years, and begat sons and daughters.","èle èèna ka, metusalak mamuri hari d'ai pidhu ngasu aru nguru dua tèu, ka na abhu hari ana mone dènge ana bhèni.","Èle èèna ka, Lamek mamuri dènge dua nguru pidhu nguru tèu. Èle èèna ka, Lamek abhu ana mone dènge ana bhèni cahagꞌe.","Metusalak mamuri èle nèngu matana Lamek pidhu ngasu aru nguru dua tèu, aa matana ana mone dènge ana bhèni.",,eng,wyc,English,Wycliffe,20.6131,15.1042,13.8361
"and all the days of methuselah were made nine hundred and nine and sixty years, and he was dead.","umur metusalak ceo ngasu èna nguru ceo tèu, heka madhe kèna.","Èle èèna ka, Metuselah mamuri nèu nguru tèu dènge èpa nguru tèu. Hèia na madhe.","Èle èèna ka, Metuselah mamuri nèu ceo ngasu dènge èna nguru dènge ceo tèu. Hèia na madhe.",,eng,wyc,English,Wycliffe,9.7205,16.9267,17.954
"forsooth lamech lived an hundred and two and eighty years, and begat a son;","lod'o lamek mamuri d'ai ca ngasu aru nguru dua tèu, na matana ana mone ca dhèu.","Lodꞌo Lamek mamuri, nèngu mamuri tèu nguru dua nguru tèu. Èle èèna ka, na abhu ana mone ca dhèu.","Lodꞌo Lamek mamuri cangasu aru nguru dua tèu. Èle èèna ka, na abhu ana mone ca dhèu.",,eng,wyc,English,Wycliffe,17.8508,16.0808,15.053
"and he called his name noah, and said, this man shall comfort us of the works and travails of our hands, in the land which the lord cursed.","lamek pangare ne noh dhu sasoa na ‘pakarej'e d'ara', lula na peka na, ana ne, èèna na pakarej'e d'ara èdhi nèti sasab'a dhu bia, ètu rai dhu ama lamatua dhoo le.","Èle èèna ka, Ama Lamatua pangare ne, Noh. Na peka, aku nèngu na, ""Dhèu neꞌe ne, nuka sèmi dhèu dhu dꞌèi padedha-dedha jiꞌi, sèna ka jiꞌi bisa mamuri taruu ètu rai-haha ne, dhu Lamatua pahaha iisi mi jiꞌi. Nèti èèna ka, èdhi aaꞌi-aaꞌi ètu dꞌara jꞌara-jꞌara aaꞌi-aaꞌi dhu jiꞌi adꞌu-ue jꞌajꞌèra ètu rai-haha ne.""","Èle èèna ka, nèngu pangare ne, Noh. Na peka, ""Dhèu ne'e ne, nuka dhèu dhu d'èi pa'èra d'ara ji'i nèti j'ara-j'ara dènge j'aj'èra nèti kacui-aai ji'i, ètu rai-haha dhu Lamatua dhoo.""",,eng,wyc,English,Wycliffe,5.326,2.0904,3.612
"and lamech lived after that he begat noah five hundred and ninety and five years, and begat sons and daughters.","ka lamek mamuri taruu d'ai lèmi ngasu ceo nguru lèmi tèu, aa na abhu hari ana mone dènge ana bhèni.","Èle èèna ka, Lamek mamuri toke dꞌai lèmi nguru nguru nguru nguru limuri. Èle èèna ka, Lamek nara iisi ana mone dènge ana bhèni.","Èle nèngu matana Noh, Lamek mamuri lèmi ngasu ceo nguru lèmi tèu, aa nara iisi ana mone dènge ana bhèni.",,eng,wyc,English,Wycliffe,32.8957,19.8247,22.4431
"and all the days of lamech were made seven hundred and seventy and seven years, and he was dead.","umur lamek pidhu ngasu pidhu nguru pidhu tèu, heka na madhe kèna.","Nèti èèna ka, Lamek mamuri dènge pidhu nguru dènge pidhu nguru pidhu taun. Èle èèna ka, na madhe.","Nèti èèna ka, Lamek mamuri dènge pidhu ngasu dènge pidhu nguru dènge pidhu taun. Èle èèna ka, na madhe.",,eng,wyc,English,Wycliffe,-3.3094,-0.5254,-0.0001
"forsooth noah, when he was of five hundred years, begat shem, ham, and japheth.","lod'o noh mamuri d'ai lèmi ngasu tèu, na matana ana mone dhèu tèlu, sem, yafet dènge ham.","Èle èèna ka, dhèu aaꞌi-aaꞌi ètu rai-haha ne, rai-haha ne. Nèti èèna ka, dhèu aaꞌi-aaꞌi ètu rai-haha ne, rai-haha ne, rai-haha ne, rai-haha ne, rai-haha ne, rai-haha ne, rai-haha ne, rai-haha ne, rai-haha ne, rai-haha ne, rai-haha ne, rai-haha ne, rai-haha ne, rai-haha ne, rai-haha ne, rai-haha ne, rai-haha ne, rai-haha ne, rai-haha ne, rai-haha ne, rai-haha ne, rai-haha ne, rai-haha ne, rai-haha ne, rai-haha ne, rai-haha ne, rai-haha ne.","Nèti èèna ka, noh, ropa nèngu umur na lèmi ngasu tèu, matana sem, ham, dènge yafet.",,eng,wyc,English,Wycliffe,23.779,27.4778,31.6558
"and when men began to be multiplied on the earth, and had begat daughters,","taa èèna, dhèu rai-haha, asa bèba-kacanga. ka ra papala-palème rai-haha. dhèu se matana kahèi ana-ana bhèni.","Èle èèna ka, bèli-camèdꞌa dhèu aaꞌi-aaꞌi ra jꞌajꞌi dhèu ae-ae ètu rai-haha, aa ra abhu ana bhèni.","aa ropa dhèu mulai tabha ae ètu rai-haha, aa ra matana ana bhèni.",,eng,wyc,English,Wycliffe,-2.6654,-2.7245,-2.8257
"the sons of god saw the daughters of men that they were fair, and took wives to them of all which they had chosen.","ana-ana mone nèti lamatua ladhe rèdhi ana bhèni nèti dhèu rai-haha se, bhèni iia hua. ka lasi todhe rare ana bhèni mia dhu ra d'èi.","Èle èèna ka, ana-ana Ama Lamatua ladhe rèdhi ana bhèni dhèu aaꞌi-aaꞌi, na, dhèu aaꞌi-aaꞌi se dhu kapai. Nèti èèna ka, ana-ana Ama Lamatua ladhe rèdhi dhèu aaꞌi-aaꞌi se dhu kapai.","Èle èèna ka, ana-ana Ama Lamatua ladhe rèdhi ana bhèni dhèu dhu kapai, aa ra nare bhèni mi rèngu nèti aa'i-aa'i dhu rèngu hag'e nare.",,eng,wyc,English,Wycliffe,6.9833,3.104,4.2055
"and god said, my spirit shall not dwell in man without end, for he is flesh; and the days of him shall be an hundred and twenty years.","ka lamatua peka na, ja'a roca le dènge tatao dhèu dhu lèke-lèke boe se. roh ja'a dhu pamamuri rèngu sa, d'èi heka hia ra mamuri manèro. hud'i rèngu madhe ku. de èèna na, mamuri rèngu se dhoka d'ai ca ngasu dua nguru tèu di.","Èle èèna ka, Ama Lamatua peka, aku Nèngu na, ""Dhèu rai-haha ne, nuka sèmi dhèu rai-haha. Nèti èèna ka, Jaꞌa paꞌèki heka dènge ne, toke dꞌai mia nguru dua nguru tèu.""","Èle èèna ka, Ama Lamatua peka, aku Nèngu na, ""Roh Ja'a neo pea boe ètu d'ara dhèu rai-haha toke boe èle, lula nèngu ne isi; aa lod'o nèngu neo j'aj'i cangasu dua nguru tèu.""",,eng,wyc,English,Wycliffe,2.1814,4.628,2.9656
"soothly giants were on the earth in those days, forsooth after that the sons of god entered in to the daughters of men, and those daughters begat; these were mighty of the world and famous men.","taa èèna, dènge taa-tebho dhu limuri nèti èèna hari, abhu le dhèu raksasa ètu rai-haha ne. ropa ana mone nèti lamatua leo rare ana bhèni dhèu rai-haha se, ka rara iisi dhèu kapai, nuka: kapala musu, dhèu re'a madhutu lii lolo uru-uru sèra.","Lodꞌo èèna, dhèu aae-dhèu rai-haha ètu rai-haha ne, abhu kahèi dhèu aae-dhèu rai-haha. Dhèu aae-dhèu rai-haha se, dhèu aae-dhèu rai-haha. Dhèu aae-dhèu rai-haha se, dhèu aae-dhèu aae-dhèu rai-haha, aa dhèu aae-dhèu aae-dhèu rai-haha. Rèngu aaꞌi-aaꞌi ra jꞌajꞌi dhèu aae-aaꞌi ra. Rèngu aaꞌi-aaꞌi ra jꞌajꞌi dhèu aae-aaꞌi ra. Rèngu aaꞌi-aaꞌi ra jꞌajꞌi dhèu aae-aaꞌi ra. Rèngu aaꞌi-aaꞌi ra jꞌajꞌi dhèu aae-aaꞌi ra. Rèngu aaꞌi-aaꞌi ra jꞌajꞌi dhèu aae-aaꞌi ra, aaꞌi-aaꞌi ra jꞌajꞌi dhèu aaꞌi-aaꞌi ra.","Lod'o èèna, mema dhèu aae-dhèu rai-haha abhu ètu rai-haha. Mema èle ka, ana-ana ama lamatua maso asa ana-ana bhèni dhèu, aa ana-ana bhèni sèra matana. Rèngu se j'aj'i dhèu koasa ètu rai-haha aa dhèu ngara aae.",,eng,wyc,English,Wycliffe,8.4955,7.0667,7.7797
"soothly god saw that much malice of men was in the earth, and that all the thought of their heart was attentive, either given, to evil in all time,","taa èèna, lamatua ladhe nèdhi bhabhelu-katub'a dhèu rai-haha dhu seli-kolane. d'ara rèngu pangee dhoka bhabhelu di.","Èle èèna ka, Ama Lamatua neꞌa, na, dhèu rai-haha tao jꞌara bhelu-katubꞌa ètu rai-haha. Rèngu dꞌèi tao jꞌara bhelu-katubꞌa ètu dꞌara ra.","Èle èèna ka, Ama Lamatua neꞌa, na, dhèu rai-haha tao jꞌara bhelu-katubꞌa ètu rai-haha. Rèngu dꞌèi tao jꞌara bhelu-katubꞌa ètu dꞌara ra ètu aa'i lod'o.",,eng,wyc,English,Wycliffe,-1.1053,0.6857,0.0587
"and it repented him that he had made man in earth; and god was wary before against time to coming or to come, and was touched with sorrow of heart within;","ka lamatua manyasa, lula na paj'aj'i le rèngu se ho pea ètu rai-haha ne. tatao rèngu ne'e ka dhu papèd'a d'ara lamatua.","Nèti èèna ka, Ama Lamatua padꞌelo dꞌara hua iia Na, lula Na pajꞌajꞌi dhèu rai-haha ètu rai-haha ne.","Nèti èèna ka, Ama Lamatua padꞌelo dꞌara hua iia Na, lula Na pajꞌajꞌi dhèu rai-haha ètu rai-haha ne.",,eng,wyc,English,Wycliffe,0.0,0.0,0.0
"and said, i shall do away man, whom i made of nought, from the face of the earth; from man till to living things, from creeping beast till to the birds of heaven; for it repenteth me that i made them.","nèti èèna ka, na peka na, dènge tatao rèngu sèmi èèna na, ja'a huku pamadhe dhèu rai-haha aa'i-aa'i dhu paj'aj'i kore si le. manu-bhui dènge badha leo sèra, ja'a palaho aa'i si kahèi. te ja'a manyasa, nèti ja'a ka paj'aj'i si.","Jaꞌa neo pamadhe dhèu aaꞌi-aaꞌi dhu Jaꞌa pajꞌajꞌi nèti rai-haha ne. Jaꞌa neo pamadhe aaꞌi-aaꞌi dhu Jaꞌa pajꞌajꞌi nèti rai-haha ne. Jaꞌa neo pamadhe aaꞌi-aaꞌi dhu Jaꞌa pajꞌajꞌi nèti rai-haha ne. Jaꞌa neo pamadhe aaꞌi-aaꞌi dhu Jaꞌa pajꞌajꞌi nèti rai-haha ne. Jaꞌa neo pamadhe aaꞌi-aaꞌi dhu Jaꞌa pajꞌajꞌi nèti rai-haha ne. Aa Jaꞌa neo pamadhe aaꞌi-aaꞌi dhu Jaꞌa pajꞌajꞌi nèti rai-haha ne.""","Jaꞌa neo pamadhe dhèu aaꞌi-aaꞌi dhu Jaꞌa pajꞌajꞌi nèti rai-haha ne. Jaꞌa neo pamadhe aaꞌi-aaꞌi dhu Jaꞌa pajꞌajꞌi nèti rai-haha ne. Jaꞌa neo pamadhe aaꞌi-aaꞌi dhu Jaꞌa pajꞌajꞌi nèti rai-haha ne. Jaꞌa neo pamadhe aaꞌi-aaꞌi dhu Jaꞌa pajꞌajꞌi nèti rai-haha ne. Jaꞌa neo pamadhe aaꞌi-aaꞌi dhu Jaꞌa pajꞌajꞌi nèti rai-haha ne. Aa Jaꞌa neo pamadhe aaꞌi-aaꞌi dhu Jaꞌa pajꞌajꞌi nèti rai-haha ne.""",,eng,wyc,English,Wycliffe,0.0,0.0,0.0
forsooth noah found grace before the lord.,te ngaa noh di dhu pakarej'e d'ara lamatua.,"Nèti èèna ka, Lamatua padꞌelo dꞌara hua iia Na mi Nèngu, te ngaa Nèngu ka dhu padꞌelo dꞌara hua iia Na mi dhèu aaꞌi-aaꞌi ra. Nèti èèna ka, Lamatua padꞌelo dꞌara hua iia Na mi dhèu aaꞌi-aaꞌi ra. Nèti èèna ka, Lamatua padꞌelo dꞌara hua iia Na mi dhèu aaꞌi-aaꞌi ra.","Nèti èèna ka, Lamatua padꞌelo dꞌara hua iia Na mi Noh.",,eng,wyc,English,Wycliffe,1.4459,-2.7372,0.4667
"these be the generations of noah. noah was a just man and perfect in his generations; noah went with god, and begat three sons, shem, ham, and japheth.","lii lolo noh sèmi ne'e ka: ana mone na, dhèu tèlu, nuka sem, yafet dènge ham. noh mamuri dènge mola, koe-kapengo boe. taa èèna, nèngu di dhu mamuri mola. d'ara na dhodhoka ètu ama lamatua.","Nèngu jꞌajꞌi dhèu dꞌara mola-mèci ètu rai-haha ne. Nèngu jꞌajꞌi dhèu dꞌara mola-mèci ètu rai-haha ne. Nèngu jꞌajꞌi dhèu dꞌara mola-mèci ètu rai-haha ne. Nèngu jꞌajꞌi dhèu dꞌara mola-mèci ètu rai-haha ne. Nèngu jꞌajꞌi dhèu dꞌara mola-mèci ètu rai-haha ne. Nèngu jꞌajꞌi dhèu dꞌara mola-mèci ètu rai-haha ne. Nèngu jꞌajꞌi dhèu dꞌara mola-mèci. Nèngu jꞌajꞌi dhèu dꞌara mola-mèci ètu rai-haha ne. Nèngu jꞌajꞌi dhèu dꞌara mola-mèci. Nèngu jꞌajꞌi dhèu aaꞌi-aaꞌi, nuka Sem, Ham, dènge Yafet.","Nèngu jꞌajꞌi dhèu dꞌara mola-mèci ètu rai-haha ne. Nèngu jꞌajꞌi dhèu dꞌara mola-mèci ètu rai-haha ne. Nèngu jꞌajꞌi dhèu dꞌara mola-mèci ètu rai-haha ne. Nèngu jꞌajꞌi dhèu dꞌara mola-mèci ètu rai-haha ne. Nèngu jꞌajꞌi dhèu dꞌara mola-mèci ètu rai-haha ne. Nèngu jꞌajꞌi dhèu dꞌara mola-mèci ètu rai-haha ne. Nèngu jꞌajꞌi dhèu dꞌara mola-mèci. Nèngu jꞌajꞌi dhèu dꞌara mola-mèci ètu rai-haha ne. Nèngu jꞌajꞌi dhèu dꞌara mola-mèci. Nèngu jꞌajꞌi dhèu aaꞌi-aaꞌi, nuka Sem, Ham, dènge Yafet.",,eng,wyc,English,Wycliffe,0.0,0.0,0.0
"forsooth the earth was corrupt before god, and was filled with wickedness. and when god saw, that the earth was corrupt, for each flesh, or man, had corrupted his way on the earth,","te ngaa dhèu leo se, ama lamatua ladhe ra bhelu aa'i mèu-mèu. ètu mia-mia èèna ka, j'ara mamuri dhèu se ele iie aa'i. ama lamatua nèdhi dhodhoka bhabhelu di, ètu rai-haha ne.",Dhèu aaꞌi-aaꞌi ètu rai-haha ne jꞌajꞌi bhelu-katubꞌa ètu madha Ama Lamatua. Dhèu aaꞌi-aaꞌi ètu rai-haha ne jꞌajꞌi bhelu-katubꞌa. Dhèu aaꞌi-aaꞌi ètu rai-haha ne jꞌajꞌi bhelu-katubꞌa.,Dhèu aaꞌi-aaꞌi ètu rai-haha ne jꞌajꞌi bhelu-katubꞌa ètu madha Ama Lamatua. Dhèu aaꞌi-aaꞌi ètu rai-haha ne jꞌajꞌi bhelu-katubꞌa. Dhèu aaꞌi-aaꞌi ètu rai-haha ne jꞌajꞌi bhelu-katubꞌa.,,eng,wyc,English,Wycliffe,0.0,0.0,0.0
"he said to noah, the end of all flesh is come before me; the earth is filled with wickedness of the face of them, and i shall destroy them with the earth.","hèia ama lamatua peka dènge noh, aku nèngu na, ja'a kèdhi dhoka bhabhelu dhèu di, dhu pale-lème rai-haha ne. ka ja'a pama'ète kore le, sèna ka ja'a palaho aa'i rai-haha ne dènge isi na aa'i-aa'i.","Èle èèna ka, Lamatua peka dènge Noh, aku Nèngu na, ""Jaꞌa neo pamadhe aaꞌi dhèu aaꞌi-aaꞌi dhu mamuri ètu rai-haha ne. Lula ra tao jꞌara-jꞌara bhelu-katubꞌa ètu rai-haha ne. Nèti èèna ka, Jaꞌa pamadhe si aaꞌi-aaꞌi ètu rai-haha ne.","Èle èèna ka, Lamatua peka dènge Noh, aku Nèngu na, ""Jaꞌa neo pamadhe aaꞌi dhèu aaꞌi-aaꞌi dhu mamuri ètu rai-haha ne. Lula ra tao jꞌara-jꞌara bhelu-katubꞌa ètu rai-haha ne. Nèti èèna ka, Jaꞌa pamadhe si aaꞌi-aaꞌi ètu rai-haha ne.",,eng,wyc,English,Wycliffe,0.0,0.0,0.0
"make thou to thee a ship of wood hewn and planed; thou shalt make dwelling places in the ship, and thou shalt anoint it with pitch within and withoutforth.","de sèmi ne'e, noh! èu tao kapa aae cue, dhu tao nèti aj'u adhu. re d'ara roa na, èu bagi mi kama-kama. aa re d'ara dènge li'u kapa, èu lame dènge èi dama.",Èu hudꞌi tao uuru ku nèti ajꞌu dhu kabꞌua ètu dedha kapa. Èu hudꞌi tao uuru ku nèti ciki dènge liꞌu.,Èu hudꞌi tao uuru ku nèti ajꞌu dhu kabꞌua ètu dedha kapa. Èu hudꞌi tao uuru ku nèti ciki dènge liꞌu.,,eng,wyc,English,Wycliffe,0.0,0.0,0.0
"and so thou shalt make it. the length of the ship shall be of three hundred cubits, the breadth shall be of fifty cubits, and the highness thereof shall be of thirty cubits.","mu sab'e kapa na, madhera na ca ngasu tèlu nguru tèlu meter; bhabhèla na dua nguru dua meter; dènge katitu na canguru tèlu meter.","Èle èèna ka, èu hudꞌi tao kahèi. Lodꞌo kapa ne, tèlu ngasu; hèru na, cangasu na, cangasu na, cangasu na, cangasu na, cangasu na, cangasu na, cangasu na, cangasu na, cangasu na, cangasu na, cangasu na, cangasu na, cangasu na, cangasu na, cangasu na, cangasu na, cangasu na, cangasu na, cangasu na, cangasu na, cangasu na, cangasu na, cangasu na, cangasu na, cangasu na, cangasu na, cangasu na, cangasu na, cangasu na, cangasu na, cangasu na, cangasu na, cangasu na, cangasu na, cangasu na, cangasu na, cangasu na, cangasu na.","Èle èèna ka, èu hudꞌi tao kahèi. Lodꞌo kapa ne, tèlu ngasu; hèru na, cangasu na, cangasu na, cangasu na, cangasu na, cangasu na, cangasu na, cangasu na, cangasu na, cangasu na, cangasu na, cangasu na, cangasu na, cangasu na, cangasu na, cangasu na, cangasu na, cangasu na, cangasu na, cangasu na, cangasu na, cangasu na, cangasu na, cangasu na, cangasu na, cangasu na, cangasu na, cangasu na, cangasu na, cangasu na, cangasu na, cangasu na, cangasu na, cangasu na, cangasu na, cangasu na, cangasu na, cangasu na, cangasu na.",,eng,wyc,English,Wycliffe,0.0,0.0,0.0
"thou shalt make a window in the ship, and thou shalt end the highness thereof in a cubit; soothly thou shalt set the door of the ship in the side beneath; thou shalt make solars or upper rooms, and places of three chambers in the ship.","èu tao èmu ètu dedha kapa na. te ngaa paconga ca laa ai nèti kadidhi re dedha. èu bagi kapa ne mi tèlu tad'a. aa re karasa na, tao babèdho èci.",èu hudꞌi tao jꞌara-jꞌara ètu dedha kapa. Èu hudꞌi tao jꞌara-jꞌara ètu dꞌara kapa. Èu hudꞌi tao jꞌara-jꞌara ètu dꞌara kapa. Èu hudꞌi tao jꞌara-jꞌara ètu dꞌara kapa. Èu hudꞌi tao jꞌara-jꞌara ètu dꞌara kapa. Èu hudꞌi tao jꞌara-jꞌara ètu dꞌara kapa. Èu hudꞌi tao jꞌara-jꞌara ètu dꞌara kapa. Èu hudꞌi tao jꞌara-jꞌara ètu dꞌara kapa. Èu hudꞌi tao jꞌara-jꞌara ètu dꞌara kapa. Èu hudꞌi tao jꞌara-jꞌara ètu dꞌara kapa.,èu hudꞌi tao jꞌara-jꞌara ètu dedha kapa. Èu hudꞌi tao jꞌara-jꞌara ètu dꞌara kapa. Èu hudꞌi tao jꞌara-jꞌara ètu dꞌara kapa. Èu hudꞌi tao jꞌara-jꞌara ètu dꞌara kapa. Èu hudꞌi tao jꞌara-jꞌara ètu dꞌara kapa. Èu hudꞌi tao jꞌara-jꞌara ètu dꞌara kapa. Èu hudꞌi tao jꞌara-jꞌara ètu dꞌara kapa. Èu hudꞌi tao jꞌara-jꞌara ètu dꞌara kapa. Èu hudꞌi tao jꞌara-jꞌara ètu dꞌara kapa. Èu hudꞌi tao jꞌara-jꞌara ètu dꞌara kapa.,,eng,wyc,English,Wycliffe,0.0,0.0,0.0
"lo! i shall bring waters of deluge, or great flood, on the earth, and i shall slay each flesh in which is the spirit of life under heaven, and all things that be in the earth, shall be wasted.","sanèd'e paie-iie! bèli-camèd'a, ja'a papuru èi aae lala, ho pacène eele rai-haha ne, sèna ka pamadhe aa'i dhu mamuri.","Bèli-camèdꞌa, dhèu aaꞌi-aaꞌi dhu mamuri ètu dedha-liru, bèli-camèdꞌa dhèu aaꞌi-aaꞌi dhu mamuri ètu dedha-liru, bèli-camèdꞌa dhèu aaꞌi-aaꞌi ra madhe. Bèli-camèdꞌa dhèu aaꞌi-aaꞌi dhu mamuri ètu dedha-liru, bèli-camèdꞌa dhèu aaꞌi-aaꞌi dhu mamuri ètu dedha-liru, bèli-camèdꞌa dhèu aaꞌi-aaꞌi dhu mamuri ètu rai-haha ne, bèli-camèdꞌa dhèu aaꞌi-aaꞌi ra madhe.","Bèli-camèdꞌa, dhèu aaꞌi-aaꞌi dhu mamuri ètu dedha-liru, bèli-camèdꞌa dhèu aaꞌi-aaꞌi dhu mamuri ètu dedha-liru, bèli-camèdꞌa dhèu aaꞌi-aaꞌi ra madhe. Bèli-camèdꞌa dhèu aaꞌi-aaꞌi dhu mamuri ètu dedha-liru, bèli-camèdꞌa dhèu aaꞌi-aaꞌi dhu mamuri ètu dedha-liru, bèli-camèdꞌa dhèu aaꞌi-aaꞌi dhu mamuri ètu rai-haha ne, bèli-camèdꞌa dhèu aaꞌi-aaꞌi ra madhe.",,eng,wyc,English,Wycliffe,0.0,0.0,0.0
"and i shall set my covenant of peace with thee; and thou shalt enter into the ship, thou, and thy sons, and thy wife, and the wives of thy sons shall enter with thee.","te ngaa ja'a pa'èki lii pajaji dènge èu. èèna na, èu maso d'ara kapa èèna, mèti dènge dhèu èmu èu, ana-ana èu, dènge dhèu èmu ana-ana èu.","Èèna na Jaꞌa tao paꞌèci dènge èu, sèna ka èu mamuri paꞌèci dènge Jaꞌa. Èu, ana-èpu èu, dhèu èmu èu, dènge bhèni ana-èpu èu, hudꞌi maso asa dꞌara kapa ne.","Èèna na Jaꞌa tao paꞌèci dènge èu, sèna ka èu mamuri paꞌèci dènge Jaꞌa. Èu, ana-èpu èu, dhèu èmu èu, dènge bhèni ana-èpu èu, hudꞌi maso asa dꞌara kapa ne.",,eng,wyc,English,Wycliffe,0.0,0.0,0.0
"and of all living beasts of all flesh, thou shalt bring into the ship twain or two and twain, of male kind and female, that they live with thee; of birds by their kind, and of work beasts in their kind, and of each creeping beast of the earth, by their kind; twain or two and twain of all shall enter with thee, that they may live.","badha aa'i-aa'i ra, èu hag'e more ca pasa-ca pasa, eo mèti asa d'ara kapa, ho ra abhu mamuri dènge èu kahèi. sèmi: badha ani, manu-bhui, dènge badha dhu rod'o, sèna ka ra abhu mamuri.","Bèli-camèdꞌa aaꞌi-aaꞌi nèti badha aaꞌi-aaꞌi dhu mamuri ètu dꞌara kapa ne, sèna ka mamuri dènge èu. Bèli-camèdꞌa manu-bhui dhu mamuri ètu dꞌara kapa ne, sèna ka mamuri dènge èu. Bèli-camèdꞌa badha aaꞌi-aaꞌi dhu mamuri ètu dꞌara kapa ne, sèna ka mamuri dènge èu. Bèli-camèdꞌa badha aaꞌi-aaꞌi dhu mamuri ètu dꞌara kapa ne, sèna ka mamuri dènge èu.","Bèli-camèdꞌa aaꞌi-aaꞌi nèti badha aaꞌi-aaꞌi dhu mamuri ètu dꞌara kapa ne, sèna ka mamuri dènge èu. Bèli-camèdꞌa manu-bhui dhu mamuri ètu dꞌara kapa ne, sèna ka mamuri dènge èu. Bèli-camèdꞌa badha aaꞌi-aaꞌi dhu mamuri ètu dꞌara kapa ne, sèna ka mamuri dènge èu. Bèli-camèdꞌa badha aaꞌi-aaꞌi dhu mamuri ètu dꞌara kapa ne, sèna ka mamuri dènge èu.",,eng,wyc,English,Wycliffe,0.0,0.0,0.0
"therefore thou shalt take with thee of all meats that may be eaten, and thou shalt bear together at thee, and those shall be as well to thee as to the beasts into meat.","èu hud'i mèti dènge nganga'a-nganginu, pala miu dènge pala badha sèra hèi.","Sèmi èèna kahèi dènge badha aaꞌi-aaꞌi dhu dhèu bisa raꞌa, èu hudꞌi paꞌèki dènge èu, sèna ka raꞌa sèmi èèna kahèi dènge badha aaꞌi-aaꞌi dhu dhèu bisa raꞌa. Èu hudꞌi paꞌèki dènge èu, sèna ka raꞌa sèmi èèna kahèi dènge badha aaꞌi-aaꞌi dhu dhèu bisa raꞌa.","Sèmi èèna kahèi dènge badha aaꞌi-aaꞌi dhu dhèu bisa raꞌa, èu hudꞌi paꞌèki dènge èu, sèna ka raꞌa sèmi èèna kahèi dènge badha aaꞌi-aaꞌi dhu dhèu bisa raꞌa. Èu hudꞌi paꞌèki dènge èu, sèna ka raꞌa sèmi èèna kahèi dènge badha aaꞌi-aaꞌi dhu dhèu bisa raꞌa.",,eng,wyc,English,Wycliffe,0.0,0.0,0.0
therefore noah did all things which god commanded to him.,ka noh sab'e madhutu sèmi lii paredha ama lamatua aa'i-aa'i sèra.,"Èle èèna ka, Noh tao madhutu aaꞌi paredha Ama Lamatua.","Èle èèna ka, Noh tao madhutu aaꞌi paredha Ama Lamatua.",,eng,wyc,English,Wycliffe,0.0,0.0,0.0
"also the lord said to noah, enter thou and all thine house into the ship, for i saw thee alone were just before me in this generation.","èle èèna ka, lamatua peka dènge noh, ja'a ladhe le palème, te ngaa abhu dhoka èu di dhu d'ara mola. nèti èèna ka, èu dènge bhèni-ana niki èu, lami ka asa d'ara kapa.","Èle èèna ka, Lamatua peka dènge Noh, aku Nèngu na, ""Èu dènge isi èmu èu aaꞌi-aaꞌi mi hudꞌi maso asa dꞌara kapa. Te èu di dhu Jaꞌa ladhe kèdhi ètu rai-haha ne.","Èle èèna ka, Lamatua peka dènge Noh, aku Nèngu na, ""Èu dènge isi èmu èu aaꞌi-aaꞌi mi hudꞌi maso asa dꞌara kapa. Te èu di dhu Jaꞌa ladhe kèdhi ètu rai-haha ne.",,eng,wyc,English,Wycliffe,0.0,0.0,0.0
"of all clean living beasts, thou shalt take by seven and by seven, male and female; forsooth of unclean living beasts, thou shalt take by twain and by twain or two and two, male and female; and also of the volatiles or fowls of heaven, thou shalt take, by seven and by seven, male and female, that their seed be saved on the face of all earth.","mèti dènge badha-badha dhu bisa mi'a, aa bisa hia ja'a kahèi, de mèti pidhu-pidhu pasa asa d'ara kapa. mèti kahèi rupa-rupa manu-bhui pidhu-pidhu pasa. te ngaa badha dhu leo, mèti dhoka ca pasa-ca pasa di. sèna ka badha dènge manu-bhui se, j'aj'i hini, ho baku ma'ète.","Bèli-camèdꞌa aaꞌi-aaꞌi dhu bhelu-katubꞌa ètu rai-haha ne, miu hudꞌi paꞌèki dènge dhèu pidhu, sèna ka jꞌajꞌi dhèu aaꞌi-aaꞌi dhu bhelu-katubꞌa ètu rai-haha ne. Aa manu-bhui aaꞌi-aaꞌi ètu dedha-liru, miu hudꞌi paꞌèki dènge dhèu pidhu, sèna ka jꞌajꞌi dhèu aaꞌi-aaꞌi dhu bhelu-katubꞌa ètu rai-haha ne. Dènge jꞌara neꞌe, miu hudꞌi paꞌèki dènge dhèu aaꞌi-aaꞌi dhu bhelu-katubꞌa ètu rai-haha ne, sèna ka jꞌajꞌi dhèu aaꞌi-aaꞌi dhu bhelu-katubꞌa ètu rai-haha ne, sèna ka jꞌajꞌi dhèu aaꞌi-aaꞌi dhu bhelu-katubꞌa ètu rai-haha ne.","Bèli-camèdꞌa aaꞌi-aaꞌi dhu bhelu-katubꞌa ètu rai-haha ne, miu hudꞌi paꞌèki dènge dhèu pidhu, sèna ka jꞌajꞌi dhèu aaꞌi-aaꞌi dhu bhelu-katubꞌa ètu rai-haha ne. Aa manu-bhui aaꞌi-aaꞌi ètu dedha-liru, miu hudꞌi paꞌèki dènge dhèu pidhu, sèna ka jꞌajꞌi dhèu aaꞌi-aaꞌi dhu bhelu-katubꞌa ètu rai-haha ne. Dènge jꞌara neꞌe, miu hudꞌi paꞌèki dènge dhèu aaꞌi-aaꞌi dhu bhelu-katubꞌa ètu rai-haha ne, sèna ka jꞌajꞌi dhèu aaꞌi-aaꞌi dhu bhelu-katubꞌa ètu rai-haha ne, sèna ka jꞌajꞌi dhèu aaꞌi-aaꞌi dhu bhelu-katubꞌa ètu rai-haha ne.",,eng,wyc,English,Wycliffe,0.0,0.0,0.0
"for yet and after seven days, i shall rain on the earth forty days and forty nights, and i shall do away all substance which i made, from the face of the earth.","sanèd'e paie-iie, oo! di pidhu lod'o ka, ja'a papuru èj'i aae mai dhu bhoka boe ca lod'o sa, toke d'ai èpa nguru lod'o mèu-mèda. dènge sèmi ne'e, ja'a pamadhe aa'i ngaa-ngaa dhu mamuri ètu dedha-rai, dhu ja'a paj'aj'i kore le.","Bèli-camèdꞌa, lodꞌo èpa lodꞌo èèna, Jaꞌa hia uuru ètu rai-haha ne. Èèna na Jaꞌa pamadhe aaꞌi-aaꞌi dhèu aaꞌi-aaꞌi dhu Jaꞌa pajꞌajꞌi ètu rai-haha ne.","Bèli-camèdꞌa, lodꞌo èpa lodꞌo èèna, Jaꞌa hia uuru ètu rai-haha ne. Èèna na Jaꞌa pamadhe aaꞌi-aaꞌi dhèu aaꞌi-aaꞌi dhu Jaꞌa pajꞌajꞌi ètu rai-haha ne.",,eng,wyc,English,Wycliffe,0.0,0.0,0.0
therefore noah did all things which the lord commanded to him.,ka noh tao aa'i sèmi lii paredha lamatua.,"Èle èèna ka, Noh tao madhutu aaꞌi paredha Lamatua.","Èle èèna ka, Noh tao madhutu aaꞌi paredha Lamatua.",,eng,wyc,English,Wycliffe,0.0,0.0,0.0
"and he was of six hundred years, when the waters of the great flood flowed on the earth.","lod'o èi aae lala, umur noh èna ngasu tèu.","Èle èèna ka, dhèu aaꞌi-aaꞌi ètu rai-haha ne rai-haha. Èle èèna ka, dhèu aaꞌi-aaꞌi ètu rai-haha aaꞌi-aaꞌi ètu rai-haha ne rai-haha ne, dꞌai èèna ka, nèti èèna ka, dhèu aaꞌi-aaꞌi mamuri ètu rai-haha ne, toke dꞌai èèna ka, nèti èèna ka, dhèu aaꞌi-aaꞌi ètu rai-haha ne jꞌajꞌi dhèu aaꞌi-aaꞌi ra aaꞌi-aaꞌi ra aaꞌi-aaꞌi ra aaꞌi-aaꞌi ra aaꞌi-aaꞌi ra aaꞌi-aaꞌi ra aaꞌi-aaꞌi ra aaꞌi-aaꞌi ra aaꞌi-aaꞌi ra aaꞌi-aaꞌi ra.","Èle èèna ka, dhèu aaꞌi-aaꞌi ètu rai-haha ne rai-haha. Èle èèna ka, dhèu aaꞌi-aaꞌi ètu rai-haha aaꞌi-aaꞌi ètu rai-haha ne rai-haha ne, dꞌai èèna ka, nèti èèna ka, dhèu aaꞌi-aaꞌi mamuri ètu rai-haha ne, toke dꞌai èèna ka, nèti èèna ka, dhèu aaꞌi-aaꞌi ètu rai-haha ne jꞌajꞌi dhèu aaꞌi-aaꞌi ra aaꞌi-aaꞌi ra aaꞌi-aaꞌi ra aaꞌi-aaꞌi ra aaꞌi-aaꞌi ra aaꞌi-aaꞌi ra aaꞌi-aaꞌi ra aaꞌi-aaꞌi ra aaꞌi-aaꞌi ra aaꞌi-aaꞌi ra.",,eng,wyc,English,Wycliffe,0.0,0.0,0.0
"and noah entered into the ship, and his sons, and his wife, and the wives of his sons, entered with him, for the waters of the great flood.","noh dènge dhèu èmu na, dènge ana niki na, aa dènge dhèu èmu ana ra di, lasi asa d'ara kapa, ho ra abhu mamuri.","Èle èèna ka, nèngu dènge ana-ana na, dènge dhèu èmu-kamali na, maso asa dꞌara dedha kapa, sèna ka reꞌa, na, bèli-camèdꞌa èèna, bèli-camèdꞌa bèli-camèdꞌa bèli-camèdꞌa bèli-camèdꞌa.","Èle èèna ka, nèngu dènge ana-ana na, dènge dhèu èmu-kamali na, maso asa dꞌara dedha kapa, sèna ka reꞌa, na, bèli-camèdꞌa èèna, bèli-camèdꞌa bèli-camèdꞌa bèli-camèdꞌa bèli-camèdꞌa.",,eng,wyc,English,Wycliffe,0.0,0.0,0.0
"and of living beasts clean and unclean, and of the birds of heaven, and of each beast which is moved on the earth, by twain and by twain or two and two, male and female entered to noah into the ship, as the lord commanded to noah.","madhutu lii paredha lamatua, ka noh pamaso manu-bhui dènge badha leo sèra, èci-èci ka dènge pasa na, nèti dhu bisa ra'a, dènge dhu bisa boe ra'a.","Sèmi èèna kahèi dènge badha aaꞌi-aaꞌi dhu mamuri mola-mèci, dènge badha badha aaꞌi-aaꞌi dhu lèke, dènge manu-bhui ètu dedha-liru, dènge badha aaꞌi-aaꞌi dhu pakèdꞌi ètu rai-haha. Bèli-camèdꞌa badha aaꞌi-aaꞌi dènge badha aaꞌi-aaꞌi ra maso asa dꞌara kapa, sèna ka madhutu paredha Lamatua.","Sèmi èèna kahèi dènge badha aaꞌi-aaꞌi dhu mamuri mola-mèci, dènge badha badha aaꞌi-aaꞌi dhu lèke, dènge manu-bhui ètu dedha-liru, dènge badha aaꞌi-aaꞌi dhu pakèdꞌi ètu rai-haha. Bèli-camèdꞌa badha aaꞌi-aaꞌi dènge badha aaꞌi-aaꞌi ra maso asa dꞌara kapa, sèna ka madhutu paredha Lamatua.",,eng,wyc,English,Wycliffe,0.0,0.0,0.0
"and when seven days had passed, the waters of the great flood flowed on the earth.","ropa èle pidhu lod'o, cag'ag'a laa èi aae lala, ka rai-haha ne, mulai cène.","Èle èèna ka, lodꞌo pidhu lodꞌo, bèli-camèdꞌa bèli-camèdꞌa bèli-camèdꞌa bèli-camèdꞌa bèli-camèdꞌa bèli-camèdꞌa bèli-camèdꞌa bèli-camèdꞌa bèli-camèdꞌa bèli-camèdꞌa bèli-camèdꞌa bèli-camèdꞌa bèli-camèdꞌa bèli-camèdꞌa bèli-camèdꞌa ètu rai-haha ne.","Èle èèna ka, lodꞌo pidhu lodꞌo, bèli-camèdꞌa bèli-camèdꞌa bèli-camèdꞌa bèli-camèdꞌa bèli-camèdꞌa bèli-camèdꞌa bèli-camèdꞌa bèli-camèdꞌa bèli-camèdꞌa bèli-camèdꞌa bèli-camèdꞌa bèli-camèdꞌa bèli-camèdꞌa bèli-camèdꞌa bèli-camèdꞌa ètu rai-haha ne.",,eng,wyc,English,Wycliffe,0.0,0.0,0.0
"in the six hundredth year of the life of noah, in the second month, in the seventeenth day of the month, all the wells of the great sea were broken, and the windows of heaven were opened,","lèke dènge umur noh èna ngasu tèu, risi dua hèru, canguru pidhu lod'o, ka mulai èi aae lala. lod'o èèna, sèmi babèdho liru dhu bhoke eele sa, ka èi na tao sabhori mai. aa èi madha-èi madha ètu rai-haha sabhoka, ka sèmi tao sabhuu sa dedha.","Èle èèna ka, lodꞌo Noh mamuri èèna, nèti èèna ka, nèti èèna ka, nèti èèna ka, nèti èèna ka, dꞌai lodꞌo ka pidhu lodꞌo èèna, bèli-camèdꞌa bèli-camèdꞌa aaꞌi-aaꞌi ètu dꞌara dhasi ae-ae. Èle èèna ka, bèli-camèdꞌa bèli-camèdꞌa aaꞌi-aaꞌi ètu dedha-liru bhoke eele.","Èle èèna ka, lodꞌo Noh mamuri èèna, nèti èèna ka, nèti èèna ka, nèti èèna ka, nèti èèna ka, dꞌai lodꞌo ka pidhu lodꞌo èèna, bèli-camèdꞌa bèli-camèdꞌa aaꞌi-aaꞌi ètu dꞌara dhasi ae-ae. Èle èèna ka, bèli-camèdꞌa bèli-camèdꞌa aaꞌi-aaꞌi ètu dedha-liru bhoke eele.",,eng,wyc,English,Wycliffe,0.0,0.0,0.0
and rain was made on the earth forty days and forty nights.,ka èj'i bhori mai loe boe èpa nguru lod'o mèu-mèda.,"Èle èèna ka, bèli-camèdꞌa bèli-camèdꞌa bèli-camèdꞌa bèli-camèdꞌa bèli-camèdꞌa bèli-camèdꞌa bèli-camèdꞌa bèli-camèdꞌa bèli-camèdꞌa bèli-camèdꞌa bèli-camèdꞌa bèli-camèdꞌa ètu rai-haha ne.","Èle èèna ka, bèli-camèdꞌa bèli-camèdꞌa bèli-camèdꞌa bèli-camèdꞌa bèli-camèdꞌa bèli-camèdꞌa bèli-camèdꞌa bèli-camèdꞌa bèli-camèdꞌa bèli-camèdꞌa bèli-camèdꞌa bèli-camèdꞌa ètu rai-haha ne.",,eng,wyc,English,Wycliffe,0.0,0.0,0.0
"in the end of that day noah entered, and shem, and ham, and japheth, his sons, and his wife, and the three wives of his sons, entered with them into the ship.","te ngaa lod'o èèna, noh dènge dhèu èmu na, dènge ana mone na dhèu tèlu: sem, yafet dènge ham, dènge dhèu èmu ra, maso lasi asa d'ara kapa.","Èle èèna ka, Nuh maso asa dꞌara dedha kapa, dènge ana-ana na, Sem, Ham, Yafet, dènge dhèu èmu na, dènge dhèu-dhèu èmu-kamali na.","Èle èèna ka, Nuh maso asa dꞌara dedha kapa, dènge ana-ana na, Sem, Ham, Yafet, dènge dhèu èmu na, dènge dhèu-dhèu èmu-kamali na.",,eng,wyc,English,Wycliffe,0.0,0.0,0.0
"they entered, and each beast by his kind, and all work beasts in their kind, and each beast which is moved on the earth in his kind, and each volatile by his kind; all birds and all volatiles or fowls,","lasi palere dènge badha aa'i-aa'i ra, sèmi: badha ani, badha hui, badha dhu rod'o, manu-bhui, dènge badha-badha leo dhu dènge èla sèra.","Ètu dꞌara Èmu Manèngi-Mangajꞌi èèna, abhu rupa-rupa badha badha, manu-bhui, dènge manu-bhui, aaꞌi-aaꞌi ra ètu dꞌara Èmu Manèngi-Mangajꞌi ètu dꞌara Èmu Kapua Manèngi-Mangajꞌi ètu dꞌara Èmu Kapua Manèngi-Mangajꞌi ètu dꞌara Èmu Kapua Manèngi-Mangajꞌi ètu dꞌara Èmu Kapua Manèngi-Mangajꞌi ètu dꞌara Èmu Kapua Manèngi-Mangajꞌi ètu dꞌara Èmu Kapua Manèngi-Mangajꞌi ètu dꞌara Èmu Kapua Manèngi-Mangajꞌi ètu dꞌara Èmu Kapua Manèngi-Mangajꞌi ètu dꞌara Èmu Kapua Manèngi-Mangajꞌi ètu dꞌara Èmu Kapua Manèngi-Mangajꞌi.","Ètu dꞌara Èmu Manèngi-Mangajꞌi èèna, abhu rupa-rupa badha badha, manu-bhui, dènge manu-bhui, aaꞌi-aaꞌi ra ètu dꞌara Èmu Manèngi-Mangajꞌi ètu dꞌara Èmu Kapua Manèngi-Mangajꞌi ètu dꞌara Èmu Kapua Manèngi-Mangajꞌi ètu dꞌara Èmu Kapua Manèngi-Mangajꞌi ètu dꞌara Èmu Kapua Manèngi-Mangajꞌi ètu dꞌara Èmu Kapua Manèngi-Mangajꞌi ètu dꞌara Èmu Kapua Manèngi-Mangajꞌi ètu dꞌara Èmu Kapua Manèngi-Mangajꞌi ètu dꞌara Èmu Kapua Manèngi-Mangajꞌi ètu dꞌara Èmu Kapua Manèngi-Mangajꞌi ètu dꞌara Èmu Kapua Manèngi-Mangajꞌi.",,eng,wyc,English,Wycliffe,0.0,0.0,0.0
"entered to noah into the ship, by twain and by twain or two and two of each flesh in which the spirit of life was. and those that entered, entered male and female of each flesh, as god commanded to him. and the lord enclosed him from withoutforth.","ca pasa-ca pasa nèti aa'i-aa'i dhu mamuri, lasi asa d'ara kapa palere dènge noh, madhutu sèmi lii paredha ama lamatua. ropa aa'i-aa'i ra d'ai d'ara kapa, lamatua bèdho babèdho kapa èèna.","Dhèu aaꞌi-aaꞌi, dhèu-dhèu bhèni dènge dhèu-dhèu bhèni, maso asa dꞌara kapa, sama sèmi Ama Lamatua peka dènge ne. Èle èèna ka, Lamatua pajꞌujꞌu ne nèti liꞌu.","Dhèu aaꞌi-aaꞌi, dhèu-dhèu bhèni dènge dhèu-dhèu bhèni, maso asa dꞌara kapa, sama sèmi Ama Lamatua peka dènge ne. Èle èèna ka, Lamatua pajꞌujꞌu ne nèti liꞌu.",,eng,wyc,English,Wycliffe,0.0,0.0,0.0
"and the great flood was made forty days and forty nights on the earth, and the waters were multiplied, and raised the ship on high from the earth. the waters flowed greatly, and filled all things in the face of the earth. forsooth the ship was borne on the waters. and the waters had mastery greatly on the earth, and all the high hills under all of heaven were covered;",èj'i aae puru ma'ète boe d'ai èpa nguru lod'o. hèia kapa èèna taleb'o. èi ca'e loe boe toke hutu nare kolo ledhe dhu dedha aae.,"Èle èèna ka, bèli-camèdꞌa ètu dedha-liru ètu dedha-liru. Bèli-camèdꞌa ètu dedha-liru èèna, bèli-camèdꞌa ètu dedha-liru ètu dedha-liru èèna, toke bèli-camèdꞌa ètu dedha-liru ètu dedha-liru ètu dedha-liru èèna, ka bèli-camèdꞌa ètu dedha-liru ètu dedha-liru èèna, ka bèli-camèdꞌa ètu dedha-liru ètu dedha-liru ètu dedha-liru èèna, toke bèli-camèdꞌa ètu dedha-liru ètu dedha-liru ètu dedha-liru ètu dedha-liru ètu dedha-liru.","Èle èèna ka, bèli-camèdꞌa ètu dedha-liru ètu dedha-liru. Bèli-camèdꞌa ètu dedha-liru èèna, bèli-camèdꞌa ètu dedha-liru ètu dedha-liru èèna, toke bèli-camèdꞌa ètu dedha-liru ètu dedha-liru ètu dedha-liru èèna, ka bèli-camèdꞌa ètu dedha-liru ètu dedha-liru èèna, ka bèli-camèdꞌa ètu dedha-liru ètu dedha-liru ètu dedha-liru èèna, toke bèli-camèdꞌa ètu dedha-liru ètu dedha-liru ètu dedha-liru ètu dedha-liru ètu dedha-liru.",,eng,wyc,English,Wycliffe,0.0,0.0,0.0
"the water was higher, by fifteen cubits, over the hills which it covered.","èi ca'e taruu, ka marèma na seli èpa rèpa risi nèti kolo ledhe sèra.","Bèli-bèli èèna, hèbꞌa-hèbꞌa ètu dedha ledhe aaꞌi-aaꞌi dhu ètu dedha ledhe aaꞌi-aaꞌi ètu dedha ledhe aaꞌi-aaꞌi dhu ètu dꞌara ledhe aaꞌi-aaꞌi ètu dꞌara ledhe aaꞌi-aaꞌi ètu dꞌara ledhe aaꞌi-aaꞌi dhu ètu dꞌara ledhe aaꞌi-aaꞌi ètu dꞌara ledhe aaꞌi-aaꞌi ètu dꞌara ledhe aaꞌi-aaꞌi ètu dꞌara ledhe aaꞌi-aaꞌi ètu dꞌara ledhe aaꞌi-aaꞌi.","Bèli-bèli èèna, hèbꞌa-hèbꞌa ètu dedha ledhe aaꞌi-aaꞌi dhu ètu dedha ledhe aaꞌi-aaꞌi ètu dedha ledhe aaꞌi-aaꞌi dhu ètu dꞌara ledhe aaꞌi-aaꞌi ètu dꞌara ledhe aaꞌi-aaꞌi ètu dꞌara ledhe aaꞌi-aaꞌi dhu ètu dꞌara ledhe aaꞌi-aaꞌi ètu dꞌara ledhe aaꞌi-aaꞌi ètu dꞌara ledhe aaꞌi-aaꞌi ètu dꞌara ledhe aaꞌi-aaꞌi ètu dꞌara ledhe aaꞌi-aaꞌi.",,eng,wyc,English,Wycliffe,0.0,0.0,0.0
"and each flesh was wasted that moved on the earth, of birds, of living beasts, of unreasonable beasts, and of all reptiles or all creeping beasts that creep on the earth. all men, and all things in which the breathing of life was in the earth, were dead. and god did away all the substance that was on the earth, from man till to beast, as well a creeping beast, as the birds of heaven; and those or they were done away from the earth. forsooth noah dwelled alone, and they that were with him in the ship.","dènge j'ara èèna, ngaa-ngaa dhu mamuri ètu dedha-rai sèra, madhe aa'i mèu-mèu. nuka: dhèu, badha ani, badha hui, badha dhu rod'o, dènge manu-bhui aa'i-aa'i ra. ate dhoka noh dènge aa'i-aa'i dhu ètu dedha kapa.","Bèli-camèdꞌa dhèu aaꞌi-aaꞌi madhe. Bèli-camèdꞌa dhèu aaꞌi-aaꞌi, badha aaꞌi-aaꞌi, badha aaꞌi-aaꞌi, badha aaꞌi-aaꞌi, badha aaꞌi-aaꞌi, badha aaꞌi-aaꞌi, badha aaꞌi-aaꞌi, badha aaꞌi-aaꞌi, badha aaꞌi-aaꞌi, badha aaꞌi-aaꞌi, badha aaꞌi-aaꞌi, badha aaꞌi-aaꞌi, badha aaꞌi-aaꞌi, badha aaꞌi-aaꞌi, badha aaꞌi-aaꞌi, badha aaꞌi-aaꞌi, badha aaꞌi-aaꞌi, badha aaꞌi-aaꞌi, badha aaꞌi-aaꞌi, badha aaꞌi-aaꞌi, badha aaꞌi-aaꞌi, badha aaꞌi-aaꞌi, aa badha aaꞌi-aaꞌi-aaꞌi, aa badha aaꞌi-aaꞌi-aaꞌi, aa badha aaꞌi-aaꞌi-aaꞌi, aa badha aaꞌi-aaꞌi-aaꞌi dhu pea ètu dꞌara kapa.","Bèli-camèdꞌa dhèu aaꞌi-aaꞌi madhe. Bèli-camèdꞌa dhèu aaꞌi-aaꞌi, badha aaꞌi-aaꞌi, badha aaꞌi-aaꞌi, badha aaꞌi-aaꞌi, badha aaꞌi-aaꞌi, badha aaꞌi-aaꞌi, badha aaꞌi-aaꞌi, badha aaꞌi-aaꞌi, badha aaꞌi-aaꞌi, badha aaꞌi-aaꞌi, badha aaꞌi-aaꞌi, badha aaꞌi-aaꞌi, badha aaꞌi-aaꞌi, badha aaꞌi-aaꞌi, badha aaꞌi-aaꞌi, badha aaꞌi-aaꞌi, badha aaꞌi-aaꞌi, badha aaꞌi-aaꞌi, badha aaꞌi-aaꞌi, badha aaꞌi-aaꞌi, badha aaꞌi-aaꞌi, badha aaꞌi-aaꞌi, aa badha aaꞌi-aaꞌi-aaꞌi, aa badha aaꞌi-aaꞌi-aaꞌi, aa badha aaꞌi-aaꞌi-aaꞌi, aa badha aaꞌi-aaꞌi-aaꞌi dhu pea ètu dꞌara kapa.",,eng,wyc,English,Wycliffe,0.0,0.0,0.0
and the waters of the great flood over-went the earth an hundred and fifty days.,"èi na, kura boe toke ca ngasu lèmi nguru lod'o.","Èle èèna ka, bèli-camèdꞌa dhèu aaꞌi-aaꞌi pea ètu rai-haha.","Èle èèna ka, bèli-camèdꞌa dhèu aaꞌi-aaꞌi pea ètu rai-haha.",,eng,wyc,English,Wycliffe,0.0,0.0,0.0
"forsooth the lord had mind of noah, and of all living beasts, and of all work beasts, that were with him in the ship; and he brought a wind on the earth. and the waters were decreased, or assuaged,","masi ka sèmi èèna, ama lamatua bhèlu boe noh si dènge badha-manu aa'i-aa'i dhu ètu dedha kapa. hèia na hia ngèlu g'oro, ka èi na kura ka noo-noo.","Èle èèna ka, Ama Lamatua bhèlu-mèu aaꞌi-aaꞌi dhu pea ètu dꞌara kapa. Èle èèna ka, Ama Lamatua bhèlu-mèu aaꞌi-aaꞌi dhu mai asa rai-haha ne. Nèti èèna ka, nèngu dènge badha aaꞌi-aaꞌi dhu pea ètu dꞌara dedha kapa, aa dènge badha aaꞌi-aaꞌi dhu pea ètu dꞌara kapa. Nèti èèna ka, Lamatua bhèlu-mèu aaꞌi-aaꞌi aaꞌi-aaꞌi aaꞌi-aaꞌi dhu pea ètu dꞌara kapa.","Èle èèna ka, Ama Lamatua bhèlu-mèu aaꞌi-aaꞌi dhu pea ètu dꞌara kapa. Èle èèna ka, Ama Lamatua bhèlu-mèu aaꞌi-aaꞌi dhu mai asa rai-haha ne. Nèti èèna ka, nèngu dènge badha aaꞌi-aaꞌi dhu pea ètu dꞌara dedha kapa, aa dènge badha aaꞌi-aaꞌi dhu pea ètu dꞌara kapa. Nèti èèna ka, Lamatua bhèlu-mèu aaꞌi-aaꞌi aaꞌi-aaꞌi aaꞌi-aaꞌi dhu pea ètu dꞌara kapa.",,eng,wyc,English,Wycliffe,0.0,0.0,0.0
"and the wells of the sea were closed, and the windows of heaven were closed, and rains of heaven were ceased.","na katange èi madha aa'i-aa'i ètu rai-haha ne, aa na taha èj'i kahèi.","Èle èèna ka, bèdho aaꞌi-aaꞌi ètu dedha-liru bèdho, aa bèdho aaꞌi-aaꞌi ètu dedha-liru bèdho, aa bèdho aaꞌi-aaꞌi ètu dedha-liru kèdꞌi heka.","Èle èèna ka, bèdho aaꞌi-aaꞌi ètu dedha-liru bèdho, aa bèdho aaꞌi-aaꞌi ètu dedha-liru bèdho, aa bèdho aaꞌi-aaꞌi ètu dedha-liru kèdꞌi heka.",,eng,wyc,English,Wycliffe,0.0,0.0,0.0
"and the waters turned again from off the earth, and went again, and began to be decreased, or assuaged, after an hundred and fifty days.","ka èi kura noo-noo ka. d'ai cangasu lèmi nguru lod'o, èi marèma heka.","Èle èèna ka, bèli-camèdꞌa èi dꞌai èpa nguru nguru èpa lodꞌo.","Èle èèna ka, bèli-camèdꞌa èi dꞌai èpa nguru nguru èpa lodꞌo.",,eng,wyc,English,Wycliffe,0.0,0.0,0.0
"and the ship rested in the seventh month, in the seven and twentieth day of the month, on the hills or mounts of armenia.","lèke dènge hèru ka pidhu, risi canguru pidhu lod'o, kapa eta ètu kolo ledhe aae èci, ngara na ararat.","Èle èèna ka, bèli-camèdꞌa, dꞌai lodꞌo ka dua nguru èpa lodꞌo èèna, heka kapa reꞌa taruu ètu ledhe-ledhe ètu dꞌara rai-haha ne, ètu dꞌara ledhe-ledhe aaꞌi-aaꞌi dhu ètu dꞌara rai-haha ne, ètu dꞌara jꞌara aaꞌi-aaꞌi ètu dꞌara jꞌara aaꞌi-aaꞌi ètu dꞌara jꞌara-jꞌara aaꞌi-aaꞌi ètu dꞌara jꞌara-jꞌara aaꞌi-aaꞌi ètu dꞌara jꞌara-jꞌara aaꞌi-aaꞌi ètu dꞌara jꞌara-jꞌara aaꞌi-aaꞌi ètu dꞌara jꞌara-jꞌara aaꞌi-aaꞌi ètu dꞌara jꞌara-jꞌara aaꞌi-aaꞌi.","Èle èèna ka, bèli-camèdꞌa, dꞌai lodꞌo ka dua nguru èpa lodꞌo èèna, heka kapa reꞌa taruu ètu ledhe-ledhe ètu dꞌara rai-haha ne, ètu dꞌara ledhe-ledhe aaꞌi-aaꞌi dhu ètu dꞌara rai-haha ne, ètu dꞌara jꞌara aaꞌi-aaꞌi ètu dꞌara jꞌara aaꞌi-aaꞌi ètu dꞌara jꞌara-jꞌara aaꞌi-aaꞌi ètu dꞌara jꞌara-jꞌara aaꞌi-aaꞌi ètu dꞌara jꞌara-jꞌara aaꞌi-aaꞌi ètu dꞌara jꞌara-jꞌara aaꞌi-aaꞌi ètu dꞌara jꞌara-jꞌara aaꞌi-aaꞌi ètu dꞌara jꞌara-jꞌara aaꞌi-aaꞌi.",,eng,wyc,English,Wycliffe,0.0,0.0,0.0
"and soothly the waters went and decreased till to the tenth month, for in the tenth month, in the first day of the month, the tops of the hills appeared.","èi kura taruu toke lod'o ka èci, hèru ka canguru, ka kolo-kolo ledhe cèu noo-noo.","Bèli-camèdꞌa èèna, dꞌai lodꞌo ka pèri-pèri lodꞌo, dꞌai lodꞌo ka pèri-pèri lodꞌo, hèia dꞌai lodꞌo ka pèri-pèri hèbꞌa ètu dedha ledhe-leru aaꞌi-aaꞌi. Ropa dꞌai lodꞌo ka pèri-pèri hèbꞌa, dꞌai lodꞌo ka pèri-pèri hèbꞌa aaꞌi-aaꞌi, hèia dꞌai lodꞌo ka pèri-pèri hèbꞌa aaꞌi-aaꞌi, hèia dꞌai lodꞌo ka pèri-pèri hèbꞌa aaꞌi-aaꞌi.","Bèli-camèdꞌa èèna, dꞌai lodꞌo ka pèri-pèri lodꞌo, dꞌai lodꞌo ka pèri-pèri lodꞌo, hèia dꞌai lodꞌo ka pèri-pèri hèbꞌa ètu dedha ledhe-leru aaꞌi-aaꞌi. Ropa dꞌai lodꞌo ka pèri-pèri hèbꞌa, dꞌai lodꞌo ka pèri-pèri hèbꞌa aaꞌi-aaꞌi, hèia dꞌai lodꞌo ka pèri-pèri hèbꞌa aaꞌi-aaꞌi, hèia dꞌai lodꞌo ka pèri-pèri hèbꞌa aaꞌi-aaꞌi.",,eng,wyc,English,Wycliffe,0.0,0.0,0.0
"and when forty days had passed, noah opened the window of the ship which he had made,","risi nèti èpa nguru lod'o, hèia noh bhoke jendela èci.","Èle èèna ka, lodꞌo èpa nguru lodꞌo, Noh bhoke jꞌajꞌèra èci dhu na tao ètu dedha kapa.","Èle èèna ka, lodꞌo èpa nguru lodꞌo, Noh bhoke jꞌajꞌèra èci dhu na tao ètu dedha kapa.",,eng,wyc,English,Wycliffe,0.0,0.0,0.0
"and sent out a crow, which went out, and turned not again till the waters were dried on the earth.","ka na patalale lakaa ci'u. manu-bhui ne lela la'e-mai, toke èi puru. ka na lèpa heka asa kapa.","Èle èèna ka, bèli-camèdꞌa ana pajuu se pua ana pajuu se, sèna ka laꞌe asa rai-haha ne. Ka pajuu se lèpa hari, toke èi aaꞌi-aaꞌi dhu ètu rai-haha ne dꞌai mèu-mèu aaꞌi-aaꞌi ètu rai-haha ne, heka èi aaꞌi-aaꞌi aaꞌi-aaꞌi aaꞌi-aaꞌi aaꞌi-aaꞌi aaꞌi-aaꞌi aaꞌi-aaꞌi aaꞌi-aaꞌi aaꞌi-aaꞌi aaꞌi-aaꞌi aaꞌi-aaꞌi aaꞌi-aaꞌi aaꞌi-aaꞌi aaꞌi-aaꞌi aaꞌi-aaꞌi aaꞌi-aaꞌi aaꞌi-aaꞌi aaꞌi-aaꞌi aaꞌi-aaꞌi aaꞌi-aaꞌi aaꞌi-aaꞌi aaꞌi-aaꞌi aaꞌi-aaꞌi aaꞌi-aaꞌi aaꞌi-aaꞌi aaꞌi-aaꞌi-aaꞌi.","Èle èèna ka, bèli-camèdꞌa ana pajuu se pua ana pajuu se, sèna ka laꞌe asa rai-haha ne. Ka pajuu se lèpa hari, toke èi aaꞌi-aaꞌi dhu ètu rai-haha ne dꞌai mèu-mèu aaꞌi-aaꞌi ètu rai-haha ne, heka èi aaꞌi-aaꞌi aaꞌi-aaꞌi aaꞌi-aaꞌi aaꞌi-aaꞌi aaꞌi-aaꞌi aaꞌi-aaꞌi aaꞌi-aaꞌi aaꞌi-aaꞌi aaꞌi-aaꞌi aaꞌi-aaꞌi aaꞌi-aaꞌi aaꞌi-aaꞌi aaꞌi-aaꞌi aaꞌi-aaꞌi aaꞌi-aaꞌi aaꞌi-aaꞌi aaꞌi-aaꞌi aaꞌi-aaꞌi aaꞌi-aaꞌi aaꞌi-aaꞌi aaꞌi-aaꞌi aaꞌi-aaꞌi aaꞌi-aaꞌi aaꞌi-aaꞌi aaꞌi-aaꞌi-aaꞌi.",,eng,wyc,English,Wycliffe,0.0,0.0,0.0
"also noah sent out a culver after him, to see if the waters had ceased then on the face of the earth;","hèia noh patabuli hari, koro j'aha ci'u, sèna ka neo ne'a èi na puru le, do dhae.","Èle èèna ka, dhèu aaꞌi-aaꞌi ètu rai-haha ne, dhèu aaꞌi-aaꞌi ètu rai-haha ne.","Èle èèna ka, dhèu aaꞌi-aaꞌi ètu rai-haha ne, dhèu aaꞌi-aaꞌi ètu rai-haha ne.",,eng,wyc,English,Wycliffe,0.0,0.0,0.0
"and when the culver found not where her foot should rest, she turned again to him into the ship, for the waters were on all the earth; and noah held forth his hand, and brought the culver taken into the ship.","te ngaa, lula èi hutu nare dedha-rai era, ka koro ne abhu boe era tèka. ka lèpa hari asa kapa. hèia noh j'ole ai na, kèpe nare, ka na pamaso hari asa d'ara kapa.","Èle èèna ka, aaꞌi-aaꞌi ètu rai-haha ne jꞌajꞌi le. Te ngaa aaꞌi-aaꞌi ètu rai-haha ne, aaꞌi-aaꞌi ra jꞌajꞌi le. Nèti èèna ka, ana bhèni aaꞌi-aaꞌi ra lèpa hari asa dꞌara dedha kapa. Èle èèna ka, ana bhèni aaꞌi-aaꞌi ra lèpa hari asa dꞌara kapa. Nèti èèna ka, nèngu jꞌajꞌi le kacui-aai na, sèna ka nèdꞌu aaꞌi-aaꞌi ra. Èle èèna ka, ana bhèni aaꞌi-aaꞌi ra lèpa hari asa dꞌara kapa. Ka ana bhèni aaꞌi-aaꞌi ra jꞌajꞌi le kacui-aai na.","Èle èèna ka, aaꞌi-aaꞌi ètu rai-haha ne jꞌajꞌi le. Te ngaa aaꞌi-aaꞌi ètu rai-haha ne, aaꞌi-aaꞌi ra jꞌajꞌi le. Nèti èèna ka, ana bhèni aaꞌi-aaꞌi ra lèpa hari asa dꞌara dedha kapa. Èle èèna ka, ana bhèni aaꞌi-aaꞌi ra lèpa hari asa dꞌara kapa. Nèti èèna ka, nèngu jꞌajꞌi le kacui-aai na, sèna ka nèdꞌu aaꞌi-aaꞌi ra. Èle èèna ka, ana bhèni aaꞌi-aaꞌi ra lèpa hari asa dꞌara kapa. Ka ana bhèni aaꞌi-aaꞌi ra jꞌajꞌi le kacui-aai na.",,eng,wyc,English,Wycliffe,0.0,0.0,0.0
"soothly when other seven days were abided afterward, again he sent out a culver from the ship;","ka noh tatae hari d'ai pidhu lod'o, hèia na patabuli hari koro j'aha deo na.","Èle èèna ka, dꞌai pidhu lodꞌo, hèia Paulus pua ana pajuu èci mai nèti dedha kapa.","Èle èèna ka, dꞌai pidhu lodꞌo, hèia Paulus pua ana pajuu èci mai nèti dedha kapa.",,eng,wyc,English,Wycliffe,0.0,0.0,0.0
"and she came to him at eventide, and bare in her mouth a branch of an olive tree with green leaves. there-fore noah understood that the waters had ceased or abated on earth;","d'ara lod'o nihia sa, koro ne lèpa hari la'e asa noh, tutu nèti dènge rèu saitun ca rèu dhu heka tutu nare kèna. nèti èèna ka, noh heka ne'a kèna, èi na dhu puru le tare'a di.","Èle èèna ka, ana bhèni ne laꞌe paraga dènge dhèu aae Èmu Kapua Manèngi-Mangajꞌi. Nèti èèna ka, nèti ajꞌu ajꞌu ajꞌu ètu dꞌara ajꞌu ajꞌu ajꞌu ajꞌu ajꞌu ajꞌu ajꞌu ajꞌu ajꞌu ajꞌu ajꞌu ajꞌu ajꞌu ajꞌu ajꞌu ajꞌu ajꞌu ajꞌu ajꞌu ajꞌu ajꞌu ajꞌu ajꞌu ajꞌu ajꞌu ajꞌu ajꞌu ajꞌu ajꞌu ajꞌu ajꞌu ajꞌu ajꞌu ajꞌu ajꞌu ajꞌu ajꞌu ajꞌu ajꞌu ajꞌu ajꞌu ajꞌu ajꞌu ajꞌu ajꞌu ajꞌu ajꞌu ajꞌu ajꞌu ajꞌu ajꞌu ajꞌu ajꞌu ajꞌu ajꞌu ajꞌu ajꞌu ajꞌu ajꞌu ajꞌu ajꞌu ajꞌu ajꞌu ajꞌu ajꞌu ajꞌu ajꞌu ajꞌu ajꞌu ajꞌu ajꞌu ajꞌu ajꞌu ajꞌu ajꞌu ajꞌu ajꞌu ajꞌu ajꞌu ajꞌu.","Èle èèna ka, ana bhèni ne laꞌe paraga dènge dhèu aae Èmu Kapua Manèngi-Mangajꞌi. Nèti èèna ka, nèti ajꞌu ajꞌu ajꞌu ètu dꞌara ajꞌu ajꞌu ajꞌu ajꞌu ajꞌu ajꞌu ajꞌu ajꞌu ajꞌu ajꞌu ajꞌu ajꞌu ajꞌu ajꞌu ajꞌu ajꞌu ajꞌu ajꞌu ajꞌu ajꞌu ajꞌu ajꞌu ajꞌu ajꞌu ajꞌu ajꞌu ajꞌu ajꞌu ajꞌu ajꞌu ajꞌu ajꞌu ajꞌu ajꞌu ajꞌu ajꞌu ajꞌu ajꞌu ajꞌu ajꞌu ajꞌu ajꞌu ajꞌu ajꞌu ajꞌu ajꞌu ajꞌu ajꞌu ajꞌu ajꞌu ajꞌu ajꞌu ajꞌu ajꞌu ajꞌu ajꞌu ajꞌu ajꞌu ajꞌu ajꞌu ajꞌu ajꞌu ajꞌu ajꞌu ajꞌu ajꞌu ajꞌu ajꞌu ajꞌu ajꞌu ajꞌu ajꞌu ajꞌu ajꞌu ajꞌu ajꞌu ajꞌu ajꞌu ajꞌu ajꞌu.",,eng,wyc,English,Wycliffe,0.0,0.0,0.0
"and nevertheless he abode seven other days, and sent out a culver, which turned not again to him.","ka na mate hari d'ai pidhu lod'o, hèia na patalale hari koro j'aha ca hari ni. te ngaa ca tèka ne, koro ne lèpa heka.","Èle èèna ka, na pea ètu dꞌara pèri-pèri lodꞌo. Èle èèna ka, na pua ana hèbꞌa ètu dꞌara pèri-pèri lodꞌo. Te ngaa ana hèbꞌa ètu dꞌara pèri-pèri lodꞌo, ana hèbꞌa ètu dꞌara pèri-pèri lodꞌo. Ka na pua ana hèbꞌa ètu dꞌara pèri-pèri lodꞌo, te ngaa ana hèbꞌa ètu dꞌara pèri-pèri lodꞌo.","Èle èèna ka, na pea ètu dꞌara pèri-pèri lodꞌo. Èle èèna ka, na pua ana hèbꞌa ètu dꞌara pèri-pèri lodꞌo. Te ngaa ana hèbꞌa ètu dꞌara pèri-pèri lodꞌo, ana hèbꞌa ètu dꞌara pèri-pèri lodꞌo. Ka na pua ana hèbꞌa ètu dꞌara pèri-pèri lodꞌo, te ngaa ana hèbꞌa ètu dꞌara pèri-pèri lodꞌo.",,eng,wyc,English,Wycliffe,0.0,0.0,0.0
"therefore in the six hundred and one year of the life of noah, in the first month, in the first day of the month, the waters were decreased on earth; and noah opened the roof of the ship, and beheld, and saw that the face of the earth was dried.","lod'o noh mamuri d'ai èna ngasu ca tèu, lèke lod'o ka èci hèru èci, èi mèti aa'i le. hèia noh bhoke jendela, ka na ladhe palème, nèdhi rai dhu mango le.","Èle èèna ka, dꞌai èèna, dꞌai hèru lodꞌo ca lodꞌo, dꞌai lodꞌo ca lodꞌo, nèngu bhoke eele le èi èi èèna ètu rai-haha ne. Nèti èèna ka, Noh bhoke èmu dedha kapa. Hèia na ladhe nèdhi, na, rai-haha èci le.","Èle èèna ka, dꞌai èèna, dꞌai hèru lodꞌo ca lodꞌo, dꞌai lodꞌo ca lodꞌo, nèngu bhoke eele le èi èi èèna ètu rai-haha ne. Nèti èèna ka, Noh bhoke èmu dedha kapa. Hèia na ladhe nèdhi, na, rai-haha èci le.",,eng,wyc,English,Wycliffe,0.0,0.0,0.0
"in the second month, in the seven and twentieth day of the month, the earth was made dry.","d'ai hèru ka dua, lod'o ka dua nguru pidhu, dedha-rai ne dhu mango meto le.","Èle èèna ka, bèli-camèdꞌa, dꞌai lodꞌo dua nguru tèu, rai-haha ne aaꞌi-aaꞌi le.","Èle èèna ka, bèli-camèdꞌa, dꞌai lodꞌo dua nguru tèu, rai-haha ne aaꞌi-aaꞌi le.",,eng,wyc,English,Wycliffe,0.0,0.0,0.0
"soothly the lord spake to noah; and said,","ka ama lamatua peka dènge noh,","Èle èèna ka, Lamatua padhai lii dènge Noh, peka na,","Èle èèna ka, Lamatua padhai lii dènge Noh, peka na,",,eng,wyc,English,Wycliffe,0.0,0.0,0.0
"go out of the ship, thou, and thy wife, and thy sons, and the wives of thy sons with thee;",noh! aa'i-aa'i mi puru ka nèti dedha kapa èèna.,"""Èu, ana-èpu èu, dènge dhèu èmu èu, hudꞌi laꞌe nèti dedha dedha kapa.","""Èu, ana-èpu èu, dènge dhèu èmu èu, hudꞌi laꞌe nèti dedha dedha kapa.",,eng,wyc,English,Wycliffe,0.0,0.0,0.0
"and lead out with thee all living beasts that be with thee of each flesh, as well in volatiles, as in unreason-able beasts, and all reptiles or all creeping beasts that creep on the earth; and enter ye on the earth, increase ye, and be ye multiplied on earth.","papuru aa'i badha-manu sèra! nuka: badha ani, badha hui, badha dhu rod'o, dènge manu-bhui aa'i-aa'i ra. hud'i si, sèna ka ra bèba, papènu rai-haha ne.","Bèli-camèdꞌa aaꞌi-aaꞌi dhu mamuri ètu rai-haha, bèli-camèdꞌa manèngi-mangajꞌi, bèli-camèdꞌa manèngi-mangajꞌi, bèli-camèdꞌa manu-bhui aaꞌi-aaꞌi, bèli-camèdꞌa manu-bhui aaꞌi-aaꞌi, bèli-camèdꞌa manu-bhui aaꞌi-aaꞌi, dènge badha aaꞌi-aaꞌi dhu pakajꞌèu ètu rai-haha. Bèli-camèdꞌa miu jꞌajꞌi dhèu ae-ae, sèna ka miu jꞌajꞌi dhèu ae-ae, aa jꞌajꞌi dhèu aaꞌi-aaꞌi ètu rai-haha.","Bèli-camèdꞌa aaꞌi-aaꞌi dhu mamuri ètu rai-haha, bèli-camèdꞌa manèngi-mangajꞌi, bèli-camèdꞌa manèngi-mangajꞌi, bèli-camèdꞌa manu-bhui aaꞌi-aaꞌi, bèli-camèdꞌa manu-bhui aaꞌi-aaꞌi, bèli-camèdꞌa manu-bhui aaꞌi-aaꞌi, dènge badha aaꞌi-aaꞌi dhu pakajꞌèu ètu rai-haha. Bèli-camèdꞌa miu jꞌajꞌi dhèu ae-ae, sèna ka miu jꞌajꞌi dhèu ae-ae, aa jꞌajꞌi dhèu aaꞌi-aaꞌi ètu rai-haha.",,eng,wyc,English,Wycliffe,0.0,0.0,0.0
"therefore noah went out, and his sons, and his wife, and the wives of his sons with him; but also all living beasts, and work beasts, and birds, and reptiles that creep on the earth, by their kind, went out of the ship.","èle èèna ka, noh dènge dhèu èmu na, dènge ana-ana na, aa dènge dhèu èmu ana na sèra, aa'i-aa'i ra puru nèti dedha kapa èèna. badha se, aa'i-aa'i ra, kalua ka madhutu anga ra èci-èci.","Nèti èèna ka, Noe dènge ana-ana na, dhèu èmu na, dènge dhèu-dhèu èmu-kamali na, rai-haha aaꞌi-aaꞌi, manu-bhui aaꞌi-aaꞌi, aaꞌi-aaꞌi, aaꞌi-aaꞌi, aaꞌi-aaꞌi, aaꞌi-aaꞌi, aaꞌi-aaꞌi, aaꞌi-aaꞌi, aaꞌi-aaꞌi, aaꞌi-aaꞌi, aaꞌi-aaꞌi ra kalua nèti dedha kapa.","Nèti èèna ka, Noe dènge ana-ana na, dhèu èmu na, dènge dhèu-dhèu èmu-kamali na, rai-haha aaꞌi-aaꞌi, manu-bhui aaꞌi-aaꞌi, aaꞌi-aaꞌi, aaꞌi-aaꞌi, aaꞌi-aaꞌi, aaꞌi-aaꞌi, aaꞌi-aaꞌi, aaꞌi-aaꞌi, aaꞌi-aaꞌi, aaꞌi-aaꞌi, aaꞌi-aaꞌi ra kalua nèti dedha kapa.",,eng,wyc,English,Wycliffe,0.0,0.0,0.0
"forsooth noah builded an altar to the lord, and he took of all clean beasts and birds, and offered burnt sacrifices on the altar.","hèia noh pudhi hadhu, tao mei korban hia lamatua. nèti badha-badha dhu bisa ra'a sèra, noh nare ci'u-ci'u, ka na roro, tunu ètu dedha mei deo na, ho j'aj'i mi tadha makasi mi lamatua.","Lodꞌo èèna, dhèu aaꞌi-aaꞌi nèti aaꞌi-aaꞌi ra, nèti badha aaꞌi-aaꞌi dhu lèke aaꞌi-aaꞌi ra, nèti manu-bhui aaꞌi-aaꞌi dhu lèke aaꞌi-aaꞌi ra, nèti dhèu aaꞌi-aaꞌi ra, nèti dhèu aaꞌi-aaꞌi ra, nèti dhèu aaꞌi-aaꞌi ra, nèti badha aaꞌi-aaꞌi dhu lèke aaꞌi-aaꞌi ra, nèti badha aaꞌi-aaꞌi ra, nèti badha aaꞌi-aaꞌi dhu lèke aaꞌi-aaꞌi ra, nèti badha aaꞌi-aaꞌi ra. Èle èèna ka, nèti badha aaꞌi-aaꞌi ra, nèti badha aaꞌi-aaꞌi ra.","Lodꞌo èèna, dhèu aaꞌi-aaꞌi nèti aaꞌi-aaꞌi ra, nèti badha aaꞌi-aaꞌi dhu lèke aaꞌi-aaꞌi ra, nèti manu-bhui aaꞌi-aaꞌi dhu lèke aaꞌi-aaꞌi ra, nèti dhèu aaꞌi-aaꞌi ra, nèti dhèu aaꞌi-aaꞌi ra, nèti dhèu aaꞌi-aaꞌi ra, nèti badha aaꞌi-aaꞌi dhu lèke aaꞌi-aaꞌi ra, nèti badha aaꞌi-aaꞌi ra, nèti badha aaꞌi-aaꞌi dhu lèke aaꞌi-aaꞌi ra, nèti badha aaꞌi-aaꞌi ra. Èle èèna ka, nèti badha aaꞌi-aaꞌi ra, nèti badha aaꞌi-aaꞌi ra.",,eng,wyc,English,Wycliffe,0.0,0.0,0.0
"and the lord savoured the odour of sweetness, and said to him, i shall no more curse the earth for men, for the wit and thought of man's heart be ready, either prone, into evil from young waxing age; therefore i shall no more smite each living soul, as i did;","ropa lamatua sangèd'u nare hèu gèmu korban deo na, d'ara na karej'e. ka na ngee na, nèti deo ne'e ne, ja'a huku heka rai-haha ne, lula bhabhelu-katub'a dhèu. masi ka rèngu dhoka ngee bhabhelu di, ja'a pa'ele iie heka ngaa-ngaa dhu mamuri, sèmi dhu ja'a heka tao kore èèna.","Èle èèna ka, dhèu aaꞌi-aaꞌi ra reꞌa mèu mèu mèu mèu. Hèia na peka dènge ne, aku nèngu na, ""Jaꞌa paꞌele iie le rai-haha ne, lula dhèu aaꞌi-aaꞌi reꞌa mèu-mèu nèti dꞌara ana iiki na. Jaꞌa paꞌele iie boe dhèu aaꞌi-aaꞌi dhu mamuri ètu rai-haha ne, sama sèmi jaꞌa. Te ngaa jaꞌa paꞌele iie boe dhèu aaꞌi-aaꞌi dhu mamuri ètu rai-haha ne, lula dꞌara dhèu aaꞌi-aaꞌi ètu dꞌara dhèu aaꞌi-aaꞌi ra, sèna ka tao jꞌara bhelu-katubꞌa dhu bhelu-katubꞌa-katubꞌa-katubꞌa-katubꞌa-katubꞌa-katubꞌa-katubꞌa-katubꞌa-katubꞌa-katubꞌa-katubꞌa-katubꞌa-katubꞌa-katubꞌa-katubꞌa-katubꞌa-katubꞌa-katubꞌa-katubꞌa-katubꞌa-katubꞌa-katubꞌa-katubꞌa-katubꞌa-katubꞌa-katubꞌa-katubꞌa-katubꞌa-katubꞌa-katubꞌa.","Lamatua pakarej'e d'ara dènge hèu mèngi èèna, hèia na peka dènge ne, ""Ja'a pa'ele iie boe rai-haha ne lula dhèu, lula ngangee dènge d'ara dhèu aa'i-aa'i dhu sadia tao j'ara bhelu-katub'a nèti d'ara ana iiki na. Nèti èèna ka, ja'a pa'ele iie boe dhèu aa'i-aa'i dhu mamuri ètu rai-haha ne, sama sèmi ja'a.""",,eng,wyc,English,Wycliffe,15.4393,9.0665,10.0577
"in all the days of the earth, seed and ripe corn, cold and heat, summer and winter, night and day, shall not rest.","lod'o rai-haha ne era, hèru dènge tèu, kako madhutu atora. sèmi: hèru sèla dènge hèru puu-g'ètu, hèru pacuhi dènge hèru sagoro, hèru hadhu dènge hèru èj'i lai, mèu dènge mèda.","Lodꞌo aaꞌi-aaꞌi dhu jaꞌa tao ètu rai-haha ne, jaꞌa pakajꞌèu boe. Jaꞌa pakajꞌèu boe. Jaꞌa pakajꞌèu boe. Jaꞌa pakajꞌèu boe. Jaꞌa pakajꞌèu boe. Jaꞌa pakajꞌèu boe. Jaꞌa pakajꞌèu boe. Jaꞌa pakajꞌèu boe. Jaꞌa pakajꞌèu boe. Jaꞌa pakajꞌèu boe. Jaꞌa pakajꞌèu boe. Jaꞌa pakajꞌèu boe. Jaꞌa pakajꞌèu boe. Jaꞌa pakajꞌèu boe. Jaꞌa pakajꞌèu boe.","Lod'o aa'i-aa'i ètu rai-haha ne, hini dènge nganga'a, pacuhi dènge pana, hèru hadhu dènge èj'i lai, mèda dènge lod'o, neo boe bau.",,eng,wyc,English,Wycliffe,25.0653,23.5781,26.6229
"and god blessed noah and his sons, and said to them, increase ye, and be ye multiplied, and fill ye the earth;","hèia ama lamatua pala-bagi berkat mi noh dènge ana-ana na, peka na, miu matana pa'ae-ae, sèna ka papènu rai-haha ne.","Èle èèna ka, Ama Lamatua pakabꞌua Noh dènge ana-èpu na, ka Na peka dènge si, aku Nèngu na, ""Miu hudꞌi jꞌajꞌi dhèu ae-ae ètu rai-haha ne.","Èle èèna ka, Ama Lamatua pakabꞌua Noh dènge ana-èpu na, ka Na peka dènge si, aku Nèngu na, ""Miu hudꞌi jꞌajꞌi dhèu ae-ae ètu rai-haha ne.",,eng,wyc,English,Wycliffe,0.0,0.0,0.0
"and your dread and trembling be on all the unreasonable beasts of the earth, and on all the birds of heaven, with all things that be moved in earth; all fishes of the sea be given to your hand.","ladhe èèna na, badha hui, manu-bhui dènge i'a aa'i-aa'i ra madha'u dènge miu. miu ka dhu ator si.","Bèli-camèdꞌa aaꞌi-aaꞌi dhu mamuri ètu dedha-liru, manu-bhui aaꞌi-aaꞌi dhu pakèdꞌi ètu dedha-liru, aa badha aaꞌi-aaꞌi dhu mamuri ètu dedha-liru, aa badha aaꞌi-aaꞌi dhu mamuri ètu dedha-liru, aa badha aaꞌi-aaꞌi dhu mamuri ètu dedha-liru, aa badha aaꞌi-aaꞌi dhu mamuri ètu dedha-liru, aa badha aaꞌi-aaꞌi dhu mamuri ètu dedha-liru, aa badha aaꞌi-aaꞌi dhu mamuri ètu dedha-liru, aa badha aaꞌi-aaꞌi dhu mamuri ètu dꞌara miu.""","Bèli-camèdꞌa aaꞌi-aaꞌi dhu mamuri ètu dedha-liru, manu-bhui aaꞌi-aaꞌi dhu pakèdꞌi ètu dedha-liru, aa badha aaꞌi-aaꞌi dhu mamuri ètu dedha-liru, aa badha aaꞌi-aaꞌi dhu mamuri ètu dedha-liru, aa badha aaꞌi-aaꞌi dhu mamuri ètu dedha-liru, aa badha aaꞌi-aaꞌi dhu mamuri ètu dedha-liru, aa badha aaꞌi-aaꞌi dhu mamuri ètu dedha-liru, aa badha aaꞌi-aaꞌi dhu mamuri ètu dedha-liru, aa badha aaꞌi-aaꞌi dhu mamuri ètu dꞌara miu.""",,eng,wyc,English,Wycliffe,0.0,0.0,0.0
"and all thing which is moved and liveth shall be to you into meat; i have given to you all things, as i gave the green worts before,","sisi badha aa'i-aa'i, miu bisa mi'a, sèmi dhu mi'a hua-hela, dènge rèu ana aaj'u se. aa'i-aa'i se, ja'a hia miu.","Aa aaꞌi-aaꞌi dhu mamuri aaꞌi-aaꞌi ètu rai-haha ne, bèli-camèdꞌa jꞌajꞌi hia miu. Jaꞌa hia miu aaꞌi-aaꞌi dhu mamuri ètu rai-haha ne, nuka sèmi dhu Jaꞌa hia mi dhèu aaꞌi-aaꞌi dhu mamuri ètu rai-haha ne, sèmi dhu Jaꞌa hia mi dhèu aaꞌi-aaꞌi dhu mamuri ètu rai-haha ne, sèmi dhu Jaꞌa hia mi dhèu aaꞌi-aaꞌi dhu mamuri ètu rai-haha ne.","Aa aaꞌi-aaꞌi dhu mamuri aaꞌi-aaꞌi ètu rai-haha ne, bèli-camèdꞌa jꞌajꞌi hia miu. Jaꞌa hia miu aaꞌi-aaꞌi dhu mamuri ètu rai-haha ne, nuka sèmi dhu Jaꞌa hia mi dhèu aaꞌi-aaꞌi dhu mamuri ètu rai-haha ne, sèmi dhu Jaꞌa hia mi dhèu aaꞌi-aaꞌi dhu mamuri ètu rai-haha ne, sèmi dhu Jaꞌa hia mi dhèu aaꞌi-aaꞌi dhu mamuri ètu rai-haha ne.",,eng,wyc,English,Wycliffe,0.0,0.0,0.0
"except that ye shall not eat flesh with the blood,","dhoka sisi dhu dènge raa era, miu madha mèu mi'a, lula samanga badha ètu raa na.",Te ngaa baku raꞌa ngiꞌu dènge raa.,Te ngaa baku raꞌa ngiꞌu dènge raa.,,eng,wyc,English,Wycliffe,0.0,0.0,0.0
"for i shall seek the blood of your lives, of the hand of all unreasonable beasts and of the hand of man, of the hand of man and of his brother, i shall seek the life of man. whoever sheddeth out man's blood, his blood shall be shed; for man is made to the image of god.","ja'a paj'aj'i dhèu madhutu raropa ja'a. nèti èèna ka, baku pamadhe dhèu. ladhe abhu dhèu, do badha, dhu pamadhe dhèu, na, pamadhe ne kahèi. ne'e, lii paredha nèti ja'a.","Te bèli-camèdꞌa Ama Lamatua pajꞌajꞌi dhèu rai-haha, nuka sèmi Ama Lamatua pajꞌajꞌi dhèu rai-haha. Ladhe dhèu pajꞌajꞌi dhèu rai-haha, bèli-camèdꞌa Ama Lamatua pajꞌajꞌi dhèu rai-haha. De ladhe dhèu pajꞌajꞌi dhèu rai-haha, bèli-camèdꞌa Ama Lamatua pajꞌajꞌi dhèu rai-haha. De ladhe dhèu pajꞌajꞌi dhèu rai-haha, bèli-camèdꞌa Ama Lamatua pajꞌajꞌi dhèu rai-haha. De ladhe dhèu pajꞌajꞌi dhèu rai-haha, bèli-camèdꞌa Ama Lamatua pajꞌajꞌi dhèu rai-haha, bèli-camèdꞌa Ama Lamatua pajꞌajꞌi dhèu rai-haha. De ladhe dhèu pajꞌajꞌi dhèu rai-haha, bèli-camèdꞌa Ama Lamatua pajꞌajꞌi dhèu rai-haha, bèli-camèdꞌa Ama Lamatua pajꞌajꞌajꞌi dhèu rai-haha.""","Te bèli-camèdꞌa Ama Lamatua pajꞌajꞌi dhèu rai-haha, nuka sèmi Ama Lamatua pajꞌajꞌi dhèu rai-haha. Ladhe dhèu pajꞌajꞌi dhèu rai-haha, bèli-camèdꞌa Ama Lamatua pajꞌajꞌi dhèu rai-haha. De ladhe dhèu pajꞌajꞌi dhèu rai-haha, bèli-camèdꞌa Ama Lamatua pajꞌajꞌi dhèu rai-haha. De ladhe dhèu pajꞌajꞌi dhèu rai-haha, bèli-camèdꞌa Ama Lamatua pajꞌajꞌi dhèu rai-haha. De ladhe dhèu pajꞌajꞌi dhèu rai-haha, bèli-camèdꞌa Ama Lamatua pajꞌajꞌi dhèu rai-haha, bèli-camèdꞌa Ama Lamatua pajꞌajꞌi dhèu rai-haha. De ladhe dhèu pajꞌajꞌi dhèu rai-haha, bèli-camèdꞌa Ama Lamatua pajꞌajꞌi dhèu rai-haha, bèli-camèdꞌa Ama Lamatua pajꞌajꞌajꞌi dhèu rai-haha.""",,eng,wyc,English,Wycliffe,0.0,0.0,0.0
"forsooth increase ye, and be ye multiplied, and enter ye on the earth, and fill ye it.","miu se hud'i matana pa'ae-ae ku, sèna ka papènu hari rai-haha ne.","Bèli-camèdꞌa miu jꞌajꞌi dhèu ae-ae, aa jꞌajꞌi dhèu ae-ae ètu rai-haha ne.","Bèli-camèdꞌa miu jꞌajꞌi dhèu ae-ae, aa jꞌajꞌi dhèu ae-ae ètu rai-haha ne.",,eng,wyc,English,Wycliffe,0.0,0.0,0.0
"also the lord said these things to noah, and to his sons with him,","ka ama lamatua tuhu hari lii padhai lii na,","Èle èèna ka, Lamatua peka dènge Noh, dènge ana-èpu na aaꞌi-aaꞌi dènge ne, aku Nèngu na,","Èle èèna ka, Lamatua peka dènge Noh, dènge ana-èpu na aaꞌi-aaꞌi dènge ne, aku Nèngu na,",,eng,wyc,English,Wycliffe,0.0,0.0,0.0
"lo! i shall make my covenant with you, and with your seed after you,","de ne'e ne, ja'a pajaji dènge miu, toke d'ai lai ana lai èpu.","Nèti èèna ka, Jaꞌa neo paꞌèki lii pajaji Jaꞌa dènge miu dènge ana-èpu miu aaꞌi-aaꞌi dhu bèli-camèdꞌa jꞌajꞌi dhèu unu Jaꞌa.",Mi nanene! Jaꞌa neo paꞌèki lii pajaji Jaꞌa dènge miu dènge ana-èpu miu limuri miu.,,eng,wyc,English,Wycliffe,2.7211,2.0009,2.1024
"and to each living soul which is with you, as well in birds as in work beasts and small beasts of the earth, and to all things that went out of the ship, and to all unreasonable beasts of the earth.","lii pajaji ne, lèke kahèi mi aa'i-aa'i dhu mamuri, sèmi: badha ani, badha hui, dènge manu-bhui. peka ka laa, lèke aa'i-aa'i dhu kalua palere-lere dènge miu nèti dedha kapa.","Jaꞌa hia mamuri aaꞌi-aaꞌi dhu mamuri ètu rai-haha ne. Jaꞌa hia manu-bhui aaꞌi-aaꞌi, badha aaꞌi-aaꞌi, badha aaꞌi-aaꞌi, aa badha aaꞌi-aaꞌi dhu mai nèti dedha kapa ne. Jaꞌa hia mamuri aaꞌi-aaꞌi dhu mamuri ètu rai-haha ne. Jaꞌa hia mamuri aaꞌi-aaꞌi dhu mamuri ètu rai-haha ne. Jaꞌa hia mamuri aaꞌi-aaꞌi dhu mamuri ètu rai-haha ne. Jaꞌa hia mamuri aaꞌi-aaꞌi dhu mamuri ètu rai-haha ne. Jaꞌa hia mamuri aaꞌi-aaꞌi dhu mamuri ètu rai-haha ne.","Jaꞌa hia mamuri aaꞌi-aaꞌi dhu mamuri ètu rai-haha ne. Jaꞌa hia manu-bhui aaꞌi-aaꞌi, badha aaꞌi-aaꞌi, badha aaꞌi-aaꞌi, aa badha aaꞌi-aaꞌi dhu mai nèti dedha kapa ne. Jaꞌa hia mamuri aaꞌi-aaꞌi dhu mamuri ètu rai-haha ne. Jaꞌa hia mamuri aaꞌi-aaꞌi dhu mamuri ètu rai-haha ne. Jaꞌa hia mamuri aaꞌi-aaꞌi dhu mamuri ètu rai-haha ne. Jaꞌa hia mamuri aaꞌi-aaꞌi dhu mamuri ètu rai-haha ne. Jaꞌa hia mamuri aaꞌi-aaꞌi dhu mamuri ètu rai-haha ne.",,eng,wyc,English,Wycliffe,0.0,0.0,0.0
"i shall make my covenant with you, and each flesh shall no more be slain of the waters of the great flood, neither the great flood destroying all the earth shall be any more.","lii pajaji ja'a sèmi ne'e: ja'a hia heka èi aae lala, ho pamadhe aa'i ngaa-ngaa dhu mamuri, aa dènge pa'ele iie rai-haha ne.","Èle èèna ka, Jaꞌa tao paꞌèci dènge miu, peka na, bèli-camèdꞌa bèli-camèdꞌa bèli-camèdꞌa bèli-camèdꞌa bèli-camèdꞌa bèli-camèdꞌa bèli-camèdꞌa bèli-camèdꞌa bèli-camèdꞌa bèli-camèdꞌa bèli-camèdꞌa bèli-camèdꞌa bèli-camèdꞌa bèli-camèdꞌa bèli-camèdꞌa bèli-camèdꞌa ètu rai-haha ne.","Ja'a neo tao pa'èci dènge miu, aa isi aa'i-aa'i neo boe pamadhe hari nèti èi lala aae, mage èi lala aae dhu pamadhe rai aa'i-aa'i neo abhu hari boe.",,eng,wyc,English,Wycliffe,2.6086,10.6636,10.3151
"and god said, this is the sign of bond of peace, which i give between me and you, and to each living soul which is with you, into everlasting generations. i shall set my bow in the clouds, and it shall be a sign of bond of peace between me and the earth;","ja'a pasa saroo ètu dedha-liru, sèna ka j'aj'i tadha pasanèd'e lii pajaji ja'a dhu ma'ète boe dènge miu, dènge aa'i-aa'i dhu mamuri, aa dènge rai-haha ne.","Èle èèna ka, Ama Lamatua peka dènge jiꞌi, aku Nèngu na, ""Nèti èèna ka, Jaꞌa tao paꞌèci dènge miu, dènge dhèu aaꞌi-aaꞌi dhu mamuri ètu rai-haha ne, toke dꞌai mia-mia. Pe Jaꞌa tao ajꞌu Jaꞌa ètu dꞌara raꞌi-liru, sèna ka dhèu aaꞌi-aaꞌi reꞌa, na, Jaꞌa paꞌèci dènge dhèu aaꞌi-aaꞌi ètu rai-haha ne, sèna ka dhèu aaꞌi-aaꞌi reꞌa, na, Jaꞌa paꞌèci dènge dhèu aaꞌi-aaꞌi ètu rai-haha ne.","Èle èèna ka, Ama Lamatua peka, ""Ne'e ne tadha dhari dame, dhu Ja'a hia ètu talora Ja'a dènge miu, dènge mi dhèu mamuri aa'i-aa'i dhu dènge miu, toke d'ai mia-mia. Ja'a neo tèka saroo Ja'a ètu d'ara ra'i-liru, aa nèngu j'aj'i tadha dhari dame ètu talora Ja'a dènge rai-haha ne.""",,eng,wyc,English,Wycliffe,14.179,11.7743,11.7991
"and when i shall cover the heaven with clouds, my bow shall appear in the clouds, and i shall have mind of my bond of peace which i made with you, and with each soul living that nourisheth flesh; and the waters of the great flood shall no more be to do away all flesh. and my bow shall be in the clouds, and i shall see it, and i shall have mind of the everlasting bond of peace, which is made between god and man, and each soul living of all flesh which is on the earth. and god said to noah, this shall be a sign of the bond of peace, which i made between me and each flesh on earth.","ladhe abhu ra'i-liru, ho saroo cèu, èèna na pasanèd'e ja'a nèti lii pajaji èèna. na peka na, èi aae pa'ele iie heka aa'i-aa'i dhu mamuri. dènge j'ara ne'e ne ka, lii pajaji ja'a dhu ma'ète boe, pa'èki tèke le dènge miu, aa dènge aa'i-aa'i dhu mamuri.","Èle èèna ka, Ama Lamatua peka dènge Noh, aku Nèngu na, ""Ladhe Jaꞌa kèpe mèdha-panyau Jaꞌa ètu dedha-liru dènge raꞌi-liru, Jaꞌa kèpe mèdha-panyau Jaꞌa ètu dedha-liru. Jaꞌa kèpe mèdha-panyau Jaꞌa ètu dedha-liru dènge raꞌi-liru. Jaꞌa kèpe mèdha-panyau Jaꞌa ètu dedha-liru. Jaꞌa kèpe mèdha-panyau Jaꞌa ètu dedha-liru. Jaꞌa kèpe mèdha-panyau Jaꞌa ètu dedha-liru. Jaꞌa kèpe mèdha-panyau Jaꞌa ètu dedha-liru. Jaꞌa kèpe mèdha-panyau Jaꞌa ètu madha Ama Lamatua, dènge dhèu rai-haha, dènge aaꞌi-aaꞌi dhu mamuri ètu rai-haha ne."" Hèia Ama Lamatua peka dènge Noh, aku Nèngu na, ""Ladhe sèmi neꞌe, èèna na, Jaꞌa kèpe mèdha-panyau Jaꞌa ètu talora paꞌèra Jaꞌa dènge dhèu aaꞌi-aaꞌi-aaꞌi ètu rai-haha ne.""","Aa ladhe Ja'a kèpe liru dènge ra'i-liru, saroo Ja'a bhodho ètu ra'i-liru, aa Ja'a sanède pa'èra dame Ja'a dhu Ja'a tao dènge miu, dènge aa'i-aa'i manadu mamuri dhu panga'a ngi'u; aa èi lala aae heka boe pamadhe aa'i ngi'u. Aa saroo Ja'a pea ètu ra'i-liru, aa Ja'a rèdhi ne, aa Ja'a sanède pa'èra dame dhu mamuri taa-taa, dhu tao ètu talora Ama Lamatua dènge dhèu, dènge aa'i-aa'i manadu mamuri nèti aa'i ngi'u dhu ètu rai-haha ne. Aa Ama Lamatua peka dènge Noh, aku Nèngu na, ""Ne'e j'aj'i mi tadha pa'èra dame dhu Ja'a tao ètu talora Ja'a dènge aa'i ngi'u ètu rai-haha.""",,eng,wyc,English,Wycliffe,8.8445,16.2632,13.9095
"therefore they that went out of the ship were noah, shem, ham, and japheth; forsooth ham, that is the father of canaan.","ana-ana noh dhu puru nèti dedha kapa, sem, yafet dènge ham ham èèna, ama kana'an.","Dhèu aaꞌi-aaꞌi dhu mai nèti kapa ne, nuka: Noh, Sem, Ham, dènge Yafet. Hamu ne, ama nèti dhèu aaꞌi-aaꞌi ètu dꞌara dedha-liru, nuka: Noh, Sem, Ham, dènge Yafet. Nèngu ka dhu jꞌajꞌi dhèu aaꞌi-aaꞌi, dhèu aaꞌi-aaꞌi, dhèu aaꞌi-aaꞌi, dhèu aaꞌi-aaꞌi, dhèu aaꞌi-aaꞌi ètu dꞌara dedha-liru, nuka: Noh, Sem, Ham, dènge Yafet. Nèngu ka dhu jꞌajꞌi dhèu aaꞌi-aaꞌi, dhèu aaꞌi-aaꞌi, dhèu aaꞌi-aaꞌi, dhèu aaꞌi-aaꞌi, dhèu aaꞌi-aaꞌi, dhèu aaꞌi-aaꞌi, dhèu aaꞌi-aaꞌi dhèu aaꞌi-aaꞌi.","De rèngu dhu mai nèti kapa ne, nuka Noh, Sem, Ham, dènge Yafet. Tare'a-re'a, Hamu ne, nuka ama nèti Kana'an.",,eng,wyc,English,Wycliffe,4.8625,8.9669,11.9221
"these three were the sons of noah, and all the kind of men was sown of them on all the earth.","dhèu aa'i-aa'i ra ètu rai-haha ne, j'aj'i nèti ana noh dhèu tèlu sèra.","Ètu rai-haha ne, dhèu aaꞌi-aaꞌi ra jꞌajꞌi dhèu aaꞌi-aaꞌi ètu rai-haha ne. Dhèu aaꞌi-aaꞌi ra jꞌajꞌi ana-èpu nèngu aaꞌi-aaꞌi ètu rai-haha ne. Dhèu aaꞌi-aaꞌi se, nuka ana-èpu nèngu aaꞌi-aaꞌi ètu rai-haha ne. Nèti èèna ka, bèli-camèdꞌa dhèu aaꞌi-aaꞌi ra jꞌajꞌi dhèu aaꞌi-aaꞌi ètu rai-haha ne. Nèti èèna ka, dhèu aaꞌi-aaꞌi ra jꞌajꞌi dhèu aaꞌi-aaꞌi ètu rai-haha ne.","Tèlu se'e nuka ana-mone Noh, aa nèti rèngu ka, dhèu aa'i-aa'i cebe ètu aa'i rai-haha.",,eng,wyc,English,Wycliffe,24.92,14.136,16.2195
"and noah, an earth-tiller, began to till the earth, and he planted a vinery or a vineyard,","noh èèna, dhèu sab'a oka-tedhe. nèngu ka dhu uru j'ara tao oka anggor.",Nèngu jꞌajꞌi dhèu sabꞌa ètu rai-haha ne. Nèngu jꞌajꞌi dhèu sabꞌa ètu rai-haha ne. Nèngu jꞌajꞌi dhèu sabꞌa ètu rai-haha ne. Nèngu jꞌajꞌi dhèu sabꞌa ètu rai-haha ne. Nèngu jꞌajꞌi dhèu sabꞌa ètu rai-haha ne. Nèngu jꞌajꞌi dhèu sabꞌa ètu rai-haha ne. Nèngu jꞌajꞌi dhèu sabꞌa ètu rai-haha ne. Nèngu jꞌajꞌi dhèu sabꞌa ètu rai-haha ne.,"Aa Noh, dhèu sab'a rai-haha, mulai sab'a rai-haha, aa nèngu lari oka anggor.",,eng,wyc,English,Wycliffe,26.8863,19.9312,24.7016
"and one day he drank wine, and was drunken; and he was naked, and lay in his tabernacle.","ca tèka, na ninu èi anggor, ka na mahu titu kèna. hèia na puru eele mèdha-papake nèti ua na. ka na j'unu lega-loli dènge boe mèdha-papake ètu d'ara paleo na.","Èle èèna ka, nèngu naꞌa-ninu anggor, hèia naꞌa-ninu. Èle èèna ka, Naꞌa-ninu dènge boe mèdha-papake, hèia naꞌa-ninu ètu dꞌara hèbꞌa na.","Ca lod'o, nèngu kinu anggor, aa nèngu mahu; aa nèngu dènge boe mèdha-papake, aa nèngu bèle ètu d'ara hèb'a na.",,eng,wyc,English,Wycliffe,2.3279,-2.6813,-1.8435
"and when ham, the father of canaan, had seen this thing, that is, that the shameful members of his father were made naked, he told his two brethren withoutforth.","ropa ham ladhe nèdhi era makae ama na, ka rai li'u la'e, lolo dènge a'a na, sem dènge yafet.","Ropa tadèngi lii padhai Ama Lamatua, hèia Ham ladhe nèdhi aaꞌi-aaꞌi na dhu jꞌajꞌi dhèu bhelu-katubꞌa. Hèia na laꞌe peka dènge aꞌari na dua ra ètu liꞌu, aku nèngu na, ""Dhèu bhelu-katubꞌa èèna, heka dhèu bhelu-katubꞌa èèna, dhu jꞌajꞌi dhèu bhelu-katubꞌa dhu jꞌajꞌi dhèu bhelu-katubꞌa dhu jꞌajꞌi dhèu bhelu-katubꞌa dhu jꞌajꞌi dhèu bhelu-katubꞌa dhu jꞌajꞌi dhèu bhelu-katubꞌa dhu jꞌajꞌi dhèu bhelu-katubꞌa dhu jꞌajꞌi dhèu bhelu-katubꞌa.","Ropa Ham, ama Kana'an, ladhe nèdhi j'ara ne'e, nuka na, isi ngi'u ama na dhu makae j'aj'i bhelu, hèia na la'e peka dènge a'ari na dua ra ètu li'u.",,eng,wyc,English,Wycliffe,11.6787,14.2487,16.9643
"and shem and japheth putted a mantle on their shoulders, and they went backward, and covered the shameful members of their father, and their faces were turned away, and they saw not the privy members of their father.","hèia dua ra rare sig'i-kalolo ca bèla, ka ra bhoke mema ètu kabela-kao ra. ka dua ra kako kabodho lasi asa d'ara paleo ama ra, sèna ka ra pahutu mi ngi'u na. dènge sèmi èèna, rèdhi boe era makae ama ra. èle èèna ka, ra kalua sa li'u.","Èle èèna ka, Sem dènge Yafet kèpe mèdha-papake èci ètu hèbꞌa ra. Ka dua ra lèpa hari asa dꞌara. Ka dua ra kèpe mèdha-papake ama ra. Ropa rèdhi mèdha-papake ama ra, hèia rèdhi mèdha-papake ama ra.","Ka Sem dènge Yafet kèpe mèdha-papake èci ètu lasa'ara ra. Ka dua ra lèpa hari, aa hutu isi ama ra dhu makae. Rohu ra kabib'a, aa ra rèdhi boe isi ama ra dhu makae.",,eng,wyc,English,Wycliffe,-6.3352,-1.9776,-3.012
"and noah waked of the wine, and when he had learned what things his lesser, or younger, son had done to him,","ropa noh mase'a, na ne'a tatao nèti ana limuri na, ham.","Èle èèna ka, Nuh kèdꞌi nèti dꞌara ajꞌu anggor na, ka na tadèngi aaꞌi mèu-mèu aaꞌi-aaꞌi dhu ana mone na adꞌu-ue jꞌara-jꞌara mi nèngu, aa na tadèngi aaꞌi mèu-mèu aaꞌi-aaꞌi dhu adꞌu-ue jꞌara-jꞌara dhu adꞌu-ue jꞌara-jꞌara dhu adꞌu-ue jꞌara-jꞌara dhu adꞌu-ue jꞌara-jꞌara dhu adꞌu-ue jꞌara-jꞌara dhu adꞌu-ue jꞌara-jꞌara ne.","Èle èèna ka, Nuh kèdꞌi nèti dꞌara ajꞌu anggor na, ka na tadèngi ngaa-ngaa dhu ana limuri na tao mi nèngu.",,eng,wyc,English,Wycliffe,7.2506,17.5147,18.3392
"he said, cursed be the child canaan, he shall be a servant of servants to his brethren.","ka na peka, aku nèngu na, he! ama kana'an! ja'a dhoo èu! èu ne, èèna na j'aj'i ènu nèti a'a mu si!","Hèia na dhaa, aku nèngu na, ""Bèli-camèdꞌa Ama Lamatua pajꞌujꞌu ana ne. Te nèngu jꞌajꞌi dhèu sabꞌa hia aꞌari na sèra.","Hèia na dhaa, aku nèngu na, ""Ana Kanaan ne, j'aj'i dhèu bhelu-katub'a. Te nèngu j'aj'i ènu dhu sab'a ènu hia a'ari na sèra.",,eng,wyc,English,Wycliffe,12.2728,8.6564,8.2397
"and noah said, blessed be the lord god of shem, and canaan be the servant of shem;","koa-kio lamatua, lula sem! te ngaa kana'an j'aj'i ènu sem.","Èle èèna ka, Noh bꞌala, aku nèngu na, ""Sèmi neꞌe: Ama Lamatua ka dhu dedꞌe padedha-dedha, aa Ama Lamatua ka dhu dedꞌe padedha-dedha mi dhèu aaꞌi-aaꞌi ra. Aa Ama Lamatua ka dhu dedꞌe padedha-dedha mi dhèu aaꞌi-aaꞌi ra.","Èle èèna ka, Noh bꞌala, aku nèngu na, ""Oto Ama Lamatua Sem, aa Kana'an j'aj'i ènu Sem.""",,eng,wyc,English,Wycliffe,20.2237,25.7651,22.3789
"god alarge japheth, and dwell he in the tabernacles of shem, and canaan be the servant of him.","hud'i laa, ama lamatua pataleo rai unu yafet. aa ana-èpu na mamuri mera-milu dènge ana-èpu sem. te ngaa hud'i kana'an j'aj'i ènu yafet.","Ama Lamatua pajꞌujꞌu Jafet, sèna ka na pea ètu dꞌara èmu Sem, aa Kanahan jꞌajꞌi dhèu sabꞌa na.","Ama Lamatua pajꞌujꞌu Jafet, aa na pea ètu dꞌara paleo Sem, aa Kanahan jꞌajꞌi dhèu sabꞌa na.",,eng,wyc,English,Wycliffe,0.014,0.3493,0.314
forsooth noah lived after the great flood three hundred and fifty years;,"nèti èle èi aae lala, noh mamuri era d'ai tèlu ngasu lèmi nguru tèu.","Èle èèna ka, nèngu mamuri toke dꞌai tèlu nguru nguru nguru nguru tèu.","Èle èèna ka, noh mamuri tare èi aae lala tèlu ngasu dènge lèmi nguru tèu.",,eng,wyc,English,Wycliffe,26.2035,29.5397,31.2822
"and all the days of him were filled nine hundred and fifty years, and he was dead.","umur noh d'ai ceo ngasu lèmi nguru tèu, heka madhe kèna.","Èle èèna ka, Musa mamuri dꞌai nèti nguru nguru nguru nguru nguru dhèu. Hèia na madhe.","Aa aa'i lod'o nèngu mamuri d'ai ceo ngasu dènge lèmi nguru tèu, aa na madhe.",,eng,wyc,English,Wycliffe,32.0776,29.9327,31.5022
"these be the generations of the sons of noah; shem, ham, and japheth. and sons were born to them after the great flood.","èle èi aae, ka ana-ana noh abhu ana-èpu. nuka ana-èpu nèti sem, yafet, dènge ham.","Rèngu se, dhèu aaꞌi-aaꞌi nèti ana-èpu Noh, ngara na Sem, Ham, dènge Yafet. Èle èèna ka, dhèu aaꞌi-aaꞌi ra abhu ana-èpu nèti dhèu aaꞌi-aaꞌi sèra.","Rèngu se, ana-èpu nèti Noh, nuka Sem, Ham, dènge Yafet. Èle èi aae lala ka, ana-ana nara iisi mi rèngu.",,eng,wyc,English,Wycliffe,9.4343,1.8971,4.4044
"the sons of japheth were gomer, and magog, and madai, and javan, and tubal, and meshech, and tiras. forsooth the sons of gomer were ashkenaz, and riphath, and togarmah. forsooth the sons of javan were elishah, and tarshish, kittim, and dodanim; of these sons the isles of the heathen men were parted in their countries, each by his language, and meines, in his nations.","ana-èpu yafet, nuka: gomer, magog, madai, yawan, tubal, mesek dènge tiras. èci-èci ka dènge lii, suku, aa dènge rai ra. ana-èpu gomer, ka: askenas, rifat dènge togarma. ana-èpu yawan, ka: elisa, tarsis, dhèu kitim, dènge dhèu dodanim dhu pea ètu sebhe dhasi.","ana-èpu Jafet, Gomer, Magog, Madai, Javan, Tubal, Mesek, Tiras.","Ana-èpu Jafet nuka Gomer, Magog, Madai, Javan, Tubal, Mesek, dènge Tiras. Hèia ana-èpu Gomer nuka Askenaz, Rifat, dènge Togarma. Hèia ana-èpu Javan nuka Elisah, Tarsis, Kitim, dènge Dodanim. Nèti ana-èpu sèra, kabarai dhèu yahudi boe ra babège ètu rai rèngu, èci-èci dènge lii rèngu, dènge bangsa rèngu.",,eng,wyc,English,Wycliffe,13.65,30.5391,26.4291
"soothly the sons of ham were cush, and mizraim, and phut, and canaan.","ana-èpu ham, ka: kus, misraim, put, dènge kana'an.","Ana-èpu Ham, Kush, Mizraim, Phut, dènge Kenan, aaꞌi-aaꞌi ra jꞌajꞌi ana-èpu Sooth, aaꞌi-aaꞌi ra jꞌajꞌi ana-èpu Ham, aaꞌi-aaꞌi ra jꞌajꞌi ana-èpu Misraim, aaꞌi-aaꞌi ra jꞌajꞌi ana-èpu Ham, aaꞌi-aaꞌi ra jꞌajꞌi ana-èpu Sooth, aaꞌi-aaꞌi ra jꞌajꞌi ana-èpu Ham, aaꞌi-aaꞌi ra jꞌajꞌi ana-èpu Cush, aaꞌi-aaꞌi ra jꞌajꞌi ana-èpu Mizraim, aaꞌi-aaꞌi ra jꞌajꞌi ana-èpu Puth, aaꞌi-aaꞌi ra jꞌajꞌi ana-èpu Canaan.","Mema, ana-èpu Ham nuka Kush, Mizraim, Phut, dènge Kenan.",,eng,wyc,English,Wycliffe,17.8881,12.0581,17.7657
"forsooth the sons of cush were seba, and havilah, and sabtah, and raamah, and sabtechah. the sons of raamah were sheba, and dedan.","ana-èpu kus, ka: seba, hawila, sabta, raema dènge sabteka. ana-èpu raema, ka: syeba dènge dedan.","Cush, ana-èpu na, Seba, Hahi, Sabhat, Raham, Sabtecha. Raham, ana-èpu na, Sheba, Heran.","Cush, ana-èpu na, Seba, Havilah, Sabtah, Raamah, Sabtechah. Raamah, ana-èpu na, Sheba, Dedan.",,eng,wyc,English,Wycliffe,-1.1074,3.3467,2.3656
"forsooth cush begat nimrod; he began to be mighty in the earth,","ana mone kus, ka, nimrod. nèngu ne, kapala musu dhu uru tèka, aa èra.",Nèngu ka dhu jꞌajꞌi dhèu aae kapai ètu rai-haha ne. Nèngu ka dhu jꞌajꞌi dhèu aae kapai ètu rai-haha ne.,"Nèti èèna ka, kus matana nimrod; nèngu mulai j'aj'i dhèu aae kapai ètu rai-haha ne.",,eng,wyc,English,Wycliffe,3.1278,9.5,9.387
"and he was a strong hunter, or oppressor, of men before the lord; of him a proverb went out, as nimrod, a strong hunter before the lord.","a'èra na mai nèti lamatua, aa nèngu kahèi j'aj'i dhèu dhu èra bia magèla badha. nèti èèna ka, dhèu biasa peka na, sèna ka èu more dhèu dhu èra bia magèla badha, sèmi nimrod, dhu abhu a'èra nèti lamatua.","Èle èèna ka, Ama Lamatua padhai lii lii, peka na, nèngu ne, ca dhèu kapai, nuka Nimrod. Nèngu ne, ca dhèu kapai dhu kapai risi ètu madha Ama Lamatua. Nèngu ne, ca dhèu kapai dhu kapai risi ètu madha Ama Lamatua. Nèngu ne, ca dhèu kapai dhu kapai risi ètu madha Ama Lamatua. Nèngu ne, ca dhèu kapai dhu kapai risi ètu madha Ama Lamatua. Nèngu ne, ca dhèu kapai dhu kapai risi ètu madha Ama Lamatua. Nèngu ne, ca dhèu kapai dhu kapai risi ètu madha Ama Lamatua.","Aa nèngu ne, ca dhèu èra dhu tenge, do mana'u dhèu, ètu madha Ama Lamatua. Nèti nèngu ka, lii pakasame kalua, sèmi Nimrod, ca dhèu èra dhu tenge ètu madha Ama Lamatua.",,eng,wyc,English,Wycliffe,1.418,1.4151,4.2084
"soothly the beginning of his realm was babylon, and erech, and accad, and calneh, in the land of shinar.","era na, mulai uru nèti rae babel, erek akad, toke kalne. rae se aa'i-aa'i ra, ètu rai sinear.",Neꞌe ne jꞌajꞌi dhèu aaꞌi-aaꞌi ra. Dhèu aaꞌi-aaꞌi ra jꞌajꞌi dhèu aaꞌi-aaꞌi ra. Rèngu aaꞌi-aaꞌi ra jꞌajꞌi dhèu aaꞌi-aaꞌi ra. Rèngu aaꞌi-aaꞌi ra jꞌajꞌi dhèu aaꞌi-aaꞌi ra. Rèngu aaꞌi-aaꞌi ra jꞌajꞌi dhèu aaꞌi-aaꞌi ra. Rèngu aaꞌi-aaꞌi ra jꞌajꞌi dhèu aaꞌi-aaꞌi ra. Rèngu aaꞌi-aaꞌi ra jꞌajꞌi dhèu aaꞌi-aaꞌi ra. Rèngu aaꞌi-aaꞌi ra jꞌajꞌi dhèu aaꞌi-aaꞌi ra.,"Bèli-camèd'a uru nèti paredha na j'aj'i Babel, dènge Erekh, dènge Akkad, dènge Kalneh, ètu rai nèti Sinar.",,eng,wyc,English,Wycliffe,9.2552,17.9125,20.3409
"asshur went out of that land, and builded nineveh, and the streets of the city, and calah,","nèti era sèra, na nare hari asyur. ka na patitu kota niniwe, rehobot-ir, kala,","Èle èèna ka, dhèu Asur kalua nèti dꞌara rai ne, laꞌe patitu kètu kota Nineve, dènge jꞌara-jꞌara ètu dꞌara kota ne, dènge jꞌara-jꞌara ètu dꞌara kota ne.","Èle èèna ka, dhèu Asur kalua nèti dꞌara rai ne, laꞌe patitu kètu kota Nineve, dènge jꞌara-jꞌara ètu dꞌara kota ne, dènge kota Calah.",,eng,wyc,English,Wycliffe,0.4345,0.6562,0.9894
and resen betwixt nineveh and calah; this is a great city.,"dènge resen, ètu talora aae niniwe dènge kala. aa'i-aa'i sèra, kota-kota kapai hua.","dènge kota èci, ngara na Resen, èci èèna ka dènge kota nèti kota Lamatua, nèti kota Lamatua dènge kota Lamatua, nèti kota Lamatua, nèti kota Lamatua, nèti kota Lamatua, nèti kota Lamatua, nèti kota Lamatua, nèti kota Lamatua, nèti kota Lamatua, nèti kota Lamatua, nèti kota Lamatua, nèti kota Lamatua, nèti kota Lamatua, nèti kota Lamatua, nèti kota Lamatua, nèti kota Lamatua, nèti kota Lamatua, nèti kota Lamatua, nèti kota Lamatua, nèti kota Lamatua.",dènge Resen ètu talora aae Nineveh dènge Calah; nenga ka kota kapai.,,eng,wyc,English,Wycliffe,16.9846,17.9918,22.6334
"and soothly mizraim begat ludim, and anamim, and lehabim, and naphtuhim,","ana-èpu misraim, ka: dhèu ludim, dhèu ananim, dhèu lehabim, dhèu naftuhim,","hadhu Mizraim, hadhu Ludim, hadhu Anamim, hadhu Lehabim, hadhu Naftuim,","Aa Mizraim matana Ludim, dènge Anamim, dènge Lehabim, dènge Naphtuhim.",,eng,wyc,English,Wycliffe,-0.7217,1.2317,-0.5129
"and pathrusim, and casluhim; of which the philistines and caphtorim came forth.","dhèu patrusim, dhèu kasluhim, dènge dhèu kaftorim. dhèu kasluhim nuka bèi-baki nèti dhèu pilistin.","Pathrusim, Kasluhim. Dhèu Parisi, dènge Kaptorim, mai nèti raꞌa-rinu sèra, èci èèna ka nèti raꞌa-rinu sèra, ka nèti raꞌa-rinu sèra, mai nèti raꞌa-rinu sèra, ka nèti raꞌa-rinu sèra, mai nèti raꞌa-rinu sèra, ka nèti raꞌa-rinu sèra, mai nèti raꞌa-rinu sèra, ka nèti raꞌa-rinu sèra, mai nèti raꞌa-rinu sèra.","Pathrusim, dènge Kasluhim; nèti sèra ka Dhèu Parisi dènge Kaptorim mai.",,eng,wyc,English,Wycliffe,4.4081,1.4037,4.8819
"forsooth canaan engendered sidon, his first engendered son, heth,","ana uuru kana'an, nuka, sidon. kana'an j'aj'i bèi-baki nèti dhèu het,","forsooth kanal engendered sidon, his first-engendered son, heth, aꞌari nèngu kapai risi nèti dhèu aaꞌi-aaꞌi dhu uru èèna jꞌajꞌi dhèu aaꞌi-aaꞌi ètu dꞌara oka-tedhe ètu dꞌara dhèu aaꞌi-aaꞌi dhu jꞌajꞌi dhèu aaꞌi-aaꞌi ètu dꞌara oka-tedhe dhèu aaꞌi-aaꞌi dhu jꞌajꞌi dhèu aaꞌi-aaꞌi dhu jꞌajꞌi dhèu aaꞌi-aaꞌi mi dhèu aaꞌi-aaꞌi dhu jꞌajꞌi dhèu aaꞌi-aaꞌi dhu jꞌajꞌi dhèu aaꞌi-aaꞌi-aaꞌi mi dhèu aaꞌi-aaꞌi-aaꞌi dhu jꞌajꞌi dhèu aaꞌi-aaꞌi-aaꞌi mi dhèu aaꞌi-aaꞌi-aaꞌi mi dhèu aaꞌi-aaꞌi-aaꞌi dhu jꞌajꞌi dhèu aaꞌi-aaꞌi-aaꞌi-aaꞌi-aaꞌi.","Kana'an matana Sidon, ana mone na dhu uru matana, Heth.",,eng,wyc,English,Wycliffe,1.3925,1.6795,5.6039
"and jebusites, and amorites, girgashites,","dhèu yebusi, dhèu amori, dhèu girgasi,","suku Yebus, suku Amori, suku Girgash,","dènge suku Yebus, dènge suku Amori, suku Girgash,",,eng,wyc,English,Wycliffe,-0.4162,2.2274,0.9094
"hivites, and arkites, sinites,","dhèu hiwi, dhèu arki, dhèu sini,","Hivites, and arkites, sinites, kahibꞌi-kalèbho, kahibꞌi-kalèbho, kahibꞌi-kalèbho, kahibꞌi-kalèbho, kahibꞌi-kalèbho, kahibꞌi-kalèbho, kahibꞌi-kalèbho, kahibꞌi-kalèbho, kahibꞌi-kalèbho, kahibꞌi-kalèbho, kahibꞌi-kalèbho, kahibꞌi-kalèbho, kahibꞌi-kalèbho, kahibꞌi-kalèbho, kahibꞌi-kalèbho, kahibꞌi-kalèbho, kahibꞌi-kalèbho, kahibꞌi-kalèbho, kahibꞌi-kalèbho, kahibꞌi-kalèbho, kahibꞌi-kalèbho, kahibꞌi-kalèbho, kahibꞌi-kalèbho,","Hivites, and Arkites, Sinites,",,eng,wyc,English,Wycliffe,3.8856,3.5664,7.1909
"and arvadites, zemarites, and hamathites; and the peoples of canaanites were sown abroad by these men.","dhèu arwadi, dhèu semari, dènge dhèu hamati. ana-èpu kana'an se, pea palème d'ai era dhu kaj'èu,","dhèu Zadat, Zemar, Hamat, dènge dhèu-dhèu nèti rai Kanaꞌan. Rèngu aaꞌi-aaꞌi ra tèke rai-haha ètu rai-haha ne, sèna ka jꞌajꞌi dhèu aaꞌi-aaꞌi ètu rai-haha ne, sèna ka jꞌajꞌi dhèu aaꞌi-aaꞌi ètu rai-haha ne, sèna ka jꞌajꞌi dhèu aaꞌi-aaꞌi ètu rai-haha ne, sèna ka jꞌajꞌi dhèu aaꞌi-aaꞌi ètu rai-haha ne, sèna ka jꞌajꞌi dhèu aaꞌi-aaꞌi ètu rai-haha ne, sèna ka jꞌajꞌi dhèu aaꞌi-aaꞌi ètu rai-haha ne.","dhèu Zadat, Zemar, Hamat, dènge dhèu-dhèu nèti rai Kanaꞌan. Rèngu aaꞌi-aaꞌi ra cebe-lebe le dhèu sèra.",,eng,wyc,English,Wycliffe,8.4015,4.2825,7.4499
"and the terms of canaan were made to men coming from sidon to gerar, till to gaza, till thou enter into sodom, and gomorrah, and admah, and zeboiim, till to lasha.","toke too rai rèngu mulai nèti sidon taruu asa gerar, d'ai gasa. nèti èèna, la'e d'ai sodom, gomora, adma dènge seboim, d'ai kota lasa.","dhèu-dhèu nèti propensi Sidon dènge propensi Gasa, nèti propensi Sodom dènge propensi Gomora, nèti propensi Adma, nèti propensi Zeboim, nèti propensi Lamatua, rèngu aaꞌi-aaꞌi ra nèti propensi Sidon dènge propensi Gasa. Rèngu aaꞌi-aaꞌi ra nèti propensi Sodom dènge propensi Gomora, nèti propensi Zeboim, nèti propensi Lamatua dènge propensi Lamatua. Rèngu aaꞌi-aaꞌi ra nèti propensi Sidon dènge propensi Gasa. Rèngu aaꞌi-aaꞌi ra nèti propensi Sodom, nèti propensi Gomora, nèti propensi Zeboim, nèti propensi Lamatua, nèti propensi Lamatua. Rèngu aaꞌi-aaꞌi ra nèti propensi Sodom, nèti propensi Gomora, nèti propensi Lamatua.","aa batas rai Kana'an nèti propensi Sidon toke asa Gerar, toke asa propensi Gasa, toke maso asa Sodom, dènge Gomora, dènge Adma, dènge Zeboim, toke asa Lasha.",,eng,wyc,English,Wycliffe,3.8797,7.3809,10.2275
"these were the sons of ham, in their kindreds, and languages, and generations, and lands, and folks.","rèngu aa'i-aa'i sèra, ana-èpu ham. èci-èci dènge lii, suku, aa dènge rai ra.","Rèngu se, ana-èpu Ham. Rèngu mai nèti suku aaꞌi-aaꞌi ra, nèti suku aaꞌi-aaꞌi ra, nèti suku aaꞌi-aaꞌi ra, nèti lii aaꞌi-aaꞌi ra, nèti rai aaꞌi-aaꞌi ra.","Rèngu se, ana-èpu Ham. Rèngu mai nèti suku aa'i-aa'i ra, nèti lii aa'i-aa'i ra, nèti lai ana-lai èpu ra, nèti rai aa'i-aa'i ra, nèti dhèu aa'i-aa'i ra.",,eng,wyc,English,Wycliffe,6.7247,7.6643,5.7891
"also of shem were born the fathers of all the sons of eber, and japheth was the more, or elder, brother of shemor shem was the more or elder brother of japheth.","sem, a'a yafet, nèngu ka j'aj'i bèi-baki dhèu eber.","Sem, ana-èpu Eber, aaꞌi-aaꞌi ra. Yafet, aꞌari Sem, aꞌari Yafet.","Kahèi nèti Sem rara iisi ama-ama ana-ana Eber aa'i-aa'i ra. Aa Yafet, a'a risi Sem, do Sem, a'a risi Yafet.",,eng,wyc,English,Wycliffe,3.7622,6.3441,4.9259
"the sons of shem were elam, and asshur, and arphaxad, and lud, and aram.","ana-èpu sem, ka: elam, asyur, arpaksad, lud dènge aram.","Ana-èpu Sem: Elam, Asur, Arpaksad, Lod, dènge Aram.","Ana-èpu Sem: Elam, Asur, Arpaksad, Lod, dènge Aram.",,eng,wyc,English,Wycliffe,0.0,0.0,0.0
"the sons of aram were uz, and hul, and gether, and mash.","ana-èpu aram ka: dhèu us, dhèu hul, dhèu geter, dènge dhèu mas.","Ana-èpu Aram: Uz, Hul, Geter, dènge Mash.","Ana-èpu Aram: Uz, Hul, Geter, dènge Mash.",,eng,wyc,English,Wycliffe,0.0,0.0,0.0
"and soothly arphaxad begat salah, of whom eber was born.","ana arpaksad ka, sela. ana sela ka, eber.","And soothly arphaxad begat, dhu jꞌajꞌi le, nèngu ka dhu jꞌajꞌi le, nèngu ka dhu jꞌajꞌi le, nèngu ka dhu jꞌajꞌi le, nèngu ka dhu jꞌajꞌi le, nèngu ka dhu jꞌajꞌi le, nèngu ka dhu jꞌajꞌi le, nèngu ka dhu jꞌajꞌi le, nèngu ka dhu jꞌajꞌi le, nèngu ka dhu jꞌajꞌi le, nèngu ka dhu jꞌajꞌi le, nèngu ka dhu jꞌajꞌi le, nèngu ka dhu jꞌajꞌi le, nèngu ka dhu jꞌajꞌi le.","Aa bèli-camèd'a Arpaksad matana Salah, dhu Eber nara iisi.",,eng,wyc,English,Wycliffe,7.299,16.1145,13.4302
"and two sons were born to eber, the name to the one son was peleg, for the land was parted in his days; and the name of his brother was joktan.","ana eber, mone dhèu dua. ana uuru, ngara na pelek dhu sasoa na ‘palème era', lula taa èèna dhèu pea palème ètu rai-haha ne. ngara ari na, yoktan.","Eber abhu ana mone dhèu dua. Ngara ana mone èci, Pelek, lula ètu dꞌara lodꞌo na, dhèu aaꞌi-aaꞌi jꞌajꞌi dhèu dua ètu rai-haha ne. Aa aꞌari na, Joktan. Nèti èèna ka, dhèu aaꞌi-aaꞌi jꞌajꞌi dhèu aaꞌi-aaꞌi ètu rai-haha ne, jꞌajꞌi dhèu aaꞌi-aaꞌi dhu jꞌajꞌi dhèu aaꞌi-aaꞌi dhu jꞌajꞌi dhèu aaꞌi-aaꞌi ètu rai-haha ne. Nèti èèna ka, dhèu aaꞌi-aaꞌi jꞌajꞌi dhèu aaꞌi-aaꞌi dhu jꞌajꞌi dhèu aaꞌi-aaꞌi dhèu aaꞌi-aaꞌi dhu jꞌajꞌi dhèu aaꞌi-aaꞌi dhèu aaꞌi-aaꞌi dhu jꞌajꞌi dhèu aaꞌi-aaꞌi dhèu aaꞌi-aaꞌi-aaꞌi.","Eber abhu ana mone dhèu dua. Ngara ana mone èci, Pelek, lula ètu d'ara lod'o na, rai ne j'aj'i bèka. Aa a'ari na, Joktan.",,eng,wyc,English,Wycliffe,6.8224,-3.8559,1.863
"and that joktan begat almodad, and sheleph, and hazarmaveth, jerah,","ana-èpu yoktan, ka: almodad, selef, hasar-mawet, yera,",ajꞌu ajꞌu ajꞌu ajꞌu ajꞌu ajꞌu ajꞌu ajꞌu ajꞌu ajꞌu ajꞌu ajꞌu ajꞌu ajꞌu ajꞌu ajꞌu ajꞌu ajꞌu ajꞌu ajꞌu ajꞌu ajꞌu ajꞌu ajꞌu ajꞌu ajꞌu ajꞌu ajꞌu ajꞌu ajꞌu ajꞌu ajꞌu ajꞌu ajꞌu ajꞌu ajꞌu ajꞌu ajꞌu ajꞌu ajꞌu ajꞌu ajꞌu ajꞌu ajꞌu ajꞌu ajꞌu ajꞌu ajꞌu ajꞌu ajꞌu ajꞌu ajꞌu ajꞌu ajꞌu ajꞌu ajꞌu ajꞌu ajꞌu ajꞌu ajꞌu ajꞌu ajꞌu ajꞌu ajꞌu ajꞌu ajꞌu ajꞌu ajꞌu ajꞌu ajꞌu ajꞌu ajꞌu ajꞌu ajꞌu ajꞌu ajꞌu ajꞌu ajꞌu ajꞌu ajꞌu ajꞌu ajꞌu ajꞌu ajꞌu ajꞌu ajꞌu ajꞌu ajꞌu ajꞌu ajꞌu ajꞌu ajꞌu ajꞌu ajꞌu ajꞌu ajꞌu ajꞌu ajꞌu ajꞌu ajꞌu.,ajꞌu ajꞌu ajꞌu ajꞌu ajꞌu ajꞌu ajꞌu ajꞌu ajꞌu ajꞌu ajꞌu ajꞌu ajꞌu ajꞌu ajꞌu ajꞌu ajꞌu ajꞌu ajꞌu ajꞌu ajꞌu ajꞌu ajꞌu ajꞌu ajꞌu ajꞌu ajꞌu ajꞌu ajꞌu ajꞌu ajꞌu ajꞌu ajꞌu ajꞌu ajꞌu ajꞌu ajꞌu ajꞌu ajꞌu ajꞌu ajꞌu ajꞌu ajꞌu ajꞌu ajꞌu ajꞌu ajꞌu ajꞌu ajꞌu ajꞌu ajꞌu ajꞌu ajꞌu ajꞌu ajꞌu ajꞌu ajꞌu ajꞌu ajꞌu ajꞌu ajꞌu ajꞌu ajꞌu ajꞌu ajꞌu ajꞌu ajꞌu ajꞌu ajꞌu ajꞌu ajꞌu ajꞌu ajꞌu ajꞌu ajꞌu ajꞌu ajꞌu ajꞌu ajꞌu ajꞌu ajꞌu ajꞌu ajꞌu ajꞌu ajꞌu ajꞌu ajꞌu ajꞌu ajꞌu ajꞌu ajꞌu ajꞌu ajꞌu ajꞌu ajꞌu ajꞌu ajꞌu ajꞌu ajꞌu ajꞌu.,,eng,wyc,English,Wycliffe,0.0,0.0,0.0
"and hadoram, and uzal, and diklah,","hadoram, usal, dikla,","hadoram, uzal, diklah, kahibꞌi-kalèbho, kahibꞌi-kalèbho, kahibꞌi-kalèbho, kahibꞌi-kalèbho, kahibꞌi-kalèbho, kahibꞌi-kalèbho, kahibꞌi-kalèbho, kahibꞌi-kalèbho, kahibꞌi-kalèbho, kahibꞌi-kalèbho, kahibꞌi-kalèbho, kahibꞌi-kalèbho, kahibꞌi-kalèbho, kahibꞌi-kalèbho, kahibꞌi-kalèbho, kahibꞌi-kalèbho, kahibꞌi-kalèbho, kahibꞌi-kalèbho, kahibꞌi-kalèbho, kahibꞌi-kalèbho, kahibꞌi-kalèbho, kahibꞌi-kalèbho, kahibꞌi-kalèbho,","hadoram, dènge uzal, dènge diklah,",,eng,wyc,English,Wycliffe,14.6554,30.9347,33.4456
"and obal, and abimael, sheba,","obal, abimael, syeba,","Obal, Abimael, Seba,","Obal, Abimael, dènge Seba,",,eng,wyc,English,Wycliffe,-2.1932,-1.2823,-2.0938
"and ophir, and havilah, and jobab; all these were the sons of joktan.","ofir, hawila, dènge yobab. rèngu aa'i-aa'i se, ana-èpu yoktan.","Ofir, Havila, dènge Yobab. Ana-èpu Joktan se, nuka sèmi rèngu aaꞌi-aaꞌi dhu Ama Lamatua hagꞌe nare ètu dꞌara jꞌara-jꞌara aae nèti koasa aae nèti koasa aae nèti koasa aae nèti koasa aae nèti koasa aae nèti koasa aae nèti koasa aae nèti koasa aae nèti koasa aae nèti koasa aae nèti koasa aae nèti koasa aae nèti koasa aae nèti koasa aae nèti koasa aae nèti koasa aae nèti koasa aae nèti koasa aae nèti koasa aae nèti koasa aae nèti koasa aae nèti koasa aae nèti koasa.","Ofir, Havila, dènge Yobab. Aa'i se'e ne, ana-èpu Joktan.",,eng,wyc,English,Wycliffe,21.017,16.0926,22.5424
"and the habitation of them was made from mesha, as men goeth till to sephar, an hill of the east.","era pea rèngu, mulai nèti mesa, taruu d'ai sefar, nuka era dhu kabhuku re sebhe dhimu.","Lodꞌo-lodꞌo rèngu èèna, nèti Mesa, toke Sefar, ètu ledhe èci, ètu cabèka dhimu.","Lodꞌo-lodꞌo rèngu èèna, nèti Mesa, toke Sefar, ètu ledhe èci, ètu cabèka dhimu.",,eng,wyc,English,Wycliffe,0.0,0.0,0.0
"these be the sons of shem, by kindreds, and languages, and countries, in their folks.","rèngu aa'i-aa'i se, ana-èpu sem. èci-èci ka dènge lii, suku, aa dènge rai ra.","Rèngu aaꞌi-aaꞌi se, ana-èpu Sem, nèti suku aaꞌi-aaꞌi ra, nèti suku aaꞌi-aaꞌi ra, nèti suku aaꞌi-aaꞌi ra, nèti suku aaꞌi-aaꞌi ra.","Rèngu aa'i-aa'i se, ana-èpu Sem, nèti suku aa'i-aa'i ra, dènge lii aa'i-aa'i ra, dènge rai aa'i-aa'i ra, d'ara dhèu rèngu.",,eng,wyc,English,Wycliffe,14.9299,25.0795,22.949
"these be the meines of noah, by their peoples, and nations; the folks or gentiles in the earth were parted of these after the great flood.","aa'i-aa'i se, ana-èpu noh, èci-èci ka dènge suku ra. ropa èi aae lala èle, rèngu se'e ka pea papènu lème rai-haha ne.","Dhèu aaꞌi-aaꞌi se, nuka sèmi dhèu aaꞌi-aaꞌi nèti suku aaꞌi-aaꞌi dhu mamuri ètu rai-haha ne. Rèngu aaꞌi-aaꞌi se, nuka sèmi dhèu aaꞌi-aaꞌi nèti suku aaꞌi-aaꞌi dhu mamuri ètu rai-haha ne. Rèngu aaꞌi-aaꞌi se, nuka sèmi dhèu aaꞌi-aaꞌi nèti suku aaꞌi-aaꞌi dhu mamuri ètu rai-haha ne.","Se'e nuka j'ara mamuri nèti Noh, nèti suku-suku rèngu, aa dènge suku leo-leo. Dhèu aa'i-aa'i ètu rai-haha ne, ra hag'e nèti se'e èle èi aae lala.",,eng,wyc,English,Wycliffe,19.7373,20.1726,21.0597
"forsooth the land was of one language, and of the same speech or the same words.","uru-uru tèka na, dhèu ètu rai-haha ne, dhoka lii èci di.","lodꞌo dhèu aaꞌi-aaꞌi ètu rai-haha ne, ra padhai lii aaꞌi-aaꞌi, aa ra padhai lii aaꞌi-aaꞌi kahèi.","lod'o èèna, rai-haha ne dènge lii èci, aa dènge lii padhai dhu sama.",,eng,wyc,English,Wycliffe,0.5861,-3.5922,-2.8563
"and when they went forth from the east, they found a field in the land of shinar, and they dwelled therein.","lod'o rèngu cahag'e lasi asa ca bèka dhimu, ra d'ai era mera ètu sinear, ka ra pea ètu èèna.","Èle èèna ka, rèngu kalua nèti cabèka dhimu. Ka ra paraga dènge rai èci, ètu rai Shinar. Ka ra pea ètu neꞌe.","Èle èèna ka, rèngu kalua nèti bèka dhimu. Ka ra paraga dènge mamoo èci ètu rai Shinar. Ka ra pea ètu neꞌe.",,eng,wyc,English,Wycliffe,3.9331,-2.2676,-0.9997
"and one said to his neighbour, come ye, and make we tilestones, and bake we those or them with fire; and they had tile for stones, and pitch, either strong glue, for mortar; and they said, come ye, and make we to us a city and a tower, whose highness stretch till to heaven; and make we solemn our name, before that we be parted into all lands.","rèngu aa'i-aa'i rare lii èci, aku rèngu na, a'ari, ee! mai ta patitu kota kapai aae cue. ti tao hadhu bata; ti tunu pa'adhu. èèna na, èdhi pudhi sa dedha, ho ti tape dènge èi dama. ho èèna na, ti patitu manara dedha aae èci, dhu kolo nèngu na d'ai dedha-liru, sèna ka èdhi abhu kolongara kapai. ho sèna ka èdhi j'aj'i ca kabarai aae, dhu pahag'a ia ka.","Hèia dhèu èci peka dènge dhèu èci, aku rèngu na, 'Mai ka! Jiꞌi tao kota èci hia jiꞌi. Jiꞌi tao hadhu èci hia jiꞌi, toke dꞌai dedha-liru. Jiꞌi tao pahaha iisi jiꞌi, sèna ka dhèu aaꞌi-aaꞌi reꞌa, na, jiꞌi tao iisi jiꞌi ètu dꞌara ai.' Te ngaa dhèu aaꞌi-aaꞌi reꞌa, na, jiꞌi tao pahaha iisi jiꞌi, sèna ka dhèu aaꞌi-aaꞌi reꞌa, na, jiꞌi tao iisi jiꞌi jꞌajꞌi dhèu aaꞌi-aaꞌi, toke dꞌai dedha-liru. Aa jiꞌi tao iisi jiꞌi jꞌajꞌi dhèu aaꞌi-aaꞌi, sèna ka jꞌajꞌi dhèu aaꞌi-aaꞌi, sèna ka dhèu aaꞌi-aaꞌi jꞌajꞌi dhèu aaꞌi-aaꞌi-aaꞌi, sèna ka jꞌajꞌi dhèu aaꞌi-aaꞌi dhèu aaꞌi-aaꞌi-aaꞌi.""","Hèia dhèu èci peka dènge dhèu èci, aku rèngu na, ""Mai ka! Ji'i tao hadhu-kabela, aa ji'i bhubhu si dènge ai."" Aa rèngu pake kabela j'aj'i hadhu, aa lem dhu èra j'aj'i ngècu. Hèia rèngu peka, ""Mai ka! Ji'i tao kota èci dènge manara èci hia ji'i, dhu dedha na d'ai dedha-liru. Aa ji'i tao pahaha iisi ji'i, sèna ka ji'i baku cèri asa rai aa'i-aa'i.""",,eng,wyc,English,Wycliffe,14.7228,6.2579,6.5748
"forsooth the lord came down to see the city, and the tower, which the sons of adam builded.",hèia lamatua puru mai laladhe kota dènge manara dhu ra patitu èèna.,"Èle èèna ka, Lamatua puru nèti dedha-liru, ho ladhe nèdhi kota dènge hadhu dhu ana-èpu Adam tao.","Èle èèna ka, Lamatua puru nèti dedha-liru, ho ladhe nèdhi kota dènge manara dhu ana-èpu Adam patitu.",,eng,wyc,English,Wycliffe,10.6421,15.5253,14.4913
"and he said, lo! the people is one, and one language is to all, and they have begun to make this; neither they shall cease of their thoughts, till they ful fill those or them in work;","ka na peka na, dhèu rai-haha se, aa'i-aa'i ra ca kabarai, dènge lii èci di. ngaa dhu rèngu tao ne, heka mulai kèna. bèli-camèd'a ladhe rèngu aa'i-aa'i ra j'aj'i mi èci sèmi ne'e, èèna na, ngaa dhu rèngu neo tao, j'aj'i aa'i mèu-mèu.","Èle èèna ka, na peka, aku nèngu na, ""Miu aaꞌi-aaꞌi mi! Miu aaꞌi-aaꞌi mi jꞌajꞌi dhèu aaꞌi-aaꞌi. Miu aaꞌi-aaꞌi mi jꞌajꞌi dhèu aaꞌi-aaꞌi. Miu aaꞌi-aaꞌi mi jꞌajꞌi dhèu aaꞌi-aaꞌi. Miu aaꞌi-aaꞌi mi jꞌajꞌi dhèu aaꞌi-aaꞌi mi jꞌajꞌi dhèu aaꞌi-aaꞌi sèra. Miu aaꞌi-aaꞌi mi jꞌajꞌi dhèu aaꞌi-aaꞌi mi jꞌajꞌi dhèu aaꞌi-aaꞌi.","Èle èèna ka, na peka, nanene! dhèu ne èci, dènge lii èci mi dhèu aa'i-aa'i, aa rèngu mulai tao j'ara ne'e; aa rèngu loe boe nèti ngangee rèngu, toke rèngu tao aa'i mèdha sèra ètu sab'a.",,eng,wyc,English,Wycliffe,16.2388,16.4241,17.4865
"therefore come ye, go we down, and shame or confound we there the tongue of them, that each man hear not the voice of his neighbour.","de be'a risi, èdhi puru lati ho tao lii si baka-leo, ho sèna ka èci ne'a boe lii èci.","De jiꞌi lèpa hari asa era èèna, sèna ka jiꞌi pakajꞌalu lii rèngu. Te rèngu aaꞌi-aaꞌi ra tadèngi boe lii dhèu èci sa.""","De ji'i mai, ji'i dha'u, aa ji'i pakaj'alu lii rèngu ètu èèna, sèna ka dhèu aa'i-aa'i tadèngi boe lii dhèu leo na.",,eng,wyc,English,Wycliffe,-0.3353,-0.6626,-0.4362
and so the lord separated them from that place into all lands; and they ceased to build the city.,"hèia lamatua puru, ka kakeho lii ra. dènge j'ara sèmi èèna, na pacèri si palème rai-haha ne. ka ra pakèd'i taruu heka kota deo na.","Èle èèna ka, Lamatua pahie eele dhèu seꞌe nèti era neꞌe asa rai-haha ne. Hèia dhèu aaꞌi-aaꞌi roꞌo boe patitu kota ne.","Èle èèna ka, Lamatua pacèri eele dhèu seꞌe nèti era neꞌe asa rai-haha ne. Hèia dhèu aaꞌi-aaꞌi mau patitu kota ne.",,eng,wyc,English,Wycliffe,2.6041,3.0143,2.8161
"and therefore the name thereof was called babel, for the language of all the earth was confounded there; and from thence the lord scattered them on the face of all countries.","nèti èèna ka, ra pangare kota na, babel dhu sasoa na ‘pab'ingu', lula lamatua kakeho lii ra, aa pacèri eele si palème rai-haha ne.","Nèti èèna ka, dhèu aaꞌi-aaꞌi ra paroa kota ne, 'Babel'. Nèti èèna ka, dhèu aaꞌi-aaꞌi ètu rai-haha ne reꞌa boe lii dhèu aaꞌi-aaꞌi ètu rai-haha ne. Nèti èèna ka, Lamatua paꞌele iie dhèu aaꞌi-aaꞌi ètu rai-haha ne.","Nèti èèna ka, dhèu aaꞌi-aaꞌi ra paroa kota ne, 'Babel'. Nèti èèna ka, dhèu aaꞌi-aaꞌi ètu rai-haha ne reꞌa boe lii sama-sama. Nèti èèna ka, Lamatua paꞌele iie dhèu aaꞌi-aaꞌi ètu rai-rai aa'i.",,eng,wyc,English,Wycliffe,-0.2408,-0.1136,-0.0133
"these be the generations of shem. shem was an hundred years when he begat arphaxad, two years after the great flood.","se'e se, ana-èpu sem. ropa èle èi aae lala dua tèu sa, sem mamuri cangasu tèu kèna, ka na abhu ana mone ca dhèu, ngara na arpaksad.","Rèngu aaꞌi-aaꞌi se, nuka sèmi uru èèna, lodꞌo Lamatua dedꞌe aaꞌi-aaꞌi ètu rai-haha ne. Lodꞌo Lamatua dedꞌe aaꞌi-aaꞌi ètu rai-haha ne, sèmi èèna kahèi. Lodꞌo Lamatua dedꞌe aaꞌi-aaꞌi ètu rai-haha ne, Lodꞌo Lamatua dedꞌe aaꞌi-aaꞌi ètu rai-haha ne. Lodꞌo Lamatua dedꞌe aaꞌi-aaꞌi ètu rai-haha ne, Lodꞌo Lamatua jꞌajꞌi dhèu aaꞌi-aaꞌi. Lodꞌo Lamatua jꞌajꞌi dhèu aaꞌi-aaꞌi. Lodꞌo Lamatua jꞌajꞌi dhèu aaꞌi-aaꞌi dhèu aaꞌi-aaꞌi dhèu aaꞌi-aaꞌi dhèu aaꞌi-aaꞌi dhèu aaꞌi-aaꞌi dhèu aaꞌi-aaꞌi.","Ne'e ka bèi-baki nèti Sèmi. Sèmi umur na cangasu tèu kèna, ropa na matana Arpaksad, dua tèu èle ka èi aae lala.",,eng,wyc,English,Wycliffe,25.5563,20.6762,24.6619
"and shem lived after that he begat arphaxad five hundred years, and begat sons and daughters.","ka sem mamuri hari d'ai lèmi ngasu tèu, na abhu hari ana mone dènge ana bhèni.","Èle èèna ka, Sem mamuri toke dꞌai lèmi nguru tèu. Èle èèna ka, Sem abhu ana mone dènge ana bhèni.","Aa èle Sem matana Arpaksad, nèngu mamuri lèmi nguru tèu, aa abhu ana mone dènge ana bhèni.",,eng,wyc,English,Wycliffe,2.1174,0.287,0.9973
"forsooth arphaxad lived five and thirty years, and begat salah;","lod'o umur arpaksad d'ai tèlu nguru lèmi tèu, na abhu ana mone ca dhèu, ngara na sela.","Èle èèna ka, Arpasad mamuri toke dꞌai tèlu nguru tèu.","Èle èèna ka, Arpasad mamuri toke dꞌai tèlu nguru lèmi tèu, aa matana Salah.",,eng,wyc,English,Wycliffe,16.3261,12.8062,12.3053
"and arphaxad lived after that he begat salah three hundred and three years, and begat sons and daughters.","ka arpaksad mamuri hari d'ai èpa ngasu tèlu tèu, na abhu hari ana mone dènge ana bhèni.","Èle èèna ka, Arpasad mamuri toke tèlu nguru tèlu tèu. Èle èèna ka, Arpasad jꞌajꞌi dhèu mone dènge ana bhèni.","Aa Arpasad mamuri tèlu ngasu dènge tèlu tèu èle nèngu matana Salah, aa matana ana mone dènge ana bhèni.",,eng,wyc,English,Wycliffe,11.9332,3.8825,4.677
"and salah lived thirty years, and begat eber;","lod'o umur sela d'ai tèlu nguru tèu, na abhu ana mone ca dhèu, ngara na eber.","Èle èèna ka, nèngu mamuri toke dꞌai tèlu nguru tèu, hèia na bhèlu eele nèti dꞌara bèdho na ètu dꞌara èmu bèdho, hèia na bhèlu eele nèti dꞌara bèdho na ètu dꞌara Èmu Kapua Manèngi-Mangajꞌi ètu dꞌara Èmu Kapua Manèngi-Mangajꞌi ètu dꞌara Èmu Kapua Manèngi-Mangajꞌi ètu dꞌara Èmu Kapua Manèngi-Mangajꞌi ètu dꞌara Èmu Kapua Manèngi-Mangajꞌi ètu dꞌara Èmu Kapua Manèngi-Mangajꞌi ètu dꞌara Èmu Kapua Manèngi-Mangajꞌi ètu dꞌara Èmu Kapua Manèngi-Mangajꞌi ètu dꞌara Èmu Kapua Manèngi-Mangajꞌi.","Aa salah mamuri tèlu nguru tèu, aa matana eber.",,eng,wyc,English,Wycliffe,17.0817,9.8437,16.2647
"and salah lived after that he begat eber four hundred and three years, and begat sons and daughters.","ka sela mamuri hari d'ai èpa ngasu tèlu tèu, na abhu hari ana mone dènge ana bhèni.","Èle èèna ka, Abraham mamuri èpa nguru tèlu tèu. Èle èèna ka, Abraham nara iisi ana mone dènge ana bhèni.","Aa Salah mamuri, èle nèngu matana Eber ka, nèngu mamuri èpa ngasu dènge tèlu tèu, aa nara iisi ana mone dènge ana bhèni.",,eng,wyc,English,Wycliffe,1.1172,3.4013,3.2724
"soothly eber lived four and thirty years, and begat peleg;","lod'o umur eber d'ai tèlu nguru èpa tèu, na abhu ana mone ca dhèu, ngara na pelek.","Èber mamuri dènge beꞌa toke dꞌai tèlu nguru tèu, hèia na bhèlu.","Èber mamuri tèlu nguru èpa tèu, aa matana Peleg.",,eng,wyc,English,Wycliffe,5.781,4.0382,5.2535
"and eber lived after that he begat peleg four hundred and thirty years, and begat sons and daughters.","ka eber mamuri era d'ai èpa ngasu tèlu nguru tèu, na abhu hari ana mone dènge ana bhèni.","Lodꞌo èèna, Eber mamuri toke èpa nguru tèlu tèu. Èle èèna ka, na abhu ana mone dènge ana bhèni.","aa Eber mamuri èle na matana Peleg èpa ngasu dènge tèlu nguru tèu, aa na abhu ana mone dènge ana bhèni.",,eng,wyc,English,Wycliffe,11.3704,7.2103,6.8623
"also peleg lived thirty years, and begat reu;","lod'o umur pelek d'ai tèlu nguru tèu, na matana ana mone ca dhèu, ngara na rehu.","Hèia Peleg mamuri toke dꞌai 30 tèu, hèia na bèdhu-bèdhu dènge bèdhu-bèdhu ètu dꞌara bèdhu-bèdhu nèti dꞌara bèdhu-bèdhu, hèia na abhu bèdhu-bèdhu ètu dꞌara bèdhu-bèdhu ètu dꞌara bèdhu-bèdhu-bèdhu nèti dꞌara bèdhu-bèdhu-bèdhu nèti dꞌara bèdhu-bèdhu-bèdhu-bèdhu-bèdhu-bèdhu-bèdhu-bèdhu-bèdhu-bèdhu-bèdhu-bèdhu-bèdhu-bèdhu-bèdhu-bèdhu-bèdhu-bèdhu-bèdhu-bèdhu-bèdhu-bèdhu-bèdhu-bèdhu-bèdhu-bèdhu-bèdhu-bèdhu-bèdhu-bèdhu-bèdhu-bèdhu-bèdhu-bèdhu-bèdhu-bèdhu-bèdhu.","Hèia Peleg mamuri toke dꞌai tèlu nguru tèu, hèia na matana Reu.",,eng,wyc,English,Wycliffe,26.262,22.4431,23.3521
"and peleg lived after that he begat reu two hundred and nine years, and begat sons and daughters.","ka pelek mamuri era d'ai dua ngasu ceo tèu, na abhu hari ana mone dènge ana bhèni.","Èle èèna ka, Peleg mamuri toke dꞌai dua nguru nguru tèu. Èle èèna ka, na abhu ana-èpu dènge ana-èpu nèti dhèu aaꞌi-aaꞌi ètu dꞌara èmu rèngu, ka ra jꞌajꞌi dhèu aaꞌi-aaꞌi dhèu aaꞌi-aaꞌi ètu dꞌara èmu rèngu ètu dꞌara Èmu Kapua Manèngi-Mangajꞌi ètu dꞌara Èmu Kapua Manèngi-Mangajꞌi ètu dꞌara Èmu Kapua Manèngi-Mangajꞌi ètu dꞌara Èmu Kapua Manèngi-Mangajꞌi ètu dꞌara Èmu Kapua Manèngi-Mangajꞌi ètu dꞌara Èmu Kapua Manèngi-Mangajꞌi ètu dꞌara Èmu Kapua Manèngi-Mangajꞌi ètu dꞌara Èmu Kapua Manèngi-Mangajꞌi ètu dꞌara Èmu Kapua Manèngi-Mangajꞌi-Mangajꞌi.","aa Peleg mamuri. Èèna ka na matana Reu, na mamuri hari dua ngasu dènge ceo tèu, aa na matana ana-mone dènge ana-bhèni.",,eng,wyc,English,Wycliffe,12.3178,25.8896,27.9988
"and reu lived two and thirty years, and begat serug;","lod'o umur rehu d'ai tèlu nguru dua tèu, na abhu ana mone èci, ngara na seruk.","Èle èèna ka, Rèhu mamuri toke dꞌai 30 tèu. Èle èèna ka, na maso boe.","aa Rèhu mamuri toke d'ai tèlu nguru dènge dua tèu, aa na matana Serug.",,eng,wyc,English,Wycliffe,24.1273,23.0344,21.7095
"and reu lived after that he begat serug two hundred and seven years, and begat sons and daughters.","ka rehu mamuri era d'ai dua ngasu pidhu tèu, na abhu hari ana mone dènge ana bhèni.","Rèhu mamuri toke dꞌai dua nguru pidhu tèu. Èle èèna ka, na abhu ana mone dènge ana bhèni.","Rèhu matana Serug. Èle èèna ka, na mamuri dua ngasu pidhu tèu, aa na matana ana mone dènge ana bhèni.",,eng,wyc,English,Wycliffe,0.4333,0.359,0.457
"soothly serug lived thirty years, and begat nahor;","lod'o umur seruk d'ai tèlu nguru tèu, na matana ana mone ca dhèu, ngara na nahor.","Èle èèna ka, Nahor madhe. Na mamuri dènge beꞌa toke dꞌai 30 tèu.","Seruk mamuri tèlu nguru tèu, aa matana Nahor.",,eng,wyc,English,Wycliffe,15.7074,20.2647,20.8663
"and serug lived after that he begat nahor two hundred years, and begat sons and daughters.","ka seruk mamuri era d'ai dua ngasu tèu, ka na abhu hari ana mone dènge ana bhèni.","Èle èèna ka, Serug mamuri toke dꞌai dua nguru tèu. Èle èèna ka, na nara iisi Nahor, dènge ana-èpu nèti dhèu aaꞌi-aaꞌi ètu dꞌara Èmu Kapua Manèngi-Mangajꞌi ètu dꞌara Èmu Kapua Manèngi-Mangajꞌi ètu dꞌara Èmu Kapua Manèngi-Mangajꞌi ètu dꞌara Èmu Kapua Manèngi-Mangajꞌi ètu dꞌara Èmu Kapua Manèngi-Mangajꞌi ètu dꞌara Èmu Kapua Manèngi-Mangajꞌi ètu dꞌara Èmu Kapua Manèngi-Mangajꞌi ètu dꞌara Èmu Kapua Manèngi-Mangajꞌi.","Aa Serug mamuri èle na matana Nahor dua ngasu tèu, dènge matana ana-mone dènge ana-bhèni.",,eng,wyc,English,Wycliffe,21.938,22.5426,24.5178
"forsooth nahor lived nine and twenty years, and begat terah;","lod'o umur nahor d'ai dua nguru ceo tèu, na abhu ana mone èci, ngara na tera.","Ropa Nahor mamuri, nèngu mamuri toke dꞌai dua nguru tèu, hèia na madhe.","Nahor mamuri dua nguru ceo tèu, aa na matana Tera.",,eng,wyc,English,Wycliffe,5.3732,7.2047,8.1153
"and nahor lived after that he begat terah an hundred and nineteen years, and begat sons and daughters.","ka nahor mamuri era d'ai cangasu canguru ceo tèu, ka na abhu hari ana mone dènge ana bhèni.","Èle èèna ka, Nahor mamuri toke dꞌai ca tèu nguru nguru tèu. Èle èèna ka, Nahor nara iisi ana mone dènge ana bhèni.","Aa Nahor mamuri èle nèngu matana Terah, cangasu dènge nguru dènge ceo tèu, aa nara iisi ana mone dènge ana bhèni.",,eng,wyc,English,Wycliffe,8.1128,8.1212,7.4247
"and terah lived seventy years, and begat abram, nahor, and haran.","lod'o umur tera d'ai pidhu nguru tèu risi, na abhu ana mone, dhèu tèlu: abram, nahor, dènge haran.","Èle èèna ka, Abram, Nahor, dènge Haran mamuri taruu.","Tera mamuri pidhu nguru tèu, aa matana Abram, Nahor, dènge Haran.",,eng,wyc,English,Wycliffe,10.7967,16.1239,15.0672
"soothly these be the generations of terah. terah begat abram, nahor, and haran. forsooth haran begat lot;","ana-èpu tera, sèmi ne'e: ana mone na, ka: abram, nahor, dènge haran. haran abhu ana mone ca dhèu, ngara na lot.","Rèngu aaꞌi-aaꞌi ra ètu rai-haha ne. Rèngu aaꞌi-aaꞌi ra ètu rai-haha ne, ngara na Abram, Nahor, dènge Haran. Rèngu aaꞌi-aaꞌi ra ètu rai-haha ne, ngara na Haran. Rèngu aaꞌi-aaꞌi ra ètu rai-haha ne, ngara na Haran. Rèngu aaꞌi-aaꞌi ra ètu rai-haha ne, ngara na Haran. Rèngu aaꞌi-aaꞌi ra ètu rai-haha ne, nèti rai-haha ne. Rèngu aaꞌi-aaꞌi ra ètu rai-haha ne, nèti rai-haha ne, nèti rai-haha ne. Rèngu aaꞌi-aaꞌi ra ètu rai-haha ne, nèti rai-haha ne, nèti rai-haha ne, nèti rai-haha ne, nèti rai-haha ne.","Sanèd'e, ne'e ka dhu bèi-baki nèti Terah. Terah matana Abram, Nahor, dènge Haran. Te Haran matana Lot.",,eng,wyc,English,Wycliffe,7.0592,4.327,7.2386
"and haran died before terah, his father, in the land of his nativity, in ur of chaldees.","haran madhe ètu rae èta-èsu na, ngara na ur, rai dhèu kasdim. lod'o èèna, ama na tera mamuri era.","Èle èèna ka, Haran madhe ètu rai ama na, ètu rae Ur, ètu rai Kaldea.","Aa Haran madhe uru nèti Terah, ama na, ètu rai dhu na rara iisi, ètu rae Ur, ètu rai Kaldea.",,eng,wyc,English,Wycliffe,0.1316,1.0751,-0.2255
"forsooth abram and nahor wedded wives; the name of the wife of abram was sarai, and the name of the wife of nahor was milcah, the daughter of haran, father of milcah, and father of iscah.","abram madhèdi dènge sarai. nahor leo dènge ana bhèni haran, ngara na milka. haran abhu ana mone èci kahèi, ngara na yiska.","Nèti èèna ka, Abram dènge Nahor jꞌajꞌi dhèu èmu-kamali. Ngara dhèu èmu Na, Sarai. Ngara dhèu èmu Nahor, Milka. Dhèu èmu na, Haran, dènge ana-èmu na, Isak. Nèti èèna ka, Abram dènge Nahor jꞌajꞌi dhèu èmu-kamali. Nèti èèna ka, Nahor jꞌajꞌi dhèu èmu-kamali. Nèngu jꞌajꞌi dhèu èmu-kamali. Nèngu jꞌajꞌi dhèu èmu-kamali. Nèngu jꞌajꞌi dhèu èmu-kamali. Nèngu jꞌajꞌi dhèu èmu-kamali. Nèngu jꞌajꞌi dhèu èmu-kamali. Nèngu jꞌajꞌi dhèu èmu-kamali.","Nèti èèna ka, Abram dènge Nahor jꞌajꞌi dhèu èmu-kamali. Ngara dhèu èmu Abram, Sarai, dènge ngara dhèu èmu Nahor, Milka, ana-bhèni Haran, dènge Iska.",,eng,wyc,English,Wycliffe,1.527,3.6125,6.0117
"soothly sarai was barren, and had no children.",te ngaa sarai dènge boe ana.,"Nèti èèna ka, Sarai jꞌajꞌi dhèu baku bhèni. Nèngu dènge boe ana.",Sarai j'aj'i dhèu baku bhèni. Nèngu dènge boe ana.,,eng,wyc,English,Wycliffe,4.9314,1.7982,3.7844
"and so terah took abram, his son, and lot, the son of haran, his son, and sarai, his daughter-in-law, the wife of abram, his son, and led them out of ur of chaldees, that they should go into the land of canaan; and they came unto haran, and dwelled there.","ca tèka, tera nèti ana na abram, dènge sarai dhèu èmu abram, dènge èpu na lot, lasi tèke eele rae ur, neo lasi asa rai kana'an. te ngaa lasi d'ai rae haran, rèngu pea ka ètu èèna.","Èle èèna ka, dhèu aaꞌi-aaꞌi ètu rai-haha ne, rèti Abram, ana na, Lot, dènge Sarai, ana bhèni na. Dhèu aaꞌi-aaꞌi èèna, dhèu èmu Abram. Hèia dhèu aaꞌi-aaꞌi tèke eele rai-haha ne nèti Uru nèti dhèu Kaldea, lasi asa rai-haha ne, ètu rai-haha ne. Èle èèna ka, rèngu dꞌai Haran, ka ra pea ètu neꞌe.","Èle èèna ka, Tera rèti Abram, ana na, dènge Lot, ana Haran, ana na, dènge Sarai, bhèni ana na, nuka bhèni Abram, ana na, hèia nèngu rèti si kalua nèti Uru nèti dhèu Kaldea, sèna ka rèngu lami asa rai Kana'an; Èle èèna ka, rèngu d'ai Haran, ka ra pea ètu ne'e.",,eng,wyc,English,Wycliffe,-1.881,-2.2408,-2.0457
"and the days of terah were made two hundred years and five, and he was dead in haran.","tera madhe ètu èèna, dènge umur na dua ngasu lèmi tèu.","Èle èèna ka, Musa mamuri toke dꞌai dꞌai dua nguru èpa tèu. Èle èèna ka, na madhe ètu dꞌara rae Haran.","Èle èèna ka, Tera mamuri toke d'ai dua ngasu dènge lèmi tèu. Èle èèna ka, na madhe ètu rae Haran.",,eng,wyc,English,Wycliffe,10.7192,17.826,16.9044
"forsooth the lord said to abram, go thou out of thy land, and of thy kindred, and of the house of thy father, and come thou into the land which i shall show to thee;","lod'o èèna, lamatua peka le dènge abram, peka na, abram! èu pakèd'i nèti era èu ne, tèke eele ina-ama èu, èmu ina-ama mu, dènge rae-lesa èu. lamu asa era èci, dhu pe ja'a peka dènge èu.","Èle èèna ka, Lamatua peka dènge Abram, aku Nèngu na, 'Ladhe sèmi èèna, èu hudꞌi tèke eele rai èu, dènge aꞌari èu, dènge èmu ama èu, ho laꞌe asa rai dhu Jaꞌa padꞌelo dènge èu.","Èle èèna ka, Lamatua peka dènge Abram, aku Nèngu na, 'pakèd'i nèti rai èu, dènge a'ari èu, dènge èmu ama èu, ho la'e asa rai dhu Ja'a pad'elo dènge èu.",,eng,wyc,English,Wycliffe,0.5831,0.7102,0.2836
"and i shall make thee into a great folk, and i shall bless thee, and i shall magnify thy name, and thou shalt be blessed;","èèna na, ja'a hia mèngi-nale mi èu. aa ana-èpu èu, èèna na, bèba-kacanga, j'aj'i suku dhu kapai, toke dhèu tadhe kolongara èu. ho bèli-camèd'a, èu j'aj'i berkat hia dhèu leo kahèi.",Jaꞌa tao èu jꞌajꞌi suku kapai. Jaꞌa pakabꞌua èu. Jaꞌa dedꞌe padedha-dedha kolongara èu. Jaꞌa pakabꞌua èu kahèi.,"Aa jaꞌa tao èu jꞌajꞌi suku kapai, aa jaꞌa pakabꞌua èu, aa jaꞌa dedꞌe padedha-dedha kolongara èu, aa èu hud'i oto.",,eng,wyc,English,Wycliffe,-1.4127,-0.2384,-0.2763
"i shall bless them that bless thee, and i shall curse them that curse thee; and all kindreds of the earth shall be blessed in thee.","èèna na, ja'a hia berkat mi dhèu dhu hia berkat mi èu. te ngaa ja'a huku dhèu cee dhu dhoo èu. nanene paie! pe èèna na, dhèu aa'i-aa'i ètu rai-haha ne abhu berkat lula èu.","Dhèu aaꞌi-aaꞌi ètu rai-haha ne, bèli-camèdꞌa abhu berkat. Aa dhèu aaꞌi-aaꞌi ètu rai-haha ne, bèli-camèdꞌa abhu berkat. Aa dhèu aaꞌi-aaꞌi ètu rai-haha ne, bèli-camèdꞌa abhu berkat.""","Ja'a neo pabe'a dhèu dhu pabe'a èu, aa ja'a neo dhoo dhèu dhu dhoo èu; aa suku aa'i-aa'i ètu rai-haha ne, bèli-camèd'a abhu berkat ètu èu.",,eng,wyc,English,Wycliffe,21.5847,8.7848,11.0418
"and so abram went out, as the lord commanded him, and lot went with him. abram was five and seventy years when he went out of haran. and he took sarai, his wife, and lot, the son of his brother, and all the substance which they had in possession, and the men which they had begotten in haran; and they went out that they should go into the land of canaan. and when they came into it,","lod'o èèna, umur abram pidhu nguru lèmi tèu. na nèti dhèu èmu na sarai, aa dènge ana ari na, lot, dènge mèdha-panyau ra aa'i-aa'i, aa dènge dhèu sab'a na aa'i-aa'i dhu na abhu ètu kota haran. hèia abram si lasi ka, tèke eele kota haran, asa era dhu lamatua peka le dènge ne. ka ra kako taruu, d'ai rai èci, ngara na kana'an.","Èle èèna ka, Abram dènge Sarai, dhèu èmu na, dènge Lot, dènge mèdha-panyau rèngu aaꞌi-aaꞌi dhu rèngu abhu ètu Haran. Ropa rèngu maso asa rai Kanaꞌan,","Èle èèna ka, Abram kalua, sèmi Lamatua paredha ne, dènge Lot kako dènge ne. Umur Abram pidhu nguru lèmi tèu lod'o nèngu kalua nèti Haran. Dènge nèngu nare Sarai, dhèu èmu na, dènge Lot, ana mone ari na, dènge mèdha-panyau rèngu aa'i-aa'i dhu rèngu abhu ètu Haran, dènge dhèu-dhèu dhu rèngu abhu ètu Haran. Dènge rèngu kalua ho rèngu lami asa rai Kana'an. Ropa rèngu maso asa rai Kana'an,",,eng,wyc,English,Wycliffe,18.4252,24.0208,20.0677
"abram passed through the land till to the place of shechem, and till to the noble valley. forsooth canaanite was then in the land.","d'ai era èèna, abram kako palème rai ne, toke d'ai padètu dènge rae èci, ngara na sikem. ka ra pea taha ètu èèna, padètu dènge aj'u aae ca kapua ètu more. lod'o èèna, dhèu kana'an dhu pea ètu èèna era.","Èle èèna ka, Abram kako taruu asa rai Sikem, toke dꞌai dꞌara bèdho dhu kabꞌua. Lodꞌo èèna, dhèu Kanaani pea ètu rai-haha ne.","Abram kako taruu asa rai Sikem, aa toke d'ai bèdho dhu kab'ua. Lod'o èèna, dhèu Kanaani pea ètu rai-haha ne.",,eng,wyc,English,Wycliffe,0.7105,0.8996,0.4178
"soothly the lord appeared to abram, and said to him, i shall give this land to thy seed. and abram built there an altar to the lord, that appeared to him.","ètu era èèna ka, lamatua pad'elo iisi na mi abram, peka na, èèna na, ja'a hia ana-èpu èu rai ne'e ne. ka abram pudhi hadhu tao mei korban hia lamatua dhu pad'elo iisi na dènge nèngu ètu era èèna.","Èle èèna ka, Lamatua padꞌelo jꞌara-jꞌara mi Abram, ka Na peka, aku Nèngu na, ""Jaꞌa bꞌala rai ne mi ana-èpu èu kahèi."" Hèia Abram pajꞌujꞌu ètu èèna, sèna ka pajꞌujꞌu mei ho manèngi-mangajꞌi mi Lamatua dhu padꞌelo jꞌara-jꞌara mi Nèngu.","Èle èèna ka, Lamatua padꞌelo jꞌara-jꞌara mi Abram, ka Na peka, aku Nèngu na, ""Jaꞌa bꞌala rai ne mi ana-èpu èu."" Hèia Abram tao ètu èèna mei ho manèngi-mangajꞌi mi Lamatua dhu padꞌelo jꞌara-jꞌara mi Nèngu.",,eng,wyc,English,Wycliffe,1.7713,-0.5785,-0.1634
"and from thence he passed forth to the hill or the mount of bethel, that was against the east, and setted there his tabernacle, having bethel from the west, and hai from the east. and he builded also there an altar to the lord, and inwardly called his name.","èle èèna ka, abram si pidha hari asa ledhe re balèu. ka ra pea taha ètu talora rae betel dènge rae ai. ètu èèna, na patitu mei korban èci ho na mangaj'i mi lamatua.","Èle èèna ka, na lèpa hari asa ledhe èci, dhu jꞌajꞌi musi madha rae Betel. Èle èèna ka, na patitu èmu na ètu era neꞌe. Ètu era neꞌe, ètu era neꞌe, ètu era neꞌe, ètu era neꞌe, ètu era neꞌe, ètu era neꞌe, ètu era neꞌe, ètu era neꞌe, ètu era neꞌe, ètu era neꞌe, ètu era neꞌe, ètu era neꞌe, ètu era neꞌe, ètu era neꞌe, ètu era neꞌe, nèti era neꞌe. Ètu era neꞌe, nèti era neꞌe, na nèti era neꞌe, nèti era neꞌe, nèti era neꞌe, nèti era neꞌe, nèti era neꞌe. Ètu era neꞌe, nèti era neꞌe, nèti madha Lamatua.","Èle èèna ka, na lèpa hari asa ledhe Betel, dhu tangara asa dhimu. Ètu èèna ka, na patitu èmu na, dhu Betel nèti haa, aa Hai nèti dhimu. Aa na tao kahèi mei korban èci mi Lamatua ètu èèna, aa na manèngi kolongara na.",,eng,wyc,English,Wycliffe,14.642,14.1971,16.8126
"and abram went going, and going forth over to the south.","èle èèna ka, na pidha-pidha era, d'ai rai negeb re ca bèka balèu nèti rai kana'an.","Èle èèna ka, Abram laꞌe asa cabèka.","Èle èèna ka, Abram laꞌe asa balèu.",,eng,wyc,English,Wycliffe,0.0775,-0.4968,0.3705
"soothly hunger was made in the land; and abram went down into egypt, to be a pilgrim there, for hunger had the mastery in the land.","ca tèka, rai kana'an lèke manganga aae. nèti èèna ka, abram si lasi asa bèka balèu, ka ra d'ai rai masir. ka ra manubha taha ètu nèi.","Èle èèna ka, abhu pèri-pèri heka ètu rai-haha ne. Nèti èèna ka, abhu pèri-pèri heka ètu rai-haha ne. Nèti èèna ka, abhu pèri-pèri heka ètu rai-haha ne, sèna ka jꞌajꞌi dhèu sabꞌa ètu rai-haha ne. Nèti èèna ka, Abram laꞌe neo pea ètu rai-haha ne, sèna ka jꞌajꞌi dhèu sabꞌa ètu rai-haha ne.","Bèli-camèd'a abhu manganga ètu rai-haha; aa Abram la'e dha'u asa Masir, sèna ka j'aj'i dhèu sab'a ètu nèi, lula manganga aae j'aj'i ètu rai-haha.",,eng,wyc,English,Wycliffe,4.0997,5.4855,5.8948
"and when he was nigh to enter into egypt, he said to sarai, his wife, i know that thou art a fair woman,","ropa oe d'ai masir, abram peka dènge dhèu èmu na, sarai, aku nèngu na, sarai, èu bhèni iia, nia boe.","Ropa dꞌai dꞌara dꞌara rai Masir, hèia na peka dènge Sarai, dhèu èmu na, aku nèngu na, ""Èu ne dhèu bhèni dhu beꞌa.","Ropa na dètu ho maso asa rai Masir, hèia na peka dènge Sarai, dhèu èmu na, ja'a ne'a na, ""Èu ne dhèu bhèni dhu be'a.""",,eng,wyc,English,Wycliffe,-9.523,-7.4969,-8.5258
"and that when egyptians shall see thee, they shall say, it is his wife, and they shall slay me, and keep thee.","de ladhe dhèu masir rèdhi èu bhèni iia sèmi ne'e, mage dhoka ra pamadhe ja'a, lula ja'a dhèu èmu-kamali èu. dènge sèmi èèna, ra parame rare èu.","Ladhe dhèu Masir ladhe rèdhi èu, hèia ra peka na, 'Dhèu ne, dhèu èmu na.' Hèia ra pamadhe jaꞌa, te ngaa èu mamuri hari.'","Ladhe dhèu Masir ladhe rèdhi èu, hèia ra peka na, 'Dhèu ne, dhèu èmu na.' Hèia ra pamadhe jaꞌa, aa ra patabuli èu.",,eng,wyc,English,Wycliffe,0.9425,0.4653,1.3248
"therefore, i beseech thee, say that thou art my sister, that it be well to me for thee, and that my life live for the love of thee.","de be'a risi, èu peka dènge ra, na ja'a ne, ana mone èu. dènge sèmi èèna ka, rèngu pamadhe boe ja'a, aa ra be'a-be'a dènge ja'a, lula èu ne.","Nèti èèna ka, jaꞌa manèngi sèna ka èu peka na, èu ne, aꞌari jaꞌa. Dènge jꞌara neꞌe, jaꞌa bisa mamuri dènge èu.","Nèti èèna ka, jaꞌa manèngi sèna ka èu peka na, èu ne, aꞌari jaꞌa. Sèna ka be'a mi ja'a lula èu, aa sèna ka ja'a mamuri lula sue mi èu.",,eng,wyc,English,Wycliffe,3.697,2.0303,2.9183
"and so when abram had entered into egypt, egyptians saw the woman, that she was full fair;","ropa abram si d'ai masir, dhèu ètu èèna, ladhe laa na, sarai ne bhèni iia titu kèna.","Ropa Abram maso asa rai Masir, dhèu Masir ladhe rèdhi bhèni bhèni ne, na, bhèni ne bhèni dhu kapai.","Ropa Abram maso asa rai Masir, dhèu Masir ladhe rèdhi bhèni ne, na, nèngu dhu saraga titu kèna.",,eng,wyc,English,Wycliffe,6.5996,5.4251,5.9976
"and the princes told to pharaoh, and praised her with him; and the woman was taken up into the house of pharaoh.","ropa dhèu sab'a dhèu aae sèra ladhe rèdhi ne, aa ra koa bhabhèni iia na ètu madha dhèu aae. ka rèti bhèni ne, asa èmu dhèu aae.","Èle èèna ka, dhèu heka-dhèu ètu dꞌara èmu dhèu aae kapai sèra lasi peka dènge dhèu aae kapai sèra, peka na, ana bhèni ne, dhèu aae kapai. Hèia dhèu aae kapai rèti bhèni ne asa dꞌara èmu dhèu aae kapai sèra, ho rèti bhèni ne asa dꞌara èmu dhèu aae kapai sèra.","aa dhèu aae-dhèu kapai peka dènge dhèu aae, aa koa-kio kolongara ne dènge nèngu; hèia dhèu aae rèti bhèni ne asa d'ara èmu dhèu aae.",,eng,wyc,English,Wycliffe,13.5916,-1.6937,1.8473
"forsooth they used well abram for her; and sheep, and oxen, and asses, and servants, and servantesses, and she-asses, and camels were given to him.","hèia dhèu aae be'a-be'a ka dènge abram, lula sarai. ka na parasee abram mèdha rupa-rupa. nuka badha sèmi: kahib'i-kalèbho, kahib'i-ka'ia, sapi, keled'ei, dènge onta. na parasee kahèi, ènu dhèu mone dènge dhèu bhèni.","Nèti èèna ka, dhèu aaꞌi-aaꞌi ra pajꞌujꞌu mèdha-panyau dènge kahibꞌi-kalèbho, dènge kahibꞌi-kalèbho dènge kahibꞌi-kalèbho, dènge kahibꞌi-kalèbho dènge kahibꞌi-kalèbho dènge kahibꞌi-kalèbho dènge kahibꞌi-kalèbho dènge kahibꞌi-kalèbho dènge kahibꞌi-kalèbho dènge kahibꞌi-kalèbho dènge kahibꞌi-kalèbho dènge kahibꞌi-kalèbho dènge kahibꞌi-kalèbho dènge kahibꞌi-kalèbho dènge kahibꞌi-kalèbho dènge kahibꞌi-kalèbho dènge kahibꞌi-kalèbho dènge kahibꞌi-kalèbho dènge kahibꞌi-kalèbho.","Nèti èèna ka, dhèu aaꞌi-aaꞌi ra pajꞌujꞌu mèdha-panyau abram hia ne; dènge kahibꞌi, dènge sapi, dènge keledai, dènge ènu, dènge ènu bhèni, dènge keledai bhèni, dènge onta ra hia mi nèngu.",,eng,wyc,English,Wycliffe,4.863,4.4763,8.3244
"forsooth the lord beat pharaoh and his house with most vengeances for sarai, the wife of abram.","lula na nare dhèu èmu dhèu asa d'ara èmu na, nèti èèna ka, lamatua hia huku rupa-rupa mi dhèu aae dènge isi èmu na.","lodꞌo Ama Lamatua pahie eele Sarai, dhèu èmu Abram, nèti dhèu aae jꞌajꞌi dhèu aae-dhèu nèti dꞌara jꞌara-jꞌara aaꞌi-aaꞌi ètu dꞌara jꞌara-jꞌara aae nèti dꞌara jꞌara-jꞌara aae nèti dꞌara jꞌara-jꞌara aae nèti dꞌara jꞌara-jꞌara aae nèti dꞌara jꞌara-jꞌara aae nèti dꞌara jꞌara-jꞌara aae nèti dꞌara jꞌara-jꞌara aae nèti dꞌara jꞌara-jꞌara aae nèti dꞌara jꞌara-jꞌara aae nèti dꞌara jꞌara-jꞌara aae nèti dꞌara jꞌara-jꞌara aae nèti dꞌara jꞌara-jꞌara aae nèti dꞌara jꞌara-jꞌara.","Mema Ama Lamatua hake Firaun dènge èmu na dènge calaka ae-ae lula Sarai, dhèu èmu Abram.",,eng,wyc,English,Wycliffe,6.3611,2.6145,6.6172
"and pharaoh called abram, and said to him, what is it that thou hast done to me? why showedest thou not to me that she was thy wife?","hèia dhèu aae masir paroa abram, ka na karèi ne, aku nèngu na, èu ne tao tasamia mi ja'a ne? nga tao ka èu peka boe na, bhèni ne dhèu èmu èu?","Èle èèna ka, dhèu aae Farao paroa Abram, ka na karèi ne, aku nèngu na, ""Nga tao ka èu tao sèmi èèna mi jaꞌa? Nga tao ka èu padꞌelo boe, na, nèngu ne, dhèu èmu èu?""","Èle èèna ka, dhèu aae Farao paroa Abram, aku nèngu na, ""Nga tao ka èu tao sèmi èèna mi jaꞌa? Nga tao ka èu padꞌelo boe, na, nèngu ne, dhèu èmu èu?""",,eng,wyc,English,Wycliffe,-7.0622,-9.9452,-8.9594
"for what cause saidest thou, that she was thy sister, that i should take her into wife to me? now therefore lo! thy wife; take thou her, and go.","te ngaa aku èu na, nèngu ne ana hèni èu! nèti èèna ka, ja'a oe kore ne j'aj'i dhèu èmu ja'a! dhèu èmu èu ka ne'e! more hari ka, aa pakaj'èu ka nèti madha ja'a!","Nga tao ka èu peka na, 'Nèngu ne, aꞌari èu?' De jaꞌa jꞌaga ne ho jꞌajꞌi dhèu èmu èu. Nèti èèna ka, nèngu jꞌajꞌi dhèu èmu èu, ho lèpa!""","Nga tao ka èu peka na, 'Nèngu ne, a'ari èu?' sèna ka ja'a nare ne j'aj'i dhèu èmu ja'a? Nèti èèna ka, nèdhi! nèngu j'aj'i dhèu èmu èu; nare ne, dènge lèpa.",,eng,wyc,English,Wycliffe,13.3695,12.2866,10.4715
"and pharaoh commanded to men on abram, and they led forth him, and his wife, and all things that he had.","hèia dhèu aae paredha dhèu sab'a na sèra, babège eele abram, dhèu èmu na, rèti dènge dhèu aa mèdha-panyau aa'i-aa'i ra, kalua nèti rai èèna.","Èle èèna ka, dhèu aae Farao paredha dhèu-dhèu ètu èèna sèra, sèna ka lasi nèti dꞌara èmu ne, dènge dhèu èmu na, dènge aaꞌi-aaꞌi ra aaꞌi-aaꞌi ra ètu dꞌara Èmu Kapua Manèngi-Mangajꞌi ètu dꞌara Èmu Kapua Manèngi-Mangajꞌi ètu dꞌara Èmu Kapua Manèngi-Mangajꞌi ètu dꞌara Èmu Kapua Manèngi-Mangajꞌi ètu dꞌara Èmu Kapua Manèngi-Mangajꞌi ètu dꞌara Èmu Kapua Manèngi-Mangajꞌi ètu dꞌara Èmu Kapua Manèngi-Mangajꞌi ètu dꞌara Èmu Kapua Manèngi-Mangajꞌi ètu dꞌara Èmu Kapua Manèngi-Mangajꞌi ètu dꞌara Èmu Kapua Manèngi-Mangajꞌi.","Èle èèna ka, dhèu aae Farao paredha dhèu-dhèu ètu èèna sèra, sèna ka rèngu rèti ne kalua, dènge dhèu èmu na, dènge aa'i-aa'i mèdha dhu nèngu dènge.",,eng,wyc,English,Wycliffe,27.8969,11.9432,16.065
"therefore abram ascended from egypt, he, and his wife, and all things that he had; and lot went with him, to the south coast.","ka abram si tèke eele masir, lasi asa rai negeb. la'e dènge dhèu èmu na, aa dènge dhèu aa mèdha-panyau aa'i-aa'i ra. ana ari na lot madhutu ra kahèi.","Hèia Abram kalua nèti Masir, dènge dhèu èmu na, dènge aaꞌi-aaꞌi na aaꞌi-aaꞌi ra. Lot tèke eele Abram, lasi asa cabèka dhasi.","Hèia Abram kalua nèti Masir, dènge dhèu èmu na, dènge aaꞌi-aaꞌi na. Lot tèke eele Abram, lasi asa dhasi balèu.",,eng,wyc,English,Wycliffe,-2.6682,-2.3191,-2.1614
"forsooth he was full rich in possessions of silver, and of gold.","abram èèna, kaja ae titu kèna. badha-manu na, mèdha hualaa dènge mèdha hualaa-pudhi na, ae titu kèna.","Nèti èèna ka, dhèu ne jꞌajꞌi dhèu rai-haha. Nèngu jꞌajꞌi dhèu rai-haha. Nèngu jꞌajꞌi dhèu rai-haha. Nèngu jꞌajꞌi dhèu rai-haha. Nèngu jꞌajꞌi dhèu rai-haha. Nèngu jꞌajꞌi dhèu rai-haha. Nèngu jꞌajꞌi dhèu rai-haha. Nèngu jꞌajꞌi dhèu rai-haha. Nèngu jꞌajꞌi dhèu rai-haha. Nèngu jꞌajꞌi dhèu rai-haha. Nèngu jꞌajꞌi dhèu rai-haha. Nèngu jꞌajꞌi dhèu rai-haha. Nèngu jꞌajꞌi dhèu rai-haha. Nèngu jꞌajꞌi dhèu rai-haha. Nèngu jꞌajꞌi dhèu rai-haha.","Nèti èèna ka, nèngu kaja titu kèna dènge doi iia dènge hualaa.",,eng,wyc,English,Wycliffe,5.333,10.2525,14.7155
"and he turned again by the way in which he came from the south into bethel, till to the place, in which before he had set a tabernacle, betwixt bethel and hai,","nèti negeb, ra pidha-pidha era, ka d'ai hari talora rae betel dènge rae ai. dhu uru èèna, ra pea rèdhi le ètu era èèna.","Èle èèna ka, nèngu lèpa hari laꞌe asa rae Betel. Èle èèna ka, nèngu lèpa hari asa rae Betel dènge Ai. Nèti èèna ka, nèngu pajꞌujꞌu Èmu Kapua Manèngi-Mangajꞌi ètu era dhu uru èèna, nèti era neꞌe ka, nèti era neꞌe ka, nèti era neꞌe ka, nèti era neꞌe ka, nèti era neꞌe ka, nèti era neꞌe ka, nèti era neꞌe ka, nèti era neꞌe ka, nèti era neꞌe ka, nèti era neꞌe ka, nèti era neꞌe ka, nèti era neꞌe ka, nèti era neꞌe.","Èle èèna ka, nèngu lèpa hari re j'ara dhu nèngu mai nèti balèu asa rae Betel, toke d'ai era dhu uru èèna nèngu paj'uj'u èmu kapua manèngi-mangaj'i, ètu talora aae Betel dènge Ai.",,eng,wyc,English,Wycliffe,4.168,5.2582,7.9969
"in the place of the altar which he made before, and inwardly called there the name of the lord.","aa dhu abram patitu le kahèi mei korban, ho na mangaj'i mi lamatua ètu era èèna.","Ètu era dhu uru èèna, dhèu aae Daud tao mei korban ètu era èèna. Ètu era neꞌe, dhèu aae Daud tao mei korban ètu madha Ama Lamatua.","Ètu era mei korban dhu na tao uru, aa ètu nèi na manèngi Ama Lamatua soru-bara.",,eng,wyc,English,Wycliffe,-6.3309,-2.9757,-1.0384
"but also flocks of sheep, and droves of oxen, and tabernacles were to lot, that was with abram;","lot dhu madhutu abram èèna, unu badha-manu dènge dhèu sab'a ae kahèi.","Rèngu aaꞌi-aaꞌi ra jꞌajꞌi kahibꞌi-kalèbho, kahibꞌi-kalèbho dènge kahibꞌi-kalèbho. Rèngu aaꞌi-aaꞌi ra jꞌajꞌi kahibꞌi-kalèbho dènge kahibꞌi-kalèbho dènge kahibꞌi-kalèbho dènge kahibꞌi-kalèbho dènge kahibꞌi-kalèbho dènge kahibꞌi-kalèbho dènge kahibꞌi-kalèbho dènge kahibꞌi-kalèbho dènge kahibꞌi-kalèbho dènge kahibꞌi-kalèbho dènge kahibꞌi-kalèbho dènge kahibꞌi-kalèbho.","Te ngaa kahèi kètu kahibi, dènge kètu sapi, dènge paleo sèra dhu j'aj'i Lot dhu dènge Abram punya.",,eng,wyc,English,Wycliffe,3.1603,16.8391,16.0077
"and the land might not take them, that they should dwell together, for the cattle of them was much, and they might not dwell in common. wherefore also strife was made betwixt the keepers of the flocks of abram and of lot. forsooth canaanites and perizzites dwelled in that land in that time.","te ngaa era èèna taleo boe, ho abram dènge lot aa dènge kakaja ra bisa pea pa'èci. nèti èèna ka, ana madhenge badha abram dènge lot sèra j'aj'i patao-palaha, lula j'u'u ètu era èèna d'ai boe hia badha rèngu. lod'o èèna, dhèu kana'an dènge dhèu feris, dhu pea ètu èèna era.","Nèti èèna ka, dhèu aae Abram dènge Lot jꞌajꞌi dhèu madhenga kahibꞌi-kalèbho sèra. Lodꞌo èèna, dhèu Parisi dènge dhèu Kanaani pea ètu rai èèna. Nèti èèna ka, dhèu aae Abram jꞌajꞌi dhèu madhenga kahibꞌi-kalèbho sèra. Nèti èèna ka, kahibꞌi-kalèbho rèngu aaꞌi-aaꞌi ra bisa boe pea ètu dꞌara èci. Nèti èèna ka, kahibꞌi-kalèbho rèngu aaꞌi-aaꞌi ra bisa boe pea ètu dꞌara èci, lula rèngu abhu kahibꞌi-kalèbho aaꞌi-aaꞌi ra.","Rai bisa boe taha dhèu aae Abram dènge Lot, sèna ka rèngu pea sama-sama, lula kahib'i-kalèbho rèngu ae-ae, aa rèngu bisa boe pea ètu d'ara èci. Nèti èèna ka, abhu pasisu ètu talora dhèu madhenga kahib'i-kalèbho nèti Abram dènge Lot. Te ngaa dhèu Kanaani dènge dhèu Parisi pea ètu rai èèna ètu lod'o èèna.",,eng,wyc,English,Wycliffe,5.0429,3.738,3.8257
"therefore abram said to lot, i beseech thee, that no strife be betwixt me and thee, and betwixt my shepherds and thy shepherds; for we be brethren.","ka abram peka dènge lot, aku nèngu na, èdhi se, pa'a'ari. mage dhoka èdhi, èci dènge èci be'a boe, lula dhèu sab'a èdhi se patao-palaha taruu.","Hèia Abram peka dènge Lot, aku nèngu na, ""Sèmi neꞌe! Jaꞌa dènge èu, dènge kahibꞌi-kalèbho jaꞌa, aa dènge kahibꞌi-kalèbho èu, baku paꞌèra, te èdhi dhèu èci dènge èci.""","Hèia Abram peka dènge Lot, aku manèngi èu, Jaꞌa dènge èu, dènge dhèu madhenga badha ja'a, aa dènge dhèu madhenga badha èu, baku paꞌèra, te èdhi a'ari.",,eng,wyc,English,Wycliffe,-8.9683,-5.3406,-5.7996
"lo! all the land is before thee, i beseech, depart thou from me; if thou go to the left side, i shall hold the right side; if thou choose the right side, i shall go to the left side.","de hua iia dua ti pahag'a ka laa. rai ne, taleo. de ladhe èu d'èi rai ca bèka kariu na, ja'a abhu re ca bèka g'ana. te ngaa ladhe èu d'èi re ca bèka g'ana, na ja'a re ca bèka kariu.","Dhèu aaꞌi-aaꞌi ètu rai neꞌe ètu madha èu. Jaꞌa manèngi sèna ka èu tèke eele Jaꞌa. Ladhe èu tèke eele Jaꞌa, jaꞌa tèke eele Jaꞌa. Te ngaa ladhe èu tèke eele Jaꞌa, jaꞌa tèke eele Jaꞌa.""","Kaca'a laa! Rai aa'i ne'e ètu madha èu. Ja'a manèngi sèna ka èu tèke eele ja'a. Ladhe èu laku asa sebhe kariu, ja'a neo kèpe sebhe g'ana. Te ngaa ladhe èu neo sebhe g'ana, ja'a neo laku asa sebhe kariu.",,eng,wyc,English,Wycliffe,10.3135,11.2837,10.9789
"and so lot raised up his eyes, and saw about all the country of jordan, which was all-moisted, before that the lord destroyed sodom and gomorrah, as paradise of the lord, and as egypt, as men come into zoar.","hèia lot ladhe palème. ka na ladhe nèdhi rai taleo ètu sebhe loko yarden dhu madha èi ae, toke d'ai rae soar. era ne, rai hèu mèngi sama sèmi oka lamatua, dènge rai masir kahèi. lod'o èèna, lamatua dhae huku mèka kota sodom dènge kota gomora. de rai èèna, be'a era.","Èle èèna ka, Lot ladhe nèdhi aaꞌi-aaꞌi ètu rai-haha ne, nuka kota Sodom dènge kota Gomora. Lodꞌo èèna, dhèu aaꞌi-aaꞌi ètu rai-haha ne, nuka kota Soar. Lodꞌo èèna, dhèu aaꞌi-aaꞌi ètu rai-haha ne, nuka kota Sodom dènge kota Gomora. Lodꞌo ladhe nèdhi aaꞌi-aaꞌi ètu rai-haha ne, dhèu aaꞌi-aaꞌi ètu rai-haha ne, jꞌajꞌi dhèu aaꞌi-aaꞌi nèti rai-haha ne.","Èle èèna ka, Lot kèd'i madha na, aa nèdhi aa'i-aa'i rai Yordan, dhu kabe'e aa'i, te'a boe na Ama Lamatua pakèpu kota Sodom dènge Gomora, sèmi paradise Ama Lamatua, aa sèmi Masir, sèmi dhèu maso asa Zoar.",,eng,wyc,English,Wycliffe,-3.9766,-4.7832,-4.1108
"and lot chose to him the country about jordan, and departed from the east; and they were parted each from his brother.",hèia lot pili nare era sebhe loko yarden èèna. ka dua ra pahag'e ka. de lot la'e sa ca bèka dhimu.,"Èle èèna ka, Lot hagꞌe nare rai ètu sebhe Yarden, ho laꞌe asa cabèka. Èle èèna ka, Lot tèke eele dhèu èci-èci nèti aꞌari na.","Èle èèna ka, Lot hagꞌe nare rai ètu sebhe Yarden, ho lèpa nèti dhimu. Èle èèna ka, rèngu manyèla èci-èci nèti aꞌari na.",,eng,wyc,English,Wycliffe,2.0533,-4.3644,-2.0251
"abram dwelled in the land of canaan; soothly lot dwelled in the towns about jordan, and abode in sodom.",te ngaa abram pea taruu ètu rai kana'an. aa lot la'e pea ètu rae-rae dhu padètu dènge kota sodom ètu sebhe loko yarden.,"Èle èèna ka, Abram pea ètu rai Kanaꞌan. Lot pea ètu dꞌara rae-rae ètu sebhe Yarden. Aa Abram pea ètu rai Sodom.","Abram pea ètu rai Kanaꞌan. Bèli-camèd'a, Lot pea ètu dꞌara rae-rae ètu sebhe Yarden, aa nèngu pea ètu rai Sodom.",,eng,wyc,English,Wycliffe,-0.1884,0.3822,0.7964
"forsooth men of sodom were full wicked, and sinners greatly before the lord.",te ngaa dhèu-dhèu sodom sèra bhelu-katub'a titu kèna. rèngu ro'o boe nanene lamatua.,"Te dhèu aaꞌi-aaꞌi nèti kota Sodom, tao jꞌara bhelu-katubꞌa, aa tao jꞌara bhelu-katubꞌa ètu madha Ama Lamatua.","Te dhèu aaꞌi-aaꞌi nèti kota Sodom, tao jꞌara bhelu-katubꞌa, aa tao jꞌara bhelu-katubꞌa ètu madha Ama Lamatua.",,eng,wyc,English,Wycliffe,0.0,0.0,0.0
"and the lord said to abram, after that lot was parted from him, raise up thine eyes forthright, and see from the place in which thou art now, to the north and south, to the east and west;","ropa lot pacèri dènge abram, ka lamatua padhai lii dènge abram, peka na, èu ladhe palème aa'i ku, rai aa'i-aa'i nèti era titu èu èèna. ladhe paie re madha, re kabodho, re ca bèka g'ana, dènge ca bèka kariu mu.","Èle èèna ka, Lamatua peka dènge Abram, aku nèngu na, ""Èu hudꞌi ladhe-leru nèti era èu ètu neꞌe, nèti mia-mia, nèti mia-mia, nèti mia-mia, nèti mia-mia, nèti mia-mia.","Èle èèna ka, ropa Lot manyèla nèti nèngu, Lamatua peka dènge Abram, aku nèngu na, ""Èu hud'i kèd'i musi madha èu mola, aa ladhe nèti era èu ètu ne'e, asa badae dènge balèu, asa dhimu dènge haa.""",,eng,wyc,English,Wycliffe,1.2535,8.02,7.0059
"i shall give all the land which thou seest to thee, and to thy seed, till into without end.","rai aa'i-aa'i dhu èu ladhe mèdhi sèi, bèli-camèd'a ja'a hia mi èu, dènge ana-èpu èu, sèna ka j'aj'i pusaka ra, toke d'ai mia-mia.",Èu dènge ana-èpu èu abhu rai aaꞌi-aaꞌi ètu rai neꞌe.',Ja'a neo hia rai aa'i-aa'i dhu èu rèdhi mi èu dènge mi ana-èpu èu toke limuri boe.,,eng,wyc,English,Wycliffe,14.401,14.2557,15.9485
"and i shall make thy seed as the dust of the earth; if any man may number the dust of the earth, also he shall be able to number thy seed.","èèna na ja'a paj'aj'i ana-èpu èu ae sama sèmi salae dhasi, toke dhèu ige rare boe.","Bèli-camèdꞌa ana-èpu èu jꞌajꞌi sama sèmi kabodho ètu rai-haha ne. Ladhe abhu dhèu dhu bisa reꞌa kabodho ètu rai-haha ne, na, rèngu bisa reꞌa kahèi, na, ana-èpu èu jꞌajꞌi sama sèmi kabodho ètu rai-haha ne.","Bèli-camèdꞌa ana-èpu èu jꞌajꞌi sama sèmi ahu ètu rai-haha ne. Ladhe abhu dhèu dhu bisa reꞌa ahu ètu rai-haha ne, na, rèngu bisa reꞌa kahèi ana-èpu èu.",,eng,wyc,English,Wycliffe,2.5969,1.3959,2.5897
"therefore rise thou, and pass through the land in his length and breadth, for i shall give it to thee.","de lamu kako palème madhutu madhera dènge bhabhèla na. te rai se aa'i-aa'i ra, ja'a hia mi èu.","Èle èèna ka, Èmu Kapua Manèngi-Mangajꞌi èèna, bèli-camèdꞌa dhèu aaꞌi-aaꞌi ètu dꞌara rai ne jꞌajꞌi mi dedha-liru. Èèna na Jaꞌa pangèdꞌu mi dedha-liru ne, sèna ka jꞌajꞌi mi dedha-liru mi dedha-liru ne, sèna ka jꞌajꞌi mi dedha-liru.""","Èle èèna ka, kèd'i ka, aa lami re rai ètu d'ara madhera na dènge kabhèla na, te ja'a neo hia ne mi èu.",,eng,wyc,English,Wycliffe,11.7185,16.0407,18.6643
"therefore abram, moving his tabernacle, came and dwelled beside the valley of mamre, which is in hebron; and he builded there an altar to the lord.","hèia abram si lèpa hari asa era pea ra, dhu dètu dènge aj'u-aj'u aae ètu mamre, dhu padètu dènge hebron. èle èèna ka, na pudhi hadhu tao mei korban ho na mangaj'i lamatua ètu èèna.","Èle èèna ka, Abram puru nèti dꞌara èmu na, laꞌe pea ètu sebhe rae Mamre, dhu ètu hèbꞌa Hebron. Hèia na patitu ètu èèna, sèna ka jꞌajꞌi mei manèngi-mangajꞌi mi Lamatua.","Èle èèna ka, Abram puru nèti dꞌara èmu na, laꞌe pea ètu sebhe dhènu Mamre, dhu ètu hèbꞌa Hebron. Hèia na patitu ètu èèna mèdha persembahan mi Lamatua.",,eng,wyc,English,Wycliffe,-0.1558,-2.2512,-1.6593
"forsooth it was done in that time, that amraphel, king of shinar, and arioch, king of ellasar, and chedor-laomer, king of elamites, and tidal, king of folks,","tèu èèna, dhèu aae èpa dhu pa'èci. rèngu se ka: amrafel, dhèu aae rai sinear. ariok, dhèu aae rai elasar, kedarlaomer, dhèu aae rai elam. dènge tideal, dhèu aae rai goyim.","Te ètu dꞌara lodꞌo èèna, Amalel, dhèu aae Shinar, Ariok, dhèu aae Elasar, Kedor-Laomer, dhèu aae Elam, dènge Tidal, dhèu aae rai-haha.","Te ètu dꞌara lodꞌo èèna, Amraphel, dhèu aae Shinar, Arioch, dhèu aae Elasar, Chedor-Laomer, dhèu aae Elam, dènge Tidal, dhèu aae rai-haha.",,eng,wyc,English,Wycliffe,-1.2599,-1.6043,-1.31
"began battle against bera, king of sodom, and against birsha, king of gomorrah, and against shinab, king of admah, and against shemeber, king of zeboiim, and against the king of bela, that bela is zoar.","lod'o èèna, dhèu aae leo dhèu lèmi, pa'èci kahèi. nuka: bera, dhèu aae rai sodom. birsa, dhèu aae rai gomora. sinab, dhèu aae rai adema. semeber, dhèu aae rai seboim. dènge bela, dhèu aae rai soar. ka èpa dhèu aae se, lasi pamusu dènge lèmi dhèu aae sèra.","Èle èèna ka, dhèu aaꞌi-aaꞌi ra paraga dènge Bera, dhèu aaꞌi-aaꞌi ra nèti propensi Sodom, dènge Birsha, dhèu aaꞌi-aaꞌi ra nèti propensi Gomora, dènge Sinhab, dhèu aaꞌi-aaꞌi ra nèti propensi Adma, dènge Semeber, dhèu aaꞌi-aaꞌi ra nèti propensi Seboyim, dènge dhèu aaꞌi-aaꞌi ra nèti propensi Zoar.","mulai pamusu dènge Bera, dhèu aae Sodom, dènge Birsha, dhèu aae Gomora, dènge Sinhab, dhèu aae Adma, dènge Semeber, dhèu aae Seboyim, dènge dhèu aae Bela, nuka Bela ne Zoar.",,eng,wyc,English,Wycliffe,4.7231,1.0608,4.2495
"all these came together into the valley of wood, which is now the sea of salt.","dhèu aae, dhèu lèmi sèra pakaboko dènge sordad'u ra, ètu d'ara mamoo sidim, dhu limuri ne, ngara na dhasi madhe.","Rèngu aaꞌi-aaꞌi ra pakaboko ètu dꞌara dꞌara ledhe èci, dhu ngara na, 'Dhèu Tareꞌa'.","Rèngu aa'i-aa'i ra pakaboko ètu d'ara ledhe aj'u, dhu kèna j'aj'i dhasi masi.",,eng,wyc,English,Wycliffe,6.7241,2.1016,1.3751
"for in twelve years they served chedorlaomer, and in the thirteenth year they departed from him.","j'aj'aj'i pamusu na, sèmi ne'e ka: uru èèna, dhèu aae, dhèu lèmi se dhu ta'alo mi dhèu aae kedarlaomer, canguru dua tèu kèna. te d'ai tèu ka canguru tèlu, ka rèngu aa'i-aa'i ra lab'a ne.","Èle èèna ka, rèngu sabꞌa dènge Kedorlaomer canguru dua tèu. Te ngaa dꞌai tèlu tèu, rèngu tèke eele Kedorlaomer.","Èle èèna ka, rèngu sabꞌa dènge Kedorlaomer canguru dua tèu. Aa dꞌai tèu canguru tèlu, rèngu tèke eele nèngu.",,eng,wyc,English,Wycliffe,3.4793,3.7942,3.9918
"therefore chedorlaomer came in the fourteenth year, and the kings that were with him, and they smited rephaims in ashteroth karnaim, and zuzims with them, and emims in shaveh kiriathaim,","ka maso tèu ka canguru èpa, kedarlaomer dènge angalai na dhèu aae dhèu tèlu sera, mai dènge sordad'u ra. hèia ra pamusu ka, ka ra segi pèri-pèri rai. nuka: dhèu refaim ètu rai asterot-karnaim; dhèu susim ètu rai ham; dhèu emim ètu rai sawe-kiryataim,","Nèti èèna ka, dꞌai èpa nguru tèu, Kedorlaomer dènge dhèu aae nèti dhèu aae nèti dhèu aae nèti dhèu aae nèti dhèu aae nèti dhèu aae nèti dhèu aae nèti dhèu aae nèti suku Ashterot Karneim, dènge dhèu aae nèti suku Zusim, dènge dhèu aae nèti suku Emim, dhu rèti dhèu aae nèti suku Kiriathaim.","Nèti èèna ka, Kedorlaomer mai ètu canguru èpa tèu, dènge dhèu aae sèra dhu pea dènge nèngu, hèia rèngu haka dhèu Refaim ètu Ashterot Karnaim, dènge dhèu Zusim dènge rèngu, dènge dhèu Emim ètu Shaveh Kiriathaim.",,eng,wyc,English,Wycliffe,7.0237,4.1351,5.5414
"and horites in the hills of seir, till to the field places of elparan, which is in wilderness.","dènge dhèu hori dhu ètu ledhe seir, d'ai sebhe mamoo el paran.",dꞌai sebhe sebhe sebhe sebhe sebhe sebhe sebhe sebhe sebhe sebhe sebhe sebhe sebhe sebhe sebhe sebhe sebhe sebhe sebhe sebhe sebhe sebhe sebhe sebhe sebhe sebhe sebhe sebhe sebhe sebhe sebhe sebhe sebhe sebhe sebhe sebhe sebhe sebhe sebhe sebhe sebhe sebhe sebhe sebhe sebhe sebhe sebhe sebhe sebhe sebhe sebhe.,"dènge Horites ètu ledhe Seir, toke d'ai era pada Elparan, dhu ètu mamoo.",,eng,wyc,English,Wycliffe,16.7093,34.3369,34.6241
"and they turned again, and came till to the well of mishpat; that is kadesh. and they smited all the country of men of amalek, and amorites, that dwelled in hazazontamar.","èle èèna ka, ra lèpa hari asa en mispat dhu limuri ne ngara na kades. ka ra segi rai dhèu amalek, dènge dhèu amori dhu pea ètu rae haseson-tamar.","Èle èèna ka, rèngu lèpa hari asa dꞌara èi madha Mispat, dhu ngara na Kadesh. Ètu era neꞌe, dhèu Amalek dènge dhèu Amor, dhu pea ètu hèbꞌa-hèbꞌa.","Èle èèna ka, rèngu lèpa hari asa èi madha Mispat, dhu ngara na Kadesh. Hèia rèngu haka aa'i rai dhèu Amalek dènge dhèu Amor, dhu pea ètu Hazazontamar.",,eng,wyc,English,Wycliffe,3.1221,5.5937,4.8081
"and the king of sodom, and the king of gomorrah, and the king of admah, and the king of zeboiim, also and the king of bela, which is zoar, went out, and they dressed battle array against them in the valley of wood, that is, against chedorlaomer, king of elamites, and tidal, king of folks or of goiim, and amraphel, king of shinar, and arioch, king of ellasar; four kings against five.","hèia, lèmi dhèu aae se ator sordad'u ra ètu d'ara mamoo sidim, ka lasi pamusu dènge dhèu aae dhèu èpa sèra.","Hèia dhèu aae Sodom, Gomora, Adma, Zeboyim, dènge dhèu aae Soar, lasi paraga dènge rèngu ètu dꞌara padètu aae, ho lasi paraga dènge rèngu ètu dꞌara padètu aae, èci èèna ka dènge Kidorlaomer, dhèu Elam, dènge Tidal, dhèu Goyim, dènge Amrafel, dhèu Shinar, dènge Ariok, dhèu Elasar.","Hèia dhèu aae Sodom, dènge dhèu aae Gomora, dènge dhèu aae Adma, dènge dhèu aae Zeboyim, dènge dhèu aae Bela, dhu nuka Soar, lasi, ka rèngu sadia paraga dènge rèngu ètu d'ara padètu aj'u, èci èèna ka dènge Kidorlaomer, dhèu aae Elam, dènge Tidal, dhèu aae Goyim, dènge Amrafel, dhèu aae Shinar, dènge Ariok, dhèu aae Elasar; èpa dhèu aae lab'a lèmi dhèu aae.",,eng,wyc,English,Wycliffe,1.7402,4.088,3.1528
"forsooth the valley of wood had many pits of pitch, either strong glue; and so the king of sodom and the king of gomorrah turned their backs, and felled down there; and they that were left fled to the hills.","ètu d'ara mamoo èèna, dhu abhu mananga èi dama pèri-pèri. ropa ra pamusu, dhèu aae sodom dènge dhèu aae gomora dènge sordad'u ra, rai. ka cahag'e manahu asa d'ara mananga èi dama se. aa cahag'e hari rai asa ledhe lasi.","Lodꞌo èèna, ètu dꞌara sebhe èèna, abhu jꞌajꞌajꞌèra ae-ae dènge ajꞌu dhu kabꞌua. Dhèu aaꞌi-aaꞌi ra, dhèu aae Sodom dènge dhèu aae Gomora, bèli-camèdꞌa rai asa dꞌara sebhe èèna. Te ngaa dhèu aaꞌi-aaꞌi dhu abhu jꞌajꞌèra ètu ledhe èèna, bèli-camèdꞌa rai asa ledhe èèna.","Lod'o èèna, d'ara sebhe aj'u èèna, abhu ro'a ae-ae dènge èj'i aj'u dhu kaj'èpe. Hèia dhèu aae Sodom dènge dhèu aae Gomora bèli-camèd'a, hèia guri ètu nèi. Aa dhèu dhu tèke rai asa ledhe sèra.",,eng,wyc,English,Wycliffe,3.4665,-3.0378,-2.3497
"soothly they took away all the chattel or substance of sodom and gomorrah, and all things that pertained to meat, and went away;","ka èpa dhèu aae dhu segi se, lasi parame rèti mèdha-panyau dènge nganga'a-nginu nèti sodom dènge gomora. èèna ka, ra lèpa dènge ka.","Èle èèna ka, dhèu aaꞌi-aaꞌi ètu dꞌara kota Sodom, Gomora, dènge dhèu aaꞌi-aaꞌi dhu raꞌa-rinu ètu dꞌara jꞌara-jꞌara ètu dꞌara jꞌara-jꞌara seꞌe. Ka dhèu aaꞌi-aaꞌi se tèke eele jꞌara-jꞌara seꞌe ètu dꞌara kota Sodom, dènge dhèu aaꞌi-aaꞌi dhu raꞌa-rinu ètu dꞌara kota Sodom, dènge dhèu aaꞌi-aaꞌi dhu raꞌa-rinu ètu dꞌara jꞌara-jꞌara seꞌe. Èle èèna ka, dhèu aaꞌi-aaꞌi ètu dꞌara kota Sodom, dènge dhèu aaꞌi-aaꞌi dhu raꞌa-rinu ètu dꞌara jꞌara-jꞌara.","Bèli-camèd'a, ra tèke eele aa'i-aa'i doi-dhari nèti kota Sodom dènge Gomora, dènge aa'i-aa'i mèdha dhu ho nganga'a, ka ra lasi.",,eng,wyc,English,Wycliffe,3.1783,5.4694,7.5534
"also and they took away lot and his chattel or substance, the son of the brother of abram, which lot dwelled in sodom.","te ngaa lot, ana ari abram, dhu pea ètu sodom. ka èpa dhèu aae sèra, ère rèti lot si, dènge mèdha-panyau ra aa'i-aa'i.","Èle èèna ka, ra tèke eele Lot dènge mèdha-panyau na. Lot ne, ana aꞌari Abram, dhu pea ètu kota Sodom.","Èle èèna ka, ra tèke eele Lot dènge mèdha-panyau na. Lot ne, ana aꞌari Abram, dhu pea ètu kota Sodom.",,eng,wyc,English,Wycliffe,0.0,0.0,0.0
"and, lo! one that escaped, told to abram the hebrew, that dwelled in the valley of mamre of amorites, the brother of eshcol, and brother of aner; for these had made covenant of peace with abram.","te ngaa dhèu èci rai nèti era èèna. ka la'e lolo dènge abram, dhèu ibrani èèna. lod'o èèna, dhèu amori èci, ngara na mamre. aa abram pea dètu dènge aj'u-aj'u aae unu mamre. a'ari mamre dhèu dua, ngara na eskol dènge aner. rèngu se dhu pa'anga dènge abram.","Ètu dꞌara jꞌara neꞌe, abhu dhèu pèri-pèri ca dhèu dhu lèpa hari nèti dꞌara jꞌara neꞌe. Nèti èèna ka, abhu kahèi ca dhèu dhu lèpa hari nèti dꞌara jꞌara neꞌe. Nèti èèna ka, abhu kahèi ca dhèu dhu lèpa hari nèti dꞌara jꞌara neꞌe. Nèti èèna ka, abhu kahèi ca dhèu dhu lèpa hari nèti dꞌara jꞌara neꞌe. Nèti èèna ka, abhu dhèu dhu peka dènge Abram, dhèu Ibrani, ho pea ètu dꞌara rae Mamre, ètu dꞌara rae dhèu Amor. Abhu kahèi aꞌari nèti Eshkol, dènge aꞌari nèti Aner. Nèti èèna ka, abhu kahèi dhèu dua dhu paꞌèci dènge Abram, sèna ka mamuri paꞌèci dènge Ama Lamatua.","Nanene! ca dhèu dhu sod'a, peka dènge Abram, dhèu Ibrani, dhu pea ètu d'ara rae Mamre. Mamre ne, dhèu Amor, a'ari nèti Eshkol, dènge a'ari nèti Aner; te rèngu tèlu dhu pa'èci dame dènge Abram.",,eng,wyc,English,Wycliffe,3.45,-2.846,0.4166
"and when abram had heard this thing, that is, lot, the son of his brother, was taken, he numbered his born servants made ready, three hundred and eighteen, and pursued them till to dan.","ropa abram tadèngi na dhèu kèpe rèti le lot, ana ari na, ka abram pakaboko nare dhèu-dhèu sab'a na dhu re'a pamusu. aa'i-aa'i ra tèlu ngasu canguru aru dhèu. ka lasi magèla èpa dhèu aae sèra, asa badae aae lasi d'ai rae dan.","Ropa Abram tadèngi lii padhai lii dhèu seꞌe, hèia na laꞌe paraga dènge Lot, ana ari na. Hèia na paroa dhèu sabꞌa ètu dꞌara èmu na, ca dhèu, tèlu nguru tèu nguru tèu. Hèia na laꞌe paraga dènge dhèu seꞌe, toke dꞌai cabèka.","Ropa Abram tadèngi lii se'e, na, Lot, ana ari na, na tare, hèia na ige dhèu sab'a na dhu rara iisi ètu èmu na, dhu sadia le, tèlu ngasu dènge canguru aru, aa na bate si toke d'ai Dan.",,eng,wyc,English,Wycliffe,8.0788,3.0534,4.7214
"and when his fellows were separated, he felled on them in the night, and smote them, and pursued them till to hobah, and phenice, which is at the left side of damascus.","ètu era èèna, abram hag'e dhèu na sèra, mi pèri-pèri kaboko. d'ara mèda èèna kahèi, lasi age si, dènge j'ara pa'oke. ka abram si lasi bate dhèu se d'ai rae hoba, ètu bèka badae kota damsik.","Èle èèna ka, sordadꞌu ètu dꞌara èmu manèngi-mangajꞌi ètu dꞌara èmu manèngi-mangajꞌi ètu dꞌara èmu manèngi-mangajꞌi ètu dꞌara èmu manèngi-mangajꞌi ètu dꞌara èmu manèngi-mangajꞌi ètu dꞌara èmu manèngi-mangajꞌi ètu dꞌara èmu manèngi-mangajꞌi ètu dꞌara èmu manèngi-mangajꞌi ètu dꞌara èmu manèngi-mangajꞌi ètu dꞌara èmu manèngi-mangajꞌi ètu dꞌara èmu manèngi-mangajꞌi ètu dꞌara èmu manèngi-mangajꞌi ètu dꞌara èmu manèngi-mangajꞌi ètu dꞌara kota Damsik.","Ropa angalai na sèra manyèla, hèia na patue si ètu d'ara mèda, aa na paru si, aa na lasi madhutu si toke d'ai Hobah dènge Phenice, dhu ètu re sebhe kariu kota Damsik.",,eng,wyc,English,Wycliffe,9.8183,12.4557,14.9326
"and he brought again all the chattel or substance, and lot, the son of his brother, with his chattel or substance, also women, and the people.","hèia abram abhu hari lot, dènge dhèu-dhèu nèngu, aa dènge mèdha-panyau ra aa'i-aa'i. na abhu kahèi dhèu-dhèu leo.","Èle èèna ka, na hia dhèu aaꞌi-aaꞌi, dènge mèdha-panyau na aaꞌi-aaꞌi, dènge mèdha-panyau dhèu aaꞌi-aaꞌi, dènge mèdha-panyau dhèu aaꞌi-aaꞌi dhèu aaꞌi-aaꞌi ètu dꞌara jꞌara-jꞌara ètu dꞌara Èmu Kapua Manèngi-Mangajꞌi ètu dꞌara Èmu Kapua Manèngi-Mangajꞌi ètu dꞌara Èmu Kapua Manèngi-Mangajꞌi ètu dꞌara Èmu Kapua Manèngi-Mangajꞌi ètu dꞌara Èmu Kapua Manèngi-Mangajꞌi ètu dꞌara Èmu Kapua Manèngi-Mangajꞌi ètu dꞌara Èmu Kapua Manèngi-Mangajꞌi ètu dꞌara Èmu Kapua Manèngi-Mangajꞌi ètu dꞌara Èmu Kapua Manèngi-Mangajꞌi.","Èle èèna ka, na hia hari doi-dhari dènge mèdha-panyau na aa'i-aa'i, dènge lot, ana a'ari na, dènge doi-dhari dènge mèdha-panyau na, kahèi bhèni sèra, dènge dhèu sèra.",,eng,wyc,English,Wycliffe,21.4263,16.1691,19.0089
"soothly the king of sodom went out into the meeting of him, after that he turned again from the slaying of chedorlaomer, and of the kings that were with him, in the valley of shaveh, which is the valley of the king.","ropa abram segi nare dhèu aae èpa sèra, ka na lèpa. hèia dhèu aae sodom mai soru ne ètu d'ara mamoo sawe dhu dhèu biasa peka na, mamoo dhèu aae.","Èle èèna ka, dhèu aae Sodom lèpa hari nèti pamadhe dhèu aae na, Kedorlaomer, dènge dhèu aae rèngu aaꞌi-aaꞌi dhu dhèu aaꞌi-aaꞌi ra pamadhe ètu sebhe dhèu aae dhèu aae dhèu aae. Ka dhèu aae Sodom laꞌe paraga dènge Yohanis ètu sebhe sebhe dhèu aae dhèu aae dhèu aae ètu sebhe dhèu aae dhèu aae dhèu aae dhèu aae dhèu aae dhèu aae ètu sebhe dhèu aae dhèu aae dhèu aae dhèu aae dhèu aae dhèu aae dhèu aae dhèu aae dhèu aae dhèu aae dhèu aae dhèu aae dhèu aae dhèu aae dhèu aae dhèu aae dhèu aae dhèu aae dhèu aae dhèu aae dhèu aae dhèu aae dhèu aae dhèu aae dhèu aae dhèu aae dhèu aae dhèu aae dhèu aae dhèu aae dhèu aae dhèu aae dhèu aae dhèu aae dhèu aae dhèu aae dhèu aae dhèu aae dhèu aae dhèu aae dhèu aae dhèu aae dhèu aae dhèu aae dhèu aae dhèu aae dhèu aae dhèu aae dhèu aae dhèu aae dhèu aae aae dhèu aae dhèu aae dhèu aae aae dhèu aae aae aae aae aae aae aae aae aae aae aae aae aae aae aae aae aae aae aa","Tare'a, dhèu aae Sodom kalua la'e paraga dènge nèngu, èle èèna ka nèngu lèpa hari nèti pamadhe Kedorlaomer, dènge dhèu aae sèra dhu dènge Kedorlaomer, ètu sebhe Shaveh, dhu nuka sebhe dhèu aae.",,eng,wyc,English,Wycliffe,10.7405,8.155,12.5163
"and soothly melchizedek, king of salem, brought forth bread and wine, for he was the priest of the highest god;","tèu èèna, melkisedek, j'aj'i dhèu aae kota salem. aa nèngu ne j'aj'i kahèi ama agama nèti ama lamatua dhu dedha risi eele. na mai soru abram, nèti roti dènge èi hua anggor.","Melkisedek, kètu kota Salem. Melkisedek ne, kètu kapai Ama Lamatua ètu sorga. Nèngu ne, kètu kapai Ama Lamatua. Nèngu ne, kètu kapai Ama Lamatua ètu sorga.","Tare'a-re'a Melkisedek, kètu kota Salem, rèti nganga'a dènge èi anggor, lula nèngu ne kètu kapai Ama Lamatua dhu dedha risi eele.",,eng,wyc,English,Wycliffe,13.8999,14.4811,15.8768
"and he blessed abram, and said, blessed be abram of the high god, that made heaven and earth of nought, and blessed be the high god, by whom defending, thine enemies be betaken into thine hands. and abram gave tithes of all things to him.","ka na padhai lii ho hia berkat mi abram, aku nèngu na, ja'a sanao sèna ka ama lamatua, dhu dedha risi eele èèna, dhu paj'aj'i dedha-liru dènge rai-haha ne, hia mèngi-nale mi dedha èu. koa-kio ama lamatua dhu hia le èu segi musu. èle èèna ka, abram bagi hia melkisedek ca pala nèti canguru pala mèdha-panyau dhu na abhu hari sèra.","Èle èèna ka, nèngu jꞌajꞌi mèdha-panyau dhèu aaꞌi-aaꞌi èu. Aa nèngu jꞌajꞌi mèdha-panyau dhèu aaꞌi-aaꞌi èu. Èle èèna ka, nèngu jꞌajꞌi mèdha-panyau dhèu aaꞌi-aaꞌi èu. Èle èèna ka, nèngu jꞌajꞌi mèdha-panyau dhèu aaꞌi-aaꞌi èu. Èle èèna ka, nèngu jꞌajꞌi mèdha-panyau dhèu aaꞌi-aaꞌi èu. Èle èèna ka, nèngu jꞌajꞌi mèdha-panyau dhèu aaꞌi-aaꞌi èu. Èle èèna ka, nèngu jꞌajꞌi mèdha-panyau dhèu aaꞌi-aaꞌi èu. Èle èèna ka, nèngu jꞌajꞌi mèdha-panyau dhèu aaꞌi-aaꞌi dhu jꞌajꞌi mèdha-panyau èu.","Aa nèngu hia berkat mi abraham, aa na peka, ""Oto abraham nèti Ama Lamatua dhu dedha risi eele, dhu paj'aj'i liru dènge rai-haha nèti aad'o. Aa oto Ama Lamatua dhu dedha risi eele, dhu patabuli musu-musu èu asa d'ara adhe-aai èu."" Aa abraham hia ca pala nèti canguru pala nèti mèdha aa'i-aa'i mi nèngu.",,eng,wyc,English,Wycliffe,19.1404,21.7579,21.5712
"forsooth the king of sodom said to abram, give thou the men to me; take thou other things to thee.","hèia dhèu aae sodom èèna pahaha iisi na mi abram, peka na, ama. mèdha-panyau dhu èu abhu hari nèti musu ja'a sèra, hud'i laa ama ku abhu aa'i si. te ngaa dhu ja'a manèngi hari, dhoka dhèu-dhèu ja'a sèra.","Hèia dhèu aae Sodom peka dènge Abram, aku nèngu na, ""Sèmi neꞌe! Bèli-camèdꞌa dhèu seꞌe hia jaꞌa, te ngaa mèdha-panyau cahagꞌe hia èu.""","Hèia dhèu aae Sodom peka dènge Abram, aku nèngu na, ""Hia dhèu se'e ja'a, te ngaa mèdha leo èu panyau.""",,eng,wyc,English,Wycliffe,-4.8145,-3.7096,-2.155
"and abram answered to him, i raise up mine hand to the high lord god, lord of heaven and of earth,","hèia abram b'ala ne, peka na, ja'a subha ètu madha ama lamatua dhu dedha risi eele, dhu tao dedha-liru dènge rai-haha,","Hèia Abram dhaa, aku nèngu na, ""Jaꞌa neo pahaha iisi jaꞌa mi Ama Lamatua. Jaꞌa pahaha iisi Jaꞌa mi Ama Lamatua dhu kapai risi. Jaꞌa pahaha iisi Jaꞌa mi Ama Lamatua dhu kapai risi. Jaꞌa pahaha iisi Jaꞌa mi Ama Lamatua. Jaꞌa pahaha iisi Jaꞌa mi Ama Lamatua. Jaꞌa pahaha iisi Jaꞌa mi Ama Lamatua dhu kapai risi ètu dedha-liru dènge rai-haha.","Hèia Abram dhaa, aku nèngu na, ""Ja'a neo nedhe kacui-aai ja'a mi Ama Lamatua dhu kapai risi ètu dedha-liru dènge rai-haha.""",,eng,wyc,English,Wycliffe,16.2876,6.9135,9.6726
"that from the thread of the woof till to the lanyard of the hose, i shall not take anything of all things that be thine, lest thou say, i have made abram rich;","na, ja'a kore boe mèdha-panyau èu, masi ka ciki èèna ka. masi ka loa hèngu ca'èta sa, ja'a kore boe. dènge j'ara sèmi ne'e, èu baku peka na, ‘kakaja abram sèra mai nèti ja'a. '","Jaꞌa manèngi sèna ka jaꞌa sèmi mere mèdha-panyau èu aaꞌi-aaꞌi, toke mèdha-panyau mèdha-panyau èu. Dènge jꞌara neꞌe, èu bisa peka, na, 'Jaꞌa ka dhu paꞌèki le dènge dhèu unu jaꞌa, sèna ka abhu mèdha-panyau nèti mèdha-panyau èu, aa abhu mèdha-panyau nèti mèdha-panyau èu, aa abhu mèdha-panyau nèti mèdha-panyau èu, aa abhu mèdha-panyau nèti mèdha-panyau èu, aa abhu mèdha-panyau nèti mèdha-panyau èu, sèna ka abhu mèdha-panyau èu, sèna ka abhu mèdha-panyau nèti mèdha-panyau èu.","Nèti hèngu toke dhari, ja'a neo boe tare ngaa-ngaa nèti aa'i-aa'i mèdha dhu unu èu, aeka èu peka, 'Ja'a dhu pa'èki le Abram kaja'.",,eng,wyc,English,Wycliffe,0.9035,-6.4148,-2.7942
"except these things which the young men ate, and the parts of men that came with me, aner, eshcol, and mamre; these men shall take their parts.","ja'a parluu boe ngaa-ngaa. dhoka mia dhu dhèu ja'a se pake le, sèra èle le, ale ia ka. aa hud'i laa, angalai ja'a dhèu tèlu se: aner, eskol dènge mamre, hag'e rare unu rèngu di.","Jaꞌa neo sèmi èèna kahèi. Jaꞌa neo sèmi èèna kahèi. Jaꞌa neo sèmi èèna kahèi. Jaꞌa neo sèmi èèna kahèi. Jaꞌa neo sèmi èèna kahèi. Jaꞌa neo sèmi èèna kahèi. Jaꞌa neo sèmi èèna kahèi. Jaꞌa neo sèmi èèna kahèi. Jaꞌa neo sèmi èèna kahèi. Jaꞌa neo sèmi èèna kahèi. Jaꞌa neo sèmi èèna kahèi. Jaꞌa neo sèmi èèna kahèi. Jaꞌa neo sèmi èèna kahèi. Jaꞌa neo sèmi èèna kahèi. Jaꞌa neo sèmi èèna kahèi. Jaꞌa neo sèmi èèna kahèi.""","dhodhoka mèdha se'e dhu ana-mone sèra ra'a, dènge pala dhèu sèra dhu mai dènge ja'a, nuka aner, eshcol, dènge mamre; dhèu sèra hud'i nare pala ra.",,eng,wyc,English,Wycliffe,8.8452,20.57,20.7854
"and so when these things were done, the word of the lord was made to abram by a vision, and said, abram, do not thou dread, i am thy defender, and thy meed is full great.","èle èèna ka, lamatua pad'elo iisi na mi abram. ka na peka, aku nèngu na, abram! èu baku madha'u. lula ja'a ka dhu j'aj'i mi tami ho bhiri èu nèti musu. aa ja'a hia a'oto mi dedha èu.","Èle èèna ka, Lamatua padhai lii dènge Abram, aku Nèngu na, ""Ama Abram! Baku madhaꞌu, te Jaꞌa ka dhu parcaya dènge èu. Èu abhu jꞌajꞌèra aaꞌi-aaꞌi.","Èle èèna ka, Lamatua padhai lii dènge Abram ètu d'ara tanila, aku nèngu na, ""Ama Abram! Baku madha'u, te Ja'a ka dhu j'aga èu, aa pala èu kapai titu kèna.""",,eng,wyc,English,Wycliffe,11.3281,9.3507,7.7543
"and abram said, lord god, what shalt thou give to me? i shall go without free children, and this damascus, son of eliezer, the procurator of mine house, shall be mine heir. and abram added, soothly thou hast not given seed to me, and, lo! my born servant shall be mine heir.","te ngaa, aku abram na, masi ka ama lamatua hia ae-ae èèna ka, j'aj'i boe mi ngaa sa èci. lula ja'a ne dènge boe ana matana, ho hia ja'a ana-èpu. de dhu neo unu ae-ae sèmi èèna, tao mi ngaa? neu-neu ka, noto mi ènu ja'a elieser, dhèu damsik èèna. nèngu ka dhu sèmi nare aa'i-aa'i.","Èle èèna ka, Abram karèi, aku nèngu na, 'Ama Lamatua! Èu neo hia jaꞌa ngaa? Jaꞌa lèpa hari, te jaꞌa dènge boe ana. Te ngaa jaꞌa hudꞌi jꞌajꞌi dhèu aaꞌi-aaꞌi dhu jꞌajꞌi dhèu aaꞌi-aaꞌi ètu dꞌara èmu jaꞌa. Dhèu aaꞌi-aaꞌi èèna ka dhu jꞌajꞌi dhèu aaꞌi-aaꞌi ètu dꞌara èmu jaꞌa. Dhèu aaꞌi-aaꞌi èèna ka dhu jꞌajꞌi dhèu aaꞌi-aaꞌi ètu dꞌara èmu jaꞌa. Dhèu aaꞌi-aaꞌi dhu jꞌajꞌi dhèu aaꞌi-aaꞌi èèna ka dhu jꞌajꞌi dhèu aaꞌi-aaꞌi dhu jꞌajꞌi dhèu aaꞌi-aaꞌi ètu dꞌara èmu jaꞌa.'","Èle èèna ka, Abram karèi, aku nèngu na, 'Ama Lamatua! Èu neo hia ja'a ngaa? Ja'a lèpa hari, te ja'a dènge boe ana. Te ngaa Eliezer, dhèu nèti Damsik, madho èmu ja'a, nèngu ka dhu neo j'aj'i ana pusaka ja'a.' Èle èèna ka, Abram peka hari, 'Mema tare'a, èu dènge boe hia hini mi ja'a. Aa, nanene! Ènu ja'a dhu rara iisi ètu èmu ja'a, nèngu ka dhu neo j'aj'i ana pusaka ja'a.'",,eng,wyc,English,Wycliffe,10.078,12.485,11.6881
"and anon the word of the lord was made to him, and said, this shall not be thine heir, but thou shalt have him heir, that shall go out of thy womb.","te ngaa lamatua dhaa na, j'ara na sèmi boe èèna! ana d'èlu èu ku, dhu unu pusaka sèra. ènu èu abhu boe.","Hèia Lamatua peka dènge ne, aku Nèngu na, ""Nèngu ne, dhèu dhu jꞌajꞌi dhèu unu Ama Lamatua. Te dhèu dhu jꞌajꞌi dhèu unu Ama Lamatua dhu jꞌajꞌi dhèu unu Ama Lamatua, nèngu ka dhu jꞌajꞌi dhèu unu Ama Lamatua dhu jꞌajꞌi dhèu unu Ama Lamatua.""","Hèia Lamatua peka dènge ne, aku Nèngu na, ""Nèngu ne, baku j'aj'i ana d'èlu èu, te èu hud'i abhu nèngu j'aj'i ana d'èlu èu, dhu kalua nèti d'ara dèlu èu.""",,eng,wyc,English,Wycliffe,10.8128,11.4953,12.5511
"and the lord led out abram, and said to him, behold thou heaven, and number the stars, if thou mayest. and the lord said to abram, so thy seed shall be.","hèia nèti abram asa li'u, ka na peka, èu ladhe ku asa dedha-liru nèi. ladhe paie ku hua-hètu sèi. bisa iga more, do aad'o? bèli-camèd'a, ana-èpu èu sama sèmi hua-hètu sèi!","Èle èèna ka, Lamatua lasi asa liꞌu. Hèia Na peka dènge Abram, aku Nèngu na, ""Èu hudꞌi ladhe-leru asa dedha-liru. Èu hudꞌi pangee, na, abhu kahèi ana-èpu èu."" Hèia Lamatua peka dènge Abram, aku Nèngu na, ""Èu hudꞌi pangee, na, ana-èpu èu jꞌajꞌi sèmi èèna kahèi.""","Èle èèna ka, Lamatua lasi asa liꞌu. Hèia Na peka dènge Abram, aku Nèngu na, ""Èu hudꞌi ladhe-leru asa dedha-liru, aa ige hua-hètu, ladhe èu bisa."" Hèia Lamatua peka dènge Abram, aku Nèngu na, ""Sèmi èèna ka, ana-èpu èu jꞌajꞌi.""",,eng,wyc,English,Wycliffe,4.8259,2.7168,2.9482
"abram believed to god, and it was reckoned to him to rightwiseness.","ka abram sèmi nare lii padhai lamatua. aa lamatua tadhe ne, dhèu mola, lula abram lèka ne.","Nèti èèna ka, Abraham parcaya Ama Lamatua, hèia Ama Lamatua pangee, na, nèngu jꞌajꞌi dhèu dhu dꞌara mola.","Abraham parcaya Ama Lamatua, aa Ama Lamatua pangee, na, nèngu jꞌajꞌi dhèu dhu dꞌara mola.",,eng,wyc,English,Wycliffe,0.5887,-0.6474,-0.0019
"and god said to him, i am the lord, that led thee out of ur of chaldees, that i should give this land to thee, and thou shouldest have it in possession.","èle èèna ka, lamatua tuhu hari lii na, ja'a ne, ama lamatua. ja'a ka dhu lere kèti èu nèti rae ur, ètu rai dhèu kasdim sèra. aa rai ne'e ne, ja'a hia èu, sèna ka j'aj'i pusaka mu.","Èle èèna ka, Ama Lamatua peka dènge ne, aku Nèngu na, 'Jaꞌa ne, Lamatua. Jaꞌa ka dhu pajꞌujꞌu èu nèti rai Uru nèti dhèu Kaldea, sèna ka hia èu rai ne, sèna ka jꞌajꞌi unu èu.'","Èle èèna ka, Ama Lamatua peka dènge ne, aku Nèngu na, 'Jaꞌa ne, Lamatua. Jaꞌa ka dhu pajꞌujꞌu èu nèti rai Uru nèti dhèu Kaldea, sèna ka hia èu rai ne, sèna ka jꞌajꞌi unu èu.'",,eng,wyc,English,Wycliffe,0.0,0.0,0.0
"and abram said, lord god, where-by shall i know that i shall wield it?","te ngaa abram karèi, aku nèngu na, tasamia, lamatua? dènge j'ara sa mia ka ho ja'a ke'a na, rai ne j'aj'i pusaka ja'a?","Hèia Abram karèi, aku nèngu na, ""Ama Lamatua! Nga tao ka jaꞌa keꞌa, na, jaꞌa ne dhèu aaꞌi-aaꞌi?""","Hèia Abram karèi, aku nèngu na, ""Ama Lamatua! Nga tao ka ja'a ke'a, na, ja'a neo abhu unu na?""",,eng,wyc,English,Wycliffe,9.4077,5.778,5.8152
"and the lord answered, and said, take thou to me a cow of three years, and a goat of three years, and a ram of three years, and a turtledove, and a culver.","ka na dhaa, peka na, sèmi ne'e! mai ti tao madha j'ara èci, dhu pa'èki lii padhai lii ja'a deo na. de lamu more sapi rena ci'u, kahib'i rena ci'u, dènge kahib'i-kalèbho mone ci'u. aa'i-aa'i sèra hud'i dhu umur tèlu tèu. aa mèti kahèi koro iia ci'u, dènge koro j'aha ci'u.","Hèia lamatua na dhaa, aku nèngu na, 'Sèmi neꞌe: mai hia jaꞌa sapi ca dhèu, kahibꞌi-kalèbho ca dhèu, kahibꞌi-kalèbho ca dhèu, kahibꞌi-kalèbho ca dhèu, kahibꞌi-kalèbho ca dhèu, dènge kahibꞌi-kalèbho ca dhèu.'","Hèia Lamatua na dhaa, aku nèngu na, 'Mai hia ja'a sapi ca dhèu tèlu tèu, dènge kahibi ca dhèu tèlu tèu, dènge kahibi mone ca dhèu tèlu tèu, dènge koro ca dhèu, dènge koro j'aha ca dhèu.'",,eng,wyc,English,Wycliffe,-0.9033,3.6248,5.3579
"which took all these things, and parted those or them by the midst or the middle, and setted or put ever either part each against other; but he parted not the birds.","ka abram la'e nare badha sèra. hèia na kacèb'e bagi mi dua, sapi, kahib'i, dènge kahib'i-kalèbho sèra. ka na pale sisi se mi rai, dhu èci patangara dènge èci, j'aj'i mi dua b'aris. te ngaa na kacèb'e boe manu-bhui sèra.","Èle èèna ka, Ama Lamatua bhoke manu-bhui sèra, sèna ka babège eele aaꞌi-aaꞌi ra. Èle èèna ka, Ama Lamatua bhoke eele aaꞌi-aaꞌi ra, aa babège eele aaꞌi-aaꞌi ra, aa babège eele aaꞌi-aaꞌi ra, aa babège eele aaꞌi-aaꞌi ra, aa babège eele aaꞌi-aaꞌi ra. Te ngaa Ama Lamatua bhoke boe manu-bhui sèra, sèna ka babège eele aaꞌi-aaꞌi ra.","Ama Lamatua tare aa'i mèdha se'e, aa nèngu pacèri si ètu talora, aa nèngu tèka èci dènge èci; te ngaa nèngu pacèri boe manu-bhui sèra.",,eng,wyc,English,Wycliffe,5.2407,0.2125,2.301
"and fowls came down on the carrions, and abram drove them away.","ka manu-bhui dhu tema ra'a sisi sèra, mai ho neo ra'a sisi se'e. te ngaa abram bhabhoo eele si.","Èle èèna ka, manu-bhui aaꞌi-aaꞌi titu kèna ètu dꞌara ajꞌu-jꞌuꞌu sèra. Hèia Abram pajꞌajꞌi manu-bhui aaꞌi-aaꞌi ètu dꞌara ajꞌu-jꞌuꞌu sèra ètu dꞌara ajꞌu-jꞌuꞌu sèra. Èle èèna ka, abhu manu-bhui aaꞌi-aaꞌi ètu dꞌara ajꞌu-jꞌuꞌuꞌu sèra ètu dꞌara ajꞌu-jꞌuꞌuꞌu ètu dꞌara ajꞌu-jꞌuꞌuꞌuꞌu-jꞌuꞌuꞌuꞌu-jꞌuꞌuꞌu-jꞌuꞌu-jꞌuꞌu-jꞌu-jꞌu-jꞌu-jꞌu-jꞌu-jꞌu-jꞌu-jꞌu-jꞌu-jꞌu-jꞌu-jꞌu-jꞌu-jꞌu-jꞌu-jꞌu-jꞌu-jꞌu-jꞌu-jꞌu-jꞌu-jꞌu-jꞌu-jꞌu-jꞌu-jꞌu-jꞌu-jꞌu-jꞌu-jꞌu-jꞌu-jꞌu-jꞌu-jꞌu-jꞌu-jꞌu-jꞌu-jꞌu-jꞌu-jꞌu-jꞌu-jꞌu-jꞌu-jꞌu-jꞌu-jꞌu-jꞌu-jꞌu-jꞌu-jꞌu-jꞌu-jꞌu","Aa manu-bhui aa'i-aa'i puru mai ètu dedha isi madhe sèra, hèia Abram babège eele rèngu.",,eng,wyc,English,Wycliffe,10.9211,12.6474,13.5862
"and when the sun was gone down, dread felled on abram, and a great hideousness and dark assailed him.","ropa lod'o cèna, abram bhèj'i luu. na nii, kuri na maroga mai sarimu nare nèngu, ka na madha'u titu kèna.","Ropa dꞌai madha lodꞌo, hèia Abram madhaꞌu dènge madhaꞌu.","Ropa dꞌai madha lodꞌo, hèia madha'u aae dènge maroga nare Abram.",,eng,wyc,English,Wycliffe,5.2368,8.9822,8.5676
"and it was said to him, know thou a before-knowing, that thy seed shall be a pilgrim four hundred years in a land not his own, and they shall make them subject to servage, and they shall torment them; nevertheless i shall deem the folk to whom they shall serve; and after these things they shall go out with great chattel or substance. forsooth thou shalt go to thy fathers in peace, and shalt be buried in good eld age.","ka ama lamatua peka dènge ne, abram! èèna na èu mamuri toke heka bhoro, aa madhe dènge be'a, ka ra padhane èu dènge be'a. te ngaa ana-èpu èu, èèna na j'aj'i dhèu tao mai ètu kabarai dhèu. ho èèna na, dhèu isi rai sèra, tao si sèmi ènu sa, ka ra ènyi aa paj'èra si, toke èpa ngasu tèu. te, ladhe èèna na, ja'a huku si. ho èèna na, ja'a kèti hari ana-èpu èu nèti era èèna, aa dènge mèdha-panyau ra ae-ae.","Ama Lamatua peka dènge ne, aku Nèngu na, ""Èu meꞌa le, na, ana-èpu èu sèra hudꞌi pea ètu rai èci, ètu rai èèna. Ètu rai èèna, rèngu jꞌajꞌi dhèu sabꞌa, aa jꞌajꞌi dhèu dhu jꞌajꞌi dhèu aaꞌi-aaꞌi. Te ngaa Jaꞌa pamaꞌète lii langu dhèu leo sèra. Èle èèna ka, bèli-camèdꞌa rèngu tèke eele nèti sorga, dènge mèdha-panyau aaꞌi-aaꞌi ra. Èle èèna ka, èu lèpa dènge dhèu aaꞌi-aaꞌi èu. Èle èèna ka, bèli-camèdꞌa èu madhe le.""","Ama Lamatua peka dènge ne, aku Nèngu na, ""Èu meꞌa le, na, ana-èpu èu sèra hudꞌi pea ètu rai nèngu boe èpa ngasu tèu. Aa rèngu jꞌajꞌi dhèu sabꞌa, aa rèngu paj'èra si. Te ngaa Jaꞌa pamaꞌète lii langu dhèu leo sèra. Èle èèna ka, rèngu tèke eele nèti rai èèna dènge mèdha-panyau aaꞌi-aaꞌi ra. Èle èèna ka, èu lèpa asa bèi-baki èu dènge dame, aa hud'i ra padhane èu ètu umur dhu be'a.""",,eng,wyc,English,Wycliffe,11.5829,3.9781,4.222
"soothly in the fourth generation they shall turn again hither, for the wickedness of the amorites be not yet full-filled, till to present time.","aa èèna na, ja'a ator ho ana-èpu èu dhu ka lèmi kèti hari si asa ne'e mai. limuri ne, dhèu amori dhu pea ètu rai ne'e. dhèu se'e dhèu bhelu, te ngaa dhae bhelu iia mèka. ladhe ana-èpu èu sèra lèpa hari asa era ne'e, ja'a neo pake si ho huku palaho dhèu amori sèra. lula d'ai taa èèna, bhabhelu ra asa hino.","Te ngaa ètu rai ka èpa, dhèu aaꞌi-aaꞌi hudꞌi lèpa hari asa neꞌe, lula dhèu Amor dhu tao jꞌara bhelu-katubꞌa sèra, tao jꞌara bhelu-katubꞌa toke dꞌai lodꞌo neꞌe. Nèti èèna ka, dhèu aaꞌi-aaꞌi hudꞌi lèpa hari asa neꞌe.""","Bèli-camèd'a ètu rai ka èpa, rèngu hud'i lèpa hari asa ne'e, lula babhelu dhèu Amor dhae pènu boe, toke d'ai lod'o ne'e.",,eng,wyc,English,Wycliffe,0.4757,-7.896,-5.8749
"therefore when the sun was gone down, a dark mist was made, and a furnace smoking appeared, and a lamp of fire, and passed through those partings.","ropa d'ai mèda sa, cag'ag'a laa ètu era èèna, abhu èru rai èci dhu sèb'u poka-poka, dènge badhu ai èci dhu heo, kako re sasanga sisi dua baris se.","Ropa dꞌai madha lodꞌo, bèli-camèdꞌa bèli-camèdꞌa bèli-camèdꞌa bèli-camèdꞌa bèli-camèdꞌa bèli-camèdꞌa bèli-camèdꞌa bèli-camèdꞌa bèli-camèdꞌa bèli-camèdꞌa bèli-camèdꞌa bèli-camèdꞌa bèli-camèdꞌa bèli-camèdꞌa bèli-camèdꞌa bèli-camèdꞌa.","Ropa dꞌai madha lodꞌo, bèli-camèdꞌa bèli-camèdꞌa bèli-camèdꞌa bèli-camèdꞌa bèli-camèdꞌa bèli-camèdꞌa bèli-camèdꞌa bèli-camèdꞌa bèli-camèdꞌa bèli-camèdꞌa bèli-camèdꞌa bèli-camèdꞌa bèli-camèdꞌa bèli-camèdꞌa bèli-camèdꞌa bèli-camèdꞌa.",,eng,wyc,English,Wycliffe,0.0,0.0,0.0
"in that day the lord made a covenant of peace with abram, and said, i shall give to thy seed this land, from the river of egypt till to the great river euphrates;","lod'o èèna, lamatua pa'èki lii pajaji dènge abram. na peka na, ja'a jaji mema èu kèna, bèli-camèd'a ja'a pangèd'u mi ana-èpu èu rai ne'e ne, mulai nèti loko masir, d'ai loko efrat,","Lodꞌo èèna, Lamatua paꞌèki lii pajaji dènge Abram, aku Nèngu na, ""Bèli-camèdꞌa èu èèna, Jaꞌa bꞌae le rai ne, nèti dꞌara dano Masir, toke dꞌai èmu aae, ngara na Efrat, sèna ka jꞌajꞌi dhèu unu Lamatua.","Lod'o èèna, Lamatua pa'èki lii pajaji dame dènge Abram, aku Nèngu na, ""Ja'a b'ae le rai ne mi ana-èpu èu, nèti loko Masir toke d'ai loko aae, ngara na Efrat.""",,eng,wyc,English,Wycliffe,11.5467,6.8311,8.4865
"the lands of the kenites, and kenizzites, and kadmonites,","dènge rai dhèu keni, dhèu kenas, dhèu kadmon,","rai-haha dhèu Keni, Kenizzit, Kadmonit,","rai-haha dhèu Keni, Kenizzit, dènge Kadmonit.",,eng,wyc,English,Wycliffe,1.4008,6.5023,4.5431
"and hittites, and perizzites, and rephaims,","dhèu het, dhèu feris, dhèu refaim,","hadhu-hadhu, hadhu-hadhu, hadhu-hadhu, hadhu-hadhu, hadhu-hadhu, hadhu-hadhu, hadhu-hadhu, hadhu-hadhu, hadhu-hadhu, hadhu-hadhu, hadhu-hadhu, hadhu-hadhu, hadhu-hadhu, hadhu-hadhu, hadhu-hadhu, hadhu-hadhu, hadhu-hadhu, hadhu-hadhu, hadhu-hadhu, hadhu-hadhu, hadhu-hadhu, hadhu-hadhu, hadhu-hadhu, hadhu-hadhu, hadhu-hadhu, hadhu-hadhu, hadhu-hadhu, hadhu-hadhu, hadhu-hadhu, hadhu-hadhu, hadhu-hadhu, hadhu-hadhu, hadhu-hadhu, hadhu-hadhu, hadhu-hadhu, hadhu-hadhu, hadhu-hadhu,","dènge Hitit, dènge Perisit, dènge Refaim,",,eng,wyc,English,Wycliffe,10.1326,22.2627,19.7703
"and amorites, and canaanites, and girgashites, and jebusites.","dhèu amori, dhèu kana'an, dhèu girgasi, dènge dhèu yebus.","dhèu Amori, dhèu Kanaan, dhèu Girgashi, dènge dhèu Yebus.","dhèu Amori, dhèu Kanaan, dhèu Girgashi, dènge dhèu Yebus.",,eng,wyc,English,Wycliffe,0.0,0.0,0.0
"therefore sarai, the wife of abram, had not engendered to him free children; but she had a servantess of egypt, hagar by name, and sarai said to her husband, lo! the lord hath closed me, that i should not bear child; enter thou in to my servantess, if in hap i shall take children, namely of her. and when he assented to her praying, she took hagar the egyptian, her servantess, after ten years after that they began to inhabit the land of canaan, and she gave hagar asa wife to her husband.","tèu èèna, abram lèpa hari le nèti masir, ka na pea le canguru tèu ètu kana'an. dhèu èmu na sarai abhu mèka kolo. sarai dènge ènu bhèni ca dhèu nèti masir, ngara na hagar. ca lod'o, sarai peka dènge abram, aku nèngu na, a'a. lamatua hia boe ja'a ana. de hua iia, lamu j'unu dènge ènu ja'a, hagar, sèna ka na hia ja'a ana. ka abram madhutu lii dhèu èmu na. ka sarai hia hagar j'aj'i dhèu èmu ka dua abram.","Nèti èèna ka, Sarai, dhèu èmu Abram, padhai lii dènge ne, aku nèngu na, ""Aadꞌo! Ladhe jaꞌa abhu dhèu èmu jaꞌa, heka jaꞌa abhu dènge dhèu èmu jaꞌa, heka jaꞌa abhu dènge dhèu èmu jaꞌa. De ladhe jaꞌa abhu dènge dhèu èmu jaꞌa, jaꞌa abhu dènge dhèu èmu jaꞌa."" Hèia Sarai padhai lii sèmi èèna. Ropa dhèu aaꞌi-aaꞌi mulai mamuri ètu rai Kanaan, hèia Sarai padhai lii dènge dhèu èmu na, ngara na Hagar, dhèu èmu Masir. Èle èèna ka, heka Sarai hia heka Hagar, ho jꞌajꞌi dhèu èmu asa dhèu èmu na, ho jꞌajꞌi dhèu èmu na.","Nèti èèna ka, Sarai, dhèu èmu Abram, abhu boe ana iia mi nèngu; te ngaa nèngu abhu dhèu ènu nèti Masir, ngara na Hagar. Aa Sarai padhai lii dènge dhèu èmu na, ""Aad'o! Lamatua bèdho ja'a, sèna ka ja'a nara iisi boe ana; maso èu asa dhèu ènu ja'a, ladhe ja'a abhu ana nèti nèngu."" Aa ropa na pare'a lii manèngi na, hèia na nare Hagar dhèu Masir, dhèu ènu na, èle canguru tèu èle rèngu mulai mamuri ètu rai Kanaan, aa na hia Hagar j'aj'i dhèu èmu asa dhèu èmu na.",,eng,wyc,English,Wycliffe,10.4512,9.9894,9.6956
"and abram entered in to hagar; and hagar saw that she had conceived, and she despised her lady.","hèia abram j'unu dènge hagar, ka na dènge babia. ropa hagar ne'a nèngu dènge babia le, ka na padedha iisi na, aa na pahae heka sarai.","Èle èèna ka, Abram maso asa Hagar. Ropa Hagar neꞌa, na, na, dhèu bhèni ne dènge bèdho, ka na pakajꞌalu dhèu bhèni na.","Èle èèna ka, Abram maso asa Hagar. Ropa Hagar rèdhi na dènge babia, ka na padhèdi dhèu bhèni na.",,eng,wyc,English,Wycliffe,5.1705,1.97,2.1657
"and sarai said to abram, thou doest wickedly against me; i gave my servantess into thy bosom, which seeth that she hath conceived, and despiseth me; the lord deem betwixt me and thee.","ka sarai peka dènge abram, aku nèngu na, ja'a ka dhu hia nèngu mi èu j'aj'i dhèu èmu ka dua. te ngaa ropa na dènge babia, na pusi pahae heka ja'a! ne'e ne, sala èu! de hud'i laa, sèna ka lamatua ka dhu pama'ète lii èdhi dua ti! heka èu me'a kèna!","Hèia Sarai peka dènge Abram, aku nèngu na, ""Èu tao jꞌara bhelu-katubꞌa dènge jaꞌa. Lula jaꞌa hia bhèni bhèni jaꞌa ètu dꞌara ngiꞌu èu, te ngaa nèngu ladhe nèdhi, na, jaꞌa jꞌajꞌi ana bèdho. Nèti èèna ka, Lamatua pajꞌèra jaꞌa dènge èu.""","Hèia Sarai peka dènge Abram, aku nèngu na, ""Èu tao j'ara bhelu-katub'a dènge ja'a. Lula ja'a hia bhèni bhèni ja'a ètu baboa èu, te ngaa nèngu ladhe nèdhi na, nèngu dènge babia le, hèia nèngu padhèdi ja'a. Nèti èèna ka, Lamatua galaa ja'a dènge èu.""",,eng,wyc,English,Wycliffe,3.0457,5.203,4.297
"and abram answered and said to her, lo! thy servantess is in thine hand; use thou her as thee liketh. therefore for sarai tormented her, she fled away.","ka abram dhaa, peka na, sèmi ne'e, wee! èu ne, dhèu èmu uru. aa nèngu, dhèu èmu limuri. de èu ne dhu mèd'u paredha. de èu neo tao ne tasamia, èèna ètu èu na! ka sarai mulai tao sakaa hua dènge hagar, hèia na rai.","Hèia Abram dhaa, aku nèngu na, ""Sèmi neꞌe! Jaꞌa ne, ana bhèni èu. Padꞌelo ku dènge jaꞌa madhutu dadꞌèi èu."" Nèti èèna ka Sarai tao bhèni ne jꞌajꞌèra, hèia Sarai laꞌe laꞌe.","Hèia Abram dhaa, aku nèngu na, ""Mi nanene! Ja'a ne, ana bhèni èu ètu kacui.aai èu. Pake nèngu madhutu dad'èi èu."" Nèti èèna ka Sarai tao bhèni ne j'aj'èra, hèia nèngu rai lasi.",,eng,wyc,English,Wycliffe,0.2059,1.3548,1.4235
"and when the angel of the lord had found her beside a well of water in wilderness, which well is in the way of shur in desert,","na rai d'ai d'ara mamoo. hèia ana pajuu lamatua nèti sorga ca dhèu, rage ne dètu dènge madha èi, ètu j'ara la'e asa sur.","Èle èèna ka, ana pajuu Lamatua nèti sorga laꞌe paraga dènge Elisabet ètu sebhe dꞌara jꞌara èi ètu dꞌara mamoo ètu dꞌara jꞌara, nuka sebhe èi ètu dꞌara kota Sur.","Èle èèna ka, ana pajuu Lamatua nèti sorga laꞌe paraga dènge nèngu ètu sebhe sumur èi ètu d'ara mamoo, sumur èèna ètu j'ara Sur ètu d'ara mamoo.",,eng,wyc,English,Wycliffe,13.8676,6.1486,7.2842
"he said to her, from whence comest thou hagar, the servantess of sarai, and whither goest thou? which answered, i flee from the face of sarai, my lady.","ka na lii, aku nèngu na, èu ne hagar, ènu sarai. nga tao ka èu ètu ne'e? èu mai nèti mia, aa lamu mia? hèia hagar dhaa, aku nèngu na, ja'a rai nèti d'ara èmu lamatua ja'a.","Hèia na karèi ne, aku nèngu na, ""Hagar, ana bhèni Sarai. Èu mai nèti mia? Èu laꞌe asa mia?"" Hèia Sarai dhaa, aku nèngu na, ""Ama! Jaꞌa pakèdꞌi nèti Sarai.""","Hèia na karèi ne, aku nèngu na, ""Hagar, ana bhèni Sarai. Èu mai nèti mia? Èu laꞌe asa mia?"" Hèia Hagar dhaa, aku nèngu na, ""Jaꞌa pakèdꞌi nèti katanga madha Sarai, lamatua ja'a.""",,eng,wyc,English,Wycliffe,6.1315,9.9996,7.3971
"and the angel of the lord said to her, turn thou again to thy lady, and be thou meeked under her hands.","ka ana pajuu èèna pamako ne, aku nèngu na, sèmi ne'e! be'a risi, èu lèpa hari asa adhe-aai sarai, lamatua èu. masi ka na tao èu tasamia èèna ka, sèmi la.","Hèia ana pajuu Lamatua ne peka dènge ne, aku nèngu na, ""Lamu lèpa dènge bhèni èu, ho jꞌajꞌi dhèu pajuu-paleha èu.""","Hèia ana pajuu Lamatua ne peka dènge ne, aku nèngu na, ""Lamu lèpa hari asa dhèu èmu èu, aa pahaha iisi èu ètu ai na.""",,eng,wyc,English,Wycliffe,2.35,7.1007,7.0434
"and again he said, i multiplying shall multiply thy seed, and it shall not be numbered for multitude.","baku madha'u. bèli-camèd'a, ja'a pabèba ana-èpu èu pa'ae-ae, toke dhèu ige rare boe.","Èle èèna ka, Ama Lamatua peka dènge ne, aku Nèngu na, ""Sèmi neꞌe: Jaꞌa padꞌelo le jꞌajꞌèra èu, sèna ka ana-èpu èu jꞌajꞌi dhèu ae-ae.""","Èle èèna ka, Ama Lamatua peka dènge ne, ""Ja'a bèba ae-ae ana-èpu èu, aa rèngu bisa boe ige rare si.""",,eng,wyc,English,Wycliffe,6.9452,6.5176,7.9164
"and afterward he said, lo! thou hast conceived, and thou shalt bear a son, and thou shalt call his name ishmael, for the lord hath heard thy torment;","èu dhu dènge babia. nèbhu heka, èu mora iisi ana mone ca dhèu. èèna na mu pangare ne ismael dhu sasoa na ‘lamatua tadèngi', lula lamatua tadèngi le lii roma iisi èu.","Èle èèna ka, Ama Lamatua peka dènge ne, 'Èu jꞌajꞌi dhèu bhèni. Èu abhu ana mone ca dhèu. Èu hudꞌi paroa ne, Ismael, lula Lamatua tadèngi le jꞌajꞌèra èu.","Èle èèna ka, Ama Lamatua peka dènge ne, 'Bèli-camèd'a, èu dènge babia. Èu nara iisi ana mone ca dhèu. Èu hudꞌi paroa ne, Ismael, lula Lamatua tadèngi le jꞌajꞌèra èu.",,eng,wyc,English,Wycliffe,7.5627,9.9126,9.5006
"this shall be a wild man; his hand shall be against all men, and the hands of all men shall be against him; and he shall set his tabernacles even against all his brethren.","ropa ana ne kapai, na mamuri pakaj'èu nèti a'ari na. lula nèngu ne, sama sèmi jara hui dhu d'èi boe nanene lii paredha. sad'i dhèu cee èèna ka, na sisu. aa dhèu aa'i-aa'i lab'a ne kahèi.","Nèngu jꞌajꞌi dhèu bhelu-katubꞌa, aa dhèu aaꞌi-aaꞌi jꞌajꞌi dhèu bhelu-katubꞌa. Nèngu jꞌajꞌi dhèu bhelu-katubꞌa, aa dhèu aaꞌi-aaꞌi jꞌajꞌi dhèu bhelu-katubꞌa. Nèngu jꞌajꞌi dhèu bhelu-katubꞌa, sèna ka jꞌajꞌi dhèu bhelu-katubꞌa. Nèngu jꞌajꞌi dhèu bhelu-katubꞌa, sèna ka jꞌajꞌi dhèu bhelu-katubꞌa. Nèngu jꞌajꞌi dhèu bhelu-katubꞌa, sèna ka jꞌajꞌi dhèu bhelu-katubꞌa, sèna ka jꞌajꞌi dhèu bhelu-katubꞌa.","Nèngu j'aj'i dhèu bhelu-katub'a; aa kacui-aai na j'aj'i laba dhèu aa'i-aa'i, aa kacui-aai dhèu aa'i-aa'i j'aj'i laba nèngu; aa nèngu neo tèka paleo na kahèi laba a'ari na aa'i-aa'i.",,eng,wyc,English,Wycliffe,14.3794,11.6671,11.2819
"forsooth hagar called the name of the lord that spake to her, thou god that sawest me; for she said, forsooth here i saw the hinder things of him that saw me.","ropa tadèngi nare, hagar ngee ka ètu d'ara na, aku nèngu na, ja'a kèdhi le lamatua, dhu ladhe-leru aa madhenge ja'a. hèia na hia ngara mi lamatua, lamatua dhu ladhe-leru ja'a.","Nèti èèna ka, Hagar paroa dhèu dhu padhai lii dènge ne, 'Èu ne, dewa dhu ladhe mèdhi jaꞌa.' Nèti èèna ka, Hagar peka, na, ""Jaꞌa ladhe mèdhi dhèu dhu ladhe mèdhi jaꞌa.""","Nèti èèna ka, Hagar paroa ngara Lamatua dhu padhai lii dènge ne, 'Èu ne, dewa dhu ladhe mèdhi ja'a.' Te na peka, na, 'Mema ètu ne'e ja'a ladhe mèdhi kabodho nèti nèngu dhu ladhe mèdhi ja'a.'",,eng,wyc,English,Wycliffe,2.7011,10.658,9.2184
"therefore she called that well, the well of him that liveth and seeth me; that well is betwixt kadesh and bered.","nèti èèna ka, dhèu pangare madha èi na, beer lahai roi, dhu sasoa na madha èi nèti nèngu dhu mamuri, dhu ladhe-leru ja'a. era na, ètu talora aae nèti rae kades dènge rae beret. madha èi ne, abhu era toke d'ai sange ne'e.","Nèti èèna ka, bhèni ne paroa èi èi èi èi èi èi èi èi èi èi èi èi èi èi èi èi èi èi èi èi èi èi. Èi èi èi èi èi èi èi èi èi èi èi èi èi èi èi èi èi èi èi èi èi.","Nèti èèna ka, bhèni ne paroa èi èèna, 'Èi nèti nèngu dhu mamuri aa nèdhi ja'a.' Èi èèna ètu talora aae kades dènge bered.",,eng,wyc,English,Wycliffe,15.3928,24.6929,23.1708
"and hagar childed a son to abram, which called his name ishmael.","èle èèna ka, hagar lèpa hari. hèia nara iisi ana mone ca dhèu. abram pangare ne ismael.","Èle èèna ka, Hagar bhèni ana mone mi Abraham. Hagar bhèni ne, ngara na Ishmael.","Èle èèna ka, Hagar bhèni ana mone mi Abraham. Ka Abraham pangare ne Ishmael.",,eng,wyc,English,Wycliffe,2.3897,6.8385,6.6842
"abram was eighty years and six, when hagar childed ishmael to him.","lod'o hagar nare iisi ismael, umur abram aru nguru èna tèu kèna.","Èle èèna ka, Hagar bhèni Isakel.","Abram dhu aru nguru èna tèu, ropa Hagar nara iisi Ismael mi nèngu.",,eng,wyc,English,Wycliffe,24.9822,36.3426,33.7697
"forsooth after that abram began to be of ninety years and nine, the lord appeared to him, and said to him, i am almighty god; go thou before me, and be thou perfect;","ropa umur abram d'ai ceo nguru ceo tèu, lamatua mai pad'elo iisi dènge ne. ka na peka dènge abram, aku nèngu na, ja'a ne, ama lamatua dhu koasa risi eele. èu hud'i madhutu taruu dad'èi ja'a, dènge j'ara mamuri èu hud'i mola.","Èle èèna ka, Abram dꞌai èpa nguru tèu lodꞌo, hèia Lamatua padhai lii dènge ne, aku Nèngu na, ""Jaꞌa ne, Ama Lamatua dhu koasa aaꞌi-aaꞌi. Èu hudꞌi laꞌe asa madha Jaꞌa, ho jꞌajꞌi dhèu mola-mèci.","Èle èèna ka, Abram dꞌai ceo nguru dènge ceo tèu lodꞌo, hèia Lamatua bhodho mi ne, aku Nèngu na, ""Jaꞌa ne, Ama Lamatua dhu koasa aaꞌi-aaꞌi. Èu hudꞌi laꞌe asa madha Jaꞌa, ho jꞌajꞌi dhèu mola-mèci.""",,eng,wyc,English,Wycliffe,2.253,1.1761,1.3466
and i shall set my covenant of peace betwixt me and thee; and i shall multiply thee full greatly.,ja'a neo pa'èki lii pajaji dènge èu. aa ja'a neo pabèba kacanga ana-èpu èu.,"Èèna na Jaꞌa tao paꞌèci dènge èu, sèna ka èu mamuri paꞌèci dènge Jaꞌa. Èèna na Jaꞌa tao paꞌèci dènge èu, sèna ka èu jꞌajꞌi dhèu ae-ae.","Aa Ja'a tao pa'èci dènge èu, sèna ka èu mamuri pa'èci dènge Ja'a; aa Ja'a tao èu j'aj'i dhèu ae-ae.",,eng,wyc,English,Wycliffe,4.3876,2.7372,3.0601
"and abram felled down low on his face. and god said to him,","hèia abram patitu kètu urutuu, ka na pacud'u kètu d'ai rai. ka ama lamatua tuhu hari lii padhai lii na, aku nèngu na,","Hèia Abraham patitu kètu urutuu. Hèia Ama Lamatua peka dènge ne, aku Nèngu na,","Hèia Abraham patitu kètu urutuu. Hèia Ama Lamatua peka dènge ne, aku Nèngu na,",,eng,wyc,English,Wycliffe,0.0,0.0,0.0
"i am, and my covenant of peace is with thee, and thou shalt be the father of many folks; and thy name shall no more be called abram, but thou shalt be called abraham, for i have made thee the father of many folks;","lii pajaji ja'a dènge èu sèmi ne'e ka: èèna na, èu j'aj'i bèi-baki nèti suku ae-ae. nèti èèna ka, èu pake ia ka ngara èu abram dhu sasoa na ‘ama dhu dhèu tadhe', te ngaa abraham dhu sasoa na ‘bèi-baki nèti suku ae-ae'.","Nèti èèna ka, dhèu aaꞌi-aaꞌi ra paroa èu, aku rèngu na, ""Ama! Jaꞌa paꞌèki le dènge èu, sèna ka èu jꞌajꞌi dhèu aaꞌi-aaꞌi nèti suku aaꞌi-aaꞌi. Te ngaa èu jꞌajꞌi boe Abraham. Te Jaꞌa tao èu jꞌajꞌi dhèu aaꞌi-aaꞌi nèti suku aaꞌi-aaꞌi.","Ja'a ne, aa pa'èki dame Ja'a dènge èu, aa èu hud'i j'aj'i ama dhèu ae; aa ngara mu heka paroa Abram boe, te ngaa èu hud'i paroa Abraham, te Ja'a tao èu j'aj'i ama dhèu ae.",,eng,wyc,English,Wycliffe,4.6357,-3.9178,-4.1556
"and i shall make thee to wax full greatly, and i shall set thee in folks, and kings shall go out of thee;",ja'a neo pabèba kacanga ana-èpu èu ae-ae. ja'a paj'aj'i si suku ae-ae. aa ja'a ded'e dhèu aae ae nèti rèngu sèra.,"Bèli-camèdꞌa, èu jꞌajꞌi dhèu ae-ae. Èu jꞌajꞌi dhèu-dhèu nèti suku-suku leo, aa dhèu aae-dhèu aaꞌi-aaꞌi mai nèti èu.","Bèli-camèdꞌa, èu jꞌajꞌi dhèu ae-ae. Èu jꞌajꞌi dhèu-dhèu ètu d'ara suku-suku leo, aa dhèu aae-dhèu aaꞌi-aaꞌi mai nèti èu.",,eng,wyc,English,Wycliffe,-0.4198,0.42,0.2017
"and i shall make my covenant between me and thee, and between thy seed after thee, in their generations, by everlasting bond of peace, that i be thy god, and of thy seed after thee;","ja'a sanèd'e taruu lii pajaji ja'a dènge èu, aa dènge ana-èpu èu sèra. lii pajaji ne ma'ète boe toke taa-taa, lula ja'a ne'e ka ama lamatua nèti èu dènge ana-èpu mu.","Jaꞌa neo paꞌèki paꞌèki aaꞌi-aaꞌi dènge èu, dènge ana-èpu èu aaꞌi-aaꞌi ra, sèna ka jꞌajꞌi Ama Lamatua mi dhèu aaꞌi-aaꞌi. Jaꞌa tao paꞌèki aaꞌi-aaꞌi, sèna ka jꞌajꞌi Ama Lamatua mi dhèu aaꞌi-aaꞌi ra.","Ja'a neo tao pa'èki ja'a dènge ja'a dènge èu, dènge ana-èpu èu limuri èu, ètu mamuri ra, pake pa'èki dame dhu taa-taa, sèna ka ja'a j'aj'i Ama Lamatua mi èu, dènge mi ana-èpu èu limuri èu.",,eng,wyc,English,Wycliffe,14.8814,15.6781,14.4003
"and i shall give to thee, and to thy seed after thee, the land of thy pilgrimage, all the land of canaan, into everlasting possession, and i shall be the god of them.","rai kana'an ne aa'i-aa'i, bèli-camèd'a ja'a hia mi èu dènge ana-èpu èu. ne'e ne, èu dhoka pea manubha di ètu ne'e. te ngaa èèna na, j'aj'i mi unu ana-èpu èu toke taa-taa. aa ja'a j'aj'i ama lamatua rèngu sèra kahèi.","Èu dènge ana-èpu èu dhu jꞌajꞌi dhèu sabꞌa ètu rai-haha ne, èèna na Jaꞌa pangèdꞌu rai Kanaꞌan aaꞌi-aaꞌi, sèna ka jꞌajꞌi mi dedha-liru. Èèna na Jaꞌa jꞌajꞌi Ama Lamatua mi dhèu aaꞌi-aaꞌi ra.""","Aa ja'a hia mi èu, dènge mi ana-èpu èu tare èu, rai Kana'an aa'i-aa'i, rai sab'a èu, sèna ka j'aj'i mi unu toke d'ai mia-mia. Aa ja'a j'aj'i Ama Lamatua mi rèngu.",,eng,wyc,English,Wycliffe,17.459,11.7908,13.277
"god said again to abraham, and therefore thou shalt keep my covenant, and thy seed after thee, in their generations. this is my covenant, which ye shall keep, betwixt me and you, and thy seed after thee; each male kind of you shall be circumcised,","te ngaa èu dènge ana-èpu èu sèra, hud'i kèpe pa'èra lii pajaji ne, dènge d'ara kateme ku. dhèu mone aa'i-aa'i ra, hud'i suna ku.","Èle èèna ka, Ama Lamatua peka hari dènge Abraham, aku Nèngu na, 'Miu aaꞌi-aaꞌi mi, ana-èpu miu aaꞌi-aaꞌi mi, hudꞌi suna ku dhèu aaꞌi-aaꞌi dhu jꞌajꞌi dhèu unu Jaꞌa.","Èle èèna ka, Ama Lamatua peka hari dènge Abraham, aku nèngu na, 'De èu hud'i tèke jaji ku, aa ana-èpu mu limuri èu, ètu bèi-baki ra. Ne'e ka jaji ku, dhu miu hud'i tèke, ètu talora ja'a dènge miu, aa ana-èpu mu limuri èu; dhèu mone èci-èci nèti miu hud'i suna.'",,eng,wyc,English,Wycliffe,1.1584,10.6632,7.9869
"and ye shall circumcise the flesh of your man's rod, that it be into a sign of bond of peace betwixt me and you. a young child of eight days shall be circumcised in you, all male kind in your generations, as well a born servant of your household, as a servant bought, shall be circumcised, and whoever is of your kindred, he shall be circumcised; and my covenant shall be in your flesh into everlasting bond of peace.","ne'e ne, mone aa'i-aa'i hud'i suna, mulai nèti umur aru lod'o. a'ari èu, dhèu-dhèu sab'a èu, dènge ènu dhu èu hèli more nèti rai leo, aa'i-aa'i ra hud'i suna si. suna na j'aj'i tadha mi ngi'u miu, dhu pa'èki èdhi taa-taa.","Lodꞌo èèna, miu hudꞌi suna ana mone aaꞌi-aaꞌi mi, sèna ka jꞌajꞌi dhèu unu Ama Lamatua. Èèna hudꞌi suna kahèi ana mone aaꞌi-aaꞌi mi, sèna ka jꞌajꞌi dhèu unu Ama Lamatua. Dènge jꞌara neꞌe, miu hudꞌi suna kahèi, sèna ka jꞌajꞌi dhèu unu Lamatua. De miu hudꞌi suna kahèi, sèna ka jꞌajꞌi dhèu unu Lamatua, sèna ka jꞌajꞌi dhèu unu Lamatua. De miu hudꞌi suna kahèi, sèna ka jꞌajꞌi dhèu unu Lamatua, sèna ka jꞌajꞌi dhèu unu Lamatua. De miu hudꞌi suna kahèi, sèna ka jꞌajꞌi dhèu unu Lamatua, sèna ka jꞌajꞌi dhèu unu Lamatua, sèna ka jꞌajꞌi dhèu unu Lamatua. De miu hudꞌi suna kahèi, sèna ka jꞌajꞌi dhèu unu Lamatua, sèna ka jꞌajꞌi dhèu unu Lamatua, sèna ka jꞌajꞌi dhèu unu Lamatua.","Miu hud'i suna isi ana mone miu, sèna ka j'aj'i tadha nèti èki dame ètu talora aae ja'a dènge miu. Ana iiki dhu umur aru lod'o, dènge ana mone aa'i-aa'i nèti ana-èpu miu, sama sèmi ènu dhu rara iisi ètu isi èmu miu, dènge ènu dhu ra hèli, hud'i ra suna. Aa cee ka dhu nèti ana-èpu miu, nèngu hud'i ra suna. Aa jaji ja'a hud'i pea ètu isi miu, j'aj'i èki dame dhu toke d'ai mia-mia la'e.",,eng,wyc,English,Wycliffe,18.7245,24.1321,24.0326
"a man whose flesh of his rod shall not be circumcised, that man shall be done away from his people; for he made void my covenant.","mone mia dhu suna boe, rèngu sèra maso boe ètu d'ara lii pajaji ja'a ne, aa rèngu sèra j'aj'i boe dhèu ja'a kahèi.","Te ngaa ladhe dhèu dhu suna boe, nèngu hudꞌi pamadhe nèti dhèu aaꞌi-aaꞌi ra, lula nèngu roꞌo boe paꞌèki dènge Jaꞌa.""","Ladhe dhèu dhu suna boe, nèngu hudꞌi pamadhe nèti dhèu unu na, lula nèngu core eele pa'èki Ja'a.",,eng,wyc,English,Wycliffe,0.9898,-2.4324,-1.3429
"also god said to abraham, thou shalt not call sarai, thy wife, sarai, but sarah;","èle èèna ka, ama lamatua peka hari, aku nèngu na, nèti deo ne'e ne, èu paroa ia ka ngara dhèu èmu mu sarai, te ngaa sara.","Èle èèna ka, Ama Lamatua peka hari dènge Abraham, aku Nèngu na, ""Èu baku paroa dhèu èmu èu, Sarai, te ngaa èu paroa dhèu èmu èu, Sarai.","Èle èèna ka, Ama Lamatua peka hari dènge Abraham, aku Nèngu na, ""Èu baku paroa dhèu èmu èu, Sarai, te ngaa èu paroa dhèu èmu èu, Sarah.""",,eng,wyc,English,Wycliffe,-0.4257,-0.3972,-0.7143
"and i shall bless her, and of her i shall give to thee a son, whom i shall bless, and he shall be into nations, and kings of peoples shall be born of him.","èèna na ja'a hia mamèngi ae-ae mi sara, sèna ka nara iisi hia èu, ana mone ca dhèu. tare'a! bèli-camèd'a, sara j'aj'i bèi nèti suku ae-ae. aa èèna na, ja'a ded'e dhèu aae ae-ae nèti ana-èpu nèngu.","Bèli-camèdꞌa Jaꞌa paꞌèki le dènge ana mone nèti neꞌe. Bèli-camèdꞌa Jaꞌa paꞌèki le dènge ana mone nèti neꞌe, sèna ka jꞌajꞌi dhèu ae-ae nèti suku aaꞌi-aaꞌi. Dhèu aae nèti neꞌe, jꞌajꞌi dhèu aae-dhèu nèti suku aaꞌi-aaꞌi.","Aa Ja'a neo pa'èki ne, aa nèti ne'e Ja'a neo hia ana mone ca dhèu mi èu, dhu Ja'a neo pa'èki, aa nèngu neo j'aj'i dhèu ae-ae nèti suku aa'i-aa'i, aa dhèu aae nèti suku-suku neo rara iisi nèti nèngu.",,eng,wyc,English,Wycliffe,9.2785,2.6075,4.6758
"abraham felled down on his face, and laughed in his heart, and said, guessest thou, whether a child shall be born to a man of an hundred years, and sarah of ninety years shall bear a child?","hèia abraham patitu kètu urutuu ka pacud'u kètu d'ai rai. te ngaa na mari ètu d'ara. na pangee, na, mone heka bhora dhu cangasu tèu sama sèmi ja'a ne, bisa abhu ana era? aa sara dhu heka gagoo-gagehu ne, dhu ceo nguru tèu kèna, nara iisi hari sa mia?","Èle èèna ka, Abraham patitu kètu urutuu na, ka na reꞌa. Hèia na peka, aku nèngu na, ""Èu pangee, na, jaꞌa abhu ca dhèu ca dhèu, lodꞌo jaꞌa dènge nguru tèu lodꞌo, te ngaa Sara dhu dènge nguru tèu lodꞌo èèna, abhu ca dhèu?","Èle èèna ka, Abraham patitu kètu urutuu na, ka na radhu ètu d'ara na. Hèia na peka, aku nèngu na, ""Èu pangee, na, ana ca dhèu nara iisi mi dhèu mone dhu dènge cangasu tèu, aa Sara dhu dènge ceo nguru tèu, nara iisi ana ca dhèu?""",,eng,wyc,English,Wycliffe,8.3015,8.1676,8.2405
"and he said to the lord, i would that ishmael might live before thee.","ka na peka dènge lamatua, aku nèngu na, hud'i ka laa, ismael ka dhu abhu pusaka ja'a èèna ka, ngaa-ngaa tao boe.","Hèia na peka dènge Ama Lamatua, aku nèngu na, ""Sèmi neꞌe! Jaꞌa manèngi sèna ka Ismael pea ètu madha ama.""","Hèia na peka dènge Ama Lamatua, aku nèngu na, ""Sèmi neꞌe! Jaꞌa manèngi sèna ka Ismael pea ètu madha Èu.""",,eng,wyc,English,Wycliffe,-0.4289,-0.3262,-0.2125
"and the lord said to abraham, sarah, thy wife, shall bear a son to thee, and thou shalt call his name isaac, and i shall make my covenant with him into everlasting bond of peace, and to his seed after him;","te ngaa aku ama lamatua na, aad'o sèmi èèna! bèli-camèd'a, dhèu èmu mu sara, nara iisi ana mone ca dhèu. pangare ne isak. lii jaji ja'a ne, lèke mi nèngu dènge ana-èpu na toke mia-mia.","Èle èèna ka, Lamatua peka dènge Abraham, aku Nèngu na, ""Bèli-camèdꞌa, dhèu èmu èu, Sara, bèli-camèdꞌa jꞌajꞌi dhèu unu èu. Èu hudꞌi pangare ne Isak. Èèna na Jaꞌa tao paꞌèki dènge ne, sèna ka èu dènge ana-èpu na bisa mamuri paꞌèci dènge dꞌara beꞌa.","Èle èèna ka, Lamatua peka dènge Abraham, aku Nèngu na, ""Bèli-camèdꞌa, dhèu èmu èu, Sara, nara iisi ana mone mi èu. Èu hudꞌi pangare ne Isak. Èèna na Jaꞌa tao paꞌèki lii pajaji dènge ne, jꞌajꞌi paꞌèki dame dhu taa-taa toke dꞌai mia-mia, dènge ana-èpu na limuri nèngu.""",,eng,wyc,English,Wycliffe,3.9323,11.4339,10.4825
"also on ishmael i have heard thee, lo! i shall bless him, and i shall increase him, and i shall multiply him greatly; he shall engender twelve dukes, and i shall make him into a great folk.","ja'a tadèngi le ngaa dhu èu manèngi kahèi, hia ismael. nèti èèna ka, ja'a hia berkat mi nèngu kahèi, aa hia ana-èpu na tabha ae. bèli-camèd'a ana-èpu ismael ne, j'aj'i mi canguru dua kapala suku. aa ana-èpu na suku èci dhu kapai.","Jaꞌa tadèngi lii pajaji èu, Isak. Èèna na, Jaꞌa pakabꞌua ne. Jaꞌa paꞌèki dènge ne. Jaꞌa paꞌèki dènge ne. Jaꞌa paꞌèki dènge ne. Jaꞌa paꞌèki dènge ne, toke na jꞌajꞌi dhèu kapai canguru dua. Jaꞌa tao nèngu jꞌajꞌi dhèu aaꞌi-aaꞌi, aa dhèu aaꞌi-aaꞌi ra jꞌajꞌi dhèu aaꞌi-aaꞌi.","Ja'a tadèngi lii mu kahèi lula-nèti Ismael. Èèna na, Ja'a pakab'ua ne, aa ja'a pa'èki ne, aa ja'a pakab'ua ne ae-ae; nèngu bèba dhèu aae canguru dua, aa ja'a tao nèngu j'aj'i dhèu kapai.",,eng,wyc,English,Wycliffe,10.7821,5.9027,6.1592
"forsooth i shall make my covenant with isaac, whom sarah shall child to thee in this time in the tother year.","masi ka sèmi èèna, lii pajaji ja'a ne, lèke dhoka mi ana mu isak di. tèu mai ni, hèru sèmi ne'e kahèi, sara nara iisi le.","Te ngaa Jaꞌa paꞌèki le dènge Isak. Èle èèna ka, dꞌai lodꞌo èèna, Sara bhoke le ana nèti èu, nuka Isak.""","Te ngaa Jaꞌa paꞌèki le dènge Isak. Pe d'ai tèu mai nèi, Sara bhoke le ana nèti èu, nuka Isak.",,eng,wyc,English,Wycliffe,-0.0848,2.1886,1.8627
"and when the word of the speaker with him was ended, god ascended from abraham.","ropa padhai lii nare, ka ama lamatua tèke eele abraham.","Èle èèna ka, Ama Lamatua caꞌe nèti Abraham.","Èle lii dhèu dhu peka dènge nèngu nare, Ama Lamatua caꞌe nèti Abraham.",,eng,wyc,English,Wycliffe,0.7321,7.8185,6.5981
"forsooth abraham took ishmael, his son, and all the born servants of his house, and all which he had bought, all the males of all men of his house, and circumcised the flesh of their rods, anon in that day, as the lord commanded to him. abraham was of ninety years and nine when he circumcised the flesh of his rod, and ishmael, his son, had filled thirteen years in the time of his circumcision. abraham was circumcised in the same day, and ishmael his son, and all the men of his house, as well born servants, as those bought and aliens, were circumcised together.","lod'o èèna kahèi, abraham tao dènge ka, madhutu sèmi lii paredha ama lamatua. ka na suna. na suna ana na, ismael, dènge dhèu mone aa'i-aa'i dhu pea dènge ne. lod'o èèna, umur abraham ceo nguru ceo tèu le, aa ismael canguru tèlu tèu.","Èle èèna ka, Abraham suna Isak, ana na, dènge dhèu aaꞌi-aaꞌi ètu dꞌara èmu na. Ropa Isak suna Isak, hèia Isak suna Isak dènge dhèu aaꞌi-aaꞌi ètu dꞌara èmu na, dènge dhèu aaꞌi-aaꞌi ètu dꞌara èmu na.","Bèli-camèd'a, Abraham nare Ismael, ana na, dènge aa'i-aa'i ènu dhu rara iisi ètu d'ara èmu na, dènge aa'i-aa'i dhu na hèli le, aa'i-aa'i mone nèti dhèu aa'i-aa'i ètu d'ara èmu na, ka na suna isi ai ra, kabèdhi la'a ètu lod'o èèna, sèmi lamatua paredha le mi nèngu. Abraham umur na ceo nguru ceo tèu ropa na suna isi ai na, aa Ismael, ana na, umur na canguru tèlu tèu le ètu lod'o na suna ne. Abraham suna ètu lod'o sama èèna, dènge Ismael ana na, dènge dhèu aa'i-aa'i ètu d'ara èmu na, nuka sèmi ènu dhu rara iisi, dènge dhu na hèli, aa dhèu kaj'èu, ra suna sama-sama.",,eng,wyc,English,Wycliffe,5.4757,28.1169,21.641
"forsooth in the valley of mamre the lord appeared to abraham, sitting in the door of his tabernacle, in that heat of the day.","ca tèka, abraham pea padètu dènge aj'u aae canau ètu mamre. lamatua mai pad'elo iisi na mi nèngu ètu era èèna. lii lolo na sèmi ne'e ka: lod'o èèna, sagoro ae titu kèna, ka abraham madhèdi ètu hèb'a paleo na, sèna ka abhu ngèlu g'oro ciki.","Èle èèna ka, Abraham madhèdi ètu dꞌara hèbꞌa èmu na, ètu sebhe Mamre.","Bèli-camèd'a, ètu kajèlo Mamre, ama lamatua pad'elo rèhu na mi Abraham, ropa nèngu madhèdi ètu hèb'a èmu na, ètu lod'o pana èèna.",,eng,wyc,English,Wycliffe,11.006,12.619,12.516
"and when abraham had raised up his eyes, three men appeared to him, and stood nigh to him. and when he had seen them, he ran from the door of his tabernacle into the meeting of them, and he worshipped on the earth,","ropa abraham boti kètu na, ladhe nèdhi dhèu tèlu dhu titu kaj'èu boe nèti era èèna. hèia na rai la'e soru nare si. ropa na d'ai madha si, na patitu kètu urutuu na,","Èle èèna ka, Abraham ladhe-leru. Hèia na ladhe nèdhi dhèu tèlu dhu titu ètu sebhe na. Hèia na patitu kètu urutuu, laꞌe patitu kètu urutuu, ho pahaha iisi mi Ama Lamatua.","Èle èèna ka, Abraham ladhe-leru. Hèia na ladhe nèdhi dhèu tèlu dhu titu ètu sebhe na. Ropa na ladhe nèdhi si, na rai nèti hèb'a èmu na asa raga si, aa na patitu kètu urutuu ètu rai, ho pahaha iisi.",,eng,wyc,English,Wycliffe,-1.6765,5.1225,5.35
"and said, lord, if i have found grace in thine eyes, pass thou not thy servant,","ka na peka, aku nèngu na, ama si. mai dhuli ku ho minu èi ciki.","Hèia na manèngi, aku nèngu na, 'Ama! Ladhe Ama dꞌèi boe dꞌara jaꞌa, na, jaꞌa manèngi sèna ka Ama pua dhèu sabꞌa èu.","Hèia na manèngi, aku nèngu na, 'Ama! Ladhe ja'a nèdhi d'ara hua iia ètu madha Ama, baku lènge dhèu sab'a èu.'",,eng,wyc,English,Wycliffe,0.8099,1.2034,-0.0004
"but i shall bring a little water, and your feet be washed, and rest ye under the tree;","ama si ae ciki mi mamaho ne'e. ho ana-ana iiki rèti èi, sèna ka rasa haga miu.","Ladhe Jaꞌa neo hia miu èi, na, miu hudꞌi sabꞌa titu kèna ètu dꞌara ajꞌu ne, sèna ka jꞌajꞌi dhèu aaꞌi-aaꞌi ra. De ladhe Jaꞌa neo hia miu èi, na, miu hudꞌi sabꞌa titu kèna ètu dꞌara ajꞌu ne, sèna ka jꞌajꞌi dhèu aaꞌi-aaꞌi ra, sèna ka jꞌajꞌi dhèu aaꞌi-aaꞌi ra.","Te ngaa ja'a neo mèti èi ciki, aa haga miu rase, aa miu marèngi ètu haha aj'u.",,eng,wyc,English,Wycliffe,4.0502,6.0155,7.1224
"and i shall set before you a morsel of bread, and your heart be comforted; afterward ye shall pass forth; for therefore be ye bowed aside to your servant. which said, do thou as thou hast spoken.","pe ja'a laku lalau nganga'a-nginu ho ama si mi'a ciki, sèna ka ako kadhii ciki, heka lami taruu kèna. te ja'a karej'e bisa lalau ama si. ka ra dhaa, aku rèngu na, ooo. ji'i dhuli.","Sèmi èèna kahèi, ladhe jaꞌa neo hia miu mèdha-panyau, na, miu bisa tèke eele. Te ngaa ladhe jaꞌa neo hia miu mèdha-panyau, na, jaꞌa neo hia miu mèdha-panyau."" Hèia dhèu ne dhaa, aku nèngu na, 'Ladhe sèmi èèna, na, jaꞌa neo tao madhutu lii padhai jaꞌa ne. De jaꞌa neo hia miu mèdha-panyau, sèna ka jꞌajꞌi dhèu aaꞌi-aaꞌi, sèna ka jꞌajꞌi dhèu aaꞌi-aaꞌi, sèna ka jꞌajꞌi dhèu aaꞌi-aaꞌi, sèna ka jꞌajꞌi dhèu aaꞌi-aaꞌi, sèna ka jꞌajꞌi dhèu aaꞌi-aaꞌi, sèna ka jꞌajꞌi dhèu aaꞌi-aaꞌi.'","Aa ja'a neo tèka ca lai roti ètu madha miu, sèna ka d'ara miu pakarej'e. Hèia miu neo lènge. Lula èèna ka, miu dhuli mi ènu ja'a. Hèia rèngu dhaa, aku rèngu na, 'Tao ku sèmi lii padhai èu ne.'",,eng,wyc,English,Wycliffe,14.9414,8.4111,11.3758
"abraham hasted into the tabernacle, to sarah, and said to her, haste thou, mix three half bushels of clean flour; and make thou loaves baken under ashes.","hèia abraham pamèri sa d'ara paleo, la'e peka dènge sara, aku nèngu na, mèri! more tarigu dhu be'a risi, ca saku, ho tao roti!","Èle èèna ka, Abraham kèdꞌi laꞌe asa dꞌara hèbꞌa Sara. Hèia na peka dènge ne, aku nèngu na, ""Sèmi neꞌe! Èu tao roti èci èèna ka, ètu dꞌara ajꞌu èèna. Ètu dꞌara ajꞌu èèna, ètu dꞌara ajꞌu èèna, ètu dꞌara ajꞌu hèbꞌa èèna, ètu dꞌara ajꞌu hèbꞌa èèna, ètu dꞌara ajꞌu hèbꞌa èèna, ètu dꞌara ajꞌu hèbꞌa èèna, ètu dꞌara ajꞌu hèbꞌa èèna, ètu dꞌara ajꞌu hèbꞌa èèna.""","Èle èèna ka, Abraham kèdꞌi laꞌe asa dꞌara palèu, asa Sara. Hèia na peka dènge ne, aku nèngu na, ""Karohe! Èu pakihu tarigu dhu mola-mèci tèlu camalore labhu; aa èu tao roti dhu bhubhu ètu d'ara ahu.""",,eng,wyc,English,Wycliffe,7.5196,14.1434,14.3683
"forsooth he ran to the drove of beasts, and took thereof a calf most tender and best, and gave to a servant, which hasted, and seethed the calf;","ka rai la'e hari asa era sapi na, hèia kèpe ana sapi kabèb'u ci'u. ka na pua dhèu sab'a na sa, pare.","Èle èèna ka, lamatua oka ne lèpa asa dꞌara dꞌara oka. Ka na hia ana sapi èci asa dhèu sabꞌa ètu dꞌara oka na. Ka lamatua oka ne laꞌe asa dꞌara oka na.","Èle èèna ka, nèngu rai asa d'ara oka badha. Ka na nare nèti èèna ana sapi èci dhu mako risi dènge be'a risi, ka na hia mi dhèu sab'a èci, dhu mèri, aa na nasu ana sapi èèna.",,eng,wyc,English,Wycliffe,4.6798,5.5709,6.2227
"and he took butter, and milk, and the calf which he had sodden, and set before them; forsooth abraham stood beside them under the tree. and when they had eaten,","hèia la'e nare susu, keju dènge sisi dhu heka nasu èèna, nèti hia tamu sèra ra'a. abraham titu taruu ètu mamaho aj'u, ho na lalau si.","Èle èèna ka, na kèpe sapi dènge susu, sèna ka raꞌa-rinu. Te ngaa Abraham madhèdi ètu dꞌara ajꞌu èèna. Ka raꞌa-rinu aaꞌi-aaꞌi ètu dꞌara ajꞌu èèna, ka raꞌa-rinu aaꞌi-aaꞌi raꞌa-rinu aaꞌi-aaꞌi raꞌa-rinu aaꞌi-aaꞌi raꞌa-rinu aaꞌi-aaꞌi raꞌa-rinu aaꞌi-aaꞌi raꞌa-rinu aaꞌi-aaꞌi raꞌa-rinu aaꞌi-aaꞌi raꞌa-rinu aaꞌi-aaꞌi raꞌa-rinu aaꞌi-aaꞌi raꞌa-rinu aaꞌi-aaꞌi raꞌa-rinu aaꞌi-aaꞌi raꞌa-rinu aaꞌi-aaꞌi raꞌa-rinu aaꞌi-aaꞌi raꞌa-rinu.","Na kèpe mènyi susu, dènge susu, dènge ana sapi dhu na nasu, hèia na paj'ojo ètu madha rèngu. Mema Abraham titu sebhe rèngu ètu dꞌara ajꞌu èèna. Ka ropa ra ra'a èle,",,eng,wyc,English,Wycliffe,4.0889,14.6387,14.8726
"they said to him, where is sarah thy wife? he answered, lo! she is in the tabernacle.","hèia ra karèi ne, aku rèngu na, dhèu èmu mu sara, ka mia? na dhaa, aku nèngu na, nuka d'ara paleo èèna.","Ka dhèu se karèi ne, aku rèngu na, ""Sara dhèu èmu èu ètu mia?"" Hèia Abraham dhaa, aku nèngu na, ""Nèngu ètu era neꞌe.""","Ka dhèu se karèi ne, aku rèngu na, ""Sara dhèu èmu èu ètu mia?"" Hèia Abraham dhaa, mi nanene! Nèngu ètu èmu manèngi-mangaj'i.",,eng,wyc,English,Wycliffe,-12.7303,-9.192,-9.9486
"to whom the lord said, i shall turn again, and i shall come to thee in this time, if i live; and sarah, thy wife, shall have a son. when this was heard, sarah laughed behind the door of the tabernacle.","ka ca dhèu nèti rèngu se padhai lii, aku nèngu na, pe d'ai tèu mai nèi, ja'a lèpa hari mai. lod'o èèna, dhèu èmu èu sara nare iisi le ana mone ca dhèu. ropa rèngu padhai lii èèna, sara nanene nèti kabodho babèdho.","Èle èèna ka, Ama Lamatua peka dènge ne, aku Nèngu na, ""Ladhe èle lodꞌo èèna, Jaꞌa lèpa hari asa èu. Èle èèna ka, bhèni èu, Sara, abhu ana mone ca dhèu."" Ropa tadèngi lii padhai Ama Lamatua, hèia Sara tèke eele ètu dꞌara hèbꞌa ètu dꞌara Èmu Kapua Manèngi-Mangajꞌi ètu dꞌara Èmu Kapua Manèngi-Mangajꞌi ètu dꞌara Èmu Kapua Manèngi-Mangajꞌi ètu dꞌara Èmu Kapua Manèngi-Mangajꞌi ètu dꞌara Èmu Kapua Manèngi-Mangajꞌi ètu dꞌara Èmu Kapua Manèngi-Mangajꞌi ètu dꞌara Èmu Kapua Manèngi-Mangajꞌi ètu dꞌara Èmu Kapua Manèngi-Mangajꞌi ètu dꞌara Èmu Kapua Manèngi-Mangajꞌi.","Èle èèna ka, Ama Lamatua peka dènge ne, aku Nèngu na, ""Ja'a lèpa hari asa èu ètu lod'o ne'e, ladhe ja'a muri; aa bhèni èu, Sara, abhu ana mone ca dhèu."" Ropa tadèngi lii padhai Ama Lamatua, hèia Sara tèke eele nèti kabodho hèb'a ètu dꞌara Èmu Kapua Manèngi-Mangajꞌi.",,eng,wyc,English,Wycliffe,9.7085,8.4556,9.7991
"forsooth both were old, and of great age, and woman's terms ceased to be made to sarah.","lod'o èèna, abraham dènge sara dhu heka bhoro le, ngaa hari sara dhu abhu heka hèru.","te dhèu bhèni aaꞌi-aaꞌi dhu dꞌèlu-mèu, aa dꞌèlu-mèu kahèi, aa dhèu bhèni aaꞌi-aaꞌi dhu dꞌèlu-mèu kahèi dènge dhèu aaꞌi-aaꞌi dhu dꞌèlu-mèu aaꞌi-aaꞌi ètu dꞌara jꞌara-jꞌara aaꞌi-aaꞌi ètu dꞌara jꞌara-jꞌara aaꞌi-aaꞌi ètu dꞌara jꞌara-jꞌara aaꞌi-aaꞌi ètu dꞌara jꞌara-jꞌara aaꞌi-aaꞌi ètu dꞌara jꞌara-jꞌara aaꞌi-aaꞌi ètu dꞌara jꞌara-jꞌara aaꞌi-aaꞌi ètu dꞌara jꞌara-jꞌara aaꞌi-aaꞌi ètu dꞌara jꞌara-jꞌara aaꞌi-aaꞌi-aaꞌi.","te dua ra dhu heka d'ai seli le, aa sara dhu heka boe nara iisi.",,eng,wyc,English,Wycliffe,11.0722,15.1782,19.6052
"and she laughed, saying privily, after that i waxed eld or old, and my lord is eld or old, shall i give diligence or busyness to lust?","ropa sara tadèngi padhue-padhai rèngu se, ka na mari kèmu. na pangee na, ja'a dhu heka roto-roto sèmi ne'e ne, aa dhèu èmu ja'a dhu roe nia heka. tasamia ji'i bisa tao sèmi ana ngèru dhu leo-èmu hiu, ho abhu ana?","Hèia na pakabꞌua, aku nèngu na, ""Ladhe jaꞌa kèdꞌi le, aa lamatua jaꞌa kèdꞌi le, ngaa jaꞌa hudꞌi tao madhutu dadꞌèi lamatua jaꞌa, sèna ka tao madhutu dadꞌèi lamatua jaꞌa. De jaꞌa hudꞌi tao madhutu dadꞌèi lamatua jaꞌa, sèna ka tao madhutu dadꞌèi lamatua jaꞌa. De jaꞌa hudꞌi tao madhutu dadꞌèi lamatua jaꞌa, do aadꞌo?""","Hèia na pakabꞌua, na peka mau-mau, ""Èle ka jaꞌa kèdꞌi le, aa lamatua jaꞌa kèdꞌi le, ngaa jaꞌa hudꞌi tao maj'èni mi dad'èi d'ara, do aad'o?""",,eng,wyc,English,Wycliffe,0.3158,-5.2154,-3.1391
"forsooth the lord said to abraham, why laughed sarah, thy wife, saying, whether i an eld or old woman shall bear a child verily?","ka lamatua peka dènge abraham, aku nèngu na, nga tao ka sara mari? ele boe na ngee na, lii padhai ja'a ne j'aj'i boe, lula nèngu heka le.","Èle èèna ka, Lamatua karèi Abraham, aku Nèngu na, ""Nga tao ka Sara pakabꞌua èu, lula na padhai lii, peka na, 'Bèli-camèdꞌa jaꞌa jꞌajꞌi dhèu bèdho, do, jaꞌa jꞌajꞌi dhèu bèdho?'","Èle èèna ka, Lamatua karèi Abraham, aku Nèngu na, ""Nga tao ka Sara radhu, bhèni èu, peka na, 'Ja'a dhu dhèu bèdho, bisa nara iisi ana tare'a-re'a, do?'",,eng,wyc,English,Wycliffe,0.6019,-3.459,-3.7753
"whether anything is hard to god? by the promise i shall turn again to thee in this same time, if i live; and sarah shall have a son.","ja'a ne, lamatua! abhu boe ngaa èci sa dhu ja'a bisa boe tao. sanèd'e paie. tèu mai, ladhe ja'a lèpa hari mai, sara dhu nara iisi le, ana mone ca dhèu.","Èle èèna ka, Ama Lamatua pangee, na, ladhe jaꞌa mamuri hari, pe jaꞌa lèpa hari asa èu. Èle èèna ka, Sara abhu ana mone.""","Èle èèna ka, Ama Lamatua pangee, na, ladhe jaꞌa mamuri hari, pe jaꞌa lèpa hari asa èu. Èle èèna ka, Sara abhu ana mone.""",,eng,wyc,English,Wycliffe,0.0,0.0,0.0
"sarah was afeared for dread, and denied, saying, i laughed not. forsooth the lord said, it is not so, but thou laughedest.","ropa tadèngi lii èèna, sara j'aj'i madha'u. ka na pasili, aku nèngu na, ja'a mari boe, nga! te ngaa lamatua b'ala, na, deo na, èu mari, nga.","Te ngaa Sara aaꞌi-aaꞌi ra madhaꞌu, ka na dhaa, aku nèngu na, ""Jaꞌa neꞌa boe."" Te ngaa Lamatua dhaa, aku Nèngu na, ""Tareꞌa, èu neꞌa boe.""","Te ngaa Sara madha'u bia, ka na pasili, aku nèngu na, ""Ja'a radhu boe."" Te ngaa Lamatua dhaa, aku Nèngu na, ""Tare'a, baku sèmi èèna, te èu radhu.""",,eng,wyc,English,Wycliffe,12.5339,12.1458,11.1241
"therefore when the men had risen from thence, they dressed the eyes against sodom; and abraham went together, leading them forth.","èle ka, dhèu tèlu se pakèd'i neo lasi asa kota sodom. ka abraham lere si d'ai talora j'ara. nèti era èèna, ladhe rèdhi kota sodom.","Ropa dhèu dua sèra mamuri hari, hèia ra ladhe-leru kota Sodom. Te ngaa Abraham tèke eele si asa liꞌu.","Ropa dhèu dua sèra kèd'i nèti èèna, hèia ra ladhe-leru kota Sodom. Aa Abraham kako dènge rèngu, ngèti si asa li'u.",,eng,wyc,English,Wycliffe,3.2525,7.3599,7.0666
"and the lord said, whether i may cover from abraham what things i shall do,","ka lamatua ngee ètu d'ara na, hua iia ja'a peka dènge abraham, ja'a neo palaho kota sodom.","Èle èèna ka, Lamatua peka dènge ne, aku nèngu na, 'Jaꞌa neo tao jꞌara aaꞌi-aaꞌi, sèna ka jꞌajꞌi ana-èpu Abraham.","Èle èèna ka, Lamatua peka, 'Ja'a neo hutu ngaa-ngaa dhu ja'a neo tao ngèti Abraham, sina ma?'",,eng,wyc,English,Wycliffe,4.8648,-0.4532,-1.4492
"since he shall be into a great folk and most strong, and all nations of the earth shall be blessed in him?","te ladhe èèna na, ana-èpu na asa tabha ae, aa suku dhu kapai. aa nèngu ne, èèna na, j'aj'i berkat mi suku aa'i-aa'i ètu rai-haha ne.",Bèli-camèdꞌa ana ne jꞌajꞌi dhèu unu Ama Lamatua dhu kapai risi. Bèli-camèdꞌa ana ne jꞌajꞌi dhèu unu Ama Lamatua nèti suku aaꞌi-aaꞌi ètu rai-haha ne. Bèli-camèdꞌa ana ne jꞌajꞌi dhèu unu Lamatua dhu kapai risi nèti suku aaꞌi-aaꞌi ètu rai-haha ne.,"Karai nèngu neo j'aj'i suku aae aa èra risi, aa suku aa'i-aa'i ètu rai-haha ne neo mèngi nèti nèngu?",,eng,wyc,English,Wycliffe,22.5019,5.9919,9.3174
"for i know that abraham shall command his children, and his house after him, that they keep the way of the lord, and that they do rightfulness or rightwiseness and doom, that the lord bring for abraham all things which he spake to abraham.","ja'a hag'e kore le nèngu, ho na nori ana-èpu na dènge dhèu leo, sèna ka madhutu taruu j'ara lamatua, ho ra mamuri dènge mola. ladhe rèngu mamuri sèmi èèna, ja'a tao aa'i lii dhu ja'a pajaji dènge abraham.","Jaꞌa keꞌa, na, Ama Lamatua paredha Abraham dènge ana-èpu na aaꞌi-aaꞌi nèti dꞌara èmu na, sèna ka ra mamuri madhutu jꞌara-jꞌara dhu beꞌa, aa tao jꞌara dhu lèke, aa tao jꞌara dhu lèke. Dènge jꞌara neꞌe, Ama Lamatua hia Abraham jꞌara aaꞌi-aaꞌi dhu Na padhadha le.""","Ja'a ke'a, na, Abraham paredha ana na dènge dhèu èmu na èle nèngu, sèna ka ra mamuri madhutu j'ara Ama Lamatua, aa tao ngaa dhu tare'a dènge huku, sèna ka Ama Lamatua hia Abraham mèdha aa'i-aa'i dhu Na padhadha mi Abraham.",,eng,wyc,English,Wycliffe,7.3673,6.7981,7.1071
"and so the lord said, the cry of men of sodom and of men of gomorrah is multiplied, and their sin is egregious greatly;","hèia lamatua peka dènge abraham, aku nèngu na, sèmi ne'e! ja'a tadèngi le, lii roma iisi dhèu ae, peka na, dhèu kota sodom dènge gomora bhabhelu ra seli-kolane.","Hèia Lamatua peka dènge ne, aku Nèngu na, ""Dhèu aaꞌi-aaꞌi dhu mamuri ètu kota Sodom dènge kota Gomora, tao jꞌajꞌèra èci èèna ka dènge dhèu aaꞌi-aaꞌi dhu dꞌèi paꞌele iie lii langu ra. Nèti èèna ka, dhèu aaꞌi-aaꞌi jꞌajꞌi dhèu bhelu-katubꞌa. Nèti èèna ka, dhèu aaꞌi-aaꞌi jꞌajꞌi dhèu bhelu-katubꞌa ètu dꞌara kota Sodom dènge kota Gomora. Nèti èèna ka, dhèu aaꞌi-aaꞌi jꞌajꞌi dhèu bhelu-katubꞌa aaꞌi-aaꞌi.","Hèia Lamatua peka, aku Nèngu na, lii taraa dhèu Sodom dènge Gomora tabha ae, dènge sasala ra bhelu-katub'a titu kèna.",,eng,wyc,English,Wycliffe,2.9797,-3.8082,1.8788
"i shall come down, and see whether they have ful filled in work the cry that came to me, that i know whether it is not so.","nèti èèna ka, ja'a puru madha ku mai, sèna ka kèdhi unu ku, ngaa dhu ja'a tadèngi sèra, tare'a, do aad'o. ladhe aad'o, pe ja'a ke'a unu ku.","De jaꞌa pakèdꞌi laꞌe, ho ladhe rèdhi, na, dhèu se sabꞌa le ngaa dhu jaꞌa tadèngi sèmi èèna, do aadꞌo?""","De ja'a dha'u, aa ladhe, na, dhèu se sab'a le ngaa dhu ja'a tadèngi sèmi èèna, do aad'o?",,eng,wyc,English,Wycliffe,10.9802,5.4423,6.8584
"and they turned themselves from thence, and went to sodom. abraham soothly stood yet before the lord,","ropa lamatua padhai lii era dènge abraham, dhèu dua se lasi taruu sa kota sodom.","Èle èèna ka, Abraham kèdꞌi titu ètu madha kota Sodom.","Nèti èèna ka, rèngu kabèli, aa lasi asa kota Sodom. Abraham mema kèdꞌi titu era ètu madha Lamatua.",,eng,wyc,English,Wycliffe,-0.4688,12.1704,9.12
"and nighed, and said, whether thou shalt lose a just man or the rightwise with the wicked?","hèia abraham la'e padètu dènge lamatua, ka na pamako na, peka na, tasamia? ama neo pamadhe aa'i dhèu-dhèu be'a pa'èci dènge dhèu-dhèu bhelu, do?","Ka Yesus karèi ne, aku Nèngu na, ""Èu neo pamadhe dhèu dhu dꞌara mola, do, èu neo pamadhe dhèu dhu dꞌara mola, dènge dhèu bhelu-katubꞌa?""","Ka Yesus karèi ne, aku Nèngu na, ""Èu neo ele dhèu dhu dꞌara mola, do, èu neo ele dhèu dhu dꞌara mola, dènge dhèu bhelu-katubꞌa?""",,eng,wyc,English,Wycliffe,-1.6057,-6.4704,-5.5825
"if fifty just or rightwise men be in the city, shall they perish altogether, and shalt thou not spare that place for fifty just or rightwise men, if they be therein?","ladhe abhu dhèu lèmi nguru dhu be'a ètu d'ara kota èèna, ama pamadhe si hèi? do, ama palaho heka kota sèra, lula rèngu se'e, do?","Ladhe ètu dꞌara kota èèna, abhu kahèi dhèu lèmi nguru nguru dhèu dhu dꞌara mola, aa dhèu dꞌara mola, aa dhèu dꞌara mola. Ladhe abhu kahèi dhèu lèmi nguru dhèu dhu dꞌara mola, aa dhèu dꞌara mola, aa dhèu dꞌara mola, do aadꞌo?","Ladhe ètu d'ara kota èèna, abhu lèmi nguru dhèu dhu d'ara mola, na, rèngu molo madhe aa'i, do aad'o? Aa èu soro boe era èèna, ladhe abhu lèmi nguru dhèu dhu d'ara mola ètu nèi, do aad'o?",,eng,wyc,English,Wycliffe,7.72,6.8508,8.5338
"far be it from thee that thou do this thing, and slay the just or rightwise with the wicked, and that a just or rightwise man be made as a wicked man; this is not thine that deemest all the earth; thou shalt not make this doom.","ama baku tao sèmi èèna! mage dhoka, dhèu be'a sèra madhe hèi, lula ama neo pamadhe dhèu bhelu sèra. ama ka dhu pama'ète lii ètu dedha-liru dènge rai-haha. de ama ku unu mu dhu me'a j'ara èèna adil boe.","Ladhe èu pamadhe dhèu dhu dꞌara mola, do dhèu dhu dꞌara mola, do dhèu dhu dꞌara mola, do dhèu dhu dꞌara mola, do dhèu dhu dꞌara mola, sèmi dhèu dhu dꞌara mola, do dhèu dhu dꞌara mola, sèmi dhèu bhelu-katubꞌa dhu dꞌara bhelu-katubꞌa, na, èu bisa boe pamaꞌète lii langu ètu rai-haha ne. Èu bisa boe pamaꞌète lii langu èèna.""","J'ara ne j'aj'i sèmi èèna mi èu, ho èu tao mèdha ne'e, aa pamadhe dhèu dhu d'ara mola dènge dhèu bhelu-katub'a, aa dhèu dhu d'ara mola j'aj'i sèmi dhèu bhelu-katub'a; ne'e ne, unu mu boe, èu dhu huku rai-haha aa'i; èu mage pama'ète lii langu ne'e.",,eng,wyc,English,Wycliffe,6.165,9.1367,10.1736
"and the lord said to him, if i shall find in sodom fifty just or rightwise men in the midst of the city, i shall forgive to all the place for them.","ka lamatua dhaa, peka na, ladhe abhu dhèu be'a lèmi nguru dhèu ètu kota sodom, ja'a huku boe kota èèna, lula rèngu.","Hèia lamatua na dhaa, aku nèngu na, 'Ladhe jaꞌa paraga dènge dhèu lèmi nguru nguru dhèu ètu dꞌara kota èèna, jaꞌa saku eele si.","Hèia lamatua na dhaa, aku nèngu na, 'Ladhe ja'a paraga lèmi nguru dhèu dhu d'ara mola ètu Sodom, ètu d'ara kota èèna, ja'a saku eele aa'i rai èèna lula rèngu.",,eng,wyc,English,Wycliffe,-0.6113,7.0674,6.0347
"abraham answered and said, for i began once, i shall speak to my lord, since i am dust and ashes;","hèia abraham padhai lii hari, aku nèngu na, ama, ja'a manèngi abho, lula ja'a neo padhai lii hari ciki. ja'a ne dhoka dhèu goa di, dhu ke'a boe ngaa-ngaa.","Hèia Abraham dhaa, aku nèngu na, 'Jaꞌa neo padhai lii dènge aꞌari jaꞌa, te jaꞌa jꞌajꞌi mèu-mèu.","Hèia Abraham dhaa, aku nèngu na, 'Jaꞌa neo padhai lii dènge aꞌari jaꞌa, masi ka jaꞌa jꞌajꞌi ahu dènge ahu.'",,eng,wyc,English,Wycliffe,-0.6074,1.9861,0.887
"what if less than fifty just or rightwise men by five be, shalt thou do away all the city for five and forty? and the lord said, i shall not do away, if i shall find five and forty there.","sèmi d'ai boe dhèu lèmi nguru dhu be'a, te ngaa dhoka èpa nguru lèmi di, tasamia? kura dhoka dhèu lèmi di, na ama neo palaho eele kota èèna, do? ka lamatua b'ala, aku nèngu na, ladhe ja'a abhu dhèu be'a èpa nguru lèmi, ja'a palaho boe kota èèna.","Ladhe ètu dꞌara kota èèna, abhu ca dhèu dhu dꞌèlu-mèu dènge dhèu dhu dꞌèlu-mèu. Ladhe ètu èèna, abhu ca dhèu dhu dꞌèlu-mèu dènge dhèu dhu dꞌèlu-mèu dènge dhèu dhu dꞌèlu-mèu dènge dhèu, na, èu neo pamadhe dhèu ètu dꞌara kota èèna, do?"" Hèia na dhaa, aku nèngu na, 'Ladhe jaꞌa paraga dènge dhèu ètu èèna, jaꞌa pamadhe boe dhèu ètu dꞌèlu-mèu.'","Ladhe abhu dhèu dhu d'ara mola lèmi dènge èpa nguru, èu neo pamadhe aa'i kota èèna, do? Hèia Lamatua peka, 'Ja'a neo pamadhe boe, ladhe ja'a rèdhi lèmi dènge èpa nguru ètu èèna.'",,eng,wyc,English,Wycliffe,10.1331,3.0431,4.2692
"and again abraham said to him, but if forty be there, what shalt thou do? the lord said, i shall not smite for forty.","ka abraham pamako hari, na, sèmi abhu dhoka èpa nguru dhèu be'a di, tasamia, ama? ka na dhaa, ladhe ja'a abhu èpa nguru dhèu be'a, ja'a huku boe si.","Hèia Abraham karèi hari, aku nèngu na, ""Ladhe ètu èèna abhu dhèu èpa nguru dhèu, èu neo tao ngaa?"" Hèia dhèu ne dhaa, aku nèngu na, ""Jaꞌa neo tao boe sèmi èpa nguru dhèu èpa.""","Hèia Abraham karèi hari, aku nèngu na, ""Ladhe ètu èèna abhu èpa nguru dhèu, èu neo tao ngaa?"" Hèia Lamatua dhaa, aku nèngu na, ""Ja'a neo boe huku lula èpa nguru dhèu.""",,eng,wyc,English,Wycliffe,4.5488,1.5833,1.0886
"abraham said, lord, i beseech, take thou not into indignation, if i speak; what if thirty be found there? the lord answered, i shall not do, if i shall find thirty there.","abraham pamako hari, aku nèngu na, ama baku nasa. te abhu dhoka tèlu nguru dhèu be'a di, na tasamia? hèia na dhaa, ladhe ja'a abhu tèlu nguru dhèu be'a, ja'a huku boe si.","Te ngaa Abraham dhaa, aku nèngu na, 'Ama! Ladhe jaꞌa paraga dènge dhèu 30 ètu dꞌara jꞌara neꞌe, na, tasamia ka jaꞌa bisa padhai lii sèmi èèna?' Te ngaa lamatua na dhaa, aku nèngu na, 'Jaꞌa tao boe sèmi èèna. Ladhe jaꞌa paraga dènge dhèu 30 ètu dꞌara jꞌara neꞌe, na, jaꞌa tao boe sèmi èèna.'","Abraham dhaa, aku nèngu na, ""Ama! Ja'a manèngi, baku tao nasa dènge ja'a, ladhe ja'a padhai lii. Tasamia ladhe dhèu tèlu nguru paraga ètu nèi?"" Te ngaa Lamatua na dhaa, aku nèngu na, ""Ja'a tao boe sèmi èèna, ladhe ja'a paraga dènge dhèu tèlu nguru ètu nèi.""",,eng,wyc,English,Wycliffe,12.3704,11.6778,12.0849
"abraham said, for i began once, i shall speak to my lord; what if twenty be found there? the lord said, i shall not slay for twenty.","hèia abraham peka hari, ama mage nasa ladhe ja'a karèi hari ciki. sèmi abhu dhoka dhèu dua nguru di dhu be'a, na tasamia? ka na dhaa hari, aku nèngu na, sèmi abhu dhèu dua nguru di dhu be'a, ja'a palaho eele boe kota èèna.","Hèia Abraham dhaa, aku nèngu na, ""Ladhe jaꞌa peka sèmi èèna, jaꞌa neo padhai lii dènge aꞌari jaꞌa. Ladhe abhu dua nguru dhèu ètu dꞌara jꞌara neꞌe, na, tasamia?"" Ka aꞌari na dhaa, aku nèngu na, ""Jaꞌa pamadhe boe dua nguru dhèu ètu dꞌara jꞌara neꞌe.""","Hèia Abraham dhaa, aku nèngu na, ""Te ja'a mulai catèka, ja'a neo padhai lii dènge Lamatua ja'a. Ladhe abhu dua nguru dhèu ètu nèi, na, tasamia?"" Ka Lamatua na dhaa, aku nèngu na, ""Ja'a pamadhe boe lula dua nguru dhèu.""",,eng,wyc,English,Wycliffe,5.8942,0.7278,0.8674
"abraham said, lord, i beseech, be thou not wroth, if i speak yet once more; what if ten be found there? the lord said, i shall not do away for ten.","ka abraham katange lii padhai na, aa na karèi, peka na, ama! ja'a padhai lii hari ca tèka, te ngaa baku nasa dènge ja'a. tasamia, ladhe abhu dhoka canguru dhèu di dhu be'a? hèia na dhaa, ladhe ja'a abhu canguru dhèu dhu be'a ètu era èèna, ja'a palaho boe kota èèna.","Èle èèna ka, Abraham dhaa, aku nèngu na, 'Ama! Ladhe jaꞌa padhai lii ca jꞌajꞌèra, na, jaꞌa tao sèmi èèna. Te ngaa ladhe abhu ca jꞌajꞌèra ètu dꞌara jꞌara neꞌe, na, jaꞌa tao boe sèmi èèna.' Te ngaa ama na dhaa, aku nèngu na, 'Jaꞌa tao boe sèmi èèna.'","Abraham dhaa, ""Lamatua, ja'a manèngi, baku nasa, ladhe ja'a padhai lii catèka hari; ngaa ladhe abhu canguru ètu nèi?"" Lamatua dhaa, ""Ja'a tao boe pamadhe lula canguru.""",,eng,wyc,English,Wycliffe,6.1761,4.2844,3.8032
"the lord went forth, after that he had ceased to speak to abraham, and abraham turned again into his place.","padhai lii èle sèmi èèna, lamatua la'e dènge ka, aa abraham lèpa kahèi.","Èle èèna ka, Lamatua tèke eele lii padhai na dènge Abraham. Hèia Abraham lèpa hari asa dꞌara èmu na.","Èle èèna ka Lamatua tèke eele lii padhai na dènge Abraham, hèia na kako. Hèia Abraham lèpa hari asa dꞌara èmu na.",,eng,wyc,English,Wycliffe,-0.7974,-0.4102,-1.7088
"and twain angels came to sodom in the eventide, while lot sat in the gates of the city. and when he had seen them, he rose, and went to meet them, and worshipped or honoured low to the earth,","ètu d'ara lamatua dhu padhue-padhai era dènge abraham, ana pajuu na dhèu dua, lasi le asa kota sodom. d'ai nèi, lod'o oe cèna kèna. ka lot dhu madhèdi ètu hèb'a tedhe kota. ropa nèdhi dhèu dua se, la'e soru nare si. ka na patitu kètu urutuu, aa pacud'u kètu ètu madha ra.","Lod, dhu madhèdi ètu kota Sodom, ladhe nèdhi ana pajuu Ama Lamatua dhèu dua sèra. Hèia na laꞌe paraga dènge dhèu dua sèra. Hèia na patitu kètu urutuu, ho pahaha iisi mi dhèu dua sèra.","Ropa lod'o nihia, ana pajuu dua sèra mai asa kota Sodom, Lod dhu madhèdi ètu babèdho kota. Ropa na nèdhi si, na kèd'i, hèia na la'e paraga dènge si, hèia na patitu kètu urutuu, ho pahaha iisi mi si.",,eng,wyc,English,Wycliffe,3.0584,-0.9103,0.0674
"and said, my lords, i beseech, bow ye down into the house of your servant, and dwell ye there; wash ye your feet, and in the morrowtide ye shall go into your way. which said, nay, but we shall dwell in the street.","ka na padhai lii, aku nèngu na, mai lati dhuli ku èmu ja'a la. sèna ka ama si rase haga, aa j'unu ètu èmu ja'a. pe bèli mad'ae, heka ama si kako hari kèna. ra dhaa, aku rèngu na, makasi. te ngaa repo ia ka. hud'i laa ji'i j'unu ètu d'ara lapa.","hèia na manèngi, aku nèngu na, 'Ama-ama! Jaꞌa manèngi sèna ka miu madhèdi ètu èmu jaꞌa. De bèli-camèdꞌa bèli-camèdꞌa, miu lèpa hari.' Te ngaa dhèu sabꞌa se dhaa, aku rèngu na, 'Aadꞌo! Te jaꞌa manèngi sèna ka miu madhèdi ètu era èèna.'","hèia na manèngi, aku nèngu na, 'Ama-ama! Ja'a manèngi sèna ka miu cudu ètu èmu ja'a, aa miu pea ètu nèi; rase miu haga miu, aa mad'ae miu neo laku asa j'ara miu.' Rèngu dhaa, aku rèngu na, 'Aad'o! Te ji'i neo pea ètu j'ara.'",,eng,wyc,English,Wycliffe,7.4393,3.4008,3.8261
"he constrained them greatly, that they should turn in to him. and when they entered into his house, he made a feast, and baked therf bread, and they ate.","te ngaa lot pamako si loe boe, ka lasi manubha asa èmu na. ka lot si tunu roti, lalau mei, ka ra'a-rinu pa'èci.","Èle èèna ka, Paulus dènge Silas maso asa dꞌara èmu na, ka raꞌa-rinu. Èle èèna ka, raꞌa-rinu ètu dꞌara èmu na. Hèia na tao roti ètu dꞌara hèbꞌa, hèia raꞌa-rinu ètu dꞌara Èmu Kapua Manèngi-Mangajꞌi ètu dꞌara Èmu Kapua Manèngi-Mangajꞌi ètu dꞌara Èmu Kapua Manèngi-Mangajꞌi ètu dꞌara Èmu Kapua Manèngi-Mangajꞌi ètu dꞌara Èmu Kapua Manèngi-Mangajꞌi ètu dꞌara Èmu Kapua Manèngi-Mangajꞌi ètu dꞌara Èmu Kapua Manèngi-Mangajꞌi ètu dꞌara Èmu Kapua Manèngi-Mangajꞌi ètu dꞌara Èmu Kapua Manèngi-Mangajꞌi.","Nèngu pakaseti si titu kèna, sèna ka rèngu maso asa d'ara èmu nèngu. Ropa rèngu maso asa d'ara èmu nèngu, na tao pesta, aa na bhubhu roti dhu pake boe ragi, hèia rèngu ra'a.",,eng,wyc,English,Wycliffe,1.0828,5.0266,5.9727
"forsooth before that they went to sleep, men of the city compassed his house, from a child till to an eld or old man, all the people together;","dhu dua ra lasi mèka j'unu, cag'ag'a laa, dhèu mone sodom aa'i-aa'i, ana mone ngèru toke d'ai mone heka, mai reo rare èmu lot.","Te ngaa dꞌai lodꞌo ra lèpa, dhèu-dhèu nèti dꞌara kota sèra mai tenge èmu èèna. Rèngu aaꞌi-aaꞌi ra pakaboko, nèti ana toke dhèu heka, aaꞌi-aaꞌi ra aaꞌi-aaꞌi ra ètu dꞌara èmu èèna.","Te ngaa te'a boe na ra bhèj'i, dhèu-dhèu nèti dꞌara kota sèra mai oke èmu na. Rèngu aaꞌi-aaꞌi ra pakaboko, nèti ana toke dhèu heka.",,eng,wyc,English,Wycliffe,3.0046,-1.9432,-1.3737
"and they called lot, and said to him, where be the men that entered to thee tonight? bring them out hither, that we know them, that is, by lechery against kind.","dhèu se'e pa'oo-parodha, peka mi lot, aku rèngu na, he, lot! mone dua deo sa, ètu mia? bhabhodho si mai, sèna ka ji'i j'unu dènge ra!","Ka ra paroa Lot, hèia ra karèi ne, aku rèngu na, ""Dhèu-dhèu dhu mai ètu dꞌara èmu èu ne, ètu mia?""","Ka ra paroa Lot, hèia ra karèi ne, aku na, ""Dhèu-dhèu dhu maso asa èmu mèda ne'e, ètu mia? Mèti si kalua mai, sèna ka èdhi j'unu pa'èci dènge si.""",,eng,wyc,English,Wycliffe,3.2899,7.8557,8.2867
"and lot went out to them behind the back, and closed the door,","hèia lot li'u la'e, ka na bèdho hari èmu.","Èle èèna ka, Lot laꞌe asa madha dhèu seꞌe, hèia na bhoke hèbꞌa ètu dꞌara hèbꞌa.","Èle èèna ka, Lot la'e asa dhèu se'e, hèia na bèdho hèb'a nèti kabodho na.",,eng,wyc,English,Wycliffe,10.9339,13.635,12.863
"and said, i beseech, do not ye, my brethren, do not ye do this evil.","ka na lii, aku nèngu na, a'ari, ee! baku miu tao bhelu mi tamu ja'a se.","Hèia na peka dènge ra, aku nèngu na, ""Aꞌari aaꞌi-aaꞌi! Miu baku tao jꞌara bhelu ne.""","Hèia na peka dènge ra, aku nèngu na, ""Aꞌari aaꞌi-aaꞌi! Miu baku tao jꞌara bhelu ne.""",,eng,wyc,English,Wycliffe,0.0,0.0,0.0
"i have two daughters, that knew not yet a man; i shall lead out them to you, and mis-use ye them as it pleaseth you, so that ye do none evil to these men, for they entered under the shadow of my roof.","mi nanene ku ja'a laa! ana bhèni ja'a, dhèu dua. dua ra dhu pa'èci mèka dènge dhèu mone. ja'a hia miu. mere, ho mi tao tasamia èèna ka, sad'i madhutu dad'èi miu. sad'i miu baku tao karehe mi tamu ja'a dhèu dua se. lula madhutu ad'a èdhi, ja'a ka dhu hud'i j'aga si.","Jaꞌa dènge ana bhèni jaꞌa dhèu dua dhu dꞌai mèka dènge dhèu èmu-kamali. De ladhe jaꞌa nèti rèngu asa madha miu, miu hudꞌi tao madhutu dadꞌèi miu, te rèngu mai asa dꞌara èmu jaꞌa.","Jaꞌa dènge ana bhèni jaꞌa dua dhu dha'e mèka dènge dhèu èmu-kamali. Jaꞌa neo nèti rèngu asa madha miu, aa miu hudꞌi tao madhutu dadꞌèi miu, sèna ka miu baku tao bhabhelu mi dhèu se, te rèngu mai asa dꞌara èmu jaꞌa.",,eng,wyc,English,Wycliffe,-0.0892,4.0819,4.1021
"and they said, go thou from hence. and again they said, thou enteredest in hither as a comeling; whether that thou shalt deem us? therefore we shall torment thee more than these. and they did violently to lot full greatly. then it was nigh that they would break the doors;","masi ka sèmi èèna, dhèu sodom se pa'oo ma'ète boe, aku rèngu na, èu ne, baku patabha! te èu ne, dhèu tao mai ètu kabarai ji'i ne! de èu dènge boe hak ho kai ji'i. hua iia, èu pakaj'èu nèti era ne'e. te, ladhe lamu boe, ji'i tao èu bia risi nèti dhèu dua se'e! ka ra tule eele lot, hèia aa'i-aa'i ra rai lasi j'èje babèdho èmu.","Hèia dhèu se manèngi, aku rèngu na, ""Ama! Èu mai nèti era neꞌe! Èu mai sèna ka padhai lii dènge jiꞌi, do? Èèna na jiꞌi adꞌu-ue jꞌajꞌèra èu! Èèna na jiꞌi adꞌu-ue jꞌajꞌèra èu."" Hèia dhèu se tèke eele dhèu seꞌe sèra, toke dꞌai dꞌara èmu.","Hèia ra peka, ""Lami nèti era ne'e!"" Aa rèngu peka hari, ""Èu maso mai nèi sèmi dhèu dhu maso; èu neo galaa ji'i, do? Nèti èèna ka ji'i neo paj'èra èu risi nèti dhèu se'e sèra."" Aa rèngu pakaseti lot titu kèna. Hèia dètu ae le na rèngu neo lèku hèba sèra.",,eng,wyc,English,Wycliffe,1.4987,6.6411,4.5941
"and lo! the men put forth their hands, and led in lot to them, and they closed the door.","te ngaa dhèu dua se soro kacui-aai ra, ère pamaso lot, ka ra patèke èmu nèti d'ara.","Èle èèna ka, dhèu dua se tèke eele aaꞌi-aaꞌi ra, hèia ra tèke eele hèbꞌa ètu dꞌara èmu.","Mi nanene! dhèu dua se tèke eele kacui-aai ra, hèia ra rèti Lot maso mi rèngu, hèia ra bèdho hèbꞌa.",,eng,wyc,English,Wycliffe,12.292,10.4571,7.1681
"and they smote with blindness they that were withoutforth, from the least till to the most; so that they might not find the door.","dua ra tao pabèdhu ana madha dhèu sodom aa'i-aa'i ra, ka rèdhi heka ngaa-ngaa. ra gogo tenge babèdho, te ngaa abhu boe.","Ropa tadèngi lii padhai dhèu seꞌe, hèia dhèu aaꞌi-aaꞌi dhu ètu liꞌu, bèli-camèdꞌa ra bèdhu. Ropa tadèngi lii padhai dhèu seꞌe, hèia dhèu aaꞌi-aaꞌi sèra bisa boe paraga dènge hèbꞌa ètu dꞌara èmu. Nèti èèna ka, dhèu aaꞌi-aaꞌi sèra bisa boe paraga dènge hèbꞌa ètu dꞌara hèbꞌa ètu dꞌara Èmu Kapua Manèngi-Mangajꞌi ètu dꞌara Èmu Kapua Manèngi-Mangajꞌi ètu dꞌara Èmu Kapua Manèngi-Mangajꞌi ètu dꞌara Èmu Kapua Manèngi-Mangajꞌi ètu dꞌara Èmu Kapua Manèngi-Mangajꞌi ètu dꞌara Èmu Kapua Manèngi-Mangajꞌi.","Aa ra pabèdhu dhèu dhu ètu li'u, nèti dhèu iiki d'ai seli toke dhèu kapai risi, sèna ka ra bisa boe paraga dènge hèb'a.",,eng,wyc,English,Wycliffe,6.2273,-2.5928,3.2166
"forsooth they said to lot, hast thou here any man of thine, husband of thy daughter, or sons, or daughters; if so, lead thou out of this city all men that be thine, for we shall do away this place, for the cry of them increased before the lord, which sent us that we lose them.","hèia tamu dhèu dua se, peka dènge lot, aku rèngu na, lamatua ne'a le, bhabhelu-katub'a dhèu sodom se. nèti èèna ka, na paleha ji'i dua mi mai, sèna ka palaho eele kota ne. de èu dhu dènge a'ari leo dhu ètu d'ara kota ne, do aad'o? ladhe dènge ana mone, do ana bhèni, do dhèu èmu ana èu, do, sad'i cee èèna ka, lamu more si, ho rai ka nèti d'ara kota ne lai-lai!","Hèia ra peka dènge Lot, aku rèngu na, ""Ladhe èu dènge aꞌari èu, dhèu èmu èu, ana-èpu èu, dènge ana-èpu èu ètu neꞌe, na, èu hudꞌi tèke eele dhèu aaꞌi-aaꞌi nèti dꞌara kota ne. Te jiꞌi neo pamadhe dhèu aaꞌi-aaꞌi ètu neꞌe."" Èle èèna ka, dhèu aaꞌi-aaꞌi pahaha iisi mi Lamatua, lula Lamatua ka dhu pua jiꞌi, sèna ka jꞌajꞌi dhèu aaꞌi-aaꞌi ètu neꞌe. Nèti èèna ka, jiꞌi manèngi sèna ka jꞌajꞌi dhèu aaꞌi-aaꞌi, sèna ka jꞌajꞌi dhèu aaꞌi-aaꞌi dhu jꞌajꞌi dhèu aaꞌi-aaꞌi.","Hèia ra peka mi Lot, aku rèngu na, ""Èu dènge dhèu èu ètu ne'e, do? Dhèu èmu ana bhèni èu, do ana mone èu, do ana bhèni èu? Ladhe sèmi èèna, na, èu hud'i tèke eele dhèu èu aa'i-aa'i nèti d'ara kota ne. Te ji'i neo pa'ele iie kota ne'e, lula lii tangi rèngu ae eele ètu madha Lamatua, dhu pua ji'i, sèna ka ji'i pa'ele iie si.""",,eng,wyc,English,Wycliffe,10.0534,2.1148,3.5255
"and lot went out, and spake to the husbands to be of his daughters, that should take his daughters, and said, rise ye, and go ye out of this place; for the lord shall do away this city. and he was seen to them to speak as playing.","hèia lot la'e paraga dènge ana mone dhèu dua, dhu lii d'ai ana bhèni na. ka na peka, dua mi nanene paie! rai ka nèti d'ara kota ne, te lamatua neo palaho eele ne! te ngaa ra pangee na, lot padhai lii paleko di.","Èle èèna ka, Lot laꞌe padhai lii dènge dhèu pajuu-paleha na, aku nèngu na, ""Miu aaꞌi-aaꞌi mi! Miu aaꞌi-aaꞌi mi pakajꞌèu nèti dꞌara èmu neꞌe! Te dhèu aaꞌi-aaꞌi dhu jꞌajꞌi dhèu aaꞌi-aaꞌi ètu dꞌara jꞌara neꞌe, bèli-camèdꞌa dhèu aaꞌi-aaꞌi ètu dꞌara jꞌara neꞌe ne, bèli-camèdꞌa dhèu aaꞌi-aaꞌi dhu jꞌajꞌi dhèu aaꞌi-aaꞌi ètu dꞌara jꞌara neꞌe."" Nèti èèna ka, Lot laꞌe padhai lii dènge dhèu aaꞌi-aaꞌi dhu jꞌajꞌi dhèu aaꞌi-aaꞌi ètu dꞌara jꞌara neꞌe.","Èle èèna ka, Lot la'e, aa padhai lii dènge dhèu tunanga ana bhèni na sèra, aku nèngu na, ""Kèd'i miu, aa pakaj'èu miu nèti d'ara èmu ne'e! Te Lamatua neo pakèpu kota ne'e."" Ka rèngu rèdhi nèngu padhai lii sèmi karihu.",,eng,wyc,English,Wycliffe,10.348,9.653,10.3953
"and when the morrowtide was, the angels constrained lot, and said, rise thou, and take thy wife, and thy two daughters, which thou hast, lest also thou perish altogether in the sin of the city.","bèli mad'ae aae era, ana pajuu lamatua dhèu dua se, pakaseti lot si, ho lasi karohe asa era kaj'èu. ra peka na, lami ka! ère mèti dhèu èmu mu, dènge ana bhèni èu dhèu dua sèra, ho rai ka. tèke eele kota ne'e! mage dhoka miu madhe aa'i palere-lere dènge kota ne.","Èle èèna ka, bèli-camèdꞌa bèli-camèdꞌa, ana pajuu Ama Lamatua sèra, peka na, 'Kèdꞌi ka! Èu hudꞌi laꞌe hari ku dènge bhèni èu, dènge ana bhèni èu dhèu dua, sèna ka dhèu aaꞌi-aaꞌi ètu dꞌara kota ne bisa boe tao bhabhelu-katubꞌa. Ladhe sèmi èèna, èu hudꞌi madhe dènge dhèu aaꞌi-aaꞌi ètu kota ne.'","Èle mad'ae aae era, ana pajuu Ama Lamatua sèra pakaseti lot, peka na, 'Kèd'i ka! Èu nare bhèni èu, dènge ana bhèni èu dua, aeka èu kahèi molo madhe aa'i ètu d'ara sasala kota ne.'",,eng,wyc,English,Wycliffe,8.7659,1.0235,2.3208
"while he dissembled, they took his hand, and the hand of his wife, and of his two daughters; for the lord spared him. and they led out him, and set or puthim without the city.","te ngaa lot neka-neka era, masi ka lamatua neo hia ne mamuri. nèti èèna ka, tamu dhèu dua se nuni lot, dhèu èmu na, dènge ana bhèni dhèu dua sèra, rèti asa li'u kota.","Ropa tadèngi sèmi èèna, hèia ra kèpe rare kacui-aai na, dènge dhèu èmu na dènge ana bhèni na dua, lula Ama Lamatua padꞌelo le dꞌara hua iia Na mi neꞌe. Ka ra kèpe rare ne asa liꞌu kota.","Ropa nèngu d'ara na susa, hèia ra kèpe kacui-aai na, dènge kacui-aai dhèu èmu na, dènge kacui-aai ana bhèni na dua, lula Ama Lamatua padꞌelo le dꞌara hua iia Na mi neꞌe. Ka ra nèti ne asa liꞌu, ka ra tèka ne asa liꞌu kota.",,eng,wyc,English,Wycliffe,-3.6907,1.0162,0.4559
"there they spake to him, and said, save thou thy life; do not thou behold behind thy back, neither stand thou in all the country about, but make thee safe in the hills; lest also thou perish altogether.","hèia ca dhèu nèti tamu dhèu dua sèra paredha si, peka na, rai palasa, sèna ka abhu sod'a! mage mi kabib'a kabodho! baku ae ètu d'ara mamoo! rai taruu, asa ledhe nèi, sèna ka miu baku madhe!","Èle èèna ka, dhèu se peka dènge ne, aku rèngu na, ""Sèmi neꞌe! Èu hudꞌi mamuri ku dènge mamuri èu. Èu hudꞌi lalau-laloꞌo ètu dꞌara rai èèna. Èu hudꞌi lalau-laloꞌo ètu ledhe-ledhe èèna. Èu hudꞌi mamuri ku dènge mamuri ètu dꞌara ledhe-ledhe èèna, sèna ka èu baku madhe.""","Èle èèna ka, dhèu se peka dènge ne, aku rèngu na, ""Sèmi neꞌe! Èu hudꞌi patabuli mamuri èu. Mage èu ladhe kabodho èu, aa mage èu titu ètu rai aa'i dhu reo, te ngaa èu hud'i patabuli èu ètu d'ara ledhe-ledhe èèna, sèna ka èu kahèi baku madhe aa'i.""",,eng,wyc,English,Wycliffe,4.2319,6.6217,6.8808
"and lot said to them, my lord, i beseech,","te ngaa lot peka, aku nèngu na, iraa ee! baku sèmi èèna!","Hèia Lot dhaa, aku nèngu na, ""Jaꞌa manèngi-mangajꞌi.","Hèia Lot dhaa, aku rèngu na, ""Lamatua ku, Jaꞌa manèngi-mangajꞌi.",,eng,wyc,English,Wycliffe,-13.2037,-4.888,-6.9313
"for thy servant hath found grace before thee, and thou hast magnified thy grace and mercy, which thou hast done to me, that thou shouldest save my life; i may not be saved in the hills, lest peradventure evil overtake me, and i die;","mema ama si pamamuri le ji'i se. te ngaa ledhe nèi kaj'èu bia nèti ne'e! mage dhoka ji'i d'ai mèka nèi, j'aj'èra dhu magee nare le ji'i èèna, ètu talora j'ara.","Nèti èèna ka, Ama Lamatua padꞌelo dꞌara hua iia Na mi jaꞌa, ana pua-paleha Ama. Nèti èèna ka, Ama Lamatua padꞌelo dꞌara hua iia Na mi jaꞌa, aa padꞌelo dꞌara hua iia Na mi jaꞌa, ho patabuli jaꞌa nèti jꞌajꞌèra aaꞌi-aaꞌi ètu ledhe-ledhe, sèna ka jaꞌa madhe.","Nèti èèna ka, Ama Lamatua pad'elo d'ara hua iia Na mi ja'a, ana pua-paleha Ama, aa Ama koa-kio d'ara hua iia Ama dènge rasa kasia Ama, dhu Ama tao le mi ja'a, sèna ka Ama patabuli mamuri ja'a; ja'a bisa boe patabuli ètu ledhe-ledhe, aeka bhabhelu nare ja'a, aa ja'a madhe.",,eng,wyc,English,Wycliffe,0.2353,3.8983,2.8418
"a little city is here beside, to which i may flee, and i shall be safe therein; whether it is not such a little city? and my soul shall live therein.","ama ladhe ku laa. rae iiki cue dhu kaj'èu boe nèti era ne'e. rae nèi dhu kolongara aad'o. ladhe ama d'èi, ji'i la'a pasoru iisi asa nèi!","Jaꞌa hudꞌi laꞌe uuru asa dꞌara kota ne, sèna ka jaꞌa mamuri dènge dꞌara beꞌa ètu dꞌara kota ne. Jaꞌa hudꞌi pea ètu dꞌara kota ne, sèna ka jaꞌa mamuri dènge dꞌara beꞌa ètu dꞌara kota ne. De jaꞌa hudꞌi mamuri ètu dꞌara kota ne, sèna ka jaꞌa mamuri dènge dꞌara beꞌa ètu dꞌara kota ne. De jaꞌa hudꞌi mamuri ètu dꞌara kota ne, sèna ka jaꞌa bisa mamuri ètu dꞌara kota ne, sèna ka jꞌajꞌi dhèu aaꞌi-aaꞌi. De jaꞌa hudꞌi mamuri ètu dꞌara kota ne, sèna ka jꞌajꞌi dhèu aaꞌi-aaꞌi.","Abhu ca kota iiki ètu sebhe nèi, asa dhu ja'a bisa rai, aa ja'a èle ètu d'ara ne; tatu nèngu boe sèmi kota iiki ne'e, si? aa manadu ja'a mamuri ètu d'ara ne.",,eng,wyc,English,Wycliffe,4.0578,7.2865,8.9863
"and he said to lot, lo! also in this i have received thy prayers, that i destroy not the city, for which thou hast spoken;","ka na dhaa, peka na, oo! lami ka! te èèna na, ja'a palaho boe rae nèi.","Hèia na peka dènge Lot, aku nèngu na, ""Ama! Jaꞌa tadèngi le lii manèngi-mangajꞌi èu, sèna ka jaꞌa paꞌele iie kota èèna.","Hèia na peka dènge Lot, aku nèngu na, ""Ama! Jaꞌa tadèngi le lii manèngi-mangajꞌi èu, sèna ka jaꞌa paꞌele iie kota èèna, dhu èu peka.""",,eng,wyc,English,Wycliffe,-0.3091,1.0017,-0.3017
"haste thee, and be thou saved there, for i may not do anything till thou enter in thither. therefore the name of that city was called zoar.","de rai karohe ka, lami asa nèi! te ja'a tao mèka ngaa-ngaa, ladhe miu d'ai mèka era nèi. karèi nèti lod'o èèna, dhèu pangare rae ne soar, dhu sasoa na ‘ana iiki-iiki'.","Nèti èèna ka, Ama Lamatua pangare sordadꞌu ètu dꞌara kota ne, ngara na Soar. Nèti èèna ka, Ama Lamatua pangare sordadꞌu ètu dꞌara kota ne, ngara na Soar.","karohe èu, aa èu patabuli ètu nèi, lula ja'a bisa boe tao ngaa-ngaa toke èu maso ètu nèi. Nèti èèna ka, ngara kota èèna ra pangare ne Zoar.",,eng,wyc,English,Wycliffe,4.3961,5.7058,6.2128
"the sun rose on the earth, and lot entered into zoar.","ropa lod'o rea, lot si d'ai soar.","Bèli-camèdꞌa, lodꞌo bèli-camèdꞌa lèpa asa rai-haha ne, hèia Lot maso asa dꞌara hèbꞌa.","Lod'o rea ètu rai-haha, hèia Lot maso asa Zoar.",,eng,wyc,English,Wycliffe,9.1477,11.9098,11.4228
"therefore the lord rained on sodom and gomorrah brimstone and fire, from the lord of heaven,","cag'ag'a laa, lamatua sadutu ai dènge èi nasu nèti dedha-liru asa sodom dènge gomora.","Lodꞌo dhèu aaꞌi-aaꞌi ètu rai-haha ne, nuka sèmi kota Sodom dènge kota Gomora. Lodꞌo èèna, Lamatua pajꞌujꞌu ai nèti dedha-liru, sèna ka jꞌajꞌi dhèu aaꞌi-aaꞌi.","De Lamatua paj'uj'u èi nasu dènge ai ètu kota Sodom dènge kota Gomora, nèti Lamatua ètu dedha-liru.",,eng,wyc,English,Wycliffe,7.4252,2.361,6.4412
"and destroyed these cities, and all the country about; he destroyed all the dwellers of those cities, and all green things of the earth.","lamatua pakèpu-ladhu ai kota dènge rae aa'i-aa'i ètu d'ara rai èèna, dènge ngaa-ngaa dhu mamuri ètu èèna, nuka: dhèu, badha-manu, dènge ana aaj'u.","Hèia badha aaꞌi-aaꞌi ra pamadhe aaꞌi-aaꞌi ra dènge rae-rae, aaꞌi-aaꞌi dhu ètu rai-haha sèra, aaꞌi-aaꞌi dhu hua-hela aaꞌi-aaꞌi ètu rai-haha ne, aaꞌi-aaꞌi ra pamadhe aaꞌi-aaꞌi ra.","Hèia na pamadhe rae-rae sèra, dènge aa'i-aa'i rai-haha dhu dètu èèna; na pamadhe aa'i-aa'i dhèu dhu pea ètu rae-rae sèra, dènge aa'i-aa'i j'u'u dènge ana-aj'u ètu rai-haha ne.",,eng,wyc,English,Wycliffe,9.4513,13.742,12.672
"and lot's wife looked aback, and she was turned into an image of salt.","lod'o rèngu rai, dhèu èmu lot kabib'a kabodho. cag'ag'a laa, na j'aj'i agarii masi.","Èle èèna ka, dhèu èmu Lot ladhe-leru, hèia nèngu jꞌajꞌi sama sèmi hadhu.","Èle èèna ka, dhèu èmu Lot kabib'a, hèia nèngu j'aj'i patung masi.",,eng,wyc,English,Wycliffe,15.6934,13.0862,13.1859
"forsooth abraham rising early, went to where he stood before with the lord,","asa bèli èèna, dhu mad'ae aae era, abraham la'e asa era dhu med'a na, na pamako lamatua.","Èle èèna ka, Abraham kèdꞌi, ka laꞌe asa era dhu na titu ètu madha Ama Lamatua.","Èle èèna ka, Abraham kèdꞌi mad'ae aae, ka laꞌe asa era dhu na titu uru ètu madha Ama Lamatua.",,eng,wyc,English,Wycliffe,9.2515,8.227,7.339
"beheld sodom and gomorrah, and all the land of that country; and he saw a dead spark going up from the earth, as the smoke of a furnace.","hèia na ladhe sa haha asa sodom dènge gomora, aa asa d'ara mamoo èèna. na ladhe la'a na, sèb'u poka-poka sèna, dhu ca'e asa dedha-liru. aa ai na'e aa'i le ngaa-ngaa.","Èle èèna ka, dhèu aaꞌi-aaꞌi nèti kota Sodom dènge kota Gomora, dènge dhèu aaꞌi-aaꞌi dhu mamuri ètu dꞌara rai-haha ne, ladhe rèdhi dhèu aaꞌi-aaꞌi dhu mamuri ètu dꞌara roꞌa.","Nèngu rèdhi kota Sodom dènge kota Gomora, dènge rai aa'i-aa'i èèna; aa nèngu rèdhi ahu dènge sèb'u ca'e nèti rai, sèmi sèb'u ai na'e.",,eng,wyc,English,Wycliffe,9.4085,1.1405,2.4724
"for when god destroyed the cities of that country, he had mind of abraham, and delivered lot from the destroying of the cities in which he dwelled.","ama lamatua patalale lot si nèti hahuku èèna, ropa na pakèpu-ladhu ai kota-kota sèra, lula na ngee nèdhi lii pajaji na dènge abraham.","Ètu dꞌara rae sèra, abhu kota èci dhu dhèu aaꞌi-aaꞌi ra neo pamadhe. Te ngaa Lamatua bhoke eele Lot nèti jꞌajꞌèra sèra, sèna ka dhèu aaꞌi-aaꞌi ra abhu kota èci dhu dhèu aaꞌi-aaꞌi ra neo pamadhe. Nèti èèna ka, Lamatua bhoke eele Lot nèti jꞌajꞌèra sèra, sèna ka dhèu aaꞌi-aaꞌi bisa mamuri ètu dꞌara rae sèra. Nèti èèna ka, Lamatua bhoke eele Lot nèti jꞌajꞌèra sèra, sèna ka dhèu aaꞌi-aaꞌi ra mamuri ètu dꞌara rae.","Lula ropa Lamatua labhu pakèpu kota-kota ètu rae èèna, na sanède abraham, aa patabuli Lot nèti pamadhe kota-kota dhu na pea èèna.",,eng,wyc,English,Wycliffe,8.0742,13.0123,15.5285
"and lot went up from zoar, and dwelled in the hills, and his two daughters with him, for he dreaded to dwell in zoar; and he dwelled in a den, he and his two daughters with him.","lod'o èèna, lot madha'u pea taruu ètu rae soar. nèti èèna ka, nèngu dènge ana bhèni na dhèu dua sèra, lasi asa ledhe ka ra pea ètu d'ara loe cue.","Èle èèna ka, Lot dènge ana bhèni na dhèu dua mai nèti Soar, laꞌe pea ètu dꞌara ledhe èèna, ho pea ètu dꞌara ledhe èèna. Nèti èèna ka, Lot dènge ana bhèni na dua mai pea ètu dꞌara ledhe èèna, ho pea ètu dꞌara ledhe èèna. Nèti èèna ka, Lot dènge ana bhèni na dua mai pea ètu dꞌara ledhe èèna, ho pea ètu dꞌara ledhe èèna.","Èle èèna ka, Lot dènge ana bhèni na dhèu dua mai nèti Soar, laꞌe pea ètu dꞌara ledhe èèna, ho pea ètu dꞌara ledhe èèna. Nèti èèna ka, Lot dènge ana bhèni na dua mai pea ètu dꞌara ledhe èèna, ho pea ètu dꞌara ledhe èèna. Nèti èèna ka, Lot dènge ana bhèni na dua mai pea ètu dꞌara ledhe èèna, ho pea ètu dꞌara ledhe èèna.",,eng,wyc,English,Wycliffe,0.0,0.0,0.0
"and the more daughter said to the less, our father is eld or old, and no man is left on earth that may enter in to us, by the custom of all earth;","ca lod'o, ana bhèni uru èèna, peka dènge ari na, aku nèngu na, ètu era ne'e ne, abhu boe dhèu mone ca dhèu sa, dhu bisa leo dènge èdhi se. aa ama èdhi asa heka, de ladhe èèna na, na bisa heka abhu ana.","Èle èèna ka, ana bhèni èèna peka dènge ana bhèni èèna, aku nèngu na, ""Ama jiꞌi dhu madhe le, aa abhu boe ca dhèu sa ètu rai-haha ne, sèna ka jꞌajꞌi dènge jiꞌi, sama sèmi adꞌa dhèu aaꞌi-aaꞌi ètu rai-haha ne.","Èle èèna ka, ana bhèni dhu a'a peka dènge ana bhèni dhu iiki, aku nèngu na, ""Ama ji'i dhu dhui le, aa abhu boe ca dhèu sa ètu rai-haha ne, sèna ka j'aj'i dènge ji'i, sama sèmi ad'a dhèu aa'i-aa'i ètu rai-haha ne.""",,eng,wyc,English,Wycliffe,-1.8939,-1.4164,-1.9331
"come thou, make we him drunken of wine, and sleep we with him, that we may keep the seed of our father.","de be'a risi, ti hia ne ninu mahu, sèna ka èdhi dua ti j'unu dènge ne, ho ti abhu kolo hia ama èdhi.","Mai ka, jiꞌi tao ne jꞌajꞌi anggor, sèna ka jꞌajꞌi dhèu dhu jꞌajꞌi dhèu aaꞌi-aaꞌi, sèna ka jꞌajꞌi dhèu aaꞌi-aaꞌi dhu jꞌajꞌi dhèu aaꞌi-aaꞌi dhu jꞌajꞌi dhèu aaꞌi-aaꞌi dhu jꞌajꞌi dhèu aaꞌi-aaꞌi dhu jꞌajꞌi dhèu aaꞌi-aaꞌi dhu jꞌajꞌi dhèu aaꞌi-aaꞌi dhu jꞌajꞌi dhèu aaꞌi-aaꞌi.""","Mai ka, ji'i tao ne mahu dènge èi anggor, aa ji'i bhèj'i dènge ne, sèna ka ji'i tèke ana-èpu ama èdhi.",,eng,wyc,English,Wycliffe,15.4832,15.5782,18.5867
"and so they gave to their father to drink wine in that night, and the more, or the elder, daughter entered, and slept with her father; and he feeled not, neither when the daughter lay down, neither when she a rose.","ka ropa d'ai mèda, dua ra hia ama ra ninu èi anggor toke mahu. hèia ana bhèni uru èèna, la'e j'unu dènge ama na. lula ama na dhu mahu ae, ka ne'a boe nèngu dhu j'unu dènge ana na.","Èle èèna ka, bèli-camèdꞌa dhèu aae rèti anggor ètu dꞌara èmu ama ra, ho raꞌa-rinu. Hèia ana bhèni dhu uru èèna, maso asa dꞌara èmu ama na. Te ngaa ama na reꞌa boe, na, ana bhèni ne ètu dꞌara èmu na, aa reꞌa boe, na, ana bhèni ne ètu dꞌara èmu na, do, ètu dꞌara èmu na, ètu dꞌara èmu dhèu aaꞌi-aaꞌi ètu dꞌara èmu dhèu aaꞌi-aaꞌi ètu dꞌara èmu dhèu aaꞌi-aaꞌi ètu dꞌara èmu dhèu aaꞌi-aaꞌi ètu dꞌara èmu dhèu aaꞌi-aaꞌi ètu dꞌara èmu dhèu aaꞌi-aaꞌi ètu dꞌara èmu dhèu aaꞌi-aaꞌi.","Èle èèna ka, ra hia anggor mi ama ra ho na rinu ètu mèda èèna. Hèia ana bhèni dhu uru èèna maso, hèia na bhèj'i dènge ama na. Aa ama na reꞌa boe, na, lod'o ana bhèni ne madhèdhi, aa lod'o na kèd'i.",,eng,wyc,English,Wycliffe,10.1255,9.2067,12.7431
"and the tother day the more daughter said to the less, or the younger, lo! i slept yesterday with my father; give we to him to drink wine also in this night; and thou sleep with him, that we save the seed of our father.","hèia asa bèli èèna, a'a na peka dènge ari na, aku nèngu na, mèda deo na, ja'a j'unu le dènge ama èdhi. de mèda ne'e, èu kèna. èdhi hia ne hari ninu mahu, ho lamu j'unu dènge ne. sèna ka èdhi dua ti abhu ana, ho hia ana-èpu mi ama èdhi.","Bèli èèna, ana bhèni kapai èèna peka dènge ana bhèni kapai èèna, aku nèngu na, ""Bèli èèna, jaꞌa ètu dꞌara èmu ama ku. De jiꞌi manèngi ho naꞌa anggor na kahèi. De èu hudꞌi mamuri dènge ne, sèna ka jiꞌi bisa jꞌajꞌi ana-èpu ama jiꞌi.""","Bèli èèna, ana bhèni kapai èèna peka dènge ana bhèni limuri èèna, aku nèngu na, ""Kaca'a laa! Ja'a bhèj'i meda dènge ama ku. De ji'i hia ne ninu anggor kahèi ètu d'ara mèda ne'e. De èu bhèj'i dènge ne, sèna ka ji'i bisa j'aj'i ana-èpu ama ji'i.""",,eng,wyc,English,Wycliffe,4.4252,5.9427,5.4762
"and they gave to their father also in that night to drink wine, and the less daughter entered, and slept with him; and soothly he feeled not then when she lay down, neither when she a rose.","ka d'ara mèda na, dua ra hia hari ama ra ninu mahu. ka ana bhèni limuri ne, la'e ka j'unu dènge ama na. te ngaa, lula ama ra dhu mahu titu kèna, nèti èèna ka, ne'a boe ngaa dhu nèngu tao mi dedha ana bhèni na.","Èle èèna ka, bèli-camèdꞌa dhèu aae rèti anggor hia ama ra, sèna ka naꞌa. Hèia ana bhèni dhu uru èèna, maso asa dꞌara èmu ama ra. Ka naꞌa mèu-mèu, te ngaa naꞌa mèu-mèu boe.","Èle èèna ka, ra hia anggor mi ama ra ètu mèda èèna kahèi, sèna ka naꞌa. Hèia ana bhèni dhu ari èèna maso, hèia bhèj'i dènge ne. Mema na rasa boe lod'o na madhèdi, aa lod'o na kèd'i boe kahèi.",,eng,wyc,English,Wycliffe,0.2291,2.8454,2.5173
therefore the two daughters of lot conceived of their father.,"dènge j'ara ne'e ne ka, dua ra dènge babia nèti ama d'èlu rèngu.","Nèti èèna ka, dhèu aaꞌi-aaꞌi ra, dhèu aaꞌi-aaꞌi ra, Lot, ra jꞌajꞌi bèli-camèdꞌa dènge dhèu aaꞌi-aaꞌi ra. Nèti èèna ka, dhèu aaꞌi-aaꞌi ra jꞌajꞌi bèli-camèdꞌa dènge dhèu aaꞌi-aaꞌi ra.","Nèti èèna ka, dua ana-bhèni Lot dènge babia dènge ama ra.",,eng,wyc,English,Wycliffe,14.0457,14.8798,19.7142
"and the more daughter childed a son, and called his name moab; he is the father of men of moab unto this present day.",hèia ana bhèni uru èèna nara iisi ana mone ca dhèu. ka na pangare na moab dhu sasoa na ‘mai nèti ama'. ana ne'e ka dhu j'aj'i bèi-baki nèti dhèu moab.,"Èle èèna ka, ana bhèni èèna bhèni ana mone ca dhèu, ka ra pangare ne, Moab. Nèti èèna ka, dhèu Moab jꞌajꞌi dhèu aaꞌi-aaꞌi mi, toke dꞌai sange neꞌe.","Èle èèna ka, ana bhèni èèna bhèni ana mone ca dhèu, ka nèngu pangare ne, Moab. Nèti èèna ka, dhèu Moab j'aj'i dhèu aa'i-aa'i mi, toke d'ai sange ne'e.",,eng,wyc,English,Wycliffe,6.9405,2.7183,2.6934
"and the less daughter childed a son, and called his name benammi, that is, the son of my people; he is the father of men of ammon till to this day.","ka ana bhèni limuri ne, nara iisi ana mone èci kahèi. na pangare na ben ami dhu sasoa na ‘mai nèti dhèu ja'a'. ana ne ka dhu j'aj'i bèi-baki nèti dhèu amon.","Bèli-camèdꞌa, ana bhèni kapai ne, nara iisi ana mone. Ka ra pangare ne, Benammi. Nèngu ka dhu jꞌajꞌi dhèu Amon, toke dꞌai sange neꞌe.","Bèli-camèdꞌa, ana bhèni iiki ne, nara iisi ana mone. Ka ra pangare ne, Benammi, sasoa na, ana nèti dhèu ja'a. Nèngu ka dhu jꞌajꞌi ama nèti dhèu Amon, toke dꞌai sange neꞌe.",,eng,wyc,English,Wycliffe,9.0736,13.1777,11.6999
"abraham went forth from thence into the land of the south, and dwelled betwixt kadesh and shur, and was a pilgrim in gerar;","èle èèna, ka abraham nèti mamre, pidha asa rai negeb, dhu ètu re balèu, ka na pea ètu talora rae kades, dènge rae syur. te ngaa na pea nèbhu boe, ka pidha hari asa rae gerar.","Èle èèna ka, Abraham tèke eele era èèna, laꞌe pea ètu rai èèna, ètu era èèna, ètu talora kota Kadesh dènge kota Sur. Ètu neꞌe, Abraham pea ètu rai èèna.","Abraham tèke eele nèti era èèna, la'e asa rai balèu, hèia pea ètu talora Kadesh dènge Sur, aa j'aj'i dhèu hiu ètu Gerar.",,eng,wyc,English,Wycliffe,1.9869,2.3302,2.5196
"and he said of sarah, his wife, she is my sister. therefore abimelech, king of gerar, sent, and took her.","hèia na peka dènge dhèu ètu sèra, aku nèngu na, sara ne, ana hèni ja'a. nèti èèna ka, abimelek dhèu aae gerar, pua dhèu lasi lii d'ai sara. ka nèti ne mai asa d'ara èmu dhèu aae.","Èle èèna ka, Abimelek, dhèu aae Gerar, pua dhèu lasi paraga dènge ne, peka na, Sara ne, dhèu èmu na. Nèti èèna ka, Abimelek, dhèu aae Gerar, pua dhèu lasi paraga dènge ne.","Aa nèngu peka ngèti Sara, dhèu èmu na, na, nèngu ne, hèni ja'a. Nèti èèna ka, Abimelek, dhèu aae Gerar, pua dhèu, hèia nare ne.",,eng,wyc,English,Wycliffe,1.3186,-2.655,-1.0711
"soothly god came to abimelech by a sweven in the night, and said to him, lo! thou shalt die, for the woman which thou hast taken, for she hath an husband.","d'ara ca mèda sa, ama lamatua pad'elo iisi na dènge dhèu aae ètu d'ara nii. na peka, mamadhe èu ne dètu kèna! lula èu more dhèu èmu dhèu.","Èle èèna ka, bèli-camèdꞌa dꞌara mèda, Ama Lamatua laꞌe paraga dènge Abimelek, ka na peka dènge ne, aku nèngu na, ""Èu hudꞌi madhe ku, lula dhèu èmu èu ne, dhèu èmu-kamali èu.""","Èle èèna ka, bèli-camèdꞌa dꞌara mèda, Ama Lamatua laꞌe paraga dènge Abimelek, ka na peka dènge ne, aku nèngu na, ""Èu hudꞌi madhe ku, lula dhèu èmu èu ne, nèngu dènge le dhèu èmu-kamali.""",,eng,wyc,English,Wycliffe,-0.7225,0.4347,0.0369
"forsooth abimelech had touched not her; and he said, lord, whether thou shalt slay a folk unknowing and just or rightwise? whether he said not to me, she is my sister, and she said, he is my brother? in the simpleness of mine heart, and in the cleanness of mine hands, i did this.","hèia abimelek dhaa, peka na, lamatua! ja'a dhae pa'èci mèka dènge bhèni na. aa ja'a sasala aad'o. abraham unu na ka dhu peka, bhèni na, ana hèni nèngu! aa bhèni na dhaa sèmi èèna kahèi. nèti èèna ka, ja'a hia dhèu lasi lii d'ai ne, dènge d'ara mola. de lamatua baku pad'ui ja'a sasala!","Nèti èèna ka, Abimelek dꞌèi boe paꞌèki dènge bhèni ne. Hèia na karèi, aku nèngu na, ""Ama! Èu neo pamadhe dhèu dhu neꞌa boe ngaa-ngaa, do aadꞌo?"" Abimelek dhaa, na, 'Nèngu aꞌari jaꞌa.' Te ngaa bhèni ne peka, na, 'Nèngu aꞌari jaꞌa.' Nèti èèna ka, jaꞌa tao sèmi èèna, lula dꞌara jaꞌa mola-mèci.","Nèti èèna ka, Abimelek dꞌèi boe paꞌèki dènge bhèni ne. Hèia na karèi, aku nèngu na, ""Lamatua! Èu neo pamadhe dhèu dhu neꞌa boe ngaa-ngaa aa dhu d'ara mola, do aadꞌo? Nèngu peka boe mi ja'a, na, 'Nèngu hèni ja'a,' aa nèngu peka, na, 'Nèngu a'ari ja'a,' do? Lula d'ara ja'a mola-mèci aa dènge kacui-aai ja'a dhu mola-mèci, ja'a tao sèmi èèna.",,eng,wyc,English,Wycliffe,1.1909,4.9054,4.607
"and the lord said to him, and i know that thou didest by simple heart, and therefore i kept thee, lest thou didest sin against me, and i suffered not that thou touchedest her;","ka lamatua dhaa, peka na, tare'a. mema ja'a ke'a d'ara èu mola. nèti èèna ka, ja'a ka dhu taha èu, ho baku pa'èci dènge ne. dènge j'ara sèmi èèna, èu tao boe sala mi ja'a hèi.","Hèia lamatua na dhaa, aku nèngu na, 'Jaꞌa keꞌa, na, èu tao madhutu dadꞌèi Ama Lamatua. Nèti èèna ka, jaꞌa kèpe eele èu, sèna ka èu baku sasala dènge jaꞌa.","Hèia Lamatua na dhaa, aku nèngu na, 'Ja'a ke'a, na, èu tao dènge d'ara mola, nèti èèna ka, ja'a kèpe eele èu, sèna ka èu baku sasala dènge ja'a, aa ja'a hudi boe na èu g'ag'e ne.'",,eng,wyc,English,Wycliffe,10.6828,8.9443,8.2965
"now therefore yield thou the wife to her husband, for he is a prophet; and he shall pray for thee, and thou shalt live; soothly if thou wilt not yield her, know thou that thou shalt die by death, thou, and all things that be thine.","de èu mèti hari ka bhèni ne, lèpa sa dhèu èmu na. mone na ka dhu nèti lii padhue-padhai ja'a. de lamu manèngi ne, sèna ka na sabaj'a hia èu, ho èu baku madhe. sanèd'e paie! ladhe èu hia boe bhèni na lèpa, èu dènge kabarai èu madhe aa'i mèu-mèu.","Nèti èèna ka, èu hudꞌi paꞌèki hari dènge dhèu èmu èu. Te dhèu èmu èu ne, dhèu nèti lii padhai Ama Lamatua. Ladhe na manèngi ho Ama Lamatua hia èu mamuri dhu lèke. Te ngaa ladhe èu paꞌèki hari dènge dhèu èmu èu, èu dènge dhèu aaꞌi-aaꞌi èu aaꞌi-aaꞌi ra madhe.""","Nèti èèna ka, èu hud'i pa'èki hari bhèni ne mi dhèu èmu na. Te nèngu ne, dhèu nèti lii padhai Ama Lamatua. Aa na manèngi mi èu, aa èu mamuri. Te ngaa ladhe èu mo'o boe pa'èki hari ne, ne'a ka, èu dènge aa'i-aa'i dhu èu unu, ra madhe.",,eng,wyc,English,Wycliffe,6.2258,4.3307,5.6803
"and at once abimelech rose by night, and called all his servants, and spake all these words in the ears of them; and all men dreaded greatly.","bèli mad'ae aae èèna, dhèu aae pakaboko nare dhèu-dhèu kapai na aa'i-aa'i, ka na lolo lii nii na. hèia aa'i-aa'i ra madha'u.","Bèli èèna, Abimelek kèdꞌi, ka na paroa dhèu sabꞌa na aaꞌi-aaꞌi. Ka na padhai lii dènge rèngu aaꞌi-aaꞌi ra. Rèngu aaꞌi-aaꞌi ra madhaꞌu.","Bèli èèna, Abimelek kèd'i ètu mèda, ka na paroa dhèu sab'a na aa'i-aa'i. Ka na padhai lii se'e aa'i-aa'i ètu rèu dhilu rèngu. Ka rèngu aa'i-aa'i ra madha'u titu kèna.",,eng,wyc,English,Wycliffe,14.289,12.939,11.2678
"soothly abimelech called also abraham, and said to him, what hast thou done to us? what sinned we against thee, that thou hast brought in on me and on my realm such a great sin? thou hast done to us which things thou oughtest not to do.","ka dhèu aae paroa abraham. na karèi, aku nèngu na, ja'a tao sala ngaa mi èu, ka èu neo paj'èra ja'a dènge kabarai ja'a? èu ne ele-ho'a ka dènge tao madha j'ara sèmi ne'e ne.","Èle èèna ka, Abimelek paroa Abraham, ka na karèi ne, aku nèngu na, 'Ama! Nga tao ka jiꞌi tao sala? Nga tao ka èu tao jꞌara bhelu-katubꞌa èèna mi jaꞌa dènge dhèu aaꞌi-aaꞌi jiꞌi ètu rai-haha ne?'","Èle èèna ka, Abimelek paroa hèi Abraham, ka na peka dènge ne, 'Nga tao ngaa mi ji'i? Ji'i tao sala ngaa mi èu, dhu èu nèti mai mi ja'a dènge rai-haha ku sasala dhu kapai sèmi èèna? Èu tao mi ji'i mèdha-mèdha dhu èu hud'i boe tao.'",,eng,wyc,English,Wycliffe,1.0151,2.5966,0.6485
"and again abimelech asked, and said, what thing sawest thou, that thou wouldest do this?","ngangee èu tasamia ka, mu tao sèmi ne'e ne?","Hèia Abimelek karèi, aku nèngu na, ""Tasamia ka èu tao sèmi èèna?""","Hèia Abimelek karèi, aku nèngu na, ""Ngaa dhu èu rèdhi, sèna ka èu neo tao sèmi èèna?""",,eng,wyc,English,Wycliffe,-2.8021,-13.4527,-10.7989
"abraham answered, i thought within me, and said, in hap the dread of god is not in this place; and they shall slay me for my wife;","ka abraham dhaa, peka na, ama dhèu aae! ja'a pangee na, miu aa'i-aa'i mi, kabarai ne dhèu dhu tadhe boe ama lamatua. de ele boe cahag'e neo pamadhe ja'a, sèna ka parame rare dhèu èmu ja'a.","Te ngaa Abraham dhaa, aku nèngu na, 'Baku madhaꞌu dènge Ama Lamatua ètu rai-haha ne. Ladhe sèmi èèna, rèngu neo pamadhe jaꞌa, lula jaꞌa jꞌajꞌi dhèu èmu-kamali jaꞌa.","Te ngaa Abraham dhaa, na ngee d'ara na, ka na peka na, 'Ladhe madha'u dènge Ama Lamatua aad'o ètu rai-haha ne. Ladhe sèmi èèna, rèngu neo pamadhe ja'a, lula dhèu èmu ja'a.'",,eng,wyc,English,Wycliffe,10.6786,8.9494,9.5186
"in other manner forsooth and she is my sister verily, the daughter of my father, and not the daughter of my mother; and i wedded her into wife;","mema ja'a dhu peka tare'a, nèngu ne, ana hèni ja'a. lula ji'i dua mi ca ama, te ngaa ina baka-leo. nèti èèna ka, ji'i dua mi paleo.","Nèti èèna ka, jaꞌa neo bhèni ne, sèna ka jꞌajꞌi dhèu èmu-kamali jaꞌa. Nèti èèna ka, na jꞌajꞌi dhèu èmu-kamali jaꞌa. Nèti èèna ka, na jꞌajꞌi dhèu èmu-kamali jaꞌa. Nèti èèna ka, jaꞌa neo bhèni ne, sèna ka jꞌajꞌi dhèu èmu-kamali jaꞌa.","Dènge j'ara leo, aa nèngu mema tare'a ana-hèni ja'a, ana-bhèni ama ku, aa boe ana-bhèni ina ku; aa ja'a leo nare nèngu j'aj'i bhèni.",,eng,wyc,English,Wycliffe,7.0773,5.3803,5.1064
"soothly after that god led me out of the house of my father, i said to her, thou shalt do this mercy with me in each place to which we shall enter; thou shalt say, that i am thy brother.","ka ropa ama lamatua pua ji'i ho tèke eele era paleo-palu'u ji'i, lod'o èèna ja'a peka dènge dhèu èmu ja'a, aku ja'a na, ‘ladhe èdhi lati asa era leo, ho dhèu karèi èu, dhu èdhi se dhèu èmu-kamali, ladhe èu dhu sue ja'a, na dhaa la, peka na èdhi se, dua ti pa'a'ari. '","Èle èèna ka, bèli-camèdꞌa Ama Lamatua pajꞌujꞌu jaꞌa nèti dꞌara èmu ama ku. Hèia jaꞌa peka dènge ne, 'Ladhe èdhi dꞌai mia-mia, èu hudꞌi padꞌelo dꞌara hua iia èu mi jaꞌa, peka na, jaꞌa ne aꞌari èu.'","Èle èèna ka, bèli-camèdꞌa Ama Lamatua pajꞌujꞌu jaꞌa nèti dꞌara èmu ama ku. Hèia jaꞌa peka dènge ne, 'Ladhe èdhi dꞌai mia-mia, èu hudꞌi padꞌelo dꞌara hua iia èu mi jaꞌa, peka na, jaꞌa ne aꞌari èu.'",,eng,wyc,English,Wycliffe,0.0,0.0,0.0
"therefore abimelech took sheep, and oxen, and servants, and handmaids, and gave to abraham; and he yielded to him sarah, his wife, and said, the land is before you; dwell thou, wherever it pleaseth thee. forsooth abimelech said to sarah, lo! i gave a thousand pieces of silver to thy brother; this shall be to thee into a covering of eyes, to all men that be with thee; and whither ever thou goest, have thou mind that thou art taken.","èle èèna ka, dhèu aae abimelek pangèd'u hari sara la'e asa abraham. ka na peka dènge sara, èèna na, ja'a hia ana mone mu doi iia ca riho, sèna ka j'aj'i tadha ja'a tao boe sala ngaa-ngaa mi èu. ho hud'i sène, dhèu aa'i-aa'i ra re'a! hèia dhèu aae peka dènge abraham, aku nèngu na, kabarai ja'a ne, dhu bhoke tèke hia èu. èu neo pea mi era mia èèna ka, ja'a hia èu. ka abimelek hia abraham sapi, kahib'i-ka'ia, dènge kahib'i-kalèbho. na hia kahèi ènu dhèu mone dènge dhèu bhèni.","Hèia Abimelek kèpe kahibꞌi-kalèbho, sapi dènge badha, dhèu sabꞌa dènge dhèu sabꞌa. Ka na hia Abraham. Ka na peka dènge Abraham, aku nèngu na, ""Èu bisa pea ètu era neꞌe. Ladhe dꞌai mia èèna, na, èu bisa pea ètu era neꞌe."" Hèia Abimelek peka dènge Sara, aku nèngu na, ""Tareꞌa! Jaꞌa hia aꞌari èu sèra canguru sèra, sèna ka èu dènge dhèu aaꞌi-aaꞌi èu sabꞌa ètu dꞌara musi madha èu, sèna ka èu dènge dhèu aaꞌi-aaꞌi ètu rai-haha ne bisa rai-haha. De èu hudꞌi kèdhi ku, ladhe èu lèpa hari asa mia.""","Hèia Abimelek kèpe kahibꞌi-kalèbho dènge sapi, dhèu sabꞌa dènge dhèu sabꞌa, ka na hia Abraham. Aa na hia hari Sara, bhèni na, mi nèngu. Ka na peka, aku nèngu na, ""Rai ne ètu madha èu; èu bisa pea ètu mia dhu dad'èi d'ara èu."" Hèia Abimelek peka dènge Sara, aku nèngu na, ""Tareꞌa! Jaꞌa hia riho doi iia mi aꞌari èu; doi ne j'aj'i mi pa'abhe madha èu, mi dhèu aa'i-aa'i dhu dènge èu; aa ètu mia-mia èu lamu, sanèd'e ku, na, èu dhu kèpe le.""",,eng,wyc,English,Wycliffe,4.8028,-1.0907,-0.1768
"soothly for abraham prayed, god cured abimelech, and his wife, and handmaids, and they childed; for god had closed each womb of the house of abimelech, for sarah, the wife of abraham.","uru èèna, lula abimelek nare dhèu èmu abraham, ka lamatua hutu eele era ana nèti bhèni aa'i-aa'i dhu pea ètu kabarai dhèu aae èèna. te ngaa ropa abimelek hia sara lèpa hari sa dhèu èmu na, ka abraham sabaj'a ho lamatua bhoke hari era ana nèti bhèni se. ka ra abhu hari ana.","Èle èèna ka, Ama Lamatua puri-paꞌèle dhèu aaꞌi-aaꞌi nèti dhèu aaꞌi-aaꞌi nèti dhèu aaꞌi-aaꞌi nèti dhèu aaꞌi-aaꞌi nèti dhèu aaꞌi-aaꞌi nèti dhèu aaꞌi-aaꞌi nèti dhèu aaꞌi-aaꞌi nèti dhèu aaꞌi-aaꞌi nèti dhèu aaꞌi-aaꞌi nèti dhèu aaꞌi-aaꞌi nèti dhèu aaꞌi-aaꞌi nèti dhèu aaꞌi-aaꞌi nèti dhèu aaꞌi-aaꞌi nèti dhèu aaꞌi-aaꞌi nèti dhèu aaꞌi-aaꞌi nèti dhèu aaꞌi-aaꞌi nèti dhèu aaꞌi-aaꞌi nèti dhèu aaꞌi-aaꞌi nèti dhèu aaꞌi-aaꞌi.","Te ngaa, lula abraham manèngi, Lamatua puri-pa'èle abimelech, dènge dhèu èmu na, aa dènge dhèu bhèni dhu saba na, ka rèngu nara iisi ana. Lula Lamatua bèdho le aa'i dèlu nèti èmu abimelech, lula sarah, dhèu èmu abraham.",,eng,wyc,English,Wycliffe,14.82,20.1307,20.6391
"forsooth god visited sarah, as he promised, and ful filled those things, that he spake. and she conceived, and childed a son in her eld age, in the time wherein god before-said to her. and abraham called the name of his son, whom sarah childed to him, isaac. and abraham circumcised him in the eighth day, as god commanded to him, when he was of an hundred years; for isaac was born in this age of the father. and sarah said, the lord hath made laughing to me, and whoever shall hear shall laugh with me. and again she said, who should hear, and believe to abraham, that sarah should give sucking to a son, whom she childed to him, when he is now an eld or old man?","èle èèna ka, lamatua hia sara mèngi-nale madhutu lii pajaji na. lod'o sara dènge babia, abraham dhu heka le. ropa sara nara iisi, umur abraham d'ai cangasu tèu kèna. lod'o sara d'ai hèru, ka nara iisi ana mone ca dhèu. ka abraham pangare ne, isak dhu sasoa na ‘na mari'. sara peka hèi, aku nèngu na, ama lamatua tao ja'a mari, lula ja'a karej'e. dhèu ae ka dhu pangee na, ja'a ètu d'ara heka sèmi ne'e ne, abhu heka ana. masi ka dhèu èmu ja'a heka bhoro le, te ja'a bisa kora iisi ana hia ne. èèna na, ladhe dhèu tadèngi j'ara ne'e, rèngu aa'i-aa'i ra mari kahèi dènge ja'a ne. ropa isak d'ai aru lod'o, abraham suna ne, madhutu paredha ama lamatua.","Èle èèna ka, Sara dhaa, aku nèngu na, ""Bèli-camèdꞌa, dhèu aaꞌi-aaꞌi dhu tadèngi lii padhai jaꞌa sèmi neꞌe."" Hèia Abraham parcaya, aku nèngu na, ""Sèmi neꞌe! Dhèu aaꞌi-aaꞌi dhu tadèngi lii padhai jaꞌa sèmi èèna, dhèu aaꞌi-aaꞌi dhu tadèngi lii padhai jaꞌa sèmi neꞌe ne, hudꞌi jꞌajꞌi dhèu aaꞌi-aaꞌi dhu jꞌajꞌi dhèu aaꞌi-aaꞌi ètu rai-haha ne. Hèia Abraham ngara ana na Isak. Èle èèna ka, Abraham suna ana na Isak, madhutu lii paredha Ama Lamatua. Èle èèna ka, Abraham suna ana na Isak, lodꞌo dꞌai canguru tèu lodꞌo."" Hèia Sara peka hari, aku nèngu na, ""Dhèu aaꞌi-aaꞌi dhu tadèngi lii padhai jaꞌa sèmi èèna, hudꞌi jꞌajꞌi dhèu aaꞌi dhèu aaꞌi-aaꞌi dhu tadèngi lii padhai jaꞌa sèmi èèna.""","Bèli-camèd'a, Ama Lamatua ngad'o Sara, sèmi ngaa dhu nèngu jaji le, aa tao madhutu lii padhai na. Aa nèngu dènge babia, hèia nara iisi ana mone ca dhèu ètu umur na dhu dhui le, madhutu lod'o dhu Ama Lamatua peka le dènge ne. Aa Abraham pangare ana na, dhu Sara nara iisi mi nèngu, Isak. Aa Abraham suna ne ètu lod'o ka-aru, sèmi ngaa dhu Ama Lamatua paredha mi nèngu, lod'o nèngu d'ai cangasu tèu; lula Isak rara iisi ètu umur ama na sèmi ne'e. Aa Sara peka, ""Lamatua tao ja'a mari, aa cee-cee dhu tadèngi, tatu nèngu mari dènge ja'a."" Aa nèngu peka hari, ""Cee ka dhu hud'i tadèngi, aa lèka mi Abraham, na Sara hud'i hia susu mi ana mone, dhu nèngu nara iisi mi nèngu, lod'o nèngu dhui le?""",,eng,wyc,English,Wycliffe,11.3646,12.663,11.9156
"therefore the child increased, and was weaned; and abraham made a great feast in the day of his weaning.","isak kapai ka noo-noo. ropa oe d'ai lod'o luri susu, abraham tao tatao aae.","Èle èèna ka, ana ne bèdhu, ka na bèdhu. Èle èèna ka, Abraham tao hèbꞌa-hèbꞌa dhu kapai, sèna ka raꞌa-rinu ana ne ètu dꞌara bèdhu, sèna ka raꞌa-rinu ana ne ètu dꞌara bèdhu, sèna ka raꞌa-rinu ana ne ètu dꞌara bèdhu, sèna ka raꞌa-rinu ana ne ètu dꞌara bèdhu, sèna ka raꞌa-rinu ana ne ètu dꞌara bèdhu, sèna ka raꞌa-rinu ana ne ètu dꞌara bèdhu. Èle èèna ka, Abraham tao hèbꞌa-rinu aaꞌi-aaꞌi ètu dꞌara bèdhu aaꞌi-aaꞌi-aaꞌi ètu dꞌara bèdhu.","Èle èèna ka, ana ne tabha ae, ka na sabhi; aa Abraham tao hèbꞌa-rinu dhu kapai ètu lod'o na sabhi.",,eng,wyc,English,Wycliffe,4.8673,10.8411,12.7755
"and when sarah saw the son of hagar the egyptian, playing, or doing idolatry, with isaac her son, she said to abraham, cast out this handmaid and her son; for the son of the handmaid shall not be heir with my son isaac.","ca tèke, sara ladhe nèdhi ismael, ana nèti dhèu èmu limuri abraham, padadisi dènge isak. ropa nèdhi sèmi èèna, sara peka dènge dhèu èmu na, bège eele ènu masir nèi dènge ana na! te, ja'a ko'o boe ana ènu èèna unu pusaka, masi ka ciki oo'e èèna ka. dhoka ana ja'a isak di, dhu abhu sèra aa'i-aa'i.","Èle èèna ka, Sara ladhe nèdhi ana na, Isak, madhutu mèdha-panyau dhèu Masir. Hèia na peka dènge Abraham, aku nèngu na, ""Bèli-camèdꞌa ku ana bhèni ne dènge ana na. Te ana bhèni ne, heka abhu boe pusaka dènge ana jaꞌa, Isak.""","Èle èèna ka, Sara ladhe nèdhi ana na Hagar, dhèu Masir, madhutu mèdha-panyau dènge ana na, Isak. Hèia na peka dènge Abraham, aku nèngu na, ""Bèli-camèdꞌa ku ana bhèni ne dènge ana na. Te ana bhèni ne, heka abhu boe pusaka dènge ana jaꞌa, Isak.""",,eng,wyc,English,Wycliffe,0.2631,0.8403,0.5567
abraham took this heavily for his son;,"ropa abraham tadèngi lii padhai sara ne, ka d'ara na ako be'a boe, lula ismael ne, ana d'èlu na kahèi.",Abraham taken this heavily for his son;,Abraham ra'a-rinu pa'èci nènga lula ana nèngu.,,eng,wyc,English,Wycliffe,2.4228,2.8287,3.9673
"and god said to him, be it not seen sharp to thee on the child, and on thine handmaid; all things which sarah saith to thee, hear thou her voice, for in isaac seed shall be called to thee;","te ngaa ama lamatua lii dènge abraham, peka na, abraham! èu baku ngee pa'ae dhèu èmu limuri èu, dènge ana na. madhutu la dad'èi sara ne, lula bèli-camèd'a, èu abhu ana-èpu dhu ja'a moa tèke èèna, nèti isak ne'e ka.","Hèia Ama Lamatua peka dènge ne, aku nèngu na, 'Sèmi neꞌe! Ladhe Sara padhai lii dènge èu, na, èu hudꞌi nanene ku lii na. Te èu hudꞌi nanene ku lii na, peka na, 'Bèli-camèdꞌa dhèu dhu jꞌajꞌi ana-èpu èu, bèli-camèdꞌa èu jꞌajꞌi ana-èpu Isak.'","Hèia Ama Lamatua peka dènge ne, ""Baku d'ara èu susa lula ana ne dènge lula ènu èu. Ngaa-ngaa aa'i dhu Sara padhai lii dènge èu, nanene ku lii na. Te ana-èpu èu dhu nèti Isak ka dhu ra paroa mi èu.""",,eng,wyc,English,Wycliffe,-5.0232,-2.9481,-2.9545
"but also i shall make the son of the handmaid into a great folk, for he is thy seed.","te ngaa ja'a hia kahèi mèngi-nale mi ana nèti dhèu èmu limuri mu, lula nèngu ne, ana d'èlu èu kahèi. bèli-camèd'a, ana-èpu na j'aj'i suku èci kahèi.","Bèli-camèdꞌa Jaꞌa tao ana bhèni ne jꞌajꞌi dhèu aaꞌi-aaꞌi, ho jꞌajꞌi dhèu aaꞌi-aaꞌi, lula nèngu jꞌajꞌi ana-èpu èu.""","Bèli-camèd'a Ja'a neo tao ana ènu j'aj'i suku aae, lula nèngu j'aj'i ana-èpu èu.",,eng,wyc,English,Wycliffe,7.971,3.9767,4.7227
"and so abraham rose early, and took bread, and a bottle of water, and put it on hagar's shoulder, and he betook to her the child, and let go her; and when she had gone, she went out of the way in the wilderness of beersheba.","bèli mad'ae aae èèna, abraham tao gee j'ara hia hagar, aa na kadhoe èi d'ara babo'i cue mi kabela-kao na. hèia na patabuli ka bhèni ne dènge ana na ismael, ho lasi. ka ra kako palème d'ara mamoo dhu dètu dènge beer-syeba.","Èle èèna ka, bèli-camèdꞌa Abraham kèdꞌi. Hèia na kèpe roti dènge èi bokor èi, ho hia ana ne asa hèbꞌa Hagar. Èle èèna ka, na pua ana ne lèpa hari. Èle èèna ka, na lèpa hari asa dꞌara jꞌara, ka laꞌe asa rae Beer-Seba.","Èle èèna ka, bèli-camèdꞌa Abraham kèdꞌi, dènge na kèpe roti dènge ca boto èi, hèia na tèka ne ètu hèb'a Hagar, dènge na j'ole ana ne mi nèngu, dènge na pua nèngu lèpa; ropa nèngu lèpa èle, na lèpa sala j'ara ètu d'ara mamoo Beer-Seba.",,eng,wyc,English,Wycliffe,6.4677,4.2435,3.7362
"and when the water in the bottle was ended, she cast away the child under a tree that was there;","ropa èle èi rinu ra, hagar tèke eele ana na ètu d'ara mamaho aj'u iiki ca kapua.","Èle èèna ka, ana bhèni èèna bèli-camèdꞌa ètu dꞌara ajꞌu èci. Ka ana bhèni èèna bèli-camèdꞌa ètu dꞌara ajꞌu ètu dꞌara ajꞌu èèna. Èle èèna ka, ana bhèni èèna bèli-camèdꞌa ètu dꞌara ajꞌu èèna, hèia na bèli-camèdꞌa asa dꞌara ajꞌu ètu dꞌara ajꞌu èèna. Èle èèna ka, ana bhèni èèna bèli-camèdꞌa ètu dꞌara ajꞌu èèna.","Ropa èi ètu d'ara boto èèna èle nare, na core ana ne haha aj'u èci dhu pea ètu nèi.",,eng,wyc,English,Wycliffe,16.5253,10.3876,14.647
"and she went away, and she sat even against, as far as a bow may cast; for she said, i shall not see the child dying; and she sat against, and raised up her voice, and wept.","ka na pangee ètu d'ara na, d'ara ja'a la'e boe, ladhe ja'a kèdhi mamadhe ana ja'a. ka na madhèdi ako kaj'èu nèti ana na, pe d'ai lèmi nguru meter sa. ka na tangi dènge lii roma iisi.","Hèia ina Maria laꞌe madhèdi ètu sebhe èèna. Nèti èèna ka, na padhai lii, peka na, ""Aadꞌo! Jaꞌa kèdhi ana ne madhe boe!"" Hèia na madhèdi ètu sebhe èèna, hèia na tangi.","Hèia nèngu laꞌe, hèia na madhèdi ètu sebhe, toke kaduru bisa core; te na padhai lii, peka na, ""Jaꞌa kèdhi ana ne madhe boe!"" Hèia na madhèdi ètu sebhe, hèia na pa'oo lii na, hèia na tangi.",,eng,wyc,English,Wycliffe,0.2964,2.6303,1.5271
"forsooth the lord heard the voice of the child, and the angel of the lord called hagar from heaven, and said, what doest thou, hagar? do not thou dread, for god hath heard the voice of the child, from the place wherein he is.","lula ama lamatua dhu tadèngi lii tangi ismael, ka ana pajuu na mai nèti sorga, ka paroa hagar, aku nèngu na, hagar! nga tao ka, èu j'èra ae sèmi ne'e ne? baku madha'u ia ka, te lamatua tadèngi le lii tangi ana èu.","Èle èèna ka, ana pajuu Lamatua èci nèti sorga paroa, aku nèngu na, ""Hagar! Baku madhaꞌu! Lamatua tadèngi le lii ana ne ètu era èu.""","Lamatua tadèngi le lii ana ne. Èle èèna ka, ana pajuu Lamatua èci nèti sorga paroa Hagar, aku nèngu na, ""Hagar, èu tao ngaa? Baku madhaꞌu! Te Lamatua tadèngi le lii ana ne nèti era ètu mia nèngu pea.""",,eng,wyc,English,Wycliffe,3.2988,9.2408,7.4848
"rise thou, and take the child, and hold his hand; for i shall make him into a great folk.","de kèd'i lamu more ana nèi. pa'èra d'ara na, te bèli-camèd'a ja'a paj'aj'i ana-èpu na, suku èci dhu kapai.","Kèdꞌi ka! Èu hudꞌi kèpe ku kacui-aai nèti ana neꞌe. Te Jaꞌa tao nèngu jꞌajꞌi dhèu aaꞌi-aaꞌi, ho jꞌajꞌi dhèu unu Jaꞌa.""","Kèd'i ka! Aa mèti ana ne'e, aa kèpe kacui-aai na; te Ja'a neo tao nèngu j'aj'i dhèu aae.",,eng,wyc,English,Wycliffe,7.259,4.0924,4.6752
"and god opened her eyes, and she saw a well of water, and she went, and filled the bottle, and she gave drink to the child;","ka ama lamatua pasaraa musi madha na. cag'ag'a laa nèdhi dènge, èi ca madha ètu era èèna. hèia la'e soli èi asa d'ara babo'i, ka na panginu ana na ismael.","Èle èèna ka, Ama Lamatua bhoke musi madha ana bhèni ne. Hèia na ladhe nèdhi èi èi èi. Hèia laꞌe asa dꞌara èi èi, ho naꞌa ana ne.","Èle èèna ka, Ama Lamatua bhoke musi madha ana bhèni ne. Hèia na ladhe nèdhi èi èci. Hèia na la'e, hèia na isi boto ne, hèia na hia nginu mi ana ne.",,eng,wyc,English,Wycliffe,0.7304,2.5304,2.1875
"and god was with him, and he increased, and dwelled in wilderness, and he was made a young man an archer, and dwelled in the desert of paran; and his mother took to him a wife of the land of egypt.","ka ismael dènge ina na hagar pea dènge ka ètu d'ara mamoo paran. ismael asa na kapai, aa ne'a mèu kataki. ka ina na paleo ne dènge ana bhèni masir ca dhèu. se'e se j'aj'i, lula ama lamatua bera-bera dènge ismael.","Èle èèna ka, Ama Lamatua padꞌelo dꞌara hua iia Na dènge ne. Nèti èèna ka, nèngu jꞌajꞌi dhèu ae-ae ètu dꞌara mamoo. Èle èèna ka, nèngu jꞌajꞌi dhèu sabꞌa ètu dꞌara mamoo Paran. Èle èèna ka, nèngu jꞌajꞌi dhèu aae nèti rai Masir.","Èle èèna ka, Ama Lamatua bera-bera dènge ne, aa nèngu j'aj'i ae-ae, aa nèngu pea ètu d'ara mamoo, aa nèngu j'aj'i ana mone ngèru sab'a, aa nèngu pea ètu d'ara mamoo Paran; aa ina na nare bhèni mi nèngu nèti rai Masir.",,eng,wyc,English,Wycliffe,14.1768,11.4212,10.7939
"in the same time, abimelech, and phicol, prince of his host, said to abraham, god is with thee in all things that thou doest;","lod'o èèna, dhèu aae abimelek dènge kètu kapai sordad'u na, fikol, mai pangad'o dènge abraham. hèia dhèu aae padhai lii, ka na peka, abraham! ji'i se nge'a ama lamatua bera-bera dènge èu. nèti èèna ka, sad'i èu ad'u ngaa sa èci, j'aj'i dènge be'a.","Èle èèna ka, Abimelek dènge Pikol, ama sordadꞌu na, peka dènge Abraham, aku rèngu na, ""Ama Lamatua ètu dꞌara aaꞌi-aaꞌi dhu èu adꞌu-ue.""","Mèda èèna, Abimelek dènge Pikol, ama sordadꞌu na, peka dènge Abraham, aku rèngu na, ""Ama Lamatua dènge èu ètu dꞌara aaꞌi-aaꞌi dhu èu adꞌu-ue.""",,eng,wyc,English,Wycliffe,0.8082,1.2139,1.1213
"therefore swear thou by god that thou harm not me, and mine heirs, and my kindred; but by the mercy which i did to thee, do thou to me, and to the land in which thou livedest as a comeling.","de ja'a manèngi, sèna ka èu subha ètu katanga madha ama lamatua, dhu peka na, èu bisa boe kapod'e-kabèli ja'a, dènge ana-èpu ja'a aa'i-aa'i ra. sèmi dhu ja'a tao le be'a mi èu, na, èu hud'i tao be'a kahèi mi ja'a dènge kabarai ja'a.","Nèti èèna ka, èu hudꞌi jꞌajꞌi mi dedha Ama Lamatua, sèna ka jꞌajꞌi mi tadha, na, èu hudꞌi jꞌajꞌi mi dedha Ama Lamatua, sèna ka jꞌajꞌi mi dedha Ama Lamatua. De èu hudꞌi jꞌajꞌi mi dedha Ama Lamatua, sèna ka jꞌajꞌi mi dedha Ama Lamatua, sèna ka jꞌajꞌi mi dedha Ama Lamatua. De èu hudꞌi jꞌajꞌi mi dedha Ama Lamatua, sèna ka jꞌajꞌi mi dedha Ama Lamatua, sèna ka jꞌajꞌi mi dedha Ama Lamatua. De èu hudꞌi jꞌajꞌi mi dedha Ama Lamatua, sèna ka jꞌajꞌi mi dedha Ama Lamatua, sèna ka jꞌajꞌi mi dedha Ama Lamatua.""","Nèti èèna ka, èu hud'i subha dènge Ama Lamatua, sèna ka èu tao boe j'aj'èra mi ja'a, aa ana-èpu ja'a, aa a'ari ja'a; te ngaa dènge rasa kasia dhu ja'a tao mi èu, èu tao mi ja'a, aa mi rai dhu èu pea sèmi dhèu rai leo.",,eng,wyc,English,Wycliffe,24.9894,19.8265,22.8012
"and abraham said, i shall swear.","ka aku abraham na, ooo! ja'a subha.","Hèia Abraham dhaa, aku nèngu na, 'Jaꞌa dhaa sèmi èèna.'","Hèia Abraham dhaa, aku nèngu na, 'Jaꞌa neo subha.'",,eng,wyc,English,Wycliffe,2.2288,8.7135,6.5659
"and he blamed abimelech for the well of water, which his servants took away by violence.","te ngaa èle èèna ka, abraham lapor dènge dhèu aae, aku nèngu na, dhèu-dhèu ama dhèu aae parame rare èi ja'a ca madha.","Hèia na peka dènge Abimelek, na, èèna ka jꞌajꞌi dhèu èmu èèna. Te ngaa dhèu-dhèu sabꞌa na sèle eele èi èèna dènge dꞌara bhelu-katubꞌa, sèna ka jꞌajꞌi dhèu aaꞌi-aaꞌi ètu dꞌara dꞌara èmu èèna. Nèti èèna ka, Abimelek jꞌajꞌi dhèu aaꞌi-aaꞌi dhu jꞌajꞌi dhèu aaꞌi-aaꞌi dhu jꞌajꞌi dhèu aaꞌi-aaꞌi dhu jꞌajꞌi dhèu aaꞌi-aaꞌi dhu jꞌajꞌi dhèu aaꞌi-aaꞌi dhu jꞌajꞌi dhèu aaꞌi-aaꞌi.",Hèia na kai Abimelek lula èi dhu dhèu-dhèu sab'a na sèle eele dènge d'ara bhelu-katub'a.,,eng,wyc,English,Wycliffe,6.0334,-11.2743,-7.4351
"and abimelech answered, i wist not who did this thing, but also thou showedest not to me, and i heard not except today.","tadèngi sèmi èèna, hèia na peka, waa! ja'a heka tadèngi kèna j'ara ne'e ne. tasamia ka karèi nèti ca hari ni, èu peka boe dènge ja'a? ja'a dhae ke'a mèka, ne'e ne tatao cee ka ne.","Te ngaa Abimelek dhaa, aku nèngu na, ""Jaꞌa keꞌa boe, cee ka dhu tao jꞌajꞌèra ne. Aa èu peka boe dènge jaꞌa.""","Te ngaa Abimelek dhaa, aku nèngu na, ""Ja'a ke'a boe, cee ka dhu tao mèdha ne. Te kahèi èu padelo boe dènge ja'a, aa ja'a tadèngi boe dhoka doe ne'e.""",,eng,wyc,English,Wycliffe,5.4416,7.6643,6.0756
"and so abraham took sheep and oxen, and gave to abimelech, and both smote together a bond of peace. and abraham set seven ewe lambs of the flock asides half.","èle èèna ka, abraham dènge abimelek pa'èki lii pajaji. ka abraham hia abimelek sapi dènge kahib'i-kalèbho. èle èèna ka, abraham hag'e nare hari kahib'i-kalèbho èni pidhu ngi'u.","Èle èèna ka, Abraham kèpe kahibꞌi-kalèbho dènge kahibꞌi-kalèbho sèra. Ka na hia mi Abimelek. Ka dua ra jꞌajꞌi dhèu paꞌèci. Hèia Abraham dedꞌe ana kahibꞌi-kalèbho pidhu nèti canguru kahibꞌi-kalèbho sèra, sèna ka jꞌajꞌi canguru kahibꞌi-kalèbho ètu dꞌara èmu kahibꞌi-kalèbho, sèna ka jꞌajꞌi canguru kahibꞌi-kalèbho ètu dꞌara èmu kahibꞌi-kalèbho, sèna ka jꞌajꞌi canguru kahibꞌi-kalèbho kahibꞌi-kalèbho kahibꞌi-kalèbho kahibꞌi-kalèbho kahibꞌi-kalèbho kahibꞌi-kalèbho kahibꞌi-kalèbho kahibꞌi-kalèbho kahibꞌi-kalèbho kahibꞌi-kalèbho kahibꞌi-kalèbho kahibꞌi-kalèbho kahibꞌi-kalèbho.","Èle èèna ka, Abraham kèpe kahib'i-kalèbho dènge sapi. Ka na hia mi Abimelek. Ka dua ra j'aj'i dhèu pa'èci. Hèia Abraham ded'e ana kahib'i-kalèbho pidhu nèti canguru kahib'i-kalèbho sèra asa camalore.",,eng,wyc,English,Wycliffe,20.1692,10.6422,12.6901
"and abimelech said to him, what will these seven ewe lambs mean to themselves, which thou madest stand asides half?","hèia dhèu aae karèi ne, peka na, nga tao ka èu tao sèmi èèna?","Hèia Abimelek karèi ne, aku nèngu na, ""Èu pangee, na, ana kahibꞌi-kalèbho pidhu se, èci dènge èci, èci dènge èci, èci dènge èci, èci dènge èci, èci dènge èci, nuka sèmi ana kahibꞌi-kalèbho kahibꞌi-kalèbho kahibꞌi-kalèbho kahibꞌi-kalèbho kahibꞌi-kalèbho kahibꞌi-kalèbho kahibꞌi-kalèbho kahibꞌi-kalèbho kahibꞌi-kalèbho kahibꞌi-kalèbho kahibꞌi-kalèbho kahibꞌi-kalèbho kahibꞌi-kalèbho kahibꞌi-kalèbho kahibꞌi-kalèbho kahibꞌi-kalèbho kahibꞌi-kalèbho?""","Hèia Abimelek karèi ne, ""Ngaa sasoa na ana kahib'i-kalèbho pidhu se mi rèngu, dhu èu tao titu ètu camalore?""",,eng,wyc,English,Wycliffe,7.876,12.6347,14.1607
"and he said, thou shalt take of mine hand seven ewe lambs, that those or they be into witnessing to me, for i digged this well.","ka abraham peka, aku nèngu na, ama dhèu aae. sèmi la kalèbho èni pidhu ngi'u se, sèna ka j'aj'i tadha dhu ama peka le na, ja'a ka dhu kèi èi na.","Hèia dhèu ne dhaa, aku nèngu na, ""Sèmi neꞌe! Èu hia jaꞌa ana kahibꞌi-kalèbho pidhu sèra, sèna ka ra jꞌajꞌi sakasii mi jaꞌa, lula jaꞌa kèpe ètu dꞌara jꞌara neꞌe. De èu hia jaꞌa ana kahibꞌi-kalèbho pidhu sèra, sèna ka ra peka dènge jaꞌa, na, jaꞌa kèpe ètu dꞌara jꞌara neꞌe.""","Hèia nèngu peka, ""Èu hud'i tare nèti kacui-aai ja'a ana kahib'i-kalèbho pidhu sèra, sèna ka ra j'aj'i sakasii mi ja'a, lula ja'a kèi èi ne'e.""",,eng,wyc,English,Wycliffe,8.9257,-2.6349,-0.7413
"therefore that place was called beersheba, that is, the well of the oath, for ever either swore there;","lula dua ra dhu pa'èki le soo-subha ètu èèna, ka era na ra pangare na beer-syeba dhu sasoa na, ‘madha èi soo-subha'.","Nèti èèna ka, Lamatua hagꞌe nare rai ne, peka na, ""Beer-sheba."" Nèti èèna ka, Lamatua hagꞌe nare rai ne, peka na, ""Beer-sheba."" Nèti èèna ka, Lamatua hagꞌe nare rai ne, toke dꞌai mia-mia.","Nèti èèna ka, rai èèna ngara na Beersheba, nuka èi subha, lula ra subha ètu nèi toke d'ai mia-mia.",,eng,wyc,English,Wycliffe,3.8162,6.4564,7.6345
"and they made bond of peace for the well of an oath. forsooth abimelech rose, and phicol, the prince of his chivalry, and they turned again into the land of palestines.","ropa pasubha èle, ka dhèu aae dènge kètu kapai sordad'u na lèpa ka, asa era rèngu, rai dhèu pilistin.","Èle èèna ka, dhèu dua sèra paꞌèci dènge Ama Lamatua, ho jꞌajꞌi dhèu paꞌèci dènge Ama Lamatua. Rèngu paꞌèci dènge Ama Lamatua, ho jꞌajꞌi dhèu paꞌèci dènge Ama Lamatua, ho jꞌajꞌi dhèu paꞌèci dènge Ama Lamatua. Rèngu jꞌajꞌi dhèu paꞌèci dènge Ama Lamatua, ho jꞌajꞌi dhèu paꞌèci dènge Ama Lamatua. Rèngu jꞌajꞌi dhèu paꞌèci, ho jꞌajꞌi dhèu paꞌèci dènge Ama Lamatua. Rèngu jꞌajꞌi dhèu paꞌèci dènge Ama Lamatua, ho jꞌajꞌi dhèu paꞌèci dènge Ama Lamatua.","Aa rèngu pa'èci dame ètu èi subha. Sanèd'e, ee! Abimelek kèd'i, dènge Pikol, kapala pasukan na, aa rèngu kabèli hari asa rai Filistin.",,eng,wyc,English,Wycliffe,2.2183,17.3526,16.4367
"soothly abraham planted a wood in beersheba, and inwardly called there the name of the everlasting god;","èle èèna ka, abraham sèle aj'u tamareska ca kapua ètu beer syeba. karèi nèti lod'o èèna, aj'u ne pasanèd'e abraham, lula ètu era èèna ka, nèngu mangaj'i lamatua dhu mamuri toke d'ai mia-mia.","Èle èèna ka, Abraham pajꞌajꞌi ajꞌu èci ètu sebhe Beersheba. Hèia Abraham paroa dhèu ètu sebhe ne, ngara Ama Lamatua dhu mamuri toke dꞌai mia-mia, sèna ka jꞌajꞌi dhèu aaꞌi-aaꞌi ètu sebhe ne, nuka sèmi dhèu aaꞌi-aaꞌi dhu jꞌajꞌi dhèu aaꞌi-aaꞌi, nuka sèmi dhèu aaꞌi-aaꞌi dhu jꞌajꞌi dhèu aaꞌi-aaꞌi, nuka sèmi dhèu aaꞌi-aaꞌi dhu jꞌajꞌi dhèu aaꞌi-aaꞌi, nuka sèmi dhèu aaꞌi-aaꞌi dhu jꞌajꞌi dhèu aaꞌi-aaꞌi, nuka sèmi dhèu aaꞌi-aaꞌi dhu jꞌajꞌi dhèu aaꞌi-aaꞌi.","Èle èèna ka, Abraham lari aj'u èci ètu sebhe Beersheba. Hèia nèngu manèngi ngara Ama Lamatua dhu mamuri toke d'ai mia-mia ètu sebhe ne.",,eng,wyc,English,Wycliffe,14.572,4.092,8.7458
"and he was an earth-tiller, or a comeling, of the land of palestines in many days.",ka abraham pea dènge ka ètu talora dhèu pilistin sèmi dhèu tao mai.,"Nèti èèna ka, nèngu jꞌajꞌi dhèu kapodꞌe-kabèli ètu rai Palestina, toke dꞌai pèri-pèri lodꞌo.","Nèti èèna ka, nèngu j'aj'i dhèu sab'a oka, do dhèu rai leo, ètu rai Palestina, ètu pèri-pèri lod'o.",,eng,wyc,English,Wycliffe,0.4388,3.1176,2.6721
"and after that these things were done, god assayed abraham, and said to him, abraham! abraham! he answered, i am present.","nèbhu boe, hèia lamatua sèku neo ne'a d'ara abraham. neo ne'a abraham madhutu lamatua, do aad'o. ka lamatua paroa ne, aku nèngu na, abraham! hèia na dhaa, peka na, ooo, lamatua.","Èle èèna ka, Ama Lamatua ladhe-leru Abraham. Ka Na paroa ne, aku Nèngu na, ""Abraham! Abraham!"" Hèia na dhaa, aku nèngu na, ""Ama! Jaꞌa mai le!""","Èle èèna ka, Ama Lamatua sèku Abraham. Ka Na paroa ne, aku Nèngu na, ""Abraham! Abraham!"" Hèia na dhaa, aku nèngu na, ""Jaꞌa mai le!""",,eng,wyc,English,Wycliffe,0.3426,0.7604,1.1483
"god said to him, take thine one begotten son, whom thou lovest, isaac; and go into the land of vision, and offer thou him there into burnt sacrifice on one of the hills which i shall show to thee.","ka ama lamatua peka dènge ne, mu nanene paie-iie! more ana pasue èu mone mesa na. mèti ne asa rai moria, ho tao ne j'aj'i korban tunu hia ja'a. pe d'ai nèi, ja'a heka paj'uj'u era dhu ètu ledhe èci.","Èle èèna ka, Ama Lamatua peka dènge ne, aku Nèngu na, ""Sèmi neꞌe, Isak, ana èu dhu èu sue. Èu hudꞌi laꞌe asa rai èèna, ètu ledhe ledhe dhu Jaꞌa padꞌelo le dènge èu. Ètu era neꞌe, èu hudꞌi pua ne jꞌajꞌi korban.","Ama Lamatua peka dènge ne, ""Nare ana mesa mu, Isak, dhu èu sue. Aa la'e maso asa rai tanila, aa ètu èci nèti ledhe dhu Ja'a pad'elo mi èu, èu hud'i pua ne j'aj'i korban tunu ètu nèi.""",,eng,wyc,English,Wycliffe,10.4827,6.7651,6.2159
"therefore abraham rose by night, and saddled his ass, and led with him two young men, and isaac his son; and when he had hewn trees into burnt sacrifice, he went to the place which god had commanded to him.","d'ai bèli mad'ae aae na, abraham sèg'i aj'u sèna ka tao kadhèna. na èki, ka na hue asa dedha keled'ei. ka dua ra dènge isak, aa dènge dhèu sab'a na dhèu dua, pakèd'i asa era dhu lamatua peka dènge ne.","Èle èèna ka, bèli-camèdꞌa Abraham kèdꞌi laꞌe asa era dhu Ama Lamatua peka dènge ne. Nèti èèna ka, na dedꞌe kètu na, dènge ana-ana na dhèu dua, nuka Isak. Èle èèna ka, Abraham kèpe ajꞌu ho jꞌajꞌi korban. Ka laꞌe asa era dhu Ama Lamatua peka dènge ne.","Èle èèna ka, Abraham kèdꞌi d'ara mèda, aa na èki keled'ei na, aa na rèti dènge ne dhèu mone ngèru dua, dènge Isak ana na. Aa ropa na kèpe aj'u ho j'aj'i korban tunu èle, na la'e asa era dhu Ama Lamatua peka dènge ne.",,eng,wyc,English,Wycliffe,3.3407,1.0576,1.7569
"forsooth in the third day, he raised up his eyes, and saw a place afar;","ra kako taruu, ka d'ai camèd'a èèna, abraham nèdhi le era èèna nèti kaj'èu.","Èle èèna ka, dꞌai tèlu lodꞌo, na ladhe-leru. Hèia na ladhe nèdhi èci ètu sebhe.","Èle èèna ka, d'ai ka-tèlu lod'o, na ladhe-leru. Hèia na ladhe nèdhi era èci ètu kaj'èu.",,eng,wyc,English,Wycliffe,7.9439,11.474,11.1402
"and he said to his young men, abide ye here with the ass, i and the child shall go thither; and after that we have worshipped, we shall turn again to you.","hèia na peka dènge dhèu dua sèra, aku nèngu na, dua mi mate taha mi ne'e dènge keled'ei ne. ja'a dènge ana ja'a la'a asa dedha nèi, ho mangaj'i ama lamatua. ladhe èle na, ji'i lèpa hari mai.","Hèia na peka dènge dhèu sabꞌa na, aku nèngu na, ""Miu madhèdi ku ètu neꞌe, sèna ka jaꞌa dènge ana keledꞌei ne lèpa hari asa miu.""","Aa na peka dènge dhèu sabꞌa na, aku nèngu na, ""Miu madhèdi ku ètu ne'e dènge keled'ei, ja'a dènge ana neo laku ètu nèi; aa èle ka èdhi se pahaha iisi, èdhi neo lèpa hari asa miu.""",,eng,wyc,English,Wycliffe,12.7389,10.7268,9.4026
"and he took the wood of burnt sacrifice, and laid it on isaac his son; forsooth he bare fire, and a sword in his hands. and when they twain or two went together,","ka abraham nare kadhèna dhu neo tunu korban, ka na tao mi kabela-kao isak. aa nèngu nèd'u tud'i, dènge suu ai. ropa dua ra palere lasi,","Èle èèna ka, Abraham dedꞌe ajꞌu ho jꞌajꞌi holo-nori Ama Lamatua. Hèia na dedꞌe ajꞌu ho jꞌajꞌi holo-nori Ama Lamatua. Èle èèna ka, na dedꞌe ajꞌu ho jꞌajꞌi holo-nori Ama Lamatua. Èle èèna ka, na dedꞌe ajꞌu ho jꞌajꞌi holo-nori Ama Lamatua. Hèia na dedꞌe ajꞌu ho jꞌajꞌi holo-nori ana na Isak. Èle èèna ka, na dedꞌe ajꞌu ho jꞌajꞌi holo-nori Ama Lamatua.","Èle èèna ka, na nare aj'u ho badha korban dhu tunu, aa na tèka ne ètu dedha ana na Isak. Nèngu dui ai, aa samala ètu kacui-aai na. Aa ropa rèngu dua kako sama-sama,",,eng,wyc,English,Wycliffe,1.761,9.8753,11.9185
"isaac said to his father, my father! and he answered, what wilt thou, son? he said, lo! fire and wood, where is the beast of burnt sacrifice?","hèia isak paroa ama na, aku nèngu na, ama! ka abraham dhaa, aku nèngu na, nga tao, ana? hèia isak karèi, aku nèngu na, èdhi neo lati tunu korban. de ai dènge kadhèna ka se'e le. te ngaa ana kahib'i-kalèbho dhu èdhi pake j'aj'i korban, ka mia?","Èle èèna ka, Isak karèi ama na, aku nèngu na, 'Ama!' Hèia ama na dhaa, aku nèngu na, ""Èu neo ngaa, ana?"" Hèia Isak dhaa, aku nèngu na, ""Èu ladhe mèdhi ai dènge ajꞌu, te ngaa badha sèra ètu mia?""","Èle èèna ka, Isak karèi ama na, aku nèngu na, 'Ama!' Hèia ama na dhaa, aku nèngu na, ""Èu neo ngaa, ana?"" Hèia Isak dhaa, aku nèngu na, ""Bèli-camèd'a! ai dènge aj'u, te ngaa badha ho lati tunu ètu mia?""",,eng,wyc,English,Wycliffe,1.1383,2.568,2.6882
"abraham said, my son, god shall purvey to him the beast of burnt sacrifice. therefore they went together,","te ngaa, aku abraham na, pe ama lamatua unu na ka dhu hia ana kalèbho, sèna ka j'aj'i mi korban. ka dua ra ca'e lasi taruu.","Èle èèna ka, Abraham dhaa, aku nèngu na, ""Ana dꞌara jaꞌa, Ama Lamatua ka dhu hia ne, sèna ka jꞌajꞌi lii holo-nori."" Hèia dua ra paꞌèci dènge dhèu aaꞌi-aaꞌi, sèna ka ra paꞌèci dènge dhèu aaꞌi-aaꞌi ètu dꞌara Èmu Kapua Manèngi-Mangajꞌi ètu dꞌara Èmu Kapua Manèngi-Mangajꞌi ètu dꞌara Èmu Kapua Manèngi-Mangajꞌi ètu dꞌara Èmu Kapua Manèngi-Mangajꞌi ètu dꞌara Èmu Kapua Manèngi-Mangajꞌi ètu dꞌara Èmu Kapua Manèngi-Mangajꞌi ètu dꞌara Èmu Kapua Manèngi-Mangajꞌi ètu dꞌara Èmu Kapua Manèngi-Mangajꞌi ètu dꞌara Èmu Kapua Manèngi-Mangajꞌi.","Èle èèna ka, Abraham dhaa, aku nèngu na, ""Ana dꞌara jaꞌa, Ama Lamatua ka dhu hia ne, badha korban tunu."" Hèia dua ra paꞌèci.",,eng,wyc,English,Wycliffe,2.7849,6.5594,10.3806
"and came to the place which god had showed to him; in which place abraham builded an altar, and dressed the wood above; and when he had bound altogether isaac, his son, he laid isaac on the altar, upon the heap of wood.","ropa dua ra d'ai era dhu lamatua peka èèna, ka abraham pudhi hadhu ho tao mei korban. hèia na paloko kadhèna ètu dedha mei korban ne. ka kèpe ana na isak, èki patarenga ne ètu dedha kadhèna.","Èle èèna ka, Abraham laꞌe asa era dhu Ama Lamatua padꞌelo le dènge ne. Èle èèna ka, na patitu ajꞌu mei ètu era neꞌe. Èle èèna ka, Abraham patitu ajꞌu mei ètu era neꞌe. Èle èèna ka, na dedꞌe ana na Isak ètu dedha mei neꞌe.","Èle èèna ka, Abraham laꞌe asa era dhu Ama Lamatua padꞌelo le dènge ne. Ètu era èèna, na patitu mei korban, aa lalau aj'u ètu dedha mei èèna. Aa ropa na iu ana na Isak aa'i, hèia na ded'e Isak ètu dedha mei korban, ètu dedha tègu aj'u.",,eng,wyc,English,Wycliffe,6.6029,12.4705,11.4798
"and he held forth his hand, and took the sword to sacrifice his son.","ka nare tud'i, ho neo kèj'i pamadhe ana na.","Ropa tadèngi lii padhai Ama Lamatua sèmi èèna, hèia Ama Lamatua pajꞌujꞌu kacui-aai na, ho neo pamadhe ana na.","Hèia nèngu j'ole kacui-aai na, hèia na nare samala ho neo pamadhe ana na.",,eng,wyc,English,Wycliffe,5.4021,5.5477,6.8911
"and lo! the angel of the lord cried from heaven, and said, abraham! abraham! which answered, i am present.","cag'ag'a laa, ana pajuu lamatua lii nèti dedha-liru, peka na, abraham! mata ku! ka abraham dhaa, aku nèngu na, nga tao, lamatua?","Èle èèna ka, ana pajuu Ama Lamatua nèti sorga paroa ne, aku nèngu na, ""Abraham! Abraham!"" Hèia na dhaa, aku nèngu na, ""Ama! Jaꞌa mai le!""","Èle èèna ka, ana pajuu Ama Lamatua nèti sorga pa'oo, aku nèngu na, ""Abraham! Abraham!"" Hèia na dhaa, aku nèngu na, ""Ama! Jaꞌa mai le!""",,eng,wyc,English,Wycliffe,0.2479,0.2332,0.2901
