verse,source_text,target_text,pred_text
GEN 1:1,in the beginning god created the heavens and the earth.,"uru-uru tèka, ama lamatua paj'aj'i dedha-liru dènge rai-haha.","Uru-uru sèra, Ama Lamatua pajꞌajꞌi dedha-liru dènge rai-haha."
GEN 1:2,"the earth was formless and empty, and darkness covered the surface of the deep. the spirit of god moved over the surface of the waters.","lod'o rai-haha j'aj'i mèka, aa'i-aa'i dhae mèci mèka. dhu abhu, èi. aa maroga aatu-aatu saguru nare ne. ka roh lamatua lela ètu dedha èi èèna.","Ropa tadèngi lii padhai Ama Lamatua, dhèu aaꞌi-aaꞌi ètu rai-haha ne jꞌajꞌi mèu-mèu, aa rai-haha ne jꞌajꞌi mèu-mèu. Aa rai-haha ne jꞌajꞌi mèu-mèu, aa jꞌajꞌi mèu-mèu, aa jꞌajꞌi mèu-mèu, aa jꞌajꞌi mèu-mèu, aa jꞌajꞌi mèu-mèu, aa jꞌajꞌi mèu-mèu, aa jꞌajꞌi mèu-mèu."
GEN 1:3,"god said, let there be light! and there was light.","hèia ama lamatua peka, hud'i ku dènge saraa. ropa peka nare sèmi ne'e, ka saraa j'aj'i dènge ka.","Èle èèna ka, Ama Lamatua peka, aku Nèngu na, ""Bèli-camèdꞌa, sèna ka jꞌajꞌi mèu-mèu!"" Hèia jꞌajꞌi mèu-mèu."
GEN 1:4,"god saw that the light was good, and he separated the light from the darkness.","ropa nèdhi saraa ne, d'ara na karej'e, lula ngaa dhu na ad'u, mema be'a. hèia na hag'e eele saraa nèti maroga, sèna ka èci-èci ka dènge taa na.","Èle èèna ka, Ama Lamatua ladhe nèdhi, na, saraa ne beꞌa. Hèia Ama Lamatua pamaꞌète aaꞌi-aaꞌi nèti dꞌara maroga."
GEN 1:5,"god called the light day, and he called the darkness night. so there was evening, and then the morning, making day one.","ka pangare saraa ne ‘mèu', aa maroga na ‘mèda'. ne'e ne, lod'o ka èci kèna.","Èle èèna ka, Ama Lamatua pajꞌujꞌu aaꞌi-aaꞌi ra. Hèia Ama Lamatua pangee, na, dꞌai mèka lodꞌo. Aa dꞌai mèka lodꞌo, Ama Lamatua pangee, na, dꞌai mèka lodꞌo. Aa dꞌai mèka lodꞌo, Ama Lamatua pangee, na, dꞌai mèka lodꞌo. Aa dꞌai mèka lodꞌo, Ama Lamatua pangee, na, dꞌai mèka lodꞌo. Aa dꞌai mèka lodꞌo, Ama Lamatua pangee, na, dꞌai mèka lodꞌo."
GEN 1:6-7,"god said, let there be an expanse in the middle of the waters to divide the waters. so god made an expanse to divide the waters that were above from the waters that were below. and that's what happened.","hèia ama lamatua lii hari, na peka, hud'i dènge ku era talele, sèna ka hag'e eele èi. nèti èèna ka, èi re dedha, aa abhu kahèi èi re haha. ropa peka nare sèmi èèna, hèia èi b'agi dènge mi dua.","Èle èèna ka, Ama Lamatua peka dènge Ama Lamatua, aku Nèngu na, ""Beꞌa risi ètu talora aae èi, sèna ka babège eele èi."" Hèia Ama Lamatua tao ètu talora aae èi, sèna ka babège eele èi nèti èi. Hèia jꞌajꞌi sèmi èèna kahèi."
GEN 1:8,"god called the expanse, sky. so there was evening, and then the morning, making day two.","ka na pangare èi re dedha na, ‘liru'. ne'e ne, lod'o ka dua kèna.","Èle èèna ka, Ama Lamatua pajꞌujꞌu aaꞌi-aaꞌi ra. Hèia Ama Lamatua pajꞌujꞌu aaꞌi-aaꞌi ra. Hèia Ama Lamatua pajꞌujꞌu aaꞌi-aaꞌi ra. Hèia Ama Lamatua pajꞌujꞌu aaꞌi-aaꞌi ra. Hèia Ama Lamatua pajꞌujꞌu aaꞌi-aaꞌi ra. Hèia Ama Lamatua pajꞌujꞌu aaꞌi-aaꞌi ra. Hèia Ama Lamatua pajꞌujꞌu aaꞌi-aaꞌi ra. Hèia Ama Lamatua pajꞌujꞌu aaꞌi-aaꞌi ra. Hèia Ama Lamatua pajꞌujꞌu aaꞌi-aaꞌi ra."
GEN 1:9,"god said, let the waters below the sky collect together in one place so that the land may appear. and so it was.","hèia ama lamatua peka hari, aku nèngu na, èi re haha hud'i pakaboko ku mi ca era, sèna ka abhu rai kamango. ropa padhai lii nare sèmi ne'e, j'aj'i dènge ka rai mango.","Èle èèna ka, Ama Lamatua peka dènge dhèu aaꞌi-aaꞌi sèra, aku Nèngu na, ""Dhèu aaꞌi-aaꞌi dhu ètu dedha-liru jꞌajꞌi èci, sèna ka jꞌajꞌi rai-haha."" Hèia jꞌajꞌi sèmi èèna kahèi."
GEN 1:10,god called the land earth and the waters seas. god saw that it was good.,"ka era rai mango, na pangare na ‘rai-dedha'; aa era èi dhu kaboko èèna, na pangare na ‘dhasi'. ropa nèdhi aa'i-aa'i ne, d'ara na karej'e, lula ngaa dhu na ad'u, mema be'a.","Èle èèna ka, Ama Lamatua pangare rai-haha ne, 'Dhèu rai-haha', dènge èi èi èèna, 'Dhèu rai-haha.' Hèia Ama Lamatua ladhe sèmi èèna, aa ladhe sèmi èèna, beꞌa kahèi."
GEN 1:11,"god said, let the earth produce vegetation-plants that produce seeds and trees that produce seeded fruit-each one according to its own kind. and that's what happened.","ka ama lamatua lii hari, peka na, rai hud'i pamamuri ku rupa-rupa ana aaj'u. sèna ka abhu aj'u dhu hua, dhu dènge lamusi, aa dhu dènge rèu mangèru. sèna ka aj'u-aj'u se, hua-hela madhutu rupa rèngu. ropa padhai lii nare sèmi ne'e, j'aj'i dènge ka ana aaj'u aa'i-aa'i ra.","Èle èèna ka, Ama Lamatua peka dènge dhèu aaꞌi-aaꞌi sèra, aku Nèngu na, ""Dhèu aaꞌi-aaꞌi sèra hia hua-hela ètu rai-haha. Aa ajꞌu aaꞌi-aaꞌi sèra hia hua-hela ètu rai-haha. Aa ajꞌu aaꞌi-aaꞌi sèra hia hua-hela ètu rai-haha."" Hèia Ama Lamatua peka dènge dhèu aaꞌi-aaꞌi sèra."
GEN 1:12,the earth produced vegetation-plants that produce seeds and trees that produce seeded fruit-each one according to its own kind. god saw that it was good.,"ètu dedha-rai, ana aaj'u se hua-hela ka madhutu rupa rèngu. ropa nèdhi aa'i-aa'i se, d'ara na karej'e, lula ngaa dhu na ad'u, mema be'a.","Ropa tadèngi lii padhai Ama Lamatua sèmi èèna, dhèu aaꞌi-aaꞌi ètu rai-haha ne rai-haha. Aa aaꞌi-aaꞌi ètu rai-haha ne, aaꞌi-aaꞌi ètu rai-haha ne, aaꞌi-aaꞌi ètu rai-haha ne, aaꞌi-aaꞌi ètu rai-haha ne, aaꞌi-aaꞌi ètu rai-haha ne, aaꞌi-aaꞌi ètu rai-haha ne, aaꞌi-aaꞌi ètu rai-haha ne, aaꞌi-aaꞌi ètu rai-haha ne, aaꞌi-aaꞌi ètu rai-haha ne. Èle èèna ka dhu beꞌa."
GEN 1:13,"so there was evening, and then the morning, making day three.","ne'e ne, lod'o ka tèlu kèna.","Èle èèna ka, bèli-camèdꞌa madꞌae, aa bèli-camèdꞌa bèli-camèdꞌa, jꞌajꞌi hari ka tèlu."
GEN 1:14-15,"god said, let there be lights in the sky to separate day from night, and to provide a way to mark seasons, days, and years. they shall be lights in the sky to shine on the earth. and that's what happened.","hèia ama lamatua lii hari, aku nèngu na, re bèka dedha, hud'i abhu ku mèdha dhu saraa, ho pasaraa rai-haha ne. hud'i abhu mèdha dhu pasaraa re mèu, aa abhu kahèi dhu pasaraa re mèda. rèngu aa'i-aa'i se, j'aj'i tadha, ho sèna ka bisa ige lod'o, hèru, dènge tèu. ropa padhai lii nare sèmi ne'e, mèdha dhu heo aa'i-aa'i ra j'aj'i dènge ka.","Èle èèna ka, Ama Lamatua peka hari, aku Nèngu na, ""Sèmi neꞌe: hudꞌi jꞌajꞌi mèdha-panyau ètu dedha-liru, sèna ka paꞌèci lodꞌo dènge lodꞌo. Aa hudꞌi jꞌajꞌi mèdha-panyau ètu dedha-liru, sèna ka paꞌèci lodꞌo dènge lodꞌo. Aa hudꞌi jꞌajꞌi mèdha-panyau ètu dedha-liru, sèna ka jꞌajꞌi mèdha-panyau ètu rai-haha."" Hèia jꞌajꞌi sèmi èèna kahèi."
GEN 1:16,"god created two great lights: the larger one in charge of the day, and the smaller one in charge of the night. he created the stars too.","ka na tao ka mèdha kapai dua dhu pasaraa rai-haha. dhu kapai risi, pasaraa re mèu; aa dhu ako ana iiki, pasaraa re mèda. aa na tao hua-hètu kahèi.","Èle èèna ka, Ama Lamatua pajꞌajꞌi sordadꞌu aae dua sordadꞌu. Sordadꞌu aae jꞌajꞌi sordadꞌu, sèna ka jꞌajꞌi sordadꞌu. Sordadꞌu aae jꞌajꞌi sordadꞌu, sèna ka jꞌajꞌi sordadꞌu, sèna ka jꞌajꞌi sordadꞌu. Sordadꞌu aae jꞌajꞌi sordadꞌu, sèna ka jꞌajꞌi sordadꞌu, sèna ka jꞌajꞌi sordadꞌu."
GEN 1:17,"god placed these lights in the sky to shine upon the earth,","na tèke mèdha dhu saraa sèra ètu dedha-liru, sèna ka loti mai asa rai-haha.","Èle èèna ka, Ama Lamatua pajꞌajꞌi mèdha-panyau ètu dedha-liru, sèna ka jꞌajꞌi mèdha-panyau aaꞌi-aaꞌi ètu rai-haha."
GEN 1:18,"to be in charge of the day and in charge of the night, and to separate light from darkness. god saw that it was good.","ka mèdha se, pasaraa ka re mèu, aa pasaraa re mèda. dènge j'ara ne'e, na hag'e eele saraa nèti maroga. ropa nèdhi aa'i-aa'i se, d'ara na karej'e, lula ngaa dhu na ad'u, mema be'a.","sèna ka paredha lodꞌo dènge beꞌa, sèna ka paredha lodꞌo dènge beꞌa. Èle èèna ka, Ama Lamatua ladhe, na, beꞌa."
GEN 1:19,"so there was evening, and then the morning, making day four.","ne'e ne, lod'o ka èpa kèna.","Èle èèna ka, bèli-camèdꞌa madꞌae. Èle èèna ka, bèli-camèdꞌa bèli-camèdꞌa. Èle èèna ka, lodꞌo ka èpa."
GEN 1:20,"god said, let the waters be full of living creatures, and let birds fly above the earth in the sky.","hèia ama lamatua padhai lii hari, peka na, hud'i abhu ku ae-ae dhu mamuri ètu d'ara èi. dènge hud'i abhu ku rupa-rupa manu-bhui dhu lela ètu dedha rai-haha ne.","Èle èèna ka, Ama Lamatua peka dènge dhèu aaꞌi-aaꞌi, aku Nèngu na, ""Dhèu aaꞌi-aaꞌi hudꞌi jꞌajꞌi aaꞌi-aaꞌi dènge badha aaꞌi-aaꞌi dhu mamuri ètu dedha-liru, aa manu-bhui hudꞌi pakèdꞌi ètu dedha-liru."""
GEN 1:21,"so god created huge sea creatures and all the living things that swim and fill the waters, each one according to its own kind; and every bird that flies, each one according to its own kind. god saw that it was good.","ka na tao ka i'a aa'i-aa'i dènge badha kapai dhu mamuri ètu d'ara èi. na paj'aj'i kahèi manu-bhui aa'i-aa'i. ropa nèdhi aa'i-aa'i se, d'ara na karej'e, lula ngaa dhu na ad'u, mema be'a.","Èle èèna ka, Ama Lamatua pajꞌajꞌi badha aae aae aae aae aae aae aae aae aae aae aae aae aae aae aae aae aae aae aae aae aae aae aae aae aae aae aae aae aae aae aae aae aae aae aae aae aae aae aae aae aae aae aae aae aae aae aae aae aae aae aae aae aae aae aae aae aae aae aae aae aae aae aae aae aae aae aae aae aae aae aae aae aae aae aae aae aae aae aae aae aae aae aae aae aae aae aae aae aae aae aae aae aae aae aae aae aae aae aae aae aae aae aae aae aae aae aae aae aae aae aae aae aae aae aae aae aae aae aae aae aae aae. Aae aae aae aae aae aae aae aae aae aae aae aae aae aae aae aae aae aae aae aae aae aae aae aae aae aae aae aae aae aae aae aae aae aae aae aae aae aae aae aae aae aae aae aae aae aae aae aae aae aae."
GEN 1:22,"god blessed them and said, reproduce and increase, and fill the waters of the seas, and let the birds increase on the earth.","ka na padhai lii ho sèna ka hia berkat mi aa'i-aa'i dhu mamuri, peka na, i'a se, hud'i laa bèba-kacanga sèna ka papènu èi ètu mia-mia. aa manu-bhui, asa tabha kahèi.","Èle èèna ka, Ama Lamatua hia mèngi-nale si, ka Na peka dènge si, aku Nèngu na, ""Bèli-camèdꞌa miu jꞌajꞌi dhèu ae-ae, sèna ka miu jꞌajꞌi dhèu ae-ae ètu dedha-liru. Bèli-camèdꞌa manu-bhui aaꞌi-aaꞌi ra jꞌajꞌi ae-ae ètu rai-haha."""
GEN 1:23,"so there was evening, and then the morning, making day five.","ne'e ne, lod'o ka lèmi kèna.","Èle èèna ka, bèli-camèdꞌa madꞌae. Èle èèna ka, bèli-camèdꞌa. Èle èèna ka, lèmi lodꞌo."
GEN 1:24-25,"god said, let the land produce living creatures, each one according to its own kind-the livestock, the creatures that run along the ground, and the wild animals, each one according to its own kind. and that's what happened. god made the wild animals, the livestock, and the creatures that run along the ground, all according to their own kind. god saw that it was good.","ka ama lamatua peka hari, na, hud'i abhu ku rupa-rupa badha dhu mamuri ètu rai-dedha. sèmi: badha-manu dhu ani, badha hui, dènge badha dhu rod'o, èci-èci ka dènge rupa na. ropa padhai lii nare sèmi ne'e, badha aa'i-aa'i ra j'aj'i dènge ka. ropa nèdhi aa'i-aa'i se, d'ara na karej'e, lula ngaa dhu na ad'u, mema be'a.","Èle èèna ka, Ama Lamatua peka dènge dhèu aaꞌi-aaꞌi sèra, aku Nèngu na, ""Dhèu aaꞌi-aaꞌi sèra tao rupa-rupa badha aaꞌi-aaꞌi, nuka sèmi badha aaꞌi-aaꞌi, badha aaꞌi-aaꞌi, badha aaꞌi-aaꞌi, badha aaꞌi-aaꞌi dènge badha aaꞌi-aaꞌi."" Hèia Ama Lamatua pajꞌajꞌi badha aaꞌi-aaꞌi, badha aaꞌi-aaꞌi, badha aaꞌi-aaꞌi, badha aaꞌi-aaꞌi dènge badha aaꞌi-aaꞌi dènge badha aaꞌi-aaꞌi. Ka Ama Lamatua ladhe sèmi èèna, ka Ama Lamatua tao rupa-rupa badha aaꞌi-aaꞌi."
GEN 1:26,"god said, let us make human beings in our image who are like us. they will have authority over the fish of the sea and the birds of the air, over the livestock, and over the whole of the earth and every creature that moves on it.","ka ama lamatua peka hari, aku nèngu na, hua iia, mai ta paj'aj'i dhèu, madhutu rupa èdhi. hud'i laa ra leru dènge ator i'a aa'i-aa'i ètu d'ara dhasi, manu-bhui aa'i-aa'i ètu dedha-liru, badha-manu dhu ani, dènge badha leo aa'i-aa'i ra dhu mamuri ètu rai-haha ne.","Èle èèna ka, Ama Lamatua peka dènge dhèu aaꞌi-aaꞌi ra, aku Nèngu na, ""Èdhi tao dhèu rai-haha, nuka sèmi èdhi. Rèngu hudꞌi paredha iꞌa-iꞌa ètu dꞌara dhasi, manu-bhui ètu dedha-liru, dènge badha aaꞌi-aaꞌi, dènge badha aaꞌi-aaꞌi, dènge aaꞌi-aaꞌi dhu mamuri ètu rai-haha ne."""
GEN 1:27,so god created human beings in his own image. he created them in the image of god. he created them male and female.,"hèia na paj'aj'i dhèu rai-haha ne madhutu rupa na. na paj'aj'i si, dhèu mone dènge dhèu bhèni.","Èle èèna ka, Ama Lamatua pajꞌajꞌi dhèu rai-haha, nuka sèmi Ama Lamatua. Ama Lamatua pajꞌajꞌi dhèu rai-haha, dhèu mone dènge dhèu bhèni."
GEN 1:28,"god blessed them and told them, reproduce, increase, and spread throughout the earth and control it; exercise authority over the fish of the sea and the birds of the air and every creature that moves on the earth.","ka na padhai lii ho sèna ka hia berkat mi rèngu, aku nèngu na, miu hud'i bèba-kacanga ku, sèna ka pea papènu rai-haha ne, ho mi ator ne. ja'a hia miu koasa, sèna ka mi ator i'a, manu-bhui, dènge badha-manu aa'i-aa'i ra ètu rai-haha ne.","Èle èèna ka, Ama Lamatua hia mèngi-nale si, ka Na peka dènge si, aku Nèngu na, ""Miu hudꞌi jꞌajꞌi dhèu ae-ae, sèna ka jꞌajꞌi dhèu aaꞌi-aaꞌi ètu rai-haha ne. Miu hudꞌi paredha iꞌa-iꞌa ètu dꞌara dhasi, manu-bhui ètu dedha-liru, dènge badha aaꞌi-aaꞌi dhu pakajꞌèu ètu rai-haha ne."""
GEN 1:29,"god said, look, i'm giving you as your food every seed-bearing plant anywhere on earth, and every tree that produces fruit with seeds.","mi nanene paie-iie! ja'a hia miu rupa-rupa nganga'a ètu rai-haha ne'e. sèmi: ana aaj'u dhu dènge hua, dhu dènge lamusi, aa dhu dènge rèu mangèru.","Èle èèna ka, Ama Lamatua peka dènge dhèu aaꞌi-aaꞌi sèra, aku Nèngu na, ""Sèmi neꞌe! Jaꞌa hia hua-hela aaꞌi-aaꞌi ètu rai-haha ne, sèna ka raꞌa. Aa hua-hela aaꞌi-aaꞌi ètu rai-haha ne, sèna ka raꞌa."""
GEN 1:30,"i'm giving all the green plants to all the land animals, to the birds, and to every creature that moves on the earth-to every living thing. and that's what happened.","ja'a hia rupa-rupa ana aaj'u kahèi sèna ka j'aj'i nganga'a badha. nganga'a hia badha-manu dhu ani, badha hui, badha dhu rod'o, dènge manu-bhui. ropa padhai lii nare sèmi ne'e, nganga'a badha sèra aa'i-aa'i ra j'aj'i dènge ka.","Nèti èèna ka, Jaꞌa hia badha aaꞌi-aaꞌi ètu rai-haha ètu rai-haha, dènge manu-bhui aaꞌi-aaꞌi, dènge badha aaꞌi-aaꞌi dhu pakajꞌèu ètu rai-haha. Èèna ka dhu jꞌajꞌi."
GEN 1:31,"god saw everything that he had created, and yes, it was very good. so there was evening, and then the morning, making day six.","ropa nèdhi aa'i-aa'i se, d'ara na karej'e, lula ngaa dhu na ad'u, mema be'a. ne'e ne, lod'o ka èna kèna.","Èle èèna ka, Ama Lamatua ladhe-leru aaꞌi-aaꞌi dhu Na pajꞌajꞌi. Ka Na ladhe-leru aaꞌi-aaꞌi dhu Na pajꞌajꞌi. Èle èèna ka, bèli-camèdꞌa madꞌae. Èle èèna ka, bèli-camèdꞌa. Èle èèna ka, lodꞌo ka èi."
GEN 2:1,"the creation of the heavens, the earth, and everything in them was complete.","dènge j'ara sèmi èèna ka, ama lamatua paj'aj'i dedha-liru, rai-haha, dènge isi ra aa'i-aa'i.",Ama Lamatua ka dhu pajꞌajꞌi dedha-liru dènge rai-haha dènge aaꞌi-aaꞌi dhu ètu rai-haha ne.
GEN 2:2,"by the time the seventh day came, god had finished the work he'd done, and he rested on the seventh day from all the work he'd been doing.","ropa na sab'a èle, asa bèli èèna, lèke dènge lod'o ka pidhu. hèia na ae nèti sasab'a-la'a na.","Èle èèna ka, dꞌai lodꞌo kapodꞌe-kabèli, Ama Lamatua puri-paꞌèle aaꞌi-aaꞌi dhu Na tao. Nèti èèna ka, dꞌai lodꞌo kapodꞌe-kabèli, Na lèpa hari nèti sasabꞌa Na aaꞌi-aaꞌi dhu Na tao."
GEN 2:3,"god blessed the seventh day, and set it apart as holy, because he rested from all the work he'd done in creation.","dènge j'ara ne'e, na tao lod'o ka pidhu ne, lod'o dhu kapai risi nèti lod'o dhu leo sèra. na tao sèmi èèna, lula na pa'èle aa'i le sasab'a na, ka ètu d'ara lod'o ka pidhu na, na ae.","Èle èèna ka, Ama Lamatua hagꞌe nare lodꞌo kapodꞌe-kabèli èèna, ho paꞌèki dènge Ne. Te lodꞌo neꞌe, Ama Lamatua hagꞌe nare le lodꞌo kapodꞌe-kabèli èèna. Nèti èèna ka, Na lèpa hari nèti sasabꞌa-laꞌa Na aaꞌi-aaꞌi dhu Na pajꞌajꞌi ètu rai-haha ne."
GEN 2:4,this is the account of the lord god's creation when he made the heavens and the earth.,"d'ai sange ne'e ka, lii lolo ama lamatua paj'aj'i dedha-liru dènge rai-haha ne. lod'o ama lamatua heka paj'aj'i dedha-liru dènge rai-haha èèna,","Nèti uru ka mai, Lamatua pajꞌajꞌi liru dènge rai-haha. Nèngu ka dhu pajꞌajꞌi dhèu aaꞌi-aaꞌi ètu rai-haha ne. Nèngu ka dhu pajꞌajꞌi dhèu aaꞌi-aaꞌi ètu rai-haha ne. Nèngu ka dhu pajꞌajꞌi dhèu aaꞌi-aaꞌi ètu rai-haha ne. Nèngu ka dhu pajꞌajꞌi dhèu aaꞌi-aaꞌi ètu rai-haha ne. Nèngu ka dhu pajꞌajꞌi dhèu aaꞌi-aaꞌi ètu rai-haha ne. Nèngu ka dhu pajꞌajꞌi dhèu aaꞌi-aaꞌi ètu rai-haha ne. Nèngu ka dhu pajꞌajꞌi dhèu aaꞌi-aaꞌi ètu rai-haha ne."
GEN 2:5-6,"up to this point there were no wild plants or crops growing on the earth, because the lord god hadn't sent rain, and there was no one to cultivate the ground. dew came up from the earth and made the whole surface of the ground wet.","dhae abhu mèka ana aaj'u, lula na papuru mèka èj'i. taa èèna, dhoka sèb'u èi di, mai nèti d'ara rai ho pabasa rai re dedha. aa abhu mèka dhèu rai-haha dhu tao oka-tedhe.","Te ngaa toke dꞌai lodꞌo neꞌe, abhu boe aaꞌi-aaꞌi ètu rai-haha. Abhu boe aaꞌi-aaꞌi ètu rai-haha. Aa abhu boe aaꞌi-aaꞌi ètu rai-haha. Nèti èèna ka, aaꞌi-aaꞌi ètu rai-haha aaꞌi-aaꞌi aaꞌi-aaꞌi aaꞌi-aaꞌi aaꞌi-aaꞌi aaꞌi-aaꞌi aaꞌi-aaꞌi aaꞌi-aaꞌi aaꞌi-aaꞌi aaꞌi-aaꞌi aaꞌi-aaꞌi aaꞌi-aaꞌi aaꞌi-aaꞌi aaꞌi-aaꞌi aaꞌi-aaꞌi aaꞌi-aaꞌi aaꞌi-aaꞌi aaꞌi-aaꞌi aaꞌi-aaꞌi aaꞌi-aaꞌi aaꞌi-aaꞌi aaꞌi-aaꞌi aaꞌi-aaꞌi."
GEN 2:7,"the lord god shaped the man adam from the dust of the ground. he breathed into his nostrils the breath of life, and adam became a living being.","èle èèna ka, ama lamatua nare rai ciki, ka na paj'aj'i dhèu rai-haha. hèia na tiu a'ae na asa d'ara sahènga dhèu na, ka na mamuri dènge ka.","Èle èèna ka, Lamatua pajꞌajꞌi dhèu rai-haha, Adam, nèti roꞌa aae rai-haha. Hèia Na bhèlu asa dꞌara pua dhèu neꞌe, sèna ka bisa mamuri. Èle èèna ka, Adam jꞌajꞌi dhèu mamuri dhu mamuri."
GEN 2:8,"the lord planted a garden in eden, in the east. there he put the man adam he had created.","hèia ama lamatua bhoke oka cue ètu rai eden, re bèka dhimu. hèia na hia dhèu ne pea ètu d'ara oka na.","Ropa tadèngi lii padhai Ama Lamatua, dhèu aaꞌi-aaꞌi dhu Na pajꞌajꞌi ètu rai-haha ne, nuka Eden. Ètu era neꞌe, Lamatua pajꞌajꞌi dhèu aaꞌi-aaꞌi dhu Na pajꞌajꞌi."
GEN 2:9,"the lord god made all kinds of trees grow in the garden, beautiful trees and trees producing fruit that's good to eat. the tree of life was in the middle of the garden, along with the tree of the knowledge of good and evil.","ètu d'ara oka èèna, na pamamuri rupa-rupa aj'u dhu be'a, dhu dhèu bisa ra'a. aa na pamamuri kahèi aj'u dua kapua ètu talora aae oka èèna. ladhe dhèu ra'e hua nèti aj'u èci, na mamuri taa-taa. aa ladhe dhèu ra'e hua nèti aj'u èci hari, ne'a hag'e mia dhu be'a, aa mia dhu karehe.","Èle èèna ka, Lamatua tao ajꞌu aaꞌi-aaꞌi ètu dꞌara oka ne. Aa ajꞌu aaꞌi-aaꞌi ètu dꞌara oka ne, dhu beꞌa. Aa ajꞌu aaꞌi-aaꞌi ètu dꞌara oka ne, dhu beꞌa. Aa ajꞌu aaꞌi-aaꞌi ètu dꞌara oka ne, dhu hia mamuri. Aa ajꞌu aaꞌi-aaꞌi ètu dꞌara oka ne, sèna ka dhèu reꞌa ngaa dhu beꞌa dènge bhabhelu."
GEN 2:10,a river flowed out from eden to water the garden. from there it split into four branches.,"ètu era èèna, abhu loko èci dhu hae nèti d'ara oka èèna. loko èèna, èpa kacanga.","Ètu hèbꞌa èèna, bèli-camèdꞌa bèli-camèdꞌa bèli-camèdꞌa bèli-camèdꞌa bèli-camèdꞌa bèli-camèdꞌa bèli-camèdꞌa bèli-camèdꞌa bèli-camèdꞌa bèli-camèdꞌa bèli-camèdꞌa bèli-camèdꞌa bèli-camèdꞌa bèli-camèdꞌa bèli-camèdꞌa bèli-camèdꞌa bèli-camèdꞌa."
GEN 2:11,"the first branch was called the pishon and it flowed through the whole land of havilah, where gold is found.","kacanga ka èci na, ngara na pison. nèngu ka dhu hae pale-lème rai hawila dhu abhu hualaa ae-ae.","Rèngu aaꞌi-aaꞌi ra, ngara na Pison. Rèngu aaꞌi-aaꞌi ra, ètu dꞌara rai Havila, ètu era dhu abhu mèdha-panyau."
GEN 2:12,the gold from that land is pure. bdellium and onyx stone are also found there.,"ètu era èèna ka, abhu poe-pai, aj'u dhu raa na hèu mèngi, dènge hadhu kale'e.",Abhu kahèi hadhu dhu lèke nèti rai ne. Abhu kahèi hadhu dhu lèke nèti hadhu èèna. Abhu kahèi hadhu dhu lèke nèti hadhu èèna. Abhu kahèi hadhu dhu lèke nèti hadhu èèna. Abhu kahèi hadhu dhu lèke nèti hadhu èèna. Abhu kahèi hadhu dhu lèke nèti hadhu èèna. Abhu kahèi hadhu dhu lèke nèti hadhu èèna. Abhu kahèi hadhu dhu lèke nèti hadhu èèna. Abhu kahèi hadhu dhu lèke nèti hadhu èèna. Abhu kahèi hadhu dhu lèke nèti hadhu èèna. Abhu kahèi hadhu dhu lèke nèti hadhu èèna. Abhu kahèi hadhu dhu lèke nèti hadhu èèna.
GEN 2:13,the second branch was called the gihon and it flowed through the whole land of cush.,"kacanga ka dua, ngara na gihon. kacanga ne, hae pale-lème rai kus.","Èle èèna ka, hèbꞌa aae ka dua, ngara na Gion. Èle èèna ka, hèbꞌa aae laꞌe laꞌe asa mia-mia, ètu rai Kus, sèna ka jꞌajꞌi dhèu aaꞌi-aaꞌi ètu rai-haha ne, nuka dhèu aaꞌi-aaꞌi ra ètu rai-haha ne, nuka dhèu aaꞌi-aaꞌi ra ètu rai-haha ne, nuka dhèu aaꞌi-aaꞌi ra ètu rai-haha ne, nuka dhèu aaꞌi-aaꞌi ra ètu rai-haha ne. Nèti èèna ka, hèbꞌa aaꞌi-aaꞌi ra jꞌajꞌi aaꞌi-aaꞌi ra ètu rai-haha ne, nuka dhèu aaꞌi-aaꞌi ra."
GEN 2:14,the third branch was called the tigris and it flowed east of the city of asshur. the fourth branch was called the euphrates.,"kacanga ka tèlu, ngara na tigris. kacanga ne'e ka, j'aj'i mi too rai asyur re ca bèka dhimu. kacanga ka èpa, ngara na efrat.","Rèhu ka tèlu, ngara na, Tigris. Rèhu ka tèlu, ngara na, Efrat. Rèhu ka tèlu, ngara na, Tigris. Rèhu ka tèlu, ngara na, Efrat. Rèhu ka tèlu, ngara na, Tigris. Rèhu ka tèlu, ngara na, Efrat. Rèhu ka tèlu, ngara na, Tigris. Rèhu ka tèlu, ngara na, Efrat. Rèhu ka tèlu, ngara na, Tigris. Rèhu ka tèlu, ngara na, Efrat."
GEN 2:15,the lord god put the man in the garden of eden to cultivate it and care for it.,"ka ama lamatua hia dhèu pea ètu d'ara eden, ho na ladhe-leru oka èèna.","Èle èèna ka, Lamatua dedꞌe dhèu rai-haha ne ètu dꞌara oka Eden, ho na sabꞌa dènge ladhe-leru."
GEN 2:16,"the lord god ordered adam, you are free to eat fruit from every tree in the garden,","hèia na hia paredha mi dhèu ne, aku nèngu na, hua aaj'u aa'i-aa'i ètu d'ara oka ne, èu bisa mu'a.","Èle èèna ka, Lamatua peka dènge Adam, aku Nèngu na, ""Èu bisa raꞌa ajꞌu aaꞌi-aaꞌi ètu dꞌara oka ne."
GEN 2:17,"but you must not eat from the tree of the knowledge of good and evil, because the day you eat from it you are certain to die.","te ngaa èci dhu èu bisa boe mu'a. nuka hua nèti aj'u dhu ne'a hag'e mia dhu be'a, aa mia dhu karehe. ladhe mu'a, èu madhe dènge.","Te ngaa ladhe sèmi èèna, dhèu aaꞌi-aaꞌi hudꞌi tao madhutu dadꞌèi Ama Lamatua. Te ngaa ladhe sèmi èèna, dhèu aaꞌi-aaꞌi hudꞌi tao madhutu dadꞌèi Ama Lamatua. Te ngaa ladhe sèmi èèna, dhèu aaꞌi-aaꞌi hudꞌi tao madhutu dadꞌèi Ama Lamatua. Te ngaa ladhe sèmi èèna, dhèu aaꞌi-aaꞌi hudꞌi tao madhutu dadꞌèi Ama Lamatua, te ngaa dhèu aaꞌi-aaꞌi hudꞌi tao madhutu dadꞌèi Ama Lamatua."""
GEN 2:18,"then the lord god said, it's not good for adam to be alone. i will make someone to help him, someone that's like him.","ka ama lamatua tuhu haru lii na, aku nèngu na, babe'a na aad'o, ladhe dhèu ne mamuri mesa na. de ja'a neo paj'aj'i hia ne, anga ca dhèu dhu pamèci dènge ne.","Èle èèna ka, Lamatua peka dènge Adam, aku Nèngu na, ""Bèli-camèdꞌa Adam mamuri madhutu dadꞌèi Lamatua. Nèti èèna ka, Jaꞌa tao dhèu ho jꞌajꞌi dhèu dhu jꞌajꞌi dhèu aaꞌi-aaꞌi."""
GEN 2:19-20,"the lord god used the ground to make all the wild animals, and all the birds. he took them all to adam to see what he would call them, and adam named every living creature. adam gave names to all the livestock, all the birds, and all the wild animals. but adam didn't find anyone like him who could help him.","lod'o èèna, ama lamatua nare rai ciki, ka na tao rupa-rupa badha dènge manu-bhui. hèia na pangèd'u si asa dhèu ne, sèna ka na pangare si. ka dhèu ne pangare badha se dènge manu-bhui aa'i-aa'i ra, èci-èci ka dènge ngara ra. te ngaa dhèu ne abhu mèka anga dhu pamèci dènge nèngu.","Èle èèna ka, Lamatua pajꞌajꞌi badha aaꞌi-aaꞌi, dènge manu-bhui aaꞌi-aaꞌi ètu rai-haha. Èle èèna ka, Lamatua pajꞌajꞌi badha aaꞌi-aaꞌi, dènge manu-bhui aaꞌi-aaꞌi ètu rai-haha. Èle èèna ka, Lamatua pajꞌajꞌi badha aaꞌi-aaꞌi, dènge manu-bhui aaꞌi-aaꞌi ètu rai-haha. Èle èèna ka, Lamatua pajꞌajꞌi badha aaꞌi-aaꞌi, dènge badha aaꞌi-aaꞌi ètu rai-haha ne, sèna ka dhèu aaꞌi-aaꞌi bisa paroa dènge dhèu aaꞌi-aaꞌi. Èle èèna ka, dhèu aaꞌi-aaꞌi bisa paroa dènge dhèu aaꞌi-aaꞌi. Te ngaa dhèu aaꞌi-aaꞌi bisa boe paraga dènge dhèu aaꞌi-aaꞌi-aaꞌi."
GEN 2:21,so the lord god put adam into a deep sleep and as he slept the lord god removed one of adam's ribs and closed up the place where he took it with body tissue.,"hèia ama lamatua pabhèj'i luu dhèu ne'e. ropa na bhèj'i, ama lamatua nare rui karasa na calaa, ka na pakateme hari nu'a deo na.","Èle èèna ka, Lamatua dedꞌe Adam asa dꞌara bèdho. Èle èèna ka, Lamatua dedꞌe cagꞌagꞌa èci nèti Adam. Hèia na dedꞌe cagꞌagꞌa èci ètu dꞌara bèdho, hèia na dedꞌe cagꞌagꞌa èci ètu dꞌara bèdho, hèia na dedꞌe cagꞌagꞌa èci ètu dꞌara bèdho."
GEN 2:22,"the lord god made a woman, using the rib he'd taken from adam, and presented her to adam.","nèti rui ne, na paj'aj'i bhèni ca dhèu. hèia na pangèd'u bhèni ne mi dhèu èèna.","Èle èèna ka, Lamatua pajꞌajꞌi dhèu bhèni èci dènge kacui-aai dhu Na tao nèti Adam. Èle èèna ka, Lamatua pajꞌajꞌi dhèu bhèni èci, ho laꞌe paraga dènge Adam."
GEN 2:23,"finally! said adam. here is bone from my bone and flesh from my flesh. she shall be called woman, because she was taken out of man.","ropa ladhe nèdhi bhèni ne, ka dhèu na peka, aku nèngu na, waaa! ne'e ne ku! sèmi ne'e ku, heka pamèci dènge ja'a kèna! rui na, sama èci èèna ka dènge rui ja'a. aa isi na, sama kahèi dènge isi ja'a. lula nèngu ne, j'aj'i nèti dhèu mone, nèti èèna ka ja'a pangare ne, ‘dhèu bhèni'.","Èle èèna ka, Adam peka dènge Ama Lamatua, aku nèngu na, ""Aadꞌo! Te ngaa neꞌe ne jꞌajꞌi le ngiꞌu nèti ngiꞌu jaꞌa, aa ngiꞌu nèti ngiꞌu jaꞌa. Nèti èèna ka, jaꞌa pangare ne, 'Bèli-camèdꞌa', lula Ama Lamatua pajꞌajꞌi ne nèti dhèu mone."""
GEN 2:24,"this is the reason a man leaves his father and mother and is joined to his wife, and the two become one being.","nèti èèna ka, dhèu mone hud'i tèke eele ku ina-ama na, ho la'e mamuri d'ara èci dènge dhèu èmu-kamali na, lula dua ra, j'aj'i le èci.","Nèti èèna ka, dhèu mone tèke eele ina-ama na, ho paꞌèki dènge dhèu èmu-kamali na. Ka dua ra jꞌajꞌi ngiꞌu èci."
GEN 2:25,"adam and his wife eve were both naked, but they weren't embarrassed about it.","lod'o èèna, dua ra dhu dènge boe mèdha-papake, te ngaa ra makae boe.","Èle èèna ka, Adam dènge Hawa dènge dhèu èmu-kamali ra dènge boe mèdha-panyau. Te ngaa Adam dènge Hawa dènge dhèu èmu-kamali ra dènge boe mèdha-panyau."
GEN 3:1,"the serpent was more cunning than any of the other wild animals that the lord god had made. he asked eve, did god really say that you can't eat fruit from every tree in the garden?","nèti badha aa'i-aa'i dhu ama lamatua paj'aj'i ètu rai-haha ne, mege ka dhu mèu risi kapod'e-kabèli. ca lod'o, mege karèi bhèni na, aku nèngu na, tare'a, do? ama lamatua kai miu baku mi'a hua aaj'u aa'i-aa'i ètu d'ara oka ne'e.","Èle èèna ka, naga ne kapai risi nèti badha aaꞌi-aaꞌi dhu Ama Lamatua pajꞌajꞌi ètu rai-haha ne. Hèia na karèi Hawa, aku nèngu na, ""Tasamia? Ama Lamatua peka na, 'Miu baku raꞌa nèti ajꞌu aaꞌi-aaꞌi ètu dꞌara dꞌara oka ne.' """
GEN 3:2-3,"eve replied to the serpent, we can eat from the trees in the garden, but not the fruit from the tree in the middle of the garden. god told us, ‘you mustn't eat from that tree, or even touch it, otherwise you'll die. '","ka bhèni na b'ala, aad'o! ji'i bisa nga'a! dhodhoka aj'u ca kapua ètu talora oka ne, ama lamatua kai, baku nga'a hua na. na peka na, ji'i baku nga'a, aa baku g'ag'e hua èèna kahèi, te aad'o na, ji'i madhe!","Te ngaa Ama Lamatua dhaa, peka na, 'Miu baku raꞌa nèti ajꞌu èèna, aa baku gꞌagꞌa-gꞌagꞌa ètu dꞌara oka. Ladhe miu tao sèmi èèna, miu bèli-camèdꞌa madhe.' "" Èle èèna ka, bhèni Èmu Kapua Manèngi-Mangajꞌi peka dènge naga, aku nèngu na, ""Ama Lamatua peka na, 'Miu baku raꞌa nèti ajꞌu èèna, aa baku gꞌagꞌa nèti ajꞌu èèna, sèna ka miu madhe.'"
GEN 3:4,"you certainly won't die, the serpent told eve.","te ngaa mege na dhaa, aku nèngu na, waa! sèmi boe èèna! miu se madhe boe!","Èle èèna ka, naga ne peka dènge Hawa, na, èu bèli-camèdꞌa bèli-camèdꞌa madhe boe."
GEN 3:5,"it's because god knows that as soon as you eat it, you'll see things differently, and you'll be like god, knowing both what is good and what is evil.","ama lamatua mema kai tare'a sèmi èèna, lula dhu ne'a le, ladhe mi'e hua aaj'u èèna, miu j'aj'i d'èlu-mèu sèmi nèngu. ho èèna na me'a mia dhu be'a, aa mia dhu karehe.","te Ama Lamatua neꞌa le, na, lodꞌo miu raꞌa, bèli-camèdꞌa miu ladhe mèdhi aaꞌi mèu-mèu, miu jꞌajꞌi sama sèmi Ama Lamatua, aa meꞌa le dhu beꞌa dènge dhu bhelu-katubꞌa."""
GEN 3:6,"eve saw that the fruit of the tree appeared good to eat. it looked very attractive. she really wanted it so she could become wise. so she took some of its fruit and ate it, and she gave some to her husband, who was with her, and he ate it too.","aa bhèni ne ladhe na aj'u ne be'a titu kèna, dènge hua na ele boe kee. na ngee, ladhe ja'a ku'a hua aj'u ne'e, ja'a d'èlu-mèu. hèia puu nare ka hua aj'u èèna, ka na'e. na'e nare, nèti hia dhèu èmu na, ka na'a kahèi.","Èle èèna ka, bhèni Hawa ladhe nèdhi, na, ajꞌu èèna beꞌa, sèna ka naꞌa. Nèti ajꞌu ne, nèngu dꞌèlu-mèu, sèna ka jꞌajꞌi dhèu aaꞌi-aaꞌi. Hèia naꞌa ajꞌu èèna, ka naꞌa. Èle èèna ka, na hia dhèu èmu na, ho naꞌa. Ka dhèu èmu na, hèia naꞌa kahèi."
GEN 3:7,immediately they saw everything differently and realized they were naked. so they sewed fig leaves together to cover themselves up.,"ra'a rare ka, heka re'a na rèngu dhu pake boe mèdha dhu hutu ua rèngu. nèti èèna ka, ra lui rèu aj'u ho pa'abhe era makae rèngu.","Èle èèna ka, ana madhutu Yesus ladhe rèdhi aaꞌi-aaꞌi ra. Ka ra reꞌa, na, Yesus dènge ana madhutu Na dènge boe mèdha-panyau. Hèia ra kèpe èi ajꞌu èci dènge èci."
GEN 3:8,later they heard the lord walking in the garden in the evening when the breeze was blowing. adam and eve went and hid out of sight of the lord god among the trees of the garden.,"d'ai lod'o nihia, dua ra tadèngi lii core haga ama lamatua ètu d'ara oka èèna. ka dua ra rai lasi lu'u asa ca bèka aj'u, sèna ka lamatua baku nèdhi si.","Èle èèna ka, dua ra tadèngi Ama Lamatua kako ètu dꞌara dꞌara oka. Ropa dꞌai madha lodꞌo èèna, dꞌai madha lodꞌo èèna, dꞌai madha lodꞌo èèna, dꞌai madha lodꞌo èèna, dꞌai madha lodꞌo èèna, dꞌai madha lodꞌo èèna, dꞌai madha lodꞌo èèna, dꞌai madha lodꞌo èèna, dꞌai madha lodꞌo èèna, dꞌai madha ajꞌu ètu dꞌara oka."
GEN 3:9,"the lord god called out to adam, where are you?","te ngaa ama lamatua paroa mi dhèu mone èèna, aku nèngu na, adam! èu ètu mia?","Lamatua paroa Adam, peka na, ""Èu ètu mia?"""
GEN 3:10,"i heard you walking in the garden and i was afraid because i was naked, so i hid, he replied.","hèia mone na dhaa, ja'a tadèngi lii lamatua ètu ne'e. te ngaa ja'a makae, lula ja'a pake boe mèdha ètu ua. nèti èèna ka, ja'a rai pahuni iisi.","Hèia na dhaa, aku nèngu na, ""Jaꞌa tadèngi èu kako ètu dꞌara dꞌara dꞌara oka. Ka jaꞌa madhaꞌu, lula jaꞌa dènge boe mèdha-panyau. Nèti èèna ka, jaꞌa pakabꞌua."""
GEN 3:11,who told you that you were naked? asked the lord god. did you eat fruit from the tree i ordered you not to?,"ka lamatua peka na, cee ka dhu peka, na èu dhu pake boe mèdha-papake? de tasamia? tatu èu mu'a le hua aj'u dhu ja'a kai na, sina ma?","Cee ka dhu peka dènge èu, na, èu dènge boe mèdha-panyau? ""Jaꞌa peka dènge èu, peka na, 'Èu bisa boe raꞌa nèti ajꞌu dhu Jaꞌa peka le dènge èu, do?'"
GEN 3:12,"it was the woman you gave me who gave me the fruit from the tree, and i ate it, adam replied.","ka na b'ala, peka na, bhèni dhu èu hia ho pa'anga dènge ja'a èèna, ka dhu hia ja'a ku'a!","Hèia Adam dhaa, aku nèngu na, ""Bèli-camèdꞌa dhèu bhèni dhu Ama hia jaꞌa, nèngu ka dhu hia jaꞌa ajꞌu ne, hèia jaꞌa naꞌa."""
GEN 3:13,"the lord god asked eve, why have you done this? the serpent tricked me, and so i ate it, she replied.","hèia ama lamatua peka dènge bhèni na, aku nèngu na, nga tao ka, èu ad'u madha j'ara èèna? ka bhèni ne dhaa, peka na, te mege ne ka dhu ag'o ja'a! nèti èèna ka, ja'a ku'a.","ka Lamatua peka dènge Hawa, aku nèngu na, ""Nga tao ka èu tao sèmi neꞌe?"" Hèia na dhaa, aku nèngu na, ""Ladhe èu tao sèmi èèna, hèia jaꞌa raꞌa."" Hèia na dhaa, aku nèngu na, ""Ladhe èu tao sèmi èèna, nga tao ka èu tao sèmi èèna?"""
GEN 3:14,"then the lord god told the serpent, because of what you've done, you are cursed more than any of the other animals. you will slide along on your belly and eat dust as long as you live.","èle èèna ka, ama lamatua dhoo mege èèna, aku nèngu na, ja'a huku èu, lula tatao èu. nèti badha aa'i-aa'i, dhoka èu di dhu abhu huku sèmi ne'e. mulai nèti deo ne'e toke èu madhe, èu dhoka rod'o dènge kakara, aa mu'a ètu rai di.","Èle èèna ka, Lamatua peka dènge naga ne, aku Nèngu na, ""Ladhe èu tao sèmi èèna, èu jꞌajꞌi dhèu pahaha iisi nèti badha aaꞌi-aaꞌi ètu rai-haha ne, lula èu tao sèmi èèna, èu jꞌajꞌi dhèu pahaha iisi nèti badha aaꞌi-aaꞌi ètu rai-haha ne."
GEN 3:15,"i will make sure you and your children, and the woman and her children, are enemies. one of her children will crush your head, and you will strike his heel.","ja'a tao sèna ka, èu loe boe pamusu dènge bhèni ne. aa ana-èpu miu dua mi sèmi èèna kahèi. ana-èpu èu, èèna na kadhi hui tèdhu dhèu. te ngaa ca dhèu nèti ana-èpu bhèni ne, èèna na dhedhe palaho kètu èu.","Èèna na, Jaꞌa tao èu jꞌajꞌi musi madha èu, dènge ana-èpu èu, dènge ana-èpu èèna. Èèna na, ca dhèu nèti ana-èpu èèna jꞌajꞌi musi madha èu, aa èu jꞌajꞌi musi madha ana-èpu èèna."
GEN 3:16,"he told eve, i will make pregnancy much more difficult, and giving birth will be very painful. however, you will still desire your husband, but he will have control over you.","èle èèna ka, ama lamatua peka dènge bhèni ne, èèna na, ja'a pasusa tabha èu, ropa èu dènge babia; lod'o mora iisi, èu asa tabha j'èra. masi ka sèmi èèna, d'ara èu d'èi taruu dhèu èmu èu, aa nèngu ka dhu ator èu.","Hèia na peka dènge Hawa, aku nèngu na, ""Bèli-camèdꞌa jaꞌa jꞌajꞌi dhèu èmu, aa jaꞌa jꞌajꞌi dhèu dhu jꞌajꞌi dhèu èmu-kamali. Aa jaꞌa jꞌajꞌi dhèu dhu jꞌajꞌi dhèu dhu jꞌajꞌi dhèu èmu-kamali èu. Te ngaa jaꞌa jꞌajꞌi dhèu dhu jꞌajꞌi dhèu èmu-kamali èu. Aa jaꞌa jꞌajꞌi dhèu dhu jꞌajꞌi dhèu èmu-kamali èu. Te ngaa jaꞌa jꞌajꞌi dhèu dhu jꞌajꞌi dhèu èmu-kamali èu."
GEN 3:17,"he told adam, because you did what your wife told you, and ate fruit from the tree after i ordered you, ‘don't eat fruit from this tree, ' the ground is now cursed because of you. you will have to work painfully hard to grow food from it throughout your whole life.","ka ama lamatua peka dènge mone ne, èu madhutu boe lii paredha ja'a, te ngaa èu nanene dhoka lii dhèu èmu èu di, ka èu mu'a hua aj'u dhu ja'a kai èèna. nèti èèna ka, èu abhu huku kahèi. aa rai lèke huku kahèi. nèti deo ne'e, toke d'ai èu madhe, hud'i èu kabèli rai, heka èu abhu nganga'a kèna. dènge sab'a bia sèmi ne'e ka, èu heka mamuri kèna.","Ka Lamatua peka dènge Adam, aku Nèngu na, 'Ladhe èu tao madhutu lii paredha dhèu èmu èu, èu tao madhutu dadꞌèi dhèu èmu èu, hèia èu naꞌa nèti ajꞌu dhu Jaꞌa peka dènge èu, na, 'Èu baku naꞌa nèti ajꞌu ne.' Nèti èèna ka, Ama Lamatua hagꞌe nare le rai, lula èu tao sèmi èèna. Èu hudꞌi sabꞌa-sabꞌa ètu rai-haha ne, toke dꞌai mamuri èu."
GEN 3:18,"it will grow thorns and thistles for you, and you will have to eat wild plants.","masi ka èu sèle rupa-rupa hini èèna ka, te ngaa dhu muri mai dhodhoka dhudhu-sete di.",Rèngu aaꞌi-aaꞌi ra jꞌajꞌi aaꞌi-aaꞌi ra jꞌajꞌi aaꞌi-aaꞌi ra. Rèngu aaꞌi-aaꞌi ra jꞌajꞌi aaꞌi-aaꞌi ra. Rèngu aaꞌi-aaꞌi ra jꞌajꞌi aaꞌi-aaꞌi ra. Rèngu aaꞌi-aaꞌi ra jꞌajꞌi aaꞌi-aaꞌi ra. Rèngu aaꞌi-aaꞌi ra jꞌajꞌi aaꞌi-aaꞌi ra. Rèngu aaꞌi-aaꞌi ra jꞌajꞌi aaꞌi-aaꞌi ra. Rèngu aaꞌi-aaꞌi ra jꞌajꞌi aaꞌi-aaꞌi ra.
GEN 3:19,you will have to sweat to grow enough food to eat until you die and return to the ground. for you were made from dust and you will return to dust.,"hud'i èu èi kabhèsu haa ku, heka rai hia èu nganga'a kèna. èu hud'i sab'a bia sèmi èèna ku, toke d'ai lod'o èu madhe. èu ne, ja'a paj'aj'i nèti rai. de ladhe èu madhe, èu j'aj'i hari rai.","Lodꞌo èu madhe, èu lèpa hari asa rai-haha. Te èu jꞌajꞌi le kapodꞌe-kabèli èu, aa èu lèpa hari asa rai-haha. Te èu jꞌajꞌi le kapodꞌe-kabèli èu, lula èu jꞌajꞌi le kapodꞌe-kabèli èu. Te èu jꞌajꞌi le kapodꞌe-kabèli èu, lula èu jꞌajꞌi le kapodꞌe-kabèli èu, lula èu jꞌajꞌi le kapodꞌe-kabèli èu. Te èu jꞌajꞌi le kapodꞌe-kabèli èu, lula èu jꞌajꞌi le kapodꞌe-kabèli èu."
GEN 3:20,"adam named his wife eve, because she was to be the mother of all human beings.","èle èèna ka, adam pangare dhèu èmu na ‘hawa' dhu sasoa na ‘dhu mamuri', te nèngu ka j'aj'i ina nèti dhèu dhu mamuri aa'i-aa'i.","Èle èèna ka, Adam paroa dhèu èmu na, Hawa. Nèti èèna ka, dhèu aaꞌi-aaꞌi dhu mamuri ètu rai-haha ne jꞌajꞌi dhèu aaꞌi-aaꞌi."
GEN 3:21,the lord god made adam and eve clothes from animal skins and dressed them.,"hèia ama lamatua tao mèdha-papake nèti ka'uri badha, ka papake dua ra.","Èle èèna ka, Lamatua pajꞌajꞌi Adam dènge Hawa dènge mèdha-papake nèti badha badha aaꞌi-aaꞌi, sèna ka ra pakabꞌua si. Èle èèna ka, Lamatua pajꞌajꞌi Adam dènge Hawa dènge mèdha-papake nèti badha badha aaꞌi-aaꞌi, hèia Lamatua pajꞌajꞌi si dènge mèdha-papake nèti badha badha aaꞌi-aaꞌi."
GEN 3:22,"then the lord god observed, look, the human beings have become like one of us, knowing both what is good and what is evil. now if they take the fruit from the tree of life and eat it, then they'll live forever!","ka ama lamatua peka, limuri ne, dhèu re'a le, mia dhu be'a dènge mia dhu karehe, sèmi èdhi kahèi. de mage dhoka, rèngu ra'a hua aj'u dhu èci hari na, dhu hia mamuri taa-taa.","Èle èèna ka, Lamatua peka, aku Nèngu na, ""Ladhe dhèu rai-haha jꞌajꞌi sama sèmi èdhi, aa reꞌa le dhu beꞌa dènge dhu bhelu-katubꞌa. De ladhe rèngu raꞌa nèti ajꞌu dhu hia mamuri, pe rèngu abhu mamuri dhu maꞌète boe."""
GEN 3:23,so the lord god expelled them from the garden of eden. he sent adam to cultivate the ground from which he'd been made.,"èle èèna ka, na babèga eele si nèti d'ara oka eden èèna, ho lasi asa era leo, sèna ka ra mamuri dènge sab'e oka-tedhe. lula dhèu j'aj'i nèti rai, de mamuri kahèi nèti rai.","Èle èèna ka, Lamatua babège eele dhèu aae dua sèra nèti dꞌara oka Eden. Hèia Na pua Adam laꞌe sabꞌa ètu dꞌara oka."
GEN 3:24,"after he drove them out, the lord god placed on the east side of the garden of eden angels and a sword that flashed in every direction. they were to prevent access to the tree of life.","babège nare si, ka lamatua paredha ana pajuu na nèti sorga, dhu dènge èla, ho lasi j'aga oka èèna re ca bèka dhimu. rèngu dènge samala dhu heo ha'a-ha'a, dhu seru la'e-mai. lamatua pua si bèdho eele j'ara la'e sa d'ara, te nèngu d'èi boe dhèu puu rare hua aj'u dhu hia ra mamuri taa-taa èèna.","Èle èèna ka, Ama Lamatua babège eele aaꞌi-aaꞌi ra nèti dꞌara oka èèna. Hèia Na pajꞌujꞌu ana pajuu Ama Lamatua nèti sorga, ho raꞌa aaꞌi-aaꞌi nèti ajꞌu aaꞌi-aaꞌi dhu hia mamuri. Na pajꞌujꞌu ana pajuu Na nèti sorga, sèna ka raꞌa aaꞌi-aaꞌi nèti ajꞌu aaꞌi-aaꞌi dhu hia mamuri."
GEN 4:1,"adam slept with his wife eve and she became pregnant. she gave birth to cain, and said, with the lord's help i have made a man.","hèia adam j'unu dènge dhèu èmu na, hawa. ka bhèni ne dènge babia. hèia nara iisi ana mone ca dhèu. ka na peka, aku nèngu na, ja'a abhu le ana mone ca dhèu, lula ama lamatua soru nare le ja'a. ka na pangare ana ne, kaen dhu sasoa na ‘abhu'.","Èle èèna ka, Adam nara iisi dènge Hawa, dhèu èmu na. Èle èèna ka, na nara iisi Kain. Hèia Adam peka, aku nèngu na, ""Ama Lamatua ka dhu hia jaꞌa jꞌajꞌi dhèu mone."""
GEN 4:2,"later she gave birth to his brother abel. abel became a shepherd, while cain was a crop farmer.","hèia hawa nara iisi hari ana mone èci. ka na pangare ne habel. dua ra kapai ka, habel j'aj'i dhèu madhenge badha. aa a'a na kaen, sab'a oka-tedhe.","Èle èèna ka, Abel jꞌajꞌi dhèu madhenga kahibꞌi-kalèbho. Caen jꞌajꞌi dhèu sabꞌa oka."
GEN 4:3,sometime later cain brought some of the produce he'd grown as an offering to the lord.,"ca lod'o, kaen nèti isi rai na cahag'e, ka hia lamatua.","Èle èèna ka, Kain hia mèdha-panyau na sèna ka jꞌajꞌi korban mi Lamatua. Nèti èèna ka, Kain hia mèdha-panyau na sèna ka jꞌajꞌi korban mi Lamatua. Nèti èèna ka, Kain hia mèdha-panyau na sèna ka jꞌajꞌi korban mi Lamatua. Nèti èèna ka, Kain hia mèdha-panyau na sèna ka jꞌajꞌi korban mi Lamatua. Nèti èèna ka, Kain hia mèdha-panyau na sèra kahibꞌi-kalèbho mi Lamatua. Nèti èèna ka, cahagꞌe kahibꞌi-kalèbho kahibꞌi-kalèbho kahibꞌi-kalèbho kahibꞌi-kalèbho kahibꞌi-kalèbho kahibꞌi-kalèbho kahibꞌi-kalèbho kahibꞌi-kalèbho kahibꞌi-kalèbho."
GEN 4:4,"abel also brought an offering: the firstborn lambs of his flock, selecting the very best parts to offer. the lord was pleased with abel and his offering,","habel nèti ana-ana uuru kahib'i-kalèbho na. na roro kahib'i-kalèbho se, ka nèti sisi dhu be'a hia lamatua. d'ara ama lamatua karej'e ropa ladhe nèdhi korban nèti habel ne.","Èle èèna ka, Habel dedꞌe ana kahibꞌi-kalèbho na, ca ana kahibꞌi-kalèbho nèti kahibꞌi-kalèbho na. Habel dedꞌe ana kahibꞌi-kalèbho nèti kahibꞌi-kalèbho na, kahibꞌi-kalèbho nèti kahibꞌi-kalèbho na, kahibꞌi-kalèbho nèti kahibꞌi-kalèbho na. Èle èèna ka, Ama Lamatua sèmi nare Habel."
GEN 4:5,"but he wasn't pleased with cain and his offering, which made cain very angry and he frowned in annoyance.","te ngaa na d'èi boe korban unu kaen. hèia kaen nasa bia, ka rèhu na mare boe.","Te ngaa Ama Lamatua karejꞌe boe Kain dènge korban na. Nèti èèna ka, Kain nasa aaꞌi-aaꞌi ra. Hèia Ama Lamatua paꞌele iie ngiꞌu na, toke dꞌara na karejꞌe aaꞌi-aaꞌi ra. Nèti èèna ka, Ama Lamatua paꞌele iie ngiꞌu na dènge kahibꞌi-kalèbho na, kahibꞌi-kalèbho na kahibꞌi-kalèbho na, kahibꞌi-kalèbho na kahibꞌi-kalèbho na, kahibꞌi-kalèbho na kahibꞌi-kalèbho na, kahibꞌi-kalèbho na, kahibꞌi-kalèbho na kahibꞌi-kalèbho na, kahibꞌi-kalèbho na kahibꞌi-kalèbho na kahibꞌi-kalèbho."
GEN 4:6,"the lord said to cain, why are you so angry? why do you look so annoyed?","ka lamatua lii dènge kaen, aku nèngu na, kaen! nga tao ka èu nasa sèmi èèna, ka rèhu èu mare boe?","Hèia Lamatua peka dènge Kain, aku Nèngu na, ""Nga tao ka èu paꞌele iie? Nga tao ka dꞌara èu paꞌele iie?"
GEN 4:7,"if you were doing what's right, then you'd be looking happy. but if you don't do what's right, then sin will be like an animal crouching outside your home, ready to pounce on you. it wants to have you, but you must be the one in control.","ladhe tatao èu be'a, na ja'a sèmi èu dènge hua iia. de mu pangee uuru ku! ladhe èu tao bhelu, na bhabhelu èèna na'e hari èu, sama sèmi meo neo pacèli maraho. de sèmi èu neo tao bhabhelu, be'a risi core eele ka!","Te ngaa ladhe miu tao jꞌara dhu lèke, bèli-camèdꞌa dꞌara miu karejꞌe. Te ngaa ladhe miu tao jꞌara dhu lèke, bèli-camèdꞌa dꞌara miu jꞌajꞌi dhèu bhelu-katubꞌa, nuka sèmi badha dhu madhèdi ètu liꞌu. Nèti èèna ka, bèli-camèdꞌa badha bhelu-katubꞌa neo pahaha iisi mi miu, te ngaa miu hudꞌi jꞌajꞌi dhèu bhelu-katubꞌa."
GEN 4:8,"later, when cain was talking with his brother abel they went out into the fields where cain attacked his brother and killed him.","ca tèka, kaen gale habel, na peka na, mai lati ngad'o oka, we. ropa dua ra d'ai d'ara oka, kaen kalabhe pamadhe ari na.","Èle èèna ka, Kain padhai lii dènge aꞌari na Habel. Ka dua ra kalua asa dꞌara padètu èèna, ka lasi pamadhe aꞌari na."
GEN 4:9,where is your brother abel? the lord asked cain. how should i know? he replied. am i supposed to be my brother's care-giver?,"ka lamatua karèi kaen, aku nèngu na, kaen! ari mu ka mia? hèia kaen dhaa, aku nèngu na, ja'a ke'a boe na ètu mia! èu ngee na, ja'a dhèu kèpe haga na, do?","Hèia Ama Lamatua karèi Kain, aku Nèngu na, ""Abel ètu mia?"" Ka Kain dhaa, aku nèngu na, ""Sèmi neꞌe! Jaꞌa hudꞌi jꞌaga aꞌari jaꞌa, do?"""
GEN 4:10,what have you done? the lord asked. your brother's blood is crying out to me from the ground.,"ka lamatua b'ala, nga tao ka èu bhelu sèmi èèna? baku pangee na, èu pahuni more le raa ari èu ètu d'ara rai, te ja'a dhu kèdhi aa'i-aa'i le!","Hèia Lamatua karèi ne, aku Nèngu na, ""Nga tao ka èu tao sèmi èèna? Dhèu èci èèna ka dhu pahaha iisi mi Jaꞌa, lula èu pahaha iisi nèti aꞌari èu. Te ngaa èu pahaha iisi nèti aꞌari èu, lula èu pahaha iisi nèti aꞌari èu. Te ngaa èu pahaha iisi nèti aꞌari èu, lula èu pahaha iisi nèti aꞌari èu. Te ngaa èu pahaha iisi nèti aꞌari èu, lula èu pahaha iisi nèti aꞌari èu."""
GEN 4:11,consequently you are more cursed than the ground because you soaked it with your brother's blood.,"de lii dhoo lèke le mi dedha èu. lod'o èu pamadhe ari èu, rai sakid'o nare raa na. de limuri ne, rai bisa heka nèti mamuri mi èu.","Nèti èèna ka, èu jꞌajꞌi ana iiki èu, ka èu jꞌajꞌi ana iiki èu. Nèti èèna ka, èu jꞌajꞌi ana iiki èu, ka èu jꞌajꞌi ana iiki èu. Èu jꞌajꞌi ana iiki èu, ka èu jꞌajꞌi ana iiki èu, ka èu jꞌajꞌi ana iiki èu, ka èu jꞌajꞌi ana iiki èu, ka èu jꞌajꞌi ana iiki èu, ka èu jꞌajꞌi ana iiki èu."
GEN 4:12,"when you cultivate the ground, it won't produce crops for you. you'll be always on the run, wandering all over the earth.","de ladhe èu sab'a oka-tedhe, rai ne hia heka èu ngaa-ngaa. nèti deo ne'e, èu lu'u sa haa-sa dhimu, sèmi dhèu dhu dènge boe era paleo-palu'u.","ladhe dhèu sabꞌa ètu dꞌara oka na, na, ètu dꞌara oka na, abhu boe hua-hela. Ètu dꞌara oka na, ètu dꞌara oka na, abhu heka ca dhèu sa. Ètu dꞌara oka na, ètu dꞌara oka na, ètu dꞌara oka na, ètu dꞌara oka na, ètu dꞌara oka na, ètu dꞌara oka na, ètu dꞌara oka na, ètu dꞌara oka na, ètu dꞌara oka na, ètu dꞌara oka na."
GEN 4:13,"my punishment is more than i can take, cain replied.","te ngaa kaen b'ala lamatua, aku nèngu na, haii! ama lamatua, ee! lamatua dhoo ja'a bia titu kèna, de ja'a pasae mèke boe nga.","Hèia Kain dhaa, aku nèngu na, ""Jaꞌa abhu huku dhu kapai risi nèti jaꞌa. Jaꞌa abhu huku dhu kapai risi nèti jaꞌa. Jaꞌa abhu huku dhu kapai risi nèti jaꞌa. Jaꞌa abhu huku dhu kapai risi nèti jaꞌa. Jaꞌa abhu huku dhu kapai risi nèti jaꞌa. Jaꞌa abhu huku dhu kapai risi nèti jaꞌa. Jaꞌa abhu huku dhu kapai risi nèti jaꞌa. Jaꞌa abhu huku dhu kapai risi nèti jaꞌa."
GEN 4:14,"look! you're driving me away right now-cursing the ground and banishing me from your presence. i'm going to have to hide and always be on the run, left to wander all over the earth. anyone who finds me is going to kill me!","lula lamatua bège eele ja'a nèti era ne'e, ja'a kaj'èu nèti ama lamatua. ja'a kako lole-laa asa mia-mia. de ladhe paraga dènge dhèu, èèna na ra pamadhe ja'a.","Ladhe sèmi èèna, dhèu aaꞌi-aaꞌi ra babège eele jaꞌa nèti madha Ama Lamatua. Dhèu aaꞌi-aaꞌi ra babège eele jaꞌa nèti madha Ama Lamatua. Dhèu aaꞌi-aaꞌi ra babège eele jaꞌa nèti madha Ama Lamatua. Aa dhèu aaꞌi-aaꞌi ra babège eele jaꞌa nèti madha Ama Lamatua. Aa dhèu aaꞌi-aaꞌi ra babège eele jaꞌa nèti madha Ama Lamatua. Aa dhèu aaꞌi-aaꞌi ra babège eele jaꞌa nèti madha Ama Lamatua. Aa dhèu aaꞌi-aaꞌi ra pamadhe jaꞌa."
GEN 4:15,"but the lord replied, no, cain. anyone who kills you will be punished seven times over. the lord placed a mark on cain so that no one who came across him would kill him.","te ngaa lamatua dhaa na, aad'o sèmi èèna! dhèu cee dhu pamadhe èu, èèna na ja'a huku ne, babia na pidhu hari risi nèti èu. hèia lamatua tao tadha mi kaen, sèna ka dhèu re'a ho baku pamadhe ne.","Te ngaa Lamatua dhaa, aku Nèngu na, ""Aadꞌo, Kain! Ladhe abhu ca dhèu dhu pamadhe èu, bèli-camèdꞌa Ama Lamatua huku ne pidhu hari."" Hèia Lamatua dedꞌe cagꞌagꞌa Kain, sèna ka dhèu aaꞌi-aaꞌi bisa boe pamadhe ne."
GEN 4:16,"so cain left the lord's presence and went to live in a land called nod, east of eden.","hèia kaen tèke eele dènge era èèna. la'e pakaj'èu nèti lamatua, asa era èci, ètu bèka dhimu oka eden. era ne'e, ngara na nod dhu sasoa na, ‘lole-laa'. ka na pea ètu era èèna.","Èle èèna ka, Kain kalua nèti madha Ama Lamatua, laꞌe pea ètu rai èci, ngara na Nod, ètu sebhe rai Eden."
GEN 4:17,"cain slept with his wife and she became pregnant. she had a son named enoch. at that time cain was building a town, so he named it after his son enoch.","hèia kaen leo-èmu, ka dhèu èmu na dènge babia. ka nara iisi ana mone ca dhèu, dhu pangare na henok. hèia kaen patitu rae cue, ngara na henok, madhutu ngara ana na.","Èle èèna ka, Kain pajꞌujꞌu dènge dhèu èmu na. Ka bhèni ne jꞌajꞌi dhèu èmu-kamali. Ka bhèni ne nara iisi ana mone, ngara na Henok."
GEN 4:18,"enoch had a son named irad. irad was the father of mehujael, mehujael was the father of methushael, and methushael was the father of lamech.","ka henok matana irad. hèia irad matana mehuyael. mehuyael matana metusael. aa ana metusael, lamek.","Enok abhu ana mone èci, ngara na Irad. Irad abhu Mehual. Mehual abhu Metusela. Metusela abhu Lamek."
GEN 4:19,"lamech married two women. the first was named adah, and the second was named zillah.","dhèu èmu lamek, dhèu dua. èci ngara na ada, aa ca dhèu hari, ngara na sila.","Èle èèna ka, Lamek abhu dhèu bhèni dua. Ngara dhèu èci, Adah, aa ngara dhèu kapai, Zillah."
GEN 4:20,adah had a son named jabal. he was the father of those who live in tents and have livestock.,"ana ada, ngara na yabal. ana-èpu na, j'aj'i dhèu piara badha. mamuri ra ètu boe ca era, aa ra pea dhoka ètu d'ara paleo di.","Adah abhu ana mone, ngara na Jabal. Nèngu ne, ama dhèu aaꞌi-aaꞌi dhu pea ètu dꞌara hèbꞌa dènge kahibꞌi-kalèbho."
GEN 4:21,he had a brother named jubal; he was the father of all those who play stringed and wind instruments.,"ari yabal, ngara na yubal. ana-èpu yubal, j'aj'i dhèu gai sasadhu, dènge tiu sakino.","dènge ari na, ngara na Yubal. Nèngu jꞌajꞌi ama nèti dhèu aaꞌi-aaꞌi dhu tadèngi lii sodꞌa aaꞌi-aaꞌi dhu tadèngi lii sodꞌa aaꞌi-aaꞌi dhu tadèngi lii sodꞌa aaꞌi-aaꞌi dhu tadèngi lii sodꞌa aaꞌi-aaꞌi dhu tadèngi lii sodꞌa aaꞌi-aaꞌi dhu tadèngi lii sodꞌa aaꞌi-aaꞌi dhu tadèngi lii sodꞌa aaꞌi-aaꞌi dhu tadèngi lii sodꞌa aaꞌi-aaꞌi dhu tadèngi lii sodꞌa aaꞌi-aaꞌi dhu tadèngi lii sodꞌa aaꞌi-aaꞌi."
GEN 4:22,"zillah also had a son. he was named tubal-cain and he was a blacksmith, making different kinds of tools out of bronze and iron. tubal-cain's sister was named naamah.","dhèu èmu lamek èci hari, sila, nara iisi tubal kaen. ana-èpu na j'aj'i tuka bèsi, ka ra tuku mèdha ae-ae tao nèti bèsi, dènge tabaga. ana hèni tubal kaen, ngara na na'ama.","Zillah abhu kahèi ana mone èci, ngara na Tubal-Kain. Nèngu ne, dhèu sabꞌa dhu sabꞌa nèti bèdho dènge bèdho. Abhu kahèi ana mone èci, ngara na Naama. Nèngu ne, dhèu sabꞌa dhu sabꞌa nèti bèdho dènge bèdho."
GEN 4:23,"at one time lamech told his wives, adah and zillah, listen to me. you wives of lamech, pay attention to what i have to say. i killed a man because he wounded me; i killed a young man because he injured me.","ca tèka, lamek padedha iisi na ètu madha dhèu èmu dua ra, peka na, mi nanene, ee! deo na, ana mone ngèru èci neo game ja'a. te ngaa ja'a dhadhedhe ne, toke madhe.","Ètu dꞌara lodꞌo èèna, Lamatua peka dènge dhèu èmu-kamali na, aku nèngu na, ""Hudꞌi laa! Miu aaꞌi-aaꞌi mi Lamatua! Miu aaꞌi-aaꞌi mi tadèngi lii padhai jaꞌa ne. Jaꞌa pamadhe dhèu èci, lula nèngu pamadhe jaꞌa. Jaꞌa pamadhe dhèu èci, lula nèngu pamadhe jaꞌa."
GEN 4:24,"if the sentence for killing cain was to be punished seven times over, then if someone kills me, lamech, the punishment should be seventy-seven times.","dhèu dhu pamadhe kaen, abhu huku pidhu hari. te ngaa cee ka dhu neo b'ala ho pamadhe ja'a, abhu huku pidhu nguru pidhu hari.","bèli-camèdꞌa dhèu dhu pamadhe jaꞌa, Lamek, èu hudꞌi huku jaꞌa pidhu nguru nguru nguru hari, te ngaa èu hudꞌi huku jaꞌa pidhu nguru nguru hari."
GEN 4:25,"adam slept with his wife again, and she had a son and named him seth, explaining that, god has given me another child to replace abel, the one cain killed.","ka hawa nara iisi hari ana mone ca dhèu. hèia ra pangare ne, set dhu sasoa na, ‘hia', lula aku hawa na, ama lamatua hia ja'a ana ne, sèna ka gati madha habel, dhu kaen pamadhe ne.","Èle èèna ka, Adam jꞌajꞌi hari dènge dhèu èmu na, ka na nara iisi ana mone ca dhèu. Ka na pangare ne, Seth, lula na peka na, ""Ama Lamatua hia jaꞌa ana mone ca dhèu leo ca dhèu ho jꞌajꞌi dhèu aae Habel. Te ngaa ca dhèu aae Kain ka dhu pamadhe ne."""
GEN 4:26,"later seth had a son named enosh, because at that time people began to worship the lord by name.","pe d'ai nèbhu ku, set abhu ana mone ca dhèu, dhu pangare na enos. tèu èèna, dhèu mulai manèngi-mangaj'i mi ama lamatua.","Èle èèna ka, Seth abhu ana mone èci, ngara na Enos. Lodꞌo èèna, dhèu aaꞌi-aaꞌi paꞌèki dènge Ama Lamatua."
GEN 5:1-2,"this is the record of adam's descendants. when god created human beings, he made them to be like him. he created them male and female, and blessed them. on the day he created them he called them human.","lod'o ama lamatua paj'aj'i dhèu rai-haha, na tao si sama sèmi rupa nèngu. na paj'aj'i si, dhèu mone dènge dhèu bhèni. ka na pangare si ‘dhèu rai-haha', aa na hia si berkat. dhèu dhu uru, ngara na adam. ana-èpu adam, nuka sèmi ne'e ka:","Nèti uru ka, Ama Lamatua pajꞌajꞌi dhèu rai-haha, nuka sèmi Ama Lamatua pajꞌajꞌi dhèu rai-haha, nuka sèmi Ama Lamatua. Na pajꞌajꞌi dhèu rai-haha, dhèu mone dènge dhèu bhèni. Hèia Na pahaha iisi si, aku Nèngu na, ""Dhèu rai-haha!"""
GEN 5:3,"when adam was 130, he had a son who was like him, made in his image; and he named him seth.","lod'o adam d'ai ca ngasu tèlu nguru tèu, na matana ana mone ca dhèu, dhu rèhu na nare adam. ka pangare na, set.","Èle èèna ka, Adam abhu lodꞌo canguru èpa lodꞌo èèna. Èle èèna ka, Adam nara iisi ana mone ca dhèu. Ana ne, Ama Lamatua pajꞌajꞌi èci-èci dènge Ama Lamatua. Nèti èèna ka, Adam hagꞌe nare ana ne, ngara na Set."
GEN 5:4,"adam lived another 800 years after seth was born, and had other sons and daughters.","ka adam mamuri hari d'ai aru ngasu tèu, hèia na abhu hari ana mone dènge ana bhèni.","Èle èèna ka, Adam mamuri toke dꞌai 800 tèu. Èle èèna ka, Adam nara iisi ana mone dènge ana bhèni."
GEN 5:5,"adam lived a total of 930 years, and then he died.","umur adam ceo ngasu tèlu nguru tèu, heka madhe kèna.","Èle èèna ka, Adam mamuri toke dꞌai nèi nguru tèu nguru tèu nguru tèu. Hèia na madhe."
GEN 5:6,"when seth was 105, he had enosh.","lod'o set d'ai ca ngasu lèmi tèu, na abhu ana mone ca dhèu, ngara na enos.","Lodꞌo Seth umur canguru nguru nguru nguru èpa, nèngu abhu ana, ngara na Enos."
GEN 5:7,"seth lived another 807 years after enosh was born, and had other sons and daughters.","ka set mamuri hari d'ai aru ngasu pidhu tèu, na abhu hari ana mone dènge ana bhèni.","Èle èèna ka, Seth mamuri heka dꞌai èpa nguru nguru nguru nguru dua nguru tèu. Èle èèna ka, Seth abhu hari ana-èpu dènge ana-èpu na."
GEN 5:8,"seth lived a total of 912 years, and then he died.","umur set ceo ngasu canguru dua tèu, heka madhe kèna.","Èle èèna ka, Seth pea ètu rai-haha ne, nèti èèna ka, nèngu madhe. Nèti èèna ka, nèngu pea ètu rai-haha ne, nèti èèna ka, nèngu pea ètu rai-haha ne. Nèti èèna ka, nèngu pea ètu rai-haha ne. Nèti èèna ka, nèngu pea ètu rai-haha ne, nèti èèna ka, nèngu pea ètu rai-haha ne. Nèti èèna ka, nèngu mamuri nèti èèna ka, nèti èèna ka, nèti èèna ka, nèngu madhe."
GEN 5:9,"when enosh was 90, he had kenan.","lod'o enos mamuri d'ai ceo nguru tèu, na matana ana mone ca dhèu, ngara na kenan.","Lodꞌo Enos umur nèbhu-nèbhu, na abhu kahèi ana-èpu na, ngara na Kenan."
GEN 5:10,"enosh lived another 815 years after kenan was born, and had other sons and daughters.","ka enos mamuri hari d'ai aru ngasu canguru lèmi tèu, na abhu hari ana mone dènge ana bhèni.","Èle èèna ka, Enos mamuri èpa nguru tèu nguru nguru nguru tèu, toke Kenan nara iisi. Èle èèna ka, Enos nara iisi ana-èpu dènge ana-èpu na."
GEN 5:11,"enosh lived a total of 905 years, and then he died.","umur enos ceo ngasu lèmi tèu, heka madhe kèna.","Èle èèna ka, Enos mamuri toke dꞌai 905 tèu, hèia na madhe."
GEN 5:12,"when kenan was 70, he had mehalalel.","lod'o kenan d'ai pidhu nguru tèu, na matana ana mone ca dhèu, ngara na mahalalel.","Lodꞌo Kenan dènge umur pidhu nguru tèu, nèngu jꞌajꞌi dhèu unu Ama Lamatua. Nèti èèna ka, nèngu jꞌajꞌi dhèu unu Ama Lamatua, lula nèngu jꞌajꞌi dhèu unu Ama Lamatua. Nèti èèna ka, nèngu jꞌajꞌi dhèu unu Ama Lamatua. Nèti èèna ka, nèngu jꞌajꞌi dhèu unu Ama Lamatua. Nèti èèna ka, nèngu jꞌajꞌi dhèu unu Ama Lamatua."
GEN 5:13,"kenan lived another 840 years after mehalalel was born, and had other sons and daughters.","ka kenan mamuri hari d'ai aru ngasu èpa nguru tèu, ka na abhu hari ana mone dènge ana bhèni.","Èle èèna ka, Kenan mamuri dꞌai canguru nguru nguru nguru nguru tèu. Èle èèna ka, na nara iisi Melalel, aa na nara iisi hari ana mone dènge ana bhèni."
GEN 5:14,"kenan lived a total of 910 years, and then he died.","umur kenan ceo ngasu canguru tèu, heka madhe kèna.","Nèti èèna ka, Musa mamuri toke dꞌai nèi nguru tèu nguru tèu dènge canguru tèu. Hèia na madhe."
GEN 5:15,"when mahalalel was 65, he had jared.","lod'o mahalalel d'ai èna nguru lèmi tèu, na abhu ana mone ca dhèu, ngara na yared.","Lodꞌo Musa dènge umur èpa nguru nguru nguru nguru èpa, dhèu aae Na jꞌajꞌi dhèu unu Ama Lamatua. Nèti èèna ka, dhèu aae Na jꞌajꞌi dhèu unu Ama Lamatua. Nèti èèna ka, dhèu aae Na jꞌajꞌi dhèu unu Ama Lamatua. Nèti èèna ka, dhèu aae Na jꞌajꞌi dhèu aae Na jꞌajꞌi dhèu aae Ama Lamatua. Nèti èèna ka, dhèu aae Na jꞌajꞌi dhèu aae Na jꞌajꞌi dhèu aae Ama Lamatua."
GEN 5:16,"after jared was born, mahalalel lived another 830 years and had other sons and daughters.","ka mahalalel mamuri hari d'ai aru ngasu tèlu nguru tèu, na abhu hari ana mone dènge ana bhèni.","Ropa na nara iisi Yared, Na mamuri toke dꞌai èpa nguru tèu tèlu nguru tèu. Na nara iisi hari ana mone dènge ana bhèni."
GEN 5:17,"mahalalel lived a total of 895 years, and then he died.","umur mahalalel aru ngasu ceo nguru lèmi tèu, heka na madhe kèna.","Nèti èèna ka, dhèu aae Musa mamuri toke dꞌai 895 tèu. Èle èèna ka, na madhe."
GEN 5:18,"when jared was 162, he had enoch.","lod'o yared d'ai cangasu èna nguru dua tèu, na abhu ana mone ca dhèu, ngara na henok.","lodꞌo Yared dènge lodꞌo èpa nguru dua nguru dua, nara iisi na Enok."
GEN 5:19,"after enoch was born, jared lived 800 years and had other sons and daughters.","ka yared mamuri d'ai aru ngasu tèu, na abhu hari ana mone dènge ana bhèni.","Ropa Henok nara iisi, hèia Yared mamuri toke dꞌai canguru nguru tèu. Nèngu nara iisi hari ana mone dènge ana bhèni."
GEN 5:20,"jared lived a total of 962 years, and then he died.","umur yared ceo ngasu èna nguru dua tèu, heka madhe kèna.","Nèti èèna ka, dhèu aae Yared mamuri toke dꞌai 962 tèu. Èle èèna ka, na madhe."
GEN 5:21,"when enoch was 65, he had methuselah.","ropa henok mamuri d'ai èna nguru lèmi tèu, na matana ana mone ca dhèu, ngara na metusalak.","Lodꞌo Enok dènge umur èpa nguru nguru nguru nguru èpa, nèngu abhu mèdha-panyau nèti dhèu aaꞌi-aaꞌi ra. Nèti èèna ka, nèngu abhu mèdha-panyau nèti dhèu aaꞌi-aaꞌi ra. Nèti èèna ka, nèngu abhu mèdha-panyau nèti dhèu aaꞌi-aaꞌi ra. Nèti èèna ka, nèngu abhu mèdha-panyau nèti dhèu aaꞌi-aaꞌi ra. Nèti èèna ka, nèngu abhu mèdha-panyau nèti dhèu aaꞌi-aaꞌi ra."
GEN 5:22,"he had a close relationship with god. after methuselah was born, enoch lived another 300 years and had other sons and daughters.","ele èèna, henok mamuri d'ara èci dènge ama lamatua d'ai tèlu ngasu tèu. ka na abhu hari ana mone dènge ana bhèni.","Èle èèna ka, Henok nara iisi dènge Ama Lamatua. Èle èèna ka, Henok mamuri dꞌai 300 tèu. Hèia na nara iisi ana mone dènge ana bhèni."
GEN 5:23-24,"enoch lived a total of 365 years. enoch had such a close relationship with god that he didn't die, he just wasn't there anymore, because god took him.","na mamuri d'ara èci dènge ama lamatua. hèia lod'o na d'ai tèlu ngasu èna nguru lèmi tèu, ka na ele, lula ama lamatua paca'e ne sa dedha.","Nèti èèna ka, Henok mamuri toke dꞌai 365 tèu. Nèngu mamuri paꞌèci dènge Ama Lamatua. Nèngu madhe heka dènge Ama Lamatua. Nèngu mamuri heka dènge Ama Lamatua. Nèngu mamuri heka dènge Ama Lamatua. Nèti èèna ka, nèngu mamuri heka dènge Ama Lamatua. Nèngu madhe heka dènge Ama Lamatua. Nèngu mamuri heka dènge Ama Lamatua. Nèngu mamuri heka dènge Ama Lamatua. Nèngu mamuri heka dènge Ama Lamatua. Nèngu mamuri heka dènge Ama Lamatua. Nèngu mamuri heka dènge Ama Lamatua. Nèngu mamuri heka dènge Ama Lamatua. Nèngu mamuri heka dènge Ama Lamatua."
GEN 5:25,"when methuselah was 187, he had lamech.","lod'o metusalak d'ai cangasu aru nguru pidhu tèu, na matana ana mone èci, ngara na lamek.","Lodꞌo èèna, Methuselah abhu dhèu karuku èpa nguru nguru nguru nguru nguru nguru èpa, dhu pèdꞌa dhèu karuku ètu dꞌara èmu-kamali na. Nèti èèna ka, Methuselah abhu dhèu karuku èpa nguru nguru nguru èpa, dhu pèdꞌa dhèu karuku èpa dènge dhèu karuku èpa, dhu pèdꞌa dhèu karuku èpa dènge dhèu karuku èpa, dhu pèdꞌa dhèu karuku ètu dꞌara èmu na."
GEN 5:26,"after lamech was born, methuselah lived another 782 years and had other sons and daughters.","èle èèna ka, metusalak mamuri hari d'ai pidhu ngasu aru nguru dua tèu, ka na abhu hari ana mone dènge ana bhèni.","Èle èèna ka, Lamatua nara iisi Lamek, hèia na mamuri èpa nguru nguru nguru nguru dua nguru dua tèu, aa nara iisi ana mone dènge ana bhèni."
GEN 5:27,"methuselah lived a total of 969 years, and then he died.","umur metusalak ceo ngasu èna nguru ceo tèu, heka madhe kèna.","Èle èèna ka, Metus mamuri toke dꞌai 969 tèu, hèia na madhe."
GEN 5:28,"when lamech was 182, he had a son.","lod'o lamek mamuri d'ai ca ngasu aru nguru dua tèu, na matana ana mone ca dhèu.","Èle èèna ka, ladhe Lamatua umur canguru dua nguru dua, na abhu ana mone ca dhèu."
GEN 5:29,"he named him noah, with the explanation, he will provide relief for us from all the hard manual labor we need to do in cultivating the ground the lord has cursed.","lamek pangare ne noh dhu sasoa na ‘pakarej'e d'ara', lula na peka na, ana ne, èèna na pakarej'e d'ara èdhi nèti sasab'a dhu bia, ètu rai dhu ama lamatua dhoo le.","Nèti èèna ka, Ama Lamatua hagꞌe nare dhèu aaꞌi-aaꞌi ètu rai-haha ne, jꞌajꞌi dhèu aaꞌi-aaꞌi. Nèti èèna ka, Ama Lamatua hagꞌe nare dhèu aaꞌi-aaꞌi ètu rai-haha ne. Nèti èèna ka, Ama Lamatua hagꞌe nare dhèu aaꞌi-aaꞌi ètu rai-haha ne. Nèti èèna ka, Ama Lamatua hagꞌe nare dhèu aaꞌi-aaꞌi ètu rai-haha ne. Nèti èèna ka, Ama Lamatua hagꞌe nare dhèu aaꞌi-aaꞌi ètu rai-haha ne. Nèti èèna ka, Ama Lamatua hagꞌe nare dhèu aaꞌi-aaꞌi ètu rai-haha ne. Nèti èèna ka, Ama Lamatua hagꞌe nare dhèu aaꞌi-aaꞌi ètu rai-haha ne."
GEN 5:30,"after noah was born, lamech lived another 595 years and had other sons and daughters.","ka lamek mamuri taruu d'ai lèmi ngasu ceo nguru lèmi tèu, aa na abhu hari ana mone dènge ana bhèni.","Èle èèna ka, Lamek mamuri toke dꞌai lèmi nguru nguru nguru nguru nguru nguru tèu hari, aa nara iisi ana-èpu dènge ana-èpu nèti ana-èpu nèti ana-èpu nèti ana-èpu nèti ana-èpu nèti ana-èpu nèti ana-èpu nèti ana-èpu nèti ana-èpu nèti ana-èpu nèti ana-èpu nèti ana-èpu nèti ana-èpu nèti ana-èpu nèti ana-èpu nèti ana-èpu nèti ana-èpu nèti ana-èpu nèti ana-èpu nèti ana-èpu nèti ana-èpu nèti ana-èpu nèti ana-èpu nèti ana-èpu."
GEN 5:31,"lamech lived a total of 777 years, and then he died.","umur lamek pidhu ngasu pidhu nguru pidhu tèu, heka na madhe kèna.","Èle èèna ka, Lamek mamuri toke dꞌai 777 tèu, hèia na madhe."
GEN 5:32,"noah was 500 before he had shem, ham, and japheth.","lod'o noh mamuri d'ai lèmi ngasu tèu, na matana ana mone dhèu tèlu, sem, yafet dènge ham.","Lodꞌo èèna, Noh abhu heka sèmi èpa nguru dhèu. Lodꞌo èèna, nèngu abhu heka Sem, Ham, dènge Yafet."
GEN 6:1,"people started to increase in number and spread out across the earth. daughters were born to them,","taa èèna, dhèu rai-haha, asa bèba-kacanga. ka ra papala-palème rai-haha. dhèu se matana kahèi ana-ana bhèni.","Èle èèna ka, dhèu-dhèu Yahudi aaꞌi-aaꞌi ra jꞌajꞌi dhèu ae-ae ètu rai-haha ne. Rèngu aaꞌi-aaꞌi ra jꞌajꞌi dhèu ae-ae. Rèngu aaꞌi-aaꞌi ra jꞌajꞌi dhèu ae-ae ètu rai-haha ne. Rèngu aaꞌi-aaꞌi ra jꞌajꞌi ana bhèni."
GEN 6:2,"and the sons of god saw that these women were beautiful, and they took whichever ones they wanted.","ana-ana mone nèti lamatua ladhe rèdhi ana bhèni nèti dhèu rai-haha se, bhèni iia hua. ka lasi todhe rare ana bhèni mia dhu ra d'èi.","Èle èèna ka, ana-ana Ama Lamatua ladhe rèdhi dhèu bhèni seꞌe, peka na, rèngu se dhèu bhèni dhu beꞌa. Nèti èèna ka, ra paꞌèci dènge dhèu bhèni aaꞌi-aaꞌi dhu ra dꞌèi."
GEN 6:3,"then the lord said, my life-giving spirit will not remain in these people forever, because they are only mortal. the time they have left will be 120 years.","ka lamatua peka na, ja'a roca le dènge tatao dhèu dhu lèke-lèke boe se. roh ja'a dhu pamamuri rèngu sa, d'èi heka hia ra mamuri manèro. hud'i rèngu madhe ku. de èèna na, mamuri rèngu se dhoka d'ai ca ngasu dua nguru tèu di.","Èle èèna ka, Lamatua dhaa, aku Nèngu na, ""Jaꞌa ka dhu hia mamuri mi dhèu seꞌe, te rèngu dhèu rai-haha. Nèti èèna ka, rèngu mamuri toke dꞌai èpa nguru dua nguru dua nguru tèu."
GEN 6:4,"there were giants on earth in those days, and also later on. they were born after the sons of god slept with the daughters of these people. their sons became the great warriors and famous men of ancient times.","taa èèna, dènge taa-tebho dhu limuri nèti èèna hari, abhu le dhèu raksasa ètu rai-haha ne. ropa ana mone nèti lamatua leo rare ana bhèni dhèu rai-haha se, ka rara iisi dhèu kapai, nuka: kapala musu, dhèu re'a madhutu lii lolo uru-uru sèra.","Lodꞌo èèna, ètu rai-haha ne, abhu dhèu aae-dhèu kapai. Aa abhu kahèi dhèu aae-dhèu rai-haha. Dhèu aae-dhèu aae-dhèu aae-dhèu aae-dhèu aae-dhèu aae-dhèu aae-dhèu aae-dhèu aae-dhèu aae-dhèu aae-aae. Dhèu aae-dhèu aae-dhèu aae-dhèu aae-dhèu aae-dhèu aae-dhèu aae-dhèu aae-dhèu aae-dhèu aae. Dhèu aae-dhèu aae-dhèu aae-dhèu aae-dhèu aae-dhèu aae-dhèu aae-dhèu aae-dhèu aae-dhèu aae-dhèu aae-dhèu aae-dhèu aae-dhèu aae-dhèu aae-dhèu aae-dhèu aae-dhèu aae-dhèu aae-dhèu aae-dhèu aae."
GEN 6:5,the lord saw how terribly evil people on earth had become-every single thought in their minds was evil all the time!,"taa èèna, lamatua ladhe nèdhi bhabhelu-katub'a dhèu rai-haha dhu seli-kolane. d'ara rèngu pangee dhoka bhabhelu di.","Èle èèna ka, Lamatua ladhe nèdhi dhèu bhelu-katubꞌa ètu rai-haha ne, aa dꞌara ra bhelu-katubꞌa toke dꞌai mia-mia."
GEN 6:6,the lord was sorry he'd made human beings to live on the earth; it made him very sad to think about it.,"ka lamatua manyasa, lula na paj'aj'i le rèngu se ho pea ètu rai-haha ne. tatao rèngu ne'e ka dhu papèd'a d'ara lamatua.","Ropa tadèngi lii padhai Ama Lamatua sèmi èèna, hèia dꞌara Lamatua ele iie, lula Na pajꞌajꞌi dhèu rai-haha ètu rai-haha ne."
GEN 6:7,"so the lord said, i'm going to wipe out these people i created from the earth, and not only them but also the animals, the creatures that run along the ground, and the birds, because i'm sorry i made them.","nèti èèna ka, na peka na, dènge tatao rèngu sèmi èèna na, ja'a huku pamadhe dhèu rai-haha aa'i-aa'i dhu paj'aj'i kore si le. manu-bhui dènge badha leo sèra, ja'a palaho aa'i si kahèi. te ja'a manyasa, nèti ja'a ka paj'aj'i si.","Èle èèna ka, Lamatua peka, aku Nèngu na, ""Jaꞌa neo pamadhe dhèu aaꞌi-aaꞌi dhu Jaꞌa pajꞌajꞌi ètu rai-haha ne. Jaꞌa neo pamadhe aaꞌi-aaꞌi dhu Jaꞌa pajꞌajꞌi ètu rai-haha ne. Jaꞌa sanèdꞌe aaꞌi-aaꞌi dhu Jaꞌa pajꞌajꞌi ètu rai-haha ne. Jaꞌa sanèdꞌe aaꞌi-aaꞌi dhu Jaꞌa pajꞌajꞌi ètu rai-haha ne."
GEN 6:8,but the lord was pleased with noah.,te ngaa noh di dhu pakarej'e d'ara lamatua.,Te ngaa dꞌara Lamatua karejꞌe kahèi.
GEN 6:9-10,"this is the story of noah and his family. noah was a man of integrity, living a moral life among the people of his time. he had a close relationship with god. noah had three sons: shem, ham, and japheth.","lii lolo noh sèmi ne'e ka: ana mone na, dhèu tèlu, nuka sem, yafet dènge ham. noh mamuri dènge mola, koe-kapengo boe. taa èèna, nèngu di dhu mamuri mola. d'ara na dhodhoka ètu ama lamatua.","Nèngu jꞌajꞌi dhèu mola-mèci ètu rai-haha ne. Nèngu jꞌajꞌi dhèu mola-mèci, aa mamuri mola-mèci ètu rai-haha ne. Nèngu jꞌajꞌi dhèu unu Ama Lamatua. Nèngu jꞌajꞌi dhèu unu Ama Lamatua. Nèngu jꞌajꞌi dhèu unu Ama Lamatua. Nèngu jꞌajꞌi dhèu unu Ama Lamatua. Nèngu jꞌajꞌi dhèu unu Lamatua. Nèngu jꞌajꞌi dhèu unu Lamatua. Nèngu jꞌajꞌi dhèu unu Lamatua. Nèngu jꞌajꞌi dhèu unu Lamatua. Nèngu jꞌajꞌi dhèu unu Lamatua. Nèngu jꞌajꞌi dhèu unu Lamatua."
GEN 6:11-12,"god saw how corrupt the whole world had become, full of violent and lawless people. god recognized that the corruption in the world was due to everyone on earth living corrupt lives.","te ngaa dhèu leo se, ama lamatua ladhe ra bhelu aa'i mèu-mèu. ètu mia-mia èèna ka, j'ara mamuri dhèu se ele iie aa'i. ama lamatua nèdhi dhodhoka bhabhelu di, ètu rai-haha ne.","Èle èèna ka, Ama Lamatua ladhe-leru aaꞌi-aaꞌi ètu rai-haha ne. Dhèu aaꞌi-aaꞌi dhu tao jꞌara-jꞌara bhelu-katubꞌa, aa tao jꞌara-jꞌara bhelu-katubꞌa. Te ngaa Ama Lamatua ladhe-leru, na, dhèu aaꞌi-aaꞌi ètu rai-haha ne jꞌajꞌi dhèu bhelu-katubꞌa."
GEN 6:13,"so god told noah, i have decided to put an end to all people on earth because they are all violent and lawless. i myself am going to destroy all of them, along with the earth.","hèia ama lamatua peka dènge noh, aku nèngu na, ja'a kèdhi dhoka bhabhelu dhèu di, dhu pale-lème rai-haha ne. ka ja'a pama'ète kore le, sèna ka ja'a palaho aa'i rai-haha ne dènge isi na aa'i-aa'i.","Hèia Ama Lamatua peka dènge Noh, aku Nèngu na, ""Jaꞌa neo pamadhe dhèu aaꞌi-aaꞌi ètu rai-haha ne, lula dhèu aaꞌi-aaꞌi se bhelu-katubꞌa, aa tao bhabhelu-katubꞌa. Jaꞌa neo pamadhe rèngu aaꞌi-aaꞌi ètu rai-haha ne."
GEN 6:14,"build an ark out of cypress wood. make rooms inside the ark, and coat it with tar, both inside and out.","de sèmi ne'e, noh! èu tao kapa aae cue, dhu tao nèti aj'u adhu. re d'ara roa na, èu bagi mi kama-kama. aa re d'ara dènge li'u kapa, èu lame dènge èi dama.","Èle èèna ka, Èmu Kapua Manèngi-Mangajꞌi ètu rai-haha ne. Èle èèna ka, Èmu Kapua Manèngi-Mangajꞌi ètu rai-haha ne. Èle èèna ka, Èmu Kapua Manèngi-Mangajꞌi ètu rai-haha ne. Èle èèna ka, Èmu Kapua Manèngi-Mangajꞌi ètu rai-haha ne, hèia Èmu Kapua Manèngi-Mangajꞌi ètu rai-haha ne. Èle èèna ka, Èmu Kapua Manèngi-Mangajꞌi ètu rai-haha ne, hèia Èmu Kapua Manèngi-Mangajꞌi ètu rai-haha ne."
GEN 6:15,"this is how to build it: the ark is to measure 300 cubits long, 50 cubits wide, and 30 cubits high.","mu sab'e kapa na, madhera na ca ngasu tèlu nguru tèlu meter; bhabhèla na dua nguru dua meter; dènge katitu na canguru tèlu meter.","Èci èèna ka: Èci èèna ka, èci èèna ka, èci èèna ka, èci èèna ka, èci èèna ka, èci èèna ka, èci èèna ka, èci èèna ka, èci èèna ka, èci èèna ka, èci èèna ka, èci èèna ka, èci èèna ka. Èci èèna ka, èci èèna ka, èci èèna ka, èci èèna ka, èci èci èèna ka, èci èci èèna ka, èci èci èèna ka, èci èci èèna ka, dènge canguru èci."
GEN 6:16,"make a roof for the ark, leaving a cubit-wide opening between the roof and the top of the sides. put a door in the side of the ark, and construct three decks inside.","èu tao èmu ètu dedha kapa na. te ngaa paconga ca laa ai nèti kadidhi re dedha. èu bagi kapa ne mi tèlu tad'a. aa re karasa na, tao babèdho èci.","Èle èèna ka, Èmu Kapua Manèngi-Mangajꞌi ètu era èèna. Èmu Kapua Manèngi-Mangajꞌi ètu era èèna, èci èèna ka dènge èci. Èmu Kapua Manèngi-Mangajꞌi ètu era èèna, èci èèna ka dènge èmu Kapua Manèngi-Mangajꞌi ètu era èèna. Èmu Kapua Manèngi-Mangajꞌi ètu era èèna, èci èèna ka dènge èmu Kapua Manèngi-Mangajꞌi ètu era èèna. Èmu Kapua Manèngi-Mangajꞌi ètu era èèna, èci èèna ka, tèlu dhimu."
GEN 6:17,i myself am going to flood the earth with water that will destroy everything that breathes. every living thing everywhere on earth will die.,"sanèd'e paie-iie! bèli-camèd'a, ja'a papuru èi aae lala, ho pacène eele rai-haha ne, sèna ka pamadhe aa'i dhu mamuri.","Nèti èèna ka, dhèu aaꞌi-aaꞌi dhu mamuri ètu rai-haha ne, bèli-camèdꞌa dhèu aaꞌi-aaꞌi ra madhe. Nèti èèna ka, dhèu aaꞌi-aaꞌi dhu mamuri ètu rai-haha ne, bèli-camèdꞌa dhèu aaꞌi-aaꞌi ra madhe."
GEN 6:18,"but i will keep my agreement with you. you are to go into the ark, taking with you your wife and your sons and their wives.","te ngaa ja'a pa'èki lii pajaji dènge èu. èèna na, èu maso d'ara kapa èèna, mèti dènge dhèu èmu èu, ana-ana èu, dènge dhèu èmu ana-ana èu.","Te ngaa limuri ne, Jaꞌa tao madhutu lii pajaji Jaꞌa dènge èu. Èu hudꞌi maso asa dꞌara kapa, èu, ana-èpu èu, dènge dhèu èmu-kamali èu."
GEN 6:19-20,"take a pair, male and female, of every kind of animal into the ark and make sure you keep them alive. the same applies to every kind of bird, livestock, and the creatures that run along the ground-a pair of every kind will come to you so they can be kept alive.","badha aa'i-aa'i ra, èu hag'e more ca pasa-ca pasa, eo mèti asa d'ara kapa, ho ra abhu mamuri dènge èu kahèi. sèmi: badha ani, manu-bhui, dènge badha dhu rod'o, sèna ka ra abhu mamuri.",Èu hudꞌi pajꞌujꞌu aaꞌi-aaꞌi nèti aaꞌi-aaꞌi dhu mamuri ètu dedha kapa. Èu hudꞌi tao sèmi èèna kahèi dènge manu-bhui aaꞌi-aaꞌi dhu mamuri ètu dedha kapa. Èu hudꞌi tao sèmi èèna kahèi dènge badha aaꞌi-aaꞌi dhu mamuri ètu dedha kapa. Èu hudꞌi tao sèmi èèna kahèi dènge badha aaꞌi-aaꞌi dhu mamuri ètu dedha kapa. Èu hudꞌi tao sèmi èèna kahèi dènge badha aaꞌi-aaꞌi dhu mamuri ètu dedha kapa. Èu hudꞌi tao sèmi èèna kahèi dènge manu-bhui aaꞌi-aaꞌi dhu mamuri ètu rai-haha. Èu hudꞌi tao sèmi èèna kahèi dènge badha aaꞌi-aaꞌi dhu mamuri ètu dedha kapa.
GEN 6:21,take all kinds of food with you too. store it so you and the animals will have enough to eat.,"èu hud'i mèti dènge nganga'a-nganginu, pala miu dènge pala badha sèra hèi.","Nèti èèna ka, dhèu aaꞌi-aaꞌi ètu dꞌara rai-haha ne, raꞌa-rinu aaꞌi-aaꞌi raꞌa-rinu aaꞌi-aaꞌi raꞌa-rinu aaꞌi-aaꞌi raꞌa-rinu aaꞌi-aaꞌi raꞌa-rinu aaꞌi-aaꞌi raꞌa-rinu aaꞌi-aaꞌi raꞌa-rinu aaꞌi-aaꞌi raꞌa-rinu aaꞌi-aaꞌi raꞌa-rinu aaꞌi-aaꞌi raꞌa-rinu aaꞌi-aaꞌi raꞌa-rinu aaꞌi-aaꞌi raꞌa-rinu aaꞌi-aaꞌi raꞌa-rinu aaꞌi-aaꞌi raꞌa-rinu."
GEN 6:22,noah did exactly what god ordered him to do.,ka noh sab'e madhutu sèmi lii paredha ama lamatua aa'i-aa'i sèra.,"Èle èèna ka, Noh tao madhutu lii paredha Ama Lamatua."
GEN 7:1,"the lord told noah, go into the ark with all your family. i have seen how you are a man of integrity, living a moral life among the people of this generation.","èle èèna ka, lamatua peka dènge noh, ja'a ladhe le palème, te ngaa abhu dhoka èu di dhu d'ara mola. nèti èèna ka, èu dènge bhèni-ana niki èu, lami ka asa d'ara kapa.","Èle èèna ka, Lamatua peka dènge Noh, aku Nèngu na, ""Lamu asa dꞌara kapa, èu dènge aꞌari èu aaꞌi-aaꞌi mi. Te Jaꞌa keꞌa le, na, èu ne dhèu dꞌara mola, aa mamuri mola-mèci ètu talora dhèu aaꞌi-aaꞌi ètu rai-haha ne."
GEN 7:2-3,"take with you seven pairs, male and female, of every kind of clean animal, and one pair, male and female, of every kind of unclean animal. in addition take seven pairs, male and female, of all the birds, so their different kinds will survive throughout the earth.","mèti dènge badha-badha dhu bisa mi'a, aa bisa hia ja'a kahèi, de mèti pidhu-pidhu pasa asa d'ara kapa. mèti kahèi rupa-rupa manu-bhui pidhu-pidhu pasa. te ngaa badha dhu leo, mèti dhoka ca pasa-ca pasa di. sèna ka badha dènge manu-bhui se, j'aj'i hini, ho baku ma'ète.","nèti badha aaꞌi-aaꞌi dhu mamuri mola-mèci, èu hudꞌi laꞌe ku dènge dhèu pidhu, badha aaꞌi-aaꞌi dhu mamuri mola-mèci, badha aaꞌi-aaꞌi dhu mamuri mola-mèci. Èu hudꞌi laꞌe ku dènge badha aaꞌi-aaꞌi dhu mamuri mola-mèci, badha aaꞌi-aaꞌi dhu mamuri mola-mèci. Èu hudꞌi laꞌe ku dènge badha aaꞌi-aaꞌi dhu mamuri mola-mèci, badha aaꞌi-aaꞌi dhu mamuri mola-mèci. Èu hudꞌi laꞌe ku dènge badha aaꞌi-aaꞌi dhu mamuri mola-mèci, badha aaꞌi-aaꞌi dhu mamuri mola-mèci, badha aaꞌi-aaꞌi dhu mamuri mola-mèci."
GEN 7:4,in seven days i'm going to make it rain for forty days and nights. i'm going to wipe out from the surface of the earth all the living creatures i made.,"sanèd'e paie-iie, oo! di pidhu lod'o ka, ja'a papuru èj'i aae mai dhu bhoka boe ca lod'o sa, toke d'ai èpa nguru lod'o mèu-mèda. dènge sèmi ne'e, ja'a pamadhe aa'i ngaa-ngaa dhu mamuri ètu dedha-rai, dhu ja'a paj'aj'i kore le.","Ètu dꞌara pidhu lodꞌo neꞌe, Jaꞌa tao uuru pèri lodꞌo dènge mèda èpa lodꞌo. Hèia Jaꞌa pamadhe aaꞌi mèu-mèu aaꞌi-aaꞌi dhu Jaꞌa tao ètu rai-haha ne."
GEN 7:5,noah did exactly what the lord ordered him to do.,ka noh tao aa'i sèmi lii paredha lamatua.,"Èle èèna ka, Noh tao madhutu lii paredha Lamatua."
GEN 7:6,noah was 600 when the flood waters covered the earth.,"lod'o èi aae lala, umur noh èna ngasu tèu.","Lodꞌo èèna, bèli-camèdꞌa dhèu aaꞌi-aaꞌi ètu rai-haha ne jꞌajꞌi dhèu aaꞌi-aaꞌi. Lodꞌo èèna, dhèu aaꞌi-aaꞌi dhèu aaꞌi-aaꞌi ètu rai-haha ne, ngara na Noh dènge nguru tèu."
GEN 7:7,"noah went into the ark, taking with him his wife and his sons and their wives, because of the flood.","noh dènge dhèu èmu na, dènge ana niki na, aa dènge dhèu èmu ana ra di, lasi asa d'ara kapa, ho ra abhu mamuri.","Èle èèna ka, bèli-camèdꞌa bèli-camèdꞌa bèli-camèdꞌa bèli-camèdꞌa bèli-camèdꞌa bèli-camèdꞌa bèli-camèdꞌa bèli-camèdꞌa bèli-camèdꞌa bèli-camèdꞌa bèli-camèdꞌa bèli-camèdꞌa bèli-camèdꞌa. Nèti èèna ka, Noh maso asa dedha kapa, dènge ana-ana na, dènge dhèu èmu na."
GEN 7:8-9,"clean and unclean animals, birds, and creatures that run along the ground, went into the ark with noah. they came in pairs, male and female, just as god had told noah.","madhutu lii paredha lamatua, ka noh pamaso manu-bhui dènge badha leo sèra, èci-èci ka dènge pasa na, nèti dhu bisa ra'a, dènge dhu bisa boe ra'a.","Hèia badha aaꞌi-aaꞌi dhu lèke, dènge badha aaꞌi-aaꞌi dhu lèke boe, dènge manu-bhui, dènge badha aaꞌi-aaꞌi dhu lèke boe, maso asa dꞌara kapa dènge Noh. Dua-dua badha aaꞌi-aaꞌi, badha aaꞌi-aaꞌi dhu lèke boe, maso asa dꞌara kapa dènge Noh. Dua-dua badha aaꞌi-aaꞌi, badha aaꞌi-aaꞌi dhu lèke boe, maso asa dꞌara kapa, sama sèmi dhu Ama Lamatua peka dènge Noh."
GEN 7:10,after seven days the floodwaters swept over the earth.,"ropa èle pidhu lod'o, cag'ag'a laa èi aae lala, ka rai-haha ne, mulai cène.","Èle èèna ka, bèli-camèdꞌa dhèu aaꞌi-aaꞌi ètu rai-haha ne jꞌajꞌi dhèu aaꞌi-aaꞌi."
GEN 7:11,"noah was 600 when on the seventeenth day of the second month all the subterranean waters burst through the earth, and heavy rain poured down from the sky.","lèke dènge umur noh èna ngasu tèu, risi dua hèru, canguru pidhu lod'o, ka mulai èi aae lala. lod'o èèna, sèmi babèdho liru dhu bhoke eele sa, ka èi na tao sabhori mai. aa èi madha-èi madha ètu rai-haha sabhoka, ka sèmi tao sabhuu sa dedha.","Èle èèna ka, bèli-camèdꞌa, dꞌai lodꞌo ka dua, bèli-camèdꞌa dꞌai lodꞌo èèna, bèli-camèdꞌa èi bèli-camèdꞌa bèli-camèdꞌa bèli-camèdꞌa bèli-camèdꞌa bèli-camèdꞌa bèli-camèdꞌa bèli-camèdꞌa bèli-camèdꞌa bèli-camèdꞌa bèli-camèdꞌa bèli-camèdꞌa bèli-camèdꞌa bèli-camèdꞌa bèli-camèdꞌa bèli-camèdꞌa bèli-camèdꞌa nèti dedha-liru, aa bèli-camèdꞌa bèli-camèdꞌa bèli-camèdꞌa bèli-camèdꞌa nèti dedha-liru."
GEN 7:12,rain continued to fall on the earth for forty days and nights.,ka èj'i bhori mai loe boe èpa nguru lod'o mèu-mèda.,"Èle èèna ka, bèli-camèdꞌa bèli-camèdꞌa bèli-camèdꞌa bèli-camèdꞌa bèli-camèdꞌa bèli-camèdꞌa bèli-camèdꞌa bèli-camèdꞌa bèli-camèdꞌa bèli-camèdꞌa bèli-camèdꞌa bèli-camèdꞌa ètu rai-haha ne."
GEN 7:13,"that was the actual day when noah, his wife, and their sons, shem, ham, and japheth together with their three wives went into the ark.","te ngaa lod'o èèna, noh dènge dhèu èmu na, dènge ana mone na dhèu tèlu: sem, yafet dènge ham, dènge dhèu èmu ra, maso lasi asa d'ara kapa.","Lodꞌo èèna, Noh dènge ana-èpu na, Sem, Ham, dènge Yafet, dènge dhèu èmu na tèlu, maso asa dedha kapa."
GEN 7:14,"they had with them every kind of wild animals, livestock, creatures that run along the ground, and birds-everything with wings.","lasi palere dènge badha aa'i-aa'i ra, sèmi: badha ani, badha hui, badha dhu rod'o, manu-bhui, dènge badha-badha leo dhu dènge èla sèra.","Rèngu aaꞌi-aaꞌi ra, nuka sèmi badha aaꞌi-aaꞌi ra. Rèngu aaꞌi-aaꞌi ra, nuka sèmi badha badha aaꞌi-aaꞌi ra. Rèngu aaꞌi-aaꞌi ra, nuka sèmi badha badha aaꞌi-aaꞌi ra. Rèngu aaꞌi-aaꞌi ra, nuka sèmi badha aaꞌi-aaꞌi ra. Rèngu aaꞌi-aaꞌi ra, nuka sèmi badha aaꞌi-aaꞌi ra. Rèngu aaꞌi-aaꞌi ra, nuka sèmi badha aaꞌi-aaꞌi ra."
GEN 7:15-16,"they all came into the ark with noah in pairs-every living thing that breathes. a male and a female of every creature entered, as god had told noah. then the lord shut the door behind him.","ca pasa-ca pasa nèti aa'i-aa'i dhu mamuri, lasi asa d'ara kapa palere dènge noh, madhutu sèmi lii paredha ama lamatua. ropa aa'i-aa'i ra d'ai d'ara kapa, lamatua bèdho babèdho kapa èèna.","Dhèu aaꞌi-aaꞌi ra, dhèu bhèni dènge dhèu bhèni, maso asa dꞌara kapa, sama sèmi dhu Ama Lamatua peka dènge Noh. Èle èèna ka, Lamatua dꞌèi bèdho ètu dꞌara kapa, sèna ka dhèu aaꞌi-aaꞌi bisa maso asa dꞌara kapa. Èle èèna ka, dhèu aaꞌi-aaꞌi ra maso asa dꞌara kapa, sama sèmi dhèu aaꞌi-aaꞌi ra, dhèu aaꞌi-aaꞌi ra."
GEN 7:17-19,"the flood increased for forty days, lifting the ark so that it floated up from the earth. the floodwaters surged and grew deeper and deeper over the earth, but the ark floated along on the surface. finally the water grew so deep that even the highest mountains were covered-all that could be seen was sky.",èj'i aae puru ma'ète boe d'ai èpa nguru lod'o. hèia kapa èèna taleb'o. èi ca'e loe boe toke hutu nare kolo ledhe dhu dedha aae.,"Èle èèna ka, èpa nguru èpa lodꞌo. Bèli-camèdꞌa ètu dedha-liru, hèia dedha-liru ètu dedha-liru. Bèli-camèdꞌa ètu dedha-liru, hèia dedha-liru ètu dedha-liru."
GEN 7:20,the water rose so much that it was higher than the mountains by fifteen cubits.,"èi ca'e taruu, ka marèma na seli èpa rèpa risi nèti kolo ledhe sèra.","Bèli-bèli èèna, hèbꞌa-hèbꞌa rèti ledhe-ledhe sèra, hèbꞌa-hèbꞌa rèti ledhe-ledhe sèra, hèbꞌa-hèbꞌa rèti ledhe-ledhe sèra, hèbꞌa-hèbꞌa rèti ledhe-ledhe sèra, hèbꞌa-hèbꞌa rèti ledhe-ledhe sèra."
GEN 7:21-23,"everything living on earth died-the birds, livestock, wild animals, all creatures that run along the ground, and all the people. everything on land that breathed, died. the lord wiped out all life on earth-people, livestock, creatures that run along the ground, and birds. all were killed. the only ones left were noah and those with him on the ark.","dènge j'ara èèna, ngaa-ngaa dhu mamuri ètu dedha-rai sèra, madhe aa'i mèu-mèu. nuka: dhèu, badha ani, badha hui, badha dhu rod'o, dènge manu-bhui aa'i-aa'i ra. ate dhoka noh dènge aa'i-aa'i dhu ètu dedha kapa.","Hèia Ama Lamatua pamadhe aaꞌi-aaꞌi dhu mamuri ètu rai-haha ne: manu-bhui, badha aaꞌi-aaꞌi, badha aaꞌi-aaꞌi, aaꞌi-aaꞌi dhu mamuri ètu rai-haha ne, aaꞌi-aaꞌi dhu mamuri ètu rai-haha ne, aaꞌi-aaꞌi dhu mamuri ètu rai-haha ne, aaꞌi-aaꞌi dhu mamuri ètu rai-haha ne, aaꞌi-aaꞌi dhu mamuri ètu rai-haha ne, aaꞌi-aaꞌi dhu mamuri ètu rai-haha ne, aaꞌi-aaꞌi dhu mamuri ètu rai-haha ne, aaꞌi-aaꞌi dhu mamuri ètu rai-haha ne, aaꞌi-aaꞌi dhu mamuri ètu rai-haha ne, aaꞌi-aaꞌi dhu mamuri ètu rai-haha ne, aaꞌi-aaꞌi dhu mamuri ètu rai-haha ne kahèi."
GEN 7:24,the earth remained flooded for 150 days.,"èi na, kura boe toke ca ngasu lèmi nguru lod'o.","Èle èèna ka, bèli-camèdꞌa dhèu aaꞌi-aaꞌi ètu rai-haha ne, toke dꞌai 150 lodꞌo."
GEN 8:1,"but god hadn't forgotten about noah and all the wild animals and livestock with him in the ark. god sent a wind to blow over the earth, and the floodwaters started to drop.","masi ka sèmi èèna, ama lamatua bhèlu boe noh si dènge badha-manu aa'i-aa'i dhu ètu dedha kapa. hèia na hia ngèlu g'oro, ka èi na kura ka noo-noo.","Te ngaa Ama Lamatua bhèlu boe Noh, dènge badha aaꞌi-aaꞌi, aa dènge kahibꞌi-kalèbho aaꞌi-aaꞌi dhu ètu dꞌara kapa èèna. Ka Ama Lamatua pua dꞌara dꞌara dꞌara èi, sèna ka dꞌai era aaꞌi-aaꞌi ètu rai-haha ne. Èle èèna ka, bèli-camèdꞌa bèli-camèdꞌa bèli-camèdꞌa bèli-camèdꞌa bèli-camèdꞌa bèli-camèdꞌa bèli-camèdꞌa."
GEN 8:2,"the subterranean waters were closed off, and the heavy rainfall was stopped.","na katange èi madha aa'i-aa'i ètu rai-haha ne, aa na taha èj'i kahèi.","Èle èèna ka, bèli-camèdꞌa bèli-camèdꞌa bèli-camèdꞌa bèli-camèdꞌa bèli-camèdꞌa bèli-camèdꞌa bèli-camèdꞌa bèli-camèdꞌa bèli-camèdꞌa bèli-camèdꞌa bèli-camèdꞌa bèli-camèdꞌa bèli-camèdꞌa bèli-camèdꞌa bèli-camèdꞌa bèli-camèdꞌa bèli-camèdꞌa bèli-camèdꞌa."
GEN 8:3,the floodwaters steadily receded from the earth. they had gone down so much that by 150 days after the flood began,"ka èi kura noo-noo ka. d'ai cangasu lèmi nguru lod'o, èi marèma heka.","Èle èèna ka, bèli-camèdꞌa bèli-camèdꞌa bèli-camèdꞌa bèli-camèdꞌa bèli-camèdꞌa bèli-camèdꞌa bèli-camèdꞌa bèli-camèdꞌa bèli-camèdꞌa bèli-camèdꞌa bèli-camèdꞌa bèli-camèdꞌa bèli-camèdꞌa bèli-camèdꞌa bèli-camèdꞌa bèli-camèdꞌa bèli-camèdꞌa bèli-camèdꞌa bèli-camèdꞌa bèli-camèdꞌa bèli-camèdꞌa bèli-camèdꞌa."
GEN 8:4,the ark grounded on the mountains of ararat. this happened on the seventeenth day of the seventh month.,"lèke dènge hèru ka pidhu, risi canguru pidhu lod'o, kapa eta ètu kolo ledhe aae èci, ngara na ararat.","Èle èèna ka, bèli-camèdꞌa, bèli-camèdꞌa bèli-camèdꞌa hèbꞌa ètu ledhe Ararat. Èle èèna ka, bèli-camèdꞌa bèli-camèdꞌa bèli-camèdꞌa hèbꞌa ètu ledhe Ararat. Èle èèna ka, bèli-camèdꞌa bèli-camèdꞌa hèbꞌa ètu ledhe Ararat. Èle èèna ka, bèli-camèdꞌa bèli-camèdꞌa hèbꞌa ètu ledhe Ararat. Èle èèna ka, bèli-camèdꞌa hèbꞌa ètu ledhe Ararat."
GEN 8:5,the waters continued to drop so that by the first day of the tenth month the tops of mountains could be seen.,"èi kura taruu toke lod'o ka èci, hèru ka canguru, ka kolo-kolo ledhe cèu noo-noo.","Èle èèna ka, bèli-camèdꞌa, bèli-camèdꞌa bèli-camèdꞌa bèli-camèdꞌa bèli-camèdꞌa bèli-camèdꞌa bèli-camèdꞌa bèli-camèdꞌa. Èle èèna ka, bèli-camèdꞌa bèli-camèdꞌa bèli-camèdꞌa bèli-camèdꞌa bèli-camèdꞌa bèli-camèdꞌa bèli-camèdꞌa. Èle èèna ka, bèli-camèdꞌa bèli-camèdꞌa bèli-camèdꞌa bèli-camèdꞌa bèli-camèdꞌa."
GEN 8:6,"forty days later noah opened the window he'd made in the ark,","risi nèti èpa nguru lod'o, hèia noh bhoke jendela èci.","Èle èèna ka, dꞌai èpa nguru lodꞌo, Noh bhoke jꞌajꞌèra èci dhu na tao ètu dedha kapa."
GEN 8:7,and sent a raven out. it flew back and forth until the water on the earth had dried up.,"ka na patalale lakaa ci'u. manu-bhui ne lela la'e-mai, toke èi puru. ka na lèpa heka asa kapa.","Èle èèna ka, jaꞌa pua ana pajuu èci mai asa liꞌu. Hèia pajuu-paleha, toke èi aaꞌi-aaꞌi dhu ètu rai-haha sèra kèdꞌi kèdꞌi-kèdꞌi aaꞌi-aaꞌi aaꞌi-aaꞌi ra ètu dedha-liꞌu aaꞌi-aaꞌi ra. Nèti èèna ka, jaꞌa kèdꞌi kèdꞌi kèdꞌi-kèdꞌi aaꞌi-aaꞌi aaꞌi-aaꞌi aaꞌi-aaꞌi aaꞌi-aaꞌi aaꞌi-aaꞌi aaꞌi-aaꞌi aaꞌi-aaꞌi aaꞌi-aaꞌi aaꞌi-aaꞌi aaꞌi-aaꞌi aaꞌi-aaꞌi aaꞌi-aaꞌi aaꞌi-aaꞌi aaꞌi-aaꞌi aaꞌi-aaꞌi aaꞌi-aaꞌi aaꞌi-aaꞌi aaꞌi-aaꞌi aaꞌi-aaꞌi aaꞌi-aaꞌi aaꞌi-aaꞌi aaꞌi-aaꞌi."
GEN 8:8,then he sent a dove out to see if the waters had gone down enough to expose dry ground.,"hèia noh patabuli hari, koro j'aha ci'u, sèna ka neo ne'a èi na puru le, do dhae.","Èle èèna ka, dhèu aae nèti dedha-liru, laꞌe paraga dènge dhèu aae, sèna ka neꞌa, na, bèli-camèdꞌa èi dhu leko-monya aaꞌi-aaꞌi ètu dedha-liru, do aadꞌo. Èle èèna ka, hèia laꞌe paraga dènge dhèu aae, sèna ka neꞌa, na, bèli-camèdꞌa èi leko-monya aaꞌi-aaꞌi dhu leko-monya aaꞌi-aaꞌi leko-monya aaꞌi-aaꞌi leko-monya aaꞌi-aaꞌi leko-monya aaꞌi-aaꞌi leko-monya aaꞌi-aaꞌi leko-monya."
GEN 8:9,"but the dove couldn't find anywhere to land. so it came back to noah in the ark because water was still covering the whole earth. he reached out his hand, picked up the dove, and took it back into the ark with him.","te ngaa, lula èi hutu nare dedha-rai era, ka koro ne abhu boe era tèka. ka lèpa hari asa kapa. hèia noh j'ole ai na, kèpe nare, ka na pamaso hari asa d'ara kapa.","Te ngaa hèbꞌa ne abhu boe era èci sa. Nèti èèna ka, hèbꞌa ne lèpa dènge Noh ètu dꞌara dedha kapa, lula èi ètu rai-haha ne. Hèia hèbꞌa ne dènge kacui-aai na, hèbꞌa nèti hèbꞌa ne asa dꞌara kapa."
GEN 8:10,he waited another seven days and sent the dove out from the ark again.,"ka noh tatae hari d'ai pidhu lod'o, hèia na patabuli hari koro j'aha deo na.","Èle èèna ka, Musa dꞌai èpa lodꞌo hari. Èle èèna ka, na pua dhèu seꞌe mai hari nèti dedha kapa."
GEN 8:11,"when it came back to him in the evening it had a freshly-picked olive leaf in its beak, so noah knew the floodwaters were mainly gone from the earth.","d'ara lod'o nihia sa, koro ne lèpa hari la'e asa noh, tutu nèti dènge rèu saitun ca rèu dhu heka tutu nare kèna. nèti èèna ka, noh heka ne'a kèna, èi na dhu puru le tare'a di.","Èle èèna ka, lodꞌo dꞌai madha lodꞌo èle rai-haha ne, nèngu lèpa hari asa dꞌara rai-haha ne. Nèti èèna ka, nèngu ladhe nèdhi le, na, èi dhu leko-monya nèti dꞌara rai-haha ne èle le. Nèti èèna ka, nèngu ladhe nèdhi le, na, èi dhu leko-monya ètu rai-haha ne leko-monya leko-monya leko-monya leko-monya leko-monya leko-monya ètu rai-haha ne. Nèti èèna ka, nèngu ladhe nèdhi le, na, èi dhu leko-monya leko-monya ètu rai-haha ne èle leko-monya leko-monya leko-monya leko-monya leko-monya leko-monya leko-monya leko-monya leko-monya leko-monya leko-monya leko-monya leko-monya leko-monya leko-monya leko-monya leko-monya leko-monya leko-monya."
GEN 8:12,"again he waited another seven days and sent the dove out again, but this time it didn't return to him.","ka na mate hari d'ai pidhu lod'o, hèia na patalale hari koro j'aha ca hari ni. te ngaa ca tèka ne, koro ne lèpa heka.","Èle èèna ka, na manèngi hari pèri-pèri lodꞌo. Hèia na pua badha ne lasi asa liꞌu. Te ngaa badha ne lèpa boe asa neꞌe."
GEN 8:13,"by now noah was 601, and by the first day of the first month, the floodwaters on the earth were gone. noah pulled back the ark's covering and saw that the ground was drying out.","lod'o noh mamuri d'ai èna ngasu ca tèu, lèke lod'o ka èci hèru èci, èi mèti aa'i le. hèia noh bhoke jendela, ka na ladhe palème, nèdhi rai dhu mango le.","Lodꞌo èèna, bèli-camèdꞌa dꞌai lodꞌo kapodꞌe-kabèli èèna, dꞌai lodꞌo èèna, dꞌai bèli-bèli lodꞌo èèna, bèli-camèdꞌa bèli-camèdꞌa bèli-camèdꞌa ètu rai-haha ne ele-hoꞌa. Nèti èèna ka, Noh tèke eele mèdha-papake nèti dedha kapa, ka na ladhe nèdhi, na, rai-haha ne leko-monya."
GEN 8:14,by the twenty-seventh day of the second month the earth was dry.,"d'ai hèru ka dua, lod'o ka dua nguru pidhu, dedha-rai ne dhu mango meto le.","Èle èèna ka, bèli-camèdꞌa, bèli-camèdꞌa dꞌai bèli-camèdꞌa, dꞌai lodꞌo ka dua lodꞌo, rai-haha ètu rai-haha ne aaꞌi-aaꞌi mèu-mèu aaꞌi-aaꞌi. Èle èèna ka, dꞌai bèli-camèdꞌa, dꞌai bèli-camèdꞌa, dꞌai bèli-camèdꞌa aaꞌi-aaꞌi ètu rai-haha ne, hèia rai-haha ètu rai-haha ne aaꞌi-aaꞌi mèu-mèu-mèu-mèu-mèu-mèu-mèu-mèu-mèu-mèu-mèu-mèu-mèu-mèu-mèu-mèu-mèu-mèu-mèu-mèu-mèu-mèu-mèu-mèu-mèu-mèu-mèu-mèu-mèu-mèu-mèu-mèu-mèu-mèu-mèu-mèu-mèu-mèu-mèu."
GEN 8:15,"then god told noah,","ka ama lamatua peka dènge noh,","Èle èèna ka, Lamatua peka dènge Noh, aku Nèngu na,"
GEN 8:16,"leave the ark, you and your wife, your sons and their wives.",noh! aa'i-aa'i mi puru ka nèti dedha kapa èèna.,"Èu, ana-èpu èu dènge dhèu èmu-kamali èu, bèli-camèdꞌa laꞌe nèti dedha kapa ne."
GEN 8:17,"let all the animals go-the birds, the wild animals, the creatures that run along the ground-so that they can breed and increase their numbers on the earth.","papuru aa'i badha-manu sèra! nuka: badha ani, badha hui, badha dhu rod'o, dènge manu-bhui aa'i-aa'i ra. hud'i si, sèna ka ra bèba, papènu rai-haha ne.","sèna ka badha aaꞌi-aaꞌi, manu-bhui, badha aaꞌi-aaꞌi, aa badha aaꞌi-aaꞌi, aa aaꞌi-aaꞌi, aaꞌi-aaꞌi, aaꞌi-aaꞌi, aaꞌi-aaꞌi, aaꞌi-aaꞌi, aaꞌi-aaꞌi, aaꞌi-aaꞌi, aaꞌi-aaꞌi, aaꞌi-aaꞌi, aaꞌi-aaꞌi, aaꞌi-aaꞌi, aaꞌi-aaꞌi, aaꞌi-aaꞌi, aaꞌi-aaꞌi, aaꞌi-aaꞌi, aaꞌi-aaꞌi, aaꞌi-aaꞌi, aaꞌi-aaꞌi, aaꞌi-aaꞌi."
GEN 8:18-19,"so noah and his wife, his sons and their wives, left the ark. all the animals, all the creatures that run along the ground, all the birds-everything that lives on land-also left, each kind leaving together.","èle èèna ka, noh dènge dhèu èmu na, dènge ana-ana na, aa dènge dhèu èmu ana na sèra, aa'i-aa'i ra puru nèti dedha kapa èèna. badha se, aa'i-aa'i ra, kalua ka madhutu anga ra èci-èci.","Èle èèna ka, Noh dènge ana-ana na, dènge dhèu èmu-kamali na, dènge badha aaꞌi-aaꞌi, dènge manu-bhui aaꞌi-aaꞌi, dènge badha aaꞌi-aaꞌi dhu mamuri ètu dedha-liru."
GEN 8:20,"noah built an altar, and sacrificed some of the clean animals and birds as a burnt offering.","hèia noh pudhi hadhu, tao mei korban hia lamatua. nèti badha-badha dhu bisa ra'a sèra, noh nare ci'u-ci'u, ka na roro, tunu ètu dedha mei deo na, ho j'aj'i mi tadha makasi mi lamatua.","Èle èèna ka, dhèu aaꞌi-aaꞌi ètu rai-haha ne, nèti badha aaꞌi-aaꞌi dhu lèke sèra, nèti manu-bhui aaꞌi-aaꞌi dhu lèke sèra, nèti badha aaꞌi-aaꞌi sèra, nèti badha aaꞌi-aaꞌi dhu lèke sèra, nèti badha aaꞌi-aaꞌi sèra, nèti badha aaꞌi-aaꞌi sèra, nèti badha aaꞌi-aaꞌi dhu lèke sèra, nèti badha aaꞌi-aaꞌi sèra, nèti badha aaꞌi-aaꞌi dhu lèke sèra."
GEN 8:21,"the lord accepted the sacrifice, and said to himself, i won't ever again curse the ground because of human beings, even though every single thought in their minds is evil from childhood. i won't ever destroy all life again as i have just done.","ropa lamatua sangèd'u nare hèu gèmu korban deo na, d'ara na karej'e. ka na ngee na, nèti deo ne'e ne, ja'a huku heka rai-haha ne, lula bhabhelu-katub'a dhèu. masi ka rèngu dhoka ngee bhabhelu di, ja'a pa'ele iie heka ngaa-ngaa dhu mamuri, sèmi dhu ja'a heka tao kore èèna.","Èle èèna ka, Lamatua sèmi nare mèdha-panyau sèra. Hèia Lamatua peka dènge dꞌara na, ""Jaꞌa paꞌele iie boe rai èèna, lula dhèu rai-haha tao jꞌara bhelu-katubꞌa. Jaꞌa paꞌele iie boe aaꞌi-aaꞌi ètu rai-haha ne, nuka sèmi Jaꞌa paꞌele iie boe aaꞌi-aaꞌi ètu rai-haha ne, nuka sèmi Jaꞌa paꞌele iie boe aaꞌi-aaꞌi ètu rai-haha ne, nuka sèmi Jaꞌa paꞌele iie boe aaꞌi-aaꞌi ètu rai-haha ne."
GEN 8:22,"as long as the earth exists, seedtime and harvest, cold and heat, summer and winter, day and night, will never come to an end.","lod'o rai-haha ne era, hèru dènge tèu, kako madhutu atora. sèmi: hèru sèla dènge hèru puu-g'ètu, hèru pacuhi dènge hèru sagoro, hèru hadhu dènge hèru èj'i lai, mèu dènge mèda.","Lodꞌo aaꞌi-aaꞌi ètu rai-haha ne, aaꞌi-aaꞌi ètu rai-haha ne abhu heka. Lodꞌo ètu rai-haha ne, aaꞌi-aaꞌi ètu rai-haha ne abhu heka. Lodꞌo ètu rai-haha ne, aaꞌi-aaꞌi ètu rai-haha ne abhu heka. Lodꞌo ètu rai-haha ne, aaꞌi-aaꞌi ètu rai-haha ne abhu heka. Lodꞌo ètu rai-haha ne, lodꞌo ètu rai-haha ne, aaꞌi-aaꞌi ètu rai-haha ne."
GEN 9:1,"god blessed noah and his sons, and told them, reproduce, increase, and spread throughout the earth!","hèia ama lamatua pala-bagi berkat mi noh dènge ana-ana na, peka na, miu matana pa'ae-ae, sèna ka papènu rai-haha ne.","Èle èèna ka, Ama Lamatua hia mèngi-nale Noh dènge ana-èpu na. Hèia Na peka dènge si, ""Miu hudꞌi jꞌajꞌi dhèu ae-ae ètu rai-haha ne. Miu hudꞌi jꞌajꞌi dhèu ae-ae ètu rai-haha ne."""
GEN 9:2,"all animals will be very afraid of you-this includes all the birds, all the creatures that run along the ground, and all the fish in the sea. you are in charge of them.","ladhe èèna na, badha hui, manu-bhui dènge i'a aa'i-aa'i ra madha'u dènge miu. miu ka dhu ator si.","Bèli-camèdꞌa aaꞌi-aaꞌi ra madhaꞌu aaꞌi-aaꞌi, aa manu-bhui aaꞌi-aaꞌi, aa badha aaꞌi-aaꞌi ètu dedha-liru, aa iꞌa aaꞌi-aaꞌi ètu dedha-liru, aa rèngu aaꞌi-aaꞌi ra, aa rèngu aaꞌi-aaꞌi ra, aa rèngu aaꞌi-aaꞌi ra, aa rèngu aaꞌi-aaꞌi ra, aa rèngu aaꞌi-aaꞌi ra, aa rèngu aaꞌi-aaꞌi ra, aa rèngu aaꞌi-aaꞌi ra, aa rèngu aaꞌi-aaꞌi ra, aa rèngu aaꞌi-aaꞌi ra."
GEN 9:3,"every living creature that moves will be food for you, as well as all the green plants.","sisi badha aa'i-aa'i, miu bisa mi'a, sèmi dhu mi'a hua-hela, dènge rèu ana aaj'u se. aa'i-aa'i se, ja'a hia miu.",Sèmi èèna kahèi dènge ngiꞌu aaꞌi-aaꞌi dhu mamuri aaꞌi-aaꞌi dhu pakèdꞌi ètu rai-haha ne. Sèmi èèna kahèi dènge hua-hela aaꞌi-aaꞌi dhu hua-hela aaꞌi-aaꞌi dhu hua-hela aaꞌi-aaꞌi ètu rai-haha ne.
GEN 9:4,but do not eat meat with the lifeblood still in it.,"dhoka sisi dhu dènge raa era, miu madha mèu mi'a, lula samanga badha ètu raa na.",Te ngaa baku raꞌa ngiꞌu dhu mamuri na ètu dꞌara na.
GEN 9:5-6,"if your blood is shed by any animal, i will call it to account; and if your blood is shed by any person, i will call that person to account. whoever sheds the blood of a human being will have their blood shed by human beings. for god made human beings in his image.","ja'a paj'aj'i dhèu madhutu raropa ja'a. nèti èèna ka, baku pamadhe dhèu. ladhe abhu dhèu, do badha, dhu pamadhe dhèu, na, pamadhe ne kahèi. ne'e, lii paredha nèti ja'a.","Dhèu aaꞌi-aaꞌi dhu pamadhe dhèu rai-haha, bèli-camèdꞌa dhèu rai-haha pamadhe dhèu rai-haha. Te Ama Lamatua pajꞌajꞌi dhèu rai-haha, nuka sèmi Nèngu ka dhu pajꞌajꞌi dhèu rai-haha. De ladhe dhèu rai-haha pamadhe dhèu rai-haha, bèli-camèdꞌa dhèu rai-haha pamadhe dhèu rai-haha. De ladhe dhèu rai-haha pamadhe dhèu rai-haha, bèli-camèdꞌa Ama Lamatua pajꞌajꞌi dhèu rai-haha, sama sèmi Ama Lamatua dhu pajꞌajꞌi dhèu rai-haha."
GEN 9:7,"reproduce, increase, and spread throughout the earth-have many descendants!","miu se hud'i matana pa'ae-ae ku, sèna ka papènu hari rai-haha ne.",Hèia dhèu aaꞌi-aaꞌi ra jꞌajꞌi dhèu ae-ae ètu rai-haha ne. Rèngu aaꞌi-aaꞌi ra jꞌajꞌi dhèu aaꞌi-aaꞌi ra. Rèngu aaꞌi-aaꞌi ra jꞌajꞌi dhèu aaꞌi-aaꞌi ra. Rèngu aaꞌi-aaꞌi ra jꞌajꞌi dhèu aaꞌi-aaꞌi ra. Rèngu aaꞌi-aaꞌi ra jꞌajꞌi dhèu aaꞌi-aaꞌi ra. Rèngu aaꞌi-aaꞌi ra jꞌajꞌi dhèu aaꞌi-aaꞌi ra ètu rai-haha ne.
GEN 9:8,"then god told noah and his sons who were there with him,","ka ama lamatua tuhu hari lii padhai lii na,","Èle èèna ka, Ama Lamatua peka dènge Noh dènge ana-èpu na."
GEN 9:9,"listen, i'm making my agreement with you and your descendants,","de ne'e ne, ja'a pajaji dènge miu, toke d'ai lai ana lai èpu.","De nanene paie-iie! Jaꞌa paꞌèki le dènge èu, dènge ana-èpu èu aaꞌi-aaꞌi ra."
GEN 9:10,"and with all the animals around you-the birds, the livestock, and all the wild animals of the earth-every animal that accompanied you on the ark.","lii pajaji ne, lèke kahèi mi aa'i-aa'i dhu mamuri, sèmi: badha ani, badha hui, dènge manu-bhui. peka ka laa, lèke aa'i-aa'i dhu kalua palere-lere dènge miu nèti dedha kapa.","dènge badha aaꞌi-aaꞌi dhu madhutu èu ètu dedha kapa, manu-bhui, badha badha aaꞌi-aaꞌi dènge badha aaꞌi-aaꞌi dhu madhutu èu ètu dedha kapa."
GEN 9:11,in my agreement i'm promising you that i won't ever again destroy all life by means of a flood-there won't be a destructive flood like this again.,"lii pajaji ja'a sèmi ne'e: ja'a hia heka èi aae lala, ho pamadhe aa'i ngaa-ngaa dhu mamuri, aa dènge pa'ele iie rai-haha ne.","Nèti èèna ka, Jaꞌa neo paꞌèki dènge miu, peka na, Jaꞌa neo paꞌèki heka dènge dhèu aaꞌi-aaꞌi dhu mamuri ètu rai-haha ne, sèna ka jꞌajꞌi dhèu aaꞌi-aaꞌi dhu mamuri ètu rai-haha ne. Nèti èèna ka, Jaꞌa neo paꞌèki heka dènge dhèu aaꞌi-aaꞌi dhu mamuri ètu rai-haha ne, sèna ka jꞌajꞌi dhèu aaꞌi-aaꞌi dhu mamuri ètu rai-haha ne."
GEN 9:12-13,"then god said, i'm going to give you a sign to confirm the agreement i'm making between me and you and all living creatures, an agreement that will last for all generations. i've placed my rainbow in the clouds, and this will be the sign of my agreement with you and with all life on earth.","ja'a pasa saroo ètu dedha-liru, sèna ka j'aj'i tadha pasanèd'e lii pajaji ja'a dhu ma'ète boe dènge miu, dènge aa'i-aa'i dhu mamuri, aa dènge rai-haha ne.","Èle èèna ka, Ama Lamatua peka, aku Nèngu na, ""Sèmi neꞌe ka: Jaꞌa tao tadha, na, Jaꞌa paꞌèki le dènge miu, aa dènge aaꞌi-aaꞌi dhu mamuri ètu rai-haha ne, sèna ka jꞌajꞌi tadha, na, Jaꞌa paꞌèki le dènge miu, aa dènge aaꞌi-aaꞌi dhu mamuri ètu rai-haha ne, sèna ka jꞌajꞌi tadha, na, Jaꞌa paꞌèki le dènge miu, aa dènge aaꞌi-aaꞌi dhu mamuri ètu rai-haha ne, sèna ka jꞌajꞌi tadha, na, Jaꞌa paꞌèki le dènge miu, aa dènge aaꞌi-aaꞌi dhu mamuri ètu rai-haha ne, toke dꞌai mia-mia."
GEN 9:14-17,"whenever i make clouds form over the earth and the rainbow appears, it will remind me of my agreement between me and you and every kind of living creature that floodwaters won't ever again destroy all life. i will see the rainbow in the clouds and it will remind me of the eternal agreement between god and every kind of living creature that lives on the earth. then god told noah, this is the sign of the agreement i'm making between me and every creature on earth.","ladhe abhu ra'i-liru, ho saroo cèu, èèna na pasanèd'e ja'a nèti lii pajaji èèna. na peka na, èi aae pa'ele iie heka aa'i-aa'i dhu mamuri. dènge j'ara ne'e ne ka, lii pajaji ja'a dhu ma'ète boe, pa'èki tèke le dènge miu, aa dènge aa'i-aa'i dhu mamuri.","Èle èèna ka, Lamatua peka dènge Noh, aku Nèngu na, ""Ladhe Jaꞌa tao raꞌi-liru ètu dedha rai-haha ne, sèna ka jꞌajꞌi tadha, na, Jaꞌa paꞌèki le dènge dhèu aaꞌi-aaꞌi dhu mamuri ètu rai-haha ne, sèna ka jꞌajꞌi tadha, na, Jaꞌa paꞌèki le dènge dhèu aaꞌi-aaꞌi dhu mamuri ètu rai-haha ne, sèna ka dènge dhèu aaꞌi-aaꞌi dhu mamuri ètu rai-haha ne, sèna ka jꞌajꞌi tadha, na, jaꞌa paꞌèki le dènge dhèu aaꞌi-aaꞌi dhu mamuri ètu rai-haha ne, sèna ka jꞌajꞌi tadha, na, Jaꞌa paꞌèki le dènge dhèu aaꞌi-aaꞌi dhu mamuri ètu rai-haha ne, toke dꞌai mia-mia."""
GEN 9:18,"noah's sons who left the ark were shem, ham, and japheth. ham was the father of the canaanites.","ana-ana noh dhu puru nèti dedha kapa, sem, yafet dènge ham ham èèna, ama kana'an.","Uru-uru sèra, ana-èpu Noh, ngara na Sem, Ham, dènge Yafet, tèke eele nèti dedha èèna. Ham jꞌajꞌi ama nèti suku Kanaꞌan."
GEN 9:19,all the people who are spread over the world are descended from these three sons of noah.,"dhèu aa'i-aa'i ra ètu rai-haha ne, j'aj'i nèti ana noh dhèu tèlu sèra.","Dhèu aaꞌi-aaꞌi ètu rai-haha ne, bèli-camèdꞌa dhèu aaꞌi-aaꞌi mai nèti ana-èpu Nuh tèlu sèra."
GEN 9:20,"noah started to cultivate the ground as a farmer, and he planted a vineyard.","noh èèna, dhèu sab'a oka-tedhe. nèngu ka dhu uru j'ara tao oka anggor.","Èle èèna ka, dhèu aaꞌi-aaꞌi ètu rai-haha ne, ngara na Noh. Nèti èèna ka, dhèu aaꞌi-aaꞌi ètu rai-haha ne, ngara na Noh. Nèti èèna ka, dhèu aaꞌi-aaꞌi ètu rai-haha ne, maso asa rai-haha ne. Nèti èèna ka, dhèu aaꞌi-aaꞌi ètu rai-haha ne, ngara na Noh. Nèti èèna ka, dhèu aaꞌi-aaꞌi ètu rai-haha ne."
GEN 9:21,"he drank some of the wine he'd produced, got drunk, and fell asleep in his tent, naked.","ca tèka, na ninu èi anggor, ka na mahu titu kèna. hèia na puru eele mèdha-papake nèti ua na. ka na j'unu lega-loli dènge boe mèdha-papake ètu d'ara paleo na.","nèti èèna ka, naꞌa èi anggor, hèia na bhèlu. Hèia na madhe ètu dꞌara hèbꞌa na, hèia na madhe dènge mèdha-panyau."
GEN 9:22,"ham, the father of canaan, saw his father's private parts and went and told his two brothers who were outside.","ropa ham ladhe nèdhi era makae ama na, ka rai li'u la'e, lolo dènge a'a na, sem dènge yafet.","Ropa tadèngi lii padhai Ama Lamatua sèmi èèna, hèia na laꞌe peka dènge aꞌari na dua ra ètu liꞌu."
GEN 9:23,"shem and japheth picked up a cloak and, holding it over their shoulders, walked in backwards and covered up their father's privates. they made sure to look the other way so they wouldn't see their father's privates.","hèia dua ra rare sig'i-kalolo ca bèla, ka ra bhoke mema ètu kabela-kao ra. ka dua ra kako kabodho lasi asa d'ara paleo ama ra, sèna ka ra pahutu mi ngi'u na. dènge sèmi èèna, rèdhi boe era makae ama ra. èle èèna ka, ra kalua sa li'u.","Ropa tadèngi lii padhai Ama Lamatua sèmi èèna, hèia Sem dènge Yafet kèpe kodho èci, hèia ra maso asa liꞌu, sèna ka rèdhi boe mèdha-papake Ama Lamatua. Ropa tadèngi sèmi èèna, hèia dua ra maso asa liꞌu, sèna ka rèdhi boe mèdha-papake Ama Lamatua. Ropa tadèngi sèmi èèna, hèia dua ra maso asa liꞌu, sèna ka rèdhi boe mèdha-papake Ama Lamatua."
GEN 9:24,"when noah woke up from his drunken sleep, he discovered what his youngest son had done,","ropa noh mase'a, na ne'a tatao nèti ana limuri na, ham.","Èle èèna ka, Noh kèdꞌi nèti dꞌara bèdho na. Hèia na ladhe nèdhi, na, ana na dhu uru èèna tao jꞌara-jꞌara bhelu-katubꞌa nèti dꞌara bèdho na, nèti dꞌara bèdho na, nèti dꞌara bèdho na, nèti dꞌara bèdho na, nèti dꞌara bèdho na, nèti dꞌara bèdho na, nèti dꞌara bèdho na, nèti dꞌara bèdho na, nèti dꞌara bèdho na, nèti dꞌara bèdho na, nèti dꞌara bèdho na, nèti dꞌara bèdho na."
GEN 9:25,"and said, may canaan be cursed! he will be the lowest kind of slave and will serve his brothers!","ka na peka, aku nèngu na, he! ama kana'an! ja'a dhoo èu! èu ne, èèna na j'aj'i ènu nèti a'a mu si!","""Sèmi neꞌe! Ama Lamatua hagꞌe nare ne! Nèngu ne jꞌajꞌi dhèu sabꞌa dhu kapai risi nèti aꞌari na aaꞌi-aaꞌi ra."""
GEN 9:26,"then noah continued, may the lord be blessed, the god of shem, and may canaan be his slave.","koa-kio lamatua, lula sem! te ngaa kana'an j'aj'i ènu sem.","Èle èèna ka, Noh padhai lii, aku nèngu na, ""Sèmi neꞌe ka! Jaꞌa manèngi sèna ka Ama Lamatua padꞌelo dꞌara hua iia Na, aa Jaꞌa manèngi sèna ka Kenan jꞌajꞌi dhèu sabꞌa na."""
GEN 9:27,"may god give japtheth plenty of space to accommodate his many descendants, and may they live at peace among shem's people, and may canaan also be his slave.","hud'i laa, ama lamatua pataleo rai unu yafet. aa ana-èpu na mamuri mera-milu dènge ana-èpu sem. te ngaa hud'i kana'an j'aj'i ènu yafet.","Jaꞌa manèngi sèna ka Ama Lamatua padꞌelo jꞌara ae-ae mi Jafet, sèna ka jꞌajꞌi ana-èpu na ae-ae. Jaꞌa manèngi sèna ka ra mamuri paꞌèci dènge dhèu aaꞌi-aaꞌi ètu sebhe Sem. Jaꞌa manèngi sèna ka Kenan jꞌajꞌi dhèu sabꞌa na kahèi. Jaꞌa manèngi sèna ka Jaꞌa manèngi-mangajꞌi mi Jafet. Jaꞌa manèngi sèna ka Jaꞌa manèngi-mangajꞌi mi ana-èpu Jafet. Jaꞌa manèngi sèna ka Jaꞌa manèngi-mangajꞌi dènge ana-èpu Jafet. Jaꞌa manèngi sèna ka Jaꞌa manèngi-mangajꞌi sèna ka Jaꞌa manèngi-mangajꞌi."
GEN 9:28,noah lived for another 350 years after the flood.,"nèti èle èi aae lala, noh mamuri era d'ai tèlu ngasu lèmi nguru tèu.","Èle èèna ka, nèngu mamuri toke dꞌai 350 tèu."
GEN 9:29,"noah lived a total of 950 years, and then he died.","umur noh d'ai ceo ngasu lèmi nguru tèu, heka madhe kèna.","Nèti èèna ka, Noh mamuri toke dꞌai nguru nguru nguru nguru nguru tèu, hèia na madhe."
GEN 10:1,"the following are the genealogies of the sons of noah: shem, ham, and japheth. they had sons born to them after the flood.","èle èi aae, ka ana-ana noh abhu ana-èpu. nuka ana-èpu nèti sem, yafet, dènge ham.","Nèti ana-èpu Noh, sèmi neꞌe ka: Sem, Ham, dènge Jafet. Èle èèna ka, bèli-camèdꞌa bèli-camèdꞌa bèli-camèdꞌa bèli-camèdꞌa ètu rai-haha ne."
GEN 10:2-5,"the sons of japheth: gomer, magog, madai, javan, tubal, meshech, and tiras. the sons of gomer: ashkenaz, riphath, and togarmah. the sons of javan: elishah, tarshish, kittim, and dodanim. the descendants of these ancestors spread throughout the coastal areas, each group having their own language, with their families developing into different nations.","ana-èpu yafet, nuka: gomer, magog, madai, yawan, tubal, mesek dènge tiras. èci-èci ka dènge lii, suku, aa dènge rai ra. ana-èpu gomer, ka: askenas, rifat dènge togarma. ana-èpu yawan, ka: elisa, tarsis, dhèu kitim, dènge dhèu dodanim dhu pea ètu sebhe dhasi.","Ana-èpu Jafet, Elyasa, Tarsis, Kitim, dènge Dodanim. Rèngu aaꞌi-aaꞌi ra ètu sebhe sebhe sebhe sebhe sebhe sebhe sebhe sebhe sebhe sebhe sebhe sebhe sebhe sebhe sebhe sebhe sebhe sebhe sebhe sebhe sebhe sebhe sebhe sebhe sebhe sebhe sebhe sebhe sebhe sebhe sebhe sebhe sebhe sebhe sebhe sebhe sebhe sebhe sebhe sebhe sebhe sebhe sebhe sebhe sebhe sebhe sebhe sebhe sebhe sebhe sebhe sebhe sebhe sebhe sebhe sebhe sebhe sebhe sebhe sebhe sebhe sebhe sebhe sebhe sebhe sebhe sebhe sebhe sebhe sebhe sebhe sebhe sebhe sebhe sebhe sebhe sebhe sebhe sebhe sebhe sebhe sebhe sebhe sebhe sebhe sebhe sebhe sebhe sebhe sebhe sebhe sebhe sebhe sebhe sebhe sebhe sebhe sebhe sebhe sebhe."
GEN 10:6,"the sons of ham: cush, mizraim, put, and canaan.","ana-èpu ham, ka: kus, misraim, put, dènge kana'an.","Ana-èpu Ham, Kush, Mizraim, Put, dènge Kenan."
GEN 10:7,"the sons of cush: seba, havilah, sabtah, raamah, and sabteca. the sons of raamah: sheba and dedan.","ana-èpu kus, ka: seba, hawila, sabta, raema dènge sabteka. ana-èpu raema, ka: syeba dènge dedan.","ana-èpu Kush, Seba, Halah, Sabtha, Rama, dènge Sabteca. Ana-èpu Rama, Sheba, dènge Dedan."
GEN 10:8,"cush was also the father of nimrod, who set himself up as the first tyrant on earth.","ana mone kus, ka, nimrod. nèngu ne, kapala musu dhu uru tèka, aa èra.","Kush, ama Nimrod. Nimrod jꞌajꞌi dhèu kapodꞌe-kabèli dhu kapodꞌe-kabèli ètu rai-haha ne."
GEN 10:9,"he was a powerful fighter who defied the lord; which is why there's the expression, like nimrod, a powerful fighter who defied the lord.","a'èra na mai nèti lamatua, aa nèngu kahèi j'aj'i dhèu dhu èra bia magèla badha. nèti èèna ka, dhèu biasa peka na, sèna ka èu more dhèu dhu èra bia magèla badha, sèmi nimrod, dhu abhu a'èra nèti lamatua.","nèti èèna ka, dhèu rai-haha ne, ngara na Nimrod, dhèu rai-haha dhu paꞌele iie kolongara Ama Lamatua. Nèti èèna ka, dhèu aaꞌi-aaꞌi dhu paꞌele iie kolongara Ama Lamatua, ngara na Nimrod, dhèu rai-haha dhu paꞌele iie kolongara Ama Lamatua. Nèti èèna ka, dhèu aaꞌi-aaꞌi dhu paꞌele iie kolongara Ama Lamatua, ngara na Nimrod, dhèu rai-haha dhu paꞌele iie kolongara Ama Lamatua."
GEN 10:10,"his kingdom began in the cities of babel, erech, akkad, and calneh, all located in the land of shinar.","era na, mulai uru nèti rae babel, erek akad, toke kalne. rae se aa'i-aa'i ra, ètu rai sinear.","dꞌai kota Babel, Erek, Akkad, dènge Kalne, dhu ètu dꞌara rai Shinar, èèna ka dhu jꞌajꞌi dhèu aaꞌi-aaꞌi ra jꞌajꞌi dhèu aaꞌi-aaꞌi ra jꞌajꞌi dhèu aae-aaꞌi ra jꞌajꞌi dhèu aaꞌi-aaꞌi ra jꞌajꞌi dhèu aae-aaꞌi ra jꞌajꞌi dhèu aae-aaꞌi ra jꞌajꞌi dhèu aae-aaꞌi ra jꞌajꞌi dhèu aae-aaꞌi ra jꞌajꞌi dhèu aae-aaꞌi ra jꞌajꞌi dhèu aae-aaꞌi ra jꞌajꞌi dhèu aae-aaꞌi ra jꞌajꞌi dhèu aae-aaꞌi ra jꞌajꞌi dhèu aae-aaꞌi ra jꞌajꞌi dhèu aae-aaꞌi ra."
GEN 10:11,"from there he moved into assyria and built the cities of nineveh, rehoboth-ir, calah,","nèti era sèra, na nare hari asyur. ka na patitu kota niniwe, rehobot-ir, kala,","nèti era neꞌe laꞌe asa Asur. Na patitu kota-kota nèti Nineve, rehobot-ir, Calagꞌa dènge kota-kota nèti kota-kota nèti kota-kota nèti kota neꞌe, nèti kota neꞌe, nèti kota neꞌe, nèti kota neꞌe, nèti kota neꞌe, nèti kota neꞌe, nèti kota neꞌe, nèti kota neꞌe, nèti kota neꞌe, nèti kota neꞌe, nèti kota neꞌe, nèti kota neꞌe, nèti kota neꞌe, nèti kota neꞌe, nèti kota neꞌe, nèti kota neꞌe, nèti kota neꞌe, nèti kota neꞌe, nèti kota neꞌe, nèti kota ne, nèti kota neꞌe, nèti kota ne."
GEN 10:12,"and resen, which lies between nineveh and the great city of calah.","dènge resen, ètu talora aae niniwe dènge kala. aa'i-aa'i sèra, kota-kota kapai hua.","kota èèna, nèti kota Nineve, dènge kota kapai, ngara na Kala. Nèti kota ne, nèti kota Nineve, nèti kota kapai, nèti kota neꞌe ka, nèti kota neꞌe ka, nèti kota neꞌe ka, nèti kota neꞌe ka, nèti kota neꞌe ka, nèti kota neꞌe ka, nèti kota neꞌe ka, nèti kota neꞌe ka, nèti kota neꞌe ka, nèti kota neꞌe ka, nèti kota neꞌe ka, nèti kota neꞌe ka, nèti kota neꞌe ka, nèti kota neꞌe ka, nèti kota neꞌe."
GEN 10:13,"mizraim was the father of the ludites, the anamites, the lehabites, the naphtuhites,","ana-èpu misraim, ka: dhèu ludim, dhèu ananim, dhèu lehabim, dhèu naftuhim,","Mizraim, ama nèti suku Lud, Anamit, Lebat, Naftu,"
GEN 10:14,"the pathrusites, the casluhites, and the caphtorites ancestors of the philistines.","dhèu patrusim, dhèu kasluhim, dènge dhèu kaftorim. dhèu kasluhim nuka bèi-baki nèti dhèu pilistin.","dhèu Pathrus, dhèu Kasluhit, dènge dhèu Kaptorit. Rèngu aaꞌi-aaꞌi ra nèti dhèu Parisi sèra."
GEN 10:15,"canaan was the father of sidon, his firstborn, and of the hittites,","ana uuru kana'an, nuka, sidon. kana'an j'aj'i bèi-baki nèti dhèu het,",Kenan jꞌajꞌi le dhèu aae Sidon. Dhèu aae Sidon jꞌajꞌi le ana iiki nèngu. Dhèu aae Het jꞌajꞌi le dhèu aae Sidon. Rèngu jꞌajꞌi le dhèu aae Sidon. Rèngu jꞌajꞌi le dhèu aae Kenan. Rèngu jꞌajꞌi le dhèu aae Sidon. Rèngu jꞌajꞌi le dhèu aae Sidon. Rèngu jꞌajꞌi le dhèu aae Het. Rèngu jꞌajꞌi le dhèu aae Sidon. Rèngu jꞌajꞌi le dhèu aae Sidon. Rèngu jꞌajꞌi le dhèu aae Sidon. Rèngu jꞌajꞌi le dhèu aae Sidon.
GEN 10:16,"the jebusites, the amorites, the girgashites,","dhèu yebusi, dhèu amori, dhèu girgasi,","nèti suku Yebus, nèti suku Amor, nèti suku Girgash,"
GEN 10:17,"the hivites, the arkites, the sinites,","dhèu hiwi, dhèu arki, dhèu sini,","hadhu, hadhu, hadhu, hadhu, hadhu, hadhu, hadhu, hadhu, hadhu, hadhu, hadhu, hadhu, hadhu, hadhu, hadhu, hadhu, hadhu, hadhu, hadhu, hadhu, hadhu, hadhu, hadhu, hadhu, hadhu, hadhu, hadhu, hadhu, hadhu, hadhu, hadhu, hadhu, hadhu, hadhu, hadhu, hadhu, hadhu, hadhu, hadhu, hadhu, hadhu, hadhu, hadhu, hadhu, hadhu, hadhu, hadhu, hadhu, hadhu, hadhu, hadhu, hadhu, hadhu, hadhu, hadhu, hadhu, hadhu, hadhu, hadhu, hadhu, hadhu, hadhu, hadhu, hadhu, hadhu, hadhu, hadhu, hadhu, hadhu, hadhu, hadhu, hadhu, hadhu, hadhu, hadhu, hadhu, hadhu, hadhu, hadhu, hadhu, hadhu, hadhu, hadhu, hadhu, hadhu, hadhu, hadhu, hadhu."
GEN 10:18,"the arvadites, the zemarites, and the hamathites. later the canaanite tribes spread out","dhèu arwadi, dhèu semari, dènge dhèu hamati. ana-èpu kana'an se, pea palème d'ai era dhu kaj'èu,","dhèu arvad, dhèu zemar, dènge dhèu Hamat. Èle èèna ka, bèli-camèdꞌa suku Kanaani aaꞌi-aaꞌi ra rai ètu rai-haha ne."
GEN 10:19,"and the territory of the canaanites stretched from sidon towards gerar and all the way to gaza, then towards sodom, gomorrah, admah, and zeboiim, all the way to lasha.","toke too rai rèngu mulai nèti sidon taruu asa gerar, d'ai gasa. nèti èèna, la'e d'ai sodom, gomora, adma dènge seboim, d'ai kota lasa.","Bèli-camèdꞌa jꞌajꞌi propensi dhèu Kanaani, nèti Sidon toke Gerar, toke propensi Gaza. Èle èèna, nèti propensi Sodom, Gomora, Adma, dènge Zeboim, nèti propensi Lamatua, nèti propensi Lamatua, nèti propensi Lamatua, nèti propensi Lamatua, nèti propensi Lamatua, nèti propensi Lamatua, nèti propensi Lamatua, nèti propensi Lamatua, nèti propensi Lamatua, nèti propensi Lamatua, nèti propensi Lamatua, nèti propensi Lamatua, nèti propensi Lamatua, nèti propensi Lamatua, nèti propensi Lamatua, nèti propensi Lamatua, nèti propensi Lamatua, nèti propensi Lamatua, nèti propensi Lamatua, nèti propensi Lamatua, toke propensi Lamatua, nèti propensi Lamatua, nèti propensi Lamatua, nèti propensi Lamatua."
GEN 10:20,"these were the sons of ham according to their tribes, languages, lands, and nation.","rèngu aa'i-aa'i sèra, ana-èpu ham. èci-èci dènge lii, suku, aa dènge rai ra.","Aaꞌi-aaꞌi se, ana-èpu Ham, èci-èci nèti suku aaꞌi-aaꞌi ra. Èci-èci nèti suku aaꞌi-aaꞌi ra. Èci-èci nèti suku aaꞌi-aaꞌi ra. Èci-èci nèti suku aaꞌi-aaꞌi ra. Èci-èci nèti suku aaꞌi-aaꞌi ra. Èci-èci nèti suku aaꞌi-aaꞌi ra."
GEN 10:21,"shem, whose older brother was japheth, also had sons. shem was the forefather of all the sons of eber.","sem, a'a yafet, nèngu ka j'aj'i bèi-baki dhèu eber.","Sem, ari na, Yafet. Sem ne, ama nèti ana-èpu Eber aaꞌi-aaꞌi."
GEN 10:22,"the sons of shem: elam, asshur, arphaxad, lud, and aram.","ana-èpu sem, ka: elam, asyur, arpaksad, lud dènge aram.","Ana-èpu Sem: Elam, Asur, Arpaksad, Lod, dènge Aram."
GEN 10:23,"the sons of aram: uz, hul, gether, and mash.","ana-èpu aram ka: dhèu us, dhèu hul, dhèu geter, dènge dhèu mas.","Ana-èpu Aram: Uz, Hul, Geter, dènge Mash. [Dhèu aaꞌi-aaꞌi se, ana-èpu Aram. Rèngu aaꞌi-aaꞌi ra. Rèngu aaꞌi-aaꞌi ra. Rèngu aaꞌi-aaꞌi ra. Rèngu aaꞌi-aaꞌi ra. Rèngu aaꞌi-aaꞌi ra. Rèngu aaꞌi-aaꞌi ra. Rèngu aaꞌi-aaꞌi ra. Rèngu aaꞌi-aaꞌi ra. Rèngu aaꞌi-aaꞌi ra. Rèngu aaꞌi-aaꞌi ra. Rèngu aaꞌi-aaꞌi ra. Rèngu aaꞌi-aaꞌi ra. Rèngu aaꞌi-aaꞌi ra. Rèngu aaꞌi-aaꞌi ra. Rèngu aaꞌi-aaꞌi ra."
GEN 10:24,arphaxad was the father of shelah. shelah was the father of eber.,"ana arpaksad ka, sela. ana sela ka, eber.","Arpasad, ama na, Sela. Sela, ama na, Eber."
GEN 10:25,"eber had two sons. one was named peleg, because in his time the earth was divided; the name of his brother was joktan.","ana eber, mone dhèu dua. ana uuru, ngara na pelek dhu sasoa na ‘palème era', lula taa èèna dhèu pea palème ètu rai-haha ne. ngara ari na, yoktan.","Eber abhu ana dhèu dua. Ngara ca dhèu, Peleg, lula ètu dꞌara lodꞌo na, rai-haha ètu rai-haha ne jꞌajꞌi dhèu ae-ae. Aa ngara ari na, Joktan."
GEN 10:26,"joktan was the father of almodad, sheleph, hazarmaveth, jerah,","ana-èpu yoktan, ka: almodad, selef, hasar-mawet, yera,","Joktan, ama na, Almodad, Shelef, Hazarmavet, Zerah, Nèbho, Nèbho, Nèbho, Nèbho, Nèbho, Nèbho, Nèbho, Nèbho, Nèbho, Nèbho, Nèbho, Nèbho, Nèbho, Nèbho, Nèbho, Nèbho, Nèbho, Nèbho, Nèbho, Nèbho, Nèbho, Nèbho, Nèbho, Nèbho, Nèbho, Nèbho, Nèbho, Nèbho, Nèbho, Nèbho, Nèbho, Nèbho, Nèbho, Nèbho, Nèbho, Nèbho, Nèbho, Nèbho, Nèbho, Nèbho, Nèbho, Nèbho, Nèbho, Nèbho,"
GEN 10:27,"hadoram, uzal, diklah,","hadoram, usal, dikla,","hadoram, uzal, dikla, kahibꞌi-kalèbho, kahibꞌi-kalèbho, kahibꞌi-kalèbho, kahibꞌi-kalèbho, kahibꞌi-kalèbho, kahibꞌi-kalèbho, kahibꞌi-kalèbho, kahibꞌi-kalèbho, kahibꞌi-kalèbho, kahibꞌi-kalèbho, kahibꞌi-kalèbho, kahibꞌi-kalèbho, kahibꞌi-kalèbho, kahibꞌi-kalèbho, kahibꞌi-kalèbho, kahibꞌi-kalèbho, kahibꞌi-kalèbho, kahibꞌi-kalèbho, kahibꞌi-kalèbho, kahibꞌi-kalèbho, kahibꞌi-kalèbho, kahibꞌi-kalèbho, kahibꞌi-kalèbho, kahibꞌi-kalèbho,"
GEN 10:28,"obal, abimael, sheba,","obal, abimael, syeba,","Obal, Abimael, Shebꞌa, Kèbꞌa, Kèbꞌa, Kèbꞌa, Kèbꞌa, Kèbꞌa, Kèbꞌa, Kèbꞌa, Kèbꞌa, Kèbꞌa, Kèbꞌa, Kèbꞌa, Kèbꞌa, Kèbꞌa, Kèbꞌa, Kèbꞌa, Kèbꞌa, Kèbꞌa, Kèbꞌa, Kèbꞌa, Kèbꞌa, Kèbꞌa, Kèbꞌa, Kèbꞌa, Kèbꞌa, Kèbꞌa, Kèbꞌa, Kèbꞌa, Kèbꞌa, Kèbꞌa, Kèbꞌa, Kèbꞌa, Kèbꞌa, Kèbꞌa, Kèbꞌa, Kèbꞌa, Kèbꞌa, Kèbꞌa, Kèbꞌa, Kèbꞌa, Kèbꞌa, Kèbꞌa"
GEN 10:29,"ophir, havilah, and jobab. these were all sons of joktan.","ofir, hawila, dènge yobab. rèngu aa'i-aa'i se, ana-èpu yoktan.","Ofir, Havila, dènge Jobab. Aaꞌi-aaꞌi se, ana-èpu Joktan."
GEN 10:30,"they lived in the land lying between mesha to sephar, in the hill country to the east.","era pea rèngu, mulai nèti mesa, taruu d'ai sefar, nuka era dhu kabhuku re sebhe dhimu.","Rèngu pea ètu rai Mesa toke Sefar, ètu sebhe cabèka."
GEN 10:31,"these were the sons of shem, according to their tribes, languages, lands, and nations.","rèngu aa'i-aa'i se, ana-èpu sem. èci-èci ka dènge lii, suku, aa dènge rai ra.","Rèngu se, ana-èpu Sem. Rèngu se, nèti suku-suku ra, nèti suku-suku ra, nèti suku-suku ra, nèti suku-suku ra, nèti suku aaꞌi-aaꞌi ra."
GEN 10:32,"these were all the tribes descended from noah's sons, according to their genealogies and national groups. from these ancestors the different nations of the earth spread around the world after the flood.","aa'i-aa'i se, ana-èpu noh, èci-èci ka dènge suku ra. ropa èi aae lala èle, rèngu se'e ka pea papènu lème rai-haha ne.","Rèngu se, suku-suku nèti ana-èpu Noh. Rèngu aaꞌi-aaꞌi ra, ana-èpu nèti suku aaꞌi-aaꞌi ra. Ètu rai-haha ne, dhèu aaꞌi-aaꞌi ra jꞌajꞌi dhèu rai-haha ètu rai-haha. Èle èèna ka, bèli-camèdꞌa ètu rai-haha ne, dhèu aaꞌi-aaꞌi ra jꞌajꞌi dhèu-dhèu aaꞌi-aaꞌi ètu rai-haha."
GEN 11:1,at that time the whole world spoke just one language and used words with the same meaning.,"uru-uru tèka na, dhèu ètu rai-haha ne, dhoka lii èci di.","Lodꞌo èèna, dhèu aaꞌi-aaꞌi ètu rai-haha ne, padhai lii èci di."
GEN 11:2,as they moved east they discovered a plain in the land of shinar so they settled there.,"lod'o rèngu cahag'e lasi asa ca bèka dhimu, ra d'ai era mera ètu sinear, ka ra pea ètu èèna.","Èle èèna ka, bèli-camèdꞌa rèngu lèpa asa cabèka, ka rèngu paraga dènge rai èci, ètu rai Shinar. Ka ra pea ètu èèna."
GEN 11:3-4,"they said to one another, come on, let's make some bricks and bake them with fire. they used brick instead of stone, and tar instead of cement. then they said, now let's build a city for ourselves with a tower whose top reaches the heavens. that way we'll gain a great reputation and we won't end up being scattered all over the world.","rèngu aa'i-aa'i rare lii èci, aku rèngu na, a'ari, ee! mai ta patitu kota kapai aae cue. ti tao hadhu bata; ti tunu pa'adhu. èèna na, èdhi pudhi sa dedha, ho ti tape dènge èi dama. ho èèna na, ti patitu manara dedha aae èci, dhu kolo nèngu na d'ai dedha-liru, sèna ka èdhi abhu kolongara kapai. ho sèna ka èdhi j'aj'i ca kabarai aae, dhu pahag'a ia ka.","Ka ra padhai lii èci dènge èci, aku rèngu na, ""Mai ka, jiꞌi tao ajꞌu èci, ho jiꞌi tao ai. Jiꞌi tao ajꞌu èci dènge ai. Jiꞌi tao ajꞌu èci, te ngaa jiꞌi tao ajꞌu èci, te ngaa jiꞌi pake ajꞌu èci, te ngaa jiꞌi tao ajꞌu èci, te ngaa jiꞌi pake ajꞌu èci, te ngaa jiꞌi tao ajꞌu èci, te ngaa jiꞌi pake ajꞌu èci, te ngaa jiꞌi pake ajꞌu èci, te ngaa jiꞌi pake ajꞌu èci, te ngaa jiꞌi pake ajꞌu èci, te ngaa jiꞌi pake ajꞌu èci, te ngaa jiꞌi tao ajꞌu èci, sèna ka jꞌajꞌi dhèu aaꞌi-aaꞌi, sèna ka dhèu aaꞌi-aaꞌi bisa tadhe jiꞌi, sèna ka dhèu aaꞌi-aaꞌi bisa boe pahaha iisi jiꞌi asa rai-haha ne."""
GEN 11:5,but the lord came down to take a look at the city and the tower that the people were building.,hèia lamatua puru mai laladhe kota dènge manara dhu ra patitu èèna.,"Èle èèna ka, Lamatua puru mai, ho ladhe-leru kota ne, dènge hadhu dhu dhèu aaꞌi-aaꞌi patitu ètu dꞌara èmu ne, dhu dhèu aaꞌi-aaꞌi patitu ètu dꞌara èmu ne. Nèti èèna ka, dhèu aaꞌi-aaꞌi mai ladhe-leru kota ne, dènge hadhu dhu dhèu aaꞌi-aaꞌi patitu ètu dꞌara èmu ne, sèna ka ladhe-leru aaꞌi-aaꞌi dhu dhèu aaꞌi-aaꞌi patitu ètu dꞌara èmu ne."
GEN 11:6,"the lord said, look! these people are united and they all speak one language. if this is what they can do now when they're just getting started, nothing will be impossible for them when they all put their minds to it!","ka na peka na, dhèu rai-haha se, aa'i-aa'i ra ca kabarai, dènge lii èci di. ngaa dhu rèngu tao ne, heka mulai kèna. bèli-camèd'a ladhe rèngu aa'i-aa'i ra j'aj'i mi èci sèmi ne'e, èèna na, ngaa dhu rèngu neo tao, j'aj'i aa'i mèu-mèu.","Èle èèna ka, Lamatua peka dènge dhèu aaꞌi-aaꞌi sèra, aku Nèngu na, ""Sèmi neꞌe! Dhèu aaꞌi-aaꞌi se paꞌèki dènge èci, aa ra padhai lii èci. De ladhe dhèu aaꞌi-aaꞌi mulai tao jꞌara-jꞌara neꞌe, na, rèngu bisa tao jꞌara-jꞌara neꞌe kahèi. Ladhe dhèu aaꞌi-aaꞌi bisa tao jꞌara-jꞌara neꞌe, na, rèngu bisa tao jꞌara-jꞌara neꞌe kahèi. De ladhe dhèu aaꞌi-aaꞌi bisa tao jꞌara-jꞌara neꞌe, na, rèngu bisa tao jꞌara-jꞌara neꞌe."
GEN 11:7,we need to go down and mix up their language and make it confused so they won't be able to understand what they're saying to one other.,"de be'a risi, èdhi puru lati ho tao lii si baka-leo, ho sèna ka èci ne'a boe lii èci.","Èdhi hudꞌi laꞌe asa dꞌara èmu rèngu, ho pakabꞌua lii rèngu, sèna ka rèngu bisa boe meꞌa ngaa dhu ra padhai lii èci dènge èci. De èdhi hudꞌi pakabꞌua lii rèngu, sèna ka rèngu bisa boe meꞌa ngaa dhu ra padhai lii èci dènge èci."
GEN 11:8,"the lord sent them away from there and scattered them all over the world, and they gave up building the city.","hèia lamatua puru, ka kakeho lii ra. dènge j'ara sèmi èèna, na pacèri si palème rai-haha ne. ka ra pakèd'i taruu heka kota deo na.","Èle èèna ka, Lamatua paꞌele iie si nèti era neꞌe. Hèia Lamatua paꞌele iie si asa rai-haha ne. Ropa tadèngi lii padhai Ama Lamatua, hèia dhèu aaꞌi-aaꞌi se aaꞌi-aaꞌi ra patitu ètu dꞌara rai-haha ne. Nèti èèna ka, dhèu aaꞌi-aaꞌi se aaꞌi-aaꞌi ra patitu ètu dꞌara rai-haha ne. Nèti èèna ka, rèngu aaꞌi-aaꞌi ra patitu ètu dꞌara rai-haha ne."
GEN 11:9,"that's why it was called babel, because the lord made the language of the world confused.","nèti èèna ka, ra pangare kota na, babel dhu sasoa na ‘pab'ingu', lula lamatua kakeho lii ra, aa pacèri eele si palème rai-haha ne.","Nèti èèna ka, dhèu aaꞌi-aaꞌi ètu rai-haha ne ra pangare lii Babel, lula Lamatua pajꞌajꞌi dhèu aaꞌi-aaꞌi ètu rai-haha."
GEN 11:10,"the following is the genealogy of shem. when shem was 100, he had arphaxad. this was two years after the flood.","se'e se, ana-èpu sem. ropa èle èi aae lala dua tèu sa, sem mamuri cangasu tèu kèna, ka na abhu ana mone ca dhèu, ngara na arpaksad.","Èci èèna ka jꞌara-jꞌara dhèu Israꞌel, ngara na Sem. Lodꞌo sèmi èèna, umur na dꞌai ca lodꞌo. Lodꞌo èèna, bèli-camèdꞌa bèli-camèdꞌa bèli-camèdꞌa bèli-camèdꞌa bèli-camèdꞌa bèli-camèdꞌa bèli-camèdꞌa bèli-camèdꞌa bèli-camèdꞌa bèli-camèdꞌa bèli-camèdꞌa bèli-camèdꞌa bèli-camèdꞌa."
GEN 11:11,shem lived another 500 years after arphaxad was born and had other sons and daughters.,"ka sem mamuri hari d'ai lèmi ngasu tèu, na abhu hari ana mone dènge ana bhèni.","Èle èèna ka, Sem pea ètu rai-haha ne, toke dꞌai èpa nguru tèu. Èle èèna ka, Sem abhu ana mone dènge ana bhèni."
GEN 11:12,"when arphaxad was 35, he had shelah.","lod'o umur arpaksad d'ai tèlu nguru lèmi tèu, na abhu ana mone ca dhèu, ngara na sela.","Lodꞌo Arpasad dènge umur tèlu nguru tèu, na nara iisi na."
GEN 11:13,arphaxad lived another 403 years after shelah was born and had other sons and daughters.,"ka arpaksad mamuri hari d'ai èpa ngasu tèlu tèu, na abhu hari ana mone dènge ana bhèni.","Èle èèna ka, Arpasad mamuri èpa nguru tèlu tèu. Èle èèna ka, Arpasad jꞌajꞌi ana mone dènge ana bhèni."
GEN 11:14,"when shelah was 30, he had eber.","lod'o umur sela d'ai tèlu nguru tèu, na abhu ana mone ca dhèu, ngara na eber.","Lodꞌo Shela dènge umur 30 tèu, na nara iisi èci, ngara na Eber."
GEN 11:15,shelah lived another 403 years after eber was born and had other sons and daughters.,"ka sela mamuri hari d'ai èpa ngasu tèlu tèu, na abhu hari ana mone dènge ana bhèni.","Èle èèna ka, nèngu mamuri èpa nguru tèlu tèu. Èle èèna ka, nèngu nara iisi Eber, dènge ana mone dènge ana bhèni."
GEN 11:16,"when eber was 34, he had peleg.","lod'o umur eber d'ai tèlu nguru èpa tèu, na abhu ana mone ca dhèu, ngara na pelek.","Lodꞌo Eber dènge umur èpa nguru tèlu tèu, na abhu ca dhèu pèri-pèri ètu dꞌara èmu na. Nèti èèna ka, nèngu abhu ca dhèu pèri-pèri ètu dꞌara èmu na. Nèti èèna ka, nèngu abhu ca dhèu pèri-pèri ètu dꞌara èmu na. Nèti èèna ka, nèngu abhu ca dhèu pèri-pèri ètu dꞌara èmu na. Nèti èèna ka, nèngu abhu ca dhèu pèri-pèri ètu dꞌara èmu na."
GEN 11:17,eber lived another 430 years after peleg was born and had other sons and daughters.,"ka eber mamuri era d'ai èpa ngasu tèlu nguru tèu, na abhu hari ana mone dènge ana bhèni.","Nèti èèna ka, Eber mamuri toke dꞌai èpa nguru tèlu nguru tèu. Ka na nara iisi ana mone dènge ana bhèni."
GEN 11:18,"when peleg was 30, he had reu.","lod'o umur pelek d'ai tèlu nguru tèu, na matana ana mone ca dhèu, ngara na rehu.","Ropa rèngu dꞌai 30 tèu, hèia na kèdꞌi kèdꞌi ètu dꞌara èmu na. Nèti èèna ka, na kèdꞌi kèdꞌi kèdꞌi kèdꞌi kèdꞌi kèdꞌi kèdꞌi kèdꞌi kèdꞌi kèdꞌi kèdꞌi kèdꞌi kèdꞌi kèdꞌi kèdꞌi kèdꞌi kèdꞌi kèdꞌi kèdꞌi kèdꞌi kèdꞌi kèdꞌi kèdꞌi kèdꞌi kèdꞌi kèdꞌi kèdꞌi kèdꞌi kèdꞌi kèdꞌi kèdꞌi kèdꞌi kèdꞌi kèdꞌi kèdꞌi kèdꞌi kèdꞌi kèdꞌi kèdꞌi kèdꞌi kèdꞌi kèdꞌi kèdꞌi kèdꞌi kèdꞌi kèdꞌi kèdꞌi kèdꞌi kèdꞌi kèdꞌi kèdꞌi kèdꞌi kèdꞌi kèdꞌi kèdꞌi kèdꞌi kèdꞌi kèdꞌi kèdꞌi kèdꞌi kèdꞌi kèdꞌi kèdꞌi kèdꞌi kèdꞌi kèdꞌi kèdꞌi kèdꞌi kèdꞌi kèdꞌi kèdꞌi kèdꞌi kèdꞌi kèdꞌi kèdꞌi kèdꞌi kèdꞌi kèdꞌi kèdꞌi kèdꞌi kèdꞌi kèdꞌi kèdꞌi kèdꞌi kèdꞌi kèdꞌi kèdꞌi kèdꞌi kèdꞌi kèdꞌ"
GEN 11:19,peleg lived another 209 years after reu was born and had other sons and daughters.,"ka pelek mamuri era d'ai dua ngasu ceo tèu, na abhu hari ana mone dènge ana bhèni.","Èle èèna ka, Rèhu mamuri toke dꞌai èpa nguru nguru nguru dua nguru tèu. Èle èèna ka, Rèhu nara iisi ana-èpu dènge ana-èpu na."
GEN 11:20,"when reu was 32, he had serug.","lod'o umur rehu d'ai tèlu nguru dua tèu, na abhu ana mone èci, ngara na seruk.","lodꞌo reu dènge umur 32 tèu, na abhu pèdꞌa-pèdꞌa ètu dꞌara èmu na. Nèti èèna ka, na abhu pèdꞌa-pèdꞌa ètu dꞌara Èmu Kapua Manèngi-Mangajꞌi ètu dꞌara Èmu Kapua Manèngi-Mangajꞌi ètu dꞌara Èmu Kapua Manèngi-Mangajꞌi ètu dꞌara Èmu Kapua Manèngi-Mangajꞌi ètu dꞌara Èmu Kapua Manèngi-Mangajꞌi ètu dꞌara Èmu Kapua Manèngi-Mangajꞌi ètu dꞌara Èmu Kapua Manèngi-Mangajꞌi ètu dꞌara Èmu Kapua Manèngi-Mangajꞌi ètu dꞌara Èmu Kapua Manèngi-Mangajꞌi ètu dꞌara Èmu Kapua Manèngi-Mangajꞌi."
GEN 11:21,reu lived another 207 years after serug was born and had other sons and daughters.,"ka rehu mamuri era d'ai dua ngasu pidhu tèu, na abhu hari ana mone dènge ana bhèni.","Èle èèna ka, Rèhu mamuri toke dꞌai 207 tèu. Èle èèna ka, Rèhu nara iisi ana mone dènge ana bhèni."
GEN 11:22,"when serug was 30, he had nahor.","lod'o umur seruk d'ai tèlu nguru tèu, na matana ana mone ca dhèu, ngara na nahor.","Èle èèna ka, Serug dènge umur 30 tèu, hèia naꞌa-nori dhèu aae na, nèti èèna ka, naꞌa-nori dhèu aae na, nèti èèna ka, naꞌa-nori dhèu aae na, nèti èèna ka, naꞌa-nori dhèu aae na, nèti èèna ka, naꞌa-nori dhèu aae na, nèti èèna ka, naꞌa-nori dhèu aae na, nèti èèna ka, naꞌa-nori dhèu aae na, nèti èèna ka, naꞌa-nori dhèu aae na, nèti èèna ka, naꞌa-nori dhèu aae na, nèti èèna ka, na, na, na, na, na, na, na, na, na, na, na, na, na, na, na, na, na, na, na, na, na, na, na, na, na, na, na, na, na, na, na, na, na, na, na, na, na, na, na, na, na, na, na, na, na, na, na, na, na, na, na, na, na, na, na, na, na, na, na, na, na, na, na, na, na, na, na, na, na, na, na, nèti"
GEN 11:23,serug lived another 200 years after nahor was born and had other sons and daughters.,"ka seruk mamuri era d'ai dua ngasu tèu, ka na abhu hari ana mone dènge ana bhèni.","Èle èèna ka, Seruk mamuri toke dꞌai dua nguru tèu, toke nara iisi Nahor. Na abhu hari ana mone dènge ana bhèni."
GEN 11:24,"when nahor was 29, he had terah.","lod'o umur nahor d'ai dua nguru ceo tèu, na abhu ana mone èci, ngara na tera.","Lodꞌo Nahor dꞌai 29 tèu, nèngu madhe le. Nèti èèna ka, Nahor jꞌajꞌi dhèu aaꞌi-aaꞌi ètu rai-haha ne. Nèti èèna ka, Nahor jꞌajꞌi dhèu aaꞌi-aaꞌi ètu rai-haha ne. Nèti èèna ka, Nahor jꞌajꞌi dhèu aaꞌi-aaꞌi ètu rai-haha ne. Nèti èèna ka, Nahor jꞌajꞌi dhèu aaꞌi-aaꞌi ètu rai-haha ne. Nèngu jꞌajꞌi dhèu aaꞌi-aaꞌi ètu rai-haha ne. Nèngu jꞌajꞌi dhèu aaꞌi-aaꞌi ètu rai-haha ne."
GEN 11:25,nahor lived another 119 years after terah was born and had other sons and daughters.,"ka nahor mamuri era d'ai cangasu canguru ceo tèu, ka na abhu hari ana mone dènge ana bhèni.","Èle èèna ka, Nahor mamuri toke dꞌai èpa nguru nguru tèu. Nèti èèna ka, Nahor nara iisi ana mone dènge ana bhèni."
GEN 11:26,"when terah was 70, he had abram, nahor, and haran.","lod'o umur tera d'ai pidhu nguru tèu risi, na abhu ana mone, dhèu tèlu: abram, nahor, dènge haran.","Tera, dhèu èpa nguru dua, abhu Abram, Nahor, dènge Haran."
GEN 11:27,"the following is the genealogy of terah. terah was the father of abram, nahor, and haran. haran was the father of lot.","ana-èpu tera, sèmi ne'e: ana mone na, ka: abram, nahor, dènge haran. haran abhu ana mone ca dhèu, ngara na lot.","Uru-uru sèmi neꞌe ka: Tera, ama nèti Abram, na, Nahor, dènge Haran. Haran, ama nèti Lot. Nèngu ka dhu jꞌajꞌi ana-èpu Abraham. Nèngu ka dhu jꞌajꞌi dhèu unu Ama Lamatua. Nèngu ka dhu jꞌajꞌi ana-èpu Abraham. Nèngu ka dhu jꞌajꞌi ana-èpu Abraham. Nèngu ka dhu jꞌajꞌi ana-èpu Abraham. Nèngu ka dhu jꞌajꞌi ana-èpu Abraham. Nèngu ka dhu jꞌajꞌi ana-èpu Abraham. Nèngu ka dhu jꞌajꞌi ana-èpu Abraham. Nèngu ka dhu jꞌajꞌi ana-èpu Abraham. Nèngu ka dhu jꞌajꞌi ana-èpu Abraham. Nèngu ka dhu jꞌajꞌi ana-èpu Abraham."
GEN 11:28,"however, haran died while his father, terah, was still alive, in ur of the chaldeans, the land of his birth.","haran madhe ètu rae èta-èsu na, ngara na ur, rai dhèu kasdim. lod'o èèna, ama na tera mamuri era.","Èle èèna ka, Haran madhe, lodꞌo ama na Sarai pea ètu rai Uru, ètu rai Kaldea."
GEN 11:29,"abram and nahor both got married. abram's wife was named sarai, and nahor's wife was named milcah. she was the daughter of haran, who was the father of both milcah and iscah.","abram madhèdi dènge sarai. nahor leo dènge ana bhèni haran, ngara na milka. haran abhu ana mone èci kahèi, ngara na yiska.","Ka dua ra jꞌajꞌi dhèu èmu-kamali. Dhèu èmu Abram, ngara na Sarai. Aa dhèu èmu Nahor, ngara na Milka. Dua ra jꞌajꞌi dhèu èmu Haran, ngara na Isak."
GEN 11:30,sarai wasn't able to become pregnant and so had no children.,te ngaa sarai dènge boe ana.,"Sarai bisa boe jꞌajꞌi bèdho, aa dènge boe ana."
GEN 11:31,"terah took his son abram, his grandson lot who was the son of haran, his daughter-in-law sarai the wife of his son abram, and left ur of the chaldeans to move to the land of canaan. they got as far as haran and settled there.","ca tèka, tera nèti ana na abram, dènge sarai dhèu èmu abram, dènge èpu na lot, lasi tèke eele rae ur, neo lasi asa rai kana'an. te ngaa lasi d'ai rae haran, rèngu pea ka ètu èèna.","Èle èèna ka, Tera tèke eele kota Uri, nèti rai Kaldea, lasi pea asa rai Kanaꞌan. Èle èèna ka, rèngu lasi pea asa rae Haran."
GEN 11:32,terah lived for 205 years and died in haran.,"tera madhe ètu èèna, dènge umur na dua ngasu lèmi tèu.","Rèngu mamuri toke 205 tèu, hèia madhe ètu Haran."
GEN 12:1,"the lord told abram, leave your country, your relatives, your family home, and travel to the land i'm going to show you.","lod'o èèna, lamatua peka le dènge abram, peka na, abram! èu pakèd'i nèti era èu ne, tèke eele ina-ama èu, èmu ina-ama mu, dènge rae-lesa èu. lamu asa era èci, dhu pe ja'a peka dènge èu.","Èle èèna ka, Lamatua peka dènge Abram, aku Nèngu na, ""Èu hudꞌi tèke eele rai èu, dènge aꞌari èu, dènge aꞌari èu, ho laꞌe asa rai dhu Jaꞌa padꞌelo dènge èu."""
GEN 12:2,i will make you the ancestor of a great nation and i will bless you. i will make sure you have a great reputation and that you are a blessing to others.,"èèna na, ja'a hia mèngi-nale mi èu. aa ana-èpu èu, èèna na, bèba-kacanga, j'aj'i suku dhu kapai, toke dhèu tadhe kolongara èu. ho bèli-camèd'a, èu j'aj'i berkat hia dhèu leo kahèi.","Èèna na, Jaꞌa tao èu jꞌajꞌi suku kapai. Jaꞌa patabuli èu, aa dhèu aaꞌi-aaꞌi tadhe èu. Èèna na, èu jꞌajꞌi jꞌara-jꞌara beꞌa mi dhèu aaꞌi-aaꞌi."
GEN 12:3,i will bless those who bless you; i will curse those who curse you. everyone on earth will be blessed through you.,"èèna na, ja'a hia berkat mi dhèu dhu hia berkat mi èu. te ngaa ja'a huku dhèu cee dhu dhoo èu. nanene paie! pe èèna na, dhèu aa'i-aa'i ètu rai-haha ne abhu berkat lula èu.","Èèna na, Jaꞌa patabuli dhèu dhu patabuli èu. Aa dhèu dhu pahaha iisi èu, Jaꞌa pahaha iisi. Aa dhèu aaꞌi-aaꞌi ètu rai-haha, bèli-camèdꞌa rèngu patabuli èu."""
GEN 12:4-5,"so abram left following the lord's instructions, and lot went with him. abram was 75 when he left haran. with him went his wife sarai, his nephew lot, together with all the possessions they had collected and the people that had joined them in haran. they left for the land of canaan. when they arrived there,","lod'o èèna, umur abram pidhu nguru lèmi tèu. na nèti dhèu èmu na sarai, aa dènge ana ari na, lot, dènge mèdha-panyau ra aa'i-aa'i, aa dènge dhèu sab'a na aa'i-aa'i dhu na abhu ètu kota haran. hèia abram si lasi ka, tèke eele kota haran, asa era dhu lamatua peka le dènge ne. ka ra kako taruu, d'ai rai èci, ngara na kana'an.","Èle èèna ka, dhèu aae Abram, Sarai, dènge Lot, dènge mèdha-panyau rèngu aaꞌi-aaꞌi dhu rèngu pakaboko ètu Haran. Dhèu aaꞌi-aaꞌi dhu paꞌèki dènge rèngu ètu Haran, lèpa hari asa rai Kanaꞌan."
GEN 12:6,"abram traveled on through the land as far as a place called shechem, stopping at the oak tree of moreh. at that time the land was occupied by canaanites.","d'ai era èèna, abram kako palème rai ne, toke d'ai padètu dènge rae èci, ngara na sikem. ka ra pea taha ètu èèna, padètu dènge aj'u aae ca kapua ètu more. lod'o èèna, dhèu kana'an dhu pea ètu èèna era.","Èle èèna ka, Abram kako palème rai èèna, toke dꞌai era èci, ngara na Sikem. Nèti èèna ka, na pea ètu ajꞌu ajꞌu karehe ètu rai neꞌe. Lodꞌo èèna, dhèu Kanaani pea ètu rai neꞌe."
GEN 12:7,"the lord appeared to abram and said, i'm going to give this land to your descendants. so abram built an altar to the lord there because that was where the lord appeared to him.","ètu era èèna ka, lamatua pad'elo iisi na mi abram, peka na, èèna na, ja'a hia ana-èpu èu rai ne'e ne. ka abram pudhi hadhu tao mei korban hia lamatua dhu pad'elo iisi na dènge nèngu ètu era èèna.","Èle èèna ka, Lamatua padꞌelo dꞌara Na mi Abram, ka Na peka, aku Nèngu na, ""Jaꞌa bꞌala rai ne, sèna ka jꞌajꞌi le mi ana-èpu èu aaꞌi-aaꞌi ra."" Hèia Abram patitu eele mei èèna mi Lamatua ètu èèna, lula Lamatua padꞌelo dꞌara Na mi Nèngu ètu èèna."
GEN 12:8,then he moved on to the hill country east of bethel and set up camp there. bethel was to the west and ai to the east. he built an altar to the lord there and worshiped him.,"èle èèna ka, abram si pidha hari asa ledhe re balèu. ka ra pea taha ètu talora rae betel dènge rae ai. ètu èèna, na patitu mei korban èci ho na mangaj'i mi lamatua.","Èle èèna ka, na laꞌe asa era ètu ledhe èci, ètu sebhe rae Betel. Ètu sebhe rae Betel, ètu sebhe rae Ai, ètu sebhe rae Ai. Ètu era neꞌe, na patitu korban mi Ama Lamatua, ka na pahaha iisi mi Nèngu."
GEN 12:9,"after that he went on his way, heading towards the negev.","èle èèna ka, na pidha-pidha era, d'ai rai negeb re ca bèka balèu nèti rai kana'an.","Èle èèna ka, na lèpa hari asa hèbꞌa-hèbꞌa nèti hèbꞌa nèti hèbꞌa nèti hèbꞌa nèti hèbꞌa nèti hèbꞌa nèti hèbꞌa nèti hèbꞌa nèti hèbꞌa nèti hèbꞌa nèti hèbꞌa nèti hèbꞌa nèti hèbꞌa nèti hèbꞌa nèti hèbꞌa nèti hèbꞌa nèti hèbꞌa nèti hèbꞌa nèti hèbꞌa nèti hèbꞌa nèti hèbꞌa nèti hèbꞌa nèti hèbꞌa nèti hèbꞌa nèti hèbꞌa nèti hèbꞌa nèti hèbꞌa nèti hèbꞌa nèti hèbꞌa nèti hèbꞌa nèti hèbꞌa nèti hèbꞌa nèti hèbꞌa nèti hèbꞌa nèti nèti nèti nèti nèti nèti nèti nèti nèti nèti nèti nèti nèti nèti nèti nèti nèti nèti nèti nèti nèti nèti nèti nèti nèti nèti nèti nèti nèti nèti nèti nèti nèti nèti nèti nèti nèti nèti nèti nèti nèti nèti nèti nèti nèti nèti nèti nèti nèti nèti nèti nèti nèti nèti nèti nèti nèti nèti nèti nèti nèti nèti nèti nèti nèti nèti nèti nèti nèti nèti nèti."
GEN 12:10,"but the land had been hit by famine. so abram continued on to egypt, planning to live there because the famine was so bad.","ca tèka, rai kana'an lèke manganga aae. nèti èèna ka, abram si lasi asa bèka balèu, ka ra d'ai rai masir. ka ra manubha taha ètu nèi.","Èle èèna ka, bèli-camèdꞌa abhu pèri-pèri hèru ètu rai-haha ne. Nèti èèna ka, abhu pèri-pèri hèru ètu rai-haha ne. Ropa abhu pèri-pèri hèru ètu rai-haha ne, abhu pèri-pèri hèru ètu rai-haha ne. Nèti èèna ka, abhu pèri-pèri hèru ètu rai-haha ne. Nèti èèna ka, abhu pèri-pèri hèru ètu rai-haha ne."
GEN 12:11,"as he approached egypt and was about to cross the border, he said to his wife sarai, look, i know what a beautiful woman you are.","ropa oe d'ai masir, abram peka dènge dhèu èmu na, sarai, aku nèngu na, sarai, èu bhèni iia, nia boe.","Èle èèna ka, na parluu asa rai Masir. Hèia na peka dènge Sarai, dhèu èmu na, aku nèngu na, ""Ama! Jaꞌa keꞌa, na, èu ne dhèu bhèni dhu kabꞌua titu kèna."
GEN 12:12,"when the egyptians see you, they'll say, ‘she's his wife, ' and they'll kill me but not you!","de ladhe dhèu masir rèdhi èu bhèni iia sèmi ne'e, mage dhoka ra pamadhe ja'a, lula ja'a dhèu èmu-kamali èu. dènge sèmi èèna, ra parame rare èu.","Te ladhe dhèu Masir ladhe rèdhi èu, rèngu neo pamadhe jaꞌa, te ngaa dhèu Masir neo pamadhe èu. Te ladhe rèdhi èu, rèngu peka na, 'Nèngu ne, dhèu èmu na.'"
GEN 12:13,"tell them you're my sister so i'll be treated well because of you, and my life will be spared for your sake.","de be'a risi, èu peka dènge ra, na ja'a ne, ana mone èu. dènge sèmi èèna ka, rèngu pamadhe boe ja'a, aa ra be'a-be'a dènge ja'a, lula èu ne.","peka dènge dhèu seꞌe, na, èu ne aꞌari jaꞌa, sèna ka jaꞌa bisa mamuri taruu, lula èu jꞌajꞌi dhèu aaꞌi-aaꞌi."
GEN 12:14,"when abram arrived in egypt, the people there saw how beautiful sarai was.","ropa abram si d'ai masir, dhèu ètu èèna, ladhe laa na, sarai ne bhèni iia titu kèna.","Ropa Abram dꞌai rai Masir, dhèu-dhèu ètu nèi ladhe rèdhi, na, Sarai èèna kahibꞌi-kalèbho."
GEN 12:15,pharaoh's officials also noticed and spoke positively about her to pharaoh. so sarai was taken to his palace to become one of his wives.,"ropa dhèu sab'a dhèu aae sèra ladhe rèdhi ne, aa ra koa bhabhèni iia na ètu madha dhèu aae. ka rèti bhèni ne, asa èmu dhèu aae.","Èle èèna ka, dhèu-dhèu heka-dhèu nèti dhèu aae nèti sorga ladhe rèdhi Sarai, hèia ra padhai lii dènge dhèu aae nèti sorga. Hèia dhèu aae nèti sorga lasi asa dꞌara èmu na, ho jꞌajꞌi dhèu èmu na."
GEN 12:16,"pharaoh treated abram well because of her, giving him sheep and cattle, male donkeys, male servants, female servants, female donkeys, and camels.","hèia dhèu aae be'a-be'a ka dènge abram, lula sarai. ka na parasee abram mèdha rupa-rupa. nuka badha sèmi: kahib'i-kalèbho, kahib'i-ka'ia, sapi, keled'ei, dènge onta. na parasee kahèi, ènu dhèu mone dènge dhèu bhèni.","Èle èèna ka, dhèu aae jꞌajꞌi dhèu aae-dhèu kapai ètu rai-haha ne. Ka na hia Abram kahibꞌi-kalèbho, kahibꞌi-kalèbho, kahibꞌi-kalèbho, kahibꞌi-kalèbho, kahibꞌi-kalèbho, kahibꞌi-kalèbho, kahibꞌi-kalèbho, kahibꞌi-kalèbho, kahibꞌi-kalèbho, kahibꞌi-kalèbho, kahibꞌi-kalèbho, kahibꞌi-kalèbho, kahibꞌi-kalèbho, kahibꞌi-kalèbho, kahibꞌi-kalèbho, kahibꞌi-kalèbho, kahibꞌi-kalèbho, kahibꞌi-kalèbho, kahibꞌi-kalèbho, kahibꞌi-kalèbho."
GEN 12:17,"but the lord caused pharaoh and the people in his palace to suffer from terrible diseases because of sarai, abram's wife.","lula na nare dhèu èmu dhèu asa d'ara èmu na, nèti èèna ka, lamatua hia huku rupa-rupa mi dhèu aae dènge isi èmu na.","Èle èèna ka, Lamatua pajꞌèra dhèu aae-dhèu ètu dꞌara èmu na, dènge dhèu aae-dhèu ètu dꞌara èmu na, aa dènge dhèu aae-dhèu ètu dꞌara èmu na. Nèti èèna ka, Lamatua pajꞌèra dhèu aae-dhèu ètu dꞌara èmu na, lula Sarai, dhèu èmu Abram."
GEN 12:18,"so pharaoh ordered abram brought to him and said, what have you done to me? why didn't you tell me that she was your wife?","hèia dhèu aae masir paroa abram, ka na karèi ne, aku nèngu na, èu ne tao tasamia mi ja'a ne? nga tao ka èu peka boe na, bhèni ne dhèu èmu èu?","Èle èèna ka, dhèu aae Farao paredha dhèu rèti Abram asa dꞌara èmu na, ka na karèi ne, aku nèngu na, ""Nga tao ka èu tao jaꞌa ne? Nga tao ka èu peka boe, na, nèngu ne, dhèu èmu èu?"""
GEN 12:19,"why did you say, ‘she's my sister, ' and let me take her to become one of my wives? so here's your wife! take her and leave!","te ngaa aku èu na, nèngu ne ana hèni èu! nèti èèna ka, ja'a oe kore ne j'aj'i dhèu èmu ja'a! dhèu èmu èu ka ne'e! more hari ka, aa pakaj'èu ka nèti madha ja'a!","Nga tao ka èu padhai lii, peka na, 'Nèngu ne, aꞌari jaꞌa, sèna ka jaꞌa jꞌajꞌi dhèu èmu jaꞌa?' De ladhe èu tao sèmi èèna, na, jaꞌa jꞌajꞌi dhèu èmu èu."
GEN 12:20,"pharaoh ordered his guards to expel him and his wife from the country, along with everyone with them and all their possessions.","hèia dhèu aae paredha dhèu sab'a na sèra, babège eele abram, dhèu èmu na, rèti dènge dhèu aa mèdha-panyau aa'i-aa'i ra, kalua nèti rai èèna.","Èle èèna ka, dhèu aae Firaun paredha dhèu madhenga na sèra, sèna ka babège eele ne, dènge dhèu èmu na, dènge mèdha-panyau rèngu aaꞌi-aaꞌi ra nèti rai neꞌe."
GEN 13:1,"so abram left egypt and went back into the negev along with sarai, lot, and everyone with them, as well as all their possessions.","ka abram si tèke eele masir, lasi asa rai negeb. la'e dènge dhèu èmu na, aa dènge dhèu aa mèdha-panyau aa'i-aa'i ra. ana ari na lot madhutu ra kahèi.","Èle èèna ka, Abram dènge Sarai, Lot, dènge dhèu aaꞌi-aaꞌi ra, dènge mèdha-panyau rèngu aaꞌi-aaꞌi ra, kalua nèti Masir."
GEN 13:2,"abram was very rich, having many herds of livestock and a great deal of silver and gold.","abram èèna, kaja ae titu kèna. badha-manu na, mèdha hualaa dènge mèdha hualaa-pudhi na, ae titu kèna.","Lodꞌo èèna, Abram jꞌajꞌi dhèu rai-haha. Nèngu dènge dhèu kahibꞌi-kalèbho ae-ae, dènge mèdha-panyau aaꞌi-aaꞌi, pake mèdha-panyau aaꞌi-aaꞌi, aa pake mèdha-panyau aaꞌi-aaꞌi."
GEN 13:3,"he left the negev and traveled in stages to bethel, back to the place where he'd camped before, between bethel and ai.","nèti negeb, ra pidha-pidha era, ka d'ai hari talora rae betel dènge rae ai. dhu uru èèna, ra pea rèdhi le ètu era èèna.","Èle èèna ka, na tèke eele nègev, laꞌe asa Betel. Èle èèna ka, na lèpa hari asa era dhu uru èèna na pamusu ètu era èèna, ètu talora Betel dènge Ai."
GEN 13:4,this was where he'd first built an altar. he worshiped the lord there as he had done previously.,"aa dhu abram patitu le kahèi mei korban, ho na mangaj'i mi lamatua ètu era èèna.","Ètu era neꞌe, nèti uru ka mai, nèti èèna ka, nèti èèna ka, nèti èèna ka, nèti èèna ka, nèti èèna ka, nèti èèna ka, nèti èèna ka, nèti èèna ka, nèti èèna ka, nèti èèna ka, nèti èèna ka, nèti èèna ka, nèti èèna ka, nèti èèna ka, nèti èèna ka, nèti èèna ka, nèti èèna ka, nèti èèna ka, nèti èèna ka, nèti èèna ka, nèti èèna ka, nèti èèna ka, nèti èèna ka, nèti èèna ka, nèti nèti èèna ka, nèti èèna ka, nèti èèna ka, nèti èèna ka, nèti èèna ka, nèti èèna ka, nèti èèna ka, nèti dhèu aaꞌi-aaꞌi mi Ama Lamatua."
GEN 13:5,"lot, who was traveling with abram, also had many flocks, herds, and tents,","lot dhu madhutu abram èèna, unu badha-manu dènge dhèu sab'a ae kahèi.","Lot, dhu kako dènge Abram, abhu kahèi kahibꞌi-kalèbho, kahibꞌi-kalèbho, dènge hèbꞌa ae-ae."
GEN 13:6-7,"so much so that the available land couldn't support both of them-they had so much livestock they couldn't stay together anymore. abram's and lot's herdsmen were arguing, and in addition the canaanites and perizzites were also living in the land at that time.","te ngaa era èèna taleo boe, ho abram dènge lot aa dènge kakaja ra bisa pea pa'èci. nèti èèna ka, ana madhenge badha abram dènge lot sèra j'aj'i patao-palaha, lula j'u'u ètu era èèna d'ai boe hia badha rèngu. lod'o èèna, dhèu kana'an dènge dhèu feris, dhu pea ètu èèna era.","Nèti èèna ka, Abraham dènge Lot abhu kahèi dhèu madhenga kahibꞌi-kalèbho. Lodꞌo èèna, dhèu Kanaani dènge dhèu Perizit, pea ètu rai èèna kahèi."
GEN 13:8,"so abram said to lot, please don't let's have arguments between us, or between our herdsmen, because we're family.","ka abram peka dènge lot, aku nèngu na, èdhi se, pa'a'ari. mage dhoka èdhi, èci dènge èci be'a boe, lula dhèu sab'a èdhi se patao-palaha taruu.","Hèia Abram peka dènge Lot, aku nèngu na, ""Jaꞌa manèngi sèna ka miu baku paꞌèci dènge jiꞌi, aa dènge dhèu madhenga jiꞌi, lula jiꞌi èci-èci ka dènge dhèu kahibꞌi-kalèbho jiꞌi."
GEN 13:9,"you see all this land that's available right in front of you? we have to split up. if you choose to go to the left, i'll go to the right. if you choose to go to the right, i'll go to the left.","de hua iia dua ti pahag'a ka laa. rai ne, taleo. de ladhe èu d'èi rai ca bèka kariu na, ja'a abhu re ca bèka g'ana. te ngaa ladhe èu d'èi re ca bèka g'ana, na ja'a re ca bèka kariu.","ladhe sèmi èèna, èu ladhe sèmi neꞌe: èu ladhe sèmi èèna, èu ladhe sèmi èèna, èu ladhe sèmi èèna, èu ladhe sèmi èèna, èu ladhe sèmi èèna, èu ladhe sèmi èèna, èu ladhe sèmi èèna, èu ladhe sèmi èèna, èu ladhe sèmi èèna, èu ladhe sèmi èèna, èu ladhe sèmi èèna, èu ladhe sèmi èèna, èu ladhe sèmi èèna, èu ladhe sèmi èèna, èu ladhe sèmi èèna, èu ladhe sèmi èèna, èu ladhe sèmi èèna, èu ladhe sèmi èèna, jaꞌa ladhe sèmi èèna."
GEN 13:10,"lot looked over the whole jordan valley towards zoar, and saw that it was well-watered, looking like the garden of eden, like the land of egypt. this was before the lord destroyed sodom and gomorrah.","hèia lot ladhe palème. ka na ladhe nèdhi rai taleo ètu sebhe loko yarden dhu madha èi ae, toke d'ai rae soar. era ne, rai hèu mèngi sama sèmi oka lamatua, dènge rai masir kahèi. lod'o èèna, lamatua dhae huku mèka kota sodom dènge kota gomora. de rai èèna, be'a era.","Èle èèna ka, Lot ladhe-leru aaꞌi-aaꞌi ètu sebhe Yarden, toke dꞌai kota Soar. Hèia Lot ladhe-leru, ladhe-leru èèna, nuka sèmi èmu Eden, nuka sèmi rai Masir. Lodꞌo èèna, lodꞌo Lamatua hagꞌe nare kota Sodom dènge kota Gomora."
GEN 13:11,"so lot chose the whole jordan valley and went east, and the two separated from each other.",hèia lot pili nare era sebhe loko yarden èèna. ka dua ra pahag'e ka. de lot la'e sa ca bèka dhimu.,"Èle èèna ka, Lot tèke eele rai aaꞌi-aaꞌi dhu ètu sebhe loko Yarden, ho laꞌe asa cabèka. Èle èèna ka, Lot tèke eele dua ra nèti èci dènge èci."
GEN 13:12,"abram went to live in the land of canaan, while lot settled down among the towns in the valley, setting up his tents near sodom.",te ngaa abram pea taruu ètu rai kana'an. aa lot la'e pea ètu rae-rae dhu padètu dènge kota sodom ètu sebhe loko yarden.,"Èle èèna ka, Abram pea ètu rai Kanaꞌan. Te ngaa Lot pea ètu dꞌara rae-rae ètu dꞌara dꞌara bèdho. Na patitu hèbꞌa na ètu sebhe Sodom."
GEN 13:13,"the people of sodom were very wicked, committing terrible sins that offended the lord.",te ngaa dhèu-dhèu sodom sèra bhelu-katub'a titu kèna. rèngu ro'o boe nanene lamatua.,"Rèngu aaꞌi-aaꞌi nèti kota Sodom, dhèu bhelu-katubꞌa. Rèngu tao jꞌara-jꞌara bhelu-katubꞌa, aa paꞌele iie kolongara Lamatua."
GEN 13:14,"after separating from lot, the lord told abram, look around you from where you're standing, to the north, south, east, and west.","ropa lot pacèri dènge abram, ka lamatua padhai lii dènge abram, peka na, èu ladhe palème aa'i ku, rai aa'i-aa'i nèti era titu èu èèna. ladhe paie re madha, re kabodho, re ca bèka g'ana, dènge ca bèka kariu mu.","Èle èèna ka, Lamatua peka dènge Abram, aku Nèngu na, ""Lamatua peka dènge èu, aku nèngu na, 'Ladhe èu titu ètu era neꞌe, na, ladhe èu ladhe-leru asa mia-mia, asa mia-mia, asa mia-mia, asa mia-mia."
GEN 13:15,i'm giving all this land you see to you and your descendants forever.,"rai aa'i-aa'i dhu èu ladhe mèdhi sèi, bèli-camèd'a ja'a hia mi èu, dènge ana-èpu èu, sèna ka j'aj'i pusaka ra, toke d'ai mia-mia.","Nèti èèna ka, èu dènge ana-èpu èu abhu rai ne, toke dꞌai mia-mia."
GEN 13:16,you will have so many descendants that they'll be like the dust of the earth. if anyone could count dust then they could count the number of your descendants!,"èèna na ja'a paj'aj'i ana-èpu èu ae sama sèmi salae dhasi, toke dhèu ige rare boe.","Bèli-camèdꞌa ana-èpu èu jꞌajꞌi aaꞌi-aaꞌi ètu rai-haha. Bèli-camèdꞌa ana-èpu èu jꞌajꞌi aaꞌi-aaꞌi ètu rai-haha. Ladhe abhu dhèu sa dhu bisa reꞌa, na, abhu kahèi ana-èpu èu."
GEN 13:17,go and walk through the whole land in all directions because i'm giving it to you.,"de lamu kako palème madhutu madhera dènge bhabhèla na. te rai se aa'i-aa'i ra, ja'a hia mi èu.","De èu hudꞌi laꞌe laꞌe laꞌe asa rai neꞌe, te Jaꞌa ka dhu hia èu rai ne."
GEN 13:18,"so abram went to live at hebron, setting up his tents among the oaks at mamre, where he built an altar to the lord.","hèia abram si lèpa hari asa era pea ra, dhu dètu dènge aj'u-aj'u aae ètu mamre, dhu padètu dènge hebron. èle èèna ka, na pudhi hadhu tao mei korban ho na mangaj'i lamatua ètu èèna.","Èle èèna ka, Abram pea ètu Hebron. Nèti èèna ka, na patitu hèbꞌa na ètu dꞌara ajꞌu aae Mamre, ètu hèbꞌa èèna. Hèia na patitu ètu hèbꞌa èèna, ho manèngi-mangajꞌi mi Ama Lamatua."
GEN 14:1,"at that time amraphel was king of shinar, and he allied himself with arioch, king of ellasar, chedorlaomer, king of elam, and tidal, king of goiim.","tèu èèna, dhèu aae èpa dhu pa'èci. rèngu se ka: amrafel, dhèu aae rai sinear. ariok, dhèu aae rai elasar, kedarlaomer, dhèu aae rai elam. dènge tideal, dhèu aae rai goyim.","lodꞌo èèna, Amalel jꞌajꞌi dhèu aae nèti propensi Shinar, ka na paꞌèci dènge Ariok, dhu jꞌajꞌi dhèu aae nèti propensi Elisar, Kedorlaomer, dhu jꞌajꞌi dhèu aae nèti propensi Elam, dènge Tidal, dhu jꞌajꞌi dhèu aae nèti propensi Goyim."
GEN 14:2,"they attacked bera, king of sodom, birsha, king of gomorrah, shinab, king of admah, shemeber, king of zeboiim, and the king of bela otherwise known as zoar.","lod'o èèna, dhèu aae leo dhèu lèmi, pa'èci kahèi. nuka: bera, dhèu aae rai sodom. birsa, dhèu aae rai gomora. sinab, dhèu aae rai adema. semeber, dhèu aae rai seboim. dènge bela, dhèu aae rai soar. ka èpa dhèu aae se, lasi pamusu dènge lèmi dhèu aae sèra.","Èle èèna ka, ra lasi paraga dènge Beer, dhèu aae kota Sodom, birsha, dhèu aae kota Gomorrah, Shinab, dhèu aae kota Adma, Semeber, dhèu aae kota Seboiim, dènge dhèu aae kota Bela, ngara na Soar."
GEN 14:3,all these in the second group joined forces in the valley of siddim the dead sea valley.,"dhèu aae, dhèu lèmi sèra pakaboko dènge sordad'u ra, ètu d'ara mamoo sidim, dhu limuri ne, ngara na dhasi madhe.",Rèngu aaꞌi-aaꞌi ra jꞌajꞌi dhèu aaꞌi-aaꞌi dhu jꞌajꞌi dhèu aaꞌi-aaꞌi. Rèngu aaꞌi-aaꞌi ra jꞌajꞌi dhèu aaꞌi-aaꞌi dhu jꞌajꞌi dhèu aaꞌi-aaꞌi. Rèngu aaꞌi-aaꞌi ra jꞌajꞌi dhèu aaꞌi-aaꞌi dhu jꞌajꞌi dhèu aaꞌi-aaꞌi. Rèngu aaꞌi-aaꞌi ra jꞌajꞌi dhèu aaꞌi-aaꞌi ra jꞌajꞌi dhèu aaꞌi-aaꞌi ra jꞌajꞌi dhèu aaꞌi-aaꞌi ra jꞌajꞌi dhèu aaꞌi-aaꞌi ra jꞌajꞌi dhèu aaꞌi-aaꞌi ra jꞌajꞌi dhèu aaꞌi-aaꞌi ra.
GEN 14:4,"they had been under the rule of chedorlaomer for twelve years, but in the thirteenth year they rebelled against him.","j'aj'aj'i pamusu na, sèmi ne'e ka: uru èèna, dhèu aae, dhèu lèmi se dhu ta'alo mi dhèu aae kedarlaomer, canguru dua tèu kèna. te d'ai tèu ka canguru tèlu, ka rèngu aa'i-aa'i ra lab'a ne.","Lodꞌo èèna, dhèu se jꞌajꞌi dhèu aae Kedorlaomer, toke dꞌai canguru dua tèu. Te ngaa dꞌai tèlu tèu, rèngu roꞌo boe pahaha iisi dènge ne."
GEN 14:5,"in the fourteenth year chedorlaomer invaded, along with the kings in his alliance. they defeated the rephaites in ashteroth-karnaim, the zuzites in ham, the emites in shaveh-kiriathaim,","ka maso tèu ka canguru èpa, kedarlaomer dènge angalai na dhèu aae dhèu tèlu sera, mai dènge sordad'u ra. hèia ra pamusu ka, ka ra segi pèri-pèri rai. nuka: dhèu refaim ètu rai asterot-karnaim; dhèu susim ètu rai ham; dhèu emim ètu rai sawe-kiryataim,","Èle èèna ka, bèli-camèdꞌa èèna, bèli-camèdꞌa dhèu aae Kedorlaomer dènge dhèu aae-dhèu aae-dhèu aae-dhèu aae-dhèu aae-dhèu aae-dhèu aae-dhèu aae-dhèu aae-dhèu aae-dhèu aae-dhèu aae-dhèu aae-dhèu aae-dhèu aae-dhèu aae-dhèu aae-dhèu aae-dhèu aae-dhèu aae-dhèu aae-dhèu aae-dhèu aae-dhèu aae-dhèu aae-dhèu aae-dhèu aae-dhèu aae-dhèu aae-dhèu aae-dhèu aae-dhèu aae-dhèu aae-dhèu aae-dhèu aae-dhèu aae-dhèu aae-dhèu aae-dhèu aae-dhèu aae-dhèu aae-dhèu aae-dhèu aae-dhèu aae-dhèu aae-dhèu aae-dhèu aae-dhèu aae-dhèu aae-dhèu aae-dhèu aae-dhèu."
GEN 14:6,"and the horites in their hill country of seir, all the way to el-paran, near the desert.","dènge dhèu hori dhu ètu ledhe seir, d'ai sebhe mamoo el paran.","dhèu Horim ètu sebhe sebhe Seir, toke dꞌai rae El-Paran, ètu dꞌara padètu-dètu dènge dꞌara mamoo."
GEN 14:7,"then they swung back through and attacked en-mishpat otherwise known as kadesh and conquered the whole country belonging to the amalekites, as well as the amorites who lived in hazazon-tamar.","èle èèna ka, ra lèpa hari asa en mispat dhu limuri ne ngara na kades. ka ra segi rai dhèu amalek, dènge dhèu amori dhu pea ètu rae haseson-tamar.","Èle èèna ka, dhèu se lèpa hari, ho lasi paraga dènge kota Mispat, dhu ngara na Kadesh. Hèia ra jꞌajꞌi dhèu Amalek aaꞌi-aaꞌi nèti rai Amalek, dènge dhèu Amor dhu pea ètu rae Hazon-Tamar."
GEN 14:8-9,"then the king of sodom, the king of gomorrah, the king of admah, the king of zeboiim, and the king of bela otherwise known as zoar marched out and prepared for battle in the valley of siddim. they fought chedorlaomer, king of elam, tidal, king of goiim, amraphel, king of shinar, and arioch, king of ellasar-four kings on one side against five on the other.","hèia, lèmi dhèu aae se ator sordad'u ra ètu d'ara mamoo sidim, ka lasi pamusu dènge dhèu aae dhèu èpa sèra.","Èle èèna ka, dhèu aae Sodom, dènge dhèu aae Gomora, dènge dhèu aae Adma, dènge dhèu aae Zeboim, dènge dhèu aae Bela, dhu ngara na Soar, lèpa hari lasi paraga dènge dhèu ètu dꞌara bèdho Siddim. Rèngu lasi paraga dènge Kedorlaomer, dènge dhèu aae Elam, dènge dhèu aae Tidal, dènge dhèu aae Goim, dènge dhèu aae Amrafel, dènge dhèu aae Shinar, dènge dhèu aae Ariok, dènge dhèu aae Elasar, ètu sebhe èèna."
GEN 14:10,"there were many tar pits in the valley of siddim, and as the defeated kings of sodom and gomorrah ran away, some of their men fell into them while the rest ran to the hills.","ètu d'ara mamoo èèna, dhu abhu mananga èi dama pèri-pèri. ropa ra pamusu, dhèu aae sodom dènge dhèu aae gomora dènge sordad'u ra, rai. ka cahag'e manahu asa d'ara mananga èi dama se. aa cahag'e hari rai asa ledhe lasi.","Èle èèna ka, dhèu aae kota Sodom dènge kota Gomorrah rai-haha. Ropa dhèu aae kota Sodom dènge kota Gomorrah rai-haha reꞌa, na, rèngu rai-haha ètu sebhe sebhe sebhe sebhe sebhe sebhe sebhe sebhe sebhe sebhe sebhe sebhe sebhe sebhe sebhe sebhe sebhe sebhe sebhe sebhe sebhe sebhe sebhe sebhe sebhe sebhe sebhe sebhe sebhe sebhe sebhe sebhe sebhe sebhe sebhe sebhe sebhe sebhe sebhe sebhe sebhe sebhe sebhe sebhe sebhe sebhe sebhe sebhe sebhe."
GEN 14:11,the invaders took from sodom and gomorrah all their possessions and food and left.,"ka èpa dhèu aae dhu segi se, lasi parame rèti mèdha-panyau dènge nganga'a-nginu nèti sodom dènge gomora. èèna ka, ra lèpa dènge ka.","Èle èèna ka, dhèu-dhèu dhu maso asa kota Sodom dènge kota Gomora, rèti mèdha-panyau rèngu aaꞌi-aaꞌi ra, aa raꞌa-rinu aaꞌi-aaꞌi ra. Èle èèna ka, ra tèke eele kota Sodom dènge kota Gomora."
GEN 14:12,"they also captured lot, abram's nephew, and his possessions, because he was living in sodom.","te ngaa lot, ana ari abram, dhu pea ètu sodom. ka èpa dhèu aae sèra, ère rèti lot si, dènge mèdha-panyau ra aa'i-aa'i.","Èle èèna ka, ra kèpe kahèi Lot, ana neꞌe Abram, dènge mèdha-panyau na aaꞌi-aaꞌi ra, lula na pea ètu kota Sodom."
GEN 14:13,"but one of those captured escaped and went and told abram the hebrew what had happened. abram was living by the oaks of mamre the amorite, whose brothers were eshcol and aner. all of them were abram's allies.","te ngaa dhèu èci rai nèti era èèna. ka la'e lolo dènge abram, dhèu ibrani èèna. lod'o èèna, dhèu amori èci, ngara na mamre. aa abram pea dètu dènge aj'u-aj'u aae unu mamre. a'ari mamre dhèu dua, ngara na eskol dènge aner. rèngu se dhu pa'anga dènge abram.","Èle èèna ka, abhu kahèi dhèu èci nèti dhèu bèdhu sèra. Ka na peka dènge Abram, ngara na Mamre, dhèu Amor, dhu mamuri ètu era ajꞌu ajꞌu ajꞌu ajꞌu ajꞌu ajꞌu ajꞌu ajꞌu ajꞌu ajꞌu ajꞌu ajꞌu ajꞌu ajꞌu ajꞌu ajꞌu ajꞌu ajꞌu ajꞌu ajꞌu ajꞌu ajꞌu ajꞌu ajꞌu ajꞌu ajꞌu ajꞌu ajꞌu ajꞌu ajꞌu ajꞌu ajꞌu ajꞌu ajꞌu ajꞌu ajꞌu ajꞌu ajꞌu ajꞌu ajꞌu ajꞌu ajꞌu ajꞌu ajꞌu ajꞌu ajꞌu ajꞌu ajꞌu ajꞌu ajꞌu ajꞌu ajꞌu ajꞌu ajꞌu ajꞌu ajꞌu ajꞌu ajꞌu ajꞌu ajꞌu ajꞌu ajꞌu ajꞌu ajꞌu ajꞌu ajꞌu ajꞌu ajꞌu ajꞌu ajꞌu ajꞌu ajꞌu ajꞌu ajꞌu ajꞌu ajꞌu ajꞌu ajꞌu ajꞌu ajꞌu ajꞌu ajꞌu ajꞌu ajꞌu ajꞌu ajꞌu ajꞌu ajꞌu ajꞌu ajꞌu ajꞌu ajꞌu ajꞌu ajꞌu ajꞌu ajꞌu ajꞌu ajꞌu ajꞌu ajꞌu ajꞌu."
GEN 14:14,"when abram found out that his nephew had been captured, he called together 318 fighting men who had been born in his household and chased after them all the way to dan.","ropa abram tadèngi na dhèu kèpe rèti le lot, ana ari na, ka abram pakaboko nare dhèu-dhèu sab'a na dhu re'a pamusu. aa'i-aa'i ra tèlu ngasu canguru aru dhèu. ka lasi magèla èpa dhèu aae sèra, asa badae aae lasi d'ai rae dan.","Ropa Abram tadèngi sèmi èèna, na, dhèu èci èèna ka dhu kèpe ne. Hèia na paroa dhèu pajuu-paleha ètu dꞌara èmu na, dhèu èci èèna ka, 318 dhèu. Ka na pajꞌajꞌi dhèu seꞌe, toke dꞌai dꞌai cabèka èmu na. Hèia na pajꞌajꞌi dhèu seꞌe, toke dꞌai dꞌai dꞌai rae Dan."
GEN 14:15,"there he divided his men into groups and attacked at night, defeating the enemy and chasing them as far as hobah, north of damascus.","ètu era èèna, abram hag'e dhèu na sèra, mi pèri-pèri kaboko. d'ara mèda èèna kahèi, lasi age si, dènge j'ara pa'oke. ka abram si lasi bate dhèu se d'ai rae hoba, ètu bèka badae kota damsik.","Ètu dꞌara èmu ne, na pamaꞌète dhèu sordadꞌu na, jꞌajꞌi sordadꞌu. Èle èèna ka, na maso asa dꞌara mèda, ka na paꞌele iie dhèu aaꞌi-aaꞌi ètu dꞌara dꞌara kota Damsik. Nèti èèna ka, na pajꞌajꞌi dhèu aaꞌi-aaꞌi sèra, ka na pajꞌèra si toke dꞌai hèbꞌa ètu dꞌara kota Damsik. Èle èèna ka, sordadꞌu aaꞌi-aaꞌi ètu dꞌara dꞌara dꞌara dꞌara dꞌara dꞌara dꞌara dꞌara dꞌara nèti dꞌara dꞌara dꞌara dꞌara dꞌara dꞌara dꞌara dꞌara dꞌara dꞌara dꞌara dꞌara dꞌara dꞌara dꞌara dꞌara dꞌara dꞌara dꞌara dꞌara dꞌara dꞌara dꞌara dꞌara dꞌara dꞌara dꞌara dꞌara dꞌara dꞌara dꞌara dꞌara dꞌara dꞌara dꞌara dꞌara dꞌara dꞌara dꞌara dꞌara dꞌara dꞌara dꞌara dꞌara dꞌara dꞌara dꞌara dꞌara dꞌara dꞌara dꞌara dꞌara dꞌara dꞌara dꞌara dꞌara dꞌara dꞌara dꞌara dꞌara dꞌara dꞌara dꞌara dꞌara dꞌara dꞌara dꞌara dꞌara dꞌara dꞌara dꞌara dꞌara dꞌara dꞌara d"
GEN 14:16,"abram recovered all that had been taken, including lot and his possessions, and also brought back the women and others who had been captured.","hèia abram abhu hari lot, dènge dhèu-dhèu nèngu, aa dènge mèdha-panyau ra aa'i-aa'i. na abhu kahèi dhèu-dhèu leo.","Èle èèna ka, abhu kahèi dhèu aaꞌi-aaꞌi dhu dhèu aaꞌi-aaꞌi ra tèke eele nèti rai-haha ne. Aa abhu kahèi dhèu aaꞌi-aaꞌi dhu dhèu aaꞌi-aaꞌi ra tèke eele nèti rai-haha ne, sèna ka abhu kahèi dhèu aaꞌi-aaꞌi dhu dhèu aaꞌi-aaꞌi ra tèke eele nèti rai-haha ne. Ropa abhu kahèi dhèu aaꞌi-aaꞌi dhu dhèu aaꞌi-aaꞌi ra tèke eele nèti rai-haha ne, ka abhu kahèi dhèu aaꞌi-aaꞌi ra."
GEN 14:17,"when abram returned after defeating chedorlaomer and his allies, the king of sodom came out to meet him at the valley of shaveh or valley of the king.","ropa abram segi nare dhèu aae èpa sèra, ka na lèpa. hèia dhèu aae sodom mai soru ne ètu d'ara mamoo sawe dhu dhèu biasa peka na, mamoo dhèu aae.","Èle èèna ka, dhèu aae Sodom mai paraga dènge Abram ètu sebhe sebhe sebhe sebhe sebhe sebhe sebhe sebhe sebhe sebhe sebhe sebhe sebhe sebhe sebhe sebhe sebhe sebhe sebhe sebhe sebhe sebhe sebhe sebhe sebhe sebhe sebhe sebhe sebhe sebhe sebhe sebhe sebhe sebhe sebhe sebhe sebhe sebhe sebhe sebhe sebhe sebhe sebhe sebhe sebhe sebhe sebhe sebhe sebhe sebhe sebhe sebhe sebhe sebhe sebhe sebhe."
GEN 14:18,"melchizedek, king of salem, brought out bread and wine. he was a priest of the most high god.","tèu èèna, melkisedek, j'aj'i dhèu aae kota salem. aa nèngu ne j'aj'i kahèi ama agama nèti ama lamatua dhu dedha risi eele. na mai soru abram, nèti roti dènge èi hua anggor.","Lodꞌo èèna, abhu kahèi dhèu èci, ngara na Melkisedek. Melkisedek ne, dhèu aae Salem. Melkisedek ne, kètu kapai risi nèti Ama Lamatua ètu sorga. Nèngu ne, kètu kapai risi nèti Ama Lamatua. Nèngu ne, kètu kapai risi nèti Ama Lamatua."
GEN 14:19-20,"he blessed abram, telling him, may abram be blessed by the most high god, creator of heaven and earth. may the most high god be praised, who handed your enemies over to you. then abram gave melchizedek one tenth of everything.","ka na padhai lii ho hia berkat mi abram, aku nèngu na, ja'a sanao sèna ka ama lamatua, dhu dedha risi eele èèna, dhu paj'aj'i dedha-liru dènge rai-haha ne, hia mèngi-nale mi dedha èu. koa-kio ama lamatua dhu hia le èu segi musu. èle èèna ka, abram bagi hia melkisedek ca pala nèti canguru pala mèdha-panyau dhu na abhu hari sèra.","Hèia na manèngi-mangajꞌi mi Abram, aku nèngu na, ""Sèmi neꞌe! Ama Lamatua dhu dedꞌe dedha-liru dènge rai-haha! Ama Lamatua dhu dedꞌe dedha-liru dènge rai-haha ne, ka dhu hia dhèu aaꞌi-aaꞌi ra jꞌajꞌi dhèu aaꞌi-aaꞌi mi dedha-liru èu."" Hèia Abram hia mi Melkisedek cahagꞌe cahagꞌe nèti mèdha-panyau aaꞌi-aaꞌi dhu nèti dhèu aaꞌi-aaꞌi ra jꞌajꞌi dhèu aaꞌi-aaꞌi ra jꞌajꞌi dhèu aaꞌi-aaꞌi ra jꞌajꞌi dhèu aaꞌi-aaꞌi ra jꞌajꞌi dhèu aaꞌi-aaꞌi ra jꞌajꞌi dhèu aaꞌi-aaꞌi ra jꞌajꞌi dhèu aaꞌi-aaꞌi ra jꞌajꞌi dhèu aaꞌi-aaꞌi ra jꞌajꞌi dhèu aaꞌi-aaꞌi-aaꞌi ra."
GEN 14:21,"the king of sodom told abram, let me have the people back, and you can keep everything else for yourself.","hèia dhèu aae sodom èèna pahaha iisi na mi abram, peka na, ama. mèdha-panyau dhu èu abhu hari nèti musu ja'a sèra, hud'i laa ama ku abhu aa'i si. te ngaa dhu ja'a manèngi hari, dhoka dhèu-dhèu ja'a sèra.","Hèia dhèu aae Sodom peka dènge Abram, aku nèngu na, 'Beꞌa risi jaꞌa paroa dhèu aaꞌi-aaꞌi sèra, te ngaa èu bisa paꞌèra aaꞌi mèu-mèu.'"
GEN 14:22,"but abram replied to the king of sodom, i raise my hand, making a solemn promise to the lord, the most high god, creator of heaven and earth,","hèia abram b'ala ne, peka na, ja'a subha ètu madha ama lamatua dhu dedha risi eele, dhu tao dedha-liru dènge rai-haha,","Èle èèna ka, Abram dhaa, aku nèngu na, ""Aadꞌo! Jaꞌa neo jꞌajꞌi dhèu aae-dhèu nèti rai-haha ne. Jaꞌa neo jꞌajꞌi dhèu aaꞌi-aaꞌi mi Lamatua. Jaꞌa neo jꞌajꞌi dhèu aae-aaꞌi mi Lamatua dhu kapai risi. Lamatua ka dhu pajꞌajꞌi dedha-liru dènge rai-haha ne."
GEN 14:23,"that i refuse to take anything belonging to you, not a single thread or a sandal strap. otherwise you might claim, ‘it was me who made abram rich! '","na, ja'a kore boe mèdha-panyau èu, masi ka ciki èèna ka. masi ka loa hèngu ca'èta sa, ja'a kore boe. dènge j'ara sèmi ne'e, èu baku peka na, ‘kakaja abram sèra mai nèti ja'a. '","Nèti èèna ka, èu pangee, na, jaꞌa neo boe mèti mèdha-panyau èu. Ladhe sèmi èèna, èu pangee, na, 'Jaꞌa ka dhu jꞌajꞌi dhèu rai-haha, nuka sèmi jaꞌa jꞌajꞌi dhèu rai-haha, nuka sèmi jaꞌa jꞌajꞌi dhèu rai-haha, nuka sèmi jaꞌa jꞌajꞌi dhèu rai-haha, nuka sèmi jaꞌa jꞌajꞌi dhèu rai-haha ne, nuka sèmi jaꞌa jꞌajꞌi dhèu rai-haha ne, nuka sèmi jaꞌa jꞌajꞌi dhèu rai-haha ne, aa jaꞌa jꞌajꞌi dhèu rai-haha ne, ho jꞌajꞌi dhèu rai-haha ne jꞌajꞌi dhèu rai-haha ne, ho jꞌajꞌi dhèu rai-haha ne jꞌajꞌi dhèu rai-haha ne, jꞌajꞌi dhèu rai-haha ne jꞌajꞌi dhèu rai-haha ne."
GEN 14:24,"i won't take anything except what my men have eaten, and the share for those who accompanied me-aner, eshcol, and mamre. let them have their share.","ja'a parluu boe ngaa-ngaa. dhoka mia dhu dhèu ja'a se pake le, sèra èle le, ale ia ka. aa hud'i laa, angalai ja'a dhèu tèlu se: aner, eskol dènge mamre, hag'e rare unu rèngu di.",Jaꞌa neo sèmi èèna kahèi. Jaꞌa neo sèmi èèna kahèi. Jaꞌa neo sèmi èèna kahèi. Jaꞌa neo sèmi èèna kahèi. Jaꞌa neo sèmi èèna kahèi. Jaꞌa neo sèmi èèna kahèi. Jaꞌa neo sèmi èèna kahèi. Jaꞌa neo sèmi èèna kahèi. Jaꞌa neo sèmi èèna kahèi. Jaꞌa neo sèmi èèna kahèi. Jaꞌa neo sèmi èèna kahèi. Jaꞌa neo sèmi èèna kahèi. Jaꞌa neo sèmi èèna kahèi. Jaꞌa neo sèmi èèna kahèi. Jaꞌa neo sèmi èèna kahèi. Jaꞌa neo sèmi èèna kahèi. Jaꞌa neo sèmi èèna kahèi. Jaꞌa neo sèmi èèna kahèi.
GEN 15:1,"after all this had happened, god spoke to abram in a vision, telling him, don't be afraid, abram! i am your protector, and your truly great reward!","èle èèna ka, lamatua pad'elo iisi na mi abram. ka na peka, aku nèngu na, abram! èu baku madha'u. lula ja'a ka dhu j'aj'i mi tami ho bhiri èu nèti musu. aa ja'a hia a'oto mi dedha èu.","Èle èèna ka, Ama Lamatua padhai lii dènge Abram, aku Nèngu na, ""Ama Abram! Baku madhaꞌu! Jaꞌa jꞌajꞌi dhèu dhu jꞌajꞌi mi dedha èu, aa Jaꞌa bꞌala èu."
GEN 15:2-3,"but abram replied, lord god, what good is whatever you give me? i don't have any children, and the heir to all that i have is eliezer of damascus. abram went on to complain, look! you haven't given me any children, so a servant from my household has to be my heir!","te ngaa, aku abram na, masi ka ama lamatua hia ae-ae èèna ka, j'aj'i boe mi ngaa sa èci. lula ja'a ne dènge boe ana matana, ho hia ja'a ana-èpu. de dhu neo unu ae-ae sèmi èèna, tao mi ngaa? neu-neu ka, noto mi ènu ja'a elieser, dhèu damsik èèna. nèngu ka dhu sèmi nare aa'i-aa'i.","Te ngaa Abram dhaa, aku nèngu na, ""Ama Lamatua, ngaa dhu èu hia jaꞌa ne, beꞌa risi? Jaꞌa dènge boe ana-èpu, aa jaꞌa abhu kahèi dhèu aaꞌi-aaꞌi dhu jꞌajꞌi dhèu unu jaꞌa. Dhèu aaꞌi-aaꞌi dhu jꞌajꞌi dhèu aaꞌi-aaꞌi ètu dꞌara kota Damsik, èèna ka dhèu aaꞌi-aaꞌi dhu jꞌajꞌi dhèu aaꞌi-aaꞌi dhu jꞌajꞌi dhèu aaꞌi-aaꞌi ètu dꞌara èmu jaꞌa. De jaꞌa abhu kahèi dhèu aaꞌi-aaꞌi dhu jꞌajꞌi dhèu aaꞌi-aaꞌi dhu jꞌajꞌi dhèu aaꞌi-aaꞌi dhu jꞌajꞌi dhèu aaꞌi-aaꞌi ètu dꞌara èmu jaꞌa."""
GEN 15:4,"but then the lord told him, this man won't be your heir. your heir will be your very own son.","te ngaa lamatua dhaa na, j'ara na sèmi boe èèna! ana d'èlu èu ku, dhu unu pusaka sèra. ènu èu abhu boe.","Te ngaa dhèu sabꞌa ne dhaa, aku nèngu na, 'Bèli-camèdꞌa, jaꞌa neo jꞌajꞌi dhèu aaꞌi-aaꞌi dhu jꞌajꞌi dhèu unu Ama Lamatua. Te ngaa jaꞌa neo jꞌajꞌi dhèu aaꞌi-aaꞌi dhu jꞌajꞌi dhèu aaꞌi-aaꞌi dhu jꞌajꞌi unu Ama Lamatua.'"
GEN 15:5,"the lord took abram outside and said to him, look up at the sky. see if you can count the stars! that's how many descendants you will have!","hèia nèti abram asa li'u, ka na peka, èu ladhe ku asa dedha-liru nèi. ladhe paie ku hua-hètu sèi. bisa iga more, do aad'o? bèli-camèd'a, ana-èpu èu sama sèmi hua-hètu sèi!","Èle èèna ka, Lamatua pua Abram laꞌe asa liꞌu. Hèia Na peka dènge ne, aku Nèngu na, ""Beꞌa risi èu ladhe-leru asa dedha-liru, sèna ka ladhe èu bisa paraga dènge ana-èpu èu."
GEN 15:6,"abram trusted what the lord said, and so the lord counted abram as being in a right relationship with him.","ka abram sèmi nare lii padhai lamatua. aa lamatua tadhe ne, dhèu mola, lula abram lèka ne.","Hèia Abram parcaya Lii Holo-Nori Lamatua. Nèti èèna ka, Lamatua padhai lii dènge Abram, peka na, nèngu jꞌajꞌi dhèu dhu dꞌara mola."
GEN 15:7,"the lord also told him, i am the lord, who led you from ur of the chaldeans to give you this land for you to own.","èle èèna ka, lamatua tuhu hari lii na, ja'a ne, ama lamatua. ja'a ka dhu lere kèti èu nèti rae ur, ètu rai dhèu kasdim sèra. aa rai ne'e ne, ja'a hia èu, sèna ka j'aj'i pusaka mu.","Hèia Lamatua peka dènge ne, aku Nèngu na, ""Jaꞌa ne, Lamatua. Jaꞌa ka dhu pajꞌujꞌu èu nèti Uru, ètu rai Kaldea, ho hia èu rai ne, sèna ka jꞌajꞌi mi dedha èu."
GEN 15:8,"but lord god, how can i be certain that i will own it? abram asked.","te ngaa abram karèi, aku nèngu na, tasamia, lamatua? dènge j'ara sa mia ka ho ja'a ke'a na, rai ne j'aj'i pusaka ja'a?","Te ngaa Ama Lamatua, Abraham karèi, aku nèngu na, ""Tasamia ka jaꞌa bisa keꞌa, na, jaꞌa ne jꞌajꞌi dhèu unu jaꞌa?"""
GEN 15:9,"the lord told him, bring me a cow, a goat, and a ram, all of them three years old, together with a dove and a young pigeon.","ka na dhaa, peka na, sèmi ne'e! mai ti tao madha j'ara èci, dhu pa'èki lii padhai lii ja'a deo na. de lamu more sapi rena ci'u, kahib'i rena ci'u, dènge kahib'i-kalèbho mone ci'u. aa'i-aa'i sèra hud'i dhu umur tèlu tèu. aa mèti kahèi koro iia ci'u, dènge koro j'aha ci'u.","Hèia Lamatua peka dènge ne, aku Nèngu na, ""Mai hia jaꞌa sapi, kahibꞌi-kalèbho, dènge kahibꞌi-kalèbho dhu dꞌai tèlu tèu. Mai hia jaꞌa kahèi hua-hela dènge hua-hela."
GEN 15:10,"so abram took and killed the three animals. then he cut them in half, and placed each half opposite the other. however, he didn't cut the birds in half.","ka abram la'e nare badha sèra. hèia na kacèb'e bagi mi dua, sapi, kahib'i, dènge kahib'i-kalèbho sèra. ka na pale sisi se mi rai, dhu èci patangara dènge èci, j'aj'i mi dua b'aris. te ngaa na kacèb'e boe manu-bhui sèra.","Èle èèna ka, Abram kèpe manu-bhui tèlu sèra, hèia na pamadhe rèngu. Hèia na pamadhe manu-bhui tèlu sèra, sèna ka jꞌajꞌi èci dènge èci. Te ngaa na pamadhe manu-bhui sèra, te ngaa na pamadhe boe èci dènge èci."
GEN 15:11,"when vultures flew down on the carcasses, abram frightened them off.","ka manu-bhui dhu tema ra'a sisi sèra, mai ho neo ra'a sisi se'e. te ngaa abram bhabhoo eele si.","Ropa abhu manu-bhui dhu pakèdꞌi ètu hèbꞌa èèna, hèia Abram madhaꞌu dènge rèngu aaꞌi-aaꞌi ètu hèbꞌa èèna. Ropa abhu manu-bhui dhu pakèdꞌi ètu hèbꞌa èèna, abhu manu-bhui dhu pakèdꞌi ètu hèbꞌa èèna."
GEN 15:12,"as the sun went down, a deep sleep came over abram, and at the same time a dense and terrifying darkness fell on him.","ropa lod'o cèna, abram bhèj'i luu. na nii, kuri na maroga mai sarimu nare nèngu, ka na madha'u titu kèna.","Ropa dꞌai madha lodꞌo, hèia Abram bhèjꞌi titu kèna. Ètu dꞌara madha lodꞌo èèna, abhu maroga dhu bhelu-katubꞌa."
GEN 15:13-15,"the lord explained to abram, you can be absolutely sure that your descendants will be strangers in a foreign land, where they will be slaves and mistreated for 400 years. however, i will punish the nation that makes them slaves, and later on they will leave, taking many valuable possessions with them. but as for you, you will die in peace and be buried, having lived a good long life.","ka ama lamatua peka dènge ne, abram! èèna na èu mamuri toke heka bhoro, aa madhe dènge be'a, ka ra padhane èu dènge be'a. te ngaa ana-èpu èu, èèna na j'aj'i dhèu tao mai ètu kabarai dhèu. ho èèna na, dhèu isi rai sèra, tao si sèmi ènu sa, ka ra ènyi aa paj'èra si, toke èpa ngasu tèu. te, ladhe èèna na, ja'a huku si. ho èèna na, ja'a kèti hari ana-èpu èu nèti era èèna, aa dènge mèdha-panyau ra ae-ae.","Lamatua peka dènge ne, aku Nèngu na, 'Èu hudꞌi jꞌajꞌi ku, na, ana-èpu èu jꞌajꞌi dhèu leo ètu rai leo. Èèna na, rèngu jꞌajꞌi dhèu sabꞌa, aa ra pajꞌèra rèngu ètu èèna, toke dꞌai èpa nguru tèu tèu. Te ngaa dhèu nèti suku leo dhu jꞌajꞌi dhèu sabꞌa ne, pe Jaꞌa huku si. Èle èèna ka, rèngu lèpa dènge mèdha-panyau ae-ae. Te ngaa èu madhe dènge dꞌara beꞌa, aa ra padhane èu."
GEN 15:16,"four generations later your descendants will come back here to live, because right now the sins of the amorites have not reached their full extent.","aa èèna na, ja'a ator ho ana-èpu èu dhu ka lèmi kèti hari si asa ne'e mai. limuri ne, dhèu amori dhu pea ètu rai ne'e. dhèu se'e dhèu bhelu, te ngaa dhae bhelu iia mèka. ladhe ana-èpu èu sèra lèpa hari asa era ne'e, ja'a neo pake si ho huku palaho dhèu amori sèra. lula d'ai taa èèna, bhabhelu ra asa hino.","Èle èèna ka, lodꞌo èpa lodꞌo, bèli-camèdꞌa ana-èpu miu lèpa hari asa neꞌe, ho ra pea ètu rai neꞌe. Te toke dꞌai sange neꞌe, dhèu Amor sèra adꞌu-ue jꞌara bhelu-katubꞌa."
GEN 15:17,"after the sun set and it grew dark, suddenly a smoking furnace and a flaming torch appeared and passed between the halves of the animal carcasses.","ropa d'ai mèda sa, cag'ag'a laa ètu era èèna, abhu èru rai èci dhu sèb'u poka-poka, dènge badhu ai èci dhu heo, kako re sasanga sisi dua baris se.","Èle èèna ka, bèli-camèdꞌa, dꞌai mèka lodꞌo dꞌai mia-mia, bèli-camèdꞌa abhu ai ètu dꞌara dꞌara ajꞌu ai dhu heo, dènge ai dhu heo ètu dꞌara ajꞌu ai dhu heo ètu talora èèna. Èle èèna ka, bèli-camèdꞌa abhu ai dhu heo ètu dꞌara ajꞌu ai dhu heo ètu dꞌara ajꞌu ai dhu heo ètu dꞌara ajꞌu ai dhu heo ètu dꞌara ajꞌu-ajꞌu aaꞌi-aaꞌi ètu dꞌara badha aaꞌi-aaꞌi dhu kabꞌua ètu dꞌara badha badha aaꞌi-aaꞌi ètu dꞌara badha aaꞌi-aaꞌi ètu dꞌara badha badha aaꞌi-aaꞌi ètu dꞌara badha aaꞌi-aaꞌi ètu dꞌara badha aaꞌi-aaꞌi."
GEN 15:18,"this is how the lord made an agreement with abram that day and promised him, i'm giving this land to your descendants. it extends from the wadi of egypt to the great euphrates river,","lod'o èèna, lamatua pa'èki lii pajaji dènge abram. na peka na, ja'a jaji mema èu kèna, bèli-camèd'a ja'a pangèd'u mi ana-èpu èu rai ne'e ne, mulai nèti loko masir, d'ai loko efrat,","Lodꞌo èèna, Lamatua paꞌèki lii pajaji dènge Abram, aku Nèngu na, 'Bèli-camèdꞌa, ana-èpu èu èèna, Jaꞌa bꞌae le rai ne, nèti dꞌara bèdho Masir toke dꞌai cabèka aae, ngara na Efrat."
GEN 15:19,"and includes the territory of the kenites, kenizzites, kadmonites,","dènge rai dhèu keni, dhèu kenas, dhèu kadmon,","rai-haha ne, rai-haha ne, rai-haha ne, rai-haha ne, rai-haha ne, rai-haha ne, rai-haha ne, rai-haha ne, rai-haha ne, rai-haha ne, rai-haha ne, rai-haha ne, rai-haha ne, rai-haha ne, rai-haha ne, rai-haha ne, rai-haha ne, rai-haha ne, rai-haha ne, rai-haha ne, rai-haha ne, rai-haha ne, rai-haha ne, rai-haha ne, rai-haha ne, rai-haha ne, rai-haha ne, rai-haha ne, rai-haha ne, rai-haha ne, rai-haha ne, rai-haha ne, rai-haha ne, rai-haha ne, rai-haha ne, rai-haha ne, rai-haha ne."
GEN 15:20,"hittites, perizzites, rephaites,","dhèu het, dhèu feris, dhèu refaim,","hadhu, hadhu, hadhu, hadhu, hadhu, hadhu, hadhu, hadhu, hadhu, hadhu, hadhu, hadhu, hadhu, hadhu, hadhu, hadhu, hadhu, hadhu, hadhu, hadhu, hadhu, hadhu, hadhu, hadhu, hadhu, hadhu, hadhu, hadhu, hadhu, hadhu, hadhu, hadhu, hadhu, hadhu, hadhu, hadhu, hadhu, hadhu, hadhu, hadhu, hadhu, hadhu, hadhu, hadhu, hadhu, hadhu, hadhu, hadhu, hadhu, hadhu, hadhu, hadhu, hadhu, hadhu, hadhu, hadhu, hadhu, hadhu, hadhu, hadhu, hadhu, hadhu, hadhu, hadhu, hadhu, hadhu, hadhu, hadhu, hadhu, hadhu, hadhu, hadhu, hadhu"
GEN 15:21,"amorites, canaanites, girgashites, and jebusites.","dhèu amori, dhèu kana'an, dhèu girgasi, dènge dhèu yebus.","dhèu Amor, dhèu Kenan, dhèu Girgas, dènge dhèu Yebus."
GEN 16:1-3,"sarai, abram's wife, hadn't been able to have any children for him. however, she owned a female egyptian slave named hagar, so sarai said to abram, please listen to me. the lord hasn't let me have any children. so please go and sleep with my slave. maybe i can have a family through her. abram agreed to what sarai had suggested. so sarai, abram's wife took her egyptian slave hagar and gave her to her husband as his wife. abram had been living in the land of canaan for ten years when this happened.","tèu èèna, abram lèpa hari le nèti masir, ka na pea le canguru tèu ètu kana'an. dhèu èmu na sarai abhu mèka kolo. sarai dènge ènu bhèni ca dhèu nèti masir, ngara na hagar. ca lod'o, sarai peka dènge abram, aku nèngu na, a'a. lamatua hia boe ja'a ana. de hua iia, lamu j'unu dènge ènu ja'a, hagar, sèna ka na hia ja'a ana. ka abram madhutu lii dhèu èmu na. ka sarai hia hagar j'aj'i dhèu èmu ka dua abram.","Èle èèna ka, Sarai peka dènge Abram, aku nèngu na, ""Ladhe sèmi èèna, jaꞌa neo jꞌajꞌi dhèu èmu jaꞌa, sèna ka jaꞌa bisa jꞌajꞌi dhèu unu jaꞌa. Ladhe jaꞌa bisa jꞌajꞌi dhèu èmu jaꞌa, heka jaꞌa bisa jꞌajꞌi dhèu unu jaꞌa."" Hèia Sarai sèmi nare lii Sarai, hèia Sarai hia Hagar, dhèu èmu na, ho jꞌajꞌi dhèu èmu na, ho jꞌajꞌi dhèu èmu na."
GEN 16:4,"abram slept with hagar and she became pregnant. when she realized she was pregnant, she treated her mistress with contempt.","hèia abram j'unu dènge hagar, ka na dènge babia. ropa hagar ne'a nèngu dènge babia le, ka na padedha iisi na, aa na pahae heka sarai.","Èle èèna ka, Hagar jꞌajꞌi dhèu èmu. Ropa abhu heka heka heka heka heka heka heka heka heka heka heka heka heka heka heka heka heka heka heka heka heka heka heka heka heka heka heka heka heka heka heka heka heka heka heka heka heka heka heka heka heka heka heka heka heka heka heka heka heka heka heka heka heka heka heka."
GEN 16:5,"then sarai complained to abram, what i'm suffering is all your doing! i gave you my servant to sleep with, and now that she knows she's pregnant, she treats me with contempt. may the lord decide who's at fault-you or me!","ka sarai peka dènge abram, aku nèngu na, ja'a ka dhu hia nèngu mi èu j'aj'i dhèu èmu ka dua. te ngaa ropa na dènge babia, na pusi pahae heka ja'a! ne'e ne, sala èu! de hud'i laa, sèna ka lamatua ka dhu pama'ète lii èdhi dua ti! heka èu me'a kèna!","Èle èèna ka, Sarai padhai lii dènge Abram, aku nèngu na, ""Ama! Èu ka dhu tao sèmi èèna! Jaꞌa hia dhèu bhèni jaꞌa ètu dꞌara èu, ho jꞌajꞌi dhèu pajuu-paleha dènge èu. Te ngaa limuri ne, Sarai neꞌa le, na, nèngu jꞌajꞌi dhèu èmu. Nèti èèna ka, na paꞌele iie ku jaꞌa. Ama Lamatua ka dhu pamaꞌète lii langu jaꞌa."
GEN 16:6,"listen, she's your slave! abram replied. you can do whatever you want to her. sarai treated hagar so badly that she ran away.","ka abram dhaa, peka na, sèmi ne'e, wee! èu ne, dhèu èmu uru. aa nèngu, dhèu èmu limuri. de èu ne dhu mèd'u paredha. de èu neo tao ne tasamia, èèna ètu èu na! ka sarai mulai tao sakaa hua dènge hagar, hèia na rai.","Hèia Abram dhaa, aku nèngu na, ""Nèngu ne, ana bhèni èu. De èu bisa tao madhutu dadꞌèi èu."" Ropa Sarai padhai lii sèmi èèna, hèia na rai."
GEN 16:7,the angel of the lord met hagar at a spring in the desert-the spring on the road to shur.,"na rai d'ai d'ara mamoo. hèia ana pajuu lamatua nèti sorga ca dhèu, rage ne dètu dènge madha èi, ètu j'ara la'e asa sur.","Èle èèna ka, ana pajuu Lamatua nèti sorga mai paraga dènge Hagar ètu dꞌara èi madha èi ètu dꞌara roꞌa ètu dꞌara jꞌara-jꞌara."
GEN 16:8,"he asked her, hagar, sarai's slave-where have you come from, and where are you going? i'm running away from my mistress sarai, she replied.","ka na lii, aku nèngu na, èu ne hagar, ènu sarai. nga tao ka èu ètu ne'e? èu mai nèti mia, aa lamu mia? hèia hagar dhaa, aku nèngu na, ja'a rai nèti d'ara èmu lamatua ja'a.","Hèia na karèi ne, aku nèngu na, ""Hagar! Èu ne, ana bhèni Sarai. Èu mai nèti mia? Èu neo laꞌe asa mia?"" Hèia na dhaa, aku nèngu na, ""Jaꞌa pakèdꞌi nèti Sarai, ama bhèni jaꞌa."""
GEN 16:9,"go back to your mistress and do what she tells you, the angel of the lord told her.","ka ana pajuu èèna pamako ne, aku nèngu na, sèmi ne'e! be'a risi, èu lèpa hari asa adhe-aai sarai, lamatua èu. masi ka na tao èu tasamia èèna ka, sèmi la.","Hèia ana pajuu Lamatua ne peka dènge ne, aku nèngu na, ""Lamu dènge bhèni èu, ho tao madhutu lii padhai na."""
GEN 16:10,"then he continued, i will give you many, many descendants-in fact they'll be so many they can't be counted.","baku madha'u. bèli-camèd'a, ja'a pabèba ana-èpu èu pa'ae-ae, toke dhèu ige rare boe.","Èle èèna ka, Lamatua peka hari dènge ne, aku nèngu na, ""Bèli-camèdꞌa, ana-èpu èu jꞌajꞌi dhèu ae-ae."""
GEN 16:11,"the angel of the lord went on to tell her: listen! you're pregnant, and you will have a son. you are to name him ishmael, for the lord has heard how you've suffered.","èu dhu dènge babia. nèbhu heka, èu mora iisi ana mone ca dhèu. èèna na mu pangare ne ismael dhu sasoa na ‘lamatua tadèngi', lula lamatua tadèngi le lii roma iisi èu.","Èle èèna ka, ana pajuu Lamatua nèti sorga mai peka dènge ne, aku nèngu na, ""Èu jꞌajꞌi bhèni. Èu hudꞌi paroa ne, Ismael, lula Lamatua tadèngi le jꞌajꞌèra èu."
GEN 16:12,"he'll be a wild donkey kind of man-he will fight with everyone, and everyone will fight with him. he will forever be fighting with his relatives.","ropa ana ne kapai, na mamuri pakaj'èu nèti a'ari na. lula nèngu ne, sama sèmi jara hui dhu d'èi boe nanene lii paredha. sad'i dhèu cee èèna ka, na sisu. aa dhèu aa'i-aa'i lab'a ne kahèi.","Bèli-camèdꞌa, dhèu aaꞌi-aaꞌi ra pabꞌala dènge ne. Bèli-camèdꞌa, dhèu aaꞌi-aaꞌi ra pabꞌala dènge ne. Bèli-camèdꞌa, dhèu aaꞌi-aaꞌi ra pabꞌala dènge aꞌari na, toke dꞌai mia-mia."
GEN 16:13,"from then on hagar called the lord who spoke to her, you are the god who sees me, because she said, here i saw the one who sees me.","ropa tadèngi nare, hagar ngee ka ètu d'ara na, aku nèngu na, ja'a kèdhi le lamatua, dhu ladhe-leru aa madhenge ja'a. hèia na hia ngara mi lamatua, lamatua dhu ladhe-leru ja'a.","Nèti èèna ka, Hagar paroa Lamatua, aku nèngu na, ""Èu ne, dhèu aae. Èu ne, dhèu aae dhu ladhe mèdhi jaꞌa."" Hèia Hagar paroa Lamatua, aku nèngu na, ""Jaꞌa ladhe mèdhi dhèu aae dhu ladhe mèdhi jaꞌa."""
GEN 16:14,"that's why the well is called the well of the living one who sees me. it's still there, between kadesh and bered.","nèti èèna ka, dhèu pangare madha èi na, beer lahai roi, dhu sasoa na madha èi nèti nèngu dhu mamuri, dhu ladhe-leru ja'a. era na, ètu talora aae nèti rae kades dènge rae beret. madha èi ne, abhu era toke d'ai sange ne'e.","Nèti èèna ka, bèli-camèdꞌa èèna, ètu èèna, ètu èèna, ètu èèna, ètu talora hadhu dènge hadhu."
GEN 16:15,hagar gave birth to a son for abram. abram named his son ishmael.,"èle èèna ka, hagar lèpa hari. hèia nara iisi ana mone ca dhèu. abram pangare ne ismael.","Èle èèna ka, Hagar nara iisi ana mone èci mi Abram. Hèia Abram pangare ana ne, Ishmael."
GEN 16:16,abram was 86 when hagar had ishmael.,"lod'o hagar nare iisi ismael, umur abram aru nguru èna tèu kèna.","Lodꞌo Hagar nara iisi Isak, Abram dènge umur èpa nguru nguru tèu."
GEN 17:1,"when abram was 99, the lord appeared to him and told him, i am god almighty. live in my presence and don't do wrong.","ropa umur abram d'ai ceo nguru ceo tèu, lamatua mai pad'elo iisi dènge ne. ka na peka dènge abram, aku nèngu na, ja'a ne, ama lamatua dhu koasa risi eele. èu hud'i madhutu taruu dad'èi ja'a, dènge j'ara mamuri èu hud'i mola.","Èle èèna ka, dꞌai dꞌai nguru nguru nguru nguru èpa, Ama Lamatua padꞌelo jꞌara Na mi Abram, ka Na peka dènge ne, aku Nèngu na, ""Jaꞌa ne, Ama Lamatua dhu koasa aaꞌi-aaꞌi. Nèti èèna ka, èu hudꞌi pea ètu madha Jaꞌa, sèna ka baku adꞌu-ue jꞌara-jꞌara dhu bhelu-katubꞌa."
GEN 17:2,"i will make my agreement between me and you, and i will give you many, many descendants.",ja'a neo pa'èki lii pajaji dènge èu. aa ja'a neo pabèba kacanga ana-èpu èu.,"Èèna na, Jaꞌa paꞌèki paꞌèci dènge èu, sèna ka èu jꞌajꞌi dhèu ae-ae."
GEN 17:3,"abram bowed down with his face to the ground, and god told him,","hèia abram patitu kètu urutuu, ka na pacud'u kètu d'ai rai. ka ama lamatua tuhu hari lii padhai lii na, aku nèngu na,","Èle èèna ka, Abram patitu kètu urutuu, hèia Ama Lamatua peka dènge ne, aku Nèngu na,"
GEN 17:4-5,"listen! this is the agreement i'm making with you. you will be the father of many nations, so your name won't be abram any longer. instead, your name will be abraham because i'm going to make you the father of many nations.","lii pajaji ja'a dènge èu sèmi ne'e ka: èèna na, èu j'aj'i bèi-baki nèti suku ae-ae. nèti èèna ka, èu pake ia ka ngara èu abram dhu sasoa na ‘ama dhu dhèu tadhe', te ngaa abraham dhu sasoa na ‘bèi-baki nèti suku ae-ae'.","De nanene paie-iie! Jaꞌa tao le lii pajaji Jaꞌa dènge èu, sèna ka èu jꞌajꞌi dhèu aaꞌi-aaꞌi nèti suku aaꞌi-aaꞌi. Te ngaa èu jꞌajꞌi boe Abraham, lula Jaꞌa dedꞌe èu jꞌajꞌi dhèu aaꞌi-aaꞌi nèti suku aaꞌi-aaꞌi."
GEN 17:6,"i will make sure you have a large number of descendants. they will become many nations, and some of their kings will also come from your line.",ja'a neo pabèba kacanga ana-èpu èu ae-ae. ja'a paj'aj'i si suku ae-ae. aa ja'a ded'e dhèu aae ae nèti rèngu sèra.,"Èèna na, Jaꞌa tao sèmi èèna, sèna ka ana-èpu èu jꞌajꞌi dhèu ae-ae. Èu jꞌajꞌi dhèu-dhèu nèti suku aaꞌi-aaꞌi, aa dhèu aae nèti ana-èpu èu jꞌajꞌi dhèu aae-aaꞌi."
GEN 17:7,"i promise to continue my agreement with you, and with your descendants who come after you, for generations to come. this is an eternal agreement. i will always be your god, and the god of your descendants.","ja'a sanèd'e taruu lii pajaji ja'a dènge èu, aa dènge ana-èpu èu sèra. lii pajaji ne ma'ète boe toke taa-taa, lula ja'a ne'e ka ama lamatua nèti èu dènge ana-èpu mu.","sèmi neꞌe ka: Jaꞌa paꞌèki le dènge èu, dènge ana-èpu èu aaꞌi-aaꞌi dhu jꞌajꞌi le. Jaꞌa jꞌajꞌi Ama Lamatua mi èu dènge ana-èpu èu aaꞌi-aaꞌi dhu jꞌajꞌi le, toke dꞌai mia-mia. Jaꞌa jꞌajꞌi le Ama Lamatua mi dhèu aaꞌi-aaꞌi, aa mi dhèu aaꞌi-aaꞌi dhu jꞌajꞌi le. Jaꞌa jꞌajꞌi le Ama Lamatua mi dhèu aaꞌi-aaꞌi, toke dꞌai mia-mia."
GEN 17:8,"i will give you and your descendants the whole country of canaan-where you've been living as a foreigner-as land to own forever, and i will be their god.","rai kana'an ne aa'i-aa'i, bèli-camèd'a ja'a hia mi èu dènge ana-èpu èu. ne'e ne, èu dhoka pea manubha di ètu ne'e. te ngaa èèna na, j'aj'i mi unu ana-èpu èu toke taa-taa. aa ja'a j'aj'i ama lamatua rèngu sèra kahèi.","Jaꞌa ka dhu hia èu dènge ana-èpu èu, rai Kanaꞌan aaꞌi-aaꞌi dhu èu pea ètu rai-haha ne, sèna ka jꞌajꞌi le rai èèna toke dꞌai mia-mia. Jaꞌa jꞌajꞌi dhèu aaꞌi-aaꞌi ra, aa Jaꞌa jꞌajꞌi dhèu aaꞌi-aaꞌi ra."
GEN 17:9-10,"then god told abraham, your part is to keep my agreement-you and your descendants for generations to come. this is my agreement with you and your descendants who come after you, the agreement you are to keep: every male among you shall be circumcised.","te ngaa èu dènge ana-èpu èu sèra, hud'i kèpe pa'èra lii pajaji ne, dènge d'ara kateme ku. dhèu mone aa'i-aa'i ra, hud'i suna ku.","Èle èèna ka, Ama Lamatua peka dènge Abraham, aku Nèngu na, ""Èu dènge ana-èpu èu aaꞌi-aaꞌi dhu jꞌajꞌi dhèu unu Jaꞌa, hudꞌi jꞌajꞌi mi dhèu aaꞌi-aaꞌi, dhèu aaꞌi-aaꞌi dhu jꞌajꞌi ana-èpu èu sèra. Èu hudꞌi jꞌajꞌi mi dhèu aaꞌi-aaꞌi dhu jꞌajꞌi dhèu unu Jaꞌa, sèna ka dhèu aaꞌi-aaꞌi dhu jꞌajꞌi dhèu unu Jaꞌa, hudꞌi jꞌajꞌi dhèu aaꞌi-aaꞌi dhu suna."
GEN 17:11-13,"you are to circumcise your foreskin, and this will be the sign of the agreement between me and you. from now and for all generations to come every male among you who is eight days old must be circumcised. this includes not only your sons but also those born in your household or bought from foreigners. you must circumcise those born in your household or bought from foreigners as a sign in your bodies of my eternal agreement.","ne'e ne, mone aa'i-aa'i hud'i suna, mulai nèti umur aru lod'o. a'ari èu, dhèu-dhèu sab'a èu, dènge ènu dhu èu hèli more nèti rai leo, aa'i-aa'i ra hud'i suna si. suna na j'aj'i tadha mi ngi'u miu, dhu pa'èki èdhi taa-taa.","Èle èèna ka, dhèu aaꞌi-aaꞌi ra hudꞌi suna, sèna ka jꞌajꞌi tadha, na, Jaꞌa paꞌèki le dènge miu, sèna ka jꞌajꞌi tadha, na, miu aaꞌi-aaꞌi mi dhèu aaꞌi-aaꞌi mi hudꞌi suna kahèi. Èle èèna ka, dhèu aaꞌi-aaꞌi ra hudꞌi suna kahèi, sèna ka jꞌajꞌi tadha, na, Jaꞌa paꞌèki le dènge miu dènge dhèu aaꞌi-aaꞌi. Dènge jꞌara neꞌe, dhèu aaꞌi-aaꞌi ra hudꞌi suna kahèi, sèna ka jꞌajꞌi tadha, na, Jaꞌa paꞌèki le dènge dhèu aaꞌi-aaꞌi ra, sèna ka jꞌajꞌi dhèu aaꞌi-aaꞌi ra. Èle èèna ka, miu hudꞌi suna kahèi, sèna ka jꞌajꞌi tadha, na, Jaꞌa paꞌèki le dènge dhèu aaꞌi-aaꞌi-aaꞌi ra, aaꞌi-aaꞌi-aaꞌi ra dènge dhèu aaꞌi-aaꞌi-aaꞌi-aaꞌi ra."
GEN 17:14,any uncircumcised male who refuses circumcision will be excluded from his people because he has broken my agreement.,"mone mia dhu suna boe, rèngu sèra maso boe ètu d'ara lii pajaji ja'a ne, aa rèngu sèra j'aj'i boe dhèu ja'a kahèi.","Te ngaa ladhe dhèu mone dhu suna boe, nèngu hudꞌi tèke eele nèti aꞌari na, lula nèngu tao boe madhutu paredha Jaꞌa."
GEN 17:15,"then god told abraham, now about sarai your wife. don't call her sarai any longer. instead, her name will be sarah.","èle èèna ka, ama lamatua peka hari, aku nèngu na, nèti deo ne'e ne, èu paroa ia ka ngara dhèu èmu mu sarai, te ngaa sara.","Èle èèna ka, Lamatua peka dènge Abraham, aku Nèngu na, ""Sarai, dhèu èmu èu. Èu hudꞌi heka ngara na Sarai. Te ngaa èu hudꞌi heka ngara na Sara."
GEN 17:16,"i will bless her and i promise to give you a son by her. i will bless her so that she will become the mother of nations, and kings will be among her descendants.","èèna na ja'a hia mamèngi ae-ae mi sara, sèna ka nara iisi hia èu, ana mone ca dhèu. tare'a! bèli-camèd'a, sara j'aj'i bèi nèti suku ae-ae. aa èèna na, ja'a ded'e dhèu aae ae-ae nèti ana-èpu nèngu.","Èèna na, Jaꞌa patabuli ne, aa Jaꞌa hia èu ana mone nèti neꞌe. Èèna na, nèngu jꞌajꞌi dhèu-dhèu nèti suku aaꞌi-aaꞌi, aa dhèu aaꞌi-aaꞌi jꞌajꞌi dhèu aaꞌi-aaꞌi nèti neꞌe."
GEN 17:17,"abraham bowed down with his face to the ground. but inside he was laughing, asking himself, how on earth could i have a son at the age of one hundred? how could sarah have a child when she is ninety?","hèia abraham patitu kètu urutuu ka pacud'u kètu d'ai rai. te ngaa na mari ètu d'ara. na pangee, na, mone heka bhora dhu cangasu tèu sama sèmi ja'a ne, bisa abhu ana era? aa sara dhu heka gagoo-gagehu ne, dhu ceo nguru tèu kèna, nara iisi hari sa mia?","Èle èèna ka, Abraham patitu kètu urutuu, hèia na patitu kètu asa rai. Te ngaa dꞌara na karejꞌe, ka na pangee, aku nèngu na, ""Bèli-camèdꞌa jaꞌa ètu rai-haha ne, bisa boe abhu ana, te ngaa jaꞌa ètu rai-haha ne, nèti èèna ka Sara dhu umur nèti nguru tèu, bisa boe abhu ana?"""
GEN 17:18,"abraham said to god, may ishmael always live under your blessing!","ka na peka dènge lamatua, aku nèngu na, hud'i ka laa, ismael ka dhu abhu pusaka ja'a èèna ka, ngaa-ngaa tao boe.","Hèia Abraham peka dènge Ama Lamatua, aku nèngu na, ""Sèmi neꞌe!"
GEN 17:19,"no, it's your wife sarah who is going to have a son for you! god replied. you are to call him isaac. i will keep my agreement with him and his descendants as an eternal agreement.","te ngaa aku ama lamatua na, aad'o sèmi èèna! bèli-camèd'a, dhèu èmu mu sara, nara iisi ana mone ca dhèu. pangare ne isak. lii jaji ja'a ne, lèke mi nèngu dènge ana-èpu na toke mia-mia.","Hèia Ama Lamatua dhaa, aku Nèngu na, ""Aadꞌo! Sara jꞌajꞌi le ana mone èu. Èu hudꞌi pangare nèngu Isak."" Èle èèna ka, Jaꞌa tao paꞌèki paꞌèki Jaꞌa dènge ne, dènge ana-èpu na aaꞌi-aaꞌi dhu bèli-camèdꞌa jꞌajꞌi paꞌèki dènge Jaꞌa, toke dꞌai mia-mia."""
GEN 17:20,"now about ishmael. i heard what you said, and i will also bless him. i will make sure he has a great many descendants. he will be the father of twelve princes, and i will make him into a great nation.","ja'a tadèngi le ngaa dhu èu manèngi kahèi, hia ismael. nèti èèna ka, ja'a hia berkat mi nèngu kahèi, aa hia ana-èpu na tabha ae. bèli-camèd'a ana-èpu ismael ne, j'aj'i mi canguru dua kapala suku. aa ana-èpu na suku èci dhu kapai.",Jaꞌa tadèngi le lula-nèti Ismael. Jaꞌa manèngi sèna ka Ama Lamatua hia ne berkat. Jaꞌa tao ne jꞌajꞌi dhèu kapai canguru dua dhèu. Jaꞌa tao ne jꞌajꞌi dhèu aaꞌi-aaꞌi ètu rai-haha ne.
GEN 17:21,"but it's with isaac that i will keep my agreement, the son sarah will give birth to about this time next year.","masi ka sèmi èèna, lii pajaji ja'a ne, lèke dhoka mi ana mu isak di. tèu mai ni, hèru sèmi ne'e kahèi, sara nara iisi le.","te ngaa jaꞌa neo paꞌèki dènge Isak, dhu jaꞌa pangee, na, bèli-camèdꞌa Sara nara iisi ana mone èèna, lodꞌo èèna."""
GEN 17:22,when god had finished speaking with abraham he left him.,"ropa padhai lii nare, ka ama lamatua tèke eele abraham.","Ropa Lamatua padhai lii dènge Abraham, hèia Abraham tèke eele nèti dꞌara èmu na."
GEN 17:23-27,"that day abraham circumcised his son ishmael as well as all those born in his household or purchased, in fact every male among the members of abraham's household, just as god had told him. abraham was 99 when he was circumcised, and his son ishmael was thirteen. both abraham and his son ishmael were circumcised on the same day. all the males in abraham's household, including those born in his household or purchased from foreigners, were circumcised with him.","lod'o èèna kahèi, abraham tao dènge ka, madhutu sèmi lii paredha ama lamatua. ka na suna. na suna ana na, ismael, dènge dhèu mone aa'i-aa'i dhu pea dènge ne. lod'o èèna, umur abraham ceo nguru ceo tèu le, aa ismael canguru tèlu tèu.","Èle èèna ka, dhèu aaꞌi-aaꞌi nèti dhèu aaꞌi-aaꞌi ètu dꞌara èmu Abraham suna. Èle èèna ka, dhèu aaꞌi-aaꞌi nèti dhèu aaꞌi-aaꞌi ètu dꞌara èmu na suna kahèi. Dhèu aaꞌi-aaꞌi ètu dꞌara èmu Abraham suna kahèi, sama sèmi dhèu aaꞌi-aaꞌi nèti dhèu aaꞌi-aaꞌi ètu dꞌara èmu na, sama sèmi dhèu aaꞌi-aaꞌi nèti dhèu aaꞌi-aaꞌi ètu dꞌara èmu Abraham. Èle èèna ka, Abraham suna kahèi dhèu aaꞌi-aaꞌi nèti dhèu aaꞌi-aaꞌi ètu dꞌara èmu na, nuka sèmi dhèu aaꞌi-aaꞌi dhu bèli-camèdꞌa nèti dhèu leo."
GEN 18:1,the lord appeared to abraham at the oaks of mamre. abraham was sitting at the entrance to his tent as the day became really hot.,"ca tèka, abraham pea padètu dènge aj'u aae canau ètu mamre. lamatua mai pad'elo iisi na mi nèngu ètu era èèna. lii lolo na sèmi ne'e ka: lod'o èèna, sagoro ae titu kèna, ka abraham madhèdi ètu hèb'a paleo na, sèna ka abhu ngèlu g'oro ciki.","Èle èèna ka, Lamatua laꞌe padꞌelo dènge Abraham ètu hèbꞌa ajꞌu Mamre. Abraham madhèdi ètu madha hèbꞌa èmu na."
GEN 18:2,"he looked up and all of a sudden he saw three men standing there. as soon as he saw them, he ran over to meet them and bowed low to the ground.","ropa abraham boti kètu na, ladhe nèdhi dhèu tèlu dhu titu kaj'èu boe nèti era èèna. hèia na rai la'e soru nare si. ropa na d'ai madha si, na patitu kètu urutuu na,","Hèia na ladhe, ladhe nèdhi dhèu tèlu dhu titu ètu era èèna. Ropa nèdhi rèngu, ka laꞌe paraga dènge rèngu, ka na patitu kètu urutuu."
GEN 18:3,"he said, sir, if you please, don't continue your journey without spending some time here with me, your servant.","ka na peka, aku nèngu na, ama si. mai dhuli ku ho minu èi ciki.","Hèia dhèu sabꞌa ne dhaa, aku nèngu na, ""Sèmi neꞌe! Jaꞌa ne dhèu sabꞌa ètu neꞌe. De jaꞌa manèngi sèna ka Lamatua hia jaꞌa jꞌajꞌi dhèu sabꞌa ètu neꞌe. De jaꞌa manèngi sèna ka Lamatua hia jaꞌa jꞌajꞌi dhèu sabꞌa ètu neꞌe. Jaꞌa manèngi sèna ka Lamatua hia jaꞌa jꞌajꞌi dhèu sabꞌa ètu neꞌe. De jaꞌa manèngi sèna ka Lamatua hia jaꞌa jꞌajꞌi dhèu sabꞌa ètu neꞌe."
GEN 18:4,let me have some water brought so you can wash your feet and rest under the tree.,"ama si ae ciki mi mamaho ne'e. ho ana-ana iiki rèti èi, sèna ka rasa haga miu.","Jaꞌa neo mai hia miu èi, sèna ka miu bisa madhèdi ètu dꞌara ajꞌu ne. De jaꞌa neo hia miu èi, sèna ka miu bisa madhèdi ètu dꞌara ajꞌu neꞌe. De jaꞌa neo hia miu èi, sèna ka miu bisa madhèdi ètu dꞌara ajꞌu neꞌe. De jaꞌa neo hia miu èi, sèna ka miu bisa madhèdi ètu dꞌara ajꞌu neꞌe."""
GEN 18:5,"also let me bring some food so you can get your strength back before you go on your way, now that you've come to visit me here. that would be fine, they answered. please do as you've suggested.","pe ja'a laku lalau nganga'a-nginu ho ama si mi'a ciki, sèna ka ako kadhii ciki, heka lami taruu kèna. te ja'a karej'e bisa lalau ama si. ka ra dhaa, aku rèngu na, ooo. ji'i dhuli.","De ladhe jaꞌa laꞌe asa era neꞌe, jaꞌa neo mèti ngiꞌu, sèna ka dꞌara miu lèke."" Hèia dhèu se dhaa, aku rèngu na, ""Ladhe sèmi èèna, beꞌa risi."""
GEN 18:6,"abraham hurried back to the tent and told sarah, quick! make some bread using three large measures of the best flour. knead the dough and bake the bread.","hèia abraham pamèri sa d'ara paleo, la'e peka dènge sara, aku nèngu na, mèri! more tarigu dhu be'a risi, ca saku, ho tao roti!","Èle èèna ka, Abraham lèpa hari asa dꞌara hèbꞌa, ka na peka dènge Sara, aku nèngu na, ""Lamu tao roti ètu dꞌara hèbꞌa èèna, pake tèlu hèbꞌa hèbꞌa hèbꞌa ètu dꞌara hèbꞌa èèna. Èle èèna ka, èu tao roti ètu dꞌara hèbꞌa èèna. Èle èèna ka, èu tao roti ètu dꞌara hèbꞌa èèna. Èle èèna ka, èu tao roti ètu dꞌara hèbꞌa èèna. Èle èèna ka, èu tao roti ètu dꞌara hèbꞌa èèna. Èle èèna ka, èu tao roti ètu dꞌara hèbꞌa èèna."""
GEN 18:7,"then abraham ran to the cattle herd and chose a good, young calf and gave it to his servant who quickly killed and cooked it.","ka rai la'e hari asa era sapi na, hèia kèpe ana sapi kabèb'u ci'u. ka na pua dhèu sab'a na sa, pare.","Èle èèna ka, Abraham lèpa laꞌe asa dꞌara oka na. Hèia na hia ana sapi èci dhu beꞌa. Ka na pamadhe, ka na tao."
GEN 18:8,"then he took some yogurt, milk, and the cooked meat, and placed the food in front of them. he stood nearby under a tree while they ate.","hèia la'e nare susu, keju dènge sisi dhu heka nasu èèna, nèti hia tamu sèra ra'a. abraham titu taruu ètu mamaho aj'u, ho na lalau si.","Èle èèna ka, na kèpe hèbꞌa, hèbꞌa hèbꞌa hèbꞌa hèbꞌa hèbꞌa hèbꞌa hèbꞌa hèbꞌa hèbꞌa hèbꞌa hèbꞌa hèbꞌa hèbꞌa hèbꞌa hèbꞌa hèbꞌa hèbꞌa hèbꞌa hèbꞌa hèbꞌa hèbꞌa hèbꞌa hèbꞌa hèbꞌa hèbꞌa hèbꞌa hèbꞌa hèbꞌa hèbꞌa hèbꞌa hèbꞌa hèbꞌa hèbꞌa hèbꞌa hèbꞌa."
GEN 18:9,"where is your wife sarah? they asked him. over there, inside the tent, he replied.","hèia ra karèi ne, aku rèngu na, dhèu èmu mu sara, ka mia? na dhaa, aku nèngu na, nuka d'ara paleo èèna.","Hèia dhèu se karèi ne, peka na, ""Sara, dhèu èmu èu, ètu mia?"" Ka na dhaa, aku nèngu na, ""Dhèu èmu èèna."""
GEN 18:10,"then one said, i promise you that i will come back to visit you about this time next year, and your wife sarah will have a son. sarah was listening, hiding just inside the entrance to the tent behind him.","ka ca dhèu nèti rèngu se padhai lii, aku nèngu na, pe d'ai tèu mai nèi, ja'a lèpa hari mai. lod'o èèna, dhèu èmu èu sara nare iisi le ana mone ca dhèu. ropa rèngu padhai lii èèna, sara nanene nèti kabodho babèdho.","Èle èèna ka, dhèu èci dhu tadèngi lii padhai Ama Lamatua, peka na, ""Jaꞌa neo lèpa hari asa èu, lodꞌo èèna. Èle èèna ka, dhèu èmu èu, Sara, abhu ana mone ca dhèu."""
GEN 18:11,"abraham and sarah were old, getting on in years. sarah was well past the age of having children.","lod'o èèna, abraham dènge sara dhu heka bhoro le, ngaa hari sara dhu abhu heka hèru.","Èle èèna ka, Abraham dènge Sara dꞌai le lodꞌo èle rai-haha ne. Nèti èèna ka, bèli-camèdꞌa Abraham dènge Sara dꞌai le lodꞌo èle rai-haha ne. Te ngaa dꞌai lodꞌo èle rai-haha ne, bèli-camèdꞌa Abraham dènge Sara dꞌai le rai-haha ne. Nèti èèna ka, bèli-camèdꞌa Abraham dènge Sara dꞌai le lodꞌo èle rai-haha ne."
GEN 18:12,"sarah was laughing inside, saying to herself, now that i'm old and worn out, how would i experience pleasure? my husband is old too!","ropa sara tadèngi padhue-padhai rèngu se, ka na mari kèmu. na pangee na, ja'a dhu heka roto-roto sèmi ne'e ne, aa dhèu èmu ja'a dhu roe nia heka. tasamia ji'i bisa tao sèmi ana ngèru dhu leo-èmu hiu, ho abhu ana?","Èle èèna ka, Sara peka dènge dꞌara na, peka na, ""Ladhe jaꞌa keꞌa le, nga tao ka jaꞌa bisa mamuri karejꞌe dènge dhèu èmu jaꞌa? Jaꞌa keꞌa le, te dhèu èmu jaꞌa keꞌa le!"
GEN 18:13,"the lord asked abraham, why did sarah laugh and ask, ‘how could it possibly be true that i'll have a child now i'm so old? '","ka lamatua peka dènge abraham, aku nèngu na, nga tao ka sara mari? ele boe na ngee na, lii padhai ja'a ne j'aj'i boe, lula nèngu heka le.","Èle èèna ka, Lamatua karèi Abraham, aku Nèngu na, ""Nga tao ka Sara tangi, peka na, 'Tasamia ka jaꞌa bisa abhu ana, lula jaꞌa keꞌa le?'"
GEN 18:14,"is anything too difficult for the lord to do? i will come back next year when i said i would, in the spring, and sarah will have a son.","ja'a ne, lamatua! abhu boe ngaa èci sa dhu ja'a bisa boe tao. sanèd'e paie. tèu mai, ladhe ja'a lèpa hari mai, sara dhu nara iisi le, ana mone ca dhèu.","Èèna na, jaꞌa pangee, na, bèli-camèdꞌa, bèli-camèdꞌa jaꞌa lèpa hari, ladhe dꞌai lodꞌo èèna, bèli-camèdꞌa Sara abhu ana mone."""
GEN 18:15,"sarah denied it because she was afraid, claiming, i didn't laugh. yes, you did laugh, the lord replied.","ropa tadèngi lii èèna, sara j'aj'i madha'u. ka na pasili, aku nèngu na, ja'a mari boe, nga! te ngaa lamatua b'ala, na, deo na, èu mari, nga.","Te ngaa Sara dhaa, aku nèngu na, ""Aadꞌo! Jaꞌa ngee boe."" Te ngaa Lamatua dhaa, aku Nèngu na, ""Aadꞌo!"
GEN 18:16,then the men left. they looked down on sodom and headed in that direction. abraham accompanied them part of the way.,"èle ka, dhèu tèlu se pakèd'i neo lasi asa kota sodom. ka abraham lere si d'ai talora j'ara. nèti era èèna, ladhe rèdhi kota sodom.","Èle èèna ka, dhèu dua sèra kalua nèti dꞌara hèbꞌa èèna. Ropa rèdhi era èèna, hèia ra lèpa asa rae sodom. Te ngaa Abraham tèke eele si asa sebhe jꞌara."
GEN 18:17,"then the lord said, should i keep from abraham what i'm going to do?","ka lamatua ngee ètu d'ara na, hua iia ja'a peka dènge abraham, ja'a neo palaho kota sodom.","Èle èèna ka, Lamatua karèi Abraham, aku Nèngu na, ""Sèmi neꞌe, ee!"
GEN 18:18,"abraham will definitely become a great and powerful nation, and all the nations on earth will be blessed through him.","te ladhe èèna na, ana-èpu na asa tabha ae, aa suku dhu kapai. aa nèngu ne, èèna na, j'aj'i berkat mi suku aa'i-aa'i ètu rai-haha ne.","Bèli-camèdꞌa, Abraham jꞌajꞌi dhèu unu Ama Lamatua dhu kapai risi ètu rai-haha ne. Dhèu nèti suku aaꞌi-aaꞌi ètu rai-haha ne, bèli-camèdꞌa abhu mèngi-nale, lula nèngu jꞌajꞌi dhèu unu Ama Lamatua."
GEN 18:19,"i've chosen him so that he will teach his sons and their families to follow the way of the lord by doing what is right and good, so that i, the lord, can do for abraham what i promised.","ja'a hag'e kore le nèngu, ho na nori ana-èpu na dènge dhèu leo, sèna ka madhutu taruu j'ara lamatua, ho ra mamuri dènge mola. ladhe rèngu mamuri sèmi èèna, ja'a tao aa'i lii dhu ja'a pajaji dènge abraham.","Jaꞌa hagꞌe nare ne, sèna ka na ajꞌa ana-ana na dènge dꞌara èmu-èmu ra, ho madhutu jꞌara-jꞌara dhu lèke, aa madhutu jꞌara-jꞌara dhu lèke. Dènge jꞌara neꞌe, Jaꞌa tao jꞌara-jꞌara dhu Jaꞌa peka dènge Abraham."
GEN 18:20,"then the lord said, there are many complaints made against sodom and gomorrah because they sin so blatantly.","hèia lamatua peka dènge abraham, aku nèngu na, sèmi ne'e! ja'a tadèngi le, lii roma iisi dhèu ae, peka na, dhèu kota sodom dènge gomora bhabhelu ra seli-kolane.","Hèia Lamatua dhaa, aku Nèngu na, ""Jaꞌa neo peka dènge dhèu nèti kota Sodom dènge kota Gomora, lula dhèu sèra tao sala ae-ae."
GEN 18:21,i'm going to see if these complaints that have reached me are completely true. i'll know if they're not.,"nèti èèna ka, ja'a puru madha ku mai, sèna ka kèdhi unu ku, ngaa dhu ja'a tadèngi sèra, tare'a, do aad'o. ladhe aad'o, pe ja'a ke'a unu ku.","Nèti èèna ka, jaꞌa neo paraga dènge dhèu aaꞌi-aaꞌi dhu jaꞌa tadèngi sèmi èèna. De jaꞌa neo paraga dènge dhèu aaꞌi-aaꞌi dhu jaꞌa tadèngi sèmi èèna, do aadꞌo. De jaꞌa neo paraga dènge dhèu aaꞌi-aaꞌi dhu jaꞌa tadèngi sèmi èèna. De jaꞌa neo paraga dènge dhèu aaꞌi-aaꞌi dhu jaꞌa tadèngi sèmi èèna, do aadꞌo."
GEN 18:22,"the two men turned and went towards sodom, but the lord stayed there with abraham.","ropa lamatua padhai lii era dènge abraham, dhèu dua se lasi taruu sa kota sodom.","Èle èèna ka, dhèu dua se lèpa asa rae Sodom. Te ngaa Lamatua pea ètu èèna dènge Abraham."
GEN 18:23,abraham came to him and asked: are you really going to wipe out the good people along with the wicked?,"hèia abraham la'e padètu dènge lamatua, ka na pamako na, peka na, tasamia? ama neo pamadhe aa'i dhèu-dhèu be'a pa'èci dènge dhèu-dhèu bhelu, do?","Èle èèna ka, Abraham paraga dènge ne, hèia na karèi, aku nèngu na, ""Ama! Èu neo pamadhe dhèu dhu dꞌara mola dènge dhèu dhu dꞌara bhelu-katubꞌa, do?"""
GEN 18:24,what if there are fifty good people in the town? are you still going to wipe it out despite the fifty good people there?,"ladhe abhu dhèu lèmi nguru dhu be'a ètu d'ara kota èèna, ama pamadhe si hèi? do, ama palaho heka kota sèra, lula rèngu se'e, do?","Ladhe ètu dꞌara kota èèna, abhu nguru nguru dhèu dhu dꞌara beꞌa, na, èu neo pamadhe dhèu aaꞌi-aaꞌi dhu dꞌara beꞌa, te ngaa èu neo pamadhe dhèu aaꞌi-aaꞌi dhu dꞌara beꞌa ètu dꞌara kota èèna. Te ngaa ladhe ètu dꞌara kota èèna, abhu nguru nguru nguru dhèu dhu dꞌara beꞌa, na, èu neo pamadhe dhèu aaꞌi-aaꞌi, do?"
GEN 18:25,"no, you can't do something like that! you can't kill the good with the wicked, otherwise you would be treating the good and the wicked in the same way. you can't do that! isn't the judge of all the earth going to do the right thing?","ama baku tao sèmi èèna! mage dhoka, dhèu be'a sèra madhe hèi, lula ama neo pamadhe dhèu bhelu sèra. ama ka dhu pama'ète lii ètu dedha-liru dènge rai-haha. de ama ku unu mu dhu me'a j'ara èèna adil boe.","Miu bisa boe pamadhe dhèu dhu dꞌara beꞌa dènge dhèu dhu dꞌara bhelu-katubꞌa. Te ladhe miu neo pamadhe dhèu dhu dꞌara beꞌa dènge dhèu dhu dꞌara bhelu-katubꞌa, miu bisa boe pamadhe dhèu dhu dꞌara beꞌa dènge dhèu dhu dꞌara bhelu-katubꞌa dènge dhèu dhu dꞌara bhelu-katubꞌa sèmi èèna kahèi. Te Ama Lamatua bisa boe tao dhu lèke mi dhèu aaꞌi-aaꞌi ètu rai-haha ne."""
GEN 18:26,"if i find fifty good people in sodom, i'll spare the whole town because of them, the lord replied.","ka lamatua dhaa, peka na, ladhe abhu dhèu be'a lèmi nguru dhèu ètu kota sodom, ja'a huku boe kota èèna, lula rèngu.","Hèia Lamatua dhaa, aku Nèngu na, ""Ladhe jaꞌa paraga dènge èpa nguru dhèu dhu dꞌara mola ètu kota Sodom, jaꞌa pakajꞌèu aaꞌi-aaꞌi ètu dꞌara kota ne, lula rèngu aaꞌi-aaꞌi ra."""
GEN 18:27,"since i've started, let me go on speaking to my lord, even though i'm nothing but dust and ashes, abraham continued.","hèia abraham padhai lii hari, aku nèngu na, ama, ja'a manèngi abho, lula ja'a neo padhai lii hari ciki. ja'a ne dhoka dhèu goa di, dhu ke'a boe ngaa-ngaa.","Nèti èèna ka, Abraham dhaa, aku nèngu na, ""Sèmi neꞌe! Jaꞌa ne jꞌajꞌi dhèu aae-dhèu, te ngaa jaꞌa jꞌajꞌi mèdha-panyau di. De jaꞌa neo padhai lii dènge dhèu aae jaꞌa, te ngaa jaꞌa jꞌajꞌi mèdha-panyau di, te ngaa jaꞌa jꞌajꞌi mèdha-panyau di."""
GEN 18:28,"what if there are forty-five good people, just five less? are you still going to wipe out the whole town just because there are five fewer people? i won't destroy it if i find forty-five, the lord replied.","sèmi d'ai boe dhèu lèmi nguru dhu be'a, te ngaa dhoka èpa nguru lèmi di, tasamia? kura dhoka dhèu lèmi di, na ama neo palaho eele kota èèna, do? ka lamatua b'ala, aku nèngu na, ladhe ja'a abhu dhèu be'a èpa nguru lèmi, ja'a palaho boe kota èèna.","Ladhe ètu dꞌara kota èèna abhu lèmi dhèu dhu dꞌara beꞌa èpa nguru tèu, na, èu neo pamadhe dhèu aaꞌi-aaꞌi ètu dꞌara kota ne, do? Ladhe ètu dꞌara kota èèna abhu lèmi dhèu dhu dꞌara beꞌa, na, jaꞌa pamadhe boe dhèu aaꞌi-aaꞌi èpa nguru tèu."" Hèia Lamatua dhaa, aku Nèngu na, ""Ladhe jaꞌa paraga dènge dhèu aaꞌi-aaꞌi, na, jaꞌa pamadhe boe dhèu aaꞌi-aaꞌi èpa nguru tèu."""
GEN 18:29,"abraham spoke up again and he asked the lord, what if only forty can be found? i won't do it for the sake of the forty, the lord replied.","ka abraham pamako hari, na, sèmi abhu dhoka èpa nguru dhèu be'a di, tasamia, ama? ka na dhaa, ladhe ja'a abhu èpa nguru dhèu be'a, ja'a huku boe si.","Èle èèna ka, Abraham karèi hari Lamatua, aku nèngu na, ""Sèmi neꞌe! Ladhe abhu cahagꞌe dhèu ètu dꞌara èmu èèna, tasamia?"" Te ngaa Lamatua dhaa, aku Nèngu na, ""Ladhe abhu cahagꞌe dhèu ètu dꞌara èmu èèna, jaꞌa tao boe sèmi èèna, lula abhu cahagꞌe dhèu ètu dꞌara èmu èèna."""
GEN 18:30,"my lord, please don't get angry with me, abraham went on. let me ask this-what if only thirty were found? i won't do it if i find thirty, the lord replied.","abraham pamako hari, aku nèngu na, ama baku nasa. te abhu dhoka tèlu nguru dhèu be'a di, na tasamia? hèia na dhaa, ladhe ja'a abhu tèlu nguru dhèu be'a, ja'a huku boe si.","Hèia Abraham dhaa, aku nèngu na, ""Ama! Jaꞌa neo karèi sèmi neꞌe: ladhe abhu 30 dhèu di, jaꞌa tao boe sèmi èèna."" Hèia Lamatua dhaa, aku nèngu na, ""Ladhe abhu 30 dhèu di, jaꞌa tao boe sèmi èèna."""
GEN 18:31,"i admit i've been very bold to speak to my lord like this, abraham said. what if only twenty are found there? i won't do it for the sake of the twenty, the lord replied.","hèia abraham peka hari, ama mage nasa ladhe ja'a karèi hari ciki. sèmi abhu dhoka dhèu dua nguru di dhu be'a, na tasamia? ka na dhaa hari, aku nèngu na, sèmi abhu dhèu dua nguru di dhu be'a, ja'a palaho eele boe kota èèna.","Èle èèna ka, Abraham dhaa, aku nèngu na, ""Sèmi neꞌe! Jaꞌa dꞌèi padhai lii sèmi neꞌe."" Hèia Abraham dhaa, aku nèngu na, ""Sèmi neꞌe! Ladhe abhu dua nguru dhèu ètu era neꞌe, na, jaꞌa dꞌèi padhai lii sèmi neꞌe."" Hèia Lamatua dhaa, aku nèngu na, ""Sèmi neꞌe ne, jaꞌa dꞌèi padhai lii sèmi èèna. De ladhe abhu dua nguru dhèu ètu era neꞌe, na, jaꞌa dꞌèi padhai lii sèmi èèna."""
GEN 18:32,"please don't get angry with me, my lord, abraham said. just let me ask one more thing. what if only ten are found there? i won't destroy it for the sake of the ten, the lord replied.","ka abraham katange lii padhai na, aa na karèi, peka na, ama! ja'a padhai lii hari ca tèka, te ngaa baku nasa dènge ja'a. tasamia, ladhe abhu dhoka canguru dhèu di dhu be'a? hèia na dhaa, ladhe ja'a abhu canguru dhèu dhu be'a ètu era èèna, ja'a palaho boe kota èèna.","Èle èèna ka, Abraham dhaa, aku nèngu na, ""Jaꞌa manèngi sèmi neꞌe ka: ladhe abhu ca dhèu sa ètu dꞌara jꞌara neꞌe, na, jaꞌa paꞌele iisi jaꞌa. Te ngaa jaꞌa manèngi sèmi èèna kahèi. Ladhe abhu ca dhèu sa ètu dꞌara jꞌara neꞌe, na, jaꞌa paꞌele iisi jaꞌa, lula abhu ca dhèu sa ètu dꞌara jꞌara neꞌe."" Hèia Lamatua dhaa, aku Nèngu na, ""Jaꞌa paꞌele iisi jaꞌa, lula abhu ca dhèu sa ètu dꞌara jꞌara neꞌe."""
GEN 18:33,"the lord left once he had finished speaking with abraham, and abraham went home.","padhai lii èle sèmi èèna, lamatua la'e dènge ka, aa abraham lèpa kahèi.","Ropa Lamatua padhai lii dènge Abraham, hèia Abraham laꞌe."
GEN 19:1,"the two angels arrived at sodom in the evening. lot happened to be sitting at the entrance to sodom, and when he saw them he stood up to meet them, and bowed low with his face to the ground.","ètu d'ara lamatua dhu padhue-padhai era dènge abraham, ana pajuu na dhèu dua, lasi le asa kota sodom. d'ai nèi, lod'o oe cèna kèna. ka lot dhu madhèdi ètu hèb'a tedhe kota. ropa nèdhi dhèu dua se, la'e soru nare si. ka na patitu kètu urutuu, aa pacud'u kètu ètu madha ra.","Lodꞌo èèna, ana pajuu Ama Lamatua dua ra dhu madhèdi ètu hèbꞌa èmu Sodom. Ropa Lot ladhe nèdhi ana pajuu dua ra, hèia na kèdꞌi paraga dènge rèngu. Hèia na patitu kètu urutuu."
GEN 19:2,"sirs, please come and stay with me for the night, he said. you can wash your feet and then be on your way early in the morning. they replied, no, it's fine. we'll spend the night here in the square.","ka na padhai lii, aku nèngu na, mai lati dhuli ku èmu ja'a la. sèna ka ama si rase haga, aa j'unu ètu èmu ja'a. pe bèli mad'ae, heka ama si kako hari kèna. ra dhaa, aku rèngu na, makasi. te ngaa repo ia ka. hud'i laa ji'i j'unu ètu d'ara lapa.","Hèia na peka dènge dhèu sabꞌa ne, aku nèngu na, ""Jaꞌa manèngi sèna ka miu madhèdi ètu era neꞌe. Ladhe dꞌai bèli èèna, miu bisa roꞌo-roꞌo ajꞌu miu."" Ka dhèu sabꞌa se dhaa, aku rèngu na, ""Aadꞌo! Jiꞌi madhèdi ètu era neꞌe."""
GEN 19:3,"but lot insisted, and they went with him to his house. he made them a meal and baked bread for them to eat.","te ngaa lot pamako si loe boe, ka lasi manubha asa èmu na. ka lot si tunu roti, lalau mei, ka ra'a-rinu pa'èci.","Èle èèna ka, Lot maso asa dꞌara èmu na. Èle èèna ka, Lot lasi asa dꞌara èmu na, ho raꞌa-rinu. Èle èèna ka, Lot tao roti ho raꞌa-rinu dènge dhèu aaꞌi-aaꞌi ètu dꞌara èmu na. Èle èèna ka, Lot tao roti ho raꞌa-rinu dènge dhèu aaꞌi-aaꞌi ètu dꞌara èmu na, sèna ka dhèu aaꞌi-aaꞌi raꞌa-rinu dènge dhèu aaꞌi-aaꞌi raꞌa-rinu dènge dhèu aaꞌi-aaꞌi raꞌa-rinu dènge dhèu aaꞌi-aaꞌi raꞌa-rinu dènge dhèu aaꞌi-aaꞌi raꞌa-rinu dènge dhèu aaꞌi-aaꞌi raꞌa-rinu."
GEN 19:4,"but they hadn't even gone to bed before the men of sodom, young and old, from every part of town, came and surrounded the house.","dhu dua ra lasi mèka j'unu, cag'ag'a laa, dhèu mone sodom aa'i-aa'i, ana mone ngèru toke d'ai mone heka, mai reo rare èmu lot.","Te ngaa dhèu aaꞌi-aaꞌi dhu tadèngi lii padhai Ama Lamatua sèra, mai nèti rae-rae, nèti ana-èpu toke dhèu heka-dhèu kapai ètu dꞌara kota. Rèngu dꞌai mèka dꞌara èmu èèna. Rèngu aaꞌi-aaꞌi ra dꞌèlu-mèu, ka ra tenge jꞌara-jꞌara ètu dꞌara èmu èèna, ka ra tenge jꞌara-jꞌara ho jꞌajꞌi dhèu bhelu-katubꞌa."
GEN 19:5,"they shouted out to lot, where are the men who came to stay with you tonight? bring them out here to us so we can have sex with them.","dhèu se'e pa'oo-parodha, peka mi lot, aku rèngu na, he, lot! mone dua deo sa, ètu mia? bhabhodho si mai, sèna ka ji'i j'unu dènge ra!","Ka ra paꞌoo, aku rèngu na, ""Sèmi neꞌe, dhèu dhu mai pea ètu dꞌara èmu èu èèna, ètu mia? Mai asa jiꞌi, sèna ka jiꞌi tao jꞌara makae dènge rèngu. De jiꞌi manèngi sèna ka jiꞌi tao jꞌara makae dènge rèngu ètu neꞌe. De jiꞌi manèngi sèna ka jiꞌi tao jꞌara makae dènge rèngu, sèna ka jiꞌi tao jꞌara makae dènge rèngu. De jiꞌi manèngi sèna ka jiꞌi tao jꞌara makae dènge rèngu. De jiꞌi manèngi sèna ka jiꞌi tao jꞌara makae dènge rèngu, sèna ka jiꞌi tao jꞌara makae dènge rèngu."""
GEN 19:6,"lot went out to talk to them in the doorway, closing the door behind him.","hèia lot li'u la'e, ka na bèdho hari èmu.","Èle èèna ka, Lot laꞌe asa liꞌu, ho padhai lii dènge rèngu ètu hèbꞌa èmu."
GEN 19:7,"my friends, please don't do such an evil thing!","ka na lii, aku nèngu na, a'ari, ee! baku miu tao bhelu mi tamu ja'a se.",Aꞌari aaꞌi-aaꞌi! Jaꞌa manèngi sèna ka miu baku tao jꞌara bhelu sèmi èèna!
GEN 19:8,"listen, i've got two virgin daughters. let me bring them out to you, and you can do to them whatever you want, but please don't do anything to these men. it's my responsibility to look after them.","mi nanene ku ja'a laa! ana bhèni ja'a, dhèu dua. dua ra dhu pa'èci mèka dènge dhèu mone. ja'a hia miu. mere, ho mi tao tasamia èèna ka, sad'i madhutu dad'èi miu. sad'i miu baku tao karehe mi tamu ja'a dhèu dua se. lula madhutu ad'a èdhi, ja'a ka dhu hud'i j'aga si.","Jaꞌa neꞌa, na, jaꞌa dènge ana bhèni ca dhèu dua dhu dꞌara beꞌa. De jaꞌa neo hia si asa madha ama. De èu bisa tao madhutu dadꞌèi èu. Te ngaa èu baku tao madhutu dhèu seꞌe. Te jaꞌa hudꞌi jꞌajꞌi dhèu aaꞌi-aaꞌi ètu dꞌara èmu jaꞌa, sèna ka jꞌajꞌi dhèu aaꞌi-aaꞌi ètu dꞌara èmu jaꞌa, sèna ka jaꞌa jꞌajꞌi dhèu aaꞌi-aaꞌi ètu dꞌara èmu jaꞌa, sèna ka jꞌajꞌi dhèu aaꞌi-aaꞌi ètu dꞌara èmu jaꞌa, sèna ka jꞌajꞌi dhèu aaꞌi-aaꞌi ètu dꞌara èmu jaꞌa."
GEN 19:9,"out of our way! they shouted. who do you think you are, coming to live here and now trying to judge us? we'll do even worse things to you than we were going to do to these men! they rushed forward at lot and tried to break down the door.","masi ka sèmi èèna, dhèu sodom se pa'oo ma'ète boe, aku rèngu na, èu ne, baku patabha! te èu ne, dhèu tao mai ètu kabarai ji'i ne! de èu dènge boe hak ho kai ji'i. hua iia, èu pakaj'èu nèti era ne'e. te, ladhe lamu boe, ji'i tao èu bia risi nèti dhèu dua se'e! ka ra tule eele lot, hèia aa'i-aa'i ra rai lasi j'èje babèdho èmu.","Èle èèna ka, ra paꞌoo-parodha, aku rèngu na, ""Ama! Èu mai asa dꞌara èmu neꞌe! Èu neo ho pamaꞌète lii langu jiꞌi! Èèna na, jiꞌi tao jꞌajꞌèra èci èèna ka dènge Ama! Jiꞌi tao jꞌajꞌèra èci èèna ka dènge Ama! Jiꞌi tao jꞌajꞌèra èci èèna ka dènge Ama! Jiꞌi tao jꞌajꞌèra èci èèna ka dènge Ama! Jiꞌi tao jꞌajꞌèra èci èèna ka dènge Ama! Jiꞌi tao jꞌajꞌèra èci èèna ka dènge Ama! Jiꞌi tao jꞌajꞌèra èci èèna ka dènge Ama! Jiꞌi tao jꞌajꞌèra èci èèna ka dènge Ama! Jiꞌi tao jꞌajꞌèra èci èèna ka, heka jiꞌi tao jꞌajꞌèra èèna."""
GEN 19:10,"but the men inside reached out and grabbed lot, dragged him inside, and slammed the door shut.","te ngaa dhèu dua se soro kacui-aai ra, ère pamaso lot, ka ra patèke èmu nèti d'ara.","Te ngaa dhèu-dhèu dhu ètu dꞌara èmu èèna, hèia ra kèpe rare dhèu ne, hèia ra kèpe ne asa dꞌara èmu. Èle èèna ka, ra sogo-tagu hèbꞌa ètu dꞌara èmu."
GEN 19:11,"then they made all the men in the doorway, young and old, suddenly go blind so they couldn't find the door.","dua ra tao pabèdhu ana madha dhèu sodom aa'i-aa'i ra, ka rèdhi heka ngaa-ngaa. ra gogo tenge babèdho, te ngaa abhu boe.","Èle èèna ka, dhèu aaꞌi-aaꞌi dhu madhèdi ètu hèbꞌa èèna, bèli-camèdꞌa bèli-camèdꞌa bèli-camèdꞌa bèli-camèdꞌa bèli-camèdꞌa bèli-camèdꞌa bèli-camèdꞌa bèli-camèdꞌa bèli-camèdꞌa bèli-camèdꞌa bèli-camèdꞌa bèli-camèdꞌa bèli-camèdꞌa bèli-camèdꞌa bèli-camèdꞌa bèli-camèdꞌa bèli-camèdꞌa bèli-camèdꞌa bèli-camèdꞌa bèli-camèdꞌa bèli-camèdꞌa."
GEN 19:12-13,"the two men asked lot, is there anyone else here who's part of your family-sons-in-law, or sons or daughters, or anyone else in the town? if there are, make sure they leave, because we are about to destroy this place. the complaints that have reached the lord about its people have become so bad that he has sent us to destroy it.","hèia tamu dhèu dua se, peka dènge lot, aku rèngu na, lamatua ne'a le, bhabhelu-katub'a dhèu sodom se. nèti èèna ka, na paleha ji'i dua mi mai, sèna ka palaho eele kota ne. de èu dhu dènge a'ari leo dhu ètu d'ara kota ne, do aad'o? ladhe dènge ana mone, do ana bhèni, do dhèu èmu ana èu, do, sad'i cee èèna ka, lamu more si, ho rai ka nèti d'ara kota ne lai-lai!","Èle èèna ka, dhèu dua se karèi Lot, aku rèngu na, ""Sèmi neꞌe: ana-èpu èu, ana-èpu èu, do, ana-èpu èu, do, ana-èpu èu dhu pea ètu dꞌara èmu èu sèra? Ladhe ètu dꞌara èmu èu èèna, na, èu hudꞌi pakèdꞌi laꞌe, te èdhi tenge jꞌara ho pahaha iisi ètu dꞌara èmu èèna. Te ètu dꞌara èmu èèna, dhèu aaꞌi-aaꞌi dhu mamuri ètu dꞌara èmu èèna, tadèngi le, na, dhèu aaꞌi-aaꞌi dhu mamuri ètu dꞌara èmu èu aaꞌi-aaꞌi ètu dꞌara èmu èèna. Lamatua pua èdhi, sèna ka pahaha iisi ètu dꞌara èmu èèna, sèna ka èdhi pahaha iisi ètu dꞌara èmu èèna."""
GEN 19:14,"lot went immediately to speak to the men who were engaged to marry his daughters. get up quickly and leave, he said, because the lord is about to destroy the town! but they thought it was just a joke.","hèia lot la'e paraga dènge ana mone dhèu dua, dhu lii d'ai ana bhèni na. ka na peka, dua mi nanene paie! rai ka nèti d'ara kota ne, te lamatua neo palaho eele ne! te ngaa ra pangee na, lot padhai lii paleko di.","Èle èèna ka, Lot laꞌe padhai lii dènge dhèu leo sèra, aku nèngu na, ""Miu hudꞌi kèdꞌi laꞌe, te Ama Lamatua neo pamadhe dhèu ètu dꞌara rae ne."" Te ngaa dhèu se pangee, na, sèmi neꞌe ne, jꞌajꞌèra."
GEN 19:15,"at dawn, the angels begged lot to be quick, telling him, hurry up! leave right now with your wife and your two daughters here, otherwise you'll be wiped out when the city is punished.","bèli mad'ae aae era, ana pajuu lamatua dhèu dua se, pakaseti lot si, ho lasi karohe asa era kaj'èu. ra peka na, lami ka! ère mèti dhèu èmu mu, dènge ana bhèni èu dhèu dua sèra, ho rai ka. tèke eele kota ne'e! mage dhoka miu madhe aa'i palere-lere dènge kota ne.","Lodꞌo èèna, bèli-camèdꞌa, ana pajuu Ama Lamatua sèra manèngi, aku rèngu na, ""Lamu ka! Mai ka dènge dhèu èmu èu dènge ana bhèni èu dua, sèna ka Lamatua pamadhe èu aaꞌi-aaꞌi ètu dꞌara kota ne."""
GEN 19:16,"but lot hesitated. the men grabbed his hand, and those of his wife and two daughters, and dragged them along, leaving them outside the town. the lord was kind to them to do this.","te ngaa lot neka-neka era, masi ka lamatua neo hia ne mamuri. nèti èèna ka, tamu dhèu dua se nuni lot, dhèu èmu na, dènge ana bhèni dhèu dua sèra, rèti asa li'u kota.","Èle èèna ka, Lamatua padꞌelo dꞌara hua iia Na mi dhèu dua sèra. Hèia ra kèpe rare kacui-aai na, dènge dhèu èmu na, dènge ana bhèni na dua, ho rèti si asa liꞌu kota. Èle èèna ka, Lamatua padꞌelo dꞌara hua iia Na mi dhèu dua sèra."
GEN 19:17,"as soon as they were outside, one of the men said, run for your lives! don't look back, and don't stop anywhere in the valley! run to the mountains otherwise you'll be destroyed!","hèia ca dhèu nèti tamu dhèu dua sèra paredha si, peka na, rai palasa, sèna ka abhu sod'a! mage mi kabib'a kabodho! baku ae ètu d'ara mamoo! rai taruu, asa ledhe nèi, sèna ka miu baku madhe!","Ropa rèngu kalua, hèia dhèu èci peka dènge rèngu, aku nèngu na, ""Lamu asa liꞌu. Baku ladhe-leru asa liꞌu. Lamu asa ledhe-ledhe. Lamu asa ledhe-ledhe, sèna ka miu abhu mamadhe."
GEN 19:18,"please sir, not that! lot replied.","te ngaa lot peka, aku nèngu na, iraa ee! baku sèmi èèna!","""Jaꞌa manèngi sèmi èèna! Jaꞌa manèngi sèmi èèna kahèi!"" hèia dhèu ae dhaa, aku rèngu na, ""Jaꞌa manèngi sèmi èèna! Jaꞌa manèngi sèmi èèna kahèi!"""
GEN 19:19,"if you don't mind, since you have already been so kind to me by saving my life, don't make me run to the mountains-i just can't make it. the destruction will overtake me and i'll die!","mema ama si pamamuri le ji'i se. te ngaa ledhe nèi kaj'èu bia nèti ne'e! mage dhoka ji'i d'ai mèka nèi, j'aj'èra dhu magee nare le ji'i èèna, ètu talora j'ara.","De ladhe Ama Lamatua padꞌelo dꞌara hua iia Na mi jaꞌa, na, Ama Lamatua hia jaꞌa mamuri. De ladhe Ama Lamatua padꞌelo dꞌara hua iia Na mi jaꞌa, na, Ama Lamatua hia jaꞌa mamuri. De ladhe Ama Lamatua padꞌelo dꞌara hua iia Na mi jaꞌa, na, Ama Lamatua hia jaꞌa mamuri. De ladhe Ama Lamatua padꞌelo dꞌara hua iia Na mi jaꞌa, na, Ama Lamatua hia jaꞌa mamuri."
GEN 19:20,"look, there's a town nearby that's close enough to run to, and it's so small. please let me run there-it's really very small. it would save my life.","ama ladhe ku laa. rae iiki cue dhu kaj'èu boe nèti era ne'e. rae nèi dhu kolongara aad'o. ladhe ama d'èi, ji'i la'a pasoru iisi asa nèi!","ladhe sèmi èèna, abhu kota èci ètu era èèna, dhu ètu era èèna dènge jaꞌa, aa ètu era neꞌe, èci èèna ka dènge jaꞌa, aa ètu era neꞌe, èci èèna ka dènge jaꞌa, èci èèna ka dènge jaꞌa. Jaꞌa pangee, na, jaꞌa pangee, na, jaꞌa pangee, na, jaꞌa pangee, na, jaꞌa pangee, na, jaꞌa pangee, na, jaꞌa pangee, na, jaꞌa pangee, na, jaꞌa pangee, na, jaꞌa pangee, na, jaꞌa pangee, na, jaꞌa pangee, na, jaꞌa mamuri tareꞌa-reꞌa."
GEN 19:21,"fine-i'll do as you ask, he replied. i won't destroy this town you've mentioned.","ka na dhaa, peka na, oo! lami ka! te èèna na, ja'a palaho boe rae nèi.","Hèia na dhaa, aku nèngu na, ""Sèmi neꞌe, jaꞌa tao madhutu dadꞌèi èu. Jaꞌa paꞌele iie boe dꞌara kota dhu èu peka sèmi èèna."
GEN 19:22,"but hurry up and run there quickly, because i can't do anything until you get there. this is why the town was called zoar.","de rai karohe ka, lami asa nèi! te ja'a tao mèka ngaa-ngaa, ladhe miu d'ai mèka era nèi. karèi nèti lod'o èèna, dhèu pangare rae ne soar, dhu sasoa na ‘ana iiki-iiki'.","Nèti èèna ka, dhèu aaꞌi-aaꞌi ra pangare lii kota ne, ngara na Zoar. Nèti èèna ka, dhèu aaꞌi-aaꞌi bisa boe tao ngaa-ngaa toke èu dꞌai nèi."
GEN 19:23,the sun had already risen by the time lot reached zoar.,"ropa lod'o rea, lot si d'ai soar.","Lodꞌo èèna, lodꞌo lodꞌo èèna, lodꞌo lodꞌo èèna, lodꞌo lodꞌo èèna, lodꞌo lodꞌo lodꞌo èèna, lodꞌo lodꞌo èèna, lodꞌo lodꞌo lodꞌo èèna, lodꞌo lodꞌo lodꞌo èèna, lodꞌo lodꞌo lodꞌo èèna, lodꞌo lodꞌo lodꞌo lodꞌo èèna, lodꞌo lodꞌo lodꞌo èèna, lodꞌo lodꞌo lodꞌo lodꞌo èèna, lodꞌo lodꞌo lodꞌo èèna, lodꞌo lodꞌo lodꞌo èèna, lodꞌo lodꞌo lodꞌo èèna, lodꞌo lodꞌo lodꞌo èèna, lodꞌo lodꞌo lodꞌo èèna, lodꞌo lodꞌo lodꞌo èèna, lodꞌo lodꞌo lodꞌo èèna, lodꞌo lodꞌo èèna, lodꞌo lodꞌo lodꞌo èèna, lodꞌo lodꞌo lodꞌo èèna."
GEN 19:24,then the lord rained down fire and burning sulfur from the sky on sodom and gomorrah.,"cag'ag'a laa, lamatua sadutu ai dènge èi nasu nèti dedha-liru asa sodom dènge gomora.","Èle èèna ka, Lamatua hia ai dènge heo nèti dedha-liru asa kota Sodom dènge kota Gomora."
GEN 19:25,"he completely destroyed the towns and all their inhabitants, the whole valley and everything growing there.","lamatua pakèpu-ladhu ai kota dènge rae aa'i-aa'i ètu d'ara rai èèna, dènge ngaa-ngaa dhu mamuri ètu èèna, nuka: dhèu, badha-manu, dènge ana aaj'u.","Èle èèna ka, Ama Lamatua paꞌele iie kota-kota èèna dènge dhèu aaꞌi-aaꞌi dhu pea ètu dꞌara dꞌara bèdho, aa paꞌele iie aaꞌi-aaꞌi ra dènge aaꞌi-aaꞌi dhu hua ètu dꞌara bèdho èèna. Èle èèna ka, Ama Lamatua paꞌele iie kota-kota èèna dènge aaꞌi-aaꞌi dhu pea ètu dꞌara bèdho èèna, aa paꞌele iie aaꞌi-aaꞌi ra dènge aaꞌi-aaꞌi ra."
GEN 19:26,"but lot's wife, who was lagging behind, looked back, and she turned into a pillar of salt.","lod'o rèngu rai, dhèu èmu lot kabib'a kabodho. cag'ag'a laa, na j'aj'i agarii masi.","Èle èèna ka, bhèni Lot ladhe-leru, hèia na ladhe-leru. Hèia na ladhe-leru, hèia bhèni ne jꞌajꞌi sama sèmi hadhu."
GEN 19:27,abraham got up early the next morning and went back to where he had stood before the lord.,"asa bèli èèna, dhu mad'ae aae era, abraham la'e asa era dhu med'a na, na pamako lamatua.","Bèli èèna, Abraham kèdꞌi asa era dhu na titu ètu madha Lamatua."
GEN 19:28,"he looked down at sodom and gomorrah and the whole valley floor, and saw the land burning, sending up smoke like from a furnace.","hèia na ladhe sa haha asa sodom dènge gomora, aa asa d'ara mamoo èèna. na ladhe la'a na, sèb'u poka-poka sèna, dhu ca'e asa dedha-liru. aa ai na'e aa'i le ngaa-ngaa.","Èle èèna ka, nèngu ladhe nèdhi kota Sodom dènge kota Gomora, dènge rae aaꞌi-aaꞌi ra ètu dꞌara dꞌara rae, ka na ladhe nèdhi dhèu aaꞌi-aaꞌi ètu rai-haha ne, èci èèna ka dènge ai nèti dꞌara ajꞌu ai."
GEN 19:29,"when god destroyed the towns of the valley he didn't forget the promise he made abraham, and he saved lot from the destruction of the towns where lot was living.","ama lamatua patalale lot si nèti hahuku èèna, ropa na pakèpu-ladhu ai kota-kota sèra, lula na ngee nèdhi lii pajaji na dènge abraham.","Èle èèna ka, lodꞌo Ama Lamatua hagꞌe nare kota-kota ètu dꞌara dꞌara dꞌara dꞌara ledhe ne, Na bhèlu eele le lii pajaji Na mi Abraham. Te ngaa Lamatua patabuli eele kota-kota ètu dꞌara dꞌara dꞌara dꞌara dꞌara dꞌara dꞌara dꞌara."
GEN 19:30,"lot was afraid to stay in zoar, so he left town and went to live in a cave in the mountains with his two daughters.","lod'o èèna, lot madha'u pea taruu ètu rae soar. nèti èèna ka, nèngu dènge ana bhèni na dhèu dua sèra, lasi asa ledhe ka ra pea ètu d'ara loe cue.","Nèti èèna ka, Lot dènge ana-èpu na dhèu dua mai pea ètu dꞌara roꞌa ètu ledhe-leru, ho pea ètu dꞌara roꞌa èèna. Te ngaa Lot madhaꞌu, lula nèngu pea ètu dꞌara roꞌa èèna. Nèti èèna ka, Lot dènge ana-èpu na dua mai pea ètu dꞌara roꞌa èèna, ka ra pea ètu dꞌara roꞌa ètu ledhe-leru èèna."
GEN 19:31,"sometime later the older daughter said to the younger one, our father is growing old, and there's no men left to give us children like everyone does.","ca lod'o, ana bhèni uru èèna, peka dènge ari na, aku nèngu na, ètu era ne'e ne, abhu boe dhèu mone ca dhèu sa, dhu bisa leo dènge èdhi se. aa ama èdhi asa heka, de ladhe èèna na, na bisa heka abhu ana.","Èle èèna ka, ana bhèni kapai ne peka dènge ana bhèni kapai ne, aku nèngu na, ""Ama jiꞌi dhu leko-monya le, aa abhu boe ca dhèu sa dhu jꞌajꞌi le ana-èpu jiꞌi, sama sèmi dhèu leo aaꞌi-aaꞌi ra."
GEN 19:32,"come on, let's get our father drunk with wine and sleep with him so we can keep his family line going.","de be'a risi, ti hia ne ninu mahu, sèna ka èdhi dua ti j'unu dènge ne, ho ti abhu kolo hia ama èdhi.","De limuri ne, jiꞌi pangee, na, bèli-camèdꞌa jiꞌi kèpe ama jiꞌi dènge anggor, ho jꞌajꞌi dhèu pajuu-paleha dènge ne, sèna ka jꞌajꞌi dhèu aae-dhèu ètu dꞌara èmu na. De jiꞌi pangee, na, bèli-camèdꞌa jiꞌi jꞌajꞌi dhèu aaꞌi-aaꞌi, sèna ka jꞌajꞌi dhèu aaꞌi-aaꞌi, aa jꞌajꞌi dhèu aaꞌi-aaꞌi, aa jꞌajꞌi dhèu aaꞌi-aaꞌi, sèna ka jꞌajꞌi dhèu aaꞌi-aaꞌi."
GEN 19:33,"so they got their father drunk with wine that night. the older daughter went and slept with him, and he didn't notice when she lay down or when she got up.","ka ropa d'ai mèda, dua ra hia ama ra ninu èi anggor toke mahu. hèia ana bhèni uru èèna, la'e j'unu dènge ama na. lula ama na dhu mahu ae, ka ne'a boe nèngu dhu j'unu dènge ana na.","Èle èèna ka, bèli-camèdꞌa ana bhèni dhu kapai èèna, bèli-camèdꞌa ana bhèni dhu kapai èèna, bèli-camèdꞌa ana bhèni dhu kapai èèna, bèli-camèdꞌa ana bhèni dhu kapai èèna, bèli-camèdꞌa ana bhèni dhu kapai èèna, bèli-camèdꞌa ana bhèni dhu kapai èèna, bèli-camèdꞌa ana bhèni dhu kapai èèna, bèli-camèdꞌa ana bhèni dhu kapai èèna, bèli-camèdꞌa ana bhèni dhu kapai èèna, bèli-camèdꞌa ana bhèni dhu kapai èèna, bèli-camèdꞌa ana bhèni dhu kapai èèna."
GEN 19:34,"the next day the older daughter said to the younger one, last night i slept with our father. let's get him drunk with wine again tonight and you can go and sleep with him so we can keep his family line going.","hèia asa bèli èèna, a'a na peka dènge ari na, aku nèngu na, mèda deo na, ja'a j'unu le dènge ama èdhi. de mèda ne'e, èu kèna. èdhi hia ne hari ninu mahu, ho lamu j'unu dènge ne. sèna ka èdhi dua ti abhu ana, ho hia ana-èpu mi ama èdhi.","Asa bèli èèna, ana bhèni dhu kapai ne peka dènge ana bhèni dhu kapai ne, aku nèngu na, ""Bèli-camèdꞌa, jaꞌa madhèdi dènge ama jiꞌi ètu dꞌara èmu neꞌe. Beꞌa risi èèna, jiꞌi pamakae hari ama jiꞌi dènge èi anggor. De èu hudꞌi laꞌe madhèdi dènge ne, sèna ka jiꞌi bisa paꞌèki dènge ne, sèna ka jꞌajꞌi dhèu aaꞌi-aaꞌi ètu dꞌara èmu na."""
GEN 19:35,"so once again that night they got their father drunk with wine and the younger daughter went and slept with him, and he didn't notice when she lay down or when she got up.","ka d'ara mèda na, dua ra hia hari ama ra ninu mahu. ka ana bhèni limuri ne, la'e ka j'unu dènge ama na. te ngaa, lula ama ra dhu mahu titu kèna, nèti èèna ka, ne'a boe ngaa dhu nèngu tao mi dedha ana bhèni na.","Nèti èèna ka, bèli-camèdꞌa èèna, ana bhèni dhu uru èèna, bèli-camèdꞌa bèli-camèdꞌa bèli-camèdꞌa. Ka ana bhèni dhu uru èèna, maso asa Ama Lamatua ètu dꞌara èmu Ama Lamatua. Ama Lamatua neꞌa boe, na, ana bhèni ne lèpa, do, na, nèti dꞌara bèli-camèdꞌa. Nèti èèna ka, ana bhèni dhu uru èèna, maso asa Ama Lamatua ètu dꞌara èmu Ama Lamatua. Nèti èèna ka, ama Lamatua tadhe boe, na, ana bhèni ne lèpa, do, na, nèti dꞌara bèli-camèdꞌa."
GEN 19:36,this is how both lot's daughters became pregnant by their father.,"dènge j'ara ne'e ne ka, dua ra dènge babia nèti ama d'èlu rèngu.","Èle èèna ka, ana bhèni Lot dua ra, bèli-camèdꞌa bèli-camèdꞌa bèli-camèdꞌa bèli-camèdꞌa bèli-camèdꞌa bèli-camèdꞌa bèli-camèdꞌa bèli-camèdꞌa bèli-camèdꞌa bèli-camèdꞌa bèli-camèdꞌa bèli-camèdꞌa bèli-camèdꞌa bèli-camèdꞌa bèli-camèdꞌa bèli-camèdꞌa bèli-camèdꞌa bèli-camèdꞌa bèli-camèdꞌa dènge ama ra."
GEN 19:37,"the older daughter had a son, and she called him moab. he is the ancestor of the moabites of today.",hèia ana bhèni uru èèna nara iisi ana mone ca dhèu. ka na pangare na moab dhu sasoa na ‘mai nèti ama'. ana ne'e ka dhu j'aj'i bèi-baki nèti dhèu moab.,"ka ana bhèni kapai ne abhu ana mone, ngara na Moab. Nèti èèna ka, dhèu Moab aaꞌi-aaꞌi ra jꞌajꞌi dhèu aaꞌi-aaꞌi, toke dꞌai sange neꞌe."
GEN 19:38,"the younger daughter had a son too, and she called him ben-ammi. he is the ancestor of the ammonites of today.","ka ana bhèni limuri ne, nara iisi ana mone èci kahèi. na pangare na ben ami dhu sasoa na ‘mai nèti dhèu ja'a'. ana ne ka dhu j'aj'i bèi-baki nèti dhèu amon.","ana bhèni kapai ne abhu kahèi ana mone, ka ra pangare ne, Ben-ammi. Nèti èèna ka, dhèu Amon aaꞌi-aaꞌi ra jꞌajꞌi le bèi-baki ra toke dꞌai sange neꞌe."
GEN 20:1,"abraham traveled towards the negev, staying between kadesh and shur. after that he moved on to live in gerar.","èle èèna, ka abraham nèti mamre, pidha asa rai negeb, dhu ètu re balèu, ka na pea ètu talora rae kades, dènge rae syur. te ngaa na pea nèbhu boe, ka pidha hari asa rae gerar.","Èle èèna ka, Abraham kèdꞌi laꞌe asa kota Negev. Na pea ètu talora kota Kadesh dènge kota Shur. Èle èèna ka, na pea ètu kota Gerar."
GEN 20:2,"during his time there, when abraham told people about his wife sarah, he said, she's my sister. so abimelech, king of gerar, sent for sarah and took her to become one of his wives.","hèia na peka dènge dhèu ètu sèra, aku nèngu na, sara ne, ana hèni ja'a. nèti èèna ka, abimelek dhèu aae gerar, pua dhèu lasi lii d'ai sara. ka nèti ne mai asa d'ara èmu dhèu aae.","Lodꞌo èèna, Abraham peka dènge dhèu aaꞌi-aaꞌi ètu nèi lula-nèti dhèu èmu na Sara, aku nèngu na, ""Nèngu ne, aꞌari jaꞌa."" Hèia Abimelek, dhèu aae Gerar, pua dhèu lasi paraga dènge Sara, ho lasi jꞌajꞌi dhèu èmu na."
GEN 20:3,"but god appeared to abimelech in a dream and told him, listen! you're going to die because the woman you've taken is already married-she has a husband.","d'ara ca mèda sa, ama lamatua pad'elo iisi na dènge dhèu aae ètu d'ara nii. na peka, mamadhe èu ne dètu kèna! lula èu more dhèu èmu dhèu.","Èle èèna ka, Ama Lamatua padhai lii dènge Abimelek, aku Nèngu na, ""Sèmi neꞌe! Èu hudꞌi madhe ku, te bhèni èu ne, dhèu èmu-kamali na."""
GEN 20:4-5,"abimelech hadn't touched sarah, and he asked, lord, do you kill good people? didn't abraham tell me himself, ‘she's my sister, ' and didn't sarah also say, ‘he's my brother'? i did this in all innocence-my conscience is clear!","hèia abimelek dhaa, peka na, lamatua! ja'a dhae pa'èci mèka dènge bhèni na. aa ja'a sasala aad'o. abraham unu na ka dhu peka, bhèni na, ana hèni nèngu! aa bhèni na dhaa sèmi èèna kahèi. nèti èèna ka, ja'a hia dhèu lasi lii d'ai ne, dènge d'ara mola. de lamatua baku pad'ui ja'a sasala!","Abimelek tadèngi boe Sara, ka na karèi ne, aku nèngu na, 'Ama! Èu ka dhu pamadhe dhèu dhu dꞌara mola, do?' Aa Abraham peka kahèi, na, 'Nèngu ne aꞌari jaꞌa.' Aa Sara peka kahèi, na, 'Nèngu ne aꞌari jaꞌa.' Nèti èèna ka, jaꞌa keꞌa, na, jaꞌa tao sèmi èèna kahèi."
GEN 20:6,"god told him in the dream, yes, i know you did this in all innocence, so i prevented you from sinning against me. that's why i didn't let you touch her.","ka lamatua dhaa, peka na, tare'a. mema ja'a ke'a d'ara èu mola. nèti èèna ka, ja'a ka dhu taha èu, ho baku pa'èci dènge ne. dènge j'ara sèmi èèna, èu tao boe sala mi ja'a hèi.","Èle èèna ka, Ama Lamatua peka dènge ne ètu dꞌara mèda, aku Nèngu na, ""Tareꞌa! Jaꞌa keꞌa, na, èu tao jꞌara ne dènge dꞌara mola. Nèti èèna ka, jaꞌa kèpe èu, sèna ka èu tao boe sasala dènge jaꞌa. Nèti èèna ka, jaꞌa kèpe èu, sèna ka èu paꞌèki dènge ne."
GEN 20:7,"send the man's wife back to him. he's a prophet. he will pray for you, and you will live. but if you don't send her back to him, you should know for sure that you and all your family will die.","de èu mèti hari ka bhèni ne, lèpa sa dhèu èmu na. mone na ka dhu nèti lii padhue-padhai ja'a. de lamu manèngi ne, sèna ka na sabaj'a hia èu, ho èu baku madhe. sanèd'e paie! ladhe èu hia boe bhèni na lèpa, èu dènge kabarai èu madhe aa'i mèu-mèu.","De èu hudꞌi paꞌèki hari dènge bhèni dhèu èmu na. Te nèngu ne, dhèu nèti lii padhai Ama Lamatua. Ladhe na sabajꞌa hia èu, èu bisa mamuri hari. Te ngaa ladhe èu paꞌèki hari dènge bhèni dhèu èmu èu, èu dènge dhèu èmu èu aaꞌi-aaꞌi ra madhe."
GEN 20:8,"abimelech got up early in the morning and called all his servants together. he explained everything that had happened, and they were all terrified.","bèli mad'ae aae èèna, dhèu aae pakaboko nare dhèu-dhèu kapai na aa'i-aa'i, ka na lolo lii nii na. hèia aa'i-aa'i ra madha'u.","Bèli madꞌae èèna, Abimelek kèdꞌi, ka na paroa dhèu sabꞌa na aaꞌi-aaꞌi. Ka na peka dènge rèngu aaꞌi-aaꞌi dhu jꞌajꞌi sèra. Ka ra madhaꞌu aaꞌi-aaꞌi ra."
GEN 20:9,"then abimelech summoned abraham and asked him what have you done to us? how have i wronged you that you should treat me like this, bringing this terrible sin on me and my kingdom? you've done things to me that no one should ever do!","ka dhèu aae paroa abraham. na karèi, aku nèngu na, ja'a tao sala ngaa mi èu, ka èu neo paj'èra ja'a dènge kabarai ja'a? èu ne ele-ho'a ka dènge tao madha j'ara sèmi ne'e ne.","Èle èèna ka, Abimelek paroa Abraham, ka na karèi ne, aku nèngu na, ""Èu tao le jiꞌi ngaa? Jaꞌa tao le jꞌara-jꞌara dhu bhelu-katubꞌa mi èu, sèna ka èu tao jꞌara neꞌe mi jaꞌa dènge dhèu aaꞌi-aaꞌi ètu rai-haha ne. Te ngaa èu tao le jꞌara-jꞌara èèna mi jaꞌa dènge dhèu aaꞌi-aaꞌi ètu rai-haha ne."
GEN 20:10,then abimelech asked abraham what were you thinking when you did this?,"ngangee èu tasamia ka, mu tao sèmi ne'e ne?","Hèia Abimelek karèi Abraham, aku nèngu na, ""Tasamia ka èu tao sèmi neꞌe?"""
GEN 20:11,"well, i thought to myself, ‘nobody respects god in this place. they'll kill me just to get my wife, ' abraham replied.","ka abraham dhaa, peka na, ama dhèu aae! ja'a pangee na, miu aa'i-aa'i mi, kabarai ne dhèu dhu tadhe boe ama lamatua. de ele boe cahag'e neo pamadhe ja'a, sèna ka parame rare dhèu èmu ja'a.","Hèia Abraham dhaa, aku nèngu na, 'Abhu boe ca dhèu ètu rai-haha ne, dhu dꞌèi pahaha iisi mi Ama Lamatua. Bèli-camèdꞌa ra pamadhe jaꞌa, sèna ka jꞌajꞌi dhèu èmu-kamali jaꞌa.'"
GEN 20:12,"anyway, she really is my sister, the daughter of my father but not my mother, and i married her.","mema ja'a dhu peka tare'a, nèngu ne, ana hèni ja'a. lula ji'i dua mi ca ama, te ngaa ina baka-leo. nèti èèna ka, ji'i dua mi paleo.","Nèti èèna ka, jaꞌa dènge ne jꞌajꞌi dhèu èmu-kamali. Nèngu ne, ana nèti ama ku, te ngaa èci èèna ka dènge ina ku. Nèti èèna ka, jaꞌa ka dhu paꞌèci dènge ne ètu dꞌara èmu jaꞌa. Nèti èèna ka, jaꞌa jꞌajꞌi dhèu èmu-kamali jaꞌa. Nèti èèna ka, jaꞌa jꞌajꞌi dhèu èmu-kamali jaꞌa. Nèti èèna ka, jaꞌa jꞌajꞌi dhèu èmu-kamali jaꞌa ètu dꞌara èmu jaꞌa. Nèti èèna ka, jaꞌa jꞌajꞌi dhèu èmu-kamali jaꞌa."
GEN 20:13,"since my god made me move far away from my family home, i told her, ‘if you really love me, then wherever you go with me you must tell people: he's my brother. '","ka ropa ama lamatua pua ji'i ho tèke eele era paleo-palu'u ji'i, lod'o èèna ja'a peka dènge dhèu èmu ja'a, aku ja'a na, ‘ladhe èdhi lati asa era leo, ho dhèu karèi èu, dhu èdhi se dhèu èmu-kamali, ladhe èu dhu sue ja'a, na dhaa la, peka na èdhi se, dua ti pa'a'ari. '","Nèti èèna ka, jaꞌa peka dènge ne, 'Ladhe èu sue jaꞌa, na, èu hudꞌi laꞌe padhai lii dènge dhèu aaꞌi-aaꞌi ètu rai-haha ne, peka na, èu ne, aꞌari jaꞌa.'"
GEN 20:14-16,"then abimelech gave abraham gifts of sheep, cattle, and male and female slaves, and returned his wife sarah to him. abimelech told him, look over my land. you can choose to live anywhere you like. abimelech also told sarah, notice that i'm giving your brother a thousand pieces of silver. this is to compensate you for the wrong done to you in the eyes of everyone with you, and to make sure that your name is publicly cleared.","èle èèna ka, dhèu aae abimelek pangèd'u hari sara la'e asa abraham. ka na peka dènge sara, èèna na, ja'a hia ana mone mu doi iia ca riho, sèna ka j'aj'i tadha ja'a tao boe sala ngaa-ngaa mi èu. ho hud'i sène, dhèu aa'i-aa'i ra re'a! hèia dhèu aae peka dènge abraham, aku nèngu na, kabarai ja'a ne, dhu bhoke tèke hia èu. èu neo pea mi era mia èèna ka, ja'a hia èu. ka abimelek hia abraham sapi, kahib'i-ka'ia, dènge kahib'i-kalèbho. na hia kahèi ènu dhèu mone dènge dhèu bhèni.","Hèia Abimelek peka dènge Sara, aku nèngu na, ""Sèmi neꞌe! Jaꞌa bꞌae aꞌari èu sèra canguru sèra. Jaꞌa bꞌae hia èu canguru sèra hia èu, sèna ka èu bisa paꞌèki dènge dhèu aaꞌi-aaꞌi ètu madha dhèu aaꞌi-aaꞌi ètu madha dhèu aaꞌi-aaꞌi. Jaꞌa bꞌae sèra hia èu canguru sèra, sèna ka èu bisa paꞌèki dènge dhèu aaꞌi-aaꞌi èu ètu madha dhèu aaꞌi-aaꞌi ètu madha dhèu aaꞌi-aaꞌi ètu madha dhèu aaꞌi-aaꞌi ètu madha dhèu aaꞌi-aaꞌi ètu madha dhèu aaꞌi-aaꞌi ètu madha dhèu aaꞌi-aaꞌi ètu madha dhèu aaꞌi-aaꞌi ètu madha dhèu aaꞌi-aaꞌi ètu madha dhèu aaꞌi-aaꞌi-aaꞌi ètu madha dhèu aaꞌi-aaꞌi-aaꞌi ètu madha dhèu aaꞌi-aaꞌi-aaꞌi."""
GEN 20:17-18,"then abraham prayed to god, and god healed abimelech, his wife, and his female slaves, so that they could have children again. for the lord had made all the women unable to have children because abraham's wife, sarah, had been taken.","uru èèna, lula abimelek nare dhèu èmu abraham, ka lamatua hutu eele era ana nèti bhèni aa'i-aa'i dhu pea ètu kabarai dhèu aae èèna. te ngaa ropa abimelek hia sara lèpa hari sa dhèu èmu na, ka abraham sabaj'a ho lamatua bhoke hari era ana nèti bhèni se. ka ra abhu hari ana.","Èle èèna ka, Abraham manèngi-mangajꞌi mi Ama Lamatua, ka Lamatua puri-paꞌèle Abimelek, dènge dhèu bhèni èmu na, dènge ana-èmu na kahèi. Lamatua tao dhèu bhèni aaꞌi-aaꞌi jꞌajꞌi boe ana, lula Sara, dhèu èmu Abraham."
GEN 21:1-7,"the lord came to help sarah as he'd said he would. the lord did for sarah what he'd promised. she became pregnant and had a son for abraham when he was old, at the exact time god said she would. abraham named their son isaac. abraham circumcised him when isaac was eight days old, following god's command. abraham was 100 when isaac was born. sarah declared, god has made me laugh, and all those who hear about this will laugh with me. she also said, would anyone have announced to abraham that sarah was going to have children to nurse? but now i have had a son for abraham even when he was old!","èle èèna ka, lamatua hia sara mèngi-nale madhutu lii pajaji na. lod'o sara dènge babia, abraham dhu heka le. ropa sara nara iisi, umur abraham d'ai cangasu tèu kèna. lod'o sara d'ai hèru, ka nara iisi ana mone ca dhèu. ka abraham pangare ne, isak dhu sasoa na ‘na mari'. sara peka hèi, aku nèngu na, ama lamatua tao ja'a mari, lula ja'a karej'e. dhèu ae ka dhu pangee na, ja'a ètu d'ara heka sèmi ne'e ne, abhu heka ana. masi ka dhèu èmu ja'a heka bhoro le, te ja'a bisa kora iisi ana hia ne. èèna na, ladhe dhèu tadèngi j'ara ne'e, rèngu aa'i-aa'i ra mari kahèi dènge ja'a ne. ropa isak d'ai aru lod'o, abraham suna ne, madhutu paredha ama lamatua.","Èle èèna ka, Ama Lamatua kèpe Sara, sèna ka jꞌajꞌi dhèu unu Na. Hèia Sara dhaa, aku nèngu na, ""Ama Lamatua ka jꞌajꞌi le jaꞌa."" Hèia Sara peka, aku nèngu na, ""Ama Lamatua ka jꞌajꞌi le jaꞌa."" Hèia Sara dhaa, aku nèngu na, ""Sèmi neꞌe! Dhèu aaꞌi-aaꞌi dhu tadèngi lii neꞌe aaꞌi-aaꞌi ra peka dènge jaꞌa, na, jaꞌa ne jꞌajꞌi le dhèu aaꞌi-aaꞌi!"""
GEN 21:8,"the baby grew up, and on the day isaac was weaned abraham held a large feast.","isak kapai ka noo-noo. ropa oe d'ai lod'o luri susu, abraham tao tatao aae.","Èle èèna ka, ana ne aaꞌi-aaꞌi. Hèia Abraham tao pesta kapai ètu dꞌara lodꞌo èèna."
GEN 21:9-10,"but sarah noticed that ishmael, hagar the egyptian's son she'd had for abraham, was making fun of isaac. so she went to abraham and told him, you have to get rid of this slave woman and this son of hers! a slave woman's son is not going to be one of your heirs and inherit together with my son isaac!","ca tèke, sara ladhe nèdhi ismael, ana nèti dhèu èmu limuri abraham, padadisi dènge isak. ropa nèdhi sèmi èèna, sara peka dènge dhèu èmu na, bège eele ènu masir nèi dènge ana na! te, ja'a ko'o boe ana ènu èèna unu pusaka, masi ka ciki oo'e èèna ka. dhoka ana ja'a isak di, dhu abhu sèra aa'i-aa'i.","Te ngaa Sara ladhe nèdhi, na, Isak ne, ana Isak nèti dhèu Masir. Nèngu ne, hagꞌe nare Isak. Hèia na laꞌe padhai lii dènge Abraham, aku nèngu na, ""Sèmi neꞌe! Èu hudꞌi paꞌele iie ku ana bhèni ne dènge ana bhèni ne. Te ana bhèni ne, nèngu bisa boe jꞌajꞌi ana-èpu èu. De jaꞌa hudꞌi jꞌajꞌi ana-èpu jaꞌa kahèi, sama-sama dènge ana-èpu jaꞌa, Isak."""
GEN 21:11,abraham felt very bad about it because ishmael was his son.,"ropa abraham tadèngi lii padhai sara ne, ka d'ara na ako be'a boe, lula ismael ne, ana d'èlu na kahèi.","Èle èèna ka, dꞌara Abraham karejꞌe aaꞌi-aaꞌi, lula Ismael jꞌajꞌi ana na."
GEN 21:12,"but god told abraham, don't feel bad about the boy and the slave woman. do whatever sarah tells you, because it's through isaac that your descendants will be counted.","te ngaa ama lamatua lii dènge abraham, peka na, abraham! èu baku ngee pa'ae dhèu èmu limuri èu, dènge ana na. madhutu la dad'èi sara ne, lula bèli-camèd'a, èu abhu ana-èpu dhu ja'a moa tèke èèna, nèti isak ne'e ka.","Èle èèna ka, Ama Lamatua peka dènge Abraham, aku Nèngu na, 'Sèmi neꞌe, èu baku madhaꞌu, lula jaꞌa neo jꞌajꞌi ana bhèni èu. De èu hudꞌi nanene ku ngaa dhu Sara peka dènge èu. Te jaꞌa peka na, ana-èpu èu dhu bèli-camèdꞌa bèli-camèdꞌa bèli-camèdꞌa bèli-camèdꞌa nèti Isak."
GEN 21:13,don't worry-i will also make the son of the slave woman into a nation because he's your son.,"te ngaa ja'a hia kahèi mèngi-nale mi ana nèti dhèu èmu limuri mu, lula nèngu ne, ana d'èlu èu kahèi. bèli-camèd'a, ana-èpu na j'aj'i suku èci kahèi.","De èu baku madhaꞌu, te Jaꞌa tao ana èu bhèni ne jꞌajꞌi dhèu unu Ama Lamatua, lula nèngu jꞌajꞌi ana-èpu èu kahèi."""
GEN 21:14,"abraham got up early the next morning. he packed up some food and a skin of water which he gave to hagar, putting them on her shoulder. then he sent her and the boy away. she left and wandered through the desert of beersheba.","bèli mad'ae aae èèna, abraham tao gee j'ara hia hagar, aa na kadhoe èi d'ara babo'i cue mi kabela-kao na. hèia na patabuli ka bhèni ne dènge ana na ismael, ho lasi. ka ra kako palème d'ara mamoo dhu dètu dènge beer-syeba.","Bèli èèna, bèli èèna, Abraham kèdꞌi titu kèna. Èle èèna ka, nèti hèbꞌa na, nèti hèbꞌa na, nèti hèbꞌa na, nèti hèbꞌa na, nèti hèbꞌa na, nèti hèbꞌa na, nèti hèbꞌa na, nèti hèbꞌa na, nèti hèbꞌa na, nèti hèbꞌa na, nèti hèbꞌa na, nèti hèbꞌa na, nèti hèbꞌa na, nèti hèbꞌa na, nèti hèbꞌa na, nèti hèbꞌa na, nèti hèbꞌa na, nèti hèbꞌa na. Hèbꞌa na, nèti hèbꞌa na, nèti hèbꞌa nèti hèbꞌa na, laꞌe laꞌe asa rae Beer-Sheba."
GEN 21:15,"when the water ran out, she left the boy under one of the bushes.","ropa èle èi rinu ra, hagar tèke eele ana na ètu d'ara mamaho aj'u iiki ca kapua.","Ropa bèli-camèdꞌa èi èle, hèia Maria tèke eele ana ne asa dꞌara ajꞌu ajꞌu ajꞌu ajꞌu ajꞌu ajꞌu ajꞌu ajꞌu ajꞌu ajꞌu ajꞌu ajꞌu ajꞌu ajꞌu ajꞌu ajꞌu ajꞌu ajꞌu ajꞌu ajꞌu ajꞌu ajꞌu ajꞌu ajꞌu ajꞌu ajꞌu ajꞌu ajꞌu ajꞌu ajꞌu ajꞌu ajꞌu ajꞌu ajꞌu ajꞌu ajꞌu ajꞌu ajꞌu ajꞌu ajꞌu ajꞌu ajꞌu ajꞌu ajꞌu ajꞌu ajꞌu ajꞌu ajꞌu ajꞌu ajꞌu ajꞌu ajꞌu ajꞌu ajꞌu ajꞌu ajꞌu ajꞌu ajꞌu ajꞌu ajꞌu ajꞌu ajꞌu ajꞌu ajꞌu ajꞌu ajꞌu ajꞌu ajꞌu ajꞌu."
GEN 21:16,"she went and sat down some way off, a few hundred yards away, saying, i can't bear to watch my son die! as she sat down she burst into tears.","ka na pangee ètu d'ara na, d'ara ja'a la'e boe, ladhe ja'a kèdhi mamadhe ana ja'a. ka na madhèdi ako kaj'èu nèti ana na, pe d'ai lèmi nguru meter sa. ka na tangi dènge lii roma iisi.","Èle èèna ka, bhèni ne laꞌe madhèdi pèri-pèri lodꞌo. Na padhai lii, aku nèngu na, ""Aadꞌo! Jaꞌa bisa boe ladhe kèdhi ana jaꞌa madhe."" Ropa na madhèdi, hèia na tangi."
GEN 21:17,"god heard the boy's cries, and the angel of god called to hagar from heaven and asked her, what's the matter, hagar? don't be afraid! god has heard the boy crying from where he is.","lula ama lamatua dhu tadèngi lii tangi ismael, ka ana pajuu na mai nèti sorga, ka paroa hagar, aku nèngu na, hagar! nga tao ka, èu j'èra ae sèmi ne'e ne? baku madha'u ia ka, te lamatua tadèngi le lii tangi ana èu.","Hèia ana pajuu Ama Lamatua ètu sorga karèi Hagar, aku nèngu na, ""Hagar, ee! Baku madhaꞌu! Ama Lamatua tadèngi le lii ana ne."""
GEN 21:18,"get up, go over and help the boy up, and encourage him, for i will make him into a great nation.","de kèd'i lamu more ana nèi. pa'èra d'ara na, te bèli-camèd'a ja'a paj'aj'i ana-èpu na, suku èci dhu kapai.","Èle èèna ka, Ama Lamatua peka dènge ana ne, aku Nèngu na, ""Kèdꞌi ka! Kèdꞌi ka ho ètu madha ana ne, ho paꞌèra dꞌara na, lula Jaꞌa tao nèngu jꞌajꞌi dhèu unu kapai."""
GEN 21:19,god opened her eyes and she saw a well nearby. she went and filled the skin with water and gave the boy a drink.,"ka ama lamatua pasaraa musi madha na. cag'ag'a laa nèdhi dènge, èi ca madha ètu era èèna. hèia la'e soli èi asa d'ara babo'i, ka na panginu ana na ismael.","Èle èèna ka, Ama Lamatua bhoke musi madha ana bhèni ne. Hèia na ladhe nèdhi èi madha èci ètu sebhe èèna. Hèia na laꞌe kèpe dènge èi, ho naꞌa ana ne."
GEN 21:20-21,"god blessed ishmael and he grew up, living in the desert. he became a skilled archer. he lived in the desert of paran. his mother chose a wife for him from the land of egypt.","ka ismael dènge ina na hagar pea dènge ka ètu d'ara mamoo paran. ismael asa na kapai, aa ne'a mèu kataki. ka ina na paleo ne dènge ana bhèni masir ca dhèu. se'e se j'aj'i, lula ama lamatua bera-bera dènge ismael.","Èle èèna ka, Ama Lamatua hia mamuri Ismael ètu dꞌara mamoo. Hèia na pea ètu dꞌara mamoo. Na pea ètu dꞌara mamoo Paran. Hèia ina na hagꞌe nare dhèu èmu nèti rai Masir, ho jꞌajꞌi dhèu èmu na."
GEN 21:22,"around this time abimelech came with phicol, the commander of his army, to see abraham. god blesses you in everything you do, abimelech said.","lod'o èèna, dhèu aae abimelek dènge kètu kapai sordad'u na, fikol, mai pangad'o dènge abraham. hèia dhèu aae padhai lii, ka na peka, abraham! ji'i se nge'a ama lamatua bera-bera dènge èu. nèti èèna ka, sad'i èu ad'u ngaa sa èci, j'aj'i dènge be'a.","Lodꞌo èèna, Abimelek dènge Pikal, komedhaa sordadꞌu na, mai paraga dènge Abraham. Abimelek peka dènge Abraham, aku nèngu na, ""Ama Lamatua hia mèngi-nale èu ètu jꞌara aaꞌi-aaꞌi èu."""
GEN 21:23,"so swear to me right here and now that you won't betray me, my children, or my descendants. in the same way i've proved i'm trustworthy to you, do the same to me and my country where you're currently living.","de ja'a manèngi, sèna ka èu subha ètu katanga madha ama lamatua, dhu peka na, èu bisa boe kapod'e-kabèli ja'a, dènge ana-èpu ja'a aa'i-aa'i ra. sèmi dhu ja'a tao le be'a mi èu, na, èu hud'i tao be'a kahèi mi ja'a dènge kabarai ja'a.","Nèti èèna ka, èu jꞌajꞌi ana-èpu jaꞌa, aa ana-èpu jaꞌa kahèi. De èu jꞌajꞌi ana-èpu jaꞌa kahèi. De èu hudꞌi jꞌajꞌi ana-èpu jaꞌa kahèi. Èu hudꞌi jꞌajꞌi ana-èpu jaꞌa kahèi. De èu hudꞌi jꞌajꞌi ana-èpu jaꞌa kahèi. De èu hudꞌi jꞌajꞌi ana-èpu jaꞌa kahèi. Èu hudꞌi jꞌajꞌi ana-èpu jaꞌa kahèi. Èu hudꞌi jꞌajꞌi ana-èpu jaꞌa kahèi. De èu hudꞌi jꞌajꞌi ana-èpu jaꞌa kahèi."
GEN 21:24,"i so swear, abraham replied.","ka aku abraham na, ooo! ja'a subha.","Hèia Abraham dhaa, aku nèngu na, ""Aadꞌo!"
GEN 21:25,then abraham raised an issue with abimelech of a well that abimelech's servants had taken by force.,"te ngaa èle èèna ka, abraham lapor dènge dhèu aae, aku nèngu na, dhèu-dhèu ama dhèu aae parame rare èi ja'a ca madha.","Èle èèna ka, Abraham padhai lii dènge Abimelek ètu dꞌara èi madha èci, dhu dhèu-dhèu sabꞌa Abimelek ètu dꞌara èi."
GEN 21:26,"i don't know who did this, and you didn't mention it before. i haven't heard anything about it until today, abimelech responded.","tadèngi sèmi èèna, hèia na peka, waa! ja'a heka tadèngi kèna j'ara ne'e ne. tasamia ka karèi nèti ca hari ni, èu peka boe dènge ja'a? ja'a dhae ke'a mèka, ne'e ne tatao cee ka ne.","Hèia Abimelek dhaa, aku nèngu na, ""Sèmi neꞌe! Jaꞌa keꞌa boe dhèu dhu tao jꞌajꞌèra ne, aa èu baku peka-padhai dènge jaꞌa. Jaꞌa tadèngi heka jꞌajꞌèra ne, toke dꞌai sange neꞌe. De jaꞌa keꞌa boe dhèu dhu tao jꞌajꞌèra ne, aa jaꞌa keꞌa boe dhèu dhu tao jꞌajꞌèra ne."""
GEN 21:27-28,"then abraham gave abimelech some of his sheep and cattle, and the two of them made an agreement. abraham also separated out seven female lambs from the flock.","èle èèna ka, abraham dènge abimelek pa'èki lii pajaji. ka abraham hia abimelek sapi dènge kahib'i-kalèbho. èle èèna ka, abraham hag'e nare hari kahib'i-kalèbho èni pidhu ngi'u.","Èle èèna ka, Abraham hia ana kahibꞌi-kalèbho na cahagꞌe nèti kahibꞌi-kalèbho na. Ka dua ra jꞌajꞌi sama-sama. Èle èèna ka, Abraham hia ana kahibꞌi-kalèbho bhèni pidhu nèti kahibꞌi-kalèbho na."
GEN 21:29,what are these seven female lambs for that you've separated from the flock? abimelech asked.,"hèia dhèu aae karèi ne, peka na, nga tao ka èu tao sèmi èèna?","Hèia Abimelek karèi Ama Lamatua, aku nèngu na, ""Ana kahibꞌi-kalèbho bhèni pidhu se, ngaa?"""
GEN 21:30,"i'm giving you these seven female lambs in return for your admission that i dug this well, abraham replied.","ka abraham peka, aku nèngu na, ama dhèu aae. sèmi la kalèbho èni pidhu ngi'u se, sèna ka j'aj'i tadha dhu ama peka le na, ja'a ka dhu kèi èi na.","Hèia Abraham dhaa, aku nèngu na, ""Sèmi neꞌe! Jaꞌa neo hia èu ana kahibꞌi-kalèbho dhèu pidhu sèra, sèna ka èu bisa pangee, na, jaꞌa ka dhu galaa ètu dꞌara roꞌa ne. De jaꞌa neo hia èu ana kahibꞌi-kalèbho dhèu pidhu sèra, sèna ka èu bisa tadèngi, na, jaꞌa ka dhu galaa ètu dꞌara roꞌa ne."""
GEN 21:31,"that's why he called the place beersheba, because the two of them swore an oath to each other.","lula dua ra dhu pa'èki le soo-subha ètu èèna, ka era na ra pangare na beer-syeba dhu sasoa na, ‘madha èi soo-subha'.","Nèti èèna ka, dhèu dua se jꞌajꞌi dhèu pajuu-paleha. Nèti èèna ka, dhèu dua se jꞌajꞌi dhèu pajuu-paleha. Nèti èèna ka, dhèu dua se jꞌajꞌi dhèu pajuu-paleha. Nèti èèna ka, dhèu dua se jꞌajꞌi dhèu pajuu-paleha, sèna ka jꞌajꞌi dhèu pajuu-paleha."
GEN 21:32,"after making the agreement at beersheba, abimelech and phicol the commander of his army left and went home to the country of the philistines.","ropa pasubha èle, ka dhèu aae dènge kètu kapai sordad'u na lèpa ka, asa era rèngu, rai dhèu pilistin.","Ropa tadèngi lii pajaji èèna, hèia Abimelek dènge Pekel, komedhaa sordadꞌu na, lèpa asa rae rèngu ètu sebhe nèi. Ropa tadèngi lii pajaji èèna, hèia Abimelek dènge Pekel lasi asa rae dhèu Parisi."
GEN 21:33,"abraham planted a tamarisk tree in beersheba and there he worshiped the lord, the eternal god.","èle èèna ka, abraham sèle aj'u tamareska ca kapua ètu beer syeba. karèi nèti lod'o èèna, aj'u ne pasanèd'e abraham, lula ètu era èèna ka, nèngu mangaj'i lamatua dhu mamuri toke d'ai mia-mia.","Èle èèna ka, Abraham pajꞌajꞌi ajꞌu tamarisk èci ètu kota Beersheba. Ètu èèna, na pahaha iisi mi Ama Lamatua, Ama Lamatua dhu mamuri toke dꞌai mia-mia."
GEN 21:34,abraham lived in the country of the philistines for a long time.,ka abraham pea dènge ka ètu talora dhèu pilistin sèmi dhèu tao mai.,"Èle èèna ka, Abraham pea ètu rai Parisi."
GEN 22:1,"sometime later god tested abraham. he called out to him, abraham! i'm here, abraham replied.","nèbhu boe, hèia lamatua sèku neo ne'a d'ara abraham. neo ne'a abraham madhutu lamatua, do aad'o. ka lamatua paroa ne, aku nèngu na, abraham! hèia na dhaa, peka na, ooo, lamatua.","Èle èèna ka, Lamatua neo parisa Abraham. Hèia Lamatua paroa ne, aku Nèngu na, ""Abraham! Jaꞌa neꞌa le!"" Hèia Abraham dhaa, aku nèngu na, ""Ama! Jaꞌa neꞌa le!"""
GEN 22:2,"god told him, go with your son, your only son, the one you love, to the land of moriah and sacrifice him there as a burnt offering on one of the mountains that i'll tell you about.","ka ama lamatua peka dènge ne, mu nanene paie-iie! more ana pasue èu mone mesa na. mèti ne asa rai moria, ho tao ne j'aj'i korban tunu hia ja'a. pe d'ai nèi, ja'a heka paj'uj'u era dhu ètu ledhe èci.","Èle èèna ka, Ama Lamatua peka dènge ne, aku Nèngu na, ""Sèmi neꞌe! Èu hudꞌi laꞌe paꞌèki ku dènge ana mu, ana uuru èu dhu èu sue. Èu hudꞌi laꞌe paꞌèki ku dènge ne ètu ledhe èci dhu Jaꞌa peka dènge èu. Ètu era neꞌe, èu hudꞌi pamadhe ne, sèna ka jꞌajꞌi korban bhabhelu-katubꞌa ètu ledhe èci dhu Jaꞌa peka dènge èu."""
GEN 22:3,abraham got up early in the morning and saddled up his donkey. he took two servants and isaac with him and went to cut firewood for the burnt offering. then he left with them to go to the place god had told him about.,"d'ai bèli mad'ae aae na, abraham sèg'i aj'u sèna ka tao kadhèna. na èki, ka na hue asa dedha keled'ei. ka dua ra dènge isak, aa dènge dhèu sab'a na dhèu dua, pakèd'i asa era dhu lamatua peka dènge ne.","Bèli madꞌae èèna, Abraham kèdꞌi laꞌe asa era dhu Ama Lamatua peka dènge ne, sèna ka jꞌajꞌi dhèu pajuu-paleha. Nèngu dènge ana pua-paleha na, Isak dènge ana pua-paleha na dhèu dua. Hèia Abraham kèdꞌi laꞌe asa era dhu Ama Lamatua peka dènge ne, sèna ka jꞌajꞌi dhèu pajuu-paleha."
GEN 22:4,after traveling for three days abraham could see the place in the distance.,"ra kako taruu, ka d'ai camèd'a èèna, abraham nèdhi le era èèna nèti kaj'èu.","Èle èèna ka, Abraham kako tèlu lodꞌo, hèia na ladhe nèdhi era èèna ètu dedha-liru."
GEN 22:5,"he told his servants, wait here with the donkey while i go with the boy and worship god. then we'll return.","hèia na peka dènge dhèu dua sèra, aku nèngu na, dua mi mate taha mi ne'e dènge keled'ei ne. ja'a dènge ana ja'a la'a asa dedha nèi, ho mangaj'i ama lamatua. ladhe èle na, ji'i lèpa hari mai.","Hèia na pua dhèu sabꞌa na sèra, aku nèngu na, ""Miu madhèdi ku ètu neꞌe. Jaꞌa neo tèke eele ana ne, ho laꞌe pahaha iisi mi Ama Lamatua. Èle èèna ka, jiꞌi lèpa hari."""
GEN 22:6,"abraham had isaac carry the wood for the burnt offering, while he carried the fire and the knife, and they walked up together.","ka abraham nare kadhèna dhu neo tunu korban, ka na tao mi kabela-kao isak. aa nèngu nèd'u tud'i, dènge suu ai. ropa dua ra palere lasi,","Èle èèna ka, Abraham pua Isak rèti ajꞌu sèra, sèna ka jꞌajꞌi holo-nori. Te ngaa Isak rèti ajꞌu sèra dènge mèdha èci, hèia dua ra lèpa dènge dꞌara èci asa dꞌara hèbꞌa ètu dꞌara Èmu Kapua Manèngi-Mangajꞌi ètu dꞌara Èmu Kapua Manèngi-Mangajꞌi ètu dꞌara Èmu Kapua Manèngi-Mangajꞌi ètu dꞌara Èmu Kapua Manèngi-Mangajꞌi ètu dꞌara Èmu Kapua Manèngi-Mangajꞌi ètu dꞌara Èmu Kapua Manèngi-Mangajꞌi ètu dꞌara Èmu Kapua Manèngi-Mangajꞌi ètu dꞌara Èmu Kapua Manèngi-Mangajꞌi ètu dꞌara Èmu Kapua Manèngi-Mangajꞌi."
GEN 22:7,"isaac said to abraham, father? yes, my son? abraham replied. well, we have the fire and the wood, but where's the lamb for the burnt offering? isaac asked.","hèia isak paroa ama na, aku nèngu na, ama! ka abraham dhaa, aku nèngu na, nga tao, ana? hèia isak karèi, aku nèngu na, èdhi neo lati tunu korban. de ai dènge kadhèna ka se'e le. te ngaa ana kahib'i-kalèbho dhu èdhi pake j'aj'i korban, ka mia?","Hèia Isak karèi Abraham, aku nèngu na, ""Aadꞌo! Ana jaꞌa!"" Hèia Abraham dhaa, aku nèngu na, ""Aadꞌo! Jiꞌi abhu ai dènge ajꞌu. Te ngaa ana kahibꞌi-kalèbho sèra ètu mia?"""
GEN 22:8,"god will provide the lamb for the burnt offering, my son, abraham replied, and they went on walking up together.","te ngaa, aku abraham na, pe ama lamatua unu na ka dhu hia ana kalèbho, sèna ka j'aj'i mi korban. ka dua ra ca'e lasi taruu.","Hèia Abraham dhaa, aku nèngu na, ""Aadꞌo! Ama Lamatua hia ana kahibꞌi-kalèbho sèra, sèna ka jꞌajꞌi korban."" Hèia Abraham dhaa, aku nèngu na, ""Aadꞌo! Ama Lamatua hia ana kahibꞌi-kalèbho sèra, sèna ka jꞌajꞌi korban."" Hèia Abraham dhaa, aku nèngu na, ""Aadꞌo! Ama Lamatua hia ana kahibꞌi-kalèbho sèra."" Hèia Abraham dhaa, aku nèngu na, ""Aadꞌo! Ama Lamatua hia ana kahibꞌi-kalèbho sèra."" Hèia Abraham dènge ana kahibꞌi-kalèbho na lasi."
GEN 22:9,"when they arrived at the place where god had told him to go, abraham built an altar and placed the wood on it. then he bound his son isaac and placed him on the altar on top of the wood.","ropa dua ra d'ai era dhu lamatua peka èèna, ka abraham pudhi hadhu ho tao mei korban. hèia na paloko kadhèna ètu dedha mei korban ne. ka kèpe ana na isak, èki patarenga ne ètu dedha kadhèna.","Èle èèna ka, rèngu dꞌai era dhu Ama Lamatua peka dènge ne, peka na, ""Lamatua peka dènge Abraham sèmi neꞌe."" Hèia Abraham pajꞌujꞌu mei èci, ka na tao ajꞌu ètu dedha mei ne. Èle èèna ka, na kèpe ana na Isak, ka na papuru ne ètu dedha mei ne."
GEN 22:10,"abraham picked up the knife, ready to slaughter his son.","ka nare tud'i, ho neo kèj'i pamadhe ana na.","Èle èèna ka, Abraham kèpe nare mèdha èèna, sèna ka pamadhe ana na."
GEN 22:11,"but the angel of the lord shouted to him from heaven, abraham! abraham! yes, i'm here, he replied.","cag'ag'a laa, ana pajuu lamatua lii nèti dedha-liru, peka na, abraham! mata ku! ka abraham dhaa, aku nèngu na, nga tao, lamatua?","Èle èèna ka, ana pajuu Lamatua èci nèti sorga paroa ne, aku nèngu na, 'Abraham! Abraham!' Hèia na dhaa, aku nèngu na, 'Jaꞌa ne!'"
