verse,source_text,target_text,pred_text
GEN 1:1,"In the beginning, God created the heavens and the earth.","Uru-uru tèka, Ama Lamatua paj'aj'i dedha-liru dènge rai-haha.","Lod'o Ama Lamatua paj'aj'i rai-haha dènge dedha-liru,"
GEN 1:2,The earth was formless and empty. Darkness was on the surface of the deep and God's Spirit was hovering over the surface of the waters.,"Lod'o rai-haha j'aj'i mèka, aa'i-aa'i dhae mèci mèka. Dhu abhu, èi. Aa maroga aatu-aatu saguru nare ne. Ka Roh Lamatua lela ètu dedha èi èèna.","Lod'o èèna, abhu boe ngaa-ngaa ètu rai-haha, aa maroga titu kèna ètu rai-haha ne. Aa Roh Ama Lamatua dhu Mola-Mèci kako palème ètu rai-haha ne kahèi."
GEN 1:3,"God said, Let there be light, and there was light.","Hèia Ama Lamatua peka, Hud'i ku dènge saraa. Ropa peka nare sèmi ne'e, ka saraa j'aj'i dènge ka.","Èle èèna ka, Ama Lamatua peka na, Hud'i dènge ku saraa! Hèia saraa èèna j'aj'i kahèi."
GEN 1:4,"God saw the light, and saw that it was good. God divided the light from the darkness.","Ropa nèdhi saraa ne, d'ara Na karej'e, lula ngaa dhu Na ad'u, mema be'a. Hèia Na hag'e eele saraa nèti maroga, sèna ka èci-èci ka dènge taa na.","Ka Ama Lamatua ladhe, na, saraa èèna be'a. Hèia Na hag'e eele saraa ne nèti maroga sèra."
GEN 1:5,"God called the light day, and the darkness he called night. There was evening and there was morning, the first day.","Ka pangare saraa ne ‘mèu', aa maroga na ‘mèda'. Ne'e ne, lod'o ka èci kèna.","Èle èèna ka, Ama Lamatua pangare saraa ne,  lod'o'. Aa maroga ne, Nèngu pangare na mèu'. Hèia j'aj'i mèda. Ka mad'ae aae kèna. J'aj'i ka lod'o ka èci."
GEN 1:6-7,"God said, Let there be an expanse in the middle of the waters, and let it divide the waters from the waters. God made the expanse, and divided the waters which were under the expanse from the waters which were above the expanse, and it was so.","Hèia Ama Lamatua lii hari, Na peka, Hud'i dènge ku era talele, sèna ka hag'e eele èi. Nèti èèna ka, èi re dedha, aa abhu kahèi èi re haha. Ropa peka nare sèmi èèna, hèia èi b'agi dènge mi dua.","Hèia Ama Lamatua peka na, Ladhe èèna na, j'aj'i liru palème ètu talora aae èi, ho pala-bagi èi nèti èi. Ka Lamatua paj'aj'i liru. Hèia Na pala-bagi èi dhu ètu rai-haha ne, nèti èi dhu ètu dedha-liru. Èle èèna ka, j'aj'i sèmi èèna kahèi."
GEN 1:8,"God called the expanse sky. There was evening and there was morning, a second day.","Ka Na pangare èi re dedha na, ‘liru'. Ne'e ne, lod'o ka dua kèna.","Hèia Ama Lamatua paroa liru j'aj'i liru. Ka lod'o cèna, aa mad'ae aae kahèi. Lèke dènge lod'o ka dua."
GEN 1:9,"God said, Let the waters under the sky be gathered together to one place, and let the dry land appear, and it was so.","Hèia Ama Lamatua peka hari, aku Nèngu na, Èi re haha hud'i pakaboko ku mi ca era, sèna ka abhu rai kamango. Ropa padhai lii nare sèmi ne'e, j'aj'i dènge ka rai mango.","Hèia Ama Lamatua peka na, Hud'i laa èi dhu ètu rai-haha ne, pakaboko ho j'aj'i mi era èci. J'aj'i ka sèmi èèna kahèi."
GEN 1:10,"God called the dry land earth, and the gathering together of the waters he called seas. God saw that it was good.","Ka era rai mango, Na pangare na ‘rai-dedha', aa era èi dhu kaboko èèna, Na pangare na ‘dhasi'. Ropa nèdhi aa'i-aa'i ne, d'ara Na karej'e, lula ngaa dhu Na ad'u, mema be'a.","Hèia Ama Lamatua paroa rai-haha ne, rai-haha'. Aa dhu pakaboko ètu d'ara èi sèra, Na pangare na, d'ara dhasi'. Ka Lamatua ladhe, na, èèna be'a."
GEN 1:11,"God said, Let the earth yield grass, herbs yielding seeds, and fruit trees bearing fruit after their kind, with their seeds in it, on the earth, and it was so.","Ka Ama Lamatua lii hari, peka na, Rai hud'i pamamuri ku rupa-rupa ana aaj'u. Sèna ka abhu aj'u dhu hua, dhu dènge lamusi, aa dhu dènge rèu mangèru. Sèna ka aj'u-aj'u se, hua-hela madhutu rupa rèngu. Ropa padhai lii nare sèmi ne'e, j'aj'i dènge ka ana aaj'u aa'i-aa'i ra.","Hèia Ama Lamatua peka na, Hia ètu rai-haha j'u'u dhu hia ana iiki-iiki, aj'u-aj'u dhu hia hua-hela madhutu raropa ra. Aa aj'u-aj'u dhu hia hua-hela madhutu raropa ra. Èle èèna ka, aa'i-aa'i ètu rai-haha j'aj'i sèmi èèna kahèi."
GEN 1:12,"The earth yielded grass, herbs yielding seed after their kind, and trees bearing fruit, with their seeds in it, after their kind, and God saw that it was good.","Ètu dedha-rai, ana aaj'u se hua-hela ka madhutu rupa rèngu. Ropa nèdhi aa'i-aa'i se, d'ara Na karej'e, lula ngaa dhu Na ad'u, mema be'a.","Hèia rai-haha hia j'u'u dhu muri, aj'u-aj'u dhu muri, dènge hua-hela dhu muri. Ka Ama Lamatua ladhe na, be'a sèmi èèna."
GEN 1:13,"There was evening and there was morning, a third day.","Ne'e ne, lod'o ka tèlu kèna.","Ka lod'o cèna, hèia mad'ae aae ka tèlu."
GEN 1:14-15,"God said, Let there be lights in the expanse of the sky to divide the day from the night, and let them be for signs to mark seasons, days, and years, and let them be for lights in the expanse of the sky to give light on the earth, and it was so.","Hèia Ama Lamatua lii hari, aku Nèngu na, Re bèka dedha, hud'i abhu ku mèdha dhu saraa, ho pasaraa rai-haha ne. Hud'i abhu mèdha dhu pasaraa re mèu, aa abhu kahèi dhu pasaraa re mèda. Rèngu aa'i-aa'i se, j'aj'i tadha, ho sèna ka bisa ige lod'o, hèru, dènge tèu. Ropa padhai lii nare sèmi ne'e, mèdha dhu heo aa'i-aa'i ra j'aj'i dènge ka.","Èle èèna ka, Ama Lamatua peka hari, aku Nèngu na, Miu hud'i tao ku saraa ètu dedha-liru, ho pasaraa lod'o dènge mèda. Sèna ka tadha-tadha j'aj'i tadha, sèna ka j'aj'i tadha-tadha lod'o-lod'o, dènge tèu-tèu. Èle èèna ka, Lamatua tao saraa ètu dedha-liru, ho pasaraa rai-haha."
GEN 1:16,"God made the two great lights, the greater light to rule the day, and the lesser light to rule the night. He also made the stars.","Ka Na tao ka mèdha kapai dua dhu pasaraa rai-haha. Dhu kapai risi, pasaraa re mèu, aa dhu ako ana iiki, pasaraa re mèda. Aa Na tao hua-hètu kahèi.","Hèia Ama Lamatua paj'aj'i labhu kapai dua. Labhu kapai, sèna ka uri madha lod'o. Aa labhu kapai, sèna ka uri mèda. Aa Na tao hua-hètu kahèi."
GEN 1:17,"God set them in the expanse of the sky to give light to the earth,","Na tèke mèdha dhu saraa sèra ètu dedha-liru, sèna ka loti mai asa rai-haha.",Hèia Ama Lamatua paj'aj'i liru ho pasaraa rai-haha.
GEN 1:18,"and to rule over the day and over the night, and to divide the light from the darkness. God saw that it was good.","Ka mèdha se, pasaraa ka re mèu, aa pasaraa re mèda. Dènge j'ara ne'e, Na hag'e eele saraa nèti maroga. Ropa nèdhi aa'i-aa'i se, d'ara Na karej'e, lula ngaa dhu Na ad'u, mema be'a.","Ama Lamatua ded'e si j'aj'i dhèu aae, sèna ka rèngu ka ladhe-leru mèu-mèda. Aa Lamatua ded'e si j'aj'i dhèu aae, ho pala-bagi saraa dènge maroga. Hèia Ama Lamatua ladhe, na, be'a sèmi èèna."
GEN 1:19,"There was evening and there was morning, a fourth day.","Ne'e ne, lod'o ka èpa kèna.","Ka lod'o cèna, hèia j'aj'i mad'ae aae. Lèke dènge lod'o ka èpa."
GEN 1:20,"God said, Let the waters abound with living creatures, and let birds fly above the earth in the open expanse of the sky.","Hèia Ama Lamatua padhai lii hari, peka na, Hud'i abhu ku ae-ae dhu mamuri ètu d'ara èi. Dènge hud'i abhu ku rupa-rupa manu-bhui dhu lela ètu dedha rai-haha ne.","Èle èèna ka, Ama Lamatua padhai lii hari, peka na, Hud'i laa èi mai asa tabha ae-ae, sèna ka badha ae-ae dhu mamuri. Aa hud'i laa manu-bhui kahèi lela re dedha-liru."
GEN 1:21,"God created the large sea creatures and every living creature that moves, with which the waters swarmed, after their kind, and every winged bird after its kind. God saw that it was good.","Ka Na tao ka i'a aa'i-aa'i dènge badha kapai dhu mamuri ètu d'ara èi. Na paj'aj'i kahèi manu-bhui aa'i-aa'i. Ropa nèdhi aa'i-aa'i se, d'ara Na karej'e, lula ngaa dhu Na ad'u, mema be'a.","Èle èèna ka, Ama Lamatua paj'aj'i badha aae-dhèu dhu kapai, rupa-rupa ètu d'ara dhasi, dènge rupa-rupa manu-bhui dhu lela ètu d'ara dhasi. Lamatua ladhe na, na, be'a le."
GEN 1:22,"God blessed them, saying, Be fruitful, and multiply, and fill the waters in the seas, and let birds multiply on the earth.","Ka Na padhai lii ho sèna ka hia berkat mi aa'i-aa'i dhu mamuri, peka na, I'a se, hud'i laa bèba-kacanga sèna ka papènu èi ètu mia-mia. Aa manu-bhui, asa tabha kahèi.","Hèia Ama Lamatua hia si mèngi-nale, peka na, Miu hud'i rara iisi ae-ae, ho paj'aj'i ae-ae ètu d'ara dhasi. Sèmi èèna kahèi, manu-bhui asa tabha ae-ae ètu rai-haha."
GEN 1:23,"There was evening and there was morning, a fifth day.","Ne'e ne, lod'o ka lèmi kèna.","Ka lod'o cèna, aa mad'ae aae kahèi, lèmi lod'o kèna."
GEN 1:24-25,"God said, Let the earth produce living creatures after their kind, livestock, creeping things, and animals of the earth after their kind, and it was so. God made the animals of the earth after their kind, and the livestock after their kind, and everything that creeps on the ground after its kind. God saw that it was good.","Ka Ama Lamatua peka hari, na, Hud'i abhu ku rupa-rupa badha dhu mamuri ètu rai-dedha. Sèmi, badha-manu dhu ani, badha hui, dènge badha dhu rod'o, èci-èci ka dènge rupa na. Ropa padhai lii nare sèmi ne'e, badha aa'i-aa'i ra j'aj'i dènge ka. Ropa nèdhi aa'i-aa'i se, d'ara Na karej'e, lula ngaa dhu Na ad'u, mema be'a.","Èle èèna ka, Ama Lamatua peka dènge Musa, aku Nèngu na, Hia ètu rai-haha rupa-rupa badha, nuka badha rod'o-kakara, badha rod'o-kakara, dènge badha aa'i-aa'i ètu rai-haha. Èle èèna ka, Ama Lamatua tao sèmi èèna. Hèia Na paj'aj'i badha aa'i-aa'i ètu rai-haha, sèmi èèna ka. Ama Lamatua ladhe, na, be'a."
GEN 1:26,"God said, Let's make man in our image, after our likeness. Let them have dominion over the fish of the sea, and over the birds of the sky, and over the livestock, and over all the earth, and over every creeping thing that creeps on the earth.","Ka Ama Lamatua peka hari, aku Nèngu na, Hua iia, mai Ta paj'aj'i dhèu, madhutu rupa Èdhi. Hud'i laa ra leru dènge ator i'a aa'i-aa'i ètu d'ara dhasi, manu-bhui aa'i-aa'i ètu dedha-liru, badha-manu dhu ani, dènge badha leo aa'i-aa'i ra dhu mamuri ètu rai-haha ne.","Hèia Ama Lamatua peka, aku Nèngu na, Mai ka! Èdhi tao dhèu rai-haha, madhutu rupa èdhi, madhutu rupa èdhi. Be'a risi rèngu paredha i'a-i'a ètu d'ara dhasi, manu-bhui dhu lela ètu li'u, badha-manu. Be'a risi paredha aa'i rai-haha. Be'a risi paredha aa'i-aa'i dhu rod'o-kakara ètu rai-haha."
GEN 1:27,"God created man in his own image. In God's image he created him, male and female he created them.","Hèia Na paj'aj'i dhèu rai-haha ne madhutu rupa Na. Na paj'aj'i si, dhèu mone dènge dhèu bhèni.","Hèia Ama Lamatua paj'aj'i dhèu rai-haha, èci èèna ka dènge Nèngu. Na paj'aj'i dhèu rai-haha, dhèu mone dènge dhèu bhèni."
GEN 1:28,"God blessed them. God said to them, Be fruitful, multiply, fill the earth, and subdue it. Have dominion over the fish of the sea, over the birds of the sky, and over every living thing that moves on the earth.","Ka Na padhai lii ho sèna ka hia berkat mi rèngu, aku Nèngu na, Miu hud'i bèba-kacanga ku, sèna ka pea papènu rai-haha ne, ho mi ator ne. Ja'a hia miu koasa, sèna ka mi ator i'a, manu-bhui, dènge badha-manu aa'i-aa'i ra ètu rai-haha ne.","Hèia Ama Lamatua hia si mèngi-nale. Ka Na paredha si, peka na, Miu hud'i mera-milu ku, sèna ka paj'aj'i ae-ae ètu rai-haha ne. Miu hud'i j'aj'i dhèu aae-dhèu dhu paredha. Miu hud'i paredha ku i'a-i'a nèti d'ara dhasi, dènge manu-bhui dhu lela ètu dedha-liru. Miu hud'i ladhe-leru ku aa'i-aa'i dhu mamuri ètu rai-haha."
GEN 1:29,"God said, Behold, I have given you every herb yielding seed, which is on the surface of all the earth, and every tree, which bears fruit yielding seed. It will be your food.","Mi nanene paie-iie! Ja'a hia miu rupa-rupa nganga'a ètu rai-haha ne'e. Sèmi, ana aaj'u dhu dènge hua, dhu dènge lamusi, aa dhu dènge rèu mangèru.","Hèia Ama Lamatua peka, aku Nèngu na, Nanene paie! Ja'a pangèd'u le miu aj'u aa'i-aa'i ètu rai-haha, dènge aj'u aa'i-aa'i dhu hua, sèna ka miu bisa mi'a."
GEN 1:30,"To every animal of the earth, and to every bird of the sky, and to everything that creeps on the earth, in which there is life, I have given every green herb for food, and it was so.","Ja'a hia rupa-rupa ana aaj'u kahèi sèna ka j'aj'i nganga'a badha. Nganga'a hia badha-manu dhu ani, badha hui, badha dhu rod'o, dènge manu-bhui. Ropa padhai lii nare sèmi ne'e, nganga'a badha sèra aa'i-aa'i ra j'aj'i dènge ka.","Badha aa'i-aa'i ètu rai-haha ne, dènge rupa-rupa manu-bhui dhu lela ètu li'u, Ja'a pangèd'u ra'a-rinu nèti aj'u-j'u dhu muri. Sèmi èèna kahèi dènge badha aa'i-aa'i ètu rai-haha. Badha aa'i-aa'i dhu lela ètu rai-haha, Ja'a pangèd'u ra'a-rinu nèti aj'u-j'u dhu muri."
GEN 1:31,"God saw everything that he had made, and, behold, it was very good. There was evening and there was morning, a sixth day.","Ropa nèdhi aa'i-aa'i se, d'ara Na karej'e, lula ngaa dhu Na ad'u, mema be'a. Ne'e ne, lod'o ka èna kèna.","Hèia Ama Lamatua ladhe nèdhi aa'i-aa'i dhu Na paj'aj'i. Ka ladhe sèmi èèna, be'a titu kèna. Ka lod'o cèna, aa mad'ae aae hari. Èèna, lod'o ka èna."
GEN 2:1,"The heavens, the earth, and all their vast array were finished.","Dènge j'ara sèmi èèna ka, Ama Lamatua paj'aj'i dedha-liru, rai-haha, dènge isi ra aa'i-aa'i.",Lamatua tao aa'i mèu-mèu ngaa-ngaa ètu dedha-liru dènge rai-haha dènge isi ra aa'i-aa'i.
GEN 2:2,"On the seventh day God finished his work which he had done, and he rested on the seventh day from all his work which he had done.","Ropa Na sab'a èle, asa bèli èèna, lèke dènge lod'o ka pidhu. Hèia Na ae nèti sasab'a-la'a Na.","Ka asa bèli èèna, Ama Lamatua sab'a nare aa'i mèu-mèu. Hèia asa bèli èèna, Na ae nare d'ara Na, nèti sasab'a Na aa'i-aa'i."
GEN 2:3,"God blessed the seventh day, and made it holy, because he rested in it from all his work of creation which he had done.","Dènge j'ara ne'e, Na tao lod'o ka pidhu ne, lod'o dhu kapai risi nèti lod'o dhu leo sèra. Na tao sèmi èèna, lula Na pa'èle aa'i le sasab'a Na, ka ètu d'ara lod'o ka pidhu na, Na ae.","Hèia Ama Lamatua hia mèngi-nale mi dhèu aa'i-aa'i dhu Na paj'aj'i ètu dedha-liru dènge rai-haha. Ka Na mola-mèci hari èèna, lula ètu d'ara lod'o èèna, Na ae nare d'ara Na nèti sasab'a-la'a Na aa'i-aa'i."
GEN 2:4,"This is the history of the generations of the heavens and of the earth when they were created, in the day that the LORD God made the earth and the heavens.","D'ai sange ne'e ka, lii lolo Ama Lamatua paj'aj'i dedha-liru dènge rai-haha ne. Lod'o Ama LAMATUA heka paj'aj'i dedha-liru dènge rai-haha èèna,","Lii maho'o nèti dedha-liru dènge rai-haha, karèi nèti uru ka. Lod'o Lamatua paj'aj'i liru dènge rai-haha,"
GEN 2:5-6,"No plant of the field was yet in the earth, and no herb of the field had yet sprung up, for the LORD God had not caused it to rain on the earth. There was not a man to till the ground, but a mist went up from the earth, and watered the whole surface of the ground.","dhae abhu mèka ana aaj'u, lula Na papuru mèka èj'i. Taa èèna, dhoka sèb'u èi di, mai nèti d'ara rai ho pabasa rai re dedha. Aa abhu mèka dhèu rai-haha dhu tao oka-tedhe.","Lod'o èèna, abhu mèka ana aaj'u ètu rai-haha. Abhu mèka aj'u dhu muri, lula Ama Lamatua hia mèka èj'i. Aa abhu boe dhèu sab'a ètu rai-haha. Nèti èèna ka, hèb'a-namo ca'e mai, ka hia èi asa rai-haha."
GEN 2:7,"The LORD God formed man from the dust of the ground, and breathed into his nostrils the breath of life, and man became a living soul.","Èle èèna ka, Ama LAMATUA nare rai ciki, ka Na paj'aj'i dhèu rai-haha. Hèia Na tiu a'ae Na asa d'ara sahènga dhèu na, ka na mamuri dènge ka.","Èle èèna ka, Lamatua Lamatua paj'aj'i dhèu rai-haha nèti ahu rai. Hèia Na hia si a'ae dhu nèti mamuri. Ka dhèu rai-haha ne j'aj'i samanga dhu mamuri."
GEN 2:8,"The LORD God planted a garden eastward, in Eden, and there he put the man whom he had formed.","Hèia Ama LAMATUA bhoke oka cue ètu rai Eden, re bèka dhimu. Hèia Na hia dhèu ne pea ètu d'ara oka na.","Èle èèna ka, Lamatua Lamatua tao hadhu ètu d'ara oka cue, ngara na Eden. Ètu era ne'e, Lamatua paj'aj'i dhèu rai-haha dhu uru èèna Na paj'aj'i. Ka Na paj'aj'i dhèu rai-haha èèna, ho na pea ètu èèna."
GEN 2:9,"Out of the ground the LORD God made every tree to grow that is pleasant to the sight, and good for food, including the tree of life in the middle of the garden and the tree of the knowledge of good and evil.","Ètu d'ara oka èèna, Na pamamuri rupa-rupa aj'u dhu be'a, dhu dhèu bisa ra'a. Aa Na pamamuri kahèi aj'u dua kapua ètu talora aae oka èèna. Ladhe dhèu ra'e hua nèti aj'u èci, na mamuri taa-taa. Aa ladhe dhèu ra'e hua nèti aj'u èci hari, ne'a hag'e mia dhu be'a, aa mia dhu karehe.","Ètu talora oka ne, abhu aj'u ca kapua dhu dhèu bisa na'a. Aj'u sèra, be'a titu kèna. Aa aj'u dhu dhèu bisa ra'a, be'a kahèi. Ètu talora oka ne, abhu aj'u dhu nèti mamuri dhu lèke, aa aj'u dhu nèti dhèu re'a madha j'ara-j'ara dhu be'a dènge dhu karehe."
GEN 2:10,"A river went out of Eden to water the garden, and from there it was parted, and became the source of four rivers.","Ètu era èèna, abhu loko èci dhu hae nèti d'ara oka èèna. Loko èèna, èpa kacanga.","Ètu d'ara oka ne, abhu èi aae cue dhu hae nèti rai-haha ne. Èi ne hae nèti rai-haha ne, cèu nèti d'ara oka ne, ka j'aj'i loko èpa."
GEN 2:11,"The name of the first is Pishon, it flows through the whole land of Havilah, where there is gold,","Kacanga ka èci na, ngara na Pison. Nèngu ka dhu hae pale-lème rai Hawila dhu abhu hualaa ae-ae.","Ngara dhasi uuru èèna, Pishon'. Dhasi ne, kako re rai Havila aa'i-aa'i ra. Dhodhoka ètu era hualaa èèna di,"
GEN 2:12,and the gold of that land is good. Bdellium and onyx stone are also there.,"Ètu era èèna ka, abhu poe-pai, aj'u dhu raa na hèu mèngi, dènge hadhu kale'e.","Aa mèdha hualaa ètu d'ara rai èèna, be'a titu kèna. Abhu kahèi hadhu kale'e dhu kab'ua titu kèna, dhu ra tao nèti hadhu kale'e dhu kab'ua titu kèna."
GEN 2:13,The name of the second river is Gihon. It is the same river that flows through the whole land of Cush.,"Kacanga ka dua, ngara na Gihon. Kacanga ne, hae pale-lème rai Kus.","Ngara loko ka dua, nuka Gihon. Nèngu ne'e ka dhu pakèd'i asa rai Etiopia."
GEN 2:14,The name of the third river is Hiddekel. This is the one which flows in front of Assyria. The fourth river is the Euphrates.,"Kacanga ka tèlu, ngara na Tigris. Kacanga ne'e ka, j'aj'i mi too rai Asyur re ca bèka dhimu. Kacanga ka èpa, ngara na Efrat.","Ngara loko ka tèlu, sèmi ne'e ka, Hidkeel'. Nèngu ne'e ka dhu rai la'e asa bèka Asuri. Aa loko ka èpa, nuka, Efrat."
GEN 2:15,"The LORD God took the man, and put him into the garden of Eden to cultivate and keep it.","Ka Ama LAMATUA hia dhèu pea ètu d'ara Eden, ho na ladhe-leru oka èèna.","Èle èèna ka, Lamatua Lamatua ded'e dhèu èèna, la'e tèke ne asa d'ara oka èci, ngara na Eden, sèna ka na ladhe-leru oka ne."
GEN 2:16,"The LORD God commanded the man, saying, You may freely eat of every tree of the garden,","Hèia Na hia paredha mi dhèu ne, aku Nèngu na, Hua aaj'u aa'i-aa'i ètu d'ara oka ne, èu bisa mu'a.","Èle èèna ka, Lamatua Lamatua hia paredha mi dhèu èèna, peka na, Èu bisa mu'a hua aj'u aa'i-aa'i ètu d'ara oka ne."
GEN 2:17,"but you shall not eat of the tree of the knowledge of good and evil, for in the day that you eat of it, you will surely die.","Te ngaa èci dhu èu bisa boe mu'a. Nuka hua nèti aj'u dhu ne'a hag'e mia dhu be'a, aa mia dhu karehe. Ladhe mu'a, èu madhe dènge.","Te ngaa aj'u dhu ètu d'ara Èmu Kapua Manèngi-Mangaj'i, bisa boe mu'a. Te aj'u dhu ètu d'ara Èmu Kapua Manèngi-Mangaj'i èèna, peka na, ladhe èu mu'a, èèna na èu madhe tare'a-re'a."
GEN 2:18,"The LORD God said, It is not good for the man to be alone. I will make him a helper comparable to him.","Ka Ama LAMATUA tuhu haru lii Na, aku Nèngu na, Babe'a na aad'o, ladhe dhèu ne mamuri mesa na. De Ja'a neo paj'aj'i hia ne, anga ca dhèu dhu pamèci dènge ne.","Èle èèna ka, Lamatua Yesus padhai lii tabha hari, peka na, Be'a boe ladhe dhèu rai-haha ne mesa na. Ja'a tao kore le dhèu èci, ho soru-bara ne, madhutu dad'èi Ja'a."
GEN 2:19-20,"Out of the ground the LORD God formed every animal of the field, and every bird of the sky, and brought them to the man to see what he would call them. Whatever the man called every living creature became its name. The man gave names to all livestock, and to the birds of the sky, and to every animal of the field, but for man there was not found a helper comparable to him.","Lod'o èèna, Ama LAMATUA nare rai ciki, ka Na tao rupa-rupa badha dènge manu-bhui. Hèia Na pangèd'u si asa dhèu ne, sèna ka na pangare si. Ka dhèu ne pangare badha se dènge manu-bhui aa'i-aa'i ra, èci-èci ka dènge ngara ra. Te ngaa dhèu ne abhu mèka anga dhu pamèci dènge nèngu.","Èle èèna ka, Lamatua Lamatua paj'aj'i rai nèti rai. Ka Na paj'aj'i rupa-rupa badha hui, dènge rupa-rupa manu-bhui ètu dedha-liru. Na mai pad'elo dènge dhèu èèna, sèna ka na pangee, na, Ja'a neo pangare rèngu ngara ngaa èèna ka. Hèia dhèu ne pangare ngara ra, sèmi èèna ka, badha aa'i-aa'i sèra. Manu-bhui sèra, dènge badha aa'i-aa'i ètu dedha-liru. Te ngaa dhèu rai-haha ne dènge boe dhèu èci sa, ho soru-bara ne, madhutu dad'èi Lamatua."
GEN 2:21,"The LORD God caused the man to fall into a deep sleep. As the man slept, he took one of his ribs, and closed up the flesh in its place.","Hèia Ama LAMATUA pabhèj'i luu dhèu ne'e. Ropa na bhèj'i, Ama Lamatua nare rui karasa na calaa, ka Na pakateme hari nu'a deo na.","Hèia Lamatua Lamatua tao dhèu èèna bhèj'i luu. Ka dhèu ne bhèj'i luu. Hèia Lamatua ded'e karasa na èci, ka na bèdho ngi'u na dènge karasa na."
GEN 2:22,"The LORD God made a woman from the rib which he had taken from the man, and brought her to the man.","Nèti rui ne, Na paj'aj'i bhèni ca dhèu. Hèia Na pangèd'u bhèni ne mi dhèu èèna.","Èle èèna ka, Lamatua Lamatua paj'aj'i nare aj'u iiki èèna nèti Adam, ka Na paj'aj'i dhèu bhèni èci. Hèia Na paj'aj'i dhèu èèna, dhèu èmu-kamali Na."
GEN 2:23,"The man said, This is now bone of my bones, and flesh of my flesh. She will be called ‘woman, ' because she was taken out of Man.","Ropa ladhe nèdhi bhèni ne, ka dhèu na peka, aku nèngu na, Waaa! Ne'e ne ku! Sèmi ne'e ku, heka pamèci dènge ja'a kèna! Rui na, sama èci èèna ka dènge rui ja'a. Aa isi na, sama kahèi dènge isi ja'a. Lula nèngu ne, j'aj'i nèti dhèu mone, nèti èèna ka ja'a pangare ne, ‘dhèu bhèni'.","Ka dhèu èèna peka, aku nèngu na, Limuri ne, ne'e ne, rui nèti rui nèti ngi'u aae ja'a, aa ngi'u nèti ngi'u ja'a kahèi. Èèna na dhèu paroa ne, dhèu bhèni', lula uru èèna, Ama Lamatua paj'aj'i nèngu nèti Dhèu Rai-haha Tare'a-re'a."
GEN 2:24,"Therefore a man will leave his father and his mother, and will join with his wife, and they will be one flesh.","Nèti èèna ka, dhèu mone hud'i tèke eele ku ina-ama na, ho la'e mamuri d'ara èci dènge dhèu èmu-kamali na, lula dua ra, j'aj'i le èci.","Nèti èèna ka, dhèu mone hud'i tèke eele ku ina-ama na, ho la'e mamuri d'ara èci dènge dhèu èmu-kamali na, te dua ra j'aj'i le èci."
GEN 2:25,"The man and his wife were both naked, and they were not ashamed.","Lod'o èèna, dua ra dhu dènge boe mèdha-papake, te ngaa ra makae boe.","Èle èèna ka, dhèu mone dènge dhèu èmu na, makae boe, te dua ra dènge heka mèdha-papake."
GEN 3:1,"Now the serpent was more subtle than any animal of the field which the LORD God had made. He said to the woman, Has God really said, ‘You shall not eat of any tree of the garden'?","Nèti badha aa'i-aa'i dhu Ama LAMATUA paj'aj'i ètu rai-haha ne, mege ka dhu mèu risi kapod'e-kabèli. Ca lod'o, mege karèi bhèni na, aku nèngu na, Tare'a, do? Ama Lamatua kai miu baku mi'a hua aaj'u aa'i-aa'i ètu d'ara oka ne'e.","Hèia na karèi bhèni ne, peka na, Mema tare'a! Te Ama Lamatua peka le, na, Miu bisa boe mi'a hua aj'u ètu d'ara oka ne. ' Te ngaa mege ne dhu mèu risi nèti badha aa'i-aa'i ètu d'ara pad'a sod'a dhu Lamatua tao."
GEN 3:2-3,"The woman said to the serpent, We may eat fruit from the trees of the garden, but not the fruit of the tree which is in the middle of the garden. God has said, ‘You shall not eat of it. You shall not touch it, lest you die. '","Ka bhèni na b'ala, Aad'o! Ji'i bisa nga'a! Dhodhoka aj'u ca kapua ètu talora oka ne, Ama Lamatua kai, baku nga'a hua na. Na peka na, ji'i baku nga'a, aa baku g'ag'e hua èèna kahèi, te aad'o na, ji'i madhe!","Hèia bhèni ne dhaa, peka na, Sèmi ne'e! Èdhi bisa ta'a hua nèti aj'u ètu d'ara oka. Te ngaa èdhi bisa boe ta'a hua nèti aj'u ètu talora oka. Te Ama Lamatua peka na, Baku mi'a hua nèti aj'u èèna. Baku g'ag'e laa, te èèna na miu madhe. '"
GEN 3:4,"The serpent said to the woman, You won't really die,","Te ngaa mege na dhaa, aku nèngu na, Waa! Sèmi boe èèna! Miu se madhe boe!","Te ngaa mege ne b'ala bhèni ne, peka na, Mema tare'a èu madhe boe!"
GEN 3:5,"for God knows that in the day you eat it, your eyes will be opened, and you will be like God, knowing good and evil.","Ama Lamatua mema kai tare'a sèmi èèna, lula dhu ne'a le, ladhe mi'e hua aaj'u èèna, miu j'aj'i d'èlu-mèu sèmi Nèngu. Ho èèna na me'a mia dhu be'a, aa mia dhu karehe.","Te Ama Lamatua ne'a, na, bèli-camèd'a, ropa miu mi'a aj'u èèna, bèli-camèd'a miu mèdhi dènge be'a, aa j'aj'i sama sèmi Ama Lamatua kahèi, dhu ne'a mia ka dhu be'a dènge mia ka dhu karehe."
GEN 3:6,"When the woman saw that the tree was good for food, and that it was a delight to the eyes, and that the tree was to be desired to make one wise, she took some of its fruit, and ate. Then she gave some to her husband with her, and he ate it, too.","Aa bhèni ne ladhe na aj'u ne be'a titu kèna, dènge hua na ele boe kee. Na ngee, Ladhe ja'a ku'a hua aj'u ne'e, ja'a d'èlu-mèu. Hèia puu nare ka hua aj'u èèna, ka na'e. Na'e nare, nèti hia dhèu èmu na, ka na'a kahèi.","Hèia bhèni ne ne'a, na, aj'u èèna be'a. Èdhi bisa ta'a nèti aj'u ne'e. Aj'u ne, be'a titu kèna, aa pakarej'e d'ara dhèu. Aj'u ne, be'a titu kèna, sèna ka dhèu bisa ladhe rèdhi dènge be'a. Nèti èèna ka, na nare hua na, ka na'e. Èle èèna ka, na hia hari dhèu èmu na, ka dhèu èmu-kamali na na na na'e kahèi."
GEN 3:7,"Their eyes were opened, and they both knew that they were naked. They sewed fig leaves together, and made coverings for themselves.","Ra'a rare ka, heka re'a na rèngu dhu pake boe mèdha dhu hutu ua rèngu. Nèti èèna ka, ra lui rèu aj'u ho pa'abhe era makae rèngu.","Hèia dua ra ladhe rèdhi dènge ka, ka ra re'a, na, rèngu dhu dènge boe mèdha-papake. Ka dua ra kadhoe rèu ana aaj'u ne, sèna ka j'aj'i bèla dhu pahutu ngi'u ra."
GEN 3:8,"They heard the LORD God's voice walking in the garden in the cool of the day, and the man and his wife hid themselves from the presence of the LORD God among the trees of the garden.","D'ai lod'o nihia, dua ra tadèngi lii core haga Ama LAMATUA ètu d'ara oka èèna. Ka dua ra rai lasi lu'u asa ca bèka aj'u, sèna ka LAMATUA baku nèdhi si.","Èle èèna ka, ropa d'ara lod'o pana titu kèna, ka dua ra tadèngi Ama Lamatua kako la'e-mai ètu d'ara oka ne. Hèia dhèu mone dènge dhèu èmu na, mai pakaj'èu ètu talora aae ana aaj'u sèra, sèna ka rèngu baku rèdhi Lamatua."
GEN 3:9,"The LORD God called to the man, and said to him, Where are you?","Te ngaa Ama LAMATUA paroa mi dhèu mone èèna, aku Nèngu na, Adam! Èu ètu mia?","Hèia Lamatua Lamatua paroa dhèu èèna, aku Nèngu na, Èu ètu mia?"
GEN 3:10,"The man said, I heard your voice in the garden, and I was afraid, because I was naked, so I hid myself.","Hèia mone na dhaa, Ja'a tadèngi lii Lamatua ètu ne'e. Te ngaa ja'a makae, lula ja'a pake boe mèdha ètu ua. Nèti èèna ka, ja'a rai pahuni iisi.","Hèia dhèu ne dhaa, aku nèngu na, Ja'a tadèngi lii èu ètu d'ara oka ne, ka ja'a madha'u, lula ja'a dènge boe mèdha-papake. Nèti èèna ka, ja'a pahuni-pahuni."
GEN 3:11,"God said, Who told you that you were naked? Have you eaten from the tree that I commanded you not to eat from?","Ka Lamatua peka na, Cee ka dhu peka, na èu dhu pake boe mèdha-papake? De tasamia? Tatu èu mu'a le hua aj'u dhu Ja'a kai na, sina ma?","Hèia Ama Lamatua karèi ne, peka na, Cee ka dhu peka dènge èu, na, Èu dènge boe mèdha-papake? Tasamia ka èu mu'a hua aj'u èèna, dhu Ja'a kai èu, peka na, Èu baku mu'a?"
GEN 3:12,"The man said, The woman whom you gave to be with me, she gave me fruit from the tree, and I ate it.","Ka na b'ala, peka na, Bhèni dhu Èu hia ho pa'anga dènge ja'a èèna, ka dhu hia ja'a ku'a!","Ka dhèu èèna dhaa, aku nèngu na, Ama, bhèni dhu Ama hia mai j'aj'i angalai ja'a, nèngu ka dhu hia ja'a hua aj'u èèna. Hèia ja'a ku'e."
GEN 3:13,"The LORD God said to the woman, What have you done? The woman said, The serpent deceived me, and I ate.","Hèia Ama LAMATUA peka dènge bhèni na, aku Nèngu na, Nga tao ka, èu ad'u madha j'ara èèna? Ka bhèni ne dhaa, peka na, Te mege ne ka dhu ag'o ja'a! Nèti èèna ka, ja'a ku'a.","Ka Ama Lamatua karèi dhèu bhèni ne, peka na, Èu ad'u-ue sasala ngaa èèna ka? Hèia bhèni ne dhaa, aku nèngu na, Mege naga ne'e ka dhu kapod'e-kabèli ja'a, ka ja'a ku'a."
GEN 3:14,"The LORD God said to the serpent, Because you have done this, you are cursed above all livestock, and above every animal of the field. You shall go on your belly and you shall eat dust all the days of your life.","Èle èèna ka, Ama LAMATUA dhoo mege èèna, aku Nèngu na, Ja'a huku èu, lula tatao èu. Nèti badha aa'i-aa'i, dhoka èu di dhu abhu huku sèmi ne'e. Mulai nèti deo ne'e toke èu madhe, èu dhoka rod'o dènge kakara, aa mu'a ètu rai di.","Èle èèna ka, Lamatua Lamatua peka dènge mege ne, aku Nèngu na, Lula èu tao sèmi ne'e, nèti èèna ka Lamatua huku èu risi nèti badha aa'i-aa'i, badha dènge badha aa'i-aa'i ètu rai-haha. Bèli-camèd'a èu na'a ahu nèti d'ara kabake èu, toke d'ai èle rai-haha."
GEN 3:15,"I will put hostility between you and the woman, and between your offspring and her offspring. He will bruise your head, and you will bruise his heel.","Ja'a tao sèna ka, èu loe boe pamusu dènge bhèni ne. Aa ana-èpu miu dua mi sèmi èèna kahèi. Ana-èpu èu, èèna na kadhi hui tèdhu dhèu. Te ngaa ca dhèu nèti ana-èpu bhèni ne, èèna na dhedhe palaho kètu èu.","Èèna na, Ja'a tao musu ètu talora aae èu dènge dhèu bhèni ne. Èèna na sèmi èèna kahèi, ètu talora ana-èpu èu dènge ana-èpu na. Èèna na dhèu paj'èra èu, aa èu j'aj'i dhèu paj'èra ana-èpu na."
GEN 3:16,"To the woman he said, I will greatly multiply your pain in childbirth. You will bear children in pain. Your desire will be for your husband, and he will rule over you.","Èle èèna ka, Ama Lamatua peka dènge bhèni ne, Èèna na, Ja'a pasusa tabha èu, ropa èu dènge babia, lod'o mora iisi, èu asa tabha j'èra. Masi ka sèmi èèna, d'ara èu d'èi taruu dhèu èmu èu, aa nèngu ka dhu ator èu.","Hèia Ama Lamatua peka dènge bhèni ne, aku Nèngu na, Bèli-camèd'a, lod'o èu nara iisi, j'aj'èra èu asa tabha ae. Bèli-camèd'a, ropa èu nara iisi, j'aj'èra na ae titu kèna. Èèna na, èu d'èi titu kèna dhèu èmu èu, te ngaa nèngu ka dhu paredha èu."
GEN 3:17,"To Adam he said, Because you have listened to your wife's voice, and have eaten from the tree, about which I commanded you, saying, ‘You shall not eat of it, ' the ground is cursed for your sake. You will eat from it with much labor all the days of your life.","Ka Ama Lamatua peka dènge mone ne, Èu madhutu boe lii paredha Ja'a, te ngaa èu nanene dhoka lii dhèu èmu èu di, ka èu mu'a hua aj'u dhu Ja'a kai èèna. Nèti èèna ka, èu abhu huku kahèi. Aa rai lèke huku kahèi. Nèti deo ne'e, toke d'ai èu madhe, hud'i èu kabèli rai, heka èu abhu nganga'a kèna. Dènge sab'a bia sèmi ne'e ka, èu heka mamuri kèna.","Èle èèna ka, Ama Lamatua peka dènge Adam, aku Nèngu na, Lula èu nanene lii dhèu èmu èu, ka èu mu'a hua aj'u èèna, dhu Ja'a peka le dènge èu, na, Baku mu'a hua aj'u èèna, ' nèti èèna ka Lamatua tule eele rai ètu dedha èu. De èu bisa mu'a hua aj'u èèna dènge j'aj'èra toke d'ai èle rai-haha ne."
GEN 3:18,"It will yield thorns and thistles to you, and you will eat the herb of the field.","Masi ka èu sèle rupa-rupa hini èèna ka, te ngaa dhu muri mai dhodhoka dhudhu-sete di.",Bèli-camèd'a ra hia miu aj'u padhudhu dènge aj'u padhudhu. Te ngaa miu bisa mi'a j'u'u dhu muri ètu d'ara pad'a sod'a.
GEN 3:19,"You will eat bread by the sweat of your face until you return to the ground, for you were taken out of it. For you are dust, and you shall return to dust.","Hud'i èu èi kabhèsu haa ku, heka rai hia èu nganga'a kèna. Èu hud'i sab'a bia sèmi èèna ku, toke d'ai lod'o èu madhe. Èu ne, Ja'a paj'aj'i nèti rai. De ladhe èu madhe, èu j'aj'i hari rai.","Èèna na, èu mu'a nganga'a-nganginu, lula èu èci èèna ka dènge ahu rai. Èèna na, èu lèpa hari asa rai, lula Ama Lamatua ka dhu paj'aj'i èu ètu rai-haha ne. Èu ne, nuka sèmi ahu ètu d'ara rai, dhu ra tao èu ho j'aj'i dhèu rai-haha."
GEN 3:20,The man called his wife Eve because she would be the mother of all the living.,"Èle èèna ka, Adam pangare dhèu èmu na ‘Hawa' dhu sasoa na ‘dhu mamuri', te nèngu ka j'aj'i ina nèti dhèu dhu mamuri aa'i-aa'i.","Èle èèna ka, Adam pangare dhèu èmu na, Hawa, lula èèna na, nèngu j'aj'i ina nèti dhèu aa'i-aa'i dhu mamuri ètu rai-haha ne."
GEN 3:21,"The LORD God made garments of animal skins for Adam and for his wife, and clothed them.","Hèia Ama LAMATUA tao mèdha-papake nèti ka'uri badha, ka papake dua ra.","Èle èèna ka, Lamatua Lamatua tao mèdha-papake dhu ra pake nèti ka'uri badha hia Adam dènge dhèu èmu-kamali ra. Ka Na papake si."
GEN 3:22,"The LORD God said, Behold, the man has become like one of us, knowing good and evil. Now, lest he reach out his hand, and also take of the tree of life, and eat, and live forever-","Ka Ama LAMATUA peka, Limuri ne, dhèu re'a le, mia dhu be'a dènge mia dhu karehe, sèmi Èdhi kahèi. De mage dhoka, rèngu ra'a hua aj'u dhu èci hari na, dhu hia mamuri taa-taa.","Hèia Ama Lamatua peka, aku Nèngu na, Ladhe ku laa! Dhèu rai-haha ne j'aj'i le nuka sèmi èdhi aa'i-aa'i ti. Nèngu ne d'èlu-mèu le ne'a le j'ara-j'ara dhu be'a, aa ne'a le j'ara-j'ara dhu bhelu-katub'a. De be'a boe ladhe na tao madhutu dad'èi Lamatua, heka na bisa nare hua aj'u dhu nèti d'ara mamuri dhu lèke. Dènge j'ara ne'e, nèngu bisa heka mamuri taa-taa dènge Lamatua."
GEN 3:23,"Therefore the LORD God sent him out from the garden of Eden, to till the ground from which he was taken.","Èle èèna ka, Na babèga eele si nèti d'ara oka Eden èèna, ho lasi asa era leo, sèna ka ra mamuri dènge sab'e oka-tedhe. Lula dhèu j'aj'i nèti rai, de mamuri kahèi nèti rai.","Hèia Ama Lamatua pua dhèu èèna kalua nèti d'ara oka èèna, ho na sab'a ètu rai dhu ra kakèj'i ne."
GEN 3:24,"So he drove out the man, and he placed cherubim at the east of the garden of Eden, and a flaming sword which turned every way, to guard the way to the tree of life.","Babège nare si, ka Lamatua paredha ana pajuu Na nèti sorga, dhu dènge èla, ho lasi j'aga oka èèna re ca bèka dhimu. Rèngu dènge samala dhu heo ha'a-ha'a, dhu seru la'e-mai. Lamatua pua si bèdho eele j'ara la'e sa d'ara, te Nèngu d'èi boe dhèu puu rare hua aj'u dhu hia ra mamuri taa-taa èèna.","Èle èèna ka, Ama Lamatua babège-lalèta dhèu rai-haha ne nèti rai-haha ne. Hèia Na paj'uj'u asa bèka dhimu, ho ra paj'uj'u j'ara hia dhèu rai-haha, nuka sèmi ana pajuu Ama Lamatua dhu nèd'u paredha. Ana pajuu Ama Lamatua èèna, nuka sèmi ana pajuu Ama Lamatua dhu heo lo'a-lo'a. Ana pajuu Ama Lamatua èèna, nuka sèmi ana pajuu Ama Lamatua dhu heo lo'a-lo'a. Ana pajuu Lamatua èèna, nuka sèmi ana pajuu Ama Lamatua dhu la'e asa d'ara oka, ho ra madhenge j'ara hia dhèu dhu abhu mamuri taa-taa dènge Ama Lamatua."
GEN 4:1,"The man knew Eve his wife. She conceived, and gave birth to Cain, and said, I have gotten a man with the LORD's help.","Hèia Adam j'unu dènge dhèu èmu na, Hawa. Ka bhèni ne dènge babia. Hèia nara iisi ana mone ca dhèu. Ka na peka, aku nèngu na, Ja'a abhu le ana mone ca dhèu, lula Ama LAMATUA soru nare le ja'a. Ka na pangare ana ne, Kaen dhu sasoa na ‘abhu'.","Èmu Kapua Manèngi-Mangaj'i ne, tadhe dhèu èmu na, Hawa. Ka na kabake dènge babia. Hèia na nara iisi Kain. Na peka, aku nèngu na, Lamatua soru-bara le ja'a, ka ja'a j'aj'i dhèu mone."
GEN 4:2,"Again she gave birth, to Cain's brother Abel. Abel was a keeper of sheep, but Cain was a tiller of the ground.","Hèia Hawa nara iisi hari ana mone èci. Ka na pangare ne Habel. Dua ra kapai ka, Habel j'aj'i dhèu madhenge badha. Aa a'a na Kaen, sab'a oka-tedhe.","Èle èèna ka, Hana nara iisi hari Habel. Habel ne, dhèu madhenga badha. Te ngaa Kaen, dhèu sab'a ètu d'ara oka."
GEN 4:3,"As time passed, Cain brought an offering to the LORD from the fruit of the ground.","Ca lod'o, Kaen nèti isi rai na cahag'e, ka hia LAMATUA.","Èle pèri-pèri lod'o, ka Kain nèti nganga'a na, ho j'aj'i korban hia Lamatua."
GEN 4:4,"Abel also brought some of the firstborn of his flock and of its fat. The LORD respected Abel and his offering,","Habel nèti ana-ana uuru kahib'i-kalèbho na. Na roro kahib'i-kalèbho se, ka nèti sisi dhu be'a hia Lamatua. D'ara Ama Lamatua karej'e ropa ladhe nèdhi korban nèti Habel ne.","Èle èèna ka, Habel nèti kahib'i-kalèbho na. Na nèti kahib'i-kalèbho na, cahag'e dènge èi kahib'i-kalèbho. Lamatua sèmi nare Habel dènge mèdha persembahan na dènge be'a."
GEN 4:5,"but he didn't respect Cain and his offering. Cain was very angry, and the expression on his face fell.","Te ngaa Na d'èi boe korban unu Kaen. Hèia Kaen nasa bia, ka rèhu na mare boe.","Te ngaa Lamatua pusi-pahae boe Kaen dènge mèdha persembahan na. Ka na nasa titu kèna, toke d'ara na roe-bhilu."
GEN 4:6,"The LORD said to Cain, Why are you angry? Why has the expression of your face fallen?","Ka LAMATUA lii dènge Kaen, aku Nèngu na, Kaen! Nga tao ka èu nasa sèmi èèna, ka rèhu èu mare boe?","Èle èèna ka, Lamatua peka dènge Kaen, aku Nèngu na, Nga tao ka èu nasa? Nga tao ka musi madha èu roe-bhilu?"
GEN 4:7,"If you do well, won't it be lifted up? If you don't do well, sin crouches at the door. Its desire is for you, but you are to rule over it.","Ladhe tatao èu be'a, na Ja'a sèmi èu dènge hua iia. De mu pangee uuru ku! Ladhe èu tao bhelu, na bhabhelu èèna na'e hari èu, sama sèmi meo neo pacèli maraho. De sèmi èu neo tao bhabhelu, be'a risi core eele ka!","Ladhe èu tao le j'ara dhu lèke, tatu Ama Lamatua koa-kad'iri èu. Te ngaa ladhe èu tao boe j'ara dhu lèke, èèna nuka sèmi bhabhelu dhu loe boe panahu ètu madha èu. Te bhabhelu èèna neo pamusu dènge èu, te ngaa èu mesa mu ka dhu j'aj'i lamatua nèti bhabhelu-katub'a."
GEN 4:8,"Cain said to Abel, his brother, Let's go into the field. While they were in the field, Cain rose up against Abel, his brother, and killed him.","Ca tèka, Kaen gale Habel, na peka na, Mai lati ngad'o oka, we. Ropa dua ra d'ai d'ara oka, Kaen kalabhe pamadhe ari na.","Èle èèna ka, Kaen paroa ari na Habel, aku nèngu na, Mai lati ka asa d'ara pad'a sod'a. Ropa rèngu ètu d'ara pad'a sod'a, ka Kain la'e pamadhe Habel."
GEN 4:9,"The LORD said to Cain, Where is Abel, your brother? He said, I don't know. Am I my brother's keeper?","Ka LAMATUA karèi Kaen, aku Nèngu na, Kaen! Ari mu ka mia? Hèia Kaen dhaa, aku nèngu na, Ja'a ke'a boe na ètu mia! Èu ngee na, ja'a dhèu kèpe haga na, do?","Èle èèna ka, Lamatua karèi Kaen, aku Nèngu na, Ari èu Habel ètu mia? Ka Kain dhaa, aku nèngu na, Ja'a ke'a boe. Baku pangee, na, ja'a ne dhèu madhenga kahib'i-kalèbho, do?"
GEN 4:10,"The LORD said, What have you done? The voice of your brother's blood cries to me from the ground.","Ka Lamatua b'ala, Nga tao ka èu bhelu sèmi èèna? Baku pangee na, èu pahuni more le raa ari èu ètu d'ara rai, te Ja'a dhu kèdhi aa'i-aa'i le!","Èle èèna ka, Lamatua karèi hari ne, peka na, Èu ne tao le ngaa? Èu pa'oo-parodha le, lula a'a èu madhe."
GEN 4:11,"Now you are cursed because of the ground, which has opened its mouth to receive your brother's blood from your hand.","De lii dhoo lèke le mi dedha èu. Lod'o èu pamadhe ari èu, rai sakid'o nare raa na. De limuri ne, rai bisa heka nèti mamuri mi èu.","De limuri ne, èu hud'i laa Lamatua huku èu, lula kabarai èu bhoke le hèb'a na, ho sèmi mere raa a'ari èu dhèu Yahudi ne."
GEN 4:12,"From now on, when you till the ground, it won't yield its strength to you. You will be a fugitive and a wanderer in the earth.","De ladhe èu sab'a oka-tedhe, rai ne hia heka èu ngaa-ngaa. Nèti deo ne'e, èu lu'u sa haa-sa dhimu, sèmi dhèu dhu dènge boe era paleo-palu'u.","Bèli-camèd'a èu sab'a ètu rai, te ngaa rai èèna hia boe èu koasa. Èèna na èu j'aj'i dhèu dhu mamuri pakaj'èu, aa dhèu leo rai kara ètu rai-haha ne."
GEN 4:13,"Cain said to the LORD, My punishment is greater than I can bear.","Te ngaa Kaen b'ala LAMATUA, aku nèngu na, Haii! Ama Lamatua, ee! Lamatua dhoo ja'a bia titu kèna, de ja'a pasae mèke boe nga.","Èle èèna ka, Kaen b'ala mi Lamatua, peka na, Ja'a abhu huku dhu bia risi nèti d'ara ja'a."
GEN 4:14,"Behold, you have driven me out today from the surface of the ground. I will be hidden from your face, and I will be a fugitive and a wanderer in the earth. Whoever finds me will kill me.","Lula Lamatua bège eele ja'a nèti era ne'e, ja'a kaj'èu nèti Ama Lamatua. Ja'a kako lole-laa asa mia-mia. De ladhe paraga dènge dhèu, èèna na ra pamadhe ja'a.","De ladhe ku laa! Deo ne'e ne, Ama babège eele ja'a nèti rai-haha ne. Bèli-camèd'a Ja'a pakaj'èu nèti Ama. Bèli-camèd'a Ja'a mamuri pakaj'èu ètu rai-haha ne, nuka sèmi dhèu dhu pea boe ètu rai-haha ne. Dhèu dhu paraga dènge ja'a, bèli-camèd'a ra pamadhe ja'a."
GEN 4:15,"The LORD said to him, Therefore whoever slays Cain, vengeance will be taken on him sevenfold. The LORD appointed a sign for Cain, so that anyone finding him would not strike him.","Te ngaa LAMATUA dhaa na, Aad'o sèmi èèna! Dhèu cee dhu pamadhe èu, èèna na Ja'a huku ne, babia na pidhu hari risi nèti èu. Hèia LAMATUA tao tadha mi Kaen, sèna ka dhèu re'a ho baku pamadhe ne.","Hèia Lamatua peka dènge ne, Sèmi ne'e. Ladhe abhu dhèu dhu pamadhe Kaen, èèna na Lamatua huku ne pidhu kali lipat. Lamatua tao tadha èci hia Kaen, sèna ka dhèu aa'i-aa'i dhu paraga dènge ne, baku hake pamadhe ne."
GEN 4:16,"Cain left the LORD's presence, and lived in the land of Nod, east of Eden.","Hèia Kaen tèke eele dènge era èèna. La'e pakaj'èu nèti LAMATUA, asa era èci, ètu bèka dhimu oka Eden. Era ne'e, ngara na Nod dhu sasoa na, ‘lole-laa'. Ka na pea ètu era èèna.","Nèti èèna ka, Kaen tèke eele Ama Lamatua, la'e pea ètu rai Nod, ètu sebhe dhimu rai Eden."
GEN 4:17,"Cain knew his wife. She conceived, and gave birth to Enoch. He built a city, and named the city after the name of his son, Enoch.","Hèia Kaen leo-èmu, ka dhèu èmu na dènge babia. Ka nara iisi ana mone ca dhèu, dhu pangare na Henok. Hèia Kaen patitu rae cue, ngara na Henok, madhutu ngara ana na.","Hèia Kaen la'e paraga dènge dhèu èmu na. Ka na dènge babia, ka nara iisi Henok. Ka na patitu kota cue, ngara na Henok, madhutu ngara ana na."
GEN 4:18,Irad was born to Enoch. Irad became the father of Mehujael. Mehujael became the father of Methushael. Methushael became the father of Lamech.,"Ka Henok matana Irad. Hèia Irad matana Mehuyael. Mehuyael matana Metusael. Aa ana Metusael, Lamek.",Erad matana Henok. Erad matana Mehuel. Mehuel matana Metusael. Metusael matana Lamek.
GEN 4:19,"Lamech took two wives, the name of the first one was Adah, and the name of the second one was Zillah.","Dhèu èmu Lamek, dhèu dua. Èci ngara na Ada, aa ca dhèu hari, ngara na Sila.","Èle èèna ka, Lamek leo nare dhèu èmu na dhèu dua. Partama, ngara na Adi, aa ka dua, ngara na Sela."
GEN 4:20,"Adah gave birth to Jabal, who was the father of those who dwell in tents and have livestock.","Ana Ada, ngara na Yabal. Ana-èpu na, j'aj'i dhèu piara badha. Mamuri ra ètu boe ca era, aa ra pea dhoka ètu d'ara paleo di.","Adha nara iisi Yakob. Yakob nara iisi Yakob. Yakob ne, ama nèti dhèu dhu pea ètu d'ara paleo, aa nèti dhèu kahib'i-kalèbho."
GEN 4:21,"His brother's name was Jubal, who was the father of all who handle the harp and pipe.","Ari Yabal, ngara na Yubal. Ana-èpu Yubal, j'aj'i dhèu gai sasadhu, dènge tiu sakino.","A'a Yakob ne, ngara na Yual. Nèngu ne, baki nèti dhèu aa'i-aa'i dhu tema karihu sasadhu dènge sasadhu."
GEN 4:22,"Zillah also gave birth to Tubal Cain, the forger of every cutting instrument of bronze and iron. Tubal Cain's sister was Naamah.","Dhèu èmu Lamek èci hari, Sila, nara iisi Tubal Kaen. Ana-èpu na j'aj'i tuka bèsi, ka ra tuku mèdha ae-ae tao nèti bèsi, dènge tabaga. Ana hèni Tubal Kaen, ngara na Na'ama.","Zila nara iisi Tubal. Abhu ana mone èci, ngara na Kaen. Nèngu ne, d'èlu-mèu tao rupa-rupa mèdha-panyau, nuka, tabaga dènge bèsi. Aa ana hèni na, ngara na Naama."
GEN 4:23,"Lamech said to his wives, Adah and Zillah, hear my voice. You wives of Lamech, listen to my speech, for I have slain a man for wounding me, a young man for bruising me.","Ca tèka, Lamek padedha iisi na ètu madha dhèu èmu dua ra, peka na, Mi nanene, ee! Deo na, ana mone ngèru èci neo game ja'a. Te ngaa ja'a dhadhedhe ne, toke madhe.","Èle èèna ka, Lamek padhai lii dènge dhèu èmu na sèra, aku nèngu na, Ada, dènge Zila. Miu dhèu èmu Lamek! Miu nanene ku lii padhai ja'a ne. Ja'a pamadhe ca dhèu, lula nèngu paj'èra ja'a. Ja'a pamadhe ca dhèu, lula nèngu paj'èra ja'a. Ana ngèru èci, lula na game ja'a."
GEN 4:24,"If Cain will be avenged seven times, truly Lamech seventy-seven times.","Dhèu dhu pamadhe Kaen, abhu huku pidhu hari. Te ngaa cee ka dhu neo b'ala ho pamadhe ja'a, abhu huku pidhu nguru pidhu hari.","Ladhe Lamatua huku Kaen pidhu kali, èèna na Lamatua huku ne pidhu nguru pidhu kali."
GEN 4:25,"Adam knew his wife again. She gave birth to a son, and named him Seth, saying, for God has given me another child instead of Abel, for Cain killed him.","Ka Hawa nara iisi hari ana mone ca dhèu. Hèia ra pangare ne, Set dhu sasoa na, ‘hia', lula aku Hawa na, Ama Lamatua hia ja'a ana ne, sèna ka gati madha Habel, dhu Kaen pamadhe ne.","Èle èèna ka, Adam tadhe hari dhèu èmu na Kaen. Ka na nara iisi ana mone ca dhèu, ngara na Set. Na peka, aku nèngu na, Lamatua hia le ja'a ana mone ca dhèu hari, ho gati Habel. Ka Kain pamadhe ne."
GEN 4:26,"A son was also born to Seth, and he named him Enosh. At that time men began to call on the LORD's name.","Pe d'ai nèbhu ku, Set abhu ana mone ca dhèu, dhu pangare na Enos. Tèu èèna, dhèu mulai manèngi-mangaj'i mi Ama LAMATUA.","Set nara iisi ana mone ca dhèu kahèi, ngara na Enos. Lod'o èèna, dhèu aa'i-aa'i mulai manèngi-mangaj'i mi Ama Lamatua."
GEN 5:1-2,"This is the book of the generations of Adam. In the day that God created man, he made him in God's likeness. He created them male and female, and blessed them. On the day they were created, he named them Adam.","Lod'o Ama Lamatua paj'aj'i dhèu rai-haha, Na tao si sama sèmi rupa Nèngu. Na paj'aj'i si, dhèu mone dènge dhèu bhèni. Ka Na pangare si ‘dhèu rai-haha', aa Na hia si berkat. Dhèu dhu uru, ngara na Adam. Ana-èpu Adam, nuka sèmi ne'e ka,","Lii maho'o nèti Adam toke d'ai sange ne'e ka. Lod'o Ama Lamatua paj'aj'i dedha-liru dènge rai-haha, Na paj'aj'i dhèu rai-haha, rupa Na èci èèna ka dènge rèngu. Dhèu mone dènge dhèu bhèni, Ama Lamatua paj'aj'i si. Hèia Na hia si mèngi-nale. Lod'o Ama Lamatua paj'aj'i dedha-liru dènge rai-haha, Na pangare si, Adam."
GEN 5:3,"Adam lived one hundred thirty years, and became the father of a son in his own likeness, after his image, and named him Seth.","Lod'o Adam d'ai ca ngasu tèlu nguru tèu, na matana ana mone ca dhèu, dhu rèhu na nare Adam. Ka pangare na, Set.","Èle èèna ka, Adam mamuri toke d'ai cangasu tèlu nguru tèu. Èle èèna ka, na nara iisi ana mone ca dhèu, dhu rupa na, madhutu raropa na. Ka Adam pangare ne, Set."
GEN 5:4,"The days of Adam after he became the father of Seth were eight hundred years, and he became the father of other sons and daughters.","Ka Adam mamuri hari d'ai aru ngasu tèu, hèia na abhu hari ana mone dènge ana bhèni.","Èle èèna ka, Adam mamuri toke d'ai aru ngasu tèu. Nèti èèna ka, na nara iisi Set, ana mone dènge ana bhèni."
GEN 5:5,"All the days that Adam lived were nine hundred thirty years, then he died.","Umur Adam ceo ngasu tèlu nguru tèu, heka madhe kèna.",Hèia Adam mamuri toke d'ai tèlu ngasu tèlu nguru tèu. Ka na madhe.
GEN 5:6,"Seth lived one hundred five years, then became the father of Enosh.","Lod'o Set d'ai ca ngasu lèmi tèu, na abhu ana mone ca dhèu, ngara na Enos.","Set mamuri toke d'ai cangasu lèmi tèu. Èle èèna ka, na nara iisi Enos."
GEN 5:7,"Seth lived after he became the father of Enosh eight hundred seven years, and became the father of other sons and daughters.","Ka Set mamuri hari d'ai aru ngasu pidhu tèu, na abhu hari ana mone dènge ana bhèni.","Set mamuri toke d'ai aru ngasu pidhu tèu. Èle èèna ka, na nara iisi Enos. Nèngu nara iisi hari ana mone dènge ana bhèni."
GEN 5:8,"All of the days of Seth were nine hundred twelve years, then he died.","Umur Set ceo ngasu canguru dua tèu, heka madhe kèna.",Ka Set mamuri toke d'ai cangasu dua nguru dua tèu. Hèia na madhe.
GEN 5:9,"Enosh lived ninety years, and became the father of Kenan.","Lod'o Enos mamuri d'ai ceo nguru tèu, na matana ana mone ca dhèu, ngara na Kenan.","Ropa Enos d'ai umur ceo nguru tèu, hèia na nara iisi Kenan."
GEN 5:10,"Enosh lived after he became the father of Kenan eight hundred fifteen years, and became the father of other sons and daughters.","Ka Enos mamuri hari d'ai aru ngasu canguru lèmi tèu, na abhu hari ana mone dènge ana bhèni.","Henos mamuri toke d'ai aru ngasu lèmi tèu. Èle èèna ka, na nara iisi Kenan. Nèngu nara iisi ana mone dènge ana bhèni."
GEN 5:11,"All of the days of Enosh were nine hundred five years, then he died.","Umur Enos ceo ngasu lèmi tèu, heka madhe kèna.","Nèti èèna ka, Enos mamuri toke d'ai ceo ngasu lèmi tèu. Hèia na madhe."
GEN 5:12,"Kenan lived seventy years, then became the father of Mahalalel.","Lod'o Kenan d'ai pidhu nguru tèu, na matana ana mone ca dhèu, ngara na Mahalalel.","Ropa Kenan d'ai umur pidhu nguru tèu, hèia na nara iisi Mahalalel."
GEN 5:13,"Kenan lived after he became the father of Mahalalel eight hundred forty years, and became the father of other sons and daughters","Ka Kenan mamuri hari d'ai aru ngasu èpa nguru tèu, ka na abhu hari ana mone dènge ana bhèni.","Kenan mamuri toke d'ai aru ngasu èpa nguru tèu. Èle èèna ka, ama na, Mahalalel, nara iisi ana mone dènge ana bhèni."
GEN 5:14,"and all of the days of Kenan were nine hundred ten years, then he died.","Umur Kenan ceo ngasu canguru tèu, heka madhe kèna.",Ka Kenan mamuri toke d'ai ceo ngasu cangasu canguru tèu. Hèia na madhe.
GEN 5:15,"Mahalalel lived sixty-five years, then became the father of Jared.","Lod'o Mahalalel d'ai èna nguru lèmi tèu, na abhu ana mone ca dhèu, ngara na Yared.","Ropa Mahalalel d'ai umur èna nguru lèmi tèu, hèia na nara iisi Yared."
GEN 5:16,"Mahalalel lived after he became the father of Jared eight hundred thirty years, and became the father of other sons and daughters.","Ka Mahalalel mamuri hari d'ai aru ngasu tèlu nguru tèu, na abhu hari ana mone dènge ana bhèni.","Èle èèna ka, Mahalalel mamuri aru ngasu tèlu nguru tèu. Èle èèna ka, na nara iisi Yared. Nèngu nara iisi hari ana mone dènge ana bhèni."
GEN 5:17,"All of the days of Mahalalel were eight hundred ninety-five years, then he died.","Umur Mahalalel aru ngasu ceo nguru lèmi tèu, heka na madhe kèna.",Mahalalel mamuri toke d'ai aru ngasu lèmi tèu dènge canguru lèmi tèu. Hèia na madhe.
GEN 5:18,"Jared lived one hundred sixty-two years, then became the father of Enoch.","Lod'o Yared d'ai cangasu èna nguru dua tèu, na abhu ana mone ca dhèu, ngara na Henok.","Yared mamuri d'ai cangasu èna nguru dua tèu. Èle èèna ka, na nara iisi Henok."
GEN 5:19,"Jared lived after he became the father of Enoch eight hundred years, and became the father of other sons and daughters.","Ka Yared mamuri d'ai aru ngasu tèu, na abhu hari ana mone dènge ana bhèni.","Lod'o Yared mamuri, na nara iisi Henok d'ai aru ngasu tèu. Nèbhu boe ka, na nara iisi ana mone dènge ana bhèni."
GEN 5:20,"All of the days of Jared were nine hundred sixty-two years, then he died.","Umur Yared ceo ngasu èna nguru dua tèu, heka madhe kèna.","Nèti èèna ka, Yared mamuri toke d'ai tèlu ngasu èna nguru dua tèu. Hèia na madhe."
GEN 5:21,"Enoch lived sixty-five years, then became the father of Methuselah.","Ropa Henok mamuri d'ai èna nguru lèmi tèu, na matana ana mone ca dhèu, ngara na Metusalak.","Henok mamuri èna nguru lèmi tèu. Èle èèna ka, na nara iisi Metusalak."
GEN 5:22,"After Methuselah's birth, Enoch walked with God for three hundred years, and became the father of more sons and daughters.","Ele èèna, Henok mamuri d'ara èci dènge Ama Lamatua d'ai tèlu ngasu tèu. Ka na abhu hari ana mone dènge ana bhèni.","Èle èèna ka, Henok nara iisi Metusalak. Na mamuri toke d'ai tèlu ngasu tèu, pa'èci dènge Ama Lamatua. Hèia na nara iisi ana mone dènge ana bhèni."
GEN 5:23-24,"All the days of Enoch were three hundred sixty-five years. Enoch walked with God, and he was not found, for God took him.","Na mamuri d'ara èci dènge Ama Lamatua. Hèia lod'o na d'ai tèlu ngasu èna nguru lèmi tèu, ka na ele, lula Ama Lamatua paca'e ne sa dedha.","Hèia Henok mamuri toke d'ai tèlu ngasu èna nguru lèmi tèu. Na mamuri taruu dènge Ama Lamatua. Te ngaa abhu boe ne, lula Lamatua nedhe nèti ne."
GEN 5:25,"Methuselah lived one hundred eighty-seven years, then became the father of Lamech.","Lod'o Metusalak d'ai cangasu aru nguru pidhu tèu, na matana ana mone èci, ngara na Lamek.","Lod'o Metusalak mamuri, umur na cangasu aru nguru pidhu tèu. Èle èèna ka, na nara iisi Lamek."
GEN 5:26,"Methuselah lived after he became the father of Lamech seven hundred eighty-two years, and became the father of other sons and daughters.","Èle èèna ka, Metusalak mamuri hari d'ai pidhu ngasu aru nguru dua tèu, ka na abhu hari ana mone dènge ana bhèni.","Ropa Metusalak d'ai umur pidhu ngasu aru nguru dua tèu, hèia na nara iisi Lamek. Nèti èèna ka, na nara iisi ana mone dènge ana bhèni."
GEN 5:27,"All the days of Methuselah were nine hundred sixty-nine years, then he died.","Umur Metusalak ceo ngasu èna nguru ceo tèu, heka madhe kèna.","Limuri ne, Metusalak mamuri toke d'ai tèlu ngasu èna nguru ceo tèu. Hèia na madhe."
GEN 5:28,"Lamech lived one hundred eighty-two years, then became the father of a son.","Lod'o Lamek mamuri d'ai ca ngasu aru nguru dua tèu, na matana ana mone ca dhèu.","Ropa Lamek d'ai umur cangasu aru nguru dua tèu, hèia na nara iisi ana mone ca dhèu."
GEN 5:29,"He named him Noah, saying, This one will comfort us in our work and in the toil of our hands, caused by the ground which the LORD has cursed.","Lamek pangare ne Noh dhu sasoa na ‘pakarej'e d'ara', lula na peka na, Ana ne, èèna na pakarej'e d'ara èdhi nèti sasab'a dhu bia, ètu rai dhu Ama Lamatua dhoo le.","Ka Ama Lamatua pangare ne, Noh, lula Na pangee, na, Ana ne'e ne, èèna na pa'èra d'ara èdhi nèti sasab'a-la'a èdhi dhu èdhi sab'a dènge kacui-aai èdhi, lula Lamatua dhu dhoo le rai èèna."
GEN 5:30,"Lamech lived after he became the father of Noah five hundred ninety-five years, and became the father of other sons and daughters.","Ka Lamek mamuri taruu d'ai lèmi ngasu ceo nguru lèmi tèu, aa na abhu hari ana mone dènge ana bhèni.","Lod'o Lamek mamuri era, na nara iisi Noh, d'ai lèmi ngasu ceo lèmi tèu. Ka na nara iisi ana mone dènge ana bhèni."
GEN 5:31,"All the days of Lamech were seven hundred seventy-seven years, then he died.","Umur Lamek pidhu ngasu pidhu nguru pidhu tèu, heka na madhe kèna.","Nèti èèna ka, Lamek mamuri toke d'ai pidhu ngasu pidhu nguru pidhu tèu. Hèia na madhe."
GEN 5:32,"Noah was five hundred years old, then Noah became the father of Shem, Ham, and Japheth.","Lod'o Noh mamuri d'ai lèmi ngasu tèu, na matana ana mone dhèu tèlu, Sem, Yafet dènge Ham.","Lod'o Noh d'ai umur lèmi ngasu tèu, Noh nara iisi Sem, Ham dènge Yafet."
GEN 6:1,"When men began to multiply on the surface of the ground, and daughters were born to them,","Taa èèna, dhèu rai-haha, asa bèba-kacanga. Ka ra papala-palème rai-haha. Dhèu se matana kahèi ana-ana bhèni.","Èle èèna ka, dhèu rai-haha asa tabha ae, toke ra rara iisi ana bhèni."
GEN 6:2,"God's sons saw that men's daughters were beautiful, and they took any that they wanted for themselves as wives.","Ana-ana mone nèti Lamatua ladhe rèdhi ana bhèni nèti dhèu rai-haha se, bhèni iia hua. Ka lasi todhe rare ana bhèni mia dhu ra d'èi.","Èle èèna ka, ana-ana Ama Lamatua sèra ladhe rèdhi ana bhèni dhèu rai-haha, na, rèngu bhèni kapai. Ka ra leo dènge bhèni mone do bhèni dhu rèngu d'èi."
GEN 6:3,"The LORD said, My Spirit will not strive with man forever, because he also is flesh, so his days will be one hundred twenty years.","Ka LAMATUA peka na, Ja'a roca le dènge tatao dhèu dhu lèke-lèke boe se. Roh Ja'a dhu pamamuri rèngu sa, d'èi heka hia ra mamuri manèro. Hud'i rèngu madhe ku. De èèna na, mamuri rèngu se dhoka d'ai ca ngasu dua nguru tèu di.","Hèia Lamatua padhai lii hari, aku Nèngu na, Nèti èèna ka, Ja'a tao Roh Ja'a taruu dènge dhèu rai-haha, te rèngu dhoka dhèu rai-haha di. Nèti èèna ka, rèngu mamuri d'ai cangasu dua nguru tèu."
GEN 6:4,"The Nephilim were in the earth in those days, and also after that, when God's sons came in to men's daughters and had children with them. Those were the mighty men who were of old, men of renown.","Taa èèna, dènge taa-tebho dhu limuri nèti èèna hari, abhu le dhèu raksasa ètu rai-haha ne. Ropa ana mone nèti Lamatua leo rare ana bhèni dhèu rai-haha se, ka rara iisi dhèu kapai, nuka, kapala musu, dhèu re'a madhutu lii lolo uru-uru sèra.","Lod'o èèna, toke d'ai èle rai-haha ne, abhu pèri-pèri dhèu nèti suku Nefilim dhu ra pangare na, Nefilim'. Rèngu se, dhèu kapai aae-dhèu kapai. Dhèu kapai dhu ra tadhe nèbhu le, toke ana-èpu dhèu rai-haha j'aj'i mi dhèu èmu-kamali ra."
GEN 6:5,"The LORD saw that the wickedness of man was great in the earth, and that every imagination of the thoughts of man's heart was continually only evil.","Taa èèna, LAMATUA ladhe nèdhi bhabhelu-katub'a dhèu rai-haha dhu seli-kolane. D'ara rèngu pangee dhoka bhabhelu di.","Èle èèna ka, Lamatua ladhe nèdhi, na, dhèu rai-haha ad'u-ue bhabhelu-katub'a titu kèna. Aa ngangee dènge ngangee rèngu dhu bhelu-katub'a di."
GEN 6:6,"The LORD was sorry that he had made man on the earth, and it grieved him in his heart.","Ka LAMATUA manyasa, lula Na paj'aj'i le rèngu se ho pea ètu rai-haha ne. Tatao rèngu ne'e ka dhu papèd'a d'ara Lamatua.","Hèia Ama Lamatua manyasa, lula Na paj'aj'i dhèu rai-haha ètu rai-haha ne. Ka d'ara Na susa."
GEN 6:7,"The LORD said, I will destroy man whom I have created from the surface of the ground-man, along with animals, creeping things, and birds of the sky-for I am sorry that I have made them.","Nèti èèna ka, Na peka na, Dènge tatao rèngu sèmi èèna na, Ja'a huku pamadhe dhèu rai-haha aa'i-aa'i dhu paj'aj'i kore si le. Manu-bhui dènge badha leo sèra, Ja'a palaho aa'i si kahèi. Te Ja'a manyasa, nèti Ja'a ka paj'aj'i si.","Hèia Lamatua peka, aku Nèngu na, Bèli-camèd'a Ja'a core eele dhèu rai-haha, badha rod'o-kakara, dènge rupa-rupa manu-bhui dhu Ja'a paj'aj'i. Bèli-camèd'a Ja'a core eele aa'i si. Te Ja'a ngee le, na, Ja'a paj'aj'i boe dhèu rai-haha."
GEN 6:8,But Noah found favor in the LORD's eyes.,Te ngaa Noh di dhu pakarej'e d'ara LAMATUA.,"Masi ka sèmi èèna, te ngaa Lamatua sue Noh titu kèna."
GEN 6:9-10,"This is the history of the generations of Noah, Noah was a righteous man, blameless among the people of his time. Noah walked with God. Noah became the father of three sons, Shem, Ham, and Japheth.","Lii lolo Noh sèmi ne'e ka, Ana mone na, dhèu tèlu, nuka Sem, Yafet dènge Ham. Noh mamuri dènge mola, koe-kapengo boe. Taa èèna, nèngu di dhu mamuri mola. D'ara na dhodhoka ètu Ama Lamatua.","Sasuri ne, lole j'ara mamuri nèti Noh. Noh ne dhèu d'ara mola, dhu mamuri mola taruu ètu talora dhèu aa'i-aa'i ra. Noh mamuri pa'èci dènge Ama Lamatua. Lod'o èèna, Noh nara iisi ana mone na dhèu tèlu, nuka, Sem, Ham dènge Yafet."
GEN 6:11-12,"The earth was corrupt before God, and the earth was filled with violence. God saw the earth, and saw that it was corrupt, for all flesh had corrupted their way on the earth.","Te ngaa dhèu leo se, Ama Lamatua ladhe ra bhelu aa'i mèu-mèu. Ètu mia-mia èèna ka, j'ara mamuri dhèu se ele iie aa'i. Ama Lamatua nèdhi dhodhoka bhabhelu di, ètu rai-haha ne.","Lod'o èèna, dhèu aa'i-aa'i ètu rai-haha ne, mamuri karehe titu kèna. Ama Lamatua ladhe, na, rai-haha ne karehe titu kèna. Dhèu aa'i-aa'i ètu rai-haha ne, mamuri karehe titu kèna."
GEN 6:13,"God said to Noah, I will bring an end to all flesh, for the earth is filled with violence through them. Behold, I will destroy them and the earth.","Hèia Ama Lamatua peka dènge Noh, aku Nèngu na, Ja'a kèdhi dhoka bhabhelu dhèu di, dhu pale-lème rai-haha ne. Ka Ja'a pama'ète kore le, sèna ka Ja'a palaho aa'i rai-haha ne dènge isi na aa'i-aa'i.","Èle èèna ka, Ama Lamatua peka dènge Noh, aku Nèngu na, Nanene paie! Ja'a neo palaho aa'i dhèu aa'i-aa'i ètu rai-haha, lula tatao rèngu dhu bhelu-katub'a titu kèna. De limuri ne, Ja'a neo palaho aa'i si."
GEN 6:14,"Make a ship of gopher wood. You shall make rooms in the ship, and shall seal it inside and outside with pitch.","De sèmi ne'e, Noh! Èu tao kapa aae cue, dhu tao nèti aj'u adhu. Re d'ara roa na, èu bagi mi kama-kama. Aa re d'ara dènge li'u kapa, èu lame dènge èi dama.","Èu hud'i tao uuru ku ètu dedha kapa ne, nèti aj'u hèu mèngi. Èu hud'i tao ku kama ae-ae ètu dedha kapa ne. Èu hud'i segel uuru ku re li'u dènge d'ara."
GEN 6:15,"This is how you shall make it. The length of the ship shall be three hundred cubits, its width fifty cubits, and its height thirty cubits.","Mu sab'e kapa na, madhera na ca ngasu tèlu nguru tèlu meter, bhabhèla na dua nguru dua meter, dènge katitu na canguru tèlu meter.","Èu hud'i tao ku mèdha èèna sèmi ne'e ka. Madhera kapa ne, hud'i tèlu ngasu meter, bhabhelu na, lèmi nguru meter, aa talora na, tèlu nguru meter."
GEN 6:16,"You shall make a roof in the ship, and you shall finish it to a cubit upward. You shall set the door of the ship in its side. You shall make it with lower, second, and third levels.","Èu tao èmu ètu dedha kapa na. Te ngaa paconga ca laa ai nèti kadidhi re dedha. Èu bagi kapa ne mi tèlu tad'a. Aa re karasa na, tao babèdho èci.","Ètu dedha kapa ne, èu hud'i tao èmu dhu taleo, dhu taleo na pe d'ai ca meter asa dedha. Ètu karasa na, èu hud'i tao hèb'a-namo kahèi, dhu taleo ka dua, dènge ka tèlu."
GEN 6:17,"I, even I, will bring the flood of waters on this earth, to destroy all flesh having the breath of life from under the sky. Everything that is in the earth will die.","Sanèd'e paie-iie! Bèli-camèd'a, Ja'a papuru èi aae lala, ho pacène eele rai-haha ne, sèna ka pamadhe aa'i dhu mamuri.","Ka Yesus tuhu hari lii padhai Na, aku Nèngu na, Bèli-camèd'a Ja'a hia èi aae lala asa rai-haha, ho palaho dhèu aa'i-aa'i dhu mamuri ètu dedha-liru dènge rai-haha. Dènge j'ara ne'e, aa'i-aa'i ètu rai-haha madhe aa'i mèu-mèu."
GEN 6:18,"But I will establish my covenant with you. You shall come into the ship, you, your sons, your wife, and your sons' wives with you.","Te ngaa Ja'a pa'èki lii pajaji dènge èu. Èèna na, èu maso d'ara kapa èèna, mèti dènge dhèu èmu èu, ana-ana èu, dènge dhèu èmu ana-ana èu.","Te ngaa Ja'a pa'èki lii pajaji dènge èu, sèmi ne'e ka, Ja'a neo pa'èki lii pajaji dènge èu. Èu dènge ana-èpu èu, dhèu èmu-kamali èu, dènge dhèu èmu ana-èpu èu, bisa maso asa d'ara kapa ne."
GEN 6:19-20,"Of every living thing of all flesh, you shall bring two of every sort into the ship, to keep them alive with you. They shall be male and female. Of the birds after their kind, of the livestock after their kind, of every creeping thing of the ground after its kind, two of every sort will come to you, to keep them alive.","Badha aa'i-aa'i ra, èu hag'e more ca pasa-ca pasa, eo mèti asa d'ara kapa, ho ra abhu mamuri dènge èu kahèi. Sèmi, badha ani, manu-bhui, dènge badha dhu rod'o, sèna ka ra abhu mamuri.","Nèti dhèu aa'i-aa'i dhu mamuri ètu dedha kapa ne, èu hud'i nèti dua rupa, sèna ka hia mamuri mi dedha kapa ne. Nuka sèmi, manu-bhui, badha-manu, dènge rupa-rupa badha. De èu hud'i nèti dua rupa, sèna ka hia mamuri mi dedha kapa ne, sèna ka hia mamuri mi dhèu aa'i-aa'i ra."
GEN 6:21,"Take with you some of all food that is eaten, and gather it to yourself, and it will be for food for you, and for them.","Èu hud'i mèti dènge nganga'a-nganginu, pala miu dènge pala badha sèra hèi.","De èu hud'i more ku nganga'a dhu rèngu ra'a, sèna ka j'aj'i mi nganga'a èu, aa hia mi rèngu kahèi."
GEN 6:22,Thus Noah did. He did all that God commanded him.,Ka Noh sab'e madhutu sèmi lii paredha Ama Lamatua aa'i-aa'i sèra.,Hèia Noh tao madhutu aa'i lii paredha Lamatua.
GEN 7:1,"The LORD said to Noah, Come with all of your household into the ship, for I have seen your righteousness before me in this generation.","Èle èèna ka, LAMATUA peka dènge Noh, Ja'a ladhe le palème, te ngaa abhu dhoka èu di dhu d'ara mola. Nèti èèna ka, èu dènge bhèni-ana niki èu, lami ka asa d'ara kapa.","Èle èèna ka, Lamatua peka dènge Noh, aku Nèngu na, Èu dènge isi èmu èu aa'i-aa'i mi lami asa d'ara kapa ne. Te ètu talora aae miu se, Ja'a ladhe kèdhi le miu, dhèu dhu d'ara mola taruu."
GEN 7:2-3,"You shall take seven pairs of every clean animal with you, the male and his female. Of the animals that are not clean, take two, the male and his female. Also of the birds of the sky, seven and seven, male and female, to keep seed alive on the surface of all the earth.","Mèti dènge badha-badha dhu bisa mi'a, aa bisa hia Ja'a kahèi, de mèti pidhu-pidhu pasa asa d'ara kapa. Mèti kahèi rupa-rupa manu-bhui pidhu-pidhu pasa. Te ngaa badha dhu leo, mèti dhoka ca pasa-ca pasa di. Sèna ka badha dènge manu-bhui se, j'aj'i hini, ho baku ma'ète.","De nèti badha aa'i-aa'i dhu mamuri mola-mèci, èu hud'i nare ku pidhu pa'èci, sèna ka hia mamuri mi dhèu aa'i-aa'i ètu rai-haha. Nuka sèmi, badha mone dènge bhèni. Nèti badha aa'i-aa'i dhu mamuri mola-mèci, èu hud'i nare ku dua pa'èci, badha mone dènge bhèni. Aa nèti manu-bhui kahèi, hud'i nare ku pidhu pa'èci, sèna ka hia mamuri mi dhèu aa'i-aa'i ètu rai-haha."
GEN 7:4,"In seven days, I will cause it to rain on the earth for forty days and forty nights. I will destroy every living thing that I have made from the surface of the ground.","Sanèd'e paie-iie, oo! Di pidhu lod'o ka, Ja'a papuru èj'i aae mai dhu bhoka boe ca lod'o sa, toke d'ai èpa nguru lod'o mèu-mèda. Dènge sèmi ne'e, Ja'a pamadhe aa'i ngaa-ngaa dhu mamuri ètu dedha-rai, dhu Ja'a paj'aj'i kore le.","Èle pidhu lod'o ka, Ja'a papuru èj'i ètu rai-haha, èpa nguru lod'o mèu-mèda. Èèna na, Ja'a palaho aa'i mèu-mèu aa'i-aa'i dhu Ja'a paj'aj'i ètu rai-haha ne."
GEN 7:5,Noah did everything that the LORD commanded him.,Ka Noh tao aa'i sèmi lii paredha LAMATUA.,Hèia Noh tao madhutu aa'i lii paredha nèti Lamatua.
GEN 7:6,Noah was six hundred years old when the flood of waters came on the earth.,"Lod'o èi aae lala, umur Noh èna ngasu tèu.","Lod'o èi aae lala ètu rai-haha ne, umur Noh d'ai èna ngasu tèu."
GEN 7:7,"Noah went into the ship with his sons, his wife, and his sons' wives, because of the floodwaters.","Noh dènge dhèu èmu na, dènge ana niki na, aa dènge dhèu èmu ana ra di, lasi asa d'ara kapa, ho ra abhu mamuri.","Ropa èi aae lala, ka Noh dènge ana-ana na, dhèu èmu-kamali na, dènge dhèu èmu-kamali na maso lasi asa d'ara kapa."
GEN 7:8-9,"Clean animals, unclean animals, birds, and everything that creeps on the ground went by pairs to Noah into the ship, male and female, as God commanded Noah.","Madhutu lii paredha LAMATUA, ka Noh pamaso manu-bhui dènge badha leo sèra, èci-èci ka dènge pasa na, nèti dhu bisa ra'a, dènge dhu bisa boe ra'a.","Ètu d'ara kapa ne, abhu rupa-rupa badha, nuka badha dhu mola-mèci, badha dhu karehe, manu-bhui, dènge i'a aa'i-aa'i dhu rod'o ètu rai-haha. Rèngu aa'i-aa'i ra maso palere-lere dènge Noh asa d'ara kapa ne. Èci èèna ka, dhèu mone dènge dhèu bhèni. Se'e se aa'i-aa'i ra j'aj'i madhutu paredha Ama Lamatua mi Noh."
GEN 7:10,"After the seven days, the floodwaters came on the earth.","Ropa èle pidhu lod'o, cag'ag'a laa èi aae lala, ka rai-haha ne, mulai cène.",Hèia èi aae lala maso asa rai-haha toke d'ai pidhu lod'o.
GEN 7:11,"In the six hundredth year of Noah's life, in the second month, on the seventeenth day of the month, on that day all the fountains of the great deep burst open, and the sky's windows opened.","Lèke dènge umur Noh èna ngasu tèu, risi dua hèru, canguru pidhu lod'o, ka mulai èi aae lala. Lod'o èèna, sèmi babèdho liru dhu bhoke eele sa, ka èi na tao sabhori mai. Aa èi madha-èi madha ètu rai-haha sabhoka, ka sèmi tao sabhuu sa dedha.","Lod'o Noh mamuri era, d'ai èna ngasu tèu, d'ai hèru ka dua, lèke dènge lod'o ka èpa nguru lod'o èèna, madha èi aa'i-aa'i ètu d'ara marèma bhoke eele. Aa babèdho ètu dedha-liru bhoke eele kahèi."
GEN 7:12,It rained on the earth forty days and forty nights.,Ka èj'i bhori mai loe boe èpa nguru lod'o mèu-mèda.,Hèia èj'i aae mai èpa nguru lod'o mèu-mèda.
GEN 7:13,"In the same day Noah, and Shem, Ham, and Japheth-the sons of Noah-and Noah's wife and the three wives of his sons with them, entered into the ship-","Te ngaa lod'o èèna, Noh dènge dhèu èmu na, dènge ana mone na dhèu tèlu, Sem, Yafet dènge Ham, dènge dhèu èmu ra, maso lasi asa d'ara kapa.","Lod'o èèna kahèi, Noh, Sem, Ham dènge Yafet, ana-èpu nèti Noh, dènge dhèu èmu na, aa dènge dhèu èmu ana-èpu na, aa'i-aa'i ra lasi asa d'ara kapa èèna."
GEN 7:14,"they, and every animal after its kind, all the livestock after their kind, every creeping thing that creeps on the earth after its kind, and every bird after its kind, every bird of every sort.","Lasi palere dènge badha aa'i-aa'i ra, sèmi, badha ani, badha hui, badha dhu rod'o, manu-bhui, dènge badha-badha leo dhu dènge èla sèra.","Rèngu rèdhi kahèi rupa-rupa badha, badha hui, badha rod'o-kakara, dènge rupa-rupa manu-bhui."
GEN 7:15-16,"Pairs from all flesh with the breath of life in them went into the ship to Noah. Those who went in, went in male and female of all flesh, as God commanded him, then the LORD shut him in.","Ca pasa-ca pasa nèti aa'i-aa'i dhu mamuri, lasi asa d'ara kapa palere dènge Noh, madhutu sèmi lii paredha Ama Lamatua. Ropa aa'i-aa'i ra d'ai d'ara kapa, LAMATUA bèdho babèdho kapa èèna.","Hèia Noh la'e asa d'ara kapa ne, dènge dhèu èmu-kamali na, dhèu mone dènge dhèu bhèni. Rèngu aa'i-aa'i ra mamuri ètu d'ara èmu èèna, èci èèna ka dènge Noh. Se'e se j'aj'i madhutu lii paredha Ama Lamatua. Ka Lamatua bhoke eele babèdho ètu d'ara kapa ne."
GEN 7:17-19,"The flood was forty days on the earth. The waters increased, and lifted up the ship, and it was lifted up above the earth. The waters rose, and increased greatly on the earth, and the ship floated on the surface of the waters. The waters rose very high on the earth. All the high mountains that were under the whole sky were covered.",Èj'i aae puru ma'ète boe d'ai èpa nguru lod'o. Hèia kapa èèna taleb'o. Èi ca'e loe boe toke hutu nare kolo ledhe dhu dedha aae.,"Èi aae lala maso asa rai-haha d'ai èpa nguru lod'o. Nèbhu boe ka, èi aae lala, ka kapa ne gaged'o titu kèna. Hèia èi aae lala, toke kapa ne gaged'o titu kèna ètu dedha-liru toke pènu dènge ledhe-ledhe dhu dedha aae."
GEN 7:20,"The waters rose fifteen cubits higher, and the mountains were covered.","Èi ca'e taruu, ka marèma na seli èpa rèpa risi nèti kolo ledhe sèra.","Èi se dhu dedha titu kèna, canguru lèmi meter. Hèia ledhe-ledhe aa'i-aa'i dhu ètu dedha-liru sèra, bèdho aa'i mèu-mèu."
GEN 7:21-23,"All flesh died that moved on the earth, including birds, livestock, animals, every creeping thing that creeps on the earth, and every man. All on the dry land, in whose nostrils was the breath of the spirit of life, died. Every living thing was destroyed that was on the surface of the ground, including man, livestock, creeping things, and birds of the sky. They were destroyed from the earth. Only Noah was left, and those who were with him in the ship.","Dènge j'ara èèna, ngaa-ngaa dhu mamuri ètu dedha-rai sèra, madhe aa'i mèu-mèu. Nuka, dhèu, badha ani, badha hui, badha dhu rod'o, dènge manu-bhui aa'i-aa'i ra. Ate dhoka Noh dènge aa'i-aa'i dhu ètu dedha kapa.","Hèia dhèu aa'i-aa'i dhu pea ètu rai-haha, madhe aa'i mèu-mèu. Rèngu aa'i-aa'i ra madhe. Nuka sèmi manu-bhui, badha-bhui, badha-manu, dènge dhèu rai-haha aa'i-aa'i. Masi ka dhèu aa'i-aa'i dhu pea ètu rai-haha, madhe aa'i mèu-mèu kahèi. Te ngaa dhoka Noh di dhu mamuri era, dènge dhèu aa'i-aa'i dhu ètu d'ara kapa èèna. Badha aa'i-aa'i dhu mamuri ètu rai-haha, madhe aa'i mèu-mèu kahèi."
GEN 7:24,The waters flooded the earth one hundred fifty days.,"Èi na, kura boe toke ca ngasu lèmi nguru lod'o.","Èi aae lala aa'i mèu-mèu ètu rai-haha ne, d'ai cangasu lèmi nguru lod'o."
GEN 8:1,"God remembered Noah, all the animals, and all the livestock that were with him in the ship, and God made a wind to pass over the earth. The waters subsided.","Masi ka sèmi èèna, Ama Lamatua bhèlu boe Noh si dènge badha-manu aa'i-aa'i dhu ètu dedha kapa. Hèia Na hia ngèlu g'oro, ka èi na kura ka noo-noo.","Hèia Ama Lamatua sanèd'e kahèi Noh. Nèngu dènge badha aa'i-aa'i dhu kako palere-lere dènge ne ètu d'ara kapa ne. Ka Lamatua hia ngèlu la'e asa rai-haha, toke èi mau dènge."
GEN 8:2,"The deep's fountains and the sky's windows were also stopped, and the rain from the sky was restrained.","Na katange èi madha aa'i-aa'i ètu rai-haha ne, aa Na taha èj'i kahèi.","Hèia madha èj'i aae bèdho kahèi, aa babèdho èj'i ètu dedha-liru mau-mau. Ka èj'i mai heka."
GEN 8:3,The waters continually receded from the earth. After the end of one hundred fifty days the waters receded.,"Ka èi kura noo-noo ka. D'ai cangasu lèmi nguru lod'o, èi marèma heka.",Hèia èi aae lalau-lalo'o rai-haha toke èle cangasu lèmi nguru lod'o.
GEN 8:4,"The ship rested in the seventh month, on the seventeenth day of the month, on Ararat's mountains.","Lèke dènge hèru ka pidhu, risi canguru pidhu lod'o, kapa eta ètu kolo ledhe aae èci, ngara na Ararat.","Hèia d'ai hèru ka pidhu, lèke dènge lod'o ka èpa nguru lod'o èèna, kapa ne mate ètu ledhe-ledhe ètu ledhe Ararat."
GEN 8:5,"The waters receded continually until the tenth month. In the tenth month, on the first day of the month, the tops of the mountains were visible.","Èi kura taruu toke lod'o ka èci, hèru ka canguru, ka kolo-kolo ledhe cèu noo-noo.","Hèia èi mau-mau puru nèti d'ara dhasi toke d'ai hèru canguru hèru. D'ai hèru canguru hèru, lèke dènge lod'o partama, hèia pèri-pèri kolo ledhe bisa ladhe rèdhi."
GEN 8:6,"At the end of forty days, Noah opened the window of the ship which he had made,","Risi nèti èpa nguru lod'o, hèia Noh bhoke jendela èci.","Ètu d'ara èpa nguru lod'o, Noh bhoke eele jendela nèti dedha kapa dhu na tao."
GEN 8:7,"and he sent out a raven. It went back and forth, until the waters were dried up from the earth.","Ka na patalale lakaa ci'u. Manu-bhui ne lela la'e-mai, toke èi puru. Ka na lèpa heka asa kapa.","Èle èèna ka, Ama Lamatua pua dhèu aae ci'u mai nèti dedha rai. Hèia dhèu aae ci'u ne kako taruu, toke èi aa'i-aa'i ètu rai-haha ne mango-meto."
GEN 8:8,"He himself sent out a dove to see if the waters were abated from the surface of the ground,","Hèia Noh patabuli hari, koro j'aha ci'u, sèna ka neo ne'a èi na puru le, do dhae.","Hèia Yesus pua mai koro j'aha èci, ho neo ne'a èi ne ele le, do aad'o."
GEN 8:9,"but the dove found no place to rest her foot, and she returned into the ship to him, for the waters were on the surface of the whole earth. He put out his hand, and took her, and brought her to him into the ship.","Te ngaa, lula èi hutu nare dedha-rai era, ka koro ne abhu boe era tèka. Ka lèpa hari asa kapa. Hèia Noh j'ole ai na, kèpe nare, ka na pamaso hari asa d'ara kapa.","Te ngaa koro j'aha ne abhu boe era ho na mau-mau. Nèti èèna ka, na lèpa hari asa dedha kapa, sèna ka paraga dènge Yesus. Te ngaa Yesus j'ole kacui-aai Na, ka ded'e ka koro j'aha ne asa dedha kapa."
GEN 8:10,"He waited yet another seven days, and again he sent the dove out of the ship.","Ka Noh tatae hari d'ai pidhu lod'o, hèia na patabuli hari koro j'aha deo na.","Èle èèna ka, Paulus mate pidhu lod'o hari. Èle èèna ka, na pua hari manu-bhui èèna kalua hari nèti dedha kapa."
GEN 8:11,"The dove came back to him at evening and, behold, in her mouth was a freshly plucked olive leaf. So Noah knew that the waters were abated from the earth.","D'ara lod'o nihia sa, koro ne lèpa hari la'e asa Noh, tutu nèti dènge rèu saitun ca rèu dhu heka tutu nare kèna. Nèti èèna ka, Noh heka ne'a kèna, èi na dhu puru le tare'a di.","Te ngaa ropa lod'o oe cèna, koro j'aha ne lèpa hari la'e paraga dènge Yohanis. Cag'ag'a laa, na ladhe nèdhi rèu saitun dhu pare eele nèti d'ara hèb'a na. Hèia Noh ne'a, na, èi heka ètu rai-haha."
GEN 8:12,"He waited yet another seven days, and sent out the dove, and she didn't return to him any more.","Ka na mate hari d'ai pidhu lod'o, hèia na patalale hari koro j'aha ca hari ni. Te ngaa ca tèka ne, koro ne lèpa heka.","Èle èèna ka, Yusuf mate pidhu lod'o hari. Èle èèna ka, na pua ia ka koro j'aha ne lèpa. Kabèdhi laa, koro ne lèpa heka asa d'ara èmu na."
GEN 8:13,"In the six hundred first year, in the first month, the first day of the month, the waters were dried up from the earth. Noah removed the covering of the ship, and looked. He saw that the surface of the ground was dry.","Lod'o Noh mamuri d'ai èna ngasu ca tèu, lèke lod'o ka èci hèru èci, èi mèti aa'i le. Hèia Noh bhoke jendela, ka na ladhe palème, nèdhi rai dhu mango le.","Èle èèna ka, d'ai èna ngasu èci tèu, hèia d'ai hèru partama, lèke dènge lod'o partama nèti hèru èèna, Noh ige eele le bèla aae nèti dedha kapa ne. Noh ladhe nèdhi, na, rai dhu mango le."
GEN 8:14,"In the second month, on the twenty-seventh day of the month, the earth was dry.","D'ai hèru ka dua, lod'o ka dua nguru pidhu, dedha-rai ne dhu mango meto le.","Hèia d'ai hèru ka dua, lèmi lod'o ka dua nguru pidhu hèru, rai-haha mango-meto le."
GEN 8:15,"God spoke to Noah, saying,","Ka Ama Lamatua peka dènge Noh,","Èle èèna ka, Ama Lamatua peka dènge Noh, aku Nèngu na,"
GEN 8:16,"Go out of the ship, you, your wife, your sons, and your sons' wives with you.",Noh! Aa'i-aa'i mi puru ka nèti dedha kapa èèna.,"Ka Yesus tuhu hari lii padhai Na, aku Nèngu na, Èu dènge dhèu èmu èu, ana-èpu èu, dènge dhèu èmu ana-èpu èu, kalua nèti dedha kapa ne."
GEN 8:17,"Bring out with you every living thing that is with you of all flesh, including birds, livestock, and every creeping thing that creeps on the earth, that they may breed abundantly in the earth, and be fruitful, and multiply on the earth.","Papuru aa'i badha-manu sèra! Nuka, badha ani, badha hui, badha dhu rod'o, dènge manu-bhui aa'i-aa'i ra. Hud'i si, sèna ka ra bèba, papènu rai-haha ne.","De miu hud'i babège-lalèta ku rupa-rupa badha, nuka sèmi manu-bhui, badha hui, dènge rupa-rupa badha rod'o dhu rai ètu rai-haha. Dènge j'ara ne, rèngu bisa nara iisi ae-ae ètu rai-haha ne."
GEN 8:18-19,"Noah went out, with his sons, his wife, and his sons' wives with him. Every animal, every creeping thing, and every bird, whatever moves on the earth, after their families, went out of the ship.","Èle èèna ka, Noh dènge dhèu èmu na, dènge ana-ana na, aa dènge dhèu èmu ana na sèra, aa'i-aa'i ra puru nèti dedha kapa èèna. Badha se, aa'i-aa'i ra, kalua ka madhutu anga ra èci-èci.","Hèia Noh dènge ana niki na, dhèu èmu-kamali na, dènge dhèu èmu-kamali na, kalua nèti d'ara kapa ne. Rèngu aa'i-aa'i ra kalua nèti dedha kapa ne. Badha aa'i-aa'i, nuka badha rod'o-kakara, dènge rupa-rupa manu-bhui. Rèngu aa'i-aa'i ra kalua nèti d'ara kapa ne."
GEN 8:20,"Noah built an altar to the LORD, and took of every clean animal, and of every clean bird, and offered burnt offerings on the altar.","Hèia Noh pudhi hadhu, tao mei korban hia LAMATUA. Nèti badha-badha dhu bisa ra'a sèra, Noh nare ci'u-ci'u, ka na roro, tunu ètu dedha mei deo na, ho j'aj'i mi tadha makasi mi LAMATUA.","Èle èèna ka, Noh patitu era sogo-tagu èci hia Ama Lamatua. Ètu era ne'e, na nèti badha aa'i-aa'i dhu d'ara mola, aa nèti manu-bhui aa'i-aa'i dhu d'ara mola. Ka na tao korban asa Lamatua."
GEN 8:21,"The LORD smelled the pleasant aroma. The LORD said in his heart, I will not again curse the ground any more for man's sake because the imagination of man's heart is evil from his youth. I will never again strike every living thing, as I have done.","Ropa LAMATUA sangèd'u nare hèu gèmu korban deo na, d'ara Na karej'e. Ka Na ngee na, Nèti deo ne'e ne, Ja'a huku heka rai-haha ne, lula bhabhelu-katub'a dhèu. Masi ka rèngu dhoka ngee bhabhelu di, Ja'a pa'ele iie heka ngaa-ngaa dhu mamuri, sèmi dhu Ja'a heka tao kore èèna.","Hèia Lamatua sèmi nare hèu mèngi ne, ka na pangee ètu d'ara na, Ja'a huku heka rai, lula tatao dhèu rai-haha ne, bhelu-katub'a karèi nèti ana iiki ka mai. Nèti èèna ka, Ja'a huku heka aa'i-aa'i dhu mamuri ètu rai-haha ne, sama sèmi Ja'a huku dhèu rai-haha ne."
GEN 8:22,"While the earth remains, seed time and harvest, and cold and heat, and summer and winter, and day and night will not cease.","Lod'o rai-haha ne era, hèru dènge tèu, kako madhutu atora. Sèmi, hèru sèla dènge hèru puu-g'ètu, hèru pacuhi dènge hèru sagoro, hèru hadhu dènge hèru èj'i lai, mèu dènge mèda.","Ladhe rai-haha mamuri era, abhu lod'o sèle hini, hèru puu-g'ètu, hèru pacuhi, hèru pacuhi, dènge hèru pacuhi. Mèu-mèda abhu kahèi lod'o puu-g'ètu."
GEN 9:1,"God blessed Noah and his sons, and said to them, Be fruitful, multiply, and replenish the earth.","Hèia Ama Lamatua pala-bagi berkat mi Noh dènge ana-ana na, peka na, Miu matana pa'ae-ae, sèna ka papènu rai-haha ne.","Èle èèna ka, Ama Lamatua hia mèngi-nale mi Noh dènge ana-èpu na. Ka Na paredha si, peka na, Miu hud'i ana-èpu ae-ae, ho paj'aj'i rai-haha."
GEN 9:2,"The fear of you and the dread of you will be on every animal of the earth, and on every bird of the sky. Everything that moves along the ground, and all the fish of the sea, are delivered into your hand.","Ladhe èèna na, badha hui, manu-bhui dènge i'a aa'i-aa'i ra madha'u dènge miu. Miu ka dhu ator si.","Bèli-camèd'a badha aa'i-aa'i ètu rai-haha, dènge manu-bhui aa'i-aa'i ètu dedha-liru, madha'u dènge madha'u, lula tatao miu. Bèli-camèd'a Lamatua pangèd'u mi miu i'a aa'i-aa'i dhu kako re sebhe rai, dènge i'a aa'i-aa'i ètu d'ara dhasi."
GEN 9:3,"Every moving thing that lives will be food for you. As I gave you the green herb, I have given everything to you.","Sisi badha aa'i-aa'i, miu bisa mi'a, sèmi dhu mi'a hua-hela, dènge rèu ana aaj'u se. Aa'i-aa'i se, Ja'a hia miu.","Badha aa'i-aa'i dhu mamuri ètu rai-haha, bisa j'aj'i nganga'a miu. Ja'a pangèd'u miu j'u'u aa'i-aa'i, sèna ka miu mi'a."
GEN 9:4,"But flesh with its life, that is, its blood, you shall not eat.","Dhoka sisi dhu dènge raa era, miu madha mèu mi'a, lula samanga badha ètu raa na.","Te ngaa sisi dhu tare'a-re'a madhe, bisa boe mi'a."
GEN 9:5-6,"I will surely require accounting for your life's blood. At the hand of every animal I will require it. At the hand of man, even at the hand of every man's brother, I will require the life of man. Whoever sheds man's blood, his blood will be shed by man, for God made man in his own image.","Ja'a paj'aj'i dhèu madhutu raropa Ja'a. Nèti èèna ka, baku pamadhe dhèu. Ladhe abhu dhèu, do badha, dhu pamadhe dhèu, na, pamadhe ne kahèi. Ne'e, lii paredha nèti Ja'a.","Bèli-camèd'a Ja'a huku dhèu rai-haha. Te bèli-camèd'a Ja'a huku badha aa'i-aa'i dhu ra pamadhe si. Bèli-camèd'a Ja'a huku dhèu rai-haha, lula Ama Lamatua paj'aj'i dhèu rai-haha madhutu rupa Na. De ladhe abhu dhèu dhu pamadhe dhèu rai-haha, bèli-camèd'a dhèu rai-haha ka dhu pamadhe ne. Te Ama Lamatua paj'aj'i dhèu rai-haha, madhutu rupa Na. Nèti èèna ka, nèngu hud'i huku dhèu rai-haha kahèi."
GEN 9:7,"Be fruitful and multiply. Increase abundantly in the earth, and multiply in it.","Miu se hud'i matana pa'ae-ae ku, sèna ka papènu hari rai-haha ne.","Hèia Yesus tuhu hari lii padhai Na, aku Nèngu na, Miu hud'i rara iisi, sèna ka asa tabha ae-ae ètu rai-haha ne."
GEN 9:8,"God spoke to Noah and to his sons with him, saying,","Ka Ama Lamatua tuhu hari lii padhai lii Na,","Èle èèna ka, Ama Lamatua peka dènge Noh dènge ana-èpu na, aku Nèngu na,"
GEN 9:9,"As for me, behold, I establish my covenant with you, and with your offspring after you,","De ne'e ne, Ja'a pajaji dènge miu, toke d'ai lai ana lai èpu.","Nèti èèna ka, Ja'a pa'èki lii pajaji dènge èu, dènge ana-èpu èu aa'i-aa'i ra."
GEN 9:10,"and with every living creature that is with you, the birds, the livestock, and every animal of the earth with you, of all that go out of the ship, even every animal of the earth.","Lii pajaji ne, lèke kahèi mi aa'i-aa'i dhu mamuri, sèmi, badha ani, badha hui, dènge manu-bhui. Peka ka laa, lèke aa'i-aa'i dhu kalua palere-lere dènge miu nèti dedha kapa.","Ja'a hia kahèi mèdha-panyau aa'i-aa'i dhu ètu rai-haha, nuka manu-bhui, badha hui, dènge badha aa'i-aa'i dhu ètu rai-haha. Ja'a hia kahèi mèdha-panyau dhu kalua nèti dedha kapa ne."
GEN 9:11,"I will establish my covenant with you, All flesh will not be cut off any more by the waters of the flood. There will never again be a flood to destroy the earth.","Lii pajaji Ja'a sèmi ne'e, Ja'a hia heka èi aae lala, ho pamadhe aa'i ngaa-ngaa dhu mamuri, aa dènge pa'ele iie rai-haha ne.","Hèia Ja'a pa'èki lii pajaji dènge miu, peka na, Bèli-camèd'a èi aae lala, pa'ele iie heka dhèu rai-haha."
GEN 9:12-13,"God said, This is the token of the covenant which I make between me and you and every living creature that is with you, for perpetual generations, I set my rainbow in the cloud, and it will be a sign of a covenant between me and the earth.","Ja'a pasa saroo ètu dedha-liru, sèna ka j'aj'i tadha pasanèd'e lii pajaji Ja'a dhu ma'ète boe dènge miu, dènge aa'i-aa'i dhu mamuri, aa dènge rai-haha ne.","Hèia Ama Lamatua peka, na, Se'e se j'aj'i mi tadha, peka na, Ja'a pa'èki lii padhadha dènge èu, aa dènge badha aa'i-aa'i dhu mamuri palere-lere dènge èu. Se'e se j'aj'i tadha, peka na, Ja'a pa'èki lii padhadha dènge èu, toke d'ai mia-mia la'e. Pe Ja'a tao saroo Ja'a ètu d'ara ra'i-liru, sèna ka j'aj'i tadha, na, Ja'a pa'èki lii padhadha dènge rai-haha ne."
GEN 9:14-17,"When I bring a cloud over the earth, that the rainbow will be seen in the cloud, I will remember my covenant, which is between me and you and every living creature of all flesh, and the waters will no more become a flood to destroy all flesh. The rainbow will be in the cloud. I will look at it, that I may remember the everlasting covenant between God and every living creature of all flesh that is on the earth. God said to Noah, This is the token of the covenant which I have established between me and all flesh that is on the earth.","Ladhe abhu ra'i-liru, ho saroo cèu, èèna na pasanèd'e Ja'a nèti lii pajaji èèna. Na peka na, èi aae pa'ele iie heka aa'i-aa'i dhu mamuri. Dènge j'ara ne'e ne ka, lii pajaji Ja'a dhu ma'ète boe, pa'èki tèke le dènge miu, aa dènge aa'i-aa'i dhu mamuri.","Èle èèna ka, Lamatua peka dènge Noh, aku Nèngu na, Nanene paie-iie! Bèli-camèd'a, lod'o Ja'a hia ra'i-liru puru nèti dedha rai-haha ne, pe Ja'a sanèd'e lii pajaji dhu Ja'a pa'èki dènge èu, aa dènge dhèu aa'i-aa'i ètu rai-haha ne. Lod'o èèna, èi aae mai heka j'aj'i èi èi aae lala, ho palaho dhèu aa'i-aa'i ètu rai-haha ne. Ladhe Ja'a kèdhi ra'i-liru puru nèti dedha, pe Ja'a sanèd'e hari lii pajaji dhu Ja'a pa'èki dènge dhèu aa'i-aa'i ètu rai-haha ne, toke d'ai mia-mia la'e. Lamatua peka dènge Noh, aku Nèngu na, Nanene paie-iie! Ne'e ne, lii pajaji dhu Ja'a pa'èki dènge dhèu aa'i-aa'i ètu rai-haha ne, toke d'ai mia-mia la'e."
GEN 9:18,"The sons of Noah who went out from the ship were Shem, Ham, and Japheth. Ham is the father of Canaan.","Ana-ana Noh dhu puru nèti dedha kapa, Sem, Yafet dènge Ham Ham èèna, ama Kana'an.","Ana-èpu Noh dhu kalua nèti d'ara kapa èèna, nuka Sem, Hem dènge Yafet. Hem ne, ama nèti Kenan."
GEN 9:19,"These three were the sons of Noah, and from these the whole earth was populated.","Dhèu aa'i-aa'i ra ètu rai-haha ne, j'aj'i nèti ana Noh dhèu tèlu sèra.","Dhèu tèlu se, ana-èpu nèti Noh. Nèti rèngu se ka, dhèu ae-ae ètu rai-haha."
GEN 9:20,"Noah began to be a farmer, and planted a vineyard.","Noh èèna, dhèu sab'a oka-tedhe. Nèngu ka dhu uru j'ara tao oka anggor.","Lod'o èèna, Noh sab'a ètu d'ara oka anggor."
GEN 9:21,He drank of the wine and got drunk. He was uncovered within his tent.,"Ca tèka, na ninu èi anggor, ka na mahu titu kèna. Hèia na puru eele mèdha-papake nèti ua na. Ka na j'unu lega-loli dènge boe mèdha-papake ètu d'ara paleo na.","Ropa rinu nèti èi anggor ne, ka na mahu. Nèti èèna ka, na pea mau-mau ètu d'ara pajuu-paleha na."
GEN 9:22,"Ham, the father of Canaan, saw the nakedness of his father, and told his two brothers outside.","Ropa Ham ladhe nèdhi era makae ama na, ka rai li'u la'e, lolo dènge a'a na, Sem dènge Yafet.","Lod'o èèna, Ham, ama nèti Kana'an, ladhe nèdhi ama na dhu dènge boe mèdha-papake. Ka la'e peka dènge ari na dhèu dua sèra ètu li'u."
GEN 9:23,"Shem and Japheth took a garment, and laid it on both their shoulders, went in backwards, and covered the nakedness of their father. Their faces were backwards, and they didn't see their father's nakedness.","Hèia dua ra rare sig'i-kalolo ca bèla, ka ra bhoke mema ètu kabela-kao ra. Ka dua ra kako kabodho lasi asa d'ara paleo ama ra, sèna ka ra pahutu mi ngi'u na. Dènge sèmi èèna, rèdhi boe era makae ama ra. Èle èèna ka, ra kalua sa li'u.","Èle èèna ka, Sem dènge Yafet rare kodho madhera èci, ka ra èki ètu karasa ra. Hèia dua ra lasi asa d'ara kama ho pahutu ahu ra. Ka dua ra pahutu rèhu ra asa kabodho, te ngaa rèngu rèdhi boe ahu ra."
GEN 9:24,"Noah awoke from his wine, and knew what his youngest son had done to him.","Ropa Noh mase'a, na ne'a tatao nèti ana limuri na, Ham.","Èle èèna ka, Noh kèd'i nèti d'ara èi anggor na, ka na pangee, na, Noh ne, ana limuri na tao le ngaa mi nèngu!"
GEN 9:25,"He said, Canaan is cursed. He will be a servant of servants to his brothers.","Ka na peka, aku nèngu na, He! Ama Kana'an! Ja'a dhoo èu! Èu ne, èèna na j'aj'i ènu nèti a'a mu si!","Hèia Esau b'ala, peka na, Hud'i laa Lamatua hia mamadhe mi Kenan! Hud'i laa nèngu j'aj'i mi ènu nèti ana pua-paleha a'ari na."
GEN 9:26,"He said, Blessed be the LORD, the God of Shem. Let Canaan be his servant.","Koa-kio LAMATUA, lula Sem! Te ngaa Kana'an j'aj'i ènu Sem.","Hèia na koa-kio, peka na, Ji'i manèngi sèna ka Lamatua koa-kio kolongara Sem. Hud'i laa sèna ka Kenan j'aj'i ana pua-paleha na."
GEN 9:27,May God enlarge Japheth. Let him dwell in the tents of Shem. Let Canaan be his servant.,"Hud'i laa, Ama Lamatua pataleo rai unu Yafet. Aa ana-èpu na mamuri mera-milu dènge ana-èpu Sem. Te ngaa hud'i Kana'an j'aj'i ènu Yafet.","Ja'a manèngi sèna ka Ama Lamatua pad'elo d'ara hua iia Na mi Yafet. Hud'i laa sèna ka na pea ètu d'ara paleo Sem. Hud'i laa sèna ka Kenan j'aj'i ana pua-paleha na, ho j'aj'i ana pua-paleha na."
GEN 9:28,Noah lived three hundred fifty years after the flood.,"Nèti èle èi aae lala, Noh mamuri era d'ai tèlu ngasu lèmi nguru tèu.","Ropa èi aae lala aa'i, Noh mamuri toke d'ai tèlu ngasu lèmi nguru tèu."
GEN 9:29,"All the days of Noah were nine hundred fifty years, and then he died.","Umur Noh d'ai ceo ngasu lèmi nguru tèu, heka madhe kèna.","Nèti èèna ka, Noh mamuri toke d'ai tèlu ngasu lèmi nguru tèu. Hèia na madhe."
GEN 10:1,"Now this is the history of the generations of the sons of Noah and of Shem, Ham, and Japheth. Sons were born to them after the flood.","Èle èi aae, ka ana-ana Noh abhu ana-èpu. Nuka ana-èpu nèti Sem, Yafet, dènge Ham.","Ne'e ne, sasuri nèti uru ka mai, nèti ana-èpu Noh, Sem, Ham dènge Yafet. Ropa èi aae lala aa'i mèu-mèu, abhu ana-èpu."
GEN 10:2-5,"The sons of Japheth were, Gomer, Magog, Madai, Javan, Tubal, Meshech, and Tiras. The sons of Gomer were, Ashkenaz, Riphath, and Togarmah. The sons of Javan were, Elishah, Tarshish, Kittim, and Dodanim. Of these were the islands of the nations divided in their lands, everyone after his language, after their families, in their nations.","Ana-èpu Yafet, nuka, Gomer, Magog, Madai, Yawan, Tubal, Mesek dènge Tiras. Èci-èci ka dènge lii, suku, aa dènge rai ra. Ana-èpu Gomer, ka, Askenas, Rifat dènge Togarma. Ana-èpu Yawan, ka, Elisa, Tarsis, dhèu Kitim, dènge dhèu Dodanim dhu pea ètu sebhe dhasi.","Ana-èpu Yafat, nuka, Gomora, Magog, Media, Yavan, Tubal, Mesek, dènge Tiras. Yavan, ana-èpu Na, nuka, Askenaz, Rifat, dènge Togarma. Aa Yavan, ana-èpu Na, nuka, Elisa, Tarsis, Kitim, dènge Dodanim. Rèngu se'e ka dhu j'aj'i rae-rae nèti rai-rai ètu rai-rai ètu rai-haha. Ca dhèu-dhèu nèti suku-suku ètu rai-haha ne, pake lii ra, aa dènge kabarai ra."
GEN 10:6,"The sons of Ham were, Cush, Mizraim, Put, and Canaan.","Ana-èpu Ham, ka, Kus, Misraim, Put, dènge Kana'an.","Ham, ana-èpu na, Kus, Misraim, Put, dènge Kenan."
GEN 10:7,"The sons of Cush were, Seba, Havilah, Sabtah, Raamah, and Sabteca. The sons of Raamah were, Sheba and Dedan.","Ana-èpu Kus, ka, Seba, Hawila, Sabta, Raema dènge Sabteka. Ana-èpu Raema, ka, Syeba dènge Dedan.","Cush, ana-èpu na, Seba, Havila, Sabata, Rama, dènge Sabteca. Rama, ana-èpu na, Seba dènge Dadan."
GEN 10:8,Cush became the father of Nimrod. He began to be a mighty one in the earth.,"Ana mone Kus, ka, Nimrod. Nèngu ne, kapala musu dhu uru tèka, aa èra.",Kusa matana Nimrod. Nimrod ne j'aj'i dhèu kapai aae ètu rai-haha ne.
GEN 10:9,"He was a mighty hunter before the LORD. Therefore it is said, like Nimrod, a mighty hunter before the LORD.","A'èra na mai nèti LAMATUA, aa nèngu kahèi j'aj'i dhèu dhu èra bia magèla badha. Nèti èèna ka, dhèu biasa peka na, Sèna ka èu more dhèu dhu èra bia magèla badha, sèmi Nimrod, dhu abhu a'èra nèti LAMATUA.","Nèngu ne ca dhèu tuka j'aga dhu èra titu kèna. Nèti èèna ka, Sasuri Mola-Mèci Lamatua suri, peka na, Nèngu ne ca dhèu tuka j'aga dhu èra titu kèna, èci èèna ka dènge Nimrod."
GEN 10:10,"The beginning of his kingdom was Babel, Erech, Accad, and Calneh, in the land of Shinar.","Era na, mulai uru nèti rae Babel, Erek Akad, toke Kalne. Rae se aa'i-aa'i ra, ètu rai Sinear.","Dhèu aae Na mulai nèd'u paredha ètu rae-rae nèti kota Babel, kota Erek, kota Akad, dènge kota Kalne, ètu rai Sinar."
GEN 10:11,"Out of that land he went into Assyria, and built Nineveh, Rehoboth Ir, Calah,","Nèti era sèra, na nare hari Asyur. Ka na patitu kota Niniwe, Rehobot-Ir, Kala,","Nèti èèna, la'e asa Asuri. Ka ra patitu kota-kota ètu nèi, nuka, kota Niniwe, kota Rehobot, kota Ira, kota Sela,"
GEN 10:12,and Resen between Nineveh and the great city Calah.,"dènge Resen, ètu talora aae Niniwe dènge Kala. Aa'i-aa'i sèra, kota-kota kapai hua.","Nèti kota Niniwe d'ai kota kapai èci, ngara na Kalah."
GEN 10:13,"Mizraim became the father of Ludim, Anamim, Lehabim, Naphtuhim,","Ana-èpu Misraim, ka, dhèu Ludim, dhèu Ananim, dhèu Lehabim, dhèu Naftuhim,","Misraim matana Ludim, Anamim, Rehabim, Naftuhim,"
GEN 10:14,"Pathrusim, Casluhim which the Philistines descended from, and Caphtorim.","dhèu Patrusim, dhèu Kasluhim, dènge dhèu Kaftorim. Dhèu Kasluhim nuka bèi-baki nèti dhèu Pilistin.","Patrus, Kasluim dhu uru èèna j'aj'i mi kabarai dhèu Parisi, dènge Kaftorim."
GEN 10:15,"Canaan became the father of Sidon his firstborn, Heth,","Ana uuru Kana'an, nuka, Sidon. Kana'an j'aj'i bèi-baki nèti dhèu Het,","Kenan matana Sidon. Heth matana ana uuru èci, ngara na Sidon."
GEN 10:16,"the Jebusites, the Amorites, the Girgashites,","dhèu Yebusi, dhèu Amori, dhèu Girgasi,","dhèu Yebus, dhèu Amor, dhèu Gargas,"
GEN 10:17,"the Hivites, the Arkites, the Sinites,","dhèu Hiwi, dhèu Arki, dhèu Sini,","suku Hiwi, suku Arkit, suku Sin,"
GEN 10:18,"the Arvadites, the Zemarites, and the Hamathites. Afterward the families of the Canaanites were spread abroad.","dhèu Arwadi, dhèu Semari, dènge dhèu Hamati. Ana-èpu Kana'an se, pea palème d'ai era dhu kaj'èu,","suku Arvad, suku Semar, dènge suku Hamat. Èle èèna ka, dhèu-dhèu nèti suku Kana'an rai paj'ala ètu mia-mia."
GEN 10:19,"The border of the Canaanites was from Sidon-as you go toward Gerar-to Gaza-as you go toward Sodom, Gomorrah, Admah, and Zeboiim-to Lasha.","toke too rai rèngu mulai nèti Sidon taruu asa Gerar, d'ai Gasa. Nèti èèna, la'e d'ai Sodom, Gomora, Adma dènge Seboim, d'ai kota Lasa.","Taa èèna, rai Kana'an ne, kako nèti kota Sidon la'e asa kota Gerar, la'e asa rai Gasa, la'e asa kota Sodom, kota Gomora, kota Adma, dènge kota Seboim la'e asa kota Lasa."
GEN 10:20,"These are the sons of Ham, after their families, according to their languages, in their lands and their nations.","Rèngu aa'i-aa'i sèra, ana-èpu Ham. Èci-èci dènge lii, suku, aa dènge rai ra.","Se'e se ka, ana-èpu Ham. Rèngu aa'i-aa'i ra, mai nèti rai èci asa rai èci, madhutu kabarai ra, aa pake lii èci."
GEN 10:21,"Children were also born to Shem the elder brother of Japheth, the father of all the children of Eber.","Sem, a'a Yafet, nèngu ka j'aj'i bèi-baki dhèu Eber.","Abhu ana-èpu èci, ngara na Sem. Sem ne, ari uuru Yafet. Nèngu ne, ama nèti ana-èpu Eber aa'i-aa'i."
GEN 10:22,"The sons of Shem were, Elam, Asshur, Arpachshad, Lud, and Aram.","Ana-èpu Sem, ka, Elam, Asyur, Arpaksad, Lud dènge Aram.","Sem, ana-èpu nèti Elam, Asur, Arpaksad, Lod dènge Aram."
GEN 10:23,"The sons of Aram were, Uz, Hul, Gether, and Mash.","Ana-èpu Aram ka, dhèu Us, dhèu Hul, dhèu Geter, dènge dhèu Mas.","Arni, ana-èpu Na, nuka Us, Hul, Geter, dènge Masek."
GEN 10:24,Arpachshad became the father of Shelah. Shelah became the father of Eber.,"Ana Arpaksad ka, Sela. Ana Sela ka, Eber.",Arpaksad matana Sela. Sela matana Eber.
GEN 10:25,"To Eber were born two sons. The name of the one was Peleg, for in his days the earth was divided. His brother's name was Joktan.","Ana Eber, mone dhèu dua. Ana uuru, ngara na Pelek dhu sasoa na ‘palème era', lula taa èèna dhèu pea palème ètu rai-haha ne. Ngara ari na, Yoktan.","Nèti Eber, abhu ana mone dhèu dua. Dhèu èci, ngara na Pelek, lula nèngu ka dhu nèd'u paredha, lod'o èle rai-haha ne j'aj'i mi èci. A'a Eber, ngara na Joktan."
GEN 10:26,"Joktan became the father of Almodad, Sheleph, Hazarmaveth, Jerah,","Ana-èpu Yoktan, ka, Almodad, Selef, Hasar-Mawet, Yera,","Yoktan matana Almadad, Selaf, Hazarmavet, Yera,"
GEN 10:27,"Hadoram, Uzal, Diklah,","Hadoram, Usal, Dikla,","Hadoram, Uzal, Dikla,"
GEN 10:28,"Obal, Abimael, Sheba,","Obal, Abimael, Syeba,","Obal, Abimael, Sheba,"
GEN 10:29,"Ophir, Havilah, and Jobab. All these were the sons of Joktan.","Ofir, Hawila, dènge Yobab. Rèngu aa'i-aa'i se, ana-èpu Yoktan.","Ofir, Havila, dènge Yobab. Rèngu aa'i-aa'i ra, ana-èpu Yohanat."
GEN 10:30,"Their dwelling extended from Mesha, as you go toward Sephar, the mountain of the east.","Era pea rèngu, mulai nèti Mesa, taruu d'ai Sefar, nuka era dhu kabhuku re sebhe dhimu.","Ra paj'uj'u rai nèti Mesa asa ledhe Sefar, ètu sebhe dhimu."
GEN 10:31,"These are the sons of Shem, by their families, according to their languages, lands, and nations.","Rèngu aa'i-aa'i se, ana-èpu Sem. Èci-èci ka dènge lii, suku, aa dènge rai ra.","Se'e se, ana-èpu Sem. Rèngu aa'i-aa'i ra nèti suku Sem, madhutu lii rèngu, rai rèngu, dènge kabarai ra."
GEN 10:32,"These are the families of the sons of Noah, by their generations, according to their nations. The nations divided from these in the earth after the flood.","Aa'i-aa'i se, ana-èpu Noh, èci-èci ka dènge suku ra. Ropa èi aae lala èle, rèngu se'e ka pea papènu lème rai-haha ne.","Se'e se, nuka ana-èpu Noh. Se'e se j'aj'i nèti suku aa'i-aa'i nèti suku aa'i-aa'i ètu rai-haha ne, lod'o èle èi aae lala."
GEN 11:1,The whole earth was of one language and of one speech.,"Uru-uru tèka na, dhèu ètu rai-haha ne, dhoka lii èci di.","Lod'o èèna, dhèu aa'i-aa'i ètu rai-haha ne, padhai lii dhoka èci di."
GEN 11:2,"As they traveled east, they found a plain in the land of Shinar, and they lived there.","Lod'o rèngu cahag'e lasi asa ca bèka dhimu, ra d'ai era mera ètu Sinear, ka ra pea ètu èèna.","Èle èèna ka, rèngu kako taruu asa cabèka dhimu. D'ai nèi, ra paraga dènge rae èci, ètu sebhe dano ètu rai Shinar. Ka ra pea ètu èèna."
GEN 11:3-4,"They said to one another, Come, let's make bricks, and burn them thoroughly. They had brick for stone, and they used tar for mortar. They said, Come, let's build ourselves a city, and a tower whose top reaches to the sky, and let's make a name for ourselves, lest we be scattered abroad on the surface of the whole earth.","Rèngu aa'i-aa'i rare lii èci, aku rèngu na, A'ari, ee! Mai ta patitu kota kapai aae cue. Ti tao hadhu bata, ti tunu pa'adhu. Èèna na, èdhi pudhi sa dedha, ho ti tape dènge èi dama. Ho èèna na, ti patitu manara dedha aae èci, dhu kolo nèngu na d'ai dedha-liru, sèna ka èdhi abhu kolongara kapai. Ho sèna ka èdhi j'aj'i ca kabarai aae, dhu pahag'a ia ka.","Ka ra papeka èci dènge èci, aku rèngu na, Mai ti tao aj'u, sèna ka tunu pakèpu aa'i mèu-mèu. Te rèngu pake hadhu, sèna ka tao aj'u padhèdi. Aa rèngu pake aj'u padhèdi kahèi, sèna ka tao gud'a. Èle èèna ka, ra papeka isi-aanga ra, aku rèngu na, Mai ti patitu kota cue, dènge èmu dhu dedha toke dedha-liru. Te ladhe èdhi tao sèmi èèna, tatu dhèu aa'i-aa'i tadhe, na, èdhi j'aj'i dhèu kapai, lula èdhi j'aj'i boe dhèu rai-haha."
GEN 11:5,"The LORD came down to see the city and the tower, which the children of men built.",Hèia LAMATUA puru mai laladhe kota dènge manara dhu ra patitu èèna.,"Èle èèna ka, Lamatua puru mai ho neo ne'a kota ne dènge èmu dhu dhèu rai-haha tao."
GEN 11:6,"The LORD said, Behold, they are one people, and they all have one language, and this is what they begin to do. Now nothing will be withheld from them, which they intend to do.","Ka Na peka na, Dhèu rai-haha se, aa'i-aa'i ra ca kabarai, dènge lii èci di. Ngaa dhu rèngu tao ne, heka mulai kèna. Bèli-camèd'a ladhe rèngu aa'i-aa'i ra j'aj'i mi èci sèmi ne'e, èèna na, ngaa dhu rèngu neo tao, j'aj'i aa'i mèu-mèu.","Hèia Lamatua peka dènge Musa, aku Nèngu na, Ladhe ku laa! Dhèu Isra'el se, dhoka èci di. Rèngu aa'i-aa'i ra padhai lii èci di. Nèti èèna ka, rèngu mulai tao sèmi ne'e ka, bèli-camèd'a Lamatua pa'ele iie aa'i mèu-mèu sasab'a-la'a ra."
GEN 11:7,"Come, let's go down, and there confuse their language, that they may not understand one another's speech.","De be'a risi, Èdhi puru lati ho tao lii si baka-leo, ho sèna ka èci ne'a boe lii èci.","Mai lati ka asa nèi! Te ladhe èèna na, rèngu pab'ala lii èci, sèna ka èci re'a boe lii èci."
GEN 11:8,So the LORD scattered them abroad from there on the surface of all the earth. They stopped building the city.,"Hèia Lamatua puru, ka kakeho lii ra. Dènge j'ara sèmi èèna, Na pacèri si palème rai-haha ne. Ka ra pakèd'i taruu heka kota deo na.","Hèia Lamatua papuru dhèu Isra'el nèti era èèna, ka ra rai paj'ala asa rai-haha. Nèti èèna ka, dhèu Isra'el aa'i-aa'i ro'o heka patitu kota ne."
GEN 11:9,"Therefore its name was called Babel, because there the LORD confused the language of all the earth. From there, the LORD scattered them abroad on the surface of all the earth.","Nèti èèna ka, ra pangare kota na, Babel dhu sasoa na ‘pab'ingu', lula LAMATUA kakeho lii ra, aa pacèri eele si palème rai-haha ne.","Nèti èèna ka, ra pangare kota ne, Babel, lula ètu era ne'e, Lamatua pa'ele iie lii dhèu aa'i-aa'i ètu rai-haha. Nèti èèna ka, dhèu Isra'el rai paj'ala asa rai-haha toke d'ai suu-suu rai-haha."
GEN 11:10,"This is the history of the generations of Shem, Shem was one hundred years old when he became the father of Arpachshad two years after the flood.","Se'e se, ana-èpu Sem. Ropa èle èi aae lala dua tèu sa, Sem mamuri cangasu tèu kèna, ka na abhu ana mone ca dhèu, ngara na Arpaksad.","Sasuri ne, lole j'ara-j'ara nèti ana-èpu Sem. Sem umur cangasu tèu. Ropa èi aae lala aa'i mèu-mèu, Sem nara iisi Arpaksad, toke d'ai dua tèu."
GEN 11:11,"Shem lived five hundred years after he became the father of Arpachshad, and became the father of more sons and daughters.","Ka Sem mamuri hari d'ai lèmi ngasu tèu, na abhu hari ana mone dènge ana bhèni.","Èle èèna ka, Sem mamuri toke d'ai lèmi ngasu tèu. Nèti èèna ka, na nara iisi Arpaksad. Nèngu abhu ana mone dènge ana bhèni kahèi."
GEN 11:12,Arpachshad lived thirty-five years and became the father of Shelah.,"Lod'o umur Arpaksad d'ai tèlu nguru lèmi tèu, na abhu ana mone ca dhèu, ngara na Sela.","Arpaksad mamuri tèlu nguru lèmi tèu. Èle èèna ka, na nara iisi Sela."
GEN 11:13,"Arpachshad lived four hundred three years after he became the father of Shelah, and became the father of more sons and daughters.","Ka Arpaksad mamuri hari d'ai èpa ngasu tèlu tèu, na abhu hari ana mone dènge ana bhèni.","Ropa Arpaksad mamuri, na mamuri èpa ngasu tèlu tèu. Èle èèna ka, na nara iisi Sela. Nèngu nara iisi ana mone dènge ana bhèni."
GEN 11:14,"Shelah lived thirty years, and became the father of Eber.","Lod'o umur Sela d'ai tèlu nguru tèu, na abhu ana mone ca dhèu, ngara na Eber.","Ropa Sarai mamuri tèlu nguru tèu, hèia na nara iisi Eber."
GEN 11:15,"Shelah lived four hundred three years after he became the father of Eber, and became the father of more sons and daughters.","Ka Sela mamuri hari d'ai èpa ngasu tèlu tèu, na abhu hari ana mone dènge ana bhèni.","Ropa Sarai mamuri èle, na mamuri èpa ngasu tèlu tèu. Èle èèna ka, na nara iisi Eber. Nèngu nara iisi ana mone dènge ana bhèni."
GEN 11:16,"Eber lived thirty-four years, and became the father of Peleg.","Lod'o umur Eber d'ai tèlu nguru èpa tèu, na abhu ana mone ca dhèu, ngara na Pelek.","Eber mamuri tèlu nguru èpa tèu. Èle èèna ka, na nara iisi Pelek."
GEN 11:17,"Eber lived four hundred thirty years after he became the father of Peleg, and became the father of more sons and daughters.","Ka Eber mamuri era d'ai èpa ngasu tèlu nguru tèu, na abhu hari ana mone dènge ana bhèni.","Eber mamuri toke èpa ngasu tèlu nguru tèu. Èle èèna ka, na nara iisi Pelek. Na rara iisi ana mone dènge ana bhèni."
GEN 11:18,"Peleg lived thirty years, and became the father of Reu.","Lod'o umur Pelek d'ai tèlu nguru tèu, na matana ana mone ca dhèu, ngara na Rehu.","Ropa Pelek umur tèlu nguru tèu, hèia na nara iisi Rehu."
GEN 11:19,"Peleg lived two hundred nine years after he became the father of Reu, and became the father of more sons and daughters.","Ka Pelek mamuri era d'ai dua ngasu ceo tèu, na abhu hari ana mone dènge ana bhèni.","Pelek mamuri toke d'ai dua ngasu ceo tèu. Èle èèna ka, na nara iisi Rehu. Na rara iisi ana mone dènge ana bhèni."
GEN 11:20,"Reu lived thirty-two years, and became the father of Serug.","Lod'o umur Rehu d'ai tèlu nguru dua tèu, na abhu ana mone èci, ngara na Seruk.","Rèu mamuri tèlu nguru dua tèu, èle èèna ka, na nara iisi Seruk."
GEN 11:21,"Reu lived two hundred seven years after he became the father of Serug, and became the father of more sons and daughters.","Ka Rehu mamuri era d'ai dua ngasu pidhu tèu, na abhu hari ana mone dènge ana bhèni.","Èle èèna ka, Rehu mamuri toke d'ai dua ngasu pidhu tèu. Èle èèna ka, na nara iisi Seruk. Nèngu abhu ana mone dènge ana bhèni kahèi."
GEN 11:22,"Serug lived thirty years, and became the father of Nahor.","Lod'o umur Seruk d'ai tèlu nguru tèu, na matana ana mone ca dhèu, ngara na Nahor.","Ropa Seruk mamuri tèlu nguru tèu, hèia na nara iisi Nahor."
GEN 11:23,"Serug lived two hundred years after he became the father of Nahor, and became the father of more sons and daughters.","Ka Seruk mamuri era d'ai dua ngasu tèu, ka na abhu hari ana mone dènge ana bhèni.","Èle èèna ka, Seruk mamuri toke d'ai dua ngasu tèu. Hèia na nara iisi Nahor. Na rara iisi ana mone dènge ana bhèni."
GEN 11:24,"Nahor lived twenty-nine years, and became the father of Terah.","Lod'o umur Nahor d'ai dua nguru ceo tèu, na abhu ana mone èci, ngara na Tera.","Ropa Nahor d'ai umur dua nguru ceo tèu, hèia na nara iisi Tera."
GEN 11:25,"Nahor lived one hundred nineteen years after he became the father of Terah, and became the father of more sons and daughters.","Ka Nahor mamuri era d'ai cangasu canguru ceo tèu, ka na abhu hari ana mone dènge ana bhèni.","Ropa Nahor d'ai umur cangasu ceo nguru tèu, hèia na nara iisi Tera. Na rara iisi ana mone dènge ana bhèni."
GEN 11:26,"Terah lived seventy years, and became the father of Abram, Nahor, and Haran.","Lod'o umur Tera d'ai pidhu nguru tèu risi, na abhu ana mone, dhèu tèlu, Abram, Nahor, dènge Haran.","Tera mamuri pidhu nguru tèu. Èle èèna ka, na nara iisi Abram, Nahor, dènge Haran."
GEN 11:27,"Now this is the history of the generations of Terah. Terah became the father of Abram, Nahor, and Haran. Haran became the father of Lot.","Ana-èpu Tera, sèmi ne'e, ana mone na, ka, Abram, Nahor, dènge Haran. Haran abhu ana mone ca dhèu, ngara na Lot.","Ne'e ne, sasuri nèti ana-èpu Tera. Tera matana Abram, Nahor, dènge Haran. Haran matana Lot."
GEN 11:28,"Haran died in the land of his birth, in Ur of the Chaldees, while his father Terah was still alive.","Haran madhe ètu rae èta-èsu na, ngara na Ur, rai dhèu Kasdim. Lod'o èèna, ama na Tera mamuri era.","Nèbhu boe ka, Haran madhe ètu rae Ur, ètu rai Kaldi. Ama na Tera mamuri era."
GEN 11:29,"Abram and Nahor married wives. The name of Abram's wife was Sarai, and the name of Nahor's wife was Milcah, the daughter of Haran, who was also the father of Iscah.","Abram madhèdi dènge Sarai. Nahor leo dènge ana bhèni Haran, ngara na Milka. Haran abhu ana mone èci kahèi, ngara na Yiska.","Lod'o èèna, Abram dènge Nahor leo nare dhèu èmu na, ngara na Sarai. Aa dhèu èmu Nahor, ngara na Milka. Nèngu ne, ana bhèni nèti Haran. Haran ne, ama nèti Isak."
GEN 11:30,Sarai was barren. She had no child.,Te ngaa Sarai dènge boe ana.,"Lod'o èèna, Sarai dènge heka ana."
GEN 11:31,"Terah took Abram his son, Lot the son of Haran, his son's son, and Sarai his daughter-in-law, his son Abram's wife. They went from Ur of the Chaldees, to go into the land of Canaan. They came to Haran and lived there.","Ca tèka, Tera nèti ana na Abram, dènge Sarai dhèu èmu Abram, dènge èpu na Lot, lasi tèke eele rae Ur, neo lasi asa rai Kana'an. Te ngaa lasi d'ai rae Haran, rèngu pea ka ètu èèna.","Èle èèna ka, Tera dènge ana na Abram, Lot, ama nèti Haran. Lot ne, ana nèti Haran. Sarai, dhèu èmu na, Sarai, dhèu èmu Abram. Dua ra pakèd'i nèti kota Ur ètu rai Kaldi, lasi asa rai Kana'an. D'ai nèi, ka ra d'ai kota Haran. Ka ra pea ètu èèna."
GEN 11:32,The days of Terah were two hundred five years. Terah died in Haran.,"Tera madhe ètu èèna, dènge umur na dua ngasu lèmi tèu.",Tera mamuri toke d'ai dua ngasu lèmi tèu. Ka na madhe ètu Haran.
GEN 12:1,"Now the LORD said to Abram, Leave your country, and your relatives, and your father's house, and go to the land that I will show you.","Lod'o èèna, LAMATUA peka le dènge Abram, peka na, Abram! Èu pakèd'i nèti era èu ne, tèke eele ina-ama èu, èmu ina-ama mu, dènge rae-lesa èu. Lamu asa era èci, dhu pe Ja'a peka dènge èu.","Èle èèna ka, Lamatua peka dènge Abram, aku Nèngu na, Hud'i laa èu tèke eele rai èu, a'ari èu, dènge èmu ama mu, ho lamu asa rai èci dhu Ja'a paj'uj'u hia èu."
GEN 12:2,I will make of you a great nation. I will bless you and make your name great. You will be a blessing.,"Èèna na, Ja'a hia mèngi-nale mi èu. Aa ana-èpu èu, èèna na, bèba-kacanga, j'aj'i suku dhu kapai, toke dhèu tadhe kolongara èu. Ho bèli-camèd'a, èu j'aj'i berkat hia dhèu leo kahèi.","Èèna na, Ja'a tao suku èu, j'aj'i suku kapai. Ja'a hia mèngi-nale mi èu, sèna ka dhèu aa'i-aa'i bisa tadhe mèu èu."
GEN 12:3,"I will bless those who bless you, and I will curse him who treats you with contempt. All the families of the earth will be blessed through you.","Èèna na, Ja'a hia berkat mi dhèu dhu hia berkat mi èu. Te ngaa Ja'a huku dhèu cee dhu dhoo èu. Nanene paie! Pe èèna na, dhèu aa'i-aa'i ètu rai-haha ne abhu berkat lula èu.","Dhèu dhu hia mèngi-nale mi èu, pe Ja'a hia si mèngi-nale. Aa dhèu dhu pahahe èu, pe Ja'a dhoo ne kahèi. Bèli-camèd'a suku aa'i-aa'i ètu rai-haha ne, abhu mèngi-nale lula èu ne."
GEN 12:4-5,"So Abram went, as the LORD had told him. Lot went with him. Abram was seventy-five years old when he departed from Haran. Abram took Sarai his wife, Lot his brother's son, all their possessions that they had gathered, and the people whom they had acquired in Haran, and they went to go into the land of Canaan. They entered into the land of Canaan.","Lod'o èèna, umur Abram pidhu nguru lèmi tèu. Na nèti dhèu èmu na Sarai, aa dènge ana ari na, Lot, dènge mèdha-panyau ra aa'i-aa'i, aa dènge dhèu sab'a na aa'i-aa'i dhu na abhu ètu kota Haran. Hèia Abram si lasi ka, tèke eele kota Haran, asa era dhu LAMATUA peka le dènge ne. Ka ra kako taruu, d'ai rai èci, ngara na Kana'an.","Ka Abram pakèd'i, madhutu lii moa Lamatua. Lod'o na lèpa nèti Haran, umur na pidhu nguru lèmi tèu. Hèia Abram dènge dhèu èmu na Sarai, aa dènge mèdha-panyau na aa'i-aa'i dhu rèngu abhu ètu d'ara rai Haran. Dua ra lasi palere-lere asa rai Kana'an. Rèngu dua ra lasi palere-lere asa rai Kana'an."
GEN 12:6,"Abram passed through the land to the place of Shechem, to the oak of Moreh. At that time, Canaanites were in the land.","D'ai era èèna, Abram kako palème rai ne, toke d'ai padètu dènge rae èci, ngara na Sikem. Ka ra pea taha ètu èèna, padètu dènge aj'u aae ca kapua ètu More. Lod'o èèna, dhèu Kana'an dhu pea ètu èèna era.","Èle èèna ka, Abram kako re sebhe rai èèna, la'e asa rae Sikem, dhu padètu dènge aj'u aae cue, ngara na More. Lod'o èèna, dhèu Kana'an dhu pea ètu rai èèna."
GEN 12:7,"The LORD appeared to Abram and said, I will give this land to your offspring. He built an altar there to the LORD, who had appeared to him.","Ètu era èèna ka, LAMATUA pad'elo iisi Na mi Abram, peka na, Èèna na, Ja'a hia ana-èpu èu rai ne'e ne. Ka Abram pudhi hadhu tao mei korban hia LAMATUA dhu pad'elo iisi Na dènge nèngu ètu era èèna.","Èle èèna ka, Lamatua pad'elo iisi Na mi Abram, ka Na peka, aku Nèngu na, Bèli-camèd'a Ja'a pangèd'u rai ne'e mi ana-èpu èu aa'i-aa'i ra. Hèia Abram patitu era sogo-tagu èci hia Lamatua dhu pad'elo iisi Na ètu era èèna."
GEN 12:8,"He left from there to go to the mountain on the east of Bethel and pitched his tent, having Bethel on the west, and Ai on the east. There he built an altar to the LORD and called on the LORD's name.","Èle èèna ka, Abram si pidha hari asa ledhe re balèu. Ka ra pea taha ètu talora rae Betel dènge rae Ai. Ètu èèna, na patitu mei korban èci ho na mangaj'i mi LAMATUA.","Èle èèna ka, na pakèd'i la'e asa rae iiki èci, dhu padètu dènge bèi-baki èdhi ètu cabèka dhimu nèi. Rèngu patitu èmu manèngi-mangaj'i mi Ama Lamatua ètu èèna. Ka ra manèngi-mangaj'i mi Lamatua ètu èèna. Hèia ra patitu èmu manèngi-mangaj'i mi Lamatua ètu èèna. Ka ra manèngi-mangaj'i mi Lamatua, aa manèngi-mangaj'i mi Lamatua ètu èèna."
GEN 12:9,"Abram traveled, still going on toward the South.","Èle èèna ka, na pidha-pidha era, d'ai rai Negeb re ca bèka balèu nèti rai Kana'an.","Èle èèna ka, Abram pakèd'i la'e asa balèu."
GEN 12:10,"There was a famine in the land. Abram went down into Egypt to live as a foreigner there, for the famine was severe in the land.","Ca tèka, rai Kana'an lèke manganga aae. Nèti èèna ka, Abram si lasi asa bèka balèu, ka ra d'ai rai Masir. Ka ra manubha taha ètu nèi.","Te ngaa lod'o èèna, abhu manganga ae titu kèna ètu rai Masir. Nèti èèna ka, Abram puru la'e pea ètu nèi, sèna ka j'aj'i dhèu leo rai kara ètu rai Masir."
GEN 12:11,"When he had come near to enter Egypt, he said to Sarai his wife, See now, I know that you are a beautiful woman to look at.","Ropa oe d'ai Masir, Abram peka dènge dhèu èmu na, Sarai, aku nèngu na, Sarai, èu bhèni iia, nia boe.","Ropa oe dètu dènge rai Masir, ka na peka dènge dhèu èmu na Sarai, aku nèngu na, Sarai! Ja'a ke'a le, na, èu ne bhèni dhu kab'ua titu kèna."
GEN 12:12,"It will happen that when the Egyptians see you, they will say, ‘This is his wife. ' They will kill me, but they will save you alive.","De ladhe dhèu Masir rèdhi èu bhèni iia sèmi ne'e, mage dhoka ra pamadhe ja'a, lula ja'a dhèu èmu-kamali èu. Dènge sèmi èèna, ra parame rare èu.","Bèli-camèd'a, ladhe dhèu Masir ladhe rèdhi èu, ra peka na, Ne'e ne, dhèu èmu nèngu! ' Rèngu neo pamadhe ja'a kahèi, te ngaa ra hia èu mamuri."
GEN 12:13,"Please say that you are my sister, that it may be well with me for your sake, and that my soul may live because of you.","De be'a risi, èu peka dènge ra, na ja'a ne, ana mone èu. Dènge sèmi èèna ka, rèngu pamadhe boe ja'a, aa ra be'a-be'a dènge ja'a, lula èu ne.","Ja'a manèngi sèna ka èu peka, na, èu ne, ana hèni ja'a. Dènge sèmi èèna, ja'a bisa mamuri dènge d'ara karej'e lula èu."
GEN 12:14,"When Abram had come into Egypt, some Egyptians saw that the woman was very beautiful.","Ropa Abram si d'ai Masir, dhèu ètu èèna, ladhe laa na, Sarai ne bhèni iia titu kèna.","Ropa Abram d'ai rai Masir, dhèu Masir pèri-pèri ladhe rèdhi bhèni balu ne, na, bhèni ne be'a titu kèna."
GEN 12:15,"The princes of Pharaoh saw her, and praised her to Pharaoh, and the woman was taken into Pharaoh's house.","Ropa dhèu sab'a dhèu aae sèra ladhe rèdhi ne, aa ra koa bhabhèni iia na ètu madha dhèu aae. Ka rèti bhèni ne, asa èmu dhèu aae.","Ropa dhèu aae Masir ladhe rèdhi bhèni ne, hèia ra lolo dènge dhèu aae Masir, peka na, Ina ne be'a titu kèna! Ka dhèu aae Masir rèti bhèni ne asa d'ara èmu dhèu aae Masir."
GEN 12:16,"He dealt well with Abram for her sake. He had sheep, cattle, male donkeys, male servants, female servants, female donkeys, and camels.","Hèia dhèu aae be'a-be'a ka dènge Abram, lula Sarai. Ka na parasee Abram mèdha rupa-rupa. Nuka badha sèmi, kahib'i-kalèbho, kahib'i-ka'ia, sapi, keled'ei, dènge onta. Na parasee kahèi, ènu dhèu mone dènge dhèu bhèni.","Nèti èèna ka, Lamatua pad'elo d'ara hua iia Na mi Abram. Lamatua hia ne kahib'i-kalèbho, sapi, badha keled'ei, dhèu sab'a na, dhèu bhèni, badha keled'ei, dènge badha onta na."
GEN 12:17,"The LORD afflicted Pharaoh and his house with great plagues because of Sarai, Abram's wife.","Lula na nare dhèu èmu dhèu asa d'ara èmu na, nèti èèna ka, LAMATUA hia huku rupa-rupa mi dhèu aae dènge isi èmu na.","Lod'o èèna, Sarai, dhèu èmu Abram. Nèti èèna ka, Lamatua hia j'aj'èra ae-ae mi dhèu aae Masir dènge isi èmu na aa'i-aa'i."
GEN 12:18,"Pharaoh called Abram and said, What is this that you have done to me? Why didn't you tell me that she was your wife?","Hèia dhèu aae Masir paroa Abram, ka na karèi ne, aku nèngu na, Èu ne tao tasamia mi ja'a ne? Nga tao ka èu peka boe na, bhèni ne dhèu èmu èu?","Hèia dhèu aae Masir paroa Abram, ka na karèi ne, aku nèngu na, Èu ne tao ja'a sèmi ngaa ne'e ne? Nga tao ka èu peka boe, na, bhèni ne, dhèu èmu èu?"
GEN 12:19,"Why did you say, ‘She is my sister, ' so that I took her to be my wife? Now therefore, see your wife, take her, and go your way.","Te ngaa aku èu na, nèngu ne ana hèni èu! Nèti èèna ka, ja'a oe kore ne j'aj'i dhèu èmu ja'a! Dhèu èmu èu ka ne'e! More hari ka, aa pakaj'èu ka nèti madha ja'a!","Nga tao ka èu peka na, Nèngu ne, ana hèni ja'a? ' Nèti èèna ka, ja'a leo nare ne ho j'aj'i dhèu èmu ja'a. De be'a risi èu leo nare ne, sèna ka lèpa ka."
GEN 12:20,"Pharaoh commanded men concerning him, and they escorted him away with his wife and all that he had.","Hèia dhèu aae paredha dhèu sab'a na sèra, babège eele Abram, dhèu èmu na, rèti dènge dhèu aa mèdha-panyau aa'i-aa'i ra, kalua nèti rai èèna.","Èle èèna ka, dhèu aae Masir paredha dhèu sab'a na sèra, peka na, Lami ho lere rèti Timotius, dènge dhèu èmu na, dènge mèdha-panyau na aa'i-aa'i."
GEN 13:1,"Abram went up out of Egypt-he, his wife, all that he had, and Lot with him-into the South.","Ka Abram si tèke eele Masir, lasi asa rai Negeb. La'e dènge dhèu èmu na, aa dènge dhèu aa mèdha-panyau aa'i-aa'i ra. Ana ari na Lot madhutu ra kahèi.","Èle èèna ka, Abram dènge dhèu èmu na, aa'i-aa'i ra kalua nèti rai Masir. Ra kako palere-lere asa balèu rai Masir, palere-lere dènge Lot."
GEN 13:2,"Abram was very rich in livestock, in silver, and in gold.","Abram èèna, kaja ae titu kèna. Badha-manu na, mèdha hualaa dènge mèdha hualaa-pudhi na, ae titu kèna.","Lod'o èèna, Abram j'aj'i dhèu kaja. Nèngu abhu mèdha-panyau ae-ae, nuka mèdha-panyau badha, doi pudhi, dènge hualaa."
GEN 13:3,"He went on his journeys from the South as far as Bethel, to the place where his tent had been at the beginning, between Bethel and Ai,","Nèti Negeb, ra pidha-pidha era, ka d'ai hari talora rae Betel dènge rae Ai. Dhu uru èèna, ra pea rèdhi le ètu era èèna.","Èle èèna ka, Musa pakèd'i nèti balèu asa rai Kana'an, hèia na kako taruu. Nèti nèi, na kako la'e asa rae-rae dhu uru èèna ra pajuu-paleha ètu talora aae rai Kana'an, ètu talora aae rai Kana'an dènge rai Ai."
GEN 13:4,"to the place of the altar, which he had made there at the first. There Abram called on the LORD's name.","Aa dhu Abram patitu le kahèi mei korban, ho na mangaj'i mi LAMATUA ètu era èèna.","lasi asa era sogo-tagu dhu uru èèna nèngu tao. Ètu era ne'e, Abram sabaj'a manèngi-mangaj'i mi Ama Lamatua."
GEN 13:5,"Lot also, who went with Abram, had flocks, herds, and tents.","Lot dhu madhutu Abram èèna, unu badha-manu dènge dhèu sab'a ae kahèi.","Aa Lot kahèi dhu kako palere-lere dènge Abram. Nèngu ne dènge kahib'i-kalèbho, kahib'i-kalèbho, dènge kahib'i-kalèbho."
GEN 13:6-7,"The land was not able to bear them, that they might live together, for their possessions were so great that they couldn't live together. There was strife between the herdsmen of Abram's livestock and the herdsmen of Lot's livestock. The Canaanites and the Perizzites lived in the land at that time.","Te ngaa era èèna taleo boe, ho Abram dènge Lot aa dènge kakaja ra bisa pea pa'èci. Nèti èèna ka, ana madhenge badha Abram dènge Lot sèra j'aj'i patao-palaha, lula j'u'u ètu era èèna d'ai boe hia badha rèngu. Lod'o èèna, dhèu Kana'an dènge dhèu Feris, dhu pea ètu èèna era.","Ètu era ne'e abhu mèdha-panyau dhèu dua sèra. Ka mèdha-panyau rèngu ae titu kèna, toke dua ra bisa boe pea sama-sama. Nèti èèna ka, dhèu madhenga badha Abram, dènge dhèu madhenga badha Lot, pab'ala èci dènge èci. Lod'o èèna, dhèu Parisi dènge dhèu Kana'an pea ètu d'ara rai èèna."
GEN 13:8,"Abram said to Lot, Please, let there be no strife between you and me, and between your herdsmen and my herdsmen, for we are relatives.","Ka Abram peka dènge Lot, aku nèngu na, Èdhi se, pa'a'ari. Mage dhoka èdhi, èci dènge èci be'a boe, lula dhèu sab'a èdhi se patao-palaha taruu.","Èle èèna ka, Abram peka dènge Lot, aku nèngu na, Ja'a manèngi, sèna ka baku abhu patao ètu talora aae ja'a dènge èu. Baku abhu patao ètu talora dhèu madhenga badha ja'a dènge èu kahèi. Te ji'i dua mi se, èci èèna ka dènge èci."
GEN 13:9,"Isn't the whole land before you? Please separate yourself from me. If you go to the left hand, then I will go to the right. Or if you go to the right hand, then I will go to the left.","De hua iia dua ti pahag'a ka laa. Rai ne, taleo. De ladhe èu d'èi rai ca bèka kariu na, ja'a abhu re ca bèka g'ana. Te ngaa ladhe èu d'èi re ca bèka g'ana, na ja'a re ca bèka kariu.","Ne'e ne rai aa'i-aa'i ètu ne'e, ètu katanga madha miu, si? Pakaj'èu nèti ne'e! Ladhe miu lami asa kariu ja'a, na, ja'a laku asa kariu ja'a. Aa ladhe miu lami asa kariu ja'a, na, ja'a laku asa kariu ja'a."
GEN 13:10,"Lot lifted up his eyes, and saw all the plain of the Jordan, that it was well-watered everywhere, before the LORD destroyed Sodom and Gomorrah, like the garden of the LORD, like the land of Egypt, as you go to Zoar.","Hèia Lot ladhe palème. Ka na ladhe nèdhi rai taleo ètu sebhe loko Yarden dhu madha èi ae, toke d'ai rae Soar. Era ne, rai hèu mèngi sama sèmi oka LAMATUA, dènge rai Masir kahèi. Lod'o èèna, LAMATUA dhae huku mèka kota Sodom dènge kota Gomora. De rai èèna, be'a era.","Lod'o èèna, Lamatua pa'ele iie mèka kota Sodom dènge kota Gomora. Lod'o èèna, Lot boti kètu, ka ladhe nèdhi loko aa'i-aa'i dhu ètu sebhe loko Yarden. Lamatua pa'ele iie mèka kota Sodom dènge kota Gomora. Lod'o èèna, rai èta-èsu ètu d'ara rai Masir sèmi èèna kahèi, toke d'ai kota Soar."
GEN 13:11,"So Lot chose the Plain of the Jordan for himself. Lot traveled east, and they separated themselves from one another.",Hèia Lot pili nare era sebhe loko Yarden èèna. Ka dua ra pahag'e ka. De Lot la'e sa ca bèka dhimu.,"Hèia Lot hag'e nare sebhe dhasi loko Yarden sèna ka j'aj'i oka na. Ka Lot pakèd'i la'e asa bèka dhimu. Ka dua ra pacèri,"
GEN 13:12,"Abram lived in the land of Canaan, and Lot lived in the cities of the plain, and moved his tent as far as Sodom.",Te ngaa Abram pea taruu ètu rai Kana'an. Aa Lot la'e pea ètu rae-rae dhu padètu dènge kota Sodom ètu sebhe loko Yarden.,"Èle èèna ka, Abram pea ètu rai Kana'an. Te ngaa Lot pea ètu rae-rae ètu rai èèna, dhu padètu dènge rae Sodom."
GEN 13:13,Now the men of Sodom were exceedingly wicked and sinners against the LORD.,Te ngaa dhèu-dhèu Sodom sèra bhelu-katub'a titu kèna. Rèngu ro'o boe nanene LAMATUA.,"Te ngaa dhèu-dhèu nèti kota Sodom ad'u-ue bhabhelu titu kèna, toke ra pusi-pahae boe Ama Lamatua."
GEN 13:14,"The LORD said to Abram, after Lot was separated from him, Now, lift up your eyes, and look from the place where you are, northward and southward and eastward and westward,","Ropa Lot pacèri dènge Abram, ka LAMATUA padhai lii dènge Abram, peka na, Èu ladhe palème aa'i ku, rai aa'i-aa'i nèti era titu èu èèna. Ladhe paie re madha, re kabodho, re ca bèka g'ana, dènge ca bèka kariu mu.","Ropa Lot la'e tèke eele Abram, hèia Ama Lamatua peka dènge ne, aku Nèngu na, Lot! Ja'a manèngi èu ladhe asa cabèka, asa balèu, asa balèu, asa balèu,"
GEN 13:15,for I will give all the land which you see to you and to your offspring forever.,"Rai aa'i-aa'i dhu èu ladhe mèdhi sèi, bèli-camèd'a Ja'a hia mi èu, dènge ana-èpu èu, sèna ka j'aj'i pusaka ra, toke d'ai mia-mia.","Aa rai aa'i-aa'i dhu èu ladhe mèdhi ne, èèna na Ja'a hia mi èu dènge ana-èpu èu, toke d'ai mia-mia la'e."
GEN 13:16,"I will make your offspring as the dust of the earth, so that if a man can count the dust of the earth, then your offspring may also be counted.","Èèna na Ja'a paj'aj'i ana-èpu èu ae sama sèmi salae dhasi, toke dhèu ige rare boe.","Bèli-camèd'a, bèli-camèd'a Ja'a tao ana-èpu èu cahag'e nuka sèmi ahu ètu rai-haha. De ladhe abhu dhèu dhu bisa ige ahu ètu rai-haha ne, pe Ja'a ige nare ana-èpu èu cahag'e kahèi."
GEN 13:17,"Arise, walk through the land in its length and in its width, for I will give it to you.","De lamu kako palème madhutu madhera dènge bhabhèla na. Te rai se aa'i-aa'i ra, Ja'a hia mi èu.","De kèd'i ka! Lamu palème rai ne, palème ne, aa palème na kahèi. Te èèna na, Ja'a hia rai ne asa èu."
GEN 13:18,"Abram moved his tent, and came and lived by the oaks of Mamre, which are in Hebron, and built an altar there to the LORD.","Hèia Abram si lèpa hari asa era pea ra, dhu dètu dènge aj'u-aj'u aae ètu Mamre, dhu padètu dènge Hebron. Èle èèna ka, na pudhi hadhu tao mei korban ho na mangaj'i LAMATUA ètu èèna.","Èle èèna ka, Abram pakèd'i nèti d'ara rae na, la'e pea ètu sebhe aj'u iiki èci ètu rae Mamre, ètu hèb'a-namo Hebron. Ka na patitu ètu era ne'e era sogo-tagu Ama Lamatua."
GEN 14:1,"In the days of Amraphel, king of Shinar, Arioch, king of Ellasar, Chedorlaomer, king of Elam, and Tidal, king of Goiim,","Tèu èèna, dhèu aae èpa dhu pa'èci. Rèngu se ka, Amrafel, dhèu aae rai Sinear. Ariok, dhèu aae rai Elasar, Kedarlaomer, dhèu aae rai Elam. Dènge Tideal, dhèu aae rai Goyim.","Lod'o èèna, abhu dhèu aae-dhèu kapai èci, ngara na Amrafel. Na j'aj'i dhèu aae nèti kota Sinar. Ariok, dhèu aae nèti Elasar. Kedorlaomer, dhèu aae nèti Elam. Aa Tidal, dhèu aae nèti Goiim."
GEN 14:2,"they made war with Bera, king of Sodom, Birsha, king of Gomorrah, Shinab, king of Admah, Shemeber, king of Zeboiim, and the king of Bela also called Zoar.","Lod'o èèna, dhèu aae leo dhèu lèmi, pa'èci kahèi. Nuka, Bera, dhèu aae rai Sodom. Birsa, dhèu aae rai Gomora. Sinab, dhèu aae rai Adema. Semeber, dhèu aae rai Seboim. Dènge Bela, dhèu aae rai Soar. Ka èpa dhèu aae se, lasi pamusu dènge lèmi dhèu aae sèra.","lasi pamusu dènge Bera, dhèu aae kota Sodom, Birsa, dhèu aae kota Gomora, Shinab, dhèu aae kota Adma, Semer, dhèu aae Seboim, dènge dhèu aae Bela, dhu ngara na Soar."
GEN 14:3,All these joined together in the valley of Siddim also called the Salt Sea.,"Dhèu aae, dhèu lèmi sèra pakaboko dènge sordad'u ra, ètu d'ara mamoo Sidim, dhu limuri ne, ngara na Dhasi Madhe.","Nèti èèna ka, dhèu Isra'el aa'i-aa'i mai pakaboko ètu d'ara rai èci, ngara na rai Masi' ètu d'ara rai èci, ngara na rai Siddim'."
GEN 14:4,"They served Chedorlaomer for twelve years, and in the thirteenth year they rebelled.","J'aj'aj'i pamusu na, sèmi ne'e ka, Uru èèna, dhèu aae, dhèu lèmi se dhu ta'alo mi dhèu aae Kedarlaomer, canguru dua tèu kèna. Te d'ai tèu ka canguru tèlu, ka rèngu aa'i-aa'i ra lab'a ne.","Rèngu sab'a hia Kedorlaomer toke canguru dua tèu. Te ngaa d'ai tèlu tèu, ka rèngu palab'a dènge ne."
GEN 14:5,"In the fourteenth year Chedorlaomer and the kings who were with him came and struck the Rephaim in Ashteroth Karnaim, the Zuzim in Ham, the Emim in Shaveh Kiriathaim,","Ka maso tèu ka canguru èpa, Kedarlaomer dènge angalai na dhèu aae dhèu tèlu sera, mai dènge sordad'u ra. Hèia ra pamusu ka, ka ra segi pèri-pèri rai. Nuka, dhèu Refaim ètu rai Asterot-Karnaim, dhèu Susim ètu rai Ham, dhèu Emim ètu rai Sawe-Kiryataim,","D'ai èle canguru èpa tèu, hèia Kedorlaomer dènge dhèu aae na, lasi pamadhe dhèu-dhèu nèti suku Refa, dhu pea ètu rae Asterot, ètu rae Karnaim. Dhu pea ètu rae Suse, dhu pea ètu rae Ham. Dhu pea ètu rae Save, ètu rae Kiryatim."
GEN 14:6,"and the Horites in their Mount Seir, to El Paran, which is by the wilderness.","dènge dhèu Hori dhu ètu ledhe Seir, d'ai sebhe mamoo El Paran.","Aa dhèu Horit kahèi lasi asa ledhe Seir, dhu padètu dènge d'ara mamoo èci, ngara na El-Paran."
GEN 14:7,"They returned, and came to En Mishpat also called Kadesh, and struck all the country of the Amalekites, and also the Amorites, that lived in Hazazon Tamar.","Èle èèna ka, ra lèpa hari asa En Mispat dhu limuri ne ngara na Kades. Ka ra segi rai dhèu Amalek, dènge dhèu Amori dhu pea ètu rae Haseson-Tamar.","Èle èèna ka, ra lèpa hari asa rae En-Mishpat, dhu ra pangare na Kades'. Ka ra la'e pamusu aa'i-aa'i ètu rai Amalek dènge dhèu Amor, dhu pea ètu d'ara rai Hazason-Tamar."
GEN 14:8-9,"The king of Sodom, and the king of Gomorrah, the king of Admah, the king of Zeboiim, and the king of Bela also called Zoar went out, and they set the battle in array against them in the valley of Siddim against Chedorlaomer king of Elam, Tidal king of Goiim, Amraphel king of Shinar, and Arioch king of Ellasar, four kings against the five.","Hèia, lèmi dhèu aae se ator sordad'u ra ètu d'ara mamoo Sidim, ka lasi pamusu dènge dhèu aae dhèu èpa sèra.","Èle èèna ka, dhèu aae Sodom, dhèu aae Gomora, dhèu aae Adma, dhèu aae Seboim, dènge dhèu aae Sela. Dhèu aae se lasi pamusu, ho lasi pamusu ètu d'ara pad'a èci, ngara na Soar. Dhèu aae se lasi pamusu, lab'a Kedorlaomer, dhèu aae Elam. Tadal, dhèu aae Goim. Amrafel, dhèu aae Sinar. Aa Ariok, dhèu aae Elasar. Dhèu aae èpa, lasi pamusu, lab'a dhèu aae se ètu d'ara pad'a èci, ngara na Siddim."
GEN 14:10,"Now the valley of Siddim was full of tar pits, and the kings of Sodom and Gomorrah fled, and some fell there. Those who remained fled to the hills.","Ètu d'ara mamoo èèna, dhu abhu mananga èi dama pèri-pèri. Ropa ra pamusu, dhèu aae Sodom dènge dhèu aae Gomora dènge sordad'u ra, rai. Ka cahag'e manahu asa d'ara mananga èi dama se. Aa cahag'e hari rai asa ledhe lasi.","Lod'o èèna, dhèu rai-haha pènu dènge ro'a tarigu ètu d'ara rai Sadim. Dhèu aae Sodom dènge Gomora, rai pakaj'èu nèti dhèu aae-dhèu aae. Abhu kahèi dhu madhe ètu era èèna. Abhu kahèi dhu rai tèke eele, ka rai lasi asa kolo ledhe."
GEN 14:11,"They took all the goods of Sodom and Gomorrah, and all their food, and went their way.","Ka èpa dhèu aae dhu segi se, lasi parame rèti mèdha-panyau dènge nganga'a-nginu nèti Sodom dènge Gomora. Èèna ka, ra lèpa dènge ka.","Hèia lasi dènge mèdha-panyau dhèu kota Sodom dènge kota Gomora, aa dènge nganga'a-nganginu ra aa'i-aa'i."
GEN 14:12,"They took Lot, Abram's brother's son, who lived in Sodom, and his goods, and departed.","Te ngaa Lot, ana ari Abram, dhu pea ètu Sodom. Ka èpa dhèu aae sèra, ère rèti Lot si, dènge mèdha-panyau ra aa'i-aa'i.","Ka dua ra pakèd'i nèti kota Sodom. Lod'o èèna, abhu dhèu èci, ngara na Lot. Lot dènge mèdha-panyau na aa'i-aa'i."
GEN 14:13,"One who had escaped came and told Abram, the Hebrew. At that time, he lived by the oaks of Mamre, the Amorite, brother of Eshcol and brother of Aner. They were allies of Abram.","Te ngaa dhèu èci rai nèti era èèna. Ka la'e lolo dènge Abram, dhèu Ibrani èèna. Lod'o èèna, dhèu Amori èci, ngara na Mamre. Aa Abram pea dètu dènge aj'u-aj'u aae unu Mamre. A'ari Mamre dhèu dua, ngara na Eskol dènge Aner. Rèngu se dhu pa'anga dènge Abram.","Èle èèna ka, ca dhèu dhu mamuri hari, la'e lolo dènge dhèu Ibrani èci, ngara na Abram. Lod'o èèna, nèngu pea ètu sebhe aj'u iiki èci, ètu èmu Mamre. Mamre ne, a'a nèti dhèu Amor. Dua ra, a'a nèti Eshkol dènge Aner. Dua ra pa'angalai dènge Abram."
GEN 14:14,"When Abram heard that his relative was taken captive, he led out his three hundred eighteen trained men, born in his house, and pursued as far as Dan.","Ropa Abram tadèngi na dhèu kèpe rèti le Lot, ana ari na, ka Abram pakaboko nare dhèu-dhèu sab'a na dhu re'a pamusu. Aa'i-aa'i ra tèlu ngasu canguru aru dhèu. Ka lasi magèla èpa dhèu aae sèra, asa badae aae lasi d'ai rae Dan.","Ropa Abram tadèngi, na, dhèu ded'e rèti a'ari na asa d'ara bèdho, hèia na kalua nèti d'ara èmu na, tèlu ngasu aru dhèu dhu madhutu nèngu. Dhèu se'e aa'i-aa'i ra rara iisi ètu d'ara èmu èèna, ka lasi magèle si toke d'ai kota Dan."
GEN 14:15,"He divided himself against them by night, he and his servants, and struck them, and pursued them to Hobah, which is on the left hand of Damascus.","Ètu era èèna, Abram hag'e dhèu na sèra, mi pèri-pèri kaboko. D'ara mèda èèna kahèi, lasi age si, dènge j'ara pa'oke. Ka Abram si lasi bate dhèu se d'ai rae Hoba, ètu bèka badae kota Damsik.","Èle èèna ka, d'ara mèda sa, komedhaa sordad'u èèna la'e pamusu, hèia na pab'ali dènge dhèu sab'a na sèra. Ka na segi si, hèia la'e tenge si asa kota Hoba, ètu sebhe kariu kota Damsik."
GEN 14:16,"He brought back all the goods, and also brought back his relative Lot and his goods, and the women also, and the other people.","Hèia Abram abhu hari Lot, dènge dhèu-dhèu nèngu, aa dènge mèdha-panyau ra aa'i-aa'i. Na abhu kahèi dhèu-dhèu leo.","Hèia na lèpa hari dènge mèdha-panyau na aa'i-aa'i. Aa na lèpa hari dènge a'ari na Lot, dènge mèdha-panyau na aa'i-aa'i. Na lèpa hari dènge dhèu bhèni sèra, aa dènge dhèu leo sèra."
GEN 14:17,"The king of Sodom went out to meet him after his return from the slaughter of Chedorlaomer and the kings who were with him, at the valley of Shaveh that is, the King's Valley.","Ropa Abram segi nare dhèu aae èpa sèra, ka na lèpa. Hèia dhèu aae Sodom mai soru ne ètu d'ara mamoo Sawe dhu dhèu biasa peka na, Mamoo Dhèu Aae.","Ropa dhèu aae Sodom lèpa nèti pamadhe Kedorlaomer dènge dhèu aae na aa'i-aa'i, dhèu aae Sodom la'e soru Yohanis ètu d'ara rai èci, ngara na Dhèu Aae'. Ètu era ne'e, abhu kahèi rai èci, ngara na Dhèu Aae'."
GEN 14:18,Melchizedek king of Salem brought out bread and wine. He was priest of God Most High.,"Tèu èèna, Melkisedek, j'aj'i dhèu aae kota Salem. Aa nèngu ne j'aj'i kahèi ama agama nèti Ama Lamatua dhu Dedha Risi Eele. Na mai soru Abram, nèti roti dènge èi hua anggor.","Te ngaa Melkisedek dhu j'aj'i dhèu aae kota Salem, nèti kahèi roti dènge èi anggor. Nèngu kahèi kètu agama nèti Ama Lamatua dhu Dedha Risi Eele."
GEN 14:19-20,"He blessed him, and said, Blessed be Abram of God Most High, possessor of heaven and earth. Blessed be God Most High, who has delivered your enemies into your hand. Abram gave him a tenth of all.","Ka na padhai lii ho hia berkat mi Abram, aku nèngu na, Ja'a sanao sèna ka Ama Lamatua, dhu Dedha Risi Eele èèna, dhu paj'aj'i dedha-liru dènge rai-haha ne, hia mèngi-nale mi dedha èu. Koa-kio Ama Lamatua dhu hia le èu segi musu. Èle èèna ka, Abram bagi hia Melkisedek ca pala nèti canguru pala mèdha-panyau dhu na abhu hari sèra.","Hèia na padhai lii mèngi-nale, peka na, Ja'a manèngi sèna ka Ama Lamatua hia mèngi-nale mi Abraham. Ja'a manèngi sèna ka Ama Lamatua hia mèngi-nale mi èu, lula Nèngu ka dhu dedha risi eele aa'i mèu-mèu ètu dedha-liru dènge rai-haha. Ja'a manèngi sèna ka Ama Lamatua hia mèngi-nale mi èu, lula Na segi le musu èu sèra aa'i-aa'i ra. Hèia Abram hia ne ca pala nèti canguru pala nèti mèdha-panyau na aa'i-aa'i ra."
GEN 14:21,"The king of Sodom said to Abram, Give me the people, and take the goods for yourself.","Hèia dhèu aae Sodom èèna pahaha iisi na mi Abram, peka na, Ama. Mèdha-panyau dhu èu abhu hari nèti musu ja'a sèra, hud'i laa ama ku abhu aa'i si. Te ngaa dhu ja'a manèngi hari, dhoka dhèu-dhèu ja'a sèra.","Èle èèna ka, dhèu aae Sodom peka dènge Abram, aku nèngu na, Ja'a manèngi sèna ka èu hia ja'a dhèu sèra, te ngaa mèdha-panyau sèra j'aj'i unu èu."
GEN 14:22,"Abram said to the king of Sodom, I have lifted up my hand to the LORD, God Most High, possessor of heaven and earth,","Hèia Abram b'ala ne, peka na, Ja'a subha ètu madha Ama Lamatua dhu Dedha Risi Eele, dhu tao dedha-liru dènge rai-haha,","Èle èèna ka, Abram dhaa dènge dhèu aae Sodom, aku nèngu na, A'ari aa'i-aa'i! Ja'a ded'e le kacui-aai ja'a asa Ama Lamatua dhu Dedha Risi Eele. Nèngu ka dhu dedha-liru dènge rai-haha. Aa Nèngu ka dhu dedha-liru dènge rai-haha."
GEN 14:23,"that I will not take a thread nor a sandal strap nor anything that is yours, lest you should say, ‘I have made Abram rich. '","na, ja'a kore boe mèdha-panyau èu, masi ka ciki èèna ka. Masi ka loa hèngu ca'èta sa, ja'a kore boe. Dènge j'ara sèmi ne'e, èu baku peka na, ‘Kakaja Abram sèra mai nèti ja'a. '","Te ngaa baku pangee, na, Ja'a ka dhu tao mèdha-panyau Abram j'aj'i dhèu kaja-su'i. '"
GEN 14:24,"I will accept nothing from you except that which the young men have eaten, and the portion of the men who went with me, Aner, Eshcol, and Mamre. Let them take their portion.","Ja'a parluu boe ngaa-ngaa. Dhoka mia dhu dhèu ja'a se pake le, sèra èle le, ale ia ka. Aa hud'i laa, angalai ja'a dhèu tèlu se, Aner, Eskol dènge Mamre, hag'e rare unu rèngu di.","Ja'a ko'o boe manèngi ngaa-ngaa nèti èu. Ja'a ko'o dhoka nganga'a-nganginu nèti ana-ana ngèru se. Ja'a ko'o kahèi pala nèti dhèu-dhèu dhu lami palere-lere dènge ja'a, nuka, Aner, Eskol, dènge Mamre. Hud'i laa rèngu sèra ka dhu abhu pala ra."
GEN 15:1,"After these things the LORD's word came to Abram in a vision, saying, Don't be afraid, Abram. I am your shield, your exceedingly great reward.","Èle èèna ka, LAMATUA pad'elo iisi Na mi Abram. Ka Na peka, aku Nèngu na, Abram! Èu baku madha'u. Lula Ja'a ka dhu j'aj'i mi tami ho bhiri èu nèti musu. Aa Ja'a hia a'oto mi dedha èu.","Èle èèna ka, Lamatua padhai lii dènge Abram ètu d'ara tanila, peka na, Abram! Èu baku madha'u! Te Ja'a èèna, nuka sèmi rèka dhu sarani èu. Ja'a neo bhoke j'ara hia èu, sèna ka èu baku madha'u."
GEN 15:2-3,"Abram said, Lord GOD, what will you give me, since I go childless, and he who will inherit my estate is Eliezer of Damascus? Abram said, Behold, you have given no children to me, and, behold, one born in my house is my heir.","Te ngaa, aku Abram na, Masi ka Ama Lamatua hia ae-ae èèna ka, j'aj'i boe mi ngaa sa èci. Lula ja'a ne dènge boe ana matana, ho hia ja'a ana-èpu. De dhu neo unu ae-ae sèmi èèna, tao mi ngaa? Neu-neu ka, noto mi ènu ja'a Elieser, dhèu Damsik èèna. Nèngu ka dhu sèmi nare aa'i-aa'i.","Èle èèna ka, Abram karèi Ama Lamatua, aku nèngu na, Ama Lamatua dhu Koasa Kapai Risi Eele. Ja'a dènge heka ana. De ama hia ja'a ngaa? Ele boe ca dhèu sa, ngara na Elieser, nèti kota Damsik? Hèia Abram b'ala, aku nèngu na, Ama, ee! Te ngaa ama hia boe ja'a ana. Ja'a dènge boe ana, te ngaa ana d'èlu ja'a ca dhèu di, nuka ana d'èlu ja'a. De ama hia ja'a ana d'èlu ja'a ca dhèu di, ho j'aj'i dhèu unu ja'a."
GEN 15:4,"Behold, the LORD's word came to him, saying, This man will not be your heir, but he who will come out of your own body will be your heir.","Te ngaa LAMATUA dhaa na, J'ara na sèmi boe èèna! Ana d'èlu èu ku, dhu unu pusaka sèra. Ènu èu abhu boe.","Èle èèna ka, Lamatua peka dènge pegawi ne, aku Nèngu na, Bèli-camèd'a ana mone heka èu èèna ka dhu j'aj'i dhèu unu èu. Te ngaa ana mone heka èu èèna ka dhu j'aj'i dhèu unu èu."
GEN 15:5,"The LORD brought him outside, and said, Look now toward the sky, and count the stars, if you are able to count them. He said to Abram, So your offspring will be.","Hèia nèti Abram asa li'u, ka Na peka, Èu ladhe ku asa dedha-liru nèi. Ladhe paie ku hua-hètu sèi. Bisa iga more, do aad'o? Bèli-camèd'a, ana-èpu èu sama sèmi hua-hètu sèi!","Èle èèna ka, Lamatua lere nèti Abraham asa li'u. Hèia Na peka, aku Nèngu na, Ladhe asa dedha-liru, ho mu ige hua-hètu ètu dedha-liru. Ladhe èu bisa ige, na, ige hari si. Hèia Na peka hari dènge Abram, aku Nèngu na, Bèli-camèd'a ana-èpu èu ae-ae, nuka sèmi ana-èpu èu mai nèti suku aa'i-aa'i ra."
GEN 15:6,"He believed in the LORD, who credited it to him for righteousness.","Ka Abram sèmi nare lii padhai LAMATUA. Aa LAMATUA tadhe ne, dhèu mola, lula Abram lèka Ne.","Lula Abraham parcaya Ama Lamatua, nèti èèna ka Lamatua peka na, nèngu dhèu d'ara mola dhu pabe'a dènge Lamatua."
GEN 15:7,"He said to Abram, I am the LORD who brought you out of Ur of the Chaldees, to give you this land to inherit it.","Èle èèna ka, LAMATUA tuhu hari lii Na, Ja'a ne, Ama Lamatua. Ja'a ka dhu lere kèti èu nèti rae Ur, ètu rai dhèu Kasdim sèra. Aa rai ne'e ne, Ja'a hia èu, sèna ka j'aj'i pusaka mu.","Èle èèna ka, Ama Lamatua peka dènge Abram, aku Nèngu na, Ja'a ne Lamatua. Ja'a ka dhu kalua eele èu nèti kota Ur ètu rai Babel, ho hia èu rai ne j'aj'i rai èu."
GEN 15:8,"He said, Lord GOD, how will I know that I will inherit it?","Te ngaa Abram karèi, aku nèngu na, Tasamia, LAMATUA? Dènge j'ara sa mia ka ho ja'a ke'a na, rai ne j'aj'i pusaka ja'a?","Ropa na tadèngi nare sèmi èèna, ka na karèi, aku nèngu na, Ama Lamatua! Tasamia ka ja'a bisa ke'a, na, bèli-camèd'a ja'a unu rai èèna?"
GEN 15:9,"He said to him, Bring me a heifer three years old, a female goat three years old, a ram three years old, a turtledove, and a young pigeon.","Ka Na dhaa, peka na, Sèmi ne'e! Mai ti tao madha j'ara èci, dhu pa'èki lii padhai lii Ja'a deo na. De lamu more sapi rena ci'u, kahib'i rena ci'u, dènge kahib'i-kalèbho mone ci'u. Aa'i-aa'i sèra hud'i dhu umur tèlu tèu. Aa mèti kahèi koro iia ci'u, dènge koro j'aha ci'u.","Hèia Yohanis dhaa, peka na, Be'a risi èu mèti hia ja'a sapi ci'u dhu kateme, dhu umur na tèlu tèu. Kahib'i-kalèbho èci, dhu umur na tèlu tèu. Kahib'i-kalèbho èci, dènge koro j'aha ci'u."
GEN 15:10,"He brought him all these, and divided them in the middle, and laid each half opposite the other, but he didn't divide the birds.","Ka Abram la'e nare badha sèra. Hèia na kacèb'e bagi mi dua, sapi, kahib'i, dènge kahib'i-kalèbho sèra. Ka na pale sisi se mi rai, dhu èci patangara dènge èci, j'aj'i mi dua b'aris. Te ngaa na kacèb'e boe manu-bhui sèra.","Èle èèna ka, ana pajuu ne nèti rèu kahib'i-kalèbho asa Yesus. Na tao mi dua ra, èci patangara dènge èci. Èci patangara dènge èci, te ngaa Ama Lamatua pabagi boe manu-bhui sèra."
GEN 15:11,"The birds of prey came down on the carcasses, and Abram drove them away.","Ka manu-bhui dhu tema ra'a sisi sèra, mai ho neo ra'a sisi se'e. Te ngaa Abram bhabhoo eele si.",Hèia manu-bhui puru mai nèti dedha kahib'i-kalèbho dhu ra'a sisi ètu era j'aj'èra èèna. Te ngaa Abram babège eele manu-bhui se nèti era èèna.
GEN 15:12,"When the sun was going down, a deep sleep fell on Abram. Now terror and great darkness fell on him.","Ropa lod'o cèna, Abram bhèj'i luu. Na nii, kuri na maroga mai sarimu nare nèngu, ka na madha'u titu kèna.","Ropa lod'o oe cèna, Abram bhèj'i luu, ka na madha'u titu kèna, aa maroga kiu-kiu."
GEN 15:13-15,"He said to Abram, Know for sure that your offspring will live as foreigners in a land that is not theirs, and will serve them. They will afflict them four hundred years. I will also judge that nation, whom they will serve. Afterward they will come out with great wealth, but you will go to your fathers in peace. You will be buried at a good old age.","Ka Ama Lamatua peka dènge ne, Abram! Èèna na èu mamuri toke heka bhoro, aa madhe dènge be'a, ka ra padhane èu dènge be'a. Te ngaa ana-èpu èu, èèna na j'aj'i dhèu tao mai ètu kabarai dhèu. Ho èèna na, dhèu isi rai sèra, tao si sèmi ènu sa, ka ra ènyi aa paj'èra si, toke èpa ngasu tèu. Te, ladhe èèna na, Ja'a huku si. Ho èèna na, Ja'a kèti hari ana-èpu èu nèti era èèna, aa dènge mèdha-panyau ra ae-ae.","Hèia Ama Lamatua peka dènge Abram, aku Nèngu na, Èu hud'i me'a ku tare'a-re'a, sèmi ne'e, ana-èpu èu bèli-camèd'a tèke eele rai èèna, ho lasi j'aj'i dhèu sab'a ètu rai leo. Bèli-camèd'a rèngu paj'èra si toke d'ai èpa ngasu tèu. Èle èèna ka, Ja'a huku suku dhu rèngu j'aj'i ènu sèra. Bèli-camèd'a, èu tèke eele rai èèna, dènge mèdha-panyau ae-ae. Èle èèna, èu lèpa hari asa èmu bèi-baki èu, dènge mera-milu. Èèna na, Ama Lamatua padhane èu, lula èu dhu heka madhe le."
GEN 15:16,"In the fourth generation they will come here again, for the iniquity of the Amorite is not yet full.","Aa èèna na, Ja'a ator ho ana-èpu èu dhu ka lèmi kèti hari si asa ne'e mai. Limuri ne, dhèu Amori dhu pea ètu rai ne'e. Dhèu se'e dhèu bhelu, te ngaa dhae bhelu iia mèka. Ladhe ana-èpu èu sèra lèpa hari asa era ne'e, Ja'a neo pake si ho huku palaho dhèu Amori sèra. Lula d'ai taa èèna, bhabhelu ra asa hino.","Te ngaa ètu d'ara ka èpa, bèli-camèd'a dhèu se lèpa hari mai asa ne'e. Te uru èèna, bèli-camèd'a rèngu mamuri ad'u-ue rupa-rupa bhabhelu-katub'a, toke d'ai mèka èle rai Masir."
GEN 15:17,"It came to pass that, when the sun went down, and it was dark, behold, a smoking furnace and a flaming torch passed between these pieces.","Ropa d'ai mèda sa, cag'ag'a laa ètu era èèna, abhu èru rai èci dhu sèb'u poka-poka, dènge badhu ai èci dhu heo, kako re sasanga sisi dua baris se.","D'ai lod'o nihia, ka maroga kiu-kiu. Cag'ag'a laa, dhèu ladhe rèdhi heo ai dhu heo robhe-robhe ca kapua, dènge ob'o ai dhu heo robhe-robhe ca'e kako re talora j'ara."
GEN 15:18,"In that day the LORD made a covenant with Abram, saying, I have given this land to your offspring, from the river of Egypt to the great river, the river Euphrates,","Lod'o èèna, LAMATUA pa'èki lii pajaji dènge Abram. Na peka na, Ja'a jaji mema èu kèna, bèli-camèd'a Ja'a pangèd'u mi ana-èpu èu rai ne'e ne, mulai nèti loko Masir, d'ai loko Efrat,","Lod'o èèna, Lamatua pa'èki lii pajaji dènge Abram, peka na, Ja'a hia rai ne'e mi ana-èpu èu aa'i-aa'i, mulai nèti loko Masir, toke d'ai loko aae èci, dhu ngara na Efrat."
GEN 15:19,"the land of the Kenites, the Kenizzites, the Kadmonites,","dènge rai dhèu Keni, dhèu Kenas, dhèu Kadmon,","rai dhèu Kenan, dhèu Keniz, dènge dhèu Kadmon,"
GEN 15:20,"the Hittites, the Perizzites, the Rephaim,","dhèu Het, dhèu Feris, dhèu Refaim,","dhèu Het, dhèu Peres, dhèu Refaim,"
GEN 15:21,"the Amorites, the Canaanites, the Girgashites, and the Jebusites.","dhèu Amori, dhèu Kana'an, dhèu Girgasi, dènge dhèu Yebus.","dhèu Amori, dhèu Kana'an, dhèu Gargas, dènge dhèu Yebus."
GEN 16:1-3,"Now Sarai, Abram's wife, bore him no children. She had a servant, an Egyptian, whose name was Hagar. Sarai said to Abram, See now, the LORD has restrained me from bearing. Please go in to my servant. It may be that I will obtain children by her. Abram listened to the voice of Sarai. Sarai, Abram's wife, took Hagar the Egyptian, her servant, after Abram had lived ten years in the land of Canaan, and gave her to Abram her husband to be his wife.","Tèu èèna, Abram lèpa hari le nèti Masir, ka na pea le canguru tèu ètu Kana'an. Dhèu èmu na Sarai abhu mèka kolo. Sarai dènge ènu bhèni ca dhèu nèti Masir, ngara na Hagar. Ca lod'o, Sarai peka dènge Abram, aku nèngu na, A'a. LAMATUA hia boe ja'a ana. De hua iia, lamu j'unu dènge ènu ja'a, Hagar, sèna ka na hia ja'a ana. Ka Abram madhutu lii dhèu èmu na. Ka Sarai hia Hagar j'aj'i dhèu èmu ka dua Abram.","Sarai, dhèu èmu Abram, nara iisi boe ne. Sarai ne dhèu sab'a dhèu èci nèti rai Masir, ngara na Hagar. Sarai peka dènge Abram, aku nèngu na, Ladhe sèmi èèna, ja'a abhu heka ana. De èu lamu ku asa ènu ja'a ne. Mage dhoka ja'a abhu heka ana, lula nèngu dhèu èmu Abram. Sarai, dhèu èmu Abram, nanene lii Sarai. Ropa Abram pea ètu rai Kana'an canguru tèu, Sarai nare Hagar, dhèu Masir èèna, ho hia ne asa dhèu èmu Abram, sèna ka j'aj'i dhèu èmu na."
GEN 16:4,"He went in to Hagar, and she conceived. When she saw that she had conceived, her mistress was despised in her eyes.","Hèia Abram j'unu dènge Hagar, ka na dènge babia. Ropa Hagar ne'a nèngu dènge babia le, ka na padedha iisi na, aa na pahae heka Sarai.","Èle èèna ka, Musa la'e paraga dènge Hagar. Ka heka heka heka heka nara iisi kèna. Ropa Hagar ne'a, na, nèngu dènge le babia, hèia na pusi-pahae heka bhèni heka ne."
GEN 16:5,"Sarai said to Abram, This wrong is your fault. I gave my servant into your bosom, and when she saw that she had conceived, she despised me. May the LORD judge between me and you.","Ka Sarai peka dènge Abram, aku nèngu na, Ja'a ka dhu hia nèngu mi èu j'aj'i dhèu èmu ka dua. Te ngaa ropa na dènge babia, na pusi pahae heka ja'a! Ne'e ne, sala èu! De hud'i laa, sèna ka LAMATUA ka dhu pama'ète lii èdhi dua ti! Heka èu me'a kèna!","Èle èèna ka, Sarai peka dènge Abram, aku nèngu na, Hud'i laa èu ka dhu ad'u-ue j'ara bhelu-katub'a ne. Ja'a hia ènu ja'a ètu d'ara kabake èu. Te ngaa ropa Sarai ne'a, na, nèngu dènge babia, hèia na pusi-pahae boe ja'a. Hud'i laa Lamatua ka dhu pama'ète lii langu èdhi dua ti."
GEN 16:6,"But Abram said to Sarai, Behold, your maid is in your hand. Do to her whatever is good in your eyes. Sarai dealt harshly with her, and she fled from her face.","Ka Abram dhaa, peka na, Sèmi ne'e, wee! Èu ne, dhèu èmu uru. Aa nèngu, dhèu èmu limuri. De èu ne dhu mèd'u paredha. De èu neo tao ne tasamia, èèna ètu èu na! Ka Sarai mulai tao sakaa hua dènge Hagar, hèia na rai.","Te ngaa Abram peka dènge Sarai, aku nèngu na, Ladhe ku laa! Ja'a ne ènu èu. De èu hud'i tao ku madhutu sèmi dhu be'a d'ara èu. Hèia Sarai paj'èra ne, ka na rai tèke eele ne."
GEN 16:7,"The LORD's angel found her by a fountain of water in the wilderness, by the fountain on the way to Shur.","Na rai d'ai d'ara mamoo. Hèia ana pajuu LAMATUA nèti sorga ca dhèu, rage ne dètu dènge madha èi, ètu j'ara la'e asa Sur.","Èle èèna ka, ana pajuu Lamatua nèti sorga la'e paraga dènge Elisabet ètu sebhe madha èi èci ètu d'ara mamoo. Ètu sebhe madha èèna, abhu èi dhu padètu dènge j'ara la'e asa kota Sur."
GEN 16:8,"He said, Hagar, Sarai's servant, where did you come from? Where are you going? She said, I am fleeing from the face of my mistress Sarai.","Ka na lii, aku nèngu na, Èu ne Hagar, ènu Sarai. Nga tao ka èu ètu ne'e? Èu mai nèti mia, aa lamu mia? Hèia Hagar dhaa, aku nèngu na, Ja'a rai nèti d'ara èmu lamatua ja'a.","Èle èèna ka, dhèu aae Sarai karèi Hagar, aku nèngu na, Hagar! Èu ne ènu nèti mia? Èu neo lamu mia? Hèia Hagar dhaa, aku nèngu na, Ja'a rai pakaj'èu nèti dhèu aae Sarai."
GEN 16:9,"The LORD's angel said to her, Return to your mistress, and submit yourself under her hands.","Ka ana pajuu èèna pamako ne, aku nèngu na, Sèmi ne'e! Be'a risi, èu lèpa hari asa adhe-aai Sarai, lamatua èu. Masi ka na tao èu tasamia èèna ka, sèmi la.","Èle èèna ka, ana pajuu Lamatua èèna peka dènge Elisabet, aku nèngu na, Be'a risi èu lèpa hari asa dhèu aae èu, ho madhutu dad'èi na."
GEN 16:10,"The LORD's angel said to her, I will greatly multiply your offspring, that they will not be counted for multitude.","Baku madha'u. Bèli-camèd'a, Ja'a pabèba ana-èpu èu pa'ae-ae, toke dhèu ige rare boe.","Èle èèna ka, ana pajuu Lamatua èèna, peka dènge Elisabet, aku nèngu na, Bèli-camèd'a ana-èpu èu, bèli-camèd'a abhu ae titu kèna, toke ige heka dhèu ètu rai-haha ne."
GEN 16:11,"The LORD's angel said to her, Behold, you are with child, and will bear a son. You shall call his name Ishmael, because the LORD has heard your affliction.","Èu dhu dènge babia. Nèbhu heka, èu mora iisi ana mone ca dhèu. Èèna na mu pangare ne Ismael dhu sasoa na ‘Lamatua tadèngi', lula LAMATUA tadèngi le lii roma iisi èu.","Hèia ana pajuu Lamatua nèti sorga, peka dènge ne, Ladhe ku laa! Èu dènge babia. Èèna na, èu nara iisi ana mone ca dhèu. Èu hud'i pangare ne, ngara na Ismael, lula Lamatua tadèngi le j'aj'èra èu."
GEN 16:12,"He will be like a wild donkey among men. His hand will be against every man, and every man's hand against him. He will live opposed to all of his brothers.","Ropa ana ne kapai, na mamuri pakaj'èu nèti a'ari na. Lula nèngu ne, sama sèmi jara hui dhu d'èi boe nanene lii paredha. Sad'i dhèu cee èèna ka, na sisu. Aa dhèu aa'i-aa'i lab'a ne kahèi.","Ètu talora aae dhèu aa'i-aa'i, nèngu ne nuka sèmi keled'ei badha. Bèli-camèd'a abhu dhu lab'a nèngu, aa abhu dhu lab'a nèngu. Bèli-camèd'a abhu dhu lab'a nèngu, aa abhu dhu lab'a a'ari na."
GEN 16:13,"She called the name of the LORD who spoke to her, You are a God who sees, for she said, Have I even stayed alive after seeing him?","Ropa tadèngi nare, Hagar ngee ka ètu d'ara na, aku nèngu na, Ja'a kèdhi le LAMATUA, dhu ladhe-leru aa madhenge ja'a. Hèia na hia ngara mi Lamatua, Lamatua dhu ladhe-leru ja'a.","Hèia Elisabet karèi Lamatua, aku nèngu na, Lamatua! Èu ne, Ama Lamatua dhu bisa ladhe mèdhi! Lula ja'a kèdhi le Lamatua, do aad'o? Ja'a mamuri hari le, do?"
GEN 16:14,"Therefore the well was called Beer Lahai Roi. Behold, it is between Kadesh and Bered.","Nèti èèna ka, dhèu pangare madha èi na, Beer Lahai Roi, dhu sasoa na Madha èi nèti Nèngu dhu mamuri, dhu ladhe-leru ja'a. Era na, ètu talora aae nèti rae Kades dènge rae Beret. Madha èi ne, abhu era toke d'ai sange ne'e.","Nèti èèna ka, ra pangare madha èi ne, Be'er-Lai Rai'i. ' Ètu talora aae ne, abhu kahèi Kades' dènge Be'er."
GEN 16:15,"Hagar bore a son for Abram. Abram called the name of his son, whom Hagar bore, Ishmael.","Èle èèna ka, Hagar lèpa hari. Hèia nara iisi ana mone ca dhèu. Abram pangare ne Ismael.","Lod'o èèna, Hagar nara iisi ana mone ca dhèu. Ka Abram pangare ana ne, Isak."
GEN 16:16,Abram was eighty-six years old when Hagar bore Ishmael to Abram.,"Lod'o Hagar nare iisi Ismael, umur Abram aru nguru èna tèu kèna.","Ropa Abram umur aru nguru èna tèu, hèia Hagar nara iisi ana na, Isak."
GEN 17:1,"When Abram was ninety-nine years old, the LORD appeared to Abram and said to him, I am God Almighty. Walk before me and be blameless.","Ropa umur Abram d'ai ceo nguru ceo tèu, LAMATUA mai pad'elo iisi dènge ne. Ka Na peka dènge Abram, aku Nèngu na, Ja'a ne, Ama Lamatua dhu Koasa Risi Eele. Èu hud'i madhutu taruu dad'èi Ja'a, dènge j'ara mamuri èu hud'i mola.","Ropa Abram d'ai umur ceo nguru ceo tèu, hèia Lamatua pad'elo iisi Na mi nèngu, aku Nèngu na, Ja'a ne, Ama Lamatua dhu koasa kapai risi eele. Èu hud'i kèpe pa'èra ku Ja'a, ho mamuri mola taruu."
GEN 17:2,"I will make my covenant between me and you, and will multiply you exceedingly.",Ja'a neo pa'èki lii pajaji dènge èu. Aa Ja'a neo pabèba kacanga ana-èpu èu.,"Hèia Ja'a pa'èki lii pajaji dènge miu. Pe Ja'a pa'èki lii pajaji dènge miu, sèna ka ana-èpu miu asa tabha ae titu kèna."
GEN 17:3,"Abram fell on his face. God talked with him, saying,","Hèia Abram patitu kètu urutuu, ka na pacud'u kètu d'ai rai. Ka Ama Lamatua tuhu hari lii padhai lii Na, aku Nèngu na,","Ropa Abram tadèngi lii ne'e, hèia na bèbha d'ai rai. Ka Ama Lamatua padhai lii dènge ne, peka na,"
GEN 17:4-5,"As for me, behold, my covenant is with you. You will be the father of a multitude of nations. Your name will no more be called Abram, but your name will be Abraham, for I have made you the father of a multitude of nations.","Lii pajaji Ja'a dènge èu sèmi ne'e ka, èèna na, èu j'aj'i bèi-baki nèti suku ae-ae. Nèti èèna ka, èu pake ia ka ngara èu Abram dhu sasoa na ‘ama dhu dhèu tadhe', te ngaa Abraham dhu sasoa na ‘bèi-baki nèti suku ae-ae'.","Ja'a pa'èki lii pajaji dènge èu ne, sèmi ne'e ka, Èu j'aj'i le bèi-baki nèti suku ae-ae. Bèli-camèd'a dhèu paroa heka èu, Abram'. Te ngaa èu hud'i ngara ku Abraham, lula Ja'a ded'e èu j'aj'i bèi-baki nèti suku ae-ae."
GEN 17:6,"I will make you exceedingly fruitful, and I will make nations of you. Kings will come out of you.",Ja'a neo pabèba kacanga ana-èpu èu ae-ae. Ja'a paj'aj'i si suku ae-ae. Aa Ja'a ded'e dhèu aae ae nèti rèngu sèra.,"Èèna na, Ja'a paj'aj'i dhèu ae-ae nèti èu, toke kabarai èu ae titu kèna. Bèli-camèd'a dhèu aae-dhèu aae mai nèti èu."
GEN 17:7,"I will establish my covenant between me and you and your offspring after you throughout their generations for an everlasting covenant, to be a God to you and to your offspring after you.","Ja'a sanèd'e taruu lii pajaji Ja'a dènge èu, aa dènge ana-èpu èu sèra. Lii pajaji ne ma'ète boe toke taa-taa, lula Ja'a ne'e ka Ama Lamatua nèti èu dènge ana-èpu mu.","Èle èèna ka, Ja'a pa'èki lii pajaji dhu dènge boe too-lane dènge miu. Ja'a pa'èki lii pajaji dhu dènge boe too-lane dènge miu, sèna ka j'aj'i Ama Lamatua miu. Ja'a pa'èki lii pajaji èèna dènge ana-èpu miu kahèi."
GEN 17:8,"I will give to you, and to your offspring after you, the land where you are traveling, all the land of Canaan, for an everlasting possession. I will be their God.","Rai Kana'an ne aa'i-aa'i, bèli-camèd'a Ja'a hia mi èu dènge ana-èpu èu. Ne'e ne, èu dhoka pea manubha di ètu ne'e. Te ngaa èèna na, j'aj'i mi unu ana-èpu èu toke taa-taa. Aa Ja'a j'aj'i Ama Lamatua rèngu sèra kahèi.","Bèli-camèd'a Ja'a hia rai Kana'an aa'i-aa'i, j'aj'i rai pusaka èu. J'ara ne'e ne, bèli-camèd'a j'aj'i unu èu, dènge ana-èpu èu kahèi. Pe Ja'a j'aj'i Ama Lamatua ra."
GEN 17:9-10,"God said to Abraham, As for you, you shall keep my covenant, you and your offspring after you throughout their generations. This is my covenant, which you shall keep, between me and you and your offspring after you. Every male among you shall be circumcised.","Te ngaa èu dènge ana-èpu èu sèra, hud'i kèpe pa'èra lii pajaji ne, dènge d'ara kateme ku. Dhèu mone aa'i-aa'i ra, hud'i suna ku.","Èle èèna ka, Ama Lamatua pa'èki lii pajaji dènge Abraham, peka na, Bèli-camèd'a èu dènge ana-èpu èu, tao madhutu lii pajaji dhu Ja'a pa'èki dènge rèngu. Bèli-camèd'a èu dènge ana-èpu èu sèra, tao madhutu lii pajaji dhu Ja'a pa'èki dènge rèngu. Bèli-camèd'a dhèu mone aa'i-aa'i ra hud'i suna ku, sèna ka j'aj'i dhèu unu Ja'a."
GEN 17:11-13,"You shall be circumcised in the flesh of your foreskin. It will be a token of the covenant between me and you. He who is eight days old shall be circumcised among you, every male throughout your generations, he who is born in the house, or bought with money from any foreigner who is not of your offspring. He who is born in your house, and he who is bought with your money, must be circumcised. My covenant shall be in your flesh for an everlasting covenant.","Ne'e ne, mone aa'i-aa'i hud'i suna, mulai nèti umur aru lod'o. A'ari èu, dhèu-dhèu sab'a èu, dènge ènu dhu èu hèli more nèti rai leo, aa'i-aa'i ra hud'i suna si. Suna na j'aj'i tadha mi ngi'u miu, dhu pa'èki èdhi taa-taa.","Dènge j'ara ne'e, miu hud'i suna ku ana uuru èu, sèna ka j'aj'i tadha, na, Ja'a dènge èu tadhe lii padhadha dhu Ama Lamatua pa'èki dènge èu. Sèmi èèna kahèi, ladhe umur èu aru lod'o, dhèu mone aa'i-aa'i hud'i suna ku, sèna ka j'aj'i tadha, na, èu dhu pa'èki le lii padhadha dènge Ja'a. Dènge j'ara ne'e, èu tadhe lii padhadha dhu Ja'a pa'èki dènge èu, toke d'ai mia-mia la'e. Dènge j'ara ne'e, èu tadhe lii padhadha dhu Ja'a pa'èki dènge dhèu leo rai kara, dhu dènge boe ana-èpu èu, do dhèu leo rai kara. Dènge j'ara ne'e, èu hud'i suna ku ana uuru èu, sèna ka j'aj'i tadha, na, Ja'a pa'èki le lii padhadha èèna dènge èu, toke d'ai mia-mia la'e."
GEN 17:14,"The uncircumcised male who is not circumcised in the flesh of his foreskin, that soul shall be cut off from his people. He has broken my covenant.","Mone mia dhu suna boe, rèngu sèra maso boe ètu d'ara lii pajaji Ja'a ne, aa rèngu sèra j'aj'i boe dhèu Ja'a kahèi.","Dhèu mone dhu suna boe, hud'i cèri eele ne nèti dhèu unu na. Te nèngu sisu le lii pajaji dhu Ja'a pa'èki dènge ne."
GEN 17:15,"God said to Abraham, As for Sarai your wife, you shall not call her name Sarai, but her name shall be Sarah.","Èle èèna ka, Ama Lamatua peka hari, aku Nèngu na, Nèti deo ne'e ne, èu paroa ia ka ngara dhèu èmu mu Sarai, te ngaa Sara.","Èle èèna ka, Ama Lamatua peka dènge Abraham, aku Nèngu na, Sarai, dhèu èmu èu. Èu hud'i pangare heka ne, Sarai. Ngara na, Sara."
GEN 17:16,"I will bless her, and moreover I will give you a son by her. Yes, I will bless her, and she will be a mother of nations. Kings of peoples will come from her.","Èèna na Ja'a hia mamèngi ae-ae mi Sara, sèna ka nara iisi hia èu, ana mone ca dhèu. Tare'a! Bèli-camèd'a, Sara j'aj'i bèi nèti suku ae-ae. Aa èèna na, Ja'a ded'e dhèu aae ae-ae nèti ana-èpu nèngu.","Bèli-camèd'a Ja'a hia mèngi-nale mi bhèni heka ne. Aa èèna na Ja'a hia èu ana mone ca dhèu. Bèli-camèd'a Ja'a hia mèngi-nale mi bhèni heka ne, sèna ka j'aj'i ina nèti suku aa'i-aa'i ètu rai-haha ne. Dhèu aae-dhèu aae nèti suku aa'i-aa'i ètu rai-haha ne, bèli-camèd'a j'aj'i nèti bhèni heka ne."
GEN 17:17,"Then Abraham fell on his face, and laughed, and said in his heart, Will a child be born to him who is one hundred years old? Will Sarah, who is ninety years old, give birth?","Hèia Abraham patitu kètu urutuu ka pacud'u kètu d'ai rai. Te ngaa na mari ètu d'ara. Na pangee, na, Mone heka bhora dhu cangasu tèu sama sèmi ja'a ne, bisa abhu ana era? Aa Sara dhu heka gagoo-gagehu ne, dhu ceo nguru tèu kèna, nara iisi hari sa mia?","Ropa Abraham tadèngi nare sèmi èèna, hèia na patitu kètu urutuu na, ka na sega. Ka na pangee ètu d'ara na, Eea! Miu pangee sèku! Dhèu cangasu tèu le, bisa nara iisi ana, do? Aa dhèu èmu èdhi Sara, dhu umur ceo nguru tèu, bisa nara iisi, do?"
GEN 17:18,"Abraham said to God, Oh that Ishmael might live before you!","Ka na peka dènge Lamatua, aku nèngu na, Hud'i ka laa, Ismael ka dhu abhu pusaka ja'a èèna ka, ngaa-ngaa tao boe.","Te ngaa Abraham lii dènge Ama Lamatua, aku nèngu na, Ira ii! Hud'i laa Isak mamuri taa-taa dènge èu!"
GEN 17:19,"God said, No, but Sarah, your wife, will bear you a son. You shall call his name Isaac. I will establish my covenant with him for an everlasting covenant for his offspring after him.","Te ngaa aku Ama Lamatua na, Aad'o sèmi èèna! Bèli-camèd'a, dhèu èmu mu Sara, nara iisi ana mone ca dhèu. Pangare ne Isak. Lii jaji Ja'a ne, lèke mi nèngu dènge ana-èpu na toke mia-mia.","Te ngaa Ama Lamatua dhaa, peka na, Aad'o! Te èèna na dhèu èmu èu Sara nara iisi ana mone ca dhèu. Èu hud'i pangare ne, Isak. Te Ja'a pa'èki lii pajaji dènge ne, sèna ka pa'èki lii pajaji Ja'a dènge ana-èpu na, toke d'ai mia-mia la'e."
GEN 17:20,"As for Ishmael, I have heard you. Behold, I have blessed him, and will make him fruitful, and will multiply him exceedingly. He will become the father of twelve princes, and I will make him a great nation.","Ja'a tadèngi le ngaa dhu èu manèngi kahèi, hia Ismael. Nèti èèna ka, Ja'a hia berkat mi nèngu kahèi, aa hia ana-èpu na tabha ae. Bèli-camèd'a ana-èpu Ismael ne, j'aj'i mi canguru dua kapala suku. Aa ana-èpu na suku èci dhu kapai.","Aa Isma'el, ee! Ja'a tadèngi le lii padhai èu. Sanèd'e, ee! Ja'a hia le mèngi-nale ae-ae mi nèngu. Bèli-camèd'a, ana-èpu na ae titu kèna. Bèli-camèd'a, ana-èpu na, dhèu aae-dhèu kapai canguru dua. Bèli-camèd'a, Ja'a tao nèngu j'aj'i suku kapai."
GEN 17:21,"But I will establish my covenant with Isaac, whom Sarah will bear to you at this set time next year.","Masi ka sèmi èèna, lii pajaji Ja'a ne, lèke dhoka mi ana mu Isak di. Tèu mai ni, hèru sèmi ne'e kahèi, Sara nara iisi le.","Te ngaa Ja'a pa'èki lii pajaji dènge ana mu Isak. Bèli-camèd'a, pe d'ai tèu mai Sara nara iisi ne. Ja'a pa'èki lii pajaji dènge ne kahèi."
GEN 17:22,"When he finished talking with him, God went up from Abraham.","Ropa padhai lii nare, ka Ama Lamatua tèke eele Abraham.","Ropa padhai lii nare, hèia Ama Lamatua ca'e asa dedha-liru, tèke eele Abraham."
GEN 17:23-27,"Abraham took Ishmael his son, all who were born in his house, and all who were bought with his money, every male among the men of Abraham's house, and circumcised the flesh of their foreskin in the same day, as God had said to him. Abraham was ninety-nine years old when he was circumcised in the flesh of his foreskin. Ishmael, his son, was thirteen years old when he was circumcised in the flesh of his foreskin. In the same day both Abraham and Ishmael, his son, were circumcised. All the men of his house, those born in the house, and those bought with money from a foreigner, were circumcised with him.","Lod'o èèna kahèi, Abraham tao dènge ka, madhutu sèmi lii paredha Ama Lamatua. Ka na suna. Na suna ana na, Ismael, dènge dhèu mone aa'i-aa'i dhu pea dènge ne. Lod'o èèna, umur Abraham ceo nguru ceo tèu le, aa Ismael canguru tèlu tèu.","Ropa Abraham d'ai umur ceo nguru ceo, hèia na suna Isak, ana na, toke umur na canguru tèlu tèu. Lod'o èèna kahèi, dhèu mone aa'i-aa'i dhu na hèli ètu d'ara èmu na, madhutu atora suna kahèi. Dhèu mone aa'i-aa'i dhu na hèli ètu d'ara èmu Abraham, madhutu atora suna kahèi. Dhèu mone aa'i-aa'i dhu na hèli ètu d'ara èmu Abraham, madhutu atora suna kahèi. Dhèu mone aa'i-aa'i dhu na hèli ètu d'ara èmu Abraham, madhutu atora suna kahèi."
GEN 18:1,"The LORD appeared to him by the oaks of Mamre, as he sat in the tent door in the heat of the day.","Ca tèka, Abraham pea padètu dènge aj'u aae canau ètu Mamre. LAMATUA mai pad'elo iisi Na mi nèngu ètu era èèna. Lii lolo na sèmi ne'e ka, lod'o èèna, sagoro ae titu kèna, ka Abraham madhèdi ètu hèb'a paleo na, sèna ka abhu ngèlu g'oro ciki.","Ca tèka, Lamatua pad'elo iisi Na mi Yunus ètu sebhe oka aj'u iiki ètu rae Mamre. Lod'o mèu titu kèna, ka na madhèdi ètu hèb'a tedhe nèti hèb'a tedhe."
GEN 18:2,"He lifted up his eyes and looked, and saw that three men stood near him. When he saw them, he ran to meet them from the tent door, and bowed himself to the earth,","Ropa Abraham boti kètu na, ladhe nèdhi dhèu tèlu dhu titu kaj'èu boe nèti era èèna. Hèia na rai la'e soru nare si. Ropa na d'ai madha si, na patitu kètu urutuu na,","Ropa ladhe nèdhi sèmi èèna, ka na boti kètu, ka na ladhe, na, abhu dhèu tèlu dhu titu ètu èèna. Hèia na rai la'e patitu kètu urutuu, neo paraga dènge ra."
GEN 18:3,"and said, My lord, if now I have found favor in your sight, please don't go away from your servant.","ka na peka, aku nèngu na, Ama si. Mai dhuli ku ho minu èi ciki.","Hèia pegawi ne dhaa, aku nèngu na, Ama, ladhe ama sue ja'a, na, baku bhèlu eele ja'a ne."
GEN 18:4,"Now let a little water be fetched, wash your feet, and rest yourselves under the tree.","Ama si ae ciki mi mamaho ne'e. Ho ana-ana iiki rèti èi, sèna ka rasa haga miu.","Ladhe sèmi èèna, ja'a manèngi èi ciki sa mai asa ne'e. Lami rase haga miu, sèna ka ae mere era ae-ae ètu d'ara aj'u èèna."
GEN 18:5,"I will get a piece of bread so you can refresh your heart. After that you may go your way, now that you have come to your servant. They said, Very well, do as you have said.","Pe ja'a laku lalau nganga'a-nginu ho ama si mi'a ciki, sèna ka ako kadhii ciki, heka lami taruu kèna. Te ja'a karej'e bisa lalau ama si. Ka ra dhaa, aku rèngu na, Ooo. Ji'i dhuli.","Ladhe sèmi èèna, ja'a manèngi ho ama hia ja'a roti ciki, sèna ka d'ara miu bisa mera-milu. Èle èèna ka, ama bisa lèpa ka. De limuri ne, ja'a manèngi ho ama lèpa hari asa dhèu sab'a ama sèra. Hèia dhèu sab'a se dhaa, aku rèngu na, Mema tare'a."
GEN 18:6,"Abraham hurried into the tent to Sarah, and said, Quickly prepare three seahs of fine meal, knead it, and make cakes.","Hèia Abraham pamèri sa d'ara paleo, la'e peka dènge Sara, aku nèngu na, Mèri! More tarigu dhu be'a risi, ca saku, ho tao roti!","Hèia Abraham rai dènge ka la'e asa Sara. Ka na peka, Ira ii! Tao lai-lai ku roti tèlu soe, ho tao roti."
GEN 18:7,"Abraham ran to the herd, and fetched a tender and good calf, and gave it to the servant. He hurried to dress it.","Ka rai la'e hari asa era sapi na, hèia kèpe ana sapi kabèb'u ci'u. Ka na pua dhèu sab'a na sa, pare.","Hèia Abraham rai la'e nare sapi mone ci'u dhu kab'ua aae èci, ka na hia mi dhèu sab'a èci. Ka na lalau pabe'a-be'a."
GEN 18:8,"He took butter, milk, and the calf which he had dressed, and set it before them. He stood by them under the tree, and they ate.","Hèia la'e nare susu, keju dènge sisi dhu heka nasu èèna, nèti hia tamu sèra ra'a. Abraham titu taruu ètu mamaho aj'u, ho na lalau si.","Èle èèna ka, Yesus nare dhari, susu, dènge sapi dhu Na papake èèna, la'e patitu ètu madha rèngu dua ra, ka ra ra ra'a-rinu."
GEN 18:9,"They asked him, Where is Sarah, your wife? He said, There, in the tent.","Hèia ra karèi ne, aku rèngu na, Dhèu èmu mu Sara, ka mia? Na dhaa, aku nèngu na, Nuka d'ara paleo èèna.","Ka dhèu se karèi ne, peka na, Sara, dhèu èmu èu, ètu mia? Hèia Abraham dhaa, aku nèngu na, Nèngu ètu nèi."
GEN 18:10,"He said, I will certainly return to you at about this time next year, and behold, Sarah your wife will have a son. Sarah heard in the tent door, which was behind him.","Ka ca dhèu nèti rèngu se padhai lii, aku nèngu na, Pe d'ai tèu mai nèi, Ja'a lèpa hari mai. Lod'o èèna, dhèu èmu èu Sara nare iisi le ana mone ca dhèu. Ropa rèngu padhai lii èèna, Sara nanene nèti kabodho babèdho.","Hèia Abraham dhaa, aku nèngu na, Bèli-camèd'a, d'ai tèu mai, pe d'ai tèu mai, ja'a lèpa hari mai asa èu. Èèna na dhèu èmu èu Sara nara iisi ana mone ca dhèu. Ka Sara tadèngi lii ne ètu hèb'a tedhe."
GEN 18:11,"Now Abraham and Sarah were old, well advanced in age. Sarah had passed the age of childbearing.","Lod'o èèna, Abraham dènge Sara dhu heka bhoro le, ngaa hari Sara dhu abhu heka hèru.","Lod'o èèna, Abraham dènge Sara dènge babia le. Dua ra dhu heka rara iisi kèna."
GEN 18:12,"Sarah laughed within herself, saying, After I have grown old will I have pleasure, my lord being old also?","Ropa Sara tadèngi padhue-padhai rèngu se, ka na mari kèmu. Na pangee na, Ja'a dhu heka roto-roto sèmi ne'e ne, aa dhèu èmu ja'a dhu roe nia heka. Tasamia ji'i bisa tao sèmi ana ngèru dhu leo-èmu hiu, ho abhu ana?","Ropa Sara tadèngi sèmi èèna, hèia na karej'e-karae. Na pangee, aku nèngu na, Baku pangee, na, ja'a dhu heka d'ai kèna, bisa hari mamuri karej'e-karae, lula lamatua ja'a dhu heka d'ai kèna!"
GEN 18:13,"The LORD said to Abraham, Why did Sarah laugh, saying, ‘Will I really bear a child when I am old? '","Ka LAMATUA peka dènge Abraham, aku Nèngu na, Nga tao ka Sara mari? Ele boe na ngee na, lii padhai Ja'a ne j'aj'i boe, lula nèngu heka le.","Te ngaa Lamatua peka dènge Abraham, aku Nèngu na, Sara, nga tao ka na karej'e? Na pangee, na, Bèli-camèd'a ja'a nara iisi ana, lula ja'a dhu heka le, do? '"
GEN 18:14,"Is anything too hard for the LORD? At the set time I will return to you, when the season comes around, and Sarah will have a son.","Ja'a ne, LAMATUA! Abhu boe ngaa èci sa dhu Ja'a bisa boe tao. Sanèd'e paie. Tèu mai, ladhe Ja'a lèpa hari mai, Sara dhu nara iisi le, ana mone ca dhèu.","Ele boe miu pangee, na, Lamatua peka ngaa èci sa dhu bia risi hia miu? Pe d'ai tèu mai nèi, Ja'a lèpa hari mai asa miu. Lod'o èèna, dhèu èmu èu Sara nara iisi le ana mone ca dhèu."
GEN 18:15,"Then Sarah denied it, saying, I didn't laugh, for she was afraid. He said, No, but you did laugh.","Ropa tadèngi lii èèna, Sara j'aj'i madha'u. Ka na pasili, aku nèngu na, Ja'a mari boe, nga! Te ngaa Lamatua b'ala, na, Deo na, èu mari, nga.","Te ngaa Sara pasili, ka na peka, Aad'o! Ja'a madha'u. Nèti èèna ka, ja'a mari boe. Te ngaa Sara dhaa, aku nèngu na, Aad'o! Èu me'a le."
GEN 18:16,"The men rose up from there, and looked toward Sodom. Abraham went with them to see them on their way.","Èle ka, dhèu tèlu se pakèd'i neo lasi asa kota Sodom. Ka Abraham lere si d'ai talora j'ara. Nèti era èèna, ladhe rèdhi kota Sodom.","Ropa ra tadèngi sèmi èèna, hèia dua ra kèd'i titu, ka ra ladhe asa kota Sodom. Ka Abraham madhutu si."
GEN 18:17,"The LORD said, Will I hide from Abraham what I do,","Ka LAMATUA ngee ètu d'ara Na, Hua iia Ja'a peka dènge Abraham, Ja'a neo palaho kota Sodom.","Èle èèna ka, Lamatua karèi hari, aku Nèngu na, Tasamia, ee? Miu pangee, na, Ja'a pahuni ngaa dhu Ja'a tao ne nèti Abraham, do?"
GEN 18:18,"since Abraham will surely become a great and mighty nation, and all the nations of the earth will be blessed in him?","Te ladhe èèna na, ana-èpu na asa tabha ae, aa suku dhu kapai. Aa nèngu ne, èèna na, j'aj'i berkat mi suku aa'i-aa'i ètu rai-haha ne.","Sanèd'e paie! Bèli-camèd'a Abraham j'aj'i dhèu nèti suku aae-dhèu kapai. Bèli-camèd'a suku aa'i-aa'i ètu rai-haha ne abhu mèngi-nale, lula rèngu j'aj'i le ana-èpu Abraham."
GEN 18:19,"For I have known him, to the end that he may command his children and his household after him, that they may keep the way of the LORD, to do righteousness and justice, to the end that the LORD may bring on Abraham that which he has spoken of him.","Ja'a hag'e kore le nèngu, ho na nori ana-èpu na dènge dhèu leo, sèna ka madhutu taruu j'ara LAMATUA, ho ra mamuri dènge mola. Ladhe rèngu mamuri sèmi èèna, Ja'a tao aa'i lii dhu Ja'a pajaji dènge Abraham.","Ja'a tadhe mèu le Abraham. Te ngaa èèna na, Lamatua hia paredha mi ana-èpu na, dènge isi èmu na aa'i-aa'i ra, ho ra tao madhutu dad'èi Lamatua. Ra tao madhutu j'ara dhu lèke, aa tao dhu lèke. Dènge j'ara ne'e, Lamatua tao madhutu lii pajaji Na mi Abraham."
GEN 18:20,"The LORD said, Because the cry of Sodom and Gomorrah is great, and because their sin is very grievous,","Hèia LAMATUA peka dènge Abraham, aku Nèngu na, Sèmi ne'e! Ja'a tadèngi le, lii roma iisi dhèu ae, peka na, dhèu kota Sodom dènge Gomora bhabhelu ra seli-kolane.","Hèia Lamatua b'ala, peka na, Ja'a tadèngi le lii roma iisi nèti dhèu kota Sodom dènge kota Gomora. Ja'a tadèngi le lii roma iisi ra, lula tatao rèngu dhu bhelu-katub'a titu kèna."
GEN 18:21,"I will go down now, and see whether their deeds are as bad as the reports which have come to me. If not, I will know.","Nèti èèna ka, Ja'a puru madha ku mai, sèna ka kèdhi unu ku, ngaa dhu Ja'a tadèngi sèra, tare'a, do aad'o. Ladhe aad'o, pe Ja'a ke'a unu ku.","De be'a risi ja'a dhiu, sèna ka ke'a mèu, dhèu se'e tao sala, do aad'o, sama sèmi lii dhu ja'a tadèngi deo na. Te ngaa ladhe aad'o, na, ja'a heka ke'a kèna."
GEN 18:22,"The men turned from there, and went toward Sodom, but Abraham stood yet before the LORD.","Ropa LAMATUA padhai lii era dènge Abraham, dhèu dua se lasi taruu sa kota Sodom.","Èle èèna ka, dua ra tèke eele era èèna, lasi asa kota Sodom. Te ngaa Abraham titu ètu madha Lamatua ètu era èèna."
GEN 18:23,"Abraham came near, and said, Will you consume the righteous with the wicked?","Hèia Abraham la'e padètu dènge Lamatua, ka na pamako Na, peka na, Tasamia? Ama neo pamadhe aa'i dhèu-dhèu be'a pa'èci dènge dhèu-dhèu bhelu, do?","Hèia Abraham la'e padètu-dètu, ka na karèi Ama Lamatua, aku nèngu na, Tasamia ka, Èu neo palaho eele dhèu dhu d'ara mola, palere-lere dènge dhèu dhu bhelu-katub'a?"
GEN 18:24,What if there are fifty righteous within the city? Will you consume and not spare the place for the fifty righteous who are in it?,"Ladhe abhu dhèu lèmi nguru dhu be'a ètu d'ara kota èèna, Ama pamadhe si hèi? Do, Ama palaho heka kota sèra, lula rèngu se'e, do?","Ele boe miu pangee, na, abhu lèmi nguru dhèu dhu mamuri mola ètu d'ara kota èèna, si? Tatu miu pa'ele iie si, do, aad'o? Te abhu lèmi nguru dhèu dhu mamuri mola ètu d'ara kota èèna, si?"
GEN 18:25,"May it be far from you to do things like that, to kill the righteous with the wicked, so that the righteous should be like the wicked. May that be far from you. Shouldn't the Judge of all the earth do right?","Ama baku tao sèmi èèna! Mage dhoka, dhèu be'a sèra madhe hèi, lula Ama neo pamadhe dhèu bhelu sèra. Ama ka dhu pama'ète lii ètu dedha-liru dènge rai-haha. De Ama ku unu Mu dhu me'a j'ara èèna adil boe.","Baku pamadhe dhèu dhu d'ara mola, sama sèmi miu pamadhe dhèu bhelu-katub'a. Baku pamadhe dhèu dhu d'ara mola kahèi, sama sèmi miu pamadhe dhèu bhelu-katub'a sèra. Baku sèmi èèna! Te Ama Lamatua èèna, Dhèu Pama'ète Lii Langu dhu pama'ète lii langu aa'i-aa'i ètu rai-haha ne, tao madhutu ngaa dhu lèke."
GEN 18:26,"The LORD said, If I find in Sodom fifty righteous within the city, then I will spare the whole place for their sake.","Ka LAMATUA dhaa, peka na, Ladhe abhu dhèu be'a lèmi nguru dhèu ètu kota Sodom, Ja'a huku boe kota èèna, lula rèngu.","Hèia Lamatua peka na, Sèmi ne'e. Ladhe Ja'a paraga dènge dhèu d'ara mola lèmi nguru dhèu ètu kota Sodom, pe Ja'a saku eele aa'i era èèna, lula rèngu ro'o boe madhutu Ja'a."
GEN 18:27,"Abraham answered, See now, I have taken it on myself to speak to the Lord, although I am dust and ashes.","Hèia Abraham padhai lii hari, aku nèngu na, Ama, ja'a manèngi abho, lula ja'a neo padhai lii hari ciki. Ja'a ne dhoka dhèu goa di, dhu ke'a boe ngaa-ngaa.","Hèia Abraham dhaa, peka na, Ama! Ja'a ne ahu, aa abhu ahu kahèi nèti ahu ètu d'ara ngi'u ja'a. Masi ka sèmi èèna, te ngaa ja'a hud'i padhai lii ku dènge Lamatua ètu katanga madha ja'a."
GEN 18:28,"What if there will lack five of the fifty righteous? Will you destroy all the city for lack of five? He said, I will not destroy it if I find forty-five there.","Sèmi d'ai boe dhèu lèmi nguru dhu be'a, te ngaa dhoka èpa nguru lèmi di, tasamia? Kura dhoka dhèu lèmi di, na Ama neo palaho eele kota èèna, do? Ka Lamatua b'ala, aku Nèngu na, Ladhe Ja'a abhu dhèu be'a èpa nguru lèmi, Ja'a palaho boe kota èèna.","Miu pangee sèku! Ladhe abhu lèmi dhèu nèti lèmi nguru dhèu dhu d'ara mola, abhu boe ètu d'ara rae ne, abhu lèmi dhèu sa, tatu Ama pa'ele iie si, do? Ka Yesus dhaa, peka na, Ladhe abhu ètu d'ara rae ne, abhu lèmi nguru lèmi dhèu, tatu Ja'a pa'ele iie boe si."
GEN 18:29,"He spoke to him yet again, and said, What if there are forty found there? He said, I will not do it for the forty's sake.","Ka Abraham pamako hari, na, Sèmi abhu dhoka èpa nguru dhèu be'a di, tasamia, Ama? Ka Na dhaa, Ladhe Ja'a abhu èpa nguru dhèu be'a, Ja'a huku boe si.","Hèia Yesus karèi hari ne, Ladhe abhu dhèu èpa nguru si, na, tasamia? Ka Yesus dhaa, aku Nèngu na, Aad'o! Ja'a ko'o boe, ladhe abhu dhèu èpa nguru sèra."
GEN 18:30,"He said, Oh don't let the Lord be angry, and I will speak. What if there are thirty found there? He said, I will not do it if I find thirty there.","Abraham pamako hari, aku nèngu na, Ama baku nasa. Te abhu dhoka tèlu nguru dhèu be'a di, na tasamia? Hèia Na dhaa, Ladhe Ja'a abhu tèlu nguru dhèu be'a, Ja'a huku boe si.","Ka dhèu ne dhaa, peka na, Baku nasa! Hud'i laa Lamatua nasa kahèi. Ladhe sèmi èèna, ja'a neo padhai lii dènge miu. Ladhe abhu tèlu nguru dhèu ètu era èèna, na, tasamia? Hèia Yusuf dhaa, aku nèngu na, Ladhe abhu tèlu nguru dhèu ètu era èèna, ja'a tao boe sèmi èèna."
GEN 18:31,"He said, See now, I have taken it on myself to speak to the Lord. What if there are twenty found there? He said, I will not destroy it for the twenty's sake.","Hèia Abraham peka hari, Ama mage nasa ladhe ja'a karèi hari ciki. Sèmi abhu dhoka dhèu dua nguru di dhu be'a, na tasamia? Ka Na dhaa hari, aku Nèngu na, Sèmi abhu dhèu dua nguru di dhu be'a, Ja'a palaho eele boe kota èèna.","Hèia Petrus dhaa, aku nèngu na, Ladhe sèmi èèna, ja'a pama'ète kore le ho padhai lii dènge Ama Lamatua. Ladhe abhu dua nguru dhèu ètu era èèna, na, tasamia? Ka Yesus dhaa, aku Nèngu na, Ja'a ko'o boe pa'ele iie era èèna, lula abhu dua nguru dhèu sèra."
GEN 18:32,"He said, Oh don't let the Lord be angry, and I will speak just once more. What if ten are found there? He said, I will not destroy it for the ten's sake.","Ka Abraham katange lii padhai na, aa na karèi, peka na, Ama! Ja'a padhai lii hari ca tèka, te ngaa baku nasa dènge ja'a. Tasamia, ladhe abhu dhoka canguru dhèu di dhu be'a? Hèia Na dhaa, Ladhe Ja'a abhu canguru dhèu dhu be'a ètu era èèna, Ja'a palaho boe kota èèna.","Ka dhèu ne dhaa, aku nèngu na, Baku sèmi èèna! Hud'i laa Lamatua èu nasa. Te ja'a neo padhai lii ca tèka hari. Ladhe abhu canguru dhèu ètu era èèna, tasamia? Hèia Musa dhaa, aku nèngu na, Aad'o! Ja'a ko'o boe pa'ele iie ne, lula ja'a sue dhèu canguru sèra."
GEN 18:33,"The LORD went his way as soon as he had finished communing with Abraham, and Abraham returned to his place.","Padhai lii èle sèmi èèna, LAMATUA la'e dènge ka, aa Abraham lèpa kahèi.","Ropa Lamatua pa'èle lii padhai dènge Abraham, hèia Lamatua tèke eele ne, ka Abraham lèpa asa era pea na."
GEN 19:1,"The two angels came to Sodom at evening. Lot sat in the gate of Sodom. Lot saw them, and rose up to meet them. He bowed himself with his face to the earth,","Ètu d'ara Lamatua dhu padhue-padhai era dènge Abraham, ana pajuu Na dhèu dua, lasi le asa kota Sodom. D'ai nèi, lod'o oe cèna kèna. Ka Lot dhu madhèdi ètu hèb'a tedhe kota. Ropa nèdhi dhèu dua se, la'e soru nare si. Ka na patitu kètu urutuu, aa pacud'u kètu ètu madha ra.","Èle èèna ka, ropa ana pajuu dhèu dua se d'ai kota Sodom, lod'o oe cèna sa, Lot dhu madhèdi ètu hèb'a babèdho kota èèna. Ropa na ladhe nèdhi ana pajuu se, hèia na kèd'i titu la'e paraga dènge ra. Ka na patitu kètu urutuu na,"
GEN 19:2,"and he said, See now, my lords, please come into your servant's house, stay all night, wash your feet, and you can rise up early, and go on your way. They said, No, but we will stay in the street all night.","Ka na padhai lii, aku nèngu na, Mai lati dhuli ku èmu ja'a la. Sèna ka ama si rase haga, aa j'unu ètu èmu ja'a. Pe bèli mad'ae, heka ama si kako hari kèna. Ra dhaa, aku rèngu na, Makasi. Te ngaa repo ia ka. Hud'i laa ji'i j'unu ètu d'ara lapa.","Hèia dhèu sab'a ne dhaa, aku nèngu na, Ama si! Ji'i manèngi sèna ka miu lami asa d'ara èmu dhèu sab'a ne. Pe ji'i manubha ètu nèi camèd'a kateme. Ho ladhe d'ai bèli mad'ae èèna, ji'i rase haga miu ho lèpa ka. Ka dhèu sab'a se dhaa, peka na, Aad'o! Ji'i manubha ètu j'ara."
GEN 19:3,"He urged them greatly, and they came in with him, and entered into his house. He made them a feast, and baked unleavened bread, and they ate.","Te ngaa Lot pamako si loe boe, ka lasi manubha asa èmu na. Ka Lot si tunu roti, lalau mei, ka ra'a-rinu pa'èci.","Hèia na manèngi dua ra, sèna ka dua ra lasi asa d'ara. Ka dua ra lasi asa d'ara èmu na. Ètu era ne'e, na tao tatao kapai. Ka na tao roti dhu pake boe ragi, sèna ka ra'a."
GEN 19:4,"But before they lay down, the men of the city, the men of Sodom, surrounded the house, both young and old, all the people from every quarter.","Dhu dua ra lasi mèka j'unu, cag'ag'a laa, dhèu mone Sodom aa'i-aa'i, ana mone ngèru toke d'ai mone heka, mai reo rare èmu Lot.","Ropa d'ai mèka lod'o manèngi-mangaj'i, hèia dhèu Sodom mai lingu rare èmu èèna. Dhèu-dhèu ètu sèra mai nèti mia-mia, ana iiki-dhèu heka, mai nèti mia-mia."
GEN 19:5,"They called to Lot, and said to him, Where are the men who came in to you this night? Bring them out to us, that we may have sex with them.","Dhèu se'e pa'oo-parodha, peka mi Lot, aku rèngu na, He, Lot! Mone dua deo sa, ètu mia? Bhabhodho si mai, sèna ka ji'i j'unu dènge ra!","Hèia ra paroa Lot, aku rèngu na, Dhèu-dhèu dhu mai soru èu mèda deo na, ètu mia? Mèti si asa li'u, sèna ka ji'i j'unu dènge ra!"
GEN 19:6,"Lot went out to them through the door, and shut the door after himself.","Hèia Lot li'u la'e, ka na bèdho hari èmu.","Hèia Lot kalua la'e asa madha rèngu, ka na bèdho babèdho."
GEN 19:7,"He said, Please, my brothers, don't act so wickedly.","Ka na lii, aku nèngu na, A'ari, ee! Baku miu tao bhelu mi tamu ja'a se.","Te ngaa Paulus b'ala si, aku nèngu na, A'ari aa'i-aa'i! Baku tao bhabhelu sama sèmi ja'a ne."
GEN 19:8,"See now, I have two virgin daughters. Please let me bring them out to you, and you may do to them what seems good to you. Only don't do anything to these men, because they have come under the shadow of my roof.","Mi nanene ku ja'a laa! Ana bhèni ja'a, dhèu dua. Dua ra dhu pa'èci mèka dènge dhèu mone. Ja'a hia miu. Mere, ho mi tao tasamia èèna ka, sad'i madhutu dad'èi miu. Sad'i miu baku tao karehe mi tamu ja'a dhèu dua se. Lula madhutu ad'a èdhi, ja'a ka dhu hud'i j'aga si.","Nanene paie! Ja'a dènge ana bhèni ja'a dhèu dua, dhu pa'èci rèdhi mèka dènge dhèu èmu na. Be'a risi ja'a lere rèti si asa madha èu. Ladhe madhutu a'abhu èu, na, èu bisa ladhe-leru si. Te ngaa baku tao ngaa-ngaa mi dhèu se'e, lula rèngu mai asa d'ara èmu ja'a."
GEN 19:9,"They said, Stand back! Then they said, This one fellow came in to live as a foreigner, and he appoints himself a judge. Now we will deal worse with you than with them! They pressed hard on the man Lot, and came near to break the door.","Masi ka sèmi èèna, dhèu Sodom se pa'oo ma'ète boe, aku rèngu na, Èu ne, baku patabha! Te èu ne, dhèu tao mai ètu kabarai ji'i ne! De èu dènge boe hak ho kai ji'i. Hua iia, èu pakaj'èu nèti era ne'e. Te, ladhe lamu boe, ji'i tao èu bia risi nèti dhèu dua se'e! Ka ra tule eele Lot, hèia aa'i-aa'i ra rai lasi j'èje babèdho èmu.","Te ngaa dua ra dhaa, aku rèngu na, Baku lamu sa ne'e! Dhèu ne mai sèna ka j'aj'i dhèu pama'ète lii langu èdhi! Tatu nèngu ded'e iisi na j'aj'i dhèu pama'ète lii langu èdhi! De tasamia? Èèna na èdhi abhu j'aj'èra dhu bia risi eele nèti èdhi dua ti! Hèia ra loe eele Lot, ka ra padètu-dètu ho conge hèb'a èmu èèna."
GEN 19:10,"But the men reached out their hand, and brought Lot into the house to them, and shut the door.","Te ngaa dhèu dua se soro kacui-aai ra, ère pamaso Lot, ka ra patèke èmu nèti d'ara.","Ropa tadèngi rare sèmi èèna, hèia dhèu dua se j'ole kacui-aai ra, ho ère rèti Lot asa d'ara èmu, ka ra bèdho aa'i hèb'a èmu."
GEN 19:11,"They struck the men who were at the door of the house with blindness, both small and great, so that they wearied themselves to find the door.","Dua ra tao pabèdhu ana madha dhèu Sodom aa'i-aa'i ra, ka rèdhi heka ngaa-ngaa. Ra gogo tenge babèdho, te ngaa abhu boe.","Ropa ra d'ai hèb'a èmu, dhèu bèdhu aa'i-aa'i, ana iiki-dhèu kapai, ra j'èra titu kèna, toke ra abhu boe hèb'a èci sa."
GEN 19:12-13,"The men said to Lot, Do you have anybody else here? Sons-in-law, your sons, your daughters, and whomever you have in the city, bring them out of the place, for we will destroy this place, because the outcry against them has grown so great before the LORD that the LORD has sent us to destroy it.","Hèia tamu dhèu dua se, peka dènge Lot, aku rèngu na, LAMATUA ne'a le, bhabhelu-katub'a dhèu Sodom se. Nèti èèna ka, Na paleha ji'i dua mi mai, sèna ka palaho eele kota ne. De èu dhu dènge a'ari leo dhu ètu d'ara kota ne, do aad'o? Ladhe dènge ana mone, do ana bhèni, do dhèu èmu ana èu, do, sad'i cee èèna ka, lamu more si, ho rai ka nèti d'ara kota ne lai-lai!","Èle èèna ka, dhèu se karèi Lot, aku rèngu na, Sèmi ne'e! Èu dènge dhèu leo era ètu ne'e, do? Ana mone èu, ana bhèni èu, dènge dhèu aa'i-aa'i dhu ètu d'ara kota ne, èu hud'i nuni eele si nèti era ne'e. Te ji'i neo pa'ele iie era ne'e. Lula dhèu se'e ro'o boe nanene lii padhai lii Lamatua, nèti èèna ka Lamatua pua ji'i la'a pa'ele iie ne."
GEN 19:14,"Lot went out, and spoke to his sons-in-law, who were pledged to marry his daughters, and said, Get up! Get out of this place, for the LORD will destroy the city! But he seemed to his sons-in-law to be joking.","Hèia Lot la'e paraga dènge ana mone dhèu dua, dhu lii d'ai ana bhèni na. Ka na peka, Dua mi nanene paie! Rai ka nèti d'ara kota ne, te LAMATUA neo palaho eele ne! Te ngaa ra pangee na, Lot padhai lii paleko di.","Hèia Lot la'e asa li'u, la'e padhai lii dènge mone mone na, aku nèngu na, Lot! Kèd'i ka! Rai eele ne'e! Te Lamatua neo pa'ele iie aa'i kota ne! Te ngaa ana mone na sèra pasala ne."
GEN 19:15,"When the morning came, then the angels hurried Lot, saying, Get up! Take your wife and your two daughters who are here, lest you be consumed in the iniquity of the city.","Bèli mad'ae aae era, ana pajuu Lamatua dhèu dua se, pakaseti Lot si, ho lasi karohe asa era kaj'èu. Ra peka na, Lami ka! Ère mèti dhèu èmu mu, dènge ana bhèni èu dhèu dua sèra, ho rai ka. Tèke eele kota ne'e! Mage dhoka miu madhe aa'i palere-lere dènge kota ne.","Asa bèli mad'ae aae era, ana pajuu Lamatua se paredha Lot, peka na, Lot! Èu hud'i kèd'i ka! Mèti ku dhèu èmu èu dènge ana bhèni èu dhèu dua sèra mai dènge èu! Te mage dhoka èu madhe sama-sama dènge dhèu bhelu-katub'a ètu d'ara kota ne, lula rèngu pusi-pahae boe Ama Lamatua."
GEN 19:16,"But he lingered, and the men grabbed his hand, his wife's hand, and his two daughters' hands, the LORD being merciful to him, and they took him out, and set him outside of the city.","Te ngaa Lot neka-neka era, masi ka LAMATUA neo hia ne mamuri. Nèti èèna ka, tamu dhèu dua se nuni Lot, dhèu èmu na, dènge ana bhèni dhèu dua sèra, rèti asa li'u kota.","Te ngaa Lamatua pad'elo d'ara hua iia Na mi nèngu. Nèti èèna ka, dhèu èpa se kèpe kacui-aai Ananias, dènge kacui-aai dhèu èmu na, dènge kacui-aai ana na dhèu dua. Hèia ra nuni rèti ne asa li'u kota."
GEN 19:17,"It came to pass, when they had taken them out, that he said, Escape for your life! Don't look behind you, and don't stay anywhere in the plain. Escape to the mountains, lest you be consumed!","Hèia ca dhèu nèti tamu dhèu dua sèra paredha si, peka na, Rai palasa, sèna ka abhu sod'a! Mage mi kabib'a kabodho! Baku ae ètu d'ara mamoo! Rai taruu, asa ledhe nèi, sèna ka miu baku madhe!","Èle èèna ka, dhèu pajuu-paleha Lamatua sèra lere rèti rèngu asa li'u. Hèia Lamatua paredha si, aku Nèngu na, Baku lami asa li'u. Be'a risi lami asa li'u, sèna ka baku madhe. Mage dhoka Lamatua palaho miu ètu ledhe-ledhe di."
GEN 19:18,"Lot said to them, Oh, not so, my lord.","Te ngaa Lot peka, aku nèngu na, Iraa ee! Baku sèmi èèna!","Te ngaa Lot dhaa, aku nèngu na, Aad'o, dhèu aae!"
GEN 19:19,"See now, your servant has found favor in your sight, and you have magnified your loving kindness, which you have shown to me in saving my life. I can't escape to the mountain, lest evil overtake me, and I die.","Mema ama si pamamuri le ji'i se. Te ngaa ledhe nèi kaj'èu bia nèti ne'e! Mage dhoka ji'i d'ai mèka nèi, j'aj'èra dhu magee nare le ji'i èèna, ètu talora j'ara.","Nanene, ee! Ja'a ne dhèu sab'a Lamatua. Lamatua sue ja'a titu kèna. Lamatua pad'elo le d'ara hua iia Na mi ja'a, ka Lamatua hia ja'a mamuri. De ja'a bisa boe rai asa ledhe ne. Mage dhoka bhabhelu-katub'a lèke ja'a, hèia ja'a madhe."
GEN 19:20,"See now, this city is near to flee to, and it is a little one. Oh let me escape there isn't it a little one? , and my soul will live.","Ama ladhe ku laa. Rae iiki cue dhu kaj'èu boe nèti era ne'e. Rae nèi dhu kolongara aad'o. Ladhe ama d'èi, ji'i la'a pasoru iisi asa nèi!","Ladhe ku la! Nèbhu heka, ja'a rai pakaj'èu nèti kota ne'e. Masi ka rai ne ciki oo'e di, te ngaa ja'a bisa boe rai pakaj'èu nèti kota ne'e. Masi ka rai ne ciki oo'e di, te ngaa ja'a bisa boe rai pakaj'èu nèti kota ne'e. De ladhe ja'a rai pakaj'èu nèti kota ne'e, tatu ja'a mamuri taruu dènge Ama Lamatua."
GEN 19:21,"He said to him, Behold, I have granted your request concerning this thing also, that I will not overthrow the city of which you have spoken.","Ka na dhaa, peka na, Oo! Lami ka! Te èèna na, ja'a palaho boe rae nèi.",Bèli-camèd'a Ja'a tao madhutu lii manèngi èu. Aa Ja'a pa'ele iie boe kota ne.
GEN 19:22,"Hurry, escape there, for I can't do anything until you get there. Therefore the name of the city was called Zoar.","De rai karohe ka, lami asa nèi! Te ja'a tao mèka ngaa-ngaa, ladhe miu d'ai mèka era nèi. Karèi nèti lod'o èèna, dhèu pangare rae ne Soar, dhu sasoa na ‘ana iiki-iiki'.","De tenge j'ara, sèna ka rai lami asa nèi. Te ja'a ko'o boe tao ngaa-ngaa, ladhe miu d'ai mèka era èèna. Nèti èèna ka, ra pangare kota èèna, Soar'."
GEN 19:23,The sun had risen on the earth when Lot came to Zoar.,"Ropa lod'o rea, Lot si d'ai Soar.","Lod'o Lot d'ai kota Soar, lod'o rea le."
GEN 19:24,Then the LORD rained on Sodom and on Gomorrah sulfur and fire from the LORD out of the sky.,"Cag'ag'a laa, LAMATUA sadutu ai dènge èi nasu nèti dedha-liru asa Sodom dènge Gomora.","Hèia Ama Lamatua papuru èi nasu dènge ai nèti dedha-liru, mai lab'a kota Sodom dènge kota Gomora."
GEN 19:25,"He overthrew those cities, all the plain, all the inhabitants of the cities, and that which grew on the ground.","LAMATUA pakèpu-ladhu ai kota dènge rae aa'i-aa'i ètu d'ara rai èèna, dènge ngaa-ngaa dhu mamuri ètu èèna, nuka, dhèu, badha-manu, dènge ana aaj'u.","Nèti èèna ka, Lamatua pa'ele iie aa'i kota-kota sèra. Na palaho aa'i mèu-mèu rai-haha, dènge isi ra aa'i-aa'i dhu muri ètu d'ara pad'a sod'a."
GEN 19:26,"But Lot's wife looked back from behind him, and she became a pillar of salt.","Lod'o rèngu rai, dhèu èmu Lot kabib'a kabodho. Cag'ag'a laa, na j'aj'i agarii masi.","Te ngaa dhèu èmu Lot ladhe kabodho nèti kabodho na. Nèdhi sèmi èèna, ka nèngu j'aj'i nuka sèmi èi hèu mèngi."
GEN 19:27,Abraham went up early in the morning to the place where he had stood before the LORD.,"Asa bèli èèna, dhu mad'ae aae era, Abraham la'e asa era dhu med'a na, na pamako LAMATUA.","Bèli mad'ae aae èèna kahèi, Abraham la'e asa era dhu nèngu titu ètu madha Lamatua."
GEN 19:28,"He looked toward Sodom and Gomorrah, and toward all the land of the plain, and saw that the smoke of the land went up as the smoke of a furnace.","Hèia na ladhe sa haha asa Sodom dènge Gomora, aa asa d'ara mamoo èèna. Na ladhe la'a na, sèb'u poka-poka sèna, dhu ca'e asa dedha-liru. Aa ai na'e aa'i le ngaa-ngaa.","Hèia Yesus ladhe asa kota Sodom dènge kota Gomora, aa asa rai aa'i-aa'i ètu d'ara pad'a sod'a èèna. Na ladhe nèdhi sèb'u dhu ca'e asa dedha, nuka sèmi sèb'u dhu ca'e asa d'ara ai naraka."
GEN 19:29,"When God destroyed the cities of the plain, God remembered Abraham, and sent Lot out of the middle of the overthrow, when he overthrew the cities in which Lot lived.","Ama Lamatua patalale Lot si nèti hahuku èèna, ropa Na pakèpu-ladhu ai kota-kota sèra, lula Na ngee nèdhi lii pajaji Na dènge Abraham.","Lod'o Ama Lamatua palaho aa'i kota-kota ètu d'ara pad'a sod'a èèna, Lamatua sanèd'e heka Abraham. Nèti èèna ka, Na pua Lot kalua nèti d'ara pad'a sod'a èèna. Hèia Lot la'e paguri eele rae-rae ètu d'ara pad'a sod'a èèna."
GEN 19:30,"Lot went up out of Zoar, and lived in the mountain, and his two daughters with him, for he was afraid to live in Zoar. He lived in a cave with his two daughters.","Lod'o èèna, Lot madha'u pea taruu ètu rae Soar. Nèti èèna ka, nèngu dènge ana bhèni na dhèu dua sèra, lasi asa ledhe ka ra pea ètu d'ara loe cue.","Nèti èèna ka, Lot dènge ana bhèni na dhèu dua sèra rai nèti kota Soar, ka ra pea ètu ledhe-ledhe. Te ngaa na madha'u pea ètu kota Soar. Ka ra pea ètu d'ara ro'a èci, sama-sama dènge ana bhèni na dhèu dua."
GEN 19:31,"The firstborn said to the younger, Our father is old, and there is not a man in the earth to come in to us in the way of all the earth.","Ca lod'o, ana bhèni uru èèna, peka dènge ari na, aku nèngu na, Ètu era ne'e ne, abhu boe dhèu mone ca dhèu sa, dhu bisa leo dènge èdhi se. Aa ama èdhi asa heka, de ladhe èèna na, na bisa heka abhu ana.","Èle èèna ka, ana uuru èèna peka dènge ana limuri, aku nèngu na, Ama ji'i dhu heka rara iisi le. Ètu rai-haha ne, abhu mèka mone mone èci sa dhu bisa soru-bara ji'i."
GEN 19:32,"Come, let's make our father drink wine, and we will lie with him, that we may preserve our father's family line.","De be'a risi, ti hia ne ninu mahu, sèna ka èdhi dua ti j'unu dènge ne, ho ti abhu kolo hia ama èdhi.","Mai ka! Be'a risi ji'i panga'a ama ji'i ho ninu èi anggor. Sèna ka ji'i j'unu pa'èci dènge ne. Dènge j'ara ne'e, èdhi bisa tèke eele ana-èpu ama ji'i nèti bèi-baki ji'i aa'i-aa'i ra."
GEN 19:33,"They made their father drink wine that night, and the firstborn went in, and lay with her father. He didn't know when she lay down, nor when she arose.","Ka ropa d'ai mèda, dua ra hia ama ra ninu èi anggor toke mahu. Hèia ana bhèni uru èèna, la'e j'unu dènge ama na. Lula ama na dhu mahu ae, ka ne'a boe nèngu dhu j'unu dènge ana na.","Èle èèna ka, d'ara mèda èèna kahèi, ana uuru èèna maso asa d'ara èmu ho j'unu pa'èci dènge ama na. Te ngaa ama na ne'a boe na, na bhèj'i pèri, do na kèd'i, heka na re'a kèna."
GEN 19:34,"It came to pass on the next day, that the firstborn said to the younger, Behold, I lay last night with my father. Let's make him drink wine again tonight. You go in, and lie with him, that we may preserve our father's family line.","Hèia asa bèli èèna, a'a na peka dènge ari na, aku nèngu na, Mèda deo na, ja'a j'unu le dènge ama èdhi. De mèda ne'e, èu kèna. Èdhi hia ne hari ninu mahu, ho lamu j'unu dènge ne. Sèna ka èdhi dua ti abhu ana, ho hia ana-èpu mi ama èdhi.","Asa bèli èèna, ana uuru èèna, peka dènge ana limuri, aku nèngu na, Ama! Mèda ne'e kahèi, ja'a j'unu dènge ama ku ètu d'ara bèdho. Be'a risi ètu d'ara mèda ne'e, ji'i soro ne ninu èi anggor. Be'a risi èu lamu j'unu dènge ne, sèna ka ji'i j'unu pa'èci dènge ama ji'i. Te ji'i neo j'aj'i ana-èpu ama ji'i."
GEN 19:35,"They made their father drink wine that night also. The younger went and lay with him. He didn't know when she lay down, nor when she got up.","Ka d'ara mèda na, dua ra hia hari ama ra ninu mahu. Ka ana bhèni limuri ne, la'e ka j'unu dènge ama na. Te ngaa, lula ama ra dhu mahu titu kèna, nèti èèna ka, ne'a boe ngaa dhu nèngu tao mi dedha ana bhèni na.","Bèli èèna kahèi, d'ara mèda èèna, heka ama ra ninu ninu èi anggor kèna. Hèia ana limuri la'e j'unu palere-lere dènge ama ra. Te ngaa ama ra re'a boe na bhèj'i, do na kèd'i, heka na re'a kèna."
GEN 19:36,Thus both of Lot's daughters were with child by their father.,"Dènge j'ara ne'e ne ka, dua ra dènge babia nèti ama d'èlu rèngu.","Hèia Lot dènge ana bhèni na, dua ra dènge babia."
GEN 19:37,"The firstborn bore a son, and named him Moab. He is the father of the Moabites to this day.",Hèia ana bhèni uru èèna nara iisi ana mone ca dhèu. Ka na pangare na Moab dhu sasoa na ‘mai nèti ama'. Ana ne'e ka dhu j'aj'i bèi-baki nèti dhèu Moab.,"Hèia ana uuru èèna nara iisi ana mone ca dhèu. Ka ra pangare ne, Moab. Nèngu ne, bèi-baki nèti dhèu Moab toke d'ai sange ne'e."
GEN 19:38,"The younger also bore a son, and called his name Ben Ammi. He is the father of the children of Ammon to this day.","Ka ana bhèni limuri ne, nara iisi ana mone èci kahèi. Na pangare na Ben Ami dhu sasoa na ‘mai nèti dhèu ja'a'. Ana ne ka dhu j'aj'i bèi-baki nèti dhèu Amon.","Ana limuri ne nara iisi ana mone ca dhèu kahèi. Ka na pangare ne, Ben-Ami'. Nèngu ne, j'aj'i bèi-baki nèti suku Amon toke d'ai sange ne'e."
GEN 20:1,"Abraham traveled from there toward the land of the South, and lived between Kadesh and Shur. He lived as a foreigner in Gerar.","Èle èèna, ka Abraham nèti Mamre, pidha asa rai Negeb, dhu ètu re balèu, ka na pea ètu talora rae Kades, dènge rae Syur. Te ngaa na pea nèbhu boe, ka pidha hari asa rae Gerar.","Èle èèna ka, Abraham pakèd'i la'e asa rai balèu, ka la'e pea ètu kota Kades dènge kota Sur. Nèngu pea nuka sèmi dhèu tao-mai ètu rai Gerar."
GEN 20:2,"Abraham said about Sarah his wife, She is my sister. Abimelech king of Gerar sent, and took Sarah.","Hèia na peka dènge dhèu ètu sèra, aku nèngu na, Sara ne, ana hèni ja'a. Nèti èèna ka, Abimelek dhèu aae Gerar, pua dhèu lasi lii d'ai Sara. Ka nèti ne mai asa d'ara èmu dhèu aae.","Hèia Abraham padhai lii lula-nèti dhèu èmu na Sara, aku nèngu na, Nèngu ne, a'a ja'a. Ka dhèu aae Garar, ngara na Abimelek, pua dhèu lasi rare Sara."
GEN 20:3,"But God came to Abimelech in a dream of the night, and said to him, Behold, you are a dead man, because of the woman whom you have taken, for she is a man's wife.","D'ara ca mèda sa, Ama Lamatua pad'elo iisi Na dènge dhèu aae ètu d'ara nii. Na peka, Mamadhe èu ne dètu kèna! Lula èu more dhèu èmu dhèu.","Te ngaa ètu d'ara mèda èèna, Abimelek nii. Hèia Ama Lamatua peka dènge ne ètu d'ara nii, aku Nèngu na, Ladhe sèmi èèna, èu hud'i madhe ku, lula èu pa'èci le dènge bhèni dhu èu leo nare èèna. Te bhèni ne, dhèu èmu nèti dhèu leo."
GEN 20:4-5,"Now Abimelech had not come near her. He said, Lord, will you kill even a righteous nation? Didn't he tell me, ‘She is my sister'? She, even she herself, said, ‘He is my brother. ' I have done this in the integrity of my heart and the innocence of my hands.","Hèia Abimelek dhaa, peka na, Lamatua! Ja'a dhae pa'èci mèka dènge bhèni na. Aa ja'a sasala aad'o. Abraham unu na ka dhu peka, bhèni na, ana hèni nèngu! Aa bhèni na dhaa sèmi èèna kahèi. Nèti èèna ka, ja'a hia dhèu lasi lii d'ai ne, dènge d'ara mola. De Lamatua baku pad'ui ja'a sasala!","Lod'o èèna, abhu ca dhèu dhu padètu boe dènge ana bhèni ne. Ka na karèi, aku nèngu na, Ama! Tasamia, ee? Èu neo pamadhe dhèu dhu d'ara mola, do? Aad'o, sina ma! Lamatua peka le dènge ja'a, na, Nèngu ne, a'ari ja'a. ' Hèia ana bhèni ne dhaa, aku nèngu na, Nèngu ne, a'ari ja'a. ' Te ja'a tao j'ara ne dènge d'ara mola, aa dènge boe sasala ngaa-ngaa."
GEN 20:6,"God said to him in the dream, Yes, I know that in the integrity of your heart you have done this, and I also withheld you from sinning against me. Therefore I didn't allow you to touch her.","Ka Lamatua dhaa, peka na, Tare'a. Mema Ja'a ke'a d'ara èu mola. Nèti èèna ka, Ja'a ka dhu taha èu, ho baku pa'èci dènge ne. Dènge j'ara sèmi èèna, èu tao boe sala mi Ja'a hèi.","Èle èèna ka, Lamatua padhai lii dènge ne ètu d'ara nii, peka na, Oo! Ja'a ke'a le, na, èu tao j'ara ne dènge d'ara mola. Nèti èèna ka, Ja'a kai èu, sèna ka èu baku ad'u-ue sasala mi dedha Ja'a. Nèti èèna ka, Ja'a soro tèke boe èu gai bhèni ne."
GEN 20:7,"Now therefore, restore the man's wife. For he is a prophet, and he will pray for you, and you will live. If you don't restore her, know for sure that you will die, you, and all who are yours.","De èu mèti hari ka bhèni ne, lèpa sa dhèu èmu na. Mone na ka dhu nèti lii padhue-padhai Ja'a. De lamu manèngi ne, sèna ka na sabaj'a hia èu, ho èu baku madhe. Sanèd'e paie! Ladhe èu hia boe bhèni na lèpa, èu dènge kabarai èu madhe aa'i mèu-mèu.","De be'a risi èu uri hari dhèu èmu mone èèna. Te nèngu èèna, dhèu nèti lii padhai Ama Lamatua. Bèli-camèd'a nèngu sabaj'a hia èu, sèna ka èu abhu mamuri dhu lèke. Te ngaa ladhe èu mo'o boe uri hari dhèu èmu èu, èu hud'i me'a ku, na, èu dènge mèdha-panyau èu aa'i-aa'i, bèli-camèd'a madhe."
GEN 20:8,"Abimelech rose early in the morning, and called all his servants, and told all these things in their ear. The men were very scared.","Bèli mad'ae aae èèna, dhèu aae pakaboko nare dhèu-dhèu kapai na aa'i-aa'i, ka na lolo lii nii na. Hèia aa'i-aa'i ra madha'u.","Bèli mad'ae aae era, hèia Abimelek paroa nare dhèu sab'a na aa'i-aa'i, ka na peka aa'i-aa'i se mi rèngu. Ropa tadèngi nare, hèia dhèu se madha'u bia."
GEN 20:9,"Then Abimelech called Abraham, and said to him, What have you done to us? How have I sinned against you, that you have brought on me and on my kingdom a great sin? You have done deeds to me that ought not to be done!","Ka dhèu aae paroa Abraham. Na karèi, aku nèngu na, Ja'a tao sala ngaa mi èu, ka èu neo paj'èra ja'a dènge kabarai ja'a? Èu ne ele-ho'a ka dènge tao madha j'ara sèmi ne'e ne.","Ropa tadèngi nare sèmi èèna, hèia Abimelek paroa Abraham, ka na karèi ne, aku nèngu na, Èu tao ji'i sèmi ngaa ne'e? Ja'a tao sala ae titu kèna mi dedha èu. Èu tao j'ara bhelu-katub'a ae-ae mi dedha ja'a, aa mi dhèu aae ja'a kahèi! Èu tao j'ara dhu lèke boe!"
GEN 20:10,"Abimelech said to Abraham, What did you see, that you have done this thing?","Ngangee èu tasamia ka, mu tao sèmi ne'e ne?","Hèia Abimelek karèi Abraham, aku nèngu na, Abraham! Nga tao ka èu tao sèmi ne'e?"
GEN 20:11,"Abraham said, Because I thought, ‘Surely the fear of God is not in this place. They will kill me for my wife's sake. '","Ka Abraham dhaa, peka na, Ama dhèu aae! Ja'a pangee na, miu aa'i-aa'i mi, kabarai ne dhèu dhu tadhe boe Ama Lamatua. De ele boe cahag'e neo pamadhe ja'a, sèna ka parame rare dhèu èmu ja'a.","Te ngaa Abraham dhaa, aku nèngu na, Ja'a pangee sèmi ne'e ka, Ira ii! Ètu era ne'e dhèu ro'o boe madha'u dènge Ama Lamatua. Nèti èèna ka, ra neo pamadhe ja'a, lula ja'a madhutu dhèu èmu ja'a ne. '"
GEN 20:12,"Besides, she is indeed my sister, the daughter of my father, but not the daughter of my mother, and she became my wife.","Mema ja'a dhu peka tare'a, nèngu ne, ana hèni ja'a. Lula ji'i dua mi ca ama, te ngaa ina baka-leo. Nèti èèna ka, ji'i dua mi paleo.","Sanèd'e, ee! Nèngu ne, a'a d'èlu ja'a. Nèngu ne, ana ama ku. Te ngaa ina ku aad'o. Nèti èèna ka, nèngu j'aj'i dhèu èmu ja'a."
GEN 20:13,"When God caused me to wander from my father's house, I said to her, ‘This is your kindness which you shall show to me. Everywhere that we go, say of me, He is my brother. '","Ka ropa Ama Lamatua pua ji'i ho tèke eele era paleo-palu'u ji'i, lod'o èèna ja'a peka dènge dhèu èmu ja'a, aku ja'a na, ‘Ladhe èdhi lati asa era leo, ho dhèu karèi èu, dhu èdhi se dhèu èmu-kamali, ladhe èu dhu sue ja'a, na dhaa la, peka na èdhi se, dua ti pa'a'ari. '","Lod'o Ama Lamatua pua-paleha ja'a, ka ja'a rai pakaj'èu nèti èmu ama ku. Hèia ja'a peka dènge ne, Ira ii! Èu pad'elo le d'ara hua iia èu mi ja'a sèmi ne'e ne. Ladhe èu lamu asa mia èèna ka, èu hud'i peka ku lula-nèti ja'a ne, peka na, Nèngu ne, a'ari ja'a. '"
GEN 20:14-16,"Abimelech took sheep and cattle, male servants and female servants, and gave them to Abraham, and restored Sarah, his wife, to him. Abimelech said, Behold, my land is before you. Dwell where it pleases you. To Sarah he said, Behold, I have given your brother a thousand pieces of silver. Behold, it is for you a covering of the eyes to all that are with you. In front of all you are vindicated.","Èle èèna ka, dhèu aae Abimelek pangèd'u hari Sara la'e asa Abraham. Ka na peka dènge Sara, Èèna na, ja'a hia ana mone mu doi iia ca riho, sèna ka j'aj'i tadha ja'a tao boe sala ngaa-ngaa mi èu. Ho hud'i sène, dhèu aa'i-aa'i ra re'a! Hèia dhèu aae peka dènge Abraham, aku nèngu na, Kabarai ja'a ne, dhu bhoke tèke hia èu. Èu neo pea mi era mia èèna ka, ja'a hia èu. Ka Abimelek hia Abraham sapi, kahib'i-ka'ia, dènge kahib'i-kalèbho. Na hia kahèi ènu dhèu mone dènge dhèu bhèni.","Èle èèna ka, Abimelek nare kahib'i-kalèbho dènge sapi, ana pua-paleha na, dhèu mone dènge dhèu bhèni, ka na hia mi Abraham. Hèia na lèpa hari asa dhèu èmu na, Sara. Hèia na peka, aku nèngu na, Ladhe ku laa. Ja'a hia ari mu ca riho doi iia. De limuri ne, ja'a hia èu ca bèla sa, sèna ka èu ladhe mèdhi dènge be'a, ho ladhe mèdhi dènge be'a, èu bisa ladhe mèdhi dènge be'a. Aa èu bisa ladhe mèdhi dènge be'a, na, ja'a huku èu."
GEN 20:17-18,"Abraham prayed to God. So God healed Abimelech, his wife, and his female servants, and they bore children. For the LORD had closed up tight all the wombs of the house of Abimelech, because of Sarah, Abraham's wife.","Uru èèna, lula Abimelek nare dhèu èmu Abraham, ka LAMATUA hutu eele era ana nèti bhèni aa'i-aa'i dhu pea ètu kabarai dhèu aae èèna. Te ngaa ropa Abimelek hia Sara lèpa hari sa dhèu èmu na, ka Abraham sabaj'a ho Lamatua bhoke hari era ana nèti bhèni se. Ka ra abhu hari ana.","Ka Abraham sabaj'a manèngi-mangaj'i mi Ama Lamatua. Hèia Lamatua puri-pa'èle Abimelek dènge dhèu èmu na, dènge bhèni-mone na. Ka dua ra nara iisi. Lamatua tao sèmi èèna, lula Abraham dènge dhèu èmu na, dhèu èmu Sara, nara iisi rèngu aa'i-aa'i ra. Nèti èèna ka, Abraham dènge dhèu èmu-kamali na abhu heka babia."
GEN 21:1-7,"The LORD visited Sarah as he had said, and the LORD did to Sarah as he had spoken. Sarah conceived, and bore Abraham a son in his old age, at the set time of which God had spoken to him. Abraham called his son who was born to him, whom Sarah bore to him, Isaac. Abraham circumcised his son, Isaac, when he was eight days old, as God had commanded him. Abraham was one hundred years old when his son, Isaac, was born to him. Sarah said, God has made me laugh. Everyone who hears will laugh with me. She said, Who would have said to Abraham that Sarah would nurse children? For I have borne him a son in his old age.","Èle èèna ka, LAMATUA hia Sara mèngi-nale madhutu lii pajaji Na. Lod'o Sara dènge babia, Abraham dhu heka le. Ropa Sara nara iisi, umur Abraham d'ai cangasu tèu kèna. Lod'o Sara d'ai hèru, ka nara iisi ana mone ca dhèu. Ka Abraham pangare ne, Isak dhu sasoa na ‘na mari'. Sara peka hèi, aku nèngu na, Ama Lamatua tao ja'a mari, lula ja'a karej'e. Dhèu ae ka dhu pangee na, ja'a ètu d'ara heka sèmi ne'e ne, abhu heka ana. Masi ka dhèu èmu ja'a heka bhoro le, te ja'a bisa kora iisi ana hia ne. Èèna na, ladhe dhèu tadèngi j'ara ne'e, rèngu aa'i-aa'i ra mari kahèi dènge ja'a ne. Ropa Isak d'ai aru lod'o, Abraham suna ne, madhutu paredha Ama Lamatua.","Ka Lamatua ladhe-leru Sara, sama sèmi lii moa Na. Hèia Lamatua tao sèmi èèna mi Sara. Sara dènge babia kahèi, lula nèngu dhu heka leko-leo kèna. Ka na nara iisi ana mone ca dhèu, ngara na Isak. Ka Abraham suna Isak, ana na, lod'o nèngu d'ai aru lod'o, madhutu lii paredha Lamatua. Ropa Abraham nara iisi ana na, Isak, umur na cangasu lod'o. Hèia Sara b'ala, aku nèngu na, Lamatua ka dhu tao ja'a karej'e! Dhèu aa'i-aa'i dhu tadèngi lii ja'a sèmi èèna, rèngu aa'i-aa'i ra re'a kahèi, na, ja'a ka dhu nara iisi Isak. Te ngaa Abraham dhu heka rara iisi ana mone ca dhèu, ngara na Isak. Ka na karèi, aku nèngu na, Ira ii! Dhèu cee ka dhu bisa peka dènge Abraham, na, Sara nara iisi ana mone ca dhèu sa?"
GEN 21:8,The child grew and was weaned. Abraham made a great feast on the day that Isaac was weaned.,"Isak kapai ka noo-noo. Ropa oe d'ai lod'o luri susu, Abraham tao tatao aae.","Hèia ana ne asa kapai, ka na rinu. Lod'o èèna kahèi, Abraham tao tatao kapai."
GEN 21:9-10,"Sarah saw the son of Hagar the Egyptian, whom she had borne to Abraham, mocking. Therefore she said to Abraham, Cast out this servant and her son! For the son of this servant will not be heir with my son, Isaac.","Ca tèke, Sara ladhe nèdhi Ismael, ana nèti dhèu èmu limuri Abraham, padadisi dènge Isak. Ropa nèdhi sèmi èèna, Sara peka dènge dhèu èmu na, Bège eele ènu Masir nèi dènge ana na! Te, ja'a ko'o boe ana ènu èèna unu pusaka, masi ka ciki oo'e èèna ka. Dhoka ana ja'a Isak di, dhu abhu sèra aa'i-aa'i.","Lod'o èèna, Sara ladhe nèdhi ana mone dhèu Masir èci, ngara na Hagar, dhu na nara iisi le mi Abraham. Hèia na rodhe ne, peka na, Babège eele dhèu ènu ne dènge ana na nèi! Te ana nèti ana ènu ne, èèna ka dhu dènge boe hak ho abhu pusaka kahèi, palere-lere dènge ana ja'a Isak."
GEN 21:11,The thing was very grievous in Abraham's sight on account of his son.,"Ropa Abraham tadèngi lii padhai Sara ne, ka d'ara na ako be'a boe, lula Ismael ne, ana d'èlu na kahèi.","Te ngaa lii pajaji Abraham ne susa titu kèna, lula na ladhe nèdhi ana d'èlu na dhu madhe le."
GEN 21:12,"God said to Abraham, Don't let it be grievous in your sight because of the boy, and because of your servant. In all that Sarah says to you, listen to her voice. For your offspring will be named through Isaac.","Te ngaa Ama Lamatua lii dènge Abraham, peka na, Abraham! Èu baku ngee pa'ae dhèu èmu limuri èu, dènge ana na. Madhutu la dad'èi Sara ne, lula bèli-camèd'a, èu abhu ana-èpu dhu Ja'a moa tèke èèna, nèti Isak ne'e ka.","Èle èèna ka, Ama Lamatua peka dènge Abraham, aku Nèngu na, Abraham! Baku madha'u, lula ja'a ana mone èu ne. Aa baku madha'u kahèi, lula ja'a ènu èu ne. Sad'i èu nanene paie, ngaa dhu Sara neo peka dènge èu. Te ana-èpu èu dhu bèli-camèd'a mai nèti ana mu Isak."
GEN 21:13,"I will also make a nation of the son of the servant, because he is your child.","Te ngaa Ja'a hia kahèi mèngi-nale mi ana nèti dhèu èmu limuri mu, lula nèngu ne, ana d'èlu èu kahèi. Bèli-camèd'a, ana-èpu na j'aj'i suku èci kahèi.","Bèli-camèd'a Ja'a hag'e nare ana-èpu ènu ne, j'aj'i suku èci, lula nèngu j'aj'i ana-èpu Èu."
GEN 21:14,"Abraham rose up early in the morning, and took bread and a container of water, and gave it to Hagar, putting it on her shoulder, and gave her the child, and sent her away. She departed, and wandered in the wilderness of Beersheba.","Bèli mad'ae aae èèna, Abraham tao gee j'ara hia Hagar, aa na kadhoe èi d'ara babo'i cue mi kabela-kao na. Hèia na patabuli ka bhèni ne dènge ana na Ismael, ho lasi. Ka ra kako palème d'ara mamoo dhu dètu dènge Beer-Syeba.","Bèli mad'ae aae èèna, hèia Abraham kèd'i nare roti dènge èi d'ara g'ala èci, ka na pangèd'u mi Hagar. Hèia na pangèd'u ana ne asa ana hèni na, hèia na lèpa dènge ka. Hèia Hagar pakèd'i dènge ka, kako la'e asa d'ara mamoo èci, ngara na Be'a-Be'a."
GEN 21:15,"The water in the container was spent, and she put the child under one of the shrubs.","Ropa èle èi rinu ra, Hagar tèke eele ana na ètu d'ara mamaho aj'u iiki ca kapua.","Ropa èi ètu d'ara g'ala ne èle aa'i, hèia bhèni ne pamaso ana ne asa d'ara aj'u iiki cue."
GEN 21:16,"She went and sat down opposite him, a good way off, about a bow shot away. For she said, Don't let me see the death of the child. She sat opposite him, and lifted up her voice, and wept.","Ka na pangee ètu d'ara na, D'ara ja'a la'e boe, ladhe ja'a kèdhi mamadhe ana ja'a. Ka na madhèdi ako kaj'èu nèti ana na, pe d'ai lèmi nguru meter sa. Ka na tangi dènge lii roma iisi.","Hèia ana bhèni ne la'e madhèdi padètu-dètu dènge Yohanis. Na manèngi, aku nèngu na, Ama! Hud'i laa ja'a ladhe kèdhi ana ne madhe. De madhèdi padètu-dètu dènge Yohanis kahèi, ka na tangi dènge d'ara pèd'a."
GEN 21:17,"God heard the voice of the boy. The angel of God called to Hagar out of the sky, and said to her, What troubles you, Hagar? Don't be afraid. For God has heard the voice of the boy where he is.","Lula Ama Lamatua dhu tadèngi lii tangi Ismael, ka ana pajuu Na mai nèti sorga, ka paroa Hagar, aku nèngu na, Hagar! Nga tao ka, èu j'èra ae sèmi ne'e ne? Baku madha'u ia ka, te Lamatua tadèngi le lii tangi ana èu.","Hèia Ama Lamatua tadèngi lii ana ne. Ka ana pajuu Lamatua èci nèti sorga paroa Hagar, peka na, Hagar! Nga tao ka èu madha'u? Baku madha'u! Lamatua tadèngi le lii ana ne."
GEN 21:18,"Get up, lift up the boy, and hold him with your hand. For I will make him a great nation.","De kèd'i lamu more ana nèi. Pa'èra d'ara na, te bèli-camèd'a Ja'a paj'aj'i ana-èpu na, suku èci dhu kapai.",Kèd'i ka! Ded'e kacui-aai èu ho kèpe ana ne. Te bèli-camèd'a Ja'a tao nèngu j'aj'i suku dhu kapai aae.
GEN 21:19,"God opened her eyes, and she saw a well of water. She went, filled the container with water, and gave the boy a drink.","Ka Ama Lamatua pasaraa musi madha na. Cag'ag'a laa nèdhi dènge, èi ca madha ètu era èèna. Hèia la'e soli èi asa d'ara babo'i, ka na panginu ana na Ismael.","Hèia Ama Lamatua bhoke musi madha ana bhèni ne. Cag'ag'a laa, na ladhe nèdhi madha èi cue. Ka ana bhèni ne la'e pasuti èi asa d'ara g'ala, ka hia ana ne ninu."
GEN 21:20-21,"God was with the boy, and he grew. He lived in the wilderness, and as he grew up, he became an archer. He lived in the wilderness of Paran. His mother got a wife for him out of the land of Egypt.","Ka Ismael dènge ina na Hagar pea dènge ka ètu d'ara mamoo Paran. Ismael asa na kapai, aa ne'a mèu kataki. Ka ina na paleo ne dènge ana bhèni Masir ca dhèu. Se'e se j'aj'i, lula Ama Lamatua bera-bera dènge Ismael.","Ropa ana ne kapai, hèia Ama Lamatua bera-bera dènge ne. Hèia na asa kapai, ka na pea ètu d'ara mamoo. Nèbhu boe ka, nèngu j'aj'i dhèu d'èlu-mèu pana. Na pea ètu d'ara mamoo èci, ngara na Paran. Èle èèna ka, ina na leo nare ana mone èci, ho j'aj'i dhèu èmu nèngu ètu rai Masir."
GEN 21:22,"At that time, Abimelech and Phicol the captain of his army spoke to Abraham, saying, God is with you in all that you do.","Lod'o èèna, dhèu aae Abimelek dènge kètu kapai sordad'u na, Fikol, mai pangad'o dènge Abraham. Hèia dhèu aae padhai lii, ka na peka, Abraham! Ji'i se nge'a Ama Lamatua bera-bera dènge èu. Nèti èèna ka, sad'i èu ad'u ngaa sa èci, j'aj'i dènge be'a.","Lod'o èèna, hèia Abimelek dènge Pikol, komedhaa sordad'u na, padhai lii dènge Abraham, peka na, Lamatua bera-bera dènge èu ètu j'ara aa'i-aa'i dhu èu tao."
GEN 21:23,"Now, therefore, swear to me here by God that you will not deal falsely with me, nor with my son, nor with my son's son. But according to the kindness that I have done to you, you shall do to me, and to the land in which you have lived as a foreigner.","De ja'a manèngi, sèna ka èu subha ètu katanga madha Ama Lamatua, dhu peka na, èu bisa boe kapod'e-kabèli ja'a, dènge ana-èpu ja'a aa'i-aa'i ra. Sèmi dhu ja'a tao le be'a mi èu, na, èu hud'i tao be'a kahèi mi ja'a dènge kabarai ja'a.","De ja'a manèngi sèna ka èu pajaji dènge ja'a ètu ne'e, pake kolongara Ama Lamatua, ho pajaji dènge ja'a, peka na, èèna na èu pabia boe ja'a, do, ana-ana ja'a, do, ana-ana ja'a. Èu hud'i tao ku sèmi èèna ku mi dedha ja'a, aa mi rai ja'a kahèi, madhutu d'ara hua iia Ja'a mi dedha èu."
GEN 21:24,"Abraham said, I will swear.","Ka aku Abraham na, Ooo! Ja'a subha.","Te ngaa Abraham dhaa, aku nèngu na, Ja'a subha!"
GEN 21:25,"Abraham complained to Abimelech because of a water well, which Abimelech's servants had violently taken away.","Te ngaa èle èèna ka, Abraham lapor dènge dhèu aae, aku nèngu na, Dhèu-dhèu ama dhèu aae parame rare èi ja'a ca madha.","Èle èèna ka, Abraham jèke Abimelek lula nèti madha èi cue. Te ngaa dhèu sab'a na mana'u rare le èi ne dènge j'aj'èra."
GEN 21:26,"Abimelech said, I don't know who has done this thing. You didn't tell me, and I didn't hear of it until today.","Tadèngi sèmi èèna, hèia na peka, Waa! Ja'a heka tadèngi kèna j'ara ne'e ne. Tasamia ka karèi nèti ca hari ni, èu peka boe dènge ja'a? Ja'a dhae ke'a mèka, ne'e ne tatao cee ka ne.","Te ngaa Abimelek b'ala, aku nèngu na, Ja'a tadhe boe cee ka dhu tao j'ara ne'e! Te ngaa èu dhae peka mèka dènge ja'a. Ja'a tadèngi mèka kahèi, na, cee ka dhu tao j'ara ne'e!"
GEN 21:27-28,"Abraham took sheep and cattle, and gave them to Abimelech. Those two made a covenant. Abraham set seven ewe lambs of the flock by themselves.","Èle èèna ka, Abraham dènge Abimelek pa'èki lii pajaji. Ka Abraham hia Abimelek sapi dènge kahib'i-kalèbho. Èle èèna ka, Abraham hag'e nare hari kahib'i-kalèbho èni pidhu ngi'u.","Èle èèna ka, Abraham nare kahib'i-kalèbho dènge sapi kahib'i-kalèbho, ka na hia Abimelek. Ka dua ra pa'èki lii pajaji. Ka Abraham kaboko rare ana kahib'i-kalèbho dhèu pidhu, sèna ka j'aj'i unu na."
GEN 21:29,"Abimelech said to Abraham, What do these seven ewe lambs, which you have set by themselves, mean?","Hèia dhèu aae karèi ne, peka na, Nga tao ka èu tao sèmi èèna?","Hèia Abimelek karèi Abraham, aku nèngu na, Ana kahib'i-kalèbho dhèu pidhu dhu èu tèke ètu era èèna, sasoa na ngaa?"
GEN 21:30,"He said, You shall take these seven ewe lambs from my hand, that it may be a witness to me, that I have dug this well.","Ka Abraham peka, aku nèngu na, Ama dhèu aae. Sèmi la kalèbho èni pidhu ngi'u se, sèna ka j'aj'i tadha dhu ama peka le na, ja'a ka dhu kèi èi na.","Hèia na dhaa, peka na, Sèmi ne'e. More ka ana kahib'i-kalèbho dhèu pidhu sèra nèti kacui-aai ja'a. Sèna ka j'aj'i mi tadha, na, ja'a ka dhu kèi ro'a èèna."
GEN 21:31,"Therefore he called that place Beersheba, because they both swore an oath there.","Lula dua ra dhu pa'èki le soo-subha ètu èèna, ka era na ra pangare na Beer-Syeba dhu sasoa na, ‘madha èi soo-subha'.","Nèti èèna ka, Musa pangare era èèna, Bersheba', lula dua ra subha dènge kolongara Lamatua ètu era èèna."
GEN 21:32,"So they made a covenant at Beersheba. Abimelech rose up with Phicol, the captain of his army, and they returned into the land of the Philistines.","Ropa pasubha èle, ka dhèu aae dènge kètu kapai sordad'u na lèpa ka, asa era rèngu, rai dhèu Pilistin.","Èle èèna ka, rèngu pa'èki lii pajaji èci dènge dhèu Isra'el ètu ledhe nèi, ngara na Be'er-Sheba. Ropa tadèngi rare lii pajaji èèna, hèia Abimelek dènge Pekol, kapala sordad'u na, pakèd'i lèpa asa rai dhèu Parisi."
GEN 21:33,"Abraham planted a tamarisk tree in Beersheba, and there he called on the name of the LORD, the Everlasting God.","Èle èèna ka, Abraham sèle aj'u tamareska ca kapua ètu Beer Syeba. Karèi nèti lod'o èèna, aj'u ne pasanèd'e Abraham, lula ètu era èèna ka, nèngu mangaj'i LAMATUA dhu Mamuri Toke D'ai Mia-Mia.","Èle èèna ka, baki Abraham sèle aj'u ca kapua dhu na sèle ètu rae cue, ngara na Be'a-Be'a. D'ai nèi, ka na pahaha iisi mi Ama Lamatua. Te Nèngu ne, Ama Lamatua dhu taa-taa toke d'ai mia-mia."
GEN 21:34,Abraham lived as a foreigner in the land of the Philistines many days.,Ka Abraham pea dènge ka ètu talora dhèu Pilistin sèmi dhèu tao mai.,Ka Abraham pea pèri-pèri lod'o ètu rai Filisti.
GEN 22:1,"After these things, God tested Abraham, and said to him, Abraham! He said, Here I am.","Nèbhu boe, hèia Lamatua sèku neo ne'a d'ara Abraham. Neo ne'a Abraham madhutu Lamatua, do aad'o. Ka Lamatua paroa ne, aku Nèngu na, Abraham! Hèia na dhaa, peka na, Ooo, Lamatua.","Nèbhu boe ka, Ama Lamatua neo sèku Abraham. Ka Na paroa ne, peka na, Abraham! Hèia Abraham dhaa, aku nèngu na, Tare'a! Ja'a mai le."
GEN 22:2,"He said, Now take your son, your only son, Isaac, whom you love, and go into the land of Moriah. Offer him there as a burnt offering on one of the mountains which I will tell you of.","Ka Ama Lamatua peka dènge ne, Mu nanene paie-iie! More ana pasue èu mone mesa na. Mèti ne asa rai Moria, ho tao ne j'aj'i korban tunu hia Ja'a. Pe d'ai nèi, Ja'a heka paj'uj'u era dhu ètu ledhe èci.","Hèia Ama Lamatua peka, aku Nèngu na, Sad'i èu mèti ku ana mone èu, ana mone mesa èu, Isak. Èu sue ne titu kèna. Lamu asa rai Moria, sèna ka saraka ana mu ètu èèna, sèna ka j'aj'i mi korban ètu kolo ledhe èci ètu era dhu bèli-camèd'a Ja'a paj'uj'u hia èu."
GEN 22:3,"Abraham rose early in the morning, and saddled his donkey, and took two of his young men with him, and Isaac his son. He split the wood for the burnt offering, and rose up, and went to the place of which God had told him.","D'ai bèli mad'ae aae na, Abraham sèg'i aj'u sèna ka tao kadhèna. Na èki, ka na hue asa dedha keled'ei. Ka dua ra dènge Isak, aa dènge dhèu sab'a na dhèu dua, pakèd'i asa era dhu Lamatua peka dènge ne.","Bèli mad'ae aae èèna, hèia Abraham kèd'i. Ka na manya'e keled'ei na, nèti ana mone na dhèu dua, dènge ana na Isak. Ka na pamae aj'u sèna ka tao korban. Hèia na kèd'i dènge ka, lèpa hari asa era dhu Ama Lamatua moa le dènge ne."
GEN 22:4,"On the third day Abraham lifted up his eyes, and saw the place far off.","Ra kako taruu, ka d'ai camèd'a èèna, Abraham nèdhi le era èèna nèti kaj'èu.","Asa camèd'a èèna, Abraham boti kètu, ka nèdhi era èèna nèti kaj'èu."
GEN 22:5,"Abraham said to his young men, Stay here with the donkey. The boy and I will go over there. We will worship, and come back to you.","Hèia na peka dènge dhèu dua sèra, aku nèngu na, Dua mi mate taha mi ne'e dènge keled'ei ne. Ja'a dènge ana ja'a la'a asa dedha nèi, ho mangaj'i Ama Lamatua. Ladhe èle na, ji'i lèpa hari mai.","Te ngaa Abraham peka dènge dhèu sab'a na sèra, aku nèngu na, Miu madhèdi ku ètu ne'e dènge keled'ei èèna. Te ja'a dènge ana ne, neo laku pahaha iisi mi Ama Lamatua ètu nèi. Èle èèna ka, ji'i lèpa hari mai."
GEN 22:6,Abraham took the wood of the burnt offering and laid it on Isaac his son. He took in his hand the fire and the knife. They both went together.,"Ka Abraham nare kadhèna dhu neo tunu korban, ka na tao mi kabela-kao Isak. Aa nèngu nèd'u tud'i, dènge suu ai. Ropa dua ra palere lasi,","Èle èèna ka, Abraham nare aj'u hia ana na Isak, sèna ka na tunu. Hèia na kèpe ai dènge rèka na. Ka dua ra lasi palere-lere."
GEN 22:7,"Isaac spoke to Abraham his father, and said, My father? He said, Here I am, my son. He said, Here is the fire and the wood, but where is the lamb for a burnt offering?","hèia Isak paroa ama na, aku nèngu na, Ama! Ka Abraham dhaa, aku nèngu na, Nga tao, ana? Hèia Isak karèi, aku nèngu na, Èdhi neo lati tunu korban. De ai dènge kadhèna ka se'e le. Te ngaa ana kahib'i-kalèbho dhu èdhi pake j'aj'i korban, ka mia?","Ropa Isak tadèngi nare, ka na karèi Abraham, aku nèngu na, Ama! Hèia Abraham dhaa, aku nèngu na, Oo, ana ja'a! Ka ana ne dhaa, aku nèngu na, Ira ii! Ana kahib'i-kalèbho ètu ne'e, j'aj'i ai dènge aj'u. Te ngaa ana kahib'i-kalèbho ètu mia, ho tunu asa d'ara Èmu Kapua Manèngi-Mangaj'i?"
GEN 22:8,"Abraham said, God will provide himself the lamb for a burnt offering, my son. So they both went together.","Te ngaa, aku Abraham na, Pe Ama Lamatua unu Na ka dhu hia ana kalèbho, sèna ka j'aj'i mi korban. Ka dua ra ca'e lasi taruu.","Hèia Abraham dhaa, aku nèngu na, Ana ja'a, ee! Ama Lamatua mesa Na ka dhu papuru ana kahib'i-kalèbho ne, sèna ka j'aj'i korban tunu. Ka dua ra lasi sama-sama."
GEN 22:9,"They came to the place which God had told him of. Abraham built the altar there, and laid the wood in order, bound Isaac his son, and laid him on the altar, on the wood.","Ropa dua ra d'ai era dhu Lamatua peka èèna, ka Abraham pudhi hadhu ho tao mei korban. Hèia na paloko kadhèna ètu dedha mei korban ne. Ka kèpe ana na Isak, èki patarenga ne ètu dedha kadhèna.","Ropa rèngu d'ai era dhu Ama Lamatua peka le dènge ne, hèia Abraham patitu mei sogo-tagu. Ka na tao aj'u sèna ka j'aj'i mi dedha mei. Èle èèna ka, na èki ana na Isak, ka na tao aj'u sèra ètu dedha mei èèna."
GEN 22:10,"Abraham stretched out his hand, and took the knife to kill his son.","Ka nare tud'i, ho neo kèj'i pamadhe ana na.","Hèia Abraham j'ole kacui-aai na, ho neo pamadhe ana na."
GEN 22:11,"The LORD's angel called to him out of the sky, and said, Abraham, Abraham! He said, Here I am.","Cag'ag'a laa, ana pajuu LAMATUA lii nèti dedha-liru, peka na, Abraham! Mata ku! Ka Abraham dhaa, aku nèngu na, Nga tao, Lamatua?","Hèia ana pajuu Lamatua nèti sorga paroa ne, peka na, Abraham! Ka Abraham dhaa, aku nèngu na, Oo! Mai ka!"
GEN 22:12,"He said, Don't lay your hand on the boy or do anything to him. For now I know that you fear God, since you have not withheld your son, your only son, from me.","Ka na peka hari, na, Baku pamadhe ana èèna! Baku tao ngaa-ngaa mi nèngu. Ja'a ke'a le, èu ne tare'a-re'a madhutu dad'èi Lamatua. Lula èu dènge d'ara kateme hia ana èu ca dhèu mesa èèna, sèna ka j'aj'i mi korban hia Ne.","Hèia lamatua oka ne dhaa, aku nèngu na, Èu baku tao ngaa-ngaa mi ana ne. Ja'a ke'a le, na, èu d'èi padètu dènge Ama Lamatua. Lula èu d'èi sèna ka Ja'a pua ana mu, te ngaa d'èi boe."
GEN 22:13,"Abraham lifted up his eyes, and looked, and saw that behind him was a ram caught in the thicket by his horns. Abraham went and took the ram, and offered him up for a burnt offering instead of his son.","Hèia Abraham ladhe nèdhi kahib'i-kalèbho mone ci'u, dhu tadhu na pakai nare dadana aaj'u dhu karoki. Ka na la'e kèpe nare, ho tunu j'aj'i mi korban hia Ama Lamatua, gati ana na.","Ropa Abraham ladhe nèdhi, hèia nèdhi ana kahib'i-kalèbho ci'u dhu bèdho ètu ro'a j'u'u. Ka Abraham la'e saraka ana kahib'i-kalèbho ne, ho j'aj'i korban tunu hia Ama Lamatua."
GEN 22:14,"Abraham called the name of that place The LORD Will Provide. As it is said to this day, On the LORD's mountain, it will be provided.","Ka Abraham pangare era èèna, na, ‘Lamatua sadia tèke ngaa dhu parluu. ' Nèti èèna ka, d'ai sange ne'e, dhèu peka na, Ètu ledhe LAMATUA èèna, Na sadia tèke ngaa dhu parluu.","Ka Abraham pangare era èèna, Ama Lamatua Sadia'. Nèti èèna ka, toke d'ai sange ne'e, Sasuri Mola-Mèci Lamatua suri tèke, peka na, Ètu ledhe Lamatua, èèna na, Ama Lamatua sadia tèke era èèna."
GEN 22:15,"The LORD's angel called to Abraham a second time out of the sky,","Èle èèna ka, ana pajuu Lamatua lii hari nèti dedha-liru, peka na,","Hèia ana pajuu Lamatua nèti sorga paroa hari Abraham, peka na,"
GEN 22:16,"and said, ‘I have sworn by myself, ' says the LORD, ‘because you have done this thing, and have not withheld your son, your only son,","LAMATUA unu Na, peka, ‘Ja'a subha dènge kolongara Ja'a mesa ku, sèmi ne'e, èu sadia le hia Ja'a ana mu ca dhèu mone mesa na ho j'aj'i mi korban. Nèti èèna ka,","Hèia Ama Lamatua peka dènge ne, aku Nèngu na, Ja'a subha dènge kolongara Ja'a mesa ku, Lula èu tule eele boe ana mone èu, ana mone mesa èu,"
GEN 22:17,"that I will bless you greatly, and I will multiply your offspring greatly like the stars of the heavens, and like the sand which is on the seashore. Your offspring will possess the gate of his enemies.","bèli-camèd'a, Ja'a pala-bagi èu dènge ana-èpu èu mèngi-nale ae-ae. Èèna na, ra bèba-kacanga, toke dhèu ige rare boe, sèmi hua-hètu ètu dedha-liru, aa salae ètu sebhe dhasi. Ana-èpu èu sèra, èèna na, segi aa'i musu rèngu sèra.","Ja'a hia mèngi-nale ae-ae mi dedha èu. Ja'a hia ana-èpu èu ae-ae, nuka sèmi hua-hètu ètu dedha-liru, aa sèmi salae ètu sebhe dhasi. Bèli-camèd'a ana-èpu èu mai, sèna ka ra segi musu ra."
GEN 22:18,"All the nations of the earth will be blessed by your offspring, because you have obeyed my voice. '","Nèti ana-èpu èu, dhèu aa'i-aa'i ètu rai-haha ne abhu mèngi-nale lula èu madhutu le lii paredha Ja'a. '","Aa suku aa'i-aa'i ètu rai-haha ne, èèna na abhu mèngi-nale, lula èu nanene Ja'a, hèia Ama Lamatua hia mèngi-nale mi ana-èpu èu ne. '"
GEN 22:19,"So Abraham returned to his young men, and they rose up and went together to Beersheba. Abraham lived at Beersheba.","Èle hèia, Abraham dènge Isak, lèpa hari asa era dhu dhèu sab'a na sèra. Ka lasi palere asa Beer-Syeba. D'ai nèi, Abraham si pea dènge ka.","Ropa tadèngi nare, hèia Abraham lèpa hari asa angalai na sèra. Ka dua ra pakèd'i lasi asa kota èci, ngara na Be'er-Sheba. Ropa d'ai nèi, Abraham pea taruu ètu nèi."
GEN 22:20,"After these things, Abraham was told, Behold, Milcah, she also has borne children to your brother Nahor,","Ca lod'o, Abraham tadèngi na, dhèu èmu ari na Nahor, dhu ngara na Milka, nara iisi ana na.","Èle èèna ka, dhèu mai peka dènge Abraham, aku rèngu na, Ira ii! Miu ladhe ku ana-èpu nèti a'a mu, Nahor."
GEN 22:21,"Uz his firstborn, Buz his brother, Kemuel the father of Aram,","Ana uru, ngara na Us. Ari na, Bus. Èle ka, nara iisi hari Kemuel dhu j'aj'i ama Aram.","Us, ana uuru Na, Bus, ari na, Kemuel, ama na, Arni,"
GEN 22:22,"Chesed, Hazo, Pildash, Jidlaph, and Bethuel.","Ka na abhu hari Kesed, Haso, Pildas, Yidlaf, dènge Betuel.","Kesed, Hazo, Pildas, Yidaf, dènge Bethuel."
GEN 22:23,"Bethuel became the father of Rebekah. These eight Milcah bore to Nahor, Abraham's brother.","Betuel èèna, ama nèti Ribka.","Betuel matana Rebeka. Nèti ana-èpu na aru, èci ngara na Nahor. Nahor ne, ari Abraham."
GEN 22:24,"His concubine, whose name was Reumah, also bore Tebah, Gaham, Tahash, and Maacah.","Nahor abhu ana kahèi nèti bhèni piara na, ngara na Reuma. Ana Reuma, nuka, Teba, Gaham, Tahas, dènge Maaka.","Aa bhèni dhèu èmu Na, ngara na Reuma. Nèngu ne, dhèu èmu Na kahèi. Nèngu abhu ana-èpu na, nuka, Teba, Gaham, Tahas, dènge Maaka."
GEN 23:1-2,"Sarah lived one hundred twenty-seven years. This was the length of Sarah's life. Sarah died in Kiriath Arba also called Hebron, in the land of Canaan. Abraham came to mourn for Sarah, and to weep for her.","Lod'o Sara madhe, umur na ca ngasu dua nguru pidhu tèu le. Lod'o na madhe èèna, Abraham si pea ètu rae Kiryat-Arba nuka Hebron, ètu rai Kana'an. Ka Abraham beke aa tangi dhèu èmu na dènge d'ara pèd'a.","Lod'o Sara mamuri, na mamuri toke d'ai cangasu pidhu nguru tèu. Sara madhe ètu kota cue, ngara na Kirat-Arba, ètu rai Kana'an. Ngara kota ne, ngara na Hebron. Lod'o èèna, Abraham la'e manyasa lula dhèu madhe Sara, ka na tangi ne."
GEN 23:3,"Abraham rose up from before his dead and spoke to the children of Heth, saying,","Hèia Abraham kèd'i la'e paraga dènge dhèu-dhèu Het. Ka na peka dènge si, aku nèngu na,","Ropa na madhe, hèia Abraham kèd'i titu, ka na padhai lii dènge dhèu Het sèra, aku nèngu na,"
GEN 23:4,"I am a stranger and a foreigner living with you. Give me a possession of a burying-place with you, that I may bury my dead out of my sight.","Ja'a ne, dhèu tao mai ètu talora miu se. Ja'a dhu dènge boe rai ca kasib'i sa, sèna ka padhane dhèu èmu ja'a. De ladhe miu sue ja'a, ja'a hèli kore rai miu d'ai ca kasib'i sa, ho tao era padhane ne.",Miu hud'i hia ku ja'a era padhane dhèu madhe. Te ja'a ne dhèu leo rai kara dhu pea ètu talora aae miu. De hua iia miu hia ja'a era padhane dhèu madhe ètu era èèna.
GEN 23:5,"The children of Heth answered Abraham, saying to him,","Hèia ra dhaa, aku rèngu na,","Hèia ana-èpu Het dhaa, peka na,"
GEN 23:6,"Hear us, my lord. You are a prince of God among us. Bury your dead in the best of our tombs. None of us will withhold from you his tomb. Bury your dead.","Sèmi ne'e, ama! Nèbhu nare sange ne'e, ji'i se tadhe le ama, dhu sama sèmi ca dhèu, dhèu heka dhu ji'i pakab'ua. De sad'i ama d'èi rai mia dhu be'a, dhu pamèci dènge dad'èi ama. Ji'i se dhoka ngo'o di, dhèu èci sa dhu magee boe.","Ama dhèu aae, ee! Ji'i manèngi sèna ka Ama nanene paie-iie lii padhai ji'i. Ama dhèu aae kapai, Ama Lamatua dhu hag'e nare le ji'i. De madhutu dad'èi Lamatua, na, èu hud'i padhane dhèu madhe ètu era dhu be'a risi ètu d'ara rae ji'i. Abhu boe èci sa nèti ji'i dhu bisa hia koasa mi Lamatua, sèna ka Lamatua hia ro'a mi dhèu madhe sèra."
GEN 23:7,"Abraham rose up, and bowed himself to the people of the land, to the children of Heth.","Hèia Abraham pacud'u iisi ho hia hormat mi lamatua rai, dhèu Het sèra.","Hèia Abraham kèd'i titu, ka na patitu kètu urutuu na, ètu madha dhèu-dhèu nèti rai èèna, nuka ana-èpu Het."
GEN 23:8,"He talked with them, saying, If you agree that I should bury my dead out of my sight, hear me, and entreat for me to Ephron the son of Zohar,","Ka na padhai lii, peka na, Ladhe miu sèmi lii ja'a na, ja'a manèngi ho peka dènge ana mone Sohar, dhu ngara na Efron.","Hèia na padhai lii dènge rèngu, peka na, Ladhe miu d'èi, na, ja'a padhane eele dhèu-dhèu ja'a dhu madhe sèra. De ja'a manèngi sèna ka miu nanene ku lii ja'a ne. Ja'a manèngi sèna ka Ephron, ana Sohar,"
GEN 23:9,"that he may sell me the cave of Machpelah, which he has, which is in the end of his field. For the full price let him sell it to me among you as a possession for a burial place.","Peka dènge ne, ladhe na d'èi, na pahia dènge ja'a loe na, Makpela, dhu ètu karasa oka na. Na manèngi ca ngaa èèna ka, ja'a tihe. Ja'a neo tihe pama'ète kab'ua na, ètu madha miu aa'i-aa'i mi, sèna ka rai èèna j'aj'i unu ja'a. Ja'a neo tao era èèna, j'aj'i mi ro'a dhèu madhe ji'i.","De hua iia ama ku pahie hèb'a rai na ètu sebhe rai èèna. Hua iia ama ku pahie hèb'a rai èèna hia ja'a, sèna ka ja'a abhu era padhane dhèu madhe. De hua iia ama ku pahie hèb'a rai èèna, sèna ka ja'a abhu era padhane dhèu madhe. De hua iia ama ku pahie hèb'a rai èèna, sèna ka ja'a abhu era padhane dhèu madhe."
GEN 23:10,"Now Ephron was sitting in the middle of the children of Heth. Ephron the Hittite answered Abraham in the hearing of the children of Heth, even of all who went in at the gate of his city, saying,","Lod'o èèna, Efron madhèdi ètu era èèna kahèi, dènge dhèu-dhèu Het sèra. Ka na tadèngi kahèi lii padhai lii Abraham deo na. Hèia na kèd'i titu, ka na b'ala Abraham ètu madha dhèu heka aa'i-aa'i ra ètu sèra, aku nèngu na,","Lod'o èèna, Efron dhu madhèdi ètu talora aae dhèu Het. Ropa na tadèngi dhèu Het mai asa hèb'a tedhe babèdho kota, hèia na dhaa, aku nèngu na,"
GEN 23:11,"No, my lord, hear me. I give you the field, and I give you the cave that is in it. In the presence of the children of my people I give it to you. Bury your dead.","Baku sèmi èèna, ama! Sèmi ne'e ka laa! Oka dènge loe Makpela èèna, ja'a hia iia ama. Sèna ka mu padhane dhèu èmu èu mi èèna. Ja'a pangèd'u rai èèna mi ama, ètu madha dhèu-dhèu ja'a se. Sèna ka rèngu aa'i-aa'i ra j'aj'i sakasii!","Aad'o, ama! Ja'a neo hia rai ne'e mi ama. Aa ro'a dhu ètu d'ara rai ne, ja'a hia kahèi mi ama. Ja'a hia rai ne asa ama. Dhèu ja'a aa'i-aa'i ladhe rèdhi, na, ja'a hia ne asa ama. Pasanèd'e dhèu madhe èu, sèna ka ra padhane èu."
GEN 23:12,Abraham bowed himself down before the people of the land.,Ka Abraham pacud'u kètu hari mi dhèu Het se.,"Hèia Abraham patitu kètu urutuu na, ètu madha dhèu aa'i-aa'i ètu èèna."
GEN 23:13,"He spoke to Ephron in the audience of the people of the land, saying, But if you will, please hear me. I will give the price of the field. Take it from me, and I will bury my dead there.","Hèia na peka dènge Efron, aku nèngu na, Sèmi èèna oo, be'a kahèi. Te ngaa miu nanene lii ja'a, la ma. Ja'a neo hèli pama'ète rai na, sèna ka j'aj'i era padhane dhèu-dhèu ja'a.","Èle èèna ka, na padhai lii dènge Ephron ètu madha dhèu aa'i-aa'i ètu d'ara rai èèna, aku nèngu na, Ama! Ladhe mo'o, na, ja'a b'ae rai èèna madhutu kab'ua na. Hud'i laa ja'a padhane dhèu madhe ja'a ètu èèna."
GEN 23:14-15,"Ephron answered Abraham, saying to him, My lord, listen to me. What is a piece of land worth four hundred shekels of silver between me and you? Therefore bury your dead.","Hèia, aku Efron na, Rai èèna, kab'ua na, dhoka èpa ngasu doi pudhi di. Guna ngaa èdhi dua ti padhue kab'ua rai ciki oo'e èèna, dhu sasoa na aad'o. De lamu ka, ho mèti dhèu madhe na, sèna ka padhane ne ètu nèi.","Te ngaa Efron dhaa, peka na, Aad'o, ama! Ja'a manèngi sèna ka èu nanene ku lii ja'a ne. Ètu talora aae èu dènge ja'a, abhu rai cue, dhu kab'ua na, èpa ngasu doi iia. De èu padhane ku dhèu madhe èu."
GEN 23:16,"Abraham listened to Ephron. Abraham weighed to Ephron the silver which he had named in the hearing of the children of Heth, four hundred shekels of silver, according to the current merchants' standard.","Ka Abraham d'èi kahèi dènge kab'ua na sange èèna, madhutu sèmi lii Efron. Hèia ètu madha dhèu ae-ae sèra, na ige nare doi pudhi èpa ngasu, tihe kab'ua rai èèna mi Efron.","Ropa tadèngi nare lii padhai Ephron, hèia Abraham ige ne. Ka na ige hèb'a na, hèia na ige hèb'a na mi hèb'a na. Hèia na ige hèb'a na mi hèb'a na, hèb'a na, èpa ngasu doi iia."
GEN 23:17-19,"So the field of Ephron, which was in Machpelah, which was before Mamre, the field, the cave which was in it, and all the trees that were in the field, that were in all of its borders, were deeded to Abraham for a possession in the presence of the children of Heth, before all who went in at the gate of his city. After this, Abraham buried Sarah his wife in the cave of the field of Machpelah before Mamre that is, Hebron, in the land of Canaan.","De dènge j'ara sèmi èèna, Abraham abhu dènge rai ne nèti Efron, j'aj'i mi unu na. Rai na nuka ètu Makpela, padètu dènge Mamre nuka Hebron. Na hèli pama'ète rai ne dènge oka na, dènge loe na, aa dènge aj'u aa'i-aa'i ra. Dhèu-dhèu heka nèti suku Het, aa'i-aa'i ra ka dhu j'aj'i sakasii, peka na, rai èèna dènge isi aa'i-aa'i j'aj'i le unu Abraham. Èle èèna ka, Abraham la'e padhane Sara ètu d'ara loe èèna, ètu rai Kana'an.","Ètu hèb'a-hèb'a èèna, abhu rai èci, ngara na Ephron. Ngara oka ne, ètu hèb'a-hèb'a ètu hèb'a-hèb'a hèb'a-hèb'a na, ètu hèb'a-hèb'a hèb'a-hèb'a na, ètu hèb'a-hèb'a hèb'a-hèb'a na, ètu hèb'a-hèb'a hèb'a-hèb'a na, ètu hèb'a-hèb'a hèb'a-hèb'a na, ètu hèb'a-hèb'a hèb'a-namo ètu hèb'a-namo Mamre. Ètu hèb'a-namo èèna, Abraham padhane dhèu èmu na, Sara. Ka ra padhane ne ètu hèb'a-namo èci, ètu hèb'a-namo ètu hèb'a-namo ètu hèb'a-namo Mamre, ètu hèb'a-namo ètu hèb'a-namo Kenan."
GEN 23:20,"The field, and the cave that is in it, were deeded to Abraham by the children of Heth as a possession for a burial place.","Dènge sèmi èèna, dhu uru èèna oka dènge loe na unu dhèu Het, limuri ne j'aj'i le rai unu Abraham. Ka na tao j'aj'i mi era udhu rui ra.","Ka baki Abraham sèmi nare rai èèna, dènge ro'a ètu d'ara ro'a èèna. Ra hia ne j'aj'i rai pusaka ana-èpu nèti hèti, ho j'aj'i era padhane dhèu madhe."
GEN 24:1,"Abraham was old, and well advanced in age. The LORD had blessed Abraham in all things.","Tèu-tèu mamuri Abraham madhera titu kèna. LAMATUA ladhe-leru ne dènge be'a, aa hia ne mamuri dènge mera-milu.","Lod'o èèna, Abraham dhu heka leko-leo le. Lamatua hia ne mèngi-nale ètu madha j'ara aa'i-aa'i ra."
GEN 24:2-3,"Abraham said to his servant, the elder of his house, who ruled over all that he had, Please put your hand under my thigh. I will make you swear by the LORD, the God of heaven and the God of the earth, that you shall not take a wife for my son of the daughters of the Canaanites, among whom I live.","Abraham dhu dènge dhèu èci dhu na lèka ho ladhe-leru mèdha-panyau na. Ca lod'o, Abraham paroa nare, ka peka dènge ne, aku nèngu na, Mu pasa dhilu èu paie-iie! Ja'a manèngi sèna ka èu subha madhe dènge kolongara LAMATUA. Nèngu ka, Ama Lamatua dhu tao dedha-liru dènge rai-haha ne. Dhu peka na, èu bisa boe more ana bhèni nèti dhèu Kana'an, ho paleo dènge ana ja'a Isak.","Èle èèna ka, Abraham peka dènge dhèu sab'a na ca dhèu, dhu j'aj'i kapala nèti aa'i-aa'i ètu d'ara èmu na, aku nèngu na, Èu hud'i tao ku kacui-aai èu ètu ro'a dhari ja'a, sèna ka ja'a bisa ladhe-leru èu. Te ja'a ne, Lamatua ètu sorga, aa Lamatua ètu rai-haha ne. De ja'a manèngi èu subha dènge kolongara Lamatua, ho èu baku leo-èmu ana-èpu ja'a nèti suku Kana'an, dhu ja'a pea ètu talora aae rèngu."
GEN 24:4,"But you shall go to my country, and to my relatives, and take a wife for my son Isaac.","Te ngaa èu hud'i lamu ku asa rai èta-èsu ja'a, asa a'ari ja'a. Ho tenge ètu rèngu sèi, ana bhèni ca dhèu, ho mu paleo dènge ana ja'a ne.","Te ngaa èu hud'i lamu ku asa rai ja'a, asa a'ari ja'a ètu nèi. Ètu nèi, èu hud'i leo ku dhèu èmu ana ja'a, Isak."
GEN 24:5,"The servant said to him, What if the woman isn't willing to follow me to this land? Must I bring your son again to the land you came from?","Hèia dhèu sab'a ne karèi Abraham, aku nèngu na, Be'a, ama! Te ngaa, sèmi ana bhèni na d'èi boe mai asa ne'e, na tasamia? Ladhe sèmi èèna, hud'i ja'a kèti ana ama ku, ho hia ne leo-èmu ètu nèi, do tasamia?","Ropa na tadèngi nare, hèia dhèu sab'a ne karèi hari, peka na, Ladhe bhèni ne no'o boe mai dènge ja'a asa ne'e, na, tasamia? Neo ja'a lèpa hari ana mu asa rai ama, do?"
GEN 24:6,"Abraham said to him, Beware that you don't bring my son there again.","Hèia, aku Abraham na, Èu nanene paie! Masi ka tasamia èèna ka, mage èu mèti ana ja'a ne, asa nèi kahèi!","Te ngaa Abraham b'ala ne, aku nèngu na, Sanèd'e, ee! Baku mèti hari ana ja'a asa nèi!"
GEN 24:7,"The LORD, the God of heaven-who took me from my father's house, and from the land of my birth, who spoke to me, and who swore to me, saying, ‘I will give this land to your offspring-he will send his angel before you, and you shall take a wife for my son from there.","Mu sanèd'e, te LAMATUA dhu nèd'u koasa ètu dedha-liru, ka dhu lere ja'a nèti rai èta-èsu ja'a, asa dedha-rai ne'e ne. Aa dhu Na pa'èki le lii pajaji dènge ja'a, dhu peka na, ‘Èèna na, Ja'a hia rai ne aa'i-aa'i mi ana-èpu èu. ' De èu baku madha'u. Sad'i lamu. Te èèna na, Lamatua pua ana pajuu Na nèti sorga, mai bhoke j'ara hia èu, sèna ka èu paraga dènge ana bhèni, dhu èèna na j'aj'i dhèu èmu ana ja'a.","Ama Lamatua, nuka Ama Lamatua ètu sorga. Nèngu ka dhu hag'e nare ja'a nèti èmu ama ku, aa nèti rai ina-ama ja'a. Nèngu ka dhu padhai lii dènge ja'a, aa dhu pajaji, peka na, Ja'a hia rai ne'e mi ana-èpu èu, sèna ka j'aj'i unu èu. ' De èèna na, Lamatua pua ana pajuu Na nèti sorga, ho la'e uri èu, sèna ka èu leo-èmu hia ana-èpu ja'a ètu nèi."
GEN 24:8,"If the woman isn't willing to follow you, then you shall be clear from this oath to me. Only you shall not bring my son there again.","Te ngaa ladhe ana bhèni na d'èi boe mai asa ne'e, lii soo-subha ne lèke boe èu. Masi ka tasamia na, èu bisa boe mèti ana ja'a asa nèi.","Te ngaa ladhe bhèni ne no'o boe madhutu èu, na, èu hud'i pasae hari ku lii subha dhu ja'a pajaji èèna. Te ngaa baku lere hari ana ja'a asa nèi."
GEN 24:9,"The servant put his hand under the thigh of Abraham his master, and swore to him concerning this matter.","Hèia dhèu ne, ded'e subha dènge Abraham, ka na peka, èèna na, nèngu tao madhutu dad'èi Abraham aa'i-aa'i.","Hèia dhèu sab'a ne tao kacui-aai na ètu ro'a dhari lamatua na Abraham, ka na subha dènge ne, aku nèngu na, Ja'a ko'o boe, ee! Hud'i laa èu nanene ku lii pajaji ja'a ne."
GEN 24:10,"The servant took ten of his master's camels, and departed, having a variety of good things of his master's with him. He arose, and went to Mesopotamia, to the city of Nahor.","Ka dhèu èèna pili nare badha onta canguru ngi'u. Hèia na hua rupa-rupa mèdha dhu kab'ua asa dedha onta se. Hèia la'e ka asa kota Nahor, ètu rai Mesopotamia.","Ropa nèdhi sèmi èèna, hèia dhèu sab'a ne kèd'i titu, ka na nèti dènge badha unta na canguru bua. Na nèti dènge mèdha-panyau dhu be'a ae-ae nèti lamatua na. Ka na pakèd'i la'e asa kota Nahor, ètu propensi Mesopotamia."
GEN 24:11,"He made the camels kneel down outside the city by the well of water at the time of evening, the time that women go out to draw water.","Nèbhu-nèbhu ka mone ne d'ai kota èèna. Hèia na ae kabhèsu dènge onta sèra ètu sebhe kota èèna, dètu dènge madha èi èci. Na ae èèna d'ara lod'o nihia le, ropa ana bhèni-ana bhèni kota èèna mai rara èi ètu madha èi èèna.","Ropa d'ai lod'o nihia, hèia na pua badha onta sèra patitu kètu urutuu ra ètu sebhe madha kota. Lod'o èèna, dhèu bhèni mai usu èi."
GEN 24:12,"He said, LORD, the God of my master Abraham, please give me success today, and show kindness to my master Abraham.","Hèia dhèu ne sabaj'a, peka na, LAMATUA, Èu ka dhu j'aj'i Ama Lamatua nèti lamatua ja'a, Abraham. Bhoke j'ara hia ja'a, sèna ka kakako ja'a ne dènge kab'ua. Pad'elo sasue Èu mi lamatua ja'a, aa baku bhèlu lii pajaji ne dènge ja'a. De hia la ja'a paraga dènge ana bhèni dhu èèna na j'aj'i dhèu èmu Isak.","Hèia na sabaj'a, aku nèngu na, Ama Lamatua! Ama Lamatua nèti lamatua ja'a Abraham. Ja'a manèngi, na, Lamatua pad'elo d'ara hua iia Na mi lamatua ja'a, Abraham. Ja'a manèngi kahèi, ho Lamatua pad'elo d'ara hua iia Na mi ja'a, toke d'ai sange ne'e ne."
GEN 24:13,"Behold, I am standing by the spring of water. The daughters of the men of the city are coming out to draw water.","Lamatua, ja'a ka titu ètu karasa madha èi ne. Aa ana bhèni-ana bhèni nèti kota ne, mai rara èi ètu ne'e.",Nanene paie-iie! Ja'a titu ètu sebhe madha èi ne. Ana bhèni nèti dhèu-dhèu ètu d'ara kota ne mai usu èi.
GEN 24:14,"Let it happen, that the young lady to whom I will say, ‘Please let down your pitcher, that I may drink, ' then she says, ‘Drink, and I will also give your camels a drink, '-let her be the one you have appointed for your servant Isaac. By this I will know that you have shown kindness to my master.","De ja'a manèngi sèmi ne'e, ladhe ja'a padhai lii dènge ana bhèni èci, peka na, ‘Ana, ee! Papuru ku èru èi èu hia ja'a kinu. ' Ho ladhe na dhaa, peka na, ‘Ama, minu la! Aa, pe ja'a hia dènge onta ama, rinu hèi! ' J'ara ne'e ne j'aj'i tadha dhu peka na, ana bhèni ne ka dhu Ama Lamatua paj'uj'u, j'aj'i mi dhèu èmu Isak! Dènge tadha sèmi ne'e, ja'a ke'a na Lamatua pad'elo le babe'a mi Abraham, lamatua ja'a èèna.","Ladhe ja'a pua ana bhèni èèna, peka na, Ladhe sèmi èèna, ja'a manèngi ho èu bhori eele g'ala èu, sèna ka ja'a bisa kinu. ' Hèia bhèni ne dhaa, aku nèngu na, Inyi, ho ja'a panga'a unta èu sèra kahèi. ' Te ngaa hud'i laa, hud'i laa nèngu ka dhu èu ded'e ho j'aj'i dhèu mone dhu èu hag'e nare ho j'aj'i dhèu ènu èu, Isak. Dènge j'ara ne'e, ja'a ke'a, na, èu pad'elo le d'ara hua iia èu mi lamatua ja'a."
GEN 24:15-16,"Before he had finished speaking, behold, Rebekah came out, who was born to Bethuel the son of Milcah, the wife of Nahor, Abraham's brother, with her pitcher on her shoulder. The young lady was very beautiful to look at, a virgin. No man had known her. She went down to the spring, filled her pitcher, and came up.","Dhu na sabaj'a nare mèka, ana bhèni ca dhèu mai. Ngara na Ribka. Nèngu ne, èpu nèti ari Abraham, nuka Nahor, dènge dhèu èmu na, Milka. Ama Ribka, ngara na Betuel. Ribka ne, bhèni iia nia boe, aa pa'èci nèdhi mèka dènge mone. D'ai era èèna, puru asa d'ara èi la'e, ka na isi èru èi na. Nèbhu boe, ka ca'e mai sa dedha.","Ropa na padhai lii nare mèka, hèia Ribka kalua nèti d'ara èmu. Ribka ne, ama nèti Bethuel. Ribka ne, ana nèti Milka, dhèu èmu Nahor. Nèngu ne, ari nèti Abraham. Ribka ne, dhèu rai nèti dhèu èci sa dhu tadhe boe ne. Ribka ne, dhèu bhèni dhu be'a titu kèna. Hèia na puru la'e asa madha èi. Ka na isi èi g'ala na, hèia na puru mai."
GEN 24:17,"The servant ran to meet her, and said, Please give me a drink, a little water from your pitcher.","Ropa nare dedha, ka dhèu sab'a Abraham èèna, la'e padètu dènge ne. Hèia na manèngi, peka na, Ana. Hia ku ja'a kinu ciki.","Hèia dhèu sab'a ne rai la'e paraga dènge bhèni ne, ka na manèngi, aku nèngu na, Ja'a manèngi èi ciki nèti g'ala èu, ho ja'a kinu."
GEN 24:18,"She said, Drink, my lord. She hurried, and let down her pitcher on her hand, and gave him a drink.","Ka na dhaa, Minu la, ama! Hèia na papuru ka èru èi na, ka na hia dhèu ne ninu.","Hèia bhèni ne dhaa, aku nèngu na, Sèmi ne'e, ama. Ka na rai dènge ka. Ka na bhoke eele g'ala na, hèia hia Yesus ninu."
GEN 24:19,"When she had finished giving him a drink, she said, I will also draw for your camels, until they have finished drinking.","Ropa ninu èle, ka ana bhèni ne peka na, Pe ja'a laku dhui hari èi, sèna ka hia onta ama se, rinu toke bècu.","Ropa na panga'a nare, hèia na lii, aku nèngu na, Sèmi ne'e. Ja'a neo èi papènu badha unta èu sèra kahèi, toke rèngu rinu aa'i mèu-mèu."
GEN 24:20,"She hurried, and emptied her pitcher into the trough, and ran again to the well to draw, and drew for all his camels.","Ka la'e bhori èi dhu risi, asa d'ara karab'a badha. Hèia na ca'e-la'e mai pèri-pèri hari, dhui èi, ho hia onta se rinu toke bècu.","Hèia bhèni ne rai dènge ka na bhori eele g'ala na asa d'ara ro'a. Ka na rai hari asa d'ara ro'a èèna, ho ère badha. Hèia na ère badha onta sèra aa'i-aa'i ra."
GEN 24:21,"The man looked steadfastly at her, remaining silent, to know whether the LORD had made his journey prosperous or not.","Te ngaa dhèu sab'a Abraham, titu ka mau-mau, na taru kira ka ana bhèni ne sab'a. Ka na pangee ètu d'ara na, aku nèngu na, Ele boe nèngu èèna ka ne'e, dhu Lamatua paj'uj'u.","Te ngaa dhèu èèna dhaa boe ngaa-ngaa, ho neo ne'a, na, Lamatua hia le nèngu mèngi-nale, do aad'o."
GEN 24:22,"As the camels had finished drinking, the man took a golden ring of half a shekel weight, and two bracelets for her hands of ten shekels weight of gold,","Onta se rinu toke bècu. Hèia dhèu ne nare kadheli sahènga, dènge kanau ca pasa. Mèdha se dhu tao nèti hualaa. Ka na pasa mi sahènga dènge pasaluu mi ai kariu dènge g'ana ana bhèni ne.","Ropa rèngu rinu aa'i mèu-mèu, hèia dhèu èèna nare kadheli hualaa cue, dhu pènu dènge canguru saku. Aa nare kacui-aai dhèu dua, dhu pènu dènge canguru saku."
GEN 24:23,"and said, Whose daughter are you? Please tell me. Is there room in your father's house for us to stay?","Èle èèna ka, dhèu ne karèi ne, aku nèngu na, Ana, ama mu, ngara na cee? Ladhe mo'o, na ja'a manubha taha ètu èmu ama mu.","Hèia na karèi, aku nèngu na, Èu ne, ana dhèu cee? Peka ku laa! Ètu èmu ama mu, abhu kama ho ji'i manubha ètu ne'e, do?"
GEN 24:24,"She said to him, I am the daughter of Bethuel the son of Milcah, whom she bore to Nahor.","Hèia na dhaa, Ngara ama ku, na Betuel. Aa ngara baki ku, Nahor. Dènge ngara bèi ku, Milka.","Hèia na dhaa, aku nèngu na, Oo! Ja'a ne, ana bhèni nèti Bethuel. Bethuel ne, ama nèti Milka. Nahor nara iisi ne, ngara na Nahor."
GEN 24:25,"She said moreover to him, We have both straw and feed enough, and room to lodge in.","Ètu èmu ji'i, era j'unu ae, de d'ai miu j'unu. Aa j'u'u ae kahèi, ho hia badha miu se ra'a.","Te ngaa ina ne dhaa, aku nèngu na, Ira ii! Nganga'a dènge nganga'a ji'i d'ai le. Era pea ji'i d'ai le."
GEN 24:26,"The man bowed his head, and worshiped the LORD.",Hèia dhèu sab'a ne pahaha iisi ho mangaj'i mi LAMATUA.,"Ropa ladhe nèdhi sèmi èèna, ka dhèu èèna patitu kètu urutuu, ho pahaha iisi mi Ama Lamatua."
GEN 24:27,"He said, Blessed be the LORD, the God of my master Abraham, who has not forsaken his loving kindness and his truth toward my master. As for me, the LORD has led me on the way to the house of my master's relatives.","Ka na peka, aku nèngu na, Koa-kio kolongara Lamatua! Ama Lamatua bhoke le j'ara hia ja'a, ka ja'a paraga le dènge a'ari lamatua ja'a Abraham ètu kabarai ne'e. Dènge j'ara ne'e, Lamatua pad'elo sasue Na mi lamatua ja'a, Abraham, aa tao madhutu sama sèmi lii pajaji na dènge ja'a.","Hèia na sabaj'a, peka na, Koa-kio Lamatua! Lamatua èèna, Ama Lamatua nèti lamatua ja'a Abraham. Te Lamatua dhu pad'elo le d'ara hua iia Na, aa pad'elo le d'ara hua iia Na mi lamatua ja'a. Nèti èèna ka, Lamatua bhoke le j'ara, sèna ka ja'a bisa lèpa hari asa a'ari nèti lamatua ja'a."
GEN 24:28,"The young lady ran, and told her mother's house about these words.","Èle èèna ka, ana bhèni ne rai la'e asa èmu, na lolo dènge isi èmu na ngaa dhu j'aj'i le èèna.","Ka ana bhèni ne rai la'e lolo dènge ina na, ngaa dhu j'aj'i se aa'i-aa'i ra."
GEN 24:29-30,"Rebekah had a brother, and his name was Laban. Laban ran out to the man, to the spring. When he saw the ring, and the bracelets on his sister's hands, and when he heard the words of Rebekah his sister, saying, This is what the man said to me, he came to the man. Behold, he was standing by the camels at the spring.","Ana mone Ribka, ngara na Laban. Ropa Laban ladhe nèdhi mèdha hualaa se, aa na tadèngi lii lolo ana hèni na, ka rai asa li'u la'e. La'e soru dhèu sab'a Abraham dhu titu era dènge onta ra ètu madha èi.","Lod'o èèna, Ribka dènge ari na dhèu èci, ngara na Laban. Laban rai la'e tenge dhèu èèna, ka na la'e tenge dhèu èèna ètu madha madha èi èèna. Ropa nèdhi kacui-aai dhèu èèna, ka na ladhe nèdhi kacui-aai ètu kacui-aai ari na, dènge rèu rèka dhu ètu kacui-aai na. Ropa na tadèngi lii padhai Ribka, peka na, Nanene paie-iie lii dhèu èèna, hèia na la'e paraga dènge dhèu èèna. Kabèdhi laa, na, nèngu titu ètu sebhe badha onta-otagu na."
GEN 24:31,"He said, Come in, you blessed of the LORD. Why do you stand outside? For I have prepared the house, and room for the camels.","Hèia Laban peka, aku nèngu na, Ama! LAMATUA ka dhu lere miu mai dènge karej'e-karae d'ai ne'e. De baku titu mi li'u ne! Mai lati sa èmu ji'i, te ji'i lalau ngare le kama. Nganga'a hia badha se, dhu tesa.","Hèia Stefanus dhaa, aku nèngu na, Wee! Ama Lamatua dhu hia mèngi-nale mi dhèu nèti sorga. Miu mai ka! Nga tao ka miu titu ètu li'u ne? Ja'a sadia kore le kama hia badha onta se aa'i-aa'i ra."
GEN 24:32,"The man came into the house, and he unloaded the camels. He gave straw and feed for the camels, and water to wash his feet and the feet of the men who were with him.","Hèia dhèu sab'a Abraham ne, madhutu dènge ka Laban, lasi èmu Betuel. Ka Laban si papuru mèdha-panyau nèti dedha onta se. Èle èèna ka, ra panga'a onta se. Rèti èi, hia dhèu sab'a dènge anga na se, ho rase haga.","Èle èèna ka, dhèu sab'a ne maso asa d'ara èmu. Hèia na papuru haga nèti badha. Ka na hia rèu i'a, sèna ka j'aj'i nganga'a. Aa na hia èi kahèi, ho rase haga na dènge ana madhutu na sèra."
GEN 24:33,"Food was set before him to eat, but he said, I will not eat until I have told my message. Laban said, Speak on.","Ropa lalau rare nganga'a-nginu ètu dedha mei, dhèu sab'a ne padhai lii, aku nèngu na, Ji'i neo nga'a ne, te ngaa ja'a lole uuru ku, mamai ja'a ne. Ka Laban dhaa, peka na, Ama, mu padhai lii ngaa, na peka ka laa.","Ka ra hia ne nganga'a. Te ngaa na dhaa, aku nèngu na, Aad'o! Ja'a hud'i peka uuru ku lii padhai ja'a, heka ja'a ku'a kèna. Te ngaa Laban dhaa, aku nèngu na, Ama! Peka ku laa!"
GEN 24:34,"He said, I am Abraham's servant.","Hèia dhèu èèna peka, aku nèngu na, Ja'a ne, dhèu sab'a nèti baki miu Abraham.","Hèia dhèu aae dhaa, aku nèngu na, Ja'a ne, ana pua-paleha Abraham."
GEN 24:35,"The LORD has blessed my master greatly. He has become great. The LORD has given him flocks and herds, silver and gold, male servants and female servants, and camels and donkeys.","LAMATUA hia Abraham, lamatua ja'a èèna, mèngi-nale ae titu kèna, ka na kaja-su'i. Lamatua pala-bagi ne doi hualaa pudhi dènge hualaa iia, ènu dhèu bhèni dènge dhèu mone, dènge badha-manu ae-ae, sèmi, sapi, onta, keled'ei, kahib'i-ka'ia, dènge kahib'i-kalèbho.","Lamatua hia le berkat ae-ae mi lamatua ja'a. Nèti èèna ka, nèngu j'aj'i dhèu kapai titu kèna. Lamatua hia ne kahib'i-kalèbho, sapi, doi pudhi dènge hualaa, ana pua-paleha dhèu mone, badha dènge badha keled'ei."
GEN 24:36,"Sarah, my master's wife, bore a son to my master when she was old. He has given all that he has to him.","Lod'o lamatua ja'a se, bhèni-mone d'ai heka ku, ka Sara nara iisi ana mone ca dhèu. Nèngu ka dhu bèli-camèd'a unu aa'i pusaka ama na.","Tare conto nèti Sara, dhèu èmu lamatua ja'a. Bèli-camèd'a nèngu nara iisi le ana mone ca dhèu, lula nèngu dhu heka le. Nèti èèna ka, nèngu hia aa'i mèdha-panyau lamatua ja'a, sèna ka j'aj'i mi mèdha-panyau na."
GEN 24:37,"My master made me swear, saying, ‘You shall not take a wife for my son from the daughters of the Canaanites, in whose land I live,","Ka Abraham pua ja'a subha, peka na, ‘Mage èu more ana bhèni Kana'an kahèi, ho paleo dènge ana ja'a, Isak.","Hèia lamatua ja'a subha, aku nèngu na, Baku leo nare dhèu bhèni hia ana ja'a, nèti dhèu Kana'an dhu ja'a pea ètu rai rèngu."
GEN 24:38,"but you shall go to my father's house, and to my relatives, and take a wife for my son. '","Te ngaa èu hud'i more ana bhèni nèti a'ari ja'a unu ku, ho sèna ka j'aj'i dhèu èmu na. '","Be'a risi èu lamu asa èmu ama ku, aa asa a'ari ja'a ètu nèi. Ho èèna na, èu sadia nare dhèu èmu hia ana ja'a, sèna ka j'aj'i dhèu èmu na. '"
GEN 24:39,"I asked my master, ‘What if the woman will not follow me? '","Hèia ja'a karèi ne, aku ja'a na, ‘Tasamia, ladhe ana bhèni ne, no'o boe madhutu ja'a mai sa ne'e? '","Ropa ja'a tadèngi sèmi èèna, hèia ja'a karèi lamatua ja'a, peka na, Ladhe bhèni ne no'o boe madhutu ja'a, tasamia? '"
GEN 24:40,"He said to me, ‘The LORD, before whom I walk, will send his angel with you, and prosper your way. You shall take a wife for my son from my relatives, and of my father's house.","Ka na peka, ‘LAMATUA dhu ja'a madhutu dad'èi Na, pe Na paleha ana pajuu Na nèti sorga, mai bhoke j'ara hia èu, sèna ka èu abhu ana bhèni ca dhèu nèti a'ari ja'a unu ku, ho j'aj'i mi dhèu èmu ana ja'a.","Hèia na peka dènge ja'a, aku nèngu na, Bèli-camèd'a Ama Lamatua pua ana pajuu Na nèti sorga, ho la'e soru-bara èu, sèna ka èu mamuri dènge be'a ètu j'ara aa'i-aa'i ra. De èu hud'i leo ku dènge ana ja'a ca dhèu, ho j'aj'i dhèu èmu ama ku."
GEN 24:41,"Then you will be clear from my oath, when you come to my relatives. If they don't give her to you, you shall be clear from my oath. '","Te ngaa ladhe a'ari ja'a se'e ro'o boe ana bhèni na mai asa ne'e, lii subha na lèke boe mi dedha èu ne. '","Ladhe èu lèpa hari asa a'ari ja'a, èèna j'aj'i mi tadha, na, èu sala boe ngaa-ngaa dhu ja'a pajaji le dènge èu. Te ngaa ladhe ra mo'o boe, na, èu sala boe ngaa-ngaa dhu ja'a pajaji le dènge èu. '"
GEN 24:42,"I came today to the spring, and said, ‘The LORD, the God of my master Abraham, if now you do prosper my way which I go-","Ka deo na, ropa ja'a d'ai madha èi èèna, ja'a manèngi-mangaj'i ètu d'ara, peka na, ‘LAMATUA nèti lamatua ja'a Abraham. Bhoke ku j'ara hia ja'a, sèna ka mamai ja'a ne dènge kab'ua. Ho sèna ka ja'a abhu ana bhèni dhu èèna na j'aj'i dhèu èmu Isak.","Lod'o deo ne'e, ja'a d'ai madha èi èci. Hèia ja'a manèngi Ama Lamatua, peka na, Ira ii! Ama Lamatua èèna, Ama Lamatua nèti lamatua ja'a Abraham. Ja'a manèngi, sèna ka Lamatua hia mèngi-nale mi ja'a, ho ja'a bisa pakako sasab'a-la'a ja'a dènge be'a."
GEN 24:43,"behold, I am standing by this spring of water. Let it happen, that the maiden who comes out to draw, to whom I will say, Please give me a little water from your pitcher to drink,","Lamatua, ja'a titu ètu sebhe madha èi ne. Aa ana bhèni-ana bhèni nèti d'ara kota ne mai rara èi ètu ne'e. De ja'a manèngi sèmi ne'e, ladhe ja'a peka dènge ana bhèni èci, aku ja'a na, Ana, ee! Papuru ku èru èi èu, ho ja'a kinu èi ciki.","Ladhe sèmi èèna, ja'a titu ètu sebhe madha èi ne. Ladhe abhu ana bhèni ca dhèu dhu mai usu èi, ja'a manèngi èi nèti g'ala èu ne, sèna ka na ninu."
GEN 24:44,"then she tells me, Drink, and I will also draw for your camels, -let her be the woman whom the LORD has appointed for my master's son. '","Ho ladhe na dhaa na, Oo. Minu! Aa èle na, ja'a panginu badha ama se kahèi! Ladhe j'aj'i madhutu sèmi lii ja'a ne, na èèna ka dhu j'aj'i tadha, ana bhèni ne ka dhu Lamatua paj'uj'u nare hia ana lamatua ja'a. '","Hèia na peka, aku nèngu na, Sèmi ne'e. Be'a risi ja'a ère ka unta èu kahèi. Hud'i laa nèngu ne'e ka, bhèni dhu Lamatua hag'e nare le, sèna ka hia ana nèti lamatua ja'a. '"
GEN 24:45,"Before I had finished speaking in my heart, behold, Rebekah came out with her pitcher on her shoulder. She went down to the spring, and drew. I said to her, ‘Please let me drink. '","Ja'a dhu dhae èle mèka manèngi-mangaj'i, te Ribka dhu nare le era èèna nèti dènge èru èi na. Ropa na ca'e mai nèti d'ara èi, ja'a lii dènge ne, aku ja'a na, ‘Ana, ee! Hia ku ja'a kinu èi ciki. '","Ropa ja'a padhai lii mèka dènge rèngu, hèia Ribka mai dènge g'ala na ètu karasa na. Ka na puru la'e asa madha èi ne, hèia na usu èi. Hèia ja'a lii dènge ne, aku ja'a na, Ira ee! Hud'i laa ja'a kinu èi. '"
GEN 24:46,"She hurried and let down her pitcher from her shoulder, and said, ‘Drink, and I will also give your camels a drink. ' So I drank, and she also gave the camels a drink.","Ka na papuru dènge ka èru èi na, ka na peka, ‘Oo. Minu! Aa pe ja'a panginu onta ama se kahèi. ' Hèia ja'a kinu, aa onta ja'a se oo rinu kahèi.","Ropa tadèngi nare lii manèngi ana bhèni ne, hèia na lèpa dènge ka asa d'ara g'ala g'ala na. Ka na lii, aku nèngu na, Inyi laa! Ja'a neo panga'a badha onta èu sèmi èèna kahèi. ' Hèia na panga'a, aku nèngu na, Inyi laa! Ja'a neo panga'a badha onta èu sèmi èèna kahèi. '"
GEN 24:47,"I asked her, and said, ‘Whose daughter are you? ' She said, ‘The daughter of Bethuel, Nahor's son, whom Milcah bore to him. ' I put the ring on her nose, and the bracelets on her hands.","Ka ja'a karèi ne, ‘Ama mu, ngara na cee? ' Ka na dhaa, peka na, ‘Ama ku, ngara na Betuel. Aa baki ku, ngara na Nahor. Dènge ngara bèi ku, Milka. ' Hèia ja'a papake ne kadheli mi sahènga na, dènge pasaluu kanau hualaa ca pasa mi ai kariu dènge ai g'ana na.","Hèia ja'a karèi ne, aku ja'a na, Èu ne, ana bhèni cee? ' Ka na dhaa, aku nèngu na, Èu ne, ana bhèni nèti Bethuel, ana Nahor, dhu ina na, Milka nara iisi. ' Ka ja'a tao kadheli ne mi rèhu na, aa èki dènge kacui-aai na."
GEN 24:48,"I bowed my head, and worshiped the LORD, and blessed the LORD, the God of my master Abraham, who had led me in the right way to take my master's brother's daughter for his son.","Èle èèna ka, ja'a pacud'u kètu ho mangaj'i mi Lamatua, ka ja'a peka na, ‘Koa-kio kolongara Lamatua! Lamatua bhoke le j'ara hia ja'a, nèti èèna ka, ja'a paraga le dènge a'ari lamatua ja'a Abraham ètu era ne'e ne. Aa paraga le kahèi dènge ana bhèni dhu èèna na j'aj'i dhèu èmu Isak! '","Hèia ja'a patitu kètu urutuu ho pahaha iisi mi Ama Lamatua. Ka ja'a koa-kio kolongara Lamatua. Lamatua ne, Ama Lamatua nèti lamatua ja'a Abraham. Nèngu ka dhu bhoke j'ara hia ja'a, sèna ka ja'a bisa leo hari dènge ana bhèni nèti ari lamatua ja'a."
GEN 24:49,"Now if you will deal kindly and truly with my master, tell me. If not, tell me, that I may turn to the right hand, or to the left.","De ne'e ne, ladhe ama si neo pad'elo sasue mi lamatua ja'a Abraham, na mi peka pamèu dènge ja'a. Te ngaa ladhe aad'o, peka la mola-mola dènge ja'a. Ho ja'a ke'a, sèna ka tao hari ngaa.","De ja'a neo karèi sèmi ne'e, ladhe miu neo tao be'a dènge d'ara hua iia mi lamatua ja'a, do aad'o, na, peka la dènge ja'a. Te ngaa ladhe aad'o, na, peka la dènge ja'a, sèna ka ja'a bisa kabib'a asa g'ana do kariu ja'a."
GEN 24:50,"Then Laban and Bethuel answered, The thing proceeds from the LORD. We can't speak to you bad or good.","Ropa dhèu sab'a ne padhai lii nare, ka Laban dènge Betuel dhaa, aku rèngu na, Ladhe LAMATUA dhu ad'u nare le madha j'ara ne, ji'i peka lii ngaa hari.","Hèia Laban dènge Bethuel dhaa, aku rèngu na, Ama Lamatua ka dhu pua ji'i tao sèmi ne'e. De ji'i bisa boe padhai lii karehe dènge ama!"
GEN 24:51,"Behold, Rebekah is before you. Take her, and go, and let her be your master's son's wife, as the LORD has spoken.","Ribka ka ne'e ne. More ho mèti, sèna ka na j'aj'i mi dhèu èmu ana Abraham, madhutu sèmi dhu LAMATUA ator èèna.","Ladhe ku! Te Rebeka ètu nèi le. More ne, ho lèpa ka. Hud'i laa na j'aj'i dhèu èmu ana lamatua èu, sèmi dhu Lamatua moa le dènge èu."
GEN 24:52,"When Abraham's servant heard their words, he bowed himself down to the earth to the LORD.","Ropa na tadèngi nare, dhèu sab'a ne pacud'u kètu d'ai rai, ka na manèngi makasi mi LAMATUA.","Ropa dhèu sab'a ne tadèngi nare, hèia na patitu kètu urutuu ho manèngi makasi mi Ama Lamatua."
GEN 24:53,"The servant brought out jewels of silver, and jewels of gold, and clothing, and gave them to Rebekah. He also gave precious things to her brother and her mother.","Èle èèna ka, nare mèdha nèti hualaa iia dènge hualaa pudhi sèra, dènge mèdha-papake dhu saraga, ka na hia mi Ribka. Aa na hia kahèi mi ana mone na dènge ina na, mèdha-mèdha dhu kab'ua aae.","Hèia dhèu sab'a ne nèti mèdha-papake, doi pudhi, dènge mèdha-papake dhu kab'ua. Ka na hia Ribka. Na hia kahèi a'a dènge ina na, mèdha-papake dhu kab'ua."
GEN 24:54,"They ate and drank, he and the men who were with him, and stayed all night. They rose up in the morning, and he said, Send me away to my master.","Èle aa'i ka, heka dhèu sab'a ne dènge anga na madhèdi ra'a-rinu aa'i-aa'i ra. Ka ra j'unu ètu èèna. Bèli mad'ae èèna, dhèu sab'a ne palangu lii dènge lamatua èmu se, aku nèngu na, Hia ka ja'a ho lèpa la asa lamatua ja'a Abraham.","Ropa d'ai bèli mad'ae èèna, ka pegawi ne kèd'i. Ka na manèngi-mangaj'i dènge angalai na sèra. Hèia ra manubha ètu èèna camèd'a kateme. Ka na manèngi, aku nèngu na, Lamu sèna ka ja'a lèpa hari asa lamatua ja'a."
GEN 24:55,"Her brother and her mother said, Let the young lady stay with us a few days, at least ten. After that she will go.","Te ngaa ana mone dènge ina ana bhèni na, peka na, Te neo hari lèpa lai-lai, tao ngaa ne? Hud'i Ribka pea hari ku dènge ji'i d'ai canguru lod'o sa laa ma, heka lami kèna.","Te ngaa ina dènge ari na dhaa, aku rèngu na, Be'a risi ji'i manèngi sèna ka ana bhèni ne pea dènge èdhi d'ai canguru lod'o di. Èle èèna, heka na lèpa kèna."
GEN 24:56,"He said to them, Don't hinder me, since the LORD has prospered my way. Send me away that I may go to my master.","Te ngaa dhèu sab'a èèna dhaa, peka na, Waa! Baku kai ja'a! Te LAMATUA sue le ja'a, ka toke ja'a rage le bhèni dhu èèna na j'aj'i dhèu èmu Isak. De patabuli ka ji'i se, la'a peka ku dènge lamatua ji'i Abraham.","Te ngaa dhèu sab'a ne dhaa, aku nèngu na, Baku mi kai ja'a, te Lamatua hia le ja'a j'ara be'a. De pua ku ja'a lèpa dènge lamatua ja'a."
GEN 24:57,"They said, We will call the young lady, and ask her.","Hèia ra dhaa, aku rèngu na, Sèmi ne'e ka laa! Mai ti karèi Ribka, sèna ka te'a dad'èi na tasa mera mia?","Ka ra dhaa, peka na, Be'a kahèi. Be'a risi ji'i paroa ne, sèna ka karèi ne."
GEN 24:58,"They called Rebekah, and said to her, Will you go with this man? She said, I will go.","Hèia ra paroa ne, aku rèngu na, Ribka! Di aku èu kèna. Èu neo lamu dènge ka dènge dhèu ne'e do, tasamia? Ka Ribka dhaa, peka na, Ja'a ko'o.","Hèia ra paroa Ribka, ka karèi ne, aku rèngu na, Ama neo lamu kahèi dènge dhèu ne'e, do? Ka na dhaa, Ja'a neo laku kahèi."
GEN 24:59-60,"They sent away Rebekah, their sister, with her nurse, Abraham's servant, and his men. They blessed Rebekah, and said to her, Our sister, may you be the mother of thousands of ten thousands, and let your offspring possess the gate of those who hate them.","Hèia ra hia Ribka dènge bhèni dhu leru ne karèi nèti ana iiki ka, ho lasi palere dènge dhèu sab'a Abraham sèra. Ka ra hia Ribka mèngi-nale, aku rèngu na, Ji'i sanao-maena sèna ka Ama Lamatua hia èu mora iisi ana ae-ae, ho ana-èpu mu d'ai riho-kehi. Aa ji'i sanao kahèi, sèna ka ana-èpu èu sèra segi aa'i musu rèngu sèra!","Hèia ra pua ana hèni ra Ribka, ho lasi asa li'u. Rèngu se dhèu sab'a nèti baki Abraham, aa dènge dhèu sab'a na kahèi. Ka ra manèngi ho Ama Lamatua hia mèngi-nale mi Ribka, aku rèngu na, Ina, ee! Hud'i laa sèna ka èu j'aj'i ina nèti riho-riho dhèu. Bèli-camèd'a ana-èpu èu mai ho lab'a musu ra."
GEN 24:61,"Rebekah arose with her ladies. They rode on the camels, and followed the man. The servant took Rebekah, and went his way.","Èle èèna ka, Ribka dènge bhèni dhu leru nèngu na lalau ka mèdha ra, ka ra ca'e onta, pakèd'i dènge ka, madhutu dhèu sab'a Abraham sèra.","Ropa tadèngi nare, hèia Ribka dènge dhèu bhèni na kèd'i dènge ka, lasi madhutu dhèu èèna. Ka dhèu sab'a èèna nare Ribka, hèia la'e dènge ka."
GEN 24:62,"Isaac came from the way of Beer Lahai Roi, for he lived in the land of the South.","Isak pea ètu rai Negeb. Lod'o èèna, na heka lèpa kèna nèti madha èi Beer Lahai Roi.","Nèbhu boe ka, Isak la'e nèti hèb'a-nori asa rae Beer-Lai, ètu rai Kana'an, ètu balèu rai Kana'an."
GEN 24:63,"Isaac went out to meditate in the field at the evening. He lifted up his eyes and looked. Behold, there were camels coming.","D'ara lod'o nihia ca lod'o, na kalua nèti d'ara paleo na, la'e pasiar ciki. Ropa na boti kètu, na ladhe laa na onta-onta kako mai asa era nèngu na.","Ropa lod'o oe cèna, hèia Isak la'e tenge-tenge j'ara ètu d'ara pad'a sod'a. Na boti kètu, ka ladhe nèdhi badha onta dhu mai."
GEN 24:64,"Rebekah lifted up her eyes, and when she saw Isaac, she got off the camel.","Ropa Ribka ladhe nèdhi Isak, hèia na puru lai-lai nèti dedha onta.","Ropa Ribka ladhe nèdhi Isak, hèia na puru nèti badha onta na."
GEN 24:65,"She said to the servant, Who is the man who is walking in the field to meet us? The servant said, It is my master. She took her veil, and covered herself.","Ka na karèi dhèu sab'a Abraham, aku nèngu na, Dhèu mone cee ka mai nèi? Ka dhèu ne dhaa, peka na, Nèngu na, ana lamatua ja'a kèna. Hèia Ribka nare salalu na, pa'abhe rèhu na.","Ka ana bhèni ne karèi dhèu sab'a èèna, aku nèngu na, Cee ka dhèu dhu kako mai soru ji'i ètu d'ara pad'a sod'a? Hèia dhèu sab'a ne dhaa, aku nèngu na, Waa! Nèngu ne, lamatua ja'a! Ropa na tadèngi nare, hèia na pahutu kètu na dènge bèla na."
GEN 24:66,The servant told Isaac all the things that he had done.,"Ka dhèu sab'a ne lolo dènge Isak, aa'i-aa'i dhu j'aj'i le.",Hèia dhèu sab'a ne peka dènge Isak aa'i-aa'i dhu na ad'u-ue.
GEN 24:67,"Isaac brought her into his mother Sarah's tent, and took Rebekah, and she became his wife. He loved her. So Isaac was comforted after his mother's death.","Hèia Isak todhe nèti ka Ribka lasi asa d'ara paleo ina na, ka dua ra paleo ka èmu. Lula Isak sue seli eele Ribka, ka na susa heka dènge mamadhe ina na.","Èle èèna ka, Isak nèti Ribka la'e asa d'ara èmu dhèu èmu na Sara. Hèia na leo dènge ne, ka ra j'aj'i dhèu èmu na. Ka Isak sue Ribka titu kèna. Nèti èèna ka, lod'o ina na madhe, Isak abhu a'èra kahèi."
GEN 25:1,"Abraham took another wife, and her name was Keturah.","Ka Abraham leo hari èmu dènge bhèni èci, ngara na Ketura.","Èle èèna ka, Abraham leo hari dènge dhèu èmu na ca dhèu, ngara na Ketura."
GEN 25:2,"She bore him Zimran, Jokshan, Medan, Midian, Ishbak, and Shuah.","Hèia Ketura matana ana hia ne. Ana se, ngara ra, Simran, Yoksan, Medan, Midian, Isbak, dènge Sua.","Nahor nara iisi ne, nuka, Zimran, Yohanis, Medan, Midian, Isbak, dènge So'a."
GEN 25:3,"Jokshan became the father of Sheba, and Dedan. The sons of Dedan were Asshurim, Letushim, and Leummim.","Ana Yoksan ka, Seba dènge Dedan. Ana-èpu Dedan nuka, dhèu Asyur, dhèu Letus, dènge dhèu Leum.","Yohanis, ama na, Sheba. Dedan, ama na, Dedan. Dedan, ama na, Asurim, Letim, dènge Limim."
GEN 25:4,"The sons of Midian were Ephah, Epher, Hanoch, Abida, and Eldaah. All these were the children of Keturah.","Ana Midian ka, Efa, Efer, Henok, Abida dènge Eldaa. Rèngu aa'i-aa'i se, ana-èpu Ketura.","Ana-èpu nèti dhèu Median, nuka, Efa, Efer, Hanok, Abida dènge Elda. Rèngu aa'i-aa'i ra ana-èpu nèti Ketura."
GEN 25:5-6,"Abraham gave all that he had to Isaac, but Abraham gave gifts to the sons of Abraham's concubines. While he still lived, he sent them away from Isaac his son, eastward, to the east country.","Lod'o dhu Abraham mamuri era, na hag'e nare le mèdha-panyau hia ana Hagar dènge ana-ana Ketura, èci-èci ka dènge unu na. Èle èèna ka, Abraham pua si lasi pea re bèka dhimu rai Kana'an, sèna ka ra pakaj'èu nèti ana na Isak. Ka pusaka na aa'i-aa'i, na pangèd'u mi ana na Isak.","Lod'o Abraham mamuri era, na hia aa'i mèdha-panyau na aa'i-aa'i mi Isak. Te ngaa Abraham hia mèdha-panyau ae-ae mi ana-èpu nèti dhèu èmu na. Nèti èèna ka, Abraham babège-lalèta si asa bèka dhimu, sèna ka rai eele ana na Isak."
GEN 25:7-8,"These are the days of the years of Abraham's life which he lived, one hundred seventy-five years. Abraham gave up his spirit, and died at a good old age, an old man, and full of years, and was gathered to his people.","Lod'o umur Abraham d'ai ca ngasu pidhu nguru lèmi tèu, na madhe.","Ka Abraham mamuri toke d'ai cangasu pidhu nguru lèmi tèu. Nèbhu boe ka na madhe. Nèngu heka madhe kèna, te ngaa d'ai le èpa nguru tèu. Ka na pa'èci dènge dhèu unu na sèra."
GEN 25:9-10,"Isaac and Ishmael, his sons, buried him in the cave of Machpelah, in the field of Ephron, the son of Zohar the Hittite, which is near Mamre, the field which Abraham purchased from the children of Heth. Abraham was buried there with Sarah, his wife.","Ka ana na, Isak dènge Ismael, padhane ne ètu d'ara loe Makpela, dhu padètu dènge Mamre. Rai ne, dhu uru èèna, Abraham hèli nare nèti Efron, ana Sohar, dhèu Het. Ka dhu uru èèna, ra padhane le Sara ètu d'ara loe èèna.","Èle èèna ka, ra padhane Isak dènge Isma'el ana-èpu na, ètu d'ara ro'a èci, ngara na Makpela. Ra padhane Abraham dènge dhèu èmu na Sara ètu era èèna. Ra padhane ne ètu d'ara rai èci, dhu padètu dènge rai èci, ngara na Mamre. Ètu èèna, abhu dhèu èmu èci, ngara na Ephron, ana-èpu Sohar, nèti suku Hit."
GEN 25:11,"After the death of Abraham, God blessed Isaac, his son. Isaac lived by Beer Lahai Roi.","Èle madha Abraham, ka Ama Lamatua hia mèngi-nale mi Isak, ka na mamuri mera-milu. Lod'o èèna, Isak pea dètu dènge madha èi Beer Lahai Roi.","Nèbhu boe ka Abraham madhe. Hèia Ama Lamatua hia mèngi-nale mi ana na Isak. Ka Isak pea ètu rae èci, ngara na Beer-Lai."
GEN 25:12,"Now this is the history of the generations of Ishmael, Abraham's son, whom Hagar the Egyptian, Sarah's servant, bore to Abraham.","Ne'e ne, lii lolo nèti mamuri Ismael. Nèngu ne, ana Abraham dènge dhèu èmu limuri na, Hagar, dhu j'aj'i ènu Sara nèti Masir.","Se'e se, j'ara mamuri nèti Isak, ana baki Abraham. Isak nara iisi Isak dènge Hagar nèti rai Masir. Hagar ne, ènu nèti dhèu èmu Sara."
GEN 25:13-16,"These are the names of the sons of Ishmael, by their names, according to the order of their birth, the firstborn of Ishmael, Nebaioth, then Kedar, Adbeel, Mibsam, Mishma, Dumah, Massa, Hadad, Tema, Jetur, Naphish, and Kedemah. These are the sons of Ishmael, and these are their names, by their villages, and by their encampments, twelve princes, according to their nations.","Ana-ana Ismael, mone dhèu canguru dua. Ngara ra dhu madhutu nèti dhu uru tèka d'ai ana limuri tèka, nuka, Nebayot, Kedar, Adbeel, Mibsam, Misma, Duma, Masa, Hadad, Tema, Yetur, Nafis, dènge Kedma. Ana-ana sèra ka, j'aj'i bèi-baki nèti canguru dua suku, dhu èci-èci ka dènge kabarai ra. Ra pangare kabarai ra èci-èci, madhutu ngara bèi-baki ra.","Se'e se, nuka ana-èpu Isma'el. Rèngu aa'i-aa'i ra, madhutu kabarai ra. Nuka, ana uuru Isak, ngara na Nebaiot, ngara na Kedar, ngara na Adbeel, ngara na Mibsam, ngara na Misma, ngara na Duma, ngara na Massa, ngara na Hadad, ngara na Tema, Yetor, Nafis, dènge ngara na Kedema. Se'e se, ana-èpu Isak. Se'e se, aa'i-aa'i ra, madhutu rae-rae rèngu, aa'i-aa'i ra ètu d'ara rae-rae ra. Dhèu aae-dhèu kapai canguru dua, mai nèti suku aa'i-aa'i ra."
GEN 25:17,"These are the years of the life of Ishmael, one hundred thirty-seven years. He gave up his spirit and died, and was gathered to his people.","Ropa umur Ismael d'ai cangasu tèlu nguru pidhu tèu, ka na madhe.","Isma'el mamuri toke d'ai cangasu tèlu nguru pidhu tèu. Ka na madhe, hèia madhe. Èle èèna ka, na lèpa hari asa dhèu unu na."
GEN 25:18,"They lived from Havilah to Shur that is before Egypt, as you go toward Assyria. He lived opposite all his relatives.","Te ngaa ana-èpu na sèra, èci pamusu dènge èci. Ka ra pea pahag'a, mulai nèti rai Hawila d'ai rai Syur, dhu palane dènge rai Masir, toke d'ai rai Asyur.","Nèti Havila d'ai kota Sur, ètu sebhe rai Masir. Nèti èèna ka, rèngu mamuri padètu-dètu dènge a'ari ra ètu Asuri."
GEN 25:19,"This is the history of the generations of Isaac, Abraham's son. Abraham became the father of Isaac.","Ne'e ne, lii lolo nèti mamuri Isak, ana Abraham.","Ne'e ne, sasuri nèti ana-èpu Abraham, ngara na Isak."
GEN 25:20,"Isaac was forty years old when he took Rebekah, the daughter of Bethuel the Syrian of Paddan Aram, the sister of Laban the Syrian, to be his wife.","Lod'o Isak madhèdi dènge Ribka, umur na èpa nguru tèu le. Ama Ribka, ngara na Betuel. Ana mone Ribka, ngara na Laban. Rèngu se, dhèu Aram, nèti Padan Aram.","Ropa Isak d'ai umur èpa nguru tèu, hèia na leo dènge Ribka ho j'aj'i dhèu èmu na. Ribka ne, ana bhèni nèti Bethuel, dhèu Siria, nèti rai Padan-Aram. Nèngu ne, ari nèti Laban, dhèu Siria."
GEN 25:21,"Isaac entreated the LORD for his wife, because she was barren. The LORD was entreated by him, and Rebekah his wife conceived.","Ribka dhu dènge mèka ana. Nèti èèna ka, Isak manèngi-mangaj'i mi LAMATUA, sèna ka Na bhoke era ana Ribka. Hèia LAMATUA tadèngi lii manèngi Isak, ka Ribka dènge babia.","Èle èèna ka, Isak sabaj'a mi Ama Lamatua, manèngi ho Lamatua hia Ribka dhèu èmu na, lula bhèni ne j'èra titu kèna. Hèia Lamatua manèngi ho Ribka dènge babia."
GEN 25:22,"The children struggled together within her. She said, If it is like this, why do I live? She went to inquire of the LORD.","Te ngaa ana dhu Ribka kad'o ne, dhèu dua. Aa ana se paliku taruu ètu d'ara kabake ina ra. Ka Ribka ngee ka ètu d'ara na, Nga tao ka ana dua se, sèmi ne'e? Hèia na pakarèi dènge LAMATUA.","Hèia ana-ana na pab'ala ètu d'ara èmu na, peka na, Ira ii! Ladhe sèmi ne'e, nga tao ka ja'a mamuri hari? Hèia Maria la'e karèi Lamatua ho karèi Ne."
GEN 25:23,"The LORD said to her, Two nations are in your womb. Two peoples will be separated from your body. The one people will be stronger than the other people. The elder will serve the younger.","Ka LAMATUA dhaa, peka na, Ètu d'ara kabake èu na, abhu dua suku, dhu èèna na loe boe dènge pamusu. Dhu limuri èra risi nèti dhu uru. Ka a'a na, lalau-lalo'o ari na.","Hèia Lamatua peka dènge ne, aku Nèngu na, Bèli-camèd'a, èu dènge babia. Èèna na, ètu d'ara kabake èu, abhu suku dua. Bèli-camèd'a dhèu nèti suku èci, èra risi nèti suku leo. Ana uuru, èèna na lalau-lalo'o ana uuru."
GEN 25:24,"When her days to be delivered were fulfilled, behold, there were twins in her womb.","Ropa lod'o d'ai, Ribka nara iisi ana mone dhèu dua.","Ropa d'ai lod'o nara iisi, hèia bhèni ne nara iisi ana kembar."
GEN 25:25,"The first came out red all over, like a hairy garment. They named him Esau.","Dhu a'a, isi na mea, dènge ngi'u na pènu dènge rèu. Nèti èèna ka, ra pangare ne, Esau dhu sasoa na ‘dènge rèu'.","Te ngaa ana kapai dhu uru èèna rèdhi mèdha-papake dhu mea oe sèmi rèu sa. Hèia ra pangare ne, Esau."
GEN 25:26,"After that, his brother came out, and his hand had hold on Esau's heel. He was named Jacob. Isaac was sixty years old when she bore them.","Èle èèna ka, ari na heka kalua kèna. Te ngaa dhu na kèpe hui tèdhu a'a na. Nèti èèna ka, ra pangare ne, Yakob dhu sasoa na ‘hui tèdhu'. Lod'o Ribka nara iisi ana na se, umur Isak èna nguru tèu kèna.","Nèbhu boe ka, Isak kalua nèti d'ara èmu na. Nèngu dhu kèpe nare haga na, ngara na Yakob. Lod'o Esau nara iisi ana uuru sèra, umur na 60 tèu."
GEN 25:27,"The boys grew. Esau was a skillful hunter, a man of the field. Jacob was a quiet man, living in tents.","Lod'o ana dua se kapai, Esau dhu ne'a mèu kasiro badha hui. Ae ka dhu na pea ètu d'ara j'ami. Te ngaa Yakob dhu mau-mau, dhu d'èi dhoka pea ètu d'ara èmu di.","Ropa ana se kapai dènge ka, Esau j'aj'i dhèu dhu d'èlu-mèu tenge manu-bhui, aa d'èlu-mèu sab'a ètu d'ara pad'a sod'a. Te ngaa Yakob mamuri ètu d'ara paleo."
GEN 25:28,"Now Isaac loved Esau, because he ate his venison. Rebekah loved Jacob.","Isak d'èi na'a sisi badha hui. Nèti èèna ka, na sue risi Esau. Te ngaa Ribka sue risi Yakob.","Lod'o èèna, Isak sue Esau, lula na d'èi na'a roro badha nèti d'ara oka na. Te ngaa Ribka sue Yakob kahèi."
GEN 25:29,"Jacob boiled stew. Esau came in from the field, and he was famished.","Ca lod'o, Yakob dhu tao bubur kab'ui, aa Esau heka lèpa nèti kasiro badha hui kèna. Na lèpa dènge manganga, ka roe titu kèna.","Ropa Yakob manyiru roti, hèia Esau lèpa nèti d'ara pad'a sod'a. Ka na manganga titu kèna."
GEN 25:30,"Esau said to Jacob, Please feed me with some of that red stew, for I am famished. Therefore his name was called Edom.","Ka na peka dènge Yakob, aku nèngu na, Ari, ee! Hia ku ja'a bubur kab'ui mea ciki ètu d'ara èru èèna, ho ja'a ku'a! Te ja'a manganga bia. Nèti èèna ka, ra pangare na, Edom, dhu sasoa na ‘mea'.","Hèia Esau peka dènge Yakob, aku nèngu na, Ja'a manèngi sèna ka èu panga'a ja'a ciki, lula ja'a manganga bia. Nèti èèna ka, ra pangare Yakob, Edom'."
GEN 25:31,"Jacob said, First, sell me your birthright.","Ka, aku Yakob na, Be'a a'a. Te ngaa pasilu ku dènge hak a'a èèna!","Te ngaa Yakob dhaa, aku nèngu na, Be'a risi èu pahie ku hak ana uuru èu mi ja'a!"
GEN 25:32,"Esau said, Behold, I am about to die. What good is the birthright to me?","Hèia Esau dhaa, aku nèngu na, Hak a'a ne, ngaa kèna, hud'i nèngu sèna! Neo more, na more la. Te ja'a manganga bia. Sod'e mèti bubur èèna lai-lai mai, te ja'a taha heka.","Hèia Esau dhaa, aku nèngu na, Baku! Te ja'a oe madhe kèna! Ja'a dènge boe hak ana uuru!"
GEN 25:33,"Jacob said, Swear to me first. He swore to him. He sold his birthright to Jacob.","Te ngaa, aku Yakob hari na, Mata ku a'a! Èu subha uuru ku, dhu peka na, èu pangèd'u le hak a'a èèna mi ja'a ne. Ka Esau ded'e subha sèmi dhu Yakob peka.","Hèia Yakob b'ala ne, aku nèngu na, Ja'a manèngi ho èu subha uuru ku! Ja'a ne, ana uuru èu. Ka na pahia hak ana uuru Yakob, sèna ka j'aj'i ana uuru èu."
GEN 25:34,"Jacob gave Esau bread and lentil stew. He ate and drank, rose up, and went his way. So Esau despised his birthright.","Hèia Yakob sod'e dènge ka hia ne bubur kab'ui deo na dènge roti. Ropa na'a-ninu nare, ka la'e dènge ka. Dènge j'ara ne'e ka, Esau pusi boe dènge hak a'a na.","Hèia Yakob j'ole roti dènge èi nasu, ka Esau na'a-ninu. Èle èèna ka, na kèd'i dènge ka, lèpa dènge ka. Hèia Esau pusi-pahae boe hak ana uuru."
GEN 26:1,"There was a famine in the land, in addition to the first famine that was in the days of Abraham. Isaac went to Abimelech king of the Philistines, to Gerar.","Ca tèka, ètu d'ara rai èèna, lèke tèu manganga, èci èèna ka dènge tèu Abraham mamuri era. Ka Isak la'e manèngi Abimelek, dhèu aae Pilistin, sèna ka na pea ètu Gerar.","Èle èèna ka, lod'o Abraham mamuri era, abhu lod'o manganga ae titu kèna ètu rai Kana'an. Lod'o uru èèna, abhu manganga ae titu kèna ètu rai Kana'an. Ka ana na Isak la'e tenge dhèu aae Filist, ngara na Abimelek, ètu rae Gerar."
GEN 26:2,"The LORD appeared to him, and said, Don't go down into Egypt. Live in the land I will tell you about.","Na tao sèmi èèna, lula LAMATUA dhu pad'elo le iisi Na mi nèngu, peka na, Mage lamu ka asa Masir hèi. Pea la mi era dhu èèna na Ja'a paj'uj'u hia èu.","Èle èèna ka, Lamatua pad'elo iisi mi Musa, ka Na peka, Èu baku puru la'e asa Masir. Te èu hud'i pea ku ètu rai èèna, dhu bèli-camèd'a Ja'a paj'uj'u hia èu."
GEN 26:3-4,"Live in this land, and I will be with you, and will bless you. For I will give to you, and to your offspring, all these lands, and I will establish the oath which I swore to Abraham your father. I will multiply your offspring as the stars of the sky, and will give all these lands to your offspring. In your offspring all the nations of the earth will be blessed,","Ladhe èu manubha ètu era èèna, Ja'a sama-sama dènge èu, aa pala-bagi èu mèngi-nale rupa-rupa. Èèna na, Ja'a pabèba ana-èpu èu sama sèmi hua-hètu ètu dedha-liru. Aa Ja'a hia kateme rai ne mi èu dènge ana-èpu èu. Nèti ana-èpu èu ka, dhèu aa'i-aa'i ètu rai-haha ne abhu mèngi-nale. Dènge j'ara ne'e, Ja'a tao madhutu lii pajaji dhu Ja'a pa'èki le dènge ama mu Abraham.","Pea taruu ètu rai-haha ne. Pe Ja'a bera-bera dènge èu. Pe Ja'a hia mèngi-nale ae-ae mi èu, sèna ka èu dènge ana-èpu èu abhu mèngi-nale aa'i-aa'i ètu rai-haha ne. Pe Ja'a hia mèngi-nale aa'i-aa'i sèra mi èu, aa mi ana-èpu èu kahèi. Pe Ja'a hia mèngi-nale aa'i-aa'i ètu rai-haha ne, nuka sèmi dhu Ja'a pajaji le dènge baki èu Abraham. Pe Ja'a hia mèngi-nale aa'i-aa'i ètu rai-haha ne mi ana-èpu èu, toke suku aa'i-aa'i ètu rai-haha ne abhu mèngi-nale aa'i-aa'i."
GEN 26:5,"because Abraham obeyed my voice, and kept my requirements, my commandments, my statutes, and my laws.","Ja'a tao sèmi ne'e ne, lula ama mu madhutu dad'èi Ja'a, paredha Ja'a, dènge atora Ja'a.","lula Abraham tao madhutu lii Ja'a, aa tao madhutu lii paredha aa'i-aa'i dhu Ja'a hia ne."
GEN 26:6,Isaac lived in Gerar.,Ka Isak pea taha ètu Gerar.,Ka Isak pea ètu rae Gerar.
GEN 26:7,"The men of the place asked him about his wife. He said, She is my sister, for he was afraid to say, My wife, lest, he thought, the men of the place might kill me for Rebekah, because she is beautiful to look at.","Ribka ne, bhèni iia titu kèna. Ka ropa dhèu ètu Gerar ladhe rèdhi ne, ra pakarèi. Te ngaa Isak peka na, Ribka ne, ana hèni ja'a. Na madha'u, ladhe na peka na dhèu èmu nèngu, dhèu se pamadhe ne, aa Ribka parame rare.","Èle èèna ka, dhèu-dhèu ètu èèna karèi Yakob, peka na, Ira ii! Ira ii! Ira ii! Ira ii! Te nèngu ne, ari ja'a. Rèngu madha'u, mage dhoka dhèu ètu nèi, neo pamadhe ja'a, lula Ribka ne, dhèu bhèni kapai."
GEN 26:8,"When he had been there a long time, Abimelech king of the Philistines looked out at a window, and saw, and, behold, Isaac was caressing Rebekah, his wife.","Isak dhu pea nèbhu le ètu nèi, hèia ca lod'o, dhèu aae nèdhi nèti ro'a jendela na, ladhe laa na Isak dènge Ribka dhu pa'ango.","Nèbhu boe ka, Abraham pea ètu èèna pèri-pèri lod'o. Te ngaa Abimelek nèd'u paredha ètu èèna kahèi. Na ladhe asa hèb'a ètu hèb'a oka. Na ladhe nèdhi dhèu èmu na, Ribka. Ropa Isak ladhe nèdhi sèmi èèna, hèia na liku nare dhèu èmu na, Ribka."
GEN 26:9,"Abimelech called Isaac, and said, Behold, surely she is your wife. Why did you say, ‘She is my sister'? Isaac said to him, Because I said, ‘Lest I die because of her. '","Ka na pua dhèu lasi paroa Isak, hèia na peka, Isak! Ja'a dhu ke'a le, bhèni ne dhèu èmu èu! Te ngaa tasamia ka, èu peka na, nèngu ne ana hèni èu? Hèia Isak dhaa, aku nèngu na, Sèmi ne'e ama! Ja'a ne madha'u, ladhe ja'a peka na nèngu ne dhèu èmu ja'a, mage dhoka dhèu pamadhe ja'a.","Ropa tadèngi nare, hèia Abimelek paroa Isak, ka na peka, aku nèngu na, Ira ii! Nèngu ne, dhèu èmu èu! Nga tao ka èu peka na, Nèngu ne, a'ari ja'a? ' Te ngaa Isak dhaa, aku nèngu na, Lula ja'a pangee, na, Ira ii! Hud'i laa ja'a madhe lula nèngu. '"
GEN 26:10,"Abimelech said, What is this you have done to us? One of the people might easily have lain with your wife, and you would have brought guilt on us!","Ka dhèu aae dhaa, peka na, Sèmi dhèu ètu se'e j'unu dènge dhèu èmu èu, tatu èu pasala ji'i! Tasamia ka, èu ad'u j'ara ne'e mi dedha ji'i se?","Hèia Abimelek b'ala, aku nèngu na, Waa! Nga tao ka èu paj'èra ji'i sèmi ne'e ne? Mage dhoka dhèu ètu se'e se pa'èci dènge dhèu èmu èu! Dènge j'ara ne'e, èu pasala ji'i!"
GEN 26:11,"Abimelech commanded all the people, saying, He who touches this man or his wife will surely be put to death.","Èle èèna ka, dhèu aae Abimelek pasanèd'e ana kabarai na, aku nèngu na, Miu nanene paie-iie! Cee ka dhu bani gagu dhèu ne'e, do dhèu èmu na, èèna na ja'a huku pamadhe ne.","Hèia Abimelek hia paredha mi dhèu Isra'el se aa'i-aa'i ra, peka na, Sanèd'e, ee! Dhèu cee dhu gai dhèu mone ne, do dhèu èmu na, tatu ra huku pamadhe ne."
GEN 26:12,"Isaac sowed in that land, and reaped in the same year one hundred times what he planted. The LORD blessed him.","Tèu èèna, Isak sèle hini ètu dedha rai dhèu se'e. Lod'o d'ai puu-g'ètu, ka na abhu isi rai cangasu hari, lula LAMATUA hia ne mamèngi.","Hèia Isak ceb'e hini ètu d'ara rai ne. D'ara tèu èèna, na puu-g'ètu d'ai cangasu hari. Ka Lamatua hia ne mèngi-nale."
GEN 26:13,"The man grew great, and grew more and more until he became very great.","Lula mèdha-panyau na asa ae, ka na kaja titu kèna.","Hèia dhèu ne asa kapai, asa kapai, toke d'ai kapai."
GEN 26:14,"He had possessions of flocks, possessions of herds, and a great household. The Philistines envied him.","Badha-manu na sèmi sapi, kahib'i-kalèbho asa tabha ae. Dhèu-dhèu sab'a na, ae kahèi. Nèti èèna ka, dhèu Pilistin tèka d'ara dènge ne.","Nèngu ne dhèu kapai, kahib'i-kalèbho, dènge mèdha-panyau na ae-ae. Isi èmu na ae titu kèna. Nèti èèna ka, dhèu Parisi se d'ara pèd'a dènge ne, ka ra tèka d'ara dènge ne."
GEN 26:15,"Now all the wells which his father's servants had dug in the days of Abraham his father, the Philistines had stopped, and filled with earth.","Uru èèna, Abraham, ama Isak, dhu kèi èi ae-ae. Te ngaa limuri ne, dhèu Pilistin dhènu eele aa'i si dènge rai.","Lod'o baki Abraham mamuri era, dhèu-dhèu sab'a nèti bèi-baki na, tiu eele madha èi aa'i-aa'i nèti rai. Te ngaa èi aa'i-aa'i se, pènu dènge rai."
GEN 26:16,"Abimelech said to Isaac, Go away from us, for you are much mightier than we.","Ka dhèu aae Abimelek peka dènge Isak, aku nèngu na, Isak! Be'a risi èu pakèd'i ka nèti kabarai ne'e. Lula koasa èu, risi eele le nèti ji'i se.","Ropa tadèngi nare, hèia Abimelek peka dènge Isak, aku nèngu na, Isak! Pakaj'èu nèti ne'e ne! Te èu kapai risi nèti ji'i!"
GEN 26:17,"Isaac departed from there, encamped in the valley of Gerar, and lived there.","Èle èèna ka, Isak pakèd'i nèti era èèna, ka lasi pea hari ètu d'ara mamoo Gerar.","Èle èèna ka, Isak pakèd'i nèti nèi, la'e tenge j'ara ètu d'ara rai Gerar. Ka na pea ètu nèi."
GEN 26:18,"Isaac dug again the wells of water, which they had dug in the days of Abraham his father, for the Philistines had stopped them after the death of Abraham. He called their names after the names by which his father had called them.","Ètu era ne'e, ra kèi hari madha èi dhu uru èèna, dhèu Pilistin dhènu eele aa'i si. Ka na pangare madha èi se madhutu ngara dhu ama na pangare.","Ropa Abraham madhe, hèia Isak kèi hari madha èi se, dhu uru èèna ama na Abraham kèi nare le. Te ngaa lod'o èèna, dhèu Parisi lab'a le èi se'e. Ka Isak kèi hari madha èi se, madhutu ngara ama na."
GEN 26:19,"Isaac's servants dug in the valley, and found there a well of flowing water.","Ropa dhèu sab'a Isak se kèi èi ètu d'ara mamoo Gerar, hèi lèke èi madha dhu sabhoka mai.",Hèia dhèu sab'a Isak kèi ro'a ètu d'ara rai èèna. Ka ra rage èi madha ètu èèna.
GEN 26:20,"The herdsmen of Gerar argued with Isaac's herdsmen, saying, The water is ours. So he called the name of the well Esek, because they contended with him.","Lula madha èi ne'e ka, dhèu-dhèu madhenge badha nèti Gerar, patao dènge dhèu madhenge badha Isak. Dhèu se peka na, Ne'e ne, madha èi ji'i! Nèti èèna ka, Isak pangare madha èi na Esek, dhu sasoa na ‘patao-palaha'.","Èle èèna ka, dhèu madhenga badha ètu Gerar pab'ala dènge dhèu madhenga badha Isak, aku rèngu na, Èi ne, èdhi ka. Ka Isak pangare madha èi ne, Hesek, lula rèngu pab'ala dènge ne."
GEN 26:21,"They dug another well, and they argued over that, also. So he called its name Sitnah.","Hèia dhèu-dhèu Isak se, kèi hari èi leo ca madha. Te ngaa ra patao-palaha hari, lula èi èèna. Nèti èèna ka, Isak pangare na Sitna, dhu sasoa na ‘palab'a'.","Ka ra kèi madha èi aae cue. Hèia ra pab'ala lula-nèti madha èi ne kahèi. Ka Yesus pangare madha èi ne, setna'."
GEN 26:22,"He left that place, and dug another well. They didn't argue over that one. So he called it Rehoboth. He said, For now the LORD has made room for us, and we will be fruitful in the land.","Èle èèna ka, Isak tèke eele era èèna, la'e kèi hari èi èci. D'ai ne'e ne, ra patao-palaha heka. Ka Isak pangare madha èi ne Rehobot, dhu sasoa na ‘era taleo'. Hèia na peka, aku nèngu na, Limuri ne, Lamatua hia le èdhi pea ètu era taleo. Ho ètu era ne'e ne, èdhi asa bèba-kacanga.","Nèti èèna ka, na kèi ro'a èci. Ro'a ne, èci èèna ka dènge èci. Dua ra palab'a boe èci dènge èci. Nèti èèna ka, na pangare rai èèna, ngara na Rehobot. Na peka, aku nèngu na, Lamatua bhoke le j'ara, sèna ka èdhi bisa pea ètu d'ara rai ne, toke èdhi abhu hua-hela ae-ae."
GEN 26:23,He went up from there to Beersheba.,"Ka nèti era ne'e, Isak si lasi hari era pea asa Beer Syeba.","Èle èèna ka, Yesus dènge ana-ana madhutu Na sèra pakèd'i lasi asa kota cue, ngara na Be'a-Be'a."
GEN 26:24,"The LORD appeared to him the same night, and said, I am the God of Abraham your father. Don't be afraid, for I am with you, and will bless you, and multiply your offspring for my servant Abraham's sake.","Ka mèda na, LAMATUA pad'elo iisi Na mi Isak, hèia Na peka, Isak! Ja'a ne, Ama Lamatua nèti ama mu Abraham. De mage mu madha'u, te Ja'a ladhe-leru èu. Èèna na, Ja'a pala-bagi èu mèngi-nale. Aa ana-èpu èu asa bèba-kacanga. Ja'a ad'u madha j'ara ne'e, lula lii pajaji Ja'a dènge ama mu.","D'ara mèda èèna kahèi, Lamatua pad'elo iisi Na dènge ne, ka Na peka, aku Nèngu na, Èu baku madha'u! Te Ja'a bera-bera dènge èu. Bèli-camèd'a Ja'a hia mèngi-nale mi èu, aa hia ana-èpu èu ae-ae, lula èu madhutu Ja'a."
GEN 26:25,"He built an altar there, and called on the LORD's name, and pitched his tent there. There Isaac's servants dug a well.","Hèia Isak pudhi hadhu, tao mei korban ètu èèna. Ka na manèngi makasi mi LAMATUA. Hèia, na pea ètu era èèna, ka dhèu sab'a na kèi hari èi.","Hèia Isak patitu mei sogo-tagu èci ètu èèna. Ka na manèngi-mangaj'i mi Ama Lamatua, sèna ka Na ladhe-leru si. Ka na patitu paleo ètu èèna. Hèia ana pua-paleha Isak ka'uri èi madha èci ètu èèna."
GEN 26:26,"Then Abimelech went to him from Gerar with Ahuzzath his friend, and Phicol the captain of his army.","Lod'o èèna, dhèu aae Abimelek mai nèti Gerar. Angalai na Ahusat, dènge kètu kapai sordad'u na, Fikol, mai dènge ne, ho paraga dènge Isak.","Ropa tadèngi nare lii lolo èèna, hèia Abimelek dènge a'ari na, Ahasat, dènge komedhaa sordad'u na, Pilkom, lasi paraga dènge Ne nèti Gerar."
GEN 26:27,"Isaac said to them, Why have you come to me, since you hate me, and have sent me away from you?","Ka Isak karèi, aku nèngu na, Ama dhèu aae! Uru èèna, miu se dhu babège eele ja'a nèti kabarai miu. De ne'e ne, miu se mai tao ngaa hari?","Te ngaa Isak dhaa, peka na, Nga tao ka miu mai tenge ja'a? Miu tèka d'ara dènge ja'a, ka pua ja'a tèke eele miu!"
GEN 26:28,"They said, We saw plainly that the LORD was with you. We said, ‘Let there now be an oath between us, even between us and you, and let's make a covenant with you,","Hèia ra peka na, Sèmi ne'e. Ji'i dhu nge'a le, Lamatua dhu j'aga pa'ère èu. Nèti èèna ka, ji'i pangee, hua iia èdhi dua ti pa'èki lii pajaji dhu peka sèmi ne'e, èu j'oka subha, peka na,","Ka ra dhaa, peka na, Ji'i nge'a tare'a-re'a, na, Lamatua bera-bera dènge èu. Nèti èèna ka, ji'i lii dènge dhèu Isra'el sèra, aku ji'i na, Be'a risi èdhi pa'èki lii pajaji èci, sèna ka èdhi aa'i-aa'i ti pa'èki lii pajaji."
GEN 26:29,"that you will do us no harm, as we have not touched you, and as we have done to you nothing but good, and have sent you away in peace. ' You are now the blessed of the LORD.","miu se baku tao karehe dènge ji'i, aa ji'i kahèi baku tao karehe dènge miu. Mema ji'i se d'ara be'a dènge miu. Nèti èèna ka, ca hari ni, miu se lami dènge mera-milu nèti kabarai ji'i ne. Ji'i dhu nge'a le, LAMATUA ka dhu pala-bagi mèngi-nale mi miu.","Èu tadhe le ji'i, te ngaa ji'i tao boe bhabhelu mi dedha èu. Ji'i tao boe bhabhelu mi dedha èu, te ngaa ji'i ngo'o boe hia èu ngaa-ngaa. Lula ji'i pua le èu lèpa dènge mera-milu, nèti èèna ka Lamatua hia mèngi-nale mi dedha èu. '"
GEN 26:30,"He made them a feast, and they ate and drank.","Èle èèna ka, Isak tao pesta, ka ra'a-rinu aa'i-aa'i ra.","Èle èèna ka, Yesus si tao tatao kapai. Ka ra madhèdi ra'a-rinu."
GEN 26:31,"They rose up some time in the morning, and swore an oath to one another. Isaac sent them away, and they departed from him in peace.","Ka asa bèli mad'ae èèna, rèngu j'oka lii soo-subha. Hèia Isak patalala si lèpa dènge dame.","Asa bèli mad'ae èèna, ana na Isak kèd'i nèti bhèj'i. Ka dua ra pajaji èci dènge èci, peka na, Ira ii! Ja'a ko'o boe! ' Hèia ana na Isak pua si lèpa. Ka dua ra lèpa dènge mera-milu."
GEN 26:32,"The same day, Isaac's servants came, and told him concerning the well which they had dug, and said to him, We have found water.","Lod'o èèna kahèi, dhèu sab'a Isak mai peka lula-nèti èi dhu rèngu kèi, na, Ama! Ji'i rage le èi.","Lod'o èèna kahèi, ana mone Isak dhèu sab'a na mai peka dènge ne, aku rèngu na, Ama! Ji'i paraga le dènge èi nèti madha èi cue."
GEN 26:33,He called it Shibah. Therefore the name of the city is Beersheba to this day.,"Hèia Isak pangare madha èi ne Syeba dhu sasoa na ‘subha'. Ka ra pangare kota èèna Beer Syeba, toke sange ne'e.","Ka ra pangare rai ne, Siba'. Nèti èèna ka, toke d'ai sange ne'e, ra pangare kota ne, Be'er-Sheba'."
GEN 26:34,"When Esau was forty years old, he took as wife Judith, the daughter of Beeri the Hittite, and Basemath, the daughter of Elon the Hittite.","Ropa umur Esau d'ai èpa nguru tèu, na leo dènge bhèni dhèu dua nèti suku Het. Bhèni èci, ana nèti Beeri, ngara na Yudit. Èci hari, ana Elon, ngara na Basmat.","Ropa Esau d'ai umur èpa nguru tèu, ka na leo nare dhèu èmu na, ngara na Judith, ana nèti Beeri, dhèu Hit. Aa na leo nare Basamat, ana nèti Elon, dhèu Hit."
GEN 26:35,They grieved Isaac's and Rebekah's spirits.,"Bhèni dhèu dua se, papèd'a d'ara Isak dènge Ribka.","Hèia ana bhèni na Isak dènge Ribka, d'ara ra susa titu kèna."
GEN 27:1,"When Isaac was old, and his eyes were dim, so that he could not see, he called Esau his elder son, and said to him, My son? He said to him, Here I am.","Ropa Isak manahu asa d'ara heka, nèdhi heka ngaa-ngaa, lula musi madha na ahu le. Ka na paroa ana uuru èèna, dhu na sue risi èèna, peka na, Esau. Mai ku sa ne'e! Hèia Esau dhaa, aku nèngu na, Tasamia, ama?","Lod'o èèna, Isak heka nèdhi kèna. Nèti èèna ka, musi madha na bèdhu le, toke nèdhi heka ngaa-ngaa. Ka na paroa ana uuru na, Esau, ka na karèi, aku nèngu na, Ana! Hèia Isak dhaa, aku nèngu na, Mai ka!"
GEN 27:2,"He said, See now, I am old. I don't know the day of my death.","Ka Isak peka hari, Sèmi ne'e! Ja'a ne, ètu d'ara heka le. Ke'a boe, pèri lod'o ja'a ne madhe.","Ka Stefanus dhaa, peka na, Sèmi ne'e! Ja'a heka madhe kèna, lula ke'a boe lod'o mia."
GEN 27:3,"Now therefore, please take your weapons, your quiver and your bow, and go out to the field, and get me venison.","De more rèka èu, lamu kataki mèti badha hui ci'u hia ja'a.","De ja'a manèngi sèna ka èu mèti rèka èu, dènge rèka èu, ho lamu hèli mèdha j'aj'èra ja'a ètu d'ara pad'a sod'a."
GEN 27:4,"Make me savory food, such as I love, and bring it to me, that I may eat, and that my soul may bless you before I die.","Mu pananasu pabe'a-be'a, madhutu dad'èi ja'a, ho mèti mai hia ja'a. Ladhe ku'a-kinu kora, ja'a hia mema èu mèngi-nale. Sad'i èu unu le mèngi-nale èèna, ja'a madhe èèna ka, ngaa-ngaa tao heka.","Èu hia ku ja'a nganga'a dhu be'a sèmi ne'e, sèna ka ja'a bisa ku'a. Ladhe ja'a madhe, ja'a manèngi ho Ama hia mèngi-nale mi dedha ja'a."
GEN 27:5,"Rebekah heard when Isaac spoke to Esau his son. Esau went to the field to hunt for venison, and to bring it.","Hèia Esau la'e dènge ka, kataki badha hui. Te ngaa Ribka dhu tadèngi kahèi lii padhai Isak deo na.","Lod'o èèna, Ribka tadèngi ana na Isak padhai lii dènge ana na Esau. Ka Esau la'e tenge nganga'a ètu d'ara pad'a sod'a."
GEN 27:6,"Rebekah spoke to Jacob her son, saying, Behold, I heard your father speak to Esau your brother, saying,","Ka Ribka la'e peka dènge Yakob, aku nèngu na, Yakob! Èu nanene ku! Deo na, ja'a tadèngi ama mu pua Esau sèmi ne'e,","Hèia Ribka peka dènge ana na, Yakob, aku nèngu na, Ja'a tadèngi ama mu padhai lii dènge ari mu Esau, peka na,"
GEN 27:7,"‘Bring me venison, and make me savory food, that I may eat, and bless you before the LORD before my death. '","‘Lamu kataki more ku badha hui ci'u, mai mu pananasu pabe'a-be'a hia ja'a. Ladhe ku'a-kinu kora, ja'a hia èu mèngi-nale ètu katanga madha LAMATUA. '","Ladhe ja'a madhe, èu hia ku ja'a nganga'a èci dhu hèu mèngi, sèna ka ja'a bisa ku'a. Ladhe èèna na, ja'a manèngi ho èu mèngi-nale mi dedha Ama Lamatua. '"
GEN 27:8,"Now therefore, my son, obey my voice according to that which I command you.",De mu nanene paie-iie! Mu madhutu mola-mola lii paredha ja'a ne.,"Yesus padhai lii tabha hari, aku Nèngu na, Ana pasue! Èu hud'i nanene ku lii holo-nori Ja'a ne."
GEN 27:9,"Go now to the flock and get me two good young goats from there. I will make them savory food for your father, such as he loves.","De lamu ka asa era badha èdhi sèi, ho kèpe more kalèbho èni dhu kabèb'u dua ngi'u. Roro ho mèti sisi mai asa ja'a. Pe ja'a pananasu madhutu dad'èi ama mu.","De lamu ka asa kahib'i-kalèbho sèra, ho mèti kahib'i dua ngi'u dhu be'a hia Ja'a. Ja'a neo tao kahib'i-kalèbho sèra, nuka sèmi dhu be'a titu kèna, hia ama mu."
GEN 27:10,"You shall bring it to your father, that he may eat, so that he may bless you before his death.","Ladhe panasu kore, mèti hia ama mu na'a. Ho èle na, na hia èu mèngi-nale, heka na madhe kèna. Dènge sèmi ne'e ka, èu ka dhu abhu mèngi-nale èèna. A'a mu abhu boe.","Èle èèna ka, èu mèti hia ne ama mu, sèna ka na'a. Ropa na madhe, na manèngi ho Lamatua hia mèngi-nale mi èu."
GEN 27:11,"Jacob said to Rebekah his mother, Behold, Esau my brother is a hairy man, and I am a smooth man.","Te ngaa Yakob peka dènge ina na, Ina! A'a ku Esau, ngi'u na dhu pènu dènge rèu, te ngaa ja'a ne, isi dhu milu aadha-aadha!","Ropa Yakob tadèngi nare, hèia na peka dènge Ribka, aku nèngu na, Èu ne me'a, na, ari ja'a Esau ne, dhèu bèdhu, aa ja'a dhèu bhelu-katub'a kahèi."
GEN 27:12,"What if my father touches me? I will seem to him as a deceiver, and I would bring a curse on myself, and not a blessing.","Mage dhoka ama ku g'ag'e isi ja'a, ladhe na ne'a na ja'a dhu leko-monya na. Hèia na dhoo ja'a!","Ladhe ama ku goi lèke ja'a, tatu na pangee, na, ja'a ne dhèu kapod'e-kabèli! Ladhe ja'a goi lèke ama ku, na, ja'a dhoo ngi'u ja'a, aa hia boe mèngi-nale."
GEN 27:13,"His mother said to him, Let your curse be on me, my son. Only obey my voice, and go get them for me.","Ka ina na dhaa, aku nèngu na, Èu baku cag'ag'a! Hud'i laa ina ka dhu ator! Ladhe ama mu dhoo èu, pe ina ka pasae! Mu mate ia ka, la more ka kahib'i sèra.","Te ngaa ina Na b'ala, aku nèngu na, Ladhe Ama dhoo ja'a, na, hud'i laa! Hud'i laa madhutu ku lii ja'a."
GEN 27:14,"He went, and got them, and brought them to his mother. His mother made savory food, such as his father loved.","Ka Yakob la'e nare kahib'i dua ngi'u sèra, hèia na roro, ka nèti hia ina na. Hèia Ribka pananasu madhutu dad'èi Isak.","Ka Yusuf la'e nare kahib'i-kalèbho ne, nèti asa ina Na. Ina Na tao nganga'a dhu be'a titu kèna, madhutu dad'èi ama na."
GEN 27:15,"Rebekah took the good clothes of Esau, her elder son, which were with her in the house, and put them on Jacob, her younger son.","Ka Ribka la'e nare mèdha-papake Esau dhu be'a, ho na papake mi Yakob.","Èle èèna ka, Ribka nare mèdha-papake Esau, ana uuru na, dhu nèngu pake ètu d'ara èmu. Ka na papake ana uuru na, Yakob."
GEN 27:16,"She put the skins of the young goats on his hands, and on the smooth of his neck.","Hèia na pahutu kahèi kacui-aai dènge ladhe goro Yakob, pake ka'uri kahib'i deo sa.",Hèia ana bhèni ne pahutu ka'uri kahib'i-kalèbho sèra mi kacui-aai Yesus. Aa na pahutu ka'uri kahib'i-kalèbho sèra mi kacui-aai Na.
GEN 27:17,"She gave the savory food and the bread, which she had prepared, into the hand of her son Jacob.","Ka na pangèd'u Yakob nganga'a dhu pananasu nare deo na, dènge roti dhu tunu nare.",Hèia na hia ana na Yakob roti dènge nganga'a dhu na sadia nare sèra.
GEN 27:18,"He came to his father, and said, My father? He said, Here I am. Who are you, my son?","Hèia Yakob ded'e nèti nganga'a se'e, hia ama na na'a. Ka na lii, aku nèngu na, Ama. Ja'a mai hari le. Hèia Isak dhaa, peka na, Hee! Èu ne, cee?","Hèia ana ne la'e paraga dènge ama na, ka na karèi, aku nèngu na, Ama! Ka ama na dhaa, aku nèngu na, Ja'a ka ne'e ne. Ana, èu ne, cee?"
GEN 27:19,"Jacob said to his father, I am Esau your firstborn. I have done what you asked me to do. Please arise, sit and eat of my venison, that your soul may bless me.","Ka Yakob dhaa, peka na, Ja'a, Esau ana mone uuru ama ku! Ja'a sab'e le, madhutu sèmi dhu ama pua deo na. Kèd'i, ho mu'a-minu ka. Lula ja'a pananasu kore le sisi badha hui dhu ja'a kèti nèti d'ara j'ami. Mu'a, ho èle na, ama pala-bagi ja'a mèngi-nale.","Hèia Yakob lii dènge ama na, aku nèngu na, Ja'a ne, Esau. Ja'a ne, ana uuru èu. Ja'a tao le madhutu lii manèngi èu. De kèd'i ho mu'a sisi, sèna ka èu manèngi ho Lamatua hia mèngi-nale mi ja'a."
GEN 27:20,"Isaac said to his son, How is it that you have found it so quickly, my son? He said, Because the LORD your God gave me success.","Hèia Isak peka, aku nèngu na, Èu ne, bia tai nga! Abhu malai titu kèna, badha hui èèna! Hèia Yakob dhaa, Ja'a abhu le, lula LAMATUA dhu èu mangaj'i èèna, ka dhu tulu ja'a.","Hèia Isak karèi ana na, aku nèngu na, Wee, ana ja'a! Tasamia ka èu abhu lai-lai ne? Ka ana ne dhaa, aku nèngu na, Lula Lamatua ka dhu pad'elo d'ara hua iia Na mi ja'a. Nèti èèna ka, d'ara ja'a karej'e-karae."
GEN 27:21,"Isaac said to Jacob, Please come near, that I may feel you, my son, whether you are really my son Esau or not.","Ka Isak paroa Yakob, aku nèngu na, Padètu ku asa ne'e mai, sèna ka ja'a g'ag'e sèku èu. Èu ne, tare'a ana ja'a Esau, do aad'o?","Hèia Isak paroa Yakob, aku nèngu na, Ana, mai ku asa ne'e, sèna ka ja'a ke'a, na, èu ne, Esau, ana ja'a, do aad'o?"
GEN 27:22,"Jacob went near to Isaac his father. He felt him, and said, The voice is Jacob's voice, but the hands are the hands of Esau.","Hèia Yakob la'e padètu-dètu dènge ama na, ka ama na g'ag'e ne. Ka Isak peka, Lii ne, sèmi lii Yakob! Te ngaa kacui-aai na, kacui-aai Esau.","Hèia Yakob la'e padètu-dètu dènge Isak, ka na g'ag'e ne. Ka na lii, aku nèngu na, Lii èèna, lii Yakob. Te ngaa kacui-aai na, kacui-aai Esau."
GEN 27:23,"He didn't recognize him, because his hands were hairy, like his brother Esau's hands. So he blessed him.","Te ngaa Isak dhu tadhe iia boe Yakob, lula kacui-aai na rèu sèmi Esau. Ka ropa na neo hia mèngi-nale mi Yakob,","Te ngaa Yakob tadhe boe ne, lula kacui-aai na rèu kètu, sama sèmi kacui-aai ari na Esau. Ka Esau manèngi ho Lamatua hia mèngi-nale mi Esau."
GEN 27:24,"He said, Are you really my son Esau? He said, I am.","na karèi hari era, aku nèngu na, Èu ne, tare'a-re'a Esau, do? Hèia Yakob dhaa, peka na, Tare'a-re'a ama. Ja'a ne, Esau!","Hèia Esau karèi, aku nèngu na, Tare'a, sina ma? Èu ne, ana ja'a, Esau, do? Ka na dhaa, aku nèngu na, Tare'a."
GEN 27:25,"He said, Bring it near to me, and I will eat of my son's venison, that my soul may bless you. He brought it near to him, and he ate. He brought him wine, and he drank.","Ka Isak peka na, Na, j'ole ka sisina mai, sèna ka ja'a ku'a. Èle ku, pe ja'a hia èu mèngi-nale. Hèia Yakob hia sisi dènge èi anggor hia ama na na'a-ninu.","Ka pegawi ne dhaa, peka na, Wee! Mèti ka roti èèna asa ne'e, sèna ka ja'a ku'a. Te ja'a neo manèngi ho Ama Lamatua hia mèngi-nale mi dedha èu. Hèia pegawi ne nèti roti èèna asa ne'e, ka na'a. Èle èèna ka, nèti dènge èi anggor, ka na kinu."
GEN 27:26,"His father Isaac said to him, Come near now, and kiss me, my son.","Na'a nare ka, Isak lii, aku nèngu na, Ana, ee! Mai padètu asa ne'e, ho mu uu ku ja'a laa.","Te ngaa Isak lii dènge ne, aku nèngu na, Ana, mai ku asa ne'e ho uu ja'a."
GEN 27:27,"He came near, and kissed him. He smelled the smell of his clothing, and blessed him, and said, Behold, the smell of my son is as the smell of a field which the LORD has blessed.","Ka ropa Yakob padètu dènge ne, ho uu ne, Isak sangèd'u nare hèu mèdha-papake Esau. Hèia na padhai lii hia mèngi-nale mi Yakob, aku nèngu na, Hèu ana ja'a tare'a-re'a sèmi hèu j'u'u ètu d'ara pad'a, dhu abhu mamèngi nèti LAMATUA.","Ropa na padètu-dètu, ka na liku nare ana mone ne, hèia na uu ne. Èle èèna ka, na rasa hèu mèdha-papake ana mone ne, hèia na koa-kio ne, aku nèngu na, Ama! Nèbhu heka, hèu mèdha ana ja'a èèna hèu mèngi, nuka sèmi hèu mèdha dhu Lamatua hia le mèngi."
GEN 27:28,"God give you of the dew of the sky, of the fatness of the earth, and plenty of grain and new wine.","Hud'i laa Ama Lamatua patiri èi paringi nèti dedha-liru, sèna ka oka-tedhe èu j'aj'i mi rai hèu mèngi. Hud'i laa Na hia èu are dhu udhu sobhu-sobhu, dènge hua anggor dhu pènu ako-pènu èru.","Nèti èèna ka, Lamatua hia rui-j'u'u ètu dedha-liru, aj'u-j'u'u dhu be'a, aj'u-j'u'u dhu be'a, aj'u-j'u'u dhu be'a, aj'u-j'u'u dhu be'a, aj'u-j'u'u, aj'u-j'u'u, aj'u-j'u'u, aj'u-j'u'u, aj'u, aj'u, aj'u, aj'u, aj'u, aj'u, aj'u, aj'u, aj'u, aj'u, aj'u, aj'u, aj'u, aj'u, aj'u, aj'u, aj'u, aj'u, aj'u, aj'u, aj'u, aj'u, aj'u, aj'u, aj'u, aj'u, aj'u, aj'u-j'u, aj'u, aj'u, aj'u, aj'u, aj'u, aj'u, aj'u, aj'u, aj'u, aj'u-aj'u."
GEN 27:29,"Let peoples serve you, and nations bow down to you. Be lord over your brothers. Let your mother's sons bow down to you. Cursed be everyone who curses you. Blessed be everyone who blesses you.","Suku-suku j'aj'i mi ènu èu, Aa dhèu-dhèu leo pahaha iisi mi dedha èu. Èu j'aj'i mi lamatua nèti a'ari èu. Aa rèngu patitu kètu urutuu ètu madha èu. Dhèu cee dhu dhoo èu, rèngu abhu dhoo kahèi. Aa dhèu cee dhu hia mèngi-nale mi èu, rèngu abhu mèngi-nale kahèi.","Bèli-camèd'a suku aa'i-aa'i ètu rai-haha ne pahaha iisi mi Èu. Bèli-camèd'a suku aa'i-aa'i ètu rai-haha ne pahaha iisi mi Èu. Bèli-camèd'a èu j'aj'i lamatua nèti a'ari èu dhèu parcaya. Bèli-camèd'a ana-ana ina èu pahaha iisi mi Èu. Ladhe abhu dhèu dhu dhoo èu, hud'i laa Lamatua hia ne berkat. Te ngaa ladhe abhu dhèu dhu hia èu mèngi-nale, hud'i laa Lamatua hia ne berkat."
GEN 27:30,"As soon as Isaac had finished blessing Jacob, and Jacob had just gone out from the presence of Isaac his father, Esau his brother came in from his hunting.","Ropa Isak hia nare mèngi-nale mi Yakob, ka heka bhodho li'u la'e tèke eele ama na, cag'ag'a laa Esau lèpa nèti kataki badha hui.","Ropa Isak manèngi ho Lamatua hia mèngi-nale mi ana na, hèia Yakob kalua nèti èmu na. Ropa Isak manèngi sèna ka Lamatua hia mèngi-nale mi Yakob, hèia ari na Esau mai nèti j'aj'èra na."
GEN 27:31,"He also made savory food, and brought it to his father. He said to his father, Let my father arise, and eat of his son's venison, that your soul may bless me.","Hèia la'e pananasu, ka sod'e nèti hia ama na. Ka na parèi ama na, aku nèngu na, Ama, kèd'i mu'a. Ja'a lalau kore le sisi badha dhu ja'a kataki kore. Mu'a more ku, pe hia ja'a berkat.","Èle èèna ka, Yusuf nèti nganga'a ne asa ama na, ka na peka, Ama! Kèd'i ho mu'a nganga'a ne, sèna ka d'ara èu karej'e dènge ja'a."
GEN 27:32,"Isaac his father said to him, Who are you? He said, I am your son, your firstborn, Esau.","Te ngaa Isak malaa, ka na karèi, Hee! Te èu ne, cee hari ne? Hèia Esau dhaa, aku nèngu na, Ja'a ne'e, Esau! Ana uuru ama ku.","Ropa Isak tadèngi nare, hèia na karèi, aku nèngu na, Te èu ne, cee? Ka Esau dhaa, aku nèngu na, Ja'a ne, ana uuru èu, Esau."
GEN 27:33,"Isaac trembled violently, and said, Who, then, is he who has taken venison, and brought it to me, and I have eaten of all before you came, and have blessed him? Yes, he will be blessed.","Ka Isak cag'ag'a, hèia na karèi, aku nèngu na, Ladhe sèmi èèna, deo na cee ka dhu hia ja'a sisi, ka ja'a ku'a èèna? Ka ja'a hia ne mèngi-nale. Aa mèngi-nale èèna, bisa heka ère hari.","Ropa Isak tadèngi nare, hèia na madha'u bia. Ka na karèi, peka na, Ladhe sèmi èèna, cee ka dhu nèti ra'a èi hèu mèngi hia ja'a? Lod'o èu dhae mai mèka asa ne'e, ja'a ku'a le. Hèia ja'a manèngi sèna ka Lamatua hia ne mèngi-nale. Tare'a! Hud'i laa Lamatua hia ne mèngi-nale!"
GEN 27:34,"When Esau heard the words of his father, he cried with an exceedingly great and bitter cry, and said to his father, Bless me, even me also, my father.","Ropa tadèngi nare, Esau roe ai ca palèpa, ka na tangi d'ara pèd'a dènge roma iisi, aku nèngu na, Tasamia ne, ama, ee! Bagi hia ja'a berkat hèi ma.","Ropa Esau tadèngi isi na padhai lii sèmi èèna, hèia na rodhe dènge lii mèdhu, peka na, Ama! Ja'a manèngi ho Ama hia mèngi-nale kahèi mi ja'a."
GEN 27:35,"He said, Your brother came with deceit, and has taken away your blessing.","Hèia Isak peka, Ari mu ka monya ja'a, ka parame nare berkat dhu pala èu di.","Hèia Esau b'ala, peka na, Sèmi ne'e! Ari mu mai leko-monya, ka na parame rare mèngi-nale èu nèti èu."
GEN 27:36,"He said, Isn't he rightly named Jacob? For he has supplanted me these two times. He took away my birthright. See, now he has taken away my blessing. He said, Haven't you reserved a blessing for me?","Ka aku Esau na, Nèngu na leko-monya ja'a dua hari kèna. Uru èèna, parame nare hak a'a. Ka ne'e ne, parame nare hari berkat dhu madhutu iia-iia na unu ja'a. Nèka na, ngara na ‘Yakob' Te ngaa ele boe ama dhu dènge berkat era, ho hia ja'a. Do, aad'o heka? Yakob sasoa na ‘kèpe hui tèdhu', te ngaa sasoa dhu leo ‘tuka leko-monya'.","Hèia Esau b'ala, aku nèngu na, Ngara na Yakob, do? Te nèngu ne, ana uuru ja'a, ka dua hari le. Nèngu ka dhu bhèlu eele hak ana uuru ja'a, sèna ka j'aj'i ana uuru ja'a. De ladhe sèmi ne'e, nèngu ka dhu bhèlu eele mèngi-nale nèti ja'a. Hèia Yakob b'ala, aku nèngu na, Aad'o, sina ma? Lula èu dhu tèke eele le mèngi-nale nèti ja'a, nèti uru ka mai!"
GEN 27:37,"Isaac answered Esau, Behold, I have made him your lord, and all his brothers I have given to him for servants. I have sustained him with grain and new wine. What then will I do for you, my son?","Hèia Isak dhaa, aku nèngu na, Ja'a dhu ded'e le nèngu, j'aj'i lamatua èu. Aa a'ari na aa'i-aa'i ra, j'aj'i mi ènu na. Ja'a hia na le, unu are pènu soka-pènu karo, dènge hua anggor pènu ako-pènu èru. De ana, ee! Mamèngi tasamia hari, dhu ja'a ne pala-bagi mi èu?","Hèia Isak dhaa, aku nèngu na, Isak! Ja'a ded'e ne j'aj'i lamatua èu. Aa a'ari na aa'i-aa'i, ja'a ded'e si j'aj'i dhèu sab'a na. Ja'a hia ne nganga'a-nganginu, dènge èi anggor hiu. De ja'a neo tao èu tasamia hari?"
GEN 27:38,"Esau said to his father, Do you have just one blessing, my father? Bless me, even me also, my father. Esau lifted up his voice, and wept.","Masi ka tadèngi nare le sèmi èèna, te ngaa Esau loe boe dènge pamako ama na, peka na, Mamèngi na dhodhoka èci di, do? Tatu ama dènge hari mamèngi dhu leo hia ja'a. Masi ka ciki oo'e èèna ka, sad'i ja'a ne abhu! Ka Esau tangi hari dènge d'ara laho mae-mae.","Hèia Esau karèi ama na, aku nèngu na, Ama! Èu dhodhoka manèngi sèna ka Ama hia mèngi-nale èci di, do? Ja'a manèngi kahèi, ho Ama hia mèngi-nale ja'a. Hèia Esau pa'oo-parodha dènge d'ara pèd'a, ka na tangi d'ara pèd'a."
GEN 27:39,"Isaac his father answered him, Behold, your dwelling will be of the fatness of the earth, and of the dew of the sky from above.","Ka Isak b'ala ne, peka na, Mamuri èu ne, èèna na kaj'èu nèti oka-tedhe dhu hèu mèngi, lula èi paringi patiri boe nèti dedha-liru mai, ho pabasa rai èu.","Te ngaa Isak dhaa, aku nèngu na, Sèmi ne'e. Bèli-camèd'a èu pea ètu rai-haha, ètu d'ara èj'i dhu hae nèti dedha-liru, aa ètu d'ara èj'i dhu hae nèti dedha-liru."
GEN 27:40,"You will live by your sword, and you will serve your brother. It will happen, when you will break loose, that you will shake his yoke from off your neck.","Èu ne, mamuri dhoka nèti samala èu di. Aa tasa mera mia èèna ka, èu ne j'aj'i ènu ari mu. Dhodhoka ladhe bèli-camèd'a, èu bani lab'a ne, èèna na èu heka rai eele nèti d'ara adhe-aai na.","Èèna na, èu mamuri dènge samala, ho lalau-lalo'o a'ari mu dhèu sarani. Te ngaa ladhe èu kalua nèti aj'u palolo-palèbha na, pe èu kalua nèti aj'u palolo-palèbha na."
GEN 27:41,"Esau hated Jacob because of the blessing with which his father blessed him. Esau said in his heart, The days of mourning for my father are at hand. Then I will kill my brother Jacob.","Lula j'ara sèmi ne'e ne ka, Esau tèke d'ara dènge ari na Yakob, lula parame nare mamèngi na. Ka Esau pangee na, Nèbhu heka, ama ku madhe. De hud'i laa, pe d'ai ku lod'o. Ladhe èle beke, ja'a pamadhe ne!","Nèti èèna ka, Esau d'èi boe Yakob, lula ama na hia ne mèngi-nale èèna. Hèia na pangee, aku nèngu na, Nèbhu heka, ja'a neo pamadhe ari ja'a Yakob."
GEN 27:42-43,"The words of Esau, her elder son, were told to Rebekah. She sent and called Jacob, her younger son, and said to him, Behold, your brother Esau comforts himself about you by planning to kill you. Now therefore, my son, obey my voice. Arise, flee to Laban, my brother, in Haran.","Ropa Ribka tadèngi Esau dhu neo ad'u j'ara karehe, ka na peka dènge Yakob, aku nèngu na, Èu nanene ku lii ne! A'a mu neo b'ala d'ara pèd'a na, de na neo pamadhe èu. De be'a risi, èu ne rai lai-lai asa to'o mu Laban, ètu kota Haran.","Lod'o èèna, Ribka tadèngi lii Esau, ana uuru na. Hèia na pua dhèu lasi paroa ana uuru na, Yakob, ka na peka, aku nèngu na, Angalai èu, Esau, neo pamadhe èu ne. De nanene ku lii ja'a ne! Kèd'i ka! Rai lati asa ari ja'a, Laban, ètu kota Haran."
GEN 27:44,"Stay with him a few days, until your brother's fury turns away-","Lamu asa nèi, pea ako nèbhu, toke èle nanasa a'a mu.","Pea dènge ne pèri-pèri lod'o hari, toke a'ari mu nasa heka."
GEN 27:45,"until your brother's anger turns away from you, and he forgets what you have done to him. Then I will send, and get you from there. Why should I be bereaved of you both in one day?","Ladhe na bhèlu eele ku tatao èu ne, pe ja'a pua dhèu dhiu paroa èu, sèna ka èu lèpa hari mai. Lula ja'a ko'o boe, sèna ka ana ja'a dua-dua mi ele parènga d'ara ca lod'o èèna ka.","Ladhe èu tao sèmi èèna, a'ari èu èèna nasa heka dènge èu. Hèia na bhèlu eele ngaa dhu èu tao le mi nèngu. De ja'a neo pua dhèu lasi paroa hari èu. Ladhe èèna na, tasamia ka ja'a baku tèke eele èu dua mi ètu d'ara ca lod'o di?"
GEN 27:46,"Rebekah said to Isaac, I am weary of my life because of the daughters of Heth. If Jacob takes a wife of the daughters of Heth, such as these, of the daughters of the land, what good will my life do me?","Hèia Ribka roma iisi dènge Isak, peka na, Ja'a ru'a le dènge dhèu èmu Esau, dhèu Het se! De ladhe Yakob todhe nare hari kahèi ana bhèni nèti dhèu Het se, hua iia ja'a madhe ka laa.","Èle èèna ka, Ribka peka dènge Isak, aku nèngu na, Ira ii! Ja'a ke'a heka mamuri hari kèna, lula ja'a dènge heka dhèu bhèni Het. Ladhe Yakob leo dènge dhèu bhèni èci nèti rai èèna, tatu ja'a abhu boe babe'a ngaa-ngaa nèti mamuri ja'a?"
GEN 28:1,"Isaac called Jacob, blessed him, and commanded him, You shall not take a wife of the daughters of Canaan.","Hèia Isak paroa nare Yakob, ka hia ne mèngi-nale aa holo ne, peka na, Sanèd'e paie! Èu mage leo ka dènge ana bhèni Kana'an hèi.","Hèia Isak paroa Yakob, ka na hia ne mèngi-nale, aa paredha ne, peka na, Èu baku leo dènge dhèu bhèni nèti suku Kana'an sèra."
GEN 28:2,"Arise, go to Paddan Aram, to the house of Bethuel your mother's father. Take a wife from there from the daughters of Laban, your mother's brother.","De lamu ka asa Padan Aram, asa baki mu Betuel. Lamu madhèdi dènge ana bhèni to'o mu Laban ca dhèu.","Ka Lasarus tuhu hari lii padhai na, aku nèngu na, Yusuf! Kèd'i ka! Lamu asa pad'a-dedha rai Aram, ètu èmu Bethuel, ama ina mu. Ètu èèna, èu hud'i leo ku dènge dhèu èmu èu, èci èèna ka dènge ana bhèni nèti ari mu Laban."
GEN 28:3,"May God Almighty bless you, and make you fruitful, and multiply you, that you may be a company of peoples,","Hud'i laa Ama Lamatua dhu Koasa Risi Eele na, hia èu mamèngi, sèna ka ana-èpu èu bèba-kacanga, ho nèti rèngu ka j'aj'i suku ae-ae dhu kapai.","Ja'a manèngi sèna ka Ama Lamatua hia mèngi-nale mi dedha èu, lula Nèngu ka dhu koasa kapai risi eele. Ja'a manèngi kahèi ho Lamatua hia mèngi-nale mi dedha èu, sèna ka ana-èpu èu ae-ae, ho j'aj'i suku ae-ae ètu rai-haha ne."
GEN 28:4,"and give you the blessing of Abraham, to you and to your offspring with you, that you may inherit the land where you travel, which God gave to Abraham.","Hud'i laa, lii pajaji Ama Lamatua dènge Abraham èèna, noto mi dedha èu ne, dènge ana-èpu èu. Sèna ka èu unu rai dhu Ama Lamatua jaji tèke le mi Abraham.","Ja'a neo hia èu, dènge ana-èpu èu aa'i-aa'i, mèngi-nale dhu Ja'a hia mi Abraham. Ja'a neo hia èu, dènge ana-èpu èu kahèi, mèngi-nale dhu Ja'a hia mi Abraham. Dènge j'ara ne'e, èu dènge ana-èpu èu aa'i-aa'i mi pea ètu rai èèna, dhu Ama Lamatua pangèd'u le mi Abraham."
GEN 28:5,"Isaac sent Jacob away. He went to Paddan Aram to Laban, son of Bethuel the Syrian, the brother of Rebekah, Jacob's and Esau's mother.","Padhai lii nare, ka Isak hia Yakob la'e asa Padan Aram, asa èmu to'o na Laban, dènge baki na Betuel.","Èle èèna ka, Isak pua Yakob la'e asa rai Kana'an, ho tenge dhèu èci, ngara na Laban. Uru èèna, Yakob dènge Esau pea ètu d'ara rai Kana'an. Uru èèna, Yakob dènge Yakob pea ètu rai Kana'an. Te ngaa nèbhu-nèbhu ka, Isak pua Yakob la'e asa rai Kana'an. Ka na la'e asa rai Kana'an, ètu d'ara rai Kana'an. Laban ne, ama nèti dhèu Siria, ngara na Bethuel. Nèngu ne, ari nèti Ribka."
GEN 28:6,"Now Esau saw that Isaac had blessed Jacob and sent him away to Paddan Aram, to take him a wife from there, and that as he blessed him he gave him a command, saying, You shall not take a wife of the daughters of Canaan,","Esau dhu tadèngi le kahèi, dhu peka na Isak hia Yakob mamèngi, aa kai ne sèna ka baku leo dènge bhèni Kana'an. Aa na tadèngi hèi, dhu Isak hia Yakob leo dènge ana bhèni to'o na Laban ètu Padan Aram.","Lod'o èèna, Esau ne'a, na, Isak hia mèngi-nale mi ana na, Yakob. Hèia na pua ne lèpa asa rai Kana'an, sèna ka leo nare dhèu èmu na ètu rae Padan-Aram. Esau ne'a, na, Isak hia mèngi-nale mi ana na, Yakob. Ka na paredha ne, peka na, Èu baku leo nare dhèu bhèni nèti dhèu Kana'an sèra."
GEN 28:7,"and that Jacob obeyed his father and his mother, and was gone to Paddan Aram.","Ka Yakob madhutu lii paredha ina dènge ama na, ka pakèd'i la'e asa Padan Aram.","Hèia Yakob madhutu dad'èi ina-ama na, ka na pakèd'i la'e asa rai Kana'an."
GEN 28:8,"Esau saw that the daughters of Canaan didn't please Isaac, his father.","Aa Esau dhu ne'a le kahèi, ama na d'èi boe dhèu èmu na, bhèni Kana'an dua sèra.","Te ngaa Esau ladhe nèdhi, na, ina na Isak d'èi boe ana bhèni nèti rai Kana'an."
GEN 28:9,"So Esau went to Ishmael, and took, in addition to the wives that he had, Mahalath the daughter of Ishmael, Abraham's son, the sister of Nebaioth, to be his wife.","Hèia na la'e asa ama aae na Ismael, ka leo hari èmu dènge ana bhèni Ismael ca dhèu, ngara na Mahalat. Mahalat ne, ana mone na ka Nebayot.","Hèia Esau la'e paraga dènge dhèu èmu na, Isak. Ka leo nare dhèu èmu na, èci hari dènge dhèu èmu na, Mahalat. Mahalat ne, ana nèti Isak. Esau ne, ana-èpu Abraham. Na leo nare kahèi dhèu èmu Na, ngara na Naboti."
GEN 28:10,"Jacob went out from Beersheba, and went toward Haran.","Ka Yakob tèke eele Beer Syeba, la'e asa Haran.","Èle èèna ka, Yakob tèke eele kota ne, ka la'e asa kota èci, ngara na Haran."
GEN 28:11,"He came to a certain place, and stayed there all night, because the sun had set. He took one of the stones of the place, and put it under his head, and lay down in that place to sleep.","Ropa lod'o cèna, Yakob d'ai era èci, ka na j'unu ètu era èèna. Na neo j'unu, nare hadhu cue, tao lalaka kètu na.","Èle èèna ka, Yesus si d'ai era èci, ka ra j'unu panahu. Te ngaa, lula lod'o heka cèna, hèia Yesus puru nèti era èèna, la'e bhèj'i ètu era èèna. Na nare hadhu cue, ka èki mi kètu Na, sèna ka j'unu ètu era èèna."
GEN 28:12,"He dreamed and saw a stairway set upon the earth, and its top reached to heaven. Behold, the angels of God were ascending and descending on it.","D'ara mèda èèna, na nii. Na ladhe nèdhi langa èci dhu patitu ètu rai, suu na d'ai dedha-liru. Ka ana pajuu Ama Lamatua nèti sorga, ca'e-puru ètu dedha langa èèna.","Ètu d'ara nii na, nèngu ladhe nèdhi era èci dhu dedha asa dedha-liru. Aa ana pajuu Ama Lamatua nèti sorga ca'e-puru mai nèti era èèna."
GEN 28:13,"Behold, the LORD stood above it, and said, I am the LORD, the God of Abraham your father, and the God of Isaac. I will give the land you lie on to you and to your offspring.","Ètu d'ara nii na, Yakob ladhe nèdhi LAMATUA dhu titu ètu karasa nèngu, hèia na lii, aku nèngu na, Ja'a ne LAMATUA, Ama Lamatua nèti baki mu Abraham, dènge ama mu Isak. Èèna na, Ja'a hia rai ne mi èu dènge ana-èpu èu.","Nèbhu boe ka, Lamatua titu ètu dedha rai èèna. Ka Na moa dènge ne, aku Nèngu na, Ja'a ne, Lamatua nèti bèi-baki èu, Abraham dènge Isak. Bèli-camèd'a, Ja'a pangèd'u rai èèna mi èu dènge ana-èpu èu aa'i-aa'i ra."
GEN 28:14,"Your offspring will be as the dust of the earth, and you will spread abroad to the west, and to the east, and to the north, and to the south. In you and in your offspring, all the families of the earth will be blessed.","Bèli-camèd'a, ana-èpu èu ae-ae, sama sèmi ahu rai ne. Rèngu se, èèna na, pea palème era-era ètu rai-haha ne. Nèti ana-èpu èu ka, suku aa'i-aa'i ètu rai-haha ne, abhu mèngi-nale.","Te ngaa ana-èpu miu, bèli-camèd'a j'aj'i ahu ètu rai-haha. Bèli-camèd'a miu rai paj'ala asa haa, asa dhimu, asa balèu, asa balèu. Bèli-camèd'a suku aa'i-aa'i ètu rai-haha ne, abhu mèngi-nale lula miu dènge ana-èpu miu."
GEN 28:15,"Behold, I am with you, and will keep you, wherever you go, and will bring you again into this land. For I will not leave you until I have done that which I have spoken of to you.","Mage mu bhèlu! Èu ne ètu mia èèna ka, Ja'a bera-bera dènge èu. Ladhe èèna na, Ja'a lere kèti hari èu mai asa dedha-rai ne'e. Ja'a bhera boe èu. Aa èèna na, Ja'a tao aa'i madhutu sèmi lii pajaji Ja'a dènge èu.","Sanèd'e, ee! Èèna na Ja'a bera-bera dènge èu. Sad'i èu lamu asa era mia èèna ka, Ja'a j'aga èu taruu. Te Ja'a tèke eele boe èu, ladhe Ja'a tao mèka madhutu lii pajaji èèna."
GEN 28:16,"Jacob awakened out of his sleep, and he said, Surely the LORD is in this place, and I didn't know it.","Ropa Yakob kèd'i nèti bhèj'i, na padhai lii, aku nèngu na, Ja'a heka ke'a kèna, LAMATUA dhu ètu era ne'e kahèi.","Ropa Yakob cag'ag'a nèti bhèj'i na, hèia na kèd'i. Ka na pangee, aku nèngu na, Ira ii! Mema tare'a Lamatua ètu era ne'e ne! Te ngaa ja'a ke'a boe, na, Nèngu ètu era ne'e!"
GEN 28:17,"He was afraid, and said, How awesome this place is! This is none other than God's house, and this is the gate of heaven.","Na madha'u, ka na pangee, na, Boo! Era ne'e ne pamadha'u ja'a, nga. Tatu Èmu Ama Lamatua ètu era ne'e ne! Aa era ne'e ne, j'aj'i hèb'a babèdho sorga.","Hèia Sakaria madha'u bia. Na pangee, aku nèngu na, Ira ii! Era ne'e ne, era be'a titu kèna! Era ne'e ne, era manèngi-mangaj'i Ama Lamatua! Aa ne'e ne, hèb'a oka ho la'e asa sorga!"
GEN 28:18,"Jacob rose up early in the morning, and took the stone that he had put under his head, and set it up for a pillar, and poured oil on its top.","D'ara mad'ae aae era, Yakob kèd'i le èèna. Ka nare hadhu dhu na tao lalaka deo na. Hèia na patitu j'aj'i mi tadha. Ka na bhori èi mènyi asa dedha hadhu èèna, hèia na mangaj'i mi Lamatua.","Bèli mad'ae aae èèna, Yakob kèd'i nare hadhu aae èèna, ka na tao hadhu padhèdi ètu era padhèdi na, sèna ka j'aj'i mi era padhèdi. Èle èèna ka, na pasuti èi lèngi mi dedha hadhu ne, sèna ka j'aj'i mi tadha dhu dedha risi."
GEN 28:19,"He called the name of that place Bethel, but the name of the city was Luz at the first.","Ka na pangare era ne Betel, dhu sasoa na ‘Èmu Lamatua'. Uru èèna, era ne ngara na Lus.","Nèti èèna ka, Musa pangare era ne'e, Betel'. Te ngaa uru èèna, ngara kota èèna, Lus'."
GEN 28:20,"Jacob vowed a vow, saying, If God will be with me, and will keep me in this way that I go, and will give me bread to eat, and clothing to put on,","Èle èèna ka, Yakob ded'e subha, aku nèngu na, Ladhe Ama Lamatua dhu dènge ja'a, aa j'aga ja'a ètu d'ara kakako ja'a ne, aa panga'e dènge papake ja'a,","Hèia Yakob pajaji dènge lii subha, peka na, Aad'o! Ladhe Ama Lamatua bera-bera dènge ja'a, aa Na j'aga ja'a taruu ètu d'ara kakako ja'a, pe Na hia ja'a nganga'a-nganginu, dènge mèdha-papake,"
GEN 28:21,"so that I come again to my father's house in peace, and the LORD will be my God,","toke ja'a lèpa dènge sod'a, èèna na LAMATUA j'aj'i mi Ama Lamatua ja'a.","Dènge j'ara ne'e, ja'a bisa lèpa hari asa èmu ama ku dènge mera-milu. Lod'o èèna, Lamatua mesa Na ka dhu j'aj'i Ama Lamatua ja'a."
GEN 28:22,"then this stone, which I have set up for a pillar, will be God's house. Of all that you will give me I will surely give a tenth to you.","Hadhu dhu ja'a patitu ne, j'aj'i mi era sogo-tagu mi Ama Lamatua. Aa aa'i-aa'i dhu Lamatua pala-bagi mi ja'a, ja'a hia Na ca pala nèti canguru pala.","hadhu padhèdi ne, nuka sèmi èmu Ama Lamatua. Nèti mèdha aa'i-aa'i dhu ama hia mi Ja'a, ja'a neo hia mi ama ca pala nèti canguru pala."
GEN 29:1,"Then Jacob went on his journey, and came to the land of the children of the east.",Hèia Yakob kako hari ka asa bèka dhimu.,"Èle èèna ka, Yakob pakèd'i nèti rai Masir, la'e asa rai dhèu Isra'el ètu cabèka dhimu."
GEN 29:2,"He looked, and saw a well in the field, and saw three flocks of sheep lying there by it. For out of that well they watered the flocks. The stone on the well's mouth was large.","Ca lod'o, ladhe nèdhi èi ca madha, dètu dènge rae cue. Padètu-dètu dènge madha èi èèna, abhu tèlu kaboko kahib'i-kalèbho, dhu mate rinu èi. Te ngaa hadhu aae cue dhu ra pasaguru mi hèb'a èi na.","Ropa Yesus la'e, hèia ladhe nèdhi madha èi cue ètu sebhe j'ara. Ètu èèna, abhu kahib'i-kalèbho tèlu badha kahib'i-kalèbho dhu j'unu ètu era èèna. Dhèu se neo èi kahib'i-kalèbho se, lula hadhu aae èèna kapai titu kèna."
GEN 29:3,"There all the flocks were gathered. They rolled the stone from the well's mouth, and watered the sheep, and put the stone back on the well's mouth in its place.","Dhu tema le, ladhe kahib'i tesa aa'i-aa'i ra, ana-ana madhenga kahib'i se, lasi bhoke hadhu na, heka ra dhui kèna, panginu kahib'i si. Panginu rare na, ra katange hari hadhu na la'e.","Ètu era ne'e, dhèu madhenga badha aa'i-aa'i mai lingu rare kahib'i-kalèbho ra. Ka ra loli eele hadhu aae èèna nèti hèb'a madha èi ne. Èle èèna ka, ra èki kahib'i-kalèbho sèra dènge èi. Èle èèna ka, ra èki hari hadhu aae èèna mi hèb'a madha èi ne."
GEN 29:4,"Jacob said to them, My relatives, where are you from? They said, We are from Haran.","Ka Yakob kako la'e asa madha dhèu madhenge kahib'i se, hèia na karèi, aku nèngu na, Miu se, dhèu mia? Hèia ra dhaa, Ji'i se, nèti rae Haran ne'e.","Hèia Yakob karèi si, aku nèngu na, A'ari ja'a! Miu se, dhèu mia? Ka dua ra dhaa, aku rèngu na, Ji'i mai nèti Haran."
GEN 29:5,"He said to them, Do you know Laban, the son of Nahor? They said, We know him.","Ka Yakob karèi hari, aku nèngu na, Miu tadhe to'o ja'a, Laban, do? Nèngu na, ana Nahor. Ka ra dhaa, Ji'i tadhe ne.","Hèia na karèi si, aku nèngu na, Miu tadhe Laban, ana Nahor, do? Ka ra dhaa, aku rèngu na, Ji'i tadhe ne."
GEN 29:6,"He said to them, Is it well with him? They said, It is well. See, Rachel, his daughter, is coming with the sheep.","Hèia Yakob karèi hari, aku nèngu na, Na be'a-be'a, sina ma? Ka ra peka, Oo, na be'a-be'a. Ladhe, ana bhèni na ka nèi. Ngara na, Rahel. Nuka eo nèti kahib'i ama na mai sa ne'e, ho hia rinu ètu ne'e. Mate ne.","Hèia Yesus karèi si, peka na, Tasamia? Ka ra dhaa, aku rèngu na, Tare'a. Ladhe ku laa. Ana na Rahel mai dènge kahib'i-kalèbho sèra."
GEN 29:7,"He said, Behold, it is still the middle of the day, not time to gather the livestock together. Water the sheep, and go and feed them.","Hèia Yakob peka hari, Loo nètu era. De be'a risi, badha mia ètu se'e le, panginu ka si. Sèna ka lere mèti hari asa d'ara pad'a, ho ra'a hari j'u'u.","Hèia pegawi ne dhaa, aku nèngu na, Sèmi ne'e! Lod'o rea kèna, te ngaa lod'o rea mèka. Be'a risi miu isi kahib'i-kalèbho sèra, sèna ka hia ra'a-rinu."
GEN 29:8,"They said, We can't, until all the flocks are gathered together, and they roll the stone from the well's mouth. Then we will water the sheep.","Te ngaa ra peka, We, j'ara na aad'o sèmi èèna! Ji'i mate toke tesa aa'i ku, heka ji'i pakeso hadhu ne, heka panginu badha se kèna.","Te ngaa dhèu se dhaa, peka na, Ji'i bisa boe. Ladhe kahib'i-kalèbho aa'i-aa'i mai, heka dhèu madhenge rare kahib'i-kalèbho se kèna. Èle èèna ka, ra loli eele hadhu aae èèna nèti hèb'a madha èi ne. Èle èèna ka, ji'i pamèu kahib'i-kalèbho sèra."
GEN 29:9,"While he was yet speaking with them, Rachel came with her father's sheep, for she kept them.","Yakob padhai lii era, Rahel d'ai le era èèna dènge kahib'i ama na. Nèngu ka dhu biasa ladhe-leru si.","Lod'o Petrus padhai lii era, cag'ag'a laa, Rahel d'ai èmu dènge kahib'i-kalèbho ama na. Nèngu ka dhu ladhe-leru kahib'i-kalèbho sèra."
GEN 29:10,"When Jacob saw Rachel the daughter of Laban, his mother's brother, and the sheep of Laban, his mother's brother, Jacob went near, and rolled the stone from the well's mouth, and watered the flock of Laban his mother's brother.","Ropa Yakob nèdhi Rahel dènge kahib'i sèra, la'e dènge ka pa'eso eele hadhu dhu saguru hèb'a èi na. Ka na panginu badha to'o na sèra.","Lod'o èèna, Yakob la'e padètu-dètu ho ladhe nèdhi kahib'i-kalèbho na dènge Rahel. Rahel ne, ana bhèni nèti ari na Laban. Hèia Yakob la'e ladhe nèdhi kahèi kahib'i-kalèbho nèti ari na Laban. Ka na loli eele hadhu èèna nèti hèb'a madha èi ne, sèna ka na panga'a kahib'i-kalèbho nèti ari na Laban."
GEN 29:11,"Jacob kissed Rachel, and lifted up his voice, and wept.","Èle ka, la'e uu Rahel, dènge tangi.","Hèia Yakob liku nare Rahel, ka na tangi dènge d'ara pèd'a."
GEN 29:12,"Jacob told Rachel that he was her father's relative, and that he was Rebekah's son. She ran and told her father.","Ka na lolo dènge Rahel, aku nèngu na, Ari! Ja'a ne, ana nèti Ribka, ana hèni ama mu. Hèia Rahel rai sa èmu la'e, peka dènge ama na.","Hèia Yakob peka dènge Rahel, aku nèngu na, Ja'a ne, a'ari nèti ama mu. Ja'a ne, ana nèti Ribka. Ka na rai lèpa hari la'e peka dènge ama na."
GEN 29:13,"When Laban heard the news of Jacob, his sister's son, he ran to meet Jacob, and embraced him, and kissed him, and brought him to his house. Jacob told Laban all these things.","Ropa Laban tadèngi lii lolo Rahel, dhu peka na Yakob ana nèti ana hèni na Ribka, ka la'e dènge ka, soru nare Yakob. Ropa na d'ai, liku nare Yakob, ka na uu, hèia gale nèti dènge ka, lasi asa èmu na. Ka Yakob lolo aa'i-aa'i dènge to'o na.","Lod'o èèna, ropa Laban tadèngi lii lolo nèti ana ari na Yakob, hèia na rai la'e paraga dènge ne. Ka na liku nare, ka uu ana ne, hèia na lèpa dènge ka asa èmu na. Ka na lolo aa'i-aa'i se mi Laban."
GEN 29:14,"Laban said to him, Surely you are my bone and my flesh. Jacob stayed with him for a month.","Hèia Laban lii, aku nèngu na, Mema tare'a! Èdhi dua ti dhu pa'a'ari. Ropa Yakob pea dènge rèngu d'ai ca hèru,","Hèia Laban dhaa, aku nèngu na, Ira ii! Èu ne, lèke tare'a-re'a ngi'u aae ja'a. Ka Yakob pea dènge Yakob d'ai ca hèru kateme."
GEN 29:15,"Laban said to Jacob, Because you are my relative, should you therefore serve me for nothing? Tell me, what will your wages be?","Laban padhai lii dènge ne, aku nèngu na, Yakob! Ja'a ko'o boe, sèna ka èu sab'a hia ja'a dènge iia-iia d'ara, lula èdhi se dhu pa'a'ari. De èu neo sèna ka rui-j'aj'èra èu ja'a b'ae ca ngaa?","Hèia Laban karèi Yakob, aku nèngu na, Lula èu ne a'ari ja'a, nga tao ka èu sab'a hia ja'a dhoka iia di? Peka ku laa! Bèli-camèd'a ja'a b'ae èu gaji ngaa?"
GEN 29:16,"Laban had two daughters. The name of the elder was Leah, and the name of the younger was Rachel.","Laban ne, dhu dènge ana bhèni dhèu dua. Dhu uru, ngara na Lea. Aa ari na, ngara na Rahel.","Lod'o èèna, Laban dènge ana bhèni na dhèu dua. Ana heka, ngara na Leah, aa ana limuri, ngara na Rahel."
GEN 29:17,"Leah's eyes were weak, but Rachel was beautiful in form and attractive.","Lea ne, musi madha na ako ahu. Te ngaa Rahel, rèhu na bhèni iia, aa ngi'u na saraga bia.","Lod'o èèna, bhèni balu èci, ngara na Lea, musi madha na roe-bhilu. Te ngaa bhèni balu èci, ngara na Rahel, bhèni dhu kab'ua aae."
GEN 29:18,"Jacob loved Rachel. He said, I will serve you seven years for Rachel, your younger daughter.","Yakob d'èi risi Rahel. Ka na peka dènge Laban, Ladhe to'o ku mo'o, ja'a sab'a hia to'o ku pidhu tèu, sad'i to'o ku hia ja'a madhèdi dènge Rahel.","Nèti èèna ka, Yakob sue risi ana na, Rahel. Ka na lii, aku nèngu na, Ja'a neo sab'a hia èu pidhu tèu, ho èu abhu ana limuri èu, Rahel."
GEN 29:19,"Laban said, It is better that I give her to you, than that I should give her to another man. Stay with me.","Hèia Laban dhaa, aku nèngu na, Ja'a ko'o! Be'a risi, ja'a paleo èu dènge Rahel, lula èdhi dua ti dhu a'ari. Mage dhoka na madhèdi dènge dhèu leo. De mu pea mi ne'e, sèna ka sab'a hia ja'a.","Te ngaa Laban dhaa, aku nèngu na, Be'a risi ja'a hia ne mi èu, baku ja'a hia ne mi dhèu leo. Pea ku dènge ja'a!"
GEN 29:20,"Jacob served seven years for Rachel. They seemed to him but a few days, for the love he had for her.","Ka Yakob sab'a hia Laban pidhu tèu, sèna ka na bisa madhèdi dènge Rahel. Lula na d'èi madhe-madhe Rahel, nèti èèna ka, pidhu tèu èèna, na pangee nuka sèmi pèri-pèri lod'o di.","Hèia Yakob sab'a hia Rahel d'ai pidhu tèu. Te ngaa na pangee, na, lod'o èèna dhoka pèri lod'o di, lula na sue ne."
GEN 29:21,"Jacob said to Laban, Give me my wife, for my days are fulfilled, that I may go in to her.","Ropa risi nèti pidhu tèu, ka na pasanèd'e Laban, aku nèngu na, To'o! Ja'a sab'a le hia to'o ku pidhu tèu, de paleo ka ja'a dènge Rahel.","Hèia Yakob peka dènge Laban, aku nèngu na, Hia ku ja'a dhèu èmu ja'a, te d'ai lod'o ja'a madhe kèna."
GEN 29:22,"Laban gathered together all the men of the place, and made a feast.","Hèia Laban tao tatao, ka na nèru aa'i rae lesa ètu rae èèna.","Hèia Laban pakaboko dhèu-dhèu ètu èèna, ka ra'a-rinu aa'i-aa'i."
GEN 29:23-27,"In the evening, he took Leah his daughter, and brought her to Jacob. He went in to her. Laban gave Zilpah his servant to his daughter Leah for a servant. In the morning, behold, it was Leah! He said to Laban, What is this you have done to me? Didn't I serve with you for Rachel? Why then have you deceived me? Laban said, It is not done so in our place, to give the younger before the firstborn. Fulfill the week of this one, and we will give you the other also for the service which you will serve with me for seven more years.","Ropa d'ai mèda èèna, Laban hia boe Rahel, te ngaa na pua Lea maso asa d'ara paleo Yakob. Ka Yakob j'unu dènge ne. Asa bèli èèna, Yakob heka ne'a kèna, nèngu dhu leo dènge Lea di. Hèia Yakob la'e patao dènge Laban, aku nèngu na, Nga tao ka, to'o pasèru ja'a sèmi ne'e? Ja'a sab'a sèmi ènu pidhu tèu kateme hia mi èu, sèna ka bisa abhu Rahel! Nga tao ka to'o pasilu dènge Lea? Ka Laban dhaa, Baku nasa ku! Madhutu ad'a ji'i ètu rai ne'e, ari bisa boe leo uuru èmu nèti a'a. De be'a risi sèmi ne'e! Èu mate hari ku pidhu lod'o, d'ai èle tatao ne, heka èu abhu Rahel kèna. Sad'i èu sab'a hari hia ja'a pidhu tèu. Hèia Laban pangèd'u dènge ènu bhèni èci, hia mi Lea. Ngara na Silpa.","Ropa lod'o oe cèna, hèia na nèti dènge ana bhèni na, Lea, la'e asa Yakob. D'ai d'ara èmu manèngi-mangaj'i na, Laban hia ana bhèni na, Zilpa, ho j'aj'i ènu na. Bèli mad'ae èèna, na ladhe nèdhi Leah. Ka na karèi Laban, aku nèngu na, Tasamia? Ja'a sab'a sama-sama dènge èu, do? Nga tao ka èu kapod'e-kabèli ja'a? Hèia Laban b'ala, aku nèngu na, Èu baku tao sèmi èèna ètu talora aae ji'i, ho hia ana limuri ne, ana uuru ètu d'ara èmu ji'i. Èle èèna ka, ji'i b'ae hari èu, lula èu sab'a dènge ja'a toke d'ai pidhu tèu hari."
GEN 29:28,"Jacob did so, and fulfilled her week. He gave him Rachel his daughter as wife.","Lii padhai Laban deo na, Yakob d'èi kahèi. Nèti èèna ka, èle tatao ne pidhu lod'o, ka Laban pamadhèdi hari Yakob dènge Rahel.","Ka Yakob tao sèmi èèna. Hèia d'ai hèru manèngi-mangaj'i na, ka na paleo dènge ne ana na, Rahel, ho j'aj'i dhèu èmu na."
GEN 29:29,"Laban gave Bilhah, his servant, to his daughter Rachel to be her servant.","Ka Laban hia ènu na dhèu bhèni èci, ngara na Bilha, sèna ka j'aj'i mi ènu Rahel.","Èle èèna ka, Laban hia ana na dhèu sab'a èci, ngara na Bilha, ho j'aj'i ènu na. Ka na hia ana na, Rahel, j'aj'i ènu na."
GEN 29:30,"He went in also to Rachel, and he loved also Rachel more than Leah, and served with him seven more years.",Hèia Yakob pa'èci ka dènge Rahel. Na d'èi risi Rahel nèti Lea. Ka Yakob sab'a hari hia to'o na pidhu tèu.,Hèia Yakob leo hari dènge Rahel. Ka na sue risi Rahel nèti Lea. Ka na sab'a ètu d'ara èmu Rahel toke d'ai pidhu tèu hari.
GEN 29:31,"The LORD saw that Leah was hated, and he opened her womb, but Rachel was barren.","Te ngaa LAMATUA ne'a le, Yakob sue risi Rahel nèti Lea. Nèti èèna ka, Na hia Lea nara iisi ana. Te ngaa Rahel abhu boe ana.","Ropa Lamatua ladhe nèdhi, hèia Lamatua d'èi heka Lea. Nèti èèna ka, Lamatua bhoke d'ara na, ho na nara iisi. Te ngaa Rahel dhu dènge heka babia."
GEN 29:32,"Leah conceived, and bore a son, and she named him Reuben. For she said, Because the LORD has looked at my affliction, for now my husband will love me.","Hèia Lea dènge babia, ka nara iisi ana mone ca dhèu. Na pangare ne, Ruben dhu sasoa na ‘mèdhi si, abhu ana', lula na peka na, LAMATUA ladhe nèdhi le sasusa ja'a. Nèti èèna ka, limuri ne, dhèu èmu ja'a tao madha-dhilu mi ja'a.","Lod'o èèna, Lea dènge babia ka nara iisi ana mone ca dhèu. Na pangare ne, Ruben, lula na peka, Lamatua dhu ne'a le j'aj'èra ja'a. Limuri ne dhèu èmu ja'a sue ja'a titu kèna."
GEN 29:33,"She conceived again, and bore a son, and said, Because the LORD has heard that I am hated, he has therefore given me this son also. She named him Simeon.","Ka Lea dènge hari babia, hèia nara iisi hari ana mone èci. Na pangare ne, Simeon dhu sasoa na, ele boe ‘dhèu tadèngi le', lula na peka na, LAMATUA dhu ne'a na, dhèu èmu ja'a sue boe ja'a. Tu d'ai èèna ka, Na hia ja'a ana dhèu èci hari.","Hèia Hana dènge babia hari, ka nara iisi ana mone ca dhèu. Na peka, aku nèngu na, Lamatua ne'a le, na, d'ara ja'a roe dènge ne. Nèti èèna ka, Na hag'e nare hari ja'a ana mone ne. Ka na pangare ne, Simeon."
GEN 29:34,"She conceived again, and bore a son. She said, Now this time my husband will be joined to me, because I have borne him three sons. Therefore his name was called Levi.","Èle èèna ka, Lea kad'o hari ana èci, ka nara iisi ana mone ca dhèu. Na pangare na Lewi, lula na peka na, Dènge ana ne'e ne, èle dènge lii langu ja'a. D'ara dhèu èmu ja'a, pa'èki dènge ja'a, lula ja'a matana hia ne ana mone, dhèu tèlu kèna.","Ka Hana dènge babia hari, ka nara iisi ana mone ca dhèu. Hèia na peka, aku nèngu na, Ja'a dènge dhèu èmu ja'a, te ja'a nara iisi le ana mone tèlu. Nèti èèna ka, ra pangare ne, Lewi."
GEN 29:35,"She conceived again, and bore a son. She said, This time I will praise the LORD. Therefore she named him Judah. Then she stopped bearing.","Ka Lea dènge hari babia ca tèka, hèia nara iisi ana mone èci. Na pangare na, Yahuda dhu sasoa na ele boe ‘koa-kio', lula na peka na, Dènge j'ara ne'e ne, ja'a neo koa-kio LAMATUA! Èle ka, Lea dènge heka ana.","Hèia Hana dènge babia hari, ka nara iisi hari ana mone ca dhèu. Ka na padhai lii, aku nèngu na, Limuri ne, ja'a neo ded'e padedha-dedha kolongara Lamatua! Nèti èèna ka, na pangare ana ne, Yahuda. Ropa na padhai lii nare sèmi èèna, heka nara iisi kèna."
GEN 30:1,"When Rachel saw that she bore Jacob no children, Rachel envied her sister. She said to Jacob, Give me children, or else I will die.","Te ngaa Rahel dhu abhu mèka ana. Nèti èèna ka, nèngu tèke d'ara dènge a'a na. Hèia na peka dènge dhèu èmu na, A'a! Hia ku ja'a ana laa, ma. Ladhe aad'o, be'a risi ja'a madhe ka laa.","Ropa Rahel ladhe nèdhi, na, nèngu dènge boe ana, hèia na tèka d'ara dènge ari na, hèia na manèngi, aku nèngu na, Hia ku ana ku ja'a! Te aad'o na, ja'a madhe kèna."
GEN 30:2,"Jacob's anger burned against Rachel, and he said, Am I in God's place, who has withheld from you the fruit of the womb?","Te ngaa Yakob jèke ne, aku nèngu na, Èu ngee na, ja'a ne, Lamatua, ho bisa hia èu ana! ?","Ropa Yakob tadèngi nare, hèia na nasa titu kèna dènge Rahel. Ka na karèi, aku nèngu na, Ja'a ne dhoka Ama Lamatua di. Te Ja'a ka dhu kai èu, sèna ka èu baku nara iisi."
GEN 30:3,"She said, Behold, my maid Bilhah. Go in to her, that she may bear on my knees, and I also may obtain children by her.","Ka Rahel b'ala na, Sèmi ne'e, hua iia èu more Bilha, ènu ja'a na. J'unu dènge ne, sèna ka na matana hia ja'a ana.","Ka Ribka dhaa, peka na, Ladhe ku laa! Nèngu ne bhèni sab'a ja'a, Bilha. Lamu ho pa'èci dènge ne, sèna ka bhèni ne nara iisi ja'a, ho ja'a abhu ana."
GEN 30:4,"She gave him Bilhah her servant as wife, and Jacob went in to her.",Hèia na pangèd'u Bilha mi dhèu èmu na. Ka Yakob j'unu dènge ne.,"Èle èèna ka, na paleo dènge Yakob bhèni sab'a na, Bilha, ho j'aj'i dhèu èmu na. Hèia Yakob pa'èci dènge ne."
GEN 30:5,"Bilhah conceived, and bore Jacob a son.","Ka Bilha dènge babia, hèia nara iisi ana mone ca dhèu.","Èle èèna ka, Bilha dènge babia nara iisi ana mone èci hia Yakob."
GEN 30:6,"Rachel said, God has judged me, and has also heard my voice, and has given me a son. Therefore she called his name Dan.","Hèia Rahel padhai lii, aku nèngu na, Ama Lamatua nanene le lii manèngi-mangaj'i ja'a. Nèti èèna ka, Na hia ja'a ana mone ca dhèu. Ama Lamatua pama'ète le, lii langu ja'a dènge mola-mola. Ka na pangare ana ne, Dan dhu sasoa na ‘pama'ète lii'.","Hèia Rahel lii, peka na, Ama Lamatua pama'ète le lii langu ja'a. Na tadèngi lii ja'a kahèi, ka Na hia ja'a ana mone ca dhèu. Nèti èèna ka, na pangare ana ne, Dan."
GEN 30:7,"Bilhah, Rachel's servant, conceived again, and bore Jacob a second son.","Èle èèna ka, Bilha dènge hari babia, ka nara iisi ana mone èci.","Lod'o èèna, Bilha, ènu Rahel, nara iisi hari Yakob, ka na nara iisi hari ana mone ca dhèu."
GEN 30:8,"Rachel said, I have wrestled with my sister with mighty wrestlings, and have prevailed. She named him Naphtali.","Ka Rahel peka, aku nèngu na, Ja'a limuri ne pa'uji dènge a'a ku, ka ja'a segi. Nèti èèna ka, na pangare ana na, Naftali dhu sasoa na ‘pa'uji', do ‘pa'ère'.","Hèia Rahel b'ala, aku nèngu na, Ja'a pab'ala le dènge a'a ja'a, ana hèni. Ja'a segi le, toke kapai. Ka na pangare ana ne, Naftali."
GEN 30:9,"When Leah saw that she had finished bearing, she took Zilpah, her servant, and gave her to Jacob as a wife.","Ropa Lea ne'a na nèngu ne dènge heka ana, ka na paleo ènu na Silpa dènge Yakob.","Ropa Leah ne'a, na, nèngu heka nara iisi kèna, hèia na nare dhèu sab'a na èci, ngara na Zilpa, ho na hia Yakob j'aj'i dhèu èmu na."
GEN 30:10,"Zilpah, Leah's servant, bore Jacob a son.",Ka Silpa nara iisi ana mone ca dhèu.,"Lod'o èèna, ana bhèni èci, ngara na Zilpa, nara iisi ana mone mi Yakob."
GEN 30:11,"Leah said, How fortunate! She named him Gad.","Hèia Lea peka na, Kalua ja'a, mèngi le. Ka na pangare na, Gad dhu sasoa na ‘kalua mèngi'.","Hèia na dhaa, peka na, Ira ii! Bèli-camèd'a èu abhu mèngi-nale! Ka na pangare ana ne, Gad."
GEN 30:12,"Zilpah, Leah's servant, bore Jacob a second son.",Ka Silpa nara iisi hari ana mone èci.,"Lod'o èèna, ana bhèni èci, ngara na Zilpa, nara iisi hari ana mone na ka dua."
GEN 30:13,"Leah said, Happy am I, for the daughters will call me happy. She named him Asher.","Hèia Lea padhai lii, peka na, Waa! Limuri ne, ja'a heka karej'e kèna! Mi laladhe ee, te bèli-camèd'a, dhèu bhèni aa'i-aa'i ra, peka na ja'a ne oto bia. Nèti èèna ka, na pangare ana ne, Aser dhu sasoa na ‘karej'e'.","Hèia Lea b'ala, aku nèngu na, Ja'a ne, karej'e-karae! Bèli-camèd'a ana bhèni se paroa ja'a, peka na, Ja'a ne, karej'e-karae! ' Ka na pangare ana ne, Aser."
GEN 30:14,"Reuben went in the days of wheat harvest, and found mandrakes in the field, and brought them to his mother, Leah. Then Rachel said to Leah, Please give me some of your son's mandrakes.","Ca lod'o, lèke dènge hèru puu-g'ètu are, Ruben la'e asa d'ara j'ami. Na rage ana aaj'u ca kapua dhu j'aj'i sèmi èi na'i ho hia dhèu bhèni abhu kolo. Ka Ruben nèti hia ina na Lea. Ropa Rahel nèdhi, ka na peka dènge Lea, aku nèngu na, A'a! Bagi ku ja'a ciki, èi na'i dhu Ruben nèti èèna.","Èle èèna ka, Ruben la'e asa d'ara lod'o puu-g'ètu. D'ai lod'o puu-g'ètu ètu d'ara pad'a sod'a, na nèdhi bunga dhu hua iia. Ka na nèti bunga se asa ina na, Leah. Hèia Rahel lii dènge Leah, aku nèngu na, Ama! Hia ku ja'a bunga dhu hua iia èèna, nèti ana mu."
GEN 30:15,"Leah said to her, Is it a small matter that you have taken away my husband? Would you take away my son's mandrakes, also? Rachel said, Therefore he will lie with you tonight for your son's mandrakes.","Te ngaa Lea b'ala, aku nèngu na, Wee! Èu ne seli-kolane! Parame more le dhèu èmu ja'a. Te ngaa roca mèka na. Mu neo hari unu aj'u èi na'i èèna nèti ana ja'a? Me'a heka makae d'ara! Te ngaa Rahel dhaa, Sèmi ne'e, a'a! Ladhe ja'a abhu èi na'i na, mèda ne'e èu pa'èci dènge Yakob. Ka Lea d'èi kahèi.","Ropa na tadèngi, hèia Lea karèi, aku nèngu na, Baku bhèlu, na, èu mana'u eele dhèu èmu ja'a, do? Ele boe èu neo hari mèdha-panyau ana ja'a, do? Ka Rahel dhaa, aku nèngu na, De ji'i manèngi èu hia ne mèdha-panyau ana èu, sèna ka na j'unu dènge èu mèda ne'e kahèi."
GEN 30:16,"Jacob came from the field in the evening, and Leah went out to meet him, and said, You must come in to me, for I have surely hired you with my son's mandrakes. He lay with her that night.","Ka pe d'ai loo nihia sa, Yakob lèpa nèti d'ara oka. Lea la'e soru nare ne, ka na peka, A'a! Mèda ne, èu j'unu dènge ja'a! Lula ja'a dhu hèli kore le èu, dènge kab'ua èi na'i ana ja'a! Ka mèda na, Yakob j'unu dènge Lea.","Ropa Yakob lèpa nèti d'ara pad'a sod'a, hèia Leah la'e paraga dènge ne. Ka na lii, aku nèngu na, Èu mai ku asa ne'e, te ja'a hia èu bunga mangèru ana ja'a, sèna ka èu bisa sab'a ètu d'ara èmu ne. Hèia Lea la'e j'unu dènge ne d'ara mèda èèna kahèi."
GEN 30:17,"God listened to Leah, and she conceived, and bore Jacob a fifth son.","Ka Ama Lamatua tadèngi lii manèngi-mangaj'i Lea. Nèti èèna ka, na dènge babia, hèia nara iisi ana mone ka lèmi.","Hèia Ama Lamatua tadèngi lii Leah. Ka na nara iisi, hèia na nara iisi ana mone ka lèmi mi Yakob."
GEN 30:18,"Leah said, God has given me my hire, because I gave my servant to my husband. She named him Issachar.","Hèia Lea pangare ana na, Isaskar, dhu sasoa na, ‘b'ae j'aj'èra', lula na peka na, Ama Lamatua b'ae-baj'a le j'aj'èra ja'a, lula ja'a hia le Silpa madhèdi dènge dhèu èmu ja'a.","Hèia na dhaa, aku nèngu na, Ama Lamatua hia le ja'a gaji, lula ja'a hia dhèu sab'a ja'a ca dhèu, ho j'aj'i dhèu èmu dhèu èmu ja'a. Ka na pangare ana ne, Isaskar."
GEN 30:19,"Leah conceived again, and bore a sixth son to Jacob.","Èle èèna ka, Lea dènge babia hari, hèia nara iisi ana mone ka èna.","Hèia Lea nara iisi hari, ka na nara iisi ana mone ka èna mi Yakob."
GEN 30:20,"Leah said, God has endowed me with a good dowry. Now my husband will live with me, because I have borne him six sons. She named him Zebulun.","Ka na peka, aku nèngu na, Ama Lamatua parasee ja'a mèdha dhu be'a. Ka limuri ne, dhèu èmu ja'a hud'i pakab'ua ku ja'a, lula ja'a matana hia ne ana mone dhèu èna. Nèti èèna ka, na pangare ana ne, Sebulon dhu sasoa na ‘pakab'ua'.","Hèia na dhaa, peka na, Ama Lamatua hia le ja'a pusaka dhu be'a. De ja'a manèngi sèna ka dhèu èmu ja'a mamuri taruu dènge ja'a, lula ja'a nara iisi le ana mone dhèu èna. Ka na pangare ne, Zebulon."
GEN 30:21,"Afterwards, she bore a daughter, and named her Dinah.","Ka Lea nara iisi hari, te ngaa ana bhèni, ka na pangare na, Dina.","Nèbhu boe ka, na nara iisi ana bhèni ca dhèu, ka na pangare ne, Dina."
GEN 30:22,"God remembered Rachel, and God listened to her, and opened her womb.","Te ngaa Ama Lamatua dhu bhèlu boe Rahel, ka sèmi lii manèngi-mangaj'i na. Nèti èèna ka, Na bhoke era ana na.","Ka Ama Lamatua sanèd'e heka Rahel. Nèti èèna ka, Na bhoke j'ara, ho nara iisi ne."
GEN 30:23,"She conceived, bore a son, and said, God has taken away my reproach.","Hèia Rahel dènge babia, ka nara iisi ana mone ca dhèu. Ka na peka, Ama Lamatua saku eele le d'ara makae ja'a.","Lod'o èèna, bhèni ne dènge babia. Ka na nara iisi ana mone ca dhèu. Hèia na peka, aku nèngu na, Lamatua saku eele le pamakae ja'a."
GEN 30:24,"She named him Joseph, saying, May the LORD add another son to me.","Hèia na pangare ana na Yusuf dhu sasoa na ele boe ‘hud'i laa na hia tabha hari', lula aku nèngu na, Ja'a manèngi, sèna ka Ama Lamatua hia ja'a ana mone ca dhèu hari.","Hèia na pangare ana ne, Yusuf, peka na, Ja'a manèngi sèna ka Lamatua hia ja'a ana mone ca dhèu hari."
GEN 30:25,"When Rachel had borne Joseph, Jacob said to Laban, Send me away, that I may go to my own place, and to my country.","Lod'o Rahel nara iisi Yusuf, Yakob peka dènge Laban, aku nèngu na, To'o! Ladhe mo'o, ja'a neo lèpa asa rai ètu-èsu ja'a.","Ropa Rahel nara iisi Yusuf, hèia Yakob lii dènge Laban, aku nèngu na, Hia ja'a lèpa asa rai ja'a."
GEN 30:26,"Give me my wives and my children for whom I have served you, and let me go, for you know my service with which I have served you.","Ja'a neo laku dènge ana-dhèu èmu ja'a. To'o, èu dhu me'a le, ja'a ne sab'a tèu-tèu nèti mad'ae d'ai loo nihia. De ja'a b'ae pama'ète le rèngu se. Nèti èèna ka, rèngu se, j'aj'i le unu ja'a ka teme aae.","Ama! Hia ku ja'a dhèu èmu ja'a, dènge ana-ana ja'a. Ja'a sab'a hia ama. Hud'i laa ja'a lèpa, te ama dhu me'a le, na, ja'a sab'a bia hia ama."
GEN 30:27,"Laban said to him, If now I have found favor in your eyes, stay here, for I have divined that the LORD has blessed me for your sake.","Hèia, aku to'o na, Ana, ee! Èu nanene ku lii ja'a laa! Madhutu lii malare dhu ja'a abhu, Lamatua hia ja'a mamèngi lula èu.","Te ngaa Laban dhaa, aku nèngu na, Ladhe Lamatua d'èi, na, èu pea ku ètu ne'e. Te ja'a ke'a le, na, Lamatua hia mèngi-nale ae mi dedha ja'a, lula èu èèna ka dhu j'aj'i be'a hia ja'a."
GEN 30:28,"He said, Appoint me your wages, and I will give it.","De èu neo manèngi ca ngaa, peka, sèna ka ja'a b'ae! Sad'i èu baku tèke eele ja'a, te ngaa sab'a taruu hia ja'a.","Hèia kapala urusan ne dhaa, peka na, Ama! Peka ku dènge ja'a gaji èu ne, pe ja'a b'ae."
GEN 30:29,"Jacob said to him, You know how I have served you, and how your livestock have fared with me.","Ka Yakob peka, To'o! Èu mèdhi unu mu le, sasab'a-la'a ja'a. Nèti èèna ka, badha-manu to'o se, bèba-kacanga.","Hèia Yakob dhaa, aku nèngu na, Ama me'a unu mu, ja'a sab'a bia hia èu. Èu me'a kahèi mamuri ja'a dènge be'a nèti kahib'i-kalèbho èu."
GEN 30:30,"For it was little which you had before I came, and it has increased to a multitude. The LORD has blessed you wherever I turned. Now when will I provide for my own house also?","Lod'o dhu ja'a dhae mai mèka, mèdha-panyau to'o ku ae èèna mèka. Te ngaa limuri ne, to'o kaja le. Lamatua pala-bagi le to'o ku mamèngi, lula sasab'a-la'a ja'a ka. Te d'ai le lod'o na, sèna ka ja'a sab'a hia ana-dhèu èmu ja'a.","Uru èèna, lod'o Ja'a d'ai mèka ètu rai-haha ne, miu unu dhoka mèdha-panyau ciki di. Te ngaa limuri ne, miu abhu ae le. Lamatua hia le mèngi-nale ae-ae mi dedha miu. De ja'a neo karèi sèmi ne'e, bèli-camèd'a miu abhu mèngi-nale ae-ae ètu mia-mia. De ja'a neo karèi sèmi ne'e, lod'o mia hari ja'a bisa uri èmu ja'a?"
GEN 30:31,"Laban said, What shall I give you? Jacob said, You shall not give me anything. If you will do this thing for me, I will again feed your flock and keep it.","Hèia Laban karèi ne, aku nèngu na, De sèmi èèna na, ja'a b'ae èu tasamia? Ka Yakob dhaa, peka na, To'o ku, hia ia ka ja'a ngaa-ngaa. Te ngaa badha-manu to'o ku, ja'a ladhe-leru taruu, sad'i mu tao ku j'ara èci.","Te ngaa Laban karèi, aku nèngu na, Ja'a hia èu ngaa hari? Te ngaa Yakob b'ala, aku nèngu na, Èu mo'o boe hia ja'a ngaa-ngaa! Ladhe èu sue ja'a sèmi ne'e, na, ja'a bisa ladhe-leru hari kahib'i-kalèbho èu."
GEN 30:32,"I will pass through all your flock today, removing from there every speckled and spotted one, and every black one among the sheep, and the spotted and speckled among the goats. This will be my hire.","Ladhe mo'o, deo ne'e kahèi, ja'a laku asa badha-manu to'o sèi, ho hag'e si. Mia dhu dènge boe katèd'a aa dènge boe karata, sèra sa unu to'o ku taruu. Te ngaa mia dhu dènge katèd'a aa dhu karata, hia mi ja'a. Dènge kahib'i-kalèbho dhu mèdhi, ja'a kora aa'i si. Se'e se, hud'i laa j'aj'i mi bab'ae rui-j'aj'èra ja'a.","De deo ne'e kahèi, Ja'a neo parisa paie-iie kahib'i-kalèbho miu. Ja'a neo saku eele aa'i kahib'i-kalèbho dhu pènu dènge èi kahib'i-kalèbho sèra. Ja'a neo saku eele aa'i kahib'i-kalèbho dhu pènu dènge èi kahib'i-kalèbho sèra. Ja'a neo saku eele kahèi dhu pènu dènge èi kahib'i-kalèbho sèra. Se'e se ka dhu j'aj'i gaji ja'a."
GEN 30:33,"So my righteousness will answer for me hereafter, when you come concerning my hire that is before you. Every one that is not speckled and spotted among the goats, and black among the sheep, that might be with me, will be considered stolen.","D'ai lod'o limuri, pe to'o me'a ja'a ne sab'a dènge mola, do aad'o. Sad'i lake more, mai ho mu parisa badha-manu ja'a. Ladhe mu abhu kahib'i-ka'ia dhu dènge boe katèd'a, aa dhu karata boe, do, kahib'i-kalèbho dhu pudhi, èèna na, dhu me'a le èèna, ja'a mana'u badha-manu to'o.","Sèmi èèna kahèi, bèli-camèd'a, ladhe miu parisa paie-iie sasab'a-la'a ja'a, bèli-camèd'a Ja'a parisa paie-iie sasab'a-la'a ja'a. Sèmi èèna kahèi, bèli-camèd'a dhèu dhu neo madhutu Ja'a, masi ka dhèu kahib'i-kalèbho rèngu dhu rèu rèu rèu, do dhèu kahib'i-kalèbho dhu rèu rèu rèu rèu, bèli-camèd'a rèngu sama sèmi dhèu mana'u."
GEN 30:34,"Laban said, Behold, let it be according to your word.","Ka Laban d'èi kahèi, aku nèngu na, Oo! J'ara na sèmi èèna ka.","Te ngaa Laban dhaa, aku nèngu na, Ladhe sèmi èèna, hud'i laa madhutu ku lii padhai èu."
GEN 30:35,"That day, he removed the male goats that were streaked and spotted, and all the female goats that were speckled and spotted, every one that had white in it, and all the black ones among the sheep, and gave them into the hand of his sons.","Te ngaa ètu d'ara lod'o èèna kahèi, Laban hag'e dènge badha dhu katèd'a, dhu karata, dènge kahib'i-kalèbho dhu mèdhi. Ka na pangèd'u mi ana na si, ho ladhe-leru.","Èle èèna ka, lamatua kahib'i-kalèbho èèna pakaj'èu eele kahib'i-kalèbho dhu sale, aa kahib'i-kalèbho bhèni dhu sale, aa kahib'i-kalèbho pudhi sèra. Ka na hia kahib'i-kalèbho sèra asa ana niki na."
GEN 30:36,"He set three days' journey between himself and Jacob, and Jacob fed the rest of Laban's flocks.",Hèia eo rèti ka badha se asa era èci dhu kaj'èu na tèlu lod'o kako haga nèti era Yakob si. Ka Yakob madhenge ka badha dhu ata se.,"Hèia Yakob dènge angalai na, Yakob, lasi j'aga kahib'i-kalèbho Laban dhu madhe. Rèngu kako sèna ka j'aga kahib'i-kalèbho na toke d'ai tèlu lod'o."
GEN 30:37,"Jacob took to himself rods of fresh poplar, almond, and plane tree, peeled white streaks in them, and made the white appear which was in the rods.","Èla èèna ka, Yakob poro nare dadana aaj'u nèti aj'u tèlu rupa. Ka na caci pakarata ka'uri aj'u sèra, tao strep-strep.","Èle èèna ka, Yakob nare aj'u padhudhu nèti aj'u padhudhu, aj'u padhudhu, aj'u padhudhu dènge aj'u padhudhu. Hèia na caro eele aj'u padhudhu sèra asa d'ara aj'u padhudhu sèra, sèna ka rèngu bisa rèdhi mèdha pudhi dhu ètu d'ara aj'u padhudhu sèra."
GEN 30:38,He set the rods which he had peeled opposite the flocks in the watering troughs where the flocks came to drink. They conceived when they came to drink.,"Hèia aj'u dhu strep-strep se, na tèke asa d'ara karab'a kahib'i. Badha se dhu tema le pa'ango aa paleo ètu era èèna.","Hèia na pamaso tatea na, ho la'e pasuki dènge kahib'i-kalèbho sèra. Kahib'i-kalèbho se mai rinu ètu d'ara èi èèna. Ropa rèdhi sèmi èèna, hèia dhèu kahib'i-kalèbho se nara iisi."
GEN 30:39,"The flocks conceived before the rods, and the flocks produced streaked, speckled, and spotted.","De ladhe badha se paleo ètu madha aj'u strep-strep se, ra matana ana dhu rèu ra katèd'a dènge karata.","Ropa kahib'i-kalèbho se nara iisi, kahib'i-kalèbho se rara iisi pake tatea. Ropa kahib'i-kalèbho se nara iisi, kahib'i-kalèbho se rèdhi rèu mènyi, kahib'i-kalèbho se rèdhi rèu mènyi, kahib'i-kalèbho se rèdhi rèu mènyi, kahib'i-kalèbho se rèdhi rèu mènyi."
GEN 30:40,"Jacob separated the lambs, and set the faces of the flocks toward the streaked and all the black in Laban's flock. He put his own droves apart, and didn't put them into Laban's flock.","Ka ladhe badha Laban se neo paleo, Yakob patangare si asa kahib'i dhu katèd'a dènge karata sèra. Hèia ana dhu ra matana sa rèu ra katèd'a dènge karata kahèi. Dènge j'ara sèmi èèna ka, badha na asa ae. Ka na pacèri eele si nèti badha Laban sèra.","Èle èèna ka, Yakob hag'e eele kahib'i-kalèbho nèti kahib'i-kalèbho sèra. Ka na paj'uj'u rèhu kahib'i-kalèbho sèra mi kahib'i-kalèbho dhu maruru sèra, aa mi kahib'i-kalèbho dhu maruru sèra. Hèia Yakob tèke eele kahib'i-kalèbho se, sèna ka rèngu j'aj'i èci dènge èci. Ka na pacèri eele kahib'i-kalèbho na nèti kahib'i-kalèbho sèra, sèna ka baku pa'èci dènge kahib'i-kalèbho na."
GEN 30:41,"Whenever the stronger of the flock conceived, Jacob laid the rods in front of the eyes of the flock in the watering troughs, that they might conceive among the rods,","Ropa badha dhu èra neo paleo, Yakob nare kadhèli aj'u dhu strep-strep sèra, tao mi d'ara karab'a ètu madha si.","Ropa ana kahib'i-kalèbho sèra nara iisi, hèia Yakob tèke tatea sèra ètu d'ara loko èèna, ho ladhe rèdhi kahib'i-kalèbho sèra nara iisi."
GEN 30:42,"but when the flock were feeble, he didn't put them in. So the feebler were Laban's, and the stronger Jacob's.","Te ngaa ladhe kahib'i dhu roe dènge malaka-god'a neo paleo, Yakob soro tèke si. Ka badha dhu roe, sèra unu to'o na Laban. Aa mia dhu èra, sèra unu nèngu.","Te ngaa lula kahib'i-kalèbho se roe, hèia Lamatua hia boe si lasi asa d'ara. Kahib'i-kalèbho dhu roe sèra, j'aj'i le unu Laban. Aa kahib'i-kalèbho dhu èra risi, j'aj'i le unu Yakob."
GEN 30:43,"The man increased exceedingly, and had large flocks, female servants and male servants, and camels and donkeys.","Dènge j'ara ne'e ne, Yakob j'aj'i dhèu kaja-su'i. Ka kahib'i-ka'ia na, kahib'i-kalèbho na, onta na, keled'ei na, dènge ènu na bhèni-mone, udhu sobhu-sobhu.","Èle èèna ka, dhèu èèna asa tabha kapai. Nèngu dènge kahib'i-kalèbho, dhèu sab'a dhèu èmu na, dènge badha keled'ei na."
GEN 31:1,"Jacob heard Laban's sons' words, saying, Jacob has taken away all that was our father's. He has obtained all this wealth from that which was our father's.","Ca tèka, Yakob tadèngi lii padhai ana-ana Laban se, aku rèngu na, Kakaja-sasu'i Yakob sèra, lula na kao nare aa'i mèdha-panyau ama èdhi.","Ropa Yakob tadèngi ana-èpu Laban padhai lii sèmi èèna, ka na peka, aku nèngu na, Yakob! Nèngu ka dhu rare aa'i mèdha-panyau ama ji'i, ho j'aj'i unu na aa'i-aa'i."
GEN 31:2,"Jacob saw the expression on Laban's face, and, behold, it was not toward him as before.","Yakob nèdhi kahèi rèhu to'o Laban mare heka, aa be'a heka dènge ne, sèmi uru èèna.","Lod'o èèna, Yakob ladhe nèdhi rèhu Laban, te ngaa nèdhi boe rèhu na sama sèmi uru èèna."
GEN 31:3,"The LORD said to Jacob, Return to the land of your fathers, and to your relatives, and I will be with you.","Hèia LAMATUA peka dènge Yakob, D'ai le lod'o, ho èu lèpa asa ina dènge ama mu. Ja'a palere-lere dènge èu.","Èle èèna ka, Lamatua peka dènge Yakob, aku Nèngu na, Be'a risi èu lèpa hari asa rai bèi-baki èu dènge a'ari èu. Te bèli-camèd'a Ja'a bera-bera dènge èu."
GEN 31:4,"Jacob sent and called Rachel and Leah to the field to his flock,","Ka Yakob hia dhèu lasi paroa Rahel dènge Lea, sèna ka mai paraga dènge ne ètu era ani badha, ètu d'ara mamoo.","Hèia Yakob pua dhèu lasi paroa Rahel dènge Leah, sèna ka lasi asa d'ara oka ho ladhe-leru kahib'i-kalèbho na ètu d'ara pad'a sod'a."
GEN 31:5,"and said to them, I see the expression on your father's face, that it is not toward me as before, but the God of my father has been with me.","Hèia na peka dènge ra, aku nèngu na, Limuri ne, ja'a ladhe-ladhe na, ama miu na rèhu na mare heka dènge ja'a. Aa babe'a na mi ja'a, sèmi heka uru èèna. Te ngaa Ama Lamatua dhu ama ku sogo-tagu èèna, palere-lere dènge ja'a.","Hèia Yusuf peka dènge si, aku nèngu na, Ja'a kèdhi le rèhu ama miu. Nèbhu heka, d'ara ja'a sama sèmi uru èèna. Te ngaa Ama Lamatua dhu bera-bera dènge ja'a, bera-bera le dènge ja'a."
GEN 31:6,You know that I have served your father with all of my strength.,"Miu dua mi se me'a le, nèbhu nare sange ne'e, ja'a j'aj'i kuli ètu ama miu!","Miu me'a kahèi, na, ja'a sab'a bia hia ama miu."
GEN 31:7,"Your father has deceived me, and changed my wages ten times, but God didn't allow him to hurt me.","Te ngaa sèmi èèna, d'ara na la'e kahèi, ka na kapod'e-kabèli taruu ja'a. Ka na ub'a rui-j'aj'èra ja'a, canguru hari kèna. Masi ka sèmi èèna, Ama Lamatua j'aga pa'èra ja'a.","Ama mu kapod'e-kabèli le gaji ja'a canguru hari kèna. Masi ka sèmi èèna, te ngaa Ama Lamatua soro tèke boe ne ho paj'èra ja'a."
GEN 31:8,"If he said, ‘The speckled will be your wages, ' then all the flock bore speckled. If he said, ‘The streaked will be your wages, ' then all the flock bore streaked.","Lod'o ama miu peka na, ‘Badha dhu rèu ra katèd'a sèra j'aj'i mi unu èu, ' ho ladhe lod'o badha se matana, ana dhu katèd'a hua-hua. Lod'o leo hari, na peka, ‘Badha dhu karata sèra, j'aj'i mi unu èu, ' ka badha se matana ana karata aa'i-aa'i.","Ladhe dhèu sab'a kapai ne dhaa, peka na, Ja'a b'ae rui-j'aj'èra èu, ' hèia kahib'i-kalèbho se madhutu kahèi. Aa ladhe dhèu sab'a kapai ne, peka na, Ja'a b'ae rui-j'aj'èra èu, ' hèia kahib'i-kalèbho se madhutu kahèi."
GEN 31:9,"Thus God has taken away your father's livestock, and given them to me.","Ama Lamatua ad'u sèmi èèna na, sèna ka nare aa'i badha-manu ama miu èèna, ho hia mi ja'a.","Hèia Ama Lamatua ded'e nare kahib'i-kalèbho ama mu, ho j'aj'i kahib'i-kalèbho ja'a."
GEN 31:10,"During mating season, I lifted up my eyes, and saw in a dream, and behold, the male goats which leaped on the flock were streaked, speckled, and grizzled.","Ca tèka, ropa badha se paleo, ja'a kèdhi ètu d'ara nii, dhu peka na, badha mone aa'i-aa'i dhu paleo, abhu dhu katèd'a aa dhu karata hèi.","Lod'o èle kahib'i-kalèbho j'aj'i kahib'i-kalèbho, ja'a kèd'i titu, ka nii. Ja'a kèdhi kahib'i-kalèbho ci'u dhu rai re talora aae kahib'i-kalèbho sèra. Rèngu dhu ra kadhoe dènge kahib'i-kalèbho, aa dhu ra kadhoe dènge kahib'i-kalèbho."
GEN 31:11,"The angel of God said to me in the dream, ‘Jacob, ' and I said, ‘Here I am. '","Ka ana pajuu Lamatua nèti sorga paroa ja'a, peka na, ‘Yakob! ' Hèia ja'a dhaa, ‘Tasamia, Lamatua? '","Èle èèna ka, ana pajuu Ama Lamatua èci mai nèti sorga, peka dènge ja'a ètu d'ara nii, aku nèngu na,  Yakob! ' Hèia ja'a dhaa, aku ja'a na, Mai ka! '"
GEN 31:12,"He said, ‘Now lift up your eyes, and behold, all the male goats which leap on the flock are streaked, speckled, and grizzled, for I have seen all that Laban does to you.","Ka na lii, ‘Ladhe ku laa! Badha mone dhu paleo sèra, dhodhoka dhu karata dènge katèd'a di. Ja'a ka ad'u sèra sa, lula Ja'a dhu kèdhi le, ngaa dhu Laban tao mi dedha èu.","Hèia na dhaa, peka na, Ladhe sèmi èèna, ana kahib'i dhu rai asa talora aae kahib'i-kalèbho sèra, rèdhi le. Rèngu dhu rèdhi aa'i le. Rèngu re'a le j'aj'èra dhu Laban ad'u-ue mi èu. Ja'a kèdhi le j'ara aa'i-aa'i dhu na ad'u-ue."
GEN 31:13,"I am the God of Bethel, where you anointed a pillar, where you vowed a vow to me. Now arise, get out from this land, and return to the land of your birth. '","Ja'a ne, Ama Lamatua, dhu pad'elo iisi mi èu ètu Betel èèna. Ètu era nèi, èu patitu hadhu, ka mu bhori èi mènyi ètu dedha na, ka èu sogo-tagu Ja'a. Ka èu pa'èki lii pajaji dènge Ja'a ètu nèi. De kèd'i ka, tèke eele ka rai ne'e ne, lamu ka asa kabarai ina-ama èu. '","Ja'a manèngi-mangaj'i mi Ama Lamatua ètu èèna. Ja'a manèngi sèna ka Lamatua paj'uj'u j'ara hia èu. Ja'a manèngi sèna ka èu pahaha iisi mi Ja'a, sama sèmi èu pajaji uru èèna dènge dhèu Isra'el. Lula èu pahaha iisi mi Ja'a, nèti èèna ka limuri ne èu lèpa hari asa rai bèi-baki èu. '"
GEN 31:14,"Rachel and Leah answered him, Is there yet any portion or inheritance for us in our father's house?","Hèia Rahel dènge Lea b'ala lii na, aku rèngu na, La'a ma! Ji'i dènge heka pusaka ngaa-ngaa nèti ama ji'i Laban.","Te ngaa Rahel dènge Leah dhaa, aku rèngu na, Ele boe rai èci sa hia ji'i, sèna ka j'aj'i pusaka ama ji'i, do?"
GEN 31:15,"Aren't we considered as foreigners by him? For he has sold us, and has also used up our money.","Nèbhu nare sange ne'e, mone heka ne tao ji'i sèmi dhèu leo kara sa. Na pahie eele le ji'i se. Ka na'e aa'i le kab'ua-kadheli ji'i se.","Dhèu aae nidhu sèmi rare ji'i, nuka sèmi dhèu leo kara dhu mai nèti rai leo. Te ngaa ji'i se dhèu unu Lamatua. Nèti èèna ka, nèngu pahie eele ji'i, sèna ka kab'ua ji'i ele iie aa'i mèu-mèu."
GEN 31:16,"For all the riches which God has taken away from our father are ours and our children's. Now then, whatever God has said to you, do.","De mèdha-panyau dhu Ama Lamatua nare sèra nèti ama ji'i Laban, aa'i-aa'i sèra j'aj'i le unu èdhi dènge ana-ana èdhi se. De ladhe aku Lamatua tasa mera mia, te'a dhoka madhutu di!","Aa'i-aa'i dhu Lamatua ded'e nare nèti bèi-baki èdhi dènge ana-èpu èdhi, èèna na j'aj'i unu èdhi kahèi. De èu hud'i madhutu ku lii paredha Na aa'i-aa'i."
GEN 31:17-18,"Then Jacob rose up, and set his sons and his wives on the camels, and he took away all his livestock, and all his possessions which he had gathered, including the livestock which he had gained in Paddan Aram, to go to Isaac his father, to the land of Canaan.","Èle èèna ka, Yakob lalau mèdha-panyau na. Hèia na paca'e ana-dhèu èmu na asa dedha onta lasi, aa na eo nèti badha-manu na aa'i-aa'i, dènge mèdha-panyau dhu na abhu ètu Padan Aram, ho lasi asa rai Kana'an.","Ropa tadèngi nare sèmi èèna, hèia Yakob kèd'i. Ka na paca'e ana-ana na dènge dhèu èmu-kamali na ètu dedha badha onta na sèra. Ka na nèti mèdha-panyau na aa'i-aa'i, dènge mèdha-panyau na aa'i-aa'i dhu na abhu nèti pad'a-dedha rai Aram, ho la'e asa baki Isak ètu rai Kana'an."
GEN 31:19,"Now Laban had gone to shear his sheep, and Rachel stole the teraphim that were her father's.","Lod'o èèna, Laban dhu la'e g'ute rèu kahib'i-kalèbho na. Ka Rahel mana'u nare patung mèdha sogo-tagu ama na.","Lod'o èèna, Laban la'e g'ute rèu kahib'i-kalèbho na. Te ngaa Rahel mana'u nare mèdha sogo-tagu ama na."
GEN 31:20,"Jacob deceived Laban the Syrian, in that he didn't tell him that he was running away.",Aa Yakob si lasi palangu boe lii dènge to'o na.,"Te ngaa baki Yakob leko-monya dhèu Siria èci, ngara na Laban, aku nèngu na, Ja'a rai tèke eele Ama Lamatua!"
GEN 31:21,"So he fled with all that he had. He rose up, passed over the River, and set his face toward the mountain of Gilead.","Na bau nèti aa'i mèdha-panyau na, ka ra kako pamèri-mèri, lasi re loko Efrat, asa ledhe Gilead.","Hèia Sakaria kèd'i dènge mèdha-panyau na aa'i-aa'i, ka rai la'e asa cabèka loko. Ka na patigi ladhe asa ledhe Gilead."
GEN 31:22,Laban was told on the third day that Jacob had fled.,"Rarai Yakob si èèna d'ai tèlu lod'o ku, heka Laban ne'a kèna.","D'ai camèd'a èèna, hèia dhèu peka dènge Laban, na, Yakob rai le."
GEN 31:23,"He took his relatives with him, and pursued him seven days' journey. He overtook him in the mountain of Gilead.","Hèia Laban oru nare ka dhèu-dhèu na, lasi bate Yakob si. D'ai pidhu lod'o ku, heka ra paraga dènge si ètu ledhe Gilead.","Èle èèna ka, na paroa a'ari na, ho lasi madhutu ne. Ra madhutu ne pidhu lod'o kateme, te ngaa d'ai ledhe-ledhe ètu ledhe-ledhe èci, ngara na Gilead. Hèia la'e paraga dènge ne."
GEN 31:24,"God came to Laban the Syrian in a dream of the night, and said to him, Be careful that you don't speak to Jacob either good or bad.","Ka d'ara mèda èèna, Lamatua pad'elo iisi Na mi Laban ètu d'ara nii. Na peka na, Laban! Ladhe èu padhai lii dènge Yakob, j'aga paie hèb'a èu na.","Èle èèna ka, d'ara mèda, ètu d'ara nii, Lamatua peka dènge Laban, dhèu Siria èèna, aku Nèngu na, Sanèd'e, ee! Baku padhai lii karehe dènge Yakob!"
GEN 31:25,"Laban caught up with Jacob. Now Jacob had pitched his tent in the mountain, and Laban with his relatives encamped in the mountain of Gilead.","Mèda èèna, Yakob si dhu patitu paleo ètu ledhe Gilead. Aa Laban si patitu unu ra kaj'èu boe nèti era èèna kahèi.","Lod'o èèna, Yakob patitu paleo ètu ledhe iiki èci. Te ngaa Laban dènge a'ari na patitu paleo ètu ledhe iiki èci, ngara na Gilead."
GEN 31:26,"Laban said to Jacob, What have you done, that you have deceived me, and carried away my daughters like captives of the sword?","Èle ka, Laban mai paraga dènge Yakob. Hèia na lii, aku nèngu na, Nga tao ka, èu rai mèti ana bhèni ja'a se, dènge boe lii ugu-ge'e sa hèi? Mu tao si sèmi dhèu dhu èu segi ètu d'ara papara-pakèj'i.","Hèia Laban karèi Yakob, aku nèngu na, Yakob! Nga tao ka èu leko-monya ja'a? Èu kapod'e-kabèli le ana-ana bhèni ja'a, nuka sèmi dhèu rèti rèti dènge samala!"
GEN 31:27,"Why did you flee secretly, and deceive me, and didn't tell me, that I might have sent you away with mirth and with songs, with tambourine and with harp,","Èu ne ad'a aad'o, palangu boe sa hèi dènge ja'a! Ladhe èu peka dènge ja'a be'a-be'a, ele boe ja'a tao sisi-kau, ho ta'a-tinu boko-boko, ho lere miu dènge lii sod'a, heka ji'i patabuli miu kèna.","Ka Yesus tuhu hari lii padhai Na, aku Nèngu na, Nga tao ka èu rai pahuni-pahuni? Èu monya Ja'a, te ngaa èu peka boe ngaa-ngaa dènge ja'a. Ladhe sèmi èèna, ja'a hud'i pua èu lèpa dènge d'ara karej'e-karae, pake lii sod'a, pake sakino, dènge sasadhu."
GEN 31:28,and didn't allow me to kiss my sons and my daughters? Now you have done foolishly.,"Sasala èu èci hari ka, èu hia boe ja'a uu ana-èpu ja'a hèi. Tatao èu ne goa titu kèna!","Èu soro tèke boe ja'a uu ana mone dènge ana bhèni ja'a, do? Aad'o, sina ma! Èu tao madhutu boe dad'èi Lamatua!"
GEN 31:29,"It is in the power of my hand to hurt you, but the God of your father spoke to me last night, saying, ‘Be careful that you don't speak to Jacob either good or bad. '","Carui boe, ladhe ja'a ne neo paj'èra èu! Te ngaa malo-malo ka mèda-mèda na, Ama Lamatua dhu ama mu sogo-tagu èèna, kai ja'a peka na, ladhe ja'a padhai lii dènge èu, ja'a hud'i j'aga paie-iie ku hèb'a ja'a.","Sanèd'e, ee! Ja'a ko'o boe paj'èra èu, te ngaa d'ara mèda deo na, Ama Lamatua pua ja'a, peka na, Tenge j'ara sèna ka èu baku padhai lii karehe dènge ana mu Yakob. Baku padhai lii karehe dènge ne kahèi! '"
GEN 31:30,"Now, you want to be gone, because you greatly longed for your father's house, but why have you stolen my gods?","Mema, ja'a dhu ke'a le, èu pakèd'i lula èu dhu neo le lèpa. Te ngaa tasamia ka, èu mana'u mèti patung mèdha sogo-tagu ja'a?","Limuri ne, èu neo ae le nèti èmu ama mu. De ja'a neo karèi sèmi ne'e, nga tao ka èu mana'u mèdha sogo-tagu ja'a sèra?"
GEN 31:31,"Jacob answered Laban, Because I was afraid, for I said, ‘Lest you should take your daughters from me by force. '","Hèia Yakob b'ala, aku nèngu na, To'o baku nasa ku dènge ja'a! Ja'a pakèd'i mau-mau èèna, lula ja'a mage dhoka mo'o boe ja'a kèti ana-ana se!","Hèia Yakob dhaa, peka na, Aad'o! Te ja'a madha'u. Ja'a peka, na, Wee! Mage dhoka èu mana'u nare ana bhèni èu nèti ja'a. '"
GEN 31:32,"Anyone you find your gods with shall not live. Before our relatives, discern what is yours with me, and take it. For Jacob didn't know that Rachel had stolen them.","Te ngaa Yakob dhu ne'a nare boe, na dhèu èmu na Rahel ka dhu mana'u nèti. Ka na lii, aku nèngu na, To'o! Mèdha sogo-tagu èèna, mu tenge ne! Ladhe mèdhi ètu cee, huku pamadhe ne. Parisa aa'i mèu-mèu. Ladhe abhu kahèi pusaka to'o dhu leo, more aa'i si. Hud'i laa, dhèu se'e se j'aj'i sakasii.","Ja'a manèngi sèna ka èu hia mèdha sogo-tagu èu èci mi bèi-baki èu. Te ngaa dhèu dhu èu hia mèdha sogo-tagu èu èèna, bèli-camèd'a nèngu madhe. Lamu asa a'ari èdhi, ho te'a, na, mèdha sogo-tagu èu èèna, mia ka dhu ja'a hia èu. Yakob ne'a boe, na, Rahel ka dhu mana'u nare mèdha sogo-tagu èèna."
GEN 31:33,"Laban went into Jacob's tent, into Leah's tent, and into the tent of the two female servants, but he didn't find them. He went out of Leah's tent, and entered into Rachel's tent.","Hèia Laban la'e parisa ka asa d'ara paleo se èci-èci. Na la'e uru asa d'ara paleo Yakob. Èle ka, la'e asa d'ara paleo Lea. Èle ka, la'e asa d'ara paleo ènu se dua ra. Te ngaa abhu boe ngaa-ngaa. Paleo Rahel limuri tèka.","Èle èèna ka, lasi asa d'ara hèb'a dhèu bhèni dhèu dua, nuka Lea. Te ngaa lasi boe asa d'ara hèb'a dhèu bhèni dhèu dua sèra. Ropa na d'ai li'u nèti hèb'a dhèu bhèni èèna, ka la'e asa d'ara hèb'a dhèu èmu Rahel."
GEN 31:34,"Now Rachel had taken the teraphim, put them in the camel's saddle, and sat on them. Laban felt around all the tent, but didn't find them.","Te ngaa Rahel dhu huni le mèdha sogo-tagu sèra ètu d'ara lalaka onta. Ka na madhèdi ètu dedha. D'ai d'ara paleo ne, Laban tenge paie-iie, te ngaa na rage boe.","Lod'o èèna, Rahel nare mèdha èci, ka na pamaso asa karad'a onta na. Hèia na madhèdi ètu dedha karad'a na. Ropa Laban d'ai li'u, na ladhe nèdhi mèdha se aa'i-aa'i, te ngaa abhu boe ciki sa hèi."
GEN 31:35,"She said to her father, Don't let my lord be angry that I can't rise up before you, for I'm having my period. He searched, but didn't find the teraphim.","Hèia Rahel peka dènge ama na, aku nèngu na, Ama mage mu nasa kahèi. Te ja'a bisa boe titu, lula ja'a abhu hèru. Masi ka sèmi èèna, Laban tenge taruu, te ngaa abhu boe mèdha sogo-tagu sèra.","Ropa na tadèngi nare, hèia na lii dènge ama na, aku nèngu na, Baku nasa, ee! Ja'a d'ai heka hèru bhèni heka, de bisa kèd'i. Ja'a heka bisa kèd'i kèna. Lula d'ai lod'o hèru bhèni heka, ka ama na patangi-tenge mèdha èèna, te ngaa abhu boe èci sa."
GEN 31:36,"Jacob was angry, and argued with Laban. Jacob answered Laban, What is my trespass? What is my sin, that you have hotly pursued me?","Ka Yakob nasa, hèia na pajèka dènge Laban, aku nèngu na, Ja'a ne tao bhelu ngaa mi to'o? Ka to'o mai bate ja'a, sèmi dhu ja'a ne, dhèu bhelu-katub'a sa!","Ropa tadèngi nare sèmi èèna, hèia Yakob nasa titu kèna. Ka na pab'ala dènge Laban, aku nèngu na, Ja'a sala ngaa? Ja'a tao sala ngaa, ka èu madhutu ja'a dènge d'ara kateme?"
GEN 31:37,"Now that you have felt around in all my stuff, what have you found of all your household stuff? Set it here before my relatives and your relatives, that they may judge between us two.","Mèdha-panyau ja'a, to'o ceb'e eele si. De mu abhu ngaa? More ka mai tèke mi madha ne, sèna ka aa'i-aa'i ti tèdhi. Aa hud'i laa, dhèu se'e ka dhu pama'ète mèdha èèna unu cee.","Èu parisa le mèdha-panyau ja'a ètu mia-mia. Te ngaa èu abhu mèdha-panyau ètu d'ara èmu èu, do? De hia ku mi a'ari ja'a dènge a'ari èu, sèna ka ra pama'ète lii langu èdhi dua ti."
GEN 31:38,"These twenty years I have been with you. Your ewes and your female goats have not cast their young, and I haven't eaten the rams of your flocks.","Dua nguru tèu kèna, ja'a sab'a kuli mi to'o. Lod'o ja'a madhenga badha-manu to'o, ci'u sa legu boe. Aa ku'a kèdhi boe ci'u sa hèi!","Dua nguru tèu kèna, Ja'a sab'a pa'èci dènge èu. Te ngaa kahib'i-kalèbho èu sèra dhae rara iisi mèka. Ja'a abhu boe nganga'a-nganginu nèti kahib'i-kalèbho èu."
GEN 31:39,"That which was torn of animals, I didn't bring to you. I bore its loss. Of my hand you required it, whether stolen by day or stolen by night.","Ladhe badha hui-hahi hui, kadhi pamadhe badha to'o ci'u, ja'a peka boe, te ngaa ja'a gati. Aa ladhe dhèu mana'u, to'o pua ja'a gati, masi ka ja'a sala boe.","Te ngaa ja'a hia boe badha dhu dhèu rare nèti badha. Ja'a ka dhu tago nare badha ne. Ladhe dhèu mana'u rèti ne mèu, do, re mèda, na, miu manèngi nèti ja'a. De ladhe dhèu mana'u rèti ne, na, ja'a ka dhu soru-bara miu."
GEN 31:40,"This was my situation, in the day the drought consumed me, and the frost by night, and my sleep fled from my eyes.","Ladhe re mèu, madha lod'o ai pamango ja'a. Aa ladhe mèda, ja'a maringi rig'i-rig'i. Ja'a pasaruru boe ciki sa, toke mèu rai, lula madhenge badha-manu to'o.","Nèbhu boe ka, madha lod'o oe cèna, hèia èi kabhèsu hae pamadhe ja'a. Mèda èèna kahèi, èj'i pana titu kèna, ka bhèj'i heka ètu d'ara ja'a."
GEN 31:41,"These twenty years I have been in your house. I served you fourteen years for your two daughters, and six years for your flock, and you have changed my wages ten times.","Mema tare'a, dua nguru tèu èèna! Ja'a sab'a canguru èpa tèu, sèna ka abhu ana bhèni to'o, dhèu dua se. Ka ja'a sab'a hari èna tèu, sèna ka ja'a unu badha-manu se'e. J'aj'i kuli nèbhu nare sange èèna, te ngaa to'o pakura rui-j'aj'èra ja'a d'ai canguru hari.","Dua nguru tèu kèna, ja'a sab'a ètu d'ara èmu ama. Ja'a sab'a canguru èpa tèu, ho ladhe-leru ana bhèni ama dhèu dua. Aa èna tèu hari, ja'a ladhe-leru kahib'i-kalèbho ama. Te ngaa ama core eele gaji ja'a canguru hari."
GEN 31:42,"Unless the God of my father, the God of Abraham, and the fear of Isaac, had been with me, surely now you would have sent me away empty. God has seen my affliction and the labor of my hands, and rebuked you last night.","Malo-malo ka, dènge Ama Lamatua, dhu baki ku Abraham, dènge ama ku Isak, dhu sogo-tagu Ne. Ladhe Na leru boe ja'a ne, ele boe to'o hia ja'a lèpa dènge ai hua da'u-da'u. Te ngaa Ama Lamatua dhu pa'abhe boe musi madha Na mi j'aj'èra ja'a, aa Na tao madha-dhilu mi sasab'a-la'a ja'a aa'i-aa'i. Nèti èèna ka, mèda deo na, Na mai kai to'o, sèna ka baku lii sakaa dènge ja'a.","Uru èèna, bèi-baki ja'a Abraham manèngi-mangaj'i taruu mi Ama Lamatua. Aa Isak madha'u Nèngu kahèi. Te ladhe Ama Lamatua bera-bera dènge ja'a, tatu tatu miu pua boe ja'a lèpa dènge ai hua da'u-da'u. Te ngaa d'ara mèda deo na, Lamatua dhu ne'a le j'aj'èra ja'a, dènge j'aj'èra dhu ja'a sab'a dènge kacui-aai. Nèti èèna ka, d'ara mèda deo na, Na kai èu."
GEN 31:43,"Laban answered Jacob, The daughters are my daughters, the children are my children, the flocks are my flocks, and all that you see is mine! What can I do today to these my daughters, or to their children whom they have borne?","Ropa nanene nare lii padhai Yakob, ka Laban dhaa, aku nèngu na, Sèmi ne'e! Bhèni dua se, ana ja'a. Ana dhu ra matana se, aa'i-aa'i ra èpu ja'a. Badha-manu aa'i-aa'i se, unu ja'a. Aa'i-aa'i dhu èu ladhe mèdhi ètu se'e se, unu ja'a. Te ngaa ja'a neo tao si, tasamia? Ja'a bisa boe magee si.","Hèia Laban b'ala Yakob, peka na, Aad'o! Te ana bhèni se, ana bhèni ja'a. Ana-ana se, ana-ana ja'a. Kahib'i-kalèbho se, kahib'i-kalèbho ja'a kahèi. Aa'i-aa'i dhu èu ladhe mèdhi se, unu ja'a kahèi. De ja'a bisa tao ngaa mi ana bhèni ja'a, dènge ana-ana rèngu dhu ra nara iisi sèra?"
GEN 31:44,"Now come, let's make a covenant, you and I. Let it be for a witness between me and you.","De be'a risi, èdhi dua ti pa'èki lii pajaji. Sèna ka lii pajaji èèna ka dhu èki èdhi dua ti.",De mai ho èdhi pa'èki lii pajaji. Hud'i laa sèna ka lii pajaji èèna j'aj'i mi tadha ètu talora aae èdhi dua ti.
GEN 31:45,"Jacob took a stone, and set it up for a pillar.","Hèia Yakob nare ka hadhu aae cue, na patitu ètu èèna, sèna ka j'aj'i mi tadha.","Hèia Yakob nare hadhu aae cue, ka na patitu hadhu ne j'aj'i hadhu padhèdi cue."
GEN 31:46,"Jacob said to his relatives, Gather stones. They took stones, and made a heap. They ate there by the heap.","Hèia Yakob pua dhèu sab'a na, lasi udhu hadhu. Ka ra madhèdi ra'a-rinu ètu era èèna, padètu dènge hadhu sèra.","Hèia Yakob pua a'ari na, aku nèngu na, Pakaboko mere hadhu. Ka ra nare hadhu se, hèia ra tao hadhu padhèdi cue. Ka ra ra ra'a-rinu ètu èèna."
GEN 31:47,"Laban called it Jegar Sahadutha, but Jacob called it Galeed.","Hèia Laban pangare hadhu udhu sèra, Yegar Sahaduta. Te ngaa Yakob pangare na, Galeed.","Hèia Laban pangare rai ne, Yegar, Sadhuta'. Te ngaa Yakob pangare rai ne, Galeed'."
GEN 31:48,"Laban said, This heap is witness between me and you today. Therefore it was named Galeed","Ka Laban padhai lii, aku nèngu na, Hadhu udhu se, j'aj'i sakasii mi èdhi dua ti. Nèti èèna ka, era èèna ngara na, Galeed.","Hèia Laban dhaa, aku nèngu na, Deo ne'e kahèi, era padhèdi ne j'aj'i mi tadha ètu talora aae èdhi dua ti. Nèti èèna ka, ra pangare oka ne, Galeed'."
GEN 31:49,"and Mizpah, for he said, The LORD watch between me and you, when we are absent one from another.","Laban pangare kahèi era èèna, Mispa dhu sasoa na ‘era j'aga dhu dedha', lula na peka na, Pe èèna na, LAMATUA ka dhu j'aga èdhi dua ti, ho masi ka dua ti pakaj'èu, baku kako eele lii pajaji ne.","Mispa, lula Musa peka na, Lamatua èdhi j'aga taruu ètu talora j'ara, lod'o èdhi dua ti pakaj'èu."
GEN 31:50,"If you afflict my daughters, or if you take wives in addition to my daughters, no man is with us, behold, God is witness between me and you.","Ladhe èu tao karehe ana ja'a se, do leo-èmu dènge bhèni leo hari, tatu ja'a ke'a boe. Te ngaa mu sanèd'e! Ama Lamatua ka dhu j'aj'i sakasii mi èdhi dua ti.","Ladhe miu paj'èra ana bhèni ja'a, do, leo hari dènge bhèni ja'a, te ngaa abhu boe ca dhèu sa dhu pa'èci dènge ji'i, na, sanèd'e! Lamatua èèna ka dhu j'aj'i sakasii ètu talora aae miu dènge ja'a."
GEN 31:51-52,"Laban said to Jacob, See this heap, and see the pillar, which I have set between me and you. May this heap be a witness, and the pillar be a witness, that I will not pass over this heap to you, and that you will not pass over this heap and this pillar to me, for harm.","Èu ladhe ku hadhu dhu patitu ne, dènge hadhu dhu udhu se. Sanèd'e, hadhu se'e ka dhu j'aj'i mi too dènge lane. Èu bisa boe kako seli hadhu se, ho tao bhelu mi ja'a. Aa ja'a kahèi bisa boe kako seli hadhu se, ho tao bhelu mi èu.","Hèia Laban peka dènge Yakob, aku nèngu na, Sad'i èu ladhe paie-iie era padhèdi ne, dhu ja'a tao ètu talora aae èu dènge ja'a. Hud'i laa padhèdi ne j'aj'i mi sakasii, sèna ka ja'a baku kako palème era ne'e hia èu. Aa ladhe èu neo kako palème era ne'e, na, èu baku kako palème era ne'e hia ja'a, lula èu tao boe bhabhelu mi dedha ja'a."
GEN 31:53,"The God of Abraham, and the God of Nahor, the God of their father, judge between us. Then Jacob swore by the fear of his father, Isaac.","Dua ti pa'èki lii pajaji ne, dènge kolongara Ama Lamatua nèti bèi-baki èdhi. Nuka Ama Lamatua nèti baki mu Abraham dènge baki ja'a Nahor. Nèngu èèna ka, dhu j'aj'i hakim, sèna ka pama'ète lii èdhi dua ti. Ropa nanene nare, hèia Yakob j'oka soo-subha dènge kolongara Ama Lamatua, dhu ama na Isak sogo-tagu.","Ja'a manèngi sèna ka Ama Lamatua pama'ète lii langu èdhi aa'i-aa'i ti. Ja'a manèngi sèna ka Lamatua èdhi pama'ète lii langu èdhi dua ti. Lamatua nèti baki Abraham, aa Lamatua nèti baki Nahor. Lamatua èèna ka dhu pama'ète lii langu èdhi dua ti. Ropa Yakob tadèngi nare sèmi èèna, ka na j'oka subha dènge kolongara ama na, Isak."
GEN 31:54,"Jacob offered a sacrifice in the mountain, and called his relatives to eat bread. They ate bread, and stayed all night in the mountain.","Èle èèna ka, Yakob roro badha, ho j'aj'i mi korban hia mi Lamatua ètu ledhe èèna. Hèia na paroa dhèu aa'i-aa'i mai ra'a-rinu pa'èci, ka ra beke d'ai lod'o rea.","Èle èèna ka, Yakob nèti badha korban asa kolo ledhe èci. Ka na nèru a'ari na, ho ra'a-rinu ètu èèna. Ka ra madhèdi bhèj'i ètu kolo ledhe èèna."
GEN 32:1,"Jacob went on his way, and the angels of God met him.","Èle èèna ka, Yakob si kako taruu. Hèia ana pajuu Lamatua nèti sorga sèra mai paraga dènge ne.",Hèia Yakob kako taruu. Ka ana pajuu Ama Lamatua nèti sorga mai paraga dènge ne.
GEN 32:2,"When he saw them, Jacob said, This is God's army. He called the name of that place Mahanaim.","Ropa ladhe nèdhi si, na lii, aku nèngu na, Era ne'e ne, sèmi era ae sordad'u Lamatua! Nèti èèna ka, era èèna na pangare na, Mahanaim dhu sasoa na ‘dua era ae iisi'.","Ropa Yakob ladhe nèdhi rèngu, hèia na pangee, aku nèngu na, Ira ii! Se'e se, sordad'u Ama Lamatua! Ka na pangare era ne, Mahanaim."
GEN 32:3,"Jacob sent messengers in front of him to Esau, his brother, to the land of Seir, the field of Edom.","Ka Yakob pua dhèu na pèri-pèri lasi uuru asa rai Edom nuka Seir, sèna ka lasi peka dènge a'a na Esau, ho ne'a mamai na.","Èle èèna ka, Yakob pua dhèu lasi tenge ari na Esau, ho lasi uuru asa rai Seir, ètu rai Edom."
GEN 32:4,"He commanded them, saying, This is what you shall tell my lord, Esau, ‘This is what your servant, Jacob, says. I have lived as a foreigner with Laban, and stayed until now.","Hèia Yakob peka dènge si, aku nèngu na, Lami peka dènge a'a ku Esau, sèmi ne'e, ‘Lamatua Esau! Ènu mu Yakob, hia ji'i ngèti lii karej'e-karae mi a'a na. Peka na, Karèi nèti ja'a pakèd'i, toke sange ne'e ne, ja'a pea ètu d'ara èmu to'o Laban.","Hèia Esau pua si, aku nèngu na, Èu hud'i peka ku sèmi ne'e ku mi lamatua ja'a, Esau, aku nèngu na, Ja'a ènu èu, Yakob, manèngi sèmi ne'e ka. Ja'a pea nuka sèmi dhèu leo ètu èmu Laban. Ja'a manubha ètu èèna, toke d'ai sange ne'e."
GEN 32:5,"I have cattle, donkeys, flocks, male servants, and female servants. I have sent to tell my lord, that I may find favor in your sight. '","Limuri ne, ènu lamatua na dènge le unu sapi, keled'ei, rupa-rupa kahib'i, dènge ènu bhèni-mone. Ja'a hia uru dhèu se'e dhiu, ho peka dènge a'a ku, mamai ja'a ne. Ja'a sanao sèna ka a'a ku sèmi ja'a dènge d'ara kateme. ' Èle ka dhèu se lasi.","Te ngaa ja'a dènge sapi, keled'ei, dènge kahib'i-kalèbho ja'a, dhèu sab'a ja'a, dhèu bhèni dènge dhèu sab'a ja'a. Ja'a pua dhèu lasi manèngi ama, sèna ka ja'a manèngi ho ama sue ja'a. '"
GEN 32:6,"The messengers returned to Jacob, saying, We came to your brother Esau. He is coming to meet you, and four hundred men are with him.","Ropa dhèu se lèpa hari mai, ra lolo dènge Yakob, aku rèngu na, Ji'i paraga le dènge a'a mu Esau. Nuka na mai re limuri nèi, dènge dhèu na èpa ngasu dhèu mone, neo mai paraga dènge èu.","Èle èèna ka, dhèu pajuu-paleha se lèpa hari mai peka dènge Yakob, aku rèngu na, Ama! Ji'i paraga le dènge ari mu Esau. Nèngu mai le neo paraga dènge èu. Nèngu dènge dhèu mone na, èpa ngasu dhèu."
GEN 32:7,"Then Jacob was greatly afraid and was distressed. He divided the people who were with him, along with the flocks, the herds, and the camels, into two companies.","Ropa na tadèngi nare, sangasa Yakob rèbha-rèbha, aa na madha'u ae. Ka na hag'e eele dhèu na dènge badha-manu j'aj'i mi dua kaboko.","Ropa tadèngi nare sèmi èèna, hèia Yakob madha'u dènge d'ara na laho mae-mae. Ka na pabagi dhèu aa'i-aa'i dhu kako palere-lere dènge kahib'i-kalèbho, kahib'i-kalèbho, dènge badha onta sèra, j'aj'i mi dua kaboko."
GEN 32:8,"He said, If Esau comes to the one company, and strikes it, then the company which is left will escape.","Na pangee, Ladhe Esau mai, ho na age kaboko dhu uru, na kaboko dhu limuri bisa rai, tenge sod'a.","Hèia Esau b'ala, peka na, Sèmi ne'e. Ladhe Esau mai pamusu dènge ca kaboko dhèu, aa na segi si, tatu aa'i-aa'i dhu madhe sèra abhu boe j'aj'èra."
GEN 32:9,"Jacob said, God of my father Abraham, and God of my father Isaac, the LORD, who said to me, ‘Return to your country, and to your relatives, and I will do you good, '","Hèia Yakob manèngi-mangaj'i, aku nèngu na, Ama Lamatua! Èu j'aj'i Lamatua nèti baki ja'a Abraham, aa nèti ama ku Isak. Nanene ku lii manèngi ja'a la! Uru èèna, Lamatua ka dhu hia ja'a lèpa asa a'ari ja'a, ètu kabarai ne'e. Lamatua ka dhu moa tèke, peka na pe Lamatua uri pamola j'ara.","Hèia Yakob sabaj'a, peka na, Ama Lamatua èèna, Ama Lamatua nèti bèi-baki ja'a, Abraham dènge Isak. Lamatua èèna ka dhu paredha ja'a, peka na, Lamu asa rai èu, sèna ka èu mamuri dènge be'a dènge a'ari èu. '"
GEN 32:10,"I am not worthy of the least of all the loving kindnesses, and of all the truth, which you have shown to your servant, for with just my staff I crossed over this Jordan, and now I have become two companies.","Ja'a ne madhutu mola-mola na, bisa boe abhu sasue dènge mamako Lamatua. Uru èèna, lod'o ja'a pège loko Yarden, ja'a kèti dhoka tatea di. Te ngaa limuri ne, ja'a lèpa kèti dènge dhèu dua nau, aa dènge badha-manu ae.","Lula èu pad'elo le d'ara hua iia èu mi ja'a, aa pad'elo le d'ara hua iia èu mi ja'a, ja'a nia boe sèmi èèna. Lula èu pad'elo le d'ara hua iia èu mi ja'a, èci èèna ka dènge dhèu sab'a Èmu Kapua Manèngi-Mangaj'i. Lod'o ja'a kako asa cabèka loko Yarden ne, ja'a dhoka kèpe tatea di. De limuri ne, ja'a j'aj'i le dhèu dua kaboko."
GEN 32:11,"Please deliver me from the hand of my brother, from the hand of Esau, for I fear him, lest he come and strike me and the mothers with the children.","Ja'a mangingi, mage dhoka a'a ja'a Esau, mai pare pamadhe ji'i aa'i-aa'i mi. De ja'a manèngi sèna ka Ama Lamatua hia mamuri mi ja'a, dènge ana-dhèu èmu-kamali aa'i-aa'i mi.","Ja'a manèngi sèna ka Ama pakaj'èu ja'a nèti ari ja'a, Esau. Ja'a madha'u, mage dhoka na mai pamadhe ja'a dènge ana niki ja'a."
GEN 32:12,"You said, ‘I will surely do you good, and make your offspring as the sand of the sea, which can't be counted because there are so many. '","Lamatua dhu jaji tèke, èèna na pala-bagi mi dedha ja'a mamèngi ae-ae, aa hia ana-èpu ja'a bèba-kacanga, sama sèmi salae ètu nebhe dhasi, dhu dhèu ige rare boe.","Te ngaa èu dhu peka le, na, Sèmi ne'e, Ja'a neo pad'elo d'ara hua iia Ja'a mi èu. Ja'a tao ana-èpu èu ae-ae, nuka sèmi salae dhasi, dhu dhèu bisa boe ige. '"
GEN 32:13,"He stayed there that night, and took from that which he had with him a present for Esau, his brother,","Èle ka, Yakob si j'unu ètu era èèna. Asa bèli èèna, na hag'e badha pèri-pèri ngi'u ho rèti hia a'a na.","Èle èèna ka, Sakaria puru nèti d'ara oka na, ka na hia ari na Esau mèdha-panyau. Ka na pea ètu nèi mèda èèna kahèi."
GEN 32:14,"two hundred female goats and twenty male goats, two hundred ewes and twenty rams,","Na pili nare kahib'i rena dua ngasu ngi'u, kahib'i mone dua nguru ngi'u, kahib'i-kalèbho rena dua ngasu ngi'u, kahib'i-kalèbho mone dua nguru ngi'u,","kahib'i-kalèbho dhèu dua ngasu, kahib'i-kalèbho dhèu dua ngasu, kahib'i-kalèbho dhèu dua ngasu, kahib'i-kalèbho dhèu dua nguru, aa kahib'i-kalèbho dhèu dua nguru,"
GEN 32:15,"thirty milk camels and their colts, forty cows, ten bulls, twenty female donkeys and ten foals.","onta rena tèlu nguru ngi'u dènge ana susu, sapi rena èpa nguru ngi'u, canguru ngi'u sapi mone, keled'ei rena dua nguru ngi'u, dènge canguru ngi'u keled'ei mone.","tèlu nguru unta dènge keled'ei ra, èpa nguru sapi, canguru sapi, dua nguru keled'ei, dènge canguru keled'ei."
GEN 32:16,"He delivered them into the hands of his servants, every herd by itself, and said to his servants, Pass over before me, and put a space between herd and herd.","Ka na hag'e ka badha se, èci-èci ka dènge anga na. Hèia na papala ka, èci-èci dènge ana madhenge na. Ka na peka dènge dhèu se'e, aku nèngu na, Miu kako uuru. Pe ja'a dhiu. Te ngaa mi palaladha ho kaboko èci pakaj'èu nèti kaboko dhu leo sèra.","Èle èèna ka, na hia kahib'i-kalèbho sèra asa dhèu sab'a na. Ka na paredha si, peka na, Lami uuru ku asa ne'e, ho patitu era èci ètu talora aae miu."
GEN 32:17,"He commanded the foremost, saying, When Esau, my brother, meets you, and asks you, saying, ‘Whose are you? Where are you going? Whose are these before you? '","Ka na peka dènge kaboko dhu uuru tèka, aku nèngu na, Ladhe a'a ku Esau paraga dènge èu, aa na karèi, peka na, ‘Èu lamu mia? Èu ne, ènu nèti cee? Badha-manu se, unu cee? '","Na pua dhèu uru sèra, aku nèngu na, Ladhe ari ja'a, Esau, mai paraga dènge èu, hèia na karèi, peka na, Èu ne, cee? Èu neo lamu mia? Rèngu se, nèti cee? '"
GEN 32:18,"Then you shall say, ‘They are your servant, Jacob's. It is a present sent to my lord, Esau. Behold, he also is behind us. '","Na mi dhaa, peka na, ‘Badha-manu se, unu ènu mu, Yakob. Na pa'adhu hia a'a na, Esau. Te ngaa nèngu nuka nèti limuri nèi. '","Hèia èu dhaa, peka na, Rèngu se nèti ana pua-paleha èu, Yakob. Rèngu se, lii maho'o hia lamatua ja'a, Esau. Te ngaa limuri ne, nèngu mai le nèti kabodho èdhi. '"
GEN 32:19-20,"He commanded also the second, and the third, and all that followed the herds, saying, This is how you shall speak to Esau, when you find him. You shall say, ‘Not only that, but behold, your servant, Jacob, is behind us. ' For, he said, I will appease him with the present that goes before me, and afterward I will see his face. Perhaps he will accept me.","Lii sèmi èèna, na peka kahèi dènge dhèu madhenga badha cahag'e sèra hèi, aku nèngu na, Ladhe mi paraga dènge a'a ku Esau, mi hia ne badha-manu se. Aa mi peka dènge ne, ja'a re limuri. Lula madhutu a'abhu Yakob, na hia badha se aa'i-aa'i mi Esau, èèna na Esau sèmi nèngu dènge be'a.","Sèmi èèna kahèi dènge ana pua-paleha ka tèlu, dènge dhèu-dhèu dhu madhutu kahib'i-kalèbho sèra. Na pua si, peka na, Ladhe miu paraga dènge Esau, miu hud'i peka ku dènge ne sèmi ne'e, aku nèngu na, Ama! Ja'a ne dhèu ènu èu, Yakob. Ja'a ètu limuri ne'e le. ' Te ngaa Esau dhaa, aku nèngu na, Ladhe sèmi èèna, ja'a neo pad'elo d'ara be'a ja'a dènge mèdha persembahan èu ne. Ladhe d'ai lod'o limuri, ja'a paraga hari dènge ne. Mage dhoka na sèmi nare ja'a dènge d'ara karej'e, heka na sèmi nare ja'a dènge be'a."
GEN 32:21,"So the present passed over before him, and he himself stayed that night in the camp.","Nèti èèna ka, na hia uuru rèti badha se. Te ngaa mèda èèna, nèngu pea ètu èèna era.","Nèti èèna ka, rèngu rèti mèdha èèna asa nèngu. Te ngaa nèngu pea ètu d'ara rae èèna camèd'a èèna kahèi."
GEN 32:22,"He rose up that night, and took his two wives, and his two servants, and his eleven sons, and crossed over the ford of the Jabbok.","Mèda na, Yakob kèd'i, ka na pua dhèu èmu na dhèu dua, dènge dhèu èmu piara dhèu dua, dènge ana na dhèu canguru èci sèra, lasi uuru pège asa cabèka loko Yabok.","Lod'o èèna kahèi, mèda èèna kahèi, Daud kèd'i nèti mèda. Ka nèti dènge dhèu èmu na, dhèu sab'a na dhèu dua, dènge ana mone na dhèu canguru èci, lasi asa cabèka loko èci, ngara na Yabok."
GEN 32:23,"He took them, and sent them over the stream, and sent over that which he had.","Ropa ra d'ai ca bèka loko, ka na hia aa'i mèdha-panyau na asa nèi.","Ka lamatua oka pua rèngu lasi asa cabèka loko. Sèmi èèna kahèi, lamatua oka pua rèngu lasi taruu asa d'ara oka."
GEN 32:24,"Jacob was left alone, and wrestled with a man there until the breaking of the day.","Te ngaa Yakob pea ka mesa-mesa ètu èèna. Hèia dhèu mone èci mai, ka dua ra palèka d'ai oe mèu.","Te ngaa dhoka Yakob di dhu mamuri era. Ka na pab'ala dènge dhèu mone èci ètu èèna, toke d'ai mad'ae aae na."
GEN 32:25,"When he saw that he didn't prevail against him, the man touched the hollow of his thigh, and the hollow of Jacob's thigh was strained as he wrestled.","Ropa mone ne ne'a na nèngu segi boe Yakob, ka na kalabhe mi kolo keja Yakob, ka gage na tabod'a eele nèti era na.","Ropa dhèu èèna ne'a, na, nèngu bisa boe segi ne, hèia na gai lèke haga Yakob. Ropa na gai lèke haga Yakob, hèia haga Yakob j'èra titu kèna."
GEN 32:26,"The man said, Let me go, for the day breaks. Jacob said, I won't let you go unless you bless me.","Hèia mone ne lii, aku nèngu na, Patabuli ja'a, te ciki hari, lod'o rea kèna. Te ngaa, aku Yakob na, Èu hia ja'a mèngi-nale, heka ja'a patabuli èu kèna!","Te ngaa dhèu ne dhaa, aku nèngu na, Be'a risi èu hud'i lèpa ku, te lod'o oe cèna. Hèia Yakob dhaa, aku nèngu na, Ja'a ko'o boe èu lèpa, ladhe èu mo'o boe hia ja'a berkat."
GEN 32:27,"He said to him, What is your name? He said, Jacob.","Ka mone ne karèi ne, Ngara èu ne, cee? Na dhaa, peka na, Yakob.","Ka Ama Lamatua karèi ne, Ngara èu cee? Na dhaa, aku nèngu na, Yakob."
GEN 32:28,"He said, Your name will no longer be called Jacob, but Israel, for you have fought with God and with men, and have prevailed.","Hèia mone ne lii hari, aku nèngu na, Èu ngara heka Yakob. Te ngaa mulai nèti deo ne'e ne, dhèu paroa èu, Isra'el, lula èu lab'a le dhèu rai-haha dènge Ama Lamatua, ka èu segi. Ngara Isra'el sasoa na ‘dhu palèka dènge Ama Lamatua'.","Lula èu lab'a Ama Lamatua dènge dhèu rai-haha, nèti èèna ka, dhèu paroa heka èu, Yakob. Te ngaa èu hud'i j'aj'i ku dhèu Isra'el, lula èu lab'a le Ama Lamatua dènge dhèu rai-haha. Te ngaa èu segi le, toke èu j'aj'i dhèu kapai."
GEN 32:29,"Jacob asked him, Please tell me your name. He said, Why is it that you ask what my name is? So he blessed him there.","Ka Yakob karèi ne, Èu peka ku ngara èu la. Te ngaa mone ne peka na, Èu neo me'a ngara ja'a, tao ngaa? Hèia na hia mèngi-nale mi Yakob ètu era èèna.","Hèia Yakob karèi ne, aku nèngu na, Ama. Ngara èu cee? Ka ana ne dhaa, aku nèngu na, Nga tao ka èu karèi ja'a ne, ngara na cee? Ka ana ne manèngi ho Lamatua hia mèngi-nale mi ana ne."
GEN 32:30,"Jacob called the name of the place Peniel, for he said, I have seen God face to face, and my life is preserved.","Ka Yakob padhai lii, aku nèngu na, Ja'a kèdhi le Ama Lamatua madha dènge madha, te ngaa ja'a mamuri era. Nèti èèna ka, Yakob pangare era èèna, Peniel, dhu sasoa na, ‘Rèhu Lamatua'.","Hèia Yakob pangare era èèna, Peniel', lula na pangee, na, Ja'a kèdhi Ama Lamatua patoo madha dènge madha. Nèti èèna ka, Lamatua patalale eele ja'a nèti koasa sasala-sasigo ja'a."
GEN 32:31,"The sun rose on him as he passed over Peniel, and he limped because of his thigh.","Ropa Yakob tèke eele era èèna, lod'o dhu rea le. Te ngaa na kako ged'a, lula gage na tabod'a.","Ropa na kako re dedha Peniel, madha lod'o rea titu kèna. Ka na karèbha, lula j'unu na kapai titu kèna."
GEN 32:32,"Therefore the children of Israel don't eat the sinew of the hip, which is on the hollow of the thigh, to this day, because he touched the hollow of Jacob's thigh in the sinew of the hip.","Nèti èèna ka, toke d'ai sange ne'e, dhèu Isra'el ra'a boe sisi isi lasona, lula Lamatua kalabhe patabod'a eele gage bèi-baki ra Yakob.","Nèti èèna ka, toke d'ai sange ne'e, dhèu Isra'el bisa boe ra'a aj'u hèb'a g'ana èci, lula dhèu ne goi lèke aj'u hèb'a èci, nuka ana-èpu Yakob. Nèti èèna ka, rèngu bisa boe ra'a aj'u hèb'a èèna."
GEN 33:1,"Jacob lifted up his eyes, and looked, and, behold, Esau was coming, and with him four hundred men. He divided the children between Leah, Rachel, and the two servants.","Ètu d'ara lod'o èèna kahèi, Yakob ladhe nèdhi Esau, dènge dhèu na èpa ngasu sèra, mai asa rèngu. Ka na papala ana na mi ina ra èci-èci.","Ropa Yakob ladhe nèdhi, ka nèdhi Esau dènge dhèu mone na, èpa ngasu dhèu. Hèia na pabagi ana-ana na, sèna ka j'aj'i mi dua ana bhèni, nuka Leah, Rahel, dènge ana bhèni dhèu dua sèra."
GEN 33:2,"He put the servants and their children in front, Leah and her children after, and Rachel and Joseph at the rear.","Na hia dhèu èmu piara sèra dènge ana ra kako uuru. Èle ka, Lea dènge ana-ana na, heka Rahel dènge ana na Yusuf limuri tèka.",Na paj'uj'u dhèu sab'a se dènge ana-ana ra ètu madha. Na paj'uj'u Leah dènge ana-ana na ètu limuri. Aa Na paj'uj'u Rahel dènge Yusuf ètu kabodho.
GEN 33:3,"He himself passed over in front of them, and bowed himself to the ground seven times, until he came near to his brother.","Te ngaa Yakob kako uuru nèti rèngu aa'i-aa'i ra. Ropa na padètu dènge a'a na, na patitu kètu urutuu, ka na pacud'u d'ai rai pidhu hari.","Hèia Yakob kako uuru nèti rèngu, ka na patitu kètu urutuu pidhu hari, toke na padètu dènge ari na."
GEN 33:4,"Esau ran to meet him, embraced him, fell on his neck, kissed him, and they wept.","Te ngaa lod'o Esau ladhe nèdhi ari na, rai dènge ka, la'e liku nare Yakob. Dua ra paliku dènge pa'uu. Hèia dua ra tangi d'ara pèd'a.","Hèia Esau rai la'e soru ne, ka liku nare ne, aa liku nare ne. Ka na liku nare, aa uu ne. Hèia aa'i-aa'i ra tangi d'ara pèd'a."
GEN 33:5,"He lifted up his eyes, and saw the women and the children, and said, Who are these with you? He said, The children whom God has graciously given your servant.","Ropa Esau nèdhi bhèni dènge ana-ana si, ka na karèi, aku nèngu na, Se'e se, cee ka se'e? Ka Yakob peka, Rèngu se'e se, dhu Ama Lamatua pala-bagi hia ja'a, ènu a'a ku ne.","Ropa Yesus ladhe nèdhi asa dedha, ka ladhe nèdhi dhèu bhèni dènge ana-ana sèra. Hèia Na karèi, aku Nèngu na, Cee ka dhèu se'e se? Ka Yohanis dhaa, aku nèngu na, Ana-ana Ja'a! Ama Lamatua dhu pad'elo le d'ara hua iia Na mi ana-ana Ja'a se."
GEN 33:6,"Then the servants came near with their children, and they bowed themselves.","Hèia dhèu èmu piara na, dènge ana niki ra lasi pahaha iisi ètu madha Esau.","Ropa tadèngi nare, hèia dhèu sab'a se, palere-lere dènge ana-ana ra, ka ra pahaha iisi mi Ama Lamatua."
GEN 33:7,"Leah also and her children came near, and bowed themselves. After them, Joseph came near with Rachel, and they bowed themselves.","Èle ka, Lea dènge ana-ana na, lasi pahaha iisi mi Esau kahèi. Dhu lasi limuri, Yusuf dènge ina na Rahel lasi pahaha iisi mi Esau kahèi.","Hèia Leah dènge ana-ana na mai padètu-dètu ho pahaha iisi ra. Ropa rèdhi sèmi èèna, hèia Yusuf dènge Rahel mai padètu-dètu ho pahaha iisi ra."
GEN 33:8,"Esau said, What do you mean by all this company which I met? Jacob said, To find favor in the sight of my lord.","Èle èèna ka, Esau karèi, aku nèngu na, Èu pa'adhu badha pèri nau sèi, èu neo tao ngaa? Hèia Yakob dhaa, aku nèngu na, Sèmi ne'e, a'a! Ja'a hia mi a'a ku, sèna ka a'a ku sèmi ja'a dènge d'ara taleo.","Hèia Esau karèi Yakob, aku nèngu na, Tasamia ka èu neo pad'elo sasue èu dènge dhèu ae-ae dhu mai pakaboko ètu ne'e? Ka Yakob dhaa, aku nèngu na, Ja'a neo pad'elo d'ara hua iia ja'a mi lamatua ja'a."
GEN 33:9,"Esau said, I have enough, my brother, let that which you have be yours.","Te ngaa Esau peka, Ja'a dènge mèdha-panyau ae kahèi. De hia ia ka ja'a ngaa-ngaa.","Te ngaa Esau dhaa, aku nèngu na, A'ari! Ja'a d'ai le. Sad'i pusaka èu èèna, j'aj'i unu èu ku."
GEN 33:10,"Jacob said, Please, no, if I have now found favor in your sight, then receive my present at my hand, because I have seen your face, as one sees the face of God, and you were pleased with me.","Te ngaa Yakob b'ala, peka na, Baku, a'a. A'a ku hud'i sèmi la mèdha se, sèna ka j'aj'i mi tadha, peka na, a'a ku sèmi ja'a dènge d'ara taleo. Te ropa a'a ku b'ui mari, ka ja'a sèmi dhu kèdhi b'ui mari nèti Ama Lamatua.","Te ngaa Yakob dhaa, aku nèngu na, Aad'o! Ladhe ama d'èi le ja'a, na, ja'a hud'i sèmi more ku mèdha persembahan ne nèti kacui-aai ja'a. Te ja'a kèdhi le rèhu ama, nuka sèmi dhèu dhu ladhe nèdhi rèhu Ama Lamatua. Nèti èèna ka, d'ara ja'a karej'e dènge ama."
GEN 33:11,"Please take the gift that I brought to you, because God has dealt graciously with me, and because I have enough. He urged him, and he took it.","De ja'a manèngi, a'a ku sèmi la mèdha-panyau dhu kab'ua aad'o se. Lula Ama Lamatua be'a titu kèna dènge ja'a ne. Nèti èèna ka, Na hia ja'a unu ngaa-ngaa se aa'i-aa'i. Lula Yakob pamako taruu, no'o do no'o boe èèna ka, Esau sèmi nare kahèi.","Petrus tuhu hari lii manèngi na, aku nèngu na, Petrus! Ja'a manèngi èu sèna ka èu sèmi more mèdha-panyau ja'a ne, lula Ama Lamatua dhu pad'elo le d'ara hua iia Na mi ja'a. Aa ja'a kura boe ngaa-ngaa. De ja'a manèngi ho èu sèmi more mèdha-panyau ja'a ne. Hèia Petrus manèngi dènge d'ara kateme, ka na sèmi nare."
GEN 33:12,"Esau said, Let's take our journey, and let's go, and I will go before you.","Hèia Esau peka dènge Yakob, aku nèngu na, Ladhe sèmi èèna, miu pa'èra ho lati palere. Ja'a lere miu.","Te ngaa Esau dhaa, aku nèngu na, Be'a risi èdhi pakèd'i. Te ja'a neo kako uru nèti èu."
GEN 33:13,"Jacob said to him, My lord knows that the children are tender, and that the flocks and herds with me have their young, and if they overdrive them one day, all the flocks will die.","Te ngaa aku Yakob na, Hud'i laa, a'a! A'a ku ladhe mèdhi unu mu. Ana mu se, ana iiki ae era. Rèngu se dhae èra èèna mèka. Aa badha ae ka dhu heka matana. Ladhe ta pakaseti si kako pamèri, ètu d'ara ca lod'o, èèna na madhe aa'i si.","Hèia Yakob dhaa, aku nèngu na, A'ari! Ja'a ke'a le, na, ana-ana ja'a d'èlu-mèu titu kèna. Kahib'i-kalèbho ja'a sèra abhu ana d'èlu-mèu kahèi. Te ngaa ladhe ana d'èlu-mèu titu kèna, kahib'i-kalèbho se madhe aa'i mèu-mèu."
GEN 33:14,"Please let my lord pass over before his servant, and I will lead on gently, according to the pace of the livestock that are before me and according to the pace of the children, until I come to my lord to Seir.","De be'a risi, a'a ku si kako uuru. Pe ji'i kako mau-mau dhiu. Ladhe èèna na, ja'a dhiu ngad'o a'a ku ètu Seir.","Ladhe sèmi èèna, ja'a manèngi sèna ka lamatua ja'a pakèd'i uuru asa dhèu sab'a na èèna. Hud'i laa ja'a madhutu lamatua ja'a, madhutu kahib'i-kalèbho ja'a dènge ana-ana ja'a sèra, toke ja'a lèpa hari asa lamatua ja'a, ètu Seir."
GEN 33:15,"Esau said, Let me now leave with you some of the people who are with me. He said, Why? Let me find favor in the sight of my lord.","Hèia Esau lii hari, na peka, Ladhe sèmi èèna, ja'a tèke eele dhèu ja'a se cahag'e, sèna ka pad'elo j'ara hia miu. Te ngaa, aku Yakob na, Hud'i laa, a'a, ee! Sad'i ja'a ke'a le, a'a ku sèmi ja'a dènge be'a.","Te ngaa Esau dhaa, aku nèngu na, Be'a risi ja'a tèke eele cahag'e nèti dhèu-dhèu ja'a. Hèia Esau dhaa, aku nèngu na, Be'a risi ja'a tenge j'ara, sèna ka Lamatua pad'elo d'ara hua iia Na mi ja'a."
GEN 33:16,So Esau returned that day on his way to Seir.,"Tadèngi nare, Esau pakèd'i ka, tèke eele si, lèpa asa Seir.","Èle èèna ka, Esau lèpa hari asa kota Seir."
GEN 33:17,"Jacob traveled to Succoth, built himself a house, and made shelters for his livestock. Therefore the name of the place is called Succoth.","Te ngaa nèti era èèna, Yakob la'e asa Sukot. D'ai nèi, na tao èmu dènge oka hia badha aa'i-aa'i ra. Nèti èèna ka, era èèna ra pangare na Sukot dhu sasoa na ‘èmu pea taha'.","Èle èèna ka, Yakob la'e asa rai èci, ngara na Sukot. D'ai nèi, ka na patitu èmu cue hia badha-manu na. Nèti èèna ka, ra pangare era èèna, Sukot'."
GEN 33:18,"Jacob came in peace to the city of Shechem, which is in the land of Canaan, when he came from Paddan Aram, and encamped before the city.","Te ngaa nèbhu boe ka, Yakob si kako nèti Padan Aram, lasi d'ai rae Sikem ètu rai Kana'an dènge sod'a-mole. Hèia ra patitu paleo, sèna ka ra pea padètu dènge rae èèna.","Lod'o Yakob lèpa nèti Paddan-Aram, na lèpa hari nèti kota Sikem, ètu rai Kana'an. Ka ra pamadhèdi ètu sebhe rai Sikem dènge mera-milu."
GEN 33:19,"He bought the parcel of ground where he had spread his tent, at the hand of the children of Hamor, Shechem's father, for one hundred pieces of money.","Rai dhu Yakob patitu paleo ne, hèli nare nèti Hemor, ana Sikem. Kab'ua rai ne, ca ngasu doi iia.","Èle èèna ka, na hèli rai cue nèti ana-èpu Hemor, ama nèti Sikem. Rai ne, kab'ua nèti cangasu doi iia."
GEN 33:20,"He erected an altar there, and called it El Elohe Israel.","Ètu era ne, na pudhi hadhu, tao mei korban. Ka na pangare era ne'e, El-Elohe-Isra'el, dhu sasoa na ‘Ama Lamatua nèti Isra'el'.","Èle èèna ka, Musa patitu era tunu raa aj'u hèu mèngi èci ètu era èèna. Ka na pangare mei èèna, Lamatua, Ama Lamatua Isra'el'."
GEN 34:1,"Dinah, the daughter of Leah, whom she bore to Jacob, went out to see the daughters of the land.","Ca lod'o, Dina, ana bhèni Yakob dènge Lea, la'e pangad'o dènge bhèni anga-aangalai na ètu rae èèna.","Èle èèna ka, ana bhèni Yakob, ngara na Dina, la'e tenge ina na dhèu bhèni sèra ètu d'ara rai èèna."
GEN 34:2,"Shechem the son of Hamor the Hivite, the prince of the land, saw her. He took her, lay with her, and humbled her.","Dhèu aae kabarai ne, ngara na Hemor, nèti suku Hewi. Ngara ana mone na, Sikem. Ca tèka, Sikem ladhe nèdhi Dina, ka rai nèti ne, hèia na tao pakarehe ne.","Lod'o èèna, Sikem, ana Hemor, nèti suku Hiwi. Sikem ne, dhèu aae kapai nèti rai Kana'an. Ropa ladhe nèdhi ana bhèni ne, hèia na liku nare ne, ka na j'unu pa'èci dènge ne."
GEN 34:3,"His soul joined to Dinah, the daughter of Jacob, and he loved the young lady, and spoke kindly to the young lady.","Sikem d'èi madhe-madhe Dina ne. Ka na solo mako, sèna ka Dina no'o dènge ne.","Ropa tadèngi nare lii lolo ana bhèni èèna, hèia Yakob d'èi titu kèna d'ara Yakob. Ropa na tadèngi lii lolo ana bhèni ne, ka na sue ne titu kèna. Aa na padhai lii be'a dènge ne kahèi."
GEN 34:4,"Shechem spoke to his father, Hamor, saying, Get me this young lady as a wife.","Hèia Sikem peka dènge ama na, aku nèngu na, Ama! Lamu karèi Dina hia ja'a, sèna ka ja'a madhèdi dènge ne.","Èle èèna ka, Sikem padhai lii dènge Hemor, ama na, aku nèngu na, Ama! Hia ana bhèni ne j'aj'i dhèu èmu ja'a."
GEN 34:5,"Now Jacob heard that he had defiled Dinah, his daughter, and his sons were with his livestock in the field. Jacob held his peace until they came.","Tatao Sikem ne, Yakob dhu tadèngi le, te ngaa na mau-mau, aa tao boe ngaa-ngaa. Te lod'o èèna, ana mone na sèra, ètu d'ara pad'a madhenge badha rèngu. Ka na mate si mai ku.","Lod'o èèna, ètu d'ara pad'a sod'a, Yakob tadèngi, na, a'a na, Dina, ana na, dènge kahib'i-kalèbho na, mai le asa èmu manèngi-mangaj'i. Nèti èèna ka, Yakob mau-mau, aa na mate heka ana-ana na dua ra mai asa èmu manèngi-mangaj'i."
GEN 34:6,Hamor the father of Shechem went out to Jacob to talk with him.,"Lod'o èèna, Hemor, ama Sikem, mai padhai lii dènge Yakob, ho neo karèi Dina hia Sikem.","Èle èèna ka, Hemor, ama Sikem, la'e tenge Yakob."
GEN 34:7,"The sons of Jacob came in from the field when they heard it. The men were grieved, and they were very angry, because he had done folly in Israel in lying with Jacob's daughter, a thing that ought not to be done.","Ètu talora dua ra padhue-padhai era, ana-ana Yakob lèpa nèti d'ara pad'a. Ropa ra tadèngi Sikem dhu tao pakarehe le ana hèni ra, ka d'ara ra pèd'a, ka ra nasa bia. Ka ra peka, Madha j'ara dhu sèmi ne'e ne, lèke boe ètu Isra'el. De ji'i se sèmi boe dhèu tao bhelu-katub'a sèmi èèna.","Ropa ana-èpu Yakob tadèngi lii ne'e, ka rèngu lèpa nèti d'ara pad'a sod'a. Dhèu sèra d'ara ra pèd'a, lula Yakob dènge ana na dhèu èmu-kamali, tao j'ara dhu lèke boe."
GEN 34:8,"Hamor talked with them, saying, The soul of my son, Shechem, longs for your daughter. Please give her to him as a wife.","Ka Hemor pamako Yakob, aku nèngu na, Ana ja'a Sikem d'èi tare'a-re'a ana èu Dina. De ja'a manèngi d'ara èu, sèna ka mo'o la, paleo ana bhèni èu dènge ne.","Hèia Hemor peka dènge rèngu, aku nèngu na, Ja'a manèngi sèna ka ana ja'a, Sikem, leo hari dènge ne èmu miu. Nèngu d'èi titu kèna, de ja'a manèngi ho nèngu leo hari dènge ne."
GEN 34:9,"Make marriages with us. Give your daughters to us, and take our daughters for yourselves.","Ladhe mo'o ana-ana èdhi se paleo iisi-aanga ra. Ana-ana mone nèti miu, madhèdi dènge ana-ana bhèni nèti ji'i. Sèmi èèna kahèi, ana-ana mone ji'i madhèdi dènge ana-ana bhèni miu.","De hua iia miu leo dènge ji'i. Hia ana bhèni miu, sèna ka j'aj'i dhèu èmu ji'i. Aa hia ana bhèni ji'i, j'aj'i dhèu èmu miu kahèi."
GEN 34:10,"You shall dwell with us, and the land will be before you. Live and trade in it, and get possessions in it.","Sèna ka èdhi pea pa'oru pa'èci ètu d'ara rai ne'e. Sad'i miu d'èi era mia èèna ka, mi pea la dènge boe ngaa-ngaa. Mi d'aga, sèna ka abhu kakaja ètu ne'e.","De miu hud'i pea ku dènge ji'i, sèna ka j'aj'i dhèu unu ji'i. Miu hud'i pea ku ètu rai èèna, ho pahia-pahèli mèdha-panyau miu."
GEN 34:11-12,"Shechem said to her father and to her brothers, Let me find favor in your eyes, and whatever you will tell me I will give. Ask me a great amount for a dowry, and I will give whatever you ask of me, but give me the young lady as a wife.","Hèia Sikem peka dènge ama Dina dènge a'a na sèra, peka na, Miu se, sad'i manèngi ngaa, ja'a dhoka madhutu di. Masi ka miu manèngi doi pamèu madha, dènge kab'ua pèri-pèri èèna ka, ja'a hia. Sad'i mo'o ja'a leo dènge ana hèni miu.","Ka Sikem peka dènge ama na dènge a'ari na, aku nèngu na, Ja'a manèngi sèna ka Ama Lamatua pad'elo d'ara hua iia Na mi dedha ja'a. De ja'a ko'o kahèi, sad'i miu neo hia ja'a dhèu bhèni ne j'aj'i dhèu èmu miu. Ladhe miu manèngi doi ae nèti ja'a, na, ja'a hia miu bhèni ne j'aj'i dhèu èmu ja'a."
GEN 34:13,"The sons of Jacob answered Shechem and Hamor his father with deceit when they spoke, because he had defiled Dinah their sister,","Te ngaa ana-ana Yakob se re'a le, Sikem dhu tao pakarehe ana hèni ra Dina. Hèia ra karihu-kahadhu, ka ra bèle, peka mi Sikem dènge ama na Hemor,","Te ngaa ana-èpu Yakob b'ala, peka na, Sikem dènge Hemor dhèu d'èlu-mèu! Te Sikem dènge Hemor dhèu d'èlu-mèu! Rèngu dua ra padhai lii leko-monya, lula na pa'èci le dènge ana hèni ra, dhèu èmu-kamali Dina."
GEN 34:14,"and said to them, We can't do this thing, to give our sister to one who is uncircumcised, for that is a reproach to us.","aku rèngu na, Ji'i bisa boe hia ana hèni ji'i leo dènge dhèu dhu suna boe. Te èèna na, era makae ji'i èèna!","Hèia ina-ama si dhaa, peka na, A'ari aa'i-aa'i ti! Èdhi bisa boe hia ana hèni èdhi, mi dhèu bhèni èci dhu suna boe. Te j'ara ne'e ne, pamakae d'ara èdhi!"
GEN 34:15,"Only on this condition will we consent to you. If you will be as we are, that every male of you be circumcised,","Te ngaa j'ara na sèmi ne'e, Miu se, hud'i sama ku sèmi ji'i, mone aa'i-aa'i ra, ana iiki, dhèu kapai, hud'i suna ku.","Te ngaa ladhe sèmi èèna, ji'i hud'i suna ku dhèu mone, sèna ka j'aj'i sama sèmi ji'i."
GEN 34:16,"then will we give our daughters to you, and we will take your daughters to us, and we will dwell with you, and we will become one people.","Ladhe miu madhutu j'ara ne'e, èdhi heka paleo kèna. Aa ji'i pea ètu rai ne'e hèi, sèna ka èdhi j'aj'i mi èci.","ladhe sèmi èèna, ji'i neo leo-èmu dènge èu, ana bhèni ji'i. Aa ji'i neo leo-èmu dènge ana bhèni èu kahèi. Dènge j'ara ne'e, ji'i bisa mamuri d'ara èci dènge èu, sèna ka èdhi j'aj'i mi suku èci."
GEN 34:17,"But if you will not listen to us and be circumcised, then we will take our sister, and we will be gone.","Te ngaa ladhe miu madhutu boe dad'èi ji'i, aa mo'o boe suna, ji'i ngare hari ana hèni ji'i, ho kèd'i eele rai ne'e.","Te ngaa ladhe miu mo'o boe sèmi mere lii ji'i, ho mi suna, èèna na ji'i gale ana hèni ji'i, sèna ka tèke eele rai èèna."
GEN 34:18,"Their words pleased Hamor and Shechem, Hamor's son.",Hèia Hemor dènge ana na Sikem ro'o kahèi.,"Lii padhai lii rèngu ne, pakarej'e d'ara Hemor dènge Sikem, ana Hemor."
GEN 34:19,"The young man didn't wait to do this thing, because he had delight in Jacob's daughter, and he was honored above all the house of his father.","Te ngaa Sikem no'o heka mate, lula d'ara na d'èi ae Dina. Dhèu isi rai ètu èèna pakab'ua Sikem ne titu kèna.","Ropa d'ai èmu Yakob, ana ne karej'e titu kèna dènge ana bhèni Yakob. Nèti èèna ka, dhèu pakab'ua ne, kapai risi nèti dhèu aa'i-aa'i ètu d'ara èmu ama na."
GEN 34:20,"Hamor and Shechem, his son, came to the gate of their city, and talked with the men of their city, saying,","Ka Hemor dènge Sikem lasi asa era pama'ète lii, ètu hèb'a tedhe rae èèna, hèia ra padhue lii ne dènge kabarai sèra. Ra peka, aku rèngu na,","Èle èèna ka, Hemor dènge ana na Sikem lasi asa hèb'a babèdho kota. Ka ra padhai lii dènge dhèu-dhèu ètu d'ara kota, peka na,"
GEN 34:21,"These men are peaceful with us. Therefore let them live in the land and trade in it. For behold, the land is large enough for them. Let's take their daughters to us for wives, and let's give them our daughters.","A'ari aa'i-aa'i! Dhèu Isra'el se, d'èi mamuri mera-milu dènge èdhi. De hud'i laa ta pea pa'èci dènge rèngu ètu dedha-rai ne'e. Rai ne taleo, de èdhi bisa pea pa'èci aa'i-aa'i ti. Èdhi se bisa leo dènge ana bhèni rèngu. Aa rèngu bisa madhèdi dènge ana bhèni èdhi kahèi.","Dhèu Isra'el sèra, dhèu d'ara mera-milu kahèi dènge èdhi. De be'a risi rèngu pea ètu rai èèna, ho ra pahia-pahèli. Ladhe sèmi èèna, rai èèna kapai titu kèna hia rèngu. De be'a risi èdhi leo dènge ana bhèni ra, sèna ka j'aj'i dhèu èmu èdhi. Aa èdhi neo leo dènge ana bhèni èdhi kahèi."
GEN 34:22,"Only on this condition will the men consent to us to live with us, to become one people, if every male among us is circumcised, as they are circumcised.","Lii manèngi rèngu dhoka èci di, nèti èdhi se. Ra manèngi, èdhi mone se aa'i-aa'i hud'i suna ku, madhutu ad'a rèngu.","Masi ka sèmi èèna, te ngaa èdhi hud'i suna ku dhèu mone, sèna ka j'aj'i mi ca suku. Dènge j'ara ne'e, èdhi aa'i-aa'i ti bisa mamuri d'ara èci dènge èdhi, nuka sèmi èdhi dhèu Yahudi boe."
GEN 34:23,"Won't their livestock and their possessions and all their animals be ours? Only let's give our consent to them, and they will dwell with us.","Ladhe èdhi se pab'ali le dènge rèngu, èèna na badha-manu dènge mèdha-panyau ra j'aj'i unu èdhi. De be'a risi èdhi to'o la madhutu dad'èi ra. Mai sèna ka aa'i-aa'i ti suna! Mo'o, sina ma?","Nèti èèna ka, ji'i neo ded'e si, sèna ka ra j'aj'i dhèu ji'i. Ji'i neo ded'e si, ho ra j'aj'i dhèu ji'i. Sèna ka mèdha-panyau ra, dènge mèdha-panyau ra aa'i-aa'i, j'aj'i unu ji'i. De be'a risi ji'i soro tèke si, sèna ka ra pea pa'èci dènge ji'i."
GEN 34:24,"All who went out of the gate of his city listened to Hamor, and to Shechem his son, and every male was circumcised, all who went out of the gate of his city.","Ka dhèu aa'i-aa'i ètu sèra sa, sèmi lii padhai lii Hemor dènge ana na Sikem. Hèia dhèu mone aa'i-aa'i ètu rai èèna suna palere-lere.","Nèti èèna ka, dhèu aa'i-aa'i ra kalua nèti hèb'a tedhe kota, ho madhutu paredha Hemor dènge ana na Sikem. Dhèu mone aa'i-aa'i ra hud'i suna ku, sèna ka madhutu paredha Hemor."
GEN 34:25,"On the third day, when they were sore, two of Jacob's sons, Simeon and Levi, Dinah's brothers, each took his sword, came upon the unsuspecting city, and killed all the males.","D'ara lod'o ka tèlu, ropa rèngu dhu suna se, nu'a ra dhu pèd'a era, ka ana mone Dina, Simeon dènge Lewi, rare samala ra, kako mau-mau, lasi asa d'ara kota. Ka dua ra pare pamadhe aa'i-aa'i dhèu mone sèra.","Toke d'ai camèd'a èèna, lod'o oe cèna, ana-èpu Yakob dhèu dua, ngara ra Simeon dènge Lewi, ari nèti Dina, lasi pamadhe dhèu mone aa'i-aa'i ètu d'ara kota èèna. Ca dhèu-dhèu ka rèti samala ra, ka lasi pamadhe dhèu mone aa'i-aa'i ètu d'ara kota èèna."
GEN 34:26,"They killed Hamor and Shechem, his son, with the edge of the sword, and took Dinah out of Shechem's house, and went away.","Hemor dènge Sikem, ra pare pamadhe kahèi. Hèia ra rèti dènge ka Dina nèti d'ara èmu Sikem, lèpa èmu rèngu.",Hèia ra pamadhe Hamor dènge ana na Sikem dènge samala. Ka ra nuni rèti Dina nèti d'ara èmu Sikem.
GEN 34:27,"Jacob's sons came on the dead, and plundered the city, because they had defiled their sister.","Aa ana Yakob dhu cahag'e sèra, maso asa d'ara kota èèna, ra parama rèti aa'i mèu-mèu isi kabarai èèna. Ra nasa, lula dhèu tao pakarehe ana hèni ra ètu èèna.","Te ngaa lod'o èèna, ana-èpu Yakob mai nare dhèu madhe, ka ra mana'u rare mèdha-panyau nèti dhèu ètu d'ara kota. Te rèngu se'e ka dhu pa'èci dènge ari ra bhèni balu ne."
GEN 34:28,"They took their flocks, their herds, their donkeys, that which was in the city, that which was in the field,","Ra parama rèti mèdha-panyau dhèu nèti d'ara èmu ra, dènge eo rèti badha-manu aa'i-aa'i ètu d'ara pad'a.","Nèti èèna ka, rèngu rèti kahib'i-kalèbho, badha keled'ei, dènge kahib'i-kalèbho ra, aa'i-aa'i dhu ètu d'ara kota, aa'i-aa'i dhu ètu d'ara pad'a sod'a."
GEN 34:29,"and all their wealth. They took captive all their little ones and their wives, and took as plunder everything that was in the house.","Rèti aa'i bhèni dènge ana-ana, aa parame rare aa'i mèdha dhu kab'ua nèti kabarai ne.","Nèti èèna ka, ra kèpe aa'i mèdha-panyau rèngu aa'i-aa'i, bhèni-mone, ana iiki-dhèu kapai, aa'i-aa'i ra lasi parame rare aa'i mèdha-panyau ètu d'ara èmu."
GEN 34:30,"Jacob said to Simeon and Levi, You have troubled me, to make me odious to the inhabitants of the land, among the Canaanites and the Perizzites. I am few in number. They will gather themselves together against me and strike me, and I will be destroyed, I and my house.","Ropa Yakob ne'a j'ara dhu j'aj'i èèna, na peka dènge Simeon dènge Lewi, Miu dua mi se, goa ngaa ka ne'e? Miu paj'èra ja'a! Èèna na, dhèu Kana'an dènge dhèu Peris dènge dhèu aa'i-aa'i ra ètu dedha rai ne'e, tèka d'ara dènge èdhi se. Rèngu se, dhèu ae-ae. Te ngaa èdhi se, dhèu ciki di. Ladhe rèngu se mai age èdhi, na, ra palaho aa'i èdhi.","Èle èèna ka, Yakob peka dènge Simeon dènge Lewi, aku nèngu na, A'ari aa'i-aa'i! Miu paj'èra le ja'a. Miu pusi-pahae boe ja'a, lula dhèu Kana'an dènge dhèu Parisi sèra, d'èi boe ja'a. Masi ka dhèu ae boe ètu rai ne'e, te ngaa ja'a ne ciki di. Ladhe ra pakaboko ho neo pamusu dènge ja'a, tatu Ama Lamatua palaho eele ja'a dènge isi èmu ja'a aa'i-aa'i ra."
GEN 34:31,"They said, Should he deal with our sister as with a prostitute?","Te ngaa ana se dhaa dènge lii nasa, peka na, Ama! Ama pangee na hud'i laa ji'i soro tèke si, sèna ka ra tao ana hèni ji'i ne, bhèni kajeo!","Ropa ra tadèngi sèmi èèna, hèia dua ra padhue-padhai, peka na, Ele boe miu pangee, na, nèngu paj'èra a'a ji'i, nuka sèmi dhèu èmu bhèni kajeo?"
GEN 35:1,"God said to Jacob, Arise, go up to Bethel, and live there. Make there an altar to God, who appeared to you when you fled from the face of Esau your brother.","Èle èèna ka, Ama Lamatua padhai lii dènge Yakob, peka na, Ja'a ne, Ama Lamatua dhu pad'elo iisi mi èu, lod'o èu rai nèti madha a'a mu Esau. Kèd'i, lamu dènge ka asa Betel. Ladhe d'ai nèi, mu patitu mei korban hia Ja'a. Aa pea dènge ka ètu èèna.","Èle èèna ka, Ama Lamatua padhai lii dènge Yakob, peka na, Yakob! Kèd'i ho lamu pea ètu rae èci, ngara na Betel. Èu hud'i tao mei sogo-tagu ku ètu èèna, hia mi Ama Lamatua dhu pad'elo iisi mi èu ètu lod'o èu rai nèti ari mu Esau."
GEN 35:2-3,"Then Jacob said to his household, and to all who were with him, Put away the foreign gods that are among you, purify yourselves, and change your garments. Let's arise, and go up to Bethel. I will make there an altar to God, who answered me in the day of my distress, and was with me on the way which I went.","Ka Yakob peka dènge isi èmu na aa'i-aa'i, aku nèngu na, Aa'i-aa'i ti lati dènge ka asa Betel. Uru èèna, lod'o ja'a ètu d'ara j'aj'èra, Ama Lamatua ka dhu ladhe-leru ja'a ètu èèna. Ja'a neo tao mei korban ètu nèi. De mi core eele mèdha sogo-tagu miu. Aa mi pamèu iisi mi, ho mi gati mèdha-papake leo, te èdhi neo pahaha iisi mi Ama Lamatua.","Èle èèna ka, Yakob padhai lii dènge isi èmu na, dènge dhèu aa'i-aa'i ra, aku nèngu na, Lami eele ku mèdha sogo-tagu dhu miu tadhe boe, sèna ka miu bisa mamuri mola-mèci. Pake eele mèdha sogo-tagu sèra aa'i-aa'i nèti talora aae miu. Èle èèna ka, èdhi pakèd'i ho lati asa Betlehem. Pe ja'a tao mei sogo-tagu èci hia Ama Lamatua ètu nèi. Te Nèngu ka dhu bhoke j'ara hia ja'a, lod'o ja'a ètu d'ara j'aj'èra. Aa Nèngu ka dhu bera-bera dènge ja'a ètu d'ara kakako ja'a."
GEN 35:4,"They gave to Jacob all the foreign gods which were in their hands, and the rings which were in their ears, and Jacob hid them under the oak which was by Shechem.","Ka ra oru mèdha sogo-tagu, dènge ate-ate ra aa'i-aa'i ra. Hèia Yakob dhènu mèdha se aa'i-aa'i ra ètu kapua aj'u aae ca kapua dhu padètu dènge rae Sikem.","Èle èèna ka, ra hia mèdha sogo-tagu dhèu leo aa'i-aa'i dhu ra kèpe rare ètu kacui-aai ra, dènge rèu dhilu ra, sèna ka dhèu re'a mèu. Hèia Yakob pahuni eele mèdha se aa'i-aa'i ètu d'ara aj'u aae èci, dhu dètu dènge kota Sikem."
GEN 35:5,"They traveled, and a terror of God was on the cities that were around them, and they didn't pursue the sons of Jacob.","Ropa Yakob dènge dhèu na aa'i-aa'i pakèd'i nèti Sikem, Ama Lamatua hia d'ara madha'u mi dhèu-dhèu dhu pea ètu d'ara rae-rae dhu padètu dènge rae Sikem, ka ra bani boe tao karehe mi Yakob si.","Ropa rèngu d'ai talora j'ara, cag'ag'a laa Ama Lamatua madha'u dènge rae-rae dhu padètu ètu sèra. Nèti èèna ka, dhèu Isra'el ro'o boe madhutu ana-èpu Yakob."
GEN 35:6,"So Jacob came to Luz that is, Bethel, which is in the land of Canaan, he and all the people who were with him.","Ka Yakob si d'ai dènge sod'a ètu Betel dhu uru èèna, ngara na Lus, ètu rai Kana'an.","Èle èèna ka, Yakob dènge ana-èpu na aa'i-aa'i, lasi d'ai rae Luz ètu rai Kana'an. Rae ne, ngara na Bethel."
GEN 35:7,"He built an altar there, and called the place El Beth El, because there God was revealed to him, when he fled from the face of his brother.","Ètu ne'e, Yakob pudhi hadhu, tao mei korban. Ka na pangare era ne, El Betel, sasoa na ‘Betel unu Ama Lamatua', lula uru èèna Ama Lamatua pad'elo iisi mi Yakob ètu era èèna, lod'o nèngu rai nèti madha a'a na.","Ètu era ne'e, Daud tao mei sogo-tagu cue. Ka na pangare era ne, El Bet-el, lula èèna ka dhu uru èèna Ama Lamatua pad'elo dènge ne, lod'o na rai nèti ari na, Esau."
GEN 35:8,"Deborah, Rebekah's nurse, died, and she was buried below Bethel under the oak, and its name was called Allon Bacuth.","Padètu dènge rae Betel, abhu aj'u aae ca kapua, ngara na Alon Bakut. Sasoa na ‘aj'u tangi dhèu madhe'. Pake ngara ne, lod'o Debora, ina dhu lalau-lalo'o Ribka, madhe, ka padhane ètu karasa aj'u èèna.","Èle èèna ka, ana hèni Ribka, ngara na Debora, madhe. Ka ra padhane ne ètu d'ara rai èci, ngara na Alon Bakut. Ra padhane ne ètu d'ara rai èèna, padètu dènge aj'u aae èèna."
GEN 35:9,"God appeared to Jacob again, when he came from Paddan Aram, and blessed him.","Lod'o Yakob lèpa nèti Padan Aram, Ama Lamatua pad'elo hari iisi Na, ka hia na berkat.","Lod'o Yakob lèpa nèti Padan-Aram, Ama Lamatua pad'elo iisi na hari mi nèngu. Ka Na hia mèngi-nale mi nèngu."
GEN 35:10,"God said to him, Your name is Jacob. Your name shall not be Jacob any more, but your name will be Israel. He named him Israel.","Hèia Lamatua peka dènge ne, Nèti deo ne'e ne, èu ngara heka Yakob, te ngaa Isra'el.","Hèia Ama Lamatua peka dènge ne, Ngara èu ne, Yakob. Ja'a paroa heka èu ne, Yakob, te ngaa èu hud'i j'aj'i ku dhèu Isra'el. Ka Lamatua pangare ne, Isra'el."
GEN 35:11,"God said to him, I am God Almighty. Be fruitful and multiply. A nation and a company of nations will be from you, and kings will come out of your body.","Ja'a ne, Ama Lamatua dhu Koasa Risi Eele. De èu matana pa'ae-ae, aa ana-èpu èu sèmi èèna kahèi. Bèli-camèd'a, suku-suku mai nèti ana-èpu èu. Aa nèti ana-èpu èu sèra, cèu dhèu aae-dhèu aae.","Hèia Ama Lamatua peka hari dènge ne, aku Nèngu na, Ja'a ne, Ama Lamatua dhu koasa kapai risi eele. Bèli-camèd'a ana-èpu èu ae-ae, nèti suku aa'i-aa'i ètu rai-haha ne, bèli-camèd'a j'aj'i nèti èu. Aa nèti èu, bèli-camèd'a abhu dhèu aae-dhèu aae."
GEN 35:12,"The land which I gave to Abraham and Isaac, I will give it to you, and to your offspring after you I will give the land.","Rai dhu pangèd'u mi baki mu Abraham, dènge ama mu Isak, Ja'a hia mi èu dènge ana-èpu èu.","Rai èèna, dhu Ja'a hia mi Abraham dènge Isak, pe Ja'a hia mi èu dènge ana-èpu èu aa'i-aa'i dhu bèli-camèd'a j'aj'i ana-èpu èu."
GEN 35:13-14,"God went up from him in the place where he spoke with him. Jacob set up a pillar in the place where he spoke with him, a pillar of stone. He poured out a drink offering on it, and poured oil on it.","Lod'o Ama Lamatua peka nare, Yakob patitu dènge hadhu ètu era èèna, sèna ka j'aj'i mi tadha ho na baku bhèlu eele lii Lamatua. Ka na bhori èi anggor dènge èi mènyi mi dedha hadhu na, hèia na mangaj'i mi Lamatua.","Hèia Ama Lamatua puru nèti èmu manèngi-mangaj'i na, ka la'e asa era dhu Lamatua padhai lii dènge ne. Ètu era ne'e, Yakob tao hadhu padhèdi cue, nuka sèmi hadhu padhèdi cue. Ka na pasuti èi hèu mèngi mi dedha mèdha èèna, aa na pasuti èi hèu mèngi mi dedha mèdha èèna."
GEN 35:15,Jacob called the name of the place where God spoke with him Bethel.,"Era èèna, na pangare ‘Betel'.","Lod'o èèna, Ama Lamatua padhai lii dènge Yakob, hèia Yakob pangare era èèna, Betel'."
GEN 35:16,"They traveled from Bethel. There was still some distance to come to Ephrath, and Rachel travailed. She had hard labor.","Èle èèna ka, Yakob si pakèd'i nèti Betel. Ropa rèngu kaj'èu èèna mèka nèti rae Efrata nuka Betlehem èèna, Rahel dhu d'ai le lod'o nara iisi na. Te ngaa nara iisi carui, hèia na roe titu kèna.","Lod'o ra pakèd'i nèti Betlehem, ra kako taruu asa rae Efrat. Lod'o èèna, Rahel dènge babia kapai."
GEN 35:17,"When she was in hard labor, the midwife said to her, Don't be afraid, for now you will have another son.","Ka ropa na pèngu stenga madhe, dhèu ai tadha peka dènge ne, Pa'èra d'ara èu, te mora iisi hari ana mone ca dhèu! De baku paroe iisi.","Lod'o èèna, ina na kabake pèd'a neo nara iisi ana mone ca dhèu. Te ngaa ina ne lii dènge ne, aku nèngu na, Baku madha'u, te èèna na, èu nara iisi hari ana mone ca dhèu."
GEN 35:18,"As her soul was departing for she died, she named him Benoni, but his father named him Benjamin.","Lod'o Rahel oe ma'ète a'ae, na pangare ana ne, Ben-Oni, dhu sasoa na ‘ana nèti j'aj'èra ja'a'. Ka heka na madhe kèna. Te ngaa Yakob hia ana ne ngara Benyamin, dhu sasoa na ‘ana ai g'ana'.","Ropa Hana ma'ète a'ae nare, hèia na madhe. Ka na pangare ana ne, Benoni'. Te ngaa ama na pangare ne, Benjamin'."
GEN 35:19,"Rachel died, and was buried on the way to Ephrath also called Bethlehem.","Ka ra padhane Rahel ètu sebhe j'ara dhu la'e asa Efrata, dhu limuri ne, ngara na Betlehem.","Hèia Rahel madhe. Ka ra padhane ne ètu talora j'ara, toke d'ai rae Efrat. Ra padhane ne ètu rae èci, ngara na Betlehem."
GEN 35:20,Jacob set up a pillar on her grave. The same is the Pillar of Rachel's grave to this day.,"Hèia Yakob pudhi lutu bhatu ètu ro'a dhèu èmu na èèna. D'ai sange ne'e, ro'a Rahel ne era.","Hèia Yakob tao hadhu padhèdi cue, ho patitu ro'a Rahel ètu èèna. Ro'a ne abhu toke d'ai sange ne'e."
GEN 35:21,"Israel traveled, and spread his tent beyond the tower of Eder.","Èle èèna ka, Yakob pea boe mi ca era sa. Ca tèka, na patitu paleo ètu sebhe manara Eder.","Èle èèna ka, dhèu Isra'el pakèd'i nèti rai kaj'èu, ka ra pahag'a ètu cabèka èmu manèngi-mangaj'i ètu hèb'a-namo Ader."
GEN 35:22,"While Israel lived in that land, Reuben went and lay with Bilhah, his father's concubine, and Israel heard of it. Now the sons of Jacob were twelve.","Lod'o rèngu ètu era èèna, Ruben j'unu dènge Bilha, dhèu èmu piara ama na. Èèna ka, Yakob ne'a j'ara ne'e kahèi. Ana mone Yakob, canguru dua dhèu.","Lod'o èèna, dhèu Isra'el pea ètu rai èèna. Lod'o èèna, ana-èpu Yakob dhèu canguru dua."
GEN 35:23,"The sons of Leah, Reuben Jacob's firstborn, Simeon, Levi, Judah, Issachar, and Zebulun.","Ana-ana nèti Lea, nuka, Ruben ana uuru Yakob, Simeon, Lewi, Yahuda, Isaskar, dènge Sebulon.","Ana-èpu Lea, nuka, Ruben, ana uuru nèti Yakob, Simeon, Lewi, Yahuda, Isaskar dènge Sebulon."
GEN 35:24,"The sons of Rachel, Joseph and Benjamin.","Ana-ana Rahel, nuka, Yusuf dènge Benyamin.","Rahel, ana-èpu na, Yusuf dènge Benyamin."
GEN 35:25,"The sons of Bilhah Rachel's servant, Dan and Naphtali.","Ana-ana nèti Bilha, ènu Rahel, Dan dènge Naftali.","Bilha, ana-èpu nèti Rahel. Dan, dènge Naftali."
GEN 35:26,"The sons of Zilpah Leah's servant, Gad and Asher. These are the sons of Jacob, who were born to him in Paddan Aram.","Aa ana-ana nèti Silpa, ènu Lea, nuka, Gad dènge Aser. Rara iisi ana se ètu Padan Aram.","Zilpa, ana-èpu nèti ènu Lea, ngara na Gad dènge Aser. Se'e se, nuka ana-èpu Yakob dhu na nara iisi ètu rai Padan-Arim."
GEN 35:27,"Jacob came to Isaac his father, to Mamre, to Kiriath Arba which is Hebron, where Abraham and Isaac lived as foreigners.","Èle èèna ka, Yakob la'e ngad'o ama na Isak asa Mamre, dhu dètu dènge Kiryat-Arba dhu limuri ne, ngara na Hebron. Uru èèna, baki na Abraham pea ètu èèna.","Èle èèna ka, Yakob la'e paraga dènge Isak ètu rae Mamre, ètu hèb'a-hèb'a kota Kiryat Arba, ètu hèb'a-hèb'a kota Hebron. Lod'o èèna, Abraham dènge Isak pea nuka sèmi dhèu leo rai kara ètu èèna."
GEN 35:28-29,"The days of Isaac were one hundred eighty years. Isaac gave up the spirit and died, and was gathered to his people, old and full of days. Esau and Jacob, his sons, buried him.","Umur Isak d'ai ca ngasu aru nguru tèu, heka madhe kèna. Ka ana na Esau dènge Yakob padhane ne.","Ka Isak mamuri toke d'ai cangasu aru nguru tèu. Hèia na madhe. Nèbhu boe ka, na madhe. Nèbhu boe ka, heka na madhe kèna. Hèia ana na Esau dènge Yakob lasi padhane ne."
GEN 36:1,"Now this is the history of the generations of Esau that is, Edom.","Ne'e ne, ana-èpu Esau. Ngara Esau dhu leo, Edom.","Ne'e ne, sasuri nèti ana-èpu Esau. Madhutu lii Aram, ngara na Esau, sasoa na, Edom."
GEN 36:2,"Esau took his wives from the daughters of Canaan, Adah the daughter of Elon, the Hittite, and Oholibamah the daughter of Anah, the daughter of Zibeon, the Hivite,","Esau leo dènge ana bhèni Kana'an dhèu dua. Èci dhèu Het, ana bhèni nèti Elon, ngara na Ada. Dhèu èmu na èci hari, dhèu Hewi, ngara na Oholibama. Ama na, ngara na Anah, aa baki na Sibeon.","Hèia Esau leo dènge dhèu èmu na, dua ra j'aj'i dhèu èmu nèti rai Kana'an. Dhèu èmu na, nuka, Ada, ana nèti Elon, ca dhèu nèti suku Hit. Aa Oholibama, ana nèti Ana, ca dhèu nèti suku Sibeon, ca dhèu nèti suku Hewi."
GEN 36:3,"and Basemath, Ishmael's daughter, sister of Nebaioth.","Esau leo kahèi dènge ana Ismael, ngara na Basmat. Ana mone Basmat, ngara na Nebayot.","dènge Basmat, ana nèti Isma'el. Nèngu ne, a'a nèti Nebaiot."
GEN 36:4,Adah bore to Esau Eliphaz. Basemath bore Reuel.,"Ada, dhèu èmu uuru Esau, nara iisi Elifas. Basmat matana Rahuel.","A'ad nara iisi Esau, ngara na Elipas. A'ad nara iisi Esau, ngara na Rehuel."
GEN 36:5,"Oholibamah bore Jeush, Jalam, and Korah. These are the sons of Esau, who were born to him in the land of Canaan.","Aa Oholibama matana Yeus, Yalam dènge Kora. Ana Esau aa'i-aa'i ra sèra rara iisi si ètu rai Kana'an.","Oholibama nara iisi Yeus, Yalam, dènge Kora. Se'e se ka, ana-èpu Esau ètu rai Kana'an."
GEN 36:6,"Esau took his wives, his sons, his daughters, and all the members of his household, with his livestock, all his animals, and all his possessions, which he had gathered in the land of Canaan, and went into a land away from his brother Jacob.","Ca tèka, Esau pidha asa rai leo cue dhu kaj'èu nèti Yakob. La'e nèti aa'i bhèni-ana niki, dhèu-dhèu sab'a, badha-manu, dènge mèdha-panyau na.","Hèia Esau dènge dhèu èmu na, ana niki na, dènge dhèu èmu na aa'i-aa'i, mèdha-panyau na aa'i-aa'i, dhu na abhu ètu rai Kana'an. Nèti èèna ka, lasi asa rai kaj'èu nèti ari na Yakob."
GEN 36:7,"For their substance was too great for them to dwell together, and the land of their travels couldn't bear them because of their livestock.","Esau pacèri dènge Yakob, lula badha-manu ra dènge mèdha-panyau ra ae d'ai seli. Nèti èèna ka, era pea rèngu katata ètu rai èèna.","Rèngu dènge mèdha-panyau ae titu kèna, ka rèngu bisa boe pea ètu èèna. Nèti èèna ka, rèngu abhu mèdha-panyau ae titu kèna, toke rai èta-èsu rèngu bisa boe hia rèngu pea ètu èèna."
GEN 36:8,Esau lived in the hill country of Seir. Esau is Edom.,Hèia Esau nuka Edom la'e pea ètu ledhe ètu Seir.,"Ka Esau pea ètu ledhe-ledhe ètu rai Seir. Esau ne, dhèu Edom kahèi."
GEN 36:9,"This is the history of the generations of Esau the father of the Edomites in the hill country of Seir,","Se'e se, ana-èpu Esau dhu ra peka na ‘dhèu Edom'. Rèngu pea ètu era ledhe Seir.","Ne'e ne, lii lolo nèti ana-èpu Esau. Esau ne, ama nèti dhèu Edom. Nèngu pea ètu ledhe-ledhe ètu rai Seir."
GEN 36:10-13,"these are the names of Esau's sons, Eliphaz, the son of Adah, the wife of Esau, and Reuel, the son of Basemath, the wife of Esau. The sons of Eliphaz were Teman, Omar, Zepho, and Gatam, and Kenaz. Timna was concubine to Eliphaz, Esau's son, and she bore to Eliphaz Amalek. These are the descendants of Adah, Esau's wife. These are the sons of Reuel, Nahath, Zerah, Shammah, and Mizzah. These were the descendants of Basemath, Esau's wife.","Ada, dhèu èmu Esau, nara iisi ana mone ca dhèu, ngara na Elifas. Elifas ne, ana mone na, dhèu lèmi, nuka, Teman, Omar, Sefo, Gatam dènge Kenas. Dhèu èmu piara Elifas, ngara na Timna. Nara iisi ana mone ca dhèu, ngara na Amalek. Dhèu èmu Esau, Basmat, nara iisi ana mone ca dhèu, ngara na Rehuel. Rehuel abhu ana mone dhèu èpa, nuka, Nahat, Sera, Syama, dènge Misa.","Se'e se, nuka sèmi ana-èpu Esau, ngara na Elifaz. Elifaz ne, ama nèti Adi, dhèu èmu Esau. Aa Elifaz, ama na, Rehuel. Rehuel, ama na, Basmat, dhèu èmu Esau. Aa Elifaz, ama na, Teman, Omar, Sof, Gatam, dènge Kenan. Aa Elifaz, ama na, Elifaz, ama na, Esau. Aa Elifaz, ama na, Adi, dhèu èmu Esau. Aa'i-aa'i se, ana-èpu Esau. Se'e se, ana-èpu nèti Rehuel, Nahat, Zera, Sammat, dènge Mesa. Aa'i-aa'i se, ana-èpu Esau."
GEN 36:14,"These were the sons of Oholibamah, the daughter of Anah, the daughter of Zibeon, Esau's wife, she bore to Esau Jeush, Jalam, and Korah.","Dhèu èmu Esau, Oholibama, ana nèti Anah, aa èpu nèti Sibeon, nara iisi ana mone dhèu tèlu, nuka, Yeus, Yalam, dènge Kora.","Se'e se, nuka ana-èpu Esau, a'a na, Oholibama. Aaha, ama na, Ana. Ana na, Ana, ama na, Sibeon. Nèngu ne, dhèu èmu Esau. Uru èèna, ana-èpu Esau, nuka, Yesus, Yalam, dènge Kora."
GEN 36:15-16,"These are the chiefs of the sons of Esau, the sons of Eliphaz the firstborn of Esau, chief Teman, chief Omar, chief Zepho, chief Kenaz, chief Korah, chief Gatam, chief Amalek. These are the chiefs who came of Eliphaz in the land of Edom. These are the sons of Adah.","Ana-èpu Esau se pahag'a lème, ka j'aj'i mi suku ae-ae. Èci-èci ka dènge kapala suku ra. Ana-ana Elifas, dhu ana uuru nèti Esau, j'aj'i kapala suku nèti suku Teman, suku Omar, suku Sefo, suku Kenas, suku Kora, suku Gatam dènge suku Amalek. Rèngu aa'i-aa'i se'e, ana-èpu nèti Esau dènge dhèu èmu na Ada.","Se'e se, j'aj'aj'i nèti ana-èpu Esau. Se'e se, j'aj'aj'aj'i nèti Elipus, ana uuru Esau. Se'e se, j'aj'aj'i nèti Teman, Omar, Sefo, Kenan, Kora, Gatam, dènge Amalek. Se'e se, j'aj'i nèti Elipus ètu rai Edom. Se'e se, ana-èpu nèti Adi."
GEN 36:17,"These are the sons of Reuel, Esau's son, chief Nahath, chief Zerah, chief Shammah, chief Mizzah. These are the chiefs who came of Reuel in the land of Edom. These are the sons of Basemath, Esau's wife.","Ana-ana Rehuel, dhu ana nèti Esau, j'aj'i kapala suku nèti suku Nahat, suku Sera, suku Syama, dènge suku Misa. Aa'i-aa'i se, ana-èpu Esau dènge dhèu èmu na, Basmat.","Se'e se, nuka ana-èpu Rehuel, ana-èpu Esau. Rehuel ne, ama nèti Nahat, ama nèti Sara, ama nèti Samma, ama nèti Misas. Se'e se, ana-èpu nèti Rehuel, ètu rai Edom. Se'e se, nuka ana-èpu nèti Basmat, dhèu èmu Esau."
GEN 36:18,"These are the sons of Oholibamah, Esau's wife, chief Jeush, chief Jalam, chief Korah. These are the chiefs who came of Oholibamah the daughter of Anah, Esau's wife.","Ana-ana nèti Esau dènge dhèu èmu na, Oholibama, j'aj'i kapala suku nèti suku Yeus, suku Yalam, dènge suku Kora.","Se'e se, nuka ana-èpu nèti Oholibama, dhèu èmu Esau. Angalai na, Yeus, Yalam, dènge Kora. Aa'i-aa'i se, ana-èpu nèti Oholibama, ana Ana Ana, dhèu èmu Esau."
GEN 36:19,"These are the sons of Esau that is, Edom, and these are their chiefs.",Suku se'e aa'i-aa'i ra nèti ana-èpu Esau.,"Rèngu se'e ka, ana-èpu Esau. Madhutu lii Aram, ngara na Esau, sasoa na, Edom. Rèngu aa'i-aa'i ra, ana-èpu nèti Esau."
GEN 36:20-21,"These are the sons of Seir the Horite, the inhabitants of the land, Lotan, Shobal, Zibeon, Anah, Dishon, Ezer, and Dishan. These are the chiefs who came of the Horites, the children of Seir in the land of Edom.","Ètu era èèna, abhu dhèu Hori èci, ngara na Seir. Ana-ana na pahag'a palème rai, ka j'aj'i suku ae-ae. Èci-èci ka dènge kapala suku na. Èle èèna ka, ana-ana na se j'aj'i kapala suku nèti suku Lotan, suku Sobal, suku Sibeon, suku Anah, suku Dison, suku Eser, dènge suku Disan.","Seir, ana-èpu nèti suku Hor. Dhèu se'e ka dhu pea ètu rai Kana'an. Rèngu se'e ka, nuka, Lotan, Sobab, Sibeon, Ana, Dishon, Eser, dènge Disan. Seir, ana-èpu nèti Horit, mai nèti suku Seir, ètu rai Edom."
GEN 36:22,The children of Lotan were Hori and Heman. Lotan's sister was Timna.,"Ana Lotan nuka, Hori dènge Heman. Ana hèni Lotan, nuka Timna.","Lotan, ana-èpu na, Hori dènge Heman. Ana hèni Lotan, ngara na Timna."
GEN 36:23,"These are the children of Shobal, Alvan, Manahath, Ebal, Shepho, and Onam.","Ana-ana Sobal, nuka, Alwan, Manahat, Ebal, Sefo, dènge Onam.","Se'e se ka, ana-èpu nèti Sobal, Alvan, Menahat, Ebal, Sefo, dènge Onam."
GEN 36:24,"These are the children of Zibeon, Aiah and Anah. This is Anah who found the hot springs in the wilderness, as he fed the donkeys of Zibeon his father.","Ana-ana nèti Sibeon, nuka, Aya, dènge Anah. Anah ne'e ka dhu rage madha èi pana ètu d'ara mamoo, lod'o na madhenga keled'ei ama na.","Aaia dènge Ana, ana-èpu nèti Sibeon. Aaia dènge Ana, ana-èpu Na, nuka Ana. Nèngu ne'e ka dhu patitu èi madha èi madha ètu d'ara pad'a sod'a, lod'o na ladhe-leru keled'ei ama na, sibeon."
GEN 36:25-26,"These are the children of Anah, Dishon and Oholibamah, the daughter of Anah. These are the children of Dishon, Hemdan, Eshban, Ithran, and Cheran.","Ana bhèni nèti Anah, nuka Oholibama. Aa ana mone na, nuka, Dison. Ana-ana Dison, nuka, Hemdan, Esban, Yitran, dènge Keran.","Se'e se, nuka Ana, ana-èpu Ana. Ana Na, Dishon' dènge Oholibama, ana hèni Ana. ' Se'e se, nuka ana-èpu Na, Dishon, Hemdan, Hesban, Itran dènge Keran."
GEN 36:27,"These are the children of Ezer, Bilhan, Zaavan, and Akan.","Ana-ana Eser, nuka, Bilhan, Saawan, dènge Akan.","Se'e se, nuka Ezer, Bilhan, Savan, dènge Akan."
GEN 36:28,"These are the children of Dishan, Uz and Aran.","Ana-ana Disan, nuka, Us, dènge Aran.","Se'e se ka, ana-èpu nèti Disan, Us, dènge Aran."
GEN 36:29-30,"These are the chiefs who came of the Horites, chief Lotan, chief Shobal, chief Zibeon, chief Anah, chief Dishon, chief Ezer, and chief Dishan. These are the chiefs who came of the Horites, according to their chiefs in the land of Seir.","De kapala-kapala suku nèti dhèu Hori sèra, nuka, Lotan, Sobal, Sibeon, Anah, Dison, Eser, dènge Disan. Rèngu aa'i-aa'i se pea ètu rai Seir.","Se'e se, j'aj'aj'i nèti bèi-baki èdhi, nèti suku Horit, nèti suku Lotan, nèti suku Sobab, nèti suku Sibeon, nèti suku Ana, nèti suku Dishon, nèti suku Eser, dènge nèti suku Disan. Se'e se, j'aj'i nèti suku Horit, madhutu kabarai ra ètu rai Seir."
GEN 36:31,"These are the kings who reigned in the land of Edom, before any king reigned over the children of Israel.","Lod'o dhu kabarai Isra'el dènge mèka dhèu aae, te ngaa ètu rai Edom dènge le dhèu aae. Ngara dhèu aae se, dhutu-dhutu, nuka,","Rèngu se'e ka, dhèu aae Isra'el. Abhu mèka dhèu aae èci sa dhu nèd'u paredha ètu rai Edom."
GEN 36:32,"Bela, the son of Beor, reigned in Edom. The name of his city was Dinhabah.","Ra ded'e Bela, ana nèti Beor, j'aj'i dhèu aae ètu kota Dinhaba.","Ètu rai-haha ne, abhu dhèu aae èci, ngara na Bela. Nèngu ne, ana Bosor. Uru èèna, nèngu nèd'u paredha ètu propensi Edom. Ngara kota na, Denaba."
GEN 36:33,"Bela died, and Jobab, the son of Zerah of Bozrah, reigned in his place.","Ropa Bela madhe, ra ded'e Yobab ho gati ne, j'aj'i dhèu aae. Ama na, ngara na Sera, nèti rae Bosra.","Èle èèna ka, Bela madhe. Ka Yobab ana Serha, dhèu Bosra, j'aj'i dhèu aae."
GEN 36:34,"Jobab died, and Husham of the land of the Temanites reigned in his place.","Ropa Yobab madhe, ra ded'e Husam ho gati na, j'aj'i dhèu aae. Husam ne, nèti rai dhèu Teman.","Èle èèna ka, Yobab madhe. Hèia Husam, nèti rai Teman, j'aj'i dhèu aae kapai."
GEN 36:35,"Husham died, and Hadad, the son of Bedad, who struck Midian in the field of Moab, reigned in his place. The name of his city was Avith.","Ropa Husam madhe, ra ded'e Hadad ho gati na, j'aj'i dhèu aae. Ama na, ngara na Bedad, nèti rae Awit. Nèngu ka dhu segi dhèu Midian, lod'o ra pamusu ètu Moab.","Nèbhu boe ka Husam madhe. Hèia Hadad, ana nèti Bedad, j'aj'i dhèu aae kapai. Hadad ne'e ka dhu j'aj'i dhèu aae hiu ètu rai Moab. Lod'o Husam madhe, heka Hadad nèd'u paredha ètu era nèi. Kota na, Avit."
GEN 36:36,"Hadad died, and Samlah of Masrekah reigned in his place.","Ropa Hadad madhe, ra ded'e Samla ho gati na, j'aj'i dhèu aae. Nèngu ne, nèti rae Masreka.","Èle èèna ka, Hadad madhe. Ka Samla, dhèu Maserek, nèd'u paredha ètu era nèngu."
GEN 36:37,"Samlah died, and Shaul of Rehoboth by the river, reigned in his place.","Ropa Samla madhe, ra ded'e Saul ho gati na, j'aj'i dhèu aae. Saul èèna, nèti rae Rehobot, dhu ètu sebhe loko.","Èle èèna ka, Samla madhe. Ka Saul, dhèu nèti kota Rehobot, ètu sebhe loko Ne'e, j'aj'i dhèu aae kapai."
GEN 36:38,"Shaul died, and Baal Hanan the son of Achbor reigned in his place.","Ropa Saul madhe, ra ded'e Baal-Hanan ho gati na, j'aj'i dhèu aae. Ama na, ngara na Akbor.","Èle èèna ka, Saul madhe. Hèia Ba'al-Hanan, ana Akbor, j'aj'i dhèu aae."
GEN 36:39,"Baal Hanan the son of Achbor died, and Hadar reigned in his place. The name of his city was Pau. His wife's name was Mehetabel, the daughter of Matred, the daughter of Mezahab.","Ropa Baal-Hanan madhe, ra ded'e Hadar ho gati na, j'aj'i dhèu aae. Hadar ne, nèti rae Pau. Aa dhèu èmu na, ngara Mehetabel. Ama Mehetabel, ngara na Matret. Aa baki na, Mesahab.","Èle èèna ka, Ba'al-Hanan, ana Akbor, madhe. Ka ètu era nèi, abhu dhèu aae èci, ngara na Hadar. Ngara kota na, Pahu. Aa dhèu èmu na, ngara na Mehetabel. Nèngu ne, ana hèni nèti Matred, ana hèni nèti Mesaab."
GEN 36:40-43,"These are the names of the chiefs who came from Esau, according to their families, after their places, and by their names, chief Timna, chief Alvah, chief Jetheth, chief Oholibamah, chief Elah, chief Pinon, chief Kenaz, chief Teman, chief Mibzar, chief Magdiel, and chief Iram. These are the chiefs of Edom, according to their habitations in the land of their possession. This is Esau, the father of the Edomites.","De kapala-kapala suku dhu j'aj'i nèti ana-èpu Esau, nuka, Timna, Alwa, Yetet, Oholibama, Ela, Pinon, Kenas, Teman, Mibsar, Magdiel, dènge Iram. Rèngu se èci-èci pangare rai ra madhutu ngara rèngu unu ra. De aa'i-aa'i se'e, lii lolo nèti ana-èpu Esau, dhèu Edom èèna.","Se'e se aa'i-aa'i ra, mai nèti Esau. Rèngu se, mai nèti suku aa'i-aa'i ra, madhutu kabarai ra. Ngara-ngara rèngu sèra, mai nèti suku aa'i-aa'i ra. Rèngu se, nuka, Timna, Alva, Yet, Oholibama, Ela, Pinon, Kenan, Teman, Mibsar, Magdiel, dènge Iram. Aa'i-aa'i se, mai nèti suku aa'i-aa'i ra ètu rai pusaka rèngu. Se'e se aa'i-aa'i ra, mai nèti Esau, ama nèti dhèu Edom."
GEN 37:1,"Jacob lived in the land of his father's travels, in the land of Canaan.","Ne'e ne, lii lole nèti Yakob si. Ca tèka ka, Yakob la'e pea hari asa rai Kana'an. Èèna, era pea ama na Isak nèti uru ka.","Èle èèna ka, Yakob pea taruu dènge ama na ètu rai Kana'an."
GEN 37:2,"This is the history of the generations of Jacob. Joseph, being seventeen years old, was feeding the flock with his brothers. He was a boy with the sons of Bilhah and Zilpah, his father's wives. Joseph brought an evil report of them to their father.","Tèu èèna, ana Yakob èci, nèti dhèu èmu na Rahel, ngara na Yusuf. Yusuf ne'e, ropa umur na d'ai canguru pidhu tèu, nèngu dènge a'a na si, tema le j'aga kahib'i-kalèbho rèngu. A'a na sèra, ana nèti ina leo hari, ngara na Bilha dènge Silpa. Te ngaa Yusuf ne'e tuka tenge lii mi dedha a'a na si, ho la'e pana'e ama na.","Lii maho'o nèti baki Yakob ne, sèmi ne'e ka, Yusuf. umur na canguru èpa tèu. Nèngu dènge a'ari na ladhe-leru kahib'i-kalèbho. Rèngu dua ra dhèu èmu ama na, nuka Bilha dènge Zilpa. Ropa d'ai lod'o èèna, Yusuf lolo dènge ama na, tatao rèngu dhu bhelu-katub'a."
GEN 37:3,"Now Israel loved Joseph more than all his children, because he was the son of his old age, and he made him a tunic of many colors.","Lod'o dhu rara iisi Yusuf na, ama na dhu heka le. Nèti èèna ka, na sue Yusuf ne risi eele nèti ana-ana na leo sèra. Ca lod'o ka, Yakob j'au kodho madhera èci dhu saraga bia hia Yusuf.","Lod'o èèna, dhèu Isra'el sue Yusuf risi nèti aa'i-aa'i ra, lula nèngu ne ana d'èlu na, lula nèngu dhu heka le. Ka ra tao kodho madhera rupa-rupa hia ne."
GEN 37:4,"His brothers saw that their father loved him more than all his brothers, and they hated him, and couldn't speak peaceably to him.","Ropa a'a na si ladhe-ladhe la'a na ama na sue risi Yusuf, hèia ra mulai tèka d'ara dènge ne, ro'o boe padhai lii dènge ne.","Ropa ari Na sèra re'a, na, ama ra sue Ne risi nèti ari Na aa'i-aa'i, hèia ra tèka d'ara dènge Ne. Nèti èèna ka, rèngu bisa heka padhai lii dènge Ne dènge d'ara karej'e."
GEN 37:5-7,"Joseph dreamed a dream, and he told it to his brothers, and they hated him all the more. He said to them, Please hear this dream which I have dreamed, for behold, we were binding sheaves in the field, and behold, my sheaf arose and also stood upright, and behold, your sheaves came around, and bowed down to my sheaf.","Mèda ca lod'o ka Yusuf nii. Kèd'i nèti bhèj'i ka, na lolo dènge a'a na si lii nii deo na, aku nèngu na, We! Mi nanene ku la! Ja'a nii, na èdhi aa'i-aa'i ti, èki are ètu d'ara oka. Kabèdhi laa, are dhu ja'a èki titu dhoo-dhoo. Te ngaa are miu, oke mere are ja'a deo na, ka pacud'u mi unu ja'a. Ra nanene rare sèmi èèna, hèia a'a na se'e tabha nasa hari dènge ne.","Èle èèna ka, Yusuf nii nii. Na lolo lii nii èèna mi a'ari na. Te ngaa ra nasa titu kèna dènge ne. Ka na padhai lii, aku nèngu na, Nanene ku lii nii ja'a ne. Ja'a ètu d'ara pad'a sod'a. Lod'o èèna, ja'a èki kètu aj'u padhudhu ètu d'ara pad'a sod'a. Hèia aj'u padhudhu ja'a kèd'i titu dènge ka. Hèia aj'u padhudhu miu mai, hèia ra patitu kètu urutuu ètu aj'u padhudhu ja'a."
GEN 37:8,"His brothers asked him, Will you indeed reign over us? Will you indeed have dominion over us? They hated him all the more for his dreams and for his words.","Hèia ra jèke ne, aku rèngu na, We! Èu ngee na, èu neo j'aj'i dhèu kapai kèna, ho neo paredha ji'i, do? Taga na lolo lii nii ne'e, hèia asa ra nasa dènge ne.","Hèia ari na sèra karèi ne, aku rèngu na, Èu ne, tare'a-re'a dhèu aae ji'i, do? Èu ne tare'a-re'a dhèu aae ji'i, do? Ka ra tèka d'ara dènge ne, lula na peka-padhai lii holo-nori dènge lii nii."
GEN 37:9,"He dreamed yet another dream, and told it to his brothers, and said, Behold, I have dreamed yet another dream, and behold, the sun and the moon and eleven stars bowed down to me.","Nèbhu boe, Yusuf nii hari ca tèka. Na lolo hari dènge a'a na si, aku nèngu na, We! Ja'a nii hari, sèmi ne'e ka. Ja'a kèdhi madha lod'o, hèru, dènge hua-hètu canguru èci. Aa'i-aa'i sèra, pahaha iisi mi ja'a.","Èle èèna ka, na nii hari nii. Na peka dènge a'ari na, Nanene paie-iie! Ja'a nii hari nii ne. Ja'a ladhe kèdhi madha lod'o, hèru dènge hua-hètu canguru èci pahaha iisi mi ja'a."
GEN 37:10,"He told it to his father and to his brothers. His father rebuked him, and said to him, What is this dream that you have dreamed? Will I and your mother and your brothers indeed come to bow ourselves down to the earth before you?","Hèia Yusuf lolo hari lii nii deo na dènge ama na, aa dènge a'a na sèra. Ka ama na jèke ne, aku nèngu na, Lii nii ngaa, kèna! Èu ngee na, ja'a dènge ina mu, dènge a'ari èu sèra, mai uu kabaj'èla èu, do? Èu nia ae le èèna, nga!","Ka na lolo dènge ama na dènge ari na sèra. Hèia ama na jèke ne, aku nèngu na, Mone èu ne, tasamia? Tasamia ka nii èu ne? Tasamia ka ja'a, ina mu, dènge ari mu mai pahaha iisi mi èu, do?"
GEN 37:11,"His brothers envied him, but his father kept this saying in mind.","Nèti èèna ka, a'a na sèra tèka d'ara bia dènge ne. Te ngaa ama na pangee taruu lii nii èèna ètu d'ara na.","Te ngaa ari Na sèra tèka d'ara dènge ne, aa ra tèka d'ara dènge ne."
GEN 37:12,His brothers went to feed their father's flock in Shechem.,"Ca tèka ka, a'a Yusuf sèra rèti kahib'i-kalèbho ama na, asa era j'u'u dètu dènge rae Sikem.","Èle èèna ka, ari Yakob si lasi kahib'i-kalèbho kahib'i-kalèbho ra ètu rae Sikem."
GEN 37:13,"Israel said to Joseph, Aren't your brothers feeding the flock in Shechem? Come, and I will send you to them. He said to him, Here I am.","Nèbhu boe ka, ama na peka dènge Yusuf, aku nèngu na, A'a mu si j'aga kahib'i-kalèbho dètu dènge Sikem. De èu pa'èra, ho lamu ladhe ku si la. Ka Yusuf dhaa, aku nèngu na, Ja'a laku, ama.","Èle èèna ka, dhèu Isra'el peka dènge Yusuf, aku rèngu na, Sèmi ne'e! A'ari èu ladhe-leru kahib'i-kalèbho ètu rae Sikem ne, si? Mai ho ja'a pua èu paraga dènge rèngu. Hèia Yusuf dhaa, aku nèngu na, Tare'a! Ja'a ètu ne'e."
GEN 37:14,"He said to him, Go now, see whether it is well with your brothers, and well with the flock, and bring me word again. So he sent him out of the valley of Hebron, and he came to Shechem.","Hèia ama na peka hari, aku nèngu na, Èu lamu ladhe a'a mu si, dènge kahib'i-kalèbho èdhi. Ladhe ra samia na, mai peka dènge ja'a. Ka Yusuf pakèd'i ka nèti d'ara pad'a Hebron, la'e taruu d'ai Sikem.","Hèia Esau dhaa, peka na, Be'a risi èu lamu tenge ku a'ari èu dènge kahib'i-kalèbho sèra. Ladhe kahib'i-kalèbho ra mamuri dènge mera-milu, na, èu lèpa hari mai, sèna ka peka hari dènge Ja'a. Hèia Esau pua ne lèpa nèti d'ara loko èci, ka la'e taruu asa Sikem."
GEN 37:15,"A certain man found him, and behold, he was wandering in the field. The man asked him, What are you looking for?","D'ai nèi, na tenge a'a na si, palème d'ara pad'a èèna. Na paraga dènge dhèu mone èci, ka dhèu èèna karèi ne, aku nèngu na, Èu tenge ngaa?","Ètu d'ara pad'a sod'a, dhèu èci paraga dènge Yesus. Ka na kako kaj'èu. Hèia dhèu ne karèi Ne, aku nèngu na, Èu parluu ngaa?"
GEN 37:16,"He said, I am looking for my brothers. Tell me, please, where they are feeding the flock.","Yusuf dhaa, aku nèngu na, Ja'a tenge a'a ja'a. Rèngu eo kahib'i-kalèbho dètu ètu era ne'e. De ama, èu paraga dènge si, do aad'o?","Ka Yohanis b'ala, aku nèngu na, Ja'a neo paraga dènge a'ari ja'a. Peka ku dènge ja'a, ladhe rèngu ladhe-leru kahib'i-kalèbho ètu mia."
GEN 37:17,"The man said, They have left here, for I heard them say, ‘Let's go to Dothan. ' Joseph went after his brothers, and found them in Dothan.","Hèia, dhèu deo na peka, aku nèngu na, Ra aad'o heka ètu ne'e. Te ja'a tadèngi, ra peka na lasi padètu dènge rae Dotan. Hèia Yusuf la'e taruu, ka paraga dènge si ètu rae Dotan.","Hèia dhèu èèna dhaa, aku nèngu na, Ama si, rai eele le nèi! Ja'a tadèngi lii rèngu, peka na, Mai lati ka asa kota Dotan! ' Ka Yusuf la'e tenge ari na, hèia la'e paraga dènge si ètu d'ara kota èèna."
GEN 37:18,"They saw him afar off, and before he came near to them, they conspired against him to kill him.","Ropa ladhe rèdhi Yusuf nèti kaj'èu, ra padhue rare lii èci neo pamadhe ne.","Te ngaa dhèu sèra ladhe rèdhi Ne nèti kaj'èu. Nèti èèna ka, rèngu dhae padètu mèka dènge rèngu, te ngaa ra rare lii èci ho neo pamadhe Ne."
GEN 37:19,"They said to one another, Behold, this dreamer comes.","Èci peka dènge èci, aku rèngu na, Miu ladhe ku la! Mone eele tuka nii na, nuka mai nèi!","Hèia ra papeka èci dènge èci, aku rèngu na, Miu ladhe ku laa! Dhèu dhu nii ne, mai le!"
GEN 37:20,"Come now therefore, and let's kill him, and cast him into one of the pits, and we will say, ‘An evil animal has devoured him. ' We will see what will become of his dreams.","De mai ho ti pamadhe ne. Ho èèna na, ti core eele ne asa d'ara madha èi madhe èèna. Ladhe d'ai èmu na, ti peka dènge ama peka na, badha hui ra'e ne. Ho èèna na, ti ladhe sèku, lii nii na sèra sa mia!","De mai ho èdhi pamadhe ne, aa pèci eele ne asa d'ara ro'a èèna. Ladhe èdhi tao sèmi èèna, èdhi peka na, Be'a kahèi, badha bhelu dhu bhelu-katub'a ka dhu na'e ne. ' Èèna na èdhi te'a, cee ka dhu j'aj'i dènge nèngu ètu d'ara nii ne."
GEN 37:21,"Reuben heard it, and delivered him out of their hand, and said, Let's not take his life.","Ropa nanene èèna, hèia a'a na Ruben tenge j'ara ho patabuli eele Yusuf. Hèia na kai ari na si, aku nèngu na, We! Èdhi baku pamadhe ne!","Ropa Ruben tadèngi nare lii èèna, hèia na pakaj'èu ne nèti kacui-aai rèngu. Te ngaa na peka, Èdhi baku pamadhe ne!"
GEN 37:22,"Reuben said to them, Shed no blood. Throw him into this pit that is in the wilderness, but lay no hand on him-that he might deliver him out of their hand, to restore him to his father.","Be'a risi èdhi kèpe ne, ti tao asa d'ara madha èi madhe nèi. Ètu èèna, era dhu dhèu aad'o, de èci sa rèdhi boe ne. Sad'i baku pasuti raa na. Na peka sèmi èèna, lula na tenge j'ara ho patalale Yusuf, ho hia na lèpa hari èmu.","Te ngaa Ruben b'ala si, aku nèngu na, Baku pamadhe ne! Mèti ku ana ne asa d'ara ro'a èèna, ètu d'ara pad'a sod'a. Te ngaa baku g'ag'e ne! Hud'i laa ama na patabuli eele ana ne nèti d'ara kacui-aai rèngu, sèna ka na lèpa hari asa ama na."
GEN 37:23,"When Joseph came to his brothers, they stripped Joseph of his tunic, the tunic of many colors that was on him,","Ropa Yusuf d'ai madha a'a na si, ra kèpe ne, ka ra rèbhi eele kodho dhu saraga aae ètu ua na.","Ropa Yusuf la'e paraga dènge ari na, hèia ra bhoke eele kodho madhera na dhu karara aae èèna."
GEN 37:24,"and they took him, and threw him into the pit. The pit was empty. There was no water in it.","Ka ra nuni pa'oro ne, hèia ra tule ne asa d'ara madha èi madhe èèna.","Hèia sordad'u se kèpe rare ana ne, ka ra core ne asa d'ara ro'a èèna. Ro'a èèna pènu dènge boe èi ciki sa."
GEN 37:25,"They sat down to eat bread, and they lifted up their eyes and looked, and saw a caravan of Ishmaelites coming from Gilead, with their camels bearing spices and balm and myrrh, going to carry it down to Egypt.","Èle èèna ka, ra lèpa, lasi ra'a-rinu. Ètu talora ra'a-rinu, kabèdhi la ra ladhe rèdhi dhèu canau mai re èèna. Dhèu sèra kako rèti dènge badha onta ra, hue dènge mèdha d'aga, sèmi raa aj'u hèu mèngi, bubhu-bubhu dènge èi na'i rupa-rupa. Dhèu sèra sa, dhèu Ismael, dhu mai nèti rae Gilead neo lasi kaj'èu d'ai Masir.","Èle èèna ka, ra madhèdi ra'a-rinu. Hèia ra boti kètu, ka ladhe asa rai Masir. Ropa ladhe rèdhi sèmi èèna, rèngu rèdhi ana dhèu Isra'el pèri-pèri dhu mai nèti propensi Gilead. Rèngu rèti dènge badha onta ra dhu rèti raa aj'u hèu mèngi, dènge raa aj'u hèu mèngi. Rèngu rèti dènge raa aj'u hèu mèngi, ho neo ra'a-rinu ètu rai Masir."
GEN 37:26,"Judah said to his brothers, What profit is it if we kill our brother and conceal his blood?","Èle èèna hèia, Yahuda peka dènge a'ari na sèra, aku nèngu na, Ee! Be'a risi sèmi ne'e. Èdhi baku pamadhe ne. A'oto na ngaa? Tasa mera mia èèna ka, èdhi bisa boe pahuni raa na.","Hèia Yahuda padhai lii dènge a'ari na, aku nèngu na, Ladhe èdhi pamadhe a'ari èdhi, sèna ka pahuni mamadhe na, èdhi abhu oto ngaa?"
GEN 37:27,"Come, and let's sell him to the Ishmaelites, and not let our hand be on him, for he is our brother, our flesh. His brothers listened to him.","Be'a risi èdhi pahie ne dènge dhèu Ismael sèi. Èdhi tao ne samia èèna ka oo, nèngu ne'e ari d'èlu èdhi. Nèti èèna ka, baku èdhi pamadhe ne! Aa'i-aa'i ra d'èi kahèi dènge lii Yahuda èèna.","Mai lati ho èdhi pahie ne mi dhèu Isra'el sèra. Be'a boe ladhe èdhi patao-palaha ne! Te nèngu ne, a'ari èdhi. A'ari na sèra nanene lii padhai na."
GEN 37:28,"Midianites who were merchants passed by, and they drew and lifted up Joseph out of the pit, and sold Joseph to the Ishmaelites for twenty pieces of silver. The merchants brought Joseph into Egypt.","Ropa dhèu d'aga sèra d'ai era èèna, hèia a'a Yusuf sèra lasi ère rare ne, nèti d'ara madha èi madhe deo na. Ka ra pahie ne mi dhèu Ismael sèra dènge kab'ua dua nguru bua doi pudhi. Ka dhèu Ismael sèra rèti Yusuf asa rai Masir.","Lod'o èèna, abhu dhèu d'aga pèri-pèri nèti suku Median dhu kako re èèna. Rèngu ère rèti Yusuf nèti d'ara ro'a èèna. Ka ra pahia ne mi dhèu Isra'el, pake doi iia dua nguru bua. Èle èèna ka, dhèu se rèti ne asa Masir."
GEN 37:29,"Reuben returned to the pit, and saw that Joseph wasn't in the pit, and he tore his clothes.","Lod'o ra pahie Yusuf ne, Ruben ne'a boe. Ropa na la'e patigi sa d'ara madha èi madhe na, capa na kabèdhi, ladhe la'a na Yusuf aad'o heka ètu d'ara. Nèti èèna ka, na ciu pamae kodho ètu ngi'u na, lula d'ara na pèd'a ae titu kèna.","Hèia Ruben lèpa hari asa d'ara ro'a èèna. Ropa nèdhi, na, Yusuf aad'o heka ètu d'ara ro'a èèna. Ka na ciu pamae kodho na, hèia na ciu pamae eele."
GEN 37:30,"He returned to his brothers, and said, The child is no more, and I, where will I go?","Hèia na la'e sa ari na si, ka na peka, aku nèngu na, Ira ii! Ari èdhi aad'o heka ètu era èèna! Ja'a tao samia hari?","Hèia na lèpa hari la'e paraga dènge a'ari na. Ka na peka, aku nèngu na, Ana ne aad'o heka. Te ngaa ja'a neo lamu mia hari?"
GEN 37:31,"They took Joseph's tunic, and killed a male goat, and dipped the tunic in the blood.","Hèia ra roro kahib'i ci'u, ka rare kodho Yusuf dhu saraga aae èèna, cèb'u sa d'ara raa kahib'i deo na.","Èle èèna ka, ra rare kodho èci nèti Yusuf. Ka ra pare kahib'i ci'u, hèia ra cèb'u kodho èèna asa d'ara raa."
GEN 37:32,"They took the tunic of many colors, and they brought it to their father, and said, We have found this. Examine it, now, and see if it is your son's tunic or not.","Hèia ra lèpa ka rèti dènge kodho deo na, pad'elo dènge ama na, ka ra peka, aku rèngu na, Ama! Ji'i pili ngare kodho ne'e. Ama ku ladhe sèku la. Tao-tao ne'e kodho ari ji'i Yusuf.","Hèia rare kodho madhera èèna, lasi peka dènge ama ra, aku rèngu na, Ama! Ji'i paraga le kodho madhera ne. Ne'e dhoka kodho ana ama di, do aad'o?"
GEN 37:33,"He recognized it, and said, It is my son's tunic. An evil animal has devoured him. Joseph is without doubt torn in pieces.","Ropa nèdhi kodho deo na, Yakob tadhe dènge. Hèia na peka, aku nèngu na, Ira ii! Ne'e kodho ana ja'a. Èle boe badha hui ra'e ana ja'a. Ira iiii! Ana ja'a madhe le!","Ropa na ladhe nèdhi kodho èèna, ka na pangee, aku nèngu na, Èèna dhoka kodho ana ja'a di! Te badha bhelu dhu bhelu-katub'a ka dhu na'a aa'i le! Bèli-camèd'a dhèu ciu pamae nare ne."
GEN 37:34,"Jacob tore his clothes, and put sackcloth on his waist, and mourned for his son many days.","Nèti èèna ka, Yakob ciu pamae kodho ètu ngi'u na, ka na pake karo, taga nèti d'ara na susa titu kèna. Na tangi lii ooi-ooi sène nare lod'o nèbhu aae.","Hèia Yakob ciu eele mèdha-papake na, aa pake mèdha sasusa ètu ua na. Ka na manyasa, toke d'ai pèri-pèri lod'o."
GEN 37:35,"All his sons and all his daughters rose up to comfort him, but he refused to be comforted. He said, For I will go down to Sheol to my son, mourning. His father wept for him.","Ana na, ana mone dènge ana bhèni sèra aa'i-aa'i ra, mai padhai lii pakarej'e d'ara ama ra, te ngaa tao rare boe ne. Aku nèngu na, Aad'o! Sasusa ja'a ne bisa d'ai madhe kèti. Te ja'a bisa boe bhèlu ana èci ne'e. Mema d'ara Yakob j'èra taruu, lula na ngee nèdhi ana na Yusuf dhu madhe èèna.","Ana mone dènge ana bhèni na, mai ho pa'èra d'ara na. Te ngaa na d'èi boe abhu ca dhèu sa dhu la'e pa'èra d'ara na. Na pangee, aku nèngu na, Èèna na, ja'a neo ca'e asa era dhèu madhe, nuka era dhèu madhe sèra. Pe ja'a la'e asa era dhèu madhe sèra. Ama na tangi ne, lula d'ara ja'a pèd'a titu kèna."
GEN 37:36,"The Midianites sold him into Egypt to Potiphar, an officer of Pharaoh's, the captain of the guard.","Lod'o-lod'o dhu Yakob ètu d'ara susa era, dhèu d'aga sèra d'ai le Masir. D'ai nèi, ka lasi pahie eele Yusuf dènge dhèu kapai èci ètu nèi, ngara na Potifar. Dhèu ne'e komedhaa j'aga nèti dhèu aae Masir.","Èle èèna ka, dhèu Midian pahie Yusuf j'aj'i ènu ètu rai Masir. Ra hia ne asa pegawi èci, ngara na Potifar. Nèngu ne, kapala nèti dhèu j'aga ètu d'ara èmu dhèu aae Masir."
GEN 38:1,"At that time, Judah went down from his brothers, and visited a certain Adullamite, whose name was Hirah.","Èle èèna ka, Yahuda tèke eele a'ari na, ka la'e pea dènge angalai na èci, ngara na Hira, ètu rae Adulam.","Lod'o èèna, Yahuda tèke eele a'ari na, ho la'e tenge dhèu èci nèti suku Adullam, ngara na Hira."
GEN 38:2,"There, Judah saw the daughter of a certain Canaanite man named Shua. He took her, and went in to her.","Ètu èèna, dhèu mone èci, dhèu Kana'an, ngara na Sua. Yahuda d'èi ana bhèni na èci, ka nare j'aj'i dhèu èmu na. Dhèu èmu Yahuda ne'e nara iisi ana mone pagod'o-pagod'o dhèu pèri-pèri.","Ètu era ne'e, abhu dhèu èci, ngara na Shua. Dhèu èèna, dhèu Kana'an. Ropa Yahuda ladhe nèdhi ana bhèni na, hèia la'e pa'èci dènge bhèni ne."
GEN 38:3,"She conceived, and bore a son, and he named him Er.","Ana uuru èèna, ngara na Er.","Hèia Hana dènge babia nara iisi ana mone ca dhèu, ngara na Er."
GEN 38:4,"She conceived again, and bore a son, and she named him Onan.","Ana ka dua, ngara na Onan.","Hèia Hana dènge babia hari, ka nara iisi ana mone ca dhèu. Ka na pangare ana ne, Onan."
GEN 38:5,"She yet again bore a son, and named him Shelah. He was at Chezib when she bore him.","Aa ana ka tèlu, ngara na Sela. Lod'o ina na nara iisi Sela na, Yahuda si pidha le asa rae Kesib.","Èle èèna ka, Hana nara iisi hari ana mone ca dhèu, ka na pangare ne, Sela. Lod'o na nara iisi ne, na pea ètu kota Kisb."
GEN 38:6,"Judah took a wife for Er, his firstborn, and her name was Tamar.","Ropa ana mone uuru, dhu ngara na Er èèna kapai, ka ama na la'e tenge dhèu hia ne. Ngara ana bhèni na Tamar. Ka dua ra j'aj'i paleo èmu.","Èle èèna ka, Yahuda leo nare dhèu bhèni èci, ngara na Er, ana uuru nèngu. Ngara bhèni ne, Tamar."
GEN 38:7,"Er, Judah's firstborn, was wicked in the LORD's sight. So the LORD killed him.","Lula Er ne, bhelu-katub'a, ka Ama Lamatua huku pamadhe ne. Nèti èèna ka, nèngu dènge boe kolo.","Lod'o èèna, ana uuru Yahuda, ngara na Er, tao j'ara dhu karehe ètu madha Ama Lamatua. Nèti èèna ka, Lamatua pamadhe ne."
GEN 38:8,"Judah said to Onan, Go in to your brother's wife, and perform the duty of a husband's brother to her, and raise up offspring for your brother.","Hèia Yahuda paroe nare ana mone ka dua na, ka na peka, aku nèngu na, Onan! A'a mu Er madhe, dènge boe ana. Madhutu ad'a èdhi na, èu hud'i leo hari ku dènge dhèu èmu a'a mu ne. Sèna ka èu bisa hia kolo hia a'a mu.","Èle èèna ka, Yahuda peka dènge Onan, aku nèngu na, Lamu pa'èci dènge dhèu èmu ari èu, sèna ka èu ladhe-leru ne, nuka sèmi ari dhèu èmu èu. Dènge j'ara ne'e, èu bisa uri ana-èpu hia a'ari èu."
GEN 38:9,"Onan knew that the offspring wouldn't be his, and when he went in to his brother's wife, he spilled his semen on the ground, lest he should give offspring to his brother.","Mema Onan ne'a le ad'a sèmi ne'e. Te ngaa na no'o boe hia kolo mi a'a na Er. Nèti èèna ka, ladhe rèngu j'unu pa'èci, na pasuti eele hua hini nèngu asa li'u, sèna ka Tamar baku dènge babia.","Nèti èèna ka, Onan ne'a, na, bèli-camèd'a ana-èpu na j'aj'i boe mi ana d'èlu na. Nèti èèna ka, na la'e paraga dènge dhèu èmu ari na, heka na hia ana d'èlu na ètu rai."
GEN 38:10,"The thing which he did was evil in the LORD's sight, and he killed him also.","Taga tatao Onan sèmi ne'e ka, Lamatua nasa bia dènge ne. Nèti èèna ka, Lamatua huku pamadhe ne kahèi.","Bhèni ne tao bhelu-katub'a ètu madha Lamatua. Nèti èèna ka, Lamatua pamadhe ne."
GEN 38:11,"Then Judah said to Tamar, his daughter-in-law, Remain a widow in your father's house, until Shelah, my son, is grown up, for he said, Lest he also die, like his brothers. Tamar went and lived in her father's house.","Ropa Yahuda nèdhi ana mone na dua sèra dhu leo dènge Tamar madhe sèmi èèna, hèia Yahuda madha'u. Ka na pangee mage dhoka ana mone ka tèlu èèna, leo hari dènge Tamar na madhe kahèi. Nèti èèna ka, la'e peka dènge Tamar, aku nèngu na, Be'a risi èu lèpa hari asa d'ara adhe-aai ina dènge ama mu. Ladhe ana ja'a Sela kapai, na èu lèpa hari mai ho leo dènge ne. Hèia Tamar lèpa dènge ka.","Èle èèna ka, Yahuda peka dènge Tamar, ana d'èlu na, aku nèngu na, Be'a risi èu pea ku ètu èmu ama mu, nuka sèmi bhèni balu, toke ana ja'a Sela kapai aa'i. Te ngaa na pangee, na, Ladhe aad'o, na, nèngu bisa madhe sama sèmi ari na sèra. Hèia Tamar la'e pea ètu èmu ama na."
GEN 38:12,"After many days, Shua's daughter, the wife of Judah, died. Judah was comforted, and went up to his sheep shearers to Timnah, he and his friend Hirah, the Adullamite.","Nèbhu-nèbhu hèia, dhèu èmu Yahuda madhe. Na j'èra toke d'ai pa'èle lod'o sasusa na. Ka na la'e gale nare angalai na Hira, ka lasi asa rae Timna. Ètu èèna, dhèu rame-rame g'ute rèu kahib'i-kalèbho ho pahia.","Èle pèri-pèri lod'o, hèia dhèu èmu Yahuda, ngara na Shua, madhe. Ka ra pa'èra d'ara Yahuda. Hèia Yahuda dènge angalai na, Hira, dhèu Adullam, lasi g'ute kahib'i-kalèbho ra ètu kota Timna."
GEN 38:13,"Tamar was told, Behold, your father-in-law is going up to Timnah to shear his sheep.","Dhèu lolo dènge Tamar, peka na, To'o mu la'e leru dhèu g'ute rèu kahib'i-kalèbho ètu rae Timna.","Ka dhèu peka dènge Tamar, aku rèngu na, Sèmi ne'e. Ama dhèu èmu mu neo la'e g'ute kahib'i-kalèbho na ètu kota Timna."
GEN 38:14,"She took off the garments of her widowhood, and covered herself with her veil, and wrapped herself, and sat in the gate of Enaim, which is on the way to Timnah, for she saw that Shelah was grown up, and she wasn't given to him as a wife.","Lod'o èèna, ana limuri Yahuda, ngara na Sela, kapai le. Te ngaa Tamar ne'a le, na, to'o na no'o boe paleo Sela dènge ne. Nèti èèna ka, Tamar tenge j'ara neo katèju hak nèngu. Na bhoke eele mèdha-papake bhèni balu ètu ngi'u na, ka na silu mèdha-papake dhu be'a. Na pake salalu pahutu kètu dènge rèhu na. Ka la'e madhèdi ètu hèb'a tedhe sebhe j'ara rae Enaim, dhu biasa dhèu kako re èèna lasi rae Timna.","Ropa na d'ai kota Timna, ka na bhoke eele mèdha-papake na, ho la'e madhèdi pahutu dènge bèla. Hèia na pahutu ngi'u na dènge bèla. Ka na madhèdi ètu hèb'a-hèb'a hèb'a-namo Sara, ètu hèb'a-namo Enaim. Ropa na ladhe nèdhi, na, Sela kapai le. Te ngaa dhèu èmu ne hia boe ne j'aj'i dhèu èmu."
GEN 38:15,"When Judah saw her, he thought that she was a prostitute, for she had covered her face.","Ropa Yahuda kako re èèna, na ladhe nèdhi dhèu bhèni èci madhèdi ètu èèna. Na neo laa na dhèu bhèni kajeo, te Tamar dhu lalau iisi dènge mèdha-papake saraga, aa pahutu rèhu na kahèi.","Ropa Yudas ladhe nèdhi bhèni ne, ka na pangee, na, Nèngu ne bhèni kajeo! Te nèngu pahutu le rèhu na."
GEN 38:16,"He turned to her by the way, and said, Please come, let me come in to you, for he didn't know that she was his daughter-in-law. She said, What will you give me, that you may come in to me?","Yahuda ne'a nare boe na dhèu bhèni na, dhèu èmu ana na dhu madhe sèra. Hèia na kako la'e padètu dènge bhèni deo na ka, na peka dènge ne, aku nèngu na, Ee! Sèmi ja'a dènge èu na, èu manèngi ca ngaa? Hèia Tamar dhaa, aku nèngu na, Èèna nèti d'ara d'èi ama.","Te ngaa Petrus ne'a boe, na, nèngu ne, mone dhèu èmu na. Hèia Yusuf ladhe asa bhèni balu ne, ka na karèi, aku nèngu na, Ama! Ja'a manèngi sèna ka ama mai pa'asu-pareo dènge ja'a. Te ngaa ja'a ke'a boe, na, nèngu ne, mone dhèu èmu ama. Ka bhèni balu ne karèi, aku nèngu na, Ama! Ja'a manèngi sèna ka ama hia ja'a ngaa?"
GEN 38:17,"He said, I will send you a young goat from the flock. She said, Will you give me a pledge, until you send it?","Aku Yahuda na, Sa mia! Sèmi ja'a hia èu kahib'i ci'u? Hèia Tamar dhaa hari, aku nèngu na, Bisa ama. Sad'i ama hia ku ja'a mèdha èci ho ja'a kèd'u. Pe pèri lod'o ho ama pa'adhu kahib'i èèna mai oo, ngaa-ngaa tao boe.","Hèia Yesus dhaa, aku Nèngu na, Be'a risi ja'a pua ana kahib'i ci'u hia èu. Ka ana bhèni ne dhaa, aku nèngu na, Ladhe èu hia ku ja'a tebho, na, èu b'ae taruu, do?"
GEN 38:18-19,"He said, What pledge will I give you? She said, Your signet and your cord, and your staff that is in your hand. He gave them to her, and came in to her, and she conceived by him. She arose, and went away, and put off her veil from her, and put on the garments of her widowhood.","Hèia Yahuda karèi hari, aku nèngu na, De ja'a tèka mèdha ngaa mi èu? Tamar dhaa, aku nèngu na, Ama tèke eele cap, dènge dhari dhu ama inu, dènge tatea dhu ama kèpe èèna hèi. Nanene nare ka, Yahuda hia mèdha sèra la'e. Hèia dua ra lasi bhèj'i ka. Èle èèna ka, Tamar lèpa la'e èmu. D'ai èmu ka, na bhoke mèdha-papake saraga dènge salalu, ka gati dènge mèdha-papake bhèni balu. Nèti èèna ka, Tamar dènge babia.","Hèia Yusuf karèi, aku nèngu na, Ja'a neo hia èu doi padhadha ngaa? Ka bhèni ne dhaa, aku nèngu na, Sèmi ne'e. Ja'a kèti cap èu, dènge dhara hake èu, dènge tatea èu ètu kacui-aai èu. Ka Lamatua j'ole asa bhèni ne. Ropa na maso asa d'ara èmu, hèia bhèni ne dènge babia. Ropa na tadèngi nare, hèia bhèni ne kèd'i dènge ka, la'e bhoke eele bèla na, ho papake hari mèdha-papake na, nuka sèmi bhèni balu ne."
GEN 38:20,"Judah sent the young goat by the hand of his friend, the Adullamite, to receive the pledge from the woman's hand, but he didn't find her.","Nèbhu boe hèia, Yahuda manèngi tolong angalai na Hira, aku nèngu na, Èu mèti kahib'i ne'e hia dhèu bhèni kajeo dhu ètu Enaim èèna, ho mèti hari mèdha ja'a dhu ètu nèngu sèra. Lod'o Hira la'e d'ai nèi, na karèi palème, te ngaa paraga boe dènge bhèni èèna.","Èle èèna ka, Yahuda pua angalai na ca dhèu, dhèu Adullam, la'e rare kahib'i badha ne nèti kacui-aai bhèni ne, sèna ka hia ne doi dhu na padhèdi ètu d'ara kacui-aai na. Te ngaa lod'o dhu na paraga dènge bhèni ne, abhu boe doi dhu na padhèdi ètu kacui-aai na."
GEN 38:21,"Then he asked the men of her place, saying, Where is the prostitute, that was at Enaim by the road? They said, There has been no prostitute here.","Ka na karèi dhèu-dhèu ètu sèra, aku nèngu na, Eee! Miu mèdhi dhèu bhèni kajeo dhu biasa madhèdi ètu hèb'a tedhe èèna, do? Na ètu mia, ee? Dhèu sèra dhaa, aku rèngu na, Ama, ètu ne'e bhèni kajeo aad'o!","Hèia Herodes karèi dhèu ètu sèra, aku nèngu na, Ama! Uru èèna, èdhi biasa tenge dhèu bhèni kajeo ètu sebhe j'ara, ètu rae Enaim. Te ngaa ra ètu mia? Ka dhèu se dhaa, aku rèngu na, Ira ii! Ètu ne'e, abhu mèka bhèni kajeo!"
GEN 38:22,"He returned to Judah, and said, I haven't found her, and also the men of the place said, ‘There has been no prostitute here. '","Hèia Hira lèpa hari peka dènge Yahuda, aku nèngu na, Ja'a paraga boe dènge bhèni èèna. Ja'a tenge palème, te ngaa dhèu ètu sèra peka aku rèngu na, ètu rae èèna bhèni kajeo aad'o.","Hèia komedhaa ne lèpa hari la'e peka dènge Yudas, aku nèngu na, Aad'o! Te ngaa ja'a abhu boe ne. Ka dhèu ètu èèna peka, na, Ira ii, abhu boe bhèni kajeo ètu ne'e! '"
GEN 38:23,"Judah said, Let her keep it, lest we be shamed. Behold, I sent this young goat, and you haven't found her.","Yahuda dhaa, aku nèngu na, Hud'i ka la, nèngu abhu mèdha sèra! Sad'i dhèu baku pamakae èdhi! Ja'a neo b'ae, te ngaa èdhi paraga boe dènge bhèni èèna na.","Te ngaa Yudas dhaa, aku nèngu na, Hud'i laa bhèni ne tèke eele kahib'i-kalèbho èèna, sèna ka èdhi baku makae. Ja'a hia le kahib'i èci, te ngaa èu paraga mèka dènge ne."
GEN 38:24,"About three months later, Judah was told, Tamar, your daughter-in-law, has played the prostitute. Moreover, behold, she is with child by prostitution. Judah said, Bring her out, and let her be burned.","Ropa d'ai tèlu hèru hèia, dhèu lasi lolo dènge Yahuda, peka na, Dhèu èmu ana èu na tao ngi'u na sèmi dhèu bhèni kajeo. Ka na dènge babia le. Nanene nare èèna hèia, Yahuda nasa bia. Hèia na pua dhèu, aku nèngu na, Lami nuni pa'oro ne mai, ho labhu asa d'ara ai la'e!","Èle tèlu hèru, hèia dhèu mai peka dènge Yahuda, aku rèngu na, Tamar, dhèu èmu èu. Nèngu tao le j'ara makae dènge dhèu dhu j'aj'i boe dhèu èmu-kamali na. Aa ladhe ku laa! Nèngu dènge le babia, ka na j'aj'i bhèni kajeo. Hèia Yahuda pua dhèu èmu na, aku nèngu na, Mèti ka bhèni ne asa li'u! Hud'i laa na tunu eele ne!"
GEN 38:25,"When she was brought out, she sent to her father-in-law, saying, I am with child by the man who owns these. She also said, Please discern whose these are-the signet, and the cords, and the staff.","Ka dhèu lasi ka nuni rèti Tamar mai. Te ngaa na pad'elo cap dènge tatea èèna. Ka na pua dhèu lasi peka dènge to'o na, aku nèngu na, Parisa ku mèdha se'e. Dhèu dhu unu cap dènge tatea ne'e ka dhu ad'u-ue tatao ne'e, ka ja'a dènge babia ne.","Ropa ra nuni rèti ne asa li'u, ka na pua dhèu lasi peka dènge ama dhèu èmu na, aku nèngu na, Ama, ee! Ja'a dènge babia. Ja'a manèngi kahèi, sèna ka ama d'èlu ja'a, peka na, Ja'a heka heka heka lèpa kèna. Ja'a heka heka lèpa kèna, te ngaa ama d'èlu ja'a dènge tatea sèra. De ama d'èlu ja'a sèmi ne'e, sina ma?"
GEN 38:26,"Judah acknowledged them, and said, She is more righteous than I, because I didn't give her to Shelah, my son. He knew her again no more.","Ropa nèdhi mèdha se'e, Yahuda tadhe dènge, na mèdha sèra unu nèngu. Hèia na padhai lii dènge ka, aku nèngu na, Mema dhèu bhèni ne'e sala boe. Ja'a ka dhu sala. Madhutu iia na, ja'a ka dhu paleo bhèni ne'e dènge ana ja'a Sela. Te ngaa ja'a ka ko'o boe. Karèi nèti èèna ka, Yahuda pa'èci heka dènge Tamar.","Ropa Yudas tadèngi rèngu dua ra, hèia na peka, aku nèngu na, Ira ii! Nèngu ne dhèu dhu d'ara mola risi nèti ja'a. Te ja'a dhu pa'èki boe ne dènge ana ja'a, Sela. Ka Yudas tadhe heka ne."
GEN 38:27,"In the time of her travail, behold, twins were in her womb.",D'ai hèru ka Tamar nara iisi ana dhèu dua.,"Ropa Elisabet dènge babia, rèngu nara iisi ana kembar."
GEN 38:28,"When she travailed, one put out a hand, and the midwife took and tied a scarlet thread on his hand, saying, This came out first.","Lod'o Tamar nara iisi na, kabèdhi laa ana èci pacèu uuru kacui-aai èci sa li'u mai. Ka dhèu ai tadha dhu panara iisi na nare loa hèngu mea, ka èki mi kanau riti na. Bhèni na peka, aku nèngu na, Ana uuru ka ne'e.","Ropa na dènge babia, ka dhèu èci j'ole kacui-aai na. Hèia ina ne èki kacui-aai Petrus dènge rèu dhari mea ci'u, ka na peka, Dhèu ne'e ne dhu kalua uuru nèti kacui-aai èu."
GEN 38:29,"As he drew back his hand, behold, his brother came out, and she said, Why have you made a breach for yourself? Therefore his name was called Perez.","Te ngaa ana èèna ère hari kacui-aai na sa d'ara. Hèia, ana èci na kalua uuru hari. Nèdhi sèmi èèna hèia, bhèni ai tadha èèna peka, aku nèngu na, Waa! Èu èra titu kèna! Nèti èèna ka, èu paseti ho kalua uuru sa li'u. Bhèni na pangare ne, Peres, dhu sasoa na, ‘paseti sa li'u'.","Ropa Yusuf ère nare kacui-aai na, hèia ari na kalua mai. Ka Maria karèi ne, aku nèngu na, Nga tao ka èu tao bhelu sèmi ne'e ne? Nèti èèna ka, ra pangare ne, Peres."
GEN 38:30,"Afterward his brother came out, who had the scarlet thread on his hand, and his name was called Zerah.","Èle èèna ka, dhu èki dènge loa hèngu mea deo na kalua. Ra pangare ne Sera sasoa na ‘mea gèu-gèu'.","Hèia ari na Sara kalua nèti d'ara bèdho. Nèngu dhu nèd'u dhara mea mea mea ci'u ètu kacui-aai na. Ngara na, Sara."
GEN 39:1-2,"Joseph was brought down to Egypt. Potiphar, an officer of Pharaoh's, the captain of the guard, an Egyptian, bought him from the hand of the Ishmaelites that had brought him down there. The LORD was with Joseph, and he was a prosperous man. He was in the house of his master the Egyptian.","Dhèu Ismael sèra rèti Yusuf d'ai Masir, hèia ra pahie eele ne dènge dhèu kapai èci ètu nèi, ngara na Potifar. Dhèu ne'e komedhaa sordad'u dhu j'aga ètu dhèu aae Masir. Yusuf j'aj'i ènu ètu èmu Potifar. Ètu èèna, LAMATUA dènge Yusuf, ka sasab'a ngaa dhu na tao, nèti babe'a hua-hua.","Lod'o èèna, ra lere nèti Yusuf asa Masir. Ètu èèna, abhu dhèu èci, ngara na Potifar. Nèngu èèna, kapala j'aga nèti dhèu aae Masir. Nèngu j'aga ne nèti dhèu Isra'el dhu lere nèti ne asa Masir. Ka Lamatua soru-bara ne. Nèti èèna ka, Yusuf j'aj'i dhèu kaja-su'i, ka na pea ètu d'ara èmu lamatua na, dhèu Masir èèna."
GEN 39:3,"His master saw that the LORD was with him, and that the LORD made all that he did prosper in his hand.","Dhèu kapai ne'e ladhe-ladhe na, sasab'a Yusuf nèti babe'a hua, ka na ngee ètu d'ara na, LAMATUA tare'a-re'a dènge Yusuf.","Ropa lamatua na ladhe nèdhi sèmi èèna, hèia na ladhe nèdhi, na, Lamatua bera-bera dènge ne. Aa Lamatua pa'èra aa'i mèu-mèu sasab'a-la'a na, dènge koasa nèti Lamatua."
GEN 39:4,"Joseph found favor in his sight. He ministered to him, and Potiphar made him overseer over his house, and all that he had he put into his hand.","Nèti èèna ka, komedhaa ne'e d'èi Yusuf, ka na lèka ne. Hèia na ded'e ne j'aj'i madho ètu èmu na. Aa, na hia ne paredha d'ara èmu nèngu, sèmi èèna kahèi, mèdha-panyau na aa'i-aa'i.","Ropa tadèngi nare sèmi èèna, hèia dhèu aae ne d'èi titu kèna Yusuf. Ka na lalau-lalo'o ne. Nèti èèna ka, na ded'e ne j'aj'i kapala j'aga èmu na. Aa na pangèd'u aa'i mèdha-panyau na mi Yusuf."
GEN 39:5,"From the time that he made him overseer in his house, and over all that he had, the LORD blessed the Egyptian's house for Joseph's sake. The LORD's blessing was on all that he had, in the house and in the field.","Lula Yusuf pea ètu èèna, ka Lamatua hia mamuri hua iia mi lamatua èmu, dhèu Masir èèna. Isi èmu na, mèdha-panyau na, oka-tedhe na, aa sasab'a-la'a na, j'aj'i dènge be'a.","Nèti lod'o èèna ka, Lamatua ded'e ne j'aj'i kapala urusan èmu manèngi-mangaj'i dènge mèdha-panyau na aa'i-aa'i. Nèti èèna ka, Lamatua hia mèngi-nale mi Yusuf ètu rai Masir. Lamatua hia mèngi-nale mi mèdha-panyau na aa'i-aa'i ètu d'ara èmu, dènge ètu d'ara oka-tedhe."
GEN 39:6,"He left all that he had in Joseph's hand. He didn't concern himself with anything, except for the food which he ate. Joseph was well-built and handsome.","Lula Potifar ladhe-ladhe la'a na Yusuf sab'a dènge be'a, ka na pangee heka ngaa-ngaa, dhoka na'a-ninu di. Yusuf ne, mone iia.","Hèia na tèke eele aa'i mèdha-panyau na aa'i-aa'i ètu d'ara kacui-aai Yusuf. Na pangee dhoka nganga'a-nganginu di. Nèti èèna ka, nèngu ne'a boe ngaa-ngaa, te ne'a dhoka nganga'a-nganginu di. Nèti èèna ka, Yusuf ne, dhèu mone dhu kab'ua aae."
GEN 39:7,"After these things, his master's wife set her eyes on Joseph, and she said, Lie with me.","Na pea ètu èèna nèbhu mèka. Te ngaa dhèu èmu Potifar na, d'èi Yusuf. Ka na mai pamako ne ho dua ra j'unu pa'èci.","Nèbhu boe ka, dhèu èmu lamatua na ladhe nèdhi ne. Hèia na lii, aku nèngu na, Yusuf! J'unu ku dènge ja'a laa!"
GEN 39:8,"But he refused, and said to his master's wife, Behold, my master doesn't know what is with me in the house, and he has put all that he has into my hand.","Te ngaa Yusuf no'o boe. Ka na peka sèmi ne'e ka, Baku ina ee! Ja'a ne, ènu Potifar, dhu na pangèd'u le koasa ho ja'a tao ai-hèb'a mi sasab'a nèngu aa'i-aa'i.","Te ngaa pegawi ne no'o boe. Ka na peka dènge dhèu èmu lamatua na, Sèmi ne'e! Lamatua ja'a hia aa'i mèdha-panyau na aa'i-aa'i asa d'ara adhe-aai ja'a, te ngaa ja'a ke'a boe ngaa dhu ja'a abhu ètu d'ara èmu ne."
GEN 39:9,"No one is greater in this house than I am, and he has not kept back anything from me but you, because you are his wife. How then can I do this great wickedness, and sin against God?","Ètu d'ara èmu ne'e, abhu boe dhèu èci sa dhu koasa risi nèti ja'a. Aa'i-aa'i dhu ètu d'ara èmu ne'e, na saraka mi kacui-aai ja'a. Dhodhoka ina ku di, aad'o. Tasamia ka, ja'a bisa tao j'ara karehe ne'e. Èèna lèke boe dènge dad'èi Ama Lamatua!","Èu ne, dhèu èmu nèngu. Lula èu ne, dhèu èmu nèngu, nèti èèna ka Lamatua hag'e nare boe ja'a. Ja'a ne dhèu èmu nèngu. De ja'a bisa boe tao j'ara bhelu-katub'a sèmi ne'e, ho kèpe pa'ele iie kolongara Lamatua."
GEN 39:10,"As she spoke to Joseph day by day, he didn't listen to her, to lie by her, or to be with her.","Masi ka sèmi èèna, dhèu èmu Potifar ne pakaseti taruu bèli-bèli. Te ngaa Yusuf ne tao boe madha-dhilu dènge ne.","Bèli-bèli èèna, Elisabet loe boe padhai lii dènge Yusuf. Te ngaa Yusuf d'èi boe nanene ne, aa d'èi boe pa'èci dènge ne kahèi."
GEN 39:11,"About this time, he went into the house to do his work, and there were none of the men of the house inside.","Ca tèka, Yusuf kako la'e asa d'ara èmu, ho sab'a sasab'a nèngu. Lod'o èèna, dhèu leo aad'o èci sa ètu èmu.","Lod'o èèna kahèi, la'e asa d'ara èmu ho sab'a sasab'a-la'a na. Te ngaa ètu d'ara èmu ne, dhèu sab'a aad'o heka."
GEN 39:12,"She caught him by his garment, saying, Lie with me! He left his garment in her hand, and ran outside.","Ka dhèu èmu Potifar na raga mai ka, na kèpe kodho Yusuf, ka na ère ne, hèia na peka, aku nèngu na, Mai! Ata dhodhoka èdhi dua ti. De mai ho ti j'unu. Te ngaa Yusuf d'èi boe. Ka na parui, hèia kodho na bhoke eele nèti ua na, ka na rai asa li'u. Aa kodho deo na ètu kacui-aai bhèni èèna era.","Ropa tadèngi nare, hèia bhèni ne kèpe nare kodho Yesus, ka na lii, aku nèngu na, Pasa dhilu ku laa! Hèia Yesus rai tèke eele kodho Na ètu era èèna, la'e dènge ka asa li'u."
GEN 39:13,"When she saw that he had left his garment in her hand, and had run outside,","Ropa dhèu èmu Potifar ladhe laa, na, Yusuf rai li'u le la'e, aa kodho na tèke eele,","Ropa Marta ne'a, na, Yesus tèke eele le kodho madhera ètu d'ara kacui-aai na, hèia la'e dènge ka asa li'u."
GEN 39:14-15,"she called to the men of her house, and spoke to them, saying, Behold, he has brought a Hebrew in to us to mock us. He came in to me to lie with me, and I cried with a loud voice. When he heard that I lifted up my voice and cried, he left his garment by me, and ran outside.","hèia na paroa dhèu sab'a sèra, ka na peka, aku nèngu na, We! Miu mai ladhe ku laa! Deo na, ana mone dhèu Ibrani na, maso sa d'ara kama ja'a. Na neo pamakae ja'a. Malo ka ja'a pa'oo, ka na rai, tèke eele kodho na ètu ja'a ne. Dhèu èmu ja'a ne, nèti dhèu bhelu asa d'ara èmu, ho hia èdhi ta'e makae!","Ropa na tadèngi sèmi èèna, hèia na paroa dhèu èmu na, ka na peka, aku nèngu na, Miu nanene ku laa! Dhèu ne nèti dhèu Ibrani èci mai pamakae ji'i. Nèngu mai j'unu dènge ja'a, ka ja'a pa'oo-parodha. Ropa na tadèngi ja'a pa'oo-parodha sèmi èèna, hèia na rai tèke eele mèdha-papake na ètu karasa ja'a, ka la'e asa li'u."
GEN 39:16,"She laid up his garment by her, until his master came home.","Bhèni na kèpe pa'ère kodho èèna, toke d'ai dhèu èmu na lèpa.","Ka ana bhèni ne tèke eele sig'i-kalolo na ètu era èèna, toke lamatua na lèpa."
GEN 39:17,"She spoke to him according to these words, saying, The Hebrew servant, whom you have brought to us, came in to me to mock me,","Ropa dhèu èmu na nare d'ara èmu, na lolo peka na, A'a! Dhèu Ibrani dhu mèti mai sa èmu ne'e, deo na maso asa d'ara kama ja'a, neo pakarehe ja'a!","Ka bhèni ne b'ala, aku nèngu na, Sèmi ne'e. Èu mèti dhèu Ibrani dhu sab'a hia ji'i. Nèngu mai pahahe ja'a."
GEN 39:18,"and as I lifted up my voice and cried, he left his garment by me, and ran outside.","Malo ka ja'a pa'oo, paroa ana sab'a se'e. Hèia na rai tèke eele kodho na, ka ne'e.","Ropa ja'a pa'oo-parodha sèmi èèna, ka na rai la'e asa li'u, tèke eele sig'i-kalolo na ètu karasa ja'a."
GEN 39:19,"When his master heard the words of his wife, which she spoke to him, saying, This is what your servant did to me, his wrath was kindled.","Tadèngi nare lii lolo dhèu èmu na, Potifar nasa bia.","Ropa lamatua ne tadèngi lii padhai bhèni ne, hèia na nasa titu kèna."
GEN 39:20,"Joseph's master took him, and put him into the prison, the place where the king's prisoners were bound, and he was there in custody.",Hèia na paredha ka dhèu lasi kèpe Yusuf. Ka ra pamaso asa d'ara bèdho dhèu aae.,"Hèia lamatua Yusuf kèpe nare ne, ka pamaso ne asa d'ara bèdho. Dhèu bèdho se èki ne ètu era bèdho aae èèna. Ka ra pamaso ne asa d'ara bèdho."
GEN 39:21,"But the LORD was with Joseph, and showed kindness to him, and gave him favor in the sight of the keeper of the prison.","Te ngaa LAMATUA bhèlu boe Yusuf. Nèti èèna ka, LAMATUA ladhe-leru ne taruu, ka kapala ètu d'ara bèdho èèna, sue Yusuf ae titu kèna.","Masi ka sèmi èèna, te ngaa Ama Lamatua bera-bera dènge Yusuf. Na pad'elo d'ara hua iia Na mi nèngu, ka kapala j'aga èmu bèdho ne karej'e dènge ne."
GEN 39:22,"The keeper of the prison committed to Joseph's hand all the prisoners who were in the prison. Whatever they did there, he was responsible for it.","Na lèka Yusuf, ka hia ne j'aj'i madho ho laladhe ana bèdho sèra aa'i-aa'i ra. Aa, hia na lalau sasab'a ètu èèna kahèi.","Èle èèna ka, komedhaa j'aga ne paredha ana bèdho aa'i-aa'i dhu ètu d'ara bèdho ne, sèna ka Yusuf ladhe-leru si. Nèti èèna ka, Yusuf ka dhu ladhe-leru si."
GEN 39:23,"The keeper of the prison didn't look after anything that was under his hand, because the LORD was with him, and that which he did, the LORD made it prosper.","Lula lèka ne, ka kapala èmu bèdho na, tao heka ai-hèb'a mi ngaa-ngaa ètu d'ara bèdho èèna. LAMATUA ladhe-leru taruu Yusuf, nèti èèna ka, sasab'a ngaa ètu d'ara bèdho na kako dènge be'a.","Te ngaa kapala bèdho ne la'e boe patangi-tenge ngaa-ngaa dhu na abhu ètu d'ara bèdho ne, lula Lamatua bera-bera dènge ne. Lamatua hia ne mèngi-nale aa'i-aa'i dhu na tao, aa Lamatua hia ne mèngi-nale aa'i-aa'i."
GEN 40:1-3,"After these things, the butler of the king of Egypt and his baker offended their lord, the king of Egypt. Pharaoh was angry with his two officers, the chief cup bearer and the chief baker. He put them in custody in the house of the captain of the guard, into the prison, the place where Joseph was bound.","Ètu d'ara bèdho èèna, abhu kahèi dhèu dua, dhu uru na j'aj'i kapala urusan ètu d'ara èmu dhèu aae Masir. Èci lalau dhua èi dhèu aae. Aa èci hari lalau roti dhèu aae. Dua ra tao pasala dhèu aae. Nèti èèna ka, dhèu aae nasa, ka na pamaso si asa d'ara bèdho. Dua ra pea ètu era èci dènge Yusuf.","Lod'o èèna, dhèu j'aga Èmu Kapua Manèngi-Mangaj'i, dènge pegawi na, nasa titu kèna. Nèti èèna ka, dhèu aae Masir nasa titu kèna dènge dhèu dua dhu j'aga rèngu, nuka kapala j'aga èi anggor dènge kapala j'aga. Ka na pamaso dua ra asa d'ara bèdho ètu èmu kapala j'aga Èmu Kapua Manèngi-Mangaj'i, ètu era dhu ana bèdho Yusuf ètu èèna."
GEN 40:4,"The captain of the guard assigned them to Joseph, and he took care of them. They stayed in prison many days.","Kapala èmu bèdho na, paredha Yusuf lalau dhèu dua se'e. Ra ètu d'ara bèdho na, ele boe ca tèu do dua tèu le.","Èle èèna ka, kapala j'aga Èmu Kapua Manèngi-Mangaj'i paredha Yusuf ho ladhe-leru rèngu dua ra. Ka dua ra pea pèri-pèri lod'o ètu d'ara bèdho."
GEN 40:5,"They both dreamed a dream, each man his dream, in one night, each man according to the interpretation of his dream, the cup bearer and the baker of the king of Egypt, who were bound in the prison.","Mèda ca lod'o ka, dua ra nii. Ca dhèu ka dènge nii na. Aa, lii nii dua sèra, èci-èci ka dènge sasoa na.","Ètu d'ara ca mèda, dua ra abhu nii. Nèbhu boe ka, dhèu aae Masir èki si ètu d'ara bèdho. Rèngu dua ra abhu nii kahèi, madhutu sasoa nèti nii èèna."
GEN 40:6,"Joseph came in to them in the morning, and saw them, and saw that they were sad.","Bèli mad'ae èèna, Yusuf ladhe na dua ra rèhu susa.","Asa bèli mad'ae èèna, Yusuf la'e asa d'ara èmu angalai na, ka nèdhi si. Na ne'a, na, rèngu aa'i-aa'i ra dhu susa titu kèna."
GEN 40:7,"He asked Pharaoh's officers who were with him in custody in his master's house, saying, Why do you look so sad today?","Ka na karèi si, aku nèngu na, Nga tao ka mad'ae ne'e, miu dua mi roe-roe?","Ka na karèi dhèu j'aga nèti dhèu aae Masir, dhu ra taha ne ètu d'ara èmu bèdho, aku nèngu na, Nga tao ka d'ara miu susa sèmi ne'e?"
GEN 40:8,"They said to him, We have dreamed a dream, and there is no one who can interpret it. Joseph said to them, Don't interpretations belong to God? Please tell it to me.","Hèia ra dhaa, peka na, Mèda deo na, ji'i nii. Te ngaa ji'i nge'a boe sasoa na samia! Hèia Yusuf peka dènge dua ra, aku nèngu na, Dhèu aa'i-aa'i ètu rai-haha ne'e, èci sa re'a boe sasoa nii, dhodhoka Ama Lamatua di. De miu lolo ku laa. Pe èèna ho ja'a karèi sasoa nèti Lamatua.","Ka ra dhaa, aku rèngu na, A'ari aa'i-aa'i ti! Ja'a nii nii le, te ngaa abhu boe ca dhèu sa dhu bisa peka sasoa na. Hèia Yusuf dhaa, aku nèngu na, Ama Lamatua ka dhu bisa peka sasoa nèti nii èèna, si?"
GEN 40:9,"The chief cup bearer told his dream to Joseph, and said to him, In my dream, behold, a vine was in front of me,","Hèia dhèu dhu lalau dhua èi hia dhèu aae èèna, lolo uuru peka na, Ètu d'ara nii, ja'a ladhe kèdhi aj'u anggor ca kapua.","Èle èèna ka, kapala j'aga ètu d'ara Èmu Kapua Manèngi-Mangaj'i, peka dènge Yusuf nii na. Na peka, aku nèngu na, Ètu d'ara nii ja'a, ja'a ladhe kèdhi aj'u anggor ca kapua ètu madha ja'a."
GEN 40:10,"and in the vine were three branches. It was as though it budded, it blossomed, and its clusters produced ripe grapes.","Aj'u anggor ne dadana nèngu tèlu di. Aj'u na muri mai ka dènge rèu, hela, dènge hua giru-gari dhu madhasa.","Aa abhu kahèi aj'u tèlu dadana ètu d'ara aj'u anggor. Ca dadana d'ai hua anggor ca kasib'i. Ca dadana d'ai hua anggor ca kasib'i. Ladhe d'ai hèb'a anggor ca kasib'i, na d'ai hèb'a anggor ca kasib'i."
GEN 40:11,"Pharaoh's cup was in my hand, and I took the grapes, and pressed them into Pharaoh's cup, and I gave the cup into Pharaoh's hand.","Aa ja'a kèd'u galaa dhu dhèu aae biasa pake ninu. Ja'a puu hua anggor, ka pacèli èi sa d'ara galaa deo na. Hèia kèti asa dhèu aae, hia na ninu.","Ètu d'ara kacui-aai ja'a, abhu galaa nèti dhèu aae Masir. Nèti èèna ka, ja'a nare èi anggor, hèia ja'a cèb'u toke j'aj'i galaa nèti dhèu aae Masir. Hèia ja'a hia galaa ne asa dhèu aae Masir."
GEN 40:12,"Joseph said to him, This is its interpretation, the three branches are three days.","Tadèngi nare hèia, Yusuf peka dènge ne sèmi ne'e ka, Ama, ee. Sasoa nii na sèmi ne'e ka, dadana tèlu, sasoa na di tèlu lod'o ka.","Ka Yusuf b'ala, peka na, Sasoa na sèmi ne'e ka, Lamatua pake rèu aae cue, sèna ka tao tadha dhu peka na, Tèlu dadana se, nuka tèlu lod'o."
GEN 40:13,"Within three more days, Pharaoh will lift up your head, and restore you to your office. You will give Pharaoh's cup into his hand, the way you did when you were his cup bearer.","Ètu d'ara tèlu lod'o ne, dhèu aae kalua eele ama nèti d'ara bèdho ne'e. Ho na hia hari, ama lalau dhua èi hia dhèu aae sèmi uru na.","Èle tèlu lod'o ku, heka dhèu aae Masir ded'e hari èu. Èèna na nèngu ded'e hari èu, sèna ka èu j'aj'i kètu nèti dhèu aae Masir. Èèna na, èu hia ne galaa na èci èèna ka dènge dhu èu tao uru èèna, lod'o èu j'aj'i pegawi galaa na."
GEN 40:14,"But remember me when it is well with you. Please show kindness to me, and make mention of me to Pharaoh, and bring me out of this house.","Ladhe ama abhu babe'a sèmi èèna, baku bhèlu ja'a, ee? Ladhe ama sue ja'a, peka dènge dhèu aae kalua eele ja'a nèti era ne'e.","De be'a risi miu sanèd'e ku ja'a, lod'o miu mamuri karej'e dènge Ama Lamatua. Ladhe sèmi èèna, na, miu hud'i pad'elo ku d'ara hua iia miu mi ja'a. Peka ku dènge dhèu aae Masir, sèna ka na patabuli eele ja'a nèti d'ara èmu ne."
GEN 40:15,"For indeed, I was stolen away out of the land of the Hebrews, and here also I have done nothing that they should put me into the dungeon.","Te ja'a ne, madhutu madha j'ara na dhu mola, rèngu se rare ja'a dènge laka-seti, nèti rae dhèu Ibrani. D'ai era ne'e, ja'a tao boe sasala ngaa èci sa. Te ngaa rèngu pamaso ja'a asa d'ara bèdho ne'e. Rèngu tao ja'a sèmi dhèu bhelu-katub'a sa.","Ja'a peka sèmi èèna, lula dhèu Yahudi mana'u rare ja'a nèti rai Ibrani. Aa ja'a tao boe ngaa-ngaa ètu ne'e kahèi, ka ra pamaso ja'a asa d'ara bèdho."
GEN 40:16,"When the chief baker saw that the interpretation was good, he said to Joseph, I also was in my dream, and behold, three baskets of white bread were on my head.","Ropa tadèngi nare sasoa nii ne'e be'a mi dedha angalai na, hèia dhèu èci dhu lalau roti na, lolo hari nii nèngu, peka na, Ari Yusuf. Nii ja'a sèmi ne'e ka, ja'a tèd'u soe pagod'o-god'o tèlu.","Ropa pegawi kapai ne ne'a, na, sasoa na be'a, hèia na peka dènge Yusuf, aku nèngu na, Nanene paie-iie! Ja'a nii kahèi. Ja'a kèdhi roti tèlu soe dhu pahutu kètu ja'a."
GEN 40:17,"In the uppermost basket there were all kinds of baked food for Pharaoh, and the birds ate them out of the basket on my head.","Ètu d'ara soe re dedha tèka na, pènu dènge koki dhèu aae, dhu rupa ae titu kèna. Te ngaa manu-bhui lela mai ka ra'e aa'i koki d'ara soe dhu ètu kètu ja'a na.","Ètu d'ara karogo èèna, abhu rupa-rupa nganga'a dhu dhèu aae Masir bisa na'a. Te ngaa manu-bhui ra'a nganga'a dhu na'a nèti d'ara karogo èèna, dhu ja'a tèke eele nèti kètu ja'a."
GEN 40:18,"Joseph answered, This is its interpretation. The three baskets are three days.","Ropa Yusuf tadèngi nare, ka na dhaa, peka na, Sasoa lii nii ama, sèmi ne'e ka, soe tèlu sèra, sama kahèi dènge tèlu lod'o.","Hèia Yusuf dhaa, peka na, Sasoa na sèmi ne'e ka! Kètu tèlu soe se, sasoa na, tèlu lod'o."
GEN 40:19,"Within three more days, Pharaoh will lift up your head from off you, and will hang you on a tree, and the birds will eat your flesh from off you.","D'ara tèlu lod'o ne, mu ladhe, te dhèu aae pua dhèu mai poro rare kètu èu. Ho èèna na, ra kadhoe ngi'u aae èu ètu agarii. Hèia manu-bhui tutu ra'e aa'i sisi èu.","Èle tèlu lod'o ka, dhèu aae Masir ded'e nare èu, hèia na ded'e kètu èu nèti aj'u palolo-palèbha. Hèia manu-bhui mai ka ra'e ngi'u èu."
GEN 40:20,"On the third day, which was Pharaoh's birthday, he made a feast for all his servants, and he lifted up the head of the chief cup bearer and the head of the chief baker among his servants.","Ropa d'ai tèlu lod'o, dhu lèke dènge lod'o hari jadi dhèu aae, na tao tatao dhu kapai hia dhèu kapai na aa'i-aa'i sèra. Na paredha ho dhèu lasi kalua eele dhèu dua sèra nèti d'ara bèdho.","Asa camèd'a èèna, lèke dènge hari jadi dhèu aae Masir. Lod'o èèna, lèke dènge hari jadi dhèu aae Masir. Ka na nèru dhèu sab'a na aa'i-aa'i, sèna ka ra'a-rinu. Hèia na ded'e dhèu sab'a na, j'aj'i kapala j'aga èi anggor, dènge kapala j'aga roti."
GEN 40:21,"He restored the chief cup bearer to his position again, and he gave the cup into Pharaoh's hand,","Ka na hia hari mone dhu lalau dhua èi na, sab'e sasab'a nèngu uru na.","Èle èèna ka, na pua pegawi kapai nèti pegawi èèna, ho nèti hari galaa asa d'ara adhe-aai dhèu aae Masir."
GEN 40:22,"but he hanged the chief baker, as Joseph had interpreted to them.","Te ngaa dhèu dhu lalau roti dhèu aae èèna, ra poro eele kètu na, ka ra kadhoe ngi'u na, sama sèmi ngaa dhu Yusuf peka dènge rèngu dua ra.","Èle èèna ka, Yusuf peka sasoa nèti lii karèi nèti uru ka. Hèia Yusuf kèpe pegawi dhu nèd'u koasa nèti dhèu tao roti. Ka ra èki ne ètu aj'u palolo-palèbha."
GEN 40:23,"Yet the chief cup bearer didn't remember Joseph, but forgot him.","Te ngaa mone dhu lalau dhua èi dhèu aae ne, sanèd'e heka Yusuf. Na bhèlu eele lii moa Yusuf.","Te ngaa kapala j'aga ètu d'ara Èmu Kapua Manèngi-Mangaj'i ne, sanèd'e heka Yusuf. Nèbhu boe ka, na bhèlu eele ne."
GEN 41:1,"At the end of two full years, Pharaoh dreamed, and behold, he stood by the river.","Pe d'ai dua tèu risi sa, hèia dhèu aae Masir nii. Na nii na, nèngu dhu titu ètu sebhe loko Nil.","D'ai èle dua tèu, ka dhèu aae Masir abhu nii. Na nii, ka nèngu titu ètu sebhe loko èèna."
GEN 41:2,"Behold, seven cattle came up out of the river. They were sleek and fat, and they fed in the marsh grass.","Kabèdhi laa, nèngu nèdhi sapi pidhu ngi'u dhu kabèb'u bia. Ka'uri ra kale'e. Ra kalua nèti d'ara loko, ka ra'a j'u'u ètu sebhe loko èèna.","Ètu d'ara loko ne, abhu sapi kahib'i-kalèbho dhèu pidhu dhu kalua mai nèti d'ara loko ne. Ci'u se dhu mèu, dènge kab'ua. Te ngaa dhèu madhenge j'u'u ho ra'a-rinu ètu d'ara pad'a sod'a."
GEN 41:3,"Behold, seven other cattle came up after them out of the river, ugly and thin, and stood by the other cattle on the brink of the river.","Nèbhu boe, sapi pidhu ngi'u dhu leo hari, kalua nèti d'ara loko deo na. Ngi'u sapi sèra malaka-god'a. Ra titu padètu dènge sapi kabèb'u sèra.","Te ngaa ropa rèngu kalua nèti d'ara loko ne, abhu sapi kahib'i-kalèbho dhèu pidhu dhu bhelu titu ètu sebhe loko ne. Rèngu se bhelu titu dènge kahib'i-kalèbho dhu leo sèra."
GEN 41:4,The ugly and thin cattle ate up the seven sleek and fat cattle. So Pharaoh awoke.,"Hèia sapi malaka pidhu ngi'u sèra, dhèle aa'i pidhu sapi dhu kabèb'u sèra. Hèia dhèu aae kabèdhi, ka na marèi dènge.","Ropa dhèu se'e ladhe rèdhi sèmi èèna, hèia kahib'i-kalèbho dhu bhelu-katub'a dènge kahib'i-kalèbho sèra, ra'e aa'i le kahib'i-kalèbho dhu kab'ua dènge kahib'i-kalèbho dhu kab'ua sèra. Ka dhèu aae Masir nèdhi sèmi èèna, hèia na kèd'i."
GEN 41:5,"He slept and dreamed a second time, and behold, seven heads of grain came up on one stalk, healthy and good.","Nèbhu boe ka, dhèu aae bhèj'i luu hari. Ka na nii hari ca tèka. Lii nii na sèmi ne'e ka, nèngu ladhe nèdhi are pidhu huri dhu isi pènu, bhodho nèti laa are dhu sub'u.","Èle èèna ka, na bhèj'i hari. D'ai d'ara nii na, nèdhi ana aaj'u pidhu bua dhu be'a, dhu muri mai nèti d'ara aj'u èci èèna."
GEN 41:6,"Behold, seven heads of grain, thin and blasted with the east wind, sprung up after them.","Èle èèna ka, nèdhi hari are pidhu huri dhu isi aad'o, aa dhu kamale dhae-dhae sène, lèke lai ngèlu dhu pana.","Lod'o èèna kahèi, ana aaj'u pidhu bua dhu muri tèke eele ngèlu aae. Ngèlu aae bhori eele ngèlu aae. Ka ana aaj'u se muri tèke eele ngèlu aae sèra."
GEN 41:7,"The thin heads of grain swallowed up the seven healthy and full ears. Pharaoh awoke, and behold, it was a dream.","Ka pidhu huri are dhu isi aad'o sèra, dhèle aa'i pidhu huri are dhu isi pènu deo sa. Hèia dhèu aae kabèdhi ka nèti bhèj'i. Heka nèngu ne'a kèna, nèngu dhu nii hari di.","Ropa dhèu aae ladhe nèdhi sèmi èèna, ka na cène, hèia na cène pidhu bua dhu be'a sèra. Hèia dhèu aae Masir ètu d'ara èmu na kèd'i. Ropa na ladhe nèdhi sèmi èèna, na nii kahèi."
GEN 41:8,"In the morning, his spirit was troubled, and he sent and called for all of Egypt's magicians and wise men. Pharaoh told them his dreams, but there was no one who could interpret them to Pharaoh.","Mad'ae aae èèna, d'ara isi na be'a boe. Hèia, na paredha dhèu lasi paroa aa'i dhèu ai tadha dènge dhèu d'èlu-mèu, ètu rai Masir mai paraga dènge ne. Ka na lolo lii nii na sèra dènge si. Te ngaa dhèu èci sa bisa boe peka sasoa lii nii deo sa mi dhèu aae.","Asa bèli mad'ae aae èèna, d'ara Musa susa titu kèna. Ka na paroa dhèu d'èlu-mèu aa'i-aa'i ètu Masir sèra, sèna ka rèdhi nidhu dènge dhèu d'èlu-mèu dhu d'èlu-mèu sèra. Ka na lolo dènge si. Te ngaa abhu boe ca dhèu sa dhu bisa peka sasoa nèti lii nii na."
GEN 41:9,"Then the chief cup bearer spoke to Pharaoh, saying, I remember my faults today.","Ka mone dhu lalau dhua èi dhèu aae èèna, heka sanèd'e nèdhi Yusuf kèna. Hèia la'e peka dènge dhèu aae, aku nèngu na, Ama! Ja'a mangaku sala.","Hèia kapala j'aga èmu manèngi-mangaj'i peka dènge dhèu aae Masir, aku nèngu na, Deo ne'e ne, ja'a heka ad'u-ue sasala kèna."
GEN 41:10,"Pharaoh was angry with his servants, and put me in custody in the house of the captain of the guard, with the chief baker.","Uru èèna, dhu ama ku nasa dènge ja'a, dènge angalai ku èci na, ka pamaso ji'i asa d'ara bèdho,","Ropa tadèngi nare sèmi èèna, hèia dhèu aae nasa titu kèna dènge ana pua-paleha na. Ka na pamaso ja'a asa d'ara bèdho, ètu d'ara èmu kapala j'aga dènge dhèu madhèdi tao roti."
GEN 41:11,"We dreamed a dream in one night, he and I. Each man dreamed according to the interpretation of his dream.","mèda ca lod'o ka, ji'i dua mi nii. Èci-èci ka dènge nii na. Aa sasoa nii se'e, sama boe kahèi.","Ca tèka, ji'i dua mi abhu nii. Ngangee ji'i èci-èci ka, sasoa na."
GEN 41:12,"There was with us there a young man, a Hebrew, servant to the captain of the guard, and we told him, and he interpreted to us our dreams. He interpreted to each man according to his dream.","Ètu d'ara bèdho na, abhu ana mone Ibrani èci. Kapala èmu bèdho nedhe ana mone ne, j'aj'i kapala urusan ho lalau ji'i. Ji'i lolo lii nii ji'i dènge ne, ka na peka sasoa lii nii sèra dènge ji'i.","Ètu èèna, abhu ana mone dhèu Ibrani èci kahèi dhu madhutu ji'i. Nèngu ne, ana pua-paleha nèti komedhaa j'aga ètu d'ara bèdho. Ka ji'i peka dènge ne. Hèia na peka sasoa nèti nii dhu ji'i abhu ètu d'ara nii èèna. Ka na peka dènge ji'i sasoa nèti lii nii èèna."
GEN 41:13,"As he interpreted to us, so it was. He restored me to my office, and he hanged him.","Nèti èèna ka, ama dhèu aae ded'e hari ja'a. Aa angalai ja'a na, abhu huku madhe. Se'e se j'aj'i sama sèmi ngaa dhu ana mone Ibrani na peka.","Hèia na peka sasoa na, Mema tare'a. Ka na pua ja'a lèpa asa kantor ja'a, hèia na kadhoe ne ètu aj'u palolo-palèbha."
GEN 41:14,"Then Pharaoh sent and called Joseph, and they brought him hastily out of the dungeon. He shaved himself, changed his clothing, and came in to Pharaoh.","Nanene nare lii ne'e hèia, dhèu aae pua dhèu lasi lai-lai rare Yusuf nèti d'ara bèdho mai. Ka Yusuf pamèu iisi na, aa na gati mèdha-papake na, ka na la'e paraga dènge dhèu aae.","Ropa tadèngi nare sèmi èèna, hèia dhèu aae Masir paroa dhèu lasi paroa nare Yusuf. Ka ra ère rèti ne nèti d'ara bèdho ne. Ka na roso ngi'u na, hèia na ub'a mèdha-papake na. Èle èèna ka, na maso asa d'ara èmu dhèu aae Masir."
GEN 41:15,"Pharaoh said to Joseph, I have dreamed a dream, and there is no one who can interpret it. I have heard it said of you, that when you hear a dream you can interpret it.","Ropa na d'ai madha hèia, dhèu aae peka, Ja'a nii, te ngaa dhèu èci sa re'a boe sasoa lii nii sèra. Te ngaa dhèu peka na èu me'a.","Ka dhèu aae Masir peka dènge Yusuf, aku nèngu na, Be'a kahèi! Ja'a nii nii nii, te ngaa abhu boe ca dhèu sa dhu bisa peka sasoa na. Ja'a tadèngi lii lolo èci, peka na, ladhe miu tadèngi lii nii, na, miu bisa peka sasoa na."
GEN 41:16,"Joseph answered Pharaoh, saying, It isn't in me. God will give Pharaoh an answer of peace.","Hèia Yusuf dhaa, aku nèngu na, Ama dhèu aae. Ja'a èèna ka oo, ke'a boe ngaa-ngaa kahèi. Dhoka Ama Lamatua di dhu ne'a, ho Na peka sasoa lii nii sa, dènge lèke. Na neo peka lii dhu be'a mi ama dhèu aae.","Te ngaa Yusuf dhaa, aku nèngu na, Aad'o! Hud'i laa Ama Lamatua bhoke j'ara, sèna ka dhèu aae bisa mamuri dènge mera-milu."
GEN 41:17,"Pharaoh spoke to Joseph, In my dream, behold, I stood on the brink of the river,","Hèia dhèu aae lolo ka, lii nii sèra dènge ne, aku nèngu na, Ètu d'ara nii èèna, ja'a titu ètu sebhe loko Nil.","Èle èèna ka, dhèu aae Masir peka dènge Yusuf, aku nèngu na, Ètu d'ara nii ja'a, ja'a kèd'i titu ètu sebhe loko èèna."
GEN 41:18,"and behold, seven fat and sleek cattle came up out of the river. They fed in the marsh grass,","Ja'a ladhe la'a na sapi pidhu ngi'u dhu kabèb'u bia, dènge ka'uri dhu kale'e. Ra kalua nèti d'ara loko mai, ka ra'a j'u'u ètu sebhe loko èèna.","Cag'ag'a laa, sapi kahib'i-kalèbho dhèu pidhu, dhu kab'ua titu kèna, kalua mai nèti d'ara loko ne. Rèngu madhenge nganga'a ètu d'ara pad'a sod'a."
GEN 41:19,"and behold, seven other cattle came up after them, poor and very ugly and thin, such as I never saw in all the land of Egypt for ugliness.","Hèia sapi pidhu ngi'u dhu leo mai hari. Rèngu se'e dhu malaka-god'a. Ètu rai Masir ne'e, ja'a kèdhi mèka sapi dhu malaka-god'a sèmi èèna!","Te ngaa nèbhu-nèbhu, ka ja'a ladhe kèdhi sapi kahib'i-kalèbho dhèu pidhu dhu kalua mai nèti rai Masir. Kahib'i-kalèbho se, bhelu titu kèna, kaco titu kèna. Ja'a kèdhi mèka sapi dhu bhelu sèmi èèna ètu rai Masir."
GEN 41:20,"The thin and ugly cattle ate up the first seven fat cattle,","Dhu pamalaa ja'a, pidhu sapi dhu malaka-god'a sèra, kabèdhi laa dhèle aa'i pidhu sapi dhu kabèb'u se.","Hèia sapi kajeo dhu bhelu-katub'a se, ra'e aa'i le sapi kajeo dhu kab'ua, ka pidhu bua dhu kab'ua aae sèra, ra'e aa'i si."
GEN 41:21,"and when they had eaten them up, it couldn't be known that they had eaten them, but they were still ugly, as at the beginning. So I awoke.","Sapi dhu malaka sèra dhèle aa'i, te ngaa ngi'u ra malaka taruu sèmi èèna ka. Hèia ja'a kabèdhi dènge ka.","Ropa ra'a rare, dhèu re'a boe, na, rèngu ka dhu ra'a. Rèngu bhelu titu kèna, sama sèmi uru èèna. Hèia ja'a kèd'i."
GEN 41:22,"I saw in my dream, and behold, seven heads of grain came up on one stalk, full and good,","Èle èèna ka, ja'a bhèj'i luu hari, ka nii hari ca tèka. Ja'a kèdhi pidhu huri are dhu isi pènu, kalua nèti laa are ca kapua dhu sub'u.","Ètu d'ara nii ja'a, ja'a kèdhi ana aaj'u pidhu bua dhu be'a, dhu muri mai nèti aj'u ca kapua."
GEN 41:23,"and behold, seven heads of grain, withered, thin, and blasted with the east wind, sprung up after them.","Èle èèna ka, ja'a kèdhi hari, pidhu huri are dhu isi aad'o, aa dhu kamale dhae-dhae, lèke lai ngèlu pana.","Cag'ag'a laa, ana aaj'u pidhu bua dhu muri tèke eele ngèlu aae sèra. Bèli-camèd'a ana aaj'u se muri tèke eele ngèlu aae sèra."
GEN 41:24,"The thin heads of grain swallowed up the seven good heads of grain. I told it to the magicians, but there was no one who could explain it to me.","Ka pidhu huri are dhu bèdhu sèra dhèle aa'i pidhu huri are dhu isi pènu sèra. Èle èèna ka, ja'a kèd'i nèti bhèj'i. Ka ja'a lolo lii nii se'e mi dhèu d'èlu-mèu se'e, te ngaa èci sa bisa boe peka sasoa lii nii sèra.","Ropa tadèngi rare sèmi èèna, hèia ana nganga'a se cène, ka ra'e aa'i pidhu bua dhu be'a sèra. Ka ja'a peka dènge dhèu suagi sèra, te ngaa abhu boe ca dhèu sa dhu bisa peka dènge ja'a sasoa nèti lii ne'e."
GEN 41:25,"Joseph said to Pharaoh, The dream of Pharaoh is one. What God is about to do he has declared to Pharaoh.","Hèia Yusuf padhai lii, peka na, Ama dhèu aae! Lii nii dua sèra, sasoa na dhoka èci di. Ama Lamatua peka le, mi ama dhèu aae, ngaa dhu Na neo tao.","Hèia Yusuf peka dènge dhèu aae Masir, aku nèngu na, Lii nii nèti dhèu aae Masir ne, lèke boe! Te Ama Lamatua peka le dènge ne, ngaa dhu Nèngu neo tao."
GEN 41:26,"The seven good cattle are seven years, and the seven good heads of grain are seven years. The dream is one.","Sasoa na sèmi ne'e ka, pidhu sapi dhu kabèb'u, dènge pidhu huri are dhu isi pènu sèra, sasoa na, tèu dhu bècu-manèsa pidhu tèu. Sasoa ra dhoka èci di.","Dhèu pidhu bua dhu be'a se, sasoa na, pidhu tèu. Aa dhèu pidhu bua dhu be'a se, pidhu tèu. Se'e se, dhoka ca j'ara di."
GEN 41:27,"The seven thin and ugly cattle that came up after them are seven years, and also the seven empty heads of grain blasted with the east wind, they will be seven years of famine.","Sèmi èèna kahèi, pidhu sapi dhu malaka-god'a, dènge pidhu huri are dhu isi aad'o, sasoa na, tèu manganga pidhu tèu.","Te ngaa sapi kajeo dhu bhelu-katub'a sèra, pidhu tèu dhu kalua mai nèti li'u, sasoa na, pidhu tèu dhu guna boe ètu d'ara rai-haha ne. Pidhu tèu dhu guna boe ètu d'ara rai-haha ne, sasoa na, pidhu tèu dhu guna boe ètu d'ara rai-haha ne. Bèli-camèd'a abhu manganga-mad'èu pidhu tèu kahèi."
GEN 41:28,That is the thing which I have spoken to Pharaoh. God has shown Pharaoh what he is about to do.,"De Lamatua dhu peka mema le, ngaa dhu Nèngu neo tao. Èèna sama kahèi, dènge ngaa dhu ja'a peka deo na.","De nanene paie-iie! Ja'a dhu peka le dènge dhèu aae Masir, na, Ama Lamatua pad'elo le ngaa dhu Nèngu neo tao."
GEN 41:29,"Behold, seven years of great plenty throughout all the land of Egypt are coming.","Ladhe bèli-camèd'a, ètu rai Masir ne'e, d'ara pidhu tèu, èdhi abhu bècu-manèsa palème rae.",Bèli-camèd'a abhu lod'o ae-ae ètu rai Masir. Bèli-camèd'a abhu rui-j'aj'èra ae titu kèna ètu rai Masir.
GEN 41:30-31,"Seven years of famine will arise after them, and all the plenty will be forgotten in the land of Egypt. The famine will consume the land, and the plenty will not be known in the land by reason of that famine which follows, for it will be very grievous.","Èle èèna na, heka èdhi abhu manganga d'ara pidhu tèu. D'ara pidhu tèu na, manganga madèu aae. Toke èdhi abhu boe nganga'a calamusi sa, ètu dedha rai Masir ne'e. Dhèu aa'i-aa'i manganga ae titu kèna, ka ra bhèlu eele uru na dhu rèngu abhu le babècu pidhu tèu.","Èle èèna, bèli-camèd'a abhu lod'o manganga pidhu tèu. Bèli-camèd'a dhèu aa'i-aa'i ètu rai Masir sanèd'e heka nganga'a-nganginu dhu rèngu abhu ètu d'ara rai èèna. Bèli-camèd'a dhèu aa'i-aa'i ètu rai Masir sanèd'e heka nganga'a-nganginu dhu rèngu abhu ètu rai èèna. Te lod'o manganga sèra, dhèu bisa heka re'a ngaa-ngaa dhu ra abhu ètu rai èèna, lula j'aj'èra na kapai titu kèna."
GEN 41:32,"The dream was doubled to Pharaoh, because the thing is established by God, and God will shortly bring it to pass.","De ladhe ama dhèu aae abhu nii dua hari, sasoa na, Ama Lamatua ka dhu ator tèke. Nèbhu heka, ngaa dhu Na ator ne, j'aj'i kèna.","Lula Ama Lamatua mesa Na ka dhu pama'ète nare, nèti èèna ka, d'ara lai-lai ne, Nèngu neo tao j'ara èèna j'aj'i tare'a-re'a. Nèti èèna ka, dhèu aae Masir ne abhu nii dua-dua hari."
GEN 41:33,"Now therefore let Pharaoh look for a discreet and wise man, and set him over the land of Egypt.","Nèti èèna ka, ja'a manèngi sèmi ne'e, be'a risi ama dhèu aae tenge dhèu d'èlu-mèu èci, dhu bisa tao ai-hèb'a la'a dènge be'a. Aa ded'e ne, ho ladhe-leru kabarai ne'e dènge be'a.","De ja'a manèngi sèna ka dhèu aae Masir tenge dhèu dhu d'èlu-mèu, aa dhu ne'a j'ara ae-ae. Ka na ded'e ne j'aj'i kètu ètu rai Masir."
GEN 41:34,"Let Pharaoh do this, and let him appoint overseers over the land, and take up the fifth part of the land of Egypt's produce in the seven plenteous years.","D'ara pidhu tèu dhu bècu èèna, be'a risi ama dhèu aae ded'e hari dhèu, ho ra oru-pakaboko nganga'a dhu risi eele. Nganga'a dhu risi sèra, bagi mi lèmi ho tèke ca pala.","De ja'a manèngi sèna ka dhèu aae Masir ded'e dhèu ho ladhe-leru èu ètu d'ara rai Masir. Ladhe èu dènge lod'o manganga ae, èu hud'i ded'e dhèu j'aga èu ho uri nganga'a-nganginu ra ètu d'ara rai Masir. Ladhe èu dènge lod'o manganga ae, èu hud'i abhu ku ca pala nèti canguru pala nèti rui-j'aj'èra èu ètu rai Masir."
GEN 41:35,"Let them gather all the food of these good years that come, and store grain under the hand of Pharaoh for food in the cities, and let them keep it.","Ana kabarai ne'e, hud'i madhutu dènge be'a paredha ama dhèu aae, ho pakaboko are-are dhu risi eele, nèti rae-rae ètu rai Masir ne'e. Aa ra soli sa d'ara soka ho j'aga paie.","Hud'i laa rèngu pakaboko nganga'a aa'i-aa'i ètu kota-kota ètu rai-haha ne, sèna ka dhèu aae Masir bisa nèru nganga'a sèra. Te bèli-camèd'a ètu d'ara tèu hua-hela sèra, abhu dhu be'a. De hud'i laa rèngu tèke nganga'a sèra ètu d'ara èmu-èmu dhèu aae Masir."
GEN 41:36,"The food will be to supply the land against the seven years of famine, which will be in the land of Egypt, so that the land will not perish through the famine.","Sèna ka pidhu tèu dhu manganga nèi mai te, èdhi dhu sadia le nganga'a. Dènge j'ara sèmi ne'e, èci sa madhe boe manganga.","Bèli-camèd'a abhu lod'o manganga ae titu kèna ètu rai Masir. Te ngaa èèna na abhu nganga'a-nganginu ae-ae ètu rai Masir. Bèli-camèd'a abhu lod'o manganga ae-ae ètu rai Masir. Dènge j'ara ne'e, dhèu rai Masir abhu boe nganga'a ae-ae ètu rai Masir."
GEN 41:37,"The thing was good in the eyes of Pharaoh, and in the eyes of all his servants.","Ropa tadèngi lii padhai lii Yusuf ne, dhèu aae dènge dhèu kapai sèra, sèmi ngaa dhu na peka dènge dhèu aae èèna.","Ropa dhèu aae Masir tadèngi lii manèngi ne, ka d'ara dhèu aae Masir sèmi nare aa'i mèu-mèu. Aa dhèu aae Masir sèra ladhe, na, lii manèngi ne be'a titu kèna."
GEN 41:38,"Pharaoh said to his servants, Can we find such a one as this, a man in whom is the Spirit of God?","Ka dhèu aae padhai lii, peka na, Roh Ama Lamatua hia le koasa mi Yusuf ne'e. Nèti èèna ka, èdhi abhu heka dhèu dhu risi nèti nèngu.","Hèia dhèu aae Masir paredha dhèu sab'a na sèra, aku nèngu na, Tasamia ka èdhi bisa paraga dènge Dhèu ne'e? Nèngu ne, tare'a-re'a Roh Lamatua!"
GEN 41:39,"Pharaoh said to Joseph, Because God has shown you all of this, there is no one so discreet and wise as you.","Èle èèna ka, dhèu aae padhai lii dènge Yusuf, peka na, Ama Lamatua peka dènge èu, ngaa-ngaa se'e aa'i-aa'i. Nèti sèmi ne'e ka, heka ji'i nge'a kèna èu ne'e tare'a-re'a dhèu mèu. Aa mamèu èu ne, risi eele dhèu ètu mia-mia.","Ka dhèu aae Masir peka dènge Yusuf, aku nèngu na, Ama Lamatua pad'elo le j'ara se'e aa'i-aa'i mi èu. Nèti èèna ka, ètu rai-haha ne, abhu boe ca dhèu sa dhu d'èlu-mèu aa d'èlu-mèu sama sèmi èu."
GEN 41:40,You shall be over my house. All my people will be ruled according to your word. Only in the throne I will be greater than you.,"Nèti èèna ka, deo ne'e kahèi ja'a ded'e èu j'aj'i ai g'ana ja'a. Sèna ka èu j'aj'i dhèu kapai ètu d'ara èmu ja'a. Aa ana kabarai ja'a nanene lii paredha èu. Dhoka ja'a di dhu risi nèti èu.","Èu ka dhu uri èmu Ja'a. Èu ka dhu uri dhèu Ja'a aa'i-aa'i, madhutu lii paredha èu. Dhodhoka ètu kadera paredha èèna di, Ja'a ka dhu kapai risi nèti èu."
GEN 41:41-42,"Pharaoh said to Joseph, Behold, I have set you over all the land of Egypt. Pharaoh took off his signet ring from his hand, and put it on Joseph's hand, and arrayed him in robes of fine linen, and put a gold chain about his neck.","Èle èèna ka, dhèu aae puru eele kadheli dhu dènge cap nèti ai na, ka na pasaluu mi ai Yusuf. Ka na padhai lii, aku nèngu na, Dènge ne'e ne, ja'a ded'e èu, j'aj'i ai g'ana ja'a ètu rai Masir. Hèia na papake kodho madhera dhu milu èci mi Yusuf, aa na pa'inu rate hualaa cakoko mi ladha-goro na.","Èle èèna ka, dhèu aae Masir peka dènge Yusuf, aku nèngu na, Nanene! Ja'a ded'e èu j'aj'i dhèu aae-dhèu aae ètu rai Masir aa'i-aa'i. Ka dhèu aae ded'e nare kacui-aai na nèti kacui-aai na, ka na tao asa kacui-aai Yusuf. Èle èèna ka, na papake ne kodho madhera èci, aa èki ne dènge rate hualaa ca bèla ètu goro na."
GEN 41:43,"He made him ride in the second chariot which he had. They cried before him, Bow the knee! He set him over all the land of Egypt.","Èle èèna ka, dhèu aae hia hari Yusuf kareta ka dua nèngu. Ka na hia dhèu lasi uuru, ho pa'oo peka na, We! Patalele j'ara oo! Pahaha iisi mliu! Dhèu kapai neo re ne'e! Dènge j'ara ne'e, dhèu aae ded'e le Yusuf, j'aj'i ai g'ana na ètu rai Masir.","Nèti èèna ka, na paca'e ne asa kareta ka dua. Dhèu se pa'oo palere-lere dènge ne, aku rèngu na, Lami patitu kètu urutuu, ho patangi-tenge j'ara! Hèia Lamatua ded'e ne, ho ladhe-leru rai Masir aa'i-aa'i."
GEN 41:44,"Pharaoh said to Joseph, I am Pharaoh. Without you, no man shall lift up his hand or his foot in all the land of Egypt.","Hèia dhèu aae padhai lii dènge Yusuf, peka na, Sèmi ne'e. Èu dhu me'a le ja'a ne dhèu aae. Te ngaa ja'a peka le dènge ana kabarai Masir aa'i-aa'i, peka na, ladhe èu hia boe ijin, rèngu bisa boe tao ngaa èci sa.","Ka dhèu aae Masir peka dènge Yusuf, aku nèngu na, Sèmi ne'e! Ja'a ne dhèu aae Masir. Ètu rai Masir ne, abhu boe ca dhèu sa dhu bisa j'aga ai do haga na, ladhe èu aad'o."
GEN 41:45,"Pharaoh called Joseph's name Zaphenath-Paneah. He gave him Asenath, the daughter of Potiphera priest of On as a wife. Joseph went out over the land of Egypt.","Èle ka, dhèu aae pangare Yusuf madhutu ngara Masir, na Safnat Panea. Aa, na hia Yusuf madhèdi dènge ana bhèni èci, ngara na Asnat. Ama dhèu èmu na, ngara na Potifera. Nèngu ne'e ka dhu j'aj'i ama agama ètu d'ara kota On. Dènge j'ara ne'e, Yusuf j'aj'i dhèu kapai ètu rai Masir.","Lod'o èèna, dhèu aae Masir paroa Yusuf, ngara na Safnat-Paneha. Ka na pangare ne, Asnat. Nèngu ne, ana bhèni nèti Potifera, ama agama ètu kota On. Ka Yusuf la'e kaj'èu asa rai Masir."
GEN 41:46,"Joseph was thirty years old when he stood before Pharaoh king of Egypt. Joseph went out from the presence of Pharaoh, and went throughout all the land of Egypt.","Lod'o na j'aj'i dhèu kapai ètu rai Masir, umur nèngu tèlu nguru tèu le. Hèia na kako palème rai Masir.","Ropa umur Yusuf d'ai tèlu nguru tèu, hèia la'e asa madha dhèu aae Masir. Ka na pakèd'i nèti nèi, la'e asa rai Masir aa'i-aa'i."
GEN 41:47,In the seven plenteous years the earth produced abundantly.,"Ètu d'ara pidhu tèu dhu bècu-manèsa ne'e, oka-tedhe pènu dènge nganga'a.","Hèia ètu d'ara pidhu tèu, abhu nganga'a ae-ae ètu rai-haha."
GEN 41:48,"He gathered up all the food of the seven years which were in the land of Egypt, and laid up the food in the cities. He stored food in each city from the fields around that city.","Hèia Yusuf kaboko nganga'a dhu risi, ka na tèka paia si. Ètu era mia dhu na pakaboko nganga'a, ètu èèna kahèi na soli asa d'ara soka.","Èle èèna ka, na pakaboko nganga'a aa'i-aa'i ètu rai Masir, dhu èdhi abhu ètu d'ara pidhu tèu èèna. Ka na tèke nganga'a sèra ètu d'ara kota-kota. Ètu d'ara kota èci-èci, na pakaboko nganga'a-nganginu nèti rai Masir."
GEN 41:49,"Joseph laid up grain as the sand of the sea, very much, until he stopped counting, for it was without number.","Are dhu pakaboko nare, ae titu kèna. Èci èèna ka, dènge salae ètu nebhe dhasi, ka dhèu uku rare heka.","Èle èèna ka, Yusuf pakaboko are-gandum sèra, ae titu kèna, sama sèmi salae ètu sebhe dhasi. Na ige boe are-gandum sèra, toke ige heka."
GEN 41:50,"To Joseph were born two sons before the year of famine came, whom Asenath, the daughter of Potiphera priest of On, bore to him.","D'ai mèka tèu manganga, dhèu èmu Yusuf, Asnat nara iisi le ana mone dhèu dua.","Ètu d'ara tèu manganga èèna, abhu mèka lod'o manganga. Lod'o èèna, Yusuf dènge ana mone dhèu dua. Nèngu nara iisi ne, Asnat, ana bhèni nèti Potifer, kètu agama ètu kota On."
GEN 41:51,"Joseph called the name of the firstborn Manasseh, For, he said, God has made me forget all my toil, and all my father's house.","Ka Yusuf padhai lii, peka na, Ama Lamatua tao j'ara ne'e, sèna ka pabhèlu ja'a nèti j'aj'èra dhu lod'o ja'a kalua nèti d'ara èmu ama ku. Nèti èèna ka, ana uuru, na pangare ne Manase dhu sasoa na ele boe ‘bhèlu'.","Hèia Yusuf pangare ana uuru na, Manase, lula na pangee, aku nèngu na, Lamatua ka dhu bhèlu eele sasab'a ja'a aa'i-aa'i, dènge isi èmu ama ku aa'i-aa'i."
GEN 41:52,"The name of the second, he called Ephraim, For God has made me fruitful in the land of my affliction.","Lod'o na abhu ana ka dua, na padhai lii hari, peka na, Ja'a abhu j'aj'èra ae d'ai seli ètu era ne'e. Te ngaa sasue dènge ladhe-leru Ama Lamatua ka, ja'a abhu ana ètu ne'e. Ka na pangare ana ne'e Efraim.","Ka ari na ka dua, ngara na Efraim, lula na peka na, Lamatua ka dhu hia ja'a hua-hela ae-ae, lod'o ja'a ètu rai dhu dhèu paj'èra ja'a."
GEN 41:53,"The seven years of plenty, that were in the land of Egypt, came to an end.","Nèbhu boe ka, èle pidhu tèu dhu bècu-manèsa na.","Èle èèna ka, d'ai èle pidhu tèu dhu abhu nganga'a ae-ae ètu rai Masir."
GEN 41:54,"The seven years of famine began to come, just as Joseph had said. There was famine in all lands, but in all the land of Egypt there was bread.","Aa pidhu tèu manganga madèu d'ai kèna, sama sèmi dhu uru èèna Yusuf peka le. Ètu era leo, dhèu manganga le. Te ngaa rae-rae ètu Masir nganga'a ae era.","Èle èèna ka, Yusuf peka tèke le, na, bèli-camèd'a abhu lod'o manganga ae-ae ètu rai-haha ne. Bèli-camèd'a abhu lod'o manganga ae-ae ètu rai Masir. Te ngaa ètu rai Masir abhu nganga'a kahèi."
GEN 41:55,"When all the land of Egypt was famished, the people cried to Pharaoh for bread, and Pharaoh said to all the Egyptians, Go to Joseph. What he says to you, do.","Te ngaa nèbhu-nèbhu, kabarai Masir manganga kahèi. Ka lasi asa dhèu aae ho ra manèngi nganga'a. Aa dhèu aae pua si lasi asa Yusuf, sèna ka ra madhutu paredha Yusuf.","Lod'o èèna, abhu lod'o manganga aa'i-aa'i ètu rai Masir. Nèti èèna ka, dhèu aa'i-aa'i pa'oo manèngi nganga'a nèti dhèu aae Masir. Ka dhèu aae paredha dhèu aa'i-aa'i ètu Masir, peka na, Lami asa Yusuf! Sad'i na paredha miu, na, tao laa!"
GEN 41:56,"The famine was over all the surface of the earth. Joseph opened all the store houses, and sold to the Egyptians. The famine was severe in the land of Egypt.","Te ngaa rai manganga ètu mia-mia asa tabha, toke d'ai rae-rae ètu rai Masir. Nèti èèna ka, Yusuf bhoke aa'i soka nganga'a sèna ka pahie dènge dhèu Masir.","Èle èèna ka, dhèu Masir aa'i-aa'i ètu rai-haha ne manganga titu kèna. Nèti èèna ka, Yusuf bhoke eele d'ara èmu na, ho pahia dhèu rai Masir. Lod'o èèna, dhèu Masir aa'i-aa'i ètu rai Masir abhu manganga titu kèna."
GEN 41:57,"All countries came into Egypt, to Joseph, to buy grain, because the famine was severe in all the earth.","Lula manganga ae titu kèna, ka dhèu nèti mia-mia mai hèli nganga'a ètu Yusuf ètu rai Masir.","Èle èèna ka, dhèu nèti mia-mia mai hèli nganga'a ètu rai Masir. Te ngaa lod'o èle rai-haha ne, abhu manganga ae titu kèna. Nèti èèna ka, dhèu ae mai hèli nganga'a asa Yusuf."
GEN 42:1,"Now Jacob saw that there was grain in Egypt, and Jacob said to his sons, Why do you look at one another?","Tèu èèna, Yakob tadèngi dhèu palolo na abhu are ètu Masir. Ka na peka dènge ana na si, aku nèngu na, Ana ee! Miu nga tao madhèdi mau-mau ka laa?","Lod'o èèna, baki Yakob ladhe nèdhi, na, ètu rai Masir abhu nganga'a. Nèti èèna ka, na karèi ana na, aku nèngu na, Nga tao ka miu se patigi èci dènge èci?"
GEN 42:2,"He said, Behold, I have heard that there is grain in Egypt. Go down there, and buy for us from there, so that we may live, and not die.","Ja'a tadèngi na ètu Masir pahia nganga'a. Hua iia lami hèli, sèna ka èdhi baku madhe manganga.","Hèia na peka, Sèmi ne'e! Ja'a tadèngi, na, ètu rai Masir abhu nganga'a-nganginu. De lamu hèli ètu nèi, sèna ka hèli nganga'a hia èdhi. Te èdhi hud'i mamuri ku, te èdhi madhe boe."
GEN 42:3,Joseph's ten brothers went down to buy grain from Egypt.,"Ka a'a Yusuf canguru dhèu se'e pa'èra ka, lasi hèli nganga'a asa Masir.","Èle èèna ka, ari Yusuf dhèu canguru dhèu lasi hèli nganga'a nèti Masir."
GEN 42:4,"But Jacob didn't send Benjamin, Joseph's brother, with his brothers, for he said, Lest perhaps harm happen to him.","Te ngaa Yakob hia boe ari Yusuf dhu ngara na Benyamin, la'e dènge a'a na si. Te, na pangee, Mage dhoka, ana ne'e abhu hari j'aj'èra ètu talora j'ara.","Te ngaa baki Yakob pua boe ari na Benyamin, ho lasi palere-lere dènge rèngu. Na pangee, mage dhoka abhu j'aj'èra dhu lèke ne."
GEN 42:5,"The sons of Israel came to buy among those who came, for the famine was in the land of Canaan.","Lula dhèu ae nèti mia-mia tadèngi le abhu nganga'a ètu Masir, ka ra lasi hèli asa nèi. Manganga ne d'ai le rai Kana'an kahèi. Ka ana-ana Yakob se, lasi hèli kahèi asa Masir.","Nèti èèna ka, ana-èpu Isra'el mai asa rai Kana'an sèna ka hèli mèdha-panyau nèti dhèu leo sèra. Te ngaa lod'o èèna, abhu le lod'o manganga-mad'èu ètu rai Kana'an."
GEN 42:6,"Joseph was the governor over the land. It was he who sold to all the people of the land. Joseph's brothers came, and bowed themselves down to him with their faces to the earth.","Tèu èèna, Yusuf j'aj'i ai g'ana dhèu aae Masir. Ladhe dhèu nèti mia-mia mai hèli are, Yusuf ka dhu pahia. Nèti èèna ka, lod'o a'a na si d'ai nèi, rèngu patitu kètu urutuu, ho tab'e Yusuf toke rèhu rèngu oe d'ai rai.","Lod'o èèna, Yusuf j'aj'i gubernur ètu rai èèna. Nèngu ka dhu pahia rai ne mi dhèu aa'i-aa'i ètu rai èèna. Ka ari na mai paraga dènge ne, hèia ra patitu kètu urutuu, ka ra patitu kètu urutuu ètu madha nèngu."
GEN 42:7-8,"Joseph saw his brothers, and he recognized them, but acted like a stranger to them, and spoke roughly with them. He said to them, Where did you come from? They said, From the land of Canaan, to buy food. Joseph recognized his brothers, but they didn't recognize him.","Ropa Yusuf ladhe nèdhi a'a na si, na tadhe le èèna. Te ngaa Yusuf tao iisi sèmi dhèu Masir. Nèti èèna ka, rèngu tadhe boe ne hèi. Hèia na jèka si, aku nèngu na, Ee! Miu se nèti mia? Hèia ra dhaa, aku rèngu na, Ji'i se nèti Kana'an. Ji'i mai hèli nganga'a sa ama wakil.","Ropa Yusuf ladhe nèdhi a'ari na, ka na tadhe si. Te ngaa na tadhe boe si. Ka na karèi si dènge lii sakaa, aku nèngu na, Miu se, dhèu mia ka mai? Hèia ra dhaa, aku rèngu na, Ji'i mai nèti rai Kana'an, ho hèli nganga'a. Ka Yusuf tadhe a'ari na, te ngaa dhèu se tadhe boe ne."
GEN 42:9,"Joseph remembered the dreams which he dreamed about them, and said to them, You are spies! You have come to see the nakedness of the land.","Hèia Yusuf sanèd'e lii nii na uru na. Ka na pamadha'u si, aku nèngu na, Ja'a lèka boe! Miu se'e dhèu mata-mata. Miu mai tenge rahasia rai Masir, ho èèna na mai musu rai ji'i!","Ropa tadèngi nare, hèia Yusuf sanèd'e nii dhu na nii lula-nèti rèngu dua ra. Ka na peka, Miu se dhèu mata-mata! Miu mai ho neo paraga dènge dhèu ae ètu rai èèna, lula rèngu dènge boe mèdha-papake."
GEN 42:10,"They said to him, No, my lord, but your servants have come to buy food.","Te ngaa ra dhaa peka na, Aad'o, ama! Ji'i se'e dhoka ana pua-paleha nèti ama di. Tare'a-re'a ji'i mai sa ne'e ne, neo hèli nganga'a di. Leo nèti èèna, aad'o.","Te ngaa dhèu se dhaa, peka na, Aad'o, ama. Ji'i dhèu sab'a ama se, mai sèna ka hèli nganga'a."
GEN 42:11,"We are all one man's sons, we are honest men. Your servants are not spies.","Ji'i aa'i-aa'i se'e, ana nèti ca ama di. Ji'i mai mata-mata boe rai ama ku si ne'e. Ji'i se'e dhèu be'a.","Ji'i se, ana-èpu nèti ca dhèu di. Ji'i dhèu dhu d'ara mola. Dhèu sab'a Ama sèra, dhèu mata-mata boe."
GEN 42:12,"He said to them, No, but you have come to see the nakedness of the land!","Te ngaa Yusuf jèka si dènge lii mèdhu hari, peka na, He! Omo koso! Baku kapod'e-kabèli ja'a. Miu se'e tare'a-re'a dhèu bhelu. Miu mai tenge rahasia rai ne'e!","Te ngaa Petrus dhaa, peka na, Aad'o! Miu mai sèna ka mèdhi unu mi, sina ma?"
GEN 42:13,"They said, We, your servants, are twelve brothers, the sons of one man in the land of Canaan, and behold, the youngest is today with our father, and one is no more.","Ka ra peka, Aad'o ama! Ji'i se'e ana pua-paleha ama ku di. Ji'i mai nèti rai Kana'an. Ji'i aa'i-aa'i mi nèti ca ama, canguru dua dhèu. Ari ji'i dhu limuri tèka, pea dènge ama ji'i. Aa ari ji'i èci aad'o heka!","Ka ra dhaa, peka na, Ama! Ji'i se dhèu sab'a Ama. Ji'i dhèu canguru dua. Ji'i se, ana-èpu nèti dhèu èci ètu rai Kana'an. Ana limuri tèka, madhe le. Aa ana limuri tèka, madhe le."
GEN 42:14,"Joseph said to them, It is like I told you, saying, ‘You are spies! '","Hèia Yusuf dhaa, aku nèngu na, Aad'o! Lèke sèmi lii ja'a deo na! Miu se'e dhèu mata-mata.","Te ngaa Yusuf dhaa, aku nèngu na, Tare'a! Ja'a dhu peka mema le, na, Miu se dhèu mata-mata! '"
GEN 42:15,"By this you shall be tested. By the life of Pharaoh, you shall not go out from here, unless your youngest brother comes here.","Na! Karèi sèmi èèna, na miu hia ku tadha èci, sèna ka ja'a ke'a lii padhai lii miu deo sa, tare'a, do aad'o. Ja'a subha ee! Ladhe ari miu dhu limuri na, d'ai boe ne'e, miu èci sa bisa boe kalua nèti rai ne'e!","Ja'a neo tao sèmi ne'e, sèna ka miu me'a, na, Lamatua sèmi nare boe miu dènge be'a. Te ngaa ja'a neo tao sèmi ne'e, sèna ka miu me'a, na, Lamatua sèmi nare miu dènge be'a. Lula dhèu aae Masir mamuri taa-taa dènge ne, nèti èèna ka miu bisa boe tèke eele ne, ladhe ari miu dhu haha mai boe."
GEN 42:16,"Send one of you, and let him get your brother, and you shall be bound, that your words may be tested, whether there is truth in you, or else by the life of Pharaoh surely you are spies.","De hua iia miu pua dhèu èci la'e, ho nèti ari miu dhu limuri èèna asa ne'e mai. Aa miu dhu leo se, ja'a taha. Ja'a neo ke'a miu se'e peka tare'a, do aad'o. Ladhe aad'o, miu se'e tare'a-re'a mata-mata.","De lami rare a'ari miu ca dhèu, sèna ka ra parisa lii padhai miu. Ladhe miu padhai lii sèmi èèna, dhèu aae Masir bisa ne'a, na, miu padhai lii dhu lèke, do aad'o. Te ngaa sanèd'e, ee! Te dhèu aae Masir dhu ne'a le, na, miu se dhèu mata-mata di. De ji'i manèngi sèna ka miu pua dhèu lasi paroa ne, sèna ka j'aj'i dhèu aae Masir."
GEN 42:17,He put them all together into custody for three days.,Ka Yusuf pua taha si d'ara bèdho tèlu lod'o.,"Èle èèna ka, komedhaa j'aga èèna pamaso si asa d'ara bèdho tèlu lod'o."
GEN 42:18,"Joseph said to them the third day, Do this, and live, for I fear God.","D'ai lod'o ka tèlu, Yusuf la'e padhai lii dènge ra ètu d'ara bèdho, peka na, Ja'a ne'e, ca dhèu dhu madha'u dènge Lamatua. Aa ja'a madhutu dad'èi Na taruu. Sèna ka miu mamuri, ja'a neo patabuli miu. Te ngaa hud'i dènge ku lii pajaji.","Ka d'ai camèd'a èèna, Yusuf dhaa, peka na, Ja'a manèngi makasi mi Ama Lamatua. De miu hud'i tao ku sèmi ne'e, sèna ka miu mamuri taruu."
GEN 42:19,"If you are honest men, then let one of your brothers be bound in your prison, but you go, carry grain for the famine of your houses.","Ladhe miu se'e tare'a padhai lii dhu mola, miu pad'elo ku ngaa èci j'aj'i mi tadha. J'ara na sèmi ne'e, ja'a taha ca dhèu ètu d'ara bèdho ne'e. Dhèu leo lèpa ho mèti nganga'a hia a'ari miu, te ra tatae miu lami mèti nganga'a.","Ladhe miu dhèu d'ara mola, baku soro tèke dhèu sarani ca dhèu mai asa d'ara bèdho. Te ngaa ladhe sèmi èèna, be'a risi miu mèti nganga'a asa d'ara èmu bèdho."
GEN 42:20,"Bring your youngest brother to me, so will your words be verified, and you won't die. They did so.","D'ai nèi, miu mèti ari miu dhu limuri èèna mai asa ne'e, ho j'aj'i bukti, tare'a miu se'e dhèu be'a. Sèna ka ja'a baku huku pamadhe miu. Ropa ra tadèngi rare ne'e, ra d'èi kahèi sèmi èèna.","De mèti ku ana limuri èu mai sa ja'a. Ladhe ja'a ke'a, na, lii padhai miu èèna lèke tare'a, na, miu madhe boe. Hèia dua ra tao madhutu sèmi èèna."
GEN 42:21,"They said to one another, We are certainly guilty concerning our brother, in that we saw the distress of his soul, when he begged us, and we wouldn't listen. Therefore this distress has come upon us.","Ka ra padhue-padhai ka èci dènge èci, peka na, Waa! Ne'e ne, èdhi heka abhu b'ala kèna, lula sala dhu èdhi ad'u-ue mi dedha ari èdhi uru na. Èdhi ladhe tèdhi nèngu j'èra titu kèna, d'ai na manèngi sasue èdhi, te ngaa èdhi pusi boe ne. Nèti èèna ka, èdhi abhu j'aj'èra sèmi ne'e ne.","Hèia ra padhue, peka na, Mema tare'a! Èdhi se pasala le a'ari èdhi, lula èdhi ngèdhi a'ari èdhi dhu d'ara pèd'a, ropa na manèngi ho èdhi soru-bara ne, te ngaa èdhi d'èi boe nanene ne. Nèti èèna ka, èdhi paraga dènge j'aj'èra ne."
GEN 42:22,"Reuben answered them, saying, Didn't I tell you, saying, ‘Don't sin against the child, ' and you wouldn't listen? Therefore also, behold, his blood is required.","Hèia Ruben pasanèd'e si, peka na, We! Ari-ari ja'a, ee! Uru na ja'a kai le miu, ho baku paj'èra ana èèna, si? Te ngaa miu-miu se'e ka dhu mo'o boe nanene lii ja'a. Nèti èèna ka, lod'o ne'e èdhi dui tare raa ari èdhi Yusuf èèna.","Te ngaa Ruben dhaa, peka na, Sèmi ne'e. Ja'a dhu peka le dènge miu, na, Miu baku tao sala mi dedha ana ne. ' Te ngaa miu mo'o boe nanene lii ja'a. Nèti èèna ka, hud'i laa ji'i huku pamadhe ne."
GEN 42:23,"They didn't know that Joseph understood them, for there was an interpreter between them.","Rèngu padhai lii ae-ae sèmi èèna, re'a boe na Yusuf ne'a lii rèngu kahèi. Lod'o Yusuf padhai lii dènge rèngu, na pake lii Masir, ho èèna na dhèu leo lole hari pake lii Ibrani.","Te ngaa dhèu sab'a se re'a boe, na, Yusuf ka dhu ne'a lii rèngu dua ra, lula abhu ca dhèu dhu bisa peka sasoa nèti lii rèngu dua ra."
GEN 42:24,"He turned himself away from them, and wept. Then he returned to them, and spoke to them, and took Simeon from among them, and bound him before their eyes.","Tadèngi ra padhai lii sèmi èèna hèia, Yusuf kèd'i eele si, la'e tangi asa era leo. Tangi nare, la'e hari pa'èci dènge si. Ka na pua dhèu èki Simeon ètu madha a'ari na sèra.","Hèia Na kabib'a asa kabodho, ka la'e tangi d'ara pèd'a. Ka la'e padhai lii dènge rèngu. Na ère nare Simeon nèti talora rèngu, ka èki ne ètu katanga madha rèngu aa'i-aa'i ra."
GEN 42:25,"Then Joseph gave a command to fill their bags with grain, and to restore each man's money into his sack, and to give them food for the way. So it was done to them.","Èle èèna ka, Yusuf paredha dhèu sab'a sèra, ho soli are asa d'ara karo a'a na si. Aa tao hari doi kab'ua are sèra, asa d'ara karo ra èci-èci. Ra tèke ètu hèb'a karo sèra. Na pua dhèu sab'a se'e, ho hia si dènge gee. Ka dhèu sab'a se'e lalau ka, madhutu ngaa dhu Yusuf paredha.","Èle èèna ka, Yusuf peka dènge ana madhutu na sèra, aku nèngu na, Lami kalabhe hari doi èci-èci asa d'ara sasusa rèngu. Aa hia hari si nganga'a-nganginu ètu d'ara kakako ra. Yusuf tao madhutu sèmi èèna kahèi."
GEN 42:26,"They loaded their donkeys with their grain, and departed from there.","Èle ka, a'a na si hua karo nganga'a sèra asa dedha badha keled'ei. Ka ra pakèd'i dènge ka.","Hèia dhèu sab'a se pakèd'i, rare nganga'a dènge keled'ei ra, ka ra pakèd'i tèke eele era èèna."
GEN 42:27,"As one of them opened his sack to give his donkey food in the lodging place, he saw his money. Behold, it was in the mouth of his sack.","Ropa d'ai talora j'ara, ra ae. Dhèu èci bhoke karo na, ho neo ani keled'ei na. Na ladhe la'a na, doi na ètu dedha are, ètu d'ara karo èèna.","Ètu d'ara èmu manèngi-mangaj'i, ca dhèu la'e bhoke sasusa na, ka na hia badha keled'ei na nganga'a. D'ai nèi, na ladhe nèdhi doi na ètu d'ara hèb'a."
GEN 42:28,"He said to his brothers, My money is restored! Behold, it is in my sack! Their hearts failed them, and they turned trembling to one another, saying, What is this that God has done to us?","Capa na cag'ag'a! Hèia na paroa a'a na si, peka na, Irii! Miu mai ladhe ku laa! Madhe èdhi kèna. Ra tao hari doi ja'a asa d'ara karo ne. Ladhe rèdhi èèna ka, ra ele ngangee, aa madha'u bia. Ka ra papeka ka, aku rèngu na, Ama Lamatua tao èdhi samia ka ne?","Ropa na tadèngi sèmi èèna, hèia na peka dènge angalai na sèra, aku nèngu na, Ira ii! Ja'a b'ae hari le, te ngaa limuri ne, ja'a heka b'ae hari kèna! Rèngu madha'u titu kèna, ka ra padhai lii èci dènge èci, aku rèngu na, Ira ii! Tasamia ka Ama Lamatua huku èdhi sèmi ne'e ne?"
GEN 42:29,"They came to Jacob their father, to the land of Canaan, and told him all that had happened to them, saying,","Hèia ra kako taruu ka, lasi d'ai Kana'an. D'ai nèi ka, ra lolo dènge ama ra, ngaa dhu rèngu paraga ètu rai Masir.","Ropa d'ai rai Kana'an, hèia lasi peka dènge ama ra, Yakob, aa'i-aa'i dhu j'aj'i le."
GEN 42:30,"The man, the lord of the land, spoke roughly with us, and took us for spies of the country.","Ra lolo, peka na, Ama, ee! Ai g'ana dhèu aae Masir èèna, bhelu titu kèna. Na jèka taruu ji'i. Na peka na ji'i la'a j'aj'i mata-mata ho neo pa'ele iie rai Masir.","Te ngaa lamatua oka ne padhai lii dènge ji'i dènge d'ara kateme. Na pangee, na, ji'i dhèu mata-mata nèti rai èèna."
GEN 42:31,"We said to him, ‘We are honest men. We are no spies.","Ka ji'i dhaa, peka na, ‘Aad'o! Ji'i se'e padhai lii mola-mola. Ji'i mata-mata boe.","Ka ji'i dhaa, peka na, Ji'i se dhèu dhu d'ara mola. Ji'i se dhèu mata-mata boe."
GEN 42:32,"We are twelve brothers, sons of our father, one is no more, and the youngest is today with our father in the land of Canaan. '","Ji'i se'e, dhèu be'a-be'a. Ji'i aa'i-aa'i mi, j'aj'i nèti ca ama, dhèu canguru dua. Te ngaa èci madhe le. Aa ari dhu limuri èèna, dènge ama ji'i ètu Kana'an. '","Ji'i dhèu canguru dua, a'ari. Ca dhèu madhe le. Ana limuri tèka, ètu èmu ama ji'i ètu rai Kana'an. '"
GEN 42:33,"The man, the lord of the land, said to us, ‘By this I will know that you are honest men, leave one of your brothers with me, and take grain for the famine of your houses, and go your way.","Na peka hari, aku nèngu na, ‘Ja'a neo kèdhi, na, miu se'e dhèu be'a, do aad'o! Miu èci, pea mi ne'e. Aa leo lèpa mèti nganga'a hia a'ari miu, sèna ka ra baku madhe manganga.","Ka lamatua oka ne pua ji'i, aku nèngu na, Ne'e ne, ja'a neo ke'a, na, miu se dhèu dhu d'ara mola. Ladhe sèmi èèna, miu bisa tèke eele a'ari miu ca dhèu, sèna ka madhutu ja'a. Ladhe d'ai lod'o manganga, miu bisa mèti nganga'a, ho lèpa ka."
GEN 42:34,"Bring your youngest brother to me. Then I will know that you are not spies, but that you are honest men. So I will deliver your brother to you, and you shall trade in the land. '","Hud'i miu mèti ku ari miu èèna mai sa ne'e, heka ja'a ke'a kèna, tare'a-re'a miu se'e dhèu be'a, mata-mata boe. Èèna na, heka ja'a patabuli dhèu miu dhu ja'a taha ne. Aa dènge sèmi èèna, ja'a heka ko'o kèna, miu kako palème dedha rai ne'e. '","Hèia na peka hari, aku nèngu na, Be'a risi miu mèti a'a limuri ne mai sa ja'a. Ladhe sèmi èèna, ja'a ke'a, na, miu dhèu dhu d'ara mola, aa dhèu mata-mata boe. De ja'a hia a'a miu mai, sèna ka miu bisa d'aga ètu ne'e. '"
GEN 42:35,"As they emptied their sacks, behold, each man's bundle of money was in his sack. When they and their father saw their bundles of money, they were afraid.","Lolo èle hèia, heka ra bhoke karo-karo rèngu dhu pènu dènge are sèra. Te ngaa ra cag'ag'a ladhe la'a na doi rèngu sèra aa'i-aa'i ra, ètu hèb'a karo. Rèdhi sèmi èèna, Yakob dènge ana-ana na madha'u titu kèna.","Ropa ra ceb'e eele doi ra, kaca'a laa, rèngu ca dhèu-dhèu ka tèke doi asa d'ara kas. Ropa ina-ama ra ladhe rèdhi doi se, hèia ra madha'u titu kèna."
GEN 42:36,"Jacob, their father, said to them, You have bereaved me of my children! Joseph is no more, Simeon is no more, and you want to take Benjamin away. All these things are against me.","Hèia Yakob padhai lii dènge si, peka na, Miu se, pa'ele le ana-ana ja'a. Yusuf aad'o heka. Sèmi èèna kahèi, Simeon. Ne'e miu neo mèti hari Benyamin kèna? Miu se'e, tare'a-re'a neo paj'èra ja'a!","Te ngaa Yakob b'ala si, aku nèngu na, A'ari aa'i-aa'i! Miu pamanahu le ja'a, lula ana-ana ja'a aad'o heka! Yusuf aad'o heka! Aa Simeon aad'o heka! Nga tao ka miu tenge Benyamin ho mèti? Ja'a d'èi boe miu se aa'i-aa'i!"
GEN 42:37,"Reuben spoke to his father, saying, Kill my two sons, if I don't bring him to you. Entrust him to my care, and I will bring him to you again.","Hèia Ruben peka dènge ama na, aku nèngu na, Ama, ee! Pangèd'u laa Benyamin asa ja'a mai. Ja'a tago kore. Ja'a jaji kèna mi ama ku, èèna ja'a kèti hari na mai. Te ngaa ladhe aad'o, na ja'a hia ana ja'a, mone dhèu dua sèra ho ama pamadhe aa'i si.","Èle èèna ka, Ruben padhai lii dènge ama na, aku nèngu na, Sèmi ne'e. Hud'i laa èu pamadhe ana ja'a dhèu dua sèra. Ladhe ja'a hia boe ne mai asa èu, na, èu hud'i hia ne asa ja'a, sèna ka ja'a ladhe-leru ne."
GEN 42:38,"He said, My son shall not go down with you, for his brother is dead, and he only is left. If harm happens to him along the way in which you go, then you will bring down my gray hairs with sorrow to Sheol.","Te ngaa Yakob dhaa hari, peka na, Bisa boe! Miu bisa boe mèti Benyamin. Te a'a na Yusuf, madhe le. Ne'e, di nèngu ka mesa na. Ladhe na abhu calaka ètu j'ara, miu tabha babia mi ja'a, toke madhe kèti.","Te ngaa Yusuf dhaa, aku nèngu na, Sèmi ne'e! Ana ja'a bisa boe puru palere-lere dènge miu. Te ari na madhe le. Nèngu mesa na di dhu mamuri. Ladhe ètu talora j'ara miu abhu j'aj'èra, tatu miu pèci eele rèu kètu ja'a sèra asa d'ara ro'a dhèu madhe."
GEN 43:1,The famine was severe in the land.,"Tèu èèna, ètu rai Kana'an asa tabha manganga.","Nèbhu boe ka, lod'o manganga èèna j'aj'i kapai titu kèna ètu rai-haha ne."
GEN 43:2,"When they had eaten up the grain which they had brought out of Egypt, their father said to them, Go again, buy us a little more food.","Isi èmu Yakob ra'a aa'i le nganga'a dhu ca hari na, ana na si lasi hèli ètu Masir. Ka na padhai lii dènge ana na si, Be'a risi lami hari hèli nganga'a asa rai Masir.","Ropa ra'a aa'i mèu-mèu, hèia ama ra peka, aku nèngu na, Be'a risi miu lami hèli nganga'a ciki nèti rai Masir hia ji'i."
GEN 43:3,"Judah spoke to him, saying, The man solemnly warned us, saying, ‘You shall not see my face, unless your brother is with you. '","Te ngaa Yahuda b'ala, peka na, Ama, ca hari na ai g'ana dhèu aae Masir dhu pasanèd'e le ji'i, aku nèngu na, ji'i bisa boe pad'elo rèhu mi nèngu, ladhe ji'i ngèti boe ari ji'i dhu limuri, Benyamin èèna.","Hèia Yudas peka dènge ne, aku nèngu na, Sèmi ne'e. Dhèu ne'e ka dhu pasanèd'e èdhi, peka na, Ladhe a'ari èu madhutu boe èu, èu bisa boe ladhe mèdhi rèhu ja'a. '"
GEN 43:4,"If you'll send our brother with us, we'll go down and buy you food,","Nèti èèna ka, ama ku hud'i laa hia ji'i ngèti Benyamin. Heka ji'i bisa la'a hèli nganga'a hia ama ku kèna.","Be'a kahèi ladhe ama pua a'ari ji'i la'a palere-lere dènge ji'i. Ladhe sèmi èèna, ji'i la'a hèli nganga'a hia miu."
GEN 43:5,"but if you don't send him, we won't go down, for the man said to us, ‘You shall not see my face, unless your brother is with you. '","Te ngaa ladhe ama patabuli boe nèngu, ji'i oo la'a boe kahèi. Lula dhèu Masir na peka le sèmi èèna.","Te ngaa ladhe aad'o, ji'i la'a boe. Te dhèu èèna peka le, na, Miu bisa boe ladhe mèdhi rèhu ja'a, ladhe a'ari miu madhutu boe miu. '"
GEN 43:6,"Israel said, Why did you treat me so badly, telling the man that you had another brother?","Hèia Yakob jèke si, peka na, Nga tao ka miu lolo dènge dhèu èèna, peka na, miu dènge ari èci era? Miu tenge j'ara ho paj'èra tabha ja'a!","Te ngaa dhèu Isra'el ne dhaa, aku nèngu na, Nga tao ka èu peka dènge dhèu èèna, na, Èu dènge a'ari dhu leo?"
GEN 43:7,"They said, The man asked directly concerning ourselves, and concerning our relatives, saying, ‘Is your father still alive? Have you another brother? ' We just answered his questions. Is there any way we could know that he would say, ‘Bring your brother down'?","Ka ra dhaa, peka na, Baku nasa ama, ee! Te lula dhèu ne, karèi taruu-taruu neo ne'a a'ari èdhi. Na karèi peka na, ‘Tasamia? Ama mi era, do? Miu dènge hari ari dhèu mone dhu leo, do? ' Sèmi èèna na, ji'i dhaa tasamia hari? Pakaseti ka ji'i dhaa ka laa, dènge mola-mola. Te pe, cee ne'a na pua ji'i ngèti hari ari ji'i sa nèi?","Ka ra pab'ala, peka na, Dhèu ne karèi ji'i dènge a'ari ji'i dhèu Yahudi, peka na, Ama miu mamuri era, do? Abhu hari ari miu, do? ' Ji'i dhaa dhoka ca hèb'a di. Te ji'i nge'a, na, Nèngu neo mai, sèna ka hia a'ari miu mai."
GEN 43:8-9,"Judah said to Israel, his father, Send the boy with me, and we'll get up and go, so that we may live, and not die, both we, and you, and also our little ones. I'll be collateral for him. From my hand will you require him. If I don't bring him to you, and set him before you, then let me bear the blame forever,","Ka Yahuda padhai lii hari, aku nèngu na, Ama hud'i patabuli ku Benyamin la'e dènge ji'i. Ja'a jaji mema, ladhe j'aj'i ngaa-ngaa mi ngi'u ari ji'i ne'e, ja'a ka dhu gati ne. Ladhe ja'a kèti heka nèngu mai asa d'ara kacui-aai ama ku dènge mamuri, hud'i laa sasala na ama ku pasae mi dedha ja'a toke madhe. Nèti èèna ka, ama ku hia la, ho ji'i sama-sama la'a dènge ne, te ji'i neo pakèd'i kèna. De karohe mai lati ka, sèna ka cahag'e baku madhe manganga.","Hèia Yahuda peka dènge ama na, Isra'el, aku nèngu na, Ama! Hud'i laa ana ne lèpa hari mai dènge ja'a. Te ji'i neo kèd'i ho lati, sèna ka ji'i bisa mamuri taruu. Te ji'i, ama, dènge ana iiki ji'i bisa boe madhe. De ladhe ja'a hia boe ne mai, ho hia ne asa madha ama, na, hud'i laa ja'a ka dhu pasae sasala ne toke d'ai mia-mia la'e."
GEN 43:10,"for if we hadn't delayed, surely we would have returned a second time by now.","Ladhe sèmi èdhi mate boe panèbhu sèmi ne'e, na, èdhi lati-mai dua hari le.","Te ladhe ji'i dhae d'ai mèka pèri-pèri lod'o, tatu ji'i dhu lèpa hari le asa nèi."
GEN 43:11,"Their father, Israel, said to them, If it must be so, then do this, Take from the choice fruits of the land in your bags, and carry down a present for the man, a little balm, a little honey, spices and myrrh, nuts, and almonds,","Hèia ama ra padhai lii, peka na, Ladhe sèmi èèna, na, miu nanene! Lami mere isi rai èdhi dhu be'a risi, sèmi, dhua nasu oni, bubhu-bubhu, raa aj'u hèu mèngi, èi na'i salap, kanari dènge kab'ui dhu leo sèra. Ho sèna ka mèti hia ai g'ana dhèu aae Masir èèna. Aa peka dènge ne, ne'e ne tadha mata.","Hèia baki Isra'el peka dènge rèngu, aku nèngu na, Ladhe sèmi èèna, miu hud'i tao ku sèmi ne'e, miu hud'i tao ku sèmi ne'e ku, nèti hua-hela dhu be'a risi ètu d'ara oka miu, ho mèti asa d'ara kasasi ho hia mi dhèu èèna. Nèti hua-hela se, miu hud'i tao ku sèmi ne'e, hua aj'u hèu mèngi, hua aj'u hèu mèngi, dènge aj'u hèu mèngi, sèna ka hia mi dhèu ne'e."
GEN 43:12,"and take double money in your hand, and take back the money that was returned in the mouth of your sacks. Perhaps it was an oversight.","Aa miu mèti doi risi eele nèti ca hari ni, sèna ka miu bisa hia hari doi kab'ua are uru sèra la'a, dhu miu mèdhi ètu d'ara karo miu sèra. Tao-tao dhèu sèra re'a boe, ka tèka sala.","De ladhe èu neo more doi se'e nèti d'ara kacui-aai èu, na, èu hud'i more hari doi se'e, dua-dua hari. Ladhe aad'o, na, èu tenge hari doi se nèti d'ara kacui-aai èu. Ladhe aad'o, na, èu tenge hari doi se'e nèti d'ara kacui-aai èu."
GEN 43:13,"Take your brother also, get up, and return to the man.",Miu mèti ari mu. De èèna na lèpa hari lai-lai!,"Mèti ku ari mu, ho lèpa hari asa dhèu bhelu èèna."
GEN 43:14,"May God Almighty give you mercy before the man, that he may release to you your other brother and Benjamin. If I am bereaved of my children, I am bereaved.","Ja'a sanao-maena, sèna ka, Ama Lamatua dhu dènge Koasa Kapai Risi Eele èèna, sab'a mi d'ara ai g'ana dhèu aae Masir èèna, sèna ka na sue miu. Aa na hia hari Benyamin dènge Simeon lèpa palere dènge miu. Te, ladhe ana ja'a se ele, hud'i laa ja'a pasae j'aj'èra ne'e taruu.","Ja'a manèngi-mangaj'i mi Ama Lamatua dhu koasa kapai risi eele èèna. Ja'a manèngi sèna ka dhèu èèna, pad'elo d'ara hua iia Na mi èu, ho na patabuli hari ari mu ca dhèu, dènge Benyamin. Ladhe ja'a madhe, na, ja'a madhe kèna."
GEN 43:15,"The men took that present, and they took double money in their hand, and Benjamin, and got up, went down to Egypt, and stood before Joseph.","Hèia lasi pakaboko tadha mata sèra dènge doi, ka lasi asa Masir. Rèti kahèi dènge Benyamin. D'ai nèi ka lasi paraga dènge Yusuf.","Èle èèna ka, Yusuf dènge Benyamin kèd'i dènge ka, pakèd'i lasi asa Masir. D'ai nèi, ra patitu kètu urutuu ètu madha Yusuf."
GEN 43:16,"When Joseph saw Benjamin with them, he said to the steward of his house, Bring the men into the house, and butcher an animal, and prepare, for the men will dine with me at noon.","Ropa Yusuf nèdhi Benyamin dènge a'a na si, na pua kapala urusan na, aku nèngu na, Lere mèti dhèu se'e sa èmu ja'a! Ho èèna na, pare sapi ci'u, mi pananasu nganga'a dhu be'a. Sèna ka lod'o nètu none, ra'a dènge ja'a.","Ropa Yusuf ladhe nèdhi Benyamin la'e dènge rèngu, hèia na peka dènge kapala urusan èmu na, aku nèngu na, Ama! Mèda ne'e, èu mèti dhèu èu mai asa d'ara èmu ja'a. De lamu kanate badha ci'u, sèna ka sadia nganga'a aa'i-aa'i sèra. Te bèi-baki ja'a neo ra'a sama-sama dènge ja'a ètu d'ara lod'o nihia."
GEN 43:17,"The man did as Joseph commanded, and the man brought the men to Joseph's house.","Hèia kapala urusan èèna, tao sama sèmi lii paredha Yusuf èèna. Na lere nèti dhèu sèra asa èmu Yusuf.","Ropa tadèngi nare lii manèngi Yusuf, hèia kapala èmu manèngi-mangaj'i ne tao madhutu. Ka lere nèti dhèu kapai se asa èmu na."
GEN 43:18,"The men were afraid, because they were brought to Joseph's house, and they said, Because of the money that was returned in our sacks the first time, we're brought in, that he may seek occasion against us, attack us, and seize us as slaves, along with our donkeys.","Ropa ra kako lasi èmu èèna, a'a na sèra madha'u bia. Ètu talora j'ara, ra papeka, aku rèngu na, We! Nga tao ka na pua rèti èdhi sa ne'e? Mage dhoka na neo pasusa èdhi. Lula doi dhu ra tao hari asa d'ara karo èdhi ca hari na. Ra sangaja rèti èdhi sa ne'e, sèna ka ra kèpa èdhi j'aj'i ènu nèngu. Ho èèna na, ra parama rara keled'ei èdhi sèra.","Rèngu aa'i-aa'i ra madha'u, lula dhèu lere rèti si asa èmu Yusuf. Ka ra papeka isi-aanga ra, aku rèngu na, Sèmi ne'e! Ra pamaso ji'i asa èmu ne'e, ho neo tenge j'ara neo pamadhe ji'i. Ra neo kèpe ji'i kahèi, sèna ka j'aj'i ènu, sama-sama dènge keled'ei ji'i sèra. Te uru èèna, rèngu pamaso hari doi sèra ètu d'ara sakasii ji'i. Nèti èèna ka, ji'i aa'i-aa'i mi mate ne."
GEN 43:19,"They came near to the steward of Joseph's house, and they spoke to him at the door of the house,","Nèti èèna ka, ropa ra dètu èmu Yusuf na, ra padhai lii dènge kapala urusan èèna, peka na,","Ropa rèngu d'ai madha kapala j'aga èmu Yusuf, ka ra padhai lii dènge ne ètu hèb'a èmu."
GEN 43:20,"and said, Oh, my lord, we indeed came down the first time to buy food.","Ama! Baku nasa dènge ji'i, te ca hari na dhu ji'i mai hèli nganga'a ètu ne'e.","Hèia ana bhèni se dhaa, aku rèngu na, Ama! Ji'i puru mai deo na, sèna ka hèli nganga'a."
GEN 43:21-22,"When we came to the lodging place, we opened our sacks, and behold, each man's money was in the mouth of his sack, our money in full weight. We have brought it back in our hand. We have brought down other money in our hand to buy food. We don't know who put our money in our sacks.","Ropa ji'i lèpa d'ai talora j'ara, ji'i ae ngara iisi, ho bhèj'i ciki. Hèia ji'i bhoke karo ho neo panga'a badha. Ladhe la'a na, doi bab'ae ji'i èci-èci ka ètu d'ara karo sèra. Ji'i nge'a boe cee ka dhu tao la'a! Nèti èèna ka, ji'i ngèti hari doi sèra ka se'e. Ji'i manèngi sèna ka ama ku baku nasa. Aa ji'i ngèti doi ka risi kahèi, neo hèli hari nganga'a.","Ropa ji'i d'ai era manèngi-mangaj'i, ji'i bhoke hèb'a ji'i. Kaca'a laa, ji'i ngèdhi doi se ètu d'ara hèb'a dhèu èci-èci. Ji'i bhoke hari doi se, sèna ka ji'i bisa hèli nganga'a-nganginu. Te ngaa ji'i nge'a boe cee ka dhu tèke doi se ètu d'ara hèb'a ji'i."
GEN 43:23,"He said, Peace be to you. Don't be afraid. Your God, and the God of your father, has given you treasure in your sacks. I received your money. He brought Simeon out to them.","Hèia kapala urusan èèna dhaa, aku nèngu na, Mau-mau, baku madha'u! Ele boe Lamatua miu èèna ka dhu hia miu berkat ètu d'ara karo sèra. Ca hari na, ja'a sèmi le doi miu aa'i-aa'i. Miu pakèlu boe! D'ai èmu ka, na patalale Simeon pa'èci dènge rèngu.","Ka dhèu sab'a ne dhaa, peka na, Baku madha'u! Hud'i laa sèna ka èu mamuri dame dènge mera-milu. Te Ama Lamatua èèna, nuka Ama Lamatua nèti bèi-baki èu. Nèngu ka dhu hia èu mèdha-panyau ae-ae ètu d'ara sasusa èu. Ja'a sèmi kore le doi èu sèra. Hèia Yusuf nèti Simeon asa madha rèngu."
GEN 43:24,"The man brought the men into Joseph's house, and gave them water, and they washed their feet. He gave their donkeys fodder.",Ka aa'i-aa'i ra lasi asa d'ara èmu Yusuf. Hèia kapala urusan èèna hia èi ho ra rase haga ra. Aa na ani keled'ei si hèi.,"Èle èèna ka, pegawi kapai ne lere nèti dhèu dua se asa èmu Yusuf. Ka na hia si èi. Ka ra rase haga si. Hèia na hia keled'ei ra'a."
GEN 43:25,"They prepared the present for Joseph's coming at noon, for they heard that they should eat bread there.","Ka na peka dènge si, aku nèngu na, Ladhe èèna na, lod'o nètu miu mi'a dènge ai g'ana dhèu aae. D'ara ra tatae Yusuf lèpa, rèngu lalau paie tadha mata ra sèra.","Ra tadèngi, peka na, Èdhi aa'i-aa'i ti bisa ta'a-tinu ètu èèna. Nèti èèna ka, ropa d'ai lod'o titu mera sa, dhèu kapai se sadia nganga'a hia Yusuf."
GEN 43:26,"When Joseph came home, they brought him the present which was in their hand into the house, and bowed themselves down to the earth before him.","Ropa Yusuf d'ai èmu, aa'i-aa'i ra patitu kètu urutuu ètu madha na. Ka ra j'ole tadha mata sa hia ne.","Ropa Yusuf d'ai èmu, ka rèngu rèti mèdha èèna asa d'ara èmu. Ka ra patitu kètu urutuu ètu madha Yusuf."
GEN 43:27,"He asked them of their welfare, and said, Is your father well, the old man of whom you spoke? Is he yet alive?","Hèia Yusuf karèi si, peka na, Tasamia? Miu be'a-be'a, do? Tasamia dènge ama miu dhu heka èèna? Na be'a-be'a, do?","Hèia Yesus karèi si, aku Nèngu na, Tasamia? Ama miu èle le, do aad'o? Dhèu heka ne mamuri hari, do aad'o?"
GEN 43:28,"They said, Your servant, our father, is well. He is still alive. They bowed down humbly.","Ra dhaa, aku rèngu na, Ènu ama dhu heka na, dhu ama matana ji'i, be'a-be'a. Hèia ra patitu kètu urutuu pahaha iisi hari mi Yusuf.","Ka ra dhaa, aku rèngu na, Ama, ee! Dhèu sab'a èdhi ne, èle le nèti papèd'a. Na mamuri hari le. Hèia dua ra pahaha iisi, ka patitu kètu urutuu."
GEN 43:29,"He lifted up his eyes, and saw Benjamin, his brother, his mother's son, and said, Is this your youngest brother, of whom you spoke to me? He said, God be gracious to you, my son.","Hèia Yusuf ladhe palème, ka nèdhi ari na Benyamin. Rèngu dua ra se, ina-ama èci. Hèia, aku nèngu na, Ooo! Ne'e ne ka ari miu dhu limuri, dhu ca hari na miu lolo èèna, do? Ka na lii dènge Benyamin, aku nèngu na, Ana, ee! Ja'a sanao, sèna ka Ama Lamatua hia èu mamuri dènge mera-milu.","Ropa na ladhe nèdhi sèmi èèna, hèia na ladhe nèdhi ari na, Benyamin. Nèngu ne, ana nèti ina na. Ka na karèi, aku nèngu na, Tasamia? Nèngu ne, ari mu dhu ana iiki, dhu èu peka mema le dènge ja'a èèna, do? Hèia Yakob dhaa, aku nèngu na, Ja'a manèngi sèna ka Ama Lamatua pad'elo d'ara hua iia Na mi èu, ana ja'a."
GEN 43:30,"Joseph hurried, for his heart yearned over his brother, and he sought a place to weep. He entered into his room, and wept there.","Ropa ladhe nèdhi Benyamin ne, d'ara Yusuf karej'e bia, lula na sue ari na ae titu kèna. Na taha nare heka d'ara na. Ka na kako eele si la'e sa d'ara kama na. Ka na tangi ngob'i-ngob'i ètu èèna.","Hèia Yusuf la'e dènge ka asa d'ara kama na, ka na tangi d'ara pèd'a. Te d'ara na manyasa, lula ari na madhe le. Ka na patangi-tenge era ho tangi."
GEN 43:31,"He washed his face, and came out. He controlled himself, and said, Serve the meal.","Tangi nare hèia, la'e riu katanga madha na. Èle èèna ka, na pa'èra d'ara na, ka la'e hari paraga dènge si. Hèia na pua dhèu sab'a sèra lasi lalau nganga'a.","Ropa tadèngi nare, ka Yesus rase rèhu Na, hèia la'e asa li'u. Ka Na paredha si, aku Nèngu na, Hia dhèu ra'a-rinu se, sèna ka ra'a."
GEN 43:32,"They served him by himself, and them by themselves, and the Egyptians who ate with him by themselves, because the Egyptians don't eat with the Hebrews, for that is an abomination to the Egyptians.","Ra lalau nganga'a hia Yusuf mei leo. Aa a'ari na sèra ra'a mei leo. Dhèu sab'a dhèu Masir sèra, ra'a ètu mei rèngu mesa ra. Lula dhèu Masir sèra madenge ladhe madhèdi ra'a pa'èci dènge dhèu Ibrani.","Dhèu Masir sèra d'èi boe ra'a-rinu pa'èci dènge dhèu Ibrani. Nèti èèna ka, dhèu Masir sèra pusi-pahae boe ra'a-rinu pa'èci dènge dhèu Ibrani. Nèti èèna ka, rèngu pusi-pahae boe ne. Rèngu pusi-pahae boe ne, te rèngu pusi-pahae boe ne. Aa dhèu Masir sèra pusi-pahae boe ne kahèi."
GEN 43:33,"They sat before him, the firstborn according to his birthright, and the youngest according to his youth, and the men marveled with one another.","Kapala urusan èèna ator sèna ka a'ari Yusuf sèra, madhèdi patangara dènge Yusuf. Na ator hia si madhèdi mulai nèti a'a uru, padhutu-dhutu toke ari ra dhu limuri. Ropa ra ladhe rèdhi j'ara madhèdi sèmi èèna, ra malaa.","Rèngu aa'i-aa'i ra madhèdi ètu madha Yesus. Ana uuru, madhutu hak ana uuru, aa ana limuri, madhutu hak ana limuri. Ana ngèru se aa'i-aa'i ra malaa titu kèna."
GEN 43:34,"He sent portions to them from before him, but Benjamin's portion was five times as much as any of theirs. They drank, and were merry with him.","Yusuf pua dhèu sab'a sèra, bagi nganga'a nèti mei nèngu, hia a'ari na sèra. Aa'i-aa'i ra abhu nganga'a dhu ae sama. Dhoka Benyamin di abhu ae risi a'a na si lèmi hari. Ka ra'a-rinu d'ai bècu.","Èle èèna ka, na hia Benyamin pala ra cahag'e, lèmi hari risi nèti rèngu dua ra. Ka ra rinu dènge karej'e-karae, ka ra pakarej'e d'ara."
GEN 44:1,"He commanded the steward of his house, saying, Fill the men's sacks with food, as much as they can carry, and put each man's money in his sack's mouth.","Ra'a-rinu rara hèia, Yusuf paholo dènge kapala urusan na, aku nèngu na, Ssst! Èu lamu isi are asa d'ara karo dhèu sèi, papènu d'ai hèb'a. Èle èèna na, èu tao hari doi ra, asa d'ara karo ra èci-èci.","Hèia Yesus paredha kapala j'aga èmu ne, aku Nèngu na, Soru-bara dhèu sèra, pènu nganga'a toke bècu. Èci-èci hud'i tao ku ètu d'ara hèb'a na, sèna ka dhèu se bisa ra'a."
GEN 44:2,"Put my cup, the silver cup, in the sack's mouth of the youngest, with his grain money. He did according to the word that Joseph had spoken.","Aa more moo hualaa pudhi ja'a èèna, ho tao asa d'ara hèb'a karo ari ra dhu limuri èèna. Ka na la'e tao madhutu lii paredha Yusuf.","Èle èèna ka, Yusuf padhai lii dènge Yusuf, aku nèngu na, Èu hud'i pamaso ku galaa ja'a asa d'ara bokor ana limuri ne, palere-lere dènge doi na. Èle èèna ka, Yusuf tao madhutu lii padhai Yusuf."
GEN 44:3,"As soon as the morning was light, the men were sent away, they and their donkeys.","Asa bèli d'ara cika lii sa, Yusuf hia si lèpa. Rèti nganga'a dènge keled'ei rèngu.","Mad'ae aae era, dhèu sab'a se lèpa dènge keled'ei ra."
GEN 44:4,"When they had gone out of the city, and were not yet far off, Joseph said to his steward, Up, follow after the men. When you overtake them, ask them, ‘Why have you rewarded evil for good?","Ra lasi dhae kaj'èu mèka nèti d'ara kota, ka Yusuf paredha kapala urusan, peka na, Èu karohe lamu magèla si. Ladhe paraga dènge si, èu peka sèmi ne'e, ‘Nga tao ka miu pake d'ara aapa sèmi èèna mi ai g'ana dhèu aae? Miu b'ala babe'a na dènge tatao karehe sèmi ne'e!","Ropa rèngu d'ai li'u, hèia Yusuf pua kapala urusan na, aku nèngu na, Yusuf! Lamu madhutu dhèu se'e! Ropa èu paraga dènge si, karèi si, peka na, Nga tao ka miu b'ala bhabhelu dènge be'a?"
GEN 44:5,"Isn't this that from which my lord drinks, and by which he indeed divines? You have done evil in so doing. '","Nga tao ka, miu mana'u mèti moo hualaa pudhi na? Miu me'a boe, do? Mèdha èèna na, na pake boe ho dhoka ninu di! Te ngaa biasa na pake ho ne'a tasamia dènge mamuri dhèu. Èèna, mèdha sogo-tagu! Tatao miu ne, mema seli-kolane! '","Nèti èi anggor ne'e ka, lamatua ja'a kinu èi anggor. Aa nèti èi anggor ne'e ka, nèngu bisa ne'a mèu ngaa dhu bèli-camèd'a j'aj'i. De baku bhèlu! Lula èu mesa mu ka dhu ad'u-ue bhabhelu-katub'a! '"
GEN 44:6,"He overtook them, and he spoke these words to them.","Èle èèna ka, kapala urusan èèna la'e magèle si toke abhu. Ropa na raga si, hèia na peka sèmi ngaa dhu Yusuf moa èèna.","Hèia Na liku nare si, ka Na padhai lii, peka na,"
GEN 44:7,"They said to him, Why does my lord speak such words as these? Far be it from your servants that they should do such a thing!","Ka ra bari ne, aku rèngu na, Ama peka ngaa èèna? Ji'i subha. Ji'i se'e bisa boe tao karehe sèmi èèna!","Te ngaa dhèu se dhaa, aku rèngu na, Ira ii! Nga tao ka lamatua ji'i neo padhai lii sèmi èèna? Hud'i laa, ji'i dhèu sab'a èu baku tao sèmi èèna!"
GEN 44:8,"Behold, the money, which we found in our sacks' mouths, we brought again to you out of the land of Canaan. How then should we steal silver or gold out of your lord's house?","Ama, èu me'a era, si ma? Doi-doi ca hari sa, dhu ètu d'ara karo ji'i sèra, ji'i hia hari le sa ama, to? Tasamia ka ji'i bisa mana'u hualaa iia do hualaa pudhi ètu d'ara èmu dhèu kapai èèna! Bisa boe!","De ladhe ku laa! Ji'i rèti hari doi dhu ji'i abhu ètu d'ara sasusa ji'i, nèti ji'i kalua nèti rai Kana'an. De ji'i ngo'o boe mana'u hari doi hualaa do, doi pudhi nèti lamatua ji'i. Te ngaa tasamia ka ji'i bisa mana'u hari nèti èmu lamatua ji'i?"
GEN 44:9,"With whomever of your servants it is found, let him die, and we also will be my lord's slaves.","Ama parisa la! Ladhe abhu mèdha èèna ètu d'ara karo cee, na huku pamadhe ne! Aa hud'i laa, ji'i dhu leo se'e, j'aj'i ènu èu.","Ladhe abhu ènu èu ca dhèu, na, hud'i madhe ku palere-lere dènge ne. Ladhe aad'o, na, ji'i j'aj'i ènu nèngu kahèi."
GEN 44:10,"He said, Now also let it be according to your words. He with whom it is found will be my slave, and you will be blameless.","Hèia kapala urusan na dhaa, peka na, Aad'o! Sèmi ne'e. Ladhe abhu moo èèna ètu cee, na dhoka nèngu di j'aj'i ènu ja'a. Miu dhu leo lèpa.","Hèia dhèu sab'a ne dhaa, peka na, Tare'a! Ladhe sèmi lii èu èèna, na, j'aj'i sama sèmi èèna. Cee ka dhu abhu mèdha èèna, nèngu j'aj'i mi ènu ja'a, aa miu j'aj'i dhèu dhu dènge boe sasala ciki sa."
GEN 44:11,"Then they hurried, and each man took his sack down to the ground, and each man opened his sack.",Ra papuru ka karo sèra. Ka ra bhoke dènge.,"Ropa tadèngi nare, hèia dhèu pajuu-paleha Lamatua sèra rai dènge ka, èci-èci bhoke rare sasusa ra asa rai."
GEN 44:12,"He searched, beginning with the oldest, and ending at the youngest. The cup was found in Benjamin's sack.","Hèia kapala urusan èèna parisa karo sèra èci-èci, mulai nèti karo unu a'a na, toke d'ai ari limuri tèka. Ka nèdhi moo èèna, ètu d'ara karo Benyamin.","Ka na patangi-tenge toke d'ai èle, mulai nèti ana uuru, toke d'ai ana limuri. Hèia ladhe rèdhi galaa èci ètu d'ara sasusa Benyamin."
GEN 44:13,"Then they tore their clothes, and each man loaded his donkey, and returned to the city.","Rèdhi sèmi èèna hèia, d'ara a'a na sèra j'èra ma'ète mae-mae sène. Hèia ra paca'e hari ka karo deo sa asa dedha keled'ei, ka ra lèpa hari asa d'ara kota.","Ropa ra tadèngi rare, hèia dhèu pajuu-paleha Lamatua se ci'u pamae sig'i-kalolo ra, ka ra lèpa asa d'ara kota."
GEN 44:14,"Judah and his brothers came to Joseph's house, and he was still there. They fell on the ground before him.","Ropa ra d'ai èmu Yusuf, na ètu èmu era. Hèia ra patitu kètu urutuu ètu madha na.","Ropa Yahuda dènge ari na sèra d'ai èmu Yusuf, ka ra bèbha d'ai rai, ka ra patitu kètu urutuu ètu madha Yusuf. Te nèngu pea era ètu èmu èèna."
GEN 44:15,"Joseph said to them, What deed is this that you have done? Don't you know that such a man as I can indeed do divination?","Yusuf jèka si, aku nèngu na, He! Nga tao ka miu tao ne'e mi ja'a! Miu me'a boe, ja'a ne dhèu kapai ètu ne'e. Ja'a pake na'i dhu bisa ke'a tatao dhèu, dhu dhèu leo re'a boe!","Te ngaa Yusuf jèke si, aku nèngu na, Tasamia ka miu se tao sèmi ne'e? Miu me'a le, si? Ja'a ne dhèu d'èlu-mèu, aa ja'a ne dhèu d'èlu-mèu ladhe ngèdhi j'ara-j'ara dhu j'aj'i bèli-camèd'a."
GEN 44:16,"Judah said, What will we tell my lord? What will we speak? How will we clear ourselves? God has found out the iniquity of your servants. Behold, we are my lord's slaves, both we and he also in whose hand the cup is found.","Hèia Yahuda dhaa, aku nèngu na, Irii! Te Ama Lamatua pasabhoka kèna sasala èdhi. Pe ji'i peka lii mia hari, ama? Ji'i sili iisi sa mia hari? Ladhe ama neo taha ari ji'i ne'e, na be'a risi, taha ji'i aa'i-aa'i mi. More ji'i aa'i-aa'i, j'aj'i mi ènu ama ka laa.","Ropa Yudas tadèngi nare, hèia na karèi hari, aku nèngu na, Ji'i neo peka ngaa hari mi lamatua ji'i? Ji'i neo padhai lii ngaa hari? Ji'i neo padhai lii sèmi ngaa hari? Lula Lamatua dhu ne'a le j'ara-j'ara bhelu-katub'a èdhi dhèu sab'a èu sèra. De ladhe ku laa! Ji'i se ènu nèti lamatua ji'i. Sèmi èèna kahèi, ji'i se ènu nèti lamatua ji'i. Sèmi èèna kahèi dènge lamatua ji'i dhu abhu galaa èèna."
GEN 44:17,"He said, Far be it from me that I should do so. The man in whose hand the cup is found, he will be my slave, but as for you, go up in peace to your father.","Te ngaa Yusuf dhaa, aku nèngu na, Aad'o! Abhu moo èèna ètu cee, na nèngu di dhu j'aj'i ènu ja'a. Miu dhu leo, lèpa hari dènge mera-milu sa ama miu!","Te ngaa Esau b'ala, aku nèngu na, Baku sèmi èèna! Te dhèu dhu abhu cangkir èèna, nèngu ka dhu j'aj'i ènu ja'a. Te ngaa èu bisa lèpa hari asa ama mu dènge mera-milu."
GEN 44:18,"Then Judah came near to him, and said, Oh, my lord, please let your servant speak a word in my lord's ears, and don't let your anger burn against your servant, for you are even as Pharaoh.","Hèia Yahuda la'e padètu asa madha Yusuf, ka na padhai lii, aku nèngu na, Ama wakil! Ja'a ke'a koasa ama sama sèmi koasa dhèu aae! Uru nèti èèna, ja'a manèngi ama baku nasa dènge ja'a. Ja'a neo padhai lii ciki dènge ama.","Ropa tadèngi nare lii manèngi ne, hèia Yahuda la'e padètu-dètu dènge ne, ka na lii, aku nèngu na, Ama, ee! Hud'i laa ja'a padhai lii ca j'ara hia ama. Ja'a manèngi sèna ka ama baku nasa dènge ja'a. Te ama sama sèmi dhèu aae Masir."
GEN 44:19,"My lord asked his servants, saying, ‘Have you a father, or a brother? '","Med'a na, ama karèi le ji'i, peka na, ‘Ama miu, dènge ari miu dhu èci na, era do? '","Hèia lamatua ja'a karèi dhèu sab'a na sèra, peka na, Miu se, dènge ama, do, a'ari? '"
GEN 44:20,"We said to my lord, ‘We have a father, an old man, and a child of his old age, a little one, and his brother is dead, and he alone is left of his mother, and his father loves him. '","Ka ji'i dhaa peka na, ‘Ama ji'i heka d'ai seli le. Aa ari ji'i dhu limuri èci. Lod'o nara iisi ari ji'i ne'e, ama ji'i na heka le. Ari ji'i dhu limuri ne'e dènge a'a d'èlu na èci, te ngaa na aad'o heka. Ina ra madhe le. Ka di nèngu ka mesa na. Nèti èèna ka, ama ji'i ne sue ne titu kèna! '","Ka ji'i aa'i-aa'i mi peka dènge lamatua ji'i, na, Ji'i se dènge ama dhu heka le. Ana ngèru na dhu madhe le. Ama na sue ne titu kèna. Aa ari na dhu madhe le. Nèngu mesa na dhu mamuri era. '"
GEN 44:21,"You said to your servants, ‘Bring him down to me, that I may set my eyes on him. '","Ka ama pua ho ji'i ngèti ari ji'i na mai, sèna ka ama nèdhi ne.","Ama pua dhèu sab'a Ama sèra, peka na, Be'a risi mèti ana ne mai asa ne'e, sèna ka ja'a bisa ladhe kèdhi ne. '"
GEN 44:22,"We said to my lord, ‘The boy can't leave his father, for if he should leave his father, his father would die. '","Ka ji'i dhaa na, ‘Ana èèna, bisa boe tèke eele ama na mesa na. Ladhe na tèke eele, na ama ji'i na tatu madhe dènge kèna. '","Te ngaa ji'i b'ala ne, peka na, Ana ne bisa boe tèke eele ama na. Te ladhe na tèke eele ama na, ama na madhe. '"
GEN 44:23,"You said to your servants, ‘Unless your youngest brother comes down with you, you will see my face no more. '","Hèia ama dhaa na, ‘Ladhe miu mèti boe ari miu na, baku mi pad'elo hari rèhu mi sa ne'e. '","Te ngaa èu dhu peka dènge dhèu sab'a èu sèra, na, Sèmi ne'e. Ladhe ari miu dhu limuri tèka la'e, miu mèdhi heka rèhu ja'a. '"
GEN 44:24,"When we came up to your servant my father, we told him the words of my lord.","Èle èèna ka, ji'i lèpa. D'ai nèi ka, ji'i lolo lii dhu mu moa sèra dènge ama ji'i.","Hèia ji'i aa'i-aa'i mi lèpa hari asa ama ku, ka ji'i peka dènge ne, lii padhai ama ja'a ne."
GEN 44:25,"Our father said, ‘Go again and buy us a little food. '","Nèbhu-nèbhu, nganga'a ji'i èla. Hèia ama ji'i pua hari ji'i mai hèli nganga'a sa Masir ne'e.","Te ngaa na b'ala, aku nèngu na, Lamu hari, ho hèli nganga'a ciki hia ji'i! '"
GEN 44:26,"We said, ‘We can't go down. If our youngest brother is with us, then we will go down, for we may not see the man's face, unless our youngest brother is with us. '","Te ngaa ji'i dhaa na, ‘Ama, ee! Ji'i la'a heka sa nèi. Te ai g'ana dhèu aae na dhu moa le, aku nèngu na, ladhe ji'i ngèti boe ari ji'i dhu limuri na, bisa heka ji'i pad'elo rèhu sa nèi. De ladhe ari ji'i la'e hèi, na heka ji'i la'a kèna. '","Te ngaa ji'i dua mi dhaa, peka na, Ji'i bisa boe la'a. Ladhe ari ji'i dhu limuri tèka la'e, ji'i la'a. Te ladhe ari ji'i dhu limuri tèka la'e, ji'i bisa boe ladhe ngèdhi rèhu nèngu. '"
GEN 44:27,"Your servant, my father, said to us, ‘You know that my wife bore me two sons.","Ama ji'i peka hari, aku nèngu na, ‘Miu me'a kahèi, si ma? Dhèu èmu ja'a Rahel èèna, ana na dhoka dua di.","Èle èèna ka, ama ku peka dènge ji'i, aku nèngu na, Miu me'a, na, ja'a dènge dhèu èmu ja'a nara iisi ana mone dhèu dua."
GEN 44:28,"One went out from me, and I said, Surely he is torn in pieces, and I haven't seen him since.","Ana uuru èèna, aad'o heka. Ele boe badha hui na'e aa'i le. Nèti èèna ka, ja'a kèdhi heka rèhu na toke d'ai sange ne'e.","Ca dhèu rai tèke eele ja'a. Te ngaa ja'a dhaa, peka na, Mema tare'a! Nèngu mae-manyèla le, toke d'ai nu'a-nu'a. Ja'a kèdhi heka nèngu."
GEN 44:29,"If you take this one also from me, and harm happens to him, you will bring down my gray hairs with sorrow to Sheol. '","Ladhe miu mèti hari ana limuri ne, ho sèmi na abhu j'aj'èra, èèna miu paj'èra ja'a dhèu heka ne'e. Ladhe sèmi èèna na, ja'a madhe dènge kèna. '","Ladhe Ama more ana limuri ne nèti ja'a, do? Ladhe ja'a abhu j'aj'èra, tatu Ama papuru rèu kètu ja'a sèmi sèra sa, toke d'ai ro'a dhèu madhe. Pe d'ara ja'a pèd'a titu kèna, toke d'ai ro'a dhèu madhe. '"
GEN 44:30-31,"Now therefore when I come to your servant my father, and the boy is not with us, since his life is bound up in the boy's life, it will happen, when he sees that the boy is no more, that he will die. Your servants will bring down the gray hairs of your servant, our father, with sorrow to Sheol.","Nèti èèna ka, ama, ladhe ja'a lèpa kèti boe dènge ari ji'i ne, ama ji'i madhe dènge kèna. Te samanga na dhu pa'èki dènge ana ne'e di. Dènge ètu d'ara haheka na ne'e, ladhe ji'i tao ne tabha j'èra, tatu na madhe dènge kèna.","De ja'a neo lèpa hari asa ama ku. Te ngaa ana ne aad'o heka ètu talora aae ji'i, lula ana ne madhe le. Ladhe ama ku ladhe nèdhi, na, ana ne aad'o heka, tatu na madhe kahèi. Nèti èèna ka, ji'i dhèu sab'a Ama, bèli-camèd'a pèci eele ana ama ji'i asa d'ara naraka, lula d'ara ja'a pèd'a titu kèna."
GEN 44:32,"For your servant became collateral for the boy to my father, saying, ‘If I don't bring him to you, then I will bear the blame to my father forever. '","Ngaa hari, ja'a moa le mi ama ku, peka na, ‘Ja'a ka dhu tago ana ne'e. Ladhe ja'a kèti heka ana ne'e mai sa madha ama, ja'a ka tago sasala na, toke d'ai ja'a madhe. '","Ja'a ne dhèu sab'a èu. Nèti èèna ka, ja'a padhadha dènge ama ku, peka na, Ladhe ja'a baku kèti ana ne mai asa ama ku, tatu ama ku huku ja'a toke d'ai mia-mia la'e. '"
GEN 44:33,"Now therefore, please let your servant stay instead of the boy, my lord's slave, and let the boy go up with his brothers.","Nèti èèna ka, ja'a manèngi sèmi ne'e, ama wakil, hud'i laa ja'a ka pea mi ne'e gati nèngu, sèna ka ja'a j'aj'i ènu ama wakil. Hia ne lèpa dènge a'a na si.","De ja'a manèngi, sèna ka ama hia ja'a tebho. Hud'i laa ja'a j'aj'i ènu ama ku. Hud'i laa ama hia ja'a tebho. Hud'i laa ama hia ja'a j'aj'i ènu ama ku. Hud'i laa ama hia ja'a j'aj'i ènu ama ku. Hud'i laa ama hia ja'a j'aj'i ènu ama ku, sèna ka ana ne bisa kako palere-lere dènge a'ari na."
GEN 44:34,"For how will I go up to my father, if the boy isn't with me? -lest I see the evil that will come on my father.","Ladhe ana ne'e la'e boe, ja'a bisa boe lèpa kahèi. D'ara ja'a la'e boe ladhe j'aj'èra ama ji'i toke madhe.","Ja'a neo lèpa hari asa ama ku. Te ladhe ana ne madhutu boe ja'a, na, ja'a bisa boe lèpa hari asa ama ku. Mage dhoka ja'a kèdhi j'aj'èra dhu bèli-camèd'a j'aj'i mi ama ku."
GEN 45:1,"Then Joseph couldn't control himself before all those who stood before him, and he called out, Cause everyone to go out from me! No one else stood with him, while Joseph made himself known to his brothers.","Ropa tadèngi nare lii Yahuda na, d'ara Yusuf roe bhilu, toke taha nare boe ètu madha dhèu sab'a na sèra. Nèti èèna ka, na hia ra lasi asa li'u, sèna ka mesa na di, dènge a'ari na ètu d'ara èmu. Dènge j'ara ne'e, nèngu bisa patadhe iisi na, mi a'ari na sèra.","Ropa tadèngi nare sèmi èèna, hèia Yusuf nasa titu kèna. Na pa'oo, peka na, Hud'i laa, dhèu aa'i-aa'i rai eele ka nèti ne'e! Te ngaa abhu boe ca dhèu sa dhu titu dènge ne. Nèti èèna ka, Yusuf bhoke d'ara na, sèna ka a'ari na re'a, na, nèngu ne dhèu aae."
GEN 45:2,"He wept aloud. The Egyptians heard, and the house of Pharaoh heard.","Hèia dhèu sab'a se'e kalua asa li'u, ka Yusuf tangi dènge d'ara pèd'a. Lii tangi na mèdhu, ka dhèu-dhèu Masir ètu li'u sèra tadèngi kahèi. Mesa boe dhèu ètu li'u sèra, te dhèu ètu èmu dhèu aae tadèngi kahèi.","Ka na pa'oo-parodha dènge lii mèdhu, toke dhèu Masir tadèngi. Aa dhèu aae Masir tadèngi kahèi, nèti èèna ka, na tangi d'ara pèd'a."
GEN 45:3,"Joseph said to his brothers, I am Joseph! Does my father still live? His brothers couldn't answer him, for they were terrified at his presence.","Ka Yusuf peka mola-mola dènge a'ari na si, aku nèngu na, A'ari, ee! Ja'a ne'e ka Yusuf èèna! Ama ku mamuri era, do? Ropa tadèngi rare, a'a na sèra madha'u titu kèna. Ra bisa heka bhoke hèb'a padhai lii ngaa èci sa.","Ropa ladhe nèdhi sèmi èèna, hèia Yusuf karèi a'ari na, aku nèngu na, Ja'a ne, Yusuf. Tasamia? Ama ja'a mamuri era, do? Rèngu madha'u titu kèna, ka bisa boe dhaa lii padhai lii na."
GEN 45:4,"Joseph said to his brothers, Come near to me, please. They came near. He said, I am Joseph, your brother, whom you sold into Egypt.","Hèia Yusuf paroa si, peka na, Mai ku padètu-dètu dènge ja'a. Ka ara lasi padètu sa madha Yusuf. Ka na peka hari, Ja'a ne, Yusuf, dhu uru èèna, miu pahia eele asa Masir ne'e.","Hèia Yusuf paroa ari na, aku nèngu na, Mai ku padètu dènge ja'a! Ropa ra padètu-dètu, ka na dhaa, aku nèngu na, Ja'a ne Yusuf, a'a miu dhu miu pahie le, sèna ka j'aj'i ènu ètu rai Masir nèi."
GEN 45:5,"Now don't be grieved, nor angry with yourselves, that you sold me here, for God sent me before you to preserve life.","Miu se tare'a pahie eele ja'a. Te ngaa mage miu madha'u, aa baku peka cee ka dhu sala. Lula Ama Lamatua ka dhu hia uuru ja'a mai sa ne'e. Ho dènge j'ara ne'e, Na pake ja'a ho hia mamuri mi dhèu ae. Sèna ka baku madhe manganga.","Yesus tuhu hari lii padhai Na, aku Nèngu na, A'ari aa'i-aa'i! Baku tèka d'ara, lula miu pahie eele Ja'a asa ne'e. Te Ama Lamatua ka dhu pua Ja'a mai uuru nèti miu, sèna ka patabuli dhèu nèti koasa sasala-sasigo ra."
GEN 45:6,"For these two years the famine has been in the land, and there are yet five years, in which there will be no plowing and no harvest.","Rai manganga ne heka dua tèu kèna. Lèmi tèu era. Bèli-camèd'a dhèu tao heka oka-tedhe, sèla heka, aa abhu heka nganga'a hèru èj'i lai.","Èle dua tèu kèna, abhu lod'o manganga ètu rai-haha ne. Bèli-camèd'a lèmi tèu, abhu boe lod'o puu-g'ètu, aa abhu boe nganga'a-nganginu."
GEN 45:7,"God sent me before you to preserve for you a remnant in the earth, and to save you alive by a great deliverance.","Dènge j'ara dhu èdhi te'a boe ne, Ama Lamatua hia ja'a mai asa ne'e uru nèti miu. Sèna ka, miu dènge ana-èpu miu abhu mamuri.","Lamatua paj'uj'u Ja'a uru nèti miu. Na pua Ja'a mai, sèna ka ladhe-leru miu dhèu cahag'e ètu rai-haha ne, aa patabuli miu nèti koasa sasala-sasigo miu."
GEN 45:8,"So now it wasn't you who sent me here, but God, and he has made me a father to Pharaoh, lord of all his house, and ruler over all the land of Egypt.","De dhu lèke, nèti boe tatao miu ka ja'a d'ai era ne'e, te ngaa tatao Ama Lamatua di. Nèngu ka dhu hia ja'a j'aj'i ai g'ana dhèu aae Masir. Ka ja'a j'aj'i mi kapala urusan ètu d'ara èmu dhèu aae. Abhu boe dhèu leo èci sa dhu kapai risi nèti ja'a.",De miu baku pua-paleha Ja'a mai asa ne'e. Te Ama Lamatua ka dhu pua-paleha Ja'a. Nèngu ka dhu ded'e Ja'a j'aj'i bèi-baki nèti dhèu aae Masir. Nèngu ka dhu ded'e Ja'a j'aj'i lamatua èmu na aa'i-aa'i. Aa Nèngu ka dhu ded'e Ja'a j'aj'i lamatua ètu rai Masir.
GEN 45:9,"Hurry, and go up to my father, and tell him, ‘This is what your son Joseph says, God has made me lord of all Egypt. Come down to me. Don't wait.","De miu lami ka lai-lai ne, ho peka lii padhai lii ja'a ne dènge ama ku, sèmi ne'e, ‘Yusuf, ana ama ku, mamuri era! Nèngu j'aj'i le dhèu kapai ètu rai Masir. Na manèngi ama ku la'e lai-lai asa nèi.","De pamèri ka! Lamu peka dènge ama ku, aku nèngu na, Ana mu Yusuf manèngi sèmi ne'e ka, Ama Lamatua ded'e ja'a j'aj'i lamatua ètu rai Masir aa'i-aa'i. Pakaj'èu nèti ne'e mai sa ja'a! Baku mate ciki sa."
GEN 45:10,"You shall dwell in the land of Goshen, and you will be near to me, you, your children, your children's children, your flocks, your herds, and all that you have.","Ho èèna na, ama pea ètu rai Gosen padètu dènge nèngu. Era na be'a aa taleo. Sèna ka ama bisa piara kahib'i-kalèbho, kahib'i-ka'ia dènge sapi aa'i-aa'i ra. Aa na manèngi kahèi ho ama la'e dènge ana-èpu, dènge isi èmu, dènge mèdha-panyau, ho pea taruu mi nèi.","De miu hud'i pea ku ètu rai Gosen, ho pa'èci dènge Ja'a. Miu, ana-ana miu, ana niki miu, dènge mèdha-panyau miu aa'i-aa'i, hud'i pa'èci ku dènge Ja'a."
GEN 45:11,"There I will provide for you, for there are yet five years of famine, lest you come to poverty, you, and your household, and all that you have. '","Ladhe ama pea ètu Gosen, nèngu ladhe-leru ama ètu nèi. Te rai manganga lèmi tèu era. Sèna ka na tenge j'ara ho ama dènge ana-èpu, aa dènge badha-manu bisa mamuri dènge be'a. '","Bèli-camèd'a abhu lod'o manganga d'ai lèmi tèu. De Ja'a neo ladhe-leru èu ètu nèi. Dènge j'ara ne'e, èu dènge isi èmu èu, dènge mèdha-panyau èu aa'i-aa'i, bisa boe mamuri dènge ngaa-ngaa. '"
GEN 45:12,"Behold, your eyes see, and the eyes of my brother Benjamin, that it is my mouth that speaks to you.","Yusuf peka nare hèia, na padhai lii hari, peka na, Miu unu mi mèdhi le, si? Aa èu kahèi, Benyamin. Ja'a ne'e, tare'a-re'a Yusuf.","Miu aa'i-aa'i mi me'a, na, lii padhai dhu Ja'a peka dènge miu ne, lèke tare'a-re'a. Miu me'a kahèi, na, lii padhai dhu Ja'a peka dènge miu ne, lèke tare'a-re'a. Sèmi èèna kahèi dènge ari ja'a Benyamin."
GEN 45:13,"You shall tell my father of all my glory in Egypt, and of all that you have seen. You shall hurry and bring my father down here.","De miu peka dènge ama èdhi, na, ja'a ne'e dènge koasa kapai titu kèna, ètu kabarai Masir ne'e. Aa lolo dènge ama, ngaa aa'i-aa'i dhu miu mèdhi le ètu ne'e. Ho èèna na, karohe mèti ama sa ne'e mai!","De èu hud'i lolo ku dènge ama ku, tatao aa'i-aa'i dhu ja'a ladhe kèdhi le ètu rai Masir ne. Lamu dènge ka, mèti ama ku mai asa ne'e!"
GEN 45:14,"He fell on his brother Benjamin's neck and wept, and Benjamin wept on his neck.","Èle èèna ka, liku nare ari na Benyamin, hèia dua ra tangi.","Hèia na liku nare ari na Benyamin, ka na tangi d'ara pèd'a. Aa Benyamin tangi d'ara pèd'a kahèi."
GEN 45:15,"He kissed all his brothers, and wept on them. After that his brothers talked with him.","Sèmi èèna kahèi, na liku nare a'a na si èci-èci, ka na uu si. Ka heka ra bani padhai lii dènge ne kèna.","Èle èèna ka, na liku nare a'ari na aa'i-aa'i, ka na tangi roma iisi dènge d'ara pèd'a. Hèia a'ari na padhai lii dènge ne."
GEN 45:16,"The report of it was heard in Pharaoh's house, saying, Joseph's brothers have come. It pleased Pharaoh well, and his servants.","Ropa dhèu aae dènge dhèu-dhèu kapai na sèra, tadèngi rare a'ari Yusuf mai asa Masir, ra karej'e kahèi.","Lod'o èèna, dhèu aae Masir tadèngi, peka na, ari Yusuf sèra mai le. Ka dhèu aae Masir sèra karej'e dènge ne."
GEN 45:17,"Pharaoh said to Joseph, Tell your brothers, ‘Do this, Load your animals, and go, travel to the land of Canaan.","Ka dhèu aae peka dènge Yusuf, aku nèngu na, Ari! Peka dènge a'ari èu sèra, ho hua ka nganga'a asa dedha keled'ei rèngu, sèna ka rèti sa Kana'an.","Èle èèna ka, dhèu aae Masir paredha Yusuf, peka na, Peka dènge a'ari èu sèra, ho ère mèdha-panyau èu nèti kahib'i-kalèbho sèra, ho lèpa asa rai Kana'an."
GEN 45:18,"Take your father and your households, and come to me, and I will give you the good of the land of Egypt, and you will eat the fat of the land. '","Aa peka dènge si, rèti ama mu dènge ana-èpu aa'i-aa'i, mai pea sa ne'e. D'ai ne'e, pe ja'a hia rèngu rai, era dhu hèu mèngi risi, sèna ka rèngu bisa mamuri nèti isi rai èèna.","Mèti ku ina-ama èu dènge isi èmu èu aa'i-aa'i, ho mai paraga dènge ja'a ètu ne'e. Pe ja'a pangèd'u èu rai Masir nèti era hua iia aa'i-aa'i ètu ne'e. De èu hud'i mu'a ku nganga'a-nganginu nèti rai èèna. '"
GEN 45:19,"Now you are commanded to do this, Take wagons out of the land of Egypt for your little ones, and for your wives, and bring your father, and come.","Aa hia rèti mema dènge kareta pèri-pèri nèti ne'e, ho sèna ka hua ana iiki-ana iiki dènge ama mu.","Èle èèna ka, Ama Lamatua peka dènge Musa, aku Nèngu na, Èu hud'i pakèd'i nèti rai Masir, èci èèna ka dènge kareta, ho mèti ana iiki dènge dhèu èmu èu. Mèti hari ama mu, lèpa ka asa nèi."
GEN 45:20,"Also, don't concern yourselves about your belongings, for the good of all the land of Egypt is yours.","Baku ra pangee mèdha-panyau dhu rèngu bisa boe nedhe rèti, te, ngaa-ngaa dhu be'a ètu rai Masir ne, èèna na j'aj'i unu rèngu.","Aa baku bhute dènge mèdha-panyau miu. Te aa'i-aa'i dhu be'a ètu rai Masir, èèna na j'aj'i unu miu."
GEN 45:21,"The sons of Israel did so. Joseph gave them wagons, according to the commandment of Pharaoh, and gave them provision for the way.","Tadèngi sèmi èèna, ka Yusuf hia si kareta pèri-pèri bua, dènge parèko ra'a j'ara, sama sèmi lii paredha dhèu aae. Aa a'ari na pa'èra ka, ho lèpa madhutu lii paredha dhèu aae.","Ka ana-èpu Isra'el sèra tao sèmi èèna. Yusuf hia si kareta, madhutu lii paredha dhèu aae Masir. Na pabagi hia si mèdha-panyau."
GEN 45:22,"He gave each one of them changes of clothing, but to Benjamin he gave three hundred pieces of silver and five changes of clothing.","Ka Yusuf hia si mèdha-papake dhu hiu, ca dhèu ca pasa. Te ngaa Benyamin, na hia doi iia tèlu ngasu, dènge mèdha-papake dhu hiu, lèmi pasa.","Hèia na bagi mi rèngu èci-èci, mèdha-papake rupa-rupa. Te ngaa mi Benyamin, na hia tèlu ngasu doi iia, dènge mèdha-papake rupa-rupa, lèmi bua."
GEN 45:23,"He sent the following to his father, ten donkeys loaded with the good things of Egypt, and ten female donkeys loaded with grain and bread and provision for his father by the way.","Yusuf pa'adhu mèdha-panyau dhu be'a risi nèti Masir hia ama na. Rèngu hua mi dedha keled'ei canguru ngi'u. Sèmi èèna kahèi, na hia are, roti, dènge nganga'a ae-ae, dhu j'aj'i parèko j'ara, lod'o dhu rèngu mulai pakèd'i nèti Kana'an asa Masir. Nganga'a se, ra hua ètu dedha keled'ei dhu leo hari canguru ngi'u.","Èle èèna ka, na pua ana keled'ei na canguru ngi'u, ho lasi papuru mèdha-panyau nèti rai Masir. Aa ana keled'ei na canguru ngi'u, lasi papuru nganga'a-nganginu, dènge nganga'a-nginu, sèna ka bisa soru-bara ama na ètu j'ara."
GEN 45:24,"So he sent his brothers away, and they departed. He said to them, See that you don't quarrel on the way.","Èle èèna ka, na hia si lèpa, aa na moa si, aku nèngu na, Miu baku patao-palaha ètu talora j'ara, ee!","Hèia Yesus pua ari Na sèra lèpa. Ka dua ra lasi. Hèia Yesus peka dènge ra, Sad'i miu pajiko paie-iie, sèna ka baku patao-palaha ètu talora j'ara."
GEN 45:25,"They went up out of Egypt, and came into the land of Canaan, to Jacob their father.",Hèia ra pakèd'i ka lasi sa ama ra ètu Kana'an.,"Hèia ra tèke eele Masir, lèpa asa rai Kana'an, la'e paraga dènge ama ra, Yakob."
GEN 45:26,"They told him, saying, Joseph is still alive, and he is ruler over all the land of Egypt. His heart fainted, for he didn't believe them.","D'ai nèi ka, ra lolo dènge ama ra, peka na, Ama! Ana mu Yusuf na, dhu mamuri era di. Na j'aj'i le dhèu kapai, ka na paredha ètu rai Masir! Yakob tadèngi hiu-hiu na, loo-loo sène, te na lèka boe.","Ka dhèu se peka dènge ne, aku rèngu na, Sèmi ne'e! Yusuf mamuri era. Nèngu ne kapai risi ètu rai Masir aa'i-aa'i. Te ngaa d'ara na laho mae-mae, lula na parcaya boe rèngu."
GEN 45:27,"They told him all the words of Joseph, which he had said to them. When he saw the wagons which Joseph had sent to carry him, the spirit of Jacob, their father, revived.","Te ngaa ropa na tadèngi nare lii lolo rèngu sèra, aa na ladhe nèdhi kareta dhu Yusuf pa'adhu mai ho hua ne asa Masir, heka na lèka kèna.","Ropa ra tadèngi rare, hèia ra lolo dènge ne, aa'i-aa'i dhu Yusuf peka dènge ra. Ropa Yusuf nèdhi kareta dhu na pua ho rèti ne, hèia Yakob ma'ète a'èra."
GEN 45:28,"Israel said, It is enough. Joseph my son is still alive. I will go and see him before I die.","Hèia na padhai lii, aku nèngu na, Hea! De ana ja'a dhu mamuri era di! Ja'a heka karej'e kèna. Ja'a hud'i laku kèdhi ku ne, heka ja'a madhe dènge karej'e kèna.","Te ngaa nèbhu-nèbhu, hèia na pangee, aku nèngu na, D'ai le! Te ana ja'a Yusuf mamuri hari le. De be'a risi ja'a laku paraga dènge ne, heka ja'a madhe kèna."
GEN 46:1,"Israel traveled with all that he had, and came to Beersheba, and offered sacrifices to the God of his father, Isaac.","Èle èèna ka, Yakob si pa'èra ka mèdha ra, ka ra pakèd'i nèti Kana'an. Ropa ra d'ai rae Barseba, ka na roro badha tao korban hia Lamatua, dhu uru na ama na Isak mangaj'i.","Èle èèna ka, dhèu Isra'el lasi taruu nèti rai kaj'èu, palere-lere dènge mèdha-panyau ra aa'i-aa'i. Ka ra d'ai kota èci, ngara na Be'a-Be'a. D'ai nèi, hèia ra sogo-tagu Ama Lamatua nèti bèi-baki ra, nuka Isak."
GEN 46:2,"God spoke to Israel in the visions of the night, and said, Jacob, Jacob! He said, Here I am.","Mèda ca lod'o ka na nii. Ètu d'ara nii ne'e, na tadèngi na Ama Lamatua paroa ne, peka na, Yakob! Yakob! Èu kèd'i ho nanene ku la! Hèia na dhaa, peka na, Nga tao, Ama?","Èle èèna ka, d'ara mèda, Ama Lamatua hia tanila mi dhèu Isra'el sèra. Na paroa si, aku Nèngu na, Yakob! Yakob! Hèia Yakob dhaa, aku nèngu na, Mai ka!"
GEN 46:3,"He said, I am God, the God of your father. Don't be afraid to go down into Egypt, for there I will make of you a great nation.","Ka Lamatua peka na, Ja'a ne, Ama Lamatua dhu ama mu mangaj'i nèti uru ka. Mage èu madha'u kahèi lamu Masir. Te èèna na, Ja'a tao ana-èpu èu j'aj'i suku kapai ètu rai nèi.","Ka Na peka hari dènge ne, Ja'a ne Ama Lamatua. Ja'a ne Ama Lamatua nèti bèi-baki èu. Èu baku madha'u lamu asa Masir. Te ètu nèi, Ja'a tao èu j'aj'i suku dhu kapai."
GEN 46:4,I will go down with you into Egypt. I will also surely bring you up again. Joseph's hand will close your eyes.,"Ja'a laku hèi Masir sama-sama dènge èu. Ho ladhe èèna na, Ja'a kahèi dhu kèti hari ana-èpu èu lèpa asa rai Kana'an ne'e. Ropa èu madhe, na, ana mu Yusuf madhèdi ètu baboa èu.",Bèli-camèd'a Ja'a puru palere-lere dènge èu asa Masir. Bèli-camèd'a Ja'a pamamuri hari èu ètu nèi kahèi. Bèli-camèd'a Yusuf bèdho musi madha èu dènge kacui-aai.
GEN 46:5,"Jacob rose up from Beersheba, and the sons of Israel carried Jacob, their father, their little ones, and their wives, in the wagons which Pharaoh had sent to carry him.","Èle èèna ka, Yakob dènge ana-ana na sèra, lasi taruu tèke eele rae Barseba. Ra paca'e ne dènge bhèni-ana iiki na asa kareta sèra dhu dhèu aae Masir pa'adhu hia si.","Ropa Yakob si d'ai nèi, ka ra pakèd'i nèti nèi, lèpa lasi asa nèi. Nèti èèna ka, ana-ana Isra'el rèti Yakob, ama ra, ana-ana ngèru ra, dènge dhèu èmu-kamali ra, lasi asa d'ara kareta èci, dhu dhèu aae Masir pua lasi pasae ne."
GEN 46:6-7,"They took their livestock, and their goods, which they had gotten in the land of Canaan, and came into Egypt-Jacob, and all his offspring with him, his sons, and his sons' sons with him, his daughters, and his sons' daughters, and he brought all his offspring with him into Egypt.","Rèti aa'i mèu-mèu mèdha-panyau dènge badha-manu dhu j'aj'i kakaja rèngu ètu rai Kana'an. Hèia Yakob dènge ana-èpu na, bhèni-mone aa'i-aa'i ra pakèd'i ka lasi rai Masir.","Èle èèna ka, rèngu lasi asa rai Masir. Rèngu rèti mèdha-panyau rèngu aa'i-aa'i, dènge mèdha-panyau ra dhu ra abhu ètu rai Kana'an. Ka lasi asa rai Masir asa Yakob, dènge ana-èpu na aa'i-aa'i."
GEN 46:8,"These are the names of the children of Israel, who came into Egypt, Jacob and his sons, Reuben, Jacob's firstborn.","Ana-èpu Yakob dhu madhutu lasi asa Masir, nuka se'e, Ruben, ana uuru na.","Se'e se, ngara nèti ana-èpu Isra'el uru-uru sèra, Yakob dènge ana-èpu na, Ruben. Rèngu se'e ka dhu j'aj'i ana uuru nèti Yakob ètu rai Masir."
GEN 46:9,"The sons of Reuben, Hanoch, Pallu, Hezron, and Carmi.","Ana-ana na ka, Henok, Palu, Hesron dènge Karmi.","Ana-èpu Ruben, Henok, Pallu, Hesron, dènge Karmi."
GEN 46:10,"The sons of Simeon, Jemuel, Jamin, Ohad, Jachin, Zohar, and Shaul the son of a Canaanite woman.","Simeon, dènge ana-ana na, Yemuel, Yamin, Ohat, Yakin, dènge Sohar. Dènge Saul kahèi, ana na nèti dhèu èmu na bhèni Kana'an.","Simeon, Yakob, Yakob, Ohad, Yakob, Sohar, dènge Saul. Saul ne, ana nèti dhèu bhèni ca dhèu nèti rai Kana'an."
GEN 46:11,"The sons of Levi, Gershon, Kohath, and Merari.","Lewi, dènge ana-ana na, Gerson, Kehat, dènge Merari.","Lewi, Gershon, Koat, dènge Merari."
GEN 46:12,"The sons of Judah, Er, Onan, Shelah, Perez, and Zerah, but Er and Onan died in the land of Canaan. The sons of Perez were Hezron and Hamul.","Yahuda, dènge ana-ana na, Sela, Peres, dènge Sera. Ana Yahuda dhu leo, Er dènge Onan, madhe le ètu Kana'an. Na nèti dènge ana-ana Peres, Hesron dènge Hamul.","Ana-èpu Yahuda, nuka Er, Onan, Sela, Peres dènge Zera. Er dènge Onan madhe ètu rai Kana'an. Peres dènge ana-èpu na, Hesron dènge Hamul."
GEN 46:13,"The sons of Issachar, Tola, Puvah, Iob, and Shimron.","Isaskar, dènge ana-ana na, Tola, Pua, Ayub, dènge Simron.","Isaskar, ana-èpu na, Tola, Pua, Ayub, dènge Simron."
GEN 46:14,"The sons of Zebulun, Sered, Elon, and Jahleel.","Sebulon, dènge ana-ana na, Seret, Elon, dènge Jahleel.","Zebulon, Sered, Elon, dènge Yalel."
GEN 46:15,"These are the sons of Leah, whom she bore to Jacob in Paddan Aram, with his daughter Dinah. All the souls of his sons and his daughters were thirty-three.","Rèngu se'e, ana-ana nèti Yakob dènge dhèu èmu na Lea, lod'o rèngu pea ètu Mesopotamia. Ana bhèni rèngu èci, ngara na Dina. Ana-èpu nèti Yakob dènge Lea, aa'i-aa'i ra tèlu nguru tèlu dhèu.","Se'e se, nuka ana-èpu dhèu tèlu nguru tèlu nèti ana bhèni dènge ana-èpu Leah. Rèngu dua ra nara iisi Yakob ètu rai Padan-Aram."
GEN 46:16,"The sons of Gad, Ziphion, Haggi, Shuni, Ezbon, Eri, Arodi, and Areli.","Aa Yakob abhu ana-ana dènge dhèu èmu dhu leo hari. Nuka, Gad, dènge ana-ana na, Sifion, Hagi, Suni, Esbon, Eri, Arodi dènge Areli.","Ana-èpu Gad, Sefion, Hagi, Suni, Hesbon, Eri, Arodi, dènge Areli."
GEN 46:17,"The sons of Asher, Imnah, Ishvah, Ishvi, Beriah, and Serah their sister. The sons of Beriah, Heber and Malchiel.","Aser, dènge ana-ana na, Yimna, Yiswa, Yiswi, Beria, dènge ana hèni ra èci, ngara na Sera. Beria, dènge ana le kahèi, Heber dènge Malkiel.","Aser, ana-èpu na, Imna, Iswa, Iswi, Berea dènge Sara. Berea, ana-èpu na, Heber dènge Malkiel."
GEN 46:18,"These are the sons of Zilpah, whom Laban gave to Leah, his daughter, and these she bore to Jacob, even sixteen souls.","Rèngu aa'i-aa'i ra, canguru èna dhèu. Ana-èpu nèti Yakob dènge dhèu èmu na Silpa. Silpa ne'e ka dhu Laban hia j'aj'i ènu nèti Lea, dhèu èmu uru Yakob na.","Se'e se, nuka ana-èpu nèti Yakob, ngara na Zilpa. Rèngu aa'i-aa'i ra, canguru èna dhèu."
GEN 46:19,"The sons of Rachel, Jacob's wife, Joseph and Benjamin.","Aa ana-ana nèti Yakob dènge dhèu èmu na bhèni leo hari, ngara na Rahel, nuka, Yusuf dènge Benyamin.","Yusuf dènge Benyamin, ana-èpu dhèu èmu Yakob, ngara na Rahel."
GEN 46:20,"To Joseph in the land of Egypt were born Manasseh and Ephraim, whom Asenath, the daughter of Potiphera, priest of On, bore to him.","Lod'o èèna, Yusuf leo le dènge Asnat ètu Masir. Ama Asnat èèna, ama agama ètu kota On. Ngara na, Potifera. Ana-ana Yusuf dènge Asnat, Efraim dènge Manase.","Lod'o èèna, Yusuf pea ètu rai Masir. Nèngu nara iisi dua ra, nuka Manase dènge Efraim. Asnat, ana bhèni nèti Potifer, ama agama ètu kota On. Nèngu nara iisi dua ra."
GEN 46:21,"The sons of Benjamin, Bela, Becher, Ashbel, Gera, Naaman, Ehi, Rosh, Muppim, Huppim, and Ard.","Benyamin madhutu hèi lasi Masir dènge ana-ana na, Bela, Beker, Asibel, Gera, Naaman, Ehi, Ros, Mupim, Hupim dènge Aret.","Ana-èpu nèti Benyamin, nuka, Bela, Beher, Asbeel, Gera, Naaman, Ehi, Ros, Muppim, Huppim, dènge Ard."
GEN 46:22,"These are the sons of Rachel, who were born to Jacob, all the souls were fourteen.","Ana-èpu Yakob dènge dhèu èmu na Rahel, canguru èpa dhèu.","Se'e se ka, ana-èpu Yakob, dhèu canguru èpa. Rèngu aa'i-aa'i ra, ana-èpu Rahel."
GEN 46:23,"The son of Dan, Hushim.","Dhèu èmu Yakob èci hari, ngara na Bilha. Ana-ana ra, Dan, dènge Naftali. Ana Dan, ngara na Husim.","Hushim, ana-èpu Dan."
GEN 46:24,"The sons of Naphtali, Jahzeel, Guni, Jezer, and Shillem.","Ana nèti Naftali, Yasel, Guni, Yeser dènge Silem.","Naftali, Yazeel, Guni, Yezer, dènge Siloem."
GEN 46:25,"These are the sons of Bilhah, whom Laban gave to Rachel, his daughter, and these she bore to Jacob, all the souls were seven.","Yakob dènge dhèu èmu na Bilha, ana-èpu rèngu dhèu pidhu. Bilha ne, ènu nèti Rahel, dhu na abhu nèti ama na Laban.","Se'e se, nuka ana-èpu Bilha. Yakob nara iisi ana bhèni èci, ngara na Rahel. Rèngu aa'i-aa'i ra pidhu."
GEN 46:26,"All the souls who came with Jacob into Egypt, who were his direct offspring, in addition to Jacob's sons' wives, all the souls were sixty-six.","De ana-èpu Yakob dhu lasi Masir, aa'i-aa'i ra dhèu èna nguru èna dhèu. Se'e se, ige mèka dènge dhèu èmu nèti ana-ana nèngu sèra.","Dhèu aa'i-aa'i dhu lasi asa rai Masir palere dènge ana-èpu Yakob, d'ai èna nguru èna dhèu."
GEN 46:27,"The sons of Joseph, who were born to him in Egypt, were two souls. All the souls of the house of Jacob, who came into Egypt, were seventy.","Ladhe tabha dènge ana-ana Yusuf dhu ina na nara iisi ètu Masir dhèu dua, na Yakob dènge ana-èpu aa'i-aa'i ra si, pidhu nguru dhèu.","Nèti ana-èpu Yusuf dhu na nara iisi ètu rai Masir, abhu dua dhèu. Nèti isi èmu Yakob dhu mai asa rai Masir, abhu pidhu nguru dhèu."
GEN 46:28,"Jacob sent Judah before him to Joseph, to show the way before him to Goshen, and they came into the land of Goshen.","Ropa ra dètu dènge Masir, Yakob pua Yahuda la'e uuru, paroa Yusuf ho mai paraga dènge ne ètu Gosen. Ropa ra d'ai Gosen,","Èle èèna ka, Yakob pua Yudas la'e uuru asa Yusuf, sèna ka na paj'uj'u j'ara hia ne asa rai Gasan. Ka dua ra d'ai rai Gasan."
GEN 46:29,"Joseph prepared his chariot, and went up to meet Israel, his father, in Goshen. He presented himself to him, and fell on his neck, and wept on his neck a good while.","Yusuf ca'e nare kareta na, mai paraga dènge ama na. Ropa ra paraga, liku nare ama na, ka na tangi nèbhu bia.","Èle èèna ka, Yusuf lalau kareta na, la'e paraga dènge ama na ètu rae Gosen. D'ai nèi, ka na paraga dènge ama na. Ka na liku nare kareta, hèia na tangi d'ara pèd'a."
GEN 46:30,"Israel said to Joseph, Now let me die, since I have seen your face, that you are still alive.","Hèia Yakob padhai lii dènge Yusuf, aku nèngu na, Ana, ee! Ja'a unu ku kèdhi le èu. Aa ja'a ke'a le èu mamuri era. De ladhe ja'a madhe èèna ka oo, ngaa-ngaa tao heka.","Ka dhèu Isra'el peka dènge Yusuf, aku nèngu na, Yusuf! Hud'i laa ja'a madhe kèna! Te ja'a ke'a le rèhu èu. Te èu mamuri era. De hud'i ja'a madhe ku laa!"
GEN 46:31,"Joseph said to his brothers, and to his father's house, I will go up, and speak with Pharaoh, and will tell him, ‘My brothers, and my father's house, who were in the land of Canaan, have come to me.","Ka Yusuf peka dènge a'ari na aa'i-aa'i, peka na, Ja'a laku peka ku dènge dhèu aae, sèna ka ne'a na a'ari ja'a mai le nèti Kana'an.","Èle èèna ka, Yusuf peka dènge a'ari na, aku nèngu na, Be'a risi ja'a laku paraga dènge dhèu aae Masir. Pe ja'a peka dènge ne, Ari ja'a dènge isi èmu ama ja'a, dhu ètu rai Kana'an, mai le paraga dènge ja'a."
GEN 46:32,"These men are shepherds, for they have been keepers of livestock, and they have brought their flocks, and their herds, and all that they have. '","Aa, pe ja'a peka kahèi dènge ne, miu biasa ani kahib'i-kalèbho dènge sapi. Nèti èèna ka, miu mèti dènge badha-manu dènge mèdha-panyau miu nèti Kana'an.","Dhèu dhu mai sèra, nuka sèmi dhèu madhenga badha. Rèngu mai le dènge kahib'i-kalèbho, dènge mèdha-panyau ra aa'i-aa'i. '"
GEN 46:33,"It will happen, when Pharaoh summons you, and will say, ‘What is your occupation? '","De ladhe dhèu aae paroa miu, ho na karèi miu biasa sab'a ngaa,","Ladhe dhèu aae Masir paroa nare miu, hèia na karèi, peka na, Nga tao ka miu sab'a? '"
GEN 46:34,"that you shall say, ‘Your servants have been keepers of livestock from our youth even until now, both we, and our fathers, ' that you may dwell in the land of Goshen, for every shepherd is an abomination to the Egyptians.","na, miu dhaa ne peka na, miu se aa'i-aa'i mi nèti ana iiki ka mai piara badha, sama sèmi bèi-baki ji'i. Sèna ka na pua miu pea ètu rai Gosen. Yusuf peka sèmi èèna, lula dhèu Masir madenge pea pa'èci dènge ana madhutu badha.","Hèia èu peka dènge ji'i, na, Ji'i dhèu sab'a Lamatua. Ji'i j'aj'i dhèu madhenga badha, karèi nèti ji'i ana iiki d'ai sange ne'e ne. Ji'i dènge bèi-baki ji'i sèra ka dhu ladhe-leru badha. De ji'i manèngi ho miu pea ètu rai Gasan. Te dhèu Masir sèmi rare boe dhèu madhenga badha sèra. Nèti èèna ka, rèngu pusi-pahae boe ji'i."
GEN 47:1-2,"Then Joseph went in and told Pharaoh, and said, My father and my brothers, with their flocks, their herds, and all that they own, have come out of the land of Canaan, and behold, they are in the land of Goshen. From among his brothers he took five men, and presented them to Pharaoh.","Èle èèna ka, Yusuf dènge a'ari na dhèu lèmi, lasi paraga dènge dhèu aae. D'ai madha dhèu aae, ka Yusuf patadha si dènge dhèu aae, ka na peka na, Ama dhèu aae! Ama ku dènge a'ari ku mai le nèti Kana'an. Rèngu mai dènge kahib'i-kalèbho, sapi, dènge mèdha-panyau aa'i-aa'i ra. Nuka ra ètu rai Gosen nèi.","Èle èèna ka, Yusuf la'e peka dènge dhèu aae Masir, aku nèngu na, Ama ku dènge a'ari ja'a, lèmi dhèu sa, mai le nèti rai Kana'an. Rèngu pakaboko le dènge kahib'i-kalèbho, dènge mèdha-panyau rèngu aa'i-aa'i. Rèngu d'ai le rai Gasan. Hèia na pua dhèu lasi peka dènge dhèu aae Masir, aku nèngu na,"
GEN 47:3,"Pharaoh said to his brothers, What is your occupation? They said to Pharaoh, Your servants are shepherds, both we, and our fathers.","Dhèu aae karèi si, aku nèngu na, Sasab'a miu ngaa? Ra dhaa, peka na, Ji'i se, ana madhutu badha, sama sèmi bèi-baki ji'i sèra.","Hèia dhèu aae karèi a'ari na, peka na, Miu sab'a ngaa? Ka ra dhaa, aku rèngu na, Ji'i se dhèu madhenga badha. Ji'i sèmi èèna kahèi, sama sèmi bèi-baki ji'i."
GEN 47:4,"They also said to Pharaoh, We have come to live as foreigners in the land, for there is no pasture for your servants' flocks. For the famine is severe in the land of Canaan. Now therefore, please let your servants dwell in the land of Goshen.","Limuri ne'e, ètu rai ji'i Kana'an, hèru hadhu madhera, ka nganga'a dènge j'u'u tèdhi heka. Nèti èèna ka, ji'i mai taha asa kabarai ne'e. Ngèti dènge badha-manu ji'i. De ji'i manèngi ama dhèu aae, ho hia ji'i pea ètu rai Gosen, sèna ka ji'i piara badha ji'i ètu nèi.","Ra peka dènge dhèu aae Masir, aku rèngu na, Ama! Ji'i se dhèu leo rai kara. De ji'i manèngi ama sène, sèna ka ji'i pea j'aj'i dhèu leo rai kara ètu rai Kana'an. Te ngaa ama, ji'i manèngi ama sèna ka ji'i pea j'aj'i dhèu leo rai ètu rai Kana'an, lula abhu boe era ho dhèu madhenga badha. De ji'i manèngi ama sèna ka ji'i pea j'aj'i dhèu leo ètu rai Gosen."
GEN 47:5,"Pharaoh spoke to Joseph, saying, Your father and your brothers have come to you.","Hèia dhèu aae padhai lii dènge Yusuf sèmi ne'e, Ama mu dènge a'ari mu ètu ne'e le.","Ka dhèu aae Masir peka dènge Yusuf, aku nèngu na, Ama mu dènge a'ari mu mai le neo paraga dènge èu."
GEN 47:6,"The land of Egypt is before you. Make your father and your brothers dwell in the best of the land. Let them dwell in the land of Goshen. If you know any able men among them, then put them in charge of my livestock.","De hud'i laa rèngu tao kabarai ne'e, sama sèmi kabarai rèngu. Madhutu kake'a ja'a, Gosen èèna era dhu be'a risi nèti era leo ètu rai Masir ne'e. De be'a risi rèngu pea ètu èèna ka la. Aa ladhe rèngu cee dhu ladhe-leru badha dènge hua iia, na ja'a hia badha ja'a ho na piara si ètu èèna.","Limuri ne, èdhi paraga le dènge rai Masir. De ama dènge a'ari èu hud'i pea ku ètu rai cue dhu be'a risi ètu rai Gosen. Ladhe abhu nèti rèngu dhu d'èlu-mèu, na, hia si lasi ladhe-leru kahib'i-kalèbho ja'a."
GEN 47:7,"Joseph brought in Jacob, his father, and set him before Pharaoh, and Jacob blessed Pharaoh.","Èle èèna hèia, Yusuf patadhe ama na dènge dhèu aae. Ka Yakob manèngi mi Ama Lamatua, sèna ka hia mèngi-nale mi dhèu aae.","Èle èèna ka, Yusuf lere nèti ama na, Yakob, la'e asa madha dhèu aae Masir. Ka dhèu aae manèngi sèna ka Lamatua hia mèngi-nale mi nèngu."
GEN 47:8,"Pharaoh said to Jacob, How old are you?","Dhèu aae karèi Yakob, aku nèngu na, Ama umur pèri tèu kèna?","Ka dhèu aae karèi Yakob, aku nèngu na, Umur èu pèri tèu?"
GEN 47:9,"Jacob said to Pharaoh, The years of my pilgrimage are one hundred thirty years. The days of the years of my life have been few and evil. They have not attained to the days of the years of the life of my fathers in the days of their pilgrimage.","Yakob dhaa, Umur ja'a cangasu tèlu nguru tèu kèna, te ngaa ja'a pea boe mi ca era sa. Bèi-baki ja'a sèmi èèna kahèi. Ladhe pakasame dènge rèngu, na umur ja'a kura nèti rèngu. Te ngaa mamuri ja'a pènu dènge j'aj'èra.","Hèia Yakob peka dènge dhèu aae Masir, aku nèngu na, Ja'a mamuri ètu rai-haha ne d'ai cangasu tèlu nguru tèu kèna. Te ngaa limuri ne, ja'a mamuri dhoka ètu d'ara ciki oo'e di, toke d'ai bèi-baki ja'a madhe."
GEN 47:10,"Jacob blessed Pharaoh, and went out from the presence of Pharaoh.","Hèia Yakob manèngi parmisi neo lèpa. Te ngaa kalua mèka nèti d'ara èmu, na manèngi hari ca tèka mi Lamatua ho sèna ka hia berkat mi dhèu aae.","Èle èèna ka, Yakob manèngi ho Lamatua hia mèngi-nale mi dhèu aae Masir. Ka na lèpa dènge ka."
GEN 47:11,"Joseph placed his father and his brothers, and gave them a possession in the land of Egypt, in the best of the land, in the land of Rameses, as Pharaoh had commanded.","Èle èèna ka, Yusuf pad'elo era pea hia a'ari na si ètu Gosen, madhutu lii pua dhèu aae deo na. Era èèna be'a titu kèna. Ra pangare era èèna ‘Rameses'. Ka ama na dènge a'ari na sèra pea taruu ètu èèna.","Èle èèna ka, Yusuf papuru rai èci nèti rai Masir, ho j'aj'i rai èci dhu be'a risi ètu rai Masir. Rai ne, èci èèna ka dènge rai Ramses, nuka rai dhu be'a risi ètu rai Masir. Se'e se ka dhu dhèu aae Masir paredha le."
GEN 47:12,"Joseph provided his father, his brothers, and all of his father's household with bread, according to the sizes of their families.","Hèia Yusuf sadia nganga'a hia ama na, a'ari na, dènge ana dhèu èmu ra, aa'i-aa'i ra, nèti dhèu kapai toke d'ai ana susu.","Hèia Yusuf papuru nganga'a hia ama na, a'ari na, dènge isi èmu na aa'i-aa'i ra."
GEN 47:13,"There was no bread in all the land, for the famine was very severe, so that the land of Egypt and the land of Canaan fainted by reason of the famine.","Taa èèna, rai manganga titu kèna, tèdhi boe nganga'a ca lamusi sa ètu mia-mia. Nèti Masir toke Kana'an, dhèu-dhèu manganga roe ca palèpa, taga nèti ra'a-rinu heka. Dhèu bisa heka sab'a ngaa-ngaa, lula manganga titu kèna.","Lod'o èèna, ètu rai Masir dènge rai Kana'an abhu boe nganga'a-nganginu. Te ngaa lod'o èèna, abhu boe nganga'a ètu d'ara rai èèna. Nèti èèna ka, rai Masir dènge rai Kana'an manganga titu kèna."
GEN 47:14,"Joseph gathered up all the money that was found in the land of Egypt, and in the land of Canaan, for the grain which they bought, and Joseph brought the money into Pharaoh's house.","Dhèu-dhèu nèti d'ara rae-rae ètu Masir, sèmi èèna kahèi dhèu-dhèu nèti d'ara rae-rae ètu Kana'an, mai hèli nganga'a ètu Yusuf. Doi-doi dhu na sèmi sèra, na pakaboko aa'i ka, la'e tèke asa èmu dhèu aae.","Èle èèna ka, Yusuf pakaboko doi aa'i-aa'i ètu rai Masir dènge rai Kana'an, ho hèli nganga'a-nganginu. Yusuf nèti doi se asa èmu dhèu aae Masir."
GEN 47:15,"When the money was all spent in the land of Egypt, and in the land of Canaan, all the Egyptians came to Joseph, and said, Give us bread, for why should we die in your presence? For our money fails.","Tèu èèna, èla aa'i doi dhèu Masir dènge dhèu Kana'an ka ra bisa heka hèli nganga'a. Hèia ra mai roma iisi mi Yusuf, aku rèngu na, Ama wakil! Hia ku ji'i nganga'a ciki la, sèna ka ji'i baku madhe manganga. Te doi ji'i, èla aa'i mèu-mèu le.","Ropa ra pake aa'i mèu-mèu doi sèra ètu rai Masir dènge rai Kana'an, hèia dhèu Masir aa'i-aa'i mai paraga dènge Yusuf, ka ra manèngi, aku rèngu na, Ama! Hia ku ji'i nganga'a-nganginu! Nga tao ka ji'i madhe dènge madha ama? Lula ji'i unu boe doi, nèti èèna ka ji'i madhe aa'i mèu-mèu."
GEN 47:16,"Joseph said, Give me your livestock, and I will give you food for your livestock, if your money is gone.","Hèia Yusuf dhaa, peka na, Ladhe tare'a doi miu aad'o heka, na sèmi ne'e ka la! Mèti badha miu, ho pasilu dènge nganga'a.","Ka Yusuf b'ala, peka na, Ladhe doi èu ele, na, hia ku ja'a badha-manu èu sèra. Ladhe sèmi èèna, ja'a b'ae hari nganga'a-nganginu èu sèra."
GEN 47:17,"They brought their livestock to Joseph, and Joseph gave them bread in exchange for the horses, and for the flocks, and for the herds, and for the donkeys, and he fed them with bread in exchange for all their livestock for that year.","Ka dhèu se'e mai pasilu badha ra dènge nganga'a. Badha-badha sèmi jara, kahib'i-ka'ia, kahib'i-kalèbho, sapi, dènge keled'ei. Lula tèu èèna, Yusuf dhu moa tèke le.","Nèti èèna ka, rèngu rèti kahib'i-kalèbho ra asa Yusuf. Yusuf hia si nganga'a, pake jara, kahib'i-kalèbho, dènge keled'ei ra. Rèngu d'ai ca tèu èèna ka, Yusuf hia si nganga'a-nganginu."
GEN 47:18,"When that year was ended, they came to him the second year, and said to him, We will not hide from my lord how our money is all spent, and the herds of livestock are my lord's. There is nothing left in the sight of my lord, but our bodies, and our lands.","Tèu mai na, rèngu mai hari sa madha Yusuf, ka ra peka, Ama wakil, ee! Ji'i peka tare'a-re'a kèna. Doi ji'i dènge badha ji'i ama pasilu aa'i-aa'i le. Limuri ne'e, ji'i dènge heka ngaa-ngaa. Dhu ètu ji'i dhodhoka ngi'u dènge rai ji'i di.","Nèbhu boe ka d'ai tèu èèna, heka dhèu-dhèu kapai sèra mai paraga dènge ne. Ropa d'ai tèu ka dua, hèia ra peka dènge ne, Ama! Ji'i ngo'o boe pahuni doi ji'i, te ngaa ji'i ngo'o boe pahuni ngaa-ngaa nèti lamatua ji'i. Ji'i ngo'o boe pahuni ngaa-ngaa nèti lamatua ji'i. Ji'i ngo'o boe pahuni ngaa-ngaa nèti lamatua ji'i. Ji'i ngo'o boe pahuni ngaa-ngaa nèti lamatua ji'i. Ji'i ngo'o boe pahuni ngaa-ngaa nèti lamatua ji'i. Ji'i ngo'o boe pahuni ngaa-ngaa nèti lamatua ji'i. Ji'i ngo'o boe pahuni ngaa-ngaa nèti lamatua ji'i. Ji'i ngo'o boe pahuni ngaa-ngaa nèti lamatua ji'i."
GEN 47:19,"Why should we die before your eyes, both we and our land? Buy us and our land for bread, and we and our land will be servants to Pharaoh. Give us seed, that we may live, and not die, and that the land won't be desolate.","Baku tèke eele ji'i madhe manganga. Te ladhe ji'i madhe na, cee ka dhu sab'a oka-tedhe se'e? De hua iia, ama wakil more ji'i, ho j'aj'i ènu mu. Aa more aa'i rai ji'i kahèi. Pe, èèna na, ama hia hini ho ji'i sèla hia ama. Gaji dènge kab'ua rai ji'i, ama pasilu dènge nganga'a. Sad'i ji'i baku madhe manganga.","Nga tao ka ji'i oe madhe dènge rai ji'i? Aa nga tao ka ji'i oe madhe dènge rai ji'i? Lamu hèli ji'i dènge rai ji'i, sèna ka ji'i bisa j'aj'i ènu nèti dhèu aae Masir. Hia ji'i ana-èpu, sèna ka ji'i bisa mamuri taa-taa dènge ne. Baku madhe, te èèna na rai ne ele iie heka."
GEN 47:20,"So Joseph bought all the land of Egypt for Pharaoh, for every man of the Egyptians sold his field, because the famine was severe on them, and the land became Pharaoh's.","Lula rai manganga ae, ka dhèu Masir pahie aa'i rai rèngu. Nèti èèna ka, Yusuf hèli nara aa'i rai ètu Masir j'aj'i mi pusaka dhèu aae.","Ropa lod'o èèna d'ai, hèia Yusuf hèli rai aa'i-aa'i ètu rai Masir, sèna ka j'aj'i unu dhèu aae Masir. Te dhèu Masir aa'i-aa'i ra pahie rai ra ca kasib'i-kalèbho. Nèti èèna ka, rai aa'i-aa'i ètu rai Masir j'aj'i unu dhèu aae Masir."
GEN 47:21,"As for the people, he moved them to the cities from one end of the border of Egypt even to the other end of it.","Dènge j'ara sèmi èèna ka, dhèu Masir aa'i-aa'i ra j'aj'i ènu nèti dhèu aae.","Èle èèna ka, Lamatua hag'e eele dhèu Isra'el aa'i-aa'i ra nèti rai Masir, lasi pea ètu d'ara rae-rae, nèti cabèka dhimu toke d'ai cabèka dhimu."
GEN 47:22,"Only he didn't buy the land of the priests, for the priests had a portion from Pharaoh, and ate their portion which Pharaoh gave them. That is why they didn't sell their land.","Dhoka rai unu ama agama sèra di, Yusuf hèli nare boe, te dhèu aae hia taruu dhèu se nganga'a na. Nèti èèna ka, dhèu se pahie boe rai rèngu.","Masi ka sèmi èèna, te ngaa Musa hèli boe rai ama agama sèra. Lula ama agama sèra hia rèngu rai ca kasib'i nèti dhèu aae Masir, ka rèngu bisa ra'a. Nèti èèna ka, rèngu pahie boe rai rèngu."
GEN 47:23,"Then Joseph said to the people, Behold, I have bought you and your land today for Pharaoh. Behold, here is seed for you, and you shall sow the land.","Lod'o èèna, Yusuf peka dènge ana kabarai sèra, aku nèngu na, Naa! Miu j'aj'i le ènu nèti dhèu aae. Ja'a hèli kore aa'i le, rai miu hia dhèu aae. De mere hini se'e ho lami sèla ka mi dedha rai sèra.","Èle èèna ka, Yusuf peka dènge dhèu Isra'el sèra, aku nèngu na, Nanene paie! Deo ne'e ne, ja'a hèli le miu dènge rai miu, ho j'aj'i unu dhèu aae Masir. De ladhe ku asa ne'e! Abhu hini ae hia miu, sèna ka miu sab'a ètu d'ara rai èèna."
GEN 47:24,"It will happen at the harvests, that you shall give a fifth to Pharaoh, and four parts will be your own, for seed of the field, for your food, for them of your households, and for food for your little ones.","Ladhe miu puu-g'ètu na, bagi mi lèmi. Ho ca pala hia dhèu aae. Aa èpa pala sèra, miu tao hini dènge mi pake mi'a-minu dènge a'ari miu.","Ladhe d'ai lod'o puu-g'ètu èdhi, èdhi hud'i hia ku ca pala nèti canguru pala hia dhèu aae Masir. Èèna na èpa pala j'aj'i mi oka èdhi, sèna ka èdhi bisa ta'a-tinu. Sèmi èèna kahèi, èdhi bisa ta'a-tinu nganga'a-nganginu nèti isi èmu èdhi, dènge ana iiki èdhi."
GEN 47:25,"They said, You have saved our lives! Let us find favor in the sight of my lord, and we will be Pharaoh's servants.","Hèia ra dhaa, aku rèngu na, Ama pamamuri ji'i le, de ji'i manèngi tarima kasi. Ji'i neo j'aj'i ènu nèti dhèu aae.","Ka dua ra dhaa, aku rèngu na, Lula Lamatua hia le ji'i mamuri, nèti èèna ka ji'i se j'aj'i boe ènu nèti dhèu aae Masir. De ji'i manèngi sèna ka Lamatua sue ji'i, ho ji'i j'aj'i ènu nèti dhèu aae Masir."
GEN 47:26,"Joseph made it a statute concerning the land of Egypt to this day, that Pharaoh should have the fifth. Only the land of the priests alone didn't become Pharaoh's.","Nèti èèna ka, Yusuf tao madha j'ara ne'e, j'aj'i ad'a kabarai ètu Masir. Ladhe ra puru rare are na, ra bagi mi lèmi pala. Ho ca pala rèngu hia mi dhèu aae. Aa èpa pala rèngu abhu. Te ngaa rai ama agama sèra, dhèu aae hèli boe. Ad'a èèna, ra pake taruu.","Lod'o èèna, bèi-baki èdhi aa'i-aa'i ra abhu canguru pala nèti rai Masir. Te ngaa toke d'ai sange ne'e, ètu d'ara rai Masir, Yusuf hia mi dhèu aae Masir ca pala nèti lèmi pala. Ètu d'ara rai ne, abhu dhoka rai ama agama di, dhu j'aj'i rai pusaka dhèu aae Masir."
GEN 47:27,"Israel lived in the land of Egypt, in the land of Goshen, and they got themselves possessions therein, and were fruitful, and multiplied exceedingly.","Karèi nèti lod'o èèna, dhèu Isra'el pea taruu ka ètu Masir, ètu rai Gosen. Ra j'aj'i dhèu kaja, aa ana-èpu rèngu asa tabha ae.","Èle èèna ka, dhèu Isra'el pea ètu rai Masir, ètu rai Gosen. Ka ra abhu mèdha-panyau ae-ae ètu nèi. Ka rèngu rara iisi ae-ae, toke dhèu ae titu kèna."
GEN 47:28,"Jacob lived in the land of Egypt seventeen years. So the days of Jacob, the years of his life, were one hundred forty-seven years.","Ètu Masir, Yakob mamuri hari canguru pidhu tèu era. J'aj'i umur Yakob aa'i-aa'i ra, cangasu èpa nguru pidhu tèu.","Èle èèna ka, Yakob mamuri ètu rai Masir d'ai pidhu nguru tèu. Nèngu mamuri toke cangasu èpa nguru pidhu tèu."
GEN 47:29,"The time came near that Israel must die, and he called his son Joseph, and said to him, If now I have found favor in your sight, please put your hand under my thigh, and deal kindly and truly with me. Please don't bury me in Egypt,","Lod'o dètu na madhe èèna, na paroa Yusuf, ka na padhai lii dènge ne, aku nèngu na, Ana Yusuf! Ja'a rasa na, mamuri ja'a madhera heka. Nèbhu heka, Lamatua paroa ja'a lèpa kèna. Èèna ka ja'a manèngi sèna ka ladhe èu sue ja'a, èu subha sèna ka baku padhane ja'a ètu rai Masir ne'e.","Ropa oe d'ai lod'o madhe dhèu Isra'el sèra, hèia na paroa ana na Yusuf, ka na peka, aku nèngu na, Ama! Ladhe ama sue ja'a, na, tao ku d'ara be'a dènge ja'a. Baku padhane ja'a ètu rai Masir ne."
GEN 47:30,"but when I sleep with my fathers, you shall carry me out of Egypt, and bury me in their burying place. Joseph said, I will do as you have said.","Èu hud'i mèti ngi'u aae ja'a, ho padhane asa era ro'a bèi-baki èdhi. Ho èu padhane ja'a ètu èèna. Ne'e ne, dad'èi d'ara ama. Ka Yusuf dhaa ne, aku nèngu na, Be'a ama! Ladhe dad'èi ama ku kèna, na ja'a madhutu.","De be'a risi èu padhane ja'a ètu era ro'a bèi-baki ja'a. Te bèli-camèd'a ja'a madhe dènge bèi-baki ja'a ètu nèi. Èèna na, èu mèti ja'a asa rai Masir, ho lamu padhane ja'a ètu era èèna. Hèia Yusuf dhaa, aku nèngu na, Tare'a, ama! Pe ja'a tao madhutu lii ama."
GEN 47:31,"Israel said, Swear to me, and he swore to him. Then Israel bowed himself on the bed's head.","Ka Yakob padhai lii hari, peka na, De ladhe sèmi èèna, èu hud'i subha uuru ku, ho ke'a na èu madhutu dad'èi ama. Hèia Yusuf subha madhutu dad'èi Yakob. Ka Yakob patitu kètu urutuu ètu dedha era j'unu na, ka na manèngi makasi mi Ama Lamatua.","Ropa dhèu Isra'el tadèngi lii pajaji ne, hèia na pajaji, aku nèngu na, Ja'a manèngi ho èu pajaji sèmi èèna dènge ja'a. Ka na pajaji sèmi èèna kahèi. Èle èèna ka, na pabèbhe iisi, hèia patitu kètu urutuu ètu era j'unu na, sèna ka j'aj'i mi tadha, peka na, lii pajaji èèna lèke tare'a-re'a."
GEN 48:1,"After these things, someone said to Joseph, Behold, your father is sick. He took with him his two sons, Manasseh and Ephraim.","Nèbhu boe ka, dhèu lasi peka dènge Yusuf na, ama na pèd'a aae. Hèia la'e nèti dènge ana na, Efraim dènge Manase, sèna ka lasi ladhe baki ra Yakob.","Lod'o èèna, dhèu mai peka dènge Yusuf, aku rèngu na, Ama mu pèd'a aae. Ka Yusuf gale nèti ana na dhèu dua, Manase dènge Efraim, lasi kahèi."
GEN 48:2,"Someone told Jacob, and said, Behold, your son Joseph comes to you, and Israel strengthened himself, and sat on the bed.","Ropa Yakob tadèngi Yusuf si mai le, ka na pakaseti madhèdi.","Ka dhèu mai peka dènge Yakob, aku rèngu na, Nanene! Ana mu Yusuf mai le paraga dènge èu. Te ngaa èle èèna ka, Isra'el j'aj'i èra hari, ka na madhèdi ètu era j'unu na."
GEN 48:3,"Jacob said to Joseph, God Almighty appeared to me at Luz in the land of Canaan, and blessed me,","Hèia na padhai lii dènge Yusuf, aku nèngu na, Ana Yusuf, ee! Ama Lamatua dhu dènge Koasa Kapai Risi na, uru èèna, Na pad'elo le iisi Na dènge ja'a ètu rae Lus, ètu rai Kana'an. Ètu nèi, Na moa tèke mi ja'a.","Hèia Yakob peka dènge Yusuf, aku nèngu na, Ama Lamatua dhu koasa kapai risi eele èèna, pad'elo iisi Na mi ja'a ètu rae Luz, ètu rai Kana'an. Ka Na hia ja'a berkat."
GEN 48:4,"and said to me, ‘Behold, I will make you fruitful, and multiply you, and I will make of you a company of peoples, and will give this land to your offspring after you for an everlasting possession. '","Na padhai lii, peka na, ‘Bèli-camèd'a Ja'a hia ana-èpu èu j'aj'i ae, ho rèngu j'aj'i suku dhu kapai. Rai ne'e ne, ja'a hia j'aj'i unu rèngu, ho j'aj'i pusaka ra toke d'ai rai-haha èle. '","Hèia Na peka dènge ja'a, aku Nèngu na, Ladhe sèmi èèna, Ja'a tao èu j'aj'i dhèu ae-ae. Èu èèna, bèli-camèd'a j'aj'i suku ae-ae. Bèli-camèd'a, ana-èpu èu sèra, Ja'a hia rai ne j'aj'i rai pusaka ra, toke d'ai mia-mia la'e. '"
GEN 48:5,"Now your two sons, who were born to you in the land of Egypt before I came to you into Egypt, are mine, Ephraim and Manasseh, even as Reuben and Simeon, will be mine.","Aa ana èu Efraim dènge Manase èèna, hak rèngu sèmi ne'e ka, lod'o dhu ja'a d'ai Masir na, mere iisi le rèngu dua ra. Masi ka sèmi èèna, ja'a tao rèngu sèmi ana d'èlu ja'a, sama sèmi Ruben dènge Simeon.","De ja'a neo karèi sèmi ne'e, ana èu dhèu dua, nuka Efraim dènge Manase, nuka Ruben dènge Simeon, bèli-camèd'a j'aj'i unu ja'a kahèi. Rèngu dua ra rara iisi èu ètu rai Masir, lod'o ja'a dhae d'ai mèka ètu rai Masir."
GEN 48:6,"Your offspring, whom you become the father of after them, will be yours. They will be called after the name of their brothers in their inheritance.","Aa ladhe bèli-camèd'a èu abhu hari ana, na èèna di unu èu kèna. Ja'a tao boe rèngu sèmi ana d'èlu ja'a. Pe pusaka ra, rèngu abhu nèti a'a ra, Efraim dènge Manase.","Bèli-camèd'a, ana-èpu èu dhu èu hag'e nare èèna, j'aj'i mi pusaka èu. Te ngaa pusaka èèna, bèli-camèd'a j'aj'i mi pusaka èu. Bèli-camèd'a rèngu j'aj'i mi pusaka èu, madhutu ngara a'ari ra."
GEN 48:7,"As for me, when I came from Paddan, Rachel died beside me in the land of Canaan on the way, when there was still some distance to come to Ephrath, and I buried her there on the way to Ephrath also called Bethlehem.","Ja'a tao sèmi èèna, sèna ka èdhi sanèd'e ina mu Rahel. Lod'o ji'i mai nèti Mesopotamia asa Kana'an, d'ai talora j'ara, ina mu madhe ropa nara iisi aa'i. Èèna na, ji'i dètu rae Efrata ètu rai Kana'an. Lod'o èèna, ja'a susa d'ai seli. Ka ja'a padhane ne ètu sebhe j'ara la'e asa rae Efrata. Limuri ne, rae èèna ra gati ngara na Betlehem.","Ja'a pakèd'i nèti Padan asa rai Kana'an. Lod'o èèna, ana hèni ja'a Rahel madhe ètu sebhe j'ara. Lod'o èèna, ji'i dhae d'ai mèka hèb'a-namo Efrat. Ka ja'a heka padhane ne ètu j'ara, dhu dhèu peka na, Betlehem. Lod'o èèna, ra padhane ne ètu èèna."
GEN 48:8,"Israel saw Joseph's sons, and said, Who are these?","Ropa Yakob padhai lii nare sèmi èèna hèia, na boti kètu na, ladhe nèdhi ana-ana Yusuf ètu èèna. Hèia na karèi Yusuf, aku nèngu na, Se'e se, ana cee?","Ropa dhèu Isra'el ladhe rèdhi ana-èpu Yusuf, ka ra pakarèi, peka na, Rèngu se, cee?"
GEN 48:9,"Joseph said to his father, They are my sons, whom God has given me here. He said, Please bring them to me, and I will bless them.","Ka Yusuf dhaa, Se'e, ana dhu Ama Lamatua hia ja'a ètu Masir. Yakob peka hari, Ladhe sèmi èèna, na hia ra mai padètu dènge ja'a, ho ja'a manèngi Ama Lamatua hia si mèngi-nale.","Hèia Yusuf lii dènge ama na, aku nèngu na, Ira ii! Dhèu se'e se, ana d'èlu ja'a, dhu Ama Lamatua pangèd'u le mi ja'a ètu ne'e. Ka ama na dhaa, aku nèngu na, Ama! Mèti si mai sa ne'e, sèna ka ja'a manèngi ho Ama hia si mèngi-nale."
GEN 48:10,"Now the eyes of Israel were dim for age, so that he couldn't see well. Joseph brought them near to him, and he kissed them, and embraced them.","Yakob heka le, aa musi madha na ahu le. Na ladhe nèdhi be'a heka. Hèia Yusuf nèti ana na sèra padètu asa madha Yakob, ka na liku nare si, aa na uu si dua ra.","Èle èèna ka, Yusuf nèdhi heka dènge musi madha na. Nèti èèna ka, musi madha na bèdhu le, toke nèdhi heka ngaa-ngaa. Hèia na ère si asa madha na, ka uu si, aa liku nare si."
GEN 48:11,"Israel said to Joseph, I didn't think I would see your face, and behold, God has let me see your offspring also.","Ka na peka dènge Yusuf, aku nèngu na, Nèbhu nare sange ne'e, ja'a pangee na, ja'a bisa heka kèdhi rèhu èu. Te ngaa Ama Lamatua, tao risi eele nèti ngaa dhu ja'a ngee, toke ja'a bisa kèdhi ana-ana èu kahèi.","Ka Isra'el peka dènge Yusuf, aku nèngu na, Ja'a pangee boe, na, ja'a bisa ladhe kèdhi rèhu èu. Te ngaa sanèd'e! Lamatua bhoke le j'ara, sèna ka ja'a bisa ladhe kèdhi ana-èpu èu kahèi."
GEN 48:12,"Joseph brought them out from between his knees, and he bowed himself with his face to the earth.","Hèia Yusuf hari eele ana na dhèu dua sèra nèti madha Yakob, ka na patitu kètu urutuu na, aa na pacud'u rèhu na d'ai rai, ètu madha ama na.","Ropa tadèngi nare sèmi èèna, hèia Yusuf kèpe rèhu na nèti haga na, ka na patitu kètu urutuu na asa rai."
GEN 48:13,"Joseph took them both, Ephraim in his right hand toward Israel's left hand, and Manasseh in his left hand toward Israel's right hand, and brought them near to him.","Èle èèna ka, Yusuf kèd'i. Na nare ana na dhèu dua sèra, ka na hia ra titu padètu-dètu dènge ama na. Na patitu ana uuru na Manase, re bèka g'ana Yakob. Aa ana ka dua, Efraim, re bèka kariu Yakob.","Hèia Yusuf kèpe Efraim dènge ai g'ana na, ho la'e asa d'ara kariu dhèu Isra'el. Aa Manase dènge ai kariu na, ho la'e asa d'ara kariu dhèu Isra'el. Ka nèti si mai padètu-dètu dènge ne."
GEN 48:14,"Israel stretched out his right hand, and laid it on Ephraim's head, who was the younger, and his left hand on Manasseh's head, guiding his hands knowingly, for Manasseh was the firstborn.","Te ngaa ropa Yakob soro ai na neo manèngi mèngi-nale hia ana dua sèra, na soro ai g'ana na mi kètu Efraim, aa ai kariu mi kètu Manase.","Èle èèna ka, Isra'el j'ole kacui-aai g'ana na, ho bane mi kètu Efraim. Manase ne, ana uuru. Hèia na j'ole kacui-aai karihu na, ho bane mi kètu Manase."
GEN 48:15,"He blessed Joseph, and said, The God before whom my fathers Abraham and Isaac walked, the God who has fed me all my life long to this day,","Ka na manèngi Ama Lamatua hia berkat mi Yusuf, peka na, Baki mu Isak, dènge ama na Abraham, dua ra madhutu taruu dad'èi Ama Lamatua. Ama Lamatua ladhe-leru ja'a kahèi, nèti ana ngèru toke d'ai deo ne'e ne.","Hèia na hia mèngi-nale mi Yusuf, aku nèngu na, Ama Lamatua èèna, nuka Ama Lamatua dhu bèi-baki ja'a, Abraham dènge Isak madhutu taruu. Nèngu ka dhu ladhe-leru ja'a toke d'ai sange ne'e. Nèngu ka dhu ladhe-leru ja'a toke d'ai sange ne'e."
GEN 48:16,"the angel who has redeemed me from all evil, bless the lads, and let my name be named on them, and the name of my fathers Abraham and Isaac. Let them grow into a multitude upon the earth.","Na pakaj'èu ja'a nèti rupa-rupa sasusa. De ja'a manèngi sèna ka Na hia mèngi-nale mi ana èu se'e, dènge ana-èpu ra. Aa ladhe ra manèngi-mangaj'i mi Ama Lamatua, ra bhèlu boe ale kolongara baki Abraham, kolongara Isak, aa kolongara ja'a, sèna ka ana-èpu rèngu asa bèba-kacanga, ho j'aj'i kapai ètu rai-haha ne'e.","Ana pajuu nèti sorga ne'e ka dhu pakaj'èu Ja'a nèti koasa bhabhelu-katub'a aa'i-aa'i. Hud'i laa Lamatua hia mèngi-nale mi ana-ana se. Hud'i laa Ja'a pangare rèngu, nuka sèmi baki Ja'a, Abraham dènge Isak. Hud'i laa rèngu asa tabha ae-ae ètu rai-haha ne."
GEN 48:17,"When Joseph saw that his father laid his right hand on the head of Ephraim, it displeased him. He held up his father's hand, to remove it from Ephraim's head to Manasseh's head.","Te ngaa ropa Yusuf ladhe nèdhi ama na tao ai g'ana na mi kètu Efraim, hèia kèpe nare ai ama na, ho tao sa kètu a'a na Manase.","Ropa Yusuf ladhe nèdhi, na, ama na tao le kacui-aai g'ana na mi kètu Efraim, ka d'ara na karej'e. Hèia na soro kacui-aai ama na, ho papuru nèti hèb'a na, ho papuru nèti hèb'a na asa hèb'a na, sèna ka papuru nèti hèb'a na asa hèb'a na."
GEN 48:18,"Joseph said to his father, Not so, my father, for this is the firstborn. Put your right hand on his head.","Ka na peka dènge ama na, Ama, ee! Baku tao sèmi èèna. Nèngu ne, ari Efraim. Nèngu ana limuri. De ai g'ana ama hud'i tao sa kètu a'a na Manase. Lula èèna hak ana uuru.","Te ngaa na b'ala, aku nèngu na, Aad'o, ama! Baku sèmi èèna! Te ne'e ne, ana uuru! Pakaj'èu kacui-aai g'ana èu mi kètu na."
GEN 48:19,"His father refused, and said, I know, my son, I know. He also will become a people, and he also will be great. However, his younger brother will be greater than he, and his offspring will become a multitude of nations.","Te ngaa ama na Yakob d'èi boe. Ka na peka na, Ana, ee! Ja'a ke'a. Ladhe èèna na, Manase j'aj'i èra, aa ana-èpu na tabha ae, ho j'aj'i suku kapai. Te ngaa ari na Efraim èèna, bèli-camèd'a kapai risi hari nèti nèngu. Sèmi èèna kahèi ana-èpu na ae risi eele hari, ho ladhe èèna na, rèngu j'aj'i suku-suku dhu kapai aae.","Te ngaa ama na no'o boe. Ka na dhaa, aku nèngu na, Oo, ana, ee! Ja'a ke'a. Bèli-camèd'a ana-èpu na j'aj'i dhèu aae-dhèu kapai. Bèli-camèd'a ana-èpu na j'aj'i dhèu kapai. Te ngaa ari na dhu limuri tèka, j'aj'i kapai risi nèti ne'e. Bèli-camèd'a ana-èpu na j'aj'i suku ae-ae nèti suku aa'i-aa'i ètu rai-haha."
GEN 48:20,"He blessed them that day, saying, Israel will bless in your name, saying, ‘God make you as Ephraim and as Manasseh' He set Ephraim before Manasseh.","Ka na peka dènge ana se dua ra, Ladhe dhèu Isra'el manèngi Ama Lamatua ho hia mamèngi-nale mi dhèu, rèngu ale ngara miu dua mi hèi. Ladhe èèna na, ra peka sèmi ne'e, ‘Ji'i sanao sèna ka Ama Lamatua hia mamèngi-nale mi èu, sama sèmi Na hia mi Efraim dènge Manase. ' Dènge j'ara ne'e, Yakob ale uuru ngara Efraim nèti ngara a'a na Manase.","Lod'o èèna, Ama Lamatua hia si mèngi-nale, peka na, Ama Lamatua hia èu mèngi-nale, sèna ka èu j'aj'i dhèu kapai, sama sèmi Efraim dènge Manase. Lamatua hag'e nare èu, sèna ka èu j'aj'i dhèu kapai, sama sèmi Efraim. Lamatua hag'e nare èu, ho èu j'aj'i dhèu kapai, sama sèmi Manase."
GEN 48:21,"Israel said to Joseph, Behold, I am dying, but God will be with you, and bring you again to the land of your fathers.","Èle èèna, hèia Yakob padhai lii dènge Yusuf, peka na, Ana, ee! Ja'a nèbhu heka madhe. Te ngaa Ama Lamatua dènge miu, ho èèna na nèti hari miu asa era pea-palu'u bèi-baki miu.","Ka na peka dènge Yusuf, aku nèngu na, Sèmi ne'e. Ja'a oe madhe kèna. Te ngaa hud'i laa Ama Lamatua bera-bera dènge èu. Pe Nèngu lere èu lèpa hari asa rai bèi-baki èu."
GEN 48:22,"Moreover I have given to you one portion above your brothers, which I took out of the hand of the Amorite with my sword and with my bow.","Te ngaa ne'e ne, ja'a hia èu risi eele nèti a'ari èu. Aa ja'a hia tabha èu, ledhe ètu rai Kana'an èèna, dhu uru na ja'a kore nèti dhèu Amori, lod'o ja'a segi rèngu ètu d'ara pamusu.","De limuri ne, èu abhu rai cue dhu be'a risi nèti a'ari èu sèra. Te ngaa Ja'a pake samala Ja'a, aa pake rèka Ja'a, ho babège eele rai èèna nèti dhèu Amori sèra."
GEN 49:1,"Jacob called to his sons, and said, Gather yourselves together, that I may tell you that which will happen to you in the days to come.","Hèia Yakob pua ana na aa'i-aa'i ra pakaboko. Ropa ra kaboko aa'i, na peka dènge si, aku nèngu na, Ana ja'a aa'i-aa'i! Mai padètu dènge ja'a. Te ja'a neo peka dènge miu j'ara mamuri mi èci-èci lod'o limuri.","Ropa tadèngi nare sèmi èèna, hèia Yakob paroa ana-ana na, ka na peka, aku nèngu na, Miu pakaboko aa'i-aa'i mi! Pe ja'a peka dènge miu, ngaa dhu bèli-camèd'a j'aj'i mi dedha miu."
GEN 49:2,"Assemble yourselves, and hear, you sons of Jacob. Listen to Israel, your father.","Ka na peka mema dènge ana-ana na si, aku nèngu na, Sèmi ne'e, ana-ana Yakob! Mai titu lingu mere ja'a. Mi nanene, ama miu Isra'el ne, neo padhai lii.","Miu ana-èpu Yakob, pakaboko aa'i-aa'i mi, ho nanene paie-iie! Miu dhèu Isra'el, dhu j'aj'i le bèi-baki miu."
GEN 49:3,"Reuben, you are my firstborn, my might, and the beginning of my strength, excelling in dignity, and excelling in power.","Ruben! Èu ne, ana ja'a dhu uru tèka! Èu ne'e tatea ja'a, dènge ai g'ana ja'a. Dhèu pakab'ua risi èu.","Ruben! Èu ne, ana uuru ja'a. Èu ne'e ka dhu dedha risi eele nèti ja'a. Èu ne'e ka dhu dedha risi eele nèti ja'a. Èu ne'e ka dhu dedha risi eele nèti ja'a. Èu ne'e ka dhu dedha risi eele nèti ja'a."
GEN 49:4,"Boiling over like water, you shall not excel, because you went up to your father's bed, then defiled it. He went up to my couch.","Te ngaa d'ara èu èra boe, sama sèmi rii dhasi dhu la'e-mai la'e-mai. Cag'ag'a laa, èu lamu j'unu dènge dhèu èmu ja'a, ka pakaj'alu era j'unu ama èu. Tatao èu èèna ka, pamanahu eele kolongara ca dhèu a'a.","Te ngaa èu baku pamakae dhèu aa'i-aa'i, lula èu maso asa d'ara bèdho ama mu, hèia èu pakaj'alu ngi'u aae na. De èu hud'i madhutu ku dad'èi Lamatua, nuka sèmi èi dhu pakihu ètu dedha koi èèna. Te ngaa èu hud'i mola-mola ku, lula èu maso asa d'ara bèdho ama mu, hèia na maso asa d'ara karad'a ja'a."
GEN 49:5,Simeon and Levi are brothers. Their swords are weapons of violence.,"Simeon dènge Lewi! Miu dua mi ca rupa. Miu dua mi, malai titu kèna ded'e samala, ho paj'èra dhèu.","Simeon dènge Lewi, èci èèna ka dènge a'ari na Lewi. Rèngu dua ra, èci èèna ka dènge samala, te ngaa rèngu èci èèna ka dènge rèka ra."
GEN 49:6,"My soul, don't come into their council. My glory, don't be united to their assembly, for in their anger they killed men. In their self-will they hamstrung cattle.","Ladhe miu pare pama'ète kalua haga sapi, ho ra kapod'e reo-reo ètu era, na lèke dad'èi miu kèna. Aa bhabhelu miu hari, ladhe miu kadhi ngutu, na mi pamadhe dhèu. Nèti èèna ka, ja'a pahae boe lii padhai lii miu. Aa ja'a d'èi boe tao madha-dhilu mi lii langu miu.","Ja'a ko'o boe maso asa talora aae rèngu. Ja'a ko'o boe pa'èci dènge rèngu kahèi. Ja'a ko'o boe pa'èci dènge rèngu kahèi. Rèngu d'ara pèd'a titu kèna, hèia ra pamadhe dhèu. Ra tenge j'ara ho pa'ele iie kahib'i-kalèbho, madhutu dad'èi rèngu unu ra."
GEN 49:7,"Cursed be their anger, for it was fierce, and their wrath, for it was cruel. I will divide them in Jacob, and scatter them in Israel.","Nèti èèna ka, ja'a dhoo bhelu-katub'a miu ne, te seli-kolane nga! Dènge nanasa miu dhu dènge boe sasue ciki sa hèi. Ladhe èèna na, miu pasae unu mi, bhelu-katub'a miu sèra. Ho èèna na, Lamatua ceb'e ana-èpu miu, asa g'ana asa kariu. Ka ra paceb'a asa mia-mia, ètu dedha rai Isra'el.","Bèli-camèd'a rèngu ro'o boe nanene Ja'a, lula rèngu ro'o boe nanene Ja'a. Bèli-camèd'a rèngu ro'o boe nanene Ja'a, lula rèngu ro'o boe nanene Ja'a. Nèti èèna ka, Ja'a hag'e eele rèngu ètu Isra'el aa'i-aa'i ra, sèna ka j'aj'i mi dua kaboko."
GEN 49:8,"Judah, your brothers will praise you. Your hand will be on the neck of your enemies. Your father's sons will bow down before you.","Yahuda! Ngara èu ne, sasoa na, ‘koa-kio'. A'ari èu èèna na ra koa èu, aa ra pacud'u kètu ho pakab'ua èu. Èu ne, j'èli musu èu, toke ra bisa heka doa kètu.","Wee, dhèu Yahuda! Èèna na, a'ari èu dhèu parcaya koa-kio kolongara èu. Bèli-camèd'a, d'ara èu j'aj'i mi tadha mi musu èu. Bèli-camèd'a ana-ana ama èu patitu kètu urutuu ètu madha èu."
GEN 49:9,"Judah is a lion's cub. From the prey, my son, you have gone up. He stooped down, he crouched as a lion, as a lioness. Who will rouse him up?","Èu ne, sama sèmi singa ngèru dhu èra, ho tenge nganga'a unu mu. Aa èu ne, sama sèmi singa mone, dhu tèku iisi neo bhèj'i, èci sa bani boe pagagai dènge èu. Èu kahèi sèmi singa rena, dhu madhenge ana, èci sa bani boe gagu. Èci èèna ka dènge èu. Dhèu èci sa bani boe padadisi, aa bani boe tao macam-macam mi dedha èu.","Yahuda, ana jara. Ana ja'a, èu kalua nèti j'aj'èra. Èu mèdhu le, nuka sèmi ana singa. Èu mèdhu le, èci èèna ka dènge ana singa. Èu mèdhu le, èci èèna ka dènge ana singa. Èu mèdhu le, èci èèna ka dènge ana singa. Abhu boe ca dhèu sa dhu bisa pamamuri hari ne."
GEN 49:10,"The scepter will not depart from Judah, nor the ruler's staff from between his feet, until he comes to whom it belongs. The obedience of the peoples will be to him.","Èèna na èu mèd'u paredha. Ana-èpu èu oo rèd'u paredha padhutu-dhutu, toke abhu èci dhu hak nèngu risi eele nèti cahag'e, ho nèd'u paredha na. Ka dhèu aa'i-aa'i ètu rai-haha ne'e, pahaha iisi ho nanene lii paredha nèngu hèi.","Dhèu Yahudi hud'i j'aga paie-iie ku paredha Lamatua. Te ngaa nèbhu-nèbhu, sordad'u sèra hud'i j'aga paie-iie ku paredha Lamatua. Sordad'u sèra hud'i j'aga paie-iie ku paredha Lamatua. Sordad'u sèra hud'i j'aga paie-iie ku paredha Lamatua. Sordad'u sèra hud'i j'aga paie-iie ku paredha Lamatua. Te ngaa paredha Lamatua, bèli-camèd'a paredha nèti suku aa'i-aa'i ètu rai-haha."
GEN 49:11,"Binding his foal to the vine, his donkey's colt to the choice vine, he has washed his garments in wine, his robes in the blood of grapes.","Èèna na, èu ne mamuri dènge karej'e-karae. Èu neo ngaa, na abhu. Èu neo tao ngaa, na j'aj'i! Aa ladhe èèna na, badha-manu, dènge isi rai nèti oka-tedhe èu, asa ae d'ai ceb'e lebhe eele hèi.",Nèngu èki badha keled'ei na dènge èi anggor dhu be'a. Nèngu èki badha keled'ei na dènge èi anggor dhu be'a. Nèngu rase mèdha-papake na dènge raa anggor.
GEN 49:12,"His eyes will be red with wine, his teeth white with milk.","Nganga'a-nginu èu, dhu be'a hua, aa dhu èle boe.","Musi madha na pèd'u sama sèmi èi anggor, ngutu na pudhi sama sèmi susu."
GEN 49:13,Zebulun will dwell at the haven of the sea. He will be for a haven of ships. His border will be on Sidon.,"Sebolon! Rai pusaka dhu èu unu, kapai seli, nèti nebhe dhasi toke d'ai too dènge kota Sidon. Kapa-kapa mai nèti mia-mia ho panahu dènge be'a ètu d'ara hèb'a-namo dhasi èu.",Bèli-camèd'a dhèu Sebulon pea ètu sebhe dhasi. Bèli-camèd'a kapa mai nèti sebhe dhasi. Bèli-camèd'a rai èèna dènge kota Sidon.
GEN 49:14-15,"Issachar is a strong donkey, lying down between the saddlebags. He saw a resting place, that it was good, the land, that it was pleasant. He bows his shoulder to the burden, and becomes a servant doing forced labor.","Isaskar! Èu ne, sama sèmi keled'ei dhu èra, te ngaa èu kètu hadhu papake na aad'o. Ladhe èu j'unu ètu talora j'ara, dhèu èci sa bisa boe pakèd'i èu ho kako taruu. Te ngaa ladhe èu mèdhi rae ètu ca bèka nèi be'a, èci sa dhae pua mèka èèna ka, mu pasae mèti le mèdha-panyau èu ho lamu. Tatu èu sama sèmi èèna ka!","Isakkar ne, nuka sèmi keled'ei keled'ei dhu èra titu kèna, dhu madhèdi ètu talora jara. Na ladhe nèdhi era ae dhu be'a, aa rai èèna be'a, sèna ka na ae nare d'ara na. Ka na soro kabodho na, ho madhutu atora na, hèia na j'aj'i ènu."
GEN 49:16,"Dan will judge his people, as one of the tribes of Israel.","Dan! Ngara èu ne, sasoa na, ‘dhèu pama'ète lii'. Aa èu ne, dènge ana-èpu èu, ladhe bèli-camèd'a pama'ète lii nèti dhèu èu Isra'el sèra, dènge boe bia ca bèka.",Bèli-camèd'a Nèngu j'aj'i Dhèu Pama'ète Lii Langu mi suku Isra'el aa'i-aa'i ra.
GEN 49:17,"Dan will be a serpent on the trail, an adder in the path, that bites the horse's heels, so that his rider falls backward.","Aa èu ne, sama èci èèna ka dènge mege kaisao dhu j'unu ètu sebhe j'ara. Dhèu ca'e jara ho èèna na, èu kadhi haga jara èèna nèti kabodho, toke dhèu manahu sa rai.","Bèli-camèd'a j'aj'i nuka sèmi mege dhu heo robhe-robhe ètu talora j'ara, toke jara dhu manya'e jara ne manahu hari."
GEN 49:18,"I have waited for your salvation, LORD.",O LAMATUA! Ja'a ke'a na Èu hia mamuri mi ji'i aa'i-aa'i mi.,"Ja'a tatae mamai Lamatua, te Nèngu neo patabuli ja'a nèti koasa sasala-sasigo ja'a."
GEN 49:19,"A troop will press on Gad, but he will press on their heel.","Gad! Ngara èu, lii na oe èci èèna ka dènge, ‘age'. Ladhe èèna na, dhèu parapo mai age èu, te ngaa èu kabèli hari age si, ka mu segi si.","Bèli-camèd'a sordad'u mai j'aj'èra Gad, te ngaa nèngu mai j'aj'èra rèngu kahèi."
GEN 49:20,Asher's food will be rich. He will produce royal dainties.,"Aser! Ladhe èèna isi rai nèti oka-tedhe èu be'a risi, d'ai èu tao koki dhu be'a bia, ka dhèu aae-dhèu kapai mai hèli ètu èu.",Abhu nganga'a-nganginu dhu be'a nèti bèi-baki èdhi. Abhu nganga'a-nganginu dhu be'a nèti dhèu aae-dhèu aae.
GEN 49:21,"Naphtali is a doe set free, who bears beautiful fawns.","Naftali! Èu ne sama sèmi rusa hui, dhu dhèu èci sa ator rare boe èu. Ana-ana matana èu, bhèni iia dènge mone iia.",Te Naftali nuka sèmi doe dhu dènge mèdha-panyau dhu kab'ua aae.
GEN 49:22,"Joseph is a fruitful vine, a fruitful vine by a spring. His branches run over the wall.","Yusuf! Èu ne, sama sèmi aj'u loro dhu dètu dènge madha èi. Dadana na loro asa tembok dhu dedha aae.","Yusuf ne, èci èèna ka dènge aj'u anggor ca kapua dhu hua na be'a. Ètu sebhe madha na, abhu aj'u anggor ca kapua dhu hua na be'a. Nèti èèna ka, ana aaj'u na rai pa'abhe li'u, sèna ka j'aj'i mi tadha, peka na, nèngu ne dhèu d'ara karehe."
GEN 49:23,"The archers have severely grieved him, shot at him, and persecuted him,","Abhu kahèi dhèu tèka d'ara dènge èu, sama èci èèna ka, dènge musu dhu neo kataki èu.","Lod'o èèna, dhèu pajuu-paleha Lamatua sèra hake papèd'a-tarègu ne, toke d'ara na pèd'a titu kèna. Ra tenge j'ara ho paj'èra ne."
GEN 49:24,"But his bow remained strong. The arms of his hands were made strong, by the hands of the Mighty One of Jacob, from there is the shepherd, the stone of Israel,","Te ngaa Ama Lamatua dhu ja'a mangaj'i na, bera-bera dènge èu. Ho Na pa'èra ai èu, ka èu kataki si hari, masi ka nèti kaj'èu èèna ka. Èu segi si, lula Ama Lamatua dhu tolong èu. Mema koasa Na risi aa'i ngaa-ngaa! Nèti èèna ka, Nèngu j'aj'i era sarai ja'a, lula Nèngu na ka dhu madhenge ja'a.","Masi ka sèmi èèna, te ngaa rèngu taha taruu dènge d'ara èra. Aa rèngu abhu koasa kahèi nèti Ama Lamatua, lula Nèngu ka dhu koasa kapai risi nèti ana-èpu Yakob. Nèngu ka dhu j'aj'i Dhèu Madhenga badha. Nèngu ka dhu j'aj'i Dhèu Aae mi èdhi, dhèu Isra'el. Nèngu ka dhu j'aj'i hadhu dhu kab'ua titu kèna."
GEN 49:25,"even by the God of your father, who will help you, by the Almighty, who will bless you, with blessings of heaven above, blessings of the deep that lies below, blessings of the breasts, and of the womb.","Aa Nèngu madhenge èu kahèi. Dènge Na pala-bagi hia èu mèngi-nale nèti dedha-liru, nèti rai-haha, dènge berkat ho matana ana ae-ae dhu ngi'u èra.","Ja'a koa-kio kolongara Ama Lamatua nèti bèi-baki èu. Te Nèngu ka dhu soru-bara èu. Ja'a koa-kio kolongara Ama Lamatua dhu koasa kapai risi. Ja'a koa-kio kolongara Ama Lamatua nèti sorga toke d'ai rai-haha. Ja'a koa-kio kahèi ana dhu èu kad'o nèti kabake, toke d'ai kabake."
GEN 49:26,"The blessings of your father have prevailed above the blessings of my ancestors, above the boundaries of the ancient hills. They will be on the head of Joseph, on the crown of the head of him who is separated from his brothers.","Ledhe-ledhe ra ele boe. Aa mamèngi-nale dhu ja'a peka mi èu ne, dedha risi nèti ledhe aa'i-aa'i ra. Sèna ka hud'i laa berkat se aa'i-aa'i sabhori asa èu, lula èu ne risi nèti a'ari èu se aa'i-aa'i si.","Bèli-camèd'a, bèi-baki èdhi manèngi sèna ka Ama Lamatua hia mèngi-nale mi rèngu, risi nèti mèngi-nale aa'i-aa'i ra dhu rèngu abhu nèti bèi-baki èdhi. Bèli-camèd'a, bèli-camèd'a Lamatua hia mèngi-nale mi kètu Yusuf, lula nèngu dhu pacèri nèti a'ari na, lula nèngu ne dhèu kapai. Te ngaa bèli-camèd'a, bèli-camèd'a Lamatua hia mèngi-nale mi nèngu kahèi."
GEN 49:27,Benjamin is a ravenous wolf. In the morning he will devour the prey. At evening he will divide the plunder.,"Benyamin! Babani èu sama sèmi busa hui dhu manganga. Mad'ae aae era, na kèd'i le èèna, ho bata-magèla badha hui, ho j'aj'i mi nganga'a na. Aa, ladhe d'ai ka mèda, la'e papala dhu sisa hia mi ana-ana nèngu. Babe'a ana-èpu èu sèmi èèna kahèi.","Dhèu nèti suku Benyamin ne, ca ropa dènge busa hui dhu manganga. Bèli mad'ae, na'a nganga'a dhu na'a-ninu. Te ngaa ladhe oe cèna, na pala-bagi mèdha-panyau dhu na'a-ninu."
GEN 49:28,"All these are the twelve tribes of Israel, and this is what their father spoke to them, and blessed them. He blessed everyone according to his own blessing.","Sange ne'e ka, Yakob peka dènge ana-ana na, tasa mera mia mamuri rèngu pala lod'o limuri, èci-èci ka dènge ana-èpu rèngu. Rèngu aa'i-aa'i se'e ka, j'aj'i mi bèi-baki nèti canguru dua suku dhèu Isra'el.","Se'e se, aa'i-aa'i nèti canguru dua suku Isra'el. Ama ra neo hia mèngi-nale mi rèngu, sèna ka Lamatua hia si mèngi-nale."
GEN 49:29-30,"He instructed them, and said to them, I am to be gathered to my people. Bury me with my fathers in the cave that is in the field of Ephron the Hittite, in the cave that is in the field of Machpelah, which is before Mamre, in the land of Canaan, which Abraham bought with the field from Ephron the Hittite as a burial place.","Èle èèna ka, Yakob manèngi sèna ka ana-ana na pajaji mema, peka na, Nèbhu heka, ja'a madhe. Ladhe bèli-camèd'a ja'a madhe, na miu hud'i padhane ku ja'a asa d'ara ro'a baki ku Abraham. Ro'a ne, ètu d'ara loe padètu dènge rae Makpela, dènge Mamre ètu rai Kana'an. Uru na baki Abraham ka dhu hèli loe dènge oka na, ho j'aj'i mi era ro'a nèngu. Na hèli pama'ète nèti dhèu suku Het, ngara na Efron.","Na pua si, aku nèngu na, Ja'a neo lèpa hari mai asa rai Isra'el. Pe miu padhane ja'a ètu d'ara ro'a èci, sama-sama dènge bèi-baki ja'a. Ro'a èèna, ètu d'ara pad'a sod'a èci, dhu ètu madha Mamre. Ro'a ne, èci èèna ka dènge èi hèu mèngi-nale nèti Ephron, dhèu Het. Mamre ètu sebhe rai Kana'an, abhu era padhane èi hèu mèngi-nale èci, dhu bèli-camèd'a bèli-camèd'a bèli-camèd'a bèli-camèd'a bèli-camèd'a bèli-camèd'a bèli-camèd'a bèli-camèd'a bèli-camèd'a bèli-camèd'a hèli."
GEN 49:31,"There they buried Abraham and Sarah, his wife. There they buried Isaac and Rebekah, his wife, and there I buried Leah,","Ètu era èèna, ra padhane baki èdhi Abraham dènge bèi èdhi Sara, ama ja'a Isak dènge ina ku Ribka ètu èèna kahèi. De èèna na, miu hud'i padhane ja'a mi era èèna, ètu sebhe ro'a dhèu èmu ja'a Lea.","Ètu era ne'e, ra padhane Abraham, dènge dhèu èmu na Sara. Ra padhane Isak dènge dhèu èmu na, Ribka. Aa ra padhane Leah kahèi."
GEN 49:32,"the field and the cave that is therein, which was purchased from the children of Heth.","De mage mi bhèlu, padhane ja'a ètu d'ara loe dhu baki Abraham ku hèli nare èèna.","rai èèna dènge ro'a ètu d'ara oka ne, dhu nèngu hèli nèti ana-èpu Het."
GEN 49:33,"When Jacob finished charging his sons, he gathered up his feet into the bed, breathed his last breath, and was gathered to his people.","Yakob padhai lii nare sèmi èèna, na bhèj'i dènge ka ètu dedha koi na, hèia na madhe dènge ka.","Ropa Yakob peka nare sèmi èèna, hèia na kèd'i la'e bhèj'i. Ka na ma'ète a'ae, hèia na lèpa hari asa dhèu unu na sèra."
GEN 50:1,"Joseph fell on his father's face, wept on him, and kissed him.","Hèia Yusuf liku nare ama na, ka na tangi. Na uu ama na pèri-pèri hari.","Ropa tadèngi nare sèmi èèna, hèia Yusuf la'e patitu kètu urutuu, ka tangi d'ara pèd'a. Hèia na liku nare ama na, ka uu ne."
GEN 50:2,"Joseph commanded his servants, the physicians, to embalm his father, and the physicians embalmed Israel.","Ka na paredha dhèu dhu tuka urus dhèu madhe mai lalau ngi'u aae ama na dènge bubhu-bubhu, sèna ka baku ele iie.","Èle èèna ka, Yusuf paredha dhèu sab'a na, dhèu d'èlu-mèu sèra, ho lasi pasuti ngi'u aae ama na. Aa na paredha dhèu d'èlu-mèu sèra kahèi, ho lasi pasuti ngi'u dhèu Isra'el."
GEN 50:3,"Forty days were used for him, for that is how many days it takes to embalm. The Egyptians wept for Israel for seventy days.","Sasab'a tuka lalau ngi'u aae ama na, d'ai èpa nguru lod'o, madhutu j'ara sasab'a rèngu. Dhèu Masir aa'i-aa'i madhutu tangi kahèi mamadhe Yakob ne'e. Ra beke pidhu nguru lod'o, tao sèmi dhèu kapai rèngu madhe.","Èle èèna ka, ra padhane ne èpa nguru lod'o. Te d'ai èpa nguru lod'o, heka na madhe kèna. Hèia dhèu Masir tangi d'ara pèd'a, lula dhèu Isra'el madhe, toke pidhu nguru lod'o."
GEN 50:4,"When the days of weeping for him were past, Joseph spoke to Pharaoh's staff, saying, If now I have found favor in your eyes, please speak in the ears of Pharaoh, saying,","Èle beke pidhu nguru lod'o, hèia Yusuf peka dènge dhèu sab'a na sèra, Mi nanene! Mèti ku lii ja'a ne asa dhèu aae, peka sèmi ne'e,","Ropa d'ai èle lod'o j'aj'èra, ka Yusuf padhai lii dènge dhèu sab'a nèti dhèu aae Masir, aku nèngu na, Ladhe miu sue ja'a, na, ja'a manèngi ho miu lole dènge ne."
GEN 50:5,"‘My father made me swear, saying, Behold, I am dying. Bury me in my grave which I have dug for myself in the land of Canaan. Now therefore, please let me go up and bury my father, and I will come again. '","‘Lod'o ama ku oe madhe, na moa sèna ka ja'a laku padhane ne asa rai Kana'an. De ja'a manèngi ho ama dhèu aae hia ja'a ijin laku padhane ama ku. Ladhe èle na, ja'a lèpa hari mai. '","Ama ku ded'e le ja'a subha, peka na, Ja'a ne oe madhe kèna. De be'a risi ama ku hia ja'a padhane ètu d'ara ro'a dhu ja'a kakèj'i ètu rai Kana'an. Ladhe ja'a lèpa, heka ja'a lèpa kèna. Ladhe ja'a lèpa hari mai, heka ja'a padhane ama ku kèna. '"
GEN 50:6,"Pharaoh said, Go up, and bury your father, just like he made you swear.","Ropa tadèngi, hèia dhèu aae dhaa, peka na, Ladhe èu dhu moa le mi ama mu sèmi èèna na, lamu ho padhane ne ètu nèi.","Ka dhèu aae Masir dhaa, peka na, Sèmi ne'e! Èu lamu padhane ama mu ètu èèna, madhutu ngaa dhu ama mu pajaji èèna."
GEN 50:7,"Joseph went up to bury his father, and with him went up all the servants of Pharaoh, the elders of his house, all the elders of the land of Egypt,","Ka Yusuf pakèd'i ka, la'e padhane ama na. Dhèu ae madhutu lasi dènge ne kahèi. Sèmi kapala urusan nèti dhèu aae, dènge dhèu kapai aa'i-aa'i nèti Masir.","Èle èèna ka, Yusuf la'e padhane ama na. Nèti èèna ka, na la'e palere-lere dènge dhèu sab'a aa'i-aa'i nèti èmu dhèu aae Masir, dènge dhèu heka-dhèu heka aa'i-aa'i ètu rai Masir."
GEN 50:8,"all the house of Joseph, his brothers, and his father's house. Only their little ones, their flocks, and their herds, they left in the land of Goshen.","A'ari Yusuf dènge dhèu-dhèu sab'a ra aa'i-aa'i, lasi padhane Yakob. Dhu ata ètu Gosen dhoka dhèu èmu ra, ana iiki, dènge badha-manu ra di.","Nèti èèna ka, rèngu tèke eele aa'i isi èmu Yusuf, a'ari na, dènge isi èmu ama na. Dhodhoka ana-ana rèngu, kahib'i-kalèbho, dènge kahib'i-kalèbho ra, dhu pea ètu rai Gasan."
GEN 50:9,Both chariots and horsemen went up with him. It was a very great company.,"Sordad'u ae madhutu kahèi. Cahag'e ca'e kareta, aa cahag'e hari ca'e jara. Taga dhèu dhu madhutu na, ae d'ai seli, nèti èèna ka, rombongan dhu rèti dhèu madhe ne, madhera titu kèna.","Hèia sordad'u dènge kareta lasi palere-lere dènge ne. Sordad'u sèra, dhèu ae titu kèna."
GEN 50:10,"They came to the threshing floor of Atad, which is beyond the Jordan, and there they lamented with a very great and severe lamentation. He mourned for his father seven days.","Rèngu lasi, ka ra pège loko Yarden ètu era èci, ngara na Atad. Era ne'e, dhèu biasa mai j'èli are. D'ai era ne'e, Yusuf si tangi mamadhe ama na. Aa ra beke hari pidhu mèda.","Èle èèna ka, rèngu d'ai rai èci, ngara na Atad, ètu cabèka loko Yarden. D'ai nèi, ka ra tangi roma iisi aa tangi d'ara pèd'a. Ropa d'ai nèi, hèia Yusuf si d'ai pidhu lod'o, ka ra tangi d'ara pèd'a."
GEN 50:11,"When the inhabitants of the land, the Canaanites, saw the mourning in the floor of Atad, they said, This is a grievous mourning by the Egyptians. Therefore its name was called Abel Mizraim, which is beyond the Jordan.","Ropa dhèu Kana'an ètu sèra, ladhe na ra j'èra ae titu kèna, hèia ra papeka, aku rèngu na, We! Miu laladhe ku laa! Babeke mamadhe dhèu Masir se, ra susa bia nga! J'ara tatangi rèngu sèmi nèi ni ka. Nèti èèna ka, ra pangare era èèna, ngara na Abel-Misraim. Sasoa na, ‘sasusa dhèu Masir'.","Lod'o èèna, dhèu Kana'an dhu pea ètu sebhe loko Atad, ladhe rèdhi dhèu madhe ètu era èèna. Ka ra papeka, aku rèngu na, Ira ii! Dhèu Masir tangi ne'e! Nèti èèna ka, ra pangare ne, Abel, ngara na Misraim. Nèti èèna ka, ra pangare ne, Abel, ètu cabèka loko Yarden."
GEN 50:12,"His sons did to him just as he commanded them,","Hèia ana-ana Yakob se, tao madhutu sèmi lii moa rèngu uru na.",Hèia ana-èpu Isak tao madhutu aa'i lii paredha Lamatua mi rèngu ètu d'ara Èmu Kapua Manèngi-Mangaj'i.
GEN 50:13,"for his sons carried him into the land of Canaan, and buried him in the cave of the field of Machpelah, which Abraham bought with the field, as a possession for a burial site, from Ephron the Hittite, near Mamre.","Ka nedhe rèti ngi'u aae Yakob na, lasi padhane asa d'ara loe dhu padètu dènge rae Makpela dènge Mamre. Abraham hèli nare era ne'e nèti dhèu suku Het, ngara na Efron, ho j'aj'i mi era udhu rui rèngu.","Lod'o èèna, ana-èpu Na lere rèti ngi'u aae Na asa rai Kana'an. Ka ra padhane Ne ètu d'ara ro'a èci, ètu d'ara rai èci, ngara na Makpela. Ro'a èèna, Abraham hèli nare nèti hèb'a-namo Ephron, dhèu Het, ètu sebhe rai èci, ngara na Mamre."
GEN 50:14,"Joseph returned into Egypt-he, and his brothers, and all that went up with him to bury his father, after he had buried his father.","Yusuf padhane nare ama na, hèia nèngu dènge a'ari na lèpa hari asa Masir. Sama-sama dènge dhèu leo dhu madhutu sèra.","Ropa padhane nare, hèia Yusuf dènge ari na sèra lèpa hari asa Masir. Rèngu dènge dhèu aa'i-aa'i ra lasi padhane ama na ètu nèi."
GEN 50:15,"When Joseph's brothers saw that their father was dead, they said, It may be that Joseph will hate us, and will fully pay us back for all the evil which we did to him.","Ropa rèngu d'ai Masir, a'a Yusuf se mulai madha'u. Lula ama rèngu aad'o heka, ka ra papeka, aku rèngu na, We! Ta pangee ku la! Sèmi Yusuf tèka d'ara dènge èdhi era, ho na b'ala tatao karehe èdhi mi nèngu uru èèna, na èdhi tasamia?","Ropa ari Yusuf re'a, na, ama ra madhe le, hèia ra papeka isi-aanga ra, aku rèngu na, Ele boe èèna na Yusuf tèka d'ara dènge èdhi! Tatu na b'ala bhabhelu-katub'a dhu èdhi tao mi nèngu."
GEN 50:16,"They sent a message to Joseph, saying, Your father commanded before he died, saying,","Hèia rare lii èci, ka ra hia lii la'e asa Yusuf, peka na, Ama wakil. Ji'i sanèd'e era, lod'o ama èdhi mamuri era, na pua ji'i","Hèia ra pua dhèu lasi peka dènge Yusuf, aku rèngu na, Sèmi ne'e. Lod'o ama mu madhe mèka, na hia paredha, peka na,"
GEN 50:17,"‘You shall tell Joseph, Now please forgive the disobedience of your brothers, and their sin, because they did evil to you. ' Now, please forgive the disobedience of the servants of the God of your father. Joseph wept when they spoke to him.","ho padhai lii dènge ama wakil, peka na, ‘Yusuf hud'i bhabhèlu eele ka sasala a'a na si. Lula uru na ra paj'èra ne. ' Ji'i nge'a kahèi ama èdhi ne, karèi nèti uru ka mai, na mangaj'i dhoka mi Ama Lamatua di. Ji'i kahèi j'aj'i ana pajuu Lamatua. Nèti èèna ka, ji'i mai manèngi abho, lula uru na ji'i paj'èra le, ama wakil. Ropa tadèngi lii ne'e, hèia Yusuf tangi.","Lami peka dènge Yusuf, aku èu na, Ja'a manèngi sèna ka èu pabhèlu eele sasala a'ari èu sèra, lula rèngu ro'o boe nanene èu. Ja'a manèngi kahèi ho èu pabhèlu eele sasala rèngu, lula rèngu ro'o boe nanene èu. ' Èle èèna ka, Yusuf tangi dènge d'ara pèd'a."
GEN 50:18,"His brothers also went and fell down before his face, and they said, Behold, we are your servants.","Èle èèna ka, a'a na si mai unu ra, ka patitu kètu urutuu ètu madha na. Hèia ra padhai lii, peka na, Hud'i laa ama tao ji'i j'aj'i ènu ama.","Hèia ari Na sèra mai patitu kètu urutuu ètu madha Na. Ka ra peka, aku rèngu na, Ama! Ji'i se dhèu sab'a Ama."
GEN 50:19,"Joseph said to them, Don't be afraid, for am I in the place of God?","Te ngaa Yusuf padhai lii dènge ra, Miu se a'a ja'a! Miu baku madha'u ia ka! Dhoka Ama Lamatua di, dhu dènge hak hia huku mi dhèu. Te ja'a ne, aad'o.","Te ngaa Yusuf dhaa, aku nèngu na, Baku madha'u! Te ja'a ne, dhèu Ama Lamatua."
GEN 50:20,"As for you, you meant evil against me, but God meant it for good, to save many people alive, as is happening today.","Mema tare'a, uru na miu mere lii èci, ho neo paj'èra ja'a. Te ngaa Ama Lamatua ka dhu ub'a eele tatao miu dhu karehe èèna, j'aj'i mi babe'a. Nèti èèna ka, Na ded'e ja'a j'aj'i dhèu kapai ètu ne'e, sèna ka dhèu ae abhu mamuri dènge karej'e.","Uru èèna, lod'o miu neo pamadhe ja'a, miu neo tao bhabhelu mi dedha ja'a. Te ngaa Ama Lamatua neo tao dhu be'a hia miu, sèna ka Na patabuli dhèu ae nèti koasa sasala-sasigo ra, sama sèmi dhu j'aj'i le karèi nèti uru ka."
GEN 50:21,"Now therefore don't be afraid. I will provide for you and your little ones. He comforted them, and spoke kindly to them.","Nèti èèna ka, ja'a peka dènge miu kèna! Baku madha'u ia ka. Ja'a pamoa dènge miu se, èèna na, ladhe-leru miu, dènge ana-èpu miu aa'i-aa'i ra. Dènge lii padhai lii sèmi ne'e ne, Yusuf pa'èra hari d'ara a'a na si.","Nèti èèna ka, miu baku madha'u. Te bèli-camèd'a Ja'a ladhe-leru miu dènge ana iiki miu sèra. Hèia Petrus padhai lii dènge si dènge d'ara be'a."
GEN 50:22,"Joseph lived in Egypt, he, and his father's house. Joseph lived one hundred ten years.","Èle èèna ka, Yusuf pea taruu ètu rai Masir, dènge a'ari na si, aa'i-aa'i ra. Nèngu mamuri d'ai cangasu canguru tèu.","Ropa d'ai èpa ngasu tèu, Yusuf dènge isi èmu ama na pea ètu Masir."
GEN 50:23,"Joseph saw Ephraim's children to the third generation. The children also of Machir, the son of Manasseh, were born on Joseph's knees.","Nèngu d'ai hari nèdhi ana-èpu Efraim kahèi. Aa na leru èpu Manase, nuka ana-ana nèti Makir.","Èle èèna ka, Yusuf ladhe nèdhi ana-èpu Efraim toke d'ai d'ara ka tèlu. Yusuf ladhe nèdhi ana-èpu Makir, ana nèti Manase. Makir ne, ama nèti Manase. Nèti èèna ka, Yusuf nara iisi ana-èpu Efraim ètu karasa nèngu."
GEN 50:24,"Joseph said to his brothers, I am dying, but God will surely visit you, and bring you up out of this land to the land which he swore to Abraham, to Isaac, and to Jacob.","Yusuf peka mi a'a na si, aku nèngu na, A'a ku si ee! Ja'a rasa na mamadhe ja'a dètu le! Te ngaa ja'a parcaya, Ama Lamatua tatu ladhe-leru miu. Bèli-camèd'a Nèngu ka dhu lere miu kalua nèti rai ne'e. Nèngu kahèi dhu nèti hari miu lèpa asa rai dhu Na padhadha le pake lii subha, ho hia mi baki èdhi Abraham, Isak dènge ama èdhi Yakob.","Ropa nèdhi sèmi èèna, hèia Yusuf peka dènge a'ari na sèra, aku nèngu na, Bèli-camèd'a ja'a madhe kèna. Te ngaa sanèd'e, te Ama Lamatua neo pad'elo j'ara hia miu. Èèna na Nèngu lere miu kalua nèti era ne'e, ho lami asa rai dhu Na pajaji le dènge baki Abraham, Isak dènge Yakob."
GEN 50:25,"Joseph took an oath from the children of Israel, saying, God will surely visit you, and you shall carry up my bones from here.","Ka Yusuf manèngi mi a'ari na si, sèna ka ra subha, peka na, Miu hud'i jaji ku mi dedha ja'a. Ladhe lod'o d'ai Ama Lamatua nèti hari miu asa rai Kana'an, miu hud'i mèti ngi'u aae ja'a asa nèi.","Èle èèna ka, Yusuf pajaji dènge dhèu Isra'el sèra, peka na, Ja'a ke'a, Ama Lamatua neo pad'elo d'ara hua iia Na mi dedha miu. De miu hud'i nedhe mèti ku ngi'u ja'a, ho lami asa ne'e."
GEN 50:26,"So Joseph died, being one hundred ten years old, and they embalmed him, and he was put in a coffin in Egypt.","Èle èèna ka, Yusuf madhe ètu Masir, dènge umur nèngu cangasu canguru tèu. Hèia ra tao bubhu mi ngi'u aae na. Ka ra tao asa d'ara kopa.","Èle èèna ka, Yusuf madhe. Nèngu umur cangasu èpa nguru tèu. Ka ra padhane ne ètu d'ara karad'a dhèu madhe ètu Masir."
