word,freq_count,target_text,source_text
abram,71,"Lodꞌo umur Tera dꞌai pidhu nguru tèu risi, na abhu ana mone, dhèu tèlu: Abram, Nahor, dènge Haran.","Ketika Terah hidup selama 70 tahun, Abram, Nahor, dan Haran lahir baginya."
laban,62,"Ana mone Ribka, ngara na Laban. Ropa Laban ladhe nèdhi mèdha hualaa se, aa na tadèngi lii lolo ana hèni na, ka rai asa liꞌu laꞌe. Laꞌe soru dhèu sabꞌa Abraham dhu titu era dènge onta ra ètu madha èi.","Ribka mempunyai seorang saudara laki-laki bernama Laban, dan Laban berlari keluar untuk menemui hamba Abraham itu di dekat mata air. Hal itu dilakukannya segera setelah dia melihat anting-anting dan gelang yang dikenakan pada tangan adiknya, serta mendengar perkataan Ribka: “Begitulah yang dikatakan orang itu kepadaku.” Laban menemui hamba Abraham itu dan mendapatinya berdiri di sebelah unta-untanya di dekat mata air."
lea,36,"Laban ne, dhu dènge ana bhèni dhèu dua. Dhu uru, ngara na Lea. Aa ari na, ngara na Rahel.",Laban mempunyai dua anak perempuan. Yang sulung bernama Lea dan yang lebih muda bernama Rahel.
abimelekh,27,"Hèia na peka dènge dhèu ètu sèra, aku nèngu na, “Sara ne, ana hèni jaꞌa.” Nèti èèna ka, Abimelek dhèu aae Gerar, pua dhèu lasi lii dꞌai Sara. Ka nèti ne mai asa dꞌara èmu dhèu aae.","Abraham berkata tentang Sara, istrinya, “Dia adalah adikku,” sehingga Abimelekh, raja Gerar, menyuruh orang untuk mengambil Sara."
het,22,"Ana uuru Kanaꞌan, nuka, Sidon. Kanaꞌan jꞌajꞌi bèi-baki nèti dhèu Het,","Kanaan adalah ayah Sidon, anak sulungnya, dan Het,"
ismael,22,"Èu dhu dènge babia. Nèbhu heka, èu mora iisi ana mone ca dhèu. Èèna na mu pangare ne Ismael (dhu sasoa na ‘Lamatua tadèngi’), lula LAMATUA tadèngi le lii roma iisi èu.","Lalu, Malaikat TUHAN itu berkata lagi kepadanya, “Dengar, kamu sedang mengandung dan akan melahirkan anak laki-laki. Kamu akan menamainya Ismael sebab TUHAN telah mendengar tentang penderitaanmu."
adik,22,"Hèia ra hia Ribka dènge bhèni dhu leru ne karèi nèti ana iiki ka, ho lasi palere dènge dhèu sabꞌa Abraham sèra. Ka ra hia Ribka mèngi-nale, aku rèngu na, “Jiꞌi sanao-maena sèna ka Ama Lamatua hia èu mora iisi ana ae-ae, ho ana-èpu mu dꞌai riho-kehi. Aa jiꞌi sanao kahèi, sèna ka ana-èpu èu sèra segi aaꞌi musu rèngu sèra!”","Jadi, mereka mengizinkan Ribka dan pengasuhnya pergi bersama hamba Abraham dan orang-orangnya. Mereka memberkati Ribka dan berkata kepadanya, “Adik perempuan kami, biarlah kamu menjadi berpuluh-puluh ribu; dan kiranya keturunanmu menduduki pintu gerbang negeri-negeri yang memusuhi mereka.”"
sarai,18,"Abram madhèdi dènge Sarai. Nahor leo dènge ana bhèni Haran, ngara na Milka. Haran abhu ana mone èci kahèi, ngara na Yiska.","Abram dan Nahor mengambil istri. Istri Abram bernama Sarai dan istri Nahor bernama Milka, anak Haran, ayah Milka dan Yiska."
jenisnya,17,"Ka Ama Lamatua lii hari, peka na, “Rai hudꞌi pamamuri ku rupa-rupa ana aajꞌu. Sèna ka abhu ajꞌu dhu hua, dhu dènge lamusi, aa dhu dènge rèu mangèru. Sèna ka ajꞌu-ajꞌu se, hua-hela madhutu rupa rèngu.” Ropa padhai lii nare sèmi neꞌe, jꞌajꞌi dènge ka ana aajꞌu aaꞌi-aaꞌi ra.","Allah berfirman, “Biarlah bumi menumbuhkan rerumputan, tumbuh-tumbuhan berbiji, dan pohon buah yang berbuah menurut jenisnya dan berbiji di dalamnya, di atas bumi.” Lalu, jadilah demikian."
tendanya,13,"Ca tèka, na ninu èi anggor, ka na mahu titu kèna. Hèia na puru eele mèdha-papake nèti ua na. Ka na jꞌunu lega-loli dènge boe mèdha-papake ètu dꞌara paleo na.","Pada suatu hari, Nuh minum anggur dan mabuk, lalu dia telanjang di dalam tendanya."
betel,12,"Èle èèna ka, Abram si pidha hari asa ledhe re balèu. Ka ra pea taha ètu talora rae Betel dènge rae Ai. Ètu èèna, na patitu mei korban èci ho na mangajꞌi mi LAMATUA.","Dari tempat itu, dia pindah ke pegunungan di sebelah timur Betel dan membentangkan tendanya dengan Betel di sebelah barat dan Ai di sebelah timur. Di sana, dia mendirikan mazbah bagi TUHAN dan memanggil nama TUHAN."
efron,12,"Ka na padhai lii, peka na, “Ladhe miu sèmi lii jaꞌa na, jaꞌa manèngi ho peka dènge ana mone Sohar, dhu ngara na Efron.","Dia berkata kepada mereka, “Jika kamu telah menyetujui agar aku dapat menguburkan orang matiku dari hadapanku ini, dengarkanlah aku dan temuilah Efron keturunan Zohar itu demi aku,"
edom,12,"Ka na peka dènge Yakob, aku nèngu na, “Ari, ee! Hia ku jaꞌa bubur kabꞌui mea ciki ètu dꞌara èru èèna, ho jaꞌa kuꞌa! Te jaꞌa manganga bia.” (Nèti èèna ka, ra pangare na, Edom, dhu sasoa na ‘mea’.)","Lalu, Esau berkata kepada Yakub, “Aku mohon kepadamu, biarkanlah aku makan sedikit dari yang merah-merah itu sebab aku sangat lelah.” Oleh sebab itu, orang menamakannya Edom."
merayap,11,"Ka Ama Lamatua peka hari, aku Nèngu na, “Hua iia, mai Ta pajꞌajꞌi dhèu, madhutu rupa Èdhi. Hudꞌi laa ra leru dènge ator iꞌa aaꞌi-aaꞌi ètu dꞌara dhasi, manu-bhui aaꞌi-aaꞌi ètu dedha-liru, badha-manu dhu ani, dènge badha leo aaꞌi-aaꞌi ra dhu mamuri ètu rai-haha ne.”","Kemudian, Allah berfirman, “Sekarang, mari Kita membuat manusia dalam rupa Kita, menurut keserupaan Kita. Biarlah mereka berkuasa atas ikan-ikan di laut, atas burung-burung di udara, atas ternak, atas seluruh bumi, dan atas segala yang melata yang merayap di bumi.”"
bersyeba,11,"Bèli madꞌae aae èèna, Abraham tao gee jꞌara hia Hagar, aa na kadhoe èi dꞌara baboꞌi cue mi kabela-kao na. Hèia na patabuli ka bhèni ne dènge ana na Ismael, ho lasi. Ka ra kako palème dꞌara mamoo dhu dètu dènge Beer-Syeba.","Kemudian, Abraham bangun pagi-pagi sekali, lalu mengambil roti serta kantong kulit yang berisi air, dan memberikannya kepada Hagar. Dia meletakkan makanan dan air itu di pundak Hagar dan menyerahkan anak itu kepadanya, lalu menyuruh mereka pergi. Lalu, perempuan itu pergi mengembara di padang belantara Bersyeba."
tugu,11,"Dꞌara madꞌae aae era, Yakob kèdꞌi le èèna. Ka nare hadhu dhu na tao lalaka deo na. Hèia na patitu jꞌajꞌi mi tadha. Ka na bhori èi mènyi asa dedha hadhu èèna, hèia na mangajꞌi mi Lamatua.","Karena itu, Yakub bangun pagi-pagi benar dan mengambil batu yang diletakkannya di bawah kepalanya. Lalu, dia menyusunnya menjadi sebuah tugu dan mencurahkan minyak ke atasnya."
ham,10,"Lodꞌo Noh mamuri dꞌai 500 (lèmi ngasu) tèu, na matana ana mone dhèu tèlu, Sem, Yafet dènge Ham.","Ketika Nuh hidup selama 500 tahun, Sem, Ham, dan Yafet lahir baginya."
mamre,10,"Hèia Abram si lèpa hari asa era pea ra, dhu dètu dènge ajꞌu-ajꞌu aae ètu Mamre, dhu padètu dènge Hebron. Èle èèna ka, na pudhi hadhu tao mei korban ho na mangajꞌi LAMATUA ètu èèna.","Setelah itu, Abram memindahkan tendanya dan tinggal di dekat pohon-pohon tarbantin Mamre, di Hebron. Di sana, dia membangun mazbah bagi TUHAN."
bermimpi,10,"Dꞌara mèda èèna, na nii. Na ladhe nèdhi langa èci dhu patitu ètu rai, suu na dꞌai dedha-liru. Ka ana pajuu Ama Lamatua nèti sorga, caꞌe-puru ètu dedha langa èèna.","Kemudian, dia bermimpi, dan lihatlah, sebuah tangga didirikan di atas bumi yang ujungnya sampai ke langit. Lihatlah, para malaikat Allah turun naik melaluinya."
gosyen,10,"Ho èèna na, ama pea ètu rai Gosen padètu dènge nèngu. Era na beꞌa aa taleo. Sèna ka ama bisa piara kahibꞌi-kalèbho, kahibꞌi-kaꞌia dènge sapi aaꞌi-aaꞌi ra. Aa na manèngi kahèi ho ama laꞌe dènge ana-èpu, dènge isi èmu, dènge mèdha-panyau, ho pea taruu mi nèi.","Engkau akan tinggal di tanah Gosyen dan engkau akan dekat denganku, engkau, dan anak-anakmu, dan anak-anak dari anak-anakmu, dan kawanan kambing dombamu, dan ternakmu, dan segala yang engkau miliki."
permukaan,9,"Lodꞌo rai-haha jꞌajꞌi mèka, aaꞌi-aaꞌi dhae mèci mèka. Dhu abhu, èi. Aa maroga aatu-aatu saguru nare ne. Ka Roh Lamatua lela ètu dedha èi èèna.","Bumi tidak berbentuk dan kosong, kegelapan menutupi permukaan samudra, dan Roh Allah melayang-layang di atas permukaan air."
cakrawala,9,"Hèia Ama Lamatua lii hari, Na peka, “Hudꞌi dènge ku era talele, sèna ka hagꞌe eele èi. Nèti èèna ka, èi re dedha, aa abhu kahèi èi re haha.” Ropa peka nare sèmi èèna, hèia èi bꞌagi dènge mi dua.","Kemudian, Allah berfirman, “Jadilah cakrawala di tengah-tengah air untuk memisahkan air dari air!” Lalu, Allah membuat cakrawala dan memisahkan air yang ada di atas cakrawala itu dari air yang ada di bawah cakrawala itu. Lalu, jadilah demikian."
yafet,9,"Lodꞌo Noh mamuri dꞌai 500 (lèmi ngasu) tèu, na matana ana mone dhèu tèlu, Sem, Yafet dènge Ham.","Ketika Nuh hidup selama 500 tahun, Sem, Ham, dan Yafet lahir baginya."
seir,9,"dènge dhèu Hori dhu ètu ledhe Seir, dꞌai sebhe mamoo El Paran.","dan orang Hori yang tinggal di pegunungan mereka, Seir, sampai ke El-Paran di pinggir padang belantara."
betuel,9,"Ka na abhu hari Kesed, Haso, Pildas, Yidlaf, dènge Betuel.","Kemudian, Kesed, Hazo, Pildash, Yidlaf, dan Betuel.”"
bilha,9,"Ka Laban hia ènu na dhèu bhèni èci, ngara na Bilha, sèna ka jꞌajꞌi mi ènu Rahel.","Laban memberikan hamba perempuannya, Bilha, kepada anaknya, Rahel, untuk menjadi hamba bagi anaknya itu."
kakaknya,9,"Te ngaa Rahel dhu abhu mèka ana. Nèti èèna ka, nèngu tèke dꞌara dènge aꞌa na. Hèia na peka dènge dhèu èmu na, “Aꞌa! Hia ku jaꞌa ana laa, ma. Ladhe aadꞌo, beꞌa risi jaꞌa madhe ka laa.”","Ketika Rahel melihat bahwa dia tidak melahirkan anak bagi Yakub, dia cemburu terhadap kakaknya dan berkata kepada Yakub, “Berikanlah anak untukku, kalau tidak, aku akan mati!”"
piala,9,"Aa jaꞌa kèdꞌu galaa dhu dhèu aae biasa pake ninu. Jaꞌa puu hua anggor, ka pacèli èi sa dꞌara galaa deo na. Hèia kèti asa dhèu aae, hia na ninu.”","Pada saat itu, di tanganku ada piala Firaun, lalu aku memetik buah anggur itu dan memerasnya ke dalam piala Firaun. Kemudian, aku memberikan piala itu ke tangan Firaun.”"
adikku,8,"Ka LAMATUA karèi Kaen, aku Nèngu na, “Kaen! Ari mu ka mia?” Hèia Kaen dhaa, aku nèngu na, “Jaꞌa keꞌa boe na ètu mia! Èu ngee na, jaꞌa dhèu kèpe haga na, do?”","Lalu, TUHAN bertanya kepada Kain, “Di mana Habel, adikmu?” Kain menjawab, “Aku tidak tahu. Apakah aku penjaga adikku?”"
menetap,8,"Hèia Kaen tèke eele dènge era èèna. Laꞌe pakajꞌèu nèti LAMATUA, asa era èci, ètu bèka dhimu oka Eden. Era neꞌe, ngara na Nod dhu sasoa na, ‘lole-laa’. Ka na pea ètu era èèna.","Lalu, Kain pergi dari hadapan TUHAN dan menetap di tanah Nod, sebelah timur Eden."
filistin,8,"dhèu Patrusim, dhèu Kasluhim, dènge dhèu Kaftorim. Dhèu Kasluhim nuka bèi-baki nèti dhèu Pilistin.","Patrusim, Kasluhim, yang adalah nenek moyang bangsa Filistin, dan Kaftorim."
gerar,8,"toke too rai rèngu mulai nèti Sidon taruu asa Gerar, dꞌai Gasa. Nèti èèna, laꞌe dꞌai Sodom, Gomora, Adma dènge Seboim, dꞌai kota Lasa.","Wilayah orang Kanaan membentang dari Sidon ke arah Gerar sampai ke Gaza, dan ke arah Sodom, Gomora, Adma, Zeboim, sampai ke Lasa."
aram,8,"Ana-èpu Sem, ka: Elam, Asyur, Arpaksad, Lud dènge Aram.","Keturunan Sem adalah Elam, Asyur, Arpakhsad, Lud, dan Aram."
perempuanmu,8,"Bèli madꞌae aae era, ana pajuu Lamatua dhèu dua se, pakaseti Lot si, ho lasi karohe asa era kajꞌèu. Ra peka na, “Lami ka! Ère mèti dhèu èmu mu, dènge ana bhèni èu dhèu dua sèra, ho rai ka. Tèke eele kota neꞌe! Mage dhoka miu madhe aaꞌi palere-lere dènge kota ne.”","Pada waktu fajar, malaikat-malaikat itu mendesak Lot, katanya, “Bangun! Bawa istri dan kedua anak perempuanmu yang ada di sini, atau kamu juga akan dibinasakan dalam penghukuman kota ini!”"
pangkal,8,"Abraham dhu dènge dhèu èci dhu na lèka ho ladhe-leru mèdha-panyau na. Ca lodꞌo, Abraham paroa nare, ka peka dènge ne, aku nèngu na, “Mu pasa dhilu èu paie-iie! Jaꞌa manèngi sèna ka èu subha madhe dènge kolongara LAMATUA. Nèngu ka, Ama Lamatua dhu tao dedha-liru dènge rai-haha ne. Dhu peka na, èu bisa boe more ana bhèni nèti dhèu Kanaꞌan, ho paleo dènge ana jaꞌa Isak.","Abraham berkata kepada hambanya yang tertua dalam rumahnya, yaitu hambanya yang bertanggung jawab atas seluruh harta miliknya, “Letakkanlah tanganmu di bawah pangkal pahaku. Aku mau supaya kamu bersumpah demi TUHAN, yaitu Allah langit dan Allah bumi, bahwa kamu tidak akan mengambil istri bagi anakku dari anak-anak perempuan Kanaan yang di tengah-tengahnya aku berdiam ini."
bertutul,8,"Ladhe moꞌo, deo neꞌe kahèi, jaꞌa laku asa badha-manu toꞌo sèi, ho hagꞌe si. Mia dhu dènge boe katèdꞌa aa dènge boe karata, sèra sa unu toꞌo ku taruu. Te ngaa mia dhu dènge katèdꞌa aa dhu karata, hia mi jaꞌa. Dènge kahibꞌi-kalèbho dhu mèdhi, jaꞌa kora aaꞌi si. Seꞌe se, hudꞌi laa jꞌajꞌi mi babꞌae rui-jꞌajꞌèra jaꞌa.","Hari ini, izinkan aku berjalan di antara kawanan kambing dombamu untuk memisahkan dari situ setiap domba yang berbintik-bintik dan bertutul, dan setiap anak domba yang berwarna gelap, dan setiap kambing yang bertutul atau berbintik-bintik. Itulah yang akan menjadi upahku."
ana,8,"Esau leo dènge ana bhèni Kanaꞌan dhèu dua. Èci dhèu Het, ana bhèni nèti Elon, ngara na Ada. Dhèu èmu na èci hari, dhèu Hewi, ngara na Oholibama. Ama na, ngara na Anah, aa baki na Sibeon.","Esau mengambil istri dari anak-anak perempuan Kanaan, yaitu Ada, anak Elon, orang Het; Oholibama, anak Ana, anak perempuan Zibeon, orang Hewi;"
karungnya,8,"Èle èèna ka, Yusuf paredha dhèu sabꞌa sèra, ho soli are asa dꞌara karo aꞌa na si. Aa tao hari doi kabꞌua are sèra, asa dꞌara karo ra èci-èci. Ra tèke ètu hèbꞌa karo sèra. Na pua dhèu sabꞌa seꞌe, ho hia si dènge gee. Ka dhèu sabꞌa seꞌe lalau ka, madhutu ngaa dhu Yusuf paredha.","Setelah itu, Yusuf memerintahkan untuk mengisi karung-karung mereka dengan gandum, mengembalikan uang masing-masing orang ke dalam karungnya, dan memberikan bekal untuk perjalanan kepada mereka. Dilaksanakanlah hal itu bagi mereka."
petang,7,"Ka pangare saraa ne ‘mèu’, aa maroga na ‘mèda’. Neꞌe ne, lodꞌo ka èci kèna.","Allah menyebut terang itu siang dan gelap itu malam. Jadilah petang dan jadilah pagi, itulah hari pertama."
lahirlah,7,"Ka Henok matana Irad. Hèia Irad matana Mehuyael. Mehuyael matana Metusael. Aa ana Metusael, Lamek.","Bagi Henokh, lahirlah Irad, dan Irad adalah ayah Mehuyael. Mehuyael adalah ayah Metusael, dan Metusael adalah ayah Lamekh."
milka,7,"Abram madhèdi dènge Sarai. Nahor leo dènge ana bhèni Haran, ngara na Milka. Haran abhu ana mone èci kahèi, ngara na Yiska.","Abram dan Nahor mengambil istri. Istri Abram bernama Sarai dan istri Nahor bernama Milka, anak Haran, ayah Milka dan Yiska."
zoar,7,"Hèia Lot ladhe palème. Ka na ladhe nèdhi rai taleo ètu sebhe loko Yarden dhu madha èi ae, toke dꞌai rae Soar. Era ne, rai hèu mèngi sama sèmi oka LAMATUA, dènge rai Masir kahèi. (Lodꞌo èèna, LAMATUA dhae huku mèka kota Sodom dènge kota Gomora. De rai èèna, beꞌa era.)","Lalu, Lot mengarahkan matanya dan melihat seluruh Lembah Yordan, yang terairi dengan baik di mana-mana seperti taman TUHAN, seperti tanah Mesir ke arah Zoar. Keadaan itu adalah sebelum TUHAN membinasakan Sodom dan Gomora."
lezat,7,"Mu pananasu pabeꞌa-beꞌa, madhutu dadꞌèi jaꞌa, ho mèti mai hia jaꞌa. Ladhe kuꞌa-kinu kora, jaꞌa hia mema èu mèngi-nale. Sadꞌi èu unu le mèngi-nale èèna, jaꞌa madhe èèna ka, ngaa-ngaa tao heka.”","Lalu, olahlah makanan lezat bagiku, seperti yang aku suka, dan bawalah kemari untuk kumakan supaya aku dapat memberkatimu sebelum aku mati.”"
zilpa,7,"Ropa dꞌai mèda èèna, Laban hia boe Rahel, te ngaa na pua Lea maso asa dꞌara paleo Yakob. Ka Yakob jꞌunu dènge ne. Asa bèli èèna, Yakob heka neꞌa kèna, nèngu dhu leo dènge Lea di. Hèia Yakob laꞌe patao dènge Laban, aku nèngu na, “Nga tao ka, toꞌo pasèru jaꞌa sèmi neꞌe? Jaꞌa sabꞌa sèmi ènu pidhu tèu kateme hia mi èu, sèna ka bisa abhu Rahel! Nga tao ka toꞌo pasilu dènge Lea?” Ka Laban dhaa, “Baku nasa ku! Madhutu adꞌa jiꞌi ètu rai neꞌe, ari bisa boe leo uuru èmu nèti aꞌa. De beꞌa risi sèmi neꞌe! Èu mate hari ku pidhu lodꞌo, dꞌai èle tatao ne, heka èu abhu Rahel kèna. Sadꞌi èu sabꞌa hari hia jaꞌa pidhu tèu.” Hèia Laban pangèdꞌu dènge ènu bhèni èci, hia mi Lea. Ngara na Silpa.","Malam itu, Laban mengambil anak perempuannya, Lea, dan membawanya kepada Yakub. Lalu, Yakub bersetubuh dengannya. Laban juga memberikan hamba perempuannya, Zilpa, kepada anaknya, Lea, untuk menjadi hamba anaknya itu. Keesokan paginya, lihatlah, itu adalah Lea! Karena itu, Yakub berkata kepada Laban, “Apa yang engkau lakukan terhadapku? Bukankah aku bekerja untukmu demi Rahel? Lalu, mengapa engkau menipuku?” Laban menjawab, “Bukan kebiasaan di negeri kami untuk memberikan yang termuda sebelum yang sulung. Genapilah dahulu 7 hari baginya, lalu kami akan memberikan dia juga kepadamu asalkan kamu kembali bekerja untukku selama tujuh tahun lagi.”"
dina,7,"Ka Lea nara iisi hari, te ngaa ana bhèni, ka na pangare na, Dina.","Setelah itu, dia melahirkan seorang anak perempuan dan menamainya Dina."
tumpukan,7,"Hèia Yakob pua dhèu sabꞌa na, lasi udhu hadhu. Ka ra madhèdi raꞌa-rinu ètu era èèna, padètu dènge hadhu sèra.","Yakub berkata kepada saudara-saudaranya, “Kumpulkanlah batu-batu.” Lalu, mereka mengambil batu-batu dan membuat satu tumpukan. Setelah itu, mereka makan di sana, di dekat tumpukan itu."
oholibama,7,"Esau leo dènge ana bhèni Kanaꞌan dhèu dua. Èci dhèu Het, ana bhèni nèti Elon, ngara na Ada. Dhèu èmu na èci hari, dhèu Hewi, ngara na Oholibama. Ama na, ngara na Anah, aa baki na Sibeon.","Esau mengambil istri dari anak-anak perempuan Kanaan, yaitu Ada, anak Elon, orang Het; Oholibama, anak Ana, anak perempuan Zibeon, orang Hewi;"
elifas,7,"Ada, dhèu èmu uuru Esau, nara iisi Elifas. Basmat matana Rahuel.","Lalu, Ada melahirkan Elifas bagi Esau, Basmat melahirkan Rehuel,"
penggantinya,7,"Ropa Bela madhe, ra dedꞌe Yobab ho gati ne, jꞌajꞌi dhèu aae. Ama na, ngara na Sera, nèti rae Bosra.","Setelah Bela mati, yang memerintah sebagai penggantinya adalah Yobab, anak Zerah, dari Bozra."
kurus,7,"Nèbhu boe, sapi pidhu ngiꞌu dhu leo hari, kalua nèti dꞌara loko deo na. Ngiꞌu sapi sèra malaka-godꞌa. Ra titu padètu dènge sapi kabèbꞌu sèra.","Kemudian, lihatlah, dari sungai muncul tujuh ekor sapi betina lainnya, yang kelihatan buruk dan kurus badannya, dan berdiri dengan sapi-sapi lainnya di tepi sungai itu."
berlipatgandalah,6,"Ka Na padhai lii ho sèna ka hia berkat mi aaꞌi-aaꞌi dhu mamuri, peka na, “Iꞌa se, hudꞌi laa bèba-kacanga sèna ka papènu èi ètu mia-mia. Aa manu-bhui, asa tabha kahèi.”","Allah memberkatinya, firman-Nya, “Berkembangbiaklah, dan berlipatgandalah, dan penuhilah air di lautan, dan biarlah burung-burung berlipat ganda di bumi.”"
eden,6,"Hèia Ama LAMATUA bhoke oka cue ètu rai Eden, re bèka dhimu. Hèia Na hia dhèu ne pea ètu dꞌara oka na.","Lalu, TUHAN Allah membuat sebuah taman di sebelah timur, di Eden, dan di sana Dia menempatkan manusia yang telah dibentuk-Nya itu."
cantik,6,"Ana-ana mone nèti Lamatua ladhe rèdhi ana bhèni nèti dhèu rai-haha se, bhèni iia hua. Ka lasi todhe rare ana bhèni mia dhu ra dꞌèi.","anak-anak Allah melihat bahwa anak-anak perempuan manusia itu cantik, lalu mereka mengambil istri-istri yang mereka pilih untuk diri mereka sendiri."
sulungnya,6,"Ana uuru Kanaꞌan, nuka, Sidon. Kanaꞌan jꞌajꞌi bèi-baki nèti dhèu Het,","Kanaan adalah ayah Sidon, anak sulungnya, dan Het,"
amori,6,"dhèu Yebusi, dhèu Amori, dhèu Girgasi,","dan orang Yebusi, orang Amori, orang Girgasi,"
selah,6,"Ana Arpaksad ka, Sela. Ana Sela ka, Eber.",Arpakhsad adalah ayah Selah; dan Selah adalah ayah Eber.
tarbantin,6,"Dꞌai era èèna, Abram kako palème rai ne, toke dꞌai padètu dènge rae èci, ngara na Sikem. Ka ra pea taha ètu èèna, padètu dènge ajꞌu aae ca kapua ètu More. Lodꞌo èèna, dhèu Kanaꞌan dhu pea ètu èèna era.","Abram berjalan melalui tanah itu sampai ke suatu tempat di Sikhem, di pohon tarbantin More. Pada masa itu, orang Kanaan tinggal di tanah itu."
hori,6,"dènge dhèu Hori dhu ètu ledhe Seir, dꞌai sebhe mamoo El Paran.","dan orang Hori yang tinggal di pegunungan mereka, Seir, sampai ke El-Paran di pinggir padang belantara."
sesudahmu,6,"Jaꞌa sanèdꞌe taruu lii pajaji Jaꞌa dènge èu, aa dènge ana-èpu èu sèra. Lii pajaji ne maꞌète boe toke taa-taa, lula Jaꞌa neꞌe ka Ama Lamatua nèti èu dènge ana-èpu mu.","Aku akan meneguhkan perjanjian antara Aku dan kamu, dan keturunan-keturunan sesudahmu dalam generasi mereka, untuk suatu perjanjian yang kekal, yaitu Aku akan menjadi Allah bagimu dan bagi keturunan-keturunan sesudahmu."
kakakku,6,"Hèia Abimelek dhaa, peka na, “Lamatua! Jaꞌa dhae paꞌèci mèka dènge bhèni na. Aa jaꞌa sasala aadꞌo. Abraham unu na ka dhu peka, bhèni na, ana hèni nèngu! Aa bhèni na dhaa sèmi èèna kahèi. Nèti èèna ka, jaꞌa hia dhèu lasi lii dꞌai ne, dènge dꞌara mola. De Lamatua baku padꞌui jaꞌa sasala!”","Namun, Abimelekh belum mendekati Sara dan dia berkata, “Tuhan, apakah Engkau akan membunuh bangsa yang tidak bersalah? Bukankah dia sendiri yang berkata kepadaku, ‘Perempuan ini adalah adikku,’? Lalu, bukankah perempuan itu juga berkata, ‘Laki-laki ini adalah kakakku,’? Aku melakukan ini dalam ketulusan hatiku dan ketidakbersalahan tanganku.”"
syikal,6,"Èle èèna ka, dhèu aae Abimelek pangèdꞌu hari Sara laꞌe asa Abraham. Ka na peka dènge Sara, “Èèna na, jaꞌa hia ana mone mu doi iia ca riho, sèna ka jꞌajꞌi tadha jaꞌa tao boe sala ngaa-ngaa mi èu. Ho hudꞌi sène, dhèu aaꞌi-aaꞌi ra reꞌa!” Hèia dhèu aae peka dènge Abraham, aku nèngu na, “Kabarai jaꞌa ne, dhu bhoke tèke hia èu. Èu neo pea mi era mia èèna ka, jaꞌa hia èu.” Ka Abimelek hia Abraham sapi, kahibꞌi-kaꞌia, dènge kahibꞌi-kalèbho. Na hia kahèi ènu dhèu mone dènge dhèu bhèni.","Abimelekh mengambil domba, sapi, serta hamba laki-laki dan perempuan, lalu memberikannya kepada Abraham. Abimelekh juga mengembalikan Sara, istri Abraham, kepadanya. Kata Abimelekh, “Lihatlah, negeriku ada di hadapanmu. Tinggallah di mana pun kamu suka.” Abimelekh berkata kepada Sara, “Dengarlah, aku memberikan 1000 syikal perak kepada kakakmu sebagai bukti kesucianmu di hadapan semua orang yang bersama-sama denganmu. Di hadapan semua orang, namamu dibersihkan.”"
menamakan,6,"Èle èèna ka, LAMATUA hia Sara mèngi-nale madhutu lii pajaji Na. Lodꞌo Sara dènge babia, Abraham dhu heka le. Ropa Sara nara iisi, umur Abraham dꞌai cangasu tèu kèna. Lodꞌo Sara dꞌai hèru, ka nara iisi ana mone ca dhèu. Ka Abraham pangare ne, Isak (dhu sasoa na ‘na mari’). Sara peka hèi, aku nèngu na, “Ama Lamatua tao jaꞌa mari, lula jaꞌa karejꞌe. Dhèu ae ka dhu pangee na, jaꞌa ètu dꞌara heka sèmi neꞌe ne, abhu heka ana. Masi ka dhèu èmu jaꞌa heka bhoro le, te jaꞌa bisa kora iisi ana hia ne. Èèna na, ladhe dhèu tadèngi jꞌara neꞌe, rèngu aaꞌi-aaꞌi ra mari kahèi dènge jaꞌa ne.” Ropa Isak dꞌai aru lodꞌo, Abraham suna ne, madhutu paredha Ama Lamatua.","TUHAN mengunjungi Sara seperti yang difirmankan-Nya, dan TUHAN melakukan kepada Sara seperti yang telah difirmankan-Nya. Jadi, Sara mengandung dan melahirkan seorang anak laki-laki bagi Abraham pada masa tuanya, sesuai dengan waktu yang telah difirmankan Allah kepadanya. Abraham menamakan anak yang lahir baginya itu Ishak, yaitu anak yang telah dilahirkan oleh Sara baginya. Lalu, Abraham menyunat Ishak, anak laki-lakinya itu, ketika berumur 8 hari, seperti yang diperintahkan Allah kepadanya. Abraham berumur 100 tahun ketika Ishak lahir. Sara berkata, “Allah telah membuatku tertawa, dan setiap orang yang mendengar hal ini akan tertawa bersamaku.” Dia berkata lagi, “Dahulu, siapakah yang dapat mengatakan kepada Abraham bahwa Sara akan menyusui anak? Namun, aku telah melahirkan seorang anak laki-laki baginya, pada masa tuanya.”"
makhpela,6,"Peka dènge ne, ladhe na dꞌèi, na pahia dènge jaꞌa loe na, Makpela, dhu ètu karasa oka na. Na manèngi ca ngaa èèna ka, jaꞌa tihe. Jaꞌa neo tihe pamaꞌète kabꞌua na, ètu madha miu aaꞌi-aaꞌi mi, sèna ka rai èèna jꞌajꞌi unu jaꞌa. Jaꞌa neo tao era èèna, jꞌajꞌi mi roꞌa dhèu madhe jiꞌi.”","supaya dia memberikan kepadaku Gua Makhpela, yang adalah miliknya, yang terletak di ujung ladangnya. Biarlah dia memberikannya kepadaku dengan harga penuh sebagai tempat pekuburan di tengah-tengah kamu.”"
kotanya,6,"Lodꞌo èèna, Efron madhèdi ètu era èèna kahèi, dènge dhèu-dhèu Het sèra. Ka na tadèngi kahèi lii padhai lii Abraham deo na. Hèia na kèdꞌi titu, ka na bꞌala Abraham ètu madha dhèu heka aaꞌi-aaꞌi ra ètu sèra, aku nèngu na,","Pada waktu itu, Efron sedang duduk di tengah-tengah keturunan Het itu. Lalu, Efron, orang Het itu menjawab Abraham dan didengar oleh para keturunan Het itu, yaitu semua orang yang datang ke pintu gerbang kotanya, katanya"
basmat,6,"Ropa umur Esau dꞌai èpa nguru tèu, na leo dènge bhèni dhèu dua nèti suku Het. Bhèni èci, ana nèti Beeri, ngara na Yudit. Èci hari, ana Elon, ngara na Basmat.","Ketika Esau berumur 40 tahun, dia menikah dengan Yudit anak Beeri, orang Het, dan Basmat anak Elon, orang Het,"
zibeon,6,"Esau leo dènge ana bhèni Kanaꞌan dhèu dua. Èci dhèu Het, ana bhèni nèti Elon, ngara na Ada. Dhèu èmu na èci hari, dhèu Hewi, ngara na Oholibama. Ama na, ngara na Anah, aa baki na Sibeon.","Esau mengambil istri dari anak-anak perempuan Kanaan, yaitu Ada, anak Elon, orang Het; Oholibama, anak Ana, anak perempuan Zibeon, orang Hewi;"
timna,6,"Ada, dhèu èmu Esau, nara iisi ana mone ca dhèu, ngara na Elifas. Elifas ne, ana mone na, dhèu lèmi, nuka: Teman, Omar, Sefo, Gatam dènge Kenas. Dhèu èmu piara Elifas, ngara na Timna. Nara iisi ana mone ca dhèu, ngara na Amalek. Dhèu èmu Esau, Basmat, nara iisi ana mone ca dhèu, ngara na Rehuel. Rehuel abhu ana mone dhèu èpa, nuka: Nahat, Sera, Syama, dènge Misa.","Inilah nama-nama keturunan Esau: Elifas, anak Ada, istri Esau; Rehuel, anak Basmat, istri Esau. Keturunan Elifas adalah Teman, Omar, Zefo, Gaetam, dan Kenas. Timna adalah gundik Elifas, anak Esau, dan dia melahirkan Amalek bagi Elifas. Itulah keturunan Ada, istri Esau. Inilah keturunan Rehuel: Nahat, Zerah, Syama, dan Miza. Itulah keturunan Basmat, istri Esau."
syela,6,"Aa ana ka tèlu, ngara na Sela. Lodꞌo ina na nara iisi Sela na, Yahuda si pidha le asa rae Kesib.","Kemudian, dia melahirkan lagi seorang anak laki-laki dan menamainya Syela. Ketika perempuan itu melahirkan anaknya, Yehuda sedang berada di Kezib."
penerang,5,"Hèia Ama Lamatua lii hari, aku Nèngu na, “Re bèka dedha, hudꞌi abhu ku mèdha dhu saraa, ho pasaraa rai-haha ne. Hudꞌi abhu mèdha dhu pasaraa re mèu, aa abhu kahèi dhu pasaraa re mèda. Rèngu aaꞌi-aaꞌi se, jꞌajꞌi tadha, ho sèna ka bisa ige lodꞌo, hèru, dènge tèu.” Ropa padhai lii nare sèmi neꞌe, mèdha dhu heo aaꞌi-aaꞌi ra jꞌajꞌi dènge ka.","Kemudian, Allah berfirman, “Biarlah ada penerang di cakrawala langit untuk memisahkan siang dari malam, dan biarlah itu ada untuk tanda-tanda dan untuk musim-musim, dan untuk hari-hari serta tahun-tahun, dan biarlah itu menjadi penerang di cakrawala langit, untuk memberikan terang atas bumi.” Demikianlah itu terjadi."
asyur,5,"Kacanga ka tèlu, ngara na Tigris. Kacanga neꞌe ka, jꞌajꞌi mi too rai Asyur re ca bèka dhimu. Kacanga ka èpa, ngara na Efrat.",Nama sungai yang ketiga adalah Tigris yang mengalir di sebelah timur Asyur. Sungai yang keempat adalah Efrat.
kaulakukan,5,"Hèia Ama LAMATUA peka dènge bhèni na, aku Nèngu na, “Nga tao ka, èu adꞌu madha jꞌara èèna?” Ka bhèni ne dhaa, peka na, “Te mege ne ka dhu agꞌo jaꞌa! Nèti èèna ka, jaꞌa kuꞌa.”","Lalu, TUHAN Allah berkata kepada perempuan itu, “Apa yang telah kaulakukan?” Perempuan itu menjawab, “Ular itu menipuku, maka aku makan.”"
perkenanan,5,Te ngaa Noh di dhu pakarejꞌe dꞌara LAMATUA.,"Namun, Nuh mendapat perkenanan di mata TUHAN."
surut,5,"Masi ka sèmi èèna, Ama Lamatua bhèlu boe Noh si dènge badha-manu aaꞌi-aaꞌi dhu ètu dedha kapa. Hèia Na hia ngèlu gꞌoro, ka èi na kura ka noo-noo.","Lalu, Allah mengingat Nuh, dan segala binatang, dan segala ternak yang bersamanya dalam bahtera itu. Allah membuat angin berembus ke atas bumi sehingga air pun surut."
menantunya,5,"Ca tèka, Tera nèti ana na Abram, dènge Sarai dhèu èmu Abram, dènge èpu na Lot, lasi tèke eele rae Ur, neo lasi asa rai Kanaꞌan. Te ngaa lasi dꞌai rae Haran, rèngu pea ka ètu èèna.","Dari Ur-Kasdim, Terah membawa Abram, anaknya, Lot anak Haran, cucunya, dan Sarai, menantunya, istri Abram, ke tanah Kanaan. Ketika sampai di Haran, mereka menetap di sana."
hebron,5,"Hèia Abram si lèpa hari asa era pea ra, dhu dètu dènge ajꞌu-ajꞌu aae ètu Mamre, dhu padètu dènge Hebron. Èle èèna ka, na pudhi hadhu tao mei korban ho na mangajꞌi LAMATUA ètu èèna.","Setelah itu, Abram memindahkan tendanya dan tinggal di dekat pohon-pohon tarbantin Mamre, di Hebron. Di sana, dia membangun mazbah bagi TUHAN."
kedorlaomer,5,"Tèu èèna, dhèu aae èpa dhu paꞌèci. Rèngu se ka: Amrafel, dhèu aae rai Sinear. Ariok, dhèu aae rai Elasar, Kedarlaomer, dhèu aae rai Elam. Dènge Tideal, dhèu aae rai Goyim.","Pada masa Amrafel, raja Sinear; Ariokh, raja Elasar; Kedorlaomer, raja Elam; dan Tideal, raja Goyim;"
bela,5,"Lodꞌo èèna, dhèu aae leo dhèu lèmi, paꞌèci kahèi. Nuka: Bera, dhèu aae rai Sodom. Birsa, dhèu aae rai Gomora. Sinab, dhèu aae rai Adema. Semeber, dhèu aae rai Seboim. Dènge Bela, dhèu aae rai Soar. Ka èpa dhèu aae se, lasi pamusu dènge lèmi dhèu aae sèra.","mereka mengadakan perang terhadap Bera, raja Sodom; Birsya, raja Gomora; Syinab, raja Adma; Syemeber, raja Zeboim; dan, Zoar, raja Bela."
beranak,5,"Jaꞌa tadèngi le ngaa dhu èu manèngi kahèi, hia Ismael. Nèti èèna ka, Jaꞌa hia berkat mi nèngu kahèi, aa hia ana-èpu na tabha ae. Bèli-camèdꞌa ana-èpu Ismael ne, jꞌajꞌi mi canguru dua kapala suku. Aa ana-èpu na suku èci dhu kapai.","Mengenai Ismael, Aku telah mendengarkanmu. Lihatlah, Aku telah memberkatinya, membuatnya beranak cucu, dan akan melipatgandakannya menjadi sangat banyak. Darinya akan lahir dua belas raja dan Aku akan menjadikannya bangsa yang besar."
suamiku,5,"Ropa Sara tadèngi padhue-padhai rèngu se, ka na mari kèmu. Na pangee na, “Jaꞌa dhu heka roto-roto sèmi neꞌe ne, aa dhèu èmu jaꞌa dhu roe nia heka. Tasamia jiꞌi bisa tao sèmi ana ngèru dhu leo-èmu hiu, ho abhu ana?”","Jadi, Sara tertawa dalam hatinya dan berkata, “Setelah aku begini tua, apakah aku akan berahi, sementara suamiku juga sudah tua?”"
melayangkan,5,"Hèia na ladhe sa haha asa Sodom dènge Gomora, aa asa dꞌara mamoo èèna. Na ladhe laꞌa na, sèbꞌu poka-poka sèna, dhu caꞌe asa dedha-liru. Aa ai naꞌe aaꞌi le ngaa-ngaa.",Dia pun melayangkan pandangannya ke arah Sodom dan Gomora serta ke arah seluruh lembah itu. Dia melihat asap yang naik dari kedua kota itu seperti asap perapian.
kakakmu,5,"Èle èèna ka, dhèu aae Abimelek pangèdꞌu hari Sara laꞌe asa Abraham. Ka na peka dènge Sara, “Èèna na, jaꞌa hia ana mone mu doi iia ca riho, sèna ka jꞌajꞌi tadha jaꞌa tao boe sala ngaa-ngaa mi èu. Ho hudꞌi sène, dhèu aaꞌi-aaꞌi ra reꞌa!” Hèia dhèu aae peka dènge Abraham, aku nèngu na, “Kabarai jaꞌa ne, dhu bhoke tèke hia èu. Èu neo pea mi era mia èèna ka, jaꞌa hia èu.” Ka Abimelek hia Abraham sapi, kahibꞌi-kaꞌia, dènge kahibꞌi-kalèbho. Na hia kahèi ènu dhèu mone dènge dhèu bhèni.","Abimelekh mengambil domba, sapi, serta hamba laki-laki dan perempuan, lalu memberikannya kepada Abraham. Abimelekh juga mengembalikan Sara, istri Abraham, kepadanya. Kata Abimelekh, “Lihatlah, negeriku ada di hadapanmu. Tinggallah di mana pun kamu suka.” Abimelekh berkata kepada Sara, “Dengarlah, aku memberikan 1000 syikal perak kepada kakakmu sebagai bukti kesucianmu di hadapan semua orang yang bersama-sama denganmu. Di hadapan semua orang, namamu dibersihkan.”"
kuburkanlah,5,"“Sèmi neꞌe, ama! Nèbhu nare sange neꞌe, jiꞌi se tadhe le ama, dhu sama sèmi ca dhèu, dhèu heka dhu jiꞌi pakabꞌua. De sadꞌi ama dꞌèi rai mia dhu beꞌa, dhu pamèci dènge dadꞌèi ama. Jiꞌi se dhoka ngoꞌo di; dhèu èci sa dhu magee boe.”","“Dengarlah kami, ya Tuan, engkau adalah seorang pemimpin besar di tengah-tengah kami. Kuburkanlah jenazah istrimu itu di pekuburan terpilih di tempat kami. Tidak ada satu pun dari kami yang akan menolakmu dari pekuburannya supaya engkau dapat menguburkan orang matimu.”"
berbulu,5,"Dhu aꞌa, isi na mea, dènge ngiꞌu na pènu dènge rèu. Nèti èèna ka, ra pangare ne, Esau (dhu sasoa na ‘dènge rèu’).","Yang pertama lahir, warnanya merah, seluruh tubuhnya seperti jubah berbulu, dan mereka menamainya Esau."
buruan,5,"Isak dꞌèi naꞌa sisi badha hui. Nèti èèna ka, na sue risi Esau. Te ngaa Ribka sue risi Yakob.","Ishak menyayangi Esau karena dia suka makan hasil buruan Esau. Namun, Ribka menyayangi Yakub."
memberkatiku,5,"Ka Yakob dhaa, peka na, “Jaꞌa, Esau ana mone uuru ama ku! Jaꞌa sabꞌe le, madhutu sèmi dhu ama pua deo na. Kèdꞌi, ho muꞌa-minu ka. Lula jaꞌa pananasu kore le sisi badha hui dhu jaꞌa kèti nèti dꞌara jꞌami. Muꞌa, ho èle na, ama pala-bagi jaꞌa mèngi-nale.”","Yakub berkata kepada ayahnya, “Aku Esau, anak sulungmu. Aku telah melaksanakan apa yang Ayah katakan kepadaku. Sekarang, duduklah dan makanlah hasil buruanku ini supaya engkau dapat memberkatiku.”"
bungsumu,5,"Yakob dꞌèi risi Rahel. Ka na peka dènge Laban, “Ladhe toꞌo ku moꞌo, jaꞌa sabꞌa hia toꞌo ku pidhu tèu, sadꞌi toꞌo ku hia jaꞌa madhèdi dènge Rahel.”","Yakub mencintai Rahel dan dia berkata, “Aku akan bekerja padamu selama tujuh tahun demi Rahel, anak bungsumu.”"
dudaim,5,"Ca lodꞌo, lèke dènge hèru puu-gꞌètu are, Ruben laꞌe asa dꞌara jꞌami. Na rage ana aajꞌu ca kapua dhu jꞌajꞌi sèmi èi naꞌi ho hia dhèu bhèni abhu kolo. Ka Ruben nèti hia ina na Lea. Ropa Rahel nèdhi, ka na peka dènge Lea, aku nèngu na, “Aꞌa! Bagi ku jaꞌa ciki, èi naꞌi dhu Ruben nèti èèna.”","Pada musim panen gandum, Ruben berjalan-jalan dan menemukan buah-buah dudaim di padang, lalu dia membawanya kepada Lea, ibunya. Kemudian, Rahel berkata kepada Lea, “Aku mohon, berikanlah beberapa dudaim anakmu itu kepadaku.”"
ternakmu,5,"Ka Yakob peka, “Toꞌo! Èu mèdhi unu mu le, sasabꞌa-laꞌa jaꞌa. Nèti èèna ka, badha-manu toꞌo se, bèba-kacanga.","Yakub berkata kepadanya, “Engkau sendiri tahu bagaimana aku melayanimu dan bagaimana keadaan ternakmu bersamaku."
rehuel,5,"Ada, dhèu èmu uuru Esau, nara iisi Elifas. Basmat matana Rahuel.","Lalu, Ada melahirkan Elifas bagi Esau, Basmat melahirkan Rehuel,"
mimpinya,5,"Hèia ra jèke ne, aku rèngu na, “We! Èu ngee na, èu neo jꞌajꞌi dhèu kapai kèna, ho neo paredha jiꞌi, do?” Taga na lolo lii nii neꞌe, hèia asa ra nasa dènge ne.","Saudara-saudaranya berkata kepadanya, “Apa kamu sungguh-sungguh akan memerintah kami? Atau, apa kamu sungguh-sungguh akan menguasai kami?” Mereka pun semakin membencinya karena mimpinya dan karena perkataannya itu."
onan,5,"Ana ka dua, ngara na Onan.","Sesudah itu, perempuan itu mengandung lagi dan melahirkan anak laki-laki lagi, dan dia menamainya Onan."
berbiji,4,"Ka Ama Lamatua lii hari, peka na, “Rai hudꞌi pamamuri ku rupa-rupa ana aajꞌu. Sèna ka abhu ajꞌu dhu hua, dhu dènge lamusi, aa dhu dènge rèu mangèru. Sèna ka ajꞌu-ajꞌu se, hua-hela madhutu rupa rèngu.” Ropa padhai lii nare sèmi neꞌe, jꞌajꞌi dènge ka ana aajꞌu aaꞌi-aaꞌi ra.","Allah berfirman, “Biarlah bumi menumbuhkan rerumputan, tumbuh-tumbuhan berbiji, dan pohon buah yang berbuah menurut jenisnya dan berbiji di dalamnya, di atas bumi.” Lalu, jadilah demikian."
beranakcuculah,4,"Ka Na padhai lii ho sèna ka hia berkat mi rèngu, aku Nèngu na, “Miu hudꞌi bèba-kacanga ku, sèna ka pea papènu rai-haha ne, ho mi ator ne. Jaꞌa hia miu koasa, sèna ka mi ator iꞌa, manu-bhui, dènge badha-manu aaꞌi-aaꞌi ra ètu rai-haha ne.","Allah memberkati mereka dan Allah berfirman kepada mereka, “Beranakcuculah dan berlipatgandalah, dan penuhilah bumi, dan kuasailah itu. Berkuasalah atas ikan-ikan di laut, atas burung-burung di udara, dan atas segala yang hidup yang bergerak di bumi.”"
hawila,4,"Kacanga ka èci na, ngara na Pison. Nèngu ka dhu hae pale-lème rai Hawila dhu abhu hualaa ae-ae.","Nama sungai yang pertama adalah Pison yang mengelilingi seluruh tanah Hawila, tempat yang ada emasnya."
kush,4,"Kacanga ka dua, ngara na Gihon. Kacanga ne, hae pale-lème rai Kus.",Nama sungai yang kedua adalah Gihon yang mengalir mengelilingi seluruh tanah Kush.
syeba,4,"Ana-èpu Kus, ka: Seba, Hawila, Sabta, Raema dènge Sabteka. Ana-èpu Raema, ka: Syeba dènge Dedan.","Keturunan Kush adalah Seba, Hawila, Sabta, Raema, dan Sabtekha. Keturunan Raema adalah Syeba dan Dedan."
sinear,4,"Era na, mulai uru nèti rae Babel, Erek Akad, toke Kalne. Rae se aaꞌi-aaꞌi ra, ètu rai Sinear.","Pada awalnya, wilayah kerajaannya adalah Babel, Erekh, Akad, dan Kalne di tanah Sinear."
kenas,4,"dènge rai dhèu Keni, dhèu Kenas, dhèu Kadmon,","yaitu tanah orang Keni, orang Kenas, orang Kadmon,"
dibelinya,4,"Lodꞌo èèna kahèi, Abraham tao dènge ka, madhutu sèmi lii paredha Ama Lamatua. Ka na suna. Na suna ana na, Ismael, dènge dhèu mone aaꞌi-aaꞌi dhu pea dènge ne. Lodꞌo èèna, umur Abraham 99 (ceo nguru ceo) tèu le, aa Ismael 13 (canguru tèlu) tèu.","Kemudian, Abraham mengambil Ismael, anaknya, dan semua yang lahir di rumahnya, dan semua yang dibelinya dengan uang, semua laki-laki di rumah Abraham, dan dia menyunat mereka pada hari itu juga, sesuai dengan yang difirmankan Allah kepadanya. Abraham berumur 99 tahun ketika dia disunat, dan Ismael, anak laki-lakinya, berumur 13 tahun ketika disunat. Abraham dan anak laki-lakinya disunat pada hari yang sama. Semua laki-laki yang berada di rumah Abraham, baik yang lahir di dalam rumahnya maupun yang dibelinya dari orang asing, disunat juga bersama-sama dengannya."
sapinya,4,"Ka rai laꞌe hari asa era sapi na, hèia kèpe ana sapi kabèbꞌu ciꞌu. Ka na pua dhèu sabꞌa na sa, pare.","Kemudian, Abraham berlari menuju kawanan sapinya dan mengambil seekor anak sapi yang empuk dan baik, lalu dia menyerahkannya kepada seorang muda, dan orang itu segera mengolahnya."
moab,4,Hèia ana bhèni uru èèna nara iisi ana mone ca dhèu. Ka na pangare na Moab (dhu sasoa na ‘mai nèti ama’). Ana neꞌe ka dhu jꞌajꞌi bèi-baki nèti dhèu Moab.,Anak yang sulung melahirkan seorang anak laki-laki dan menamainya Moab. Moab adalah nenek moyang semua orang Moab yang ada sekarang.
kawanannya,4,"Èle èèna ka, Abraham dènge Abimelek paꞌèki lii pajaji. Ka Abraham hia Abimelek sapi dènge kahibꞌi-kalèbho. Èle èèna ka, Abraham hagꞌe nare hari kahibꞌi-kalèbho èni pidhu ngiꞌu.","Abraham mengambil beberapa ekor domba dan sapi jantan, lalu memberikannya kepada Abimelekh. Lalu, kedua orang itu pun mengadakan perjanjian. Lalu, Abraham juga memisahkan tujuh ekor domba betina dari kawanannya."
paha,4,"Hèia dhèu ne, dedꞌe subha dènge Abraham, ka na peka, èèna na, nèngu tao madhutu dadꞌèi Abraham aaꞌi-aaꞌi.","Lalu, hamba itu meletakkan tangannya ke bawah pangkal paha Abraham, tuannya itu, dan bersumpah kepadanya mengenai hal ini."
gelang,4,"Onta se rinu toke bècu. Hèia dhèu ne nare kadheli sahènga, dènge kanau ca pasa. Mèdha se dhu tao nèti hualaa. Ka na pasa mi sahènga dènge pasaluu mi ai kariu dènge gꞌana ana bhèni ne.","Setelah unta-unta itu selesai minum, dia mengambil sepasang anting-anting emas seberat 0,5 syikal serta dua gelang emas seberat 10 syikal."
bergulat,4,"Te ngaa ana dhu Ribka kadꞌo ne, dhèu dua. Aa ana se paliku taruu ètu dꞌara kabake ina ra. Ka Ribka ngee ka ètu dꞌara na, “Nga tao ka ana dua se, sèmi neꞌe?” Hèia na pakarèi dènge LAMATUA.","Akan tetapi, anak-anak itu saling bergulat dalam rahim Ribka sehingga dia berkata, “Mengapa hal ini terjadi kepadaku?” Lalu, dia pergi untuk mencari TUHAN."
terbangun,4,"Ropa Yakob kèdꞌi nèti bhèjꞌi, na padhai lii, aku nèngu na, “Jaꞌa heka keꞌa kèna, LAMATUA dhu ètu era neꞌe kahèi.”","Kemudian, Yakub terbangun dari tidurnya dan dia berkata, “Sesungguhnya, TUHAN ada di tempat ini, tetapi aku tidak mengetahuinya!”"
pengganti,4,"Te ngaa Yakob jèke ne, aku nèngu na, “Èu ngee na, jaꞌa ne, Lamatua, ho bisa hia èu ana!?”","Lalu, kemarahan Yakub menyala terhadap Rahel sehingga dia berkata, “Apa aku ini pengganti Allah yang telah menghalangi benih dari kandunganmu?”"
dombamu,4,"Hèia Laban karèi ne, aku nèngu na, “De sèmi èèna na, jaꞌa bꞌae èu tasamia?” Ka Yakob dhaa, peka na, “Toꞌo ku, hia ia ka jaꞌa ngaa-ngaa. Te ngaa badha-manu toꞌo ku, jaꞌa ladhe-leru taruu, sadꞌi mu tao ku jꞌara èci.","Laban bertanya, “Apa yang harus kuberikan kepadamu?” Jawab Yakub, “Engkau tidak perlu memberikan apa-apa kepadaku. Aku akan kembali menggembalakan dan menjaga kawanan kambing dombamu, jika engkau mau melakukan hal ini kepadaku:"
gilead,4,"Na bau nèti aaꞌi mèdha-panyau na, ka ra kako pamèri-mèri, lasi re loko Efrat, asa ledhe Gilead.","Jadi, dia melarikan diri dengan segala yang dimilikinya. Dia berangkat, dan menyeberangi sungai, dan mengarahkan pandangannya ke arah pegunungan Gilead."
dilahirkannya,4,"Ca lodꞌo, Dina, ana bhèni Yakob dènge Lea, laꞌe pangadꞌo dènge bhèni anga-aangalai na ètu rae èèna.","Pada suatu hari, Dina, anak perempuan Lea, yang dilahirkannya bagi Yakub, pergi untuk mengunjungi anak-anak perempuan di negeri itu."
lotan,4,"Ètu era èèna, abhu dhèu Hori èci, ngara na Seir. Ana-ana na pahagꞌa palème rai, ka jꞌajꞌi suku ae-ae. Èci-èci ka dènge kapala suku na. Èle èèna ka, ana-ana na se jꞌajꞌi kapala suku nèti suku Lotan, suku Sobal, suku Sibeon, suku Anah, suku Dison, suku Eser, dènge suku Disan.","Inilah keturunan Seir, orang Hori, yang tinggal di negeri itu: Lotan, Syobal, Zibeon, Ana, Disyon, Ezer, dan Disyan. Itulah kepala kaum Hori, keturunan Seir di tanah Edom."
disyon,4,"Ètu era èèna, abhu dhèu Hori èci, ngara na Seir. Ana-ana na pahagꞌa palème rai, ka jꞌajꞌi suku ae-ae. Èci-èci ka dènge kapala suku na. Èle èèna ka, ana-ana na se jꞌajꞌi kapala suku nèti suku Lotan, suku Sobal, suku Sibeon, suku Anah, suku Dison, suku Eser, dènge suku Disan.","Inilah keturunan Seir, orang Hori, yang tinggal di negeri itu: Lotan, Syobal, Zibeon, Ana, Disyon, Ezer, dan Disyan. Itulah kepala kaum Hori, keturunan Seir di tanah Edom."
membencinya,4,"Ropa aꞌa na si ladhe-ladhe laꞌa na ama na sue risi Yusuf, hèia ra mulai tèka dꞌara dènge ne, roꞌo boe padhai lii dènge ne.","Ketika saudara-saudaranya melihat bahwa ayah mereka mengasihi dia lebih daripada semua saudaranya, mereka pun membencinya dan tidak mau berbicara dengan baik kepadanya."
potifar,4,"Lodꞌo-lodꞌo dhu Yakob ètu dꞌara susa era, dhèu dꞌaga sèra dꞌai le Masir. Dꞌai nèi, ka lasi pahie eele Yusuf dènge dhèu kapai èci ètu nèi, ngara na Potifar. Dhèu neꞌe komedhaa jꞌaga nèti dhèu aae Masir.","Sementara itu, di Mesir, para pedagang Midian menjualnya kepada Potifar, pegawai Firaun, kepala para pengawal."
mimpiku,4,"Hèia dhèu dhu lalau dhua èi hia dhèu aae èèna, lolo uuru peka na, “Ètu dꞌara nii, jaꞌa ladhe kèdhi ajꞌu anggor ca kapua.","Lalu, kepala juru minuman menceritakan mimpinya kepada Yusuf dan berkata kepadanya, “Dalam mimpiku, tampak sebatang pohon anggur di depanku,"
tambun,4,"Kabèdhi laa, nèngu nèdhi sapi pidhu ngiꞌu dhu kabèbꞌu bia. Kaꞌuri ra kaleꞌe. Ra kalua nèti dꞌara loko, ka raꞌa jꞌuꞌu ètu sebhe loko èèna.","Lihatlah, dari sungai muncul tujuh ekor sapi betina yang kelihatan bagus dan tambun badannya. Mereka merumput di rumput rawa."
samudra,3,"Lodꞌo rai-haha jꞌajꞌi mèka, aaꞌi-aaꞌi dhae mèci mèka. Dhu abhu, èi. Aa maroga aatu-aatu saguru nare ne. Ka Roh Lamatua lela ètu dedha èi èèna.","Bumi tidak berbentuk dan kosong, kegelapan menutupi permukaan samudra, dan Roh Allah melayang-layang di atas permukaan air."
hidungnya,3,"Èle èèna ka, Ama LAMATUA nare rai ciki, ka Na pajꞌajꞌi dhèu rai-haha. Hèia Na tiu aꞌae Na asa dꞌara sahènga dhèu na, ka na mamuri dènge ka.","Kemudian, TUHAN Allah membentuk manusia dari debu tanah dan mengembuskan napas kehidupan ke dalam lubang hidungnya sehingga manusia itu menjadi makhluk yang hidup."
mengolahnya,3,"Ka Ama LAMATUA hia dhèu pea ètu dꞌara Eden, ho na ladhe-leru oka èèna.",TUHAN Allah mengambil manusia itu dan menempatkannya di taman Eden untuk mengolahnya dan memeliharanya.
menggarap,3,"Hèia Hawa nara iisi hari ana mone èci. Ka na pangare ne Habel. Dua ra kapai ka, Habel jꞌajꞌi dhèu madhenge badha. Aa aꞌa na Kaen, sabꞌa oka-tedhe.","Kemudian, Hawa melahirkan adiknya, yaitu Habel. Habel menggembalakan domba, sedangkan Kain menggarap tanah."
muram,3,"Te ngaa Na dꞌèi boe korban unu Kaen. Hèia Kaen nasa bia, ka rèhu na mare boe.","tetapi terhadap Kain dan persembahannya, Dia tidak memperhatikannya. Lalu, Kain menjadi sangat marah dan wajahnya muram."
zila,3,"Dhèu èmu Lamek, dhèu dua. Èci ngara na Ada, aa ca dhèu hari, ngara na Sila.","Lamekh mengambil dua istri baginya, yang satu bernama Ada dan yang lain bernama Zila."
melaksanakannya,3,Ka Noh sabꞌe madhutu sèmi lii paredha Ama Lamatua aaꞌi-aaꞌi sèra.,"Demikianlah Nuh melaksanakannya, dia melaksanakan semua yang diperintahkan Allah kepadanya."
melanda,3,"Lodꞌo èi aae lala, umur Noh 600 (èna ngasu) tèu.",Nuh berumur 600 tahun ketika air bah itu melanda bumi.
busur,3,"Ladhe abhu raꞌi-liru, ho saroo cèu, èèna na pasanèdꞌe Jaꞌa nèti lii pajaji èèna. Na peka na, èi aae paꞌele iie heka aaꞌi-aaꞌi dhu mamuri. Dènge jꞌara neꞌe ne ka, lii pajaji Jaꞌa dhu maꞌète boe, paꞌèki tèke le dènge miu, aa dènge aaꞌi-aaꞌi dhu mamuri.”","Apabila Aku mendatangkan awan-awan ke atas bumi dan busur itu tampak di awan, Aku akan mengingat perjanjian antara Aku dan kamu dan setiap makhluk hidup sehingga air tidak akan lagi menjadi air bah yang membinasakan semua yang hidup. Kapan pun busur itu ada di awan, Aku akan melihatnya dan akan mengingat perjanjian kekal antara Allah dan setiap makhluk hidup yang ada di atas bumi.” Kemudian, Allah berfirman kepada Nuh, “Itulah tanda dari perjanjian yang telah Aku tetapkan antara Aku dengan segala makhluk hidup di bumi.”"
bungsunya,3,"Ropa Noh maseꞌa, na neꞌa tatao nèti ana limuri na, Ham.","Ketika Nuh sadar dari mabuknya, dia mengetahui yang dilakukan anak bungsunya itu kepadanya."
dedan,3,"Ana-èpu Kus, ka: Seba, Hawila, Sabta, Raema dènge Sabteka. Ana-èpu Raema, ka: Syeba dènge Dedan.","Keturunan Kush adalah Seba, Hawila, Sabta, Raema, dan Sabtekha. Keturunan Raema adalah Syeba dan Dedan."
pemburu,3,"Aꞌèra na mai nèti LAMATUA, aa nèngu kahèi jꞌajꞌi dhèu dhu èra bia magèla badha. Nèti èèna ka, dhèu biasa peka na, “Sèna ka èu more dhèu dhu èra bia magèla badha, sèmi Nimrod, dhu abhu aꞌèra nèti LAMATUA.”","Dia adalah pemburu yang perkasa di hadapan TUHAN. Karena itu, orang-orang berkata, “Seperti Nimrod, pemburu yang perkasa di hadapan TUHAN.”"
hewi,3,"dhèu Hiwi, dhèu Arki, dhèu Sini,","orang Hewi, orang Arki, orang Sini,"
adma,3,"toke too rai rèngu mulai nèti Sidon taruu asa Gerar, dꞌai Gasa. Nèti èèna, laꞌe dꞌai Sodom, Gomora, Adma dènge Seboim, dꞌai kota Lasa.","Wilayah orang Kanaan membentang dari Sidon ke arah Gerar sampai ke Gaza, dan ke arah Sodom, Gomora, Adma, Zeboim, sampai ke Lasa."
zeboim,3,"toke too rai rèngu mulai nèti Sidon taruu asa Gerar, dꞌai Gasa. Nèti èèna, laꞌe dꞌai Sodom, Gomora, Adma dènge Seboim, dꞌai kota Lasa.","Wilayah orang Kanaan membentang dari Sidon ke arah Gerar sampai ke Gaza, dan ke arah Sodom, Gomora, Adma, Zeboim, sampai ke Lasa."
tertua,3,"Sem, aꞌa Yafet, nèngu ka jꞌajꞌi bèi-baki dhèu Eber.","Lahirlah juga anak-anak laki-laki bagi Sem, yang adalah nenek moyang anak-anak Eber dan saudara tertua Yafet."
us,3,"Ana-èpu Aram ka: dhèu Us, dhèu Hul, dhèu Geter, dènge dhèu Mas.","Keturunan Aram adalah Us, Hul, Geter, dan Mas."
yoktan,3,"Ana Eber, mone dhèu dua. Ana uuru, ngara na Pelek (dhu sasoa na ‘palème era’), lula taa èèna dhèu pea palème ètu rai-haha ne. Ngara ari na, Yoktan.","Bagi Eber, lahirlah dua anak laki-laki, yang satu bernama Peleg sebab pada masa hidupnya bumi terbelah, sedangkan saudaranya bernama Yoktan."
yobab,3,"Ofir, Hawila, dènge Yobab. Rèngu aaꞌi-aaꞌi se, ana-èpu Yoktan.","Ofir, Hawila, dan Yobab; semuanya adalah keturunan Yoktan."
feris,3,"Te ngaa era èèna taleo boe, ho Abram dènge Lot aa dènge kakaja ra bisa pea paꞌèci. Nèti èèna ka, ana madhenge badha Abram dènge Lot sèra jꞌajꞌi patao-palaha, lula jꞌuꞌu ètu era èèna dꞌai boe hia badha rèngu. (Lodꞌo èèna, dhèu Kanaꞌan dènge dhèu Feris, dhu pea ètu èèna era.)","sehingga negeri itu tidak cukup lagi menampung mereka untuk hidup bersama-sama. Karena harta milik mereka sangat banyak, mereka tidak dapat tinggal bersama-sama lagi. Lalu, terjadilah perselisihan di antara para gembala ternak Abram dan para gembala ternak Lot. Pada masa itu, orang Kanaan dan orang Feris mendiami negeri itu."
sidim,3,"Dhèu aae, dhèu lèmi sèra pakaboko dènge sordadꞌu ra, ètu dꞌara mamoo Sidim, (dhu limuri ne, ngara na Dhasi Madhe).","Mereka semua bersekutu di Lembah Sidim, yaitu Laut Asin."
kadesh,3,"Èle èèna ka, ra lèpa hari asa En Mispat (dhu limuri ne ngara na Kades). Ka ra segi rai dhèu Amalek, dènge dhèu Amori dhu pea ètu rae Haseson-Tamar.","Setelah itu, mereka kembali dan tiba di En-Mispat, yaitu Kadesh, dan menaklukkan seluruh wilayah milik orang Amalek serta orang Amori yang tinggal di Hazezon-Tamar."
amalek,3,"Èle èèna ka, ra lèpa hari asa En Mispat (dhu limuri ne ngara na Kades). Ka ra segi rai dhèu Amalek, dènge dhèu Amori dhu pea ètu rae Haseson-Tamar.","Setelah itu, mereka kembali dan tiba di En-Mispat, yaitu Kadesh, dan menaklukkan seluruh wilayah milik orang Amalek serta orang Amori yang tinggal di Hazezon-Tamar."
menjarah,3,"Ka èpa dhèu aae dhu segi se, lasi parame rèti mèdha-panyau dènge ngangaꞌa-nginu nèti Sodom dènge Gomora. Èèna ka, ra lèpa dènge ka.","Jadi, mereka pun menjarah seluruh barang serta makanan milik orang Sodom dan Gomora, kemudian pergi."
pasukannya,3,"Ètu era èèna, Abram hagꞌe dhèu na sèra, mi pèri-pèri kaboko. Dꞌara mèda èèna kahèi, lasi age si, dènge jꞌara paꞌoke. Ka Abram si lasi bate dhèu se dꞌai rae Hoba, ètu bèka badae kota Damsik.","Dia membagi pasukannya, yaitu dia dan pelayan-pelayannya, untuk melawan mereka pada waktu malam, lalu memukul mereka, dan mengejar mereka sampai ke Hoba di sebelah utara Damsyik."
benang,3,"na, jaꞌa kore boe mèdha-panyau èu, masi ka ciki èèna ka. Masi ka loa hèngu caꞌèta sa, jaꞌa kore boe. Dènge jꞌara sèmi neꞌe, èu baku peka na, ‘Kakaja Abram sèra mai nèti jaꞌa.’","bahwa aku tidak akan mengambil segala sesuatu yang menjadi milikmu, bahkan sehelai benang atau tali sandal sekalipun supaya kamu jangan berkata, ‘Aku telah menjadikan Abram kaya.’"
syur,3,"Na rai dꞌai dꞌara mamoo. Hèia ana pajuu LAMATUA nèti sorga ca dhèu, rage ne dètu dènge madha èi, ètu jꞌara laꞌe asa Sur.",Malaikat TUHAN menemukan Hagar di dekat mata air di padang belantara. Mata air itu berada di dekat jalan menuju Syur.
melipatgandakanmu,3,Jaꞌa neo paꞌèki lii pajaji dènge èu. Aa Jaꞌa neo pabèba kacanga ana-èpu èu.”,"Aku akan mengadakan perjanjian antara Aku dan kamu, dan Aku akan melipatgandakanmu menjadi sangat banyak.”"
bundar,3,"Hèia Abraham pamèri sa dꞌara paleo, laꞌe peka dènge Sara, aku nèngu na, “Mèri! More tarigu dhu beꞌa risi, ca saku, ho tao roti!”","Abraham cepat-cepat masuk ke dalam tenda, kepada Sara, dan berkata, “Cepat! Ambillah 3 sukat tepung yang baik, remaslah, dan buatlah roti-roti bundar.”"
negeriku,3,"Èle èèna ka, dhèu aae Abimelek pangèdꞌu hari Sara laꞌe asa Abraham. Ka na peka dènge Sara, “Èèna na, jaꞌa hia ana mone mu doi iia ca riho, sèna ka jꞌajꞌi tadha jaꞌa tao boe sala ngaa-ngaa mi èu. Ho hudꞌi sène, dhèu aaꞌi-aaꞌi ra reꞌa!” Hèia dhèu aae peka dènge Abraham, aku nèngu na, “Kabarai jaꞌa ne, dhu bhoke tèke hia èu. Èu neo pea mi era mia èèna ka, jaꞌa hia èu.” Ka Abimelek hia Abraham sapi, kahibꞌi-kaꞌia, dènge kahibꞌi-kalèbho. Na hia kahèi ènu dhèu mone dènge dhèu bhèni.","Abimelekh mengambil domba, sapi, serta hamba laki-laki dan perempuan, lalu memberikannya kepada Abraham. Abimelekh juga mengembalikan Sara, istri Abraham, kepadanya. Kata Abimelekh, “Lihatlah, negeriku ada di hadapanmu. Tinggallah di mana pun kamu suka.” Abimelekh berkata kepada Sara, “Dengarlah, aku memberikan 1000 syikal perak kepada kakakmu sebagai bukti kesucianmu di hadapan semua orang yang bersama-sama denganmu. Di hadapan semua orang, namamu dibersihkan.”"
mengambilkan,3,"Ka Ismael dènge ina na Hagar pea dènge ka ètu dꞌara mamoo Paran. Ismael asa na kapai, aa neꞌa mèu kataki. Ka ina na paleo ne dènge ana bhèni Masir ca dhèu. Seꞌe se jꞌajꞌi, lula Ama Lamatua bera-bera dènge Ismael.",Allah menyertai anak itu dan dia bertambah besar. Ismael hidup di padang belantara dan menjadi pemanah. Dia tinggal di padang belantara Paran dan ibunya mengambilkan istri dari tanah Mesir baginya.
pikhol,3,"Lodꞌo èèna, dhèu aae Abimelek dènge kètu kapai sordadꞌu na, Fikol, mai pangadꞌo dènge Abraham. Hèia dhèu aae padhai lii, ka na peka, “Abraham! Jiꞌi se ngeꞌa Ama Lamatua bera-bera dènge èu. Nèti èèna ka, sadꞌi èu adꞌu ngaa sa èci, jꞌajꞌi dènge beꞌa.","Pada waktu itu, Abimelekh dan Pikhol, panglima tentara Abimelekh, berbicara kepada Abraham, “Allah menyertaimu dalam segala sesuatu yang kamu lakukan."
bersumpahlah,3,"De jaꞌa manèngi, sèna ka èu subha ètu katanga madha Ama Lamatua, dhu peka na, èu bisa boe kapodꞌe-kabèli jaꞌa, dènge ana-èpu jaꞌa aaꞌi-aaꞌi ra. Sèmi dhu jaꞌa tao le beꞌa mi èu, na, èu hudꞌi tao beꞌa kahèi mi jaꞌa dènge kabarai jaꞌa.”","Jadi, bersumpahlah kepadaku di sini, di hadapan Allah, bahwa kamu tidak akan berlaku curang terhadap aku, kepada anak-anakku, atau kepada cucu cicitku. Akan tetapi, seperti kebaikan yang telah kutunjukkan kepadamu, tunjukkanlah kebaikanmu kepadaku dan kepada negeri yang kamu tumpangi ini.”"
gundik,3,"Nahor abhu ana kahèi nèti bhèni piara na, ngara na Reuma. Ana Reuma, nuka: Teba, Gaham, Tahas, dènge Maaka.","Gundik Nahor yang bernama Reuma juga melahirkan anak laki-laki, yaitu Tebah, Gaham, Tahash, dan Maakha."
matiku,3,"“Jaꞌa ne, dhèu tao mai ètu talora miu se. Jaꞌa dhu dènge boe rai ca kasibꞌi sa, sèna ka padhane dhèu èmu jaꞌa. De ladhe miu sue jaꞌa, jaꞌa hèli kore rai miu dꞌai ca kasibꞌi sa, ho tao era padhane ne.”",“Aku adalah orang asing dan orang yang tinggal sementara di tengah-tengah kamu; berilah tempat bagiku di tengah-tengah kamu supaya aku dapat menguburkan orang matiku ini dari hadapanku.”
matimu,3,"“Sèmi neꞌe, ama! Nèbhu nare sange neꞌe, jiꞌi se tadhe le ama, dhu sama sèmi ca dhèu, dhèu heka dhu jiꞌi pakabꞌua. De sadꞌi ama dꞌèi rai mia dhu beꞌa, dhu pamèci dènge dadꞌèi ama. Jiꞌi se dhoka ngoꞌo di; dhèu èci sa dhu magee boe.”","“Dengarlah kami, ya Tuan, engkau adalah seorang pemimpin besar di tengah-tengah kami. Kuburkanlah jenazah istrimu itu di pekuburan terpilih di tempat kami. Tidak ada satu pun dari kami yang akan menolakmu dari pekuburannya supaya engkau dapat menguburkan orang matimu.”"
zohar,3,"Ka na padhai lii, peka na, “Ladhe miu sèmi lii jaꞌa na, jaꞌa manèngi ho peka dènge ana mone Sohar, dhu ngara na Efron.","Dia berkata kepada mereka, “Jika kamu telah menyetujui agar aku dapat menguburkan orang matiku dari hadapanku ini, dengarkanlah aku dan temuilah Efron keturunan Zohar itu demi aku,"
leluhurku,3,"Mu sanèdꞌe, te LAMATUA dhu nèdꞌu koasa ètu dedha-liru, ka dhu lere jaꞌa nèti rai èta-èsu jaꞌa, asa dedha-rai neꞌe ne. Aa dhu Na paꞌèki le lii pajaji dènge jaꞌa, dhu peka na, ‘Èèna na, Jaꞌa hia rai ne aaꞌi-aaꞌi mi ana-èpu èu.’ De èu baku madhaꞌu. Sadꞌi lamu. Te èèna na, Lamatua pua ana pajuu Na nèti sorga, mai bhoke jꞌara hia èu, sèna ka èu paraga dènge ana bhèni, dhu èèna na jꞌajꞌi dhèu èmu ana jaꞌa.","TUHAN, Allah semesta langit, yang membawaku dari rumah ayahku dan dari tanah leluhurku; yang berbicara kepadaku dan bersumpah kepadaku, kata-Nya, ‘Aku akan memberikan tanah ini kepada keturunanmu,’ Dia akan mengutus malaikat-Nya di depanmu sehingga kamu bisa mendapatkan istri bagi anakku dari sana."
kendimu,3,"De jaꞌa manèngi sèmi neꞌe: ladhe jaꞌa padhai lii dènge ana bhèni èci, peka na, ‘Ana, ee! Papuru ku èru èi èu hia jaꞌa kinu.’ Ho ladhe na dhaa, peka na, ‘Ama, minu la! Aa, pe jaꞌa hia dènge onta ama, rinu hèi!’ Jꞌara neꞌe ne jꞌajꞌi tadha dhu peka na, ana bhèni ne ka dhu Ama Lamatua pajꞌujꞌu, jꞌajꞌi mi dhèu èmu Isak! Dènge tadha sèmi neꞌe, jaꞌa keꞌa na Lamatua padꞌelo le babeꞌa mi Abraham, lamatua jaꞌa èèna.”","Kalau gadis yang kepadanya aku berkata, ‘Tolong turunkan kendimu supaya aku dapat minum,’ menjawab dengan, ‘Minumlah dan aku juga akan memberi minum unta-untamu,’ dialah yang Engkau tetapkan bagi hamba-Mu, Ishak. Dengan demikian, aku akan mengetahui bahwa Engkau telah menunjukkan kemurahan-Mu kepada tuanku.”"
kendinya,3,"Dhu na sabajꞌa nare mèka, ana bhèni ca dhèu mai. Ngara na Ribka. Nèngu ne, èpu nèti ari Abraham, nuka Nahor, dènge dhèu èmu na, Milka. Ama Ribka, ngara na Betuel. Ribka ne, bhèni iia nia boe, aa paꞌèci nèdhi mèka dènge mone. Dꞌai era èèna, puru asa dꞌara èi laꞌe, ka na isi èru èi na. Nèbhu boe, ka caꞌe mai sa dedha.","Sebelum pelayan itu selesai berdoa, tiba-tiba Ribka, anak perempuan yang dilahirkan bagi Betuel anak Milka, istri dari saudara Abraham yang bernama Nahor, datang ke sumur dengan membawa kendi di bahunya. Gadis itu sangat cantik, seorang perawan, belum pernah ada laki-laki yang bersetubuh dengannya. Gadis itu pergi turun ke sumur dan mengisi kendinya, kemudian naik kembali."
menaiki,3,"Èle èèna ka, Ribka dènge bhèni dhu leru nèngu na lalau ka mèdha ra, ka ra caꞌe onta, pakèdꞌi dènge ka, madhutu dhèu sabꞌa Abraham sèra.","Kemudian, Ribka dan pelayan-pelayannya bangkit, lalu menaiki unta dan mengikuti hamba Abraham itu. Demikianlah hamba itu membawa Ribka dan pergi."
ketura,3,"Ka Abraham leo hari èmu dènge bhèni èci, ngara na Ketura.","Kemudian, Abraham mengambil seorang istri lagi, bernama Ketura."
nebayot,3,"Ana-ana Ismael, mone dhèu canguru dua. Ngara ra dhu madhutu nèti dhu uru tèka dꞌai ana limuri tèka, nuka: Nebayot, Kedar, Adbeel, Mibsam, Misma, Duma, Masa, Hadad, Tema, Yetur, Nafis, dènge Kedma. Ana-ana sèra ka, jꞌajꞌi bèi-baki nèti canguru dua suku, dhu èci-èci ka dènge kabarai ra. Ra pangare kabarai ra èci-èci, madhutu ngara bèi-baki ra.","Inilah nama anak-anak laki-laki Ismael sesuai nama-nama mereka: Nebayot, anak sulung Ismael, lalu Kedar, Adbeel, Mibsam, Misyma, Duma, Masa, Hadad, Tema, Yetur, Nafish, dan Kedma. Itulah keturunan Ismael dan itulah nama-nama mereka sesuai kampung dan pemukiman mereka, masing-masing dua belas pemimpin menurut suku-suku mereka."
hadad,3,"Ana-ana Ismael, mone dhèu canguru dua. Ngara ra dhu madhutu nèti dhu uru tèka dꞌai ana limuri tèka, nuka: Nebayot, Kedar, Adbeel, Mibsam, Misma, Duma, Masa, Hadad, Tema, Yetur, Nafis, dènge Kedma. Ana-ana sèra ka, jꞌajꞌi bèi-baki nèti canguru dua suku, dhu èci-èci ka dènge kabarai ra. Ra pangare kabarai ra èci-èci, madhutu ngara bèi-baki ra.","Inilah nama anak-anak laki-laki Ismael sesuai nama-nama mereka: Nebayot, anak sulung Ismael, lalu Kedar, Adbeel, Mibsam, Misyma, Duma, Masa, Hadad, Tema, Yetur, Nafish, dan Kedma. Itulah keturunan Ismael dan itulah nama-nama mereka sesuai kampung dan pemukiman mereka, masing-masing dua belas pemimpin menurut suku-suku mereka."
menamakannya,3,"Ka na peka dènge Yakob, aku nèngu na, “Ari, ee! Hia ku jaꞌa bubur kabꞌui mea ciki ètu dꞌara èru èèna, ho jaꞌa kuꞌa! Te jaꞌa manganga bia.” (Nèti èèna ka, ra pangare na, Edom, dhu sasoa na ‘mea’.)","Lalu, Esau berkata kepada Yakub, “Aku mohon kepadamu, biarkanlah aku makan sedikit dari yang merah-merah itu sebab aku sangat lelah.” Oleh sebab itu, orang menamakannya Edom."
jual,3,"Ka, aku Yakob na, “Beꞌa aꞌa. Te ngaa pasilu ku dènge hak aꞌa èèna!”","Akan tetapi, Yakub berkata, “Jual dahulu hak kesulunganmu kepadaku.”"
elon,3,"Ropa umur Esau dꞌai èpa nguru tèu, na leo dènge bhèni dhèu dua nèti suku Het. Bhèni èci, ana nèti Beeri, ngara na Yudit. Èci hari, ana Elon, ngara na Basmat.","Ketika Esau berumur 40 tahun, dia menikah dengan Yudit anak Beeri, orang Het, dan Basmat anak Elon, orang Het,"
sebongkah,3,"Ropa lodꞌo cèna, Yakob dꞌai era èci, ka na jꞌunu ètu era èèna. Na neo jꞌunu, nare hadhu cue, tao lalaka kètu na.","Lalu, dia tiba di suatu tempat dan dia bermalam di sana sebab matahari telah terbenam. Yakub mengambil sebongkah batu dari tempat itu dan menjadikannya bantal, lalu berbaringlah dia di tempat itu untuk tidur."
lus,3,"Ka na pangare era ne Betel, dhu sasoa na ‘Èmu Lamatua’. (Uru èèna, era ne ngara na Lus.)","Yakub menyebut tempat itu Betel, tetapi sebelumnya nama kota itu adalah Lus."
jarak,3,Hèia eo rèti ka badha se asa era èci dhu kajꞌèu na tèlu lodꞌo kako haga nèti era Yakob si. Ka Yakob madhenge ka badha dhu ata se.,"Kemudian, dia mengambil jarak antara dirinya dengan Yakub selama tiga hari perjalanan, sementara Yakub menggembalakan sisanya dari kawanan kambing domba Laban."
terafim,3,"Lodꞌo èèna, Laban dhu laꞌe gꞌute rèu kahibꞌi-kalèbho na. Ka Rahel manaꞌu nare patung mèdha sogo-tagu ama na.","Ketika Laban pergi untuk mengguntingi bulu domba-dombanya, Rahel mencuri terafim ayahnya."
pahanya,3,"Ropa mone ne neꞌa na nèngu segi boe Yakob, ka na kalabhe mi kolo keja Yakob, ka gage na tabodꞌa eele nèti era na.","Ketika Orang itu melihat bahwa Dia tidak dapat mengalahkan Yakub, Dia memukul pangkal paha Yakub sehingga pangkal pahanya terkilir ketika bergulat dengan-Nya."
merangkul,3,"Te ngaa lodꞌo Esau ladhe nèdhi ari na, rai dènge ka, laꞌe liku nare Yakob. Dua ra paliku dènge paꞌuu. Hèia dua ra tangi dꞌara pèdꞌa.","Kemudian, Esau berlari menyongsongnya, memeluknya, merangkul lehernya, dan menciumnya, lalu mereka menangis."
kaumnya,3,"Umur Isak dꞌai 180 (ca ngasu aru nguru) tèu, heka madhe kèna. Ka ana na Esau dènge Yakob padhane ne.","Umur Ishak adalah 180 tahun. Kemudian, hidup Ishak berakhir dan dia pun mati. Dia dikumpulkan kepada kaumnya, menjadi tua, dan genap hari-harinya. Anak-anaknya, Esau dan Yakub, yang menguburkannya."
yeush,3,"Aa Oholibama matana Yeus, Yalam dènge Kora. Ana Esau aaꞌi-aaꞌi ra sèra rara iisi si ètu rai Kanaꞌan.","dan Oholibama melahirkan Yeush, Yaelam, dan Korah. Inilah anak-anak laki-laki Esau yang dilahirkan baginya di tanah Kanaan."
yaelam,3,"Aa Oholibama matana Yeus, Yalam dènge Kora. Ana Esau aaꞌi-aaꞌi ra sèra rara iisi si ètu rai Kanaꞌan.","dan Oholibama melahirkan Yeush, Yaelam, dan Korah. Inilah anak-anak laki-laki Esau yang dilahirkan baginya di tanah Kanaan."
syobal,3,"Ètu era èèna, abhu dhèu Hori èci, ngara na Seir. Ana-ana na pahagꞌa palème rai, ka jꞌajꞌi suku ae-ae. Èci-èci ka dènge kapala suku na. Èle èèna ka, ana-ana na se jꞌajꞌi kapala suku nèti suku Lotan, suku Sobal, suku Sibeon, suku Anah, suku Dison, suku Eser, dènge suku Disan.","Inilah keturunan Seir, orang Hori, yang tinggal di negeri itu: Lotan, Syobal, Zibeon, Ana, Disyon, Ezer, dan Disyan. Itulah kepala kaum Hori, keturunan Seir di tanah Edom."
ezer,3,"Ètu era èèna, abhu dhèu Hori èci, ngara na Seir. Ana-ana na pahagꞌa palème rai, ka jꞌajꞌi suku ae-ae. Èci-èci ka dènge kapala suku na. Èle èèna ka, ana-ana na se jꞌajꞌi kapala suku nèti suku Lotan, suku Sobal, suku Sibeon, suku Anah, suku Dison, suku Eser, dènge suku Disan.","Inilah keturunan Seir, orang Hori, yang tinggal di negeri itu: Lotan, Syobal, Zibeon, Ana, Disyon, Ezer, dan Disyan. Itulah kepala kaum Hori, keturunan Seir di tanah Edom."
disyan,3,"Ètu era èèna, abhu dhèu Hori èci, ngara na Seir. Ana-ana na pahagꞌa palème rai, ka jꞌajꞌi suku ae-ae. Èci-èci ka dènge kapala suku na. Èle èèna ka, ana-ana na se jꞌajꞌi kapala suku nèti suku Lotan, suku Sobal, suku Sibeon, suku Anah, suku Dison, suku Eser, dènge suku Disan.","Inilah keturunan Seir, orang Hori, yang tinggal di negeri itu: Lotan, Syobal, Zibeon, Ana, Disyon, Ezer, dan Disyan. Itulah kepala kaum Hori, keturunan Seir di tanah Edom."
adulam,3,"Èle èèna ka, Yahuda tèke eele aꞌari na, ka laꞌe pea dènge angalai na èci, ngara na Hira, ètu rae Adulam.","Pada suatu waktu, Yehuda pergi dari saudara-saudaranya dan mendirikan tenda di dekat tempat seorang Adulam yang bernama Hira."
hira,3,"Èle èèna ka, Yahuda tèke eele aꞌari na, ka laꞌe pea dènge angalai na èci, ngara na Hira, ètu rae Adulam.","Pada suatu waktu, Yehuda pergi dari saudara-saudaranya dan mendirikan tenda di dekat tempat seorang Adulam yang bernama Hira."
tafsirannya,3,"Tadèngi nare hèia, Yusuf peka dènge ne sèmi neꞌe ka, “Ama, ee. Sasoa nii na sèmi neꞌe ka: dadana tèlu, sasoa na di tèlu lodꞌo ka.","Lalu, Yusuf berkata kepadanya, “Inilah tafsirannya: tiga dahan itu adalah tiga hari."
dahan,3,"Tadèngi nare hèia, Yusuf peka dènge ne sèmi neꞌe ka, “Ama, ee. Sasoa nii na sèmi neꞌe ka: dadana tèlu, sasoa na di tèlu lodꞌo ka.","Lalu, Yusuf berkata kepadanya, “Inilah tafsirannya: tiga dahan itu adalah tiga hari."
bernas,3,"Nèbhu boe ka, dhèu aae bhèjꞌi luu hari. Ka na nii hari ca tèka. Lii nii na sèmi neꞌe ka: nèngu ladhe nèdhi are pidhu huri dhu isi pènu, bhodho nèti laa are dhu subꞌu.","Setelah itu, Firaun tertidur dan bermimpi untuk kedua kalinya. Tampak tujuh bulir gandum yang bernas dan bagus muncul dari satu tangkai."
menafsirkannya,3,"Madꞌae aae èèna, dꞌara isi na beꞌa boe. Hèia, na paredha dhèu lasi paroa aaꞌi dhèu ai tadha dènge dhèu dꞌèlu-mèu, ètu rai Masir mai paraga dènge ne. Ka na lolo lii nii na sèra dènge si. Te ngaa dhèu èci sa bisa boe peka sasoa lii nii deo sa mi dhèu aae.","Pada pagi harinya, rohnya gelisah. Karena itu, dia menyuruh dan memanggil semua ahli sihir Mesir beserta semua orang bijaknya. Kemudian, Firaun menceritakan mimpinya kepada mereka, tetapi tidak ada satu pun yang mampu menafsirkannya bagi Firaun."
tipis,3,"Èle èèna ka, jaꞌa kèdhi hari, pidhu huri are dhu isi aadꞌo, aa dhu kamale dhae-dhae, lèke lai ngèlu pana.","Lalu, tampak tujuh bulir gandum yang layu, tipis, dan rusak karena angin timur, yang muncul setelahnya."
seperlima,3,"Dꞌara pidhu tèu dhu bècu èèna, beꞌa risi ama dhèu aae dedꞌe hari dhèu, ho ra oru-pakaboko ngangaꞌa dhu risi eele. Ngangaꞌa dhu risi sèra, bagi mi lèmi ho tèke ca pala.","Lalu, hendaklah Firaun menunjuk para pengawas atas tanah ini dan mengambil seperlima bagian dari hasil tanah Mesir selama tujuh tahun kelimpahan itu."
asnat,3,"Èle ka, dhèu aae pangare Yusuf madhutu ngara Masir, na Safnat Panea. Aa, na hia Yusuf madhèdi dènge ana bhèni èci, ngara na Asnat. Ama dhèu èmu na, ngara na Potifera. Nèngu neꞌe ka dhu jꞌajꞌi ama agama ètu dꞌara kota On. Dènge jꞌara neꞌe, Yusuf jꞌajꞌi dhèu kapai ètu rai Masir.","Kemudian, Firaun menamai Yusuf dengan Zafnat-Paaneah. Dia juga memberikan Asnat kepadanya sebagai istri, yaitu anak Potifera, imam di On. Lalu, Yusuf pergi ke seluruh tanah Mesir."
potifera,3,"Èle ka, dhèu aae pangare Yusuf madhutu ngara Masir, na Safnat Panea. Aa, na hia Yusuf madhèdi dènge ana bhèni èci, ngara na Asnat. Ama dhèu èmu na, ngara na Potifera. Nèngu neꞌe ka dhu jꞌajꞌi ama agama ètu dꞌara kota On. Dènge jꞌara neꞌe, Yusuf jꞌajꞌi dhèu kapai ètu rai Masir.","Kemudian, Firaun menamai Yusuf dengan Zafnat-Paaneah. Dia juga memberikan Asnat kepadanya sebagai istri, yaitu anak Potifera, imam di On. Lalu, Yusuf pergi ke seluruh tanah Mesir."
on,3,"Èle ka, dhèu aae pangare Yusuf madhutu ngara Masir, na Safnat Panea. Aa, na hia Yusuf madhèdi dènge ana bhèni èci, ngara na Asnat. Ama dhèu èmu na, ngara na Potifera. Nèngu neꞌe ka dhu jꞌajꞌi ama agama ètu dꞌara kota On. Dènge jꞌara neꞌe, Yusuf jꞌajꞌi dhèu kapai ètu rai Masir.","Kemudian, Firaun menamai Yusuf dengan Zafnat-Paaneah. Dia juga memberikan Asnat kepadanya sebagai istri, yaitu anak Potifera, imam di On. Lalu, Yusuf pergi ke seluruh tanah Mesir."
kakak,3,"Ka aꞌa Yusuf canguru dhèu seꞌe paꞌèra ka, lasi hèli ngangaꞌa asa Masir.","Lalu, sepuluh kakak Yusuf berangkat ke Mesir untuk membeli gandum."
bercerita,3,"Hèia Yakob jèke si, peka na, “Nga tao ka miu lolo dènge dhèu èèna, peka na, miu dènge ari èci era? Miu tenge jꞌara ho pajꞌèra tabha jaꞌa!”","Kemudian, Israel berkata, “Mengapa kalian menyakitiku dengan bercerita kepada orang itu bahwa kalian masih memiliki seorang adik?”"
titah,3,"Aa more moo hualaa pudhi jaꞌa èèna, ho tao asa dꞌara hèbꞌa karo ari ra dhu limuri èèna.” Ka na laꞌe tao madhutu lii paredha Yusuf.","Kemudian, pialaku, piala perak itu, taruhlah itu di mulut karung yang bungsu beserta uang gandumnya.” Dia pun melaksanakan titah yang dititahkan oleh Yusuf."
terunggul,3,"Ruben! Èu ne, ana jaꞌa dhu uru tèka! Èu neꞌe tatea jaꞌa, dènge ai gꞌana jaꞌa. Dhèu pakabꞌua risi èu.","“Ruben, anak sulungku, kamulah kejantananku, permulaan dari kegagahanku. Yang terunggul dalam keluhuran Yang terunggul dalam kekuatan."
rerumputan,2,"Ka Ama Lamatua lii hari, peka na, “Rai hudꞌi pamamuri ku rupa-rupa ana aajꞌu. Sèna ka abhu ajꞌu dhu hua, dhu dènge lamusi, aa dhu dènge rèu mangèru. Sèna ka ajꞌu-ajꞌu se, hua-hela madhutu rupa rèngu.” Ropa padhai lii nare sèmi neꞌe, jꞌajꞌi dènge ka ana aajꞌu aaꞌi-aaꞌi ra.","Allah berfirman, “Biarlah bumi menumbuhkan rerumputan, tumbuh-tumbuhan berbiji, dan pohon buah yang berbuah menurut jenisnya dan berbiji di dalamnya, di atas bumi.” Lalu, jadilah demikian."
melintasi,2,"Hèia Ama Lamatua padhai lii hari, peka na, “Hudꞌi abhu ku ae-ae dhu mamuri ètu dꞌara èi. Dènge hudꞌi abhu ku rupa-rupa manu-bhui dhu lela ètu dedha rai-haha ne.”","Kemudian, Allah berfirman, “Biarlah air dikerumuni oleh makhluk-makhluk hidup, dan biarlah burung-burung beterbangan di atas bumi, melintasi cakrawala langit.”"
bersayap,2,"Ka Na tao ka iꞌa aaꞌi-aaꞌi dènge badha kapai dhu mamuri ètu dꞌara èi. Na pajꞌajꞌi kahèi manu-bhui aaꞌi-aaꞌi. Ropa nèdhi aaꞌi-aaꞌi se, dꞌara Na karejꞌe, lula ngaa dhu Na adꞌu, mema beꞌa.","Lalu, Allah menciptakan binatang-binatang laut yang besar dan segala jenis makhluk hidup yang bergerak serta berkerumun di dalam air menurut jenisnya, dan segala burung bersayap menurut jenisnya. Allah melihat bahwa itu baik."
tumbuhan,2,"Mi nanene paie-iie! Jaꞌa hia miu rupa-rupa ngangaꞌa ètu rai-haha neꞌe. Sèmi: ana aajꞌu dhu dènge hua, dhu dènge lamusi, aa dhu dènge rèu mangèru.","Kemudian, Allah berfirman, “Lihat, Aku telah memberikan kepadamu segala tumbuhan yang menghasilkan biji yang ada di seluruh muka bumi, dan segala pohon yang buahnya berbiji, itulah yang akan menjadi makananmu."
riwayat,2,"Dꞌai sange neꞌe ka, lii lolo Ama Lamatua pajꞌajꞌi dedha-liru dènge rai-haha ne. Lodꞌo Ama LAMATUA heka pajꞌajꞌi dedha-liru dènge rai-haha èèna,","Inilah riwayat langit dan bumi ketika mereka diciptakan, pada waktu TUHAN Allah menjadikan bumi dan langit,"
berahi,2,"Èle èèna ka, Ama Lamatua peka dènge bhèni ne, “Èèna na, Jaꞌa pasusa tabha èu, ropa èu dènge babia; lodꞌo mora iisi, èu asa tabha jꞌèra. Masi ka sèmi èèna, dꞌara èu dꞌèi taruu dhèu èmu èu, aa nèngu ka dhu ator èu.”","Kepada perempuan itu, Allah berfirman, “Aku akan sangat melipatgandakan susah payahmu ketika mengandung; dalam kesakitan kamu akan melahirkan anak-anak; tetapi kamu tetap akan berahi kepada suamimu, dan dia akan berkuasa atasmu.”"
irad,2,"Ka Henok matana Irad. Hèia Irad matana Mehuyael. Mehuyael matana Metusael. Aa ana Metusael, Lamek.","Bagi Henokh, lahirlah Irad, dan Irad adalah ayah Mehuyael. Mehuyael adalah ayah Metusael, dan Metusael adalah ayah Lamekh."
mehuyael,2,"Ka Henok matana Irad. Hèia Irad matana Mehuyael. Mehuyael matana Metusael. Aa ana Metusael, Lamek.","Bagi Henokh, lahirlah Irad, dan Irad adalah ayah Mehuyael. Mehuyael adalah ayah Metusael, dan Metusael adalah ayah Lamekh."
metusael,2,"Ka Henok matana Irad. Hèia Irad matana Mehuyael. Mehuyael matana Metusael. Aa ana Metusael, Lamek.","Bagi Henokh, lahirlah Irad, dan Irad adalah ayah Mehuyael. Mehuyael adalah ayah Metusael, dan Metusael adalah ayah Lamekh."
beternak,2,"Ana Ada, ngara na Yabal. Ana-èpu na, jꞌajꞌi dhèu piara badha. Mamuri ra ètu boe ca era, aa ra pea dhoka ètu dꞌara paleo di.",Ada melahirkan Yabal yang adalah nenek moyang semua yang tinggal dalam tenda dan beternak.
betinanya,2,"Mèti dènge badha-badha dhu bisa miꞌa, aa bisa hia Jaꞌa kahèi, de mèti pidhu-pidhu pasa asa dꞌara kapa. Mèti kahèi rupa-rupa manu-bhui pidhu-pidhu pasa. Te ngaa badha dhu leo, mèti dhoka ca pasa-ca pasa di. Sèna ka badha dènge manu-bhui se, jꞌajꞌi hini, ho baku maꞌète.","Bawalah tujuh pasang binatang yang halal, jantan dan betinanya, dan sepasang dari setiap jenis binatang yang haram jantan dan betinanya, juga tujuh pasang burung di udara, jantan dan betina, untuk menjaga keturunan mereka di seluruh muka bumi."
dibuatnya,2,"Risi nèti èpa nguru lodꞌo, hèia Noh bhoke jendela èci.","Pada akhir dari 40 hari itu, Nuh membuka jendela bahtera yang dibuatnya,"
mengering,2,"Ka na patalale lakaa ciꞌu. Manu-bhui ne lela laꞌe-mai, toke èi puru. Ka na lèpa heka asa kapa.","dan melepaskan seekor gagak yang pergi, terbang, dan kembali lagi sampai air itu mengering dari permukaan bumi."
memasukannya,2,"Te ngaa, lula èi hutu nare dedha-rai era, ka koro ne abhu boe era tèka. Ka lèpa hari asa kapa. Hèia Noh jꞌole ai na, kèpe nare, ka na pamaso hari asa dꞌara kapa.","Akan tetapi, merpati itu tidak menemukan tempat untuk bertengger sehingga ia kembali kepada Nuh di dalam bahtera itu karena air masih ada di seluruh permukaan bumi. Nuh mengulurkan tangannya untuk menangkap merpati itu dan memasukannya ke bahtera."
bahu,2,"Hèia dua ra rare sigꞌi-kalolo ca bèla, ka ra bhoke mema ètu kabela-kao ra. Ka dua ra kako kabodho lasi asa dꞌara paleo ama ra, sèna ka ra pahutu mi ngiꞌu na. Dènge sèmi èèna, rèdhi boe era makae ama ra. Èle èèna ka, ra kalua sa liꞌu.","Akan tetapi, Sem dan Yafet mengambil sehelai kain dan meletakkannya di bahu mereka, lalu dengan berjalan mundur mereka menutupi ketelanjangan ayah mereka. Mereka memalingkan wajah mereka sehingga tidak melihat ketelanjangan ayahnya."
gomer,2,"Ana-èpu Yafet, nuka: Gomer, Magog, Madai, Yawan, Tubal, Mesek dènge Tiras. Èci-èci ka dènge lii, suku, aa dènge rai ra. Ana-èpu Gomer, ka: Askenas, Rifat dènge Togarma. Ana-èpu Yawan, ka: Elisa, Tarsis, dhèu Kitim, dènge dhèu Dodanim dhu pea ètu sebhe dhasi.","Keturunan Yafet adalah Gomer, Magog, Madai, Yawan, Tubal, Mesekh, dan Tiras. Keturunan Gomer adalah Askenas, Rifat, dan Togarma. Keturunan Yawan adalah Elisa, Tarsis, Kitim, dan Dodanim. Dari merekalah tersebar bangsa-bangsa daerah pesisir, masing-masing menurut bahasa, kaum keluarga, dan bangsanya sendiri."
yawan,2,"Ana-èpu Yafet, nuka: Gomer, Magog, Madai, Yawan, Tubal, Mesek dènge Tiras. Èci-èci ka dènge lii, suku, aa dènge rai ra. Ana-èpu Gomer, ka: Askenas, Rifat dènge Togarma. Ana-èpu Yawan, ka: Elisa, Tarsis, dhèu Kitim, dènge dhèu Dodanim dhu pea ètu sebhe dhasi.","Keturunan Yafet adalah Gomer, Magog, Madai, Yawan, Tubal, Mesekh, dan Tiras. Keturunan Gomer adalah Askenas, Rifat, dan Togarma. Keturunan Yawan adalah Elisa, Tarsis, Kitim, dan Dodanim. Dari merekalah tersebar bangsa-bangsa daerah pesisir, masing-masing menurut bahasa, kaum keluarga, dan bangsanya sendiri."
misraim,2,"Ana-èpu Ham, ka: Kus, Misraim, Put, dènge Kanaꞌan.","Keturunan Ham adalah Kush, Misraim, Put, dan Kanaan."
raema,2,"Ana-èpu Kus, ka: Seba, Hawila, Sabta, Raema dènge Sabteka. Ana-èpu Raema, ka: Syeba dènge Dedan.","Keturunan Kush adalah Seba, Hawila, Sabta, Raema, dan Sabtekha. Keturunan Raema adalah Syeba dan Dedan."
nimrod,2,"Ana mone Kus, ka, Nimrod. Nèngu ne, kapala musu dhu uru tèka, aa èra.","Kush adalah ayah Nimrod, yang menjadi orang perkasa pertama di bumi."
kalah,2,"Nèti era sèra, na nare hari Asyur. Ka na patitu kota Niniwe, Rehobot-Ir, Kala,","Dari tanah itu, dia masuk ke Asyur lalu membangun Niniwe, Rehobot-Ir, Kalah,"
girgasi,2,"dhèu Yebusi, dhèu Amori, dhèu Girgasi,","dan orang Yebusi, orang Amori, orang Girgasi,"
membentang,2,"toke too rai rèngu mulai nèti Sidon taruu asa Gerar, dꞌai Gasa. Nèti èèna, laꞌe dꞌai Sodom, Gomora, Adma dènge Seboim, dꞌai kota Lasa.","Wilayah orang Kanaan membentang dari Sidon ke arah Gerar sampai ke Gaza, dan ke arah Sodom, Gomora, Adma, Zeboim, sampai ke Lasa."
bahasanya,2,"Rèngu aaꞌi-aaꞌi sèra, ana-èpu Ham. Èci-èci dènge lii, suku, aa dènge rai ra.","Itulah keturunan Ham menurut kaum keluarganya, bahasanya, negerinya, dan bangsanya."
aspal,2,"Rèngu aaꞌi-aaꞌi rare lii èci, aku rèngu na, “Aꞌari, ee! Mai ta patitu kota kapai aae cue. Ti tao hadhu bata; ti tunu paꞌadhu. Èèna na, èdhi pudhi sa dedha, ho ti tape dènge èi dama. Ho èèna na, ti patitu manara dedha aae èci, dhu kolo nèngu na dꞌai dedha-liru, sèna ka èdhi abhu kolongara kapai. Ho sèna ka èdhi jꞌajꞌi ca kabarai aae, dhu pahagꞌa ia ka.”","Lalu, mereka berkata satu sama lain, “Mari kita membuat batu bata dan membakarnya baik-baik.” Lalu, mereka memakai bata-bata itu sebagai batu dan aspal sebagai perekatnya. Kemudian, mereka berkata, “Mari kita membangun kota bagi kita dengan menara yang puncaknya sampai ke langit, dan marilah kita membuat nama bagi kita supaya kita jangan tersebar ke seluruh muka bumi.”"
negerimu,2,"Lodꞌo èèna, LAMATUA peka le dènge Abram, peka na, “Abram! Èu pakèdꞌi nèti era èu ne, tèke eele ina-ama èu, èmu ina-ama mu, dènge rae-lesa èu. Lamu asa era èci, dhu pe Jaꞌa peka dènge èu.","TUHAN berfirman kepada Abram, “Pergilah dari negerimu, dan dari keluargamu, dan dari rumah ayahmu, ke tanah yang akan Kutunjukkan kepadamu."
mengutukmu,2,"Èèna na, Jaꞌa hia berkat mi dhèu dhu hia berkat mi èu. Te ngaa Jaꞌa huku dhèu cee dhu dhoo èu. Nanene paie! Pe èèna na, dhèu aaꞌi-aaꞌi ètu rai-haha ne abhu berkat lula èu.”","Aku akan memberkati mereka yang memberkatimu, tetapi orang yang mengutukmu akan Aku kutuk. Melaluimu, semua kaum di bumi akan diberkati.”"
melaluimu,2,"Èèna na, Jaꞌa hia berkat mi dhèu dhu hia berkat mi èu. Te ngaa Jaꞌa huku dhèu cee dhu dhoo èu. Nanene paie! Pe èèna na, dhèu aaꞌi-aaꞌi ètu rai-haha ne abhu berkat lula èu.”","Aku akan memberkati mereka yang memberkatimu, tetapi orang yang mengutukmu akan Aku kutuk. Melaluimu, semua kaum di bumi akan diberkati.”"
ai,2,"Èle èèna ka, Abram si pidha hari asa ledhe re balèu. Ka ra pea taha ètu talora rae Betel dènge rae Ai. Ètu èèna, na patitu mei korban èci ho na mangajꞌi mi LAMATUA.","Dari tempat itu, dia pindah ke pegunungan di sebelah timur Betel dan membentangkan tendanya dengan Betel di sebelah barat dan Ai di sebelah timur. Di sana, dia mendirikan mazbah bagi TUHAN dan memanggil nama TUHAN."
membiarkanmu,2,"De ladhe dhèu Masir rèdhi èu bhèni iia sèmi neꞌe, mage dhoka ra pamadhe jaꞌa, lula jaꞌa dhèu èmu-kamali èu. Dènge sèmi èèna, ra parame rare èu.","Kalau orang Mesir melihatmu, mereka akan berkata, ‘Itu istrinya.’ Kemudian, mereka akan membunuhku, tetapi mereka akan membiarkanmu hidup."
karenamu,2,"De beꞌa risi, èu peka dènge ra, na jaꞌa ne, ana mone èu. Dènge sèmi èèna ka, rèngu pamadhe boe jaꞌa, aa ra beꞌa-beꞌa dènge jaꞌa, lula èu ne.”","Aku mohon, katakanlah bahwa kamu adalah adikku, supaya karena kamu, hal itu menjadi baik bagiku dan nyawaku akan hidup karenamu.”"
menampung,2,"Te ngaa era èèna taleo boe, ho Abram dènge Lot aa dènge kakaja ra bisa pea paꞌèci. Nèti èèna ka, ana madhenge badha Abram dènge Lot sèra jꞌajꞌi patao-palaha, lula jꞌuꞌu ètu era èèna dꞌai boe hia badha rèngu. (Lodꞌo èèna, dhèu Kanaꞌan dènge dhèu Feris, dhu pea ètu èèna era.)","sehingga negeri itu tidak cukup lagi menampung mereka untuk hidup bersama-sama. Karena harta milik mereka sangat banyak, mereka tidak dapat tinggal bersama-sama lagi. Lalu, terjadilah perselisihan di antara para gembala ternak Abram dan para gembala ternak Lot. Pada masa itu, orang Kanaan dan orang Feris mendiami negeri itu."
kaulihat,2,"Rai aaꞌi-aaꞌi dhu èu ladhe mèdhi sèi, bèli-camèdꞌa Jaꞌa hia mi èu, dènge ana-èpu èu, sèna ka jꞌajꞌi pusaka ra, toke dꞌai mia-mia.",sebab seluruh tanah yang kaulihat itu akan Aku berikan kepadamu dan kepada keturunanmu untuk selamanya.
amrafel,2,"Tèu èèna, dhèu aae èpa dhu paꞌèci. Rèngu se ka: Amrafel, dhèu aae rai Sinear. Ariok, dhèu aae rai Elasar, Kedarlaomer, dhèu aae rai Elam. Dènge Tideal, dhèu aae rai Goyim.","Pada masa Amrafel, raja Sinear; Ariokh, raja Elasar; Kedorlaomer, raja Elam; dan Tideal, raja Goyim;"
ariokh,2,"Tèu èèna, dhèu aae èpa dhu paꞌèci. Rèngu se ka: Amrafel, dhèu aae rai Sinear. Ariok, dhèu aae rai Elasar, Kedarlaomer, dhèu aae rai Elam. Dènge Tideal, dhèu aae rai Goyim.","Pada masa Amrafel, raja Sinear; Ariokh, raja Elasar; Kedorlaomer, raja Elam; dan Tideal, raja Goyim;"
elasar,2,"Tèu èèna, dhèu aae èpa dhu paꞌèci. Rèngu se ka: Amrafel, dhèu aae rai Sinear. Ariok, dhèu aae rai Elasar, Kedarlaomer, dhèu aae rai Elam. Dènge Tideal, dhèu aae rai Goyim.","Pada masa Amrafel, raja Sinear; Ariokh, raja Elasar; Kedorlaomer, raja Elam; dan Tideal, raja Goyim;"
tideal,2,"Tèu èèna, dhèu aae èpa dhu paꞌèci. Rèngu se ka: Amrafel, dhèu aae rai Sinear. Ariok, dhèu aae rai Elasar, Kedarlaomer, dhèu aae rai Elam. Dènge Tideal, dhèu aae rai Goyim.","Pada masa Amrafel, raja Sinear; Ariokh, raja Elasar; Kedorlaomer, raja Elam; dan Tideal, raja Goyim;"
goyim,2,"Tèu èèna, dhèu aae èpa dhu paꞌèci. Rèngu se ka: Amrafel, dhèu aae rai Sinear. Ariok, dhèu aae rai Elasar, Kedarlaomer, dhèu aae rai Elam. Dènge Tideal, dhèu aae rai Goyim.","Pada masa Amrafel, raja Sinear; Ariokh, raja Elasar; Kedorlaomer, raja Elam; dan Tideal, raja Goyim;"
refaim,2,"Ka maso tèu ka canguru èpa, Kedarlaomer dènge angalai na dhèu aae dhèu tèlu sera, mai dènge sordadꞌu ra. Hèia ra pamusu ka, ka ra segi pèri-pèri rai. Nuka: dhèu Refaim ètu rai Asterot-Karnaim; dhèu Susim ètu rai Ham; dhèu Emim ètu rai Sawe-Kiryataim,","Pada tahun keempat belas, datanglah Kedorlaomer bersama raja-raja yang menyertainya dan mengalahkan orang Refaim di Asyterot-Karnaim, orang Zuzim di Ham, orang Emim di Syawe-Kiryataim,"
eskol,2,"Te ngaa dhèu èci rai nèti era èèna. Ka laꞌe lolo dènge Abram, dhèu Ibrani èèna. (Lodꞌo èèna, dhèu Amori èci, ngara na Mamre. Aa Abram pea dètu dènge ajꞌu-ajꞌu aae unu Mamre. Aꞌari Mamre dhèu dua, ngara na Eskol dènge Aner. Rèngu se dhu paꞌanga dènge Abram.)","Kemudian, seseorang yang berhasil melarikan diri datang dan menceritakannya kepada Abram, orang Ibrani itu, yang tinggal di antara pohon-pohon tarbantin milik Mamre, orang Amori, saudara Eskol dan saudara Aner, dan mereka itu bersekutu dengan Abram."
aner,2,"Te ngaa dhèu èci rai nèti era èèna. Ka laꞌe lolo dènge Abram, dhèu Ibrani èèna. (Lodꞌo èèna, dhèu Amori èci, ngara na Mamre. Aa Abram pea dètu dènge ajꞌu-ajꞌu aae unu Mamre. Aꞌari Mamre dhèu dua, ngara na Eskol dènge Aner. Rèngu se dhu paꞌanga dènge Abram.)","Kemudian, seseorang yang berhasil melarikan diri datang dan menceritakannya kepada Abram, orang Ibrani itu, yang tinggal di antara pohon-pohon tarbantin milik Mamre, orang Amori, saudara Eskol dan saudara Aner, dan mereka itu bersekutu dengan Abram."
warismu,2,"Te ngaa LAMATUA dhaa na, “Jꞌara na sèmi boe èèna! Ana dꞌèlu èu ku, dhu unu pusaka sèra. Ènu èu abhu boe.”","Namun, lihatlah, firman TUHAN datang kepadanya, kata-Nya, “Orang itu tidak akan menjadi ahli warismu, melainkan dia yang keluar dari tubuhmu sendirilah yang akan menjadi ahli warismu.”"
membelah,2,"Ka Abram laꞌe nare badha sèra. Hèia na kacèbꞌe bagi mi dua, sapi, kahibꞌi, dènge kahibꞌi-kalèbho sèra. Ka na pale sisi se mi rai, dhu èci patangara dènge èci, jꞌajꞌi mi dua bꞌaris. Te ngaa na kacèbꞌe boe manu-bhui sèra.","Kemudian, Abram mengambil semua itu untuk-Nya, dan membelahnya menjadi dua, dan meletakkan belahan-belahan itu berhadapan satu sama lain. Namun, dia tidak membelah burung-burung itu."
bersetubuhlah,2,"Tèu èèna, Abram lèpa hari le nèti Masir, ka na pea le canguru tèu ètu Kanaꞌan. Dhèu èmu na Sarai abhu mèka kolo. Sarai dènge ènu bhèni ca dhèu nèti Masir, ngara na Hagar. Ca lodꞌo, Sarai peka dènge Abram, aku nèngu na, “Aꞌa. LAMATUA hia boe jaꞌa ana. De hua iia, lamu jꞌunu dènge ènu jaꞌa, Hagar, sèna ka na hia jaꞌa ana.” Ka Abram madhutu lii dhèu èmu na. Ka Sarai hia Hagar jꞌajꞌi dhèu èmu ka dua Abram.","Pada saat itu, Sarai, istri Abram, tidak mempunyai anak. Sarai mempunyai hamba perempuan dari Mesir bernama Hagar. Lalu, Sarai berkata kepada Abram, “Lihatlah, TUHAN mencegahku melahirkan anak. Karena itu, aku mohon kepadamu, bersetubuhlah dengan hambaku, mungkin aku dapat memiliki anak melaluinya.” Abram pun mendengarkan suara Sarai. Jadi, setelah sepuluh tahun lamanya Abram tinggal di tanah Kanaan, Sarai, istri Abram mengambil Hagar, hambanya, orang Mesir itu, dan memberikannya kepada Abram, suaminya, untuk menjadi istrinya."
dinamakan,2,"Nèti èèna ka, dhèu pangare madha èi na, Beer Lahai Roi, dhu sasoa na “Madha èi nèti Nèngu dhu mamuri, dhu ladhe-leru jaꞌa.” Era na, ètu talora aae nèti rae Kades dènge rae Beret. Madha èi ne, abhu era toke dꞌai sange neꞌe.","Itulah sebabnya, mata air itu dinamakan sumur Lahai-Roi, yang terletak di antara Kadesh dan Bered."
tinggali,2,"Rai Kanaꞌan ne aaꞌi-aaꞌi, bèli-camèdꞌa Jaꞌa hia mi èu dènge ana-èpu èu. Neꞌe ne, èu dhoka pea manubha di ètu neꞌe. Te ngaa èèna na, jꞌajꞌi mi unu ana-èpu èu toke taa-taa. Aa Jaꞌa jꞌajꞌi Ama Lamatua rèngu sèra kahèi.","Aku akan memberikan kepadamu dan kepada keturunan-keturunan sesudahmu, negeri yang kamu tinggali sementara ini, yaitu seluruh tanah Kanaan, sebagai milikmu selama-lamanya, dan Aku akan menjadi Allah mereka.”"
dibeli,2,"Neꞌe ne, mone aaꞌi-aaꞌi hudꞌi suna, mulai nèti umur aru lodꞌo. Aꞌari èu, dhèu-dhèu sabꞌa èu, dènge ènu dhu èu hèli more nèti rai leo, aaꞌi-aaꞌi ra hudꞌi suna si. Suna na jꞌajꞌi tadha mi ngiꞌu miu, dhu paꞌèki èdhi taa-taa.","Kamu harus memotong kulit khitanmu, dan itu akan menjadi tanda perjanjian antara Aku dan kamu. Setiap bayi laki-laki yang berumur 8 hari dalam keturunanmu juga harus disunat, baik yang lahir di rumahmu ataupun yang kamu beli dari orang asing, yaitu mereka yang tidak termasuk dalam keturunanmu. Jadi, baik yang lahir di rumahmu maupun yang dibeli dengan uangmu, mereka harus disunat. Dengan begitu, perjanjian-Ku ada dalam dagingmu sebagai perjanjian yang kekal."
depannya,2,"Ropa Abraham boti kètu na, ladhe nèdhi dhèu tèlu dhu titu kajꞌèu boe nèti era èèna. Hèia na rai laꞌe soru nare si. Ropa na dꞌai madha si, na patitu kètu urutuu na,","Abraham mengarahkan matanya dan melihat, tampak ada tiga orang yang berdiri di depannya. Ketika dia melihat mereka, dia berlari dari pintu tendanya untuk menyambut mereka, lalu dia membungkukkan dirinya ke tanah,"
membungkukkan,2,"Ropa Abraham boti kètu na, ladhe nèdhi dhèu tèlu dhu titu kajꞌèu boe nèti era èèna. Hèia na rai laꞌe soru nare si. Ropa na dꞌai madha si, na patitu kètu urutuu na,","Abraham mengarahkan matanya dan melihat, tampak ada tiga orang yang berdiri di depannya. Ketika dia melihat mereka, dia berlari dari pintu tendanya untuk menyambut mereka, lalu dia membungkukkan dirinya ke tanah,"
kaukatakan,2,"Pe jaꞌa laku lalau ngangaꞌa-nginu ho ama si miꞌa ciki, sèna ka ako kadhii ciki, heka lami taruu kèna. Te jaꞌa karejꞌe bisa lalau ama si.” Ka ra dhaa, aku rèngu na, “Ooo. Jiꞌi dhuli.”","Aku akan mengambil sepotong roti dan akan menyegarkan hatimu. Setelah itu, Tuan-tuan dapat berlalu sebab Tuan-tuan telah singgah kepada hambamu ini.” Mereka berkata, “Jadi, lakukanlah seperti yang telah kaukatakan itu.”"
sebutkan,2,"Ka na dhaa, peka na, “Oo! Lami ka! Te èèna na, jaꞌa palaho boe rae nèi.","Malaikat itu berkata kepada Lot, “Baiklah, aku juga akan mengabulkan permintaanmu ini dan tidak akan membinasakan kota yang kamu sebutkan itu."
menunggangbalikkan,2,"LAMATUA pakèpu-ladhu ai kota dènge rae aaꞌi-aaꞌi ètu dꞌara rai èèna, dènge ngaa-ngaa dhu mamuri ètu èèna, nuka: dhèu, badha-manu, dènge ana aajꞌu.","Dia menunggangbalikkan kota-kota itu, seluruh lembah, seluruh penduduk, dan membinasakan kedua kota itu dan seluruh wilayahnya, termasuk semua penduduk, dan apa pun yang tumbuh di atas tanah."
maksudmu,2,"Ngangee èu tasamia ka, mu tao sèmi neꞌe ne?”","Lalu, Abimelekh berkata lagi kepada Abraham, “Apa maksudmu sehingga kamu melakukan hal ini?”"
disapih,2,"Isak kapai ka noo-noo. Ropa oe dꞌai lodꞌo luri susu, Abraham tao tatao aae.",Anak itu bertambah besar dan mulai disapih. Abraham mengadakan suatu pesta besar pada hari Ishak disapih.
pemanah,2,"Ka Ismael dènge ina na Hagar pea dènge ka ètu dꞌara mamoo Paran. Ismael asa na kapai, aa neꞌa mèu kataki. Ka ina na paleo ne dènge ana bhèni Masir ca dhèu. Seꞌe se jꞌajꞌi, lula Ama Lamatua bera-bera dènge Ismael.",Allah menyertai anak itu dan dia bertambah besar. Ismael hidup di padang belantara dan menjadi pemanah. Dia tinggal di padang belantara Paran dan ibunya mengambilkan istri dari tanah Mesir baginya.
pisau,2,"Ka Abraham nare kadhèna dhu neo tunu korban, ka na tao mi kabela-kao Isak. Aa nèngu nèdꞌu tudꞌi, dènge suu ai. Ropa dua ra palere lasi,","Abraham mengambil kayu untuk kurban bakaran itu dan meletakkannya di bahu Ishak, anaknya, sedangkan dia membawa api dan pisau di tangannya. Keduanya pergi bersama-sama."
tunggalmu,2,"Ka na peka hari, na, “Baku pamadhe ana èèna! Baku tao ngaa-ngaa mi nèngu. Jaꞌa keꞌa le, èu ne tareꞌa-reꞌa madhutu dadꞌèi Lamatua. Lula èu dènge dꞌara kateme hia ana èu ca dhèu mesa èèna, sèna ka jꞌajꞌi mi korban hia Ne.”","Malaikat TUHAN berkata, “Jangan ulurkan tanganmu ke atas anak itu, jangan lakukan apa pun terhadapnya, sebab sekarang Aku tahu bahwa kamu takut akan Allah dan kamu tidak menahan anakmu, anak tunggalmu itu, dari-Ku.”"
menduduki,2,"bèli-camèdꞌa, Jaꞌa pala-bagi èu dènge ana-èpu èu mèngi-nale ae-ae. Èèna na, ra bèba-kacanga, toke dhèu ige rare boe, sèmi hua-hètu ètu dedha-liru, aa salae ètu sebhe dhasi. Ana-èpu èu sèra, èèna na, segi aaꞌi musu rèngu sèra.","Aku sungguh-sungguh akan memberkatimu dan akan melipatgandakan keturunanmu sebanyak bintang di langit dan sebanyak pasir di pantai. Keturunanmu akan menduduki setiap gerbang musuh-musuh mereka,"
berlututlah,2,Ka Abraham pacudꞌu kètu hari mi dhèu Het se.,"Lalu, berlututlah Abraham di hadapan penduduk tanah itu."
pahaku,2,"Abraham dhu dènge dhèu èci dhu na lèka ho ladhe-leru mèdha-panyau na. Ca lodꞌo, Abraham paroa nare, ka peka dènge ne, aku nèngu na, “Mu pasa dhilu èu paie-iie! Jaꞌa manèngi sèna ka èu subha madhe dènge kolongara LAMATUA. Nèngu ka, Ama Lamatua dhu tao dedha-liru dènge rai-haha ne. Dhu peka na, èu bisa boe more ana bhèni nèti dhèu Kanaꞌan, ho paleo dènge ana jaꞌa Isak.","Abraham berkata kepada hambanya yang tertua dalam rumahnya, yaitu hambanya yang bertanggung jawab atas seluruh harta miliknya, “Letakkanlah tanganmu di bawah pangkal pahaku. Aku mau supaya kamu bersumpah demi TUHAN, yaitu Allah langit dan Allah bumi, bahwa kamu tidak akan mengambil istri bagi anakku dari anak-anak perempuan Kanaan yang di tengah-tengahnya aku berdiam ini."
kaubawa,2,"Hèia, aku Abraham na, “Èu nanene paie! Masi ka tasamia èèna ka, mage èu mèti ana jaꞌa ne, asa nèi kahèi!","Namun, Abraham berkata kepadanya, “Awas! Jangan kaubawa anakku kembali ke sana."
lahirkan,2,"Hèia na dhaa, “Ngara ama ku, na Betuel. Aa ngara baki ku, Nahor. Dènge ngara bèi ku, Milka.","Ribka menjawabnya, “Aku adalah anak Betuel, anak Milka, yang telah dia lahirkan bagi Nahor.”"
dikenakan,2,"Ana mone Ribka, ngara na Laban. Ropa Laban ladhe nèdhi mèdha hualaa se, aa na tadèngi lii lolo ana hèni na, ka rai asa liꞌu laꞌe. Laꞌe soru dhèu sabꞌa Abraham dhu titu era dènge onta ra ètu madha èi.","Ribka mempunyai seorang saudara laki-laki bernama Laban, dan Laban berlari keluar untuk menemui hamba Abraham itu di dekat mata air. Hal itu dilakukannya segera setelah dia melihat anting-anting dan gelang yang dikenakan pada tangan adiknya, serta mendengar perkataan Ribka: “Begitulah yang dikatakan orang itu kepadaku.” Laban menemui hamba Abraham itu dan mendapatinya berdiri di sebelah unta-untanya di dekat mata air."
pelana,2,"Hèia dhèu sabꞌa Abraham ne, madhutu dènge ka Laban, lasi èmu Betuel. Ka Laban si papuru mèdha-panyau nèti dedha onta se. Èle èèna ka, ra pangaꞌa onta se. Rèti èi, hia dhèu sabꞌa dènge anga na se, ho rase haga.","Lalu, orang itu masuk ke dalam rumah dan melepaskan pelana unta-unta itu, dan dia memberikan jerami maupun makanan untuk unta-unta itu. Ada juga air untuk membasuh kakinya dan kaki orang-orang yang menyertainya."
sumpahku,2,"Te ngaa ladhe aꞌari jaꞌa seꞌe roꞌo boe ana bhèni na mai asa neꞌe, lii subha na lèke boe mi dedha èu ne.’","Setelah itu, kamu akan bebas dari sumpahku, ketika kamu datang kepada keluargaku. Karena itu, jika mereka tidak bersedia menyerahkan anak perempuannya kepadamu, kamu tetap dibebaskan dari sumpahku.’"
yoksan,2,"Hèia Ketura matana ana hia ne. Ana se, ngara ra: Simran, Yoksan, Medan, Midian, Isbak, dènge Sua.","Ketura melahirkan Zimran, Yoksan, Medan, Midian, Isybak, dan Suah bagi Abraham."
terakhirnya,2,"Lodꞌo umur Abraham dꞌai 175 (ca ngasu pidhu nguru lèmi) tèu, na madhe.","Inilah seluruh tahun kehidupan Abraham yang telah dijalaninya, yaitu 175 tahun. Abraham mengembuskan napas terakhirnya dan mati pada usia yang sangat tua, genap tahun-tahunnya, dan dia dikumpulkan bersama nenek moyangnya."
kembar,2,"Ropa lodꞌo dꞌai, Ribka nara iisi ana mone dhèu dua.","Ketika tiba waktunya untuk melahirkan, ternyata memang ada anak kembar dalam rahimnya."
tumit,2,"Èle èèna ka, ari na heka kalua kèna. Te ngaa dhu na kèpe hui tèdhu aꞌa na. Nèti èèna ka, ra pangare ne, Yakob (dhu sasoa na ‘hui tèdhu’). Lodꞌo Ribka nara iisi ana na se, umur Isak 60 (èna nguru tèu) kèna.","Setelah itu, lahirlah saudaranya dengan tangannya yang sedang memegang tumit Esau. Jadi, dia dinamai Yakub. Ishak berumur 60 tahun ketika Ribka melahirkan mereka."
menyayangi,2,"Isak dꞌèi naꞌa sisi badha hui. Nèti èèna ka, na sue risi Esau. Te ngaa Ribka sue risi Yakob.","Ishak menyayangi Esau karena dia suka makan hasil buruan Esau. Namun, Ribka menyayangi Yakub."
rebusan,2,"Ca lodꞌo, Yakob dhu tao bubur kabꞌui, aa Esau heka lèpa nèti kasiro badha hui kèna. Na lèpa dènge manganga, ka roe titu kèna.","Pada suatu hari, ketika Yakub sedang memasak suatu rebusan, datanglah Esau dari padang dan dia kelelahan."
kacang,2,"Hèia Yakob sodꞌe dènge ka hia ne bubur kabꞌui deo na dènge roti. Ropa naꞌa-ninu nare, ka laꞌe dènge ka. Dènge jꞌara neꞌe ka, Esau pusi boe dènge hak aꞌa na.","Kemudian, Yakub memberikan roti dan rebusan kacang merah itu kepada Esau. Esau memakannya dan minum, lalu pergi. Demikianlah Esau meremehkan hak kesulungannya."
pikirnya,2,"Ribka ne, bhèni iia titu kèna. Ka ropa dhèu ètu Gerar ladhe rèdhi ne, ra pakarèi. Te ngaa Isak peka na, “Ribka ne, ana hèni jaꞌa.” Na madhaꞌu, ladhe na peka na dhèu èmu nèngu, dhèu se pamadhe ne, aa Ribka parame rare.","Ketika orang-orang di tempat itu bertanya kepada Ishak tentang istrinya, dia berkata, “Dia adalah adikku.” Dia takut untuk berkata, “Dia adalah istriku,” karena pikirnya, “orang-orang di tempat ini akan membunuhku karena Ribka sebab dia cantik.”"
rakyatku,2,"Ka dhèu aae dhaa, peka na, “Sèmi dhèu ètu seꞌe jꞌunu dènge dhèu èmu èu, tatu èu pasala jiꞌi! Tasamia ka, èu adꞌu jꞌara neꞌe mi dedha jiꞌi se?”","Abimelekh berkata, “Apa yang telah kaulakukan terhadap kami? Mudah sekali bagi salah seorang rakyatku ini berbaring dengan istrimu sehingga kamu mendatangkan sebuah kesalahan atas kami.”"
digali,2,"Uru èèna, Abraham, ama Isak, dhu kèi èi ae-ae. Te ngaa limuri ne, dhèu Pilistin dhènu eele aaꞌi si dènge rai.","Karena itu, semua sumur yang digali oleh hamba-hamba ayahnya, ketika ayahnya, Abraham, masih hidup, ditutup dan ditimbun dengan tanah oleh orang-orang Filistin."
rehobot,2,"Èle èèna ka, Isak tèke eele era èèna, laꞌe kèi hari èi èci. Dꞌai neꞌe ne, ra patao-palaha heka. Ka Isak pangare madha èi ne Rehobot, dhu sasoa na ‘era taleo’. Hèia na peka, aku nèngu na, “Limuri ne, Lamatua hia le èdhi pea ètu era taleo. Ho ètu era neꞌe ne, èdhi asa bèba-kacanga.”","Ishak pindah dari sana dan menggali sumur yang lain. Di sana tidak ada pertengkaran lagi sehingga Ishak menamakan tempat itu Rehobot. Dia berkata, “Sekarang, TUHAN telah memberikan keleluasaan kepada kita sehingga kita dapat beranak cucu di tanah ini.”"
rabun,2,"Ropa Isak manahu asa dꞌara heka, nèdhi heka ngaa-ngaa, lula musi madha na ahu le. Ka na paroa ana uuru èèna, dhu na sue risi èèna, peka na, “Esau. Mai ku sa neꞌe!” Hèia Esau dhaa, aku nèngu na, “Tasamia, ama?”","Ketika Ishak sudah tua dan matanya menjadi rabun sehingga dia tidak dapat melihat dengan jelas, dia memanggil Esau, anak sulungnya, dan berkata, “Anakku!” Esau menjawab, “Ya, Ayah.”"
olahlah,2,"Mu pananasu pabeꞌa-beꞌa, madhutu dadꞌèi jaꞌa, ho mèti mai hia jaꞌa. Ladhe kuꞌa-kinu kora, jaꞌa hia mema èu mèngi-nale. Sadꞌi èu unu le mèngi-nale èèna, jaꞌa madhe èèna ka, ngaa-ngaa tao heka.”","Lalu, olahlah makanan lezat bagiku, seperti yang aku suka, dan bawalah kemari untuk kumakan supaya aku dapat memberkatimu sebelum aku mati.”"
dimakannya,2,"Ladhe panasu kore, mèti hia ama mu naꞌa. Ho èle na, na hia èu mèngi-nale, heka na madhe kèna. Dènge sèmi neꞌe ka, èu ka dhu abhu mèngi-nale èèna. Aꞌa mu abhu boe.”","Lalu, kamu harus membawanya kepada ayahmu supaya dimakannya sehingga dia dapat memberkatimu sebelum kematiannya.”"
dianggapnya,2,"Mage dhoka ama ku gꞌagꞌe isi jaꞌa, ladhe na neꞌa na jaꞌa dhu leko-monya na. Hèia na dhoo jaꞌa!”","Mungkin ayahku akan merabaku dan aku akan dianggapnya sebagai penipu sehingga aku malah akan mendatangkan kutuk atas diriku, bukannya berkat.”"
sulungmu,2,"Ka Yakob dhaa, peka na, “Jaꞌa, Esau ana mone uuru ama ku! Jaꞌa sabꞌe le, madhutu sèmi dhu ama pua deo na. Kèdꞌi, ho muꞌa-minu ka. Lula jaꞌa pananasu kore le sisi badha hui dhu jaꞌa kèti nèti dꞌara jꞌami. Muꞌa, ho èle na, ama pala-bagi jaꞌa mèngi-nale.”","Yakub berkata kepada ayahnya, “Aku Esau, anak sulungmu. Aku telah melaksanakan apa yang Ayah katakan kepadaku. Sekarang, duduklah dan makanlah hasil buruanku ini supaya engkau dapat memberkatiku.”"
embun,2,"Hudꞌi laa Ama Lamatua patiri èi paringi nèti dedha-liru, sèna ka oka-tedhe èu jꞌajꞌi mi rai hèu mèngi. Hudꞌi laa Na hia èu are dhu udhu sobhu-sobhu, dènge hua anggor dhu pènu ako-pènu èru.","Kiranya Allah memberikan kepadamu embun dari langit, tanah yang gemuk, gandum, dan anggur baru yang berlimpah-limpah."
dibawanya,2,"Hèia laꞌe pananasu, ka sodꞌe nèti hia ama na. Ka na parèi ama na, aku nèngu na, “Ama, kèdꞌi muꞌa. Jaꞌa lalau kore le sisi badha dhu jaꞌa kataki kore. Muꞌa more ku, pe hia jaꞌa berkat.”","Kemudian, Esau juga mengolah makanan lezat dan dibawanya itu kepada ayahnya. Dia berkata kepada ayahnya, “Ayahku, bangun dan makanlah hasil buruan anakmu ini supaya engkau memberkati aku.”"
memerintahkannya,2,"Hèia Isak paroa nare Yakob, ka hia ne mèngi-nale aa holo ne, peka na, “Sanèdꞌe paie! Èu mage leo ka dènge ana bhèni Kanaꞌan hèi.","Kemudian, Ishak memanggil Yakub, memberkatinya, dan memerintahkannya, “Kamu tidak boleh mengambil istri dari antara anak perempuan Kanaan."
mahalat,2,"Hèia na laꞌe asa ama aae na Ismael, ka leo hari èmu dènge ana bhèni Ismael ca dhèu, ngara na Mahalat. Mahalat ne, ana mone na ka Nebayot.","Karena itu, pergilah Esau kepada Ismael dan mengambil Mahalat sebagai istrinya di samping istri-istrinya yang lain. Mahalat adalah adik perempuan Nebayot, anak Ismael, anak Abraham."
kudirikan,2,"Hadhu dhu jaꞌa patitu ne, jꞌajꞌi mi era sogo-tagu mi Ama Lamatua. Aa aaꞌi-aaꞌi dhu Lamatua pala-bagi mi jaꞌa, jaꞌa hia Na ca pala nèti canguru pala.”","Batu ini, yang kudirikan sebagai tugu, akan menjadi rumah Allah dan segala sesuatu yang Engkau berikan kepadaku, aku akan memberikan sepersepuluhnya kepada-Mu.”"
penampilannya,2,"Lea ne, musi madha na ako ahu. Te ngaa Rahel, rèhu na bhèni iia, aa ngiꞌu na saraga bia.","Mata Lea sayu, sedangkan Rahel itu cantik penampilannya dan wajahnya."
termuda,2,"Ropa dꞌai mèda èèna, Laban hia boe Rahel, te ngaa na pua Lea maso asa dꞌara paleo Yakob. Ka Yakob jꞌunu dènge ne. Asa bèli èèna, Yakob heka neꞌa kèna, nèngu dhu leo dènge Lea di. Hèia Yakob laꞌe patao dènge Laban, aku nèngu na, “Nga tao ka, toꞌo pasèru jaꞌa sèmi neꞌe? Jaꞌa sabꞌa sèmi ènu pidhu tèu kateme hia mi èu, sèna ka bisa abhu Rahel! Nga tao ka toꞌo pasilu dènge Lea?” Ka Laban dhaa, “Baku nasa ku! Madhutu adꞌa jiꞌi ètu rai neꞌe, ari bisa boe leo uuru èmu nèti aꞌa. De beꞌa risi sèmi neꞌe! Èu mate hari ku pidhu lodꞌo, dꞌai èle tatao ne, heka èu abhu Rahel kèna. Sadꞌi èu sabꞌa hari hia jaꞌa pidhu tèu.” Hèia Laban pangèdꞌu dènge ènu bhèni èci, hia mi Lea. Ngara na Silpa.","Malam itu, Laban mengambil anak perempuannya, Lea, dan membawanya kepada Yakub. Lalu, Yakub bersetubuh dengannya. Laban juga memberikan hamba perempuannya, Zilpa, kepada anaknya, Lea, untuk menjadi hamba anaknya itu. Keesokan paginya, lihatlah, itu adalah Lea! Karena itu, Yakub berkata kepada Laban, “Apa yang engkau lakukan terhadapku? Bukankah aku bekerja untukmu demi Rahel? Lalu, mengapa engkau menipuku?” Laban menjawab, “Bukan kebiasaan di negeri kami untuk memberikan yang termuda sebelum yang sulung. Genapilah dahulu 7 hari baginya, lalu kami akan memberikan dia juga kepadamu asalkan kamu kembali bekerja untukku selama tujuh tahun lagi.”"
dicintai,2,"Te ngaa LAMATUA neꞌa le, Yakob sue risi Rahel nèti Lea. Nèti èèna ka, Na hia Lea nara iisi ana. Te ngaa Rahel abhu boe ana.","Ketika TUHAN melihat bahwa Lea tidak dicintai, Dia membuka kandungannya, sedangkan Rahel mandul."
kesusahanku,2,"Hèia Lea dènge babia, ka nara iisi ana mone ca dhèu. Na pangare ne, Ruben (dhu sasoa na ‘mèdhi si, abhu ana’), lula na peka na, “LAMATUA ladhe nèdhi le sasusa jaꞌa. Nèti èèna ka, limuri ne, dhèu èmu jaꞌa tao madha-dhilu mi jaꞌa.”","Lea mengandung dan melahirkan seorang anak laki-laki. Dia menamainya Ruben sebab katanya, “TUHAN telah melihat kesusahanku. Sebab itu, sekarang suamiku akan mencintaiku.”"
warna,2,"Te ngaa ètu dꞌara lodꞌo èèna kahèi, Laban hagꞌe dènge badha dhu katèdꞌa, dhu karata, dènge kahibꞌi-kalèbho dhu mèdhi. Ka na pangèdꞌu mi ana na si, ho ladhe-leru.","Namun, pada hari itu, dia memisahkan kambing-kambing jantan yang bergaris-garis dan bertutul, dan semua kambing betina yang berbintik-bintik dan bertutul, semua yang ada warna putih pada badannya. Dia juga memisahkan semua domba yang berwarna gelap, lalu Laban menyerahkannya ke tangan anak-anaknya."
badam,2,"Èla èèna ka, Yakob poro nare dadana aajꞌu nèti ajꞌu tèlu rupa. Ka na caci pakarata kaꞌuri ajꞌu sèra, tao strep-strep.","Kemudian, Yakub memotong ranting-ranting segar dari pohon hawar, pohon badam, dan pohon berangan, lalu dia mengupas belang-belang putihnya sehingga terlihatlah warna putih pada ranting-ranting itu."
menyusulnya,2,"Hèia Laban oru nare ka dhèu-dhèu na, lasi bate Yakob si. Dꞌai pidhu lodꞌo ku, heka ra paraga dènge si ètu ledhe Gilead.","Jadi, dia mengumpulkan saudara-saudaranya dan mengejar Yakub selama tujuh hari, sampai mereka dapat menyusulnya di pegunungan Gilead."
menggeledah,2,"Te ngaa Rahel dhu huni le mèdha sogo-tagu sèra ètu dꞌara lalaka onta. Ka na madhèdi ètu dedha. Dꞌai dꞌara paleo ne, Laban tenge paie-iie, te ngaa na rage boe.","Rahel telah mengambil terafim itu dan memasukannya ke dalam pelana unta, lalu dia duduk di atasnya. Laban menggeledah seluruh tenda, tetapi dia tidak menemukannya."
ditakuti,2,"Malo-malo ka, dènge Ama Lamatua, dhu baki ku Abraham, dènge ama ku Isak, dhu sogo-tagu Ne. Ladhe Na leru boe jaꞌa ne, ele boe toꞌo hia jaꞌa lèpa dènge ai hua daꞌu-daꞌu. Te ngaa Ama Lamatua dhu paꞌabhe boe musi madha Na mi jꞌajꞌèra jaꞌa, aa Na tao madha-dhilu mi sasabꞌa-laꞌa jaꞌa aaꞌi-aaꞌi. Nèti èèna ka, mèda deo na, Na mai kai toꞌo, sèna ka baku lii sakaa dènge jaꞌa.”","Seandainya Allah ayahku, yaitu Allah Abraham, Yang Ditakuti oleh Ishak, tidak menyertaiku, tentu engkau sudah membiarkanku pergi dengan tangan kosong. Allah telah memperhatikan kesusahan dan kerja keras tanganku sehingga Dia menegurmu tadi malam.”"
kawananku,2,"Ropa nanene nare lii padhai Yakob, ka Laban dhaa, aku nèngu na, “Sèmi neꞌe! Bhèni dua se, ana jaꞌa. Ana dhu ra matana se, aaꞌi-aaꞌi ra èpu jaꞌa. Badha-manu aaꞌi-aaꞌi se, unu jaꞌa. Aaꞌi-aaꞌi dhu èu ladhe mèdhi ètu seꞌe se, unu jaꞌa. Te ngaa jaꞌa neo tao si, tasamia? Jaꞌa bisa boe magee si.","Laban menjawab dan berkata kepada Yakub, “Anak-anak perempuan ini adalah anakku, anak-anak itu adalah cucuku, kawanan kambing domba itu adalah kawananku, dan segala yang kaulihat adalah milikku. Namun, apa yang dapat aku lakukan hari ini untuk anak-anak perempuanku atau untuk anak-anak yang telah mereka lahirkan?"
galed,2,"Hèia Laban pangare hadhu udhu sèra, Yegar Sahaduta. Te ngaa Yakob pangare na, Galeed.","Laban menamai tempat itu Yegar-Sahaduta. Namun, Yakub menamainya Galed."
menyerangku,2,"Jaꞌa mangingi, mage dhoka aꞌa jaꞌa Esau, mai pare pamadhe jiꞌi aaꞌi-aaꞌi mi. De jaꞌa manèngi sèna ka Ama Lamatua hia mamuri mi jaꞌa, dènge ana-dhèu èmu-kamali aaꞌi-aaꞌi mi.","Aku mohon, lepaskanlah aku dari tangan kakakku, dari tangan Esau, sebab aku takut terhadapnya. Jangan-jangan dia akan datang menyerangku dan para ibu dengan anak-anaknya."
mendahuluinya,2,"Nèti èèna ka, na hia uuru rèti badha se. Te ngaa mèda èèna, nèngu pea ètu èèna era.","Jadi, hadiah itu mendahuluinya sementara dia sendiri bermalam di perkemahan."
menyeberangkan,2,"Ropa ra dꞌai ca bèka loko, ka na hia aaꞌi mèdha-panyau na asa nèi.","Dia membawa mereka dan menyeberangkan mereka melintasi aliran sungai. Lalu, dia menyeberangkan semua miliknya."
pniel,2,"Ka Yakob padhai lii, aku nèngu na, “Jaꞌa kèdhi le Ama Lamatua madha dènge madha, te ngaa jaꞌa mamuri era.” Nèti èèna ka, Yakob pangare era èèna, Peniel, dhu sasoa na, ‘Rèhu Lamatua’.","Jadi, Yakub menamakan tempat itu Pniel, katanya, “Aku telah bertemu Allah, muka dengan muka, tetapi nyawaku diselamatkan.”"
langkah,2,"De beꞌa risi, aꞌa ku si kako uuru. Pe jiꞌi kako mau-mau dhiu. Ladhe èèna na, jaꞌa dhiu ngadꞌo aꞌa ku ètu Seir.”","Jadi, silakan tuanku mendahului hambamu ini. Aku akan menyusul pelan-pelan mengikuti langkah ternak di depanku, dan mengikuti langkah anak-anak hingga aku tiba kepada tuanku di Seir.”"
sukot,2,"Te ngaa nèti era èèna, Yakob laꞌe asa Sukot. Dꞌai nèi, na tao èmu dènge oka hia badha aaꞌi-aaꞌi ra. Nèti èèna ka, era èèna ra pangare na Sukot (dhu sasoa na ‘èmu pea taha’).","Sementara itu, Yakub berangkat ke Sukot dan mendirikan rumah bagi dirinya dan membuat pondok-pondok dari daun bagi ternaknya. Itulah sebabnya, tempat itu dinamakan Sukot."
terpaut,2,"Sikem dꞌèi madhe-madhe Dina ne. Ka na solo mako, sèna ka Dina noꞌo dènge ne.","Namun, jiwanya terpaut kepada gadis itu, anak perempuan Yakub. Dia mencintai gadis itu dan berbicara dengan lembut kepadanya."
menodai,2,"Tatao Sikem ne, Yakob dhu tadèngi le, te ngaa na mau-mau, aa tao boe ngaa-ngaa. Te lodꞌo èèna, ana mone na sèra, ètu dꞌara padꞌa madhenge badha rèngu. Ka na mate si mai ku.","Yakub mendengar bahwa dia telah menodai Dina, anak perempuannya. Namun, anak-anak laki-lakinya sedang bersama ternak di padang sehingga Yakub tetap diam sampai mereka pulang."
aib,2,"Ètu talora dua ra padhue-padhai era, ana-ana Yakob lèpa nèti dꞌara padꞌa. Ropa ra tadèngi Sikem dhu tao pakarehe le ana hèni ra, ka dꞌara ra pèdꞌa, ka ra nasa bia. Ka ra peka, “Madha jꞌara dhu sèmi neꞌe ne, lèke boe ètu Israꞌel. De jiꞌi se sèmi boe dhèu tao bhelu-katubꞌa sèmi èèna.”",Anak-anak Yakub baru kembali dari padang ketika mendengar tentang hal ini sehingga orang-orang itu merasa sakit hati dan sangat terbakar kemarahannya karena Sikhem telah berbuat aib di antara orang Israel dengan meniduri anak perempuan Yakub. Hal itu tidak pantas untuk dilakukan.
omar,2,"Ada, dhèu èmu Esau, nara iisi ana mone ca dhèu, ngara na Elifas. Elifas ne, ana mone na, dhèu lèmi, nuka: Teman, Omar, Sefo, Gatam dènge Kenas. Dhèu èmu piara Elifas, ngara na Timna. Nara iisi ana mone ca dhèu, ngara na Amalek. Dhèu èmu Esau, Basmat, nara iisi ana mone ca dhèu, ngara na Rehuel. Rehuel abhu ana mone dhèu èpa, nuka: Nahat, Sera, Syama, dènge Misa.","Inilah nama-nama keturunan Esau: Elifas, anak Ada, istri Esau; Rehuel, anak Basmat, istri Esau. Keturunan Elifas adalah Teman, Omar, Zefo, Gaetam, dan Kenas. Timna adalah gundik Elifas, anak Esau, dan dia melahirkan Amalek bagi Elifas. Itulah keturunan Ada, istri Esau. Inilah keturunan Rehuel: Nahat, Zerah, Syama, dan Miza. Itulah keturunan Basmat, istri Esau."
zefo,2,"Ada, dhèu èmu Esau, nara iisi ana mone ca dhèu, ngara na Elifas. Elifas ne, ana mone na, dhèu lèmi, nuka: Teman, Omar, Sefo, Gatam dènge Kenas. Dhèu èmu piara Elifas, ngara na Timna. Nara iisi ana mone ca dhèu, ngara na Amalek. Dhèu èmu Esau, Basmat, nara iisi ana mone ca dhèu, ngara na Rehuel. Rehuel abhu ana mone dhèu èpa, nuka: Nahat, Sera, Syama, dènge Misa.","Inilah nama-nama keturunan Esau: Elifas, anak Ada, istri Esau; Rehuel, anak Basmat, istri Esau. Keturunan Elifas adalah Teman, Omar, Zefo, Gaetam, dan Kenas. Timna adalah gundik Elifas, anak Esau, dan dia melahirkan Amalek bagi Elifas. Itulah keturunan Ada, istri Esau. Inilah keturunan Rehuel: Nahat, Zerah, Syama, dan Miza. Itulah keturunan Basmat, istri Esau."
gaetam,2,"Ada, dhèu èmu Esau, nara iisi ana mone ca dhèu, ngara na Elifas. Elifas ne, ana mone na, dhèu lèmi, nuka: Teman, Omar, Sefo, Gatam dènge Kenas. Dhèu èmu piara Elifas, ngara na Timna. Nara iisi ana mone ca dhèu, ngara na Amalek. Dhèu èmu Esau, Basmat, nara iisi ana mone ca dhèu, ngara na Rehuel. Rehuel abhu ana mone dhèu èpa, nuka: Nahat, Sera, Syama, dènge Misa.","Inilah nama-nama keturunan Esau: Elifas, anak Ada, istri Esau; Rehuel, anak Basmat, istri Esau. Keturunan Elifas adalah Teman, Omar, Zefo, Gaetam, dan Kenas. Timna adalah gundik Elifas, anak Esau, dan dia melahirkan Amalek bagi Elifas. Itulah keturunan Ada, istri Esau. Inilah keturunan Rehuel: Nahat, Zerah, Syama, dan Miza. Itulah keturunan Basmat, istri Esau."
nahat,2,"Ada, dhèu èmu Esau, nara iisi ana mone ca dhèu, ngara na Elifas. Elifas ne, ana mone na, dhèu lèmi, nuka: Teman, Omar, Sefo, Gatam dènge Kenas. Dhèu èmu piara Elifas, ngara na Timna. Nara iisi ana mone ca dhèu, ngara na Amalek. Dhèu èmu Esau, Basmat, nara iisi ana mone ca dhèu, ngara na Rehuel. Rehuel abhu ana mone dhèu èpa, nuka: Nahat, Sera, Syama, dènge Misa.","Inilah nama-nama keturunan Esau: Elifas, anak Ada, istri Esau; Rehuel, anak Basmat, istri Esau. Keturunan Elifas adalah Teman, Omar, Zefo, Gaetam, dan Kenas. Timna adalah gundik Elifas, anak Esau, dan dia melahirkan Amalek bagi Elifas. Itulah keturunan Ada, istri Esau. Inilah keturunan Rehuel: Nahat, Zerah, Syama, dan Miza. Itulah keturunan Basmat, istri Esau."
syama,2,"Ada, dhèu èmu Esau, nara iisi ana mone ca dhèu, ngara na Elifas. Elifas ne, ana mone na, dhèu lèmi, nuka: Teman, Omar, Sefo, Gatam dènge Kenas. Dhèu èmu piara Elifas, ngara na Timna. Nara iisi ana mone ca dhèu, ngara na Amalek. Dhèu èmu Esau, Basmat, nara iisi ana mone ca dhèu, ngara na Rehuel. Rehuel abhu ana mone dhèu èpa, nuka: Nahat, Sera, Syama, dènge Misa.","Inilah nama-nama keturunan Esau: Elifas, anak Ada, istri Esau; Rehuel, anak Basmat, istri Esau. Keturunan Elifas adalah Teman, Omar, Zefo, Gaetam, dan Kenas. Timna adalah gundik Elifas, anak Esau, dan dia melahirkan Amalek bagi Elifas. Itulah keturunan Ada, istri Esau. Inilah keturunan Rehuel: Nahat, Zerah, Syama, dan Miza. Itulah keturunan Basmat, istri Esau."
miza,2,"Ada, dhèu èmu Esau, nara iisi ana mone ca dhèu, ngara na Elifas. Elifas ne, ana mone na, dhèu lèmi, nuka: Teman, Omar, Sefo, Gatam dènge Kenas. Dhèu èmu piara Elifas, ngara na Timna. Nara iisi ana mone ca dhèu, ngara na Amalek. Dhèu èmu Esau, Basmat, nara iisi ana mone ca dhèu, ngara na Rehuel. Rehuel abhu ana mone dhèu èpa, nuka: Nahat, Sera, Syama, dènge Misa.","Inilah nama-nama keturunan Esau: Elifas, anak Ada, istri Esau; Rehuel, anak Basmat, istri Esau. Keturunan Elifas adalah Teman, Omar, Zefo, Gaetam, dan Kenas. Timna adalah gundik Elifas, anak Esau, dan dia melahirkan Amalek bagi Elifas. Itulah keturunan Ada, istri Esau. Inilah keturunan Rehuel: Nahat, Zerah, Syama, dan Miza. Itulah keturunan Basmat, istri Esau."
husyam,2,"Ropa Yobab madhe, ra dedꞌe Husam ho gati na, jꞌajꞌi dhèu aae. Husam ne, nèti rai dhèu Teman.","Setelah Yobab mati, yang memerintah sebagai penggantinya adalah Husyam dari tanah orang Teman."
samla,2,"Ropa Hadad madhe, ra dedꞌe Samla ho gati na, jꞌajꞌi dhèu aae. Nèngu ne, nèti rae Masreka.","Setelah Hadad mati, yang memerintah sebagai penggantinya adalah Samla dari Masreka."
akhbor,2,"Ropa Saul madhe, ra dedꞌe Baal-Hanan ho gati na, jꞌajꞌi dhèu aae. Ama na, ngara na Akbor.","Setelah Saul mati, yang memerintah sebagai penggantinya adalah Baal-Hanan, anak Akhbor."
berkasku,2,"Mèda ca lodꞌo ka Yusuf nii. Kèdꞌi nèti bhèjꞌi ka, na lolo dènge aꞌa na si lii nii deo na, aku nèngu na, “We! Mi nanene ku la! Jaꞌa nii, na èdhi aaꞌi-aaꞌi ti, èki are ètu dꞌara oka. Kabèdhi laa, are dhu jaꞌa èki titu dhoo-dhoo. Te ngaa are miu, oke mere are jaꞌa deo na, ka pacudꞌu mi unu jaꞌa.” Ra nanene rare sèmi èèna, hèia aꞌa na seꞌe tabha nasa hari dènge ne.","Pada suatu waktu, Yusuf mendapat suatu mimpi. Dia menceritakannya kepada saudara-saudaranya dan mereka pun semakin membencinya. Yusuf berkata kepada mereka, “Aku mohon, dengarlah, inilah mimpi yang kumimpikan itu. Kita tampak sedang mengikat berkas-berkas gandum di ladang. Begini, berkasku bangkit dan juga berdiri tegak. Lalu, tampaklah berkas-berkas gandum kalian mengelilingi dan menyembah berkasku.”"
dotan,2,"Hèia, dhèu deo na peka, aku nèngu na, “Ra aadꞌo heka ètu neꞌe. Te jaꞌa tadèngi, ra peka na lasi padètu dènge rae Dotan.” Hèia Yusuf laꞌe taruu, ka paraga dènge si ètu rae Dotan.","Orang itu berkata, “Mereka telah meninggalkan tempat ini sebab aku mendengar mereka berkata, ‘Mari kita pergi ke Dotan.’” Jadi, Yusuf menyusul saudara-saudaranya dan menemukan mereka di Dotan."
memangsanya,2,"De mai ho ti pamadhe ne. Ho èèna na, ti core eele ne asa dꞌara madha èi madhe èèna. Ladhe dꞌai èmu na, ti peka dènge ama peka na, badha hui raꞌe ne. Ho èèna na, ti ladhe sèku, lii nii na sèra sa mia!”","Sekarang, ayo kita bunuh dia dan melemparkannya ke salah satu sumur. Kita akan mengatakan bahwa binatang buas telah memangsanya. Setelah itu, kita akan lihat apa yang akan terjadi dengan mimpi-mimpinya itu.”"
balsam,2,"Èle èèna ka, ra lèpa, lasi raꞌa-rinu. Ètu talora raꞌa-rinu, kabèdhi la ra ladhe rèdhi dhèu canau mai re èèna. Dhèu sèra kako rèti dènge badha onta ra, hue dènge mèdha dꞌaga, sèmi raa ajꞌu hèu mèngi, bubhu-bubhu dènge èi naꞌi rupa-rupa. Dhèu sèra sa, dhèu Ismael, dhu mai nèti rae Gilead neo lasi kajꞌèu dꞌai Masir.","Setelah itu, mereka duduk untuk makan roti. Lalu, mereka mengarahkan matanya dan melihat, tampak serombongan orang Ismael yang datang dari Gilead dengan unta-untanya yang mengangkut rempah-rempah, balsam, dan mur untuk dibawa ke Mesir."
syua,2,"Ètu èèna, dhèu mone èci, dhèu Kanaꞌan, ngara na Sua. Yahuda dꞌèi ana bhèni na èci, ka nare jꞌajꞌi dhèu èmu na. Dhèu èmu Yahuda neꞌe nara iisi ana mone pagodꞌo-pagodꞌo dhèu pèri-pèri.","Di sana, Yehuda melihat anak perempuan dari seorang Kanaan yang bernama Syua. Lalu, Yehuda mengambilnya dan memperistrinya."
kejandaannya,2,"Lodꞌo èèna, ana limuri Yahuda, ngara na Sela, kapai le. Te ngaa Tamar neꞌa le, na, toꞌo na noꞌo boe paleo Sela dènge ne. Nèti èèna ka, Tamar tenge jꞌara neo katèju hak nèngu. Na bhoke eele mèdha-papake bhèni balu ètu ngiꞌu na, ka na silu mèdha-papake dhu beꞌa. Na pake salalu pahutu kètu dènge rèhu na. Ka laꞌe madhèdi ètu hèbꞌa tedhe sebhe jꞌara rae Enaim, dhu biasa dhèu kako re èèna lasi rae Timna.","Kemudian, Tamar menanggalkan pakaian kejandaannya dan menutupi dirinya dengan kerudung, menyelubungi dirinya, lalu duduk di pintu masuk Enaim, yang adalah jalan menuju Timna. Sebab, dia melihat bahwa Syela sudah dewasa, tetapi dirinya belum diberikan kepada Syela sebagai istri."
enaim,2,"Lodꞌo èèna, ana limuri Yahuda, ngara na Sela, kapai le. Te ngaa Tamar neꞌa le, na, toꞌo na noꞌo boe paleo Sela dènge ne. Nèti èèna ka, Tamar tenge jꞌara neo katèju hak nèngu. Na bhoke eele mèdha-papake bhèni balu ètu ngiꞌu na, ka na silu mèdha-papake dhu beꞌa. Na pake salalu pahutu kètu dènge rèhu na. Ka laꞌe madhèdi ètu hèbꞌa tedhe sebhe jꞌara rae Enaim, dhu biasa dhèu kako re èèna lasi rae Timna.","Kemudian, Tamar menanggalkan pakaian kejandaannya dan menutupi dirinya dengan kerudung, menyelubungi dirinya, lalu duduk di pintu masuk Enaim, yang adalah jalan menuju Timna. Sebab, dia melihat bahwa Syela sudah dewasa, tetapi dirinya belum diberikan kepada Syela sebagai istri."
dikurung,2,Hèia na paredha ka dhèu lasi kèpe Yusuf. Ka ra pamaso asa dꞌara bèdho dhèu aae.,"tuannya menangkap Yusuf dan memasukkannya ke rumah bundar, tempat para tahanan raja dikurung. Dia pun berada di sana, di dalam penjara."
memasukkanku,2,"Te jaꞌa ne, madhutu madha jꞌara na dhu mola, rèngu se rare jaꞌa dènge laka-seti, nèti rae dhèu Ibrani. Dꞌai era neꞌe, jaꞌa tao boe sasala ngaa èci sa. Te ngaa rèngu pamaso jaꞌa asa dꞌara bèdho neꞌe. Rèngu tao jaꞌa sèmi dhèu bhelu-katubꞌa sa.”","Sebab, sebenarnya aku telah diculik dari tanah orang Ibrani dan di sini pun aku tidak pernah melakukan sesuatu sehingga mereka harus memasukkanku ke dalam lubang ini.”"
merumput,2,"Kabèdhi laa, nèngu nèdhi sapi pidhu ngiꞌu dhu kabèbꞌu bia. Kaꞌuri ra kaleꞌe. Ra kalua nèti dꞌara loko, ka raꞌa jꞌuꞌu ètu sebhe loko èèna.","Lihatlah, dari sungai muncul tujuh ekor sapi betina yang kelihatan bagus dan tambun badannya. Mereka merumput di rumput rawa."
rawa,2,"Kabèdhi laa, nèngu nèdhi sapi pidhu ngiꞌu dhu kabèbꞌu bia. Kaꞌuri ra kaleꞌe. Ra kalua nèti dꞌara loko, ka raꞌa jꞌuꞌu ètu sebhe loko èèna.","Lihatlah, dari sungai muncul tujuh ekor sapi betina yang kelihatan bagus dan tambun badannya. Mereka merumput di rumput rawa."
tangkai,2,"Nèbhu boe ka, dhèu aae bhèjꞌi luu hari. Ka na nii hari ca tèka. Lii nii na sèmi neꞌe ka: nèngu ladhe nèdhi are pidhu huri dhu isi pènu, bhodho nèti laa are dhu subꞌu.","Setelah itu, Firaun tertidur dan bermimpi untuk kedua kalinya. Tampak tujuh bulir gandum yang bernas dan bagus muncul dari satu tangkai."
bekal,2,"Èle èèna ka, Yusuf paredha dhèu sabꞌa sèra, ho soli are asa dꞌara karo aꞌa na si. Aa tao hari doi kabꞌua are sèra, asa dꞌara karo ra èci-èci. Ra tèke ètu hèbꞌa karo sèra. Na pua dhèu sabꞌa seꞌe, ho hia si dènge gee. Ka dhèu sabꞌa seꞌe lalau ka, madhutu ngaa dhu Yusuf paredha.","Setelah itu, Yusuf memerintahkan untuk mengisi karung-karung mereka dengan gandum, mengembalikan uang masing-masing orang ke dalam karungnya, dan memberikan bekal untuk perjalanan kepada mereka. Dilaksanakanlah hal itu bagi mereka."
beruban,2,"Te ngaa Yakob dhaa hari, peka na, “Bisa boe! Miu bisa boe mèti Benyamin. Te aꞌa na Yusuf, madhe le. Neꞌe, di nèngu ka mesa na. Ladhe na abhu calaka ètu jꞌara, miu tabha babia mi jaꞌa, toke madhe kèti.”","Dia berkata, “Anakku tidak akan turut bersamamu sebab kakaknya sudah mati, dan tinggal dia sendiri. Jika kejahatan menimpanya di jalan yang kamu lewati, kamu akan menurunkan aku yang beruban ini dalam dukacita ke dunia orang mati.”"
belikan,2,"Isi èmu Yakob raꞌa aaꞌi le ngangaꞌa dhu ca hari na, ana na si lasi hèli ètu Masir. Ka na padhai lii dènge ana na si, “Beꞌa risi lami hari hèli ngangaꞌa asa rai Masir.”","Lalu, terjadilah, pada waktu mereka memakan habis gandum yang mereka beli dari Mesir, ayahnya berkata kepada mereka, “Pergilah kembali, belikan sedikit makanan untuk kita.”"
jauhlah,2,"Ka ra bari ne, aku rèngu na, “Ama peka ngaa èèna? Jiꞌi subha. Jiꞌi seꞌe bisa boe tao karehe sèmi èèna!","Mereka berkata kepadanya, “Mengapa Tuanku mengatakan perkataan itu? Jauhlah dari hamba-hambamu ini untuk melakukan hal semacam itu."
menjadikanku,2,"De dhu lèke, nèti boe tatao miu ka jaꞌa dꞌai era neꞌe, te ngaa tatao Ama Lamatua di. Nèngu ka dhu hia jaꞌa jꞌajꞌi ai gꞌana dhèu aae Masir. Ka jaꞌa jꞌajꞌi mi kapala urusan ètu dꞌara èmu dhèu aae. Abhu boe dhèu leo èci sa dhu kapai risi nèti jaꞌa.","Jadi, bukan kalian yang telah mengutus aku ke sini, melainkan Allah. Dia telah menjadikanku ayah bagi Firaun, dan menjadi tuan atas seluruh rumahnya, dan penguasa atas seluruh tanah Mesir.”"
kemuliaanku,2,"De miu peka dènge ama èdhi, na, jaꞌa neꞌe dènge koasa kapai titu kèna, ètu kabarai Masir neꞌe. Aa lolo dènge ama, ngaa aaꞌi-aaꞌi dhu miu mèdhi le ètu neꞌe. Ho èèna na, karohe mèti ama sa neꞌe mai!”","Sebab itu, ceritakanlah kepada ayahku tentang segala kemuliaanku di Mesir, dan tentang segala yang telah kalian lihat. Kalian harus membawa ayahku kemari secepatnya.”"
dikirimkan,2,"Te ngaa ropa na tadèngi nare lii lolo rèngu sèra, aa na ladhe nèdhi kareta dhu Yusuf paꞌadhu mai ho hua ne asa Masir, heka na lèka kèna.","Ketika mereka menceritakan kepadanya segala perkataan Yusuf, yang telah disampaikannya kepada mereka, dan ketika dia melihat kereta-kereta yang dikirimkan oleh Yusuf untuk membawanya, bangkitlah semangat Yakub, ayah mereka."
beria,2,"Aser, dènge ana-ana na: Yimna, Yiswa, Yiswi, Beria, dènge ana hèni ra èci, ngara na Sera. Beria, dènge ana le kahèi: Heber dènge Malkiel.","Anak-anak Asyer: Yimna, Yiswa, Yiswi, Beria, dan Serah, saudara perempuan mereka. Anak Beria adalah Heber dan Malkiel."
sangatlah,2,"Limuri neꞌe, ètu rai jiꞌi Kanaꞌan, hèru hadhu madhera, ka ngangaꞌa dènge jꞌuꞌu tèdhi heka. Nèti èèna ka, jiꞌi mai taha asa kabarai neꞌe. Ngèti dènge badha-manu jiꞌi. De jiꞌi manèngi ama dhèu aae, ho hia jiꞌi pea ètu rai Gosen, sèna ka jiꞌi piara badha jiꞌi ètu nèi.”","Mereka berkata kepada Firaun, “Kami datang ke tanah ini untuk tinggal sementara karena tidak ada padang rumput bagi hamba-hambamu ini untuk kawanan kambing domba kami, sebab kelaparan di tanah Kanaan sangatlah hebat. Sekarang, kami memohon, izinkanlah hamba-hambamu ini tinggal di tanah Gosyen.”"
kepemilikan,2,"Èle èèna ka, Yusuf padꞌelo era pea hia aꞌari na si ètu Gosen, madhutu lii pua dhèu aae deo na. Era èèna beꞌa titu kèna. (Ra pangare era èèna ‘Rameses’.) Ka ama na dènge aꞌari na sèra pea taruu ètu èèna.","Kemudian, Yusuf menempatkan ayah dan saudara-saudaranya, dan memberikan kepada mereka kepemilikan di tanah Gosyen, di tempat terbaik tanah itu, yaitu di tanah Rameses, sebagaimana yang diperintahkan Firaun."
menguburkanku,2,"Èu hudꞌi mèti ngiꞌu aae jaꞌa, ho padhane asa era roꞌa bèi-baki èdhi. Ho èu padhane jaꞌa ètu èèna. Neꞌe ne, dadꞌèi dꞌara ama.” Ka Yusuf dhaa ne, aku nèngu na, “Beꞌa ama! Ladhe dadꞌèi ama ku kèna, na jaꞌa madhutu.”","Namun, aku ingin berbaring dengan nenek moyangku, dan kamu akan membawaku keluar dari Mesir, lalu menguburkanku di pekuburan mereka.” Jawab Yusuf, “Aku akan melakukan seperti yang engkau katakan.”"
kedatanganku,2,"Aa ana èu Efraim dènge Manase èèna, hak rèngu sèmi neꞌe ka: lodꞌo dhu jaꞌa dꞌai Masir na, mere iisi le rèngu dua ra. Masi ka sèmi èèna, jaꞌa tao rèngu sèmi ana dꞌèlu jaꞌa, sama sèmi Ruben dènge Simeon.","Sekarang, kedua anakmu, Efraim dan Manasye, yang lahir bagimu di tanah Mesir sebelum kedatanganku di Mesir, mereka adalah milikku, sama seperti Ruben dan Simeon."
umatnya,2,"Dan! Ngara èu ne, sasoa na, ‘dhèu pamaꞌète lii’. Aa èu ne, dènge ana-èpu èu, ladhe bèli-camèdꞌa pamaꞌète lii nèti dhèu èu Israꞌel sèra, dènge boe bia ca bèka.",“Dan akan menghakimi umatnya sebagai salah satu dari suku-suku Israel.
merancang,2,"Mema tareꞌa, uru na miu mere lii èci, ho neo pajꞌèra jaꞌa. Te ngaa Ama Lamatua ka dhu ubꞌa eele tatao miu dhu karehe èèna, jꞌajꞌi mi babeꞌa. Nèti èèna ka, Na dedꞌe jaꞌa jꞌajꞌi dhèu kapai ètu neꞌe, sèna ka dhèu ae abhu mamuri dènge karejꞌe.","Tentang kalian, kalian memang telah merancang yang jahat terhadapku, tetapi Allah merancang yang baik untuk melakukan sebagaimana yang terjadi saat ini, untuk menyelamatkan hidup banyak orang."
dikerumuni,1,"Hèia Ama Lamatua padhai lii hari, peka na, “Hudꞌi abhu ku ae-ae dhu mamuri ètu dꞌara èi. Dènge hudꞌi abhu ku rupa-rupa manu-bhui dhu lela ètu dedha rai-haha ne.”","Kemudian, Allah berfirman, “Biarlah air dikerumuni oleh makhluk-makhluk hidup, dan biarlah burung-burung beterbangan di atas bumi, melintasi cakrawala langit.”"
beterbangan,1,"Hèia Ama Lamatua padhai lii hari, peka na, “Hudꞌi abhu ku ae-ae dhu mamuri ètu dꞌara èi. Dènge hudꞌi abhu ku rupa-rupa manu-bhui dhu lela ètu dedha rai-haha ne.”","Kemudian, Allah berfirman, “Biarlah air dikerumuni oleh makhluk-makhluk hidup, dan biarlah burung-burung beterbangan di atas bumi, melintasi cakrawala langit.”"
berkembangbiaklah,1,"Ka Na padhai lii ho sèna ka hia berkat mi aaꞌi-aaꞌi dhu mamuri, peka na, “Iꞌa se, hudꞌi laa bèba-kacanga sèna ka papènu èi ètu mia-mia. Aa manu-bhui, asa tabha kahèi.”","Allah memberkatinya, firman-Nya, “Berkembangbiaklah, dan berlipatgandalah, dan penuhilah air di lautan, dan biarlah burung-burung berlipat ganda di bumi.”"
menciptakannya,1,"Hèia Na pajꞌajꞌi dhèu rai-haha ne madhutu rupa Na. Na pajꞌajꞌi si, dhèu mone dènge dhèu bhèni.","Lalu, Allah menciptakan manusia menurut rupa-Nya. Menurut rupa Allah, Dia menciptakannya. Laki-laki dan perempuan, demikianlah Dia menciptakan mereka."
kuasailah,1,"Ka Na padhai lii ho sèna ka hia berkat mi rèngu, aku Nèngu na, “Miu hudꞌi bèba-kacanga ku, sèna ka pea papènu rai-haha ne, ho mi ator ne. Jaꞌa hia miu koasa, sèna ka mi ator iꞌa, manu-bhui, dènge badha-manu aaꞌi-aaꞌi ra ètu rai-haha ne.","Allah memberkati mereka dan Allah berfirman kepada mereka, “Beranakcuculah dan berlipatgandalah, dan penuhilah bumi, dan kuasailah itu. Berkuasalah atas ikan-ikan di laut, atas burung-burung di udara, dan atas segala yang hidup yang bergerak di bumi.”"
membasahi,1,"dhae abhu mèka ana aajꞌu, lula Na papuru mèka èjꞌi. Taa èèna, dhoka sèbꞌu èi di, mai nèti dꞌara rai ho pabasa rai re dedha. Aa abhu mèka dhèu rai-haha dhu tao oka-tedhe.","ketika di bumi belum ada segala semak belukar di ladang dan belum ada tanaman ladang yang tumbuh karena TUHAN Allah belum menurunkan hujan ke bumi, dan belum ada orang yang mengolah tanah itu. Namun, ada kabut yang keluar dari bumi dan membasahi seluruh permukaan bumi."
mengairi,1,"Ètu era èèna, abhu loko èci dhu hae nèti dꞌara oka èèna. Loko èèna, èpa kacanga.","Ada suatu sungai yang mengalir dari Eden dan mengairi taman itu. Dari situ, sungai tersebut terbagi menjadi empat cabang."
terbagi,1,"Ètu era èèna, abhu loko èci dhu hae nèti dꞌara oka èèna. Loko èèna, èpa kacanga.","Ada suatu sungai yang mengalir dari Eden dan mengairi taman itu. Dari situ, sungai tersebut terbagi menjadi empat cabang."
pison,1,"Kacanga ka èci na, ngara na Pison. Nèngu ka dhu hae pale-lème rai Hawila dhu abhu hualaa ae-ae.","Nama sungai yang pertama adalah Pison yang mengelilingi seluruh tanah Hawila, tempat yang ada emasnya."
emasnya,1,"Kacanga ka èci na, ngara na Pison. Nèngu ka dhu hae pale-lème rai Hawila dhu abhu hualaa ae-ae.","Nama sungai yang pertama adalah Pison yang mengelilingi seluruh tanah Hawila, tempat yang ada emasnya."
damar,1,"Ètu era èèna ka, abhu poe-pai, ajꞌu dhu raa na hèu mèngi, dènge hadhu kaleꞌe.","Emas dari tanah itu bagus, dan di sana ada damar bedolah dan batu krisopras."
bedolah,1,"Ètu era èèna ka, abhu poe-pai, ajꞌu dhu raa na hèu mèngi, dènge hadhu kaleꞌe.","Emas dari tanah itu bagus, dan di sana ada damar bedolah dan batu krisopras."
gihon,1,"Kacanga ka dua, ngara na Gihon. Kacanga ne, hae pale-lème rai Kus.",Nama sungai yang kedua adalah Gihon yang mengalir mengelilingi seluruh tanah Kush.
tigris,1,"Kacanga ka tèlu, ngara na Tigris. Kacanga neꞌe ka, jꞌajꞌi mi too rai Asyur re ca bèka dhimu. Kacanga ka èpa, ngara na Efrat.",Nama sungai yang ketiga adalah Tigris yang mengalir di sebelah timur Asyur. Sungai yang keempat adalah Efrat.
rusuknya,1,"Hèia Ama LAMATUA pabhèjꞌi luu dhèu neꞌe. Ropa na bhèjꞌi, Ama Lamatua nare rui karasa na calaa, ka Na pakateme hari nuꞌa deo na.","Lalu, TUHAN Allah mendatangkan tidur yang lelap atas manusia itu. Ketika dia tidur, TUHAN mengambil salah satu tulang rusuknya, lalu menutupnya dengan daging."
menyemat,1,"Raꞌa rare ka, heka reꞌa na rèngu dhu pake boe mèdha dhu hutu ua rèngu. Nèti èèna ka, ra lui rèu ajꞌu ho paꞌabhe era makae rèngu.","Lalu, mata mereka berdua terbuka sehingga mereka tahu bahwa mereka telanjang. Kemudian, mereka menyemat daun-daun ara dan membuat cawat."
cawat,1,"Raꞌa rare ka, heka reꞌa na rèngu dhu pake boe mèdha dhu hutu ua rèngu. Nèti èèna ka, ra lui rèu ajꞌu ho paꞌabhe era makae rèngu.","Lalu, mata mereka berdua terbuka sehingga mereka tahu bahwa mereka telanjang. Kemudian, mereka menyemat daun-daun ara dan membuat cawat."
sejuk,1,"Dꞌai lodꞌo nihia, dua ra tadèngi lii core haga Ama LAMATUA ètu dꞌara oka èèna. Ka dua ra rai lasi luꞌu asa ca bèka ajꞌu, sèna ka LAMATUA baku nèdhi si.","Ketika mereka mendengar suara TUHAN Allah yang berjalan di taman pada suatu hari yang sejuk, manusia dan istrinya itu menyembunyikan diri mereka dari hadapan TUHAN Allah di antara pohon-pohon di dalam taman."
memberitahukanmu,1,"Ka Lamatua peka na, “Cee ka dhu peka, na èu dhu pake boe mèdha-papake? De tasamia? Tatu èu muꞌa le hua ajꞌu dhu Jaꞌa kai na, sina ma?”","Kemudian, TUHAN berkata, “Siapa yang memberitahukanmu kalau kamu telanjang? Apakah kamu makan dari pohon yang kepadamu telah Kuperintahkan jangan kamu memakannya?”"
liarlah,1,"Masi ka èu sèle rupa-rupa hini èèna ka, te ngaa dhu muri mai dhodhoka dhudhu-sete di.","Semak duri dan rumput liarlah yang akan ditumbuhkan bagimu, dan kamu akan memakan tumbuh-tumbuhan di padang."
ditumbuhkan,1,"Masi ka èu sèle rupa-rupa hini èèna ka, te ngaa dhu muri mai dhodhoka dhudhu-sete di.","Semak duri dan rumput liarlah yang akan ditumbuhkan bagimu, dan kamu akan memakan tumbuh-tumbuhan di padang."
keringat,1,"Hudꞌi èu èi kabhèsu haa ku, heka rai hia èu ngangaꞌa kèna. Èu hudꞌi sabꞌa bia sèmi èèna ku, toke dꞌai lodꞌo èu madhe. Èu ne, Jaꞌa pajꞌajꞌi nèti rai. De ladhe èu madhe, èu jꞌajꞌi hari rai.”","Dengan keringat di wajahmu, kamu akan makan roti, sampai kamu kembali kepada tanah yang darinya kamu diambil. Sebab, kamu adalah debu, dan kamu akan kembali kepada debu."
memperhatikannya,1,"Te ngaa Na dꞌèi boe korban unu Kaen. Hèia Kaen nasa bia, ka rèhu na mare boe.","tetapi terhadap Kain dan persembahannya, Dia tidak memperhatikannya. Lalu, Kain menjadi sangat marah dan wajahnya muram."
mukamu,1,"Ka LAMATUA lii dènge Kaen, aku Nèngu na, “Kaen! Nga tao ka èu nasa sèmi èèna, ka rèhu èu mare boe?","TUHAN berkata kepada Kain, “Mengapa kamu marah? Mengapa mukamu muram?"
mengintip,1,"Ladhe tatao èu beꞌa, na Jaꞌa sèmi èu dènge hua iia. De mu pangee uuru ku! Ladhe èu tao bhelu, na bhabhelu èèna naꞌe hari èu, sama sèmi meo neo pacèli maraho. De sèmi èu neo tao bhabhelu, beꞌa risi core eele ka!”","Jika kamu berbuat baik, bukankah kamu akan diterima? Namun, jika kamu tidak berbuat baik, dosa sudah mengintip di pintu, keinginannya adalah untukmu, tetapi kamu harus berkuasa atasnya.”"
menggelandang,1,"De ladhe èu sabꞌa oka-tedhe, rai ne hia heka èu ngaa-ngaa. Nèti deo neꞌe, èu luꞌu sa haa-sa dhimu, sèmi dhèu dhu dènge boe era paleo-paluꞌu.”","Jika kamu menggarap tanah itu, ia tidak akan lagi memberikan hasilnya untukmu. Kamu akan mengembara dan menggelandang di bumi.”"
hukumanku,1,"Te ngaa Kaen bꞌala LAMATUA, aku nèngu na, “Haii! Ama Lamatua, ee! Lamatua dhoo jaꞌa bia titu kèna, de jaꞌa pasae mèke boe nga.","Kemudian, Kain berkata kepada TUHAN, “Hukumanku itu lebih berat daripada yang sanggup kutanggung."
kutanggung,1,"Te ngaa Kaen bꞌala LAMATUA, aku nèngu na, “Haii! Ama Lamatua, ee! Lamatua dhoo jaꞌa bia titu kèna, de jaꞌa pasae mèke boe nga.","Kemudian, Kain berkata kepada TUHAN, “Hukumanku itu lebih berat daripada yang sanggup kutanggung."
buronan,1,"Lula Lamatua bège eele jaꞌa nèti era neꞌe, jaꞌa kajꞌèu nèti Ama Lamatua. Jaꞌa kako lole-laa asa mia-mia. De ladhe paraga dènge dhèu, èèna na ra pamadhe jaꞌa.”","Lihat! Hari ini Engkau telah menggiring aku dari tanah ini. Lalu, aku akan tersembunyi dari hadapan-Mu, dan aku akan menjadi buronan dan pengembara di bumi, dan akan terjadi, siapa saja yang bertemu denganku akan membunuhku.”"
pengembara,1,"Lula Lamatua bège eele jaꞌa nèti era neꞌe, jaꞌa kajꞌèu nèti Ama Lamatua. Jaꞌa kako lole-laa asa mia-mia. De ladhe paraga dènge dhèu, èèna na ra pamadhe jaꞌa.”","Lihat! Hari ini Engkau telah menggiring aku dari tanah ini. Lalu, aku akan tersembunyi dari hadapan-Mu, dan aku akan menjadi buronan dan pengembara di bumi, dan akan terjadi, siapa saja yang bertemu denganku akan membunuhku.”"
nod,1,"Hèia Kaen tèke eele dènge era èèna. Laꞌe pakajꞌèu nèti LAMATUA, asa era èci, ètu bèka dhimu oka Eden. Era neꞌe, ngara na Nod dhu sasoa na, ‘lole-laa’. Ka na pea ètu era èèna.","Lalu, Kain pergi dari hadapan TUHAN dan menetap di tanah Nod, sebelah timur Eden."
yabal,1,"Ana Ada, ngara na Yabal. Ana-èpu na, jꞌajꞌi dhèu piara badha. Mamuri ra ètu boe ca era, aa ra pea dhoka ètu dꞌara paleo di.",Ada melahirkan Yabal yang adalah nenek moyang semua yang tinggal dalam tenda dan beternak.
yubal,1,"Ari Yabal, ngara na Yubal. Ana-èpu Yubal, jꞌajꞌi dhèu gai sasadhu, dènge tiu sakino.","Saudaranya bernama Yubal, dia adalah nenek moyang semua yang memainkan kecapi dan seruling."
menempa,1,"Dhèu èmu Lamek èci hari, Sila, nara iisi Tubal Kaen. Ana-èpu na jꞌajꞌi tuka bèsi, ka ra tuku mèdha ae-ae tao nèti bèsi, dènge tabaga. Ana hèni Tubal Kaen, ngara na Naꞌama.","Zila juga melahirkan Tubal-Kain, dia yang menempa segala perkakas dari perunggu dan besi. Saudara perempuan Tubal-Kain adalah Naama."
perkakas,1,"Dhèu èmu Lamek èci hari, Sila, nara iisi Tubal Kaen. Ana-èpu na jꞌajꞌi tuka bèsi, ka ra tuku mèdha ae-ae tao nèti bèsi, dènge tabaga. Ana hèni Tubal Kaen, ngara na Naꞌama.","Zila juga melahirkan Tubal-Kain, dia yang menempa segala perkakas dari perunggu dan besi. Saudara perempuan Tubal-Kain adalah Naama."
perunggu,1,"Dhèu èmu Lamek èci hari, Sila, nara iisi Tubal Kaen. Ana-èpu na jꞌajꞌi tuka bèsi, ka ra tuku mèdha ae-ae tao nèti bèsi, dènge tabaga. Ana hèni Tubal Kaen, ngara na Naꞌama.","Zila juga melahirkan Tubal-Kain, dia yang menempa segala perkakas dari perunggu dan besi. Saudara perempuan Tubal-Kain adalah Naama."
naama,1,"Dhèu èmu Lamek èci hari, Sila, nara iisi Tubal Kaen. Ana-èpu na jꞌajꞌi tuka bèsi, ka ra tuku mèdha ae-ae tao nèti bèsi, dènge tabaga. Ana hèni Tubal Kaen, ngara na Naꞌama.","Zila juga melahirkan Tubal-Kain, dia yang menempa segala perkakas dari perunggu dan besi. Saudara perempuan Tubal-Kain adalah Naama."
lukaku,1,"Ca tèka, Lamek padedha iisi na ètu madha dhèu èmu dua ra, peka na, “Mi nanene, ee! Deo na, ana mone ngèru èci neo game jaꞌa. Te ngaa jaꞌa dhadhedhe ne, toke madhe.","Lamekh berkata kepada kedua istrinya, “Ada dan Zila, dengarlah suaraku! Hai istri-istri Lamekh, dengarkanlah perkataanku! Aku telah membunuh seorang laki-laki karena lukaku, dan seorang laki-laki muda karena melukaiku."
melukaiku,1,"Ca tèka, Lamek padedha iisi na ètu madha dhèu èmu dua ra, peka na, “Mi nanene, ee! Deo na, ana mone ngèru èci neo game jaꞌa. Te ngaa jaꞌa dhadhedhe ne, toke madhe.","Lamekh berkata kepada kedua istrinya, “Ada dan Zila, dengarlah suaraku! Hai istri-istri Lamekh, dengarkanlah perkataanku! Aku telah membunuh seorang laki-laki karena lukaku, dan seorang laki-laki muda karena melukaiku."
rupanya,1,"Lodꞌo Adam dꞌai 130 (ca ngasu tèlu nguru) tèu, na matana ana mone ca dhèu, dhu rèhu na nare Adam. Ka pangare na, Set.","Ketika Adam hidup selama 130 tahun dan seorang anak laki-laki lahir baginya dalam keserupaan dengannya, menurut rupanya. Lalu, dia menamainya Set."
beperkara,1,"Ka LAMATUA peka na, “Jaꞌa roca le dènge tatao dhèu dhu lèke-lèke boe se. Roh Jaꞌa dhu pamamuri rèngu sa, dꞌèi heka hia ra mamuri manèro. Hudꞌi rèngu madhe ku. De èèna na, mamuri rèngu se dhoka dꞌai 120 (ca ngasu dua nguru) tèu di.”","Kemudian, TUHAN berfirman, “Roh-Ku tidak akan selama-lamanya beperkara dengan manusia karena dia adalah daging, hari-harinya akan menjadi 120 tahun.”"
kuciptakan,1,"Nèti èèna ka, Na peka na, “Dènge tatao rèngu sèmi èèna na, Jaꞌa huku pamadhe dhèu rai-haha aaꞌi-aaꞌi dhu pajꞌajꞌi kore si le. Manu-bhui dènge badha leo sèra, Jaꞌa palaho aaꞌi si kahèi. Te Jaꞌa manyasa, nèti Jaꞌa ka pajꞌajꞌi si.”","Karena itu, TUHAN berfirman, “Aku akan memusnahkan manusia yang telah Kuciptakan dari muka bumi; baik manusia dan binatang, yang merayap dan burung-burung di udara, sebab Aku menyesal telah menjadikan mereka.”"
gofir,1,"De sèmi neꞌe, Noh! Èu tao kapa aae cue, dhu tao nèti ajꞌu adhu. Re dꞌara roa na, èu bagi mi kama-kama. Aa re dꞌara dènge liꞌu kapa, èu lame dènge èi dama.",Buatlah bahtera dari kayu gofir untuk dirimu. Buatlah kamar-kamar di dalam bahtera itu dan lapisilah bagian dalam maupun luarnya dengan ter.
lapisilah,1,"De sèmi neꞌe, Noh! Èu tao kapa aae cue, dhu tao nèti ajꞌu adhu. Re dꞌara roa na, èu bagi mi kama-kama. Aa re dꞌara dènge liꞌu kapa, èu lame dènge èi dama.",Buatlah bahtera dari kayu gofir untuk dirimu. Buatlah kamar-kamar di dalam bahtera itu dan lapisilah bagian dalam maupun luarnya dengan ter.
ter,1,"De sèmi neꞌe, Noh! Èu tao kapa aae cue, dhu tao nèti ajꞌu adhu. Re dꞌara roa na, èu bagi mi kama-kama. Aa re dꞌara dènge liꞌu kapa, èu lame dènge èi dama.",Buatlah bahtera dari kayu gofir untuk dirimu. Buatlah kamar-kamar di dalam bahtera itu dan lapisilah bagian dalam maupun luarnya dengan ter.
geladak,1,"Èu tao èmu ètu dedha kapa na. Te ngaa paconga ca laa ai nèti kadidhi re dedha. Èu bagi kapa ne mi tèlu tadꞌa. Aa re karasa na, tao babèdho èci.","Buatlah jendela untuk bahtera itu dan selesaikanlah itu kira-kira sehasta dari atas. Pasanglah pintu bahtera di sisinya. Buatlah bahtera itu dengan geladak bawah, kedua, dan ketiga."
musnahkan,1,"Sanèdꞌe paie-iie, oo! Di pidhu lodꞌo ka, Jaꞌa papuru èjꞌi aae mai dhu bhoka boe ca lodꞌo sa, toke dꞌai èpa nguru lodꞌo mèu-mèda. Dènge sèmi neꞌe, Jaꞌa pamadhe aaꞌi ngaa-ngaa dhu mamuri ètu dedha-rai, dhu Jaꞌa pajꞌajꞌi kore le.”","Sebab, dalam tujuh hari, Aku akan menurunkan hujan ke bumi selama empat puluh hari dan empat puluh malam, dan segala yang hidup, yang telah Aku buat itu, akan Aku musnahkan dari muka bumi.”"
menutupkan,1,"Ca pasa-ca pasa nèti aaꞌi-aaꞌi dhu mamuri, lasi asa dꞌara kapa palere dènge Noh, madhutu sèmi lii paredha Ama Lamatua. Ropa aaꞌi-aaꞌi ra dꞌai dꞌara kapa, LAMATUA bèdho babèdho kapa èèna.","Mereka masuk ke dalam bahtera bersama Nuh, sepasang demi sepasang dari segala makhluk yang ada napas hidup di dalamnya. Mereka yang masuk ke dalam, jantan dan betina dari segala makhluk, mereka masuk sebagaimana yang telah diperintahkan TUHAN kepada Nuh. Lalu, TUHAN menutupkan bahtera itu untuk Nuh."
hebatnya,1,Èjꞌi aae puru maꞌète boe dꞌai èpa nguru lodꞌo. Hèia kapa èèna talebꞌo. Èi caꞌe loe boe toke hutu nare kolo ledhe dhu dedha aae.,"Banjir itu berlangsung selama empat puluh hari, dan air itu bertambah-tambah dan mengangkat bahtera itu sehingga naik tinggi di atas bumi. Air itu semakin hebat dan bertambah sangat besar di muka bumi, dan bahtera itu terapung-apung di permukaan air. Air itu makin bertambah-tambah hebatnya di bumi sehingga semua gunung yang tinggi, yang ada di kolong langit pun tertutup."
kolong,1,Èjꞌi aae puru maꞌète boe dꞌai èpa nguru lodꞌo. Hèia kapa èèna talebꞌo. Èi caꞌe loe boe toke hutu nare kolo ledhe dhu dedha aae.,"Banjir itu berlangsung selama empat puluh hari, dan air itu bertambah-tambah dan mengangkat bahtera itu sehingga naik tinggi di atas bumi. Air itu semakin hebat dan bertambah sangat besar di muka bumi, dan bahtera itu terapung-apung di permukaan air. Air itu makin bertambah-tambah hebatnya di bumi sehingga semua gunung yang tinggi, yang ada di kolong langit pun tertutup."
ditutupinya,1,"Èi caꞌe taruu, ka marèma na seli èpa rèpa risi nèti kolo ledhe sèra.",Air itu mencapai 15 hasta lebih tinggi dan gunung-gunung ditutupinya.
musnah,1,"Dènge jꞌara èèna, ngaa-ngaa dhu mamuri ètu dedha-rai sèra, madhe aaꞌi mèu-mèu. Nuka: dhèu, badha ani, badha hui, badha dhu rodꞌo, dènge manu-bhui aaꞌi-aaꞌi ra. Ate dhoka Noh dènge aaꞌi-aaꞌi dhu ètu dedha kapa.","Segala makhluk yang bergerak di bumi pun musnah, baik burung-burung, ternak, binatang liar, segala makhluk melata yang merayap di atas bumi, dan semua manusia. Semua yang di darat, yang ada napas kehidupan dalam hidungnya, mati. Dia memusnahkan segala yang hidup yang ada di muka bumi, manusia dan binatang, dan yang merayap, dan burung-burung di langit. Mereka dimusnahkan dari bumi. Hanya Nuh yang tertinggal serta mereka yang bersama dengannya dalam bahtera."
tertinggal,1,"Dènge jꞌara èèna, ngaa-ngaa dhu mamuri ètu dedha-rai sèra, madhe aaꞌi mèu-mèu. Nuka: dhèu, badha ani, badha hui, badha dhu rodꞌo, dènge manu-bhui aaꞌi-aaꞌi ra. Ate dhoka Noh dènge aaꞌi-aaꞌi dhu ètu dedha kapa.","Segala makhluk yang bergerak di bumi pun musnah, baik burung-burung, ternak, binatang liar, segala makhluk melata yang merayap di atas bumi, dan semua manusia. Semua yang di darat, yang ada napas kehidupan dalam hidungnya, mati. Dia memusnahkan segala yang hidup yang ada di muka bumi, manusia dan binatang, dan yang merayap, dan burung-burung di langit. Mereka dimusnahkan dari bumi. Hanya Nuh yang tertinggal serta mereka yang bersama dengannya dalam bahtera."
berembus,1,"Masi ka sèmi èèna, Ama Lamatua bhèlu boe Noh si dènge badha-manu aaꞌi-aaꞌi dhu ètu dedha kapa. Hèia Na hia ngèlu gꞌoro, ka èi na kura ka noo-noo.","Lalu, Allah mengingat Nuh, dan segala binatang, dan segala ternak yang bersamanya dalam bahtera itu. Allah membuat angin berembus ke atas bumi sehingga air pun surut."
berkurang,1,"Ka èi kura noo-noo ka. Dꞌai cangasu lèmi nguru lodꞌo, èi marèma heka.","Air itu berangsur-angsur surut dari muka bumi dan pada akhir hari ke-150, air itu berkurang."
ararat,1,"Lèke dènge hèru ka pidhu, risi canguru pidhu lodꞌo, kapa eta ètu kolo ledhe aae èci, ngara na Ararat.","Pada bulan ketujuh, hari yang ketujuh belas pada bulan itu, bahtera itu kandas di pegunungan Ararat."
bertengger,1,"Te ngaa, lula èi hutu nare dedha-rai era, ka koro ne abhu boe era tèka. Ka lèpa hari asa kapa. Hèia Noh jꞌole ai na, kèpe nare, ka na pamaso hari asa dꞌara kapa.","Akan tetapi, merpati itu tidak menemukan tempat untuk bertengger sehingga ia kembali kepada Nuh di dalam bahtera itu karena air masih ada di seluruh permukaan bumi. Nuh mengulurkan tangannya untuk menangkap merpati itu dan memasukannya ke bahtera."
terpetik,1,"Dꞌara lodꞌo nihia sa, koro ne lèpa hari laꞌe asa Noh, tutu nèti dènge rèu saitun ca rèu dhu heka tutu nare kèna. Nèti èèna ka, Noh heka neꞌa kèna, èi na dhu puru le tareꞌa di.","Lalu, merpati itu kembali kepadanya pada sore hari, dan lihat, sehelai daun zaitun yang baru terpetik ada di paruhnya. Dengan demikian, Nuh mengetahui bahwa air telah surut dari permukaan bumi."
paruhnya,1,"Dꞌara lodꞌo nihia sa, koro ne lèpa hari laꞌe asa Noh, tutu nèti dènge rèu saitun ca rèu dhu heka tutu nare kèna. Nèti èèna ka, Noh heka neꞌa kèna, èi na dhu puru le tareꞌa di.","Lalu, merpati itu kembali kepadanya pada sore hari, dan lihat, sehelai daun zaitun yang baru terpetik ada di paruhnya. Dengan demikian, Nuh mengetahui bahwa air telah surut dari permukaan bumi."
biak,1,"Papuru aaꞌi badha-manu sèra! Nuka: badha ani, badha hui, badha dhu rodꞌo, dènge manu-bhui aaꞌi-aaꞌi ra. Hudꞌi si, sèna ka ra bèba, papènu rai-haha ne.”","Bawalah denganmu segala yang hidup yang ada bersamamu, burung-burung, binatang ternak, segala yang melata yang merayap di atas bumi, supaya mereka dapat berkelompok di bumi, berkembang biak, dan bertambah-tambah banyaknya di atas bumi.”"
mudanya,1,"Ropa LAMATUA sangèdꞌu nare hèu gèmu korban deo na, dꞌara Na karejꞌe. Ka Na ngee na, “Nèti deo neꞌe ne, Jaꞌa huku heka rai-haha ne, lula bhabhelu-katubꞌa dhèu. Masi ka rèngu dhoka ngee bhabhelu di, Jaꞌa paꞌele iie heka ngaa-ngaa dhu mamuri, sèmi dhu Jaꞌa heka tao kore èèna.","TUHAN mencium bau harum itu dan TUHAN berkata dalam hati-Nya, “Aku tidak akan lagi mengutuk tanah karena manusia sebab niat hati manusia itu jahat sejak masa mudanya. Aku juga tidak akan memusnahkan lagi setiap makhluk hidup seperti yang telah Aku lakukan."
kemarau,1,"Lodꞌo rai-haha ne era, hèru dènge tèu, kako madhutu atora. Sèmi: hèru sèla dènge hèru puu-gꞌètu, hèru pacuhi dènge hèru sagoro, hèru hadhu dènge hèru èjꞌi lai, mèu dènge mèda.”","Selama bumi masih ada, musim tanam dan musim panen, dingin dan panas, musim kemarau dan musim hujan, siang dan malam, tidak akan berhenti.”"
kegentaran,1,"Ladhe èèna na, badha hui, manu-bhui dènge iꞌa aaꞌi-aaꞌi ra madhaꞌu dènge miu. Miu ka dhu ator si.","Ketakutan akan kamu dan kegentaran akan kamu akan berlaku atas setiap binatang di bumi dan atas setiap burung di langit, atas segala yang merayap di bumi dan atas segala ikan di laut. Ke dalam tanganmu mereka diserahkan."
bertiga,1,"Dhèu aaꞌi-aaꞌi ra ètu rai-haha ne, jꞌajꞌi nèti ana Noh dhèu tèlu sèra.","Mereka bertiga adalah anak Nuh. Dari mereka, lahir seluruh manusia yang tersebar di bumi."
mabuknya,1,"Ropa Noh maseꞌa, na neꞌa tatao nèti ana limuri na, Ham.","Ketika Nuh sadar dari mabuknya, dia mengetahui yang dilakukan anak bungsunya itu kepadanya."
meluaskan,1,"Hudꞌi laa, Ama Lamatua pataleo rai unu Yafet. Aa ana-èpu na mamuri mera-milu dènge ana-èpu Sem. Te ngaa hudꞌi Kanaꞌan jꞌajꞌi ènu Yafet.”","Biarlah Allah meluaskan Yafet, biarlah dia tinggal di tenda Sem, dan biarlah Kanaan menjadi hamba baginya.”"
madai,1,"Ana-èpu Yafet, nuka: Gomer, Magog, Madai, Yawan, Tubal, Mesek dènge Tiras. Èci-èci ka dènge lii, suku, aa dènge rai ra. Ana-èpu Gomer, ka: Askenas, Rifat dènge Togarma. Ana-èpu Yawan, ka: Elisa, Tarsis, dhèu Kitim, dènge dhèu Dodanim dhu pea ètu sebhe dhasi.","Keturunan Yafet adalah Gomer, Magog, Madai, Yawan, Tubal, Mesekh, dan Tiras. Keturunan Gomer adalah Askenas, Rifat, dan Togarma. Keturunan Yawan adalah Elisa, Tarsis, Kitim, dan Dodanim. Dari merekalah tersebar bangsa-bangsa daerah pesisir, masing-masing menurut bahasa, kaum keluarga, dan bangsanya sendiri."
tubal,1,"Ana-èpu Yafet, nuka: Gomer, Magog, Madai, Yawan, Tubal, Mesek dènge Tiras. Èci-èci ka dènge lii, suku, aa dènge rai ra. Ana-èpu Gomer, ka: Askenas, Rifat dènge Togarma. Ana-èpu Yawan, ka: Elisa, Tarsis, dhèu Kitim, dènge dhèu Dodanim dhu pea ètu sebhe dhasi.","Keturunan Yafet adalah Gomer, Magog, Madai, Yawan, Tubal, Mesekh, dan Tiras. Keturunan Gomer adalah Askenas, Rifat, dan Togarma. Keturunan Yawan adalah Elisa, Tarsis, Kitim, dan Dodanim. Dari merekalah tersebar bangsa-bangsa daerah pesisir, masing-masing menurut bahasa, kaum keluarga, dan bangsanya sendiri."
mesekh,1,"Ana-èpu Yafet, nuka: Gomer, Magog, Madai, Yawan, Tubal, Mesek dènge Tiras. Èci-èci ka dènge lii, suku, aa dènge rai ra. Ana-èpu Gomer, ka: Askenas, Rifat dènge Togarma. Ana-èpu Yawan, ka: Elisa, Tarsis, dhèu Kitim, dènge dhèu Dodanim dhu pea ètu sebhe dhasi.","Keturunan Yafet adalah Gomer, Magog, Madai, Yawan, Tubal, Mesekh, dan Tiras. Keturunan Gomer adalah Askenas, Rifat, dan Togarma. Keturunan Yawan adalah Elisa, Tarsis, Kitim, dan Dodanim. Dari merekalah tersebar bangsa-bangsa daerah pesisir, masing-masing menurut bahasa, kaum keluarga, dan bangsanya sendiri."
tiras,1,"Ana-èpu Yafet, nuka: Gomer, Magog, Madai, Yawan, Tubal, Mesek dènge Tiras. Èci-èci ka dènge lii, suku, aa dènge rai ra. Ana-èpu Gomer, ka: Askenas, Rifat dènge Togarma. Ana-èpu Yawan, ka: Elisa, Tarsis, dhèu Kitim, dènge dhèu Dodanim dhu pea ètu sebhe dhasi.","Keturunan Yafet adalah Gomer, Magog, Madai, Yawan, Tubal, Mesekh, dan Tiras. Keturunan Gomer adalah Askenas, Rifat, dan Togarma. Keturunan Yawan adalah Elisa, Tarsis, Kitim, dan Dodanim. Dari merekalah tersebar bangsa-bangsa daerah pesisir, masing-masing menurut bahasa, kaum keluarga, dan bangsanya sendiri."
askenas,1,"Ana-èpu Yafet, nuka: Gomer, Magog, Madai, Yawan, Tubal, Mesek dènge Tiras. Èci-èci ka dènge lii, suku, aa dènge rai ra. Ana-èpu Gomer, ka: Askenas, Rifat dènge Togarma. Ana-èpu Yawan, ka: Elisa, Tarsis, dhèu Kitim, dènge dhèu Dodanim dhu pea ètu sebhe dhasi.","Keturunan Yafet adalah Gomer, Magog, Madai, Yawan, Tubal, Mesekh, dan Tiras. Keturunan Gomer adalah Askenas, Rifat, dan Togarma. Keturunan Yawan adalah Elisa, Tarsis, Kitim, dan Dodanim. Dari merekalah tersebar bangsa-bangsa daerah pesisir, masing-masing menurut bahasa, kaum keluarga, dan bangsanya sendiri."
rifat,1,"Ana-èpu Yafet, nuka: Gomer, Magog, Madai, Yawan, Tubal, Mesek dènge Tiras. Èci-èci ka dènge lii, suku, aa dènge rai ra. Ana-èpu Gomer, ka: Askenas, Rifat dènge Togarma. Ana-èpu Yawan, ka: Elisa, Tarsis, dhèu Kitim, dènge dhèu Dodanim dhu pea ètu sebhe dhasi.","Keturunan Yafet adalah Gomer, Magog, Madai, Yawan, Tubal, Mesekh, dan Tiras. Keturunan Gomer adalah Askenas, Rifat, dan Togarma. Keturunan Yawan adalah Elisa, Tarsis, Kitim, dan Dodanim. Dari merekalah tersebar bangsa-bangsa daerah pesisir, masing-masing menurut bahasa, kaum keluarga, dan bangsanya sendiri."
togarma,1,"Ana-èpu Yafet, nuka: Gomer, Magog, Madai, Yawan, Tubal, Mesek dènge Tiras. Èci-èci ka dènge lii, suku, aa dènge rai ra. Ana-èpu Gomer, ka: Askenas, Rifat dènge Togarma. Ana-èpu Yawan, ka: Elisa, Tarsis, dhèu Kitim, dènge dhèu Dodanim dhu pea ètu sebhe dhasi.","Keturunan Yafet adalah Gomer, Magog, Madai, Yawan, Tubal, Mesekh, dan Tiras. Keturunan Gomer adalah Askenas, Rifat, dan Togarma. Keturunan Yawan adalah Elisa, Tarsis, Kitim, dan Dodanim. Dari merekalah tersebar bangsa-bangsa daerah pesisir, masing-masing menurut bahasa, kaum keluarga, dan bangsanya sendiri."
tarsis,1,"Ana-èpu Yafet, nuka: Gomer, Magog, Madai, Yawan, Tubal, Mesek dènge Tiras. Èci-èci ka dènge lii, suku, aa dènge rai ra. Ana-èpu Gomer, ka: Askenas, Rifat dènge Togarma. Ana-èpu Yawan, ka: Elisa, Tarsis, dhèu Kitim, dènge dhèu Dodanim dhu pea ètu sebhe dhasi.","Keturunan Yafet adalah Gomer, Magog, Madai, Yawan, Tubal, Mesekh, dan Tiras. Keturunan Gomer adalah Askenas, Rifat, dan Togarma. Keturunan Yawan adalah Elisa, Tarsis, Kitim, dan Dodanim. Dari merekalah tersebar bangsa-bangsa daerah pesisir, masing-masing menurut bahasa, kaum keluarga, dan bangsanya sendiri."
kitim,1,"Ana-èpu Yafet, nuka: Gomer, Magog, Madai, Yawan, Tubal, Mesek dènge Tiras. Èci-èci ka dènge lii, suku, aa dènge rai ra. Ana-èpu Gomer, ka: Askenas, Rifat dènge Togarma. Ana-èpu Yawan, ka: Elisa, Tarsis, dhèu Kitim, dènge dhèu Dodanim dhu pea ètu sebhe dhasi.","Keturunan Yafet adalah Gomer, Magog, Madai, Yawan, Tubal, Mesekh, dan Tiras. Keturunan Gomer adalah Askenas, Rifat, dan Togarma. Keturunan Yawan adalah Elisa, Tarsis, Kitim, dan Dodanim. Dari merekalah tersebar bangsa-bangsa daerah pesisir, masing-masing menurut bahasa, kaum keluarga, dan bangsanya sendiri."
dodanim,1,"Ana-èpu Yafet, nuka: Gomer, Magog, Madai, Yawan, Tubal, Mesek dènge Tiras. Èci-èci ka dènge lii, suku, aa dènge rai ra. Ana-èpu Gomer, ka: Askenas, Rifat dènge Togarma. Ana-èpu Yawan, ka: Elisa, Tarsis, dhèu Kitim, dènge dhèu Dodanim dhu pea ètu sebhe dhasi.","Keturunan Yafet adalah Gomer, Magog, Madai, Yawan, Tubal, Mesekh, dan Tiras. Keturunan Gomer adalah Askenas, Rifat, dan Togarma. Keturunan Yawan adalah Elisa, Tarsis, Kitim, dan Dodanim. Dari merekalah tersebar bangsa-bangsa daerah pesisir, masing-masing menurut bahasa, kaum keluarga, dan bangsanya sendiri."
pesisir,1,"Ana-èpu Yafet, nuka: Gomer, Magog, Madai, Yawan, Tubal, Mesek dènge Tiras. Èci-èci ka dènge lii, suku, aa dènge rai ra. Ana-èpu Gomer, ka: Askenas, Rifat dènge Togarma. Ana-èpu Yawan, ka: Elisa, Tarsis, dhèu Kitim, dènge dhèu Dodanim dhu pea ètu sebhe dhasi.","Keturunan Yafet adalah Gomer, Magog, Madai, Yawan, Tubal, Mesekh, dan Tiras. Keturunan Gomer adalah Askenas, Rifat, dan Togarma. Keturunan Yawan adalah Elisa, Tarsis, Kitim, dan Dodanim. Dari merekalah tersebar bangsa-bangsa daerah pesisir, masing-masing menurut bahasa, kaum keluarga, dan bangsanya sendiri."
put,1,"Ana-èpu Ham, ka: Kus, Misraim, Put, dènge Kanaꞌan.","Keturunan Ham adalah Kush, Misraim, Put, dan Kanaan."
seba,1,"Ana-èpu Kus, ka: Seba, Hawila, Sabta, Raema dènge Sabteka. Ana-èpu Raema, ka: Syeba dènge Dedan.","Keturunan Kush adalah Seba, Hawila, Sabta, Raema, dan Sabtekha. Keturunan Raema adalah Syeba dan Dedan."
sabta,1,"Ana-èpu Kus, ka: Seba, Hawila, Sabta, Raema dènge Sabteka. Ana-èpu Raema, ka: Syeba dènge Dedan.","Keturunan Kush adalah Seba, Hawila, Sabta, Raema, dan Sabtekha. Keturunan Raema adalah Syeba dan Dedan."
sabtekha,1,"Ana-èpu Kus, ka: Seba, Hawila, Sabta, Raema dènge Sabteka. Ana-èpu Raema, ka: Syeba dènge Dedan.","Keturunan Kush adalah Seba, Hawila, Sabta, Raema, dan Sabtekha. Keturunan Raema adalah Syeba dan Dedan."
erekh,1,"Era na, mulai uru nèti rae Babel, Erek Akad, toke Kalne. Rae se aaꞌi-aaꞌi ra, ètu rai Sinear.","Pada awalnya, wilayah kerajaannya adalah Babel, Erekh, Akad, dan Kalne di tanah Sinear."
akad,1,"Era na, mulai uru nèti rae Babel, Erek Akad, toke Kalne. Rae se aaꞌi-aaꞌi ra, ètu rai Sinear.","Pada awalnya, wilayah kerajaannya adalah Babel, Erekh, Akad, dan Kalne di tanah Sinear."
kalne,1,"Era na, mulai uru nèti rae Babel, Erek Akad, toke Kalne. Rae se aaꞌi-aaꞌi ra, ètu rai Sinear.","Pada awalnya, wilayah kerajaannya adalah Babel, Erekh, Akad, dan Kalne di tanah Sinear."
resen,1,"dènge Resen, ètu talora aae Niniwe dènge Kala. Aaꞌi-aaꞌi sèra, kota-kota kapai hua.",dan Resen yang ada di antara Niniwe dan Kalah; yang adalah kota yang besar.
ludim,1,"Ana-èpu Misraim, ka: dhèu Ludim, dhèu Ananim, dhèu Lehabim, dhèu Naftuhim,","Misraim adalah ayah Ludim, Anamim, Lehabim, Naftuhim,"
anamim,1,"Ana-èpu Misraim, ka: dhèu Ludim, dhèu Ananim, dhèu Lehabim, dhèu Naftuhim,","Misraim adalah ayah Ludim, Anamim, Lehabim, Naftuhim,"
lehabim,1,"Ana-èpu Misraim, ka: dhèu Ludim, dhèu Ananim, dhèu Lehabim, dhèu Naftuhim,","Misraim adalah ayah Ludim, Anamim, Lehabim, Naftuhim,"
naftuhim,1,"Ana-èpu Misraim, ka: dhèu Ludim, dhèu Ananim, dhèu Lehabim, dhèu Naftuhim,","Misraim adalah ayah Ludim, Anamim, Lehabim, Naftuhim,"
patrusim,1,"dhèu Patrusim, dhèu Kasluhim, dènge dhèu Kaftorim. Dhèu Kasluhim nuka bèi-baki nèti dhèu Pilistin.","Patrusim, Kasluhim, yang adalah nenek moyang bangsa Filistin, dan Kaftorim."
kasluhim,1,"dhèu Patrusim, dhèu Kasluhim, dènge dhèu Kaftorim. Dhèu Kasluhim nuka bèi-baki nèti dhèu Pilistin.","Patrusim, Kasluhim, yang adalah nenek moyang bangsa Filistin, dan Kaftorim."
kaftorim,1,"dhèu Patrusim, dhèu Kasluhim, dènge dhèu Kaftorim. Dhèu Kasluhim nuka bèi-baki nèti dhèu Pilistin.","Patrusim, Kasluhim, yang adalah nenek moyang bangsa Filistin, dan Kaftorim."
yebusi,1,"dhèu Yebusi, dhèu Amori, dhèu Girgasi,","dan orang Yebusi, orang Amori, orang Girgasi,"
arki,1,"dhèu Hiwi, dhèu Arki, dhèu Sini,","orang Hewi, orang Arki, orang Sini,"
arwadi,1,"dhèu Arwadi, dhèu Semari, dènge dhèu Hamati. Ana-èpu Kanaꞌan se, pea palème dꞌai era dhu kajꞌèu,","orang Arwadi, orang Semari, dan orang Hamati. Seiring berjalannya waktu, kaum keluarga Kanaan ini pun tersebar."
semari,1,"dhèu Arwadi, dhèu Semari, dènge dhèu Hamati. Ana-èpu Kanaꞌan se, pea palème dꞌai era dhu kajꞌèu,","orang Arwadi, orang Semari, dan orang Hamati. Seiring berjalannya waktu, kaum keluarga Kanaan ini pun tersebar."
hamati,1,"dhèu Arwadi, dhèu Semari, dènge dhèu Hamati. Ana-èpu Kanaꞌan se, pea palème dꞌai era dhu kajꞌèu,","orang Arwadi, orang Semari, dan orang Hamati. Seiring berjalannya waktu, kaum keluarga Kanaan ini pun tersebar."
seiring,1,"dhèu Arwadi, dhèu Semari, dènge dhèu Hamati. Ana-èpu Kanaꞌan se, pea palème dꞌai era dhu kajꞌèu,","orang Arwadi, orang Semari, dan orang Hamati. Seiring berjalannya waktu, kaum keluarga Kanaan ini pun tersebar."
berjalannya,1,"dhèu Arwadi, dhèu Semari, dènge dhèu Hamati. Ana-èpu Kanaꞌan se, pea palème dꞌai era dhu kajꞌèu,","orang Arwadi, orang Semari, dan orang Hamati. Seiring berjalannya waktu, kaum keluarga Kanaan ini pun tersebar."
lasa,1,"toke too rai rèngu mulai nèti Sidon taruu asa Gerar, dꞌai Gasa. Nèti èèna, laꞌe dꞌai Sodom, Gomora, Adma dènge Seboim, dꞌai kota Lasa.","Wilayah orang Kanaan membentang dari Sidon ke arah Gerar sampai ke Gaza, dan ke arah Sodom, Gomora, Adma, Zeboim, sampai ke Lasa."
lud,1,"Ana-èpu Sem, ka: Elam, Asyur, Arpaksad, Lud dènge Aram.","Keturunan Sem adalah Elam, Asyur, Arpakhsad, Lud, dan Aram."
hul,1,"Ana-èpu Aram ka: dhèu Us, dhèu Hul, dhèu Geter, dènge dhèu Mas.","Keturunan Aram adalah Us, Hul, Geter, dan Mas."
geter,1,"Ana-èpu Aram ka: dhèu Us, dhèu Hul, dhèu Geter, dènge dhèu Mas.","Keturunan Aram adalah Us, Hul, Geter, dan Mas."
mas,1,"Ana-èpu Aram ka: dhèu Us, dhèu Hul, dhèu Geter, dènge dhèu Mas.","Keturunan Aram adalah Us, Hul, Geter, dan Mas."
almodad,1,"Ana-èpu Yoktan, ka: Almodad, Selef, Hasar-Mawet, Yera,","Yoktan adalah ayah Almodad, Selef, Hazar-Mawet, Yerah,"
selef,1,"Ana-èpu Yoktan, ka: Almodad, Selef, Hasar-Mawet, Yera,","Yoktan adalah ayah Almodad, Selef, Hazar-Mawet, Yerah,"
yerah,1,"Ana-èpu Yoktan, ka: Almodad, Selef, Hasar-Mawet, Yera,","Yoktan adalah ayah Almodad, Selef, Hazar-Mawet, Yerah,"
hadoram,1,"Hadoram, Usal, Dikla,","Hadoram, Uzal, Dikla,"
uzal,1,"Hadoram, Usal, Dikla,","Hadoram, Uzal, Dikla,"
dikla,1,"Hadoram, Usal, Dikla,","Hadoram, Uzal, Dikla,"
obal,1,"Obal, Abimael, Syeba,","Obal, Abimael, Syeba,"
abimael,1,"Obal, Abimael, Syeba,","Obal, Abimael, Syeba,"
ofir,1,"Ofir, Hawila, dènge Yobab. Rèngu aaꞌi-aaꞌi se, ana-èpu Yoktan.","Ofir, Hawila, dan Yobab; semuanya adalah keturunan Yoktan."
mesa,1,"Era pea rèngu, mulai nèti Mesa, taruu dꞌai Sefar, nuka era dhu kabhuku re sebhe dhimu.",Wilayah mereka membentang dari Mesa ke arah Sefar di pegunungan sebelah timur.
sefar,1,"Era pea rèngu, mulai nèti Mesa, taruu dꞌai Sefar, nuka era dhu kabhuku re sebhe dhimu.",Wilayah mereka membentang dari Mesa ke arah Sefar di pegunungan sebelah timur.
logat,1,"Uru-uru tèka na, dhèu ètu rai-haha ne, dhoka lii èci di.","Pada saat itu, seluruh bumi itu memiliki satu bahasa dan logat yang sama."
bata,1,"Rèngu aaꞌi-aaꞌi rare lii èci, aku rèngu na, “Aꞌari, ee! Mai ta patitu kota kapai aae cue. Ti tao hadhu bata; ti tunu paꞌadhu. Èèna na, èdhi pudhi sa dedha, ho ti tape dènge èi dama. Ho èèna na, ti patitu manara dedha aae èci, dhu kolo nèngu na dꞌai dedha-liru, sèna ka èdhi abhu kolongara kapai. Ho sèna ka èdhi jꞌajꞌi ca kabarai aae, dhu pahagꞌa ia ka.”","Lalu, mereka berkata satu sama lain, “Mari kita membuat batu bata dan membakarnya baik-baik.” Lalu, mereka memakai bata-bata itu sebagai batu dan aspal sebagai perekatnya. Kemudian, mereka berkata, “Mari kita membangun kota bagi kita dengan menara yang puncaknya sampai ke langit, dan marilah kita membuat nama bagi kita supaya kita jangan tersebar ke seluruh muka bumi.”"
perekatnya,1,"Rèngu aaꞌi-aaꞌi rare lii èci, aku rèngu na, “Aꞌari, ee! Mai ta patitu kota kapai aae cue. Ti tao hadhu bata; ti tunu paꞌadhu. Èèna na, èdhi pudhi sa dedha, ho ti tape dènge èi dama. Ho èèna na, ti patitu manara dedha aae èci, dhu kolo nèngu na dꞌai dedha-liru, sèna ka èdhi abhu kolongara kapai. Ho sèna ka èdhi jꞌajꞌi ca kabarai aae, dhu pahagꞌa ia ka.”","Lalu, mereka berkata satu sama lain, “Mari kita membuat batu bata dan membakarnya baik-baik.” Lalu, mereka memakai bata-bata itu sebagai batu dan aspal sebagai perekatnya. Kemudian, mereka berkata, “Mari kita membangun kota bagi kita dengan menara yang puncaknya sampai ke langit, dan marilah kita membuat nama bagi kita supaya kita jangan tersebar ke seluruh muka bumi.”"
puncaknya,1,"Rèngu aaꞌi-aaꞌi rare lii èci, aku rèngu na, “Aꞌari, ee! Mai ta patitu kota kapai aae cue. Ti tao hadhu bata; ti tunu paꞌadhu. Èèna na, èdhi pudhi sa dedha, ho ti tape dènge èi dama. Ho èèna na, ti patitu manara dedha aae èci, dhu kolo nèngu na dꞌai dedha-liru, sèna ka èdhi abhu kolongara kapai. Ho sèna ka èdhi jꞌajꞌi ca kabarai aae, dhu pahagꞌa ia ka.”","Lalu, mereka berkata satu sama lain, “Mari kita membuat batu bata dan membakarnya baik-baik.” Lalu, mereka memakai bata-bata itu sebagai batu dan aspal sebagai perekatnya. Kemudian, mereka berkata, “Mari kita membangun kota bagi kita dengan menara yang puncaknya sampai ke langit, dan marilah kita membuat nama bagi kita supaya kita jangan tersebar ke seluruh muka bumi.”"
yiska,1,"Abram madhèdi dènge Sarai. Nahor leo dènge ana bhèni Haran, ngara na Milka. Haran abhu ana mone èci kahèi, ngara na Yiska.","Abram dan Nahor mengambil istri. Istri Abram bernama Sarai dan istri Nahor bernama Milka, anak Haran, ayah Milka dan Yiska."
cucunya,1,"Ca tèka, Tera nèti ana na Abram, dènge Sarai dhèu èmu Abram, dènge èpu na Lot, lasi tèke eele rae Ur, neo lasi asa rai Kanaꞌan. Te ngaa lasi dꞌai rae Haran, rèngu pea ka ètu èèna.","Dari Ur-Kasdim, Terah membawa Abram, anaknya, Lot anak Haran, cucunya, dan Sarai, menantunya, istri Abram, ke tanah Kanaan. Ketika sampai di Haran, mereka menetap di sana."
masyhur,1,"Èèna na, Jaꞌa hia mèngi-nale mi èu. Aa ana-èpu èu, èèna na, bèba-kacanga, jꞌajꞌi suku dhu kapai, toke dhèu tadhe kolongara èu. Ho bèli-camèdꞌa, èu jꞌajꞌi berkat hia dhèu leo kahèi.","Aku akan menjadikanmu suatu bangsa yang besar, dan Aku akan memberkatimu, dan membuat namamu masyhur, dan kamu akan menjadi berkat."
keponakannya,1,"Lodꞌo èèna, umur Abram 75 (pidhu nguru lèmi) tèu. Na nèti dhèu èmu na Sarai, aa dènge ana ari na, Lot, dènge mèdha-panyau ra aaꞌi-aaꞌi, aa dènge dhèu sabꞌa na aaꞌi-aaꞌi dhu na abhu ètu kota Haran. Hèia Abram si lasi ka, tèke eele kota Haran, asa era dhu LAMATUA peka le dènge ne. Ka ra kako taruu, dꞌai rai èci, ngara na Kanaꞌan.","Lalu, Abram pergi seperti yang telah difirmankan TUHAN kepadanya dan Lot turut besertanya. Abram berumur 75 tahun ketika dia pergi dari Haran. Dia membawa Sarai, istrinya, dan Lot, keponakannya, dan semua harta yang telah mereka kumpulkan, serta orang-orang yang diperolehnya di Haran. Mereka pergi ke tanah Kanaan. Kemudian, mereka tiba di tanah Kanaan."
more,1,"Dꞌai era èèna, Abram kako palème rai ne, toke dꞌai padètu dènge rae èci, ngara na Sikem. Ka ra pea taha ètu èèna, padètu dènge ajꞌu aae ca kapua ètu More. Lodꞌo èèna, dhèu Kanaꞌan dhu pea ètu èèna era.","Abram berjalan melalui tanah itu sampai ke suatu tempat di Sikhem, di pohon tarbantin More. Pada masa itu, orang Kanaan tinggal di tanah itu."
negeb,1,"Èle èèna ka, na pidha-pidha era, dꞌai rai Negeb re ca bèka balèu nèti rai Kanaꞌan.","Kemudian, Abram meneruskan perjalanannya menuju Negeb."
melepasnya,1,"Hèia dhèu aae paredha dhèu sabꞌa na sèra, babège eele Abram, dhèu èmu na, rèti dènge dhèu aa mèdha-panyau aaꞌi-aaꞌi ra, kalua nèti rai èèna.","Kemudian, Firaun memberikan perintah kepada orang-orangnya tentang Abram sehingga mereka melepasnya pergi beserta dengan istrinya dan segala kepunyaannya."
mendiami,1,"Te ngaa era èèna taleo boe, ho Abram dènge Lot aa dènge kakaja ra bisa pea paꞌèci. Nèti èèna ka, ana madhenge badha Abram dènge Lot sèra jꞌajꞌi patao-palaha, lula jꞌuꞌu ètu era èèna dꞌai boe hia badha rèngu. (Lodꞌo èèna, dhèu Kanaꞌan dènge dhèu Feris, dhu pea ètu èèna era.)","sehingga negeri itu tidak cukup lagi menampung mereka untuk hidup bersama-sama. Karena harta milik mereka sangat banyak, mereka tidak dapat tinggal bersama-sama lagi. Lalu, terjadilah perselisihan di antara para gembala ternak Abram dan para gembala ternak Lot. Pada masa itu, orang Kanaan dan orang Feris mendiami negeri itu."
pisahkanlah,1,"De hua iia dua ti pahagꞌa ka laa. Rai ne, taleo. De ladhe èu dꞌèi rai ca bèka kariu na, jaꞌa abhu re ca bèka gꞌana. Te ngaa ladhe èu dꞌèi re ca bèka gꞌana, na jaꞌa re ca bèka kariu.”","Bukankah seluruh tanah ini ada di hadapanmu? Pisahkanlah dirimu dariku. Jika kamu ke sebelah kiri, aku akan pergi ke kanan. Jika kamu pergi ke sebelah kanan, aku akan pergi ke kiri.”"
terairi,1,"Hèia Lot ladhe palème. Ka na ladhe nèdhi rai taleo ètu sebhe loko Yarden dhu madha èi ae, toke dꞌai rae Soar. Era ne, rai hèu mèngi sama sèmi oka LAMATUA, dènge rai Masir kahèi. (Lodꞌo èèna, LAMATUA dhae huku mèka kota Sodom dènge kota Gomora. De rai èèna, beꞌa era.)","Lalu, Lot mengarahkan matanya dan melihat seluruh Lembah Yordan, yang terairi dengan baik di mana-mana seperti taman TUHAN, seperti tanah Mesir ke arah Zoar. Keadaan itu adalah sebelum TUHAN membinasakan Sodom dan Gomora."
jelajahi,1,"De lamu kako palème madhutu madhera dènge bhabhèla na. Te rai se aaꞌi-aaꞌi ra, Jaꞌa hia mi èu.”","Bangunlah, jelajahi tanah itu menurut panjang dan lebarnya sebab Aku akan memberikannya kepadamu.”"
bera,1,"Lodꞌo èèna, dhèu aae leo dhèu lèmi, paꞌèci kahèi. Nuka: Bera, dhèu aae rai Sodom. Birsa, dhèu aae rai Gomora. Sinab, dhèu aae rai Adema. Semeber, dhèu aae rai Seboim. Dènge Bela, dhèu aae rai Soar. Ka èpa dhèu aae se, lasi pamusu dènge lèmi dhèu aae sèra.","mereka mengadakan perang terhadap Bera, raja Sodom; Birsya, raja Gomora; Syinab, raja Adma; Syemeber, raja Zeboim; dan, Zoar, raja Bela."
birsya,1,"Lodꞌo èèna, dhèu aae leo dhèu lèmi, paꞌèci kahèi. Nuka: Bera, dhèu aae rai Sodom. Birsa, dhèu aae rai Gomora. Sinab, dhèu aae rai Adema. Semeber, dhèu aae rai Seboim. Dènge Bela, dhèu aae rai Soar. Ka èpa dhèu aae se, lasi pamusu dènge lèmi dhèu aae sèra.","mereka mengadakan perang terhadap Bera, raja Sodom; Birsya, raja Gomora; Syinab, raja Adma; Syemeber, raja Zeboim; dan, Zoar, raja Bela."
syinab,1,"Lodꞌo èèna, dhèu aae leo dhèu lèmi, paꞌèci kahèi. Nuka: Bera, dhèu aae rai Sodom. Birsa, dhèu aae rai Gomora. Sinab, dhèu aae rai Adema. Semeber, dhèu aae rai Seboim. Dènge Bela, dhèu aae rai Soar. Ka èpa dhèu aae se, lasi pamusu dènge lèmi dhèu aae sèra.","mereka mengadakan perang terhadap Bera, raja Sodom; Birsya, raja Gomora; Syinab, raja Adma; Syemeber, raja Zeboim; dan, Zoar, raja Bela."
syemeber,1,"Lodꞌo èèna, dhèu aae leo dhèu lèmi, paꞌèci kahèi. Nuka: Bera, dhèu aae rai Sodom. Birsa, dhèu aae rai Gomora. Sinab, dhèu aae rai Adema. Semeber, dhèu aae rai Seboim. Dènge Bela, dhèu aae rai Soar. Ka èpa dhèu aae se, lasi pamusu dènge lèmi dhèu aae sèra.","mereka mengadakan perang terhadap Bera, raja Sodom; Birsya, raja Gomora; Syinab, raja Adma; Syemeber, raja Zeboim; dan, Zoar, raja Bela."
zuzim,1,"Ka maso tèu ka canguru èpa, Kedarlaomer dènge angalai na dhèu aae dhèu tèlu sera, mai dènge sordadꞌu ra. Hèia ra pamusu ka, ka ra segi pèri-pèri rai. Nuka: dhèu Refaim ètu rai Asterot-Karnaim; dhèu Susim ètu rai Ham; dhèu Emim ètu rai Sawe-Kiryataim,","Pada tahun keempat belas, datanglah Kedorlaomer bersama raja-raja yang menyertainya dan mengalahkan orang Refaim di Asyterot-Karnaim, orang Zuzim di Ham, orang Emim di Syawe-Kiryataim,"
emim,1,"Ka maso tèu ka canguru èpa, Kedarlaomer dènge angalai na dhèu aae dhèu tèlu sera, mai dènge sordadꞌu ra. Hèia ra pamusu ka, ka ra segi pèri-pèri rai. Nuka: dhèu Refaim ètu rai Asterot-Karnaim; dhèu Susim ètu rai Ham; dhèu Emim ètu rai Sawe-Kiryataim,","Pada tahun keempat belas, datanglah Kedorlaomer bersama raja-raja yang menyertainya dan mengalahkan orang Refaim di Asyterot-Karnaim, orang Zuzim di Ham, orang Emim di Syawe-Kiryataim,"
mengerahkan,1,"Ropa Abram tadèngi na dhèu kèpe rèti le Lot, ana ari na, ka Abram pakaboko nare dhèu-dhèu sabꞌa na dhu reꞌa pamusu. Aaꞌi-aaꞌi ra 318 (tèlu ngasu canguru aru) dhèu. Ka lasi magèla èpa dhèu aae sèra, asa badae aae lasi dꞌai rae Dan.","Ketika Abram mengetahui bahwa saudaranya telah ditawan, dia mengerahkan orang-orangnya yang terlatih, yang lahir di rumahnya, sebanyak 318 orang, dan mengejar mereka sampai ke Dan."
hoba,1,"Ètu era èèna, Abram hagꞌe dhèu na sèra, mi pèri-pèri kaboko. Dꞌara mèda èèna kahèi, lasi age si, dènge jꞌara paꞌoke. Ka Abram si lasi bate dhèu se dꞌai rae Hoba, ètu bèka badae kota Damsik.","Dia membagi pasukannya, yaitu dia dan pelayan-pelayannya, untuk melawan mereka pada waktu malam, lalu memukul mereka, dan mengejar mereka sampai ke Hoba di sebelah utara Damsyik."
syawe,1,"Ropa Abram segi nare dhèu aae èpa sèra, ka na lèpa. Hèia dhèu aae Sodom mai soru ne ètu dꞌara mamoo Sawe (dhu dhèu biasa peka na, Mamoo Dhèu Aae).","Kemudian, Raja Sodom keluar untuk menemuinya di Lembah Syawe, yaitu lembah raja, sekembalinya dia dari mengalahkan Kedorlaomer dan raja-raja yang bersamanya."
sekembalinya,1,"Ropa Abram segi nare dhèu aae èpa sèra, ka na lèpa. Hèia dhèu aae Sodom mai soru ne ètu dꞌara mamoo Sawe (dhu dhèu biasa peka na, Mamoo Dhèu Aae).","Kemudian, Raja Sodom keluar untuk menemuinya di Lembah Syawe, yaitu lembah raja, sekembalinya dia dari mengalahkan Kedorlaomer dan raja-raja yang bersamanya."
perisaimu,1,"Èle èèna ka, LAMATUA padꞌelo iisi Na mi Abram. Ka Na peka, aku Nèngu na, “Abram! Èu baku madhaꞌu. Lula Jaꞌa ka dhu jꞌajꞌi mi tami ho bhiri èu nèti musu. Aa Jaꞌa hia aꞌoto mi dedha èu.”","Setelah semua ini, firman TUHAN datang kepada Abram dalam suatu penglihatan, firman-Nya, “Jangan takut, Abram, Akulah perisaimu, pahalamu akan sangat besar.”"
pahalamu,1,"Èle èèna ka, LAMATUA padꞌelo iisi Na mi Abram. Ka Na peka, aku Nèngu na, “Abram! Èu baku madhaꞌu. Lula Jaꞌa ka dhu jꞌajꞌi mi tami ho bhiri èu nèti musu. Aa Jaꞌa hia aꞌoto mi dedha èu.”","Setelah semua ini, firman TUHAN datang kepada Abram dalam suatu penglihatan, firman-Nya, “Jangan takut, Abram, Akulah perisaimu, pahalamu akan sangat besar.”"
warisku,1,"Te ngaa, aku Abram na, “Masi ka Ama Lamatua hia ae-ae èèna ka, jꞌajꞌi boe mi ngaa sa èci. Lula jaꞌa ne dènge boe ana matana, ho hia jaꞌa ana-èpu. De dhu neo unu ae-ae sèmi èèna, tao mi ngaa? Neu-neu ka, noto mi ènu jaꞌa Elieser, dhèu Damsik èèna. Nèngu ka dhu sèmi nare aaꞌi-aaꞌi.”","Lalu, Abram berkata, “Ya, Tuhan ALLAH, apakah yang akan Engkau berikan kepadaku sebab aku tidak punya anak dan ahli waris rumahku adalah Eliezer, orang Damsyik itu?” Kata Abram lagi, “Lihatlah, karena Engkau tidak memberikan keturunan kepadaku, sesungguhnya orang yang lahir di rumahku adalah ahli warisku.”"
hitunglah,1,"Hèia nèti Abram asa liꞌu, ka Na peka, “Èu ladhe ku asa dedha-liru nèi. Ladhe paie ku hua-hètu sèi. Bisa iga more, do aadꞌo? Bèli-camèdꞌa, ana-èpu èu sama sèmi hua-hètu sèi!”","Kemudian, TUHAN membawa Abram ke luar dan berfirman, “Pandanglah langit dan hitunglah bintang-bintang kalau kau dapat menghitungnya.” Dia pun berfirman lagi kepada Abram, “Seperti itulah keturunanmu nanti.”"
tekukur,1,"Ka Na dhaa, peka na, “Sèmi neꞌe! Mai ti tao madha jꞌara èci, dhu paꞌèki lii padhai lii Jaꞌa deo na. De lamu more sapi rena ciꞌu, kahibꞌi rena ciꞌu, dènge kahibꞌi-kalèbho mone ciꞌu. Aaꞌi-aaꞌi sèra hudꞌi dhu umur tèlu tèu. Aa mèti kahèi koro iia ciꞌu, dènge koro jꞌaha ciꞌu.”","TUHAN berfirman kepada Abram, “Bawalah kepada-Ku seekor sapi betina yang berumur 3 tahun, seekor kambing betina yang berumur 3 tahun, seekor domba jantan yang berumur 3 tahun, seekor burung tekukur, dan seekor merpati muda.”"
membelahnya,1,"Ka Abram laꞌe nare badha sèra. Hèia na kacèbꞌe bagi mi dua, sapi, kahibꞌi, dènge kahibꞌi-kalèbho sèra. Ka na pale sisi se mi rai, dhu èci patangara dènge èci, jꞌajꞌi mi dua bꞌaris. Te ngaa na kacèbꞌe boe manu-bhui sèra.","Kemudian, Abram mengambil semua itu untuk-Nya, dan membelahnya menjadi dua, dan meletakkan belahan-belahan itu berhadapan satu sama lain. Namun, dia tidak membelah burung-burung itu."
pemangsa,1,"Ka manu-bhui dhu tema raꞌa sisi sèra, mai ho neo raꞌa sisi seꞌe. Te ngaa Abram bhabhoo eele si.","Ketika burung-burung pemangsa mendekati daging-daging itu, Abram menghalau mereka."
meliputinya,1,"Ropa lodꞌo cèna, Abram bhèjꞌi luu. Na nii, kuri na maroga mai sarimu nare nèngu, ka na madhaꞌu titu kèna.","Ketika matahari mulai terbenam, Abram tertidur lelap. Lihatlah, kegelapan yang mengerikan dan dahsyat meliputinya."
berasap,1,"Ropa dꞌai mèda sa, cagꞌagꞌa laa ètu era èèna, abhu èru rai èci dhu sèbꞌu poka-poka, dènge badhu ai èci dhu heo, kako re sasanga sisi dua baris se.","Setelah matahari terbenam dan hari sangat gelap, lihat, perapian yang berasap dan obor yang menyala-nyala berjalan di antara potongan-potongan daging itu."
keni,1,"dènge rai dhèu Keni, dhèu Kenas, dhèu Kadmon,","yaitu tanah orang Keni, orang Kenas, orang Kadmon,"
kadmon,1,"dènge rai dhèu Keni, dhèu Kenas, dhèu Kadmon,","yaitu tanah orang Keni, orang Kenas, orang Kadmon,"
yebus,1,"dhèu Amori, dhèu Kanaꞌan, dhèu Girgasi, dènge dhèu Yebus.”","orang Amori, orang Kanaan, orang Girgasi, dan orang Yebus.”"
mencegahku,1,"Tèu èèna, Abram lèpa hari le nèti Masir, ka na pea le canguru tèu ètu Kanaꞌan. Dhèu èmu na Sarai abhu mèka kolo. Sarai dènge ènu bhèni ca dhèu nèti Masir, ngara na Hagar. Ca lodꞌo, Sarai peka dènge Abram, aku nèngu na, “Aꞌa. LAMATUA hia boe jaꞌa ana. De hua iia, lamu jꞌunu dènge ènu jaꞌa, Hagar, sèna ka na hia jaꞌa ana.” Ka Abram madhutu lii dhèu èmu na. Ka Sarai hia Hagar jꞌajꞌi dhèu èmu ka dua Abram.","Pada saat itu, Sarai, istri Abram, tidak mempunyai anak. Sarai mempunyai hamba perempuan dari Mesir bernama Hagar. Lalu, Sarai berkata kepada Abram, “Lihatlah, TUHAN mencegahku melahirkan anak. Karena itu, aku mohon kepadamu, bersetubuhlah dengan hambaku, mungkin aku dapat memiliki anak melaluinya.” Abram pun mendengarkan suara Sarai. Jadi, setelah sepuluh tahun lamanya Abram tinggal di tanah Kanaan, Sarai, istri Abram mengambil Hagar, hambanya, orang Mesir itu, dan memberikannya kepada Abram, suaminya, untuk menjadi istrinya."
nyonyanya,1,"Hèia Abram jꞌunu dènge Hagar, ka na dènge babia. Ropa Hagar neꞌa nèngu dènge babia le, ka na padedha iisi na, aa na pahae heka Sarai.","Lalu, Abram bersetubuh dengan Hagar sehingga perempuan itu mengandung. Ketika Hagar tahu bahwa dia mengandung, dia pun memandang rendah nyonyanya itu."
kuterima,1,"Ka Sarai peka dènge Abram, aku nèngu na, “Jaꞌa ka dhu hia nèngu mi èu jꞌajꞌi dhèu èmu ka dua. Te ngaa ropa na dènge babia, na pusi pahae heka jaꞌa! Neꞌe ne, sala èu! De hudꞌi laa, sèna ka LAMATUA ka dhu pamaꞌète lii èdhi dua ti! Heka èu meꞌa kèna!”","Sarai berkata kepada Abram, “Kiranya penghinaan yang kuterima ini menjadi tanggung jawabmu! Aku telah memberikan hambaku ke dalam pelukanmu, tetapi ketika dia tahu bahwa dia mengandung, dia memandang rendah aku. Kiranya TUHAN menjadi hakim antara aku dan engkau!”"
pelukanmu,1,"Ka Sarai peka dènge Abram, aku nèngu na, “Jaꞌa ka dhu hia nèngu mi èu jꞌajꞌi dhèu èmu ka dua. Te ngaa ropa na dènge babia, na pusi pahae heka jaꞌa! Neꞌe ne, sala èu! De hudꞌi laa, sèna ka LAMATUA ka dhu pamaꞌète lii èdhi dua ti! Heka èu meꞌa kèna!”","Sarai berkata kepada Abram, “Kiranya penghinaan yang kuterima ini menjadi tanggung jawabmu! Aku telah memberikan hambaku ke dalam pelukanmu, tetapi ketika dia tahu bahwa dia mengandung, dia memandang rendah aku. Kiranya TUHAN menjadi hakim antara aku dan engkau!”"
kaupandang,1,"Ka Abram dhaa, peka na, “Sèmi neꞌe, wee! Èu ne, dhèu èmu uru. Aa nèngu, dhèu èmu limuri. De èu ne dhu mèdꞌu paredha. De èu neo tao ne tasamia, èèna ètu èu na!” Ka Sarai mulai tao sakaa hua dènge Hagar, hèia na rai.","Akan tetapi, Abram berkata kepada Sarai, “Lihatlah, hambamu itu ada dalam kuasamu. Karena itu, perlakukanlah dia menurut yang kaupandang baik.” Lalu, Sarai memperlakukan Hagar dengan kasar sehingga dia melarikan diri."
nyonyaku,1,"Ka na lii, aku nèngu na, “Èu ne Hagar, ènu Sarai. Nga tao ka èu ètu neꞌe? Èu mai nèti mia, aa lamu mia?” Hèia Hagar dhaa, aku nèngu na, “Jaꞌa rai nèti dꞌara èmu lamatua jaꞌa.”","Kata Malaikat itu, “Hagar, hamba Sarai, dari manakah kamu dan ke mana kamu akan pergi?” Jawab Hagar, “Aku melarikan diri dari Sarai, nyonyaku.”"
nyonyamu,1,"Ka ana pajuu èèna pamako ne, aku nèngu na, “Sèmi neꞌe! Beꞌa risi, èu lèpa hari asa adhe-aai Sarai, lamatua èu. Masi ka na tao èu tasamia èèna ka, sèmi la.","Kemudian, Malaikat TUHAN berkata kepadanya, “Kembalilah kepada nyonyamu dan tunduklah di bawah otoritasnya.”"
otoritasnya,1,"Ka ana pajuu èèna pamako ne, aku nèngu na, “Sèmi neꞌe! Beꞌa risi, èu lèpa hari asa adhe-aai Sarai, lamatua èu. Masi ka na tao èu tasamia èèna ka, sèmi la.","Kemudian, Malaikat TUHAN berkata kepadanya, “Kembalilah kepada nyonyamu dan tunduklah di bawah otoritasnya.”"
penderitaanmu,1,"Èu dhu dènge babia. Nèbhu heka, èu mora iisi ana mone ca dhèu. Èèna na mu pangare ne Ismael (dhu sasoa na ‘Lamatua tadèngi’), lula LAMATUA tadèngi le lii roma iisi èu.","Lalu, Malaikat TUHAN itu berkata lagi kepadanya, “Dengar, kamu sedang mengandung dan akan melahirkan anak laki-laki. Kamu akan menamainya Ismael sebab TUHAN telah mendengar tentang penderitaanmu."
sungguhkah,1,"Ropa tadèngi nare, Hagar ngee ka ètu dꞌara na, aku nèngu na, “Jaꞌa kèdhi le LAMATUA, dhu ladhe-leru aa madhenge jaꞌa.” Hèia na hia ngara mi Lamatua, “Lamatua dhu ladhe-leru jaꞌa.”","Lalu, Hagar memanggil nama TUHAN yang berbicara kepadanya itu dengan sebutan, “Engkaulah El-Roi!” sebab katanya, “Sungguhkah di sini aku telah melihat Dia yang telah melihat aku?”"
bered,1,"Nèti èèna ka, dhèu pangare madha èi na, Beer Lahai Roi, dhu sasoa na “Madha èi nèti Nèngu dhu mamuri, dhu ladhe-leru jaꞌa.” Era na, ètu talora aae nèti rae Kades dènge rae Beret. Madha èi ne, abhu era toke dꞌai sange neꞌe.","Itulah sebabnya, mata air itu dinamakan sumur Lahai-Roi, yang terletak di antara Kadesh dan Bered."
khitanmu,1,"Neꞌe ne, mone aaꞌi-aaꞌi hudꞌi suna, mulai nèti umur aru lodꞌo. Aꞌari èu, dhèu-dhèu sabꞌa èu, dènge ènu dhu èu hèli more nèti rai leo, aaꞌi-aaꞌi ra hudꞌi suna si. Suna na jꞌajꞌi tadha mi ngiꞌu miu, dhu paꞌèki èdhi taa-taa.","Kamu harus memotong kulit khitanmu, dan itu akan menjadi tanda perjanjian antara Aku dan kamu. Setiap bayi laki-laki yang berumur 8 hari dalam keturunanmu juga harus disunat, baik yang lahir di rumahmu ataupun yang kamu beli dari orang asing, yaitu mereka yang tidak termasuk dalam keturunanmu. Jadi, baik yang lahir di rumahmu maupun yang dibeli dengan uangmu, mereka harus disunat. Dengan begitu, perjanjian-Ku ada dalam dagingmu sebagai perjanjian yang kekal."
khatannya,1,"Mone mia dhu suna boe, rèngu sèra maso boe ètu dꞌara lii pajaji Jaꞌa ne, aa rèngu sèra jꞌajꞌi boe dhèu Jaꞌa kahèi.”","Namun, laki-laki yang tidak disunat, yaitu yang kulit khatannya tidak dipotong, dia harus disingkirkan dari bangsanya sebab dia telah mengingkari perjanjian-Ku.”"
melipatgandakannya,1,"Jaꞌa tadèngi le ngaa dhu èu manèngi kahèi, hia Ismael. Nèti èèna ka, Jaꞌa hia berkat mi nèngu kahèi, aa hia ana-èpu na tabha ae. Bèli-camèdꞌa ana-èpu Ismael ne, jꞌajꞌi mi canguru dua kapala suku. Aa ana-èpu na suku èci dhu kapai.","Mengenai Ismael, Aku telah mendengarkanmu. Lihatlah, Aku telah memberkatinya, membuatnya beranak cucu, dan akan melipatgandakannya menjadi sangat banyak. Darinya akan lahir dua belas raja dan Aku akan menjadikannya bangsa yang besar."
remaslah,1,"Hèia Abraham pamèri sa dꞌara paleo, laꞌe peka dènge Sara, aku nèngu na, “Mèri! More tarigu dhu beꞌa risi, ca saku, ho tao roti!”","Abraham cepat-cepat masuk ke dalam tenda, kepada Sara, dan berkata, “Cepat! Ambillah 3 sukat tepung yang baik, remaslah, dan buatlah roti-roti bundar.”"
empuk,1,"Ka rai laꞌe hari asa era sapi na, hèia kèpe ana sapi kabèbꞌu ciꞌu. Ka na pua dhèu sabꞌa na sa, pare.","Kemudian, Abraham berlari menuju kawanan sapinya dan mengambil seekor anak sapi yang empuk dan baik, lalu dia menyerahkannya kepada seorang muda, dan orang itu segera mengolahnya."
dadih,1,"Hèia laꞌe nare susu, keju dènge sisi dhu heka nasu èèna, nèti hia tamu sèra raꞌa. Abraham titu taruu ètu mamaho ajꞌu, ho na lalau si.","Lalu, dia mengambil dadih dan susu, serta sapi yang sudah diolah itu, kemudian dia meletakkannya di hadapan ketiga orang itu. Dia berdiri di dekat mereka di bawah pohon, lalu mereka pun makan."
diolah,1,"Hèia laꞌe nare susu, keju dènge sisi dhu heka nasu èèna, nèti hia tamu sèra raꞌa. Abraham titu taruu ètu mamaho ajꞌu, ho na lalau si.","Lalu, dia mengambil dadih dan susu, serta sapi yang sudah diolah itu, kemudian dia meletakkannya di hadapan ketiga orang itu. Dia berdiri di dekat mereka di bawah pohon, lalu mereka pun makan."
haid,1,"Lodꞌo èèna, Abraham dènge Sara dhu heka bhoro le, ngaa hari Sara dhu abhu heka hèru.","Abraham dan Sara sudah tua, mereka telah lanjut umur, Sara pun sudah tidak haid."
mengantar,1,"Èle ka, dhèu tèlu se pakèdꞌi neo lasi asa kota Sodom. Ka Abraham lere si dꞌai talora jꞌara. Nèti era èèna, ladhe rèdhi kota Sodom.","Kemudian, orang-orang itu bangun dari situ dan mereka memandang ke arah Sodom, dan Abraham berjalan bersama mereka untuk mengantar mereka."
merahasiakan,1,"Ka LAMATUA ngee ètu dꞌara Na, “Hua iia Jaꞌa peka dènge Abraham, Jaꞌa neo palaho kota Sodom.","TUHAN berkata, “Apakah Aku harus merahasiakan kepada Abraham tentang apa yang akan Aku lakukan,"
terlampau,1,"Hèia LAMATUA peka dènge Abraham, aku Nèngu na, “Sèmi neꞌe! Jaꞌa tadèngi le, lii roma iisi dhèu ae, peka na, dhèu kota Sodom dènge Gomora bhabhelu ra seli-kolane.","Kemudian TUHAN berkata, “Karena teriakan tentang Sodom dan Gomora sangat keras, dan karena dosa mereka terlampau berat,"
singgahlah,1,"Ka na padhai lii, aku nèngu na, “Mai lati dhuli ku èmu jaꞌa la. Sèna ka ama si rase haga, aa jꞌunu ètu èmu jaꞌa. Pe bèli madꞌae, heka ama si kako hari kèna.” Ra dhaa, aku rèngu na, “Makasi. Te ngaa repo ia ka. Hudꞌi laa jiꞌi jꞌunu ètu dꞌara lapa.”","Lot berkata, “Tuan-tuan, mohon singgahlah di rumah hambamu ini dan menginaplah, cucilah kakimu, dan Tuan-tuan dapat bangun pagi-pagi untuk melanjutkan perjalanan.” Akan tetapi, mereka berkata, “Tidak, kami akan bermalam di alun-alun kota.”"
menginaplah,1,"Ka na padhai lii, aku nèngu na, “Mai lati dhuli ku èmu jaꞌa la. Sèna ka ama si rase haga, aa jꞌunu ètu èmu jaꞌa. Pe bèli madꞌae, heka ama si kako hari kèna.” Ra dhaa, aku rèngu na, “Makasi. Te ngaa repo ia ka. Hudꞌi laa jiꞌi jꞌunu ètu dꞌara lapa.”","Lot berkata, “Tuan-tuan, mohon singgahlah di rumah hambamu ini dan menginaplah, cucilah kakimu, dan Tuan-tuan dapat bangun pagi-pagi untuk melanjutkan perjalanan.” Akan tetapi, mereka berkata, “Tidak, kami akan bermalam di alun-alun kota.”"
memanggang,1,"Te ngaa Lot pamako si loe boe, ka lasi manubha asa èmu na. Ka Lot si tunu roti, lalau mei, ka raꞌa-rinu paꞌèci.","Namun, dia terus mendesak mereka sehingga mereka pun singgah kepadanya dan masuk ke dalam rumahnya. Kemudian, dia menyiapkan makanan bagi mereka dan memanggang roti tak beragi, lalu mereka pun makan."
terkecuali,1,"Dhu dua ra lasi mèka jꞌunu, cagꞌagꞌa laa, dhèu mone Sodom aaꞌi-aaꞌi, ana mone ngèru toke dꞌai mone heka, mai reo rare èmu Lot.","Namun, sebelum mereka berbaring, para laki-laki dari kota itu, yaitu laki-laki Sodom, mengepung rumah itu, baik yang tua maupun yang muda, semua orang tanpa terkecuali."
pandang,1,"Mi nanene ku jaꞌa laa! Ana bhèni jaꞌa, dhèu dua. Dua ra dhu paꞌèci mèka dènge dhèu mone. Jaꞌa hia miu. Mere, ho mi tao tasamia èèna ka, sadꞌi madhutu dadꞌèi miu. Sadꞌi miu baku tao karehe mi tamu jaꞌa dhèu dua se. Lula madhutu adꞌa èdhi, jaꞌa ka dhu hudꞌi jꞌaga si.”","Lihatlah, aku mempunyai dua anak perempuan yang belum pernah bersetubuh dengan laki-laki. Aku mohon, biarlah aku membawa mereka kepadamu dan perlakukanlah mereka menurut apa yang kamu pandang baik, asal jangan lakukan apa pun terhadap orang-orang ini sebab mereka datang untuk berlindung di bawah atap rumahku.”"
berlagak,1,"Masi ka sèmi èèna, dhèu Sodom se paꞌoo maꞌète boe, aku rèngu na, “Èu ne, baku patabha! Te èu ne, dhèu tao mai ètu kabarai jiꞌi ne! De èu dènge boe hak ho kai jiꞌi. Hua iia, èu pakajꞌèu nèti era neꞌe. Te, ladhe lamu boe, jiꞌi tao èu bia risi nèti dhèu dua seꞌe!” Ka ra tule eele Lot, hèia aaꞌi-aaꞌi ra rai lasi jꞌèje babèdho èmu.","Akan tetapi, orang-orang itu berkata, “Mundur!” Mereka berkata lagi, “Orang ini datang ke sini untuk menumpang tinggal dan dia berlagak seperti hakim! Sekarang, kami akan berbuat lebih jahat terhadapmu daripada terhadap mereka!” Karena itu, mereka terus mendorong orang itu dengan kasar, yaitu Lot, dan mendekat untuk mendobrak pintu."
mendobrak,1,"Masi ka sèmi èèna, dhèu Sodom se paꞌoo maꞌète boe, aku rèngu na, “Èu ne, baku patabha! Te èu ne, dhèu tao mai ètu kabarai jiꞌi ne! De èu dènge boe hak ho kai jiꞌi. Hua iia, èu pakajꞌèu nèti era neꞌe. Te, ladhe lamu boe, jiꞌi tao èu bia risi nèti dhèu dua seꞌe!” Ka ra tule eele Lot, hèia aaꞌi-aaꞌi ra rai lasi jꞌèje babèdho èmu.","Akan tetapi, orang-orang itu berkata, “Mundur!” Mereka berkata lagi, “Orang ini datang ke sini untuk menumpang tinggal dan dia berlagak seperti hakim! Sekarang, kami akan berbuat lebih jahat terhadapmu daripada terhadap mereka!” Karena itu, mereka terus mendorong orang itu dengan kasar, yaitu Lot, dan mendekat untuk mendobrak pintu."
kebutaan,1,"Dua ra tao pabèdhu ana madha dhèu Sodom aaꞌi-aaꞌi ra, ka rèdhi heka ngaa-ngaa. Ra gogo tenge babèdho, te ngaa abhu boe.","Setelah itu, mereka memukul orang-orang yang berada di depan pintu itu dengan kebutaan, dari yang kecil sampai yang besar sehingga mereka kesulitan mencari-cari pintu itu."
calon,1,"Hèia Lot laꞌe paraga dènge ana mone dhèu dua, dhu lii dꞌai ana bhèni na. Ka na peka, “Dua mi nanene paie! Rai ka nèti dꞌara kota ne, te LAMATUA neo palaho eele ne!” Te ngaa ra pangee na, Lot padhai lii paleko di.","Lalu, Lot pergi dan berbicara kepada calon-calon menantunya yang akan mengawini anak-anak perempuannya, katanya, “Ayo, tinggalkan kota ini karena TUHAN akan segera membinasakannya!” Namun, bagi kedua calon menantunya itu, dia tampak seperti orang yang sedang bercanda."
bercanda,1,"Hèia Lot laꞌe paraga dènge ana mone dhèu dua, dhu lii dꞌai ana bhèni na. Ka na peka, “Dua mi nanene paie! Rai ka nèti dꞌara kota ne, te LAMATUA neo palaho eele ne!” Te ngaa ra pangee na, Lot padhai lii paleko di.","Lalu, Lot pergi dan berbicara kepada calon-calon menantunya yang akan mengawini anak-anak perempuannya, katanya, “Ayo, tinggalkan kota ini karena TUHAN akan segera membinasakannya!” Namun, bagi kedua calon menantunya itu, dia tampak seperti orang yang sedang bercanda."
tersusul,1,"Mema ama si pamamuri le jiꞌi se. Te ngaa ledhe nèi kajꞌèu bia nèti neꞌe! Mage dhoka jiꞌi dꞌai mèka nèi, jꞌajꞌèra dhu magee nare le jiꞌi èèna, ètu talora jꞌara.","Lihat, hambamu ini sudah mendapat belas kasihan di matamu dan engkau sudah menunjukkan kemurahan dengan menyelamatkan nyawa hamba. Namun, aku tidak sanggup melarikan diri ke pegunungan itu sehingga bisa-bisa aku akan tersusul oleh malapetaka itu, lalu mati!"
dituju,1,"Ama ladhe ku laa. Rae iiki cue dhu kajꞌèu boe nèti era neꞌe. Rae nèi dhu kolongara aadꞌo. Ladhe ama dꞌèi, jiꞌi laꞌa pasoru iisi asa nèi!”","Lihatlah, kota itu cukup dekat untuk dituju dan kota itu kecil. Izinkanlah hamba melarikan diri ke sana supaya nyawaku selamat. Bukankah itu kota kecil?”"
mengabulkan,1,"Ka na dhaa, peka na, “Oo! Lami ka! Te èèna na, jaꞌa palaho boe rae nèi.","Malaikat itu berkata kepada Lot, “Baiklah, aku juga akan mengabulkan permintaanmu ini dan tidak akan membinasakan kota yang kamu sebutkan itu."
permintaanmu,1,"Ka na dhaa, peka na, “Oo! Lami ka! Te èèna na, jaꞌa palaho boe rae nèi.","Malaikat itu berkata kepada Lot, “Baiklah, aku juga akan mengabulkan permintaanmu ini dan tidak akan membinasakan kota yang kamu sebutkan itu."
menghujani,1,"Cagꞌagꞌa laa, LAMATUA sadutu ai dènge èi nasu nèti dedha-liru asa Sodom dènge Gomora.","Kemudian, TUHAN menghujani Sodom dan Gomora dengan belerang dan api dari langit, yaitu dari TUHAN."
wilayahnya,1,"LAMATUA pakèpu-ladhu ai kota dènge rae aaꞌi-aaꞌi ètu dꞌara rai èèna, dènge ngaa-ngaa dhu mamuri ètu èèna, nuka: dhèu, badha-manu, dènge ana aajꞌu.","Dia menunggangbalikkan kota-kota itu, seluruh lembah, seluruh penduduk, dan membinasakan kedua kota itu dan seluruh wilayahnya, termasuk semua penduduk, dan apa pun yang tumbuh di atas tanah."
semalam,1,"Hèia asa bèli èèna, aꞌa na peka dènge ari na, aku nèngu na, “Mèda deo na, jaꞌa jꞌunu le dènge ama èdhi. De mèda neꞌe, èu kèna. Èdhi hia ne hari ninu mahu, ho lamu jꞌunu dènge ne. Sèna ka èdhi dua ti abhu ana, ho hia ana-èpu mi ama èdhi.”","Hari berikutnya, anak yang sulung berkata kepada adiknya, “Semalam, aku bersetubuh dengan ayah, mari kita juga membuatnya minum anggur malam ini supaya kamu juga dapat masuk dan bersetubuh dengannya. Dengan demikian, kita dapat meneruskan keturunan melalui ayah kita.”"
kauambil,1,"Dꞌara ca mèda sa, Ama Lamatua padꞌelo iisi Na dènge dhèu aae ètu dꞌara nii. Na peka, “Mamadhe èu ne dètu kèna! Lula èu more dhèu èmu dhèu.”","Akan tetapi, pada suatu malam, Allah berkata kepada Abimelekh dalam mimpi, firman-Nya, “Kamu akan mati sebab perempuan yang kauambil itu adalah istri orang lain.”"
ketidakbersalahan,1,"Hèia Abimelek dhaa, peka na, “Lamatua! Jaꞌa dhae paꞌèci mèka dènge bhèni na. Aa jaꞌa sasala aadꞌo. Abraham unu na ka dhu peka, bhèni na, ana hèni nèngu! Aa bhèni na dhaa sèmi èèna kahèi. Nèti èèna ka, jaꞌa hia dhèu lasi lii dꞌai ne, dènge dꞌara mola. De Lamatua baku padꞌui jaꞌa sasala!”","Namun, Abimelekh belum mendekati Sara dan dia berkata, “Tuhan, apakah Engkau akan membunuh bangsa yang tidak bersalah? Bukankah dia sendiri yang berkata kepadaku, ‘Perempuan ini adalah adikku,’? Lalu, bukankah perempuan itu juga berkata, ‘Laki-laki ini adalah kakakku,’? Aku melakukan ini dalam ketulusan hatiku dan ketidakbersalahan tanganku.”"
mencegahmu,1,"Ka Lamatua dhaa, peka na, “Tareꞌa. Mema Jaꞌa keꞌa dꞌara èu mola. Nèti èèna ka, Jaꞌa ka dhu taha èu, ho baku paꞌèci dènge ne. Dènge jꞌara sèmi èèna, èu tao boe sala mi Jaꞌa hèi.","Kemudian, Allah berfirman kepadanya dalam mimpi, “Ya, Aku tahu bahwa kamu melakukan hal ini dalam ketulusan hatimu. Aku yang mencegahmu berbuat dosa terhadap Aku. Karena itu, Aku tidak membiarkanmu menyentuhnya."
kembalikanlah,1,"De èu mèti hari ka bhèni ne, lèpa sa dhèu èmu na. Mone na ka dhu nèti lii padhue-padhai Jaꞌa. De lamu manèngi ne, sèna ka na sabajꞌa hia èu, ho èu baku madhe. Sanèdꞌe paie! Ladhe èu hia boe bhèni na lèpa, èu dènge kabarai èu madhe aaꞌi mèu-mèu.”","Sekarang, kembalikanlah istri orang itu karena dia adalah seorang nabi. Dia akan berdoa untukmu supaya kamu akan hidup. Namun, jika kamu tidak mengembalikan istrinya kepadanya, ketahuilah bahwa kamu dan semua yang bersama denganmu pasti akan mati.”"
pikirku,1,"Ka Abraham dhaa, peka na, “Ama dhèu aae! Jaꞌa pangee na, miu aaꞌi-aaꞌi mi, kabarai ne dhèu dhu tadhe boe Ama Lamatua. De ele boe cahagꞌe neo pamadhe jaꞌa, sèna ka parame rare dhèu èmu jaꞌa.","Kata Abraham, “Pikirku, sesungguhnya rasa takut akan Allah tidak ada dalam tempat ini sehingga mereka akan membunuhku karena istriku."
kesucianmu,1,"Èle èèna ka, dhèu aae Abimelek pangèdꞌu hari Sara laꞌe asa Abraham. Ka na peka dènge Sara, “Èèna na, jaꞌa hia ana mone mu doi iia ca riho, sèna ka jꞌajꞌi tadha jaꞌa tao boe sala ngaa-ngaa mi èu. Ho hudꞌi sène, dhèu aaꞌi-aaꞌi ra reꞌa!” Hèia dhèu aae peka dènge Abraham, aku nèngu na, “Kabarai jaꞌa ne, dhu bhoke tèke hia èu. Èu neo pea mi era mia èèna ka, jaꞌa hia èu.” Ka Abimelek hia Abraham sapi, kahibꞌi-kaꞌia, dènge kahibꞌi-kalèbho. Na hia kahèi ènu dhèu mone dènge dhèu bhèni.","Abimelekh mengambil domba, sapi, serta hamba laki-laki dan perempuan, lalu memberikannya kepada Abraham. Abimelekh juga mengembalikan Sara, istri Abraham, kepadanya. Kata Abimelekh, “Lihatlah, negeriku ada di hadapanmu. Tinggallah di mana pun kamu suka.” Abimelekh berkata kepada Sara, “Dengarlah, aku memberikan 1000 syikal perak kepada kakakmu sebagai bukti kesucianmu di hadapan semua orang yang bersama-sama denganmu. Di hadapan semua orang, namamu dibersihkan.”"
menyusahkanmu,1,"Lula Ama Lamatua dhu tadèngi lii tangi Ismael, ka ana pajuu Na mai nèti sorga, ka paroa Hagar, aku nèngu na, “Hagar! Nga tao ka, èu jꞌèra ae sèmi neꞌe ne? Baku madhaꞌu ia ka, te Lamatua tadèngi le lii tangi ana èu.","Allah mendengar suara anak itu, lalu Malaikat Allah memanggil Hagar dari surga dan berkata kepadanya, “Apa yang menyusahkanmu, Hagar? Jangan takut sebab Allah telah mendengar suara anak itu di tempatnya."
tegakkan,1,"De kèdꞌi lamu more ana nèi. Paꞌèra dꞌara na, te bèli-camèdꞌa Jaꞌa pajꞌajꞌi ana-èpu na, suku èci dhu kapai.”",Bangunlah! Angkat anak itu dan tegakkan dia dengan tanganmu sebab Aku akan menjadikannya suatu bangsa yang besar.”
meminumkannya,1,"Ka Ama Lamatua pasaraa musi madha na. Cagꞌagꞌa laa nèdhi dènge, èi ca madha ètu era èèna. Hèia laꞌe soli èi asa dꞌara baboꞌi, ka na panginu ana na Ismael.","Kemudian, Allah membuka mata Hagar sehingga dia melihat sebuah sumur. Lalu, Hagar pergi dan mengisi kantong kulit itu dengan air, dan meminumkannya kepada anaknya."
paran,1,"Ka Ismael dènge ina na Hagar pea dènge ka ètu dꞌara mamoo Paran. Ismael asa na kapai, aa neꞌa mèu kataki. Ka ina na paleo ne dènge ana bhèni Masir ca dhèu. Seꞌe se jꞌajꞌi, lula Ama Lamatua bera-bera dènge Ismael.",Allah menyertai anak itu dan dia bertambah besar. Ismael hidup di padang belantara dan menjadi pemanah. Dia tinggal di padang belantara Paran dan ibunya mengambilkan istri dari tanah Mesir baginya.
cicitku,1,"De jaꞌa manèngi, sèna ka èu subha ètu katanga madha Ama Lamatua, dhu peka na, èu bisa boe kapodꞌe-kabèli jaꞌa, dènge ana-èpu jaꞌa aaꞌi-aaꞌi ra. Sèmi dhu jaꞌa tao le beꞌa mi èu, na, èu hudꞌi tao beꞌa kahèi mi jaꞌa dènge kabarai jaꞌa.”","Jadi, bersumpahlah kepadaku di sini, di hadapan Allah, bahwa kamu tidak akan berlaku curang terhadap aku, kepada anak-anakku, atau kepada cucu cicitku. Akan tetapi, seperti kebaikan yang telah kutunjukkan kepadamu, tunjukkanlah kebaikanmu kepadaku dan kepada negeri yang kamu tumpangi ini.”"
tumpangi,1,"De jaꞌa manèngi, sèna ka èu subha ètu katanga madha Ama Lamatua, dhu peka na, èu bisa boe kapodꞌe-kabèli jaꞌa, dènge ana-èpu jaꞌa aaꞌi-aaꞌi ra. Sèmi dhu jaꞌa tao le beꞌa mi èu, na, èu hudꞌi tao beꞌa kahèi mi jaꞌa dènge kabarai jaꞌa.”","Jadi, bersumpahlah kepadaku di sini, di hadapan Allah, bahwa kamu tidak akan berlaku curang terhadap aku, kepada anak-anakku, atau kepada cucu cicitku. Akan tetapi, seperti kebaikan yang telah kutunjukkan kepadamu, tunjukkanlah kebaikanmu kepadaku dan kepada negeri yang kamu tumpangi ini.”"
tamariska,1,"Èle èèna ka, Abraham sèle ajꞌu tamareska ca kapua ètu Beer Syeba. Karèi nèti lodꞌo èèna, ajꞌu ne pasanèdꞌe Abraham, lula ètu era èèna ka, nèngu mangajꞌi LAMATUA dhu Mamuri Toke Dꞌai Mia-Mia.","Abraham menanam pohon tamariska di Bersyeba dan di situ dia menyerukan nama TUHAN, Allah yang kekal."
menyerukan,1,"Èle èèna ka, Abraham sèle ajꞌu tamareska ca kapua ètu Beer Syeba. Karèi nèti lodꞌo èèna, ajꞌu ne pasanèdꞌe Abraham, lula ètu era èèna ka, nèngu mangajꞌi LAMATUA dhu Mamuri Toke Dꞌai Mia-Mia.","Abraham menanam pohon tamariska di Bersyeba dan di situ dia menyerukan nama TUHAN, Allah yang kekal."
kaukasihi,1,"Ka Ama Lamatua peka dènge ne, “Mu nanene paie-iie! More ana pasue èu mone mesa na. Mèti ne asa rai Moria, ho tao ne jꞌajꞌi korban tunu hia Jaꞌa. Pe dꞌai nèi, Jaꞌa heka pajꞌujꞌu era dhu ètu ledhe èci.”","Dia berfirman, “Bawalah Ishak, anakmu satu-satunya, yang kaukasihi itu, ke tanah Moria. Lalu, persembahkanlah dia di sana sebagai kurban bakaran di salah satu gunung yang akan Kutunjukkan kepadamu.”"
moria,1,"Ka Ama Lamatua peka dènge ne, “Mu nanene paie-iie! More ana pasue èu mone mesa na. Mèti ne asa rai Moria, ho tao ne jꞌajꞌi korban tunu hia Jaꞌa. Pe dꞌai nèi, Jaꞌa heka pajꞌujꞌu era dhu ètu ledhe èci.”","Dia berfirman, “Bawalah Ishak, anakmu satu-satunya, yang kaukasihi itu, ke tanah Moria. Lalu, persembahkanlah dia di sana sebagai kurban bakaran di salah satu gunung yang akan Kutunjukkan kepadamu.”"
memelana,1,"Dꞌai bèli madꞌae aae na, Abraham sègꞌi ajꞌu sèna ka tao kadhèna. Na èki, ka na hue asa dedha keledꞌei. Ka dua ra dènge Isak, aa dènge dhèu sabꞌa na dhèu dua, pakèdꞌi asa era dhu Lamatua peka dènge ne.","Pagi-pagi sekali, bangunlah Abraham dan memelana keledainya. Dia mengajak dua dari pelayannya bersamanya dan juga Ishak, anaknya. Dia membelah kayu untuk kurban bakaran, lalu dia bersiap dan berangkat ke tempat yang telah difirmankan Allah kepadanya."
kayunya,1,"hèia Isak paroa ama na, aku nèngu na, “Ama!” Ka Abraham dhaa, aku nèngu na, “Nga tao, ana?” Hèia Isak karèi, aku nèngu na, “Èdhi neo lati tunu korban. De ai dènge kadhèna ka seꞌe le. Te ngaa ana kahibꞌi-kalèbho dhu èdhi pake jꞌajꞌi korban, ka mia?”","Ishak berkata kepada ayahnya, “Ayahku!” Abraham menjawab, “Ya, Nak?” Ishak bertanya, “Lihat, api dan kayunya ada di sini, tetapi mana domba untuk persembahan bakarannya?”"
bakarannya,1,"hèia Isak paroa ama na, aku nèngu na, “Ama!” Ka Abraham dhaa, aku nèngu na, “Nga tao, ana?” Hèia Isak karèi, aku nèngu na, “Èdhi neo lati tunu korban. De ai dènge kadhèna ka seꞌe le. Te ngaa ana kahibꞌi-kalèbho dhu èdhi pake jꞌajꞌi korban, ka mia?”","Ishak berkata kepada ayahnya, “Ayahku!” Abraham menjawab, “Ya, Nak?” Ishak bertanya, “Lihat, api dan kayunya ada di sini, tetapi mana domba untuk persembahan bakarannya?”"
mempersembahkannya,1,"Hèia Abraham ladhe nèdhi kahibꞌi-kalèbho mone ciꞌu, dhu tadhu na pakai nare dadana aajꞌu dhu karoki. Ka na laꞌe kèpe nare, ho tunu jꞌajꞌi mi korban hia Ama Lamatua, gati ana na.","Kemudian, Abraham mengangkat wajahnya dan melihat seekor domba jantan yang tanduknya tersangkut di semak belukar. Lalu, Abraham pergi untuk mengambil domba jantan itu dan mempersembahkannya sebagai kurban bakaran menggantikan anaknya."
diberitakanlah,1,"Ca lodꞌo, Abraham tadèngi na, dhèu èmu ari na Nahor, dhu ngara na Milka, nara iisi ana na.","Setelah semua peristiwa ini, diberitakanlah mengenai hal ini kepada Abraham, “Ketahuilah, Milka juga telah menjadi ibu. Dia telah melahirkan anak-anak laki-laki bagi Nahor, saudaramu."
bus,1,"Ana uru, ngara na Us. Ari na, Bus. Èle ka, nara iisi hari Kemuel (dhu jꞌajꞌi ama Aram.)","Anaknya yang sulung adalah Us, kemudian Bus, adiknya, dan Kemuel, nenek moyang orang Aram."
kemuel,1,"Ana uru, ngara na Us. Ari na, Bus. Èle ka, nara iisi hari Kemuel (dhu jꞌajꞌi ama Aram.)","Anaknya yang sulung adalah Us, kemudian Bus, adiknya, dan Kemuel, nenek moyang orang Aram."
kesed,1,"Ka na abhu hari Kesed, Haso, Pildas, Yidlaf, dènge Betuel.","Kemudian, Kesed, Hazo, Pildash, Yidlaf, dan Betuel.”"
hazo,1,"Ka na abhu hari Kesed, Haso, Pildas, Yidlaf, dènge Betuel.","Kemudian, Kesed, Hazo, Pildash, Yidlaf, dan Betuel.”"
pildash,1,"Ka na abhu hari Kesed, Haso, Pildas, Yidlaf, dènge Betuel.","Kemudian, Kesed, Hazo, Pildash, Yidlaf, dan Betuel.”"
yidlaf,1,"Ka na abhu hari Kesed, Haso, Pildas, Yidlaf, dènge Betuel.","Kemudian, Kesed, Hazo, Pildash, Yidlaf, dan Betuel.”"
reuma,1,"Nahor abhu ana kahèi nèti bhèni piara na, ngara na Reuma. Ana Reuma, nuka: Teba, Gaham, Tahas, dènge Maaka.","Gundik Nahor yang bernama Reuma juga melahirkan anak laki-laki, yaitu Tebah, Gaham, Tahash, dan Maakha."
tebah,1,"Nahor abhu ana kahèi nèti bhèni piara na, ngara na Reuma. Ana Reuma, nuka: Teba, Gaham, Tahas, dènge Maaka.","Gundik Nahor yang bernama Reuma juga melahirkan anak laki-laki, yaitu Tebah, Gaham, Tahash, dan Maakha."
gaham,1,"Nahor abhu ana kahèi nèti bhèni piara na, ngara na Reuma. Ana Reuma, nuka: Teba, Gaham, Tahas, dènge Maaka.","Gundik Nahor yang bernama Reuma juga melahirkan anak laki-laki, yaitu Tebah, Gaham, Tahash, dan Maakha."
tahash,1,"Nahor abhu ana kahèi nèti bhèni piara na, ngara na Reuma. Ana Reuma, nuka: Teba, Gaham, Tahas, dènge Maaka.","Gundik Nahor yang bernama Reuma juga melahirkan anak laki-laki, yaitu Tebah, Gaham, Tahash, dan Maakha."
maakha,1,"Nahor abhu ana kahèi nèti bhèni piara na, ngara na Reuma. Ana Reuma, nuka: Teba, Gaham, Tahas, dènge Maaka.","Gundik Nahor yang bernama Reuma juga melahirkan anak laki-laki, yaitu Tebah, Gaham, Tahash, dan Maakha."
pekuburannya,1,"“Sèmi neꞌe, ama! Nèbhu nare sange neꞌe, jiꞌi se tadhe le ama, dhu sama sèmi ca dhèu, dhèu heka dhu jiꞌi pakabꞌua. De sadꞌi ama dꞌèi rai mia dhu beꞌa, dhu pamèci dènge dadꞌèi ama. Jiꞌi se dhoka ngoꞌo di; dhèu èci sa dhu magee boe.”","“Dengarlah kami, ya Tuan, engkau adalah seorang pemimpin besar di tengah-tengah kami. Kuburkanlah jenazah istrimu itu di pekuburan terpilih di tempat kami. Tidak ada satu pun dari kami yang akan menolakmu dari pekuburannya supaya engkau dapat menguburkan orang matimu.”"
temuilah,1,"Ka na padhai lii, peka na, “Ladhe miu sèmi lii jaꞌa na, jaꞌa manèngi ho peka dènge ana mone Sohar, dhu ngara na Efron.","Dia berkata kepada mereka, “Jika kamu telah menyetujui agar aku dapat menguburkan orang matiku dari hadapanku ini, dengarkanlah aku dan temuilah Efron keturunan Zohar itu demi aku,"
harganya,1,"Hèia, aku Efron na, “Rai èèna, kabꞌua na, dhoka èpa ngasu doi pudhi di. Guna ngaa èdhi dua ti padhue kabꞌua rai ciki ooꞌe èèna, dhu sasoa na aadꞌo. De lamu ka, ho mèti dhèu madhe na, sèna ka padhane ne ètu nèi.”","Efron menjawab Abraham, katanya, “Tuanku, dengarkanlah aku, sebidang tanah itu harganya 400 syikal perak, tetapi apalah artinya itu bagiku dan bagimu? Jadi, kuburkanlah orang matimu.”"
menimbang,1,"Ka Abraham dꞌèi kahèi dènge kabꞌua na sange èèna, madhutu sèmi lii Efron. Hèia ètu madha dhèu ae-ae sèra, na ige nare doi pudhi èpa ngasu, tihe kabꞌua rai èèna mi Efron.","Abraham mendengar perkataan Efron. Dia menimbang perak sebanyak yang dikatakan Efron, yang didengar oleh keturunan Het, yaitu 400 syikal perak, sesuai dengan berat perak yang berlaku di antara para pedagang."
asalmu,1,"Hèia dhèu sabꞌa ne karèi Abraham, aku nèngu na, “Beꞌa, ama! Te ngaa, sèmi ana bhèni na dꞌèi boe mai asa neꞌe, na tasamia? Ladhe sèmi èèna, hudꞌi jaꞌa kèti ana ama ku, ho hia ne leo-èmu ètu nèi, do tasamia?”","Hamba itu berkata kepadanya, “Bagaimana jika perempuan itu tidak mau ikut denganku ke negeri ini? Haruskah aku membawa anakmu ke negeri asalmu?”"
beraneka,1,"Ka dhèu èèna pili nare badha onta canguru ngiꞌu. Hèia na hua rupa-rupa mèdha dhu kabꞌua asa dedha onta se. Hèia laꞌe ka asa kota Nahor, ètu rai Mesopotamia.","Kemudian, hamba itu membawa sepuluh ekor unta dari kawanan unta tuannya dan pergi. Dia juga membawa beraneka ragam barang bagus milik tuannya dan pergi ke Mesopotamia, ke kota Nahor."
ragam,1,"Ka dhèu èèna pili nare badha onta canguru ngiꞌu. Hèia na hua rupa-rupa mèdha dhu kabꞌua asa dedha onta se. Hèia laꞌe ka asa kota Nahor, ètu rai Mesopotamia.","Kemudian, hamba itu membawa sepuluh ekor unta dari kawanan unta tuannya dan pergi. Dia juga membawa beraneka ragam barang bagus milik tuannya dan pergi ke Mesopotamia, ke kota Nahor."
turunkan,1,"De jaꞌa manèngi sèmi neꞌe: ladhe jaꞌa padhai lii dènge ana bhèni èci, peka na, ‘Ana, ee! Papuru ku èru èi èu hia jaꞌa kinu.’ Ho ladhe na dhaa, peka na, ‘Ama, minu la! Aa, pe jaꞌa hia dènge onta ama, rinu hèi!’ Jꞌara neꞌe ne jꞌajꞌi tadha dhu peka na, ana bhèni ne ka dhu Ama Lamatua pajꞌujꞌu, jꞌajꞌi mi dhèu èmu Isak! Dènge tadha sèmi neꞌe, jaꞌa keꞌa na Lamatua padꞌelo le babeꞌa mi Abraham, lamatua jaꞌa èèna.”","Kalau gadis yang kepadanya aku berkata, ‘Tolong turunkan kendimu supaya aku dapat minum,’ menjawab dengan, ‘Minumlah dan aku juga akan memberi minum unta-untamu,’ dialah yang Engkau tetapkan bagi hamba-Mu, Ishak. Dengan demikian, aku akan mengetahui bahwa Engkau telah menunjukkan kemurahan-Mu kepada tuanku.”"
menimbanya,1,"Ka laꞌe bhori èi dhu risi, asa dꞌara karabꞌa badha. Hèia na caꞌe-laꞌe mai pèri-pèri hari, dhui èi, ho hia onta se rinu toke bècu.","Lalu, Ribka segera menuangkan seluruh isi kendinya ke dalam palungan, lalu berlari kembali ke sumur untuk menimba air, dan dia menimbanya untuk semua unta orang itu."
mendapatinya,1,"Ana mone Ribka, ngara na Laban. Ropa Laban ladhe nèdhi mèdha hualaa se, aa na tadèngi lii lolo ana hèni na, ka rai asa liꞌu laꞌe. Laꞌe soru dhèu sabꞌa Abraham dhu titu era dènge onta ra ètu madha èi.","Ribka mempunyai seorang saudara laki-laki bernama Laban, dan Laban berlari keluar untuk menemui hamba Abraham itu di dekat mata air. Hal itu dilakukannya segera setelah dia melihat anting-anting dan gelang yang dikenakan pada tangan adiknya, serta mendengar perkataan Ribka: “Begitulah yang dikatakan orang itu kepadaku.” Laban menemui hamba Abraham itu dan mendapatinya berdiri di sebelah unta-untanya di dekat mata air."
disajikan,1,"Ropa lalau rare ngangaꞌa-nginu ètu dedha mei, dhèu sabꞌa ne padhai lii, aku nèngu na, “Jiꞌi neo ngaꞌa ne, te ngaa jaꞌa lole uuru ku, mamai jaꞌa ne.” Ka Laban dhaa, peka na, “Ama, mu padhai lii ngaa, na peka ka laa.”","Kemudian, makanan disajikan di hadapannya untuk dimakan. Namun, dia berkata, “Aku tidak akan makan sampai aku selesai mengatakan apa yang harus aku katakan.” Laban berkata kepadanya, “Berbicaralah.”"
kataku,1,"Hèia jaꞌa karèi ne, aku jaꞌa na, ‘Tasamia, ladhe ana bhèni ne, noꞌo boe madhutu jaꞌa mai sa neꞌe?’","Kataku kepada tuanku itu, ‘Bagaimana jika perempuan itu tidak mau ikut denganku?’"
kaumku,1,"Ka na peka, ‘LAMATUA dhu jaꞌa madhutu dadꞌèi Na, pe Na paleha ana pajuu Na nèti sorga, mai bhoke jꞌara hia èu, sèna ka èu abhu ana bhèni ca dhèu nèti aꞌari jaꞌa unu ku, ho jꞌajꞌi mi dhèu èmu ana jaꞌa.","Jawab tuanku, ‘TUHAN, yang di hadapan-Nya aku berjalan, akan mengutus malaikat-Nya untuk menyertai dan membuat perjalananmu berhasil sehingga kamu akan mengambilkan seorang istri untuk anakku dari tengah-tengah kaumku dan dari keluarga ayahku."
memasangkan,1,"Ka jaꞌa karèi ne, ‘Ama mu, ngara na cee?’ Ka na dhaa, peka na, ‘Ama ku, ngara na Betuel. Aa baki ku, ngara na Nahor. Dènge ngara bèi ku, Milka.’ Hèia jaꞌa papake ne kadheli mi sahènga na, dènge pasaluu kanau hualaa ca pasa mi ai kariu dènge ai gꞌana na.","Kemudian, aku bertanya kepadanya, ‘Anak siapakah engkau?’ Jawabnya, ‘Anak perempuan Betuel, dia adalah anak laki-laki yang dilahirkan Milka bagi Nahor.’ Aku pun memasangkan anting-anting pada hidungnya dan gelang pada tangannya."
buruknya,1,"Ropa dhèu sabꞌa ne padhai lii nare, ka Laban dènge Betuel dhaa, aku rèngu na, “Ladhe LAMATUA dhu adꞌu nare le madha jꞌara ne, jiꞌi peka lii ngaa hari.","Kemudian, Laban dan Betuel menjawab, “Karena hal ini berasal dari TUHAN, kami tidak dapat mengatakan kepadamu baik atau buruknya."
pengasuhnya,1,"Hèia ra hia Ribka dènge bhèni dhu leru ne karèi nèti ana iiki ka, ho lasi palere dènge dhèu sabꞌa Abraham sèra. Ka ra hia Ribka mèngi-nale, aku rèngu na, “Jiꞌi sanao-maena sèna ka Ama Lamatua hia èu mora iisi ana ae-ae, ho ana-èpu mu dꞌai riho-kehi. Aa jiꞌi sanao kahèi, sèna ka ana-èpu èu sèra segi aaꞌi musu rèngu sèra!”","Jadi, mereka mengizinkan Ribka dan pengasuhnya pergi bersama hamba Abraham dan orang-orangnya. Mereka memberkati Ribka dan berkata kepadanya, “Adik perempuan kami, biarlah kamu menjadi berpuluh-puluh ribu; dan kiranya keturunanmu menduduki pintu gerbang negeri-negeri yang memusuhi mereka.”"
untanya,1,"Ropa Ribka ladhe nèdhi Isak, hèia na puru lai-lai nèti dedha onta.","Ribka juga melayangkan pandangannya dan melihat Ishak, lalu dia turun dari untanya."
cadarnya,1,"Ka na karèi dhèu sabꞌa Abraham, aku nèngu na, “Dhèu mone cee ka mai nèi?” Ka dhèu ne dhaa, peka na, “Nèngu na, ana lamatua jaꞌa kèna.” Hèia Ribka nare salalu na, paꞌabhe rèhu na.","Dia bertanya kepada hamba itu, “Siapakah laki-laki yang sedang berjalan di ladang untuk menemui kita?” Hamba itu menjawab, “Dialah tuanku.” Lalu, Ribka mengambil cadarnya dan menutupi dirinya."
zimran,1,"Hèia Ketura matana ana hia ne. Ana se, ngara ra: Simran, Yoksan, Medan, Midian, Isbak, dènge Sua.","Ketura melahirkan Zimran, Yoksan, Medan, Midian, Isybak, dan Suah bagi Abraham."
isybak,1,"Hèia Ketura matana ana hia ne. Ana se, ngara ra: Simran, Yoksan, Medan, Midian, Isbak, dènge Sua.","Ketura melahirkan Zimran, Yoksan, Medan, Midian, Isybak, dan Suah bagi Abraham."
suah,1,"Hèia Ketura matana ana hia ne. Ana se, ngara ra: Simran, Yoksan, Medan, Midian, Isbak, dènge Sua.","Ketura melahirkan Zimran, Yoksan, Medan, Midian, Isybak, dan Suah bagi Abraham."
letush,1,"Ana Yoksan ka: Seba dènge Dedan. Ana-èpu Dedan nuka, dhèu Asyur, dhèu Letus, dènge dhèu Leum.","Bagi Yoksan, lahirlah Syeba dan Dedan. Keturunan Dedan adalah orang Asyur, orang Letush, dan orang Leum."
leum,1,"Ana Yoksan ka: Seba dènge Dedan. Ana-èpu Dedan nuka, dhèu Asyur, dhèu Letus, dènge dhèu Leum.","Bagi Yoksan, lahirlah Syeba dan Dedan. Keturunan Dedan adalah orang Asyur, orang Letush, dan orang Leum."
efa,1,"Ana Midian ka: Efa, Efer, Henok, Abida dènge Eldaa. Rèngu aaꞌi-aaꞌi se, ana-èpu Ketura.","Keturunan Midian adalah Efa, Efer, Henokh, Abida, dan Eldaa. Mereka semua adalah keturunan Ketura."
efer,1,"Ana Midian ka: Efa, Efer, Henok, Abida dènge Eldaa. Rèngu aaꞌi-aaꞌi se, ana-èpu Ketura.","Keturunan Midian adalah Efa, Efer, Henokh, Abida, dan Eldaa. Mereka semua adalah keturunan Ketura."
abida,1,"Ana Midian ka: Efa, Efer, Henok, Abida dènge Eldaa. Rèngu aaꞌi-aaꞌi se, ana-èpu Ketura.","Keturunan Midian adalah Efa, Efer, Henokh, Abida, dan Eldaa. Mereka semua adalah keturunan Ketura."
eldaa,1,"Ana Midian ka: Efa, Efer, Henok, Abida dènge Eldaa. Rèngu aaꞌi-aaꞌi se, ana-èpu Ketura.","Keturunan Midian adalah Efa, Efer, Henokh, Abida, dan Eldaa. Mereka semua adalah keturunan Ketura."
gundiknya,1,"Lodꞌo dhu Abraham mamuri era, na hagꞌe nare le mèdha-panyau hia ana Hagar dènge ana-ana Ketura, èci-èci ka dènge unu na. Èle èèna ka, Abraham pua si lasi pea re bèka dhimu rai Kanaꞌan, sèna ka ra pakajꞌèu nèti ana na Isak. Ka pusaka na aaꞌi-aaꞌi, na pangèdꞌu mi ana na Isak.","Abraham memberikan segala sesuatu yang dimilikinya kepada Ishak. Akan tetapi, kepada anak-anak dari para gundiknya, Abraham memberikan banyak hadiah kepada mereka. Selagi Abraham masih hidup, dia menyuruh mereka pergi dari Ishak, anaknya, ke sebelah timur, ke tanah timur."
dijalaninya,1,"Lodꞌo umur Abraham dꞌai 175 (ca ngasu pidhu nguru lèmi) tèu, na madhe.","Inilah seluruh tahun kehidupan Abraham yang telah dijalaninya, yaitu 175 tahun. Abraham mengembuskan napas terakhirnya dan mati pada usia yang sangat tua, genap tahun-tahunnya, dan dia dikumpulkan bersama nenek moyangnya."
kedar,1,"Ana-ana Ismael, mone dhèu canguru dua. Ngara ra dhu madhutu nèti dhu uru tèka dꞌai ana limuri tèka, nuka: Nebayot, Kedar, Adbeel, Mibsam, Misma, Duma, Masa, Hadad, Tema, Yetur, Nafis, dènge Kedma. Ana-ana sèra ka, jꞌajꞌi bèi-baki nèti canguru dua suku, dhu èci-èci ka dènge kabarai ra. Ra pangare kabarai ra èci-èci, madhutu ngara bèi-baki ra.","Inilah nama anak-anak laki-laki Ismael sesuai nama-nama mereka: Nebayot, anak sulung Ismael, lalu Kedar, Adbeel, Mibsam, Misyma, Duma, Masa, Hadad, Tema, Yetur, Nafish, dan Kedma. Itulah keturunan Ismael dan itulah nama-nama mereka sesuai kampung dan pemukiman mereka, masing-masing dua belas pemimpin menurut suku-suku mereka."
adbeel,1,"Ana-ana Ismael, mone dhèu canguru dua. Ngara ra dhu madhutu nèti dhu uru tèka dꞌai ana limuri tèka, nuka: Nebayot, Kedar, Adbeel, Mibsam, Misma, Duma, Masa, Hadad, Tema, Yetur, Nafis, dènge Kedma. Ana-ana sèra ka, jꞌajꞌi bèi-baki nèti canguru dua suku, dhu èci-èci ka dènge kabarai ra. Ra pangare kabarai ra èci-èci, madhutu ngara bèi-baki ra.","Inilah nama anak-anak laki-laki Ismael sesuai nama-nama mereka: Nebayot, anak sulung Ismael, lalu Kedar, Adbeel, Mibsam, Misyma, Duma, Masa, Hadad, Tema, Yetur, Nafish, dan Kedma. Itulah keturunan Ismael dan itulah nama-nama mereka sesuai kampung dan pemukiman mereka, masing-masing dua belas pemimpin menurut suku-suku mereka."
mibsam,1,"Ana-ana Ismael, mone dhèu canguru dua. Ngara ra dhu madhutu nèti dhu uru tèka dꞌai ana limuri tèka, nuka: Nebayot, Kedar, Adbeel, Mibsam, Misma, Duma, Masa, Hadad, Tema, Yetur, Nafis, dènge Kedma. Ana-ana sèra ka, jꞌajꞌi bèi-baki nèti canguru dua suku, dhu èci-èci ka dènge kabarai ra. Ra pangare kabarai ra èci-èci, madhutu ngara bèi-baki ra.","Inilah nama anak-anak laki-laki Ismael sesuai nama-nama mereka: Nebayot, anak sulung Ismael, lalu Kedar, Adbeel, Mibsam, Misyma, Duma, Masa, Hadad, Tema, Yetur, Nafish, dan Kedma. Itulah keturunan Ismael dan itulah nama-nama mereka sesuai kampung dan pemukiman mereka, masing-masing dua belas pemimpin menurut suku-suku mereka."
misyma,1,"Ana-ana Ismael, mone dhèu canguru dua. Ngara ra dhu madhutu nèti dhu uru tèka dꞌai ana limuri tèka, nuka: Nebayot, Kedar, Adbeel, Mibsam, Misma, Duma, Masa, Hadad, Tema, Yetur, Nafis, dènge Kedma. Ana-ana sèra ka, jꞌajꞌi bèi-baki nèti canguru dua suku, dhu èci-èci ka dènge kabarai ra. Ra pangare kabarai ra èci-èci, madhutu ngara bèi-baki ra.","Inilah nama anak-anak laki-laki Ismael sesuai nama-nama mereka: Nebayot, anak sulung Ismael, lalu Kedar, Adbeel, Mibsam, Misyma, Duma, Masa, Hadad, Tema, Yetur, Nafish, dan Kedma. Itulah keturunan Ismael dan itulah nama-nama mereka sesuai kampung dan pemukiman mereka, masing-masing dua belas pemimpin menurut suku-suku mereka."
duma,1,"Ana-ana Ismael, mone dhèu canguru dua. Ngara ra dhu madhutu nèti dhu uru tèka dꞌai ana limuri tèka, nuka: Nebayot, Kedar, Adbeel, Mibsam, Misma, Duma, Masa, Hadad, Tema, Yetur, Nafis, dènge Kedma. Ana-ana sèra ka, jꞌajꞌi bèi-baki nèti canguru dua suku, dhu èci-èci ka dènge kabarai ra. Ra pangare kabarai ra èci-èci, madhutu ngara bèi-baki ra.","Inilah nama anak-anak laki-laki Ismael sesuai nama-nama mereka: Nebayot, anak sulung Ismael, lalu Kedar, Adbeel, Mibsam, Misyma, Duma, Masa, Hadad, Tema, Yetur, Nafish, dan Kedma. Itulah keturunan Ismael dan itulah nama-nama mereka sesuai kampung dan pemukiman mereka, masing-masing dua belas pemimpin menurut suku-suku mereka."
tema,1,"Ana-ana Ismael, mone dhèu canguru dua. Ngara ra dhu madhutu nèti dhu uru tèka dꞌai ana limuri tèka, nuka: Nebayot, Kedar, Adbeel, Mibsam, Misma, Duma, Masa, Hadad, Tema, Yetur, Nafis, dènge Kedma. Ana-ana sèra ka, jꞌajꞌi bèi-baki nèti canguru dua suku, dhu èci-èci ka dènge kabarai ra. Ra pangare kabarai ra èci-èci, madhutu ngara bèi-baki ra.","Inilah nama anak-anak laki-laki Ismael sesuai nama-nama mereka: Nebayot, anak sulung Ismael, lalu Kedar, Adbeel, Mibsam, Misyma, Duma, Masa, Hadad, Tema, Yetur, Nafish, dan Kedma. Itulah keturunan Ismael dan itulah nama-nama mereka sesuai kampung dan pemukiman mereka, masing-masing dua belas pemimpin menurut suku-suku mereka."
yetur,1,"Ana-ana Ismael, mone dhèu canguru dua. Ngara ra dhu madhutu nèti dhu uru tèka dꞌai ana limuri tèka, nuka: Nebayot, Kedar, Adbeel, Mibsam, Misma, Duma, Masa, Hadad, Tema, Yetur, Nafis, dènge Kedma. Ana-ana sèra ka, jꞌajꞌi bèi-baki nèti canguru dua suku, dhu èci-èci ka dènge kabarai ra. Ra pangare kabarai ra èci-èci, madhutu ngara bèi-baki ra.","Inilah nama anak-anak laki-laki Ismael sesuai nama-nama mereka: Nebayot, anak sulung Ismael, lalu Kedar, Adbeel, Mibsam, Misyma, Duma, Masa, Hadad, Tema, Yetur, Nafish, dan Kedma. Itulah keturunan Ismael dan itulah nama-nama mereka sesuai kampung dan pemukiman mereka, masing-masing dua belas pemimpin menurut suku-suku mereka."
nafish,1,"Ana-ana Ismael, mone dhèu canguru dua. Ngara ra dhu madhutu nèti dhu uru tèka dꞌai ana limuri tèka, nuka: Nebayot, Kedar, Adbeel, Mibsam, Misma, Duma, Masa, Hadad, Tema, Yetur, Nafis, dènge Kedma. Ana-ana sèra ka, jꞌajꞌi bèi-baki nèti canguru dua suku, dhu èci-èci ka dènge kabarai ra. Ra pangare kabarai ra èci-èci, madhutu ngara bèi-baki ra.","Inilah nama anak-anak laki-laki Ismael sesuai nama-nama mereka: Nebayot, anak sulung Ismael, lalu Kedar, Adbeel, Mibsam, Misyma, Duma, Masa, Hadad, Tema, Yetur, Nafish, dan Kedma. Itulah keturunan Ismael dan itulah nama-nama mereka sesuai kampung dan pemukiman mereka, masing-masing dua belas pemimpin menurut suku-suku mereka."
kedma,1,"Ana-ana Ismael, mone dhèu canguru dua. Ngara ra dhu madhutu nèti dhu uru tèka dꞌai ana limuri tèka, nuka: Nebayot, Kedar, Adbeel, Mibsam, Misma, Duma, Masa, Hadad, Tema, Yetur, Nafis, dènge Kedma. Ana-ana sèra ka, jꞌajꞌi bèi-baki nèti canguru dua suku, dhu èci-èci ka dènge kabarai ra. Ra pangare kabarai ra èci-èci, madhutu ngara bèi-baki ra.","Inilah nama anak-anak laki-laki Ismael sesuai nama-nama mereka: Nebayot, anak sulung Ismael, lalu Kedar, Adbeel, Mibsam, Misyma, Duma, Masa, Hadad, Tema, Yetur, Nafish, dan Kedma. Itulah keturunan Ismael dan itulah nama-nama mereka sesuai kampung dan pemukiman mereka, masing-masing dua belas pemimpin menurut suku-suku mereka."
pemukiman,1,"Ana-ana Ismael, mone dhèu canguru dua. Ngara ra dhu madhutu nèti dhu uru tèka dꞌai ana limuri tèka, nuka: Nebayot, Kedar, Adbeel, Mibsam, Misma, Duma, Masa, Hadad, Tema, Yetur, Nafis, dènge Kedma. Ana-ana sèra ka, jꞌajꞌi bèi-baki nèti canguru dua suku, dhu èci-èci ka dènge kabarai ra. Ra pangare kabarai ra èci-èci, madhutu ngara bèi-baki ra.","Inilah nama anak-anak laki-laki Ismael sesuai nama-nama mereka: Nebayot, anak sulung Ismael, lalu Kedar, Adbeel, Mibsam, Misyma, Duma, Masa, Hadad, Tema, Yetur, Nafish, dan Kedma. Itulah keturunan Ismael dan itulah nama-nama mereka sesuai kampung dan pemukiman mereka, masing-masing dua belas pemimpin menurut suku-suku mereka."
letaknya,1,"Te ngaa ana-èpu na sèra, èci pamusu dènge èci. Ka ra pea pahagꞌa, mulai nèti rai Hawila dꞌai rai Syur, dhu palane dènge rai Masir, toke dꞌai rai Asyur.","Keturunannya berdiam mulai dari Hawila sampai ke Syur, yang letaknya di sebelah timur Mesir ke arah Asyur. Di sana, mereka hidup berseberangan dengan saudara-saudaranya."
rahimmu,1,"Ka LAMATUA dhaa, peka na, “Ètu dꞌara kabake èu na, abhu dua suku, dhu èèna na loe boe dènge pamusu. Dhu limuri èra risi nèti dhu uru. Ka aꞌa na, lalau-laloꞌo ari na.”","TUHAN berkata kepadanya, “Dua bangsa ada dalam rahimmu. Dua orang yang berasal darimu itu akan dipisahkan. Yang satu akan lebih kuat daripada yang lain, dan yang lebih tua akan melayani yang lebih muda.”"
warnanya,1,"Dhu aꞌa, isi na mea, dènge ngiꞌu na pènu dènge rèu. Nèti èèna ka, ra pangare ne, Esau (dhu sasoa na ‘dènge rèu’).","Yang pertama lahir, warnanya merah, seluruh tubuhnya seperti jubah berbulu, dan mereka menamainya Esau."
memasak,1,"Ca lodꞌo, Yakob dhu tao bubur kabꞌui, aa Esau heka lèpa nèti kasiro badha hui kèna. Na lèpa dènge manganga, ka roe titu kèna.","Pada suatu hari, ketika Yakub sedang memasak suatu rebusan, datanglah Esau dari padang dan dia kelelahan."
kelelahan,1,"Ca lodꞌo, Yakob dhu tao bubur kabꞌui, aa Esau heka lèpa nèti kasiro badha hui kèna. Na lèpa dènge manganga, ka roe titu kèna.","Pada suatu hari, ketika Yakub sedang memasak suatu rebusan, datanglah Esau dari padang dan dia kelelahan."
kesulunganmu,1,"Ka, aku Yakob na, “Beꞌa aꞌa. Te ngaa pasilu ku dènge hak aꞌa èèna!”","Akan tetapi, Yakub berkata, “Jual dahulu hak kesulunganmu kepadaku.”"
kesulungan,1,"Hèia Esau dhaa, aku nèngu na, “Hak aꞌa ne, ngaa kèna, hudꞌi nèngu sèna! Neo more, na more la. Te jaꞌa manganga bia. Sodꞌe mèti bubur èèna lai-lai mai, te jaꞌa taha heka.”","Kata Esau, “Sebentar lagi aku mati. Apakah gunanya hak kesulungan itu bagiku?”"
keturunanmulah,1,"Ladhe èu manubha ètu era èèna, Jaꞌa sama-sama dènge èu, aa pala-bagi èu mèngi-nale rupa-rupa. Èèna na, Jaꞌa pabèba ana-èpu èu sama sèmi hua-hètu ètu dedha-liru. Aa Jaꞌa hia kateme rai ne mi èu dènge ana-èpu èu. Nèti ana-èpu èu ka, dhèu aaꞌi-aaꞌi ètu rai-haha ne abhu mèngi-nale. Dènge jꞌara neꞌe, Jaꞌa tao madhutu lii pajaji dhu Jaꞌa paꞌèki le dènge ama mu Abraham.","Tinggallah untuk sementara di negeri ini dan Aku akan menyertaimu dan akan memberkatimu. Karena kepadamu dan kepada keturunanmulah, Aku akan memberikan seluruh negeri ini. Aku akan meneguhkan sumpah yang telah Kuikrarkan kepada Abraham, ayahmu. Aku akan melipatgandakan keturunanmu sebanyak bintang di langit, dan akan memberikan seluruh negeri ini kepada keturunanmu. Melalui keturunanmu, seluruh bangsa di bumi akan diberkati,"
kuikrarkan,1,"Ladhe èu manubha ètu era èèna, Jaꞌa sama-sama dènge èu, aa pala-bagi èu mèngi-nale rupa-rupa. Èèna na, Jaꞌa pabèba ana-èpu èu sama sèmi hua-hètu ètu dedha-liru. Aa Jaꞌa hia kateme rai ne mi èu dènge ana-èpu èu. Nèti ana-èpu èu ka, dhèu aaꞌi-aaꞌi ètu rai-haha ne abhu mèngi-nale. Dènge jꞌara neꞌe, Jaꞌa tao madhutu lii pajaji dhu Jaꞌa paꞌèki le dènge ama mu Abraham.","Tinggallah untuk sementara di negeri ini dan Aku akan menyertaimu dan akan memberkatimu. Karena kepadamu dan kepada keturunanmulah, Aku akan memberikan seluruh negeri ini. Aku akan meneguhkan sumpah yang telah Kuikrarkan kepada Abraham, ayahmu. Aku akan melipatgandakan keturunanmu sebanyak bintang di langit, dan akan memberikan seluruh negeri ini kepada keturunanmu. Melalui keturunanmu, seluruh bangsa di bumi akan diberkati,"
bercumbu,1,"Isak dhu pea nèbhu le ètu nèi, hèia ca lodꞌo, dhèu aae nèdhi nèti roꞌa jendela na, ladhe laa na Isak dènge Ribka dhu paꞌango.","Ketika dia telah beberapa lama berada di sana, Abimelekh, raja orang Filistin, memandang dari jendela dan memperhatikan, tampak Ishak sedang bercumbu dengan Ribka, istrinya."
alirannya,1,"Ropa dhèu sabꞌa Isak se kèi èi ètu dꞌara mamoo Gerar, hèi lèke èi madha dhu sabhoka mai.","Akan tetapi, ketika hamba-hamba Ishak menggali sumur di lembah itu dan menemukan mata air yang alirannya berlimpah-limpah,"
esek,1,"Lula madha èi neꞌe ka, dhèu-dhèu madhenge badha nèti Gerar, patao dènge dhèu madhenge badha Isak. Dhèu se peka na, “Neꞌe ne, madha èi jiꞌi!” Nèti èèna ka, Isak pangare madha èi na Esek, dhu sasoa na ‘patao-palaha’.","para penggembala Gerar bertengkar dengan hamba-hamba Ishak dan berkata, “Air itu adalah milik kami!” Jadi, Ishak menamakan sumur itu Esek sebab di sana orang-orang bertengkar dengannya."
mempertengkarkannya,1,"Hèia dhèu-dhèu Isak se, kèi hari èi leo ca madha. Te ngaa ra patao-palaha hari, lula èi èèna. Nèti èèna ka, Isak pangare na Sitna, dhu sasoa na ‘palabꞌa’.","Kemudian, mereka menggali sumur yang lain, tetapi orang-orang itu juga mempertengkarkannya sehingga Ishak menamakan sumur itu Sitna."
sitna,1,"Hèia dhèu-dhèu Isak se, kèi hari èi leo ca madha. Te ngaa ra patao-palaha hari, lula èi èèna. Nèti èèna ka, Isak pangare na Sitna, dhu sasoa na ‘palabꞌa’.","Kemudian, mereka menggali sumur yang lain, tetapi orang-orang itu juga mempertengkarkannya sehingga Ishak menamakan sumur itu Sitna."
keleluasaan,1,"Èle èèna ka, Isak tèke eele era èèna, laꞌe kèi hari èi èci. Dꞌai neꞌe ne, ra patao-palaha heka. Ka Isak pangare madha èi ne Rehobot, dhu sasoa na ‘era taleo’. Hèia na peka, aku nèngu na, “Limuri ne, Lamatua hia le èdhi pea ètu era taleo. Ho ètu era neꞌe ne, èdhi asa bèba-kacanga.”","Ishak pindah dari sana dan menggali sumur yang lain. Di sana tidak ada pertengkaran lagi sehingga Ishak menamakan tempat itu Rehobot. Dia berkata, “Sekarang, TUHAN telah memberikan keleluasaan kepada kita sehingga kita dapat beranak cucu di tanah ini.”"
ahuzat,1,"Lodꞌo èèna, dhèu aae Abimelek mai nèti Gerar. Angalai na Ahusat, dènge kètu kapai sordadꞌu na, Fikol, mai dènge ne, ho paraga dènge Isak.","Setelah itu, datanglah Abimelekh dari Gerar kepada Ishak bersama dengan Ahuzat, penasihatnya, dan Pikhol, panglima pasukannya."
penasihatnya,1,"Lodꞌo èèna, dhèu aae Abimelek mai nèti Gerar. Angalai na Ahusat, dènge kètu kapai sordadꞌu na, Fikol, mai dènge ne, ho paraga dènge Isak.","Setelah itu, datanglah Abimelekh dari Gerar kepada Ishak bersama dengan Ahuzat, penasihatnya, dan Pikhol, panglima pasukannya."
menemuiku,1,"Ka Isak karèi, aku nèngu na, “Ama dhèu aae! Uru èèna, miu se dhu babège eele jaꞌa nèti kabarai miu. De neꞌe ne, miu se mai tao ngaa hari?”","Ishak berkata kepada mereka, “Mengapa engkau datang menemuiku padahal sebelumnya engkau membenciku dan menyuruhku pergi darimu.”"
membenciku,1,"Ka Isak karèi, aku nèngu na, “Ama dhèu aae! Uru èèna, miu se dhu babège eele jaꞌa nèti kabarai miu. De neꞌe ne, miu se mai tao ngaa hari?”","Ishak berkata kepada mereka, “Mengapa engkau datang menemuiku padahal sebelumnya engkau membenciku dan menyuruhku pergi darimu.”"
pihakmu,1,"Hèia ra peka na, “Sèmi neꞌe. Jiꞌi dhu ngeꞌa le, Lamatua dhu jꞌaga paꞌère èu. Nèti èèna ka, jiꞌi pangee, hua iia èdhi dua ti paꞌèki lii pajaji dhu peka sèmi neꞌe: èu jꞌoka subha, peka na,","Mereka menjawab, “Sekarang kami melihat dengan jelas bahwa TUHAN menyertaimu. Jadi, kami mengatakan bahwa sebaiknya ada sumpah di antara kita, antara pihakmu dan kami. Biarlah kami membuat suatu perjanjian denganmu;"
menyakitimu,1,"miu se baku tao karehe dènge jiꞌi, aa jiꞌi kahèi baku tao karehe dènge miu. Mema jiꞌi se dꞌara beꞌa dènge miu. Nèti èèna ka, ca hari ni, miu se lami dènge mera-milu nèti kabarai jiꞌi ne. Jiꞌi dhu ngeꞌa le, LAMATUA ka dhu pala-bagi mèngi-nale mi miu.”","bahwa kami tidak akan menyakitimu seperti dahulu, kami tidak menyentuhmu, dan tidak melakukan apa pun kepadamu, kecuali kebaikan. Bahkan, ketika menyuruhmu pergi, kami menyuruhmu pergi dalam damai. Sekarang, kamulah yang diberkati TUHAN.”"
menyentuhmu,1,"miu se baku tao karehe dènge jiꞌi, aa jiꞌi kahèi baku tao karehe dènge miu. Mema jiꞌi se dꞌara beꞌa dènge miu. Nèti èèna ka, ca hari ni, miu se lami dènge mera-milu nèti kabarai jiꞌi ne. Jiꞌi dhu ngeꞌa le, LAMATUA ka dhu pala-bagi mèngi-nale mi miu.”","bahwa kami tidak akan menyakitimu seperti dahulu, kami tidak menyentuhmu, dan tidak melakukan apa pun kepadamu, kecuali kebaikan. Bahkan, ketika menyuruhmu pergi, kami menyuruhmu pergi dalam damai. Sekarang, kamulah yang diberkati TUHAN.”"
yudit,1,"Ropa umur Esau dꞌai èpa nguru tèu, na leo dènge bhèni dhèu dua nèti suku Het. Bhèni èci, ana nèti Beeri, ngara na Yudit. Èci hari, ana Elon, ngara na Basmat.","Ketika Esau berumur 40 tahun, dia menikah dengan Yudit anak Beeri, orang Het, dan Basmat anak Elon, orang Het,"
beeri,1,"Ropa umur Esau dꞌai èpa nguru tèu, na leo dènge bhèni dhèu dua nèti suku Het. Bhèni èci, ana nèti Beeri, ngara na Yudit. Èci hari, ana Elon, ngara na Basmat.","Ketika Esau berumur 40 tahun, dia menikah dengan Yudit anak Beeri, orang Het, dan Basmat anak Elon, orang Het,"
kematianku,1,"Ka Isak peka hari, “Sèmi neꞌe! Jaꞌa ne, ètu dꞌara heka le. Keꞌa boe, pèri lodꞌo jaꞌa ne madhe.","Ishak berkata, “Lihatlah, sekarang aku sudah tua, aku tidak mengetahui hari kematianku."
senjatamu,1,"De more rèka èu, lamu kataki mèti badha hui ciꞌu hia jaꞌa.","Jadi, ambillah senjatamu, tabung panahmu, dan busurmu, lalu pergilah ke padang untuk memburu makanan bagiku."
tabung,1,"De more rèka èu, lamu kataki mèti badha hui ciꞌu hia jaꞌa.","Jadi, ambillah senjatamu, tabung panahmu, dan busurmu, lalu pergilah ke padang untuk memburu makanan bagiku."
panahmu,1,"De more rèka èu, lamu kataki mèti badha hui ciꞌu hia jaꞌa.","Jadi, ambillah senjatamu, tabung panahmu, dan busurmu, lalu pergilah ke padang untuk memburu makanan bagiku."
busurmu,1,"De more rèka èu, lamu kataki mèti badha hui ciꞌu hia jaꞌa.","Jadi, ambillah senjatamu, tabung panahmu, dan busurmu, lalu pergilah ke padang untuk memburu makanan bagiku."
kumakan,1,"Mu pananasu pabeꞌa-beꞌa, madhutu dadꞌèi jaꞌa, ho mèti mai hia jaꞌa. Ladhe kuꞌa-kinu kora, jaꞌa hia mema èu mèngi-nale. Sadꞌi èu unu le mèngi-nale èèna, jaꞌa madhe èèna ka, ngaa-ngaa tao heka.”","Lalu, olahlah makanan lezat bagiku, seperti yang aku suka, dan bawalah kemari untuk kumakan supaya aku dapat memberkatimu sebelum aku mati.”"
tangkapan,1,"Hèia Esau laꞌe dènge ka, kataki badha hui. Te ngaa Ribka dhu tadèngi kahèi lii padhai Isak deo na.","Pada saat Ishak berbicara kepada Esau, anaknya, Ribka mendengar hal ini. Karena itu, ketika Esau pergi ke padang hendak memburu tangkapan untuk dibawa pulang,"
perintahku,1,De mu nanene paie-iie! Mu madhutu mola-mola lii paredha jaꞌa ne.,"Karena itu, Anakku, dengarlah perkataanku sesuai perintahku kepadamu."
sukai,1,"De lamu ka asa era badha èdhi sèi, ho kèpe more kalèbho èni dhu kabèbꞌu dua ngiꞌu. Roro ho mèti sisi mai asa jaꞌa. Pe jaꞌa pananasu madhutu dadꞌèi ama mu.",Pergilah kepada kawanan kambing kita dan dari itu ambillah dua ekor kambing jantan muda pilihan dan aku akan mengolahnya menjadi makanan lezat bagi ayahmu seperti yang dia sukai.
licin,1,"Te ngaa Yakob peka dènge ina na, “Ina! Aꞌa ku Esau, ngiꞌu na dhu pènu dènge rèu, te ngaa jaꞌa ne, isi dhu milu aadha-aadha!","Namun, Yakub berkata kepada Ribka, ibunya, “Lihatlah, Esau, kakakku, adalah orang yang berbulu, sedangkan aku adalah orang berkulit licin."
merabaku,1,"Mage dhoka ama ku gꞌagꞌe isi jaꞌa, ladhe na neꞌa na jaꞌa dhu leko-monya na. Hèia na dhoo jaꞌa!”","Mungkin ayahku akan merabaku dan aku akan dianggapnya sebagai penipu sehingga aku malah akan mendatangkan kutuk atas diriku, bukannya berkat.”"
kutukmu,1,"Ka ina na dhaa, aku nèngu na, “Èu baku cagꞌagꞌa! Hudꞌi laa ina ka dhu ator! Ladhe ama mu dhoo èu, pe ina ka pasae! Mu mate ia ka, la more ka kahibꞌi sèra.”","Namun, ibunya berkata kepadanya, “Kutukmu itu adalah tanggunganku, Anakku. Dengarkan saja suaraku. Pergilah dan bawa kambing-kambing itu kepadaku.”"
tanggunganku,1,"Ka ina na dhaa, aku nèngu na, “Èu baku cagꞌagꞌa! Hudꞌi laa ina ka dhu ator! Ladhe ama mu dhoo èu, pe ina ka pasae! Mu mate ia ka, la more ka kahibꞌi sèra.”","Namun, ibunya berkata kepadanya, “Kutukmu itu adalah tanggunganku, Anakku. Dengarkan saja suaraku. Pergilah dan bawa kambing-kambing itu kepadaku.”"
disimpannya,1,"Ka Ribka laꞌe nare mèdha-papake Esau dhu beꞌa, ho na papake mi Yakob.","Kemudian, Ribka mengambil pakaian terbaik milik Esau, anak sulungnya, yang disimpannya di rumah dan mengenakannya pada anak bungsunya, Yakub."
buruanku,1,"Ka Yakob dhaa, peka na, “Jaꞌa, Esau ana mone uuru ama ku! Jaꞌa sabꞌe le, madhutu sèmi dhu ama pua deo na. Kèdꞌi, ho muꞌa-minu ka. Lula jaꞌa pananasu kore le sisi badha hui dhu jaꞌa kèti nèti dꞌara jꞌami. Muꞌa, ho èle na, ama pala-bagi jaꞌa mèngi-nale.”","Yakub berkata kepada ayahnya, “Aku Esau, anak sulungmu. Aku telah melaksanakan apa yang Ayah katakan kepadaku. Sekarang, duduklah dan makanlah hasil buruanku ini supaya engkau dapat memberkatiku.”"
merabamu,1,"Ka Isak paroa Yakob, aku nèngu na, “Padètu ku asa neꞌe mai, sèna ka jaꞌa gꞌagꞌe sèku èu. Èu ne, tareꞌa ana jaꞌa Esau, do aadꞌo?”","Kemudian, Ishak berkata kepada Yakub, “Mendekatlah supaya aku dapat merabamu, Anakku, supaya aku tahu apakah kamu benar-benar anakku, Esau, atau bukan.”"
merabanya,1,"Hèia Yakob laꞌe padètu-dètu dènge ama na, ka ama na gꞌagꞌe ne. Ka Isak peka, “Lii ne, sèmi lii Yakob! Te ngaa kacui-aai na, kacui-aai Esau.”","Lalu, Yakub mendekat kepada Ishak, ayahnya, dan Ishak merabanya, lalu berkata, “Suaranya suara Yakub, tetapi tangannya adalah tangan Esau.”"
membawakan,1,"Ka Isak peka na, “Na, jꞌole ka sisina mai, sèna ka jaꞌa kuꞌa. Èle ku, pe jaꞌa hia èu mèngi-nale.” Hèia Yakob hia sisi dènge èi anggor hia ama na naꞌa-ninu.","Kemudian, Ishak berkata, “Bawalah kepadaku, aku akan memakan hasil buruan anakku supaya aku dapat memberkatimu.” Yakub membawa makanan itu kepada ayahnya dan Ishak pun memakannya. Yakub juga membawakan anggur untuk ayahnya, dan Ishak pun meminumnya."
ciumlah,1,"Naꞌa nare ka, Isak lii, aku nèngu na, “Ana, ee! Mai padètu asa neꞌe, ho mu uu ku jaꞌa laa.”","Kemudian, Ishak, ayahnya, berkata kepadanya, “Kemarilah dan ciumlah aku, Anakku.”"
pemburuannya,1,"Ropa Isak hia nare mèngi-nale mi Yakob, ka heka bhodho liꞌu laꞌe tèke eele ama na, cagꞌagꞌa laa Esau lèpa nèti kataki badha hui.","Ishak baru saja selesai memberkati Yakub dan Yakub juga baru saja meninggalkan ayahnya, ketika Esau pulang dari pemburuannya."
berkatmu,1,"Hèia Isak peka, “Ari mu ka monya jaꞌa, ka parame nare berkat dhu pala èu di.”","Kata Ishak kepadanya, “Saudaramu telah datang kemari dengan tipu daya dan merampas berkatmu.”"
kesulunganku,1,"Ka aku Esau na, “Nèngu na leko-monya jaꞌa dua hari kèna. Uru èèna, parame nare hak aꞌa. Ka neꞌe ne, parame nare hari berkat dhu madhutu iia-iia na unu jaꞌa. Nèka na, ngara na ‘Yakob’ Te ngaa ele boe ama dhu dènge berkat era, ho hia jaꞌa. Do, aadꞌo heka?” (Yakob sasoa na ‘kèpe hui tèdhu’, te ngaa sasoa dhu leo ‘tuka leko-monya’.)","Esau berkata, “Memang tepat namanya Yakub, bukan? Sebab, sudah dua kali dia memperdaya aku. Dia telah merampas hak kesulunganku, lalu sekarang, lihatlah, dia merampas berkatku.” Dia pun bertanya lagi, “Apakah engkau tidak menyimpan berkat lain untukku?”"
tinggalmu,1,"Ka Isak bꞌala ne, peka na, “Mamuri èu ne, èèna na kajꞌèu nèti oka-tedhe dhu hèu mèngi, lula èi paringi patiri boe nèti dedha-liru mai, ho pabasa rai èu.","Lalu Ishak, ayahnya, berkata kepadanya, “Dengarlah, tempat tinggalmu akan jauh dari tanah yang subur di bumi, dan jauh pula dari embun langit di atas."
kuknya,1,"Èu ne, mamuri dhoka nèti samala èu di. Aa tasa mera mia èèna ka, èu ne jꞌajꞌi ènu ari mu. Dhodhoka ladhe bèli-camèdꞌa, èu bani labꞌa ne, èèna na èu heka rai eele nèti dꞌara adhe-aai na.”","Kamu akan hidup oleh pedang, dan kamu akan melayani saudaramu. Akan tetapi, jika kamu berusaha sungguh-sungguh, kamu akan dapat melemparkan kuknya dari lehermu.”"
lehermu,1,"Èu ne, mamuri dhoka nèti samala èu di. Aa tasa mera mia èèna ka, èu ne jꞌajꞌi ènu ari mu. Dhodhoka ladhe bèli-camèdꞌa, èu bani labꞌa ne, èèna na èu heka rai eele nèti dꞌara adhe-aai na.”","Kamu akan hidup oleh pedang, dan kamu akan melayani saudaramu. Akan tetapi, jika kamu berusaha sungguh-sungguh, kamu akan dapat melemparkan kuknya dari lehermu.”"
bersiaplah,1,"De lamu ka asa Padan Aram, asa baki mu Betuel. Lamu madhèdi dènge ana bhèni toꞌo mu Laban ca dhèu.","Bersiaplah dan pergilah ke Padan-Aram, ke rumah Betuel, ayah dari ibumu. Dari sana, ambillah seorang istri bagimu, yaitu salah seorang anak perempuan Laban, saudara ibumu."
kautinggali,1,"Hudꞌi laa, lii pajaji Ama Lamatua dènge Abraham èèna, noto mi dedha èu ne, dènge ana-èpu èu. Sèna ka èu unu rai dhu Ama Lamatua jaji tèke le mi Abraham.”","Kiranya Dia memberikan berkat Abraham kepadamu dan kepada keturunanmu supaya kamu dapat memiliki tanah yang kautinggali sementara ini, yang diberikan Allah kepada Abraham.”"
kepergian,1,"Padhai lii nare, ka Isak hia Yakob laꞌe asa Padan Aram, asa èmu toꞌo na Laban, dènge baki na Betuel.","Kemudian, Ishak melepas kepergian Yakub, dan dia berangkat ke Padan-Aram, kepada Laban, anak Betuel orang Aram itu, yang adalah saudara Ribka, ibu Yakub dan Esau."
bantal,1,"Ropa lodꞌo cèna, Yakob dꞌai era èci, ka na jꞌunu ètu era èèna. Na neo jꞌunu, nare hadhu cue, tao lalaka kètu na.","Lalu, dia tiba di suatu tempat dan dia bermalam di sana sebab matahari telah terbenam. Yakub mengambil sebongkah batu dari tempat itu dan menjadikannya bantal, lalu berbaringlah dia di tempat itu untuk tidur."
dahsyatnya,1,"Na madhaꞌu, ka na pangee, na, “Boo! Era neꞌe ne pamadhaꞌu jaꞌa, nga. Tatu Èmu Ama Lamatua ètu era neꞌe ne! Aa era neꞌe ne, jꞌajꞌi hèbꞌa babèdho sorga.”","Dia menjadi takut dan berkata, “Betapa dahsyatnya tempat ini! Ini tidak lain adalah rumah Allah dan ini adalah gerbang surga!”"
diletakkannya,1,"Dꞌara madꞌae aae era, Yakob kèdꞌi le èèna. Ka nare hadhu dhu na tao lalaka deo na. Hèia na patitu jꞌajꞌi mi tadha. Ka na bhori èi mènyi asa dedha hadhu èèna, hèia na mangajꞌi mi Lamatua.","Karena itu, Yakub bangun pagi-pagi benar dan mengambil batu yang diletakkannya di bawah kepalanya. Lalu, dia menyusunnya menjadi sebuah tugu dan mencurahkan minyak ke atasnya."
menyusunnya,1,"Dꞌara madꞌae aae era, Yakob kèdꞌi le èèna. Ka nare hadhu dhu na tao lalaka deo na. Hèia na patitu jꞌajꞌi mi tadha. Ka na bhori èi mènyi asa dedha hadhu èèna, hèia na mangajꞌi mi Lamatua.","Karena itu, Yakub bangun pagi-pagi benar dan mengambil batu yang diletakkannya di bawah kepalanya. Lalu, dia menyusunnya menjadi sebuah tugu dan mencurahkan minyak ke atasnya."
menjagaku,1,"Èle èèna ka, Yakob dedꞌe subha, aku nèngu na, “Ladhe Ama Lamatua dhu dènge jaꞌa, aa jꞌaga jaꞌa ètu dꞌara kakako jaꞌa ne, aa pangaꞌe dènge papake jaꞌa,","Kemudian, Yakub bersumpah, katanya, “Jika Allah akan menyertaiku dan akan menjagaku dalam perjalanan yang kutempuh ini, dan jika Dia memberiku roti untuk dimakan dan pakaian untuk dikenakan,"
kutempuh,1,"Èle èèna ka, Yakob dedꞌe subha, aku nèngu na, “Ladhe Ama Lamatua dhu dènge jaꞌa, aa jꞌaga jaꞌa ètu dꞌara kakako jaꞌa ne, aa pangaꞌe dènge papake jaꞌa,","Kemudian, Yakub bersumpah, katanya, “Jika Allah akan menyertaiku dan akan menjagaku dalam perjalanan yang kutempuh ini, dan jika Dia memberiku roti untuk dimakan dan pakaian untuk dikenakan,"
sepersepuluhnya,1,"Hadhu dhu jaꞌa patitu ne, jꞌajꞌi mi era sogo-tagu mi Ama Lamatua. Aa aaꞌi-aaꞌi dhu Lamatua pala-bagi mi jaꞌa, jaꞌa hia Na ca pala nèti canguru pala.”","Batu ini, yang kudirikan sebagai tugu, akan menjadi rumah Allah dan segala sesuatu yang Engkau berikan kepadaku, aku akan memberikan sepersepuluhnya kepada-Mu.”"
digulingkan,1,"Te ngaa ra peka, “We, jꞌara na aadꞌo sèmi èèna! Jiꞌi mate toke tesa aaꞌi ku, heka jiꞌi pakeso hadhu ne, heka panginu badha se kèna.”","Namun, mereka berkata, “Kami tidak dapat melakukannya sebelum semua kawanan domba itu dikumpulkan dan batu penutup itu digulingkan dari mulut sumur. Setelah itu, kami baru dapat memberi minum domba-domba ini.”"
menggembalakannya,1,"Yakob padhai lii era, Rahel dꞌai le era èèna dènge kahibꞌi ama na. Nèngu ka dhu biasa ladhe-leru si.","Sementara dia sedang berbicara dengan mereka, Rahel datang bersama domba-domba ayahnya sebab dialah yang menggembalakannya."
menyaringkan,1,"Èle ka, laꞌe uu Rahel, dènge tangi.","Kemudian, Yakub mencium Rahel dan menangis dengan menyaringkan suaranya."
sebulan,1,"Hèia Laban lii, aku nèngu na, “Mema tareꞌa! Èdhi dua ti dhu paꞌaꞌari.” Ropa Yakob pea dènge rèngu dꞌai ca hèru,","Laban berkata kepadanya, “Sesungguhnya, kamu adalah tulang dan dagingku!” Lalu, Yakub tinggal dengannya selama sebulan."
sayu,1,"Lea ne, musi madha na ako ahu. Te ngaa Rahel, rèhu na bhèni iia, aa ngiꞌu na saraga bia.","Mata Lea sayu, sedangkan Rahel itu cantik penampilannya dan wajahnya."
cintanya,1,"Ka Yakob sabꞌa hia Laban pidhu tèu, sèna ka na bisa madhèdi dènge Rahel. Lula na dꞌèi madhe-madhe Rahel, nèti èèna ka, pidhu tèu èèna, na pangee nuka sèmi pèri-pèri lodꞌo di.",Yakub bekerja selama tujuh tahun demi Rahel dan hal itu seperti beberapa hari saja baginya karena cintanya terhadap Rahel.
mencintaiku,1,"Hèia Lea dènge babia, ka nara iisi ana mone ca dhèu. Na pangare ne, Ruben (dhu sasoa na ‘mèdhi si, abhu ana’), lula na peka na, “LAMATUA ladhe nèdhi le sasusa jaꞌa. Nèti èèna ka, limuri ne, dhèu èmu jaꞌa tao madha-dhilu mi jaꞌa.”","Lea mengandung dan melahirkan seorang anak laki-laki. Dia menamainya Ruben sebab katanya, “TUHAN telah melihat kesusahanku. Sebab itu, sekarang suamiku akan mencintaiku.”"
lekat,1,"Èle èèna ka, Lea kadꞌo hari ana èci, ka nara iisi ana mone ca dhèu. Na pangare na Lewi, lula na peka na, “Dènge ana neꞌe ne, èle dènge lii langu jaꞌa. Dꞌara dhèu èmu jaꞌa, paꞌèki dènge jaꞌa, lula jaꞌa matana hia ne ana mone, dhèu tèlu kèna.”","Lea mengandung lagi dan melahirkan anak laki-laki, katanya, “Sekaranglah waktunya, suamiku akan lekat kepadaku karena aku telah melahirkan tiga anak laki-laki baginya.” Karena itu, dia dinamai Lewi."
pangkuanku,1,"Ka Rahel bꞌala na, “Sèmi neꞌe: hua iia èu more Bilha, ènu jaꞌa na. Jꞌunu dènge ne, sèna ka na matana hia jaꞌa ana.”","Rahel berkata, “Ini Bilha, hambaku. Bersetubuhlah dengannya supaya dia dapat melahirkan anak di pangkuanku. Dengan begitu, aku juga mendapatkan anak melaluinya.”"
pergumulan,1,"Ka Rahel peka, aku nèngu na, “Jaꞌa limuri ne paꞌuji dènge aꞌa ku, ka jaꞌa segi.” Nèti èèna ka, na pangare ana na, Naftali (dhu sasoa na ‘paꞌuji’, do ‘paꞌère’).","Rahel berkata, “Dengan pergumulan yang sangat hebat aku telah bergumul dengan kakakku, dan aku dimampukan.” Jadi, dia menamainya Naftali."
menyewamu,1,"Ka pe dꞌai loo nihia sa, Yakob lèpa nèti dꞌara oka. Lea laꞌe soru nare ne, ka na peka, “Aꞌa! Mèda ne, èu jꞌunu dènge jaꞌa! Lula jaꞌa dhu hèli kore le èu, dènge kabꞌua èi naꞌi ana jaꞌa!” Ka mèda na, Yakob jꞌunu dènge Lea.","Ketika Yakub pulang dari ladang pada sore hari itu, Lea keluar untuk menyambutnya dan berkata, “Kamu harus datang kepadaku karena aku sudah menyewamu dengan dudaim anakku.” Jadi, Yakub tidur dengannya pada malam itu."
asalku,1,"Lodꞌo Rahel nara iisi Yusuf, Yakob peka dènge Laban, aku nèngu na, “Toꞌo! Ladhe moꞌo, jaꞌa neo lèpa asa rai ètu-èsu jaꞌa.","Ketika Rahel telah melahirkan Yusuf, Yakub berkata kepada Laban, “Lepaskanlah aku supaya aku dapat kembali ke tempat asalku dan ke negeriku."
tanggaku,1,"Lodꞌo dhu jaꞌa dhae mai mèka, mèdha-panyau toꞌo ku ae èèna mèka. Te ngaa limuri ne, toꞌo kaja le. Lamatua pala-bagi le toꞌo ku mamèngi, lula sasabꞌa-laꞌa jaꞌa ka. Te dꞌai le lodꞌo na, sèna ka jaꞌa sabꞌa hia ana-dhèu èmu jaꞌa.”","Sebab, hanya sedikit yang engkau miliki sebelum aku datang, dan sekarang itu sudah bertambah sangat banyak selama aku di sini. TUHAN telah memberkatimu karena kakiku. Kalau begitu, kapan aku dapat melakukannya untuk rumah tanggaku sendiri?”"
kebenaranku,1,"Dꞌai lodꞌo limuri, pe toꞌo meꞌa jaꞌa ne sabꞌa dènge mola, do aadꞌo. Sadꞌi lake more, mai ho mu parisa badha-manu jaꞌa. Ladhe mu abhu kahibꞌi-kaꞌia dhu dènge boe katèdꞌa, aa dhu karata boe, do, kahibꞌi-kalèbho dhu pudhi, èèna na, dhu meꞌa le èèna, jaꞌa manaꞌu badha-manu toꞌo.”","Kelak, kebenaranku itu menjadi saksi bagiku, ketika engkau datang untuk memeriksa upahku. Semua yang tidak berbintik-bintik atau bertutul di antara kambing-kambing itu, dan yang tidak berwarna gelap di antara domba-domba itu, itu akan diperhitungkan sebagai curianku.”"
curianku,1,"Dꞌai lodꞌo limuri, pe toꞌo meꞌa jaꞌa ne sabꞌa dènge mola, do aadꞌo. Sadꞌi lake more, mai ho mu parisa badha-manu jaꞌa. Ladhe mu abhu kahibꞌi-kaꞌia dhu dènge boe katèdꞌa, aa dhu karata boe, do, kahibꞌi-kalèbho dhu pudhi, èèna na, dhu meꞌa le èèna, jaꞌa manaꞌu badha-manu toꞌo.”","Kelak, kebenaranku itu menjadi saksi bagiku, ketika engkau datang untuk memeriksa upahku. Semua yang tidak berbintik-bintik atau bertutul di antara kambing-kambing itu, dan yang tidak berwarna gelap di antara domba-domba itu, itu akan diperhitungkan sebagai curianku.”"
hawar,1,"Èla èèna ka, Yakob poro nare dadana aajꞌu nèti ajꞌu tèlu rupa. Ka na caci pakarata kaꞌuri ajꞌu sèra, tao strep-strep.","Kemudian, Yakub memotong ranting-ranting segar dari pohon hawar, pohon badam, dan pohon berangan, lalu dia mengupas belang-belang putihnya sehingga terlihatlah warna putih pada ranting-ranting itu."
berangan,1,"Èla èèna ka, Yakob poro nare dadana aajꞌu nèti ajꞌu tèlu rupa. Ka na caci pakarata kaꞌuri ajꞌu sèra, tao strep-strep.","Kemudian, Yakub memotong ranting-ranting segar dari pohon hawar, pohon badam, dan pohon berangan, lalu dia mengupas belang-belang putihnya sehingga terlihatlah warna putih pada ranting-ranting itu."
mengupas,1,"Èla èèna ka, Yakob poro nare dadana aajꞌu nèti ajꞌu tèlu rupa. Ka na caci pakarata kaꞌuri ajꞌu sèra, tao strep-strep.","Kemudian, Yakub memotong ranting-ranting segar dari pohon hawar, pohon badam, dan pohon berangan, lalu dia mengupas belang-belang putihnya sehingga terlihatlah warna putih pada ranting-ranting itu."
putihnya,1,"Èla èèna ka, Yakob poro nare dadana aajꞌu nèti ajꞌu tèlu rupa. Ka na caci pakarata kaꞌuri ajꞌu sèra, tao strep-strep.","Kemudian, Yakub memotong ranting-ranting segar dari pohon hawar, pohon badam, dan pohon berangan, lalu dia mengupas belang-belang putihnya sehingga terlihatlah warna putih pada ranting-ranting itu."
dikupasnya,1,"Hèia ajꞌu dhu strep-strep se, na tèke asa dꞌara karabꞌa kahibꞌi. Badha se dhu tema le paꞌango aa paleo ètu era èèna.","Dia meletakkan ranting-ranting yang telah dikupasnya di depan kawanan kambing domba itu, di palungan-palungan, di penampungan-penampungan air, tempat kawanan itu datang untuk minum. Biasanya, mereka saling kawin ketika mereka datang untuk minum."
menjahatiku,1,"Te ngaa sèmi èèna, dꞌara na laꞌe kahèi, ka na kapodꞌe-kabèli taruu jaꞌa. Ka na ubꞌa rui-jꞌajꞌèra jaꞌa, canguru hari kèna. Masi ka sèmi èèna, Ama Lamatua jꞌaga paꞌèra jaꞌa.","Namun, ayahmu telah menipuku dan mengubah upahku sebanyak sepuluh kali. Akan tetapi, Allah tidak membiarkannya menjahatiku."
kelahiranmu,1,"Jaꞌa ne, Ama Lamatua, dhu padꞌelo iisi mi èu ètu Betel èèna. Ètu era nèi, èu patitu hadhu, ka mu bhori èi mènyi ètu dedha na, ka èu sogo-tagu Jaꞌa. Ka èu paꞌèki lii pajaji dènge Jaꞌa ètu nèi. De kèdꞌi ka, tèke eele ka rai neꞌe ne, lamu ka asa kabarai ina-ama èu.’ ”","Akulah Allah yang di Betel, tempat kamu mencurahkan minyak pada sebuah tugu, dan di sana kamu membuat suatu sumpah kepada-Ku. Sekarang, bangkitlah, tinggalkan tanah ini, dan kembalilah ke tanah kelahiranmu.’”"
dikumpulkannya,1,"Èle èèna ka, Yakob lalau mèdha-panyau na. Hèia na pacaꞌe ana-dhèu èmu na asa dedha onta lasi, aa na eo nèti badha-manu na aaꞌi-aaꞌi, dènge mèdha-panyau dhu na abhu ètu Padan Aram, ho lasi asa rai Kanaꞌan.","Lalu, Yakub bersiap dan menaikkan anak-anaknya dan istri-istrinya ke atas unta. Dia membawa seluruh kawanan ternaknya, yaitu kawanan ternak yang diperolehnya di Padan-Aram, dan segala harta benda yang dikumpulkannya untuk pergi kepada Ishak, ayahnya, di tanah Kanaan."
mengguntingi,1,"Lodꞌo èèna, Laban dhu laꞌe gꞌute rèu kahibꞌi-kalèbho na. Ka Rahel manaꞌu nare patung mèdha sogo-tagu ama na.","Ketika Laban pergi untuk mengguntingi bulu domba-dombanya, Rahel mencuri terafim ayahnya."
dikabarkanlah,1,"Rarai Yakob si èèna dꞌai tèlu lodꞌo ku, heka Laban neꞌa kèna.","Pada hari yang ketiga, dikabarkanlah hal ini kepada Laban bahwa Yakub telah melarikan diri."
kesadaranku,1,"Èle ka, Laban mai paraga dènge Yakob. Hèia na lii, aku nèngu na, “Nga tao ka, èu rai mèti ana bhèni jaꞌa se, dènge boe lii ugu-geꞌe sa hèi? Mu tao si sèmi dhèu dhu èu segi ètu dꞌara papara-pakèjꞌi.","Laban berkata kepada Yakub, “Apa yang kaulakukan ini dengan pergi diam-diam di luar kesadaranku dan membawa anak-anak perempuanku seperti orang yang ditawan dengan pedang?"
melepasmu,1,"Èu ne adꞌa aadꞌo, palangu boe sa hèi dènge jaꞌa! Ladhe èu peka dènge jaꞌa beꞌa-beꞌa, ele boe jaꞌa tao sisi-kau, ho taꞌa-tinu boko-boko, ho lere miu dènge lii sodꞌa, heka jiꞌi patabuli miu kèna.","Mengapa kamu melarikan diri dan pergi dariku secara diam-diam, dan tidak mengatakannya kepadaku supaya aku dapat melepasmu dengan sukacita diiringi nyanyian dengan tamborin dan harpa?"
diiringi,1,"Èu ne adꞌa aadꞌo, palangu boe sa hèi dènge jaꞌa! Ladhe èu peka dènge jaꞌa beꞌa-beꞌa, ele boe jaꞌa tao sisi-kau, ho taꞌa-tinu boko-boko, ho lere miu dènge lii sodꞌa, heka jiꞌi patabuli miu kèna.","Mengapa kamu melarikan diri dan pergi dariku secara diam-diam, dan tidak mengatakannya kepadaku supaya aku dapat melepasmu dengan sukacita diiringi nyanyian dengan tamborin dan harpa?"
tamborin,1,"Èu ne adꞌa aadꞌo, palangu boe sa hèi dènge jaꞌa! Ladhe èu peka dènge jaꞌa beꞌa-beꞌa, ele boe jaꞌa tao sisi-kau, ho taꞌa-tinu boko-boko, ho lere miu dènge lii sodꞌa, heka jiꞌi patabuli miu kèna.","Mengapa kamu melarikan diri dan pergi dariku secara diam-diam, dan tidak mengatakannya kepadaku supaya aku dapat melepasmu dengan sukacita diiringi nyanyian dengan tamborin dan harpa?"
harpa,1,"Èu ne adꞌa aadꞌo, palangu boe sa hèi dènge jaꞌa! Ladhe èu peka dènge jaꞌa beꞌa-beꞌa, ele boe jaꞌa tao sisi-kau, ho taꞌa-tinu boko-boko, ho lere miu dènge lii sodꞌa, heka jiꞌi patabuli miu kèna.","Mengapa kamu melarikan diri dan pergi dariku secara diam-diam, dan tidak mengatakannya kepadaku supaya aku dapat melepasmu dengan sukacita diiringi nyanyian dengan tamborin dan harpa?"
rahellah,1,"Te ngaa Yakob dhu neꞌa nare boe, na dhèu èmu na Rahel ka dhu manaꞌu nèti. Ka na lii, aku nèngu na, “Toꞌo! Mèdha sogo-tagu èèna, mu tenge ne! Ladhe mèdhi ètu cee, huku pamadhe ne. Parisa aaꞌi mèu-mèu. Ladhe abhu kahèi pusaka toꞌo dhu leo, more aaꞌi si. Hudꞌi laa, dhèu seꞌe se jꞌajꞌi sakasii.”","Namun, pada siapa pun engkau menemukan ilah-ilahmu itu, dia tidak akan hidup lagi. Di hadapan saudara-saudara kita, periksalah milikmu, apakah ada padaku dan ambillah itu untukmu.” Yakub tidak tahu bahwa Rahellah yang mencurinya."
mencurinya,1,"Te ngaa Yakob dhu neꞌa nare boe, na dhèu èmu na Rahel ka dhu manaꞌu nèti. Ka na lii, aku nèngu na, “Toꞌo! Mèdha sogo-tagu èèna, mu tenge ne! Ladhe mèdhi ètu cee, huku pamadhe ne. Parisa aaꞌi mèu-mèu. Ladhe abhu kahèi pusaka toꞌo dhu leo, more aaꞌi si. Hudꞌi laa, dhèu seꞌe se jꞌajꞌi sakasii.”","Namun, pada siapa pun engkau menemukan ilah-ilahmu itu, dia tidak akan hidup lagi. Di hadapan saudara-saudara kita, periksalah milikmu, apakah ada padaku dan ambillah itu untukmu.” Yakub tidak tahu bahwa Rahellah yang mencurinya."
pelanggaranku,1,"Ka Yakob nasa, hèia na pajèka dènge Laban, aku nèngu na, “Jaꞌa ne tao bhelu ngaa mi toꞌo? Ka toꞌo mai bate jaꞌa, sèmi dhu jaꞌa ne, dhèu bhelu-katubꞌa sa!","Yakub menjadi marah dan bertengkar dengan Laban. Yakub berkata kepada Laban, “Apa pelanggaranku? Apa dosaku sampai engkau mengejarku segigih ini?"
dosaku,1,"Ka Yakob nasa, hèia na pajèka dènge Laban, aku nèngu na, “Jaꞌa ne tao bhelu ngaa mi toꞌo? Ka toꞌo mai bate jaꞌa, sèmi dhu jaꞌa ne, dhèu bhelu-katubꞌa sa!","Yakub menjadi marah dan bertengkar dengan Laban. Yakub berkata kepada Laban, “Apa pelanggaranku? Apa dosaku sampai engkau mengejarku segigih ini?"
mengejarku,1,"Ka Yakob nasa, hèia na pajèka dènge Laban, aku nèngu na, “Jaꞌa ne tao bhelu ngaa mi toꞌo? Ka toꞌo mai bate jaꞌa, sèmi dhu jaꞌa ne, dhèu bhelu-katubꞌa sa!","Yakub menjadi marah dan bertengkar dengan Laban. Yakub berkata kepada Laban, “Apa pelanggaranku? Apa dosaku sampai engkau mengejarku segigih ini?"
segigih,1,"Ka Yakob nasa, hèia na pajèka dènge Laban, aku nèngu na, “Jaꞌa ne tao bhelu ngaa mi toꞌo? Ka toꞌo mai bate jaꞌa, sèmi dhu jaꞌa ne, dhèu bhelu-katubꞌa sa!","Yakub menjadi marah dan bertengkar dengan Laban. Yakub berkata kepada Laban, “Apa pelanggaranku? Apa dosaku sampai engkau mengejarku segigih ini?"
barangku,1,"Mèdha-panyau jaꞌa, toꞌo cebꞌe eele si. De mu abhu ngaa? More ka mai tèke mi madha ne, sèna ka aaꞌi-aaꞌi ti tèdhi. Aa hudꞌi laa, dhèu seꞌe ka dhu pamaꞌète mèdha èèna unu cee.","Ketika engkau menggeledah semua barangku, apakah engkau menemukan semua barang rumahmu? Letakkanlah itu di sini, di hadapan saudara-saudaraku dan saudara-saudaramu supaya mereka dapat memutuskannya di antara kita berdua."
memutuskannya,1,"Mèdha-panyau jaꞌa, toꞌo cebꞌe eele si. De mu abhu ngaa? More ka mai tèke mi madha ne, sèna ka aaꞌi-aaꞌi ti tèdhi. Aa hudꞌi laa, dhèu seꞌe ka dhu pamaꞌète mèdha èèna unu cee.","Ketika engkau menggeledah semua barangku, apakah engkau menemukan semua barang rumahmu? Letakkanlah itu di sini, di hadapan saudara-saudaraku dan saudara-saudaramu supaya mereka dapat memutuskannya di antara kita berdua."
betinamu,1,"Dua nguru tèu kèna, jaꞌa sabꞌa kuli mi toꞌo. Lodꞌo jaꞌa madhenga badha-manu toꞌo, ciꞌu sa legu boe. Aa kuꞌa kèdhi boe ciꞌu sa hèi!","Selama dua puluh tahun aku bersamamu, domba-domba betina dan kambing-kambing betinamu tidak pernah keguguran dan aku juga tidak memakan domba-domba jantan dari kawanan kambing dombamu."
keguguran,1,"Dua nguru tèu kèna, jaꞌa sabꞌa kuli mi toꞌo. Lodꞌo jaꞌa madhenga badha-manu toꞌo, ciꞌu sa legu boe. Aa kuꞌa kèdhi boe ciꞌu sa hèi!","Selama dua puluh tahun aku bersamamu, domba-domba betina dan kambing-kambing betinamu tidak pernah keguguran dan aku juga tidak memakan domba-domba jantan dari kawanan kambing dombamu."
dicuri,1,"Ladhe badha hui-hahi hui, kadhi pamadhe badha toꞌo ciꞌu, jaꞌa peka boe, te ngaa jaꞌa gati. Aa ladhe dhèu manaꞌu, toꞌo pua jaꞌa gati, masi ka jaꞌa sala boe.","Yang dicabik-cabik oleh binatang buas tidak kubawa kepadamu, aku sendiri yang menggantinya. Yang dicuri pada waktu siang atau malam pun, engkau tuntut dari tanganku."
tuntut,1,"Ladhe badha hui-hahi hui, kadhi pamadhe badha toꞌo ciꞌu, jaꞌa peka boe, te ngaa jaꞌa gati. Aa ladhe dhèu manaꞌu, toꞌo pua jaꞌa gati, masi ka jaꞌa sala boe.","Yang dicabik-cabik oleh binatang buas tidak kubawa kepadamu, aku sendiri yang menggantinya. Yang dicuri pada waktu siang atau malam pun, engkau tuntut dari tanganku."
dilahap,1,"Ladhe re mèu, madha lodꞌo ai pamango jaꞌa. Aa ladhe mèda, jaꞌa maringi rigꞌi-rigꞌi. Jaꞌa pasaruru boe ciki sa, toke mèu rai, lula madhenge badha-manu toꞌo.","Aku ini, dilahap oleh panas pada siang hari dan oleh dingin pada malam hari. Tidur pun menjauh dari mataku."
membiarkanku,1,"Malo-malo ka, dènge Ama Lamatua, dhu baki ku Abraham, dènge ama ku Isak, dhu sogo-tagu Ne. Ladhe Na leru boe jaꞌa ne, ele boe toꞌo hia jaꞌa lèpa dènge ai hua daꞌu-daꞌu. Te ngaa Ama Lamatua dhu paꞌabhe boe musi madha Na mi jꞌajꞌèra jaꞌa, aa Na tao madha-dhilu mi sasabꞌa-laꞌa jaꞌa aaꞌi-aaꞌi. Nèti èèna ka, mèda deo na, Na mai kai toꞌo, sèna ka baku lii sakaa dènge jaꞌa.”","Seandainya Allah ayahku, yaitu Allah Abraham, Yang Ditakuti oleh Ishak, tidak menyertaiku, tentu engkau sudah membiarkanku pergi dengan tangan kosong. Allah telah memperhatikan kesusahan dan kerja keras tanganku sehingga Dia menegurmu tadi malam.”"
cucuku,1,"Ropa nanene nare lii padhai Yakob, ka Laban dhaa, aku nèngu na, “Sèmi neꞌe! Bhèni dua se, ana jaꞌa. Ana dhu ra matana se, aaꞌi-aaꞌi ra èpu jaꞌa. Badha-manu aaꞌi-aaꞌi se, unu jaꞌa. Aaꞌi-aaꞌi dhu èu ladhe mèdhi ètu seꞌe se, unu jaꞌa. Te ngaa jaꞌa neo tao si, tasamia? Jaꞌa bisa boe magee si.","Laban menjawab dan berkata kepada Yakub, “Anak-anak perempuan ini adalah anakku, anak-anak itu adalah cucuku, kawanan kambing domba itu adalah kawananku, dan segala yang kaulihat adalah milikku. Namun, apa yang dapat aku lakukan hari ini untuk anak-anak perempuanku atau untuk anak-anak yang telah mereka lahirkan?"
didirikannya,1,"Hèia Yakob nare ka hadhu aae cue, na patitu ètu èèna, sèna ka jꞌajꞌi mi tadha.","Lalu, Yakub mengambil sebongkah batu dan didirikannya menjadi sebuah tugu."
mizpa,1,"Laban pangare kahèi era èèna, Mispa (dhu sasoa na ‘era jꞌaga dhu dedha’), lula na peka na, “Pe èèna na, LAMATUA ka dhu jꞌaga èdhi dua ti, ho masi ka dua ti pakajꞌèu, baku kako eele lii pajaji ne.","atau Mizpa, sebab kata Laban, “Biarlah TUHAN mengawasi kau dan aku, ketika kita tidak saling melihat."
mahanaim,1,"Ropa ladhe nèdhi si, na lii, aku nèngu na, “Era neꞌe ne, sèmi era ae sordadꞌu Lamatua!” Nèti èèna ka, era èèna na pangare na, Mahanaim (dhu sasoa na ‘dua era ae iisi’).","Ketika Yakub melihat mereka, dia berkata, “Tempat ini adalah perkemahan Allah!” Jadi, Yakub menamai tempat itu Mahanaim."
menyerangnya,1,"Na pangee, “Ladhe Esau mai, ho na age kaboko dhu uru, na kaboko dhu limuri bisa rai, tenge sodꞌa.”","Sebab, dia berpikir, “Jika Esau mendatangi kelompok yang satu dan menyerangnya, kelompok yang tinggal akan meloloskan diri.”"
tongkatku,1,"Jaꞌa ne madhutu mola-mola na, bisa boe abhu sasue dènge mamako Lamatua. Uru èèna, lodꞌo jaꞌa pège loko Yarden, jaꞌa kèti dhoka tatea di. Te ngaa limuri ne, jaꞌa lèpa kèti dènge dhèu dua nau, aa dènge badha-manu ae.","aku tidak layak akan segala kebaikan dan segala kesetiaan yang Engkau nyatakan kepada hamba-Mu ini. Karena hanya dengan tongkatku, aku menyeberangi Sungai Yordan ini, tetapi sekarang aku telah menjadi dua kelompok."
dahuluilah,1,"Ka na hagꞌe ka badha se, èci-èci ka dènge anga na. Hèia na papala ka, èci-èci dènge ana madhenge na. Ka na peka dènge dhèu seꞌe, aku nèngu na, “Miu kako uuru. Pe jaꞌa dhiu. Te ngaa mi palaladha ho kaboko èci pakajꞌèu nèti kaboko dhu leo sèra.”","Dia memberikan itu ke tangan hamba-hambanya, setiap kelompok secara tersendiri. Kemudian, dia berkata kepada hamba-hambanya, “Dahuluilah aku dan jagalah jarak antara kelompok yang satu dengan kelompok yang lain.”"
dikirimnya,1,"Na mi dhaa, peka na, ‘Badha-manu se, unu ènu mu, Yakob. Na paꞌadhu hia aꞌa na, Esau. Te ngaa nèngu nuka nèti limuri nèi.’ ”","kamu harus menjawab, ‘Milik hambamu, Yakub. Ini adalah hadiah yang dikirimnya untuk Tuanku, Esau. Lihatlah, dia sendiri juga ada di belakang kami.’”"
menenangkannya,1,"Lii sèmi èèna, na peka kahèi dènge dhèu madhenga badha cahagꞌe sèra hèi, aku nèngu na, “Ladhe mi paraga dènge aꞌa ku Esau, mi hia ne badha-manu se. Aa mi peka dènge ne, jaꞌa re limuri.” Lula madhutu aꞌabhu Yakob, na hia badha se aaꞌi-aaꞌi mi Esau, èèna na Esau sèmi nèngu dènge beꞌa.","Yakub memerintahkannya juga kepada yang kedua dan yang ketiga, dan kepada semua yang mengikuti kelompok-kelompok itu, katanya, “Seperti itulah perkataan yang harus kamu ucapkan kepada Esau ketika kamu bertemu dengannya. Kamu juga harus berkata, ‘Lihatlah, hambamu, Yakub, ada di belakang kami.’” Sebab, dia berpikir, “Aku akan menenangkannya dengan hadiah yang mendahuluiku. Kemudian, aku akan memandang wajahnya dan mungkin dia akan menerima.”"
penyeberangan,1,"Mèda na, Yakob kèdꞌi, ka na pua dhèu èmu na dhèu dua, dènge dhèu èmu piara dhèu dua, dènge ana na dhèu canguru èci sèra, lasi uuru pège asa cabèka loko Yabok.","Pada malam itu, dia bangun dan mengambil kedua istrinya, kedua hamba perempuannya, dan kesebelas anak laki-lakinya untuk menyeberangi penyeberangan Yabok."
yabok,1,"Mèda na, Yakob kèdꞌi, ka na pua dhèu èmu na dhèu dua, dènge dhèu èmu piara dhèu dua, dènge ana na dhèu canguru èci sèra, lasi uuru pège asa cabèka loko Yabok.","Pada malam itu, dia bangun dan mengambil kedua istrinya, kedua hamba perempuannya, dan kesebelas anak laki-lakinya untuk menyeberangi penyeberangan Yabok."
terkilir,1,"Ropa mone ne neꞌa na nèngu segi boe Yakob, ka na kalabhe mi kolo keja Yakob, ka gage na tabodꞌa eele nèti era na.","Ketika Orang itu melihat bahwa Dia tidak dapat mengalahkan Yakub, Dia memukul pangkal paha Yakub sehingga pangkal pahanya terkilir ketika bergulat dengan-Nya."
urat,1,"Nèti èèna ka, toke dꞌai sange neꞌe, dhèu Israꞌel raꞌa boe sisi isi lasona, lula Lamatua kalabhe patabodꞌa eele gage bèi-baki ra Yakob.","Itulah sebabnya, sampai hari ini umat Israel tidak makan urat daging yang terdapat pada pangkal paha karena Dia telah memukul pangkal paha Yakub pada otot pahanya."
otot,1,"Nèti èèna ka, toke dꞌai sange neꞌe, dhèu Israꞌel raꞌa boe sisi isi lasona, lula Lamatua kalabhe patabodꞌa eele gage bèi-baki ra Yakob.","Itulah sebabnya, sampai hari ini umat Israel tidak makan urat daging yang terdapat pada pangkal paha karena Dia telah memukul pangkal paha Yakub pada otot pahanya."
menyongsongnya,1,"Te ngaa lodꞌo Esau ladhe nèdhi ari na, rai dènge ka, laꞌe liku nare Yakob. Dua ra paliku dènge paꞌuu. Hèia dua ra tangi dꞌara pèdꞌa.","Kemudian, Esau berlari menyongsongnya, memeluknya, merangkul lehernya, dan menciumnya, lalu mereka menangis."
simpanlah,1,"Te ngaa Esau peka, “Jaꞌa dènge mèdha-panyau ae kahèi. De hia ia ka jaꞌa ngaa-ngaa.”","Namun, Esau berkata, “Aku telah punya banyak, Adikku. Simpanlah yang kamu miliki ini untuk dirimu sendiri.”"
berkatku,1,"De jaꞌa manèngi, aꞌa ku sèmi la mèdha-panyau dhu kabꞌua aadꞌo se. Lula Ama Lamatua beꞌa titu kèna dènge jaꞌa ne. Nèti èèna ka, Na hia jaꞌa unu ngaa-ngaa se aaꞌi-aaꞌi.” Lula Yakob pamako taruu, noꞌo do noꞌo boe èèna ka, Esau sèmi nare kahèi.","Aku mohon, terimalah berkatku yang dibawa kepadamu ini karena Allah telah bermurah hati kepadaku, dan karena aku mempunyai segalanya.” Yakub mendesaknya dan Esau pun menerimanya."
mendesaknya,1,"De jaꞌa manèngi, aꞌa ku sèmi la mèdha-panyau dhu kabꞌua aadꞌo se. Lula Ama Lamatua beꞌa titu kèna dènge jaꞌa ne. Nèti èèna ka, Na hia jaꞌa unu ngaa-ngaa se aaꞌi-aaꞌi.” Lula Yakob pamako taruu, noꞌo do noꞌo boe èèna ka, Esau sèmi nare kahèi.","Aku mohon, terimalah berkatku yang dibawa kepadamu ini karena Allah telah bermurah hati kepadaku, dan karena aku mempunyai segalanya.” Yakub mendesaknya dan Esau pun menerimanya."
besertaku,1,"Te ngaa aku Yakob na, “Hudꞌi laa, aꞌa! Aꞌa ku ladhe mèdhi unu mu. Ana mu se, ana iiki ae era. Rèngu se dhae èra èèna mèka. Aa badha ae ka dhu heka matana. Ladhe ta pakaseti si kako pamèri, ètu dꞌara ca lodꞌo, èèna na madhe aaꞌi si.","Namun, Yakub berkata kepadanya, “Tuanku mengetahui bahwa anak-anak ini masih lemah, dan besertaku ada pula kawanan kambing domba dan ternak yang masih menyusui. Jika digiring paksa selama sehari saja, semua kawanan itu akan mati."
digiring,1,"Te ngaa aku Yakob na, “Hudꞌi laa, aꞌa! Aꞌa ku ladhe mèdhi unu mu. Ana mu se, ana iiki ae era. Rèngu se dhae èra èèna mèka. Aa badha ae ka dhu heka matana. Ladhe ta pakaseti si kako pamèri, ètu dꞌara ca lodꞌo, èèna na madhe aaꞌi si.","Namun, Yakub berkata kepadanya, “Tuanku mengetahui bahwa anak-anak ini masih lemah, dan besertaku ada pula kawanan kambing domba dan ternak yang masih menyusui. Jika digiring paksa selama sehari saja, semua kawanan itu akan mati."
kesita,1,"Rai dhu Yakob patitu paleo ne, hèli nare nèti Hemor, ana Sikem. Kabꞌua rai ne, ca ngasu doi iia.","Dia membeli sebidang tanah, tempat dia mendirikan tendanya dari tangan keturunan Hemor, ayah Sikhem, seharga 100 kesita."
menyebutnya,1,"Ètu era ne, na pudhi hadhu, tao mei korban. Ka na pangare era neꞌe, El-Elohe-Israꞌel, dhu sasoa na ‘Ama Lamatua nèti Israꞌel’.","Dia mendirikan mazbah di situ dan menyebutnya, “Allah Israel adalah Allah.”"
menidurinya,1,"Dhèu aae kabarai ne, ngara na Hemor, nèti suku Hewi. Ngara ana mone na, Sikem. Ca tèka, Sikem ladhe nèdhi Dina, ka rai nèti ne, hèia na tao pakarehe ne.","Ketika Sikhem, anak Hemor, orang Hewi, pemimpin negeri itu, melihat Dina, dia membawanya dan menidurinya, lalu memerkosanya."
memerkosanya,1,"Dhèu aae kabarai ne, ngara na Hemor, nèti suku Hewi. Ngara ana mone na, Sikem. Ca tèka, Sikem ladhe nèdhi Dina, ka rai nèti ne, hèia na tao pakarehe ne.","Ketika Sikhem, anak Hemor, orang Hewi, pemimpin negeri itu, melihat Dina, dia membawanya dan menidurinya, lalu memerkosanya."
dapatkanlah,1,"Hèia Sikem peka dènge ama na, aku nèngu na, “Ama! Lamu karèi Dina hia jaꞌa, sèna ka jaꞌa madhèdi dènge ne.”","Lalu, Sikhem berkata kepada Hemor, ayahnya, “Dapatkanlah gadis itu bagiku untuk menjadi istriku.”"
kemarahannya,1,"Ètu talora dua ra padhue-padhai era, ana-ana Yakob lèpa nèti dꞌara padꞌa. Ropa ra tadèngi Sikem dhu tao pakarehe le ana hèni ra, ka dꞌara ra pèdꞌa, ka ra nasa bia. Ka ra peka, “Madha jꞌara dhu sèmi neꞌe ne, lèke boe ètu Israꞌel. De jiꞌi se sèmi boe dhèu tao bhelu-katubꞌa sèmi èèna.”",Anak-anak Yakub baru kembali dari padang ketika mendengar tentang hal ini sehingga orang-orang itu merasa sakit hati dan sangat terbakar kemarahannya karena Sikhem telah berbuat aib di antara orang Israel dengan meniduri anak perempuan Yakub. Hal itu tidak pantas untuk dilakukan.
meniduri,1,"Ètu talora dua ra padhue-padhai era, ana-ana Yakob lèpa nèti dꞌara padꞌa. Ropa ra tadèngi Sikem dhu tao pakarehe le ana hèni ra, ka dꞌara ra pèdꞌa, ka ra nasa bia. Ka ra peka, “Madha jꞌara dhu sèmi neꞌe ne, lèke boe ètu Israꞌel. De jiꞌi se sèmi boe dhèu tao bhelu-katubꞌa sèmi èèna.”",Anak-anak Yakub baru kembali dari padang ketika mendengar tentang hal ini sehingga orang-orang itu merasa sakit hati dan sangat terbakar kemarahannya karena Sikhem telah berbuat aib di antara orang Israel dengan meniduri anak perempuan Yakub. Hal itu tidak pantas untuk dilakukan.
berbesan,1,"Ladhe moꞌo ana-ana èdhi se paleo iisi-aanga ra. Ana-ana mone nèti miu, madhèdi dènge ana-ana bhèni nèti jiꞌi. Sèmi èèna kahèi, ana-ana mone jiꞌi madhèdi dènge ana-ana bhèni miu.",Marilah kita saling berbesan. Berikanlah anak perempuanmu kepada kami dan ambillah anak-anak perempuan kami bagimu.
bebankanlah,1,"Hèia Sikem peka dènge ama Dina dènge aꞌa na sèra, peka na, “Miu se, sadꞌi manèngi ngaa, jaꞌa dhoka madhutu di. Masi ka miu manèngi doi pamèu madha, dènge kabꞌua pèri-pèri èèna ka, jaꞌa hia. Sadꞌi moꞌo jaꞌa leo dènge ana hèni miu.”","Kemudian, Sikhem berkata kepada ayah perempuan itu dan kepada saudara-saudaranya, “Biarlah aku mendapatkan kemurahan di matamu dan apa pun yang kamu katakan kepadaku, aku akan memberikannya. Bebankanlah sebanyak mungkin maskawin dan hadiah kepadaku, maka aku akan memberikannya sesuai dengan yang engkau katakan kepadaku. Hanya, berikanlah gadis itu kepadaku sebagai istri.”"
maskawin,1,"Hèia Sikem peka dènge ama Dina dènge aꞌa na sèra, peka na, “Miu se, sadꞌi manèngi ngaa, jaꞌa dhoka madhutu di. Masi ka miu manèngi doi pamèu madha, dènge kabꞌua pèri-pèri èèna ka, jaꞌa hia. Sadꞌi moꞌo jaꞌa leo dènge ana hèni miu.”","Kemudian, Sikhem berkata kepada ayah perempuan itu dan kepada saudara-saudaranya, “Biarlah aku mendapatkan kemurahan di matamu dan apa pun yang kamu katakan kepadaku, aku akan memberikannya. Bebankanlah sebanyak mungkin maskawin dan hadiah kepadaku, maka aku akan memberikannya sesuai dengan yang engkau katakan kepadaku. Hanya, berikanlah gadis itu kepadaku sebagai istri.”"
dinodai,1,"Te ngaa ana-ana Yakob se reꞌa le, Sikem dhu tao pakarehe ana hèni ra Dina. Hèia ra karihu-kahadhu, ka ra bèle, peka mi Sikem dènge ama na Hemor,","Karena adik perempuan mereka telah dinodai, para anak laki-laki Yakub menjawab Sikhem dan Hemor, ayahnya, dengan tipu daya."
luas,1,"“Aꞌari aaꞌi-aaꞌi! Dhèu Israꞌel se, dꞌèi mamuri mera-milu dènge èdhi. De hudꞌi laa ta pea paꞌèci dènge rèngu ètu dedha-rai neꞌe. Rai ne taleo, de èdhi bisa pea paꞌèci aaꞌi-aaꞌi ti. Èdhi se bisa leo dènge ana bhèni rèngu. Aa rèngu bisa madhèdi dènge ana bhèni èdhi kahèi.","“Orang-orang ini bersahabat dengan kita. Karena itu, biarlah mereka tinggal di tanah kita dan berdagang di dalamnya. Sebab, lihatlah, tanah ini masih cukup luas bagi mereka. Marilah kita mengambil anak-anak perempuan mereka sebagai istri, dan biarlah kita memberikan anak-anak perempuan kita kepada mereka."
nantinya,1,"Ladhe èdhi se pabꞌali le dènge rèngu, èèna na badha-manu dènge mèdha-panyau ra jꞌajꞌi unu èdhi. De beꞌa risi èdhi toꞌo la madhutu dadꞌèi ra. Mai sèna ka aaꞌi-aaꞌi ti suna! Moꞌo, sina ma?”","Bukankah nantinya ternak mereka, harta mereka, dan segala hewan mereka akan menjadi milik kita? Jadi, mari kita sepakat dengan mereka, lalu mereka akan tinggal bersama kita.”"
membusukkanku,1,"Ropa Yakob neꞌa jꞌara dhu jꞌajꞌi èèna, na peka dènge Simeon dènge Lewi, “Miu dua mi se, goa ngaa ka neꞌe? Miu pajꞌèra jaꞌa! Èèna na, dhèu Kanaꞌan dènge dhèu Peris dènge dhèu aaꞌi-aaꞌi ra ètu dedha rai neꞌe, tèka dꞌara dènge èdhi se. Rèngu se, dhèu ae-ae. Te ngaa èdhi se, dhèu ciki di. Ladhe rèngu se mai age èdhi, na, ra palaho aaꞌi èdhi.”","Akan tetapi, Yakub berkata kepada Simeon dan Lewi, “Kamu telah menyusahkan aku dengan membusukkanku di antara penduduk negeri ini, di antara orang Kanaan dan orang Feris. Orang-orangku hanya sedikit jumlahnya, sedangkan mereka akan bergabung untuk melawanku dan menyerangku, dan aku pun akan dibinasakan, aku dan seisi rumahku.”"
melawanku,1,"Ropa Yakob neꞌa jꞌara dhu jꞌajꞌi èèna, na peka dènge Simeon dènge Lewi, “Miu dua mi se, goa ngaa ka neꞌe? Miu pajꞌèra jaꞌa! Èèna na, dhèu Kanaꞌan dènge dhèu Peris dènge dhèu aaꞌi-aaꞌi ra ètu dedha rai neꞌe, tèka dꞌara dènge èdhi se. Rèngu se, dhèu ae-ae. Te ngaa èdhi se, dhèu ciki di. Ladhe rèngu se mai age èdhi, na, ra palaho aaꞌi èdhi.”","Akan tetapi, Yakub berkata kepada Simeon dan Lewi, “Kamu telah menyusahkan aku dengan membusukkanku di antara penduduk negeri ini, di antara orang Kanaan dan orang Feris. Orang-orangku hanya sedikit jumlahnya, sedangkan mereka akan bergabung untuk melawanku dan menyerangku, dan aku pun akan dibinasakan, aku dan seisi rumahku.”"
gantilah,1,"Ka Yakob peka dènge isi èmu na aaꞌi-aaꞌi, aku nèngu na, “Aaꞌi-aaꞌi ti lati dènge ka asa Betel. Uru èèna, lodꞌo jaꞌa ètu dꞌara jꞌajꞌèra, Ama Lamatua ka dhu ladhe-leru jaꞌa ètu èèna. Jaꞌa neo tao mei korban ètu nèi. De mi core eele mèdha sogo-tagu miu. Aa mi pamèu iisi mi, ho mi gati mèdha-papake leo, te èdhi neo pahaha iisi mi Ama Lamatua.”","Kemudian, Yakub berkata kepada seisi rumahnya dan kepada semua yang bersamanya, “Singkirkanlah ilah-ilah lain yang ada di antara kalian, dan bersihkanlah dirimu, lalu gantilah pakaianmu. Mari kita bersiap-siap dan pergi ke Betel. Di sana, aku akan membuat sebuah mazbah bagi Allah yang menjawabku pada masa kesulitanku dan yang menyertaiku ke mana pun aku pergi.”"
menjawabku,1,"Ka Yakob peka dènge isi èmu na aaꞌi-aaꞌi, aku nèngu na, “Aaꞌi-aaꞌi ti lati dènge ka asa Betel. Uru èèna, lodꞌo jaꞌa ètu dꞌara jꞌajꞌèra, Ama Lamatua ka dhu ladhe-leru jaꞌa ètu èèna. Jaꞌa neo tao mei korban ètu nèi. De mi core eele mèdha sogo-tagu miu. Aa mi pamèu iisi mi, ho mi gati mèdha-papake leo, te èdhi neo pahaha iisi mi Ama Lamatua.”","Kemudian, Yakub berkata kepada seisi rumahnya dan kepada semua yang bersamanya, “Singkirkanlah ilah-ilah lain yang ada di antara kalian, dan bersihkanlah dirimu, lalu gantilah pakaianmu. Mari kita bersiap-siap dan pergi ke Betel. Di sana, aku akan membuat sebuah mazbah bagi Allah yang menjawabku pada masa kesulitanku dan yang menyertaiku ke mana pun aku pergi.”"
kesulitanku,1,"Ka Yakob peka dènge isi èmu na aaꞌi-aaꞌi, aku nèngu na, “Aaꞌi-aaꞌi ti lati dènge ka asa Betel. Uru èèna, lodꞌo jaꞌa ètu dꞌara jꞌajꞌèra, Ama Lamatua ka dhu ladhe-leru jaꞌa ètu èèna. Jaꞌa neo tao mei korban ètu nèi. De mi core eele mèdha sogo-tagu miu. Aa mi pamèu iisi mi, ho mi gati mèdha-papake leo, te èdhi neo pahaha iisi mi Ama Lamatua.”","Kemudian, Yakub berkata kepada seisi rumahnya dan kepada semua yang bersamanya, “Singkirkanlah ilah-ilah lain yang ada di antara kalian, dan bersihkanlah dirimu, lalu gantilah pakaianmu. Mari kita bersiap-siap dan pergi ke Betel. Di sana, aku akan membuat sebuah mazbah bagi Allah yang menjawabku pada masa kesulitanku dan yang menyertaiku ke mana pun aku pergi.”"
menanamnya,1,"Ka ra oru mèdha sogo-tagu, dènge ate-ate ra aaꞌi-aaꞌi ra. Hèia Yakob dhènu mèdha se aaꞌi-aaꞌi ra ètu kapua ajꞌu aae ca kapua dhu padètu dènge rae Sikem.","Kemudian, mereka menyerahkan segala ilah lain yang ada di tangan mereka dan anting-anting yang ada di telinga mereka kepada Yakub, lalu Yakub menanamnya di bawah pohon tarbantin, yang terletak di dekat Sikhem."
kengerian,1,"Ropa Yakob dènge dhèu na aaꞌi-aaꞌi pakèdꞌi nèti Sikem, Ama Lamatua hia dꞌara madhaꞌu mi dhèu-dhèu dhu pea ètu dꞌara rae-rae dhu padètu dènge rae Sikem, ka ra bani boe tao karehe mi Yakob si.","Lalu, mereka berangkat dan kengerian dari Allah menimpa kota-kota di sekelilingnya sehingga mereka tidak mengejar keturunan Yakub itu."
debora,1,"Padètu dènge rae Betel, abhu ajꞌu aae ca kapua, ngara na Alon Bakut. Sasoa na ‘ajꞌu tangi dhèu madhe’. Pake ngara ne, lodꞌo Debora, ina dhu lalau-laloꞌo Ribka, madhe, ka padhane ètu karasa ajꞌu èèna.","Lalu, Debora, pengasuh Ribka, mati di sana dan dia dikuburkan di bawah Betel, di bawah pohon tarbantin sehingga namanya disebut “Alon-Bakut”."
pengasuh,1,"Padètu dènge rae Betel, abhu ajꞌu aae ca kapua, ngara na Alon Bakut. Sasoa na ‘ajꞌu tangi dhèu madhe’. Pake ngara ne, lodꞌo Debora, ina dhu lalau-laloꞌo Ribka, madhe, ka padhane ètu karasa ajꞌu èèna.","Lalu, Debora, pengasuh Ribka, mati di sana dan dia dikuburkan di bawah Betel, di bawah pohon tarbantin sehingga namanya disebut “Alon-Bakut”."
melayang,1,"Lodꞌo Rahel oe maꞌète aꞌae, na pangare ana ne, Ben-Oni, (dhu sasoa na ‘ana nèti jꞌajꞌèra jaꞌa’). Ka heka na madhe kèna. Te ngaa Yakob hia ana ne ngara Benyamin, (dhu sasoa na ‘ana ai gꞌana’).","Ketika nyawanya hampir melayang, dia menyebut nama anaknya, Ben-Oni, lalu dia pun mati. Namun, ayahnya menamainya Benyamin."
kuburnya,1,"Hèia Yakob pudhi lutu bhatu ètu roꞌa dhèu èmu na èèna. Dꞌai sange neꞌe, roꞌa Rahel ne era.","Yakub mendirikan sebuah tugu di atas kuburnya, dan itulah tugu kubur Rahel sampai hari ini."
sinilah,1,"Èle èèna ka, Yakob laꞌe ngadꞌo ama na Isak asa Mamre, dhu dètu dènge Kiryat-Arba (dhu limuri ne, ngara na Hebron). Uru èèna, baki na Abraham pea ètu èèna.","Lalu, Yakub datang kepada Ishak, ayahnya, di Mamre, di Kiryat-Arba, yaitu Hebron. Di sinilah Abraham dan Ishak tinggal sementara."
binatangnya,1,"Ca tèka, Esau pidha asa rai leo cue dhu kajꞌèu nèti Yakob. Laꞌe nèti aaꞌi bhèni-ana niki, dhèu-dhèu sabꞌa, badha-manu, dènge mèdha-panyau na.","Kemudian, Esau membawa istri-istrinya, anak-anak laki-lakinya, anak-anak perempuannya, dan semua orang di rumahnya, dan ternaknya, dan segala binatangnya, dan segala harta benda miliknya yang diperolehnya di tanah Kanaan, untuk pergi ke tanah yang jauh dari Yakub, adiknya."
heman,1,"Ana Lotan nuka: Hori dènge Heman. (Ana hèni Lotan, nuka Timna.)",Keturunan Lotan adalah Hori dan Heman. Saudara perempuan Lotan adalah Timna.
alwan,1,"Ana-ana Sobal, nuka: Alwan, Manahat, Ebal, Sefo, dènge Onam.","Inilah keturunan Syobal: Alwan, Manahat, Ebal, Syefo, dan Onam."
manahat,1,"Ana-ana Sobal, nuka: Alwan, Manahat, Ebal, Sefo, dènge Onam.","Inilah keturunan Syobal: Alwan, Manahat, Ebal, Syefo, dan Onam."
ebal,1,"Ana-ana Sobal, nuka: Alwan, Manahat, Ebal, Sefo, dènge Onam.","Inilah keturunan Syobal: Alwan, Manahat, Ebal, Syefo, dan Onam."
syefo,1,"Ana-ana Sobal, nuka: Alwan, Manahat, Ebal, Sefo, dènge Onam.","Inilah keturunan Syobal: Alwan, Manahat, Ebal, Syefo, dan Onam."
onam,1,"Ana-ana Sobal, nuka: Alwan, Manahat, Ebal, Sefo, dènge Onam.","Inilah keturunan Syobal: Alwan, Manahat, Ebal, Syefo, dan Onam."
aya,1,"Ana-ana nèti Sibeon, nuka: Aya, dènge Anah. Anah neꞌe ka dhu rage madha èi pana ètu dꞌara mamoo, lodꞌo na madhenga keledꞌei ama na.","Inilah keturunan Zibeon: Aya dan Ana. Ana inilah yang menemukan sumber-sumber air panas di padang belantara ketika dia menggembalakan keledai-keledai Zibeon, ayahnya."
hemdan,1,"Ana bhèni nèti Anah, nuka Oholibama. Aa ana mone na, nuka, Dison. Ana-ana Dison, nuka: Hemdan, Esban, Yitran, dènge Keran.","Inilah keturunan Ana: Disyon dan Oholibama. Inilah keturunan Disyon: Hemdan, Esyban, Yitran, dan Keran."
esyban,1,"Ana bhèni nèti Anah, nuka Oholibama. Aa ana mone na, nuka, Dison. Ana-ana Dison, nuka: Hemdan, Esban, Yitran, dènge Keran.","Inilah keturunan Ana: Disyon dan Oholibama. Inilah keturunan Disyon: Hemdan, Esyban, Yitran, dan Keran."
yitran,1,"Ana bhèni nèti Anah, nuka Oholibama. Aa ana mone na, nuka, Dison. Ana-ana Dison, nuka: Hemdan, Esban, Yitran, dènge Keran.","Inilah keturunan Ana: Disyon dan Oholibama. Inilah keturunan Disyon: Hemdan, Esyban, Yitran, dan Keran."
keran,1,"Ana bhèni nèti Anah, nuka Oholibama. Aa ana mone na, nuka, Dison. Ana-ana Dison, nuka: Hemdan, Esban, Yitran, dènge Keran.","Inilah keturunan Ana: Disyon dan Oholibama. Inilah keturunan Disyon: Hemdan, Esyban, Yitran, dan Keran."
bilhan,1,"Ana-ana Eser, nuka: Bilhan, Saawan, dènge Akan.","Inilah keturunan Ezer: Bilhan, Zaawan, dan Akan."
zaawan,1,"Ana-ana Eser, nuka: Bilhan, Saawan, dènge Akan.","Inilah keturunan Ezer: Bilhan, Zaawan, dan Akan."
aran,1,"Ana-ana Disan, nuka: Us, dènge Aran.",Inilah keturunan Disyan: Us dan Aran.
dinhaba,1,"Ra dedꞌe Bela, ana nèti Beor, jꞌajꞌi dhèu aae ètu kota Dinhaba.","Bela, keturunan Beor, memerintah di Edom dan nama kotanya adalah Dinhaba."
bozra,1,"Ropa Bela madhe, ra dedꞌe Yobab ho gati ne, jꞌajꞌi dhèu aae. Ama na, ngara na Sera, nèti rae Bosra.","Setelah Bela mati, yang memerintah sebagai penggantinya adalah Yobab, anak Zerah, dari Bozra."
bedad,1,"Ropa Husam madhe, ra dedꞌe Hadad ho gati na, jꞌajꞌi dhèu aae. Ama na, ngara na Bedad, nèti rae Awit. (Nèngu ka dhu segi dhèu Midian, lodꞌo ra pamusu ètu Moab.)","Setelah Husyam mati, yang memerintah sebagai penggantinya adalah Hadad, anak Bedad, yang mengalahkan orang Midian di wilayah Moab. Nama kotanya adalah Awit."
awit,1,"Ropa Husam madhe, ra dedꞌe Hadad ho gati na, jꞌajꞌi dhèu aae. Ama na, ngara na Bedad, nèti rae Awit. (Nèngu ka dhu segi dhèu Midian, lodꞌo ra pamusu ètu Moab.)","Setelah Husyam mati, yang memerintah sebagai penggantinya adalah Hadad, anak Bedad, yang mengalahkan orang Midian di wilayah Moab. Nama kotanya adalah Awit."
masreka,1,"Ropa Hadad madhe, ra dedꞌe Samla ho gati na, jꞌajꞌi dhèu aae. Nèngu ne, nèti rae Masreka.","Setelah Hadad mati, yang memerintah sebagai penggantinya adalah Samla dari Masreka."
hadar,1,"Ropa Baal-Hanan madhe, ra dedꞌe Hadar ho gati na, jꞌajꞌi dhèu aae. Hadar ne, nèti rae Pau. Aa dhèu èmu na, ngara Mehetabel. Ama Mehetabel, ngara na Matret. Aa baki na, Mesahab.","Setelah Baal-Hanan, anak Akhbor, mati, yang memerintah sebagai penggantinya adalah Hadar, dan nama kotanya adalah Pahu. Nama istrinya adalah Mehetabeel, anak perempuan Matred, anak perempuan Mezahab."
pahu,1,"Ropa Baal-Hanan madhe, ra dedꞌe Hadar ho gati na, jꞌajꞌi dhèu aae. Hadar ne, nèti rae Pau. Aa dhèu èmu na, ngara Mehetabel. Ama Mehetabel, ngara na Matret. Aa baki na, Mesahab.","Setelah Baal-Hanan, anak Akhbor, mati, yang memerintah sebagai penggantinya adalah Hadar, dan nama kotanya adalah Pahu. Nama istrinya adalah Mehetabeel, anak perempuan Matred, anak perempuan Mezahab."
mehetabeel,1,"Ropa Baal-Hanan madhe, ra dedꞌe Hadar ho gati na, jꞌajꞌi dhèu aae. Hadar ne, nèti rae Pau. Aa dhèu èmu na, ngara Mehetabel. Ama Mehetabel, ngara na Matret. Aa baki na, Mesahab.","Setelah Baal-Hanan, anak Akhbor, mati, yang memerintah sebagai penggantinya adalah Hadar, dan nama kotanya adalah Pahu. Nama istrinya adalah Mehetabeel, anak perempuan Matred, anak perempuan Mezahab."
matred,1,"Ropa Baal-Hanan madhe, ra dedꞌe Hadar ho gati na, jꞌajꞌi dhèu aae. Hadar ne, nèti rae Pau. Aa dhèu èmu na, ngara Mehetabel. Ama Mehetabel, ngara na Matret. Aa baki na, Mesahab.","Setelah Baal-Hanan, anak Akhbor, mati, yang memerintah sebagai penggantinya adalah Hadar, dan nama kotanya adalah Pahu. Nama istrinya adalah Mehetabeel, anak perempuan Matred, anak perempuan Mezahab."
mezahab,1,"Ropa Baal-Hanan madhe, ra dedꞌe Hadar ho gati na, jꞌajꞌi dhèu aae. Hadar ne, nèti rae Pau. Aa dhèu èmu na, ngara Mehetabel. Ama Mehetabel, ngara na Matret. Aa baki na, Mesahab.","Setelah Baal-Hanan, anak Akhbor, mati, yang memerintah sebagai penggantinya adalah Hadar, dan nama kotanya adalah Pahu. Nama istrinya adalah Mehetabeel, anak perempuan Matred, anak perempuan Mezahab."
alwa,1,"De kapala-kapala suku dhu jꞌajꞌi nèti ana-èpu Esau, nuka: Timna, Alwa, Yetet, Oholibama, Ela, Pinon, Kenas, Teman, Mibsar, Magdiel, dènge Iram. Rèngu se èci-èci pangare rai ra madhutu ngara rèngu unu ra. De aaꞌi-aaꞌi seꞌe, lii lolo nèti ana-èpu Esau, dhèu Edom èèna.","Inilah nama-nama kepala kaum yang berasal dari Esau, menurut keluarganya, berdasarkan tempat-tempatnya, masing-masing dengan namanya: Kepala kaum Timna, kepala kaum Alwa, kepala kaum Yetet, kepala kaum Oholibama, kepala kaum Ela, kepala kaum Pinon, kepala kaum Kenas, kepala kaum Teman, kepala kaum Mibzar, kepala kaum Magdiel, dan kepala kaum Iram. Itulah para kepala kaum Edom menurut tempat kediamannya di tanah milik mereka."
yetet,1,"De kapala-kapala suku dhu jꞌajꞌi nèti ana-èpu Esau, nuka: Timna, Alwa, Yetet, Oholibama, Ela, Pinon, Kenas, Teman, Mibsar, Magdiel, dènge Iram. Rèngu se èci-èci pangare rai ra madhutu ngara rèngu unu ra. De aaꞌi-aaꞌi seꞌe, lii lolo nèti ana-èpu Esau, dhèu Edom èèna.","Inilah nama-nama kepala kaum yang berasal dari Esau, menurut keluarganya, berdasarkan tempat-tempatnya, masing-masing dengan namanya: Kepala kaum Timna, kepala kaum Alwa, kepala kaum Yetet, kepala kaum Oholibama, kepala kaum Ela, kepala kaum Pinon, kepala kaum Kenas, kepala kaum Teman, kepala kaum Mibzar, kepala kaum Magdiel, dan kepala kaum Iram. Itulah para kepala kaum Edom menurut tempat kediamannya di tanah milik mereka."
ela,1,"De kapala-kapala suku dhu jꞌajꞌi nèti ana-èpu Esau, nuka: Timna, Alwa, Yetet, Oholibama, Ela, Pinon, Kenas, Teman, Mibsar, Magdiel, dènge Iram. Rèngu se èci-èci pangare rai ra madhutu ngara rèngu unu ra. De aaꞌi-aaꞌi seꞌe, lii lolo nèti ana-èpu Esau, dhèu Edom èèna.","Inilah nama-nama kepala kaum yang berasal dari Esau, menurut keluarganya, berdasarkan tempat-tempatnya, masing-masing dengan namanya: Kepala kaum Timna, kepala kaum Alwa, kepala kaum Yetet, kepala kaum Oholibama, kepala kaum Ela, kepala kaum Pinon, kepala kaum Kenas, kepala kaum Teman, kepala kaum Mibzar, kepala kaum Magdiel, dan kepala kaum Iram. Itulah para kepala kaum Edom menurut tempat kediamannya di tanah milik mereka."
pinon,1,"De kapala-kapala suku dhu jꞌajꞌi nèti ana-èpu Esau, nuka: Timna, Alwa, Yetet, Oholibama, Ela, Pinon, Kenas, Teman, Mibsar, Magdiel, dènge Iram. Rèngu se èci-èci pangare rai ra madhutu ngara rèngu unu ra. De aaꞌi-aaꞌi seꞌe, lii lolo nèti ana-èpu Esau, dhèu Edom èèna.","Inilah nama-nama kepala kaum yang berasal dari Esau, menurut keluarganya, berdasarkan tempat-tempatnya, masing-masing dengan namanya: Kepala kaum Timna, kepala kaum Alwa, kepala kaum Yetet, kepala kaum Oholibama, kepala kaum Ela, kepala kaum Pinon, kepala kaum Kenas, kepala kaum Teman, kepala kaum Mibzar, kepala kaum Magdiel, dan kepala kaum Iram. Itulah para kepala kaum Edom menurut tempat kediamannya di tanah milik mereka."
mibzar,1,"De kapala-kapala suku dhu jꞌajꞌi nèti ana-èpu Esau, nuka: Timna, Alwa, Yetet, Oholibama, Ela, Pinon, Kenas, Teman, Mibsar, Magdiel, dènge Iram. Rèngu se èci-èci pangare rai ra madhutu ngara rèngu unu ra. De aaꞌi-aaꞌi seꞌe, lii lolo nèti ana-èpu Esau, dhèu Edom èèna.","Inilah nama-nama kepala kaum yang berasal dari Esau, menurut keluarganya, berdasarkan tempat-tempatnya, masing-masing dengan namanya: Kepala kaum Timna, kepala kaum Alwa, kepala kaum Yetet, kepala kaum Oholibama, kepala kaum Ela, kepala kaum Pinon, kepala kaum Kenas, kepala kaum Teman, kepala kaum Mibzar, kepala kaum Magdiel, dan kepala kaum Iram. Itulah para kepala kaum Edom menurut tempat kediamannya di tanah milik mereka."
magdiel,1,"De kapala-kapala suku dhu jꞌajꞌi nèti ana-èpu Esau, nuka: Timna, Alwa, Yetet, Oholibama, Ela, Pinon, Kenas, Teman, Mibsar, Magdiel, dènge Iram. Rèngu se èci-èci pangare rai ra madhutu ngara rèngu unu ra. De aaꞌi-aaꞌi seꞌe, lii lolo nèti ana-èpu Esau, dhèu Edom èèna.","Inilah nama-nama kepala kaum yang berasal dari Esau, menurut keluarganya, berdasarkan tempat-tempatnya, masing-masing dengan namanya: Kepala kaum Timna, kepala kaum Alwa, kepala kaum Yetet, kepala kaum Oholibama, kepala kaum Ela, kepala kaum Pinon, kepala kaum Kenas, kepala kaum Teman, kepala kaum Mibzar, kepala kaum Magdiel, dan kepala kaum Iram. Itulah para kepala kaum Edom menurut tempat kediamannya di tanah milik mereka."
iram,1,"De kapala-kapala suku dhu jꞌajꞌi nèti ana-èpu Esau, nuka: Timna, Alwa, Yetet, Oholibama, Ela, Pinon, Kenas, Teman, Mibsar, Magdiel, dènge Iram. Rèngu se èci-èci pangare rai ra madhutu ngara rèngu unu ra. De aaꞌi-aaꞌi seꞌe, lii lolo nèti ana-èpu Esau, dhèu Edom èèna.","Inilah nama-nama kepala kaum yang berasal dari Esau, menurut keluarganya, berdasarkan tempat-tempatnya, masing-masing dengan namanya: Kepala kaum Timna, kepala kaum Alwa, kepala kaum Yetet, kepala kaum Oholibama, kepala kaum Ela, kepala kaum Pinon, kepala kaum Kenas, kepala kaum Teman, kepala kaum Mibzar, kepala kaum Magdiel, dan kepala kaum Iram. Itulah para kepala kaum Edom menurut tempat kediamannya di tanah milik mereka."
kediamannya,1,"De kapala-kapala suku dhu jꞌajꞌi nèti ana-èpu Esau, nuka: Timna, Alwa, Yetet, Oholibama, Ela, Pinon, Kenas, Teman, Mibsar, Magdiel, dènge Iram. Rèngu se èci-èci pangare rai ra madhutu ngara rèngu unu ra. De aaꞌi-aaꞌi seꞌe, lii lolo nèti ana-èpu Esau, dhèu Edom èèna.","Inilah nama-nama kepala kaum yang berasal dari Esau, menurut keluarganya, berdasarkan tempat-tempatnya, masing-masing dengan namanya: Kepala kaum Timna, kepala kaum Alwa, kepala kaum Yetet, kepala kaum Oholibama, kepala kaum Ela, kepala kaum Pinon, kepala kaum Kenas, kepala kaum Teman, kepala kaum Mibzar, kepala kaum Magdiel, dan kepala kaum Iram. Itulah para kepala kaum Edom menurut tempat kediamannya di tanah milik mereka."
kumimpikan,1,"Mèda ca lodꞌo ka Yusuf nii. Kèdꞌi nèti bhèjꞌi ka, na lolo dènge aꞌa na si lii nii deo na, aku nèngu na, “We! Mi nanene ku la! Jaꞌa nii, na èdhi aaꞌi-aaꞌi ti, èki are ètu dꞌara oka. Kabèdhi laa, are dhu jaꞌa èki titu dhoo-dhoo. Te ngaa are miu, oke mere are jaꞌa deo na, ka pacudꞌu mi unu jaꞌa.” Ra nanene rare sèmi èèna, hèia aꞌa na seꞌe tabha nasa hari dènge ne.","Pada suatu waktu, Yusuf mendapat suatu mimpi. Dia menceritakannya kepada saudara-saudaranya dan mereka pun semakin membencinya. Yusuf berkata kepada mereka, “Aku mohon, dengarlah, inilah mimpi yang kumimpikan itu. Kita tampak sedang mengikat berkas-berkas gandum di ladang. Begini, berkasku bangkit dan juga berdiri tegak. Lalu, tampaklah berkas-berkas gandum kalian mengelilingi dan menyembah berkasku.”"
kaumimpikan,1,"Hèia Yusuf lolo hari lii nii deo na dènge ama na, aa dènge aꞌa na sèra. Ka ama na jèke ne, aku nèngu na, “Lii nii ngaa, kèna! Èu ngee na, jaꞌa dènge ina mu, dènge aꞌari èu sèra, mai uu kabajꞌèla èu, do? Èu nia ae le èèna, nga!”","Dia menceritakannya kepada ayahnya dan saudara-saudaranya. Namun, ayahnya menegurnya dan berkata kepadanya, “Mimpi apa yang kaumimpikan itu? Apakah aku, dan ibumu, dan saudara-saudaramu harus benar-benar datang untuk berlutut kepadamu sampai ke tanah?”"
iya,1,"Nèbhu boe ka, ama na peka dènge Yusuf, aku nèngu na, “Aꞌa mu si jꞌaga kahibꞌi-kalèbho dètu dènge Sikem. De èu paꞌèra, ho lamu ladhe ku si la.” Ka Yusuf dhaa, aku nèngu na, “Jaꞌa laku, ama.”","Lalu, Israel berkata kepada Yusuf, “Bukankah saudara-saudaramu menggembalakan kawanan di Sikhem? Kemarilah, aku akan mengutusmu kepada mereka.” Dia berkata kepada ayahnya, “Iya, Ayah.”"
kaucari,1,"Dꞌai nèi, na tenge aꞌa na si, palème dꞌara padꞌa èèna. Na paraga dènge dhèu mone èci, ka dhèu èèna karèi ne, aku nèngu na, “Èu tenge ngaa?”","Lalu, seorang laki-laki menemukannya. Ternyata, Yusuf sedang tersesat di padang. Orang itu bertanya kepadanya, “Apa yang kaucari?”"
lempar,1,"Beꞌa risi èdhi kèpe ne, ti tao asa dꞌara madha èi madhe nèi. Ètu èèna, era dhu dhèu aadꞌo, de èci sa rèdhi boe ne. Sadꞌi baku pasuti raa na.” Na peka sèmi èèna, lula na tenge jꞌara ho patalale Yusuf, ho hia na lèpa hari èmu.","Agar dia dapat melepaskan Yusuf dari tangan mereka dan membawanya kembali kepada ayahnya, maka Ruben berkata lagi, “Jangan sampai menumpahkan darah, melainkan lempar saja dia ke sumur di padang belantara ini dan jangan meletakkan tangan atasnya.”"
dikenakannya,1,"Ropa Yusuf dꞌai madha aꞌa na si, ra kèpe ne, ka ra rèbhi eele kodho dhu saraga aae ètu ua na.","Inilah yang terjadi ketika Yusuf sampai kepada saudara-saudaranya, mereka melucuti jubahnya, jubah berwarna-warni yang dikenakannya itu."
mengangkut,1,"Èle èèna ka, ra lèpa, lasi raꞌa-rinu. Ètu talora raꞌa-rinu, kabèdhi la ra ladhe rèdhi dhèu canau mai re èèna. Dhèu sèra kako rèti dènge badha onta ra, hue dènge mèdha dꞌaga, sèmi raa ajꞌu hèu mèngi, bubhu-bubhu dènge èi naꞌi rupa-rupa. Dhèu sèra sa, dhèu Ismael, dhu mai nèti rae Gilead neo lasi kajꞌèu dꞌai Masir.","Setelah itu, mereka duduk untuk makan roti. Lalu, mereka mengarahkan matanya dan melihat, tampak serombongan orang Ismael yang datang dari Gilead dengan unta-untanya yang mengangkut rempah-rempah, balsam, dan mur untuk dibawa ke Mesir."
bagaimanapun,1,"Beꞌa risi èdhi pahie ne dènge dhèu Ismael sèi. Èdhi tao ne samia èèna ka oo, nèngu neꞌe ari dꞌèlu èdhi. Nèti èèna ka, baku èdhi pamadhe ne!” Aaꞌi-aaꞌi ra dꞌèi kahèi dènge lii Yahuda èèna.","Ayo, kita jual saja dia kepada orang Ismael itu dan jangan sampai kita meletakkan tangan atasnya. Bagaimanapun, dia adalah adik kita, daging kita sendiri.” Saudara-saudaranya pun mendengarkannya."
mengoyakkan,1,"Nèti èèna ka, Yakob ciu pamae kodho ètu ngiꞌu na, ka na pake karo, taga nèti dꞌara na susa titu kèna. Na tangi lii ooi-ooi sène nare lodꞌo nèbhu aae.","Kemudian, Yakub mengoyakkan pakaiannya dan mengenakan kain kabung pada pinggangnya, lalu meratapi anaknya itu berhari-hari."
memperistrinya,1,"Ètu èèna, dhèu mone èci, dhèu Kanaꞌan, ngara na Sua. Yahuda dꞌèi ana bhèni na èci, ka nare jꞌajꞌi dhèu èmu na. Dhèu èmu Yahuda neꞌe nara iisi ana mone pagodꞌo-pagodꞌo dhèu pèri-pèri.","Di sana, Yehuda melihat anak perempuan dari seorang Kanaan yang bernama Syua. Lalu, Yehuda mengambilnya dan memperistrinya."
kezib,1,"Aa ana ka tèlu, ngara na Sela. Lodꞌo ina na nara iisi Sela na, Yahuda si pidha le asa rae Kesib.","Kemudian, dia melahirkan lagi seorang anak laki-laki dan menamainya Syela. Ketika perempuan itu melahirkan anaknya, Yehuda sedang berada di Kezib."
ipar,1,"Hèia Yahuda paroe nare ana mone ka dua na, ka na peka, aku nèngu na, “Onan! Aꞌa mu Er madhe, dènge boe ana. Madhutu adꞌa èdhi na, èu hudꞌi leo hari ku dènge dhèu èmu aꞌa mu ne. Sèna ka èu bisa hia kolo hia aꞌa mu.”","Lalu, Yehuda berkata kepada Onan, “Pergilah kepada istri saudaramu dan penuhilah kewajibanmu sebagai ipar baginya. Lalu, bangkitkanlah keturunan bagi kakakmu.”"
bangkitkanlah,1,"Hèia Yahuda paroe nare ana mone ka dua na, ka na peka, aku nèngu na, “Onan! Aꞌa mu Er madhe, dènge boe ana. Madhutu adꞌa èdhi na, èu hudꞌi leo hari ku dènge dhèu èmu aꞌa mu ne. Sèna ka èu bisa hia kolo hia aꞌa mu.”","Lalu, Yehuda berkata kepada Onan, “Pergilah kepada istri saudaramu dan penuhilah kewajibanmu sebagai ipar baginya. Lalu, bangkitkanlah keturunan bagi kakakmu.”"
maninya,1,"Mema Onan neꞌa le adꞌa sèmi neꞌe. Te ngaa na noꞌo boe hia kolo mi aꞌa na Er. Nèti èèna ka, ladhe rèngu jꞌunu paꞌèci, na pasuti eele hua hini nèngu asa liꞌu, sèna ka Tamar baku dènge babia.","Onan tahu bahwa keturunan itu tidak akan menjadi miliknya. Karena itu, ketika dia bersetubuh dengan istri kakaknya itu, dia menumpahkan air maninya ke tanah supaya tidak memberikan keturunan bagi kakaknya."
dikabarkan,1,"Dhèu lolo dènge Tamar, peka na, “Toꞌo mu laꞌe leru dhèu gꞌute rèu kahibꞌi-kalèbho ètu rae Timna.”","Hal ini dikabarkan kepada Tamar, “Lihatlah, ayah mertuamu pergi ke Timna untuk mencukur dombanya.”"
mertuamu,1,"Dhèu lolo dènge Tamar, peka na, “Toꞌo mu laꞌe leru dhèu gꞌute rèu kahibꞌi-kalèbho ètu rae Timna.”","Hal ini dikabarkan kepada Tamar, “Lihatlah, ayah mertuamu pergi ke Timna untuk mencukur dombanya.”"
kerudung,1,"Lodꞌo èèna, ana limuri Yahuda, ngara na Sela, kapai le. Te ngaa Tamar neꞌa le, na, toꞌo na noꞌo boe paleo Sela dènge ne. Nèti èèna ka, Tamar tenge jꞌara neo katèju hak nèngu. Na bhoke eele mèdha-papake bhèni balu ètu ngiꞌu na, ka na silu mèdha-papake dhu beꞌa. Na pake salalu pahutu kètu dènge rèhu na. Ka laꞌe madhèdi ètu hèbꞌa tedhe sebhe jꞌara rae Enaim, dhu biasa dhèu kako re èèna lasi rae Timna.","Kemudian, Tamar menanggalkan pakaian kejandaannya dan menutupi dirinya dengan kerudung, menyelubungi dirinya, lalu duduk di pintu masuk Enaim, yang adalah jalan menuju Timna. Sebab, dia melihat bahwa Syela sudah dewasa, tetapi dirinya belum diberikan kepada Syela sebagai istri."
menyelubungi,1,"Lodꞌo èèna, ana limuri Yahuda, ngara na Sela, kapai le. Te ngaa Tamar neꞌa le, na, toꞌo na noꞌo boe paleo Sela dènge ne. Nèti èèna ka, Tamar tenge jꞌara neo katèju hak nèngu. Na bhoke eele mèdha-papake bhèni balu ètu ngiꞌu na, ka na silu mèdha-papake dhu beꞌa. Na pake salalu pahutu kètu dènge rèhu na. Ka laꞌe madhèdi ètu hèbꞌa tedhe sebhe jꞌara rae Enaim, dhu biasa dhèu kako re èèna lasi rae Timna.","Kemudian, Tamar menanggalkan pakaian kejandaannya dan menutupi dirinya dengan kerudung, menyelubungi dirinya, lalu duduk di pintu masuk Enaim, yang adalah jalan menuju Timna. Sebab, dia melihat bahwa Syela sudah dewasa, tetapi dirinya belum diberikan kepada Syela sebagai istri."
mengirimkannya,1,"Aku Yahuda na, “Sa mia! Sèmi jaꞌa hia èu kahibꞌi ciꞌu?” Hèia Tamar dhaa hari, aku nèngu na, “Bisa ama. Sadꞌi ama hia ku jaꞌa mèdha èci ho jaꞌa kèdꞌu. Pe pèri lodꞌo ho ama paꞌadhu kahibꞌi èèna mai oo, ngaa-ngaa tao boe.”","Dia berkata, “Aku akan mengirim seekor kambing jantan muda dari kawananku kepadamu.” Perempuan itu menjawab, “Akankah engkau memberikan jaminan kepadaku sampai engkau mengirimkannya?”"
meteraimu,1,"Hèia Yahuda karèi hari, aku nèngu na, “De jaꞌa tèka mèdha ngaa mi èu?” Tamar dhaa, aku nèngu na, “Ama tèke eele cap, dènge dhari dhu ama inu, dènge tatea dhu ama kèpe èèna hèi.” Nanene nare ka, Yahuda hia mèdha sèra laꞌe. Hèia dua ra lasi bhèjꞌi ka. Èle èèna ka, Tamar lèpa laꞌe èmu. Dꞌai èmu ka, na bhoke mèdha-papake saraga dènge salalu, ka gati dènge mèdha-papake bhèni balu. Nèti èèna ka, Tamar dènge babia.","Dia berkata, “Jaminan apa yang harus aku berikan kepadamu?” Perempuan itu menjawab, “Cincin meteraimu, dan gelangmu, dan tongkat yang ada di tanganmu itu.” Jadi, dia memberikannya kepada perempuan itu dan bersetubuh dengannya sehingga perempuan itu pun mengandung karenanya. Kemudian, Tamar bangun dan pergi, dia menanggalkan kerudungnya, lalu mengenakan kembali pakaian kejandaannya."
gelangmu,1,"Hèia Yahuda karèi hari, aku nèngu na, “De jaꞌa tèka mèdha ngaa mi èu?” Tamar dhaa, aku nèngu na, “Ama tèke eele cap, dènge dhari dhu ama inu, dènge tatea dhu ama kèpe èèna hèi.” Nanene nare ka, Yahuda hia mèdha sèra laꞌe. Hèia dua ra lasi bhèjꞌi ka. Èle èèna ka, Tamar lèpa laꞌe èmu. Dꞌai èmu ka, na bhoke mèdha-papake saraga dènge salalu, ka gati dènge mèdha-papake bhèni balu. Nèti èèna ka, Tamar dènge babia.","Dia berkata, “Jaminan apa yang harus aku berikan kepadamu?” Perempuan itu menjawab, “Cincin meteraimu, dan gelangmu, dan tongkat yang ada di tanganmu itu.” Jadi, dia memberikannya kepada perempuan itu dan bersetubuh dengannya sehingga perempuan itu pun mengandung karenanya. Kemudian, Tamar bangun dan pergi, dia menanggalkan kerudungnya, lalu mengenakan kembali pakaian kejandaannya."
kerudungnya,1,"Hèia Yahuda karèi hari, aku nèngu na, “De jaꞌa tèka mèdha ngaa mi èu?” Tamar dhaa, aku nèngu na, “Ama tèke eele cap, dènge dhari dhu ama inu, dènge tatea dhu ama kèpe èèna hèi.” Nanene nare ka, Yahuda hia mèdha sèra laꞌe. Hèia dua ra lasi bhèjꞌi ka. Èle èèna ka, Tamar lèpa laꞌe èmu. Dꞌai èmu ka, na bhoke mèdha-papake saraga dènge salalu, ka gati dènge mèdha-papake bhèni balu. Nèti èèna ka, Tamar dènge babia.","Dia berkata, “Jaminan apa yang harus aku berikan kepadamu?” Perempuan itu menjawab, “Cincin meteraimu, dan gelangmu, dan tongkat yang ada di tanganmu itu.” Jadi, dia memberikannya kepada perempuan itu dan bersetubuh dengannya sehingga perempuan itu pun mengandung karenanya. Kemudian, Tamar bangun dan pergi, dia menanggalkan kerudungnya, lalu mengenakan kembali pakaian kejandaannya."
cibiran,1,"Yahuda dhaa, aku nèngu na, “Hudꞌi ka la, nèngu abhu mèdha sèra! Sadꞌi dhèu baku pamakae èdhi! Jaꞌa neo bꞌae, te ngaa èdhi paraga boe dènge bhèni èèna na.”","Yehuda berkata, “Biarlah dia mengambilnya untuk dirinya, jangan sampai kita menjadi cibiran. Lagi pula, aku sudah mengirimkan kambing jantan muda ini, tetapi kamu tidak dapat menemukannya.”"
menantumu,1,"Ropa dꞌai tèlu hèru hèia, dhèu lasi lolo dènge Yahuda, peka na, “Dhèu èmu ana èu na tao ngiꞌu na sèmi dhèu bhèni kajeo. Ka na dènge babia le.” Nanene nare èèna hèia, Yahuda nasa bia. Hèia na pua dhèu, aku nèngu na, “Lami nuni paꞌoro ne mai, ho labhu asa dꞌara ai laꞌe!”","Kira-kira tiga bulan kemudian, Yehuda mendapat kabar, “Tamar, menantumu, telah bersundal, bahkan dia juga mengandung akibat perzinaannya itu.” Lalu, Yehuda berkata, “Bawa dia keluar! Biar dia dibakar!”"
bersundal,1,"Ropa dꞌai tèlu hèru hèia, dhèu lasi lolo dènge Yahuda, peka na, “Dhèu èmu ana èu na tao ngiꞌu na sèmi dhèu bhèni kajeo. Ka na dènge babia le.” Nanene nare èèna hèia, Yahuda nasa bia. Hèia na pua dhèu, aku nèngu na, “Lami nuni paꞌoro ne mai, ho labhu asa dꞌara ai laꞌe!”","Kira-kira tiga bulan kemudian, Yehuda mendapat kabar, “Tamar, menantumu, telah bersundal, bahkan dia juga mengandung akibat perzinaannya itu.” Lalu, Yehuda berkata, “Bawa dia keluar! Biar dia dibakar!”"
memegangnya,1,"Lodꞌo Tamar nara iisi na, kabèdhi laa ana èci pacèu uuru kacui-aai èci sa liꞌu mai. Ka dhèu ai tadha dhu panara iisi na nare loa hèngu mea, ka èki mi kanau riti na. Bhèni na peka, aku nèngu na, “Ana uuru ka neꞌe.”","Ketika dia melahirkan, salah satunya mengeluarkan tangannya. Kemudian, orang yang membantunya melahirkan memegangnya dan mengikatkan seutas benang merah tua pada tangannya, lalu berkata, “Inilah yang keluar lebih dahulu.”"
seutas,1,"Lodꞌo Tamar nara iisi na, kabèdhi laa ana èci pacèu uuru kacui-aai èci sa liꞌu mai. Ka dhèu ai tadha dhu panara iisi na nare loa hèngu mea, ka èki mi kanau riti na. Bhèni na peka, aku nèngu na, “Ana uuru ka neꞌe.”","Ketika dia melahirkan, salah satunya mengeluarkan tangannya. Kemudian, orang yang membantunya melahirkan memegangnya dan mengikatkan seutas benang merah tua pada tangannya, lalu berkata, “Inilah yang keluar lebih dahulu.”"
saudaranyalah,1,"Te ngaa ana èèna ère hari kacui-aai na sa dꞌara. Hèia, ana èci na kalua uuru hari. Nèdhi sèmi èèna hèia, bhèni ai tadha èèna peka, aku nèngu na, “Waa! Èu èra titu kèna! Nèti èèna ka, èu paseti ho kalua uuru sa liꞌu.” Bhèni na pangare ne, Peres, (dhu sasoa na, ‘paseti sa liꞌu’).","Namun, dia menarik kembali tangannya, dan lihat, saudaranyalah yang keluar. Kemudian, bidan itu berkata, “Betapa kamu telah menerobos, kamulah terobosan.” Sebab itu, dia dinamai Peres."
bidan,1,"Te ngaa ana èèna ère hari kacui-aai na sa dꞌara. Hèia, ana èci na kalua uuru hari. Nèdhi sèmi èèna hèia, bhèni ai tadha èèna peka, aku nèngu na, “Waa! Èu èra titu kèna! Nèti èèna ka, èu paseti ho kalua uuru sa liꞌu.” Bhèni na pangare ne, Peres, (dhu sasoa na, ‘paseti sa liꞌu’).","Namun, dia menarik kembali tangannya, dan lihat, saudaranyalah yang keluar. Kemudian, bidan itu berkata, “Betapa kamu telah menerobos, kamulah terobosan.” Sebab itu, dia dinamai Peres."
menerobos,1,"Te ngaa ana èèna ère hari kacui-aai na sa dꞌara. Hèia, ana èci na kalua uuru hari. Nèdhi sèmi èèna hèia, bhèni ai tadha èèna peka, aku nèngu na, “Waa! Èu èra titu kèna! Nèti èèna ka, èu paseti ho kalua uuru sa liꞌu.” Bhèni na pangare ne, Peres, (dhu sasoa na, ‘paseti sa liꞌu’).","Namun, dia menarik kembali tangannya, dan lihat, saudaranyalah yang keluar. Kemudian, bidan itu berkata, “Betapa kamu telah menerobos, kamulah terobosan.” Sebab itu, dia dinamai Peres."
membelinya,1,"Dhèu Ismael sèra rèti Yusuf dꞌai Masir, hèia ra pahie eele ne dènge dhèu kapai èci ètu nèi, ngara na Potifar. Dhèu neꞌe komedhaa sordadꞌu dhu jꞌaga ètu dhèu aae Masir. Yusuf jꞌajꞌi ènu ètu èmu Potifar. Ètu èèna, LAMATUA dènge Yusuf, ka sasabꞌa ngaa dhu na tao, nèti babeꞌa hua-hua.","Pada saat itu, Yusuf dibawa ke Mesir. Potifar, pegawai Firaun, kepala para pengawal, seorang Mesir, membelinya dari tangan orang Ismael yang telah membawanya ke sana. TUHAN menyertainya sehingga dia menjadi orang yang berhasil dan dia tinggal di rumah tuannya, orang Mesir itu."
diserahkannya,1,"Nèti èèna ka, komedhaa neꞌe dꞌèi Yusuf, ka na lèka ne. Hèia na dedꞌe ne jꞌajꞌi madho ètu èmu na. Aa, na hia ne paredha dꞌara èmu nèngu, sèmi èèna kahèi, mèdha-panyau na aaꞌi-aaꞌi.","Sebab itu, Yusuf mendapat perkenanan di mata tuannya dan Yusuf mengabdi kepadanya. Lalu, Potifar mengangkat Yusuf dalam rumahnya dan segala miliknya pun diserahkannya ke tangan Yusuf."
diketahuinya,1,"Lula Potifar ladhe-ladhe laꞌa na Yusuf sabꞌa dènge beꞌa, ka na pangee heka ngaa-ngaa, dhoka naꞌa-ninu di. Yusuf ne, mone iia.","Jadi, dia menyerahkan segala miliknya ke tangan Yusuf sehingga tidak diketahuinya mengenai apa pun, kecuali makanan yang dimakannya. Yusuf adalah orang yang bagus penampilannya dan tampan."
tampan,1,"Lula Potifar ladhe-ladhe laꞌa na Yusuf sabꞌa dènge beꞌa, ka na pangee heka ngaa-ngaa, dhoka naꞌa-ninu di. Yusuf ne, mone iia.","Jadi, dia menyerahkan segala miliknya ke tangan Yusuf sehingga tidak diketahuinya mengenai apa pun, kecuali makanan yang dimakannya. Yusuf adalah orang yang bagus penampilannya dan tampan."
didengarnya,1,"hèia na paroa dhèu sabꞌa sèra, ka na peka, aku nèngu na, “We! Miu mai ladhe ku laa! Deo na, ana mone dhèu Ibrani na, maso sa dꞌara kama jaꞌa. Na neo pamakae jaꞌa. Malo ka jaꞌa paꞌoo, ka na rai, tèke eele kodho na ètu jaꞌa ne. Dhèu èmu jaꞌa ne, nèti dhèu bhelu asa dꞌara èmu, ho hia èdhi taꞌe makae!”","dia memanggil orang-orang di rumahnya dan berkata kepada mereka, “Lihat, dia telah membawa seorang Ibrani untuk mempermalukan kita. Dia datang kepadaku untuk tidur denganku, tetapi aku menjerit dengan suara keras. Begitu didengarnya aku mengeraskan suaraku dan menjerit, dia meninggalkan bajunya padaku, meloloskan diri, lalu pergi keluar.”"
mempermalukanku,1,"Ropa dhèu èmu na nare dꞌara èmu, na lolo peka na, “Aꞌa! Dhèu Ibrani dhu mèti mai sa èmu neꞌe, deo na maso asa dꞌara kama jaꞌa, neo pakarehe jaꞌa!","Perempuan itu pun berkata kepadanya sesuai dengan kata-katanya itu, “Budak Ibrani, yang engkau bawa kepada kita, datang kepadaku untuk mempermalukanku!"
budakmu,1,"Tadèngi nare lii lolo dhèu èmu na, Potifar nasa bia.","Ketika tuannya mendengar perkataan istrinya yang disampaikan kepadanya, “Inilah yang dilakukan budakmu terhadapku,”"
mengaruniainya,1,"Te ngaa LAMATUA bhèlu boe Yusuf. Nèti èèna ka, LAMATUA ladhe-leru ne taruu, ka kapala ètu dꞌara bèdho èèna, sue Yusuf ae titu kèna.","Namun, TUHAN menyertai Yusuf, dan menunjukkan kasih kepadanya, dan mengaruniainya perkenanan di mata kepala penjara."
dikerjakannya,1,"Lula lèka ne, ka kapala èmu bèdho na, tao heka ai-hèbꞌa mi ngaa-ngaa ètu dꞌara bèdho èèna. LAMATUA ladhe-leru taruu Yusuf, nèti èèna ka, sasabꞌa ngaa ètu dꞌara bèdho na kako dènge beꞌa.","Kepala penjara tidak mengawasi segala sesuatu yang ada di bawah tangan Yusuf karena TUHAN menyertainya. Apa pun yang dikerjakannya, TUHAN membuatnya berhasil."
berdahan,1,"Ajꞌu anggor ne dadana nèngu tèlu di. Ajꞌu na muri mai ka dènge rèu, hela, dènge hua giru-gari dhu madhasa.","dan pohon anggur itu berdahan tiga. Ketika dia bertunas, bunganya pun mekar, dan tandan-tandannya mengeluarkan buah anggur yang masak."
mekar,1,"Ajꞌu anggor ne dadana nèngu tèlu di. Ajꞌu na muri mai ka dènge rèu, hela, dènge hua giru-gari dhu madhasa.","dan pohon anggur itu berdahan tiga. Ketika dia bertunas, bunganya pun mekar, dan tandan-tandannya mengeluarkan buah anggur yang masak."
masak,1,"Ajꞌu anggor ne dadana nèngu tèlu di. Ajꞌu na muri mai ka dènge rèu, hela, dènge hua giru-gari dhu madhasa.","dan pohon anggur itu berdahan tiga. Ketika dia bertunas, bunganya pun mekar, dan tandan-tandannya mengeluarkan buah anggur yang masak."
memerasnya,1,"Aa jaꞌa kèdꞌu galaa dhu dhèu aae biasa pake ninu. Jaꞌa puu hua anggor, ka pacèli èi sa dꞌara galaa deo na. Hèia kèti asa dhèu aae, hia na ninu.”","Pada saat itu, di tanganku ada piala Firaun, lalu aku memetik buah anggur itu dan memerasnya ke dalam piala Firaun. Kemudian, aku memberikan piala itu ke tangan Firaun.”"
mengembalikanmu,1,"Ètu dꞌara tèlu lodꞌo ne, dhèu aae kalua eele ama nèti dꞌara bèdho neꞌe. Ho na hia hari, ama lalau dhua èi hia dhèu aae sèmi uru na.","Dalam tiga hari, Firaun akan mengangkat kepalamu dan mengembalikanmu pada kedudukanmu, lalu engkau akan memberikan piala Firaun itu ke tangannya, seperti yang telah engkau lakukan sebelumnya ketika engkau menjadi juru minumannya."
kedudukanmu,1,"Ètu dꞌara tèlu lodꞌo ne, dhèu aae kalua eele ama nèti dꞌara bèdho neꞌe. Ho na hia hari, ama lalau dhua èi hia dhèu aae sèmi uru na.","Dalam tiga hari, Firaun akan mengangkat kepalamu dan mengembalikanmu pada kedudukanmu, lalu engkau akan memberikan piala Firaun itu ke tangannya, seperti yang telah engkau lakukan sebelumnya ketika engkau menjadi juru minumannya."
minumannya,1,"Ètu dꞌara tèlu lodꞌo ne, dhèu aae kalua eele ama nèti dꞌara bèdho neꞌe. Ho na hia hari, ama lalau dhua èi hia dhèu aae sèmi uru na.","Dalam tiga hari, Firaun akan mengangkat kepalamu dan mengembalikanmu pada kedudukanmu, lalu engkau akan memberikan piala Firaun itu ke tangannya, seperti yang telah engkau lakukan sebelumnya ketika engkau menjadi juru minumannya."
keluarkanlah,1,"Ladhe ama abhu babeꞌa sèmi èèna, baku bhèlu jaꞌa, ee? Ladhe ama sue jaꞌa, peka dènge dhèu aae kalua eele jaꞌa nèti era neꞌe.","Namun, apabila keadaanmu menjadi baik, aku mohon, ingatlah aku dan lakukanlah kebaikan bagiku dengan menyebut aku kepada Firaun, dan keluarkanlah aku dari rumah ini."
diculik,1,"Te jaꞌa ne, madhutu madha jꞌara na dhu mola, rèngu se rare jaꞌa dènge laka-seti, nèti rae dhèu Ibrani. Dꞌai era neꞌe, jaꞌa tao boe sasala ngaa èci sa. Te ngaa rèngu pamaso jaꞌa asa dꞌara bèdho neꞌe. Rèngu tao jaꞌa sèmi dhèu bhelu-katubꞌa sa.”","Sebab, sebenarnya aku telah diculik dari tanah orang Ibrani dan di sini pun aku tidak pernah melakukan sesuatu sehingga mereka harus memasukkanku ke dalam lubang ini.”"
dipanggang,1,"Ètu dꞌara soe re dedha tèka na, pènu dènge koki dhèu aae, dhu rupa ae titu kèna. Te ngaa manu-bhui lela mai ka raꞌe aaꞌi koki dꞌara soe dhu ètu kètu jaꞌa na.”","Dalam keranjang yang paling atas terdapat segala jenis makanan yang dipanggang untuk raja, tetapi burung-burung memakannya dari keranjang di kepalaku itu.”"
menggantungnya,1,"Dꞌara tèlu lodꞌo ne, mu ladhe, te dhèu aae pua dhèu mai poro rare kètu èu. Ho èèna na, ra kadhoe ngiꞌu aae èu ètu agarii. Hèia manu-bhui tutu raꞌe aaꞌi sisi èu.”","Dalam tiga hari, Firaun akan mengangkat kepalamu darimu dan akan menggantungnya pada sebatang pohon. Lalu, burung-burung akan memakan dagingmu.”"
ditafsirkan,1,"Te ngaa dhèu dhu lalau roti dhèu aae èèna, ra poro eele kètu na, ka ra kadhoe ngiꞌu na, sama sèmi ngaa dhu Yusuf peka dènge rèngu dua ra.","Akan tetapi, Firaun menggantung kepala juru roti, sebagaimana yang sudah ditafsirkan Yusuf kepada mereka."
melupakannya,1,"Te ngaa mone dhu lalau dhua èi dhèu aae ne, sanèdꞌe heka Yusuf. Na bhèlu eele lii moa Yusuf.","Namun, kepala juru minuman tidak mengingat Yusuf, bahkan dia melupakannya."
bijaknya,1,"Madꞌae aae èèna, dꞌara isi na beꞌa boe. Hèia, na paredha dhèu lasi paroa aaꞌi dhèu ai tadha dènge dhèu dꞌèlu-mèu, ètu rai Masir mai paraga dènge ne. Ka na lolo lii nii na sèra dènge si. Te ngaa dhèu èci sa bisa boe peka sasoa lii nii deo sa mi dhèu aae.","Pada pagi harinya, rohnya gelisah. Karena itu, dia menyuruh dan memanggil semua ahli sihir Mesir beserta semua orang bijaknya. Kemudian, Firaun menceritakan mimpinya kepada mereka, tetapi tidak ada satu pun yang mampu menafsirkannya bagi Firaun."
kesalahanku,1,"Ka mone dhu lalau dhua èi dhèu aae èèna, heka sanèdꞌe nèdhi Yusuf kèna. Hèia laꞌe peka dènge dhèu aae, aku nèngu na, “Ama! Jaꞌa mangaku sala.","Kemudian, kepala juru minuman berkata kepada Firaun, katanya, “Pada hari ini, aku teringat akan kesalahanku."
ditafsirkannya,1,"Nèti èèna ka, ama dhèu aae dedꞌe hari jaꞌa. Aa angalai jaꞌa na, abhu huku madhe. Seꞌe se jꞌajꞌi sama sèmi ngaa dhu ana mone Ibrani na peka.”","Seperti yang ditafsirkannya bagi kami, yaitu dia mengembalikanku pada kedudukanku, sedangkan juru roti itu digantung.”"
mengembalikanku,1,"Nèti èèna ka, ama dhèu aae dedꞌe hari jaꞌa. Aa angalai jaꞌa na, abhu huku madhe. Seꞌe se jꞌajꞌi sama sèmi ngaa dhu ana mone Ibrani na peka.”","Seperti yang ditafsirkannya bagi kami, yaitu dia mengembalikanku pada kedudukanku, sedangkan juru roti itu digantung.”"
kedudukanku,1,"Nèti èèna ka, ama dhèu aae dedꞌe hari jaꞌa. Aa angalai jaꞌa na, abhu huku madhe. Seꞌe se jꞌajꞌi sama sèmi ngaa dhu ana mone Ibrani na peka.”","Seperti yang ditafsirkannya bagi kami, yaitu dia mengembalikanku pada kedudukanku, sedangkan juru roti itu digantung.”"
bercukur,1,"Nanene nare lii neꞌe hèia, dhèu aae pua dhèu lasi lai-lai rare Yusuf nèti dꞌara bèdho mai. Ka Yusuf pamèu iisi na, aa na gati mèdha-papake na, ka na laꞌe paraga dènge dhèu aae.","Kemudian, Firaun menyuruh orang memanggil Yusuf dan dengan cepat mereka membawanya keluar dari lubang itu. Dia bercukur dan mengganti pakaiannya, lalu menghadap Firaun."
mengganti,1,"Nanene nare lii neꞌe hèia, dhèu aae pua dhèu lasi lai-lai rare Yusuf nèti dꞌara bèdho mai. Ka Yusuf pamèu iisi na, aa na gati mèdha-papake na, ka na laꞌe paraga dènge dhèu aae.","Kemudian, Firaun menyuruh orang memanggil Yusuf dan dengan cepat mereka membawanya keluar dari lubang itu. Dia bercukur dan mengganti pakaiannya, lalu menghadap Firaun."
seburuk,1,"Hèia sapi pidhu ngiꞌu dhu leo mai hari. Rèngu seꞌe dhu malaka-godꞌa. Ètu rai Masir neꞌe, jaꞌa kèdhi mèka sapi dhu malaka-godꞌa sèmi èèna!","Kemudian, tampak tujuh ekor sapi betina lainnya yang muncul setelah mereka, yang kelihatan buruk dan kurus. Aku belum pernah melihat yang seburuk itu di seluruh tanah Mesir."
setelahnya,1,"Èle èèna ka, jaꞌa kèdhi hari, pidhu huri are dhu isi aadꞌo, aa dhu kamale dhae-dhae, lèke lai ngèlu pana.","Lalu, tampak tujuh bulir gandum yang layu, tipis, dan rusak karena angin timur, yang muncul setelahnya."
terlupakan,1,"Èle èèna na, heka èdhi abhu manganga dꞌara pidhu tèu. Dꞌara pidhu tèu na, manganga madèu aae. Toke èdhi abhu boe ngangaꞌa calamusi sa, ètu dedha rai Masir neꞌe. Dhèu aaꞌi-aaꞌi manganga ae titu kèna, ka ra bhèlu eele uru na dhu rèngu abhu le babècu pidhu tèu.","Setelah itu, akan datang tujuh tahun kelaparan sehingga segala kelimpahan sebelumnya di tanah Mesir akan terlupakan. Kelaparan itu akan menghabisi tanah ini. Bahkan, kelimpahan itu tidak akan diingat lagi di tanah itu karena kelaparan sesudahnya, sebab hal itu akan terlalu berat."
menghabisi,1,"Èle èèna na, heka èdhi abhu manganga dꞌara pidhu tèu. Dꞌara pidhu tèu na, manganga madèu aae. Toke èdhi abhu boe ngangaꞌa calamusi sa, ètu dedha rai Masir neꞌe. Dhèu aaꞌi-aaꞌi manganga ae titu kèna, ka ra bhèlu eele uru na dhu rèngu abhu le babècu pidhu tèu.","Setelah itu, akan datang tujuh tahun kelaparan sehingga segala kelimpahan sebelumnya di tanah Mesir akan terlupakan. Kelaparan itu akan menghabisi tanah ini. Bahkan, kelimpahan itu tidak akan diingat lagi di tanah itu karena kelaparan sesudahnya, sebab hal itu akan terlalu berat."
diulang,1,"De ladhe ama dhèu aae abhu nii dua hari, sasoa na, Ama Lamatua ka dhu ator tèke. Nèbhu heka, ngaa dhu Na ator ne, jꞌajꞌi kèna.","Karena mimpi itu diulang sampai dua kali bagi Firaun, berarti hal tersebut telah ditetapkan oleh Allah dan Allah akan melaksanakannya secepatnya."
persediaan,1,"Sèna ka pidhu tèu dhu manganga nèi mai te, èdhi dhu sadia le ngangaꞌa. Dènge jꞌara sèmi neꞌe, èci sa madhe boe manganga.”","Makanan itu akan menjadi persediaan untuk tanah ini, selama tujuh tahun kelaparan yang akan terjadi di tanah Mesir supaya tanah ini tidak dibinasakan oleh kelaparan itu.”"
usul,1,"Ropa tadèngi lii padhai lii Yusuf ne, dhèu aae dènge dhèu kapai sèra, sèmi ngaa dhu na peka dènge dhèu aae èèna.",Usul tersebut baik di mata Firaun dan di mata seluruh hambanya.
sepandai,1,"Èle èèna ka, dhèu aae padhai lii dènge Yusuf, peka na, “Ama Lamatua peka dènge èu, ngaa-ngaa seꞌe aaꞌi-aaꞌi. Nèti sèmi neꞌe ka, heka jiꞌi ngeꞌa kèna èu neꞌe tareꞌa-reꞌa dhèu mèu. Aa mamèu èu ne, risi eele dhèu ètu mia-mia.","Lalu, Firaun berkata kepada Yusuf, “Karena Allah telah membuatmu semua hal ini diketahui olehmu, maka tidak ada satu pun yang sepandai dan sebijaksana dirimu."
sebijaksana,1,"Èle èèna ka, dhèu aae padhai lii dènge Yusuf, peka na, “Ama Lamatua peka dènge èu, ngaa-ngaa seꞌe aaꞌi-aaꞌi. Nèti sèmi neꞌe ka, heka jiꞌi ngeꞌa kèna èu neꞌe tareꞌa-reꞌa dhèu mèu. Aa mamèu èu ne, risi eele dhèu ètu mia-mia.","Lalu, Firaun berkata kepada Yusuf, “Karena Allah telah membuatmu semua hal ini diketahui olehmu, maka tidak ada satu pun yang sepandai dan sebijaksana dirimu."
istanaku,1,"Nèti èèna ka, deo neꞌe kahèi jaꞌa dedꞌe èu jꞌajꞌi ai gꞌana jaꞌa. Sèna ka èu jꞌajꞌi dhèu kapai ètu dꞌara èmu jaꞌa. Aa ana kabarai jaꞌa nanene lii paredha èu. Dhoka jaꞌa di dhu risi nèti èu.”",Kamu akan berkuasa atas istanaku dan berdasarkan perkataan mulutmulah seluruh rakyatku akan diperintah.”
mulutmulah,1,"Nèti èèna ka, deo neꞌe kahèi jaꞌa dedꞌe èu jꞌajꞌi ai gꞌana jaꞌa. Sèna ka èu jꞌajꞌi dhèu kapai ètu dꞌara èmu jaꞌa. Aa ana kabarai jaꞌa nanene lii paredha èu. Dhoka jaꞌa di dhu risi nèti èu.”",Kamu akan berkuasa atas istanaku dan berdasarkan perkataan mulutmulah seluruh rakyatku akan diperintah.”
diperintah,1,"Nèti èèna ka, deo neꞌe kahèi jaꞌa dedꞌe èu jꞌajꞌi ai gꞌana jaꞌa. Sèna ka èu jꞌajꞌi dhèu kapai ètu dꞌara èmu jaꞌa. Aa ana kabarai jaꞌa nanene lii paredha èu. Dhoka jaꞌa di dhu risi nèti èu.”",Kamu akan berkuasa atas istanaku dan berdasarkan perkataan mulutmulah seluruh rakyatku akan diperintah.”
memasangnya,1,"Èle èèna ka, dhèu aae puru eele kadheli dhu dènge cap nèti ai na, ka na pasaluu mi ai Yusuf. Ka na padhai lii, aku nèngu na, “Dènge neꞌe ne, jaꞌa dedꞌe èu, jꞌajꞌi ai gꞌana jaꞌa ètu rai Masir.” Hèia na papake kodho madhera dhu milu èci mi Yusuf, aa na paꞌinu rate hualaa cakoko mi ladha-goro na.","Firaun berkata kepada Yusuf, “Lihat, aku telah mengangkatmu menguasai seluruh tanah Mesir.” Kemudian, Firaun melepaskan cincin meterai dari tangannya dan memasangnya di tangan Yusuf, lalu dia memakaikan pakaian dari linen halus kepada Yusuf dan memasang sebuah rantai emas di lehernya."
mengendarai,1,"Èle èèna ka, dhèu aae hia hari Yusuf kareta ka dua nèngu. Ka na hia dhèu lasi uuru, ho paꞌoo peka na, “We! Patalele jꞌara oo! Pahaha iisi mliu! Dhèu kapai neo re neꞌe!” Dènge jꞌara neꞌe, dhèu aae dedꞌe le Yusuf, jꞌajꞌi ai gꞌana na ètu rai Masir.","Setelah itu, Firaun menyuruh Yusuf mengendarai keretanya yang kedua dan di hadapan Yusuf, mereka berseru, “Berlutut!” Demikianlah Firaun mengangkatnya menguasai seluruh tanah Mesir."
tanpamu,1,"Hèia dhèu aae padhai lii dènge Yusuf, peka na, “Sèmi neꞌe. Èu dhu meꞌa le jaꞌa ne dhèu aae. Te ngaa jaꞌa peka le dènge ana kabarai Masir aaꞌi-aaꞌi, peka na, ladhe èu hia boe ijin, rèngu bisa boe tao ngaa èci sa.”","Firaun berkata kepada Yusuf, “Akulah Firaun, tetapi tanpamu, tidak akan ada seorang pun yang mengangkat tangannya atau kakinya di seluruh negeri Mesir.”"
ditimbunnya,1,"Hèia Yusuf kaboko ngangaꞌa dhu risi, ka na tèka paia si. Ètu era mia dhu na pakaboko ngangaꞌa, ètu èèna kahèi na soli asa dꞌara soka.","Selama tujuh tahun, dia mengumpulkan segala makanan dari tanah Mesir dan menimbun makanan di kota-kota: makanan dari ladang, dari sekitar masing-masing kota, ditimbunnya di tengah kota."
menghitungnya,1,"Are dhu pakaboko nare, ae titu kèna. Èci èèna ka, dènge salae ètu nebhe dhasi, ka dhèu uku rare heka.","Yusuf menimbun gandum seperti pasir di laut, sangat banyak, hingga dia berhenti menghitungnya karena sudah tidak terhitung."
kesengsaraanku,1,"Lodꞌo na abhu ana ka dua, na padhai lii hari, peka na, “Jaꞌa abhu jꞌajꞌèra ae dꞌai seli ètu era neꞌe. Te ngaa sasue dènge ladhe-leru Ama Lamatua ka, jaꞌa abhu ana ètu neꞌe.” Ka na pangare ana neꞌe Efraim.","Nama anak keduanya adalah Efraim, sebab katanya, “Allah telah membuatku berbuah-buah di tanah kesengsaraanku.”"
penimbunan,1,"Te ngaa rai manganga ètu mia-mia asa tabha, toke dꞌai rae-rae ètu rai Masir. Nèti èèna ka, Yusuf bhoke aaꞌi soka ngangaꞌa sèna ka pahie dènge dhèu Masir.","Ketika kelaparan semakin menyebar ke seluruh muka bumi, Yusuf pun membuka semua penimbunan, dan menjualnya kepada orang Mesir. Kelaparan itu terlalu berat di tanah Mesir."
kecelakaan,1,"Te ngaa Yakob hia boe ari Yusuf dhu ngara na Benyamin, laꞌe dènge aꞌa na si. Te, na pangee, “Mage dhoka, ana neꞌe abhu hari jꞌajꞌèra ètu talora jꞌara.”","Namun, Yakub tidak menyuruh Benyamin, adik Yusuf, untuk pergi bersama kakak-kakaknya sebab katanya, “Jangan sampai kecelakaan menimpanya.”"
teringatlah,1,"Hèia Yusuf sanèdꞌe lii nii na uru na. Ka na pamadhaꞌu si, aku nèngu na, “Jaꞌa lèka boe! Miu seꞌe dhèu mata-mata. Miu mai tenge rahasia rai Masir, ho èèna na mai musu rai jiꞌi!”","Lalu, teringatlah Yusuf akan mimpi-mimpi yang pernah dimimpikannya tentang mereka, dan dia berkata kepada mereka, “Kalian adalah mata-mata! Kalian datang untuk mengamat-amati bagian yang tidak dijaga dari tanah ini.”"
dimimpikannya,1,"Hèia Yusuf sanèdꞌe lii nii na uru na. Ka na pamadhaꞌu si, aku nèngu na, “Jaꞌa lèka boe! Miu seꞌe dhèu mata-mata. Miu mai tenge rahasia rai Masir, ho èèna na mai musu rai jiꞌi!”","Lalu, teringatlah Yusuf akan mimpi-mimpi yang pernah dimimpikannya tentang mereka, dan dia berkata kepada mereka, “Kalian adalah mata-mata! Kalian datang untuk mengamat-amati bagian yang tidak dijaga dari tanah ini.”"
terbuktilah,1,"Dꞌai nèi, miu mèti ari miu dhu limuri èèna mai asa neꞌe, ho jꞌajꞌi bukti, tareꞌa miu seꞌe dhèu beꞌa. Sèna ka jaꞌa baku huku pamadhe miu.” Ropa ra tadèngi rare neꞌe, ra dꞌèi kahèi sèmi èèna.","Lalu, bawalah adik bungsu kalian kepadaku supaya terbuktilah perkataan-perkataanmu, dan kalian tidak perlu mati.” Mereka pun melakukan seperti itu."
menerjemahkan,1,"Rèngu padhai lii ae-ae sèmi èèna, reꞌa boe na Yusuf neꞌa lii rèngu kahèi. Lodꞌo Yusuf padhai lii dènge rèngu, na pake lii Masir, ho èèna na dhèu leo lole hari pake lii Ibrani.",Mereka tidak tahu kalau Yusuf memahaminya karena ada yang menerjemahkan di antara mereka.
dilaksanakanlah,1,"Èle èèna ka, Yusuf paredha dhèu sabꞌa sèra, ho soli are asa dꞌara karo aꞌa na si. Aa tao hari doi kabꞌua are sèra, asa dꞌara karo ra èci-èci. Ra tèke ètu hèbꞌa karo sèra. Na pua dhèu sabꞌa seꞌe, ho hia si dènge gee. Ka dhèu sabꞌa seꞌe lalau ka, madhutu ngaa dhu Yusuf paredha.","Setelah itu, Yusuf memerintahkan untuk mengisi karung-karung mereka dengan gandum, mengembalikan uang masing-masing orang ke dalam karungnya, dan memberikan bekal untuk perjalanan kepada mereka. Dilaksanakanlah hal itu bagi mereka."
karungku,1,"Capa na cagꞌagꞌa! Hèia na paroa aꞌa na si, peka na, “Irii! Miu mai ladhe ku laa! Madhe èdhi kèna. Ra tao hari doi jaꞌa asa dꞌara karo ne.” Ladhe rèdhi èèna ka, ra ele ngangee, aa madhaꞌu bia. Ka ra papeka ka, aku rèngu na, “Ama Lamatua tao èdhi samia ka ne?”","Lalu, dia berkata kepada saudara-saudaranya, “Uangku dikembalikan! Lihatlah, itu di dalam karungku!” Lalu, mereka kecut hati dan mereka gemetar sambil berkata satu sama lain, “Apakah ini yang telah Allah lakukan terhadap kita?”"
kecut,1,"Capa na cagꞌagꞌa! Hèia na paroa aꞌa na si, peka na, “Irii! Miu mai ladhe ku laa! Madhe èdhi kèna. Ra tao hari doi jaꞌa asa dꞌara karo ne.” Ladhe rèdhi èèna ka, ra ele ngangee, aa madhaꞌu bia. Ka ra papeka ka, aku rèngu na, “Ama Lamatua tao èdhi samia ka ne?”","Lalu, dia berkata kepada saudara-saudaranya, “Uangku dikembalikan! Lihatlah, itu di dalam karungku!” Lalu, mereka kecut hati dan mereka gemetar sambil berkata satu sama lain, “Apakah ini yang telah Allah lakukan terhadap kita?”"
mengosongkan,1,"Lolo èle hèia, heka ra bhoke karo-karo rèngu dhu pènu dènge are sèra. Te ngaa ra cagꞌagꞌa ladhe laꞌa na doi rèngu sèra aaꞌi-aaꞌi ra, ètu hèbꞌa karo. Rèdhi sèmi èèna, Yakob dènge ana-ana na madhaꞌu titu kèna.","Sewaktu mereka mengosongkan karung-karungnya, lihatlah, kantong uang masing-masing orang ada di dalam karungnya. Ketika mereka dan ayah mereka melihat kantong-kantong uang itu, mereka menjadi takut."
lewati,1,"Te ngaa Yakob dhaa hari, peka na, “Bisa boe! Miu bisa boe mèti Benyamin. Te aꞌa na Yusuf, madhe le. Neꞌe, di nèngu ka mesa na. Ladhe na abhu calaka ètu jꞌara, miu tabha babia mi jaꞌa, toke madhe kèti.”","Dia berkata, “Anakku tidak akan turut bersamamu sebab kakaknya sudah mati, dan tinggal dia sendiri. Jika kejahatan menimpanya di jalan yang kamu lewati, kamu akan menurunkan aku yang beruban ini dalam dukacita ke dunia orang mati.”"
membelikanmu,1,"Nèti èèna ka, ama ku hudꞌi laa hia jiꞌi ngèti Benyamin. Heka jiꞌi bisa laꞌa hèli ngangaꞌa hia ama ku kèna.","Jika engkau mengutus adik kami bersama kami, kami akan pergi dan membelikanmu makanan."
menyakitiku,1,"Hèia Yakob jèke si, peka na, “Nga tao ka miu lolo dènge dhèu èèna, peka na, miu dènge ari èci era? Miu tenge jꞌara ho pajꞌèra tabha jaꞌa!”","Kemudian, Israel berkata, “Mengapa kalian menyakitiku dengan bercerita kepada orang itu bahwa kalian masih memiliki seorang adik?”"
menjaminnya,1,"Ka Yahuda padhai lii hari, aku nèngu na, “Ama hudꞌi patabuli ku Benyamin laꞌe dènge jiꞌi. Jaꞌa jaji mema, ladhe jꞌajꞌi ngaa-ngaa mi ngiꞌu ari jiꞌi neꞌe, jaꞌa ka dhu gati ne. Ladhe jaꞌa kèti heka nèngu mai asa dꞌara kacui-aai ama ku dènge mamuri, hudꞌi laa sasala na ama ku pasae mi dedha jaꞌa toke madhe. Nèti èèna ka, ama ku hia la, ho jiꞌi sama-sama laꞌa dènge ne, te jiꞌi neo pakèdꞌi kèna. De karohe mai lati ka, sèna ka cahagꞌe baku madhe manganga.","Lalu, Yehuda berkata kepada Israel, ayahnya, “Utuslah anak itu bersamaku, maka aku akan bangun dan pergi, supaya kita dapat hidup dan tidak mati, baik kami, dan engkau, dan juga anak-anak kami. Aku yang akan menjaminnya dan dari tangankulah engkau dapat menuntutnya. Jika aku tidak membawanya kepadamu dan menempatkannya di hadapanmu, biarlah aku menanggung kesalahan itu selamanya."
tangankulah,1,"Ka Yahuda padhai lii hari, aku nèngu na, “Ama hudꞌi patabuli ku Benyamin laꞌe dènge jiꞌi. Jaꞌa jaji mema, ladhe jꞌajꞌi ngaa-ngaa mi ngiꞌu ari jiꞌi neꞌe, jaꞌa ka dhu gati ne. Ladhe jaꞌa kèti heka nèngu mai asa dꞌara kacui-aai ama ku dènge mamuri, hudꞌi laa sasala na ama ku pasae mi dedha jaꞌa toke madhe. Nèti èèna ka, ama ku hia la, ho jiꞌi sama-sama laꞌa dènge ne, te jiꞌi neo pakèdꞌi kèna. De karohe mai lati ka, sèna ka cahagꞌe baku madhe manganga.","Lalu, Yehuda berkata kepada Israel, ayahnya, “Utuslah anak itu bersamaku, maka aku akan bangun dan pergi, supaya kita dapat hidup dan tidak mati, baik kami, dan engkau, dan juga anak-anak kami. Aku yang akan menjaminnya dan dari tangankulah engkau dapat menuntutnya. Jika aku tidak membawanya kepadamu dan menempatkannya di hadapanmu, biarlah aku menanggung kesalahan itu selamanya."
pistasio,1,"Hèia ama ra padhai lii, peka na, “Ladhe sèmi èèna, na, miu nanene! Lami mere isi rai èdhi dhu beꞌa risi, sèmi: dhua nasu oni, bubhu-bubhu, raa ajꞌu hèu mèngi, èi naꞌi salap, kanari dènge kabꞌui dhu leo sèra. Ho sèna ka mèti hia ai gꞌana dhèu aae Masir èèna. Aa peka dènge ne, neꞌe ne tadha mata.","Lalu, ayah mereka, Israel, berkata kepada mereka, “Jika memang demikian, lakukanlah ini: ambillah hasil terbaik dari tanah ini dalam wadah-wadahmu dan bawalah sebagai hadiah: sedikit balsam, sedikit madu, rempah-rempah dan mur, serta kacang pistasio dan badam."
kekeliruan,1,"Aa miu mèti doi risi eele nèti ca hari ni, sèna ka miu bisa hia hari doi kabꞌua are uru sèra laꞌa, dhu miu mèdhi ètu dꞌara karo miu sèra. Tao-tao dhèu sèra reꞌa boe, ka tèka sala.","Bawalah dua kali lipat uang dalam tanganmu. Lalu, uang yang dikembalikan kepadamu, dalam mulut karung-karungmu itu, bawalah kembali dalam tanganmu. Mungkin hal itu adalah kekeliruan."
ayahmulah,1,"Hèia kapala urusan èèna dhaa, aku nèngu na, “Mau-mau, baku madhaꞌu! Ele boe Lamatua miu èèna ka dhu hia miu berkat ètu dꞌara karo sèra. Ca hari na, jaꞌa sèmi le doi miu aaꞌi-aaꞌi. Miu pakèlu boe!” Dꞌai èmu ka, na patalale Simeon paꞌèci dènge rèngu.","Dia berkata, “Sejahtera bagimu, jangan takut, Allahmu dan Allah ayahmulah yang telah memberikan harta kepadamu dalam karungmu. Aku telah menerima uangmu.” Kemudian, dia membawa Simeon kepada mereka."
karungmu,1,"Hèia kapala urusan èèna dhaa, aku nèngu na, “Mau-mau, baku madhaꞌu! Ele boe Lamatua miu èèna ka dhu hia miu berkat ètu dꞌara karo sèra. Ca hari na, jaꞌa sèmi le doi miu aaꞌi-aaꞌi. Miu pakèlu boe!” Dꞌai èmu ka, na patalale Simeon paꞌèci dènge rèngu.","Dia berkata, “Sejahtera bagimu, jangan takut, Allahmu dan Allah ayahmulah yang telah memberikan harta kepadamu dalam karungmu. Aku telah menerima uangmu.” Kemudian, dia membawa Simeon kepada mereka."
kesejahteraan,1,"Hèia Yusuf karèi si, peka na, “Tasamia? Miu beꞌa-beꞌa, do? Tasamia dènge ama miu dhu heka èèna? Na beꞌa-beꞌa, do?”","Kemudian, dia menanyai mereka mengenai kesejahteraan mereka, katanya, “Apakah ayahmu sejahtera, orang tua yang kalian bicarakan itu? Apakah dia masih hidup?”"
inikah,1,"Hèia Yusuf ladhe palème, ka nèdhi ari na Benyamin. Rèngu dua ra se, ina-ama èci. Hèia, aku nèngu na, “Ooo! Neꞌe ne ka ari miu dhu limuri, dhu ca hari na miu lolo èèna, do?” Ka na lii dènge Benyamin, aku nèngu na, “Ana, ee! Jaꞌa sanao, sèna ka Ama Lamatua hia èu mamuri dènge mera-milu.”","Kemudian, dia mengarahkan matanya dan melihat adiknya, Benyamin, anak ibunya, dan berkata, “Inikah adik bungsumu yang pernah kalian ceritakan kepadaku?” Dia berkata, “Kiranya Allah bermurah hati kepadamu, Anakku!”"
kasihnya,1,"Ropa ladhe nèdhi Benyamin ne, dꞌara Yusuf karejꞌe bia, lula na sue ari na ae titu kèna. Na taha nare heka dꞌara na. Ka na kako eele si laꞌe sa dꞌara kama na. Ka na tangi ngobꞌi-ngobꞌi ètu èèna.","Lalu, Yusuf pergi tergesa-gesa karena rasa belas kasihnya bergelora terhadap adiknya itu. Dia pun mencari tempat untuk menangis, lalu dia masuk ke kamarnya dan menangis di sana."
kamarnya,1,"Ropa ladhe nèdhi Benyamin ne, dꞌara Yusuf karejꞌe bia, lula na sue ari na ae titu kèna. Na taha nare heka dꞌara na. Ka na kako eele si laꞌe sa dꞌara kama na. Ka na tangi ngobꞌi-ngobꞌi ètu èèna.","Lalu, Yusuf pergi tergesa-gesa karena rasa belas kasihnya bergelora terhadap adiknya itu. Dia pun mencari tempat untuk menangis, lalu dia masuk ke kamarnya dan menangis di sana."
hidangkanlah,1,"Tangi nare hèia, laꞌe riu katanga madha na. Èle èèna ka, na paꞌèra dꞌara na, ka laꞌe hari paraga dènge si. Hèia na pua dhèu sabꞌa sèra lasi lalau ngangaꞌa.","Kemudian, dia membasuh wajahnya, dan keluar, dan menguasai dirinya, katanya, “Hidangkanlah roti.”"
kemudaannya,1,"Kapala urusan èèna ator sèna ka aꞌari Yusuf sèra, madhèdi patangara dènge Yusuf. Na ator hia si madhèdi mulai nèti aꞌa uru, padhutu-dhutu toke ari ra dhu limuri. Ropa ra ladhe rèdhi jꞌara madhèdi sèmi èèna, ra malaa.","Pada saat itu, mereka duduk di hadapannya, mulai dari yang sulung, berdasarkan hak kelahirannya, sampai yang bungsu berdasarkan kemudaannya. Orang-orang itu pun keheranan satu sama lain."
keheranan,1,"Kapala urusan èèna ator sèna ka aꞌari Yusuf sèra, madhèdi patangara dènge Yusuf. Na ator hia si madhèdi mulai nèti aꞌa uru, padhutu-dhutu toke ari ra dhu limuri. Ropa ra ladhe rèdhi jꞌara madhèdi sèmi èèna, ra malaa.","Pada saat itu, mereka duduk di hadapannya, mulai dari yang sulung, berdasarkan hak kelahirannya, sampai yang bungsu berdasarkan kemudaannya. Orang-orang itu pun keheranan satu sama lain."
menyajikan,1,"Yusuf pua dhèu sabꞌa sèra, bagi ngangaꞌa nèti mei nèngu, hia aꞌari na sèra. Aaꞌi-aaꞌi ra abhu ngangaꞌa dhu ae sama. Dhoka Benyamin di abhu ae risi aꞌa na si lèmi hari. Ka raꞌa-rinu dꞌai bècu.","Lalu, dia menyajikan bagian bagi mereka di hadapan mereka, tetapi bagian Benyamin lima kali lebih banyak dari bagian yang lainnya. Mereka minum dan menjadi mabuk bersamanya."
angkut,1,"Raꞌa-rinu rara hèia, Yusuf paholo dènge kapala urusan na, aku nèngu na, “Ssst! Èu lamu isi are asa dꞌara karo dhèu sèi, papènu dꞌai hèbꞌa. Èle èèna na, èu tao hari doi ra, asa dꞌara karo ra èci-èci.","Lalu, dia memberi perintah kepada orang yang mengurus rumahnya, katanya, “Isilah karung setiap orang itu dengan makanan, sebanyak yang sanggup mereka angkut, lalu taruhlah uang mereka masing-masing dalam mulut karungnya."
pialaku,1,"Aa more moo hualaa pudhi jaꞌa èèna, ho tao asa dꞌara hèbꞌa karo ari ra dhu limuri èèna.” Ka na laꞌe tao madhutu lii paredha Yusuf.","Kemudian, pialaku, piala perak itu, taruhlah itu di mulut karung yang bungsu beserta uang gandumnya.” Dia pun melaksanakan titah yang dititahkan oleh Yusuf."
dititahkan,1,"Aa more moo hualaa pudhi jaꞌa èèna, ho tao asa dꞌara hèbꞌa karo ari ra dhu limuri èèna.” Ka na laꞌe tao madhutu lii paredha Yusuf.","Kemudian, pialaku, piala perak itu, taruhlah itu di mulut karung yang bungsu beserta uang gandumnya.” Dia pun melaksanakan titah yang dititahkan oleh Yusuf."
menyingsing,1,"Asa bèli dꞌara cika lii sa, Yusuf hia si lèpa. Rèti ngangaꞌa dènge keledꞌei rèngu.","Ketika fajar menyingsing, orang-orang itu dilepas pergi, mereka dan keledai-keledainya."
dilepas,1,"Asa bèli dꞌara cika lii sa, Yusuf hia si lèpa. Rèti ngangaꞌa dènge keledꞌei rèngu.","Ketika fajar menyingsing, orang-orang itu dilepas pergi, mereka dan keledai-keledainya."
bertitah,1,"Èle èèna ka, kapala urusan èèna laꞌe magèle si toke abhu. Ropa na raga si, hèia na peka sèmi ngaa dhu Yusuf moa èèna.","Lalu, dia menyusul mereka dan bertitah kepada mereka dengan titah yang sama."
mengoyak,1,"Rèdhi sèmi èèna hèia, dꞌara aꞌa na sèra jꞌèra maꞌète mae-mae sène. Hèia ra pacaꞌe hari ka karo deo sa asa dedha keledꞌei, ka ra lèpa hari asa dꞌara kota.","Kemudian, mereka mengoyak pakaiannya dan memuati keledainya masing-masing, lalu kembali ke kota."
memuati,1,"Rèdhi sèmi èèna hèia, dꞌara aꞌa na sèra jꞌèra maꞌète mae-mae sène. Hèia ra pacaꞌe hari ka karo deo sa asa dedha keledꞌei, ka ra lèpa hari asa dꞌara kota.","Kemudian, mereka mengoyak pakaiannya dan memuati keledainya masing-masing, lalu kembali ke kota."
amarahmu,1,"Hèia Yahuda laꞌe padètu asa madha Yusuf, ka na padhai lii, aku nèngu na, “Ama wakil! Jaꞌa keꞌa koasa ama sama sèmi koasa dhèu aae! Uru nèti èèna, jaꞌa manèngi ama baku nasa dènge jaꞌa. Jaꞌa neo padhai lii ciki dènge ama.","Kemudian, Yehuda mendekati Yusuf dan berkata, “Tuanku, aku mohon, biarkanlah hambamu ini menyampaikan sepatah kata di telinga Tuanku, dan janganlah amarahmu menyala terhadap hambamu karena engkau adalah sama seperti Firaun."
mengasihinya,1,"Ka jiꞌi dhaa peka na, ‘Ama jiꞌi heka dꞌai seli le. Aa ari jiꞌi dhu limuri èci. Lodꞌo nara iisi ari jiꞌi neꞌe, ama jiꞌi na heka le. Ari jiꞌi dhu limuri neꞌe dènge aꞌa dꞌèlu na èci, te ngaa na aadꞌo heka. Ina ra madhe le. Ka di nèngu ka mesa na. Nèti èèna ka, ama jiꞌi ne sue ne titu kèna!’","Kami mengatakan kepadamu bahwa kami memiliki ayah yang sudah tua dan seorang anak pada masa tuanya, anak bungsu. Kakaknya sudah mati dan tinggal dia sendiri dari ibunya. Ayahnya mengasihinya."
pastilah,1,"Ana uuru èèna, aadꞌo heka. Ele boe badha hui naꞌe aaꞌi le. Nèti èèna ka, jaꞌa kèdhi heka rèhu na toke dꞌai sange neꞌe.","dan yang seorang pergi dariku, dan aku mengatakan bahwa pastilah dia benar-benar tercabik-cabik. Aku tidak pernah melihatnya semenjak itu."
semenjak,1,"Ana uuru èèna, aadꞌo heka. Ele boe badha hui naꞌe aaꞌi le. Nèti èèna ka, jaꞌa kèdhi heka rèhu na toke dꞌai sange neꞌe.","dan yang seorang pergi dariku, dan aku mengatakan bahwa pastilah dia benar-benar tercabik-cabik. Aku tidak pernah melihatnya semenjak itu."
ubanan,1,"Ladhe miu mèti hari ana limuri ne, ho sèmi na abhu jꞌajꞌèra, èèna miu pajꞌèra jaꞌa dhèu heka neꞌe. Ladhe sèmi èèna na, jaꞌa madhe dènge kèna.’","Jika kamu juga mengambil yang ini dariku, dan kejahatan menimpanya, kalian akan membawa aku yang ubanan ini turun ke dunia orang mati dengan kesengsaraan.’"
mengungkapkan,1,"Ropa tadèngi nare lii Yahuda na, dꞌara Yusuf roe bhilu, toke taha nare boe ètu madha dhèu sabꞌa na sèra. Nèti èèna ka, na hia ra lasi asa liꞌu, sèna ka mesa na di, dènge aꞌari na ètu dꞌara èmu. Dènge jꞌara neꞌe, nèngu bisa patadhe iisi na, mi aꞌari na sèra.","Yusuf pun tidak sanggup lagi menguasai dirinya di hadapan semua yang berdiri di dekatnya. Dia berseru, “Semuanya, pergilah dari hadapanku!” Ketika tidak ada lagi orang yang berdiri di dekatnya, Yusuf pun mengungkapkan diri kepada saudara-saudaranya."
ngeri,1,"Ka Yusuf peka mola-mola dènge aꞌari na si, aku nèngu na, “Aꞌari, ee! Jaꞌa neꞌe ka Yusuf èèna! Ama ku mamuri era, do?” Ropa tadèngi rare, aꞌa na sèra madhaꞌu titu kèna. Ra bisa heka bhoke hèbꞌa padhai lii ngaa èci sa.","Setelah itu, Yusuf berkata kepada saudara-saudaranya, “Akulah Yusuf! Apakah ayahku masih hidup?” Namun, saudara-saudaranya tidak dapat menjawabnya karena mereka ngeri terhadapnya."
menjualku,1,"Miu se tareꞌa pahie eele jaꞌa. Te ngaa mage miu madhaꞌu, aa baku peka cee ka dhu sala. Lula Ama Lamatua ka dhu hia uuru jaꞌa mai sa neꞌe. Ho dènge jꞌara neꞌe, Na pake jaꞌa ho hia mamuri mi dhèu ae. Sèna ka baku madhe manganga.","Sekarang, janganlah bersedih atau murka terhadap dirimu sendiri sebab kalian telah menjualku ke sini. Sebab, Allah mengutusku mendahuluimu untuk memelihara kehidupan."
kelanjutanmu,1,"Dènge jꞌara dhu èdhi teꞌa boe ne, Ama Lamatua hia jaꞌa mai asa neꞌe uru nèti miu. Sèna ka, miu dènge ana-èpu miu abhu mamuri.","Sebab itu, Allah mengutus aku mendahului kalian untuk kelanjutanmu di bumi ini dan untuk menjagamu tetap hidup melalui pembebasan besar."
mulutkulah,1,"Yusuf peka nare hèia, na padhai lii hari, peka na, “Miu unu mi mèdhi le, si? Aa èu kahèi, Benyamin. Jaꞌa neꞌe, tareꞌa-reꞌa Yusuf.","Lihatlah, mata kalian sendiri melihat, begitu pula mata adikku, Benyamin, bahwa mulutkulah yang mengatakannya kepadamu."
menggembirakan,1,"Ropa dhèu aae dènge dhèu-dhèu kapai na sèra, tadèngi rare aꞌari Yusuf mai asa Masir, ra karejꞌe kahèi.","Ketika berita ini terdengar di Istana Firaun bahwa saudara-saudara Yusuf datang, di mata Firaun maupun hamba-hambanya hal ini menggembirakan."
bebanilah,1,"Ka dhèu aae peka dènge Yusuf, aku nèngu na, “Ari! Peka dènge aꞌari èu sèra, ho hua ka ngangaꞌa asa dedha keledꞌei rèngu, sèna ka rèti sa Kanaꞌan.","Karena itu, Firaun berkata kepada Yusuf, “Katakanlah kepada saudara-saudaramu: ‘Lakukanlah ini: bebanilah binatang-binatangmu dan pergilah, kembalilah ke tanah Kanaan,"
disampaikannya,1,"Te ngaa ropa na tadèngi nare lii lolo rèngu sèra, aa na ladhe nèdhi kareta dhu Yusuf paꞌadhu mai ho hua ne asa Masir, heka na lèka kèna.","Ketika mereka menceritakan kepadanya segala perkataan Yusuf, yang telah disampaikannya kepada mereka, dan ketika dia melihat kereta-kereta yang dikirimkan oleh Yusuf untuk membawanya, bangkitlah semangat Yakub, ayah mereka."
yusuflah,1,"Jaꞌa laku hèi Masir sama-sama dènge èu. Ho ladhe èèna na, Jaꞌa kahèi dhu kèti hari ana-èpu èu lèpa asa rai Kanaꞌan neꞌe. Ropa èu madhe, na, ana mu Yusuf madhèdi ètu baboa èu.”","Aku akan menyertaimu masuk ke Mesir, lalu Aku juga akan membawamu keluar, pasti membawamu keluar, dan tangan Yusuflah yang akan menutup matamu.”"
palu,1,"Ana-ana na ka: Henok, Palu, Hesron dènge Karmi.","Anak-anak Ruben: Henokh, Palu, Hezron, dan Karmi."
karmi,1,"Ana-ana na ka: Henok, Palu, Hesron dènge Karmi.","Anak-anak Ruben: Henokh, Palu, Hezron, dan Karmi."
yemuel,1,"Simeon, dènge ana-ana na: Yemuel, Yamin, Ohat, Yakin, dènge Sohar. Dènge Saul kahèi, ana na nèti dhèu èmu na bhèni Kanaꞌan.","Anak-anak Simeon: Yemuel, Yamin, Ohad, Yakhin, Zohar, dan Saul, anak dari seorang perempuan Kanaan."
yamin,1,"Simeon, dènge ana-ana na: Yemuel, Yamin, Ohat, Yakin, dènge Sohar. Dènge Saul kahèi, ana na nèti dhèu èmu na bhèni Kanaꞌan.","Anak-anak Simeon: Yemuel, Yamin, Ohad, Yakhin, Zohar, dan Saul, anak dari seorang perempuan Kanaan."
ohad,1,"Simeon, dènge ana-ana na: Yemuel, Yamin, Ohat, Yakin, dènge Sohar. Dènge Saul kahèi, ana na nèti dhèu èmu na bhèni Kanaꞌan.","Anak-anak Simeon: Yemuel, Yamin, Ohad, Yakhin, Zohar, dan Saul, anak dari seorang perempuan Kanaan."
yakhin,1,"Simeon, dènge ana-ana na: Yemuel, Yamin, Ohat, Yakin, dènge Sohar. Dènge Saul kahèi, ana na nèti dhèu èmu na bhèni Kanaꞌan.","Anak-anak Simeon: Yemuel, Yamin, Ohad, Yakhin, Zohar, dan Saul, anak dari seorang perempuan Kanaan."
gerson,1,"Lewi, dènge ana-ana na: Gerson, Kehat, dènge Merari.","Anak-anak Lewi: Gerson, Kehat, dan Merari."
kehat,1,"Lewi, dènge ana-ana na: Gerson, Kehat, dènge Merari.","Anak-anak Lewi: Gerson, Kehat, dan Merari."
merari,1,"Lewi, dènge ana-ana na: Gerson, Kehat, dènge Merari.","Anak-anak Lewi: Gerson, Kehat, dan Merari."
hamul,1,"Yahuda, dènge ana-ana na: Sela, Peres, dènge Sera. Ana Yahuda dhu leo, Er dènge Onan, madhe le ètu Kanaꞌan. Na nèti dènge ana-ana Peres, Hesron dènge Hamul.","Anak-anak Yehuda: Er, Onan, Syela, Peres, dan Zerah. Namun, Er dan Onan mati di tanah Kanaan. Anak-anak Peres adalah Hezron dan Hamul."
tola,1,"Isaskar, dènge ana-ana na: Tola, Pua, Ayub, dènge Simron.","Anak-anak Isakhar: Tola, Pua, Ayub, dan Simron."
pua,1,"Isaskar, dènge ana-ana na: Tola, Pua, Ayub, dènge Simron.","Anak-anak Isakhar: Tola, Pua, Ayub, dan Simron."
simron,1,"Isaskar, dènge ana-ana na: Tola, Pua, Ayub, dènge Simron.","Anak-anak Isakhar: Tola, Pua, Ayub, dan Simron."
sered,1,"Sebulon, dènge ana-ana na: Seret, Elon, dènge Jahleel.","Anak-anak Zebulon: Sered, Elon, dan Yahleel."
yahleel,1,"Sebulon, dènge ana-ana na: Seret, Elon, dènge Jahleel.","Anak-anak Zebulon: Sered, Elon, dan Yahleel."
zifyon,1,"Aa Yakob abhu ana-ana dènge dhèu èmu dhu leo hari. Nuka: Gad, dènge ana-ana na: Sifion, Hagi, Suni, Esbon, Eri, Arodi dènge Areli.","Anak-anak Gad: Zifyon, Hagi, Syuni, Ezbon, Eri, Arodi, dan Areli."
hagi,1,"Aa Yakob abhu ana-ana dènge dhèu èmu dhu leo hari. Nuka: Gad, dènge ana-ana na: Sifion, Hagi, Suni, Esbon, Eri, Arodi dènge Areli.","Anak-anak Gad: Zifyon, Hagi, Syuni, Ezbon, Eri, Arodi, dan Areli."
syuni,1,"Aa Yakob abhu ana-ana dènge dhèu èmu dhu leo hari. Nuka: Gad, dènge ana-ana na: Sifion, Hagi, Suni, Esbon, Eri, Arodi dènge Areli.","Anak-anak Gad: Zifyon, Hagi, Syuni, Ezbon, Eri, Arodi, dan Areli."
ezbon,1,"Aa Yakob abhu ana-ana dènge dhèu èmu dhu leo hari. Nuka: Gad, dènge ana-ana na: Sifion, Hagi, Suni, Esbon, Eri, Arodi dènge Areli.","Anak-anak Gad: Zifyon, Hagi, Syuni, Ezbon, Eri, Arodi, dan Areli."
eri,1,"Aa Yakob abhu ana-ana dènge dhèu èmu dhu leo hari. Nuka: Gad, dènge ana-ana na: Sifion, Hagi, Suni, Esbon, Eri, Arodi dènge Areli.","Anak-anak Gad: Zifyon, Hagi, Syuni, Ezbon, Eri, Arodi, dan Areli."
arodi,1,"Aa Yakob abhu ana-ana dènge dhèu èmu dhu leo hari. Nuka: Gad, dènge ana-ana na: Sifion, Hagi, Suni, Esbon, Eri, Arodi dènge Areli.","Anak-anak Gad: Zifyon, Hagi, Syuni, Ezbon, Eri, Arodi, dan Areli."
areli,1,"Aa Yakob abhu ana-ana dènge dhèu èmu dhu leo hari. Nuka: Gad, dènge ana-ana na: Sifion, Hagi, Suni, Esbon, Eri, Arodi dènge Areli.","Anak-anak Gad: Zifyon, Hagi, Syuni, Ezbon, Eri, Arodi, dan Areli."
yimna,1,"Aser, dènge ana-ana na: Yimna, Yiswa, Yiswi, Beria, dènge ana hèni ra èci, ngara na Sera. Beria, dènge ana le kahèi: Heber dènge Malkiel.","Anak-anak Asyer: Yimna, Yiswa, Yiswi, Beria, dan Serah, saudara perempuan mereka. Anak Beria adalah Heber dan Malkiel."
yiswa,1,"Aser, dènge ana-ana na: Yimna, Yiswa, Yiswi, Beria, dènge ana hèni ra èci, ngara na Sera. Beria, dènge ana le kahèi: Heber dènge Malkiel.","Anak-anak Asyer: Yimna, Yiswa, Yiswi, Beria, dan Serah, saudara perempuan mereka. Anak Beria adalah Heber dan Malkiel."
yiswi,1,"Aser, dènge ana-ana na: Yimna, Yiswa, Yiswi, Beria, dènge ana hèni ra èci, ngara na Sera. Beria, dènge ana le kahèi: Heber dènge Malkiel.","Anak-anak Asyer: Yimna, Yiswa, Yiswi, Beria, dan Serah, saudara perempuan mereka. Anak Beria adalah Heber dan Malkiel."
serah,1,"Aser, dènge ana-ana na: Yimna, Yiswa, Yiswi, Beria, dènge ana hèni ra èci, ngara na Sera. Beria, dènge ana le kahèi: Heber dènge Malkiel.","Anak-anak Asyer: Yimna, Yiswa, Yiswi, Beria, dan Serah, saudara perempuan mereka. Anak Beria adalah Heber dan Malkiel."
heber,1,"Aser, dènge ana-ana na: Yimna, Yiswa, Yiswi, Beria, dènge ana hèni ra èci, ngara na Sera. Beria, dènge ana le kahèi: Heber dènge Malkiel.","Anak-anak Asyer: Yimna, Yiswa, Yiswi, Beria, dan Serah, saudara perempuan mereka. Anak Beria adalah Heber dan Malkiel."
malkiel,1,"Aser, dènge ana-ana na: Yimna, Yiswa, Yiswi, Beria, dènge ana hèni ra èci, ngara na Sera. Beria, dènge ana le kahèi: Heber dènge Malkiel.","Anak-anak Asyer: Yimna, Yiswa, Yiswi, Beria, dan Serah, saudara perempuan mereka. Anak Beria adalah Heber dan Malkiel."
bekher,1,"Benyamin madhutu hèi lasi Masir dènge ana-ana na: Bela, Beker, Asibel, Gera, Naaman, Ehi, Ros, Mupim, Hupim dènge Aret.","Anak-anak Benyamin adalah Bela, Bekher, Asybel, Gera, Naaman, Ehi, Rosh, Mupim, Hupim, dan Ared."
asybel,1,"Benyamin madhutu hèi lasi Masir dènge ana-ana na: Bela, Beker, Asibel, Gera, Naaman, Ehi, Ros, Mupim, Hupim dènge Aret.","Anak-anak Benyamin adalah Bela, Bekher, Asybel, Gera, Naaman, Ehi, Rosh, Mupim, Hupim, dan Ared."
gera,1,"Benyamin madhutu hèi lasi Masir dènge ana-ana na: Bela, Beker, Asibel, Gera, Naaman, Ehi, Ros, Mupim, Hupim dènge Aret.","Anak-anak Benyamin adalah Bela, Bekher, Asybel, Gera, Naaman, Ehi, Rosh, Mupim, Hupim, dan Ared."
ehi,1,"Benyamin madhutu hèi lasi Masir dènge ana-ana na: Bela, Beker, Asibel, Gera, Naaman, Ehi, Ros, Mupim, Hupim dènge Aret.","Anak-anak Benyamin adalah Bela, Bekher, Asybel, Gera, Naaman, Ehi, Rosh, Mupim, Hupim, dan Ared."
rosh,1,"Benyamin madhutu hèi lasi Masir dènge ana-ana na: Bela, Beker, Asibel, Gera, Naaman, Ehi, Ros, Mupim, Hupim dènge Aret.","Anak-anak Benyamin adalah Bela, Bekher, Asybel, Gera, Naaman, Ehi, Rosh, Mupim, Hupim, dan Ared."
mupim,1,"Benyamin madhutu hèi lasi Masir dènge ana-ana na: Bela, Beker, Asibel, Gera, Naaman, Ehi, Ros, Mupim, Hupim dènge Aret.","Anak-anak Benyamin adalah Bela, Bekher, Asybel, Gera, Naaman, Ehi, Rosh, Mupim, Hupim, dan Ared."
hupim,1,"Benyamin madhutu hèi lasi Masir dènge ana-ana na: Bela, Beker, Asibel, Gera, Naaman, Ehi, Ros, Mupim, Hupim dènge Aret.","Anak-anak Benyamin adalah Bela, Bekher, Asybel, Gera, Naaman, Ehi, Rosh, Mupim, Hupim, dan Ared."
ared,1,"Benyamin madhutu hèi lasi Masir dènge ana-ana na: Bela, Beker, Asibel, Gera, Naaman, Ehi, Ros, Mupim, Hupim dènge Aret.","Anak-anak Benyamin adalah Bela, Bekher, Asybel, Gera, Naaman, Ehi, Rosh, Mupim, Hupim, dan Ared."
husim,1,"Dhèu èmu Yakob èci hari, ngara na Bilha. Ana-ana ra, Dan, dènge Naftali. Ana Dan, ngara na Husim.",Anak-Anak Dan: Husim.
yahzeel,1,"Ana nèti Naftali: Yasel, Guni, Yeser dènge Silem.","Anak-anak Naftali: Yahzeel, Guni, Yezer, dan Syilem."
guni,1,"Ana nèti Naftali: Yasel, Guni, Yeser dènge Silem.","Anak-anak Naftali: Yahzeel, Guni, Yezer, dan Syilem."
yezer,1,"Ana nèti Naftali: Yasel, Guni, Yeser dènge Silem.","Anak-anak Naftali: Yahzeel, Guni, Yezer, dan Syilem."
syilem,1,"Ana nèti Naftali: Yasel, Guni, Yeser dènge Silem.","Anak-anak Naftali: Yahzeel, Guni, Yezer, dan Syilem."
kandungnya,1,"De ana-èpu Yakob dhu lasi Masir, aaꞌi-aaꞌi ra dhèu 66 (èna nguru èna) dhèu. Seꞌe se, ige mèka dènge dhèu èmu nèti ana-ana nèngu sèra.","Seluruh jiwa yang masuk ke Mesir bersama Yakub, yang adalah keturunan kandungnya, tidak termasuk para istri anak-anak Yakub, seluruhnya ada 66 jiwa."
peternak,1,"Aa, pe jaꞌa peka kahèi dènge ne, miu biasa ani kahibꞌi-kalèbho dènge sapi. Nèti èèna ka, miu mèti dènge badha-manu dènge mèdha-panyau miu nèti Kanaꞌan.","Orang-orang itu menggembalakan kawanannya karena mereka adalah para peternak. Mereka membawa kawanan dombanya, dan ternaknya, dan segala yang dimilikinya.’"
ternakku,1,"De hudꞌi laa rèngu tao kabarai neꞌe, sama sèmi kabarai rèngu. Madhutu kakeꞌa jaꞌa, Gosen èèna era dhu beꞌa risi nèti era leo ètu rai Masir neꞌe. De beꞌa risi rèngu pea ètu èèna ka la. Aa ladhe rèngu cee dhu ladhe-leru badha dènge hua iia, na jaꞌa hia badha jaꞌa ho na piara si ètu èèna.”","Tanah Mesir ini ada di hadapanmu. Biarlah ayahmu dan saudara-saudaramu tinggal di tanah Gosyen, di tempat terbaik dari tanah ini untuk tinggal. Jika kamu mengetahui ada orang-orang yang terampil di antara mereka, jadikanlah mereka sebagai pengawas atas ternakku.”"
umurmu,1,"Dhèu aae karèi Yakob, aku nèngu na, “Ama umur pèri tèu kèna?”","Firaun berkata kepada Yakub, “Berapa tahun umurmu?”"
pengembaraanku,1,"Yakob dhaa, “Umur jaꞌa cangasu tèlu nguru tèu kèna, te ngaa jaꞌa pea boe mi ca era sa. Bèi-baki jaꞌa sèmi èèna kahèi. Ladhe pakasame dènge rèngu, na umur jaꞌa kura nèti rèngu. Te ngaa mamuri jaꞌa pènu dènge jꞌajꞌèra.”","Yakub berkata kepada Firaun, “Hari-hari dalam tahun-tahun pengembaraanku adalah 130 tahun. Hari-hari dalam tahun kehidupanku singkat dan sengsara, dan tidak mencapai hari-hari tahun kehidupan nenek moyangku dalam hari-hari pengembaraan mereka.”"
kehidupanku,1,"Yakob dhaa, “Umur jaꞌa cangasu tèlu nguru tèu kèna, te ngaa jaꞌa pea boe mi ca era sa. Bèi-baki jaꞌa sèmi èèna kahèi. Ladhe pakasame dènge rèngu, na umur jaꞌa kura nèti rèngu. Te ngaa mamuri jaꞌa pènu dènge jꞌajꞌèra.”","Yakub berkata kepada Firaun, “Hari-hari dalam tahun-tahun pengembaraanku adalah 130 tahun. Hari-hari dalam tahun kehidupanku singkat dan sengsara, dan tidak mencapai hari-hari tahun kehidupan nenek moyangku dalam hari-hari pengembaraan mereka.”"
pengembaraan,1,"Yakob dhaa, “Umur jaꞌa cangasu tèlu nguru tèu kèna, te ngaa jaꞌa pea boe mi ca era sa. Bèi-baki jaꞌa sèmi èèna kahèi. Ladhe pakasame dènge rèngu, na umur jaꞌa kura nèti rèngu. Te ngaa mamuri jaꞌa pènu dènge jꞌajꞌèra.”","Yakub berkata kepada Firaun, “Hari-hari dalam tahun-tahun pengembaraanku adalah 130 tahun. Hari-hari dalam tahun kehidupanku singkat dan sengsara, dan tidak mencapai hari-hari tahun kehidupan nenek moyangku dalam hari-hari pengembaraan mereka.”"
rameses,1,"Èle èèna ka, Yusuf padꞌelo era pea hia aꞌari na si ètu Gosen, madhutu lii pua dhèu aae deo na. Era èèna beꞌa titu kèna. (Ra pangare era èèna ‘Rameses’.) Ka ama na dènge aꞌari na sèra pea taruu ètu èèna.","Kemudian, Yusuf menempatkan ayah dan saudara-saudaranya, dan memberikan kepada mereka kepemilikan di tanah Gosyen, di tempat terbaik tanah itu, yaitu di tanah Rameses, sebagaimana yang diperintahkan Firaun."
merana,1,"Taa èèna, rai manganga titu kèna, tèdhi boe ngangaꞌa ca lamusi sa ètu mia-mia. Nèti Masir toke Kanaꞌan, dhèu-dhèu manganga roe ca palèpa, taga nèti raꞌa-rinu heka. Dhèu bisa heka sabꞌa ngaa-ngaa, lula manganga titu kèna.","Pada satu waktu, tidak ada lagi roti di seluruh tanah itu karena kelaparan sangatlah berat sehingga tanah Mesir dan tanah Kanaan merana akibat kelaparan itu."
diperoleh,1,"Dhèu-dhèu nèti dꞌara rae-rae ètu Masir, sèmi èèna kahèi dhèu-dhèu nèti dꞌara rae-rae ètu Kanaꞌan, mai hèli ngangaꞌa ètu Yusuf. Doi-doi dhu na sèmi sèra, na pakaboko aaꞌi ka, laꞌe tèke asa èmu dhèu aae.","Lalu, Yusuf mengumpulkan semua uang yang diperoleh dari tanah Mesir dan tanah Kanaan untuk gandum yang mereka beli, dan Yusuf membawa uang itu ke istana Firaun."
menyembunyikannya,1,"Tèu mai na, rèngu mai hari sa madha Yusuf, ka ra peka, “Ama wakil, ee! Jiꞌi peka tareꞌa-reꞌa kèna. Doi jiꞌi dènge badha jiꞌi ama pasilu aaꞌi-aaꞌi le. Limuri neꞌe, jiꞌi dènge heka ngaa-ngaa. Dhu ètu jiꞌi dhodhoka ngiꞌu dènge rai jiꞌi di.","Setelah tahun itu berakhir, mereka datang lagi pada tahun yang kedua dan berkata kepadanya, “Kami tidak dapat menyembunyikannya dari Tuanku, bahwa uang kami sudah habis. Tuanku juga memiliki ternak kami sehingga tidak ada lagi yang tersisa di hadapanku Tuanku, kecuali tubuh kami dan tanah kami."
tandus,1,"Baku tèke eele jiꞌi madhe manganga. Te ladhe jiꞌi madhe na, cee ka dhu sabꞌa oka-tedhe seꞌe? De hua iia, ama wakil more jiꞌi, ho jꞌajꞌi ènu mu. Aa more aaꞌi rai jiꞌi kahèi. Pe, èèna na, ama hia hini ho jiꞌi sèla hia ama. Gaji dènge kabꞌua rai jiꞌi, ama pasilu dènge ngangaꞌa. Sadꞌi jiꞌi baku madhe manganga.”","Mengapa kami harus mati di depan matamu, baik kami maupun tanah kami? Belilah kami dan tanah kami untuk roti, maka kami maupun tanah kami akan menjadi hamba bagi Firaun. Berikanlah benih kepada kami supaya kami dapat hidup dan tidak mati. Dengan demikian, tanah ini tidak menjadi tandus.”"
membelimu,1,"Lodꞌo èèna, Yusuf peka dènge ana kabarai sèra, aku nèngu na, “Naa! Miu jꞌajꞌi le ènu nèti dhèu aae. Jaꞌa hèli kore aaꞌi le, rai miu hia dhèu aae. De mere hini seꞌe ho lami sèla ka mi dedha rai sèra.","Kemudian, Yusuf berkata kepada rakyat itu, “Lihatlah, pada hari ini, aku telah membelimu dan tanahmu untuk Firaun. Inilah benih untukmu dan kamu harus menaburnya di tanah ini."
rotimu,1,"Ladhe miu puu-gꞌètu na, bagi mi lèmi. Ho ca pala hia dhèu aae. Aa èpa pala sèra, miu tao hini dènge mi pake miꞌa-minu dènge aꞌari miu.”","Pada masa panen, kamu harus memberikan seperlima bagian untuk Firaun dan empat bagian menjadi milikmu, untuk benih ladangmu, dan untuk rotimu, untuk mereka di dalam rumahmu, dan untuk makanan bagi anak-anakmu.”"
kemurahanmu,1,"Lodꞌo dètu na madhe èèna, na paroa Yusuf, ka na padhai lii dènge ne, aku nèngu na, “Ana Yusuf! Jaꞌa rasa na, mamuri jaꞌa madhera heka. Nèbhu heka, Lamatua paroa jaꞌa lèpa kèna. Èèna ka jaꞌa manèngi sèna ka ladhe èu sue jaꞌa, èu subha sèna ka baku padhane jaꞌa ètu rai Masir neꞌe.","Ketika waktu kematian Israel semakin dekat, dia memanggil Yusuf, anaknya, dan berkata kepadanya, “Jika sekarang aku mendapat kemurahanmu dalam pandanganmu, aku mohon, taruhlah tanganmu di bawah pangkal pahaku dan berjanjilah bahwa kamu akan menunjukkan kebaikan dan kesetiaan terhadapku. Aku mohon, jangan menguburku di Mesir."
pandanganmu,1,"Lodꞌo dètu na madhe èèna, na paroa Yusuf, ka na padhai lii dènge ne, aku nèngu na, “Ana Yusuf! Jaꞌa rasa na, mamuri jaꞌa madhera heka. Nèbhu heka, Lamatua paroa jaꞌa lèpa kèna. Èèna ka jaꞌa manèngi sèna ka ladhe èu sue jaꞌa, èu subha sèna ka baku padhane jaꞌa ètu rai Masir neꞌe.","Ketika waktu kematian Israel semakin dekat, dia memanggil Yusuf, anaknya, dan berkata kepadanya, “Jika sekarang aku mendapat kemurahanmu dalam pandanganmu, aku mohon, taruhlah tanganmu di bawah pangkal pahaku dan berjanjilah bahwa kamu akan menunjukkan kebaikan dan kesetiaan terhadapku. Aku mohon, jangan menguburku di Mesir."
berjanjilah,1,"Lodꞌo dètu na madhe èèna, na paroa Yusuf, ka na padhai lii dènge ne, aku nèngu na, “Ana Yusuf! Jaꞌa rasa na, mamuri jaꞌa madhera heka. Nèbhu heka, Lamatua paroa jaꞌa lèpa kèna. Èèna ka jaꞌa manèngi sèna ka ladhe èu sue jaꞌa, èu subha sèna ka baku padhane jaꞌa ètu rai Masir neꞌe.","Ketika waktu kematian Israel semakin dekat, dia memanggil Yusuf, anaknya, dan berkata kepadanya, “Jika sekarang aku mendapat kemurahanmu dalam pandanganmu, aku mohon, taruhlah tanganmu di bawah pangkal pahaku dan berjanjilah bahwa kamu akan menunjukkan kebaikan dan kesetiaan terhadapku. Aku mohon, jangan menguburku di Mesir."
menguburku,1,"Lodꞌo dètu na madhe èèna, na paroa Yusuf, ka na padhai lii dènge ne, aku nèngu na, “Ana Yusuf! Jaꞌa rasa na, mamuri jaꞌa madhera heka. Nèbhu heka, Lamatua paroa jaꞌa lèpa kèna. Èèna ka jaꞌa manèngi sèna ka ladhe èu sue jaꞌa, èu subha sèna ka baku padhane jaꞌa ètu rai Masir neꞌe.","Ketika waktu kematian Israel semakin dekat, dia memanggil Yusuf, anaknya, dan berkata kepadanya, “Jika sekarang aku mendapat kemurahanmu dalam pandanganmu, aku mohon, taruhlah tanganmu di bawah pangkal pahaku dan berjanjilah bahwa kamu akan menunjukkan kebaikan dan kesetiaan terhadapku. Aku mohon, jangan menguburku di Mesir."
padan,1,"Jaꞌa tao sèmi èèna, sèna ka èdhi sanèdꞌe ina mu Rahel. Lodꞌo jiꞌi mai nèti Mesopotamia asa Kanaꞌan, dꞌai talora jꞌara, ina mu madhe ropa nara iisi aaꞌi. Èèna na, jiꞌi dètu rae Efrata ètu rai Kanaꞌan. Lodꞌo èèna, jaꞌa susa dꞌai seli. Ka jaꞌa padhane ne ètu sebhe jꞌara laꞌe asa rae Efrata.” (Limuri ne, rae èèna ra gati ngara na Betlehem.)","Lalu, aku, pada saat kedatanganku dari Padan, Rahel mati di sisiku, di tanah Kanaan, tidak jauh dari Efrata. Aku menguburnya di sana, di jalan menuju Efrata, yaitu Betlehem.”"
sisiku,1,"Jaꞌa tao sèmi èèna, sèna ka èdhi sanèdꞌe ina mu Rahel. Lodꞌo jiꞌi mai nèti Mesopotamia asa Kanaꞌan, dꞌai talora jꞌara, ina mu madhe ropa nara iisi aaꞌi. Èèna na, jiꞌi dètu rae Efrata ètu rai Kanaꞌan. Lodꞌo èèna, jaꞌa susa dꞌai seli. Ka jaꞌa padhane ne ètu sebhe jꞌara laꞌe asa rae Efrata.” (Limuri ne, rae èèna ra gati ngara na Betlehem.)","Lalu, aku, pada saat kedatanganku dari Padan, Rahel mati di sisiku, di tanah Kanaan, tidak jauh dari Efrata. Aku menguburnya di sana, di jalan menuju Efrata, yaitu Betlehem.”"
mengizinkanku,1,"Ka na peka dènge Yusuf, aku nèngu na, “Nèbhu nare sange neꞌe, jaꞌa pangee na, jaꞌa bisa heka kèdhi rèhu èu. Te ngaa Ama Lamatua, tao risi eele nèti ngaa dhu jaꞌa ngee, toke jaꞌa bisa kèdhi ana-ana èu kahèi.”","Israel berkata kepada Yusuf, “Aku tidak pernah berpikir untuk melihat wajahmu, tetapi lihatlah, Allah bahkan mengizinkanku untuk melihat keturunanmu.”"
menumpangkannya,1,"Te ngaa ropa Yakob soro ai na neo manèngi mèngi-nale hia ana dua sèra, na soro ai gꞌana na mi kètu Efraim, aa ai kariu mi kètu Manase.","Akan tetapi, Israel mengulurkan tangan kanannya dan menumpangkannya ke atas kepala Efraim, yang adalah anak bungsu, dan tangan kirinya ke atas kepala Manasye. Dia menyilangkan tangannya meskipun Manasye adalah anak sulung."
menyilangkan,1,"Te ngaa ropa Yakob soro ai na neo manèngi mèngi-nale hia ana dua sèra, na soro ai gꞌana na mi kètu Efraim, aa ai kariu mi kètu Manase.","Akan tetapi, Israel mengulurkan tangan kanannya dan menumpangkannya ke atas kepala Efraim, yang adalah anak bungsu, dan tangan kirinya ke atas kepala Manasye. Dia menyilangkan tangannya meskipun Manasye adalah anak sulung."
gembalaku,1,"Ka na manèngi Ama Lamatua hia berkat mi Yusuf, peka na, “Baki mu Isak, dènge ama na Abraham, dua ra madhutu taruu dadꞌèi Ama Lamatua. Ama Lamatua ladhe-leru jaꞌa kahèi, nèti ana ngèru toke dꞌai deo neꞌe ne.","Lalu, dia memberkati Yusuf dan berkata, “Allah, yang di hadapan-Nya, leluhurku Abraham dan Ishak hidup, Allah yang menjadi Gembalaku di sepanjang hidupku, sampai pada hari ini,"
menebusku,1,"Na pakajꞌèu jaꞌa nèti rupa-rupa sasusa. De jaꞌa manèngi sèna ka Na hia mèngi-nale mi ana èu seꞌe, dènge ana-èpu ra. Aa ladhe ra manèngi-mangajꞌi mi Ama Lamatua, ra bhèlu boe ale kolongara baki Abraham, kolongara Isak, aa kolongara jaꞌa, sèna ka ana-èpu rèngu asa bèba-kacanga, ho jꞌajꞌi kapai ètu rai-haha neꞌe.”","Malaikat yang telah menebusku dari semua yang jahat, berkatilah kiranya anak-anak muda ini. Biarlah namaku ada dalam mereka, dan nama leluhurku, Abraham dan Ishak. Kiranya mereka bertambah-tambah menjadi banyak di tengah-tengah bumi ini.”"
rebut,1,"Te ngaa neꞌe ne, jaꞌa hia èu risi eele nèti aꞌari èu. Aa jaꞌa hia tabha èu, ledhe ètu rai Kanaꞌan èèna, dhu uru na jaꞌa kore nèti dhèu Amori, lodꞌo jaꞌa segi rèngu ètu dꞌara pamusu.”","Lebih lagi, aku telah memberikan kepadamu lebih besar dari saudaramu, yaitu wilayah yang aku rebut dengan pedang dan panah dari orang-orang Amori.”"
sulungku,1,"Ruben! Èu ne, ana jaꞌa dhu uru tèka! Èu neꞌe tatea jaꞌa, dènge ai gꞌana jaꞌa. Dhèu pakabꞌua risi èu.","“Ruben, anak sulungku, kamulah kejantananku, permulaan dari kegagahanku. Yang terunggul dalam keluhuran Yang terunggul dalam kekuatan."
kejantananku,1,"Ruben! Èu ne, ana jaꞌa dhu uru tèka! Èu neꞌe tatea jaꞌa, dènge ai gꞌana jaꞌa. Dhèu pakabꞌua risi èu.","“Ruben, anak sulungku, kamulah kejantananku, permulaan dari kegagahanku. Yang terunggul dalam keluhuran Yang terunggul dalam kekuatan."
kegagahanku,1,"Ruben! Èu ne, ana jaꞌa dhu uru tèka! Èu neꞌe tatea jaꞌa, dènge ai gꞌana jaꞌa. Dhèu pakabꞌua risi èu.","“Ruben, anak sulungku, kamulah kejantananku, permulaan dari kegagahanku. Yang terunggul dalam keluhuran Yang terunggul dalam kekuatan."
keluhuran,1,"Ruben! Èu ne, ana jaꞌa dhu uru tèka! Èu neꞌe tatea jaꞌa, dènge ai gꞌana jaꞌa. Dhèu pakabꞌua risi èu.","“Ruben, anak sulungku, kamulah kejantananku, permulaan dari kegagahanku. Yang terunggul dalam keluhuran Yang terunggul dalam kekuatan."
tidurku,1,"Te ngaa dꞌara èu èra boe, sama sèmi rii dhasi dhu laꞌe-mai laꞌe-mai. Cagꞌagꞌa laa, èu lamu jꞌunu dènge dhèu èmu jaꞌa, ka pakajꞌalu era jꞌunu ama èu. Tatao èu èèna ka, pamanahu eele kolongara ca dhèu aꞌa.","Bagaikan air yang tidak terkendali, kamu tidak lagi menjadi yang terunggul. Sebab, kamu telah menaiki tempat tidur ayahmu, lalu kamu menajiskannya. Kamu telah menaiki tempat tidurku!”"
beradik,1,"Simeon dènge Lewi! Miu dua mi ca rupa. Miu dua mi, malai titu kèna dedꞌe samala, ho pajꞌèra dhèu.",“Simeon dan Lewi adalah kakak beradik. senjatanya adalah alat kekerasan.
senjatanya,1,"Simeon dènge Lewi! Miu dua mi ca rupa. Miu dua mi, malai titu kèna dedꞌe samala, ho pajꞌèra dhèu.",“Simeon dan Lewi adalah kakak beradik. senjatanya adalah alat kekerasan.
menyatu,1,"Ladhe miu pare pamaꞌète kalua haga sapi, ho ra kapodꞌe reo-reo ètu era, na lèke dadꞌèi miu kèna. Aa bhabhelu miu hari, ladhe miu kadhi ngutu, na mi pamadhe dhèu. Nèti èèna ka, jaꞌa pahae boe lii padhai lii miu. Aa jaꞌa dꞌèi boe tao madha-dhilu mi lii langu miu.","Hai jiwaku, janganlah masuk dalam perundingan mereka, janganlah kemuliaanku menyatu dalam perkumpulan mereka, sebab dalam amarahnya, mereka membunuh orang, dan dalam kesenangan dirinya, mereka telah melumpuhkan sapi jantan."
melumpuhkan,1,"Ladhe miu pare pamaꞌète kalua haga sapi, ho ra kapodꞌe reo-reo ètu era, na lèke dadꞌèi miu kèna. Aa bhabhelu miu hari, ladhe miu kadhi ngutu, na mi pamadhe dhèu. Nèti èèna ka, jaꞌa pahae boe lii padhai lii miu. Aa jaꞌa dꞌèi boe tao madha-dhilu mi lii langu miu.","Hai jiwaku, janganlah masuk dalam perundingan mereka, janganlah kemuliaanku menyatu dalam perkumpulan mereka, sebab dalam amarahnya, mereka membunuh orang, dan dalam kesenangan dirinya, mereka telah melumpuhkan sapi jantan."
bengis,1,"Nèti èèna ka, jaꞌa dhoo bhelu-katubꞌa miu ne, te seli-kolane nga! Dènge nanasa miu dhu dènge boe sasue ciki sa hèi. Ladhe èèna na, miu pasae unu mi, bhelu-katubꞌa miu sèra. Ho èèna na, Lamatua cebꞌe ana-èpu miu, asa gꞌana asa kariu. Ka ra pacebꞌa asa mia-mia, ètu dedha rai Israꞌel.","Terkutuklah amarah mereka sebab itu bengis. Aku akan mencerai-beraikan mereka di antara Yakub, dan menyerakkan mereka di antara Israel.”"
menyerakkan,1,"Nèti èèna ka, jaꞌa dhoo bhelu-katubꞌa miu ne, te seli-kolane nga! Dènge nanasa miu dhu dènge boe sasue ciki sa hèi. Ladhe èèna na, miu pasae unu mi, bhelu-katubꞌa miu sèra. Ho èèna na, Lamatua cebꞌe ana-èpu miu, asa gꞌana asa kariu. Ka ra pacebꞌa asa mia-mia, ètu dedha rai Israꞌel.","Terkutuklah amarah mereka sebab itu bengis. Aku akan mencerai-beraikan mereka di antara Yakub, dan menyerakkan mereka di antara Israel.”"
kaupergi,1,"Èu ne, sama sèmi singa ngèru dhu èra, ho tenge ngangaꞌa unu mu. Aa èu ne, sama sèmi singa mone, dhu tèku iisi neo bhèjꞌi; èci sa bani boe pagagai dènge èu. Èu kahèi sèmi singa rena, dhu madhenge ana; èci sa bani boe gagu. Èci èèna ka dènge èu. Dhèu èci sa bani boe padadisi, aa bani boe tao macam-macam mi dedha èu.","Yehuda bagaikan anak singa, dari mangsa kaupergi, anakku. Dia meniarap, dia berbaring bagaikan singa jantan atau singa betina. Siapa yang berani membangunkannya?"
meniarap,1,"Èu ne, sama sèmi singa ngèru dhu èra, ho tenge ngangaꞌa unu mu. Aa èu ne, sama sèmi singa mone, dhu tèku iisi neo bhèjꞌi; èci sa bani boe pagagai dènge èu. Èu kahèi sèmi singa rena, dhu madhenge ana; èci sa bani boe gagu. Èci èèna ka dènge èu. Dhèu èci sa bani boe padadisi, aa bani boe tao macam-macam mi dedha èu.","Yehuda bagaikan anak singa, dari mangsa kaupergi, anakku. Dia meniarap, dia berbaring bagaikan singa jantan atau singa betina. Siapa yang berani membangunkannya?"
takkan,1,"Èèna na èu mèdꞌu paredha. Ana-èpu èu oo rèdꞌu paredha padhutu-dhutu, toke abhu èci dhu hak nèngu risi eele nèti cahagꞌe, ho nèdꞌu paredha na. Ka dhèu aaꞌi-aaꞌi ètu rai-haha neꞌe, pahaha iisi ho nanene lii paredha nèngu hèi.","Tongkat kerajaan takkan beranjak dari Yehuda, begitu juga lambang pemerintahan dari antara kakinya, sampai ketika Shilo datang, dan kepadanyalah bangsa-bangsa akan taat."
beranjak,1,"Èèna na èu mèdꞌu paredha. Ana-èpu èu oo rèdꞌu paredha padhutu-dhutu, toke abhu èci dhu hak nèngu risi eele nèti cahagꞌe, ho nèdꞌu paredha na. Ka dhèu aaꞌi-aaꞌi ètu rai-haha neꞌe, pahaha iisi ho nanene lii paredha nèngu hèi.","Tongkat kerajaan takkan beranjak dari Yehuda, begitu juga lambang pemerintahan dari antara kakinya, sampai ketika Shilo datang, dan kepadanyalah bangsa-bangsa akan taat."
shilo,1,"Èèna na èu mèdꞌu paredha. Ana-èpu èu oo rèdꞌu paredha padhutu-dhutu, toke abhu èci dhu hak nèngu risi eele nèti cahagꞌe, ho nèdꞌu paredha na. Ka dhèu aaꞌi-aaꞌi ètu rai-haha neꞌe, pahaha iisi ho nanene lii paredha nèngu hèi.","Tongkat kerajaan takkan beranjak dari Yehuda, begitu juga lambang pemerintahan dari antara kakinya, sampai ketika Shilo datang, dan kepadanyalah bangsa-bangsa akan taat."
menambatkan,1,"Èèna na, èu ne mamuri dènge karejꞌe-karae. Èu neo ngaa, na abhu. Èu neo tao ngaa, na jꞌajꞌi! Aa ladhe èèna na, badha-manu, dènge isi rai nèti oka-tedhe èu, asa ae dꞌai cebꞌe lebhe eele hèi.",Yang menambatkan keledainya pada pohon anggur dan anak keledainya pada pohon anggur terbaik. Dia mencuci pakaiannya dengan anggur dan jubahnya dengan darah buah anggur.
memerah,1,"Ngangaꞌa-nginu èu, dhu beꞌa hua, aa dhu èle boe.",Matanya memerah karena anggur. Giginya memutih karena susu.”
memutih,1,"Ngangaꞌa-nginu èu, dhu beꞌa hua, aa dhu èle boe.",Matanya memerah karena anggur. Giginya memutih karena susu.”
pesisirnya,1,"Sebolon! Rai pusaka dhu èu unu, kapai seli, nèti nebhe dhasi toke dꞌai too dènge kota Sidon. Kapa-kapa mai nèti mia-mia ho panahu dènge beꞌa ètu dꞌara hèbꞌa-namo dhasi èu.","“Zebulon akan hidup di tepi laut, dan pesisirnya bagi kapal-kapal, dan batasnya akan sampai ke Sidon.”"
batasnya,1,"Sebolon! Rai pusaka dhu èu unu, kapai seli, nèti nebhe dhasi toke dꞌai too dènge kota Sidon. Kapa-kapa mai nèti mia-mia ho panahu dènge beꞌa ètu dꞌara hèbꞌa-namo dhasi èu.","“Zebulon akan hidup di tepi laut, dan pesisirnya bagi kapal-kapal, dan batasnya akan sampai ke Sidon.”"
peristirahatan,1,"Isaskar! Èu ne, sama sèmi keledꞌei dhu èra, te ngaa èu kètu hadhu papake na aadꞌo. Ladhe èu jꞌunu ètu talora jꞌara, dhèu èci sa bisa boe pakèdꞌi èu ho kako taruu. Te ngaa ladhe èu mèdhi rae ètu ca bèka nèi beꞌa, èci sa dhae pua mèka èèna ka, mu pasae mèti le mèdha-panyau èu ho lamu. Tatu èu sama sèmi èèna ka!","“Isakhar bagaikan keledai yang kuat, yang berbaring di antara kedua bebannya. Ketika dia melihat tempat peristirahatan yang baik dan tanah itu menyenangkan, dia membungkukkan bahunya untuk memikul beban, dan menjadi budak kerja paksa.”"
memagut,1,"Aa èu ne, sama èci èèna ka dènge mege kaisao dhu jꞌunu ètu sebhe jꞌara. Dhèu caꞌe jara ho èèna na, èu kadhi haga jara èèna nèti kabodho, toke dhèu manahu sa rai.","Dan akan seperti ular di pinggir jalan. Dia akan seperti ular berbisa di jalan setapak, yang memagut tumit kuda, sehingga yang menunggangnya jatuh ke belakang."
menunggangnya,1,"Aa èu ne, sama èci èèna ka dènge mege kaisao dhu jꞌunu ètu sebhe jꞌara. Dhèu caꞌe jara ho èèna na, èu kadhi haga jara èèna nèti kabodho, toke dhèu manahu sa rai.","Dan akan seperti ular di pinggir jalan. Dia akan seperti ular berbisa di jalan setapak, yang memagut tumit kuda, sehingga yang menunggangnya jatuh ke belakang."
diserang,1,"Gad! Ngara èu, lii na oe èci èèna ka dènge, ‘age’. Ladhe èèna na, dhèu parapo mai age èu, te ngaa èu kabèli hari age si, ka mu segi si.","“Gad akan diserang oleh gerombolan, tetapi dia akan menyerang mereka pada tumitnya.”"
gerombolan,1,"Gad! Ngara èu, lii na oe èci èèna ka dènge, ‘age’. Ladhe èèna na, dhèu parapo mai age èu, te ngaa èu kabèli hari age si, ka mu segi si.","“Gad akan diserang oleh gerombolan, tetapi dia akan menyerang mereka pada tumitnya.”"
santapan,1,"Aser! Ladhe èèna isi rai nèti oka-tedhe èu beꞌa risi, dꞌai èu tao koki dhu beꞌa bia, ka dhèu aae-dhèu kapai mai hèli ètu èu.","“Bagi Asyer, makanannya akan berlimpah, dan dia akan menghidangkan santapan lezat raja.”"
rusa,1,"Naftali! Èu ne sama sèmi rusa hui, dhu dhèu èci sa ator rare boe èu. Ana-ana matana èu, bhèni iia dènge mone iia.","“Naftali bagaikan seekor rusa betina yang terlepas, yang menghasilkan perkataan-perkataan indah.”"
menjalar,1,"Yusuf! Èu ne, sama sèmi ajꞌu loro dhu dètu dènge madha èi. Dadana na loro asa tembok dhu dedha aae.","“Yusuf bagaikan dahan yang penuh buah, dahan penuh buah di dekat mata air, yang ranting-rantingnya menjalar ke tembok."
menyusahkannya,1,"Abhu kahèi dhèu tèka dꞌara dènge èu, sama èci èèna ka, dènge musu dhu neo kataki èu.","Para pemanah menyusahkannya, membidiknya dan membencinya."
membidiknya,1,"Abhu kahèi dhèu tèka dꞌara dènge èu, sama èci èèna ka, dènge musu dhu neo kataki èu.","Para pemanah menyusahkannya, membidiknya dan membencinya."
mahakuasanya,1,"Te ngaa Ama Lamatua dhu jaꞌa mangajꞌi na, bera-bera dènge èu. Ho Na paꞌèra ai èu, ka èu kataki si hari, masi ka nèti kajꞌèu èèna ka. Èu segi si, lula Ama Lamatua dhu tolong èu. Mema koasa Na risi aaꞌi ngaa-ngaa! Nèti èèna ka, Nèngu jꞌajꞌi era sarai jaꞌa, lula Nèngu na ka dhu madhenge jaꞌa.","Namun, busur Yusuf tetap kukuh, dan lengan tangannya dibuat makin kuat, oleh tangan Yang Mahakuasanya Yakub, karena Sang Gembala, Batu Karang Israel."
menolongmu,1,"Aa Nèngu madhenge èu kahèi. Dènge Na pala-bagi hia èu mèngi-nale nèti dedha-liru, nèti rai-haha, dènge berkat ho matana ana ae-ae dhu ngiꞌu èra.","Allah ayahmu akan menolongmu. Semoga Allah Yang Mahakuasa memberkatimu dengan berkat dari surga, berkat-berkat dari kedalaman samudra paling bawah, berkat-berkat dari buah dada dan rahim."
mangsanya,1,"Benyamin! Babani èu sama sèmi busa hui dhu manganga. Madꞌae aae era, na kèdꞌi le èèna, ho bata-magèla badha hui, ho jꞌajꞌi mi ngangaꞌa na. Aa, ladhe dꞌai ka mèda, laꞌe papala dhu sisa hia mi ana-ana nèngu. Babeꞌa ana-èpu èu sèmi èèna kahèi.”","“Benyamin seperti serigala lapar. Pada pagi hari, dia membunuh mangsanya. Pada malam hari, dia membagi-bagikan rampasannya.”"
berkatnya,1,"Sange neꞌe ka, Yakob peka dènge ana-ana na, tasa mera mia mamuri rèngu pala lodꞌo limuri, èci-èci ka dènge ana-èpu rèngu. Rèngu aaꞌi-aaꞌi seꞌe ka, jꞌajꞌi mi bèi-baki nèti canguru dua suku dhèu Israꞌel.","Itulah semua suku Israel, sebanyak dua belas, dan itulah yang telah dikatakan ayahnya kepada mereka, lalu dia pun memberkati mereka. Dia memberkati mereka, masing-masing sesuai dengan berkatnya."
pembelian,1,"De mage mi bhèlu, padhane jaꞌa ètu dꞌara loe dhu baki Abraham ku hèli nare èèna.”",Pembelian ladang dan gua di dalamnya adalah dari keturunan Het.”
memenuhinya,1,"Sasabꞌa tuka lalau ngiꞌu aae ama na, dꞌai èpa nguru lodꞌo, madhutu jꞌara sasabꞌa rèngu. Dhèu Masir aaꞌi-aaꞌi madhutu tangi kahèi mamadhe Yakob neꞌe. Ra beke pidhu nguru lodꞌo, tao sèmi dhèu kapai rèngu madhe.","Dia memenuhinya selama 40 hari karena demikianlah waktu untuk merempah-rempahi jenazah, dan orang-orang Mesir menangisinya selama tujuh puluh hari."
bicaralah,1,"Èle beke pidhu nguru lodꞌo, hèia Yusuf peka dènge dhèu sabꞌa na sèra, “Mi nanene! Mèti ku lii jaꞌa ne asa dhèu aae, peka sèmi neꞌe:","Setelah masa berkabung usai, Yusuf berkata kepada seisi istana Firaun, katanya, “Jika aku mendapat kemurahan di matamu, aku mohon, bicaralah di telinga Firaun,"
kugali,1,"‘Lodꞌo ama ku oe madhe, na moa sèna ka jaꞌa laku padhane ne asa rai Kanaꞌan. De jaꞌa manèngi ho ama dhèu aae hia jaꞌa ijin laku padhane ama ku. Ladhe èle na, jaꞌa lèpa hari mai.’ ”","‘Ayahku telah membuatku bersumpah, katanya: Lihatlah, aku akan mati. Di kuburan yang telah kugali sendiri, di tanah Kanaan, di sanalah kamu harus menguburkanku.’ Oleh karena itu, sekarang, aku mohon, izinkanlah aku pergi dan menguburkan ayahku, lalu aku akan kembali.”"
makhir,1,"Nèngu dꞌai hari nèdhi ana-èpu Efraim kahèi. Aa na leru èpu Manase, nuka ana-ana nèti Makir.","Yusuf masih melihat generasi ketiga dari anak-anak Efraim. Bahkan anak-anak Makhir, anak Manasye, dilahirkan di pangkuan Yusuf."
peti,1,"Èle èèna ka, Yusuf madhe ètu Masir, dènge umur nèngu 110 (cangasu canguru) tèu. Hèia ra tao bubhu mi ngiꞌu aae na. Ka ra tao asa dꞌara kopa.","Jadi, Yusuf mati pada usia 110 tahun dan mereka merempahi-rempahinya, lalu dia diletakkan dalam sebuah peti di Mesir."
